timestamp_local,t2m,rh2m,ws10m,wd10m,ps,ghi,ghi_clear,precip,t2mdew
2024-01-01 00:30:00+05:30,14.19,43.93,0.5,140.6,1005.8,0.0,0.0,0.0,2.08
2024-01-01 01:30:00+05:30,13.61,45.61,0.55,179.0,1005.6,0.0,0.0,0.0,2.11
2024-01-01 02:30:00+05:30,13.06,47.6,0.6,214.8,1005.6,0.0,0.0,0.0,2.2
2024-01-01 03:30:00+05:30,12.48,49.89,0.68,263.3,1005.6999999999999,0.0,0.0,0.0,2.33
2024-01-01 04:30:00+05:30,11.6,53.25,0.89,296.0,1006.2,0.0,0.0,0.0,2.43
2024-01-01 05:30:00+05:30,10.85,56.88,1.09,312.0,1007.0,0.0,0.0,0.0,2.68
2024-01-01 06:30:00+05:30,10.62,58.82,1.17,311.9,1007.9000000000001,6.7,7.35,0.0,2.91
2024-01-01 07:30:00+05:30,12.02,55.59,1.26,307.6,1008.7,45.8,67.55,0.0,3.44
2024-01-01 08:30:00+05:30,13.94,48.65,0.94,306.4,1009.2,89.35,167.93,0.0,3.33
2024-01-01 09:30:00+05:30,17.23,39.31,0.77,308.7,1009.0999999999999,124.97,275.52,0.0,3.28
2024-01-01 10:30:00+05:30,20.62,37.15,1.37,309.4,1008.3,212.32,353.88,0.0,5.49
2024-01-01 11:30:00+05:30,21.95,37.07,1.61,299.0,1007.0999999999999,163.73,224.52,0.0,6.65
2024-01-01 12:30:00+05:30,22.58,37.45,1.9,295.2,1005.9000000000001,165.38,212.02,0.0,7.37
2024-01-01 13:30:00+05:30,22.72,38.84,2.27,293.9,1005.1999999999999,136.48,168.75,0.0,8.03
2024-01-01 14:30:00+05:30,22.29,40.99,2.34,297.8,1004.8000000000001,99.22,112.6,0.0,8.43
2024-01-01 15:30:00+05:30,20.84,49.2,1.49,315.8,1004.5999999999999,49.78,52.38,0.0,9.8
2024-01-01 16:30:00+05:30,18.02,56.09,1.96,342.2,1004.7,9.7,9.8,0.0,9.16
2024-01-01 17:30:00+05:30,16.5,59.3,2.32,355.1,1005.1999999999999,0.0,0.0,0.0,8.57
2024-01-01 18:30:00+05:30,15.71,62.05,2.45,2.3,1005.6999999999999,0.0,0.0,0.0,8.49
2024-01-01 19:30:00+05:30,15.04,64.7,2.49,6.2,1006.1,0.0,0.0,0.0,8.48
2024-01-01 20:30:00+05:30,14.42,67.36,2.49,5.5,1006.3,0.0,0.0,0.0,8.48
2024-01-01 21:30:00+05:30,13.86,69.85,2.45,2.6,1006.4,0.0,0.0,0.0,8.49
2024-01-01 22:30:00+05:30,13.37,72.21,2.36,0.2,1006.2,0.0,0.0,0.0,8.5
2024-01-01 23:30:00+05:30,13.01,74.03,2.18,355.8,1006.1,0.0,0.0,0.0,8.51
2024-01-02 00:30:00+05:30,12.86,74.75,1.88,349.0,1006.0,0.0,0.0,0.0,8.52
2024-01-02 01:30:00+05:30,12.78,75.12,1.55,338.7,1005.6999999999999,0.0,0.0,0.0,8.51
2024-01-02 02:30:00+05:30,12.78,75.1,0.98,317.5,1005.4000000000001,0.0,0.0,0.0,8.51
2024-01-02 03:30:00+05:30,12.39,76.94,0.81,263.6,1005.4000000000001,0.0,0.0,0.0,8.5
2024-01-02 04:30:00+05:30,11.71,80.62,1.16,232.3,1005.8,0.0,0.0,0.0,8.51
2024-01-02 05:30:00+05:30,11.03,84.4,1.46,223.1,1006.5999999999999,0.0,0.0,0.0,8.54
2024-01-02 06:30:00+05:30,10.8,86.01,1.57,221.1,1007.3000000000001,5.45,5.75,0.0,8.57
2024-01-02 07:30:00+05:30,12.79,75.68,1.59,222.4,1007.9000000000001,35.83,53.1,0.0,8.63
2024-01-02 08:30:00+05:30,14.68,67.34,0.97,230.4,1008.5,71.53,132.75,0.0,8.73
2024-01-02 09:30:00+05:30,18.73,53.41,0.4,184.3,1008.6,103.28,219.82,0.0,9.11
2024-01-02 10:30:00+05:30,21.1,48.13,0.11,248.2,1007.8,185.5,283.4,0.14,9.74
2024-01-02 11:30:00+05:30,22.22,46.32,0.65,330.7,1006.5999999999999,298.4,357.88,3.02,10.18
2024-01-02 12:30:00+05:30,22.72,45.99,1.44,340.1,1005.5,293.5,329.25,4.57,10.53
2024-01-02 13:30:00+05:30,22.68,46.82,2.13,344.8,1004.8000000000001,250.52,257.05,6.0,10.76
2024-01-02 14:30:00+05:30,22.17,48.81,2.47,346.6,1004.3000000000001,162.35,167.73,1.79,10.93
2024-01-02 15:30:00+05:30,20.8,55.28,1.94,348.4,1004.0999999999999,73.82,75.9,0.02,11.54
2024-01-02 16:30:00+05:30,17.93,64.09,2.16,354.2,1004.3000000000001,13.48,13.77,0.0,11.08
2024-01-02 17:30:00+05:30,16.55,68.61,2.33,2.0,1004.7,0.0,0.0,0.0,10.78
2024-01-02 18:30:00+05:30,16.04,70.55,2.21,9.4,1005.1,0.0,0.0,0.0,10.72
2024-01-02 19:30:00+05:30,15.7,71.76,2.01,12.7,1005.4000000000001,0.0,0.0,0.0,10.66
2024-01-02 20:30:00+05:30,15.44,72.71,1.85,9.0,1005.6999999999999,0.0,0.0,0.0,10.59
2024-01-02 21:30:00+05:30,15.17,73.62,1.7,7.1,1005.6999999999999,0.0,0.0,0.0,10.52
2024-01-02 22:30:00+05:30,14.93,74.28,1.5,10.3,1005.5,0.0,0.0,0.0,10.42
2024-01-02 23:30:00+05:30,14.65,75.13,1.34,20.6,1005.3,0.0,0.0,0.0,10.32
2024-01-03 00:30:00+05:30,14.29,76.31,1.23,40.7,1005.1999999999999,0.0,0.0,0.0,10.21
2024-01-03 01:30:00+05:30,13.79,78.21,1.26,59.6,1005.1,0.0,0.0,0.01,10.08
2024-01-03 02:30:00+05:30,13.11,81.22,1.46,75.8,1005.0,0.0,0.0,0.01,9.98
2024-01-03 03:30:00+05:30,12.35,85.04,1.74,90.3,1005.1,0.0,0.0,0.01,9.91
2024-01-03 04:30:00+05:30,11.75,88.64,1.98,100.5,1005.6999999999999,0.0,0.0,0.1,9.93
2024-01-03 05:30:00+05:30,11.39,91.56,2.1,109.5,1006.5,0.0,0.0,0.47,10.07
2024-01-03 06:30:00+05:30,11.44,92.89,2.02,117.1,1007.4,3.3,6.03,1.73,10.33
2024-01-03 07:30:00+05:30,13.49,84.35,2.24,124.6,1008.1,27.7,56.05,9.24,10.92
2024-01-03 08:30:00+05:30,15.04,79.43,2.21,122.3,1008.7,58.6,139.43,1.13,11.53
2024-01-03 09:30:00+05:30,17.51,68.74,2.36,114.8,1008.7,98.7,231.55,0.1,11.73
2024-01-03 10:30:00+05:30,20.45,56.88,2.58,117.8,1007.5,96.07,305.12,0.46,11.64
2024-01-03 11:30:00+05:30,22.46,50.75,2.07,119.8,1006.1,103.72,279.48,3.65,11.77
2024-01-03 12:30:00+05:30,23.59,48.04,1.48,102.4,1004.7,115.43,267.9,3.19,11.99
2024-01-03 13:30:00+05:30,24.09,47.1,1.52,73.1,1003.5,139.32,218.12,1.87,12.14
2024-01-03 14:30:00+05:30,24.12,47.24,1.9,58.2,1002.6999999999999,80.43,144.77,0.73,12.23
2024-01-03 15:30:00+05:30,22.83,54.37,1.62,47.7,1002.5,45.12,68.85,0.14,13.16
2024-01-03 16:30:00+05:30,19.54,63.81,2.23,39.2,1002.6,7.78,13.2,0.33,12.53
2024-01-03 17:30:00+05:30,17.88,68.34,2.55,40.1,1003.1,0.0,0.0,0.43,12.0
2024-01-03 18:30:00+05:30,17.19,71.43,2.57,41.4,1003.7,0.0,0.0,0.49,12.01
2024-01-03 19:30:00+05:30,16.62,74.11,2.52,42.4,1004.4,0.0,0.0,1.55,12.02
2024-01-03 20:30:00+05:30,16.13,76.5,2.44,42.8,1005.0,0.0,0.0,1.76,12.03
2024-01-03 21:30:00+05:30,15.68,78.74,2.33,46.9,1005.1,0.0,0.0,2.02,12.02
2024-01-03 22:30:00+05:30,15.24,80.89,2.2,53.7,1004.9,0.0,0.0,1.28,12.01
2024-01-03 23:30:00+05:30,14.87,82.63,2.05,61.4,1004.5999999999999,0.0,0.0,1.23,11.98
2024-01-04 00:30:00+05:30,14.48,84.62,1.95,70.5,1004.4,0.0,0.0,0.74,11.95
2024-01-04 01:30:00+05:30,14.32,85.4,1.7,75.7,1004.4,0.0,0.0,0.39,11.94
2024-01-04 02:30:00+05:30,14.07,86.78,1.55,81.1,1004.0999999999999,0.0,0.0,0.12,11.92
2024-01-04 03:30:00+05:30,13.97,87.64,1.4,83.4,1004.2,0.0,0.0,0.02,11.97
2024-01-04 04:30:00+05:30,14.12,86.86,1.08,80.4,1005.0,0.0,0.0,0.05,12.0
2024-01-04 05:30:00+05:30,13.98,87.73,1.0,69.6,1005.8,0.0,0.0,0.21,12.0
2024-01-04 06:30:00+05:30,13.9,88.48,0.96,45.8,1006.8000000000001,4.68,6.3,0.59,12.05
2024-01-04 07:30:00+05:30,14.53,85.79,1.36,39.9,1007.6999999999999,31.2,61.28,0.57,12.19
2024-01-04 08:30:00+05:30,14.86,84.81,1.61,46.0,1008.5,60.42,155.12,1.73,12.34
2024-01-04 09:30:00+05:30,15.83,81.29,1.67,54.0,1008.6,63.08,259.95,2.02,12.65
2024-01-04 10:30:00+05:30,16.84,77.6,1.71,57.9,1007.9000000000001,90.2,344.33,0.92,12.93
2024-01-04 11:30:00+05:30,17.82,73.71,1.3,66.0,1006.8000000000001,78.43,215.98,4.02,13.09
2024-01-04 12:30:00+05:30,18.93,69.34,0.79,69.3,1005.8,78.3,211.1,6.65,13.22
2024-01-04 13:30:00+05:30,20.45,63.37,0.29,36.5,1004.9,71.72,174.98,4.26,13.28
2024-01-04 14:30:00+05:30,21.03,61.04,0.65,24.6,1004.2,56.85,118.55,0.33,13.26
2024-01-04 15:30:00+05:30,20.57,63.43,1.1,46.8,1003.8,34.33,58.22,0.0,13.42
2024-01-04 16:30:00+05:30,18.24,72.88,1.43,61.6,1004.0,9.82,11.85,0.0,13.32
2024-01-04 17:30:00+05:30,16.61,79.3,1.79,69.4,1004.3000000000001,0.0,0.0,0.0,13.05
2024-01-04 18:30:00+05:30,15.87,83.06,1.84,69.6,1004.5,0.0,0.0,0.0,13.02
2024-01-04 19:30:00+05:30,15.68,83.91,1.55,70.7,1004.7,0.0,0.0,0.0,13.0
2024-01-04 20:30:00+05:30,15.57,84.52,1.23,75.9,1004.9,0.0,0.0,0.0,13.0
2024-01-04 21:30:00+05:30,15.28,86.13,0.9,78.4,1005.1,0.0,0.0,0.0,13.0
2024-01-04 22:30:00+05:30,15.38,85.58,0.66,79.5,1005.1,0.0,0.0,0.0,13.01
2024-01-04 23:30:00+05:30,15.04,87.57,0.51,93.4,1005.1999999999999,0.0,0.0,0.0,13.02
2024-01-05 00:30:00+05:30,14.56,90.42,0.52,110.2,1005.1,0.0,0.0,0.01,13.04
2024-01-05 01:30:00+05:30,13.92,94.43,0.62,137.0,1004.9,0.0,0.0,0.05,13.06
2024-01-05 02:30:00+05:30,13.06,99.87,0.79,161.6,1005.0,0.0,0.0,0.31,13.06
2024-01-05 03:30:00+05:30,12.74,100.0,0.93,167.6,1005.0,0.0,0.0,1.28,12.92
2024-01-05 04:30:00+05:30,12.59,100.0,0.93,164.5,1005.6,0.0,0.0,4.71,12.73
2024-01-05 05:30:00+05:30,12.46,100.0,0.8,152.5,1006.2,0.0,0.0,7.02,12.55
2024-01-05 06:30:00+05:30,12.52,99.27,0.84,126.7,1007.0,3.47,5.1,7.18,12.43
2024-01-05 07:30:00+05:30,13.81,92.94,1.17,108.0,1007.9000000000001,25.45,49.62,7.18,12.72
2024-01-05 08:30:00+05:30,15.75,85.21,1.66,100.1,1008.7,52.38,123.53,2.44,13.3
2024-01-05 09:30:00+05:30,17.97,75.89,2.06,99.5,1008.8,77.28,203.95,3.84,13.68
2024-01-05 10:30:00+05:30,19.62,68.81,2.07,98.1,1007.9000000000001,63.3,267.08,5.63,13.77
2024-01-05 11:30:00+05:30,20.81,64.11,2.0,98.9,1006.5999999999999,94.5,283.4,4.93,13.8
2024-01-05 12:30:00+05:30,21.55,61.37,1.78,91.9,1005.3,72.45,266.98,2.42,13.84
2024-01-05 13:30:00+05:30,22.0,59.47,1.39,73.3,1004.5,61.42,215.5,0.55,13.78
2024-01-05 14:30:00+05:30,21.89,59.48,1.55,41.6,1004.0,45.1,143.18,0.08,13.68
2024-01-05 15:30:00+05:30,20.83,64.25,2.03,20.1,1004.0,24.95,68.93,0.01,13.86
2024-01-05 16:30:00+05:30,18.73,75.66,1.88,4.0,1004.5,4.72,13.52,0.02,14.37
2024-01-05 17:30:00+05:30,17.54,82.5,2.19,357.6,1005.5,0.0,0.0,0.04,14.56
2024-01-05 18:30:00+05:30,16.8,87.28,2.13,7.6,1006.4,0.0,0.0,0.05,14.71
2024-01-05 19:30:00+05:30,16.34,90.08,2.01,27.8,1006.8000000000001,0.0,0.0,0.06,14.74
2024-01-05 20:30:00+05:30,15.95,92.45,1.51,42.3,1006.9,0.0,0.0,0.05,14.74
2024-01-05 21:30:00+05:30,15.73,93.77,1.16,50.3,1007.0,0.0,0.0,0.15,14.75
2024-01-05 22:30:00+05:30,15.59,94.71,0.93,44.6,1007.0999999999999,0.0,0.0,0.47,14.77
2024-01-05 23:30:00+05:30,15.46,95.42,0.78,24.9,1007.0999999999999,0.0,0.0,1.37,14.75
2024-01-06 00:30:00+05:30,15.18,96.57,0.85,23.6,1006.9,0.0,0.0,2.89,14.66
2024-01-06 01:30:00+05:30,14.89,97.6,1.07,24.2,1006.5,0.0,0.0,4.37,14.55
2024-01-06 02:30:00+05:30,14.66,98.25,1.3,33.1,1006.1,0.0,0.0,4.79,14.41
2024-01-06 03:30:00+05:30,14.34,99.02,1.54,47.1,1005.9000000000001,0.0,0.0,4.41,14.21
2024-01-06 04:30:00+05:30,13.83,100.0,1.8,57.0,1006.1,0.0,0.0,5.55,13.93
2024-01-06 05:30:00+05:30,13.4,100.0,1.94,67.3,1006.5,0.0,0.0,7.15,13.65
2024-01-06 06:30:00+05:30,13.62,99.78,1.82,76.3,1007.0999999999999,2.55,5.62,5.37,13.62
2024-01-06 07:30:00+05:30,15.07,93.53,2.5,89.3,1008.0,17.1,56.15,2.51,14.06
2024-01-06 08:30:00+05:30,16.38,88.83,2.24,109.3,1008.9,32.83,142.52,0.0,14.56
2024-01-06 09:30:00+05:30,18.24,80.42,2.06,134.2,1008.9,42.45,239.95,0.0,14.84
2024-01-06 10:30:00+05:30,20.18,70.39,1.7,161.9,1008.0,70.75,317.9,0.0,14.64
2024-01-06 11:30:00+05:30,21.81,62.02,1.41,206.6,1006.9,38.35,185.52,0.0,14.25
2024-01-06 12:30:00+05:30,22.92,56.88,1.68,252.3,1005.6999999999999,46.12,181.07,0.0,13.96
2024-01-06 13:30:00+05:30,23.34,54.78,2.25,283.4,1004.7,40.7,149.6,0.0,13.77
2024-01-06 14:30:00+05:30,23.27,54.83,3.05,305.5,1004.3000000000001,22.83,101.15,0.0,13.71
2024-01-06 15:30:00+05:30,22.08,59.19,3.58,323.7,1004.5999999999999,14.65,50.17,0.0,13.78
2024-01-06 16:30:00+05:30,20.12,67.88,3.34,341.5,1005.1999999999999,4.15,10.68,0.0,14.03
2024-01-06 17:30:00+05:30,18.69,73.45,3.9,352.9,1006.1,0.0,0.0,0.0,13.87
2024-01-06 18:30:00+05:30,17.7,77.44,3.57,358.9,1006.9,0.0,0.0,0.0,13.72
2024-01-06 19:30:00+05:30,16.77,81.26,2.77,0.6,1007.5,0.0,0.0,0.0,13.57
2024-01-06 20:30:00+05:30,15.91,85.06,2.06,357.2,1007.6999999999999,0.0,0.0,0.0,13.43
2024-01-06 21:30:00+05:30,15.1,88.66,1.85,348.4,1007.6999999999999,0.0,0.0,0.0,13.27
2024-01-06 22:30:00+05:30,14.48,91.58,1.82,338.1,1007.4,0.0,0.0,0.0,13.15
2024-01-06 23:30:00+05:30,13.91,94.71,1.82,328.5,1007.3000000000001,0.0,0.0,0.0,13.11
2024-01-07 00:30:00+05:30,13.33,98.24,1.89,321.4,1007.2,0.0,0.0,0.0,13.08
2024-01-07 01:30:00+05:30,12.75,100.0,2.02,320.6,1007.0999999999999,0.0,0.0,0.0,13.05
2024-01-07 02:30:00+05:30,12.25,100.0,2.07,326.6,1007.0999999999999,0.0,0.0,0.0,12.99
2024-01-07 03:30:00+05:30,11.79,100.0,2.09,335.6,1007.3000000000001,0.0,0.0,0.0,12.89
2024-01-07 04:30:00+05:30,11.42,100.0,2.08,344.4,1007.8,0.0,0.0,0.0,12.63
2024-01-07 05:30:00+05:30,11.1,100.0,2.03,352.9,1008.5,0.0,0.0,0.0,12.35
2024-01-07 06:30:00+05:30,11.27,100.0,1.81,3.5,1009.3000000000001,5.68,5.9,0.0,12.07
2024-01-07 07:30:00+05:30,13.67,88.98,1.97,15.0,1010.1,50.55,59.5,0.0,11.92
2024-01-07 08:30:00+05:30,16.49,74.86,1.44,27.6,1010.9000000000001,118.1,153.02,0.0,12.03
2024-01-07 09:30:00+05:30,19.9,61.33,0.95,22.8,1011.0,179.75,250.48,0.0,12.27
2024-01-07 10:30:00+05:30,22.16,52.43,0.74,294.8,1010.1,265.83,332.17,0.0,12.0
2024-01-07 11:30:00+05:30,23.58,46.23,1.63,279.9,1008.8,405.8,504.23,0.0,11.4
2024-01-07 12:30:00+05:30,24.2,43.1,2.15,284.8,1007.6,332.42,480.2,0.0,10.91
2024-01-07 13:30:00+05:30,24.31,41.57,2.4,291.2,1006.5999999999999,242.8,396.45,0.0,10.45
2024-01-07 14:30:00+05:30,24.12,41.0,2.59,298.6,1006.0,173.6,276.75,0.0,10.08
2024-01-07 15:30:00+05:30,23.1,43.99,2.41,308.3,1005.8,81.22,134.85,0.0,10.21
2024-01-07 16:30:00+05:30,19.47,59.98,2.13,324.4,1005.8,15.95,26.02,0.0,11.52
2024-01-07 17:30:00+05:30,17.32,62.9,2.57,332.1,1005.9000000000001,0.0,0.0,0.0,10.22
2024-01-07 18:30:00+05:30,16.37,64.6,2.68,334.6,1006.2,0.0,0.0,0.0,9.72
2024-01-07 19:30:00+05:30,15.52,66.31,2.72,333.6,1006.5999999999999,0.0,0.0,0.0,9.29
2024-01-07 20:30:00+05:30,14.75,67.79,2.76,330.9,1006.8000000000001,0.0,0.0,0.0,8.87
2024-01-07 21:30:00+05:30,14.08,69.0,2.76,327.9,1006.9,0.0,0.0,0.0,8.5
2024-01-07 22:30:00+05:30,13.44,70.27,2.76,326.4,1007.0,0.0,0.0,0.0,8.17
2024-01-07 23:30:00+05:30,12.84,71.68,2.74,326.8,1007.0,0.0,0.0,0.0,7.88
2024-01-08 00:30:00+05:30,12.25,73.28,2.66,328.2,1007.0999999999999,0.0,0.0,0.0,7.63
2024-01-08 01:30:00+05:30,11.67,74.97,2.56,329.4,1007.2,0.0,0.0,0.0,7.4
2024-01-08 02:30:00+05:30,11.12,76.55,2.37,332.4,1007.3000000000001,0.0,0.0,0.0,7.17
2024-01-08 03:30:00+05:30,10.63,77.71,2.13,337.0,1007.4,0.0,0.0,0.0,6.93
2024-01-08 04:30:00+05:30,10.34,77.86,1.83,341.2,1007.8,0.0,0.0,0.0,6.68
2024-01-08 05:30:00+05:30,10.31,76.91,1.47,344.2,1008.5,0.0,0.0,0.0,6.46
2024-01-08 06:30:00+05:30,10.52,75.4,1.08,347.8,1009.4,8.4,9.65,0.0,6.38
2024-01-08 07:30:00+05:30,12.26,66.91,0.79,353.4,1010.4000000000001,91.45,103.6,0.0,6.32
2024-01-08 08:30:00+05:30,14.62,58.29,0.2,2.9,1011.2,214.52,250.73,0.0,6.55
2024-01-08 09:30:00+05:30,19.75,45.78,0.58,312.2,1011.5,355.27,395.02,0.0,7.75
2024-01-08 10:30:00+05:30,22.75,40.55,1.26,310.2,1010.6,489.0,497.27,0.0,8.67
2024-01-08 11:30:00+05:30,24.28,37.15,1.56,314.7,1009.4,495.52,500.98,0.0,8.74
2024-01-08 12:30:00+05:30,25.27,34.57,1.83,315.7,1008.1,471.6,476.02,0.0,8.57
2024-01-08 13:30:00+05:30,25.69,33.26,2.01,318.6,1007.4,381.2,382.7,0.0,8.36
2024-01-08 14:30:00+05:30,25.17,33.88,2.2,323.7,1006.8000000000001,263.12,264.65,0.0,8.18
2024-01-08 15:30:00+05:30,23.85,40.83,1.73,330.6,1006.5,149.57,150.6,0.0,9.68
2024-01-08 16:30:00+05:30,20.79,52.18,1.75,339.6,1006.3,27.1,27.25,0.0,10.62
2024-01-08 17:30:00+05:30,19.35,51.63,1.88,343.0,1006.5,0.0,0.0,0.0,9.16
2024-01-08 18:30:00+05:30,18.58,52.69,1.9,343.2,1006.9,0.0,0.0,0.0,8.75
2024-01-08 19:30:00+05:30,17.82,53.88,1.92,340.5,1007.4,0.0,0.0,0.0,8.38
2024-01-08 20:30:00+05:30,17.26,54.44,1.85,334.0,1007.5,0.0,0.0,0.0,8.02
2024-01-08 21:30:00+05:30,16.91,54.16,1.67,324.5,1007.5,0.0,0.0,0.0,7.6
2024-01-08 22:30:00+05:30,16.5,54.73,1.51,313.7,1007.5,0.0,0.0,0.0,7.38
2024-01-08 23:30:00+05:30,16.03,56.13,1.33,303.7,1007.5,0.0,0.0,0.0,7.31
2024-01-09 00:30:00+05:30,15.56,57.67,1.12,294.3,1007.5,0.0,0.0,0.0,7.28
2024-01-09 01:30:00+05:30,15.47,57.81,0.97,284.3,1007.3000000000001,0.0,0.0,0.0,7.22
2024-01-09 02:30:00+05:30,14.89,59.99,0.94,279.2,1007.0,0.0,0.0,0.0,7.22
2024-01-09 03:30:00+05:30,13.92,63.96,1.01,280.3,1006.7,0.0,0.0,0.0,7.24
2024-01-09 04:30:00+05:30,13.35,66.38,1.03,283.0,1006.8000000000001,0.0,0.0,0.0,7.24
2024-01-09 05:30:00+05:30,13.15,67.06,0.86,280.7,1007.0999999999999,0.0,0.0,0.0,7.2
2024-01-09 06:30:00+05:30,13.38,66.71,0.59,252.2,1007.5,8.65,9.25,0.0,7.33
2024-01-09 07:30:00+05:30,14.63,63.66,0.74,206.6,1007.9000000000001,78.85,96.32,0.0,7.82
2024-01-09 08:30:00+05:30,16.78,55.76,0.7,191.5,1008.6,170.25,235.73,0.0,7.91
2024-01-09 09:30:00+05:30,21.35,42.95,0.43,222.2,1008.8,245.2,366.7,0.0,8.28
2024-01-09 10:30:00+05:30,23.78,39.65,0.94,282.3,1008.1999999999999,345.75,459.23,0.0,9.27
2024-01-09 11:30:00+05:30,25.02,38.14,1.41,292.6,1007.0999999999999,325.48,391.55,0.0,9.81
2024-01-09 12:30:00+05:30,25.72,37.42,1.71,296.0,1006.2,296.17,350.58,0.0,10.14
2024-01-09 13:30:00+05:30,25.89,37.66,1.97,301.3,1005.6999999999999,258.48,264.83,0.0,10.38
2024-01-09 14:30:00+05:30,25.5,38.87,2.21,308.7,1005.5,160.9,165.02,0.0,10.52
2024-01-09 15:30:00+05:30,24.38,44.64,1.86,320.2,1005.1999999999999,82.3,83.45,0.0,11.55
2024-01-09 16:30:00+05:30,21.07,57.7,2.06,339.8,1005.3,16.15,16.55,0.0,12.42
2024-01-09 17:30:00+05:30,19.23,59.45,2.56,347.4,1005.8,0.0,0.0,0.0,11.16
2024-01-09 18:30:00+05:30,18.44,60.16,2.72,349.6,1006.4,0.0,0.0,0.0,10.6
2024-01-09 19:30:00+05:30,18.01,60.04,2.66,348.5,1006.8000000000001,0.0,0.0,0.0,10.16
2024-01-09 20:30:00+05:30,17.63,59.91,2.44,345.1,1006.8000000000001,0.0,0.0,0.0,9.78
2024-01-09 21:30:00+05:30,17.13,60.26,2.28,337.3,1006.5999999999999,0.0,0.0,0.0,9.39
2024-01-09 22:30:00+05:30,16.68,60.39,2.29,328.4,1006.3,0.0,0.0,0.0,9.0
2024-01-09 23:30:00+05:30,16.17,61.07,2.44,319.7,1006.3,0.0,0.0,0.0,8.69
2024-01-10 00:30:00+05:30,15.66,62.1,2.96,312.5,1006.4,0.0,0.0,0.0,8.46
2024-01-10 01:30:00+05:30,15.18,63.96,3.59,309.5,1006.5,0.0,0.0,0.0,8.44
2024-01-10 02:30:00+05:30,14.73,66.41,3.96,308.2,1006.3,0.0,0.0,0.0,8.58
2024-01-10 03:30:00+05:30,14.29,69.2,3.86,305.0,1006.2,0.0,0.0,0.0,8.76
2024-01-10 04:30:00+05:30,13.93,71.85,3.67,298.4,1006.3,0.0,0.0,0.0,8.97
2024-01-10 05:30:00+05:30,13.55,74.93,3.59,289.2,1006.8000000000001,0.0,0.0,0.0,9.21
2024-01-10 06:30:00+05:30,13.07,78.63,3.67,281.5,1007.2,7.35,8.07,0.0,9.46
2024-01-10 07:30:00+05:30,13.84,76.53,4.36,278.0,1007.6999999999999,57.53,87.22,0.0,9.81
2024-01-10 08:30:00+05:30,15.83,69.22,4.65,278.4,1008.1999999999999,122.03,223.02,0.0,10.24
2024-01-10 09:30:00+05:30,18.12,61.34,4.77,280.9,1008.3,167.73,361.6,0.0,10.6
2024-01-10 10:30:00+05:30,20.27,53.87,4.97,283.5,1007.4,201.3,461.58,0.0,10.64
2024-01-10 11:30:00+05:30,21.77,47.46,5.21,286.0,1006.0,186.88,412.6,0.0,10.13
2024-01-10 12:30:00+05:30,22.86,41.66,5.41,288.5,1004.8000000000001,179.62,412.2,0.0,9.18
2024-01-10 13:30:00+05:30,23.37,37.3,5.43,290.1,1003.8,194.93,351.42,0.0,8.0
2024-01-10 14:30:00+05:30,23.13,34.89,5.38,290.7,1003.5,133.75,241.77,0.0,6.8
2024-01-10 15:30:00+05:30,22.06,35.12,4.82,290.5,1003.5,79.85,125.45,0.0,5.96
2024-01-10 16:30:00+05:30,18.53,46.18,2.91,288.4,1004.0,20.55,27.2,0.0,6.78
2024-01-10 17:30:00+05:30,16.15,51.89,3.05,286.2,1004.7,0.0,0.0,0.0,6.28
2024-01-10 18:30:00+05:30,15.19,53.36,3.07,285.5,1005.5,0.0,0.0,0.0,5.81
2024-01-10 19:30:00+05:30,14.28,55.24,3.07,286.5,1006.0,0.0,0.0,0.0,5.46
2024-01-10 20:30:00+05:30,13.43,57.25,3.02,288.0,1006.4,0.0,0.0,0.0,5.18
2024-01-10 21:30:00+05:30,12.67,59.08,2.96,288.1,1006.5999999999999,0.0,0.0,0.0,4.92
2024-01-10 22:30:00+05:30,11.96,60.75,2.87,286.4,1006.4,0.0,0.0,0.0,4.64
2024-01-10 23:30:00+05:30,11.3,62.25,2.75,284.7,1006.3,0.0,0.0,0.0,4.35
2024-01-11 00:30:00+05:30,10.68,63.88,2.66,284.8,1006.5,0.0,0.0,0.0,4.16
2024-01-11 01:30:00+05:30,10.12,65.56,2.54,286.4,1006.8000000000001,0.0,0.0,0.0,3.99
2024-01-11 02:30:00+05:30,9.53,67.27,2.46,288.7,1007.0,0.0,0.0,0.0,3.8
2024-01-11 03:30:00+05:30,8.94,68.87,2.39,290.3,1007.0,0.0,0.0,0.0,3.56
2024-01-11 04:30:00+05:30,8.44,70.1,2.24,289.8,1007.3000000000001,0.0,0.0,0.0,3.33
2024-01-11 05:30:00+05:30,8.03,71.39,2.08,287.0,1008.0,0.0,0.0,0.0,3.19
2024-01-11 06:30:00+05:30,8.1,71.1,1.88,281.7,1008.7,10.05,14.07,0.0,3.18
2024-01-11 07:30:00+05:30,10.89,59.59,2.31,276.0,1009.4,81.65,162.88,0.0,3.37
2024-01-11 08:30:00+05:30,13.89,49.16,2.02,275.4,1010.1,175.48,363.95,0.0,3.42
2024-01-11 09:30:00+05:30,18.75,30.47,2.74,296.5,1010.3,263.0,537.2,0.0,1.07
2024-01-11 10:30:00+05:30,20.95,25.13,3.17,301.2,1009.5,402.75,655.42,0.0,0.29
2024-01-11 11:30:00+05:30,22.28,22.6,3.6,303.6,1008.1,533.95,633.3,0.0,-0.04
2024-01-11 12:30:00+05:30,23.2,20.83,3.9,303.6,1006.8000000000001,598.15,613.6,0.0,-0.39
2024-01-11 13:30:00+05:30,23.55,19.99,4.07,301.9,1006.0,520.08,520.08,0.0,-0.68
2024-01-11 14:30:00+05:30,23.13,20.1,4.14,299.0,1005.6,375.8,376.25,0.0,-0.94
2024-01-11 15:30:00+05:30,21.75,23.34,3.37,296.8,1005.4000000000001,207.23,207.95,0.0,-0.1
2024-01-11 16:30:00+05:30,17.01,40.05,2.69,297.7,1005.5,43.25,43.42,0.0,3.36
2024-01-11 17:30:00+05:30,14.62,42.83,2.96,299.6,1005.9000000000001,0.0,0.0,0.0,2.16
2024-01-11 18:30:00+05:30,13.75,43.9,2.92,299.7,1006.4,0.0,0.0,0.0,1.71
2024-01-11 19:30:00+05:30,13.1,44.44,2.83,297.4,1006.9,0.0,0.0,0.0,1.3
2024-01-11 20:30:00+05:30,12.7,44.42,2.65,294.5,1007.2,0.0,0.0,0.0,0.92
2024-01-11 21:30:00+05:30,12.45,43.93,2.43,290.7,1007.0999999999999,0.0,0.0,0.0,0.54
2024-01-11 22:30:00+05:30,12.04,44.2,2.27,285.3,1006.8000000000001,0.0,0.0,0.0,0.24
2024-01-11 23:30:00+05:30,11.44,45.37,2.2,279.7,1006.4,0.0,0.0,0.0,0.05
2024-01-12 00:30:00+05:30,10.71,47.13,2.19,274.7,1006.4,0.0,0.0,0.0,-0.09
2024-01-12 01:30:00+05:30,9.7,50.02,2.3,270.5,1006.3,0.0,0.0,0.0,-0.19
2024-01-12 02:30:00+05:30,8.55,53.62,2.5,271.1,1006.4,0.0,0.0,0.0,-0.28
2024-01-12 03:30:00+05:30,7.52,57.22,2.69,277.9,1006.5,0.0,0.0,0.0,-0.36
2024-01-12 04:30:00+05:30,6.78,60.06,2.76,284.3,1007.0999999999999,0.0,0.0,0.0,-0.41
2024-01-12 05:30:00+05:30,6.26,62.3,2.64,287.6,1007.8,0.0,0.0,0.0,-0.39
2024-01-12 06:30:00+05:30,6.36,62.74,2.35,284.0,1008.3,5.32,12.27,0.0,-0.21
2024-01-12 07:30:00+05:30,9.68,51.28,2.51,272.3,1008.7,50.53,138.88,0.0,0.15
2024-01-12 08:30:00+05:30,12.39,43.51,2.01,252.0,1009.0,123.1,327.33,0.0,0.34
2024-01-12 09:30:00+05:30,17.16,30.74,1.85,262.2,1008.9,184.77,496.52,0.0,-0.2
2024-01-12 10:30:00+05:30,19.94,24.43,2.36,276.8,1008.1999999999999,252.05,614.0,0.0,-0.94
2024-01-12 11:30:00+05:30,21.45,21.61,2.85,288.6,1007.3000000000001,274.2,581.12,0.0,-1.36
2024-01-12 12:30:00+05:30,22.47,19.28,3.22,300.9,1006.5999999999999,354.92,563.88,0.0,-2.04
2024-01-12 13:30:00+05:30,22.81,18.19,3.55,310.8,1006.3,335.75,479.08,0.0,-2.52
2024-01-12 14:30:00+05:30,22.34,18.53,3.69,316.1,1006.0,282.95,349.12,0.0,-2.65
2024-01-12 15:30:00+05:30,20.9,23.42,2.85,317.7,1005.6999999999999,160.43,181.35,0.0,-0.85
2024-01-12 16:30:00+05:30,16.31,39.29,2.59,319.5,1005.8,38.33,38.58,0.0,2.44
2024-01-12 17:30:00+05:30,14.27,40.55,2.76,317.9,1006.1,0.0,0.0,0.0,1.09
2024-01-12 18:30:00+05:30,13.51,41.37,2.75,316.6,1006.3,0.0,0.0,0.0,0.68
2024-01-12 19:30:00+05:30,12.7,42.53,2.81,316.3,1006.5,0.0,0.0,0.0,0.33
2024-01-12 20:30:00+05:30,11.93,43.83,2.85,314.3,1006.7,0.0,0.0,0.0,0.02
2024-01-12 21:30:00+05:30,11.14,45.09,2.91,310.5,1006.9,0.0,0.0,0.0,-0.28
2024-01-12 22:30:00+05:30,10.68,45.47,2.73,308.5,1006.5,0.0,0.0,0.0,-0.6
2024-01-12 23:30:00+05:30,10.7,44.26,2.3,306.5,1006.0,0.0,0.0,0.0,-0.94
2024-01-13 00:30:00+05:30,10.82,43.03,1.82,299.0,1005.6,0.0,0.0,0.0,-1.23
2024-01-13 01:30:00+05:30,10.34,44.03,1.6,283.3,1005.3,0.0,0.0,0.0,-1.35
2024-01-13 02:30:00+05:30,9.39,46.64,1.75,271.3,1005.1,0.0,0.0,0.0,-1.44
2024-01-13 03:30:00+05:30,8.26,50.04,2.04,262.9,1004.9,0.0,0.0,0.0,-1.51
2024-01-13 04:30:00+05:30,7.14,53.55,2.39,258.4,1005.1,0.0,0.0,0.0,-1.61
2024-01-13 05:30:00+05:30,6.29,56.48,2.73,256.0,1005.8,0.0,0.0,0.0,-1.7
2024-01-13 06:30:00+05:30,6.43,56.48,2.91,255.9,1006.5,5.45,12.27,0.0,-1.57
2024-01-13 07:30:00+05:30,10.51,43.62,3.67,258.2,1007.3000000000001,70.45,145.52,0.0,-1.32
2024-01-13 08:30:00+05:30,13.73,35.21,3.19,261.0,1008.1999999999999,154.0,340.08,0.0,-1.32
2024-01-13 09:30:00+05:30,17.67,27.05,3.02,279.5,1008.7,232.82,512.17,0.0,-1.49
2024-01-13 10:30:00+05:30,20.76,21.84,3.58,299.3,1008.1,431.27,629.65,0.0,-1.78
2024-01-13 11:30:00+05:30,22.44,19.56,3.69,307.4,1006.9,505.65,585.55,0.0,-1.87
2024-01-13 12:30:00+05:30,23.48,18.01,3.78,312.2,1005.8,553.08,567.33,0.0,-2.14
2024-01-13 13:30:00+05:30,23.85,17.22,3.63,315.3,1005.0,471.08,482.92,0.0,-2.4
2024-01-13 14:30:00+05:30,23.35,17.57,3.45,317.2,1004.5,347.15,353.62,0.0,-2.56
2024-01-13 15:30:00+05:30,21.55,24.98,2.39,319.2,1004.5999999999999,181.02,184.48,0.0,0.49
2024-01-13 16:30:00+05:30,17.28,37.39,2.31,327.2,1004.8000000000001,39.75,39.85,0.0,2.62
2024-01-13 17:30:00+05:30,15.58,36.61,2.38,332.3,1005.4000000000001,0.0,0.0,0.0,0.83
2024-01-13 18:30:00+05:30,15.09,36.2,2.2,336.9,1005.9000000000001,0.0,0.0,0.0,0.21
2024-01-13 19:30:00+05:30,15.13,36.02,1.88,344.6,1006.1,0.0,0.0,0.0,0.21
2024-01-13 20:30:00+05:30,14.85,36.02,1.64,354.4,1006.3,0.0,0.0,0.0,-0.07
2024-01-13 21:30:00+05:30,14.48,36.69,1.38,2.1,1006.2,0.0,0.0,0.0,-0.16
2024-01-13 22:30:00+05:30,14.08,37.65,1.12,4.6,1006.0,0.0,0.0,0.0,-0.15
2024-01-13 23:30:00+05:30,14.11,36.76,0.73,12.7,1005.6999999999999,0.0,0.0,0.0,-0.46
2024-01-14 00:30:00+05:30,13.56,38.82,0.18,45.0,1005.5,0.0,0.0,0.0,-0.23
2024-01-14 01:30:00+05:30,12.48,41.31,0.45,183.8,1005.1999999999999,0.0,0.0,0.0,-0.39
2024-01-14 02:30:00+05:30,11.25,43.23,0.9,203.4,1004.8000000000001,0.0,0.0,0.0,-0.77
2024-01-14 03:30:00+05:30,9.74,46.73,1.4,214.3,1004.5999999999999,0.0,0.0,0.0,-1.06
2024-01-14 04:30:00+05:30,8.55,49.94,1.95,218.3,1004.9,0.0,0.0,0.0,-1.29
2024-01-14 05:30:00+05:30,7.34,53.32,2.43,222.7,1005.6,0.0,0.0,0.0,-1.51
2024-01-14 06:30:00+05:30,7.27,53.61,2.73,225.9,1006.2,8.6,11.48,0.0,-1.5
2024-01-14 07:30:00+05:30,11.2,40.91,3.33,229.8,1006.8000000000001,75.82,134.05,0.0,-1.55
2024-01-14 08:30:00+05:30,14.52,32.45,2.81,233.3,1007.5,155.6,317.23,0.0,-1.75
2024-01-14 09:30:00+05:30,18.69,23.85,1.95,261.2,1007.6,231.12,486.33,0.0,-2.33
2024-01-14 10:30:00+05:30,20.83,20.54,2.09,293.1,1007.0999999999999,329.12,604.78,0.0,-2.51
2024-01-14 11:30:00+05:30,22.13,18.95,2.52,309.0,1006.0,416.3,648.15,0.0,-2.52
2024-01-14 12:30:00+05:30,22.97,18.1,2.94,316.2,1005.0,462.4,629.58,0.0,-2.44
2024-01-14 13:30:00+05:30,23.22,18.1,3.21,321.2,1004.2,512.1,540.95,0.0,-2.28
2024-01-14 14:30:00+05:30,22.84,18.8,3.43,323.3,1003.9,376.8,393.27,0.0,-2.08
2024-01-14 15:30:00+05:30,21.33,22.96,2.93,328.8,1003.9,212.4,214.23,0.0,-0.71
2024-01-14 16:30:00+05:30,16.61,38.07,2.54,344.2,1004.4,48.12,48.33,0.0,2.26
2024-01-14 17:30:00+05:30,14.18,40.35,2.81,355.5,1005.0,0.0,0.0,0.0,0.9
2024-01-14 18:30:00+05:30,13.37,40.99,2.71,4.4,1005.8,0.0,0.0,0.0,0.41
2024-01-14 19:30:00+05:30,13.0,40.39,2.42,13.1,1006.1,0.0,0.0,0.0,-0.13
2024-01-14 20:30:00+05:30,12.94,38.94,2.06,22.2,1006.2,0.0,0.0,0.0,-0.68
2024-01-14 21:30:00+05:30,13.02,37.13,1.68,30.4,1006.3,0.0,0.0,0.0,-1.27
2024-01-14 22:30:00+05:30,12.98,36.35,1.15,38.0,1006.0,0.0,0.0,0.0,-1.58
2024-01-14 23:30:00+05:30,13.27,35.76,0.62,60.9,1005.5,0.0,0.0,0.0,-1.55
2024-01-15 00:30:00+05:30,12.68,37.26,0.47,136.7,1005.1,0.0,0.0,0.0,-1.55
2024-01-15 01:30:00+05:30,11.59,39.55,0.89,177.4,1004.5999999999999,0.0,0.0,0.0,-1.69
2024-01-15 02:30:00+05:30,10.06,43.64,1.33,193.0,1004.3000000000001,0.0,0.0,0.0,-1.73
2024-01-15 03:30:00+05:30,9.01,46.27,1.71,200.1,1004.2,0.0,0.0,0.0,-1.87
2024-01-15 04:30:00+05:30,8.02,49.05,1.93,206.4,1004.5,0.0,0.0,0.0,-1.99
2024-01-15 05:30:00+05:30,7.26,51.08,2.05,216.1,1005.5,0.0,0.0,0.0,-2.11
2024-01-15 06:30:00+05:30,6.92,53.14,2.18,225.4,1006.3,5.72,10.98,0.0,-1.92
2024-01-15 07:30:00+05:30,9.97,45.87,2.33,236.7,1007.2,53.17,121.3,0.0,-1.15
2024-01-15 08:30:00+05:30,12.93,36.33,2.1,249.7,1008.1999999999999,109.68,293.35,0.0,-1.6
2024-01-15 09:30:00+05:30,16.89,26.81,1.09,267.4,1008.4000000000001,160.93,453.25,0.0,-2.27
2024-01-15 10:30:00+05:30,19.48,22.7,1.09,297.3,1007.6999999999999,247.75,566.72,0.0,-2.29
2024-01-15 11:30:00+05:30,20.73,21.45,1.46,310.0,1006.5,307.9,482.92,0.0,-2.02
2024-01-15 12:30:00+05:30,21.58,20.77,2.0,319.1,1005.4000000000001,349.38,479.33,0.0,-1.78
2024-01-15 13:30:00+05:30,21.85,20.6,2.3,326.0,1004.5,328.8,402.55,0.0,-1.64
2024-01-15 14:30:00+05:30,21.39,21.36,2.41,333.1,1003.9,243.95,279.75,0.0,-1.55
2024-01-15 15:30:00+05:30,19.86,28.25,1.89,342.8,1003.7,130.25,140.77,0.0,0.84
2024-01-15 16:30:00+05:30,15.95,39.51,2.15,359.7,1003.9,31.12,31.8,0.0,2.18
2024-01-15 17:30:00+05:30,14.09,39.76,2.38,10.4,1004.5,0.0,0.0,0.0,0.63
2024-01-15 18:30:00+05:30,13.56,39.32,2.25,18.4,1005.0,0.0,0.0,0.0,0.0
2024-01-15 19:30:00+05:30,13.53,37.95,1.89,27.8,1005.3,0.0,0.0,0.0,-0.54
2024-01-15 20:30:00+05:30,13.49,36.81,1.32,38.9,1005.4000000000001,0.0,0.0,0.0,-0.96
2024-01-15 21:30:00+05:30,13.86,34.82,0.79,59.5,1005.4000000000001,0.0,0.0,0.0,-1.38
2024-01-15 22:30:00+05:30,13.55,36.04,0.42,111.0,1005.3,0.0,0.0,0.0,-1.2
2024-01-15 23:30:00+05:30,12.74,37.22,0.63,175.5,1004.9,0.0,0.0,0.0,-1.45
2024-01-16 00:30:00+05:30,11.3,39.95,1.11,188.3,1004.5999999999999,0.0,0.0,0.0,-1.79
2024-01-16 01:30:00+05:30,9.95,43.29,1.58,190.2,1004.0,0.0,0.0,0.0,-1.92
2024-01-16 02:30:00+05:30,8.78,46.4,1.89,190.7,1003.6,0.0,0.0,0.0,-2.03
2024-01-16 03:30:00+05:30,7.74,49.49,2.06,192.6,1003.5,0.0,0.0,0.0,-2.1
2024-01-16 04:30:00+05:30,6.85,52.45,2.22,193.0,1003.8,0.0,0.0,0.0,-2.17
2024-01-16 05:30:00+05:30,6.12,55.03,2.34,194.3,1004.5,0.0,0.0,0.0,-2.16
2024-01-16 06:30:00+05:30,6.0,56.57,2.35,198.4,1005.4000000000001,3.22,9.1,0.0,-1.94
2024-01-16 07:30:00+05:30,9.35,47.64,2.37,205.8,1006.2,29.55,97.57,0.0,-1.18
2024-01-16 08:30:00+05:30,12.48,38.16,1.77,202.2,1006.9,61.05,245.68,0.0,-1.37
2024-01-16 09:30:00+05:30,16.81,27.84,1.44,146.3,1007.0999999999999,86.57,393.23,0.0,-1.83
2024-01-16 10:30:00+05:30,18.73,24.8,1.21,129.0,1006.3,145.95,502.15,0.0,-1.76
2024-01-16 11:30:00+05:30,19.97,22.86,0.94,118.8,1005.1,254.88,633.22,0.0,-1.81
2024-01-16 12:30:00+05:30,20.78,21.46,0.6,98.7,1004.0999999999999,354.48,611.12,0.0,-1.97
2024-01-16 13:30:00+05:30,21.1,20.71,0.39,60.8,1003.4000000000001,326.85,517.15,0.0,-2.2
2024-01-16 14:30:00+05:30,20.83,20.78,0.59,25.3,1003.0,237.02,366.08,0.0,-2.36
2024-01-16 15:30:00+05:30,19.79,24.32,0.98,14.2,1003.1,132.4,188.82,0.0,-1.18
2024-01-16 16:30:00+05:30,16.27,35.9,1.72,18.6,1003.1,35.72,41.28,0.0,1.09
2024-01-16 17:30:00+05:30,13.6,38.53,2.41,25.8,1003.4000000000001,0.0,0.0,0.0,-0.23
2024-01-16 18:30:00+05:30,12.2,40.78,2.76,30.2,1003.7,0.0,0.0,0.0,-0.7
2024-01-16 19:30:00+05:30,11.27,42.05,2.93,33.6,1004.0,0.0,0.0,0.0,-1.12
2024-01-16 20:30:00+05:30,10.58,43.04,2.92,36.8,1004.4,0.0,0.0,0.0,-1.41
2024-01-16 21:30:00+05:30,10.03,43.87,2.8,42.5,1004.5999999999999,0.0,0.0,0.0,-1.64
2024-01-16 22:30:00+05:30,9.61,44.45,2.6,52.5,1004.4,0.0,0.0,0.0,-1.87
2024-01-16 23:30:00+05:30,9.17,45.07,2.45,69.2,1003.9,0.0,0.0,0.0,-2.08
2024-01-17 00:30:00+05:30,8.52,46.35,2.45,88.4,1003.4000000000001,0.0,0.0,0.0,-2.3
2024-01-17 01:30:00+05:30,7.69,48.56,2.5,104.8,1003.0,0.0,0.0,0.0,-2.39
2024-01-17 02:30:00+05:30,6.95,50.91,2.51,117.3,1002.6999999999999,0.0,0.0,0.0,-2.44
2024-01-17 03:30:00+05:30,6.41,52.99,2.39,125.3,1002.4,0.0,0.0,0.0,-2.42
2024-01-17 04:30:00+05:30,6.15,54.31,2.16,130.7,1002.8,0.0,0.0,0.0,-2.32
2024-01-17 05:30:00+05:30,6.14,55.07,1.86,132.2,1003.7,0.0,0.0,0.0,-2.14
2024-01-17 06:30:00+05:30,6.44,55.49,1.53,130.2,1004.4,3.67,8.6,0.0,-1.79
2024-01-17 07:30:00+05:30,8.81,49.92,1.36,124.5,1005.0,32.17,87.72,0.0,-1.04
2024-01-17 08:30:00+05:30,11.51,41.93,1.33,111.6,1005.5,63.28,221.27,0.0,-0.94
2024-01-17 09:30:00+05:30,15.58,32.71,2.49,113.0,1005.6,93.4,358.17,0.0,-0.73
2024-01-17 10:30:00+05:30,19.68,24.54,2.46,129.7,1005.0,124.82,461.45,0.0,-1.12
2024-01-17 11:30:00+05:30,21.7,21.52,1.64,134.5,1003.9,172.9,512.58,0.0,-1.2
2024-01-17 12:30:00+05:30,22.63,20.14,0.84,127.3,1002.9000000000001,222.02,497.92,0.0,-1.32
2024-01-17 13:30:00+05:30,23.0,19.33,0.54,70.6,1002.2,171.15,419.98,0.0,-1.56
2024-01-17 14:30:00+05:30,22.65,19.56,1.13,24.1,1001.5999999999999,134.02,293.9,0.0,-1.7
2024-01-17 15:30:00+05:30,21.1,25.73,1.71,16.6,1001.5999999999999,82.35,150.48,0.0,0.62
2024-01-17 16:30:00+05:30,16.34,37.42,2.81,21.5,1001.8000000000001,24.67,35.1,0.0,1.78
2024-01-17 17:30:00+05:30,13.85,39.4,3.42,26.8,1002.6,0.0,0.0,0.0,0.31
2024-01-17 18:30:00+05:30,12.99,40.85,3.49,31.8,1003.4000000000001,0.0,0.0,0.0,0.01
2024-01-17 19:30:00+05:30,12.14,43.01,3.44,36.6,1004.3000000000001,0.0,0.0,0.0,-0.02
2024-01-17 20:30:00+05:30,11.33,45.4,3.31,42.1,1005.0,0.0,0.0,0.0,-0.02
2024-01-17 21:30:00+05:30,10.55,47.84,3.15,51.1,1005.3,0.0,0.0,0.0,-0.02
2024-01-17 22:30:00+05:30,9.88,49.89,2.97,63.3,1005.1999999999999,0.0,0.0,0.0,-0.07
2024-01-17 23:30:00+05:30,9.32,51.51,2.81,78.1,1004.8000000000001,0.0,0.0,0.0,-0.15
2024-01-18 00:30:00+05:30,8.76,53.34,2.75,91.2,1004.5,0.0,0.0,0.0,-0.19
2024-01-18 01:30:00+05:30,8.19,55.57,2.7,100.0,1004.2,0.0,0.0,0.0,-0.14
2024-01-18 02:30:00+05:30,7.64,58.29,2.58,104.1,1003.9,0.0,0.0,0.0,-0.01
2024-01-18 03:30:00+05:30,7.17,61.13,2.32,106.3,1003.7,0.0,0.0,0.0,0.2
2024-01-18 04:30:00+05:30,6.95,63.21,1.99,107.0,1004.0999999999999,0.0,0.0,0.0,0.46
2024-01-18 05:30:00+05:30,6.95,64.06,1.56,102.6,1004.7,0.0,0.0,0.0,0.66
2024-01-18 06:30:00+05:30,7.15,63.86,1.1,90.0,1005.4000000000001,5.78,10.02,0.0,0.78
2024-01-18 07:30:00+05:30,8.86,57.59,0.82,60.9,1006.1,37.4,106.88,0.0,0.97
2024-01-18 08:30:00+05:30,11.42,49.63,0.69,41.5,1006.8000000000001,72.8,266.73,0.0,1.3
2024-01-18 09:30:00+05:30,15.46,39.88,1.36,85.4,1007.0,105.47,423.38,0.0,1.91
2024-01-18 10:30:00+05:30,19.08,31.26,0.89,82.2,1006.3,166.0,539.1,0.0,1.7
2024-01-18 11:30:00+05:30,20.59,28.51,0.74,5.4,1005.4000000000001,222.0,570.05,0.0,1.72
2024-01-18 12:30:00+05:30,21.41,27.27,1.32,334.0,1004.5999999999999,263.67,548.5,0.0,1.81
2024-01-18 13:30:00+05:30,21.64,27.06,1.89,326.0,1003.9,258.27,467.75,0.0,1.9
2024-01-18 14:30:00+05:30,21.21,27.9,2.31,324.5,1003.5,212.25,342.0,0.0,1.96
2024-01-18 15:30:00+05:30,20.1,30.42,2.22,328.2,1003.5,127.82,181.02,0.0,2.21
2024-01-18 16:30:00+05:30,16.41,43.69,1.99,335.4,1003.9,36.88,43.38,0.0,4.04
2024-01-18 17:30:00+05:30,13.99,46.67,2.47,339.9,1004.7,0.0,0.0,0.0,2.76
2024-01-18 18:30:00+05:30,12.95,48.59,2.64,342.4,1005.6999999999999,0.0,0.0,0.0,2.39
2024-01-18 19:30:00+05:30,12.09,50.09,2.74,343.9,1006.5,0.0,0.0,0.0,2.03
2024-01-18 20:30:00+05:30,11.33,51.37,2.77,344.1,1006.9,0.0,0.0,0.0,1.67
2024-01-18 21:30:00+05:30,10.7,52.19,2.69,343.8,1006.8000000000001,0.0,0.0,0.0,1.31
2024-01-18 22:30:00+05:30,10.19,52.69,2.54,344.0,1006.5999999999999,0.0,0.0,0.0,0.98
2024-01-18 23:30:00+05:30,9.77,52.98,2.37,345.3,1006.4,0.0,0.0,0.0,0.67
2024-01-19 00:30:00+05:30,9.53,52.63,2.1,347.1,1006.4,0.0,0.0,0.0,0.36
2024-01-19 01:30:00+05:30,9.34,52.19,1.78,348.0,1006.2,0.0,0.0,0.0,0.06
2024-01-19 02:30:00+05:30,9.04,52.55,1.36,353.2,1006.0,0.0,0.0,0.0,-0.11
2024-01-19 03:30:00+05:30,8.87,52.88,0.94,3.0,1006.0,0.0,0.0,0.0,-0.19
2024-01-19 04:30:00+05:30,8.61,53.69,0.45,15.6,1006.4,0.0,0.0,0.0,-0.21
2024-01-19 05:30:00+05:30,8.06,55.92,0.19,145.5,1007.0,0.0,0.0,0.0,-0.17
2024-01-19 06:30:00+05:30,7.42,59.08,0.69,181.7,1007.6,4.85,11.93,0.0,-0.03
2024-01-19 07:30:00+05:30,8.92,54.95,1.15,186.5,1008.4000000000001,49.3,131.6,0.0,0.36
2024-01-19 08:30:00+05:30,11.76,45.96,1.01,168.6,1009.4,107.45,314.67,0.0,0.52
2024-01-19 09:30:00+05:30,16.05,35.5,1.34,149.6,1009.7,162.4,482.83,0.0,0.82
2024-01-19 10:30:00+05:30,18.23,31.59,0.87,144.8,1009.0,250.25,602.25,0.0,1.13
2024-01-19 11:30:00+05:30,19.53,29.23,0.41,102.7,1007.8,306.05,578.38,0.0,1.16
2024-01-19 12:30:00+05:30,20.46,27.3,0.66,49.3,1006.7,361.58,562.05,0.0,1.02
2024-01-19 13:30:00+05:30,20.88,26.12,1.02,34.6,1005.8,341.77,471.75,0.0,0.78
2024-01-19 14:30:00+05:30,20.51,26.31,1.39,23.8,1005.3,279.15,343.77,0.0,0.56
2024-01-19 15:30:00+05:30,19.3,28.72,1.7,14.7,1005.1,157.48,181.45,0.0,0.71
2024-01-19 16:30:00+05:30,15.48,42.14,1.91,7.8,1005.4000000000001,43.53,44.15,0.0,2.65
2024-01-19 17:30:00+05:30,12.77,45.69,2.55,7.9,1006.0,0.0,0.0,0.0,1.36
2024-01-19 18:30:00+05:30,11.65,48.05,2.71,9.1,1006.7,0.0,0.0,0.0,1.05
2024-01-19 19:30:00+05:30,10.74,50.07,2.69,9.0,1007.3000000000001,0.0,0.0,0.0,0.77
2024-01-19 20:30:00+05:30,10.1,51.24,2.54,7.2,1007.6999999999999,0.0,0.0,0.0,0.51
2024-01-19 21:30:00+05:30,9.81,51.59,2.29,4.0,1007.9000000000001,0.0,0.0,0.0,0.34
2024-01-19 22:30:00+05:30,9.69,51.19,2.04,1.4,1007.6999999999999,0.0,0.0,0.0,0.12
2024-01-19 23:30:00+05:30,9.56,50.96,1.81,2.2,1007.6,0.0,0.0,0.0,-0.07
2024-01-20 00:30:00+05:30,9.34,51.43,1.59,6.9,1007.4,0.0,0.0,0.0,-0.15
2024-01-20 01:30:00+05:30,8.98,52.53,1.43,10.1,1006.9,0.0,0.0,0.0,-0.19
2024-01-20 02:30:00+05:30,8.2,55.21,1.3,8.9,1006.5,0.0,0.0,0.0,-0.23
2024-01-20 03:30:00+05:30,7.84,56.42,1.15,5.0,1006.3,0.0,0.0,0.0,-0.25
2024-01-20 04:30:00+05:30,7.99,55.86,0.89,5.1,1006.5,0.0,0.0,0.0,-0.27
2024-01-20 05:30:00+05:30,7.78,56.54,0.41,1.4,1007.0999999999999,0.0,0.0,0.0,-0.27
2024-01-20 06:30:00+05:30,7.52,57.75,0.3,235.8,1007.8,3.85,11.12,0.0,-0.24
2024-01-20 07:30:00+05:30,8.95,53.72,0.83,218.7,1008.6,45.53,118.18,0.0,0.1
2024-01-20 08:30:00+05:30,11.95,44.46,0.7,214.6,1009.3000000000001,92.7,287.75,0.0,0.24
2024-01-20 09:30:00+05:30,16.0,34.1,0.3,168.3,1009.5999999999999,132.6,447.23,0.0,0.23
2024-01-20 10:30:00+05:30,17.93,29.99,0.4,320.0,1008.9,210.55,560.33,0.0,0.15
2024-01-20 11:30:00+05:30,19.44,27.05,1.22,334.3,1007.8,228.0,414.2,0.0,0.01
2024-01-20 12:30:00+05:30,20.4,25.39,1.88,340.7,1006.8000000000001,239.65,390.1,0.0,-0.05
2024-01-20 13:30:00+05:30,20.83,24.58,2.36,337.3,1006.2,181.9,328.45,0.0,-0.12
2024-01-20 14:30:00+05:30,20.52,24.91,2.55,334.4,1005.8,128.43,225.8,0.0,-0.19
2024-01-20 15:30:00+05:30,19.45,27.26,2.45,336.7,1005.6999999999999,66.18,115.1,0.0,0.11
2024-01-20 16:30:00+05:30,15.81,40.92,1.92,344.3,1005.6999999999999,18.0,29.85,0.0,2.58
2024-01-20 17:30:00+05:30,13.61,43.68,2.25,347.1,1006.2,0.0,0.0,0.0,1.48
2024-01-20 18:30:00+05:30,12.85,45.71,2.21,348.8,1006.9,0.0,0.0,0.0,1.43
2024-01-20 19:30:00+05:30,12.35,46.92,2.1,347.9,1007.3000000000001,0.0,0.0,0.0,1.37
2024-01-20 20:30:00+05:30,11.92,48.17,2.0,344.6,1007.8,0.0,0.0,0.0,1.32
2024-01-20 21:30:00+05:30,11.79,48.01,1.78,340.3,1007.8,0.0,0.0,0.0,1.18
2024-01-20 22:30:00+05:30,11.52,48.28,1.67,335.6,1007.6999999999999,0.0,0.0,0.0,1.0
2024-01-20 23:30:00+05:30,11.29,48.64,1.45,330.6,1007.4,0.0,0.0,0.0,0.91
2024-01-21 00:30:00+05:30,10.84,49.99,1.29,321.3,1007.2,0.0,0.0,0.0,0.85
2024-01-21 01:30:00+05:30,10.44,51.06,1.28,314.1,1006.7,0.0,0.0,0.0,0.79
2024-01-21 02:30:00+05:30,9.81,53.23,1.43,307.6,1006.2,0.0,0.0,0.0,0.78
2024-01-21 03:30:00+05:30,9.26,55.35,1.59,297.7,1005.8,0.0,0.0,0.0,0.8
2024-01-21 04:30:00+05:30,8.22,59.54,1.76,286.5,1005.8,0.0,0.0,0.0,0.82
2024-01-21 05:30:00+05:30,7.11,64.25,2.01,278.6,1006.2,0.0,0.0,0.0,0.84
2024-01-21 06:30:00+05:30,6.58,66.68,2.2,272.1,1006.9,6.32,9.35,0.0,0.85
2024-01-21 07:30:00+05:30,9.79,54.17,2.89,267.2,1007.6,55.05,98.15,0.0,1.0
2024-01-21 08:30:00+05:30,12.8,45.38,2.47,265.6,1008.3,118.4,252.65,0.0,1.3
2024-01-21 09:30:00+05:30,17.22,35.54,2.27,285.6,1008.6,184.62,412.3,0.0,1.87
2024-01-21 10:30:00+05:30,19.14,31.49,2.43,290.7,1008.1999999999999,342.73,534.2,0.0,1.87
2024-01-21 11:30:00+05:30,20.39,28.44,2.73,293.3,1007.2,552.58,615.15,0.0,1.54
2024-01-21 12:30:00+05:30,21.2,26.08,3.01,296.8,1006.3,584.47,592.45,0.0,1.03
2024-01-21 13:30:00+05:30,21.45,24.85,3.25,299.9,1005.8,496.23,496.38,0.0,0.55
2024-01-21 14:30:00+05:30,21.13,24.69,3.39,303.3,1005.6,352.8,353.12,0.0,0.21
2024-01-21 15:30:00+05:30,20.07,26.5,3.22,307.3,1005.5,208.55,208.82,0.0,0.27
2024-01-21 16:30:00+05:30,15.95,40.37,2.3,315.5,1005.6999999999999,52.22,52.22,0.0,2.52
2024-01-21 17:30:00+05:30,13.34,44.35,2.56,322.8,1006.2,0.0,0.0,0.0,1.47
2024-01-21 18:30:00+05:30,12.52,45.83,2.52,325.2,1007.0,0.0,0.0,0.0,1.17
2024-01-21 19:30:00+05:30,11.91,46.83,2.43,322.7,1007.9000000000001,0.0,0.0,0.0,0.92
2024-01-21 20:30:00+05:30,11.45,47.46,2.31,314.8,1008.4000000000001,0.0,0.0,0.0,0.69
2024-01-21 21:30:00+05:30,11.24,47.29,2.11,303.0,1008.7,0.0,0.0,0.0,0.47
2024-01-21 22:30:00+05:30,11.05,47.03,1.89,287.6,1008.5,0.0,0.0,0.0,0.22
2024-01-21 23:30:00+05:30,10.67,47.46,1.81,270.0,1008.1999999999999,0.0,0.0,0.0,0.0
2024-01-22 00:30:00+05:30,10.22,48.64,1.83,253.1,1008.0,0.0,0.0,0.0,-0.11
2024-01-22 01:30:00+05:30,9.55,50.58,1.92,240.0,1007.5,0.0,0.0,0.0,-0.17
2024-01-22 02:30:00+05:30,8.92,52.48,1.97,229.9,1007.0999999999999,0.0,0.0,0.0,-0.23
2024-01-22 03:30:00+05:30,8.24,54.94,2.03,222.4,1006.9,0.0,0.0,0.0,-0.27
2024-01-22 04:30:00+05:30,7.41,58.0,2.19,214.8,1007.2,0.0,0.0,0.0,-0.29
2024-01-22 05:30:00+05:30,6.6,61.35,2.35,209.8,1007.8,0.0,0.0,0.0,-0.29
2024-01-22 06:30:00+05:30,6.49,61.86,2.43,206.9,1008.5,5.15,11.65,0.0,-0.27
2024-01-22 07:30:00+05:30,10.51,48.28,2.74,207.1,1009.2,41.85,121.57,0.0,0.06
2024-01-22 08:30:00+05:30,13.92,38.7,1.84,210.1,1010.1,80.38,295.38,0.0,0.11
2024-01-22 09:30:00+05:30,18.81,26.79,0.28,320.7,1010.6999999999999,117.15,460.15,0.0,-0.63
2024-01-22 10:30:00+05:30,21.0,22.28,0.9,5.1,1010.3,191.3,577.67,0.0,-1.29
2024-01-22 11:30:00+05:30,22.04,20.46,1.23,10.3,1009.3000000000001,272.48,572.05,0.0,-1.6
2024-01-22 12:30:00+05:30,22.58,19.54,1.46,18.8,1008.1,314.08,545.12,0.0,-1.76
2024-01-22 13:30:00+05:30,22.61,19.31,1.68,23.2,1007.2,273.0,459.88,0.0,-1.89
2024-01-22 14:30:00+05:30,22.04,19.86,1.77,19.9,1006.8000000000001,225.57,333.75,0.0,-2.0
2024-01-22 15:30:00+05:30,20.77,22.71,1.74,7.6,1006.8000000000001,133.82,176.32,0.0,-1.28
2024-01-22 16:30:00+05:30,16.82,36.57,1.93,3.0,1007.0,40.2,46.05,0.0,1.89
2024-01-22 17:30:00+05:30,13.77,39.7,2.67,3.0,1007.6,0.0,0.0,0.0,0.32
2024-01-22 18:30:00+05:30,12.44,42.34,3.0,3.6,1008.4000000000001,0.0,0.0,0.0,0.0
2024-01-22 19:30:00+05:30,11.45,44.15,3.15,4.7,1009.0,0.0,0.0,0.0,-0.31
2024-01-22 20:30:00+05:30,10.64,45.72,3.22,4.3,1009.3000000000001,0.0,0.0,0.0,-0.54
2024-01-22 21:30:00+05:30,9.97,47.29,3.13,4.8,1009.3000000000001,0.0,0.0,0.0,-0.71
2024-01-22 22:30:00+05:30,9.44,48.3,2.88,5.8,1008.9,0.0,0.0,0.0,-0.89
2024-01-22 23:30:00+05:30,9.18,48.58,2.6,6.4,1008.5,0.0,0.0,0.0,-1.07
2024-01-23 00:30:00+05:30,9.33,47.66,2.18,9.5,1008.1999999999999,0.0,0.0,0.0,-1.19
2024-01-23 01:30:00+05:30,9.55,46.54,1.58,15.0,1007.8,0.0,0.0,0.0,-1.3
2024-01-23 02:30:00+05:30,9.99,44.64,0.81,15.7,1007.4,0.0,0.0,0.0,-1.45
2024-01-23 03:30:00+05:30,9.71,45.34,0.25,221.8,1007.0999999999999,0.0,0.0,0.0,-1.5
2024-01-23 04:30:00+05:30,8.09,50.74,1.19,211.5,1007.3000000000001,0.0,0.0,0.0,-1.47
2024-01-23 05:30:00+05:30,6.7,55.99,1.94,215.3,1007.6,0.0,0.0,0.0,-1.43
2024-01-23 06:30:00+05:30,6.09,58.76,2.36,222.1,1007.9000000000001,5.75,11.07,0.0,-1.33
2024-01-23 07:30:00+05:30,9.83,46.63,3.07,232.7,1008.4000000000001,51.53,116.1,0.0,-1.02
2024-01-23 08:30:00+05:30,12.97,38.21,2.51,249.0,1009.0,129.23,287.88,0.0,-0.89
2024-01-23 09:30:00+05:30,17.81,26.11,2.52,278.2,1009.2,167.55,455.3,0.0,-1.85
2024-01-23 10:30:00+05:30,20.07,21.9,3.03,296.6,1008.5,242.62,578.35,0.0,-2.3
2024-01-23 11:30:00+05:30,21.41,19.77,3.38,307.1,1007.4,300.48,591.22,0.0,-2.54
2024-01-23 12:30:00+05:30,22.14,18.58,3.52,313.6,1006.1,323.42,570.9,0.0,-2.79
2024-01-23 13:30:00+05:30,22.29,18.09,3.56,317.2,1005.1999999999999,364.65,488.58,0.0,-2.99
2024-01-23 14:30:00+05:30,21.69,18.57,3.51,318.8,1004.7,299.08,359.77,0.0,-3.13
2024-01-23 15:30:00+05:30,20.34,20.78,3.08,320.5,1004.5999999999999,171.38,193.07,0.0,-2.78
2024-01-23 16:30:00+05:30,15.91,34.75,2.42,326.4,1004.7,49.12,50.85,0.0,0.39
2024-01-23 17:30:00+05:30,13.08,38.44,2.85,330.8,1005.1,0.0,0.0,0.0,-0.74
2024-01-23 18:30:00+05:30,12.06,39.98,2.95,332.6,1005.8,0.0,0.0,0.0,-1.1
2024-01-23 19:30:00+05:30,11.22,41.32,2.97,332.9,1006.3,0.0,0.0,0.0,-1.39
2024-01-23 20:30:00+05:30,10.53,42.39,2.91,332.4,1006.5999999999999,0.0,0.0,0.0,-1.66
2024-01-23 21:30:00+05:30,10.02,43.08,2.81,331.7,1006.7,0.0,0.0,0.0,-1.91
2024-01-23 22:30:00+05:30,9.69,43.23,2.63,329.9,1006.4,0.0,0.0,0.0,-2.15
2024-01-23 23:30:00+05:30,9.65,42.52,2.34,326.9,1006.2,0.0,0.0,0.0,-2.39
2024-01-24 00:30:00+05:30,9.81,41.66,1.93,321.5,1006.0,0.0,0.0,0.0,-2.56
2024-01-24 01:30:00+05:30,9.74,41.59,1.45,313.6,1005.8,0.0,0.0,0.0,-2.64
2024-01-24 02:30:00+05:30,10.02,40.55,0.99,297.6,1005.6999999999999,0.0,0.0,0.0,-2.73
2024-01-24 03:30:00+05:30,9.6,41.57,0.77,258.0,1005.6999999999999,0.0,0.0,0.0,-2.76
2024-01-24 04:30:00+05:30,8.49,44.39,1.06,226.5,1006.0,0.0,0.0,0.0,-2.89
2024-01-24 05:30:00+05:30,7.33,47.76,1.5,219.9,1006.9,0.0,0.0,0.0,-2.92
2024-01-24 06:30:00+05:30,6.94,49.91,1.85,219.3,1007.6999999999999,4.5,11.32,0.0,-2.72
2024-01-24 07:30:00+05:30,10.02,42.37,2.13,221.6,1008.6,50.1,113.6,0.0,-2.16
2024-01-24 08:30:00+05:30,13.15,33.72,1.81,228.1,1009.3000000000001,108.55,277.8,0.0,-2.4
2024-01-24 09:30:00+05:30,17.68,24.58,0.57,286.2,1009.4,165.2,437.9,0.0,-2.73
2024-01-24 10:30:00+05:30,20.29,20.94,1.51,346.2,1008.9,271.33,555.15,0.0,-2.69
2024-01-24 11:30:00+05:30,21.51,19.53,2.28,343.7,1008.1,474.83,688.88,0.0,-2.63
2024-01-24 12:30:00+05:30,22.11,18.81,2.74,342.0,1007.0,470.15,667.85,0.0,-2.65
2024-01-24 13:30:00+05:30,22.22,18.67,2.99,341.4,1006.0,570.42,572.35,0.0,-2.67
2024-01-24 14:30:00+05:30,21.72,19.3,2.99,342.5,1005.5,418.45,420.0,0.0,-2.62
2024-01-24 15:30:00+05:30,20.57,21.97,2.49,346.5,1005.3,232.8,233.9,0.0,-1.88
2024-01-24 16:30:00+05:30,17.19,33.45,1.67,353.8,1005.4000000000001,69.75,70.03,0.0,0.93
2024-01-24 17:30:00+05:30,15.8,32.0,1.47,356.1,1006.1,0.0,0.0,0.0,-0.82
2024-01-24 18:30:00+05:30,15.52,31.69,1.11,358.5,1007.0,0.0,0.0,0.0,-1.2
2024-01-24 19:30:00+05:30,15.63,31.22,0.76,354.7,1007.8,0.0,0.0,0.0,-1.32
2024-01-24 20:30:00+05:30,15.26,32.73,0.27,326.9,1008.3,0.0,0.0,0.0,-1.01
2024-01-24 21:30:00+05:30,14.57,33.74,0.42,210.3,1008.3,0.0,0.0,0.0,-1.18
2024-01-24 22:30:00+05:30,13.58,35.14,0.86,203.3,1008.1,0.0,0.0,0.0,-1.5
2024-01-24 23:30:00+05:30,12.35,37.74,1.21,204.9,1007.9000000000001,0.0,0.0,0.0,-1.61
2024-01-25 00:30:00+05:30,11.08,40.79,1.49,203.3,1007.6999999999999,0.0,0.0,0.0,-1.7
2024-01-25 01:30:00+05:30,10.49,41.78,1.71,203.1,1007.5,0.0,0.0,0.0,-1.89
2024-01-25 02:30:00+05:30,9.76,43.34,1.79,207.6,1007.5,0.0,0.0,0.0,-2.05
2024-01-25 03:30:00+05:30,9.09,44.78,1.87,210.5,1007.6,0.0,0.0,0.0,-2.21
2024-01-25 04:30:00+05:30,8.24,46.86,2.06,212.9,1007.9000000000001,0.0,0.0,0.0,-2.39
2024-01-25 05:30:00+05:30,7.34,49.07,2.3,213.5,1008.6,0.0,0.0,0.0,-2.59
2024-01-25 06:30:00+05:30,7.26,49.54,2.37,215.0,1009.4,7.78,12.38,0.0,-2.55
2024-01-25 07:30:00+05:30,11.08,38.44,2.84,221.0,1010.4000000000001,68.5,126.0,0.0,-2.51
2024-01-25 08:30:00+05:30,14.46,30.93,2.32,228.5,1011.3,154.95,301.15,0.0,-2.45
2024-01-25 09:30:00+05:30,18.93,25.65,0.87,230.1,1011.5999999999999,227.07,464.55,0.0,-1.13
2024-01-25 10:30:00+05:30,21.41,23.71,0.84,320.8,1011.0,293.33,575.25,0.0,-0.14
2024-01-25 11:30:00+05:30,22.63,22.16,1.46,334.0,1010.0,400.45,599.45,0.0,-0.02
2024-01-25 12:30:00+05:30,23.15,21.22,1.99,332.5,1009.0,430.92,581.5,0.0,-0.19
2024-01-25 13:30:00+05:30,23.15,20.92,2.11,331.7,1007.9000000000001,453.38,495.92,0.0,-0.37
2024-01-25 14:30:00+05:30,22.57,21.48,2.13,334.4,1007.4,354.9,365.33,0.0,-0.52
2024-01-25 15:30:00+05:30,21.33,23.86,1.9,338.4,1007.3000000000001,192.23,198.4,0.0,-0.13
2024-01-25 16:30:00+05:30,17.6,36.51,1.83,348.6,1007.6999999999999,52.97,54.28,0.0,2.52
2024-01-25 17:30:00+05:30,14.81,39.64,2.43,359.3,1008.5,0.0,0.0,0.0,1.24
2024-01-25 18:30:00+05:30,13.45,43.02,2.7,10.4,1009.5,0.0,0.0,0.0,1.13
2024-01-25 19:30:00+05:30,12.59,45.44,2.7,18.6,1010.3,0.0,0.0,0.0,1.11
2024-01-25 20:30:00+05:30,12.19,46.43,2.45,28.2,1010.6,0.0,0.0,0.0,1.07
2024-01-25 21:30:00+05:30,12.14,46.36,2.09,40.3,1010.5,0.0,0.0,0.0,0.99
2024-01-25 22:30:00+05:30,12.14,45.88,1.76,60.4,1010.1,0.0,0.0,0.0,0.87
2024-01-25 23:30:00+05:30,11.82,46.37,1.58,88.9,1009.5999999999999,0.0,0.0,0.0,0.72
2024-01-26 00:30:00+05:30,11.15,48.09,1.65,118.6,1009.3000000000001,0.0,0.0,0.0,0.6
2024-01-26 01:30:00+05:30,10.22,50.88,1.88,140.4,1008.8,0.0,0.0,0.0,0.53
2024-01-26 02:30:00+05:30,9.22,53.99,2.11,153.6,1008.5,0.0,0.0,0.0,0.41
2024-01-26 03:30:00+05:30,8.39,56.08,2.32,163.0,1008.4000000000001,0.0,0.0,0.0,0.16
2024-01-26 04:30:00+05:30,7.72,57.19,2.49,171.4,1008.9,0.0,0.0,0.0,-0.21
2024-01-26 05:30:00+05:30,7.25,57.52,2.58,180.2,1009.8000000000001,0.0,0.0,0.0,-0.57
2024-01-26 06:30:00+05:30,7.66,55.53,2.52,187.7,1010.8,6.55,11.07,0.0,-0.65
2024-01-26 07:30:00+05:30,11.49,42.96,2.97,196.8,1011.8000000000001,57.1,110.9,0.0,-0.63
2024-01-26 08:30:00+05:30,14.47,35.78,2.03,203.8,1012.9000000000001,128.12,272.3,0.0,-0.49
2024-01-26 09:30:00+05:30,19.32,26.68,1.13,186.1,1013.4000000000001,179.35,431.38,0.0,-0.27
2024-01-26 10:30:00+05:30,21.51,22.97,0.6,242.2,1012.9000000000001,289.75,549.47,0.0,-0.47
2024-01-26 11:30:00+05:30,22.75,20.52,0.75,282.4,1011.7,482.12,596.42,0.0,-0.97
2024-01-26 12:30:00+05:30,23.37,19.06,1.02,296.3,1010.5,545.47,579.22,0.0,-1.44
2024-01-26 13:30:00+05:30,23.5,18.28,1.23,304.1,1009.5,486.9,494.52,0.0,-1.91
2024-01-26 14:30:00+05:30,23.04,18.38,1.61,317.3,1008.9,361.67,364.9,0.0,-2.22
2024-01-26 15:30:00+05:30,21.89,20.94,1.81,331.6,1008.8,195.0,198.23,0.0,-1.48
2024-01-26 16:30:00+05:30,17.9,34.14,1.96,354.7,1008.8,54.47,55.03,0.0,1.89
2024-01-26 17:30:00+05:30,14.82,37.34,2.66,7.6,1009.0,0.0,0.0,0.0,0.42
2024-01-26 18:30:00+05:30,13.47,40.36,2.95,14.1,1009.5999999999999,0.0,0.0,0.0,0.27
2024-01-26 19:30:00+05:30,12.45,42.83,3.06,17.5,1010.1999999999999,0.0,0.0,0.0,0.18
2024-01-26 20:30:00+05:30,11.66,44.79,3.01,19.4,1010.6,0.0,0.0,0.0,0.09
2024-01-26 21:30:00+05:30,11.14,46.0,2.76,21.7,1010.8,0.0,0.0,0.0,-0.01
2024-01-26 22:30:00+05:30,11.12,45.69,2.33,25.4,1010.6999999999999,0.0,0.0,0.0,-0.13
2024-01-26 23:30:00+05:30,11.63,44.03,1.68,35.3,1010.1999999999999,0.0,0.0,0.0,-0.17
2024-01-27 00:30:00+05:30,12.17,42.35,0.8,64.1,1009.7,0.0,0.0,0.0,-0.2
2024-01-27 01:30:00+05:30,11.52,44.06,0.91,159.4,1009.0,0.0,0.0,0.0,-0.27
2024-01-27 02:30:00+05:30,9.74,49.06,1.79,189.0,1008.7,0.0,0.0,0.0,-0.42
2024-01-27 03:30:00+05:30,8.17,53.96,2.4,203.0,1008.6,0.0,0.0,0.0,-0.57
2024-01-27 04:30:00+05:30,7.22,56.63,2.8,211.4,1008.9,0.0,0.0,0.0,-0.77
2024-01-27 05:30:00+05:30,6.79,57.38,3.0,218.5,1009.4,0.0,0.0,0.0,-1.02
2024-01-27 06:30:00+05:30,7.49,54.41,2.92,223.8,1009.9,10.35,13.05,0.0,-1.08
2024-01-27 07:30:00+05:30,11.58,41.23,3.93,230.1,1010.5,100.8,138.07,0.0,-1.1
2024-01-27 08:30:00+05:30,15.19,33.06,2.92,238.4,1010.8,223.18,326.8,0.0,-0.92
2024-01-27 09:30:00+05:30,19.48,25.35,2.92,271.2,1011.0,354.98,505.1,0.0,-0.83
2024-01-27 10:30:00+05:30,21.57,22.51,3.03,287.7,1010.1999999999999,608.3,633.38,0.0,-0.71
2024-01-27 11:30:00+05:30,22.85,21.03,3.27,295.5,1008.9,678.58,686.7,0.0,-0.57
2024-01-27 12:30:00+05:30,23.7,20.12,3.6,299.3,1007.8,667.92,668.3,0.0,-0.46
2024-01-27 13:30:00+05:30,23.96,19.9,3.92,302.4,1007.0,578.47,578.47,0.0,-0.38
2024-01-27 14:30:00+05:30,23.59,20.62,3.97,306.1,1006.7,429.7,429.73,0.0,-0.21
2024-01-27 15:30:00+05:30,22.38,23.38,3.21,308.8,1006.7,243.15,243.2,0.0,0.48
2024-01-27 16:30:00+05:30,18.34,35.97,2.13,320.0,1006.9,77.22,77.22,0.0,3.01
2024-01-27 17:30:00+05:30,16.65,35.71,2.04,335.1,1007.5,0.0,0.0,0.0,1.42
2024-01-27 18:30:00+05:30,16.37,35.68,1.71,352.6,1008.3,0.0,0.0,0.0,1.14
2024-01-27 19:30:00+05:30,16.14,35.71,1.34,13.4,1009.0,0.0,0.0,0.0,0.98
2024-01-27 20:30:00+05:30,16.03,35.71,0.93,43.3,1009.3000000000001,0.0,0.0,0.0,0.87
2024-01-27 21:30:00+05:30,15.88,35.79,0.81,97.1,1009.4,0.0,0.0,0.0,0.79
2024-01-27 22:30:00+05:30,14.72,38.55,1.21,142.8,1009.3000000000001,0.0,0.0,0.0,0.78
2024-01-27 23:30:00+05:30,13.22,42.37,1.81,162.3,1009.0,0.0,0.0,0.0,0.74
2024-01-28 00:30:00+05:30,11.8,46.26,2.37,169.3,1008.5,0.0,0.0,0.0,0.66
2024-01-28 01:30:00+05:30,10.49,50.18,2.8,173.4,1007.8,0.0,0.0,0.0,0.58
2024-01-28 02:30:00+05:30,9.74,52.34,3.0,177.5,1007.3000000000001,0.0,0.0,0.0,0.47
2024-01-28 03:30:00+05:30,9.22,53.62,3.12,180.7,1006.9,0.0,0.0,0.0,0.34
2024-01-28 04:30:00+05:30,8.83,54.63,3.2,183.8,1007.0,0.0,0.0,0.0,0.21
2024-01-28 05:30:00+05:30,8.53,55.21,3.21,185.0,1007.5,0.0,0.0,0.0,0.08
2024-01-28 06:30:00+05:30,9.17,53.19,2.99,187.5,1008.3,12.88,14.5,0.0,0.16
2024-01-28 07:30:00+05:30,13.5,40.26,3.39,190.2,1009.0999999999999,109.03,150.48,0.0,0.27
2024-01-28 08:30:00+05:30,16.56,33.43,2.25,189.7,1009.9,238.57,343.33,0.0,0.44
2024-01-28 09:30:00+05:30,21.28,25.22,0.83,147.3,1010.3,362.75,513.65,0.0,0.63
2024-01-28 10:30:00+05:30,23.87,20.99,0.21,52.6,1009.8000000000001,522.38,631.6,0.0,0.27
2024-01-28 11:30:00+05:30,25.36,19.03,0.59,336.0,1008.7,559.45,676.97,0.0,0.15
2024-01-28 12:30:00+05:30,25.95,18.5,0.94,335.6,1007.4,593.88,650.85,0.0,0.23
2024-01-28 13:30:00+05:30,25.87,18.81,1.28,343.3,1006.5,485.6,555.92,0.0,0.4
2024-01-28 14:30:00+05:30,25.48,19.59,1.83,357.2,1006.2,353.4,405.15,0.0,0.63
2024-01-28 15:30:00+05:30,24.26,22.4,2.41,13.5,1006.1,207.02,226.57,0.0,1.43
2024-01-28 16:30:00+05:30,19.99,33.39,2.67,28.2,1006.3,61.2,65.05,0.0,3.4
2024-01-28 17:30:00+05:30,17.11,37.13,3.44,36.0,1006.9,0.0,0.0,0.0,2.4
2024-01-28 18:30:00+05:30,16.11,39.26,3.62,39.4,1007.8,0.0,0.0,0.0,2.27
2024-01-28 19:30:00+05:30,15.06,42.12,3.59,43.2,1008.6,0.0,0.0,0.0,2.32
2024-01-28 20:30:00+05:30,14.04,45.1,3.36,51.2,1008.9,0.0,0.0,0.0,2.36
2024-01-28 21:30:00+05:30,13.64,46.6,3.06,62.3,1008.9,0.0,0.0,0.0,2.44
2024-01-28 22:30:00+05:30,12.84,49.21,2.79,75.3,1008.9,0.0,0.0,0.0,2.47
2024-01-28 23:30:00+05:30,11.71,52.28,2.84,93.6,1008.4000000000001,0.0,0.0,0.0,2.3
2024-01-29 00:30:00+05:30,11.19,53.71,2.79,111.2,1007.8,0.0,0.0,0.0,2.18
2024-01-29 01:30:00+05:30,10.36,56.1,2.74,123.7,1007.3000000000001,0.0,0.0,0.0,2.02
2024-01-29 02:30:00+05:30,9.72,58.41,2.72,133.4,1007.0999999999999,0.0,0.0,0.0,1.98
2024-01-29 03:30:00+05:30,9.22,60.53,2.66,139.4,1006.9,0.0,0.0,0.0,2.03
2024-01-29 04:30:00+05:30,8.87,62.42,2.54,147.7,1007.0999999999999,0.0,0.0,0.0,2.12
2024-01-29 05:30:00+05:30,9.15,61.84,2.47,154.9,1007.6999999999999,0.0,0.0,0.0,2.23
2024-01-29 06:30:00+05:30,10.08,59.03,2.25,155.0,1008.1,10.8,12.73,0.0,2.45
2024-01-29 07:30:00+05:30,13.55,47.89,2.51,159.5,1008.5,87.0,126.05,0.0,2.75
2024-01-29 08:30:00+05:30,16.65,39.67,1.63,156.6,1009.0,185.88,302.05,0.0,2.92
2024-01-29 09:30:00+05:30,21.41,27.33,1.84,138.1,1009.0,269.55,467.88,0.0,1.85
2024-01-29 10:30:00+05:30,24.26,22.82,0.68,121.1,1008.4000000000001,527.4,583.58,0.0,1.74
2024-01-29 11:30:00+05:30,26.38,19.67,0.7,333.8,1007.2,628.17,628.45,0.0,1.42
2024-01-29 12:30:00+05:30,27.32,18.15,1.43,332.0,1005.9000000000001,606.12,611.53,0.0,1.07
2024-01-29 13:30:00+05:30,27.45,17.77,1.7,334.5,1004.7,505.38,519.53,0.0,0.88
2024-01-29 14:30:00+05:30,26.85,18.26,1.91,345.2,1004.0,360.83,373.88,0.0,0.77
2024-01-29 15:30:00+05:30,25.42,21.93,1.94,3.5,1003.7,203.57,207.3,0.0,2.09
2024-01-29 16:30:00+05:30,20.81,33.49,2.46,26.6,1003.8,60.47,60.33,0.0,4.16
2024-01-29 17:30:00+05:30,17.77,36.47,3.23,37.3,1004.3000000000001,0.0,0.0,0.0,2.7
2024-01-29 18:30:00+05:30,16.73,38.23,3.34,44.0,1005.1,0.0,0.0,0.0,2.47
2024-01-29 19:30:00+05:30,15.75,40.54,3.31,49.0,1005.8,0.0,0.0,0.0,2.41
2024-01-29 20:30:00+05:30,14.88,42.8,3.22,54.9,1006.3,0.0,0.0,0.0,2.38
2024-01-29 21:30:00+05:30,14.02,45.05,3.09,62.4,1006.4,0.0,0.0,0.0,2.33
2024-01-29 22:30:00+05:30,13.23,47.11,2.96,71.5,1006.4,0.0,0.0,0.0,2.23
2024-01-29 23:30:00+05:30,12.61,48.61,2.81,84.1,1006.2,0.0,0.0,0.0,2.09
2024-01-30 00:30:00+05:30,12.07,49.79,2.7,98.9,1006.0,0.0,0.0,0.0,1.94
2024-01-30 01:30:00+05:30,11.51,51.17,2.66,115.4,1005.6,0.0,0.0,0.0,1.8
2024-01-30 02:30:00+05:30,10.94,52.75,2.67,130.1,1005.1999999999999,0.0,0.0,0.0,1.69
2024-01-30 03:30:00+05:30,10.39,54.45,2.65,143.7,1005.0,0.0,0.0,0.0,1.63
2024-01-30 04:30:00+05:30,9.93,56.16,2.68,156.2,1005.0,0.0,0.0,0.0,1.62
2024-01-30 05:30:00+05:30,9.62,57.37,2.65,165.8,1005.6,0.0,0.0,0.0,1.65
2024-01-30 06:30:00+05:30,10.21,55.96,2.48,176.3,1006.3,11.82,12.52,0.0,1.83
2024-01-30 07:30:00+05:30,14.14,44.03,2.73,190.8,1007.0,105.22,115.0,0.0,2.12
2024-01-30 08:30:00+05:30,17.14,36.93,1.72,201.2,1007.6999999999999,233.7,272.9,0.0,2.32
2024-01-30 09:30:00+05:30,21.65,26.4,1.04,129.2,1007.8,390.1,434.08,0.0,1.56
2024-01-30 10:30:00+05:30,23.17,24.06,0.99,84.2,1007.2,523.38,553.95,0.0,1.56
2024-01-30 11:30:00+05:30,23.52,23.81,0.79,59.5,1006.3,527.5,590.62,0.0,1.72
2024-01-30 12:30:00+05:30,23.93,23.47,0.85,29.0,1005.1999999999999,522.9,579.08,0.0,1.86
2024-01-30 13:30:00+05:30,24.53,22.83,0.9,359.4,1004.3000000000001,411.08,495.15,0.0,1.97
2024-01-30 14:30:00+05:30,24.12,23.49,0.93,325.1,1003.7,299.7,358.6,0.0,2.03
2024-01-30 15:30:00+05:30,23.1,26.51,1.07,324.1,1003.5,167.4,196.43,0.0,2.84
2024-01-30 16:30:00+05:30,20.32,35.65,1.47,345.0,1003.4000000000001,56.1,59.62,0.0,4.59
2024-01-30 17:30:00+05:30,17.84,38.11,2.2,352.9,1004.2,0.0,0.0,0.0,3.41
2024-01-30 18:30:00+05:30,16.59,40.87,2.51,356.6,1005.1,0.0,0.0,0.0,3.25
2024-01-30 19:30:00+05:30,15.85,42.78,2.63,3.5,1005.8,0.0,0.0,0.0,3.25
2024-01-30 20:30:00+05:30,15.24,44.51,2.73,10.8,1006.2,0.0,0.0,0.0,3.26
2024-01-30 21:30:00+05:30,14.65,46.14,2.73,17.5,1006.2,0.0,0.0,0.0,3.24
2024-01-30 22:30:00+05:30,14.14,47.68,2.66,22.3,1006.1,0.0,0.0,0.0,3.23
2024-01-30 23:30:00+05:30,13.76,48.86,2.46,27.3,1005.9000000000001,0.0,0.0,0.0,3.22
2024-01-31 00:30:00+05:30,13.65,49.3,2.16,35.0,1005.6999999999999,0.0,0.0,0.0,3.25
2024-01-31 01:30:00+05:30,13.62,49.58,1.83,48.5,1005.1999999999999,0.0,0.0,0.0,3.3
2024-01-31 02:30:00+05:30,13.3,50.4,1.6,65.7,1004.9,0.0,0.0,0.0,3.22
2024-01-31 03:30:00+05:30,12.57,52.53,1.57,85.2,1004.7,0.0,0.0,0.0,3.16
2024-01-31 04:30:00+05:30,12.01,54.62,1.6,103.3,1004.9,0.0,0.0,0.0,3.18
2024-01-31 05:30:00+05:30,11.49,56.46,1.55,122.4,1005.6999999999999,0.0,0.0,0.0,3.17
2024-01-31 06:30:00+05:30,11.41,56.92,1.61,137.5,1006.4,12.23,11.55,0.0,3.2
2024-01-31 07:30:00+05:30,14.12,48.17,1.78,153.0,1006.9,99.95,102.32,0.0,3.36
2024-01-31 08:30:00+05:30,17.41,38.96,1.53,152.8,1007.2,208.45,240.8,0.0,3.33
2024-01-31 09:30:00+05:30,22.18,28.68,1.05,148.6,1007.2,320.88,385.88,0.0,3.18
2024-01-31 10:30:00+05:30,24.55,25.2,0.62,238.9,1006.5,445.75,494.45,0.0,3.39
2024-01-31 11:30:00+05:30,25.91,23.4,1.26,281.9,1005.1999999999999,549.38,612.8,0.0,3.49
2024-01-31 12:30:00+05:30,26.64,22.39,1.87,294.4,1003.8,573.2,594.1,0.0,3.47
2024-01-31 13:30:00+05:30,26.78,22.0,2.39,302.4,1002.8,488.98,508.05,0.0,3.34
2024-01-31 14:30:00+05:30,26.28,22.45,2.58,310.1,1002.0999999999999,359.85,368.05,0.0,3.19
2024-01-31 15:30:00+05:30,25.04,24.22,2.4,319.2,1002.0999999999999,203.35,207.38,0.0,3.22
2024-01-31 16:30:00+05:30,21.33,35.1,1.9,339.9,1002.3000000000001,64.18,63.33,0.0,5.29
2024-01-31 17:30:00+05:30,18.34,38.71,2.39,0.7,1003.0,0.0,0.0,0.0,4.04
2024-01-31 18:30:00+05:30,17.03,41.44,2.63,14.8,1004.2,0.0,0.0,0.0,3.84
2024-01-31 19:30:00+05:30,16.01,43.82,2.73,28.0,1005.1999999999999,0.0,0.0,0.0,3.72
2024-01-31 20:30:00+05:30,15.2,45.72,2.83,39.8,1005.8,0.0,0.0,0.0,3.6
2024-01-31 21:30:00+05:30,14.53,47.45,2.93,50.8,1006.0,0.0,0.0,0.0,3.52
2024-01-31 22:30:00+05:30,13.91,49.19,3.05,60.5,1005.8,0.0,0.0,0.0,3.47
2024-01-31 23:30:00+05:30,13.37,50.83,3.11,69.1,1005.6,0.0,0.0,0.0,3.44
2024-02-01 00:30:00+05:30,12.87,52.4,3.12,77.8,1005.3,0.0,0.0,0.0,3.4
2024-02-01 01:30:00+05:30,12.37,54.02,3.08,87.4,1005.0,0.0,0.0,0.0,3.37
2024-02-01 02:30:00+05:30,11.86,55.96,3.02,97.2,1004.5999999999999,0.0,0.0,0.0,3.38
2024-02-01 03:30:00+05:30,11.29,58.33,2.95,107.0,1004.3000000000001,0.0,0.0,0.0,3.43
2024-02-01 04:30:00+05:30,10.77,60.77,2.88,115.9,1004.5999999999999,0.0,0.0,0.0,3.53
2024-02-01 05:30:00+05:30,10.32,63.3,2.85,122.5,1005.1999999999999,0.0,0.0,0.0,3.68
2024-02-01 06:30:00+05:30,10.93,61.56,2.9,127.4,1005.9000000000001,11.95,12.07,0.0,3.86
2024-02-01 07:30:00+05:30,13.9,51.38,3.85,129.9,1006.4,104.22,109.93,0.0,4.07
2024-02-01 08:30:00+05:30,17.24,42.15,2.99,126.7,1006.9,230.68,263.52,0.0,4.3
2024-02-01 09:30:00+05:30,22.31,30.06,4.14,129.3,1007.0,375.2,428.42,0.0,3.97
2024-02-01 10:30:00+05:30,25.77,24.06,3.35,141.4,1006.4,535.83,537.88,0.0,3.77
2024-02-01 11:30:00+05:30,27.19,21.75,1.78,164.0,1005.3,545.97,546.42,0.0,3.51
2024-02-01 12:30:00+05:30,27.88,20.65,0.99,218.0,1004.0,534.65,536.33,0.0,3.33
2024-02-01 13:30:00+05:30,28.0,20.48,1.25,270.5,1002.9000000000001,448.48,449.5,0.0,3.33
2024-02-01 14:30:00+05:30,27.5,21.25,1.47,307.3,1002.3000000000001,337.88,338.2,0.0,3.43
2024-02-01 15:30:00+05:30,26.25,24.79,1.65,344.5,1002.3000000000001,190.68,190.9,0.0,4.53
2024-02-01 16:30:00+05:30,21.99,35.79,2.36,16.2,1002.6999999999999,64.62,64.68,0.0,6.15
2024-02-01 17:30:00+05:30,19.11,38.8,3.19,30.1,1003.5,0.0,0.0,0.0,4.77
2024-02-01 18:30:00+05:30,18.33,39.94,3.46,39.3,1004.5,0.0,0.0,0.0,4.51
2024-02-01 19:30:00+05:30,17.56,42.44,3.66,43.9,1005.3,0.0,0.0,0.0,4.68
2024-02-01 20:30:00+05:30,16.52,46.38,3.42,44.6,1006.0,0.0,0.0,0.0,5.01
2024-02-01 21:30:00+05:30,15.49,50.29,3.07,42.9,1006.3,0.0,0.0,0.0,5.24
2024-02-01 22:30:00+05:30,14.66,53.23,2.84,41.1,1006.2,0.0,0.0,0.0,5.28
2024-02-01 23:30:00+05:30,13.95,55.62,2.7,40.9,1006.0,0.0,0.0,0.0,5.24
2024-02-02 00:30:00+05:30,13.36,57.58,2.54,41.2,1005.6999999999999,0.0,0.0,0.04,5.19
2024-02-02 01:30:00+05:30,12.92,59.13,2.26,40.3,1005.4000000000001,0.0,0.0,0.04,5.16
2024-02-02 02:30:00+05:30,12.77,59.7,1.85,37.7,1005.1,0.0,0.0,0.04,5.17
2024-02-02 03:30:00+05:30,12.81,59.75,1.34,33.1,1005.0,0.0,0.0,0.0,5.2
2024-02-02 04:30:00+05:30,12.96,59.28,0.69,12.6,1005.1999999999999,0.0,0.0,0.0,5.24
2024-02-02 05:30:00+05:30,12.43,61.64,0.66,291.2,1005.8,0.0,0.0,0.0,5.3
2024-02-02 06:30:00+05:30,11.63,65.49,1.38,274.1,1006.4,12.25,12.6,0.0,5.41
2024-02-02 07:30:00+05:30,13.87,57.2,2.86,272.2,1007.3000000000001,108.2,110.3,0.0,5.57
2024-02-02 08:30:00+05:30,17.12,46.31,2.8,273.3,1008.0,265.25,267.9,0.0,5.52
2024-02-02 09:30:00+05:30,21.78,34.11,3.43,288.2,1008.3,396.83,397.2,0.0,5.29
2024-02-02 10:30:00+05:30,24.1,31.07,3.96,295.1,1007.9000000000001,525.97,526.22,0.0,6.0
2024-02-02 11:30:00+05:30,25.61,28.95,4.32,297.1,1006.8000000000001,638.33,638.45,0.0,6.28
2024-02-02 12:30:00+05:30,26.46,27.54,4.66,296.7,1005.5,624.97,625.0,0.0,6.27
2024-02-02 13:30:00+05:30,26.65,26.84,4.96,295.4,1004.5,538.53,538.62,0.0,6.05
2024-02-02 14:30:00+05:30,26.1,27.38,5.34,294.1,1003.9,397.65,397.88,0.0,5.89
2024-02-02 15:30:00+05:30,24.89,29.46,5.37,292.8,1003.7,243.88,244.1,0.0,5.91
2024-02-02 16:30:00+05:30,21.6,37.5,3.46,292.0,1003.9,84.1,84.2,0.0,6.51
2024-02-02 17:30:00+05:30,18.38,45.66,3.35,290.8,1004.5999999999999,0.0,0.0,0.0,6.48
2024-02-02 18:30:00+05:30,17.52,47.84,3.51,290.0,1005.5,0.0,0.0,0.0,6.36
2024-02-02 19:30:00+05:30,16.69,49.88,3.56,289.9,1006.4,0.0,0.0,0.0,6.2
2024-02-02 20:30:00+05:30,15.78,51.98,3.5,291.1,1006.7,0.0,0.0,0.0,5.96
2024-02-02 21:30:00+05:30,14.8,53.82,3.39,293.5,1006.5,0.0,0.0,0.0,5.55
2024-02-02 22:30:00+05:30,13.84,54.62,3.33,296.4,1006.3,0.0,0.0,0.0,4.87
2024-02-02 23:30:00+05:30,12.92,54.42,3.32,296.9,1005.9000000000001,0.0,0.0,0.0,3.95
2024-02-03 00:30:00+05:30,12.05,53.6,3.36,294.8,1005.6,0.0,0.0,0.0,2.93
2024-02-03 01:30:00+05:30,11.24,52.91,3.43,292.1,1005.1999999999999,0.0,0.0,0.0,1.99
2024-02-03 02:30:00+05:30,10.54,52.4,3.52,289.9,1005.0,0.0,0.0,0.0,1.23
2024-02-03 03:30:00+05:30,9.93,52.23,3.59,287.7,1005.3,0.0,0.0,0.0,0.63
2024-02-03 04:30:00+05:30,9.27,52.97,3.38,283.7,1005.6999999999999,0.0,0.0,0.0,0.19
2024-02-03 05:30:00+05:30,8.66,54.22,3.19,277.4,1006.3,0.0,0.0,0.0,-0.05
2024-02-03 06:30:00+05:30,9.49,50.9,4.0,266.8,1007.0999999999999,15.73,18.25,0.0,-0.15
2024-02-03 07:30:00+05:30,12.33,42.15,4.62,252.5,1007.4,141.27,169.5,0.0,-0.14
2024-02-03 08:30:00+05:30,16.6,32.17,4.15,247.0,1007.9000000000001,304.08,371.48,0.0,-0.07
2024-02-03 09:30:00+05:30,21.67,21.02,5.13,266.4,1008.1,479.45,550.0,0.0,-1.55
2024-02-03 10:30:00+05:30,25.01,14.53,5.82,272.9,1007.5,593.8,674.15,0.0,-3.7
2024-02-03 11:30:00+05:30,27.06,12.27,6.24,276.6,1006.5,693.72,778.95,0.0,-4.29
2024-02-03 12:30:00+05:30,28.17,12.41,6.33,277.3,1005.1999999999999,703.53,759.2,0.0,-3.35
2024-02-03 13:30:00+05:30,28.45,13.94,6.39,276.7,1004.0999999999999,622.2,666.42,0.0,-1.6
2024-02-03 14:30:00+05:30,27.92,15.77,6.54,277.6,1003.3,471.98,509.6,0.0,-0.36
2024-02-03 15:30:00+05:30,26.63,17.97,6.42,281.0,1003.1999999999999,289.1,306.7,0.0,0.38
2024-02-03 16:30:00+05:30,23.13,24.26,4.11,286.5,1003.7,102.3,104.8,0.0,1.65
2024-02-03 17:30:00+05:30,19.03,32.82,3.44,292.0,1004.2,0.0,0.0,0.0,2.34
2024-02-03 18:30:00+05:30,17.87,35.8,3.33,295.3,1005.0,0.0,0.0,0.0,2.54
2024-02-03 19:30:00+05:30,17.73,36.79,3.17,298.3,1006.1,0.0,0.0,0.0,2.79
2024-02-03 20:30:00+05:30,17.38,38.52,2.91,295.4,1006.5,0.0,0.0,0.0,3.13
2024-02-03 21:30:00+05:30,16.47,41.14,2.69,283.5,1006.2,0.0,0.0,0.0,3.25
2024-02-03 22:30:00+05:30,16.66,40.96,2.23,265.1,1005.6,0.0,0.0,0.0,3.36
2024-02-03 23:30:00+05:30,15.73,43.11,2.42,260.5,1005.6999999999999,0.0,0.0,0.0,3.24
2024-02-04 00:30:00+05:30,14.96,45.31,2.6,264.5,1006.0,0.0,0.0,0.0,3.25
2024-02-04 01:30:00+05:30,14.71,46.11,2.36,250.4,1005.4000000000001,0.0,0.0,0.0,3.27
2024-02-04 02:30:00+05:30,14.93,46.0,2.47,236.6,1004.8000000000001,0.0,0.0,0.0,3.44
2024-02-04 03:30:00+05:30,14.81,46.35,2.65,239.2,1004.7,0.0,0.0,0.0,3.44
2024-02-04 04:30:00+05:30,14.65,46.74,2.67,239.9,1004.7,0.0,0.0,0.0,3.41
2024-02-04 05:30:00+05:30,13.64,49.21,2.97,242.5,1005.1999999999999,0.0,0.0,0.0,3.21
2024-02-04 06:30:00+05:30,14.7,46.37,2.99,244.9,1006.3,14.57,17.17,0.01,3.34
2024-02-04 07:30:00+05:30,18.69,36.48,4.09,262.3,1007.5,87.1,153.1,0.01,3.55
2024-02-04 08:30:00+05:30,20.7,33.88,3.58,291.1,1008.5,174.73,347.3,1.55,4.26
2024-02-04 09:30:00+05:30,22.23,32.97,4.05,319.5,1009.0,264.4,525.3,3.08,5.2
2024-02-04 10:30:00+05:30,23.92,29.76,5.14,337.1,1009.0,371.25,653.25,1.6,5.2
2024-02-04 11:30:00+05:30,25.48,26.85,5.13,340.2,1008.5,316.77,713.17,0.02,5.04
2024-02-04 12:30:00+05:30,25.47,27.94,4.86,339.8,1007.8,617.97,700.58,0.27,5.59
2024-02-04 13:30:00+05:30,25.64,29.29,4.43,344.8,1006.9,499.15,616.6,2.49,6.44
2024-02-04 14:30:00+05:30,25.21,31.38,3.97,351.3,1006.3,249.32,471.73,2.54,7.07
2024-02-04 15:30:00+05:30,24.27,34.02,3.47,10.6,1005.8,142.8,282.95,0.81,7.42
2024-02-04 16:30:00+05:30,21.53,42.74,2.63,25.2,1006.1,50.42,97.07,0.17,8.33
2024-02-04 17:30:00+05:30,19.07,52.33,2.89,36.8,1006.5999999999999,0.0,0.0,0.02,9.09
2024-02-04 18:30:00+05:30,18.62,58.29,2.71,58.1,1006.4,0.0,0.0,1.1,10.29
2024-02-04 19:30:00+05:30,17.68,66.71,3.15,74.3,1005.9000000000001,0.0,0.0,21.09,11.44
2024-02-04 20:30:00+05:30,16.84,73.6,3.56,75.8,1005.9000000000001,0.0,0.0,49.19,12.13
2024-02-04 21:30:00+05:30,16.14,80.32,3.65,51.8,1007.6,0.0,0.0,44.1,12.78
2024-02-04 22:30:00+05:30,15.55,86.4,4.34,56.9,1007.6,0.0,0.0,32.03,13.31
2024-02-04 23:30:00+05:30,15.12,90.24,3.51,76.3,1006.8000000000001,0.0,0.0,10.23,13.55
2024-02-05 00:30:00+05:30,14.61,93.29,2.63,102.7,1006.1,0.0,0.0,14.14,13.57
2024-02-05 01:30:00+05:30,14.44,94.6,1.98,105.9,1006.0,0.0,0.0,10.34,13.61
2024-02-05 02:30:00+05:30,14.41,94.08,2.68,101.2,1005.6999999999999,0.0,0.0,2.17,13.49
2024-02-05 03:30:00+05:30,14.22,94.63,2.7,106.8,1005.5,0.0,0.0,6.36,13.39
2024-02-05 04:30:00+05:30,13.73,96.41,1.99,106.6,1006.0,0.0,0.0,9.21,13.2
2024-02-05 05:30:00+05:30,12.95,98.53,2.01,104.7,1006.8000000000001,0.0,0.0,10.02,12.75
2024-02-05 06:30:00+05:30,13.46,95.9,2.81,103.6,1007.6999999999999,8.8,17.02,8.86,12.84
2024-02-05 07:30:00+05:30,14.86,90.96,3.52,101.6,1008.5,72.68,154.4,5.99,13.43
2024-02-05 08:30:00+05:30,17.26,79.62,4.23,100.9,1009.0,186.8,349.2,6.46,13.73
2024-02-05 09:30:00+05:30,19.72,65.33,4.51,103.1,1009.2,314.95,525.67,9.04,13.05
2024-02-05 10:30:00+05:30,21.76,56.1,3.85,99.1,1008.4000000000001,529.83,649.03,6.38,12.65
2024-02-05 11:30:00+05:30,22.94,52.04,2.63,85.4,1007.4,490.88,608.83,6.21,12.59
2024-02-05 12:30:00+05:30,23.77,49.67,1.63,45.0,1006.3,451.3,595.12,5.01,12.66
2024-02-05 13:30:00+05:30,24.12,49.12,2.06,5.8,1005.4000000000001,380.3,511.98,2.69,12.8
2024-02-05 14:30:00+05:30,23.67,50.98,2.8,352.2,1004.7,279.1,375.67,2.15,12.97
2024-02-05 15:30:00+05:30,22.65,54.68,3.36,351.8,1004.5999999999999,169.1,217.75,0.33,13.08
2024-02-05 16:30:00+05:30,20.42,65.01,2.89,359.6,1004.8000000000001,56.33,73.32,0.09,13.66
2024-02-05 17:30:00+05:30,18.11,75.02,3.0,6.9,1005.0,0.0,0.0,0.17,13.65
2024-02-05 18:30:00+05:30,17.33,78.44,3.23,10.3,1005.6,0.0,0.0,0.05,13.58
2024-02-05 19:30:00+05:30,16.6,82.28,2.63,13.0,1006.0,0.0,0.0,0.02,13.58
2024-02-05 20:30:00+05:30,15.93,85.71,2.05,14.1,1006.2,0.0,0.0,0.01,13.56
2024-02-05 21:30:00+05:30,15.4,88.14,1.82,13.3,1006.5,0.0,0.0,0.01,13.48
2024-02-05 22:30:00+05:30,15.05,89.59,1.63,13.5,1006.4,0.0,0.0,0.01,13.37
2024-02-05 23:30:00+05:30,14.9,89.7,1.38,2.5,1006.4,0.0,0.0,0.09,13.26
2024-02-06 00:30:00+05:30,14.82,89.77,1.28,351.9,1006.3,0.0,0.0,0.21,13.19
2024-02-06 01:30:00+05:30,14.8,89.66,1.06,345.3,1005.9000000000001,0.0,0.0,0.6,13.14
2024-02-06 02:30:00+05:30,14.62,90.49,0.96,349.7,1005.6,0.0,0.0,0.86,13.11
2024-02-06 03:30:00+05:30,14.29,92.24,0.9,355.6,1005.5,0.0,0.0,1.69,13.07
2024-02-06 04:30:00+05:30,13.95,94.03,0.89,354.2,1005.8,0.0,0.0,2.11,13.03
2024-02-06 05:30:00+05:30,13.65,95.43,0.86,352.6,1006.5,0.0,0.0,2.27,12.96
2024-02-06 06:30:00+05:30,13.81,95.22,0.91,345.4,1007.2,11.9,16.55,1.93,13.08
2024-02-06 07:30:00+05:30,14.99,91.02,1.15,332.1,1008.1,83.0,140.73,0.11,13.56
2024-02-06 08:30:00+05:30,18.17,74.62,1.41,331.6,1008.7,170.7,324.45,0.0,13.62
2024-02-06 09:30:00+05:30,21.55,55.79,1.83,324.1,1009.0,266.77,497.7,0.0,12.37
2024-02-06 10:30:00+05:30,23.58,45.88,2.48,308.6,1008.5,445.1,623.8,0.0,11.28
2024-02-06 11:30:00+05:30,24.8,40.46,3.55,302.9,1007.8,361.92,542.05,0.0,10.49
2024-02-06 12:30:00+05:30,25.46,37.09,4.36,301.7,1006.8000000000001,302.65,548.75,0.0,9.76
2024-02-06 13:30:00+05:30,25.6,34.75,5.12,301.3,1005.9000000000001,263.58,486.15,0.0,8.91
2024-02-06 14:30:00+05:30,25.1,33.32,5.47,301.3,1005.5,215.57,366.5,0.0,7.86
2024-02-06 15:30:00+05:30,23.98,33.27,5.36,302.3,1005.5,134.98,214.02,0.0,6.85
2024-02-06 16:30:00+05:30,20.91,41.54,3.41,304.7,1006.0,60.83,75.68,0.0,7.37
2024-02-06 17:30:00+05:30,17.69,49.38,3.2,307.4,1006.9,0.0,0.0,0.0,6.96
2024-02-06 18:30:00+05:30,16.5,50.21,3.16,307.9,1007.8,0.0,0.0,0.0,6.13
2024-02-06 19:30:00+05:30,15.45,51.8,3.06,308.0,1008.4000000000001,0.0,0.0,0.0,5.61
2024-02-06 20:30:00+05:30,14.58,53.24,2.99,308.7,1008.5,0.0,0.0,0.0,5.2
2024-02-06 21:30:00+05:30,13.82,54.3,2.93,310.7,1008.5,0.0,0.0,0.0,4.77
2024-02-06 22:30:00+05:30,13.12,55.2,2.84,314.1,1007.9000000000001,0.0,0.0,0.0,4.34
2024-02-06 23:30:00+05:30,12.43,55.52,2.89,313.2,1007.9000000000001,0.0,0.0,0.0,3.79
2024-02-07 00:30:00+05:30,11.77,55.64,2.89,314.4,1007.6,0.0,0.0,0.0,3.21
2024-02-07 01:30:00+05:30,11.03,56.81,2.79,313.5,1006.9,0.0,0.0,0.0,2.78
2024-02-07 02:30:00+05:30,10.42,56.23,2.88,312.9,1006.8000000000001,0.0,0.0,0.0,2.08
2024-02-07 03:30:00+05:30,9.84,55.68,2.89,308.3,1006.9,0.0,0.0,0.0,1.41
2024-02-07 04:30:00+05:30,9.11,57.23,2.75,304.8,1006.9,0.0,0.0,0.0,1.11
2024-02-07 05:30:00+05:30,8.56,57.85,2.73,298.6,1007.6999999999999,0.0,0.0,0.0,0.74
2024-02-07 06:30:00+05:30,9.37,53.03,3.35,289.7,1008.4000000000001,20.6,20.8,0.0,0.31
2024-02-07 07:30:00+05:30,12.02,42.52,4.0,281.1,1009.0999999999999,170.2,181.52,0.0,-0.3
2024-02-07 08:30:00+05:30,15.88,34.27,3.2,267.5,1009.5999999999999,345.6,390.0,0.0,0.17
2024-02-07 09:30:00+05:30,20.95,20.26,5.34,288.4,1010.1,515.85,574.17,0.0,-2.61
2024-02-07 10:30:00+05:30,23.01,16.25,5.93,289.6,1009.7,679.97,702.97,0.0,-3.8
2024-02-07 11:30:00+05:30,24.22,13.96,5.81,288.8,1008.5,753.35,768.92,0.0,-4.81
2024-02-07 12:30:00+05:30,25.07,12.39,5.7,285.6,1007.0999999999999,708.85,750.15,0.0,-5.61
2024-02-07 13:30:00+05:30,25.27,11.88,5.96,286.1,1006.1,605.8,658.62,0.0,-5.98
2024-02-07 14:30:00+05:30,24.77,12.49,6.28,284.8,1005.6,381.23,503.95,0.0,-5.77
2024-02-07 15:30:00+05:30,23.65,14.19,6.41,286.9,1005.6999999999999,227.75,303.92,0.0,-5.04
2024-02-07 16:30:00+05:30,20.17,23.28,4.03,286.3,1006.0,84.82,102.2,0.0,-1.48
2024-02-07 17:30:00+05:30,16.5,33.53,3.64,280.8,1006.4,3.2,3.28,0.0,0.41
2024-02-07 18:30:00+05:30,15.7,34.95,3.86,277.1,1007.3000000000001,0.0,0.0,0.0,0.28
2024-02-07 19:30:00+05:30,15.14,36.71,3.86,277.0,1007.6999999999999,0.0,0.0,0.0,0.46
2024-02-07 20:30:00+05:30,14.87,38.32,3.84,275.8,1008.0,0.0,0.0,0.0,0.83
2024-02-07 21:30:00+05:30,14.25,40.39,3.89,280.8,1008.1,0.0,0.0,0.0,1.02
2024-02-07 22:30:00+05:30,13.64,42.12,4.06,292.0,1007.9000000000001,0.0,0.0,0.0,1.04
2024-02-07 23:30:00+05:30,13.04,43.25,4.31,301.4,1007.6,0.0,0.0,0.0,0.87
2024-02-08 00:30:00+05:30,12.25,44.29,4.41,305.5,1007.3000000000001,0.0,0.0,0.0,0.48
2024-02-08 01:30:00+05:30,11.49,45.0,4.29,304.2,1006.7,0.0,0.0,0.0,0.0
2024-02-08 02:30:00+05:30,10.92,46.09,4.12,298.6,1006.2,0.0,0.0,0.0,-0.19
2024-02-08 03:30:00+05:30,10.33,48.44,3.98,291.1,1005.9000000000001,0.0,0.0,0.0,-0.06
2024-02-08 04:30:00+05:30,9.69,51.12,4.02,281.6,1006.2,0.0,0.0,0.0,0.12
2024-02-08 05:30:00+05:30,9.18,53.76,4.08,273.2,1006.8000000000001,0.0,0.0,0.0,0.33
2024-02-08 06:30:00+05:30,9.72,52.41,4.92,264.6,1007.4,24.2,24.52,0.0,0.46
2024-02-08 07:30:00+05:30,11.92,46.48,5.08,257.6,1008.5,196.27,207.62,0.0,0.84
2024-02-08 08:30:00+05:30,15.87,36.71,6.06,273.7,1009.4,399.17,431.88,0.0,1.11
2024-02-08 09:30:00+05:30,18.98,29.21,7.2,282.8,1009.7,594.45,624.78,0.0,0.67
2024-02-08 10:30:00+05:30,20.98,25.14,7.21,280.7,1009.2,752.05,759.3,0.0,0.33
2024-02-08 11:30:00+05:30,22.53,22.25,6.72,280.4,1007.9000000000001,789.35,801.67,0.0,-0.05
2024-02-08 12:30:00+05:30,23.66,20.09,6.2,280.9,1006.5,778.55,789.72,0.0,-0.54
2024-02-08 13:30:00+05:30,24.16,18.57,5.97,278.7,1005.5,677.28,703.8,0.0,-1.16
2024-02-08 14:30:00+05:30,24.0,17.87,5.98,275.8,1004.8000000000001,539.67,551.88,0.0,-1.83
2024-02-08 15:30:00+05:30,23.04,18.42,5.86,276.6,1004.4,336.45,349.58,0.0,-2.18
2024-02-08 16:30:00+05:30,19.27,28.03,3.7,275.7,1004.5999999999999,122.45,128.27,0.0,0.3
2024-02-08 17:30:00+05:30,15.4,36.84,3.7,274.6,1005.1999999999999,4.0,4.12,0.0,0.74
2024-02-08 18:30:00+05:30,14.32,37.96,3.78,272.4,1006.1,0.0,0.0,0.0,0.2
2024-02-08 19:30:00+05:30,13.18,39.94,3.73,271.8,1006.5999999999999,0.0,0.0,0.0,-0.1
2024-02-08 20:30:00+05:30,12.19,41.96,3.65,270.8,1007.0999999999999,0.0,0.0,0.0,-0.34
2024-02-08 21:30:00+05:30,11.26,44.03,3.57,270.0,1007.3000000000001,0.0,0.0,0.0,-0.52
2024-02-08 22:30:00+05:30,10.51,45.89,3.47,268.7,1007.0,0.0,0.0,0.0,-0.62
2024-02-08 23:30:00+05:30,9.68,47.95,3.42,269.2,1006.5,0.0,0.0,0.0,-0.78
2024-02-09 00:30:00+05:30,8.93,49.85,3.37,271.2,1006.1,0.0,0.0,0.0,-0.93
2024-02-09 01:30:00+05:30,8.26,51.71,3.31,272.9,1005.8,0.0,0.0,0.0,-1.08
2024-02-09 02:30:00+05:30,7.61,53.58,3.23,274.6,1005.6,0.0,0.0,0.0,-1.19
2024-02-09 03:30:00+05:30,6.95,55.58,3.13,274.4,1005.8,0.0,0.0,0.0,-1.29
2024-02-09 04:30:00+05:30,6.32,57.75,3.02,272.7,1006.5,0.0,0.0,0.0,-1.36
2024-02-09 05:30:00+05:30,5.73,59.87,2.88,266.8,1007.5,0.0,0.0,0.0,-1.43
2024-02-09 06:30:00+05:30,6.88,57.64,2.58,258.1,1008.7,29.38,29.45,0.0,-0.87
2024-02-09 07:30:00+05:30,10.89,41.77,3.35,249.6,1009.9,229.77,230.43,0.0,-1.55
2024-02-09 08:30:00+05:30,14.87,32.69,2.3,244.2,1010.8,455.15,456.02,0.0,-1.33
2024-02-09 09:30:00+05:30,20.26,18.78,1.91,273.6,1011.3,646.08,646.58,0.0,-4.13
2024-02-09 10:30:00+05:30,22.64,14.81,1.77,279.4,1011.0,777.47,777.9,0.0,-5.26
2024-02-09 11:30:00+05:30,23.86,13.31,1.77,287.1,1010.1999999999999,816.1,816.45,0.0,-5.64
2024-02-09 12:30:00+05:30,24.64,12.32,1.84,299.4,1009.0999999999999,798.22,798.22,0.0,-6.01
2024-02-09 13:30:00+05:30,24.85,11.85,1.88,309.2,1008.1999999999999,704.6,704.9,0.0,-6.33
2024-02-09 14:30:00+05:30,24.44,11.87,2.01,312.6,1007.6,544.95,545.47,0.0,-6.63
2024-02-09 15:30:00+05:30,23.26,13.14,1.95,314.2,1007.3000000000001,337.38,337.9,0.0,-6.25
2024-02-09 16:30:00+05:30,19.79,30.71,1.55,320.0,1007.5,122.32,122.6,0.0,1.93
2024-02-09 17:30:00+05:30,17.33,28.92,1.92,328.9,1008.1,4.05,4.05,0.0,-0.91
2024-02-09 18:30:00+05:30,15.93,29.77,2.1,337.9,1008.9,0.0,0.0,0.0,-1.73
2024-02-09 19:30:00+05:30,14.65,31.18,2.28,346.0,1009.5999999999999,0.0,0.0,0.0,-2.19
2024-02-09 20:30:00+05:30,13.63,32.7,2.36,350.7,1009.9,0.0,0.0,0.0,-2.44
2024-02-09 21:30:00+05:30,12.93,33.04,2.32,350.8,1010.0,0.0,0.0,0.0,-2.89
2024-02-09 22:30:00+05:30,12.36,33.28,2.22,349.9,1009.9,0.0,0.0,0.0,-3.27
2024-02-09 23:30:00+05:30,11.94,32.7,2.09,349.2,1009.5999999999999,0.0,0.0,0.0,-3.82
2024-02-10 00:30:00+05:30,11.57,32.78,1.85,349.1,1009.2,0.0,0.0,0.0,-4.1
2024-02-10 01:30:00+05:30,11.13,33.25,1.65,352.4,1008.8,0.0,0.0,0.0,-4.32
2024-02-10 02:30:00+05:30,10.25,35.51,1.5,2.3,1008.4000000000001,0.0,0.0,0.0,-4.21
2024-02-10 03:30:00+05:30,10.04,34.83,1.34,15.2,1008.3,0.0,0.0,0.0,-4.66
2024-02-10 04:30:00+05:30,10.52,32.08,0.87,31.0,1008.6,0.0,0.0,0.0,-5.26
2024-02-10 05:30:00+05:30,10.22,33.15,0.28,96.1,1009.4,0.0,0.0,0.0,-5.07
2024-02-10 06:30:00+05:30,10.02,35.2,0.59,181.9,1010.1999999999999,22.42,22.7,0.0,-4.53
2024-02-10 07:30:00+05:30,12.04,31.15,1.16,205.5,1011.1,189.15,191.93,0.0,-4.41
2024-02-10 08:30:00+05:30,15.25,25.39,0.99,219.3,1011.8000000000001,387.95,390.23,0.0,-4.3
2024-02-10 09:30:00+05:30,20.22,17.26,0.54,318.0,1011.9,573.3,573.72,0.0,-5.21
2024-02-10 10:30:00+05:30,22.75,14.37,1.26,316.9,1011.5,703.25,703.58,0.0,-5.53
2024-02-10 11:30:00+05:30,24.01,13.42,1.76,306.7,1010.9000000000001,790.05,790.28,0.0,-5.44
2024-02-10 12:30:00+05:30,24.76,12.92,2.09,301.1,1010.1,771.4,771.58,0.0,-5.38
2024-02-10 13:30:00+05:30,24.97,12.8,2.3,305.3,1009.4,679.08,679.42,0.0,-5.29
2024-02-10 14:30:00+05:30,24.55,13.28,2.62,315.9,1008.7,522.1,522.6,0.0,-5.2
2024-02-10 15:30:00+05:30,23.5,14.86,2.47,323.4,1008.3,319.85,320.33,0.0,-4.58
2024-02-10 16:30:00+05:30,19.58,33.97,1.92,334.4,1008.1999999999999,113.95,114.18,0.0,3.2
2024-02-10 17:30:00+05:30,16.75,33.57,2.38,341.1,1008.5,4.15,4.18,0.0,0.64
2024-02-10 18:30:00+05:30,15.45,35.3,2.58,342.4,1009.0999999999999,0.0,0.0,0.0,0.2
2024-02-10 19:30:00+05:30,14.3,37.05,2.75,343.7,1009.7,0.0,0.0,0.0,-0.14
2024-02-10 20:30:00+05:30,13.28,38.65,2.89,345.8,1009.9,0.0,0.0,0.0,-0.48
2024-02-10 21:30:00+05:30,12.4,40.04,3.0,347.1,1009.9,0.0,0.0,0.0,-0.76
2024-02-10 22:30:00+05:30,11.62,41.43,3.06,348.5,1009.5999999999999,0.0,0.0,0.0,-1.0
2024-02-10 23:30:00+05:30,10.93,42.73,3.07,349.9,1009.0,0.0,0.0,0.0,-1.2
2024-02-11 00:30:00+05:30,10.39,43.89,2.94,348.8,1008.6,0.0,0.0,0.0,-1.33
2024-02-11 01:30:00+05:30,10.2,43.92,2.59,343.0,1008.3,0.0,0.0,0.0,-1.51
2024-02-11 02:30:00+05:30,10.46,41.89,2.01,327.8,1008.1999999999999,0.0,0.0,0.0,-1.9
2024-02-11 03:30:00+05:30,10.3,41.56,1.41,296.6,1008.1,0.0,0.0,0.0,-2.13
2024-02-11 04:30:00+05:30,9.63,43.62,1.63,253.2,1008.4000000000001,0.0,0.0,0.0,-2.12
2024-02-11 05:30:00+05:30,8.33,48.1,2.18,234.7,1009.0999999999999,0.0,0.0,0.0,-1.97
2024-02-11 06:30:00+05:30,8.8,49.9,2.21,228.7,1009.7,22.95,23.1,0.0,-1.09
2024-02-11 07:30:00+05:30,13.05,34.62,2.37,226.9,1010.3,179.52,181.02,0.0,-2.19
2024-02-11 08:30:00+05:30,16.57,27.09,1.6,230.8,1010.9000000000001,375.65,383.35,0.0,-2.39
2024-02-11 09:30:00+05:30,21.47,18.32,1.37,246.4,1011.5,553.85,562.75,0.0,-3.48
2024-02-11 10:30:00+05:30,24.25,15.15,1.78,271.9,1011.3,678.8,688.0,0.0,-3.76
2024-02-11 11:30:00+05:30,25.81,13.89,2.38,291.7,1010.3,685.45,691.75,0.0,-3.69
2024-02-11 12:30:00+05:30,26.75,13.4,2.85,305.6,1009.0999999999999,665.28,671.7,0.0,-3.4
2024-02-11 13:30:00+05:30,27.01,13.68,3.05,311.8,1008.1,569.28,581.35,0.0,-2.97
2024-02-11 14:30:00+05:30,26.49,14.52,2.97,318.4,1007.5,400.85,432.48,0.0,-2.58
2024-02-11 15:30:00+05:30,25.18,17.15,2.6,330.8,1007.2,225.7,250.57,0.0,-1.48
2024-02-11 16:30:00+05:30,20.65,34.4,2.36,349.0,1007.3000000000001,81.5,84.3,0.0,4.4
2024-02-11 17:30:00+05:30,17.4,36.24,2.94,358.1,1007.6999999999999,3.7,3.67,0.0,2.28
2024-02-11 18:30:00+05:30,16.36,36.75,3.02,1.1,1008.4000000000001,0.0,0.0,0.0,1.55
2024-02-11 19:30:00+05:30,15.61,37.58,2.95,3.3,1009.0,0.0,0.0,0.0,1.21
2024-02-11 20:30:00+05:30,15.05,38.31,2.81,0.0,1009.3000000000001,0.0,0.0,0.0,0.98
2024-02-11 21:30:00+05:30,14.63,38.78,2.64,354.6,1009.4,0.0,0.0,0.0,0.76
2024-02-11 22:30:00+05:30,14.27,38.89,2.49,349.4,1009.3000000000001,0.0,0.0,0.0,0.49
2024-02-11 23:30:00+05:30,13.86,39.22,2.36,347.0,1009.0,0.0,0.0,0.0,0.26
2024-02-12 00:30:00+05:30,13.51,39.37,2.18,349.2,1008.5,0.0,0.0,0.0,-0.01
2024-02-12 01:30:00+05:30,12.99,39.74,2.04,352.7,1008.0,0.0,0.0,0.0,-0.35
2024-02-12 02:30:00+05:30,12.65,39.53,1.76,357.1,1007.6999999999999,0.0,0.0,0.0,-0.75
2024-02-12 03:30:00+05:30,12.36,39.27,1.36,5.1,1007.6,0.0,0.0,0.0,-1.1
2024-02-12 04:30:00+05:30,12.44,37.4,0.88,20.7,1007.8,0.0,0.0,0.0,-1.68
2024-02-12 05:30:00+05:30,12.32,38.51,0.24,60.3,1008.5,0.0,0.0,0.0,-1.36
2024-02-12 06:30:00+05:30,12.08,40.54,0.6,191.5,1009.5,20.25,20.95,0.0,-0.91
2024-02-12 07:30:00+05:30,13.82,34.98,1.33,204.8,1010.5,146.93,159.45,0.0,-1.37
2024-02-12 08:30:00+05:30,16.6,29.53,1.03,219.9,1011.1,301.8,348.5,0.0,-1.23
2024-02-12 09:30:00+05:30,21.54,20.88,1.0,212.7,1011.2,449.23,527.22,0.0,-1.71
2024-02-12 10:30:00+05:30,24.99,18.72,1.38,212.3,1010.1999999999999,644.92,656.65,0.0,-0.41
2024-02-12 11:30:00+05:30,26.67,19.1,1.37,232.1,1008.9,588.72,629.62,0.0,1.22
2024-02-12 12:30:00+05:30,27.73,19.52,1.29,274.4,1007.5,523.53,614.38,0.0,2.41
2024-02-12 13:30:00+05:30,28.15,19.87,1.69,306.8,1006.3,451.33,529.45,0.0,2.99
2024-02-12 14:30:00+05:30,27.83,20.49,2.07,325.8,1005.6,360.2,387.4,0.0,3.16
2024-02-12 15:30:00+05:30,26.61,23.43,2.09,346.4,1005.3,205.45,223.5,0.0,4.02
2024-02-12 16:30:00+05:30,22.28,38.06,2.4,1.4,1005.5,69.55,72.8,0.0,7.3
2024-02-12 17:30:00+05:30,19.08,39.18,3.13,8.6,1006.0,3.65,3.4,0.0,4.89
2024-02-12 18:30:00+05:30,18.79,37.63,3.11,17.2,1006.5999999999999,0.0,0.0,0.0,4.05
2024-02-12 19:30:00+05:30,18.41,37.49,3.02,24.7,1007.2,0.0,0.0,0.0,3.67
2024-02-12 20:30:00+05:30,17.8,38.17,2.95,31.3,1007.4,0.0,0.0,0.0,3.4
2024-02-12 21:30:00+05:30,17.29,39.1,2.85,35.4,1007.6,0.0,0.0,0.0,3.27
2024-02-12 22:30:00+05:30,17.01,39.8,2.7,38.8,1007.5,0.0,0.0,0.01,3.28
2024-02-12 23:30:00+05:30,16.27,41.1,2.66,40.9,1007.4,0.0,0.0,0.31,3.07
2024-02-13 00:30:00+05:30,15.37,43.34,2.72,40.5,1006.9,0.0,0.0,3.01,2.99
2024-02-13 01:30:00+05:30,15.62,47.52,2.47,39.2,1006.5,0.0,0.0,15.7,4.5
2024-02-13 02:30:00+05:30,15.95,55.04,1.9,37.7,1006.5999999999999,0.0,0.0,36.12,6.93
2024-02-13 03:30:00+05:30,16.02,61.52,1.22,42.0,1007.0,0.0,0.0,41.85,8.63
2024-02-13 04:30:00+05:30,15.69,67.45,1.1,101.0,1007.3000000000001,0.0,0.0,15.9,9.66
2024-02-13 05:30:00+05:30,14.79,72.81,1.96,125.5,1007.5,0.0,0.0,1.88,9.96
2024-02-13 06:30:00+05:30,14.84,67.58,2.51,129.8,1008.1999999999999,11.9,16.05,0.08,8.91
2024-02-13 07:30:00+05:30,16.31,56.43,3.49,133.6,1008.8,79.8,108.7,0.01,7.65
2024-02-13 08:30:00+05:30,18.62,47.28,3.95,131.2,1009.2,166.68,248.27,0.0,7.2
2024-02-13 09:30:00+05:30,22.77,40.45,4.13,128.7,1009.0999999999999,254.4,390.55,0.0,8.66
2024-02-13 10:30:00+05:30,25.26,40.18,3.68,133.7,1008.1,266.23,498.95,0.16,10.78
2024-02-13 11:30:00+05:30,26.7,40.23,2.49,132.4,1006.7,368.62,594.92,1.09,12.1
2024-02-13 12:30:00+05:30,27.3,41.08,1.53,136.6,1005.6,301.08,570.67,2.45,12.96
2024-02-13 13:30:00+05:30,27.39,42.58,0.76,116.6,1004.8000000000001,308.75,488.25,4.66,13.58
2024-02-13 14:30:00+05:30,27.05,44.65,0.83,89.3,1004.0,260.77,353.33,5.27,14.0
2024-02-13 15:30:00+05:30,26.19,49.49,1.26,71.6,1003.8,149.4,198.95,2.65,14.8
2024-02-13 16:30:00+05:30,23.97,65.09,1.75,58.6,1003.8,54.8,67.2,1.22,16.99
2024-02-13 17:30:00+05:30,21.82,68.51,2.57,58.3,1004.0999999999999,3.3,3.4,2.26,15.77
2024-02-13 18:30:00+05:30,21.12,69.14,2.97,62.6,1004.8000000000001,0.0,0.0,5.18,15.25
2024-02-13 19:30:00+05:30,20.42,70.71,3.36,69.2,1005.4000000000001,0.0,0.0,10.37,14.92
2024-02-13 20:30:00+05:30,19.71,73.42,3.38,73.1,1005.6999999999999,0.0,0.0,13.82,14.84
2024-02-13 21:30:00+05:30,19.04,77.15,2.92,76.5,1006.0,0.0,0.0,8.9,14.97
2024-02-13 22:30:00+05:30,18.56,80.03,2.79,72.7,1006.2,0.0,0.0,2.15,15.06
2024-02-13 23:30:00+05:30,18.09,82.1,2.91,62.1,1005.9000000000001,0.0,0.0,2.41,15.0
2024-02-14 00:30:00+05:30,17.52,84.02,3.11,57.3,1005.3,0.0,0.0,2.57,14.81
2024-02-14 01:30:00+05:30,16.88,86.2,3.18,55.1,1004.8000000000001,0.0,0.0,4.24,14.57
2024-02-14 02:30:00+05:30,16.29,88.09,3.03,58.6,1004.4,0.0,0.0,4.22,14.32
2024-02-14 03:30:00+05:30,15.87,89.41,2.94,64.4,1004.3000000000001,0.0,0.0,5.56,14.14
2024-02-14 04:30:00+05:30,15.81,89.69,3.05,70.4,1004.5999999999999,0.0,0.0,5.17,14.13
2024-02-14 05:30:00+05:30,15.58,91.19,2.82,75.0,1005.4000000000001,0.0,0.0,6.66,14.17
2024-02-14 06:30:00+05:30,15.76,91.27,3.32,80.1,1006.1,10.02,15.77,12.79,14.36
2024-02-14 07:30:00+05:30,16.62,89.6,3.4,85.3,1007.0,62.85,109.4,17.73,14.92
2024-02-14 08:30:00+05:30,18.14,84.52,2.85,84.4,1007.6999999999999,127.78,255.9,1.14,15.5
2024-02-14 09:30:00+05:30,19.59,78.2,2.7,74.3,1008.0,182.7,410.48,0.54,15.72
2024-02-14 10:30:00+05:30,21.22,70.95,2.78,57.1,1007.6999999999999,227.05,532.5,0.73,15.76
2024-02-14 11:30:00+05:30,22.83,64.54,3.16,41.2,1006.7,248.73,517.08,1.47,15.81
2024-02-14 12:30:00+05:30,23.71,61.31,3.59,32.5,1005.9000000000001,253.73,514.4,1.96,15.83
2024-02-14 13:30:00+05:30,23.75,60.53,3.81,30.8,1005.1999999999999,222.1,448.65,1.69,15.67
2024-02-14 14:30:00+05:30,23.65,59.67,3.82,30.3,1004.8000000000001,162.6,332.48,1.0,15.34
2024-02-14 15:30:00+05:30,23.15,59.8,3.56,34.6,1004.7,95.65,186.57,0.64,14.9
2024-02-14 16:30:00+05:30,21.44,67.69,2.16,45.6,1005.0,43.17,66.82,0.28,15.23
2024-02-14 17:30:00+05:30,18.93,75.16,2.21,60.4,1005.5,3.1,3.6,0.4,14.43
2024-02-14 18:30:00+05:30,17.95,77.19,2.23,72.5,1006.2,0.0,0.0,0.27,13.9
2024-02-14 19:30:00+05:30,17.17,79.08,2.14,85.4,1006.7,0.0,0.0,0.13,13.51
2024-02-14 20:30:00+05:30,16.53,80.93,2.03,102.3,1006.9,0.0,0.0,0.09,13.25
2024-02-14 21:30:00+05:30,15.99,83.16,1.99,119.5,1007.0999999999999,0.0,0.0,0.09,13.14
2024-02-14 22:30:00+05:30,15.54,85.95,1.92,132.9,1007.0999999999999,0.0,0.0,0.02,13.21
2024-02-14 23:30:00+05:30,15.25,88.47,1.78,143.0,1006.8000000000001,0.0,0.0,0.04,13.37
2024-02-15 00:30:00+05:30,15.12,90.22,1.52,152.9,1006.5,0.0,0.0,0.08,13.55
2024-02-15 01:30:00+05:30,14.89,92.49,1.17,168.2,1006.4,0.0,0.0,0.11,13.71
2024-02-15 02:30:00+05:30,14.97,92.85,0.83,198.2,1006.3,0.0,0.0,0.11,13.85
2024-02-15 03:30:00+05:30,14.55,95.79,0.7,258.5,1006.3,0.0,0.0,0.11,13.91
2024-02-15 04:30:00+05:30,13.49,100.0,1.02,297.6,1006.7,0.0,0.0,0.1,13.85
2024-02-15 05:30:00+05:30,12.86,100.0,1.34,309.3,1007.5,0.0,0.0,0.1,13.65
2024-02-15 06:30:00+05:30,13.32,100.0,1.31,309.8,1008.4000000000001,14.05,21.65,0.07,13.53
2024-02-15 07:30:00+05:30,15.8,87.48,1.65,306.9,1009.2,72.93,152.1,0.01,13.75
2024-02-15 08:30:00+05:30,20.05,58.64,1.36,337.6,1009.8000000000001,139.18,340.77,0.0,11.71
2024-02-15 09:30:00+05:30,23.31,43.84,1.22,2.3,1009.9,219.1,520.6,0.0,10.35
2024-02-15 10:30:00+05:30,25.17,38.34,0.93,352.0,1009.5999999999999,340.02,653.53,0.0,10.02
2024-02-15 11:30:00+05:30,26.33,34.69,0.99,319.5,1008.6,409.05,611.53,0.0,9.55
2024-02-15 12:30:00+05:30,27.01,32.07,1.31,297.7,1007.5,409.52,598.1,0.0,8.99
2024-02-15 13:30:00+05:30,27.25,30.23,1.7,287.1,1006.7,476.4,521.67,0.0,8.3
2024-02-15 14:30:00+05:30,26.88,29.74,2.02,284.7,1006.1,371.58,388.12,0.0,7.75
2024-02-15 15:30:00+05:30,25.93,31.02,2.14,286.0,1006.0,225.98,230.55,0.0,7.54
2024-02-15 16:30:00+05:30,22.96,47.87,1.63,294.2,1006.2,77.75,78.8,0.0,11.25
2024-02-15 17:30:00+05:30,20.68,48.09,1.91,308.8,1006.8000000000001,4.2,4.2,0.0,9.31
2024-02-15 18:30:00+05:30,19.54,49.52,2.04,324.4,1007.5,0.0,0.0,0.0,8.71
2024-02-15 19:30:00+05:30,18.48,50.97,2.14,336.1,1008.1,0.0,0.0,0.0,8.16
2024-02-15 20:30:00+05:30,17.6,51.97,2.19,341.6,1008.4000000000001,0.0,0.0,0.0,7.62
2024-02-15 21:30:00+05:30,17.02,51.93,2.12,341.6,1008.5,0.0,0.0,0.0,7.09
2024-02-15 22:30:00+05:30,16.74,50.83,1.9,338.7,1008.3,0.0,0.0,0.0,6.53
2024-02-15 23:30:00+05:30,16.64,49.36,1.57,332.8,1008.1,0.0,0.0,0.0,6.0
2024-02-16 00:30:00+05:30,16.15,49.86,1.22,321.3,1007.9000000000001,0.0,0.0,0.0,5.68
2024-02-16 01:30:00+05:30,16.27,47.37,1.06,299.5,1007.5,0.0,0.0,0.0,5.08
2024-02-16 02:30:00+05:30,15.64,47.87,1.07,275.9,1007.4,0.0,0.0,0.0,4.65
2024-02-16 03:30:00+05:30,14.25,52.25,1.14,261.4,1007.4,0.0,0.0,0.0,4.63
2024-02-16 04:30:00+05:30,13.19,56.21,1.24,250.3,1007.8,0.0,0.0,0.0,4.68
2024-02-16 05:30:00+05:30,12.58,59.1,1.39,239.4,1008.5,0.0,0.0,0.0,4.83
2024-02-16 06:30:00+05:30,12.66,62.8,1.53,232.7,1009.3000000000001,15.98,22.52,0.0,5.76
2024-02-16 07:30:00+05:30,15.52,54.21,1.93,232.8,1010.0,96.75,154.93,0.0,6.31
2024-02-16 08:30:00+05:30,18.75,43.32,1.46,244.0,1010.6999999999999,222.52,341.0,0.0,6.03
2024-02-16 09:30:00+05:30,23.08,29.54,1.39,260.5,1010.9000000000001,399.23,516.3,0.0,4.37
2024-02-16 10:30:00+05:30,25.21,24.93,1.47,268.1,1010.4000000000001,613.67,636.6,0.0,3.79
2024-02-16 11:30:00+05:30,26.41,22.77,1.83,275.3,1009.3000000000001,669.62,670.28,0.0,3.51
2024-02-16 12:30:00+05:30,27.21,21.2,2.15,282.9,1008.0,663.4,665.08,0.0,3.18
2024-02-16 13:30:00+05:30,27.49,20.44,2.29,289.6,1006.9,579.35,582.28,0.0,2.88
2024-02-16 14:30:00+05:30,27.29,20.22,2.45,298.0,1006.2,442.73,443.4,0.0,2.56
2024-02-16 15:30:00+05:30,26.23,22.7,2.21,308.2,1005.9000000000001,288.98,289.67,0.0,3.28
2024-02-16 16:30:00+05:30,22.69,41.15,1.71,327.1,1006.0,101.85,102.18,0.0,8.75
2024-02-16 17:30:00+05:30,20.27,39.51,2.07,340.8,1006.4,5.0,5.0,0.0,6.07
2024-02-16 18:30:00+05:30,19.15,40.58,2.16,347.4,1007.0999999999999,0.0,0.0,0.0,5.45
2024-02-16 19:30:00+05:30,18.51,40.89,2.08,349.8,1007.5,0.0,0.0,0.0,5.0
2024-02-16 20:30:00+05:30,18.23,40.47,1.84,346.8,1007.6,0.0,0.0,0.0,4.59
2024-02-16 21:30:00+05:30,17.85,40.88,1.41,337.1,1007.3000000000001,0.0,0.0,0.0,4.39
2024-02-16 22:30:00+05:30,18.24,38.26,1.09,312.0,1006.7,0.0,0.0,0.0,3.8
2024-02-16 23:30:00+05:30,17.8,38.36,1.15,279.5,1006.2,0.0,0.0,0.0,3.45
2024-02-17 00:30:00+05:30,16.02,44.26,1.42,266.0,1005.6999999999999,0.0,0.0,0.0,3.88
2024-02-17 01:30:00+05:30,15.25,46.19,1.74,257.1,1005.1999999999999,0.0,0.0,0.0,3.79
2024-02-17 02:30:00+05:30,14.07,49.73,2.09,249.0,1004.7,0.0,0.0,0.0,3.75
2024-02-17 03:30:00+05:30,12.78,53.86,2.45,250.2,1004.5,0.0,0.0,0.0,3.7
2024-02-17 04:30:00+05:30,12.0,56.24,2.58,249.1,1004.5,0.0,0.0,0.0,3.58
2024-02-17 05:30:00+05:30,11.48,57.5,2.62,244.7,1004.5999999999999,0.0,0.0,0.0,3.42
2024-02-17 06:30:00+05:30,12.22,58.28,2.56,243.0,1005.0,30.3,30.38,0.0,4.29
2024-02-17 07:30:00+05:30,16.56,42.07,3.33,245.9,1005.6,207.02,207.75,0.0,3.62
2024-02-17 08:30:00+05:30,20.01,34.24,2.92,251.0,1006.1,413.23,414.35,0.0,3.81
2024-02-17 09:30:00+05:30,24.5,23.91,3.54,277.0,1006.2,607.8,609.0,0.0,2.58
2024-02-17 10:30:00+05:30,26.34,19.79,4.08,283.9,1005.9000000000001,741.22,742.17,0.0,1.5
2024-02-17 11:30:00+05:30,27.46,17.54,4.43,286.9,1004.8000000000001,807.95,808.55,0.0,0.71
2024-02-17 12:30:00+05:30,28.08,16.18,4.49,288.2,1003.6,792.3,792.65,0.0,0.13
2024-02-17 13:30:00+05:30,28.22,15.57,4.43,290.2,1002.4,701.95,702.33,0.0,-0.31
2024-02-17 14:30:00+05:30,27.79,15.61,4.32,293.3,1001.8000000000001,547.38,547.78,0.0,-0.59
2024-02-17 15:30:00+05:30,26.67,17.08,3.87,297.2,1001.5999999999999,344.98,345.3,0.0,-0.31
2024-02-17 16:30:00+05:30,22.4,35.34,2.41,306.1,1001.7,133.88,134.02,0.0,6.25
2024-02-17 17:30:00+05:30,19.23,38.52,2.6,315.3,1002.0999999999999,6.6,6.6,0.0,4.8
2024-02-17 18:30:00+05:30,18.68,37.44,2.41,321.4,1002.6999999999999,0.0,0.0,0.0,3.91
2024-02-17 19:30:00+05:30,18.46,36.02,2.12,323.5,1003.1999999999999,0.0,0.0,0.0,3.13
2024-02-17 20:30:00+05:30,18.41,33.64,1.78,324.6,1003.4000000000001,0.0,0.0,0.0,2.12
2024-02-17 21:30:00+05:30,18.62,31.7,1.17,327.5,1003.1999999999999,0.0,0.0,0.0,1.47
2024-02-17 22:30:00+05:30,18.92,28.9,0.66,319.3,1002.8,0.0,0.0,0.0,0.47
2024-02-17 23:30:00+05:30,18.53,29.08,0.33,252.1,1002.5,0.0,0.0,0.0,0.24
2024-02-18 00:30:00+05:30,17.48,30.89,0.88,195.1,1002.2,0.0,0.0,0.0,0.13
2024-02-18 01:30:00+05:30,15.22,37.52,1.64,189.1,1001.8000000000001,0.0,0.0,0.0,0.83
2024-02-18 02:30:00+05:30,13.48,43.74,2.29,192.9,1001.5,0.0,0.0,0.0,1.38
2024-02-18 03:30:00+05:30,11.89,49.23,2.73,196.6,1001.4,0.0,0.0,0.0,1.58
2024-02-18 04:30:00+05:30,10.89,52.87,3.02,200.8,1001.7,0.0,0.0,0.0,1.68
2024-02-18 05:30:00+05:30,10.35,55.49,3.16,204.7,1002.6,0.0,0.0,0.0,1.83
2024-02-18 06:30:00+05:30,11.81,54.69,2.88,207.5,1003.4000000000001,31.7,32.22,0.0,2.98
2024-02-18 07:30:00+05:30,16.67,38.93,3.51,210.5,1004.2,206.52,209.6,0.0,2.64
2024-02-18 08:30:00+05:30,20.22,32.27,2.29,211.0,1004.9,409.73,422.08,0.0,3.15
2024-02-18 09:30:00+05:30,25.2,20.65,1.56,244.1,1005.1,592.17,609.72,0.0,1.13
2024-02-18 10:30:00+05:30,27.28,17.73,1.88,285.7,1004.7,724.15,740.75,0.0,0.74
2024-02-18 11:30:00+05:30,28.37,16.78,2.43,300.2,1003.7,793.0,811.0,0.0,0.85
2024-02-18 12:30:00+05:30,28.91,16.53,2.92,305.1,1002.6,782.67,792.8,0.0,1.08
2024-02-18 13:30:00+05:30,28.92,16.74,2.87,308.3,1001.5999999999999,662.4,699.8,0.0,1.27
2024-02-18 14:30:00+05:30,28.41,17.48,2.53,309.2,1000.8,509.23,541.25,0.0,1.43
2024-02-18 15:30:00+05:30,27.3,19.04,2.31,312.4,1000.4000000000001,316.62,336.4,0.0,1.73
2024-02-18 16:30:00+05:30,23.76,37.19,1.73,333.9,1000.8,120.45,125.4,0.0,8.16
2024-02-18 17:30:00+05:30,21.17,35.36,1.99,5.2,1001.5,6.82,6.82,0.0,5.27
2024-02-18 18:30:00+05:30,20.05,36.48,2.1,34.1,1002.3000000000001,0.0,0.0,0.0,4.75
2024-02-18 19:30:00+05:30,18.66,39.36,2.37,54.6,1003.1,0.0,0.0,0.0,4.59
2024-02-18 20:30:00+05:30,17.41,41.88,2.6,62.7,1003.5,0.0,0.0,0.0,4.34
2024-02-18 21:30:00+05:30,16.3,44.34,2.81,64.3,1003.8,0.0,0.0,0.0,4.15
2024-02-18 22:30:00+05:30,15.46,46.69,2.93,70.0,1003.6,0.0,0.0,0.0,4.12
2024-02-18 23:30:00+05:30,14.93,48.11,2.88,76.5,1003.5,0.0,0.0,0.0,4.07
2024-02-19 00:30:00+05:30,14.61,48.81,2.69,85.5,1003.1999999999999,0.0,0.0,0.0,3.98
2024-02-19 01:30:00+05:30,14.27,49.38,2.56,98.8,1002.6,0.0,0.0,0.0,3.82
2024-02-19 02:30:00+05:30,13.58,51.52,2.71,116.6,1002.3000000000001,0.0,0.0,0.0,3.8
2024-02-19 03:30:00+05:30,12.91,53.27,3.07,129.4,1002.0999999999999,0.0,0.0,0.0,3.66
2024-02-19 04:30:00+05:30,12.66,53.5,3.29,135.9,1002.0999999999999,0.0,0.0,0.0,3.5
2024-02-19 05:30:00+05:30,12.52,53.91,3.4,139.9,1002.6,0.0,0.0,0.0,3.47
2024-02-19 06:30:00+05:30,14.04,49.87,3.69,142.8,1003.6,28.05,28.3,0.0,3.76
2024-02-19 07:30:00+05:30,17.32,40.61,4.17,139.5,1004.5,168.9,177.43,0.0,3.84
2024-02-19 08:30:00+05:30,20.84,34.32,3.12,119.6,1005.1,327.05,364.45,0.0,4.56
2024-02-19 09:30:00+05:30,25.62,22.89,4.17,117.1,1005.4000000000001,487.8,533.03,0.0,2.92
2024-02-19 10:30:00+05:30,28.13,20.12,3.88,116.2,1004.8000000000001,631.85,632.28,0.0,3.19
2024-02-19 11:30:00+05:30,29.75,19.67,3.51,116.9,1003.5,717.92,718.22,0.0,4.18
2024-02-19 12:30:00+05:30,30.62,20.18,3.07,119.2,1002.0,701.22,701.22,0.0,5.26
2024-02-19 13:30:00+05:30,30.79,21.29,2.53,116.8,1000.8,615.42,615.72,0.0,6.18
2024-02-19 14:30:00+05:30,30.65,22.57,2.13,103.8,1000.1,468.55,469.17,0.0,6.9
2024-02-19 15:30:00+05:30,29.95,25.21,2.11,82.1,999.7,284.02,284.6,0.0,7.91
2024-02-19 16:30:00+05:30,25.89,41.53,2.37,64.3,999.8000000000001,110.6,110.88,0.0,11.82
2024-02-19 17:30:00+05:30,22.32,44.21,3.29,65.6,1000.1999999999999,6.03,6.03,0.0,9.59
2024-02-19 18:30:00+05:30,21.31,44.16,3.42,71.1,1000.9000000000001,0.0,0.0,0.0,8.65
2024-02-19 19:30:00+05:30,20.53,45.17,3.43,76.3,1001.3,0.0,0.0,0.0,8.27
2024-02-19 20:30:00+05:30,19.79,46.87,3.36,81.4,1001.5,0.0,0.0,0.0,8.15
2024-02-19 21:30:00+05:30,19.09,48.89,3.3,86.3,1001.4,0.0,0.0,0.0,8.12
2024-02-19 22:30:00+05:30,18.44,50.6,3.25,91.9,1001.2,0.0,0.0,0.0,8.04
2024-02-19 23:30:00+05:30,17.81,52.31,3.22,102.9,1000.6999999999999,0.0,0.0,0.0,7.93
2024-02-20 00:30:00+05:30,17.23,53.9,3.21,117.8,1000.1,0.0,0.0,0.0,7.84
2024-02-20 01:30:00+05:30,16.7,55.96,3.21,132.7,999.4,0.0,0.0,0.0,7.89
2024-02-20 02:30:00+05:30,16.21,58.92,3.15,146.3,999.0999999999999,0.0,0.0,0.0,8.19
2024-02-20 03:30:00+05:30,15.79,62.55,3.06,159.9,998.9,0.0,0.0,0.0,8.67
2024-02-20 04:30:00+05:30,15.53,66.15,2.97,177.3,999.2,0.0,0.0,0.0,9.27
2024-02-20 05:30:00+05:30,15.3,69.2,2.94,200.3,999.9,0.0,0.0,0.0,9.71
2024-02-20 06:30:00+05:30,16.89,63.8,2.93,221.4,1000.6,34.28,34.3,0.0,10.01
2024-02-20 07:30:00+05:30,20.38,49.91,4.25,237.1,1001.3,218.12,218.25,0.0,9.59
2024-02-20 08:30:00+05:30,24.23,37.14,3.98,252.0,1001.8000000000001,426.38,426.55,0.0,8.67
2024-02-20 09:30:00+05:30,28.29,26.82,4.58,269.9,1002.0,607.92,608.1,0.0,7.42
2024-02-20 10:30:00+05:30,31.33,23.34,6.14,289.6,1001.4,731.62,731.78,0.0,7.96
2024-02-20 11:30:00+05:30,32.15,23.99,6.28,297.6,1000.4000000000001,792.15,792.3,0.0,9.04
2024-02-20 12:30:00+05:30,32.29,25.22,6.17,300.8,999.3000000000001,774.22,774.33,0.0,9.91
2024-02-20 13:30:00+05:30,32.0,26.95,5.93,301.1,998.3,683.58,683.97,0.0,10.67
2024-02-20 14:30:00+05:30,31.28,29.17,5.51,301.2,997.8,516.9,529.6,0.01,11.25
2024-02-20 15:30:00+05:30,30.24,31.57,5.1,301.4,997.6,315.4,332.67,0.02,11.55
2024-02-20 16:30:00+05:30,27.49,40.23,3.09,304.7,997.8,123.78,128.48,0.02,12.79
2024-02-20 17:30:00+05:30,23.71,51.67,2.73,315.3,998.3,6.72,7.6,0.03,13.21
2024-02-20 18:30:00+05:30,23.04,52.65,2.39,330.4,999.0,0.0,0.0,0.06,12.87
2024-02-20 19:30:00+05:30,23.25,50.74,1.83,356.2,999.5,0.0,0.0,0.31,12.5
2024-02-20 20:30:00+05:30,23.43,49.2,1.33,23.5,999.5999999999999,0.0,0.0,0.31,12.19
2024-02-20 21:30:00+05:30,23.73,47.93,0.91,44.6,999.3000000000001,0.0,0.0,0.14,12.04
2024-02-20 22:30:00+05:30,24.03,48.33,0.53,30.4,999.0999999999999,0.0,0.0,0.08,12.38
2024-02-20 23:30:00+05:30,23.44,49.63,0.74,341.8,999.0,0.0,0.0,0.16,12.23
2024-02-21 00:30:00+05:30,22.39,53.05,1.05,354.6,998.7,0.0,0.0,0.23,12.35
2024-02-21 01:30:00+05:30,21.93,53.99,1.19,18.1,998.1999999999999,0.0,0.0,0.15,12.2
2024-02-21 02:30:00+05:30,21.34,55.32,1.05,26.6,997.6999999999999,0.0,0.0,0.15,12.03
2024-02-21 03:30:00+05:30,21.33,55.1,0.76,3.0,997.6,0.0,0.0,0.16,11.95
2024-02-21 04:30:00+05:30,20.6,57.2,0.86,329.3,998.0,0.0,0.0,0.07,11.84
2024-02-21 05:30:00+05:30,19.32,61.18,1.24,327.8,998.7,0.0,0.0,0.39,11.68
2024-02-21 06:30:00+05:30,19.28,64.08,1.81,340.0,999.5,34.72,36.4,2.45,12.33
2024-02-21 07:30:00+05:30,20.51,60.28,2.77,358.6,1000.3,198.98,220.05,4.2,12.58
2024-02-21 08:30:00+05:30,22.75,53.57,2.1,27.5,1000.9000000000001,395.92,432.08,2.38,12.87
2024-02-21 09:30:00+05:30,26.42,42.05,0.34,295.8,1001.0,583.35,613.7,2.79,12.53
2024-02-21 10:30:00+05:30,29.07,34.66,1.87,257.7,1000.4000000000001,731.55,738.95,2.68,11.94
2024-02-21 11:30:00+05:30,30.43,31.29,2.35,259.9,999.4,655.25,761.47,1.5,11.56
2024-02-21 12:30:00+05:30,31.12,29.2,2.52,255.0,998.1999999999999,671.25,736.03,0.89,11.11
2024-02-21 13:30:00+05:30,31.29,27.88,2.62,245.7,997.0999999999999,480.65,563.15,0.7,10.57
2024-02-21 14:30:00+05:30,30.85,27.5,2.63,248.3,996.5,403.3,414.27,0.54,9.98
2024-02-21 15:30:00+05:30,30.02,28.2,2.44,267.0,996.2,243.3,252.43,0.89,9.66
2024-02-21 16:30:00+05:30,27.53,41.53,1.58,312.2,996.2,92.15,93.4,0.76,13.17
2024-02-21 17:30:00+05:30,23.96,48.94,2.51,351.7,996.5,5.15,6.32,0.11,12.57
2024-02-21 18:30:00+05:30,23.37,49.49,2.74,0.2,997.4,0.0,0.0,0.1,12.23
2024-02-21 19:30:00+05:30,22.81,50.05,2.77,3.3,998.4000000000001,0.0,0.0,0.23,11.89
2024-02-21 20:30:00+05:30,21.97,52.88,2.6,6.6,999.0,0.0,0.0,1.0,11.95
2024-02-21 21:30:00+05:30,21.29,56.2,2.34,8.1,999.2,0.0,0.0,0.9,12.24
2024-02-21 22:30:00+05:30,20.8,57.92,2.27,11.2,999.2,0.0,0.0,0.73,12.24
2024-02-21 23:30:00+05:30,20.4,59.09,2.27,12.2,999.0,0.0,0.0,3.0,12.17
2024-02-22 00:30:00+05:30,20.15,61.5,2.03,7.7,999.0999999999999,0.0,0.0,15.61,12.54
2024-02-22 01:30:00+05:30,19.83,64.7,1.81,17.7,998.8,0.0,0.0,10.89,12.99
2024-02-22 02:30:00+05:30,19.19,66.28,2.13,41.8,998.1,0.0,0.0,1.33,12.76
2024-02-22 03:30:00+05:30,18.37,67.59,2.4,45.7,998.1,0.0,0.0,1.28,12.28
2024-02-22 04:30:00+05:30,17.93,69.13,2.37,32.8,998.6,0.0,0.0,1.29,12.21
2024-02-22 05:30:00+05:30,17.39,70.54,2.51,17.9,999.3000000000001,0.0,0.0,0.84,12.0
2024-02-22 06:30:00+05:30,18.32,67.41,2.7,12.0,1000.1,24.83,27.02,0.66,12.21
2024-02-22 07:30:00+05:30,20.67,56.53,3.7,8.2,1001.0,134.93,150.88,0.47,11.76
2024-02-22 08:30:00+05:30,24.14,40.68,3.73,0.3,1001.7,273.27,321.1,1.77,9.93
2024-02-22 09:30:00+05:30,26.54,30.58,3.37,347.0,1002.0,445.17,502.73,1.83,7.88
2024-02-22 10:30:00+05:30,27.86,28.04,3.23,326.1,1001.7,577.42,634.03,0.91,7.71
2024-02-22 11:30:00+05:30,28.77,26.18,3.56,311.7,1001.0,708.0,725.55,0.26,7.47
2024-02-22 12:30:00+05:30,29.11,24.78,3.99,306.0,1000.1999999999999,598.9,717.22,0.1,6.96
2024-02-22 13:30:00+05:30,28.94,23.81,4.28,305.2,999.5,408.98,624.1,0.1,6.23
2024-02-22 14:30:00+05:30,28.44,23.23,4.27,306.3,999.2,304.3,471.27,0.07,5.47
2024-02-22 15:30:00+05:30,27.46,23.72,3.91,307.0,999.2,211.95,289.25,0.03,4.95
2024-02-22 16:30:00+05:30,24.5,37.08,2.31,308.3,999.5999999999999,88.68,109.35,0.0,8.79
2024-02-22 17:30:00+05:30,21.19,45.22,2.6,313.9,1000.1999999999999,7.07,7.43,0.0,8.86
2024-02-22 18:30:00+05:30,20.22,45.62,2.64,320.4,1001.0,0.0,0.0,0.0,8.13
2024-02-22 19:30:00+05:30,19.41,46.09,2.63,325.5,1001.8000000000001,0.0,0.0,0.0,7.56
2024-02-22 20:30:00+05:30,18.7,46.43,2.54,332.6,1002.2,0.0,0.0,0.0,7.0
2024-02-22 21:30:00+05:30,18.04,46.62,2.44,344.1,1002.4,0.0,0.0,0.0,6.46
2024-02-22 22:30:00+05:30,17.36,47.05,2.41,356.9,1002.4,0.0,0.0,0.0,5.97
2024-02-22 23:30:00+05:30,16.7,47.37,2.41,8.1,1002.4,0.0,0.0,0.0,5.46
2024-02-23 00:30:00+05:30,16.0,47.59,2.42,18.1,1002.2,0.0,0.0,0.0,4.88
2024-02-23 01:30:00+05:30,15.49,47.34,2.35,28.7,1001.9,0.0,0.0,0.0,4.33
2024-02-23 02:30:00+05:30,15.27,47.35,2.21,31.7,1001.7,0.0,0.0,0.0,4.12
2024-02-23 03:30:00+05:30,14.95,47.03,1.99,27.5,1001.8000000000001,0.0,0.0,0.0,3.77
2024-02-23 04:30:00+05:30,14.67,44.17,1.71,19.5,1002.4,0.0,0.0,0.0,2.63
2024-02-23 05:30:00+05:30,14.41,43.2,1.31,2.6,1003.1999999999999,0.0,0.0,0.0,2.07
2024-02-23 06:30:00+05:30,15.09,44.37,1.07,328.4,1004.0999999999999,34.88,37.12,0.0,2.91
2024-02-23 07:30:00+05:30,17.35,33.18,1.6,298.8,1005.0,195.4,210.43,0.0,1.01
2024-02-23 08:30:00+05:30,21.43,25.25,1.86,295.9,1005.6999999999999,406.83,427.58,0.0,0.75
2024-02-23 09:30:00+05:30,25.3,18.35,2.39,302.9,1005.9000000000001,602.8,619.6,0.0,-0.42
2024-02-23 10:30:00+05:30,26.85,17.05,2.36,294.0,1005.4000000000001,746.33,755.28,0.0,-0.16
2024-02-23 11:30:00+05:30,27.89,16.25,2.46,288.0,1004.5999999999999,845.28,845.58,0.0,0.01
2024-02-23 12:30:00+05:30,28.43,15.85,2.57,287.0,1003.4000000000001,830.1,830.47,0.0,0.1
2024-02-23 13:30:00+05:30,28.46,15.77,2.59,288.2,1002.5,738.7,739.92,0.0,0.05
2024-02-23 14:30:00+05:30,27.93,16.21,2.61,291.4,1001.8000000000001,581.15,583.95,0.0,-0.01
2024-02-23 15:30:00+05:30,26.81,17.3,2.64,296.8,1001.7,375.95,378.5,0.0,0.01
2024-02-23 16:30:00+05:30,23.87,31.37,1.78,307.3,1001.9,157.2,158.45,0.0,5.65
2024-02-23 17:30:00+05:30,20.3,37.13,2.26,324.2,1002.4,9.65,9.7,0.0,5.2
2024-02-23 18:30:00+05:30,19.01,37.64,2.41,337.8,1003.1,0.0,0.0,0.0,4.28
2024-02-23 19:30:00+05:30,18.08,38.22,2.45,349.2,1003.7,0.0,0.0,0.0,3.64
2024-02-23 20:30:00+05:30,17.21,38.84,2.51,353.8,1004.0,0.0,0.0,0.0,3.11
2024-02-23 21:30:00+05:30,16.42,39.63,2.57,356.0,1004.0999999999999,0.0,0.0,0.0,2.67
2024-02-23 22:30:00+05:30,15.68,40.65,2.63,354.8,1004.0,0.0,0.0,0.0,2.38
2024-02-23 23:30:00+05:30,14.95,41.76,2.74,350.7,1004.0999999999999,0.0,0.0,0.0,2.1
2024-02-24 00:30:00+05:30,14.35,42.62,2.77,348.8,1004.0,0.0,0.0,0.0,1.85
2024-02-24 01:30:00+05:30,13.89,43.39,2.7,349.3,1003.7,0.0,0.0,0.0,1.68
2024-02-24 02:30:00+05:30,13.56,43.8,2.57,351.7,1003.3,0.0,0.0,0.0,1.49
2024-02-24 03:30:00+05:30,13.42,43.25,2.36,356.4,1003.1999999999999,0.0,0.0,0.0,1.19
2024-02-24 04:30:00+05:30,13.41,42.14,2.12,4.9,1003.4000000000001,0.0,0.0,0.0,0.81
2024-02-24 05:30:00+05:30,13.41,40.29,1.89,19.1,1003.9,0.0,0.0,0.0,0.18
2024-02-24 06:30:00+05:30,14.52,42.19,1.54,35.2,1004.9,38.55,42.4,0.0,1.77
2024-02-24 07:30:00+05:30,17.9,30.03,1.57,68.3,1005.8,190.05,230.4,0.0,0.05
2024-02-24 08:30:00+05:30,21.44,23.68,1.43,92.0,1006.5,374.08,447.23,0.0,-0.11
2024-02-24 09:30:00+05:30,26.14,15.48,1.01,343.4,1006.8000000000001,534.55,632.85,0.0,-2.01
2024-02-24 10:30:00+05:30,27.71,14.63,2.08,301.6,1006.5,712.8,761.15,0.0,-1.54
2024-02-24 11:30:00+05:30,28.59,14.67,2.51,294.9,1005.6,703.3,797.4,0.0,-0.85
2024-02-24 12:30:00+05:30,29.06,14.9,2.57,293.7,1004.3000000000001,668.12,778.83,0.0,-0.26
2024-02-24 13:30:00+05:30,29.0,15.33,2.44,295.7,1003.0,665.75,684.15,0.0,0.12
2024-02-24 14:30:00+05:30,28.4,16.19,2.2,302.2,1002.4,514.22,525.42,0.0,0.36
2024-02-24 15:30:00+05:30,27.26,17.53,1.95,319.8,1002.3000000000001,302.52,322.92,0.0,0.55
2024-02-24 16:30:00+05:30,24.33,31.43,1.59,351.7,1002.6,117.72,123.35,0.0,6.09
2024-02-24 17:30:00+05:30,20.28,36.8,2.67,11.2,1003.1,7.8,8.4,0.0,5.07
2024-02-24 18:30:00+05:30,18.93,35.3,3.2,19.7,1004.0,0.0,0.0,0.0,3.27
2024-02-24 19:30:00+05:30,18.15,33.62,3.4,28.1,1004.8000000000001,0.0,0.0,0.0,1.92
2024-02-24 20:30:00+05:30,17.55,33.17,3.45,34.6,1005.1999999999999,0.0,0.0,0.0,1.21
2024-02-24 21:30:00+05:30,16.87,34.05,3.35,39.9,1005.3,0.0,0.0,0.0,0.95
2024-02-24 22:30:00+05:30,16.11,35.55,3.2,45.1,1005.1,0.0,0.0,0.0,0.88
2024-02-24 23:30:00+05:30,15.19,37.61,3.1,48.1,1004.9,0.0,0.0,0.0,0.84
2024-02-25 00:30:00+05:30,14.32,39.97,3.01,47.8,1004.8000000000001,0.0,0.0,0.0,0.91
2024-02-25 01:30:00+05:30,13.68,41.86,2.9,45.6,1004.5,0.0,0.0,0.0,0.98
2024-02-25 02:30:00+05:30,13.17,43.38,2.78,43.4,1004.3000000000001,0.0,0.0,0.0,1.02
2024-02-25 03:30:00+05:30,12.68,44.57,2.66,49.1,1004.2,0.0,0.0,0.0,0.96
2024-02-25 04:30:00+05:30,12.2,45.67,2.59,57.0,1004.5,0.0,0.0,0.0,0.87
2024-02-25 05:30:00+05:30,11.82,46.63,2.44,67.1,1005.1,0.0,0.0,0.0,0.8
2024-02-25 06:30:00+05:30,13.52,45.28,1.86,80.1,1006.2,38.03,40.97,0.0,1.91
2024-02-25 07:30:00+05:30,16.75,31.33,1.87,104.3,1007.2,187.57,221.6,0.0,-0.31
2024-02-25 08:30:00+05:30,20.98,23.93,1.6,105.3,1007.6,393.55,437.6,0.0,-0.38
2024-02-25 09:30:00+05:30,25.59,16.59,2.39,93.8,1007.6,607.62,625.6,0.0,-1.52
2024-02-25 10:30:00+05:30,27.24,16.21,1.76,92.9,1007.2,619.5,756.17,0.0,-0.55
2024-02-25 11:30:00+05:30,28.28,16.41,1.2,80.9,1006.2,567.9,806.67,0.0,0.46
2024-02-25 12:30:00+05:30,28.79,16.77,0.93,38.5,1005.0,591.78,788.7,0.0,1.17
2024-02-25 13:30:00+05:30,28.2,17.84,1.28,3.1,1004.0999999999999,554.03,692.2,0.0,1.56
2024-02-25 14:30:00+05:30,27.93,18.45,1.51,1.1,1003.4000000000001,472.25,534.45,0.0,1.82
2024-02-25 15:30:00+05:30,27.07,19.66,1.9,1.5,1003.1,297.77,332.05,0.0,2.0
2024-02-25 16:30:00+05:30,24.49,32.15,1.61,359.6,1003.4000000000001,123.62,129.3,0.0,6.63
2024-02-25 17:30:00+05:30,20.89,37.67,2.32,3.2,1003.8,9.05,8.88,0.0,5.95
2024-02-25 18:30:00+05:30,19.55,39.28,2.67,0.0,1004.8000000000001,0.0,0.0,0.0,5.36
2024-02-25 19:30:00+05:30,18.71,40.54,2.87,359.0,1005.8,0.0,0.0,0.0,5.05
2024-02-25 20:30:00+05:30,18.29,41.32,2.86,6.6,1006.0,0.0,0.0,0.0,4.95
2024-02-25 21:30:00+05:30,17.68,42.7,2.81,17.2,1005.9000000000001,0.0,0.0,0.0,4.86
2024-02-25 22:30:00+05:30,16.65,44.22,2.9,17.9,1006.0,0.0,0.0,0.0,4.44
2024-02-25 23:30:00+05:30,15.83,45.6,2.87,24.5,1005.8,0.0,0.0,0.0,4.12
2024-02-26 00:30:00+05:30,15.64,45.98,2.77,28.7,1005.6999999999999,0.0,0.0,0.0,4.09
2024-02-26 01:30:00+05:30,15.47,46.02,2.65,30.3,1005.6,0.0,0.0,0.0,3.95
2024-02-26 02:30:00+05:30,14.48,47.09,2.66,29.5,1005.4000000000001,0.0,0.0,0.0,3.36
2024-02-26 03:30:00+05:30,13.83,47.5,2.59,26.6,1005.5,0.0,0.0,0.0,2.89
2024-02-26 04:30:00+05:30,13.63,47.62,2.39,28.7,1005.8,0.0,0.0,0.0,2.75
2024-02-26 05:30:00+05:30,13.65,48.2,2.05,37.5,1006.2,0.0,0.0,0.0,2.94
2024-02-26 06:30:00+05:30,14.71,47.71,1.42,58.6,1006.8000000000001,30.5,40.08,0.0,3.71
2024-02-26 07:30:00+05:30,16.34,38.07,1.16,97.4,1007.5,145.23,215.7,0.0,2.03
2024-02-26 08:30:00+05:30,18.26,34.66,1.16,164.1,1008.1999999999999,290.2,426.08,0.0,2.44
2024-02-26 09:30:00+05:30,22.66,23.61,1.09,149.7,1008.4000000000001,436.5,611.38,0.0,0.8
2024-02-26 10:30:00+05:30,26.49,18.35,0.73,160.1,1008.0,445.65,740.1,0.0,0.55
2024-02-26 11:30:00+05:30,27.52,18.31,0.65,220.0,1006.9,595.97,801.45,0.0,1.38
2024-02-26 12:30:00+05:30,27.39,19.04,0.86,236.9,1005.8,609.17,781.0,0.0,1.81
2024-02-26 13:30:00+05:30,27.48,19.32,1.19,255.8,1005.0,406.1,685.95,0.0,2.07
2024-02-26 14:30:00+05:30,27.4,19.62,1.19,274.3,1004.4,347.02,525.62,0.0,2.23
2024-02-26 15:30:00+05:30,26.74,21.31,1.28,293.6,1004.5,199.93,325.25,0.0,2.82
2024-02-26 16:30:00+05:30,24.77,31.81,1.1,310.2,1004.7,87.47,122.6,0.0,6.76
2024-02-26 17:30:00+05:30,23.1,30.36,1.21,323.0,1005.3,6.22,8.82,0.0,4.7
2024-02-26 18:30:00+05:30,22.42,31.12,1.14,348.9,1005.8,0.0,0.0,0.0,4.51
2024-02-26 19:30:00+05:30,22.05,30.38,1.38,16.5,1006.0,0.0,0.0,0.0,3.85
2024-02-26 20:30:00+05:30,21.3,32.12,1.61,34.4,1005.6999999999999,0.0,0.0,0.0,3.99
2024-02-26 21:30:00+05:30,21.2,31.86,1.39,45.3,1005.3,0.0,0.0,0.0,3.8
2024-02-26 22:30:00+05:30,20.84,31.85,1.07,49.2,1005.1,0.0,0.0,0.0,3.47
2024-02-26 23:30:00+05:30,21.17,29.73,0.79,66.0,1004.9,0.0,0.0,0.0,2.82
2024-02-27 00:30:00+05:30,20.78,29.79,0.55,117.0,1004.7,0.0,0.0,0.0,2.51
2024-02-27 01:30:00+05:30,19.8,31.99,0.85,178.0,1004.5999999999999,0.0,0.0,0.0,2.65
2024-02-27 02:30:00+05:30,18.51,35.73,1.37,188.8,1004.7,0.0,0.0,0.0,3.06
2024-02-27 03:30:00+05:30,17.38,38.7,1.77,184.5,1004.8000000000001,0.0,0.0,0.0,3.19
2024-02-27 04:30:00+05:30,16.3,41.81,2.01,177.2,1005.3,0.0,0.0,0.0,3.32
2024-02-27 05:30:00+05:30,16.46,43.81,2.11,169.1,1005.8,0.0,0.0,0.0,4.08
2024-02-27 06:30:00+05:30,17.32,44.43,1.99,163.4,1006.5,30.15,36.03,0.0,5.1
2024-02-27 07:30:00+05:30,19.89,35.37,2.46,164.9,1007.3000000000001,109.1,184.8,0.02,4.14
2024-02-27 08:30:00+05:30,22.06,31.33,1.2,173.3,1007.9000000000001,173.75,376.4,0.25,4.33
2024-02-27 09:30:00+05:30,25.37,23.49,0.53,321.8,1008.1,139.15,552.22,1.58,3.04
2024-02-27 10:30:00+05:30,26.45,22.49,2.68,334.1,1007.6999999999999,172.4,680.08,3.37,3.37
2024-02-27 11:30:00+05:30,27.21,21.67,4.26,346.6,1006.9,173.77,703.83,7.85,3.48
2024-02-27 12:30:00+05:30,28.01,21.84,4.61,359.0,1005.6,307.0,689.72,22.32,4.23
2024-02-27 13:30:00+05:30,27.84,24.0,4.3,3.7,1004.4,259.0,604.25,51.62,5.43
2024-02-27 14:30:00+05:30,26.97,27.76,3.96,1.4,1003.8,347.58,451.83,28.06,6.81
2024-02-27 15:30:00+05:30,25.49,32.69,3.68,354.1,1003.4000000000001,227.7,278.75,7.03,7.93
2024-02-27 16:30:00+05:30,22.6,47.69,3.02,348.4,1003.6,91.8,106.2,2.36,10.94
2024-02-27 17:30:00+05:30,19.28,60.23,3.3,347.7,1004.0,7.97,8.27,1.84,11.42
2024-02-27 18:30:00+05:30,18.3,63.23,3.37,349.2,1004.5,0.0,0.0,4.06,11.23
2024-02-27 19:30:00+05:30,17.51,68.23,2.81,350.6,1004.7,0.0,0.0,5.57,11.62
2024-02-27 20:30:00+05:30,17.1,71.82,2.4,348.5,1004.7,0.0,0.0,0.63,12.01
2024-02-27 21:30:00+05:30,16.8,72.53,2.13,337.9,1004.5999999999999,0.0,0.0,0.0,11.85
2024-02-27 22:30:00+05:30,16.64,71.05,1.87,313.1,1004.3000000000001,0.0,0.0,0.0,11.38
2024-02-27 23:30:00+05:30,16.05,71.83,2.07,284.6,1004.0,0.0,0.0,0.0,10.98
2024-02-28 00:30:00+05:30,15.3,73.04,2.45,273.3,1003.6,0.0,0.0,0.0,10.52
2024-02-28 01:30:00+05:30,14.64,73.4,2.71,272.3,1003.3,0.0,0.0,0.0,9.96
2024-02-28 02:30:00+05:30,14.0,74.3,2.86,274.6,1003.1,0.0,0.0,0.0,9.53
2024-02-28 03:30:00+05:30,13.32,75.78,2.88,275.0,1003.1,0.0,0.0,0.0,9.17
2024-02-28 04:30:00+05:30,12.74,77.1,2.91,271.4,1003.4000000000001,0.0,0.0,0.0,8.85
2024-02-28 05:30:00+05:30,12.35,77.8,3.07,266.6,1003.9,0.0,0.0,0.0,8.61
2024-02-28 06:30:00+05:30,13.75,71.05,4.31,262.9,1004.7,46.78,46.78,0.0,8.61
2024-02-28 07:30:00+05:30,16.35,60.75,4.44,258.7,1005.4000000000001,222.95,223.07,0.0,8.78
2024-02-28 08:30:00+05:30,21.16,42.18,4.57,277.2,1005.9000000000001,433.38,433.6,0.0,7.85
2024-02-28 09:30:00+05:30,24.97,30.3,4.55,284.9,1005.9000000000001,619.5,619.78,0.0,6.37
2024-02-28 10:30:00+05:30,26.97,26.32,4.5,278.4,1005.3,750.72,751.05,0.0,6.06
2024-02-28 11:30:00+05:30,28.27,24.41,4.75,276.5,1004.2,862.33,862.67,0.0,6.05
2024-02-28 12:30:00+05:30,29.08,23.22,4.99,276.6,1003.1,845.9,846.22,0.0,6.03
2024-02-28 13:30:00+05:30,29.41,22.6,5.21,278.5,1002.0,755.22,755.25,0.0,5.9
2024-02-28 14:30:00+05:30,29.22,22.64,5.41,282.2,1001.3,598.3,598.33,0.0,5.77
2024-02-28 15:30:00+05:30,28.31,23.82,5.55,285.8,1001.2,391.12,391.15,0.0,5.74
2024-02-28 16:30:00+05:30,25.69,30.98,3.85,288.8,1001.3,167.05,167.07,0.0,7.28
2024-02-28 17:30:00+05:30,21.05,44.98,3.27,293.0,1001.7,12.12,12.12,0.0,8.7
2024-02-28 18:30:00+05:30,19.74,48.03,3.32,296.1,1002.4,0.0,0.0,0.0,8.47
2024-02-28 19:30:00+05:30,18.84,50.54,3.27,297.7,1002.9000000000001,0.0,0.0,0.0,8.39
2024-02-28 20:30:00+05:30,18.02,52.91,3.12,295.7,1003.1999999999999,0.0,0.0,0.0,8.31
2024-02-28 21:30:00+05:30,17.39,54.49,2.87,288.2,1003.1999999999999,0.0,0.0,0.0,8.15
2024-02-28 22:30:00+05:30,16.87,55.47,2.71,276.2,1003.1,0.0,0.0,0.0,7.92
2024-02-28 23:30:00+05:30,16.27,56.75,2.68,264.2,1002.8,0.0,0.0,0.0,7.7
2024-02-29 00:30:00+05:30,15.57,58.61,2.77,254.9,1002.5,0.0,0.0,0.0,7.53
2024-02-29 01:30:00+05:30,14.9,60.6,2.87,249.0,1002.0999999999999,0.0,0.0,0.0,7.38
2024-02-29 02:30:00+05:30,14.33,62.37,3.03,250.5,1001.8000000000001,0.0,0.0,0.0,7.27
2024-02-29 03:30:00+05:30,13.9,63.82,3.15,255.7,1001.7,0.0,0.0,0.0,7.19
2024-02-29 04:30:00+05:30,13.54,65.05,3.17,259.5,1002.0999999999999,0.0,0.0,0.0,7.13
2024-02-29 05:30:00+05:30,13.2,66.34,3.17,262.9,1002.8,0.0,0.0,0.0,7.1
2024-02-29 06:30:00+05:30,15.46,57.91,3.98,266.3,1003.8,61.42,61.42,0.0,7.25
2024-02-29 07:30:00+05:30,18.63,47.71,4.04,267.6,1004.7,275.1,275.1,0.0,7.35
2024-02-29 08:30:00+05:30,23.36,32.97,4.2,286.2,1005.5,500.58,500.58,0.0,6.21
2024-02-29 09:30:00+05:30,26.22,26.72,4.3,291.9,1005.8,688.35,688.35,0.0,5.62
2024-02-29 10:30:00+05:30,27.99,24.29,4.26,290.1,1005.5,816.53,816.53,0.0,5.75
2024-02-29 11:30:00+05:30,29.35,23.05,4.32,286.8,1004.5999999999999,874.65,874.65,0.0,6.13
2024-02-29 12:30:00+05:30,30.21,22.37,4.42,284.7,1003.5,855.45,855.45,0.0,6.41
2024-02-29 13:30:00+05:30,30.53,21.9,4.5,284.4,1002.6,762.47,762.5,0.0,6.37
2024-02-29 14:30:00+05:30,30.18,22.14,4.45,285.0,1001.9,603.4,603.42,0.0,6.23
2024-02-29 15:30:00+05:30,29.21,23.13,4.39,287.2,1001.5999999999999,394.33,394.38,0.0,6.09
2024-02-29 16:30:00+05:30,26.51,31.51,2.87,291.9,1001.9,168.57,168.6,0.0,8.19
2024-02-29 17:30:00+05:30,22.02,44.29,2.77,301.1,1002.6,12.3,12.3,0.0,9.32
2024-02-29 18:30:00+05:30,21.21,44.68,2.5,307.4,1003.5,0.0,0.0,0.0,8.73
2024-02-29 19:30:00+05:30,21.58,41.47,1.85,310.4,1004.0999999999999,0.0,0.0,0.0,7.98
2024-02-29 20:30:00+05:30,21.67,39.46,1.21,305.3,1004.3000000000001,0.0,0.0,0.0,7.31
2024-02-29 21:30:00+05:30,21.98,37.07,1.03,288.6,1004.2,0.0,0.0,0.0,6.67
2024-02-29 22:30:00+05:30,20.87,39.8,1.2,277.7,1003.9,0.0,0.0,0.0,6.68
2024-02-29 23:30:00+05:30,19.84,42.2,1.56,276.6,1003.8,0.0,0.0,0.0,6.61
2024-03-01 00:30:00+05:30,19.01,44.2,1.85,273.7,1003.4000000000001,0.0,0.0,0.0,6.55
2024-03-01 01:30:00+05:30,17.89,47.25,2.09,269.7,1003.1,0.0,0.0,0.0,6.5
2024-03-01 02:30:00+05:30,16.94,49.92,2.25,262.3,1002.9000000000001,0.0,0.0,0.0,6.44
2024-03-01 03:30:00+05:30,15.95,53.17,2.39,251.9,1003.0,0.0,0.0,0.0,6.44
2024-03-01 04:30:00+05:30,15.02,56.27,2.52,243.3,1003.4000000000001,0.0,0.0,0.0,6.42
2024-03-01 05:30:00+05:30,14.33,58.98,2.62,237.0,1004.2,0.0,0.0,0.0,6.45
2024-03-01 06:30:00+05:30,16.59,55.31,2.39,233.5,1005.0,49.17,51.63,0.0,7.6
2024-03-01 07:30:00+05:30,20.59,42.09,2.9,231.4,1005.8,222.26,242.14,0.0,7.29
2024-03-01 08:30:00+05:30,25.45,30.54,1.89,247.9,1006.3,410.42,448.01,0.0,6.89
2024-03-01 09:30:00+05:30,29.11,23.7,2.22,276.7,1006.5,576.0,622.25,0.0,6.32
2024-03-01 10:30:00+05:30,30.91,21.76,2.29,293.1,1006.0,718.8,757.74,0.0,6.59
2024-03-01 11:30:00+05:30,32.06,20.39,2.32,308.7,1004.9,855.9,855.9,0.0,6.6
2024-03-01 12:30:00+05:30,32.77,19.34,2.39,321.1,1003.6,835.08,835.08,0.0,6.41
2024-03-01 13:30:00+05:30,32.92,18.93,2.41,331.0,1002.3000000000001,738.12,740.3,0.0,6.22
2024-03-01 14:30:00+05:30,32.49,19.15,2.51,340.0,1001.4,576.25,580.05,0.0,6.03
2024-03-01 15:30:00+05:30,31.52,20.01,2.58,346.6,1000.8,368.02,372.02,0.0,5.88
2024-03-01 16:30:00+05:30,28.7,33.27,1.6,358.2,1000.5,151.15,152.88,0.0,10.79
2024-03-01 17:30:00+05:30,25.92,34.68,1.71,20.1,1000.6,12.02,11.95,0.0,9.13
2024-03-01 18:30:00+05:30,25.27,32.99,1.5,48.8,1001.1,0.0,0.0,0.0,7.87
2024-03-01 19:30:00+05:30,24.2,34.98,1.35,87.5,1001.8000000000001,0.0,0.0,0.0,7.77
2024-03-01 20:30:00+05:30,23.3,35.6,1.41,124.6,1002.2,0.0,0.0,0.0,7.22
2024-03-01 21:30:00+05:30,22.61,36.14,1.63,146.5,1002.4,0.0,0.0,0.0,6.83
2024-03-01 22:30:00+05:30,21.6,38.55,1.85,155.1,1002.2,0.0,0.0,0.0,6.88
2024-03-01 23:30:00+05:30,20.51,41.54,2.11,157.4,1002.0,0.0,0.0,0.0,7.0
2024-03-02 00:30:00+05:30,19.35,45.05,2.38,157.3,1001.7,0.0,0.0,0.12,7.13
2024-03-02 01:30:00+05:30,18.44,47.82,2.52,156.1,1001.3,0.0,0.0,0.12,7.18
2024-03-02 02:30:00+05:30,17.7,50.09,2.6,150.3,1001.1,0.0,0.0,0.12,7.2
2024-03-02 03:30:00+05:30,17.02,52.13,2.75,141.2,1001.2,0.0,0.0,0.0,7.14
2024-03-02 04:30:00+05:30,16.47,53.67,2.84,134.3,1001.5999999999999,0.0,0.0,0.0,7.06
2024-03-02 05:30:00+05:30,16.05,54.91,2.83,131.4,1002.5,0.0,0.0,0.0,7.02
2024-03-02 06:30:00+05:30,18.26,49.01,2.75,134.0,1003.5,27.0,44.55,0.0,7.38
2024-03-02 07:30:00+05:30,21.47,38.89,3.12,136.9,1004.5,75.22,194.15,0.0,6.93
2024-03-02 08:30:00+05:30,25.75,29.19,3.21,124.6,1005.0,125.85,370.85,0.0,6.51
2024-03-02 09:30:00+05:30,29.13,23.24,3.52,130.6,1005.0,185.82,525.1,0.0,6.08
2024-03-02 10:30:00+05:30,30.25,22.41,2.65,150.1,1004.5,422.88,628.5,0.01,6.48
2024-03-02 11:30:00+05:30,30.93,21.93,1.89,152.9,1003.4000000000001,710.67,798.3,0.03,6.73
2024-03-02 12:30:00+05:30,31.57,21.32,1.84,142.5,1002.0,666.83,754.4,0.0,6.85
2024-03-02 13:30:00+05:30,31.94,20.92,2.25,146.0,1000.6999999999999,437.95,640.75,0.0,6.87
2024-03-02 14:30:00+05:30,31.99,20.91,2.4,148.3,999.8000000000001,166.02,475.9,0.0,6.91
2024-03-02 15:30:00+05:30,31.4,21.85,2.24,148.5,999.5,93.93,288.4,0.0,7.06
2024-03-02 16:30:00+05:30,28.77,34.79,1.54,128.9,999.4,40.58,111.55,0.0,11.55
2024-03-02 17:30:00+05:30,24.87,40.06,2.52,103.1,999.4,4.78,9.6,0.0,10.36
2024-03-02 18:30:00+05:30,23.31,40.96,3.13,99.0,1000.0,0.0,0.0,0.0,9.33
2024-03-02 19:30:00+05:30,22.58,41.16,3.2,100.3,1000.8,0.0,0.0,0.0,8.76
2024-03-02 20:30:00+05:30,22.06,41.89,3.1,106.9,1001.1,0.0,0.0,0.0,8.55
2024-03-02 21:30:00+05:30,21.55,42.4,3.21,118.2,1000.9000000000001,0.0,0.0,0.01,8.27
2024-03-02 22:30:00+05:30,20.76,43.71,3.5,127.9,1000.5,0.0,0.0,0.26,8.0
2024-03-02 23:30:00+05:30,20.22,45.18,3.74,135.5,1000.1999999999999,0.0,0.0,1.39,8.0
2024-03-03 00:30:00+05:30,19.75,47.13,3.74,139.2,1000.0,0.0,0.0,2.77,8.18
2024-03-03 01:30:00+05:30,18.87,51.24,3.08,136.8,999.8000000000001,0.0,0.0,8.73,8.59
2024-03-03 02:30:00+05:30,18.02,56.04,2.45,124.3,999.8000000000001,0.0,0.0,0.33,9.09
2024-03-03 03:30:00+05:30,17.66,58.68,2.17,98.5,1000.1,0.0,0.0,0.21,9.47
2024-03-03 04:30:00+05:30,17.87,60.0,2.95,74.3,1001.1,0.0,0.0,4.65,10.01
2024-03-03 05:30:00+05:30,17.31,66.54,2.7,61.7,1002.8,0.0,0.0,32.23,11.03
2024-03-03 06:30:00+05:30,16.83,72.79,3.29,71.6,1004.3000000000001,46.4,48.6,91.21,11.94
2024-03-03 07:30:00+05:30,16.96,75.54,4.8,81.6,1005.0,191.8,220.35,33.19,12.62
2024-03-03 08:30:00+05:30,18.51,67.32,5.71,87.0,1005.1,367.6,420.73,0.41,12.36
2024-03-03 09:30:00+05:30,21.31,53.05,6.18,95.6,1004.8000000000001,541.03,601.25,1.52,11.37
2024-03-03 10:30:00+05:30,23.93,45.26,5.79,112.1,1004.0,666.0,726.78,2.49,11.4
2024-03-03 11:30:00+05:30,26.5,41.33,5.01,133.6,1002.6999999999999,605.05,684.4,3.64,12.33
2024-03-03 12:30:00+05:30,28.22,39.42,4.4,151.9,1001.1,606.53,677.58,4.75,13.15
2024-03-03 13:30:00+05:30,29.11,39.19,3.84,162.6,999.4,461.23,598.83,7.15,13.84
2024-03-03 14:30:00+05:30,29.45,40.19,3.15,169.2,998.1999999999999,186.55,467.58,17.54,14.54
2024-03-03 15:30:00+05:30,29.0,46.56,1.91,177.6,997.6,132.0,290.67,32.73,16.38
2024-03-03 16:30:00+05:30,27.39,63.23,0.89,195.6,997.5,59.38,114.57,23.62,19.7
2024-03-03 17:30:00+05:30,26.74,55.92,0.39,248.7,997.9000000000001,7.0,10.07,5.38,17.19
2024-03-03 18:30:00+05:30,25.51,60.49,0.8,303.3,998.9,0.0,0.0,1.68,17.31
2024-03-03 19:30:00+05:30,23.91,69.62,1.4,324.0,1000.1,0.0,0.0,0.62,18.03
2024-03-03 20:30:00+05:30,22.3,77.79,1.93,336.1,1000.8,0.0,0.0,0.44,18.24
2024-03-03 21:30:00+05:30,21.22,79.73,2.19,344.6,1001.1,0.0,0.0,0.35,17.58
2024-03-03 22:30:00+05:30,20.44,79.77,2.27,349.1,1001.2,0.0,0.0,2.95,16.84
2024-03-03 23:30:00+05:30,19.8,80.09,2.47,352.8,1001.0,0.0,0.0,18.62,16.29
2024-03-04 00:30:00+05:30,18.96,82.35,2.67,352.9,1000.8,0.0,0.0,17.68,15.9
2024-03-04 01:30:00+05:30,18.19,84.58,2.67,349.9,1000.6999999999999,0.0,0.0,9.63,15.58
2024-03-04 02:30:00+05:30,17.59,86.27,2.45,351.1,1000.8,0.0,0.0,3.52,15.3
2024-03-04 03:30:00+05:30,17.18,87.51,2.11,0.3,1001.0,0.0,0.0,1.81,15.11
2024-03-04 04:30:00+05:30,16.86,88.44,1.85,15.0,1001.5999999999999,0.0,0.0,0.07,14.97
2024-03-04 05:30:00+05:30,16.57,88.72,1.59,35.3,1002.4,0.0,0.0,0.01,14.73
2024-03-04 06:30:00+05:30,17.86,84.07,1.4,62.9,1003.1,20.92,60.03,0.0,15.16
2024-03-04 07:30:00+05:30,19.76,76.24,1.39,92.1,1003.8,80.6,256.98,0.03,15.48
2024-03-04 08:30:00+05:30,23.89,51.64,0.64,39.9,1004.5,161.25,473.88,0.0,13.29
2024-03-04 09:30:00+05:30,26.43,35.65,0.71,316.1,1004.7,276.5,658.03,0.0,10.0
2024-03-04 10:30:00+05:30,28.0,29.63,1.35,282.4,1004.5,476.8,783.8,0.0,8.62
2024-03-04 11:30:00+05:30,29.04,26.0,2.12,277.9,1003.7,581.15,822.25,0.0,7.6
2024-03-04 12:30:00+05:30,29.67,23.36,2.95,281.5,1002.9000000000001,661.2,802.72,0.0,6.58
2024-03-04 13:30:00+05:30,29.83,21.31,3.7,287.1,1002.2,567.53,707.33,0.0,5.38
2024-03-04 14:30:00+05:30,29.47,19.88,4.15,292.8,1001.5999999999999,514.78,548.28,0.0,4.12
2024-03-04 15:30:00+05:30,28.31,20.13,4.43,298.4,1001.5999999999999,325.98,345.23,0.0,3.35
2024-03-04 16:30:00+05:30,25.6,27.61,3.29,306.1,1001.8000000000001,137.52,141.4,0.0,5.47
2024-03-04 17:30:00+05:30,20.87,41.94,3.15,316.7,1002.4,12.18,12.27,0.0,7.49
2024-03-04 18:30:00+05:30,19.39,43.73,3.36,320.0,1003.1999999999999,0.0,0.0,0.0,6.78
2024-03-04 19:30:00+05:30,18.37,45.67,3.37,318.7,1004.2,0.0,0.0,0.0,6.48
2024-03-04 20:30:00+05:30,17.45,47.45,3.38,313.8,1004.7,0.0,0.0,0.0,6.19
2024-03-04 21:30:00+05:30,16.62,48.66,3.41,308.0,1004.8000000000001,0.0,0.0,0.0,5.79
2024-03-04 22:30:00+05:30,15.81,49.81,3.42,302.7,1004.7,0.0,0.0,0.0,5.4
2024-03-04 23:30:00+05:30,15.08,50.69,3.45,299.7,1004.5,0.0,0.0,0.0,4.96
2024-03-05 00:30:00+05:30,14.37,51.29,3.45,298.3,1004.0999999999999,0.0,0.0,0.0,4.49
2024-03-05 01:30:00+05:30,13.62,52.28,3.41,298.1,1003.7,0.0,0.0,0.0,4.05
2024-03-05 02:30:00+05:30,12.78,54.13,3.29,296.6,1003.5,0.0,0.0,0.0,3.77
2024-03-05 03:30:00+05:30,12.02,56.45,3.18,293.6,1003.5,0.0,0.0,0.0,3.66
2024-03-05 04:30:00+05:30,11.35,59.27,3.04,290.4,1003.9,0.0,0.0,0.0,3.71
2024-03-05 05:30:00+05:30,10.81,61.85,2.95,285.3,1004.5,0.0,0.0,0.0,3.81
2024-03-05 06:30:00+05:30,13.01,53.52,3.93,279.2,1005.1999999999999,73.18,73.38,0.0,3.83
2024-03-05 07:30:00+05:30,16.02,45.23,3.48,268.4,1005.8,286.95,287.65,0.0,4.2
2024-03-05 08:30:00+05:30,21.16,33.64,3.19,277.2,1006.5999999999999,515.35,516.15,0.0,4.55
2024-03-05 09:30:00+05:30,25.79,22.35,4.54,296.6,1006.8000000000001,708.85,709.28,0.0,2.74
2024-03-05 10:30:00+05:30,27.5,19.28,4.52,292.0,1006.4,841.72,842.0,0.0,2.06
2024-03-05 11:30:00+05:30,28.73,16.99,4.66,288.5,1005.3,925.4,925.5,0.0,1.3
2024-03-05 12:30:00+05:30,29.46,15.49,4.89,286.9,1004.2,906.55,906.55,0.0,0.61
2024-03-05 13:30:00+05:30,29.71,14.41,5.28,287.2,1003.1999999999999,682.33,722.13,0.0,-0.2
2024-03-05 14:30:00+05:30,29.3,13.84,5.59,289.5,1002.4,648.78,648.78,0.0,-1.04
2024-03-05 15:30:00+05:30,28.21,13.94,5.41,293.0,1002.0,433.27,433.27,0.0,-1.82
2024-03-05 16:30:00+05:30,25.19,21.75,3.41,296.3,1001.9,194.05,194.05,0.0,1.6
2024-03-05 17:30:00+05:30,19.77,35.37,3.29,299.3,1002.0,16.12,16.12,0.0,4.04
2024-03-05 18:30:00+05:30,18.05,36.63,3.51,300.5,1002.6999999999999,0.0,0.0,0.0,3.03
2024-03-05 19:30:00+05:30,17.0,37.18,3.59,302.4,1003.5,0.0,0.0,0.0,2.32
2024-03-05 20:30:00+05:30,16.01,38.83,3.56,306.5,1003.9,0.0,0.0,0.0,2.03
2024-03-05 21:30:00+05:30,15.05,41.2,3.46,311.6,1004.0,0.0,0.0,0.0,1.99
2024-03-05 22:30:00+05:30,14.13,43.72,3.32,318.3,1003.8,0.0,0.0,0.0,1.99
2024-03-05 23:30:00+05:30,13.3,46.13,3.14,325.5,1003.6,0.0,0.0,0.0,1.98
2024-03-06 00:30:00+05:30,12.59,47.98,2.92,331.6,1003.1999999999999,0.0,0.0,0.0,1.88
2024-03-06 01:30:00+05:30,12.15,48.57,2.64,335.6,1002.8,0.0,0.0,0.0,1.65
2024-03-06 02:30:00+05:30,11.93,48.0,2.4,329.7,1002.4,0.0,0.0,0.0,1.27
2024-03-06 03:30:00+05:30,11.55,48.04,2.3,313.4,1002.3000000000001,0.0,0.0,0.0,0.92
2024-03-06 04:30:00+05:30,10.95,49.4,2.32,296.3,1002.6,0.0,0.0,0.0,0.78
2024-03-06 05:30:00+05:30,10.04,52.4,2.56,281.5,1003.3,0.0,0.0,0.0,0.74
2024-03-06 06:30:00+05:30,12.46,44.22,3.12,274.0,1004.3000000000001,73.97,75.32,0.0,0.6
2024-03-06 07:30:00+05:30,15.68,33.3,3.84,269.4,1005.4000000000001,283.77,288.0,0.0,-0.4
2024-03-06 08:30:00+05:30,20.78,22.55,3.62,278.1,1006.1,507.4,512.45,0.0,-1.39
2024-03-06 09:30:00+05:30,25.14,15.16,4.34,285.2,1006.3,696.45,700.25,0.0,-3.09
2024-03-06 10:30:00+05:30,27.11,14.07,4.49,281.6,1005.9000000000001,826.47,827.72,0.0,-2.51
2024-03-06 11:30:00+05:30,28.39,13.83,4.68,278.2,1005.0,905.62,905.9,0.0,-1.77
2024-03-06 12:30:00+05:30,29.11,13.85,4.71,276.7,1003.8,884.6,884.6,0.0,-1.2
2024-03-06 13:30:00+05:30,29.33,14.13,4.77,277.2,1002.5,787.47,787.88,0.0,-0.76
2024-03-06 14:30:00+05:30,29.01,14.7,4.97,280.0,1001.5999999999999,625.12,625.4,0.0,-0.45
2024-03-06 15:30:00+05:30,28.08,15.85,5.07,283.8,1001.2,411.33,412.55,0.0,-0.18
2024-03-06 16:30:00+05:30,25.26,24.13,3.4,288.7,1001.2,187.7,189.07,0.0,3.21
2024-03-06 17:30:00+05:30,20.26,36.93,3.35,297.7,1001.5999999999999,15.3,15.27,0.0,5.1
2024-03-06 18:30:00+05:30,18.82,37.91,3.57,304.8,1002.4,0.0,0.0,0.0,4.2
2024-03-06 19:30:00+05:30,17.89,38.66,3.59,312.0,1003.1,0.0,0.0,0.0,3.65
2024-03-06 20:30:00+05:30,16.91,40.56,3.51,318.7,1003.5,0.0,0.0,0.0,3.43
2024-03-06 21:30:00+05:30,15.95,43.03,3.38,324.5,1003.5,0.0,0.0,0.0,3.41
2024-03-06 22:30:00+05:30,15.13,45.35,3.15,328.2,1003.4000000000001,0.0,0.0,0.0,3.42
2024-03-06 23:30:00+05:30,14.59,46.55,2.9,329.7,1003.0,0.0,0.0,0.0,3.3
2024-03-07 00:30:00+05:30,14.26,46.64,2.66,327.4,1002.5,0.0,0.0,0.0,3.01
2024-03-07 01:30:00+05:30,13.96,46.43,2.49,322.0,1002.0,0.0,0.0,0.0,2.67
2024-03-07 02:30:00+05:30,13.4,47.2,2.44,312.8,1001.5,0.0,0.0,0.0,2.4
2024-03-07 03:30:00+05:30,12.69,48.88,2.48,301.3,1001.2,0.0,0.0,0.0,2.22
2024-03-07 04:30:00+05:30,11.9,50.93,2.59,289.4,1001.5999999999999,0.0,0.0,0.0,2.08
2024-03-07 05:30:00+05:30,11.21,52.87,2.77,278.5,1002.4,0.0,0.0,0.0,1.96
2024-03-07 06:30:00+05:30,13.79,44.87,3.07,271.3,1003.3,76.18,76.53,0.0,2.02
2024-03-07 07:30:00+05:30,17.12,33.23,3.78,264.5,1004.2,285.83,287.23,0.0,0.86
2024-03-07 08:30:00+05:30,21.96,24.31,3.2,268.6,1005.0,510.3,512.42,0.0,0.64
2024-03-07 09:30:00+05:30,26.83,15.2,4.12,291.5,1005.1,700.25,702.42,0.0,-1.7
2024-03-07 10:30:00+05:30,28.65,14.16,4.13,288.5,1004.9,830.8,832.42,0.0,-1.24
2024-03-07 11:30:00+05:30,29.84,13.66,4.22,285.1,1003.8,921.67,922.45,0.0,-0.81
2024-03-07 12:30:00+05:30,30.53,13.34,4.33,283.9,1002.6999999999999,902.22,902.33,0.0,-0.59
2024-03-07 13:30:00+05:30,30.63,13.39,4.53,283.4,1001.5,807.15,807.25,0.0,-0.45
2024-03-07 14:30:00+05:30,30.19,13.8,4.97,285.2,1000.6999999999999,645.08,645.2,0.0,-0.38
2024-03-07 15:30:00+05:30,29.06,14.84,5.28,288.2,1000.6,431.1,431.2,0.0,-0.29
2024-03-07 16:30:00+05:30,26.29,20.87,3.94,292.7,1000.8,194.45,194.55,0.0,2.08
2024-03-07 17:30:00+05:30,21.06,33.74,3.48,298.8,1001.5,17.02,17.02,0.0,4.5
2024-03-07 18:30:00+05:30,19.51,35.82,3.68,303.1,1002.4,0.0,0.0,0.0,4.02
2024-03-07 19:30:00+05:30,18.53,37.67,3.7,307.2,1003.5,0.0,0.0,0.0,3.87
2024-03-07 20:30:00+05:30,17.51,40.43,3.6,311.6,1004.0,0.0,0.0,0.0,3.96
2024-03-07 21:30:00+05:30,16.52,43.65,3.44,315.5,1004.0,0.0,0.0,0.0,4.14
2024-03-07 22:30:00+05:30,15.65,46.58,3.29,317.6,1003.8,0.0,0.0,0.0,4.26
2024-03-07 23:30:00+05:30,14.97,48.65,3.09,316.7,1003.5,0.0,0.0,0.0,4.27
2024-03-08 00:30:00+05:30,14.48,49.9,2.87,312.7,1003.1,0.0,0.0,0.0,4.17
2024-03-08 01:30:00+05:30,14.02,50.69,2.74,306.2,1002.8,0.0,0.0,0.0,4.0
2024-03-08 02:30:00+05:30,13.4,52.14,2.8,299.0,1002.5,0.0,0.0,0.0,3.82
2024-03-08 03:30:00+05:30,12.83,53.47,2.88,294.0,1002.5,0.0,0.0,0.0,3.64
2024-03-08 04:30:00+05:30,12.34,54.67,2.86,289.8,1002.8,0.0,0.0,0.0,3.51
2024-03-08 05:30:00+05:30,11.9,55.96,2.85,283.6,1003.1999999999999,0.0,0.0,0.0,3.41
2024-03-08 06:30:00+05:30,14.72,47.83,2.95,275.8,1003.9,83.1,83.12,0.0,3.8
2024-03-08 07:30:00+05:30,18.3,35.68,3.57,266.0,1004.8000000000001,301.02,301.12,0.0,2.89
2024-03-08 08:30:00+05:30,22.99,27.83,2.89,266.8,1005.6,529.2,529.3,0.0,3.45
2024-03-08 09:30:00+05:30,27.76,18.33,4.07,301.9,1005.6999999999999,719.97,720.05,0.0,1.59
2024-03-08 10:30:00+05:30,29.24,17.09,4.12,303.1,1005.3,849.08,849.12,0.0,1.79
2024-03-08 11:30:00+05:30,30.11,16.88,4.04,299.7,1004.4,913.62,913.65,0.0,2.32
2024-03-08 12:30:00+05:30,30.55,16.88,4.03,295.9,1003.4000000000001,892.28,892.3,0.0,2.68
2024-03-08 13:30:00+05:30,30.54,17.32,3.98,293.4,1002.5,795.88,795.92,0.0,3.05
2024-03-08 14:30:00+05:30,30.04,18.15,4.18,292.5,1002.0,632.62,632.67,0.0,3.29
2024-03-08 15:30:00+05:30,29.05,19.21,4.46,292.9,1001.9,418.8,418.85,0.0,3.29
2024-03-08 16:30:00+05:30,26.56,26.04,3.27,294.0,1002.0,187.48,187.52,0.0,5.47
2024-03-08 17:30:00+05:30,21.72,39.45,3.22,295.2,1002.5,16.62,16.62,0.0,7.36
2024-03-08 18:30:00+05:30,20.31,41.1,3.47,295.6,1003.1999999999999,0.0,0.0,0.0,6.71
2024-03-08 19:30:00+05:30,19.5,42.4,3.56,295.4,1003.8,0.0,0.0,0.0,6.43
2024-03-08 20:30:00+05:30,18.72,44.08,3.6,294.8,1004.0,0.0,0.0,0.0,6.28
2024-03-08 21:30:00+05:30,17.92,46.03,3.58,294.6,1004.0,0.0,0.0,0.0,6.17
2024-03-08 22:30:00+05:30,17.13,47.97,3.52,295.0,1003.8,0.0,0.0,0.0,6.06
2024-03-08 23:30:00+05:30,16.4,49.8,3.49,295.8,1003.5,0.0,0.0,0.0,5.93
2024-03-09 00:30:00+05:30,15.73,51.43,3.46,297.4,1003.3,0.0,0.0,0.0,5.78
2024-03-09 01:30:00+05:30,15.0,53.41,3.37,299.7,1003.0,0.0,0.0,0.0,5.64
2024-03-09 02:30:00+05:30,14.21,55.7,3.19,301.5,1002.6999999999999,0.0,0.0,0.0,5.52
2024-03-09 03:30:00+05:30,13.49,57.85,3.01,302.4,1002.6999999999999,0.0,0.0,0.0,5.38
2024-03-09 04:30:00+05:30,12.92,59.31,2.79,300.8,1003.0,0.0,0.0,0.0,5.21
2024-03-09 05:30:00+05:30,12.55,60.14,2.57,293.2,1003.6,0.0,0.0,0.0,5.05
2024-03-09 06:30:00+05:30,15.3,52.93,2.44,280.9,1004.4,84.43,84.43,0.0,5.77
2024-03-09 07:30:00+05:30,18.74,40.74,2.8,263.6,1005.3,298.77,298.83,0.0,5.18
2024-03-09 08:30:00+05:30,23.87,29.17,3.04,267.9,1006.0,527.22,527.28,0.0,4.87
2024-03-09 09:30:00+05:30,27.85,20.77,4.46,284.9,1006.0,718.55,718.62,0.0,3.41
2024-03-09 10:30:00+05:30,29.41,18.34,4.89,285.9,1005.4000000000001,848.9,848.95,0.0,2.92
2024-03-09 11:30:00+05:30,30.4,16.61,5.2,285.5,1004.7,912.12,912.17,0.0,2.35
2024-03-09 12:30:00+05:30,30.93,15.52,5.36,286.2,1003.7,890.75,890.75,0.0,1.81
2024-03-09 13:30:00+05:30,30.94,15.22,5.52,288.2,1002.9000000000001,794.0,794.0,0.0,1.54
2024-03-09 14:30:00+05:30,30.39,15.59,5.55,292.0,1002.5,630.4,630.78,0.0,1.43
2024-03-09 15:30:00+05:30,29.27,16.66,5.53,295.5,1002.5,417.5,417.92,0.0,1.47
2024-03-09 16:30:00+05:30,26.75,22.03,3.86,299.0,1002.6999999999999,189.15,189.45,0.0,3.25
2024-03-09 17:30:00+05:30,21.54,36.61,3.15,302.3,1003.0,16.9,16.92,0.0,6.12
2024-03-09 18:30:00+05:30,19.84,40.05,3.21,303.2,1003.5,0.0,0.0,0.0,5.9
2024-03-09 19:30:00+05:30,18.83,42.08,3.14,302.4,1004.0,0.0,0.0,0.0,5.71
2024-03-09 20:30:00+05:30,18.04,43.68,2.95,301.4,1004.0,0.0,0.0,0.0,5.54
2024-03-09 21:30:00+05:30,17.32,45.05,2.86,299.8,1004.0,0.0,0.0,0.0,5.33
2024-03-09 22:30:00+05:30,16.52,46.55,2.9,297.7,1004.0999999999999,0.0,0.0,0.0,5.07
2024-03-09 23:30:00+05:30,15.96,47.61,2.76,293.7,1003.7,0.0,0.0,0.0,4.87
2024-03-10 00:30:00+05:30,15.3,48.9,2.72,283.0,1003.1999999999999,0.0,0.0,0.0,4.66
2024-03-10 01:30:00+05:30,14.61,50.53,2.75,273.5,1002.8,0.0,0.0,0.0,4.47
2024-03-10 02:30:00+05:30,13.91,52.15,2.79,268.4,1002.6,0.0,0.0,0.0,4.29
2024-03-10 03:30:00+05:30,13.3,53.85,2.82,266.1,1002.6999999999999,0.0,0.0,0.0,4.18
2024-03-10 04:30:00+05:30,12.7,55.71,2.86,262.0,1003.1,0.0,0.0,0.0,4.09
2024-03-10 05:30:00+05:30,12.24,57.11,2.88,255.5,1003.7,0.0,0.0,0.0,4.03
2024-03-10 06:30:00+05:30,15.35,49.37,2.88,250.1,1004.5999999999999,79.47,81.2,0.0,4.82
2024-03-10 07:30:00+05:30,19.23,37.5,3.27,243.9,1005.4000000000001,283.12,290.15,0.0,4.41
2024-03-10 08:30:00+05:30,24.39,25.27,2.49,267.5,1005.9000000000001,504.0,514.4,0.0,3.28
2024-03-10 09:30:00+05:30,27.69,19.5,3.03,289.3,1006.1,692.65,702.75,0.0,2.38
2024-03-10 10:30:00+05:30,29.76,17.25,3.62,291.4,1005.8,823.2,831.4,0.0,2.36
2024-03-10 11:30:00+05:30,31.2,16.3,3.92,290.9,1005.0,898.78,904.42,0.0,2.69
2024-03-10 12:30:00+05:30,32.07,15.97,3.82,292.1,1004.0,878.88,881.67,0.0,3.11
2024-03-10 13:30:00+05:30,32.11,16.35,3.54,294.7,1003.1,784.3,784.35,0.0,3.47
2024-03-10 14:30:00+05:30,31.73,16.83,3.27,300.5,1002.6,621.42,621.47,0.0,3.58
2024-03-10 15:30:00+05:30,31.07,17.48,3.06,308.1,1002.5,409.08,409.12,0.0,3.6
2024-03-10 16:30:00+05:30,28.41,28.26,2.0,321.3,1002.6999999999999,182.52,182.55,0.0,8.08
2024-03-10 17:30:00+05:30,23.64,37.99,2.63,340.5,1003.3,16.92,16.92,0.0,8.51
2024-03-10 18:30:00+05:30,21.88,39.19,2.94,354.3,1004.0,0.0,0.0,0.0,7.4
2024-03-10 19:30:00+05:30,20.78,40.32,3.08,3.7,1004.7,0.0,0.0,0.0,6.84
2024-03-10 20:30:00+05:30,19.85,41.54,3.09,11.2,1005.1,0.0,0.0,0.0,6.43
2024-03-10 21:30:00+05:30,19.02,42.87,3.0,21.1,1005.1,0.0,0.0,0.0,6.15
2024-03-10 22:30:00+05:30,18.31,44.12,2.84,35.3,1004.9,0.0,0.0,0.0,5.93
2024-03-10 23:30:00+05:30,17.75,44.98,2.61,51.9,1004.7,0.0,0.0,0.0,5.7
2024-03-11 00:30:00+05:30,17.18,45.81,2.42,70.4,1004.5,0.0,0.0,0.0,5.43
2024-03-11 01:30:00+05:30,16.43,47.43,2.35,91.7,1004.4,0.0,0.0,0.0,5.22
2024-03-11 02:30:00+05:30,15.69,49.09,2.34,113.2,1004.2,0.0,0.0,0.0,5.06
2024-03-11 03:30:00+05:30,15.1,50.62,2.35,131.0,1004.3000000000001,0.0,0.0,0.0,4.95
2024-03-11 04:30:00+05:30,14.62,51.74,2.36,145.2,1004.5999999999999,0.0,0.0,0.0,4.83
2024-03-11 05:30:00+05:30,14.42,52.15,2.33,157.3,1005.1,0.0,0.0,0.0,4.75
2024-03-11 06:30:00+05:30,17.22,45.75,2.11,169.9,1005.8,85.55,85.62,0.0,5.42
2024-03-11 07:30:00+05:30,20.78,33.85,2.03,181.1,1006.5999999999999,290.12,290.3,0.0,4.33
2024-03-11 08:30:00+05:30,25.95,24.54,1.1,161.4,1007.0,509.88,510.05,0.0,4.16
2024-03-11 09:30:00+05:30,30.16,19.28,0.18,319.4,1006.9,694.22,694.35,0.0,4.24
2024-03-11 10:30:00+05:30,32.2,17.46,1.59,317.8,1006.4,819.4,819.47,0.0,4.49
2024-03-11 11:30:00+05:30,33.33,16.58,2.31,316.6,1005.3,852.78,852.83,0.0,4.68
2024-03-11 12:30:00+05:30,33.97,16.22,2.77,314.7,1004.0,831.97,831.97,0.0,4.86
2024-03-11 13:30:00+05:30,34.11,16.17,3.18,313.7,1002.8,736.88,736.88,0.0,4.94
2024-03-11 14:30:00+05:30,33.79,16.47,3.52,311.0,1001.9,577.55,577.55,0.0,4.95
2024-03-11 15:30:00+05:30,32.86,17.41,3.74,307.2,1001.4,372.92,372.92,0.0,4.98
2024-03-11 16:30:00+05:30,30.3,24.82,2.56,308.7,1001.2,166.52,166.52,0.0,7.88
2024-03-11 17:30:00+05:30,25.49,36.24,2.84,316.0,1001.4,15.57,15.57,0.0,9.45
2024-03-11 18:30:00+05:30,23.82,37.96,3.07,321.3,1001.9,0.0,0.0,0.0,8.67
2024-03-11 19:30:00+05:30,22.78,39.24,3.17,326.1,1002.6,0.0,0.0,0.0,8.22
2024-03-11 20:30:00+05:30,21.84,40.59,3.17,329.5,1003.1999999999999,0.0,0.0,0.0,7.9
2024-03-11 21:30:00+05:30,20.99,42.13,3.08,333.8,1003.4000000000001,0.0,0.0,0.0,7.67
2024-03-11 22:30:00+05:30,20.25,43.29,2.95,339.8,1003.4000000000001,0.0,0.0,0.0,7.4
2024-03-11 23:30:00+05:30,19.62,43.95,2.82,346.1,1003.1,0.0,0.0,0.0,7.06
2024-03-12 00:30:00+05:30,19.13,44.14,2.68,352.1,1002.8,0.0,0.0,0.0,6.68
2024-03-12 01:30:00+05:30,18.81,43.83,2.47,357.2,1002.4,0.0,0.0,0.0,6.27
2024-03-12 02:30:00+05:30,18.55,43.49,2.3,359.8,1002.0999999999999,0.0,0.0,0.0,5.94
2024-03-12 03:30:00+05:30,18.44,42.73,2.05,358.6,1001.9,0.0,0.0,0.0,5.56
2024-03-12 04:30:00+05:30,18.59,41.44,1.54,354.8,1002.0999999999999,0.0,0.0,0.0,5.25
2024-03-12 05:30:00+05:30,18.98,40.39,0.82,337.2,1002.6,0.0,0.0,0.0,5.21
2024-03-12 06:30:00+05:30,20.0,39.64,0.6,252.5,1003.3,86.15,86.15,0.0,5.83
2024-03-12 07:30:00+05:30,22.34,32.76,1.27,220.8,1004.0,287.23,287.25,0.0,5.22
2024-03-12 08:30:00+05:30,27.11,25.05,1.15,245.2,1004.4,507.58,507.6,0.0,5.44
2024-03-12 09:30:00+05:30,32.04,18.46,3.63,316.5,1004.5,693.8,693.85,0.0,5.16
2024-03-12 10:30:00+05:30,33.56,17.31,4.07,309.1,1004.0999999999999,821.0,821.03,0.0,5.46
2024-03-12 11:30:00+05:30,34.46,16.74,4.2,301.1,1003.3,880.83,880.88,0.0,5.69
2024-03-12 12:30:00+05:30,34.94,16.63,4.25,295.8,1002.0999999999999,856.12,856.12,0.0,5.98
2024-03-12 13:30:00+05:30,34.93,17.07,4.16,292.6,1001.0,757.42,758.0,0.0,6.36
2024-03-12 14:30:00+05:30,34.42,17.9,4.08,292.0,1000.1,596.3,597.17,0.0,6.63
2024-03-12 15:30:00+05:30,33.43,19.12,4.03,293.6,999.5999999999999,388.7,392.92,0.0,6.8
2024-03-12 16:30:00+05:30,31.09,25.45,2.69,299.1,999.5999999999999,164.82,167.48,0.0,8.94
2024-03-12 17:30:00+05:30,26.58,36.99,2.44,318.8,999.9,16.4,16.65,0.0,10.72
2024-03-12 18:30:00+05:30,25.1,38.55,2.51,336.3,1000.4000000000001,0.0,0.0,0.0,10.04
2024-03-12 19:30:00+05:30,24.14,39.85,2.57,350.1,1001.0,0.0,0.0,0.0,9.67
2024-03-12 20:30:00+05:30,23.16,41.27,2.77,0.6,1001.1,0.0,0.0,0.0,9.32
2024-03-12 21:30:00+05:30,22.31,42.55,2.94,7.2,1000.9000000000001,0.0,0.0,0.0,9.01
2024-03-12 22:30:00+05:30,21.58,43.91,2.97,11.1,1000.4000000000001,0.0,0.0,0.0,8.81
2024-03-12 23:30:00+05:30,20.92,45.39,2.82,13.1,1000.0,0.0,0.0,0.0,8.7
2024-03-13 00:30:00+05:30,20.38,46.56,2.54,14.1,999.4,0.0,0.0,0.0,8.6
2024-03-13 01:30:00+05:30,20.1,46.88,2.13,13.3,999.0,0.0,0.0,0.0,8.43
2024-03-13 02:30:00+05:30,20.2,46.12,1.46,11.1,998.9,0.0,0.0,0.0,8.29
2024-03-13 03:30:00+05:30,20.68,45.36,0.56,2.0,999.0,0.0,0.0,0.0,8.45
2024-03-13 04:30:00+05:30,20.08,46.76,0.5,211.2,999.4,0.0,0.0,0.0,8.35
2024-03-13 05:30:00+05:30,18.89,49.07,1.26,197.6,1000.1,0.0,0.0,0.0,8.0
2024-03-13 06:30:00+05:30,20.37,47.46,1.74,192.6,1000.8,89.72,90.28,0.0,8.82
2024-03-13 07:30:00+05:30,23.68,36.74,2.1,190.1,1001.5,292.7,294.33,0.0,8.06
2024-03-13 08:30:00+05:30,28.65,26.67,1.0,199.9,1001.9,513.88,515.85,0.0,7.67
2024-03-13 09:30:00+05:30,32.47,21.18,1.38,277.9,1002.0999999999999,699.95,701.62,0.0,7.49
2024-03-13 10:30:00+05:30,33.99,19.65,2.25,281.6,1001.7,825.97,826.78,0.0,7.64
2024-03-13 11:30:00+05:30,34.94,18.62,2.87,281.9,1000.6999999999999,864.53,864.72,0.0,7.65
2024-03-13 12:30:00+05:30,35.41,18.1,3.42,284.7,999.5,841.0,841.0,0.0,7.59
2024-03-13 13:30:00+05:30,35.38,18.08,3.88,289.4,998.3,743.17,743.53,0.0,7.56
2024-03-13 14:30:00+05:30,34.85,18.55,4.1,297.3,997.6999999999999,583.15,583.45,0.0,7.5
2024-03-13 15:30:00+05:30,33.78,19.62,4.21,305.7,997.5,377.25,377.48,0.0,7.45
2024-03-13 16:30:00+05:30,31.63,23.69,3.42,315.9,997.8,174.18,174.32,0.0,8.41
2024-03-13 17:30:00+05:30,27.0,34.4,2.98,331.8,998.8,16.85,16.85,0.0,10.0
2024-03-13 18:30:00+05:30,25.38,36.97,3.21,340.7,999.9,0.0,0.0,0.0,9.66
2024-03-13 19:30:00+05:30,24.38,38.87,3.18,348.4,1001.0,0.0,0.0,0.0,9.51
2024-03-13 20:30:00+05:30,23.48,40.55,3.13,355.8,1001.5999999999999,0.0,0.0,0.0,9.35
2024-03-13 21:30:00+05:30,22.74,41.78,3.11,2.9,1001.5999999999999,0.0,0.0,0.0,9.12
2024-03-13 22:30:00+05:30,22.07,42.66,3.11,8.9,1001.4,0.0,0.0,0.0,8.82
2024-03-13 23:30:00+05:30,21.45,43.43,3.05,12.1,1001.2,0.0,0.0,0.0,8.54
2024-03-14 00:30:00+05:30,20.9,44.13,2.91,15.3,1000.9000000000001,0.0,0.0,0.0,8.28
2024-03-14 01:30:00+05:30,20.49,44.45,2.69,21.4,1000.5,0.0,0.0,0.0,8.0
2024-03-14 02:30:00+05:30,20.16,44.41,2.47,33.1,1000.3,0.0,0.0,0.0,7.69
2024-03-14 03:30:00+05:30,19.75,44.72,2.34,50.2,1000.3,0.0,0.0,0.0,7.41
2024-03-14 04:30:00+05:30,19.17,45.73,2.31,71.8,1000.6,0.0,0.0,0.0,7.21
2024-03-14 05:30:00+05:30,18.48,47.47,2.37,94.1,1001.2,0.0,0.0,0.0,7.12
2024-03-14 06:30:00+05:30,20.91,42.4,2.47,112.8,1001.9,92.35,94.5,0.0,7.67
2024-03-14 07:30:00+05:30,24.24,33.35,2.98,122.9,1002.6999999999999,298.88,304.62,0.0,7.13
2024-03-14 08:30:00+05:30,28.93,24.79,2.31,118.5,1003.3,520.35,527.65,0.0,6.83
2024-03-14 09:30:00+05:30,32.39,18.41,1.51,102.2,1003.4000000000001,708.47,714.62,0.0,5.41
2024-03-14 10:30:00+05:30,33.82,16.65,0.53,85.7,1003.1,838.35,841.83,0.0,5.12
2024-03-14 11:30:00+05:30,34.78,15.54,0.4,303.7,1002.2,872.25,872.25,0.0,4.88
2024-03-14 12:30:00+05:30,35.27,14.94,1.02,291.3,1001.1,848.12,850.03,0.0,4.72
2024-03-14 13:30:00+05:30,35.2,14.9,1.42,291.9,1000.1999999999999,748.42,753.25,0.0,4.63
2024-03-14 14:30:00+05:30,34.6,15.3,1.69,299.0,999.3000000000001,589.78,592.95,0.0,4.53
2024-03-14 15:30:00+05:30,33.59,16.12,1.97,307.6,999.0999999999999,384.5,387.52,0.0,4.47
2024-03-14 16:30:00+05:30,31.48,21.99,1.78,320.7,999.2,174.88,176.7,0.0,7.06
2024-03-14 17:30:00+05:30,26.87,32.58,2.4,341.0,999.4,17.3,17.42,0.0,9.07
2024-03-14 18:30:00+05:30,24.92,33.95,2.89,352.2,1000.0,0.0,0.0,0.0,7.99
2024-03-14 19:30:00+05:30,23.77,35.37,3.06,359.3,1000.6999999999999,0.0,0.0,0.0,7.57
2024-03-14 20:30:00+05:30,22.77,37.36,3.04,4.3,1001.1,0.0,0.0,0.0,7.49
2024-03-14 21:30:00+05:30,21.94,39.42,2.86,8.6,1001.2,0.0,0.0,0.0,7.55
2024-03-14 22:30:00+05:30,21.41,40.65,2.56,9.9,1001.0,0.0,0.0,0.0,7.51
2024-03-14 23:30:00+05:30,21.35,40.22,2.16,6.4,1000.8,0.0,0.0,0.0,7.31
2024-03-15 00:30:00+05:30,21.43,39.46,1.72,354.0,1000.6,0.0,0.0,0.0,7.09
2024-03-15 01:30:00+05:30,21.22,39.64,1.48,331.7,1000.4000000000001,0.0,0.0,0.0,6.97
2024-03-15 02:30:00+05:30,20.39,41.64,1.64,316.0,1000.1,0.0,0.0,0.0,6.93
2024-03-15 03:30:00+05:30,19.53,43.63,1.86,311.5,999.9,0.0,0.0,0.0,6.86
2024-03-15 04:30:00+05:30,18.77,45.61,1.96,307.7,1000.1999999999999,0.0,0.0,0.0,6.83
2024-03-15 05:30:00+05:30,18.05,47.9,2.04,302.6,1000.6999999999999,0.0,0.0,0.0,6.88
2024-03-15 06:30:00+05:30,20.13,43.8,2.2,294.1,1001.4,90.22,94.45,0.0,7.46
2024-03-15 07:30:00+05:30,23.13,36.14,2.34,286.1,1002.3000000000001,282.77,302.0,0.0,7.34
2024-03-15 08:30:00+05:30,28.04,26.31,2.42,295.5,1002.9000000000001,494.9,527.25,0.0,6.94
2024-03-15 09:30:00+05:30,32.17,19.63,3.3,293.8,1003.1,674.83,715.45,0.0,6.15
2024-03-15 10:30:00+05:30,33.58,18.44,3.47,282.8,1002.9000000000001,798.25,841.65,0.0,6.39
2024-03-15 11:30:00+05:30,34.41,18.03,3.71,277.1,1002.2,769.83,882.65,0.0,6.73
2024-03-15 12:30:00+05:30,34.79,17.9,3.88,274.7,1001.2,803.33,859.1,0.0,6.93
2024-03-15 13:30:00+05:30,34.71,18.1,3.83,277.1,1000.1,752.08,760.97,0.0,7.04
2024-03-15 14:30:00+05:30,34.11,18.73,3.85,282.7,999.3000000000001,595.08,598.0,0.0,7.04
2024-03-15 15:30:00+05:30,33.07,19.63,3.97,290.2,999.0999999999999,387.02,388.67,0.0,6.89
2024-03-15 16:30:00+05:30,31.21,22.37,3.56,299.2,999.5999999999999,169.1,170.3,0.0,7.25
2024-03-15 17:30:00+05:30,26.75,31.88,2.93,315.3,1000.3,18.05,18.05,0.0,8.67
2024-03-15 18:30:00+05:30,25.25,33.48,3.49,324.6,1001.2,0.0,0.0,0.0,8.07
2024-03-15 19:30:00+05:30,24.67,33.87,3.83,329.5,1002.2,0.0,0.0,0.0,7.74
2024-03-15 20:30:00+05:30,23.66,35.52,3.66,332.7,1002.9000000000001,0.0,0.0,0.0,7.54
2024-03-15 21:30:00+05:30,22.52,37.48,3.35,336.6,1003.1999999999999,0.0,0.0,0.0,7.34
2024-03-15 22:30:00+05:30,21.53,39.31,3.1,343.5,1003.1,0.0,0.0,0.0,7.13
2024-03-15 23:30:00+05:30,20.66,40.87,2.95,352.4,1002.8,0.0,0.0,0.0,6.92
2024-03-16 00:30:00+05:30,19.86,42.37,2.79,359.2,1002.4,0.0,0.0,0.0,6.74
2024-03-16 01:30:00+05:30,19.17,43.72,2.55,5.2,1002.3000000000001,0.0,0.0,0.0,6.57
2024-03-16 02:30:00+05:30,18.65,44.41,2.36,14.4,1002.0999999999999,0.0,0.0,0.0,6.32
2024-03-16 03:30:00+05:30,18.23,44.84,2.22,25.3,1002.3000000000001,0.0,0.0,0.0,6.09
2024-03-16 04:30:00+05:30,17.72,45.53,2.2,34.6,1002.6,0.0,0.0,0.0,5.85
2024-03-16 05:30:00+05:30,17.34,46.34,2.12,45.0,1003.3,0.0,0.0,0.0,5.73
2024-03-16 06:30:00+05:30,19.73,40.49,2.08,56.8,1004.0999999999999,101.65,104.2,0.0,5.95
2024-03-16 07:30:00+05:30,22.22,34.06,1.65,64.5,1005.1999999999999,294.1,318.38,0.0,5.67
2024-03-16 08:30:00+05:30,27.01,24.52,1.1,32.4,1005.9000000000001,496.55,544.3,0.0,5.05
2024-03-16 09:30:00+05:30,30.55,18.76,1.3,336.0,1005.9000000000001,651.05,732.12,0.0,4.18
2024-03-16 10:30:00+05:30,30.88,18.08,1.59,314.2,1005.5,799.08,858.9,0.0,3.92
2024-03-16 11:30:00+05:30,30.95,17.85,1.93,311.2,1004.5999999999999,810.08,885.83,0.0,3.77
2024-03-16 12:30:00+05:30,31.07,17.53,2.38,313.8,1003.5,852.1,863.0,0.0,3.61
2024-03-16 13:30:00+05:30,31.33,17.05,2.81,314.9,1002.5,682.03,764.05,0.0,3.44
2024-03-16 14:30:00+05:30,31.66,16.48,3.09,311.6,1001.8000000000001,520.3,598.9,0.0,3.23
2024-03-16 15:30:00+05:30,31.1,16.69,3.17,306.4,1001.5,333.12,387.02,0.0,2.96
2024-03-16 16:30:00+05:30,29.22,20.44,2.47,305.6,1001.7,153.38,168.0,0.0,4.23
2024-03-16 17:30:00+05:30,25.15,30.26,2.19,306.8,1002.0999999999999,16.95,17.65,0.0,6.51
2024-03-16 18:30:00+05:30,24.07,30.85,2.26,303.6,1002.5,0.0,0.0,0.0,5.85
2024-03-16 19:30:00+05:30,23.3,31.11,2.33,299.9,1003.1,0.0,0.0,0.0,5.3
2024-03-16 20:30:00+05:30,21.88,31.9,2.6,302.3,1003.4000000000001,0.0,0.0,0.0,4.44
2024-03-16 21:30:00+05:30,20.81,32.82,2.84,308.6,1003.3,0.0,0.0,0.0,3.92
2024-03-16 22:30:00+05:30,19.92,33.57,3.0,315.8,1003.1,0.0,0.0,0.0,3.46
2024-03-16 23:30:00+05:30,19.07,34.36,3.06,324.4,1002.6,0.0,0.0,0.0,3.03
2024-03-17 00:30:00+05:30,18.21,35.32,3.04,331.9,1002.0999999999999,0.0,0.0,0.0,2.64
2024-03-17 01:30:00+05:30,17.39,36.37,2.93,337.1,1001.7,0.0,0.0,0.0,2.35
2024-03-17 02:30:00+05:30,16.72,37.69,2.64,340.7,1001.5,0.0,0.0,0.0,2.25
2024-03-17 03:30:00+05:30,16.56,37.66,2.11,342.9,1001.8000000000001,0.0,0.0,0.0,2.1
2024-03-17 04:30:00+05:30,16.96,35.83,1.34,340.9,1002.5,0.0,0.0,0.0,1.74
2024-03-17 05:30:00+05:30,17.61,34.82,0.4,317.0,1003.3,0.0,0.0,0.0,1.88
2024-03-17 06:30:00+05:30,18.53,34.25,0.89,200.5,1004.3000000000001,93.9,96.9,0.0,2.4
2024-03-17 07:30:00+05:30,21.23,26.96,1.76,199.6,1005.3,280.92,295.65,0.0,1.49
2024-03-17 08:30:00+05:30,26.58,17.89,1.45,214.6,1005.9000000000001,495.33,515.9,0.0,0.25
2024-03-17 09:30:00+05:30,30.45,12.74,1.57,243.6,1005.6999999999999,696.53,698.45,0.0,-1.26
2024-03-17 10:30:00+05:30,32.23,11.77,1.9,253.5,1005.1,821.08,826.15,0.0,-0.94
2024-03-17 11:30:00+05:30,33.65,11.44,2.25,265.7,1004.0,902.0,907.45,0.0,-0.24
2024-03-17 12:30:00+05:30,34.53,11.47,2.54,281.1,1002.6,878.03,882.67,0.0,0.46
2024-03-17 13:30:00+05:30,34.79,11.69,2.83,293.3,1001.3,744.83,781.92,0.0,0.93
2024-03-17 14:30:00+05:30,34.4,12.17,3.08,299.8,1000.3,593.0,615.08,0.0,1.17
2024-03-17 15:30:00+05:30,33.43,12.9,3.26,305.3,999.8000000000001,379.6,400.73,0.0,1.21
2024-03-17 16:30:00+05:30,31.23,16.61,2.68,312.3,1000.1999999999999,171.8,176.12,0.0,2.92
2024-03-17 17:30:00+05:30,26.26,25.82,2.68,329.8,1000.8,19.5,18.98,0.0,5.16
2024-03-17 18:30:00+05:30,24.61,26.74,2.93,340.5,1001.5,0.0,0.0,0.0,4.27
2024-03-17 19:30:00+05:30,23.93,27.01,2.93,347.8,1002.2,0.0,0.0,0.0,3.83
2024-03-17 20:30:00+05:30,23.14,27.55,2.94,352.6,1002.6999999999999,0.0,0.0,0.0,3.43
2024-03-17 21:30:00+05:30,22.26,28.29,2.97,355.9,1002.8,0.0,0.0,0.0,3.06
2024-03-17 22:30:00+05:30,21.28,29.4,2.9,1.2,1002.5,0.0,0.0,0.0,2.74
2024-03-17 23:30:00+05:30,20.25,30.23,2.76,9.2,1002.2,0.0,0.0,0.0,2.26
2024-03-18 00:30:00+05:30,19.93,29.72,2.43,19.5,1001.7,0.0,0.0,0.0,1.75
2024-03-18 01:30:00+05:30,20.39,27.73,1.81,33.2,1001.1,0.0,0.0,0.0,1.16
2024-03-18 02:30:00+05:30,21.08,25.17,0.81,39.0,1001.0,0.0,0.0,0.0,0.39
2024-03-18 03:30:00+05:30,21.11,25.25,0.35,286.4,1001.1,0.0,0.0,0.0,0.48
2024-03-18 04:30:00+05:30,20.37,26.04,0.85,270.0,1001.5999999999999,0.0,0.0,0.0,0.28
2024-03-18 05:30:00+05:30,19.57,28.16,0.92,269.4,1002.3000000000001,0.0,0.0,0.0,0.65
2024-03-18 06:30:00+05:30,20.68,28.42,0.87,265.4,1003.1,87.57,95.62,0.0,1.7
2024-03-18 07:30:00+05:30,22.81,21.9,0.84,268.0,1003.9,226.85,286.52,0.0,-0.06
2024-03-18 08:30:00+05:30,27.58,16.06,1.05,247.6,1004.2,448.7,506.12,0.0,-0.4
2024-03-18 09:30:00+05:30,31.47,13.25,1.85,247.5,1003.9,646.67,685.05,0.0,0.05
2024-03-18 10:30:00+05:30,33.08,12.95,1.79,258.4,1003.1999999999999,795.92,810.35,0.0,0.97
2024-03-18 11:30:00+05:30,34.06,12.87,1.8,275.4,1002.0,812.53,812.9,0.0,1.65
2024-03-18 12:30:00+05:30,34.63,12.95,1.97,290.5,1000.6999999999999,795.75,797.8,0.0,2.18
2024-03-18 13:30:00+05:30,34.69,13.26,2.19,303.3,999.4,700.05,703.62,0.0,2.57
2024-03-18 14:30:00+05:30,34.24,13.8,2.56,308.3,998.7,550.22,550.95,0.0,2.79
2024-03-18 15:30:00+05:30,33.34,14.6,3.02,308.0,998.5,355.58,357.15,0.0,2.86
2024-03-18 16:30:00+05:30,31.38,17.87,2.58,313.6,998.9,167.2,168.27,0.0,4.1
2024-03-18 17:30:00+05:30,26.67,25.99,2.72,325.3,999.5,18.0,18.02,0.0,5.62
2024-03-18 18:30:00+05:30,24.81,27.11,3.06,332.2,1000.3,0.0,0.0,0.0,4.63
2024-03-18 19:30:00+05:30,23.74,27.83,3.11,339.1,1000.9000000000001,0.0,0.0,0.0,4.09
2024-03-18 20:30:00+05:30,22.76,28.79,3.09,343.9,1001.4,0.0,0.0,0.0,3.73
2024-03-18 21:30:00+05:30,21.85,29.83,2.99,348.1,1001.5999999999999,0.0,0.0,0.0,3.45
2024-03-18 22:30:00+05:30,21.04,30.77,2.84,354.1,1001.5999999999999,0.0,0.0,0.0,3.18
2024-03-18 23:30:00+05:30,20.41,31.31,2.62,4.6,1001.4,0.0,0.0,0.0,2.9
2024-03-19 00:30:00+05:30,19.9,31.55,2.42,18.3,1001.0,0.0,0.0,0.0,2.56
2024-03-19 01:30:00+05:30,19.42,31.71,2.27,32.2,1000.6,0.0,0.0,0.0,2.21
2024-03-19 02:30:00+05:30,19.09,31.63,2.0,40.5,1000.3,0.0,0.0,0.0,1.9
2024-03-19 03:30:00+05:30,19.4,30.75,1.08,46.5,1000.3,0.0,0.0,0.0,1.73
2024-03-19 04:30:00+05:30,18.96,32.79,0.46,207.1,1001.1,0.0,0.0,0.0,2.25
2024-03-19 05:30:00+05:30,17.65,35.39,1.26,212.7,1001.9,0.0,0.0,0.0,2.2
2024-03-19 06:30:00+05:30,19.21,33.92,1.39,210.8,1002.6,111.22,112.93,0.0,2.93
2024-03-19 07:30:00+05:30,22.24,26.61,1.13,214.5,1003.5,318.33,322.48,0.0,2.18
2024-03-19 08:30:00+05:30,27.31,17.06,0.6,183.8,1003.8,544.03,545.5,0.0,0.21
2024-03-19 09:30:00+05:30,30.69,12.5,1.11,234.2,1003.8,735.45,736.22,0.0,-1.32
2024-03-19 10:30:00+05:30,32.34,10.85,1.81,254.7,1003.1999999999999,862.72,864.22,0.0,-1.96
2024-03-19 11:30:00+05:30,33.48,9.73,2.34,267.3,1002.2,899.25,899.78,0.0,-2.5
2024-03-19 12:30:00+05:30,34.1,9.0,2.72,278.7,1000.9000000000001,879.38,882.03,0.0,-3.02
2024-03-19 13:30:00+05:30,34.2,8.61,3.08,288.0,999.8000000000001,782.72,786.8,0.0,-3.51
2024-03-19 14:30:00+05:30,33.71,8.6,3.38,299.1,999.0,625.0,626.35,0.0,-3.88
2024-03-19 15:30:00+05:30,32.67,9.02,3.53,311.1,998.9,412.9,415.23,0.0,-4.04
2024-03-19 16:30:00+05:30,30.49,11.67,2.95,323.6,999.2,184.23,185.15,0.0,-2.48
2024-03-19 17:30:00+05:30,25.22,19.08,2.96,337.3,999.9,20.77,20.88,0.0,0.01
2024-03-19 18:30:00+05:30,23.25,20.7,3.24,346.0,1000.8,0.0,0.0,0.0,-0.49
2024-03-19 19:30:00+05:30,22.2,22.08,3.19,355.3,1001.5,0.0,0.0,0.0,-0.47
2024-03-19 20:30:00+05:30,21.33,23.42,3.02,3.0,1001.8000000000001,0.0,0.0,0.0,-0.39
2024-03-19 21:30:00+05:30,20.7,24.27,2.85,5.2,1001.5999999999999,0.0,0.0,0.0,-0.41
2024-03-19 22:30:00+05:30,20.36,24.51,2.58,5.8,1001.3,0.0,0.0,0.0,-0.56
2024-03-19 23:30:00+05:30,20.65,23.61,2.0,14.8,1001.2,0.0,0.0,0.0,-0.8
2024-03-20 00:30:00+05:30,20.65,23.21,1.31,38.8,1001.1,0.0,0.0,0.0,-1.05
2024-03-20 01:30:00+05:30,20.7,22.48,0.97,80.0,1000.6999999999999,0.0,0.0,0.0,-1.42
2024-03-20 02:30:00+05:30,19.18,24.98,1.15,112.5,1000.3,0.0,0.0,0.0,-1.27
2024-03-20 03:30:00+05:30,17.96,27.19,1.22,129.7,1000.3,0.0,0.0,0.0,-1.18
2024-03-20 04:30:00+05:30,17.24,28.47,1.33,160.6,1000.6999999999999,0.0,0.0,0.0,-1.17
2024-03-20 05:30:00+05:30,16.3,30.59,1.78,193.6,1001.5,3.55,3.55,0.0,-0.98
2024-03-20 06:30:00+05:30,18.22,28.88,2.38,220.4,1002.5,108.78,109.07,0.0,-0.14
2024-03-20 07:30:00+05:30,21.91,21.84,2.93,238.8,1003.3,313.85,314.58,0.0,-0.83
2024-03-20 08:30:00+05:30,26.62,15.23,2.28,260.2,1003.6,535.4,536.3,0.0,-1.85
2024-03-20 09:30:00+05:30,30.64,11.33,2.06,280.3,1003.5,719.28,720.0,0.0,-2.64
2024-03-20 10:30:00+05:30,32.47,10.34,1.0,304.8,1002.9000000000001,843.53,843.9,0.0,-2.45
2024-03-20 11:30:00+05:30,33.6,9.97,0.71,45.0,1002.0,905.33,905.92,0.0,-2.1
2024-03-20 12:30:00+05:30,34.16,10.19,1.59,70.2,1001.0,818.4,879.22,0.0,-1.39
2024-03-20 13:30:00+05:30,34.18,10.8,2.29,74.8,1000.3,682.78,777.17,0.0,-0.62
2024-03-20 14:30:00+05:30,33.66,11.6,2.67,77.9,999.8000000000001,511.62,609.3,0.0,-0.05
2024-03-20 15:30:00+05:30,32.64,12.51,2.81,80.0,999.8000000000001,339.6,395.3,0.03,0.19
2024-03-20 16:30:00+05:30,30.65,15.54,2.32,89.0,1000.1,161.9,174.75,0.07,1.52
2024-03-20 17:30:00+05:30,25.84,23.54,2.48,107.6,1000.6999999999999,19.35,19.73,0.07,3.5
2024-03-20 18:30:00+05:30,23.73,25.85,2.92,115.3,1001.5,0.0,0.0,0.03,3.06
2024-03-20 19:30:00+05:30,22.55,28.55,3.11,111.9,1002.6,0.0,0.0,0.02,3.45
2024-03-20 20:30:00+05:30,21.67,32.32,3.4,101.4,1003.4000000000001,0.0,0.0,0.0,4.4
2024-03-20 21:30:00+05:30,20.93,38.49,3.76,95.2,1003.8,0.0,0.0,0.0,6.18
2024-03-20 22:30:00+05:30,20.0,49.85,3.97,93.6,1003.6,0.0,0.0,0.0,9.14
2024-03-20 23:30:00+05:30,18.98,64.1,4.07,93.2,1003.5,0.0,0.0,0.01,11.99
2024-03-21 00:30:00+05:30,18.07,76.29,3.96,93.9,1003.1,0.0,0.0,0.01,13.79
2024-03-21 01:30:00+05:30,17.24,85.94,3.7,95.7,1002.6,0.0,0.0,0.01,14.84
2024-03-21 02:30:00+05:30,16.41,93.37,3.05,93.4,1002.3000000000001,0.0,0.0,0.72,15.34
2024-03-21 03:30:00+05:30,15.77,98.32,2.58,88.0,1002.2,0.0,0.0,3.63,15.52
2024-03-21 04:30:00+05:30,15.45,100.0,2.64,86.7,1002.5,0.0,0.0,5.81,15.49
2024-03-21 05:30:00+05:30,15.31,100.0,2.62,85.6,1003.1,3.38,3.38,14.4,15.35
2024-03-21 06:30:00+05:30,16.93,92.05,3.68,83.3,1004.0,89.12,90.22,18.59,15.65
2024-03-21 07:30:00+05:30,19.23,79.38,3.51,87.9,1004.9,281.02,285.23,6.13,15.6
2024-03-21 08:30:00+05:30,22.29,60.02,2.78,79.9,1005.3,480.98,494.65,0.46,14.17
2024-03-21 09:30:00+05:30,25.35,45.63,2.21,56.5,1005.1,643.4,681.9,0.12,12.78
2024-03-21 10:30:00+05:30,27.59,37.88,2.31,27.0,1004.4,777.6,811.85,0.04,11.95
2024-03-21 11:30:00+05:30,29.26,32.77,2.75,8.0,1003.1999999999999,866.45,871.33,0.02,11.21
2024-03-21 12:30:00+05:30,30.3,29.75,3.11,357.1,1001.8000000000001,836.25,848.83,0.01,10.67
2024-03-21 13:30:00+05:30,30.8,27.91,3.28,348.2,1000.6,746.4,748.45,0.0,10.15
2024-03-21 14:30:00+05:30,30.76,27.31,3.3,345.2,999.8000000000001,582.42,587.22,0.0,9.79
2024-03-21 15:30:00+05:30,29.99,28.19,3.23,349.7,999.5,375.58,379.08,0.0,9.61
2024-03-21 16:30:00+05:30,28.58,30.95,2.99,359.0,999.5999999999999,166.65,167.15,0.0,9.79
2024-03-21 17:30:00+05:30,25.2,42.58,2.14,16.0,1000.0,20.05,19.62,0.0,11.59
2024-03-21 18:30:00+05:30,23.78,46.83,2.44,33.0,1000.8,0.0,0.0,0.0,11.76
2024-03-21 19:30:00+05:30,23.12,50.0,2.53,47.9,1001.5999999999999,0.0,0.0,0.0,12.14
2024-03-21 20:30:00+05:30,22.28,54.24,2.59,58.6,1002.0999999999999,0.0,0.0,0.0,12.61
2024-03-21 21:30:00+05:30,21.27,59.08,2.58,64.2,1002.2,0.0,0.0,0.0,12.99
2024-03-21 22:30:00+05:30,20.55,62.68,2.46,70.3,1002.0999999999999,0.0,0.0,0.0,13.21
2024-03-21 23:30:00+05:30,20.11,64.85,2.35,80.7,1001.7,0.0,0.0,0.0,13.33
2024-03-22 00:30:00+05:30,19.79,66.47,2.23,94.4,1001.2,0.0,0.0,0.01,13.39
2024-03-22 01:30:00+05:30,19.29,68.67,2.13,112.1,1000.6999999999999,0.0,0.0,0.01,13.42
2024-03-22 02:30:00+05:30,18.4,72.71,2.15,131.2,1000.1999999999999,0.0,0.0,0.01,13.44
2024-03-22 03:30:00+05:30,17.73,75.98,2.23,148.9,999.9,0.0,0.0,0.0,13.47
2024-03-22 04:30:00+05:30,17.25,78.49,2.35,164.2,1000.1,0.0,0.0,0.0,13.5
2024-03-22 05:30:00+05:30,17.1,79.36,2.42,175.5,1000.6,3.88,3.88,0.0,13.53
2024-03-22 06:30:00+05:30,19.94,66.65,3.64,184.3,1001.0,101.45,101.65,0.0,13.58
2024-03-22 07:30:00+05:30,23.8,52.41,3.12,183.5,1001.3,300.88,301.38,0.0,13.5
2024-03-22 08:30:00+05:30,27.76,39.45,1.91,182.4,1001.5,492.65,493.3,0.0,12.74
2024-03-22 09:30:00+05:30,29.9,31.71,0.92,242.9,1001.2,676.08,676.7,0.0,11.3
2024-03-22 10:30:00+05:30,31.68,26.58,1.65,295.9,1000.6,804.15,804.65,0.0,10.19
2024-03-22 11:30:00+05:30,32.99,23.71,2.49,307.3,999.5,888.58,888.88,0.0,9.58
2024-03-22 12:30:00+05:30,33.87,21.88,3.13,312.4,998.1,864.22,864.35,0.0,9.12
2024-03-22 13:30:00+05:30,34.16,21.06,3.61,315.4,997.0,764.58,765.17,0.0,8.82
2024-03-22 14:30:00+05:30,33.82,21.18,3.91,316.1,996.2,601.4,602.58,0.0,8.59
2024-03-22 15:30:00+05:30,33.03,21.88,4.08,315.9,996.0,394.27,395.3,0.0,8.44
2024-03-22 16:30:00+05:30,31.63,23.81,3.49,316.4,996.0,190.77,191.45,0.0,8.51
2024-03-22 17:30:00+05:30,27.84,33.81,2.04,321.2,996.3,21.12,21.17,0.0,10.47
2024-03-22 18:30:00+05:30,27.45,32.66,1.4,327.2,996.8000000000001,0.0,0.0,0.0,9.63
2024-03-22 19:30:00+05:30,28.11,31.03,0.33,332.6,997.4,0.0,0.0,0.0,9.43
2024-03-22 20:30:00+05:30,27.3,33.42,0.56,163.5,997.8,0.0,0.0,0.0,9.83
2024-03-22 21:30:00+05:30,25.72,34.8,1.16,171.6,997.8,0.0,0.0,0.0,9.06
2024-03-22 22:30:00+05:30,24.07,37.76,1.88,172.6,997.6,0.0,0.0,0.0,8.79
2024-03-22 23:30:00+05:30,22.16,41.83,2.53,173.2,997.2,0.0,0.0,0.0,8.62
2024-03-23 00:30:00+05:30,21.07,44.38,2.94,175.7,996.8000000000001,0.0,0.0,0.0,8.51
2024-03-23 01:30:00+05:30,20.45,45.96,3.11,180.4,996.4,0.0,0.0,0.0,8.46
2024-03-23 02:30:00+05:30,19.99,47.2,3.19,188.1,996.1,0.0,0.0,0.0,8.43
2024-03-23 03:30:00+05:30,19.68,47.91,3.27,196.7,996.0,0.0,0.0,0.0,8.38
2024-03-23 04:30:00+05:30,19.42,48.49,3.39,204.0,996.3,0.0,0.0,0.0,8.32
2024-03-23 05:30:00+05:30,19.37,48.39,3.57,209.9,997.0,4.75,4.75,0.0,8.23
2024-03-23 06:30:00+05:30,22.24,40.48,5.02,215.0,997.9000000000001,120.07,120.22,0.0,8.21
2024-03-23 07:30:00+05:30,25.6,33.19,4.09,216.8,998.7,334.83,335.12,0.0,8.25
2024-03-23 08:30:00+05:30,31.36,21.99,4.41,234.5,998.8,560.85,561.2,0.0,7.11
2024-03-23 09:30:00+05:30,34.77,16.9,4.6,254.0,998.5,747.95,748.2,0.0,6.09
2024-03-23 10:30:00+05:30,36.58,14.66,4.64,266.0,997.6999999999999,874.62,874.83,0.0,5.49
2024-03-23 11:30:00+05:30,37.72,13.25,4.77,275.2,996.5,917.4,917.55,0.0,4.93
2024-03-23 12:30:00+05:30,38.36,12.41,5.29,283.3,995.3,894.9,895.0,0.0,4.51
2024-03-23 13:30:00+05:30,38.42,12.14,5.82,288.0,994.0999999999999,796.38,797.17,0.0,4.24
2024-03-23 14:30:00+05:30,37.92,12.32,6.45,292.9,993.6,632.72,633.92,0.0,4.08
2024-03-23 15:30:00+05:30,36.68,13.11,6.69,298.3,993.7,421.92,423.58,0.0,3.97
2024-03-23 16:30:00+05:30,34.44,15.01,5.5,302.2,994.2,195.77,196.48,0.0,4.14
2024-03-23 17:30:00+05:30,29.47,21.83,3.55,303.9,995.1,23.6,23.58,0.0,5.45
2024-03-23 18:30:00+05:30,26.88,25.55,3.53,299.7,996.4,0.0,0.0,0.0,5.55
2024-03-23 19:30:00+05:30,25.63,27.39,3.51,292.5,997.6999999999999,0.0,0.0,0.0,5.48
2024-03-23 20:30:00+05:30,24.58,28.97,3.45,284.8,998.1999999999999,0.0,0.0,0.0,5.4
2024-03-23 21:30:00+05:30,23.64,30.43,3.35,277.0,998.1,0.0,0.0,0.0,5.29
2024-03-23 22:30:00+05:30,22.72,31.7,3.34,269.8,997.6999999999999,0.0,0.0,0.0,5.09
2024-03-23 23:30:00+05:30,21.9,32.7,3.42,266.1,997.4,0.0,0.0,0.0,4.82
2024-03-24 00:30:00+05:30,21.11,33.81,3.4,266.0,997.2,0.0,0.0,0.0,4.6
2024-03-24 01:30:00+05:30,20.3,35.06,3.36,266.1,996.9,0.0,0.0,0.0,4.39
2024-03-24 02:30:00+05:30,19.56,36.35,3.27,265.1,996.7,0.0,0.0,0.0,4.26
2024-03-24 03:30:00+05:30,19.05,37.53,3.19,263.7,996.9,0.0,0.0,0.0,4.26
2024-03-24 04:30:00+05:30,18.47,38.94,3.21,260.9,997.6,0.0,0.0,0.0,4.27
2024-03-24 05:30:00+05:30,18.33,39.39,3.09,255.4,998.3,5.53,5.5,0.0,4.31
2024-03-24 06:30:00+05:30,22.53,31.23,3.04,244.7,999.0,116.35,123.62,0.0,4.69
2024-03-24 07:30:00+05:30,26.69,23.87,3.28,235.1,999.8000000000001,309.95,342.62,0.0,4.43
2024-03-24 08:30:00+05:30,32.26,13.72,2.55,250.5,1000.1999999999999,498.0,564.25,0.0,1.05
2024-03-24 09:30:00+05:30,35.82,9.51,3.03,283.9,1000.3,630.58,745.6,0.0,-1.06
2024-03-24 10:30:00+05:30,37.3,9.5,3.81,290.9,1000.1999999999999,715.05,866.25,0.0,0.02
2024-03-24 11:30:00+05:30,38.4,9.63,4.14,292.1,999.4,720.92,917.6,0.0,1.04
2024-03-24 12:30:00+05:30,38.8,9.89,4.16,293.7,998.3,496.35,891.67,0.0,1.72
2024-03-24 13:30:00+05:30,38.74,10.17,4.13,293.4,997.4,637.45,789.17,0.0,2.05
2024-03-24 14:30:00+05:30,38.54,10.42,3.92,291.5,996.9,614.88,620.53,0.0,2.2
2024-03-24 15:30:00+05:30,37.74,10.95,3.41,295.0,996.8000000000001,388.52,405.05,0.0,2.28
2024-03-24 16:30:00+05:30,35.36,16.08,1.95,304.3,997.0999999999999,173.65,181.65,0.0,5.6
2024-03-24 17:30:00+05:30,32.75,19.99,1.31,335.6,997.6999999999999,20.08,21.8,0.0,6.85
2024-03-24 18:30:00+05:30,31.71,19.98,1.39,40.9,998.3,0.0,0.0,0.0,6.02
2024-03-24 19:30:00+05:30,29.61,22.32,2.18,70.2,999.0999999999999,0.0,0.0,0.0,5.89
2024-03-24 20:30:00+05:30,27.66,24.18,2.6,85.1,999.5999999999999,0.0,0.0,0.0,5.41
2024-03-24 21:30:00+05:30,26.94,25.37,2.6,98.8,999.9,0.0,0.0,0.0,5.47
2024-03-24 22:30:00+05:30,26.57,26.15,2.48,113.0,999.8000000000001,0.0,0.0,0.0,5.61
2024-03-24 23:30:00+05:30,25.9,26.97,2.37,134.8,999.8000000000001,0.0,0.0,0.0,5.47
2024-03-25 00:30:00+05:30,24.93,27.96,2.3,154.5,999.7,0.0,0.0,0.0,5.17
2024-03-25 01:30:00+05:30,24.14,29.31,1.9,168.7,999.7,0.0,0.0,0.0,5.16
2024-03-25 02:30:00+05:30,24.54,28.77,0.9,175.6,999.5,0.0,0.0,0.0,5.23
2024-03-25 03:30:00+05:30,24.41,30.46,0.49,31.8,999.5999999999999,0.0,0.0,0.0,5.9
2024-03-25 04:30:00+05:30,22.48,33.48,1.43,18.3,1000.1999999999999,0.0,0.0,0.0,5.63
2024-03-25 05:30:00+05:30,21.44,36.57,1.84,26.1,1000.9000000000001,5.35,5.32,0.0,6.0
2024-03-25 06:30:00+05:30,23.81,33.05,2.08,39.7,1001.7,110.05,110.45,0.0,6.64
2024-03-25 07:30:00+05:30,27.33,26.44,2.65,51.1,1002.5,302.55,303.45,0.0,6.41
2024-03-25 08:30:00+05:30,32.07,19.47,4.01,52.2,1002.8,513.08,513.55,0.0,5.94
2024-03-25 09:30:00+05:30,34.43,17.02,3.62,52.8,1002.6,704.67,705.1,0.0,5.93
2024-03-25 10:30:00+05:30,35.97,15.52,2.64,50.4,1001.8000000000001,832.95,833.22,0.0,5.81
2024-03-25 11:30:00+05:30,36.89,14.63,1.81,34.4,1000.6,871.55,871.72,0.0,5.7
2024-03-25 12:30:00+05:30,37.43,14.11,1.54,2.2,999.0999999999999,851.22,851.33,0.0,5.6
2024-03-25 13:30:00+05:30,37.52,13.95,1.85,335.4,997.9000000000001,754.9,754.9,0.0,5.52
2024-03-25 14:30:00+05:30,37.19,14.17,2.44,319.7,997.0999999999999,595.2,595.25,0.0,5.47
2024-03-25 15:30:00+05:30,36.37,14.82,3.09,312.0,996.8000000000001,390.88,390.98,0.0,5.47
2024-03-25 16:30:00+05:30,34.83,16.36,3.04,309.1,996.9,186.32,186.4,0.0,5.67
2024-03-25 17:30:00+05:30,30.35,23.99,2.43,310.7,997.3000000000001,22.73,22.73,0.0,7.55
2024-03-25 18:30:00+05:30,28.28,26.39,2.77,310.6,998.0,0.0,0.0,0.0,7.2
2024-03-25 19:30:00+05:30,27.18,27.81,2.85,308.9,998.6,0.0,0.0,0.0,7.05
2024-03-25 20:30:00+05:30,26.17,29.39,2.93,304.7,999.3000000000001,0.0,0.0,0.0,6.96
2024-03-25 21:30:00+05:30,25.25,31.0,2.98,298.5,999.5999999999999,0.0,0.0,0.0,6.95
2024-03-25 22:30:00+05:30,24.36,32.69,2.98,291.1,999.5999999999999,0.0,0.0,0.0,6.95
2024-03-25 23:30:00+05:30,23.54,34.29,2.97,284.0,999.5999999999999,0.0,0.0,0.0,6.94
2024-03-26 00:30:00+05:30,22.76,35.99,2.98,278.3,999.3000000000001,0.0,0.0,0.0,6.94
2024-03-26 01:30:00+05:30,21.95,37.86,2.99,271.5,999.0,0.0,0.0,0.0,6.96
2024-03-26 02:30:00+05:30,21.16,39.65,3.03,266.4,998.5,0.0,0.0,0.0,6.95
2024-03-26 03:30:00+05:30,20.47,41.38,3.09,268.1,998.6,0.0,0.0,0.0,6.94
2024-03-26 04:30:00+05:30,19.81,43.12,3.08,271.9,999.0999999999999,0.0,0.0,0.0,6.95
2024-03-26 05:30:00+05:30,19.46,44.11,3.11,276.8,1000.0,7.1,7.15,0.0,6.96
2024-03-26 06:30:00+05:30,22.54,36.47,4.51,278.0,1000.8,145.7,146.95,0.0,6.96
2024-03-26 07:30:00+05:30,26.05,29.29,4.12,277.8,1001.5999999999999,381.12,383.38,0.0,6.81
2024-03-26 08:30:00+05:30,31.81,17.12,5.3,293.0,1001.9,612.03,612.33,0.0,3.85
2024-03-26 09:30:00+05:30,34.63,12.99,6.0,299.8,1001.9,781.08,799.38,0.0,2.25
2024-03-26 10:30:00+05:30,36.19,11.52,5.82,300.7,1001.3,849.47,923.05,0.0,1.81
2024-03-26 11:30:00+05:30,37.28,10.54,5.57,300.2,1000.5,805.2,933.03,0.0,1.43
2024-03-26 12:30:00+05:30,37.66,10.02,5.48,298.7,999.5,704.88,907.47,0.0,1.03
2024-03-26 13:30:00+05:30,37.03,10.18,5.56,295.9,998.6,589.83,806.15,0.0,0.76
2024-03-26 14:30:00+05:30,35.55,10.98,5.57,295.1,998.1999999999999,507.67,638.4,0.0,0.67
2024-03-26 15:30:00+05:30,34.47,11.69,5.35,298.5,998.4000000000001,358.27,418.8,0.0,0.7
2024-03-26 16:30:00+05:30,33.44,12.6,4.52,303.9,998.8,176.43,192.0,0.0,0.92
2024-03-26 17:30:00+05:30,28.39,19.05,2.81,314.1,999.5999999999999,24.0,23.88,0.0,2.63
2024-03-26 18:30:00+05:30,26.44,22.11,2.63,329.1,1000.4000000000001,0.0,0.0,0.0,3.12
2024-03-26 19:30:00+05:30,26.12,22.6,2.18,345.4,1001.3,0.0,0.0,0.0,3.17
2024-03-26 20:30:00+05:30,26.44,21.86,1.43,6.0,1001.8000000000001,0.0,0.0,0.0,2.94
2024-03-26 21:30:00+05:30,27.09,20.82,0.68,54.0,1001.9,0.0,0.0,0.0,2.8
2024-03-26 22:30:00+05:30,26.83,21.91,0.67,130.1,1001.9,0.0,0.0,0.0,3.28
2024-03-26 23:30:00+05:30,25.46,22.78,1.22,158.3,1001.9,0.0,0.0,0.0,2.72
2024-03-27 00:30:00+05:30,23.97,24.25,1.87,163.9,1001.5999999999999,0.0,0.0,0.0,2.33
2024-03-27 01:30:00+05:30,22.53,25.92,2.34,166.7,1001.4,0.0,0.0,0.0,2.06
2024-03-27 02:30:00+05:30,21.4,27.26,2.62,171.0,1001.4,0.0,0.0,0.0,1.8
2024-03-27 03:30:00+05:30,20.62,28.08,2.74,176.2,1001.5999999999999,0.0,0.0,0.0,1.55
2024-03-27 04:30:00+05:30,19.97,28.7,2.85,181.2,1002.0,0.0,0.0,0.0,1.29
2024-03-27 05:30:00+05:30,19.71,28.83,2.91,184.1,1002.6,6.65,6.55,0.0,1.13
2024-03-27 06:30:00+05:30,23.42,22.83,3.3,186.4,1003.4000000000001,116.55,118.35,0.0,1.04
2024-03-27 07:30:00+05:30,26.97,18.35,2.52,187.5,1004.0,317.67,325.12,0.0,0.97
2024-03-27 08:30:00+05:30,32.54,13.79,1.26,205.3,1004.4,533.95,543.08,0.0,1.46
2024-03-27 09:30:00+05:30,35.57,12.61,2.3,296.9,1004.2,721.2,721.47,0.0,2.59
2024-03-27 10:30:00+05:30,37.34,11.97,3.3,312.1,1003.6,848.83,849.0,0.0,3.22
2024-03-27 11:30:00+05:30,38.5,11.51,3.66,318.4,1002.4,933.55,933.6,0.0,3.56
2024-03-27 12:30:00+05:30,39.09,11.36,3.91,320.3,1000.9000000000001,902.25,902.28,0.0,3.81
2024-03-27 13:30:00+05:30,38.96,11.65,4.47,316.8,999.7,757.15,798.78,0.0,4.08
2024-03-27 14:30:00+05:30,38.68,12.08,4.89,311.8,998.8,608.72,632.25,0.0,4.36
2024-03-27 15:30:00+05:30,37.85,12.94,5.06,310.6,998.5,409.52,419.3,0.0,4.68
2024-03-27 16:30:00+05:30,36.31,14.47,4.18,310.7,998.4000000000001,189.98,193.68,0.0,5.1
2024-03-27 17:30:00+05:30,31.61,20.83,2.62,312.2,998.9,24.02,24.2,0.0,6.53
2024-03-27 18:30:00+05:30,30.12,22.81,2.37,317.2,999.7,0.0,0.0,0.0,6.62
2024-03-27 19:30:00+05:30,30.48,22.14,1.66,327.3,1000.5,0.0,0.0,0.0,6.51
2024-03-27 20:30:00+05:30,30.76,21.8,0.94,340.0,1001.1,0.0,0.0,0.0,6.5
2024-03-27 21:30:00+05:30,30.75,22.65,0.19,34.5,1001.2,0.0,0.0,0.0,6.98
2024-03-27 22:30:00+05:30,29.72,23.14,0.7,160.8,1001.1,0.0,0.0,0.0,6.48
2024-03-27 23:30:00+05:30,27.77,24.78,1.45,172.1,1000.6999999999999,0.0,0.0,0.0,5.85
2024-03-28 00:30:00+05:30,26.01,27.14,2.15,176.0,1000.1,0.0,0.0,0.0,5.68
2024-03-28 01:30:00+05:30,24.34,29.64,2.69,180.0,999.5999999999999,0.0,0.0,0.0,5.52
2024-03-28 02:30:00+05:30,23.45,30.98,2.99,183.3,999.0999999999999,0.0,0.0,0.0,5.39
2024-03-28 03:30:00+05:30,22.89,31.87,3.1,185.9,998.9,0.0,0.0,0.0,5.3
2024-03-28 04:30:00+05:30,22.42,32.74,3.12,189.4,999.0999999999999,0.0,0.0,0.0,5.27
2024-03-28 05:30:00+05:30,22.31,33.03,3.02,195.1,999.5,7.35,7.47,0.0,5.31
2024-03-28 06:30:00+05:30,25.92,26.8,3.55,202.2,1000.0,113.97,129.35,0.0,5.43
2024-03-28 07:30:00+05:30,29.06,22.43,2.86,210.0,1000.5,293.75,344.1,0.0,5.52
2024-03-28 08:30:00+05:30,34.57,16.92,1.61,274.6,1000.6999999999999,489.48,560.9,0.0,5.94
2024-03-28 09:30:00+05:30,37.47,14.85,3.07,319.8,1000.6999999999999,726.6,739.4,0.0,6.38
2024-03-28 10:30:00+05:30,38.95,13.98,3.99,321.9,1000.1,794.12,858.97,0.0,6.67
2024-03-28 11:30:00+05:30,39.84,13.64,4.59,317.8,999.0999999999999,708.6,870.15,0.0,7.0
2024-03-28 12:30:00+05:30,40.03,13.85,5.0,312.4,998.0,714.38,844.95,0.0,7.36
2024-03-28 13:30:00+05:30,39.52,14.57,5.21,306.4,996.9,584.78,747.45,0.0,7.7
2024-03-28 14:30:00+05:30,38.94,15.32,5.0,301.8,996.1,496.08,586.47,0.0,7.99
2024-03-28 15:30:00+05:30,38.62,15.83,4.54,298.1,995.6999999999999,320.1,382.42,0.0,8.2
2024-03-28 16:30:00+05:30,37.31,17.22,3.49,297.1,995.8,148.73,170.73,0.0,8.39
2024-03-28 17:30:00+05:30,33.04,23.19,2.22,300.0,996.3,20.7,22.6,0.0,9.32
2024-03-28 18:30:00+05:30,32.41,23.56,1.72,313.8,997.0,0.0,0.0,0.0,9.01
2024-03-28 19:30:00+05:30,32.29,23.61,1.06,349.6,997.9000000000001,0.0,0.0,0.0,8.94
2024-03-28 20:30:00+05:30,31.38,24.66,1.17,48.8,998.5,0.0,0.0,0.0,8.83
2024-03-28 21:30:00+05:30,30.01,26.37,1.8,75.5,998.6,0.0,0.0,0.0,8.67
2024-03-28 22:30:00+05:30,28.0,29.4,2.42,88.3,998.3,0.0,0.0,0.0,8.55
2024-03-28 23:30:00+05:30,26.53,31.76,2.86,97.4,997.6999999999999,0.0,0.0,0.0,8.43
2024-03-29 00:30:00+05:30,25.72,33.01,3.0,106.9,997.0999999999999,0.0,0.0,0.0,8.28
2024-03-29 01:30:00+05:30,25.09,33.85,2.97,117.7,996.5999999999999,0.0,0.0,0.0,8.1
2024-03-29 02:30:00+05:30,24.52,34.75,2.9,128.6,996.3,0.0,0.0,0.0,7.99
2024-03-29 03:30:00+05:30,23.99,35.77,2.83,139.2,996.4,0.0,0.0,0.0,7.95
2024-03-29 04:30:00+05:30,23.5,36.92,2.76,149.3,997.0,0.0,0.0,0.0,7.98
2024-03-29 05:30:00+05:30,23.4,37.28,2.62,157.8,997.6999999999999,7.72,7.2,0.0,8.04
2024-03-29 06:30:00+05:30,26.98,30.28,2.83,163.8,998.5,107.75,111.72,0.0,8.11
2024-03-29 07:30:00+05:30,30.7,24.36,2.65,159.6,999.3000000000001,283.25,309.02,0.0,8.09
2024-03-29 08:30:00+05:30,35.73,18.57,2.77,139.0,999.7,462.48,517.3,0.0,8.24
2024-03-29 09:30:00+05:30,38.2,16.38,1.18,137.8,999.5999999999999,610.1,687.08,0.0,8.37
2024-03-29 10:30:00+05:30,40.25,14.47,1.25,306.9,999.0999999999999,706.45,806.08,0.0,8.18
2024-03-29 11:30:00+05:30,41.48,13.57,2.63,311.1,998.3,789.97,882.6,0.0,8.2
2024-03-29 12:30:00+05:30,41.94,13.32,3.36,313.4,997.0,792.55,853.55,0.0,8.3
2024-03-29 13:30:00+05:30,41.87,13.46,3.81,316.2,996.0,732.7,750.7,0.0,8.39
2024-03-29 14:30:00+05:30,41.33,13.9,3.85,321.8,995.3,574.8,584.38,0.0,8.43
2024-03-29 15:30:00+05:30,40.44,14.48,3.87,327.9,995.1,370.88,371.73,0.0,8.33
2024-03-29 16:30:00+05:30,38.92,15.61,3.45,337.1,995.1,162.9,168.82,0.0,8.25
2024-03-29 17:30:00+05:30,34.21,21.3,2.52,3.9,995.6,21.02,22.45,0.0,9.02
2024-03-29 18:30:00+05:30,31.87,23.73,2.98,26.9,996.3,0.0,0.0,0.0,8.68
2024-03-29 19:30:00+05:30,30.73,24.98,3.13,43.6,997.2,0.0,0.0,0.0,8.47
2024-03-29 20:30:00+05:30,29.66,26.39,3.1,52.7,997.8,0.0,0.0,0.0,8.38
2024-03-29 21:30:00+05:30,28.65,27.91,3.0,60.2,998.1999999999999,0.0,0.0,0.0,8.35
2024-03-29 22:30:00+05:30,27.76,29.43,2.9,72.6,998.3,0.0,0.0,0.0,8.36
2024-03-29 23:30:00+05:30,27.0,30.86,2.76,90.2,998.1,0.0,0.0,0.0,8.4
2024-03-30 00:30:00+05:30,26.31,32.17,2.57,112.4,997.8,0.0,0.0,0.0,8.43
2024-03-30 01:30:00+05:30,25.66,33.53,2.5,134.8,997.8,0.0,0.0,0.0,8.46
2024-03-30 02:30:00+05:30,25.07,34.78,2.39,147.8,997.8,0.0,0.0,0.0,8.47
2024-03-30 03:30:00+05:30,24.7,35.56,2.14,157.8,998.0,0.0,0.0,0.0,8.49
2024-03-30 04:30:00+05:30,24.57,35.86,1.91,174.0,998.5,0.0,0.0,0.0,8.5
2024-03-30 05:30:00+05:30,24.56,35.9,1.78,190.4,999.2,7.38,7.07,0.0,8.5
2024-03-30 06:30:00+05:30,27.22,30.69,1.71,199.1,999.8000000000001,101.85,102.25,0.0,8.52
2024-03-30 07:30:00+05:30,30.41,25.56,1.2,205.1,1000.4000000000001,280.92,283.73,0.0,8.54
2024-03-30 08:30:00+05:30,35.51,19.15,1.7,273.7,1000.9000000000001,440.27,441.98,0.0,8.51
2024-03-30 09:30:00+05:30,37.87,16.94,3.46,290.1,1001.1,625.0,626.28,0.0,8.6
2024-03-30 10:30:00+05:30,38.96,16.08,4.62,298.8,1000.8,744.6,747.92,0.0,8.71
2024-03-30 11:30:00+05:30,39.46,15.84,4.59,307.9,999.9,811.03,814.15,0.0,8.88
2024-03-30 12:30:00+05:30,40.37,15.26,4.13,308.5,998.8,776.03,796.62,0.0,9.05
2024-03-30 13:30:00+05:30,40.82,15.01,4.2,298.9,997.6,659.1,695.33,0.0,9.16
2024-03-30 14:30:00+05:30,40.49,15.43,4.54,295.4,996.8000000000001,492.6,535.55,0.0,9.32
2024-03-30 15:30:00+05:30,39.61,16.47,4.41,298.7,996.3,325.9,345.45,0.0,9.58
2024-03-30 16:30:00+05:30,38.13,18.14,3.66,305.4,996.4,134.62,145.23,0.0,9.84
2024-03-30 17:30:00+05:30,34.35,23.44,2.18,319.7,996.7,16.45,19.15,0.0,10.55
2024-03-30 18:30:00+05:30,32.65,25.7,2.17,324.6,997.5,0.0,0.0,0.0,10.51
2024-03-30 19:30:00+05:30,32.17,26.57,2.06,292.0,998.8,0.0,0.0,0.0,10.6
2024-03-30 20:30:00+05:30,31.68,27.59,2.79,237.7,1000.0,0.0,0.0,0.0,10.75
2024-03-30 21:30:00+05:30,31.94,28.03,4.66,218.2,1000.1999999999999,0.0,0.0,0.0,11.22
2024-03-30 22:30:00+05:30,31.19,31.63,5.88,216.6,1000.1,0.0,0.0,0.0,12.38
2024-03-30 23:30:00+05:30,29.11,38.65,4.79,220.8,999.7,0.0,0.0,0.0,13.64
2024-03-31 00:30:00+05:30,27.47,44.79,3.64,228.6,999.2,0.0,0.0,0.0,14.44
2024-03-31 01:30:00+05:30,26.23,49.17,3.09,235.7,998.7,0.0,0.0,0.0,14.76
2024-03-31 02:30:00+05:30,25.43,51.84,3.03,241.1,998.4000000000001,0.0,0.0,0.0,14.84
2024-03-31 03:30:00+05:30,24.87,53.65,3.07,242.8,998.5,0.0,0.0,0.0,14.86
2024-03-31 04:30:00+05:30,24.39,55.45,3.19,242.4,999.0,0.0,0.0,0.0,14.92
2024-03-31 05:30:00+05:30,24.47,55.32,3.78,239.6,999.7,6.97,8.23,0.0,14.97
2024-03-31 06:30:00+05:30,26.06,50.09,4.58,236.3,1000.5,82.68,117.18,0.0,14.89
2024-03-31 07:30:00+05:30,29.09,40.8,4.57,235.1,1001.2,204.75,314.33,0.0,14.45
2024-03-31 08:30:00+05:30,33.37,28.74,5.49,240.9,1001.3,358.2,531.65,0.0,12.8
2024-03-31 09:30:00+05:30,36.12,22.84,5.28,240.9,1001.1,475.6,716.42,0.0,11.64
2024-03-31 10:30:00+05:30,37.72,19.87,5.28,242.7,1000.5,661.12,844.28,0.0,10.85
2024-03-31 11:30:00+05:30,39.19,17.55,5.54,245.2,999.5,762.92,898.2,0.0,10.19
2024-03-31 12:30:00+05:30,40.06,16.11,6.12,250.2,998.1,802.7,886.0,0.0,9.59
2024-03-31 13:30:00+05:30,40.28,15.26,6.57,254.2,996.7,767.05,799.85,0.0,8.96
2024-03-31 14:30:00+05:30,39.97,14.51,7.03,259.9,995.6,624.9,649.8,0.0,7.97
2024-03-31 15:30:00+05:30,39.22,13.3,7.66,267.7,995.1,438.38,449.65,0.0,6.11
2024-03-31 16:30:00+05:30,37.83,12.23,7.47,274.5,995.1999999999999,220.52,224.18,0.0,3.87
2024-03-31 17:30:00+05:30,34.29,13.77,5.12,280.7,995.6,31.35,31.58,0.0,2.83
2024-03-31 18:30:00+05:30,31.27,16.16,4.45,285.4,996.1,0.0,0.0,0.0,2.64
2024-03-31 19:30:00+05:30,30.08,17.12,4.56,288.2,996.7,0.0,0.0,0.0,2.5
2024-03-31 20:30:00+05:30,28.8,18.19,4.49,289.5,997.0999999999999,0.0,0.0,0.0,2.32
2024-03-31 21:30:00+05:30,27.39,19.14,4.43,290.9,997.3000000000001,0.0,0.0,0.0,1.86
2024-03-31 22:30:00+05:30,25.93,19.67,4.14,292.1,997.2,0.0,0.0,0.0,1.06
2024-03-31 23:30:00+05:30,24.55,20.05,3.66,293.2,996.7,0.0,0.0,0.0,0.17
2024-04-01 00:30:00+05:30,23.58,20.31,3.34,294.6,996.2,0.0,0.0,0.0,-0.43
2024-04-01 01:30:00+05:30,22.91,20.91,3.16,296.9,995.6999999999999,0.0,0.0,0.0,-0.57
2024-04-01 02:30:00+05:30,22.46,21.6,3.14,300.0,995.5,0.0,0.0,0.0,-0.53
2024-04-01 03:30:00+05:30,22.17,22.17,3.18,303.3,995.6999999999999,0.0,0.0,0.0,-0.4
2024-04-01 04:30:00+05:30,21.84,23.0,3.22,306.2,996.2,0.0,0.0,0.0,-0.2
2024-04-01 05:30:00+05:30,21.78,23.64,3.16,307.4,996.8000000000001,11.25,11.27,0.0,0.15
2024-04-01 06:30:00+05:30,25.08,20.04,4.5,304.3,997.3000000000001,165.52,165.95,0.0,0.6
2024-04-01 07:30:00+05:30,28.68,16.88,4.42,299.6,997.9000000000001,392.58,393.33,0.0,1.16
2024-04-01 08:30:00+05:30,34.72,13.11,6.68,296.5,998.1,615.35,616.17,0.0,2.47
2024-04-01 09:30:00+05:30,36.84,12.15,7.41,292.3,998.0,786.33,798.12,0.0,3.04
2024-04-01 10:30:00+05:30,38.0,11.62,7.37,289.7,997.4,913.7,915.62,0.0,3.31
2024-04-01 11:30:00+05:30,38.88,11.09,7.36,287.7,996.3,976.6,980.3,0.0,3.35
2024-04-01 12:30:00+05:30,39.38,10.78,7.48,287.6,995.0,948.33,948.95,0.0,3.32
2024-04-01 13:30:00+05:30,39.4,10.83,7.47,288.5,994.0,841.05,842.03,0.0,3.41
2024-04-01 14:30:00+05:30,38.9,11.14,7.4,289.4,993.3,645.8,671.7,0.0,3.42
2024-04-01 15:30:00+05:30,37.98,11.58,7.42,289.9,993.1,430.55,452.0,0.0,3.24
2024-04-01 16:30:00+05:30,36.45,12.51,7.06,291.8,993.5,210.68,215.82,0.0,3.16
2024-04-01 17:30:00+05:30,32.99,15.49,4.59,296.0,994.3000000000001,29.38,29.42,0.0,3.43
2024-04-01 18:30:00+05:30,30.25,18.59,3.84,301.7,995.1999999999999,0.0,0.0,0.0,3.8
2024-04-01 19:30:00+05:30,29.14,20.22,3.63,306.5,995.9000000000001,0.0,0.0,0.0,4.09
2024-04-01 20:30:00+05:30,28.04,22.07,3.39,309.7,996.3,0.0,0.0,0.0,4.41
2024-04-01 21:30:00+05:30,27.05,23.87,3.2,311.7,996.2,0.0,0.0,0.0,4.73
2024-04-01 22:30:00+05:30,26.17,25.69,3.09,312.4,995.6999999999999,0.0,0.0,0.0,5.01
2024-04-01 23:30:00+05:30,25.37,27.46,2.98,312.7,995.1999999999999,0.0,0.0,0.0,5.3
2024-04-02 00:30:00+05:30,24.59,29.32,2.88,312.0,994.8000000000001,0.0,0.0,0.0,5.58
2024-04-02 01:30:00+05:30,23.76,31.4,2.78,310.6,994.4,0.0,0.0,0.0,5.86
2024-04-02 02:30:00+05:30,23.01,33.47,2.86,309.2,994.4,0.0,0.0,0.0,6.12
2024-04-02 03:30:00+05:30,22.45,35.04,2.95,307.6,994.7,0.0,0.0,0.0,6.29
2024-04-02 04:30:00+05:30,21.81,36.51,2.83,306.4,995.0,0.0,0.0,0.0,6.31
2024-04-02 05:30:00+05:30,21.64,36.61,2.64,298.2,995.5,11.32,11.15,0.0,6.2
2024-04-02 06:30:00+05:30,24.69,30.16,3.73,282.2,996.2,145.95,149.35,0.0,6.06
2024-04-02 07:30:00+05:30,28.11,24.21,3.53,269.0,997.0,361.02,370.65,0.0,5.79
2024-04-02 08:30:00+05:30,33.17,15.54,5.33,293.4,997.5,580.62,591.83,0.0,3.59
2024-04-02 09:30:00+05:30,35.62,13.21,6.12,288.2,997.5,759.0,772.1,0.0,3.25
2024-04-02 10:30:00+05:30,36.77,12.37,6.48,284.2,997.3000000000001,878.2,891.53,0.0,3.23
2024-04-02 11:30:00+05:30,37.87,11.59,6.59,280.3,996.4,956.67,968.67,0.0,3.18
2024-04-02 12:30:00+05:30,38.74,11.0,6.69,277.0,995.3,924.9,935.35,0.0,3.12
2024-04-02 13:30:00+05:30,38.97,10.81,6.67,275.2,994.3000000000001,719.28,829.15,0.0,3.05
2024-04-02 14:30:00+05:30,38.27,11.19,6.61,277.5,993.5,514.08,664.75,0.0,2.99
2024-04-02 15:30:00+05:30,37.16,11.84,6.54,282.4,993.4000000000001,345.95,450.02,0.0,2.92
2024-04-02 16:30:00+05:30,35.89,12.64,5.61,285.7,993.6,165.15,216.05,0.0,2.86
2024-04-02 17:30:00+05:30,32.68,15.4,3.26,289.5,994.0,27.17,30.1,0.0,3.09
2024-04-02 18:30:00+05:30,30.3,17.64,3.1,295.7,994.8000000000001,0.0,0.0,0.0,3.1
2024-04-02 19:30:00+05:30,29.25,18.6,3.0,303.4,995.6999999999999,0.0,0.0,0.0,2.99
2024-04-02 20:30:00+05:30,28.33,19.47,2.8,313.0,996.2,0.0,0.0,0.0,2.88
2024-04-02 21:30:00+05:30,27.6,20.01,2.56,321.3,996.5,0.0,0.0,0.0,2.67
2024-04-02 22:30:00+05:30,26.84,20.52,2.44,326.0,996.4,0.0,0.0,0.0,2.38
2024-04-02 23:30:00+05:30,26.14,20.91,2.32,325.7,996.4,0.0,0.0,0.0,2.07
2024-04-03 00:30:00+05:30,25.58,21.22,2.2,320.5,996.2,0.0,0.0,0.0,1.82
2024-04-03 01:30:00+05:30,25.11,21.52,2.11,314.6,996.0,0.0,0.0,0.0,1.62
2024-04-03 02:30:00+05:30,24.72,21.77,1.98,305.9,995.9000000000001,0.0,0.0,0.0,1.45
2024-04-03 03:30:00+05:30,24.31,22.1,1.8,290.9,995.8,0.0,0.0,0.0,1.32
2024-04-03 04:30:00+05:30,23.48,23.13,1.9,270.0,996.2,0.0,0.0,0.0,1.26
2024-04-03 05:30:00+05:30,22.82,24.37,2.09,254.4,996.8000000000001,12.77,12.4,0.0,1.45
2024-04-03 06:30:00+05:30,25.87,20.89,2.76,244.2,997.6999999999999,155.95,157.62,0.0,1.83
2024-04-03 07:30:00+05:30,29.85,15.98,2.81,252.1,998.7,371.45,382.83,0.0,1.33
2024-04-03 08:30:00+05:30,34.71,10.82,3.1,280.6,999.0,589.75,604.47,0.0,-0.18
2024-04-03 09:30:00+05:30,36.75,10.14,3.61,282.6,999.0,769.47,783.72,0.0,0.49
2024-04-03 10:30:00+05:30,38.41,9.66,3.9,285.2,998.7,888.88,901.15,0.0,1.1
2024-04-03 11:30:00+05:30,39.52,9.45,4.08,288.6,997.9000000000001,959.62,966.0,0.0,1.64
2024-04-03 12:30:00+05:30,39.73,9.75,4.23,291.8,996.8000000000001,930.75,934.7,0.0,2.2
2024-04-03 13:30:00+05:30,39.75,10.19,4.39,295.8,995.8,826.95,830.4,0.0,2.81
2024-04-03 14:30:00+05:30,39.24,10.82,4.54,301.6,995.1999999999999,660.25,661.83,0.0,3.26
2024-04-03 15:30:00+05:30,38.44,11.51,4.68,308.0,994.9,438.55,447.42,0.0,3.52
2024-04-03 16:30:00+05:30,36.97,12.64,4.24,316.1,995.1,209.73,214.77,0.0,3.68
2024-04-03 17:30:00+05:30,33.02,16.24,2.65,330.1,995.6,30.52,30.75,0.0,4.12
2024-04-03 18:30:00+05:30,31.05,18.09,2.72,344.0,996.2,0.0,0.0,0.0,4.07
2024-04-03 19:30:00+05:30,30.2,18.86,2.63,354.1,996.8000000000001,0.0,0.0,0.0,3.95
2024-04-03 20:30:00+05:30,29.17,19.78,2.44,5.9,997.2,0.0,0.0,0.0,3.79
2024-04-03 21:30:00+05:30,29.12,19.6,2.0,18.3,997.0999999999999,0.0,0.0,0.0,3.62
2024-04-03 22:30:00+05:30,29.52,18.92,1.27,26.6,996.9,0.0,0.0,0.0,3.47
2024-04-03 23:30:00+05:30,29.84,18.56,0.32,61.8,996.5,0.0,0.0,0.0,3.45
2024-04-04 00:30:00+05:30,28.78,19.6,0.82,184.9,996.1,0.0,0.0,0.0,3.36
2024-04-04 01:30:00+05:30,27.44,21.14,1.56,195.2,995.8,0.0,0.0,0.0,3.31
2024-04-04 02:30:00+05:30,26.16,22.84,2.05,195.6,995.5,0.0,0.0,0.0,3.33
2024-04-04 03:30:00+05:30,25.36,23.99,2.28,194.2,995.4000000000001,0.0,0.0,0.0,3.36
2024-04-04 04:30:00+05:30,24.85,24.84,2.42,189.7,995.4000000000001,0.0,0.0,0.0,3.41
2024-04-04 05:30:00+05:30,24.03,26.26,2.54,192.7,996.0,10.9,12.57,0.0,3.52
2024-04-04 06:30:00+05:30,27.61,21.73,2.77,193.8,996.5999999999999,119.8,153.2,0.0,3.85
2024-04-04 07:30:00+05:30,30.99,18.28,1.99,198.4,997.3000000000001,304.05,375.62,0.0,4.16
2024-04-04 08:30:00+05:30,35.92,13.99,0.83,225.5,997.6,521.08,592.47,0.0,4.3
2024-04-04 09:30:00+05:30,38.05,12.43,1.22,257.7,997.5,670.67,769.1,0.0,4.3
2024-04-04 10:30:00+05:30,39.43,11.42,1.72,265.7,997.0999999999999,747.78,885.8,0.0,4.18
2024-04-04 11:30:00+05:30,40.35,10.72,2.59,267.8,996.3,760.2,880.53,0.0,3.98
2024-04-04 12:30:00+05:30,40.97,10.18,3.34,268.8,995.1999999999999,716.55,849.95,0.0,3.73
2024-04-04 13:30:00+05:30,40.86,10.08,4.03,268.9,994.2,566.83,748.05,0.0,3.51
2024-04-04 14:30:00+05:30,40.1,10.3,4.78,270.6,993.5,390.83,584.35,0.0,3.25
2024-04-04 15:30:00+05:30,39.05,10.64,5.17,272.2,993.1999999999999,242.07,380.15,0.0,2.91
2024-04-04 16:30:00+05:30,37.55,11.37,4.17,275.5,993.3,118.12,173.77,0.0,2.66
2024-04-04 17:30:00+05:30,34.25,13.55,3.46,279.5,993.8,19.98,25.65,0.0,2.55
2024-04-04 18:30:00+05:30,32.67,14.42,3.91,281.5,994.7,0.0,0.0,0.0,2.16
2024-04-04 19:30:00+05:30,32.17,14.58,4.2,281.5,995.5,0.0,0.0,0.0,1.92
2024-04-04 20:30:00+05:30,31.74,14.92,4.34,277.6,996.3,0.0,0.0,0.0,1.9
2024-04-04 21:30:00+05:30,31.14,15.48,4.49,269.7,996.5,0.0,0.0,0.0,1.95
2024-04-04 22:30:00+05:30,30.46,16.23,4.65,261.6,996.3,0.0,0.0,0.0,2.07
2024-04-04 23:30:00+05:30,29.35,17.72,4.46,254.8,996.0,0.0,0.0,0.0,2.39
2024-04-05 00:30:00+05:30,28.7,19.16,4.65,249.1,995.6,0.0,0.0,0.0,2.94
2024-04-05 01:30:00+05:30,28.19,20.68,4.43,245.7,995.1,0.0,0.0,0.0,3.61
2024-04-05 02:30:00+05:30,27.36,22.66,3.76,250.9,994.8000000000001,0.0,0.0,0.0,4.23
2024-04-05 03:30:00+05:30,26.23,25.15,3.2,260.3,994.7,0.0,0.0,0.0,4.76
2024-04-05 04:30:00+05:30,25.89,26.48,3.18,268.6,995.0,0.0,0.0,0.0,5.22
2024-04-05 05:30:00+05:30,25.85,27.27,3.36,274.3,995.6,12.0,11.45,0.0,5.6
2024-04-05 06:30:00+05:30,27.55,25.21,4.51,273.8,996.5,125.35,125.25,0.0,5.92
2024-04-05 07:30:00+05:30,29.97,22.5,4.58,274.4,997.4,303.85,309.95,0.0,6.3
2024-04-05 08:30:00+05:30,33.18,19.39,5.54,283.4,997.9000000000001,505.08,510.9,0.0,6.78
2024-04-05 09:30:00+05:30,36.03,16.56,5.65,286.5,998.0,673.12,673.85,0.0,6.79
2024-04-05 10:30:00+05:30,37.77,14.88,5.29,286.8,997.5,787.47,788.65,0.0,6.63
2024-04-05 11:30:00+05:30,39.42,13.47,5.02,287.0,996.5,940.78,942.05,0.0,6.5
2024-04-05 12:30:00+05:30,40.06,12.95,4.91,287.4,995.1999999999999,881.55,907.1,0.0,6.44
2024-04-05 13:30:00+05:30,39.67,13.34,4.94,287.2,994.0,779.97,800.35,0.0,6.54
2024-04-05 14:30:00+05:30,39.53,13.68,5.07,288.9,993.3,612.88,630.67,0.0,6.78
2024-04-05 15:30:00+05:30,39.04,14.37,5.18,291.4,992.9000000000001,353.05,415.98,0.0,7.13
2024-04-05 16:30:00+05:30,37.99,15.62,5.06,297.2,992.9000000000001,179.55,195.27,0.0,7.5
2024-04-05 17:30:00+05:30,34.68,19.3,3.21,310.4,993.4000000000001,24.75,28.02,0.0,7.94
2024-04-05 18:30:00+05:30,32.8,21.83,3.33,320.7,994.0,0.0,0.0,0.0,8.21
2024-04-05 19:30:00+05:30,32.57,22.29,3.56,322.1,994.5999999999999,0.0,0.0,0.0,8.34
2024-04-05 20:30:00+05:30,32.18,22.4,3.97,321.0,995.1,0.0,0.0,0.0,8.07
2024-04-05 21:30:00+05:30,32.05,21.21,5.59,326.3,995.4000000000001,0.0,0.0,0.0,7.16
2024-04-05 22:30:00+05:30,31.16,20.56,6.46,332.5,995.6,0.0,0.0,0.0,6.0
2024-04-05 23:30:00+05:30,30.02,21.46,5.66,337.2,995.5,0.0,0.0,0.0,5.67
2024-04-06 00:30:00+05:30,29.17,22.72,4.65,341.8,995.3,0.0,0.0,0.0,5.78
2024-04-06 01:30:00+05:30,28.21,24.35,3.26,342.0,995.0,0.0,0.0,0.0,5.97
2024-04-06 02:30:00+05:30,27.47,25.81,2.43,338.0,994.7,0.0,0.0,0.0,6.21
2024-04-06 03:30:00+05:30,26.87,27.22,2.08,332.6,994.7,0.0,0.0,0.0,6.45
2024-04-06 04:30:00+05:30,26.1,28.88,2.0,318.2,995.1999999999999,0.0,0.0,0.0,6.66
2024-04-06 05:30:00+05:30,25.59,30.17,2.03,301.5,996.0,12.12,12.93,0.0,6.86
2024-04-06 06:30:00+05:30,27.48,27.33,3.01,284.2,997.0,118.68,142.12,0.0,7.02
2024-04-06 07:30:00+05:30,29.88,23.57,2.65,283.8,997.6999999999999,287.75,352.62,0.0,6.89
2024-04-06 08:30:00+05:30,32.33,19.88,2.32,284.2,998.0,436.77,565.03,0.0,6.45
2024-04-06 09:30:00+05:30,34.66,16.5,2.43,282.1,998.1,574.88,741.28,0.0,5.64
2024-04-06 10:30:00+05:30,36.06,15.03,2.58,282.1,997.8,615.97,857.5,0.0,5.42
2024-04-06 11:30:00+05:30,37.96,13.73,2.84,284.1,996.9,587.38,867.72,0.0,5.61
2024-04-06 12:30:00+05:30,38.82,13.35,3.18,290.6,995.8,652.45,844.95,0.0,5.87
2024-04-06 13:30:00+05:30,38.36,13.76,3.64,301.9,994.9,412.45,750.53,0.0,5.96
2024-04-06 14:30:00+05:30,37.58,14.32,4.2,312.3,994.0999999999999,317.62,598.12,0.0,5.91
2024-04-06 15:30:00+05:30,36.32,15.2,4.6,317.3,993.8,213.9,400.2,0.0,5.8
2024-04-06 16:30:00+05:30,34.74,16.42,4.27,323.9,993.8,121.62,185.15,0.0,5.64
2024-04-06 17:30:00+05:30,32.35,18.4,3.03,329.9,993.8,24.33,28.05,0.0,5.36
2024-04-06 18:30:00+05:30,30.63,19.76,2.57,327.1,994.2,0.0,0.0,0.0,4.98
2024-04-06 19:30:00+05:30,29.77,20.24,2.6,318.0,994.7,0.0,0.0,0.0,4.62
2024-04-06 20:30:00+05:30,29.12,20.63,2.75,306.3,995.5,0.0,0.0,0.0,4.34
2024-04-06 21:30:00+05:30,28.43,21.27,2.91,297.6,995.8,0.0,0.0,0.0,4.22
2024-04-06 22:30:00+05:30,27.78,22.09,3.02,294.7,995.8,0.0,0.0,0.0,4.22
2024-04-06 23:30:00+05:30,27.24,22.93,3.19,292.1,995.6999999999999,0.0,0.0,0.0,4.31
2024-04-07 00:30:00+05:30,26.72,23.91,3.35,289.5,995.6,0.0,0.0,0.0,4.47
2024-04-07 01:30:00+05:30,25.92,25.39,3.28,289.2,995.4000000000001,0.0,0.0,0.0,4.64
2024-04-07 02:30:00+05:30,25.19,26.71,3.06,292.3,995.3,0.0,0.0,0.0,4.77
2024-04-07 03:30:00+05:30,24.3,28.28,2.87,296.0,995.4000000000001,0.0,0.0,0.0,4.81
2024-04-07 04:30:00+05:30,23.34,29.98,2.71,298.0,995.9000000000001,0.0,0.0,0.0,4.83
2024-04-07 05:30:00+05:30,22.89,30.77,2.47,297.5,996.5,15.38,15.88,0.0,4.8
2024-04-07 06:30:00+05:30,25.86,25.82,3.0,283.1,997.3000000000001,152.18,173.02,0.0,4.84
2024-04-07 07:30:00+05:30,29.43,21.02,2.27,250.4,998.3,339.77,399.62,0.0,4.89
2024-04-07 08:30:00+05:30,35.52,14.5,2.11,301.7,998.5,548.38,617.45,0.0,4.48
2024-04-07 09:30:00+05:30,37.63,13.17,1.61,299.4,998.4000000000001,722.28,792.6,0.0,4.79
2024-04-07 10:30:00+05:30,38.9,12.38,1.51,273.4,997.8,879.75,906.85,0.0,4.87
2024-04-07 11:30:00+05:30,39.78,11.8,1.81,250.3,996.7,894.12,922.3,0.0,4.87
2024-04-07 12:30:00+05:30,40.26,11.57,2.45,244.1,995.3,843.28,891.85,0.0,4.98
2024-04-07 13:30:00+05:30,40.36,11.75,3.66,246.2,994.5,737.17,789.6,0.0,5.27
2024-04-07 14:30:00+05:30,39.72,12.54,4.82,253.6,994.0,573.6,625.72,0.0,5.7
2024-04-07 15:30:00+05:30,38.17,14.15,5.5,261.6,993.7,410.27,413.55,0.0,6.21
2024-04-07 16:30:00+05:30,36.96,15.67,5.87,263.3,993.9,193.7,199.52,0.0,6.75
2024-04-07 17:30:00+05:30,35.19,18.03,5.27,259.6,994.4,30.12,30.35,0.0,7.36
2024-04-07 18:30:00+05:30,33.81,20.48,6.67,250.6,995.4000000000001,0.0,0.0,0.0,8.1
2024-04-07 19:30:00+05:30,32.39,23.67,7.48,240.6,996.4,0.0,0.0,0.0,9.05
2024-04-07 20:30:00+05:30,30.92,27.24,6.81,233.6,997.2,0.0,0.0,0.0,9.93
2024-04-07 21:30:00+05:30,29.27,30.45,4.82,232.4,997.3000000000001,0.0,0.0,0.0,10.16
2024-04-07 22:30:00+05:30,27.82,32.86,3.42,234.2,997.0999999999999,0.0,0.0,0.0,10.04
2024-04-07 23:30:00+05:30,26.79,34.66,2.99,236.0,996.5999999999999,0.0,0.0,0.0,9.93
2024-04-08 00:30:00+05:30,25.97,36.36,2.85,238.5,996.2,0.0,0.0,0.0,9.94
2024-04-08 01:30:00+05:30,25.17,38.32,2.75,242.0,995.8,0.0,0.0,0.0,10.01
2024-04-08 02:30:00+05:30,24.32,40.58,2.58,247.7,995.8,0.0,0.0,0.0,10.11
2024-04-08 03:30:00+05:30,23.55,42.67,2.42,255.4,996.1,0.0,0.0,0.0,10.16
2024-04-08 04:30:00+05:30,22.93,44.39,2.25,263.6,996.8000000000001,0.0,0.0,0.0,10.2
2024-04-08 05:30:00+05:30,22.92,44.58,2.02,267.7,997.9000000000001,17.12,17.17,0.0,10.25
2024-04-08 06:30:00+05:30,25.88,37.47,2.36,261.2,999.0,181.77,182.52,0.0,10.3
2024-04-08 07:30:00+05:30,29.6,29.5,1.79,270.6,1000.0,404.27,405.75,0.0,9.96
2024-04-08 08:30:00+05:30,34.32,19.3,1.4,316.2,1000.4000000000001,625.03,626.7,0.0,7.62
2024-04-08 09:30:00+05:30,36.63,15.51,1.33,284.8,1000.3,802.83,804.88,0.0,6.25
2024-04-08 10:30:00+05:30,38.2,13.48,2.01,262.3,999.8000000000001,920.42,923.45,0.0,5.44
2024-04-08 11:30:00+05:30,39.32,12.18,2.76,259.1,998.9,977.85,978.33,0.0,4.89
2024-04-08 12:30:00+05:30,39.95,11.4,3.47,261.4,997.8,945.35,949.83,0.0,4.43
2024-04-08 13:30:00+05:30,40.11,10.8,4.11,265.7,996.8000000000001,840.6,848.5,0.0,3.79
2024-04-08 14:30:00+05:30,39.68,10.32,4.54,273.0,996.0,678.35,683.33,0.0,2.86
2024-04-08 15:30:00+05:30,38.83,9.76,4.79,281.1,995.9000000000001,463.75,468.75,0.0,1.46
2024-04-08 16:30:00+05:30,37.44,9.36,4.6,287.7,996.1,230.8,232.48,0.0,-0.1
2024-04-08 17:30:00+05:30,33.14,11.34,2.8,294.7,996.7,36.08,36.25,0.0,-0.76
2024-04-08 18:30:00+05:30,30.26,12.73,2.78,301.0,997.5,0.0,0.0,0.0,-1.4
2024-04-08 19:30:00+05:30,29.66,12.69,2.5,303.8,998.1999999999999,0.0,0.0,0.0,-1.91
2024-04-08 20:30:00+05:30,29.54,12.52,2.18,299.7,998.8,0.0,0.0,0.0,-2.17
2024-04-08 21:30:00+05:30,29.2,12.69,2.03,288.3,999.0,0.0,0.0,0.0,-2.26
2024-04-08 22:30:00+05:30,28.43,13.26,2.14,274.6,998.8,0.0,0.0,0.0,-2.28
2024-04-08 23:30:00+05:30,27.39,14.13,2.34,259.9,998.5,0.0,0.0,0.0,-2.26
2024-04-09 00:30:00+05:30,26.22,15.23,2.56,244.3,998.1,0.0,0.0,0.0,-2.17
2024-04-09 01:30:00+05:30,24.73,17.14,2.93,232.1,997.6,0.0,0.0,0.0,-1.79
2024-04-09 02:30:00+05:30,23.52,20.24,3.33,222.7,997.3000000000001,0.0,0.0,0.0,-0.55
2024-04-09 03:30:00+05:30,22.94,25.75,3.57,215.8,997.3000000000001,0.0,0.0,0.0,2.23
2024-04-09 04:30:00+05:30,22.6,34.43,3.83,213.6,997.6999999999999,0.0,0.0,0.0,5.97
2024-04-09 05:30:00+05:30,22.75,42.59,4.34,214.2,998.4000000000001,17.52,17.48,0.0,9.23
2024-04-09 06:30:00+05:30,25.53,41.14,5.55,216.1,999.2,168.82,171.8,0.0,11.25
2024-04-09 07:30:00+05:30,29.27,34.32,5.26,217.0,1000.0,377.65,391.73,0.0,11.89
2024-04-09 08:30:00+05:30,33.33,26.08,6.16,223.9,1000.4000000000001,583.35,604.53,0.0,11.26
2024-04-09 09:30:00+05:30,36.43,20.22,5.28,231.7,1000.4000000000001,747.67,775.15,0.0,10.03
2024-04-09 10:30:00+05:30,38.82,15.15,4.06,243.4,999.8000000000001,877.03,885.5,0.0,7.71
2024-04-09 11:30:00+05:30,39.97,12.57,3.58,255.1,998.9,857.1,908.05,0.0,5.93
2024-04-09 12:30:00+05:30,39.39,12.28,3.66,262.5,997.9000000000001,602.65,874.45,0.0,5.15
2024-04-09 13:30:00+05:30,38.52,12.56,3.79,266.4,997.0999999999999,489.02,772.08,0.0,4.81
2024-04-09 14:30:00+05:30,37.97,12.74,4.08,267.9,996.5999999999999,417.42,597.15,0.0,4.57
2024-04-09 15:30:00+05:30,37.49,12.82,4.34,270.1,996.3,267.6,386.0,0.0,4.29
2024-04-09 16:30:00+05:30,36.69,13.16,3.93,271.5,996.4,124.35,172.43,0.0,4.03
2024-04-09 17:30:00+05:30,33.33,15.95,2.71,271.9,996.9,23.27,27.2,0.0,4.12
2024-04-09 18:30:00+05:30,31.0,18.03,3.09,273.0,997.6,0.0,0.0,0.0,3.98
2024-04-09 19:30:00+05:30,29.55,19.45,3.28,274.7,998.5,0.0,0.0,0.0,3.89
2024-04-09 20:30:00+05:30,28.53,20.65,3.31,277.8,999.2,0.0,0.0,0.0,3.88
2024-04-09 21:30:00+05:30,27.67,21.72,3.26,280.4,999.5,0.0,0.0,0.0,3.9
2024-04-09 22:30:00+05:30,27.09,22.5,3.12,280.9,999.2,0.0,0.0,0.0,3.92
2024-04-09 23:30:00+05:30,26.88,22.81,2.92,275.5,998.7,0.0,0.0,0.0,3.94
2024-04-10 00:30:00+05:30,26.51,23.35,2.85,260.1,998.0,0.0,0.0,0.0,3.94
2024-04-10 01:30:00+05:30,26.04,23.99,3.0,243.0,997.5,0.0,0.0,0.0,3.95
2024-04-10 02:30:00+05:30,25.07,25.76,3.36,230.4,997.3000000000001,0.0,0.0,0.0,4.14
2024-04-10 03:30:00+05:30,24.2,29.35,3.57,223.5,997.5,0.0,0.0,0.0,5.25
2024-04-10 04:30:00+05:30,23.5,36.8,3.65,221.9,998.3,0.0,0.0,0.0,7.87
2024-04-10 05:30:00+05:30,23.48,45.85,3.71,224.5,999.3000000000001,15.57,16.0,0.0,11.07
2024-04-10 06:30:00+05:30,26.23,44.27,4.65,228.6,1000.3,130.15,148.85,0.0,13.03
2024-04-10 07:30:00+05:30,29.03,38.81,3.92,230.4,1001.2,275.12,352.77,0.0,13.57
2024-04-10 08:30:00+05:30,33.81,25.81,5.86,236.7,1001.5999999999999,426.85,568.85,0.0,11.52
2024-04-10 09:30:00+05:30,35.55,20.28,5.12,241.8,1001.4,573.58,742.15,0.0,9.37
2024-04-10 10:30:00+05:30,36.56,18.19,3.82,251.2,1000.9000000000001,620.75,855.83,0.0,8.59
2024-04-10 11:30:00+05:30,38.25,15.77,2.82,262.5,1000.1,729.85,928.42,0.0,7.85
2024-04-10 12:30:00+05:30,39.33,14.15,2.3,273.0,999.0,865.85,893.83,0.0,7.12
2024-04-10 13:30:00+05:30,39.57,13.36,2.08,284.8,997.9000000000001,784.33,786.8,0.0,6.48
2024-04-10 14:30:00+05:30,39.18,13.02,1.92,280.5,997.0999999999999,603.78,617.35,0.0,5.81
2024-04-10 15:30:00+05:30,38.4,13.1,1.76,267.4,996.5,382.27,404.98,0.0,5.29
2024-04-10 16:30:00+05:30,37.15,13.81,1.59,258.1,996.4,177.75,185.5,0.0,5.07
2024-04-10 17:30:00+05:30,34.51,16.47,1.0,236.0,996.8000000000001,26.33,29.42,0.0,5.5
2024-04-10 18:30:00+05:30,32.67,17.95,1.21,190.0,997.5,0.0,0.0,0.0,5.25
2024-04-10 19:30:00+05:30,30.76,19.84,1.98,174.2,998.5,0.0,0.0,0.0,5.13
2024-04-10 20:30:00+05:30,28.87,21.81,2.69,171.0,999.3000000000001,0.0,0.0,0.0,4.95
2024-04-10 21:30:00+05:30,27.83,22.79,3.14,173.2,999.5999999999999,0.0,0.0,0.0,4.71
2024-04-10 22:30:00+05:30,27.2,23.56,3.35,178.8,999.5,0.0,0.0,0.0,4.63
2024-04-10 23:30:00+05:30,27.24,23.89,3.38,182.9,999.0999999999999,0.0,0.0,0.0,4.87
2024-04-11 00:30:00+05:30,26.88,25.83,3.21,187.5,998.5,0.0,0.0,0.0,5.68
2024-04-11 01:30:00+05:30,26.44,29.09,3.04,196.6,998.3,0.0,0.0,0.0,7.04
2024-04-11 02:30:00+05:30,25.92,32.47,2.94,208.7,998.4000000000001,0.0,0.0,0.0,8.2
2024-04-11 03:30:00+05:30,25.48,34.95,2.8,220.2,998.8,0.0,0.0,0.0,8.9
2024-04-11 04:30:00+05:30,24.73,37.75,2.79,230.4,999.5,0.0,0.0,0.0,9.38
2024-04-11 05:30:00+05:30,24.78,38.53,3.02,235.8,1000.1999999999999,15.7,15.75,0.0,9.74
2024-04-11 06:30:00+05:30,27.32,33.58,4.74,237.4,1001.0,139.45,139.9,0.0,9.92
2024-04-11 07:30:00+05:30,30.84,27.05,5.12,242.0,1001.7,308.62,309.58,0.0,9.74
2024-04-11 08:30:00+05:30,34.49,21.37,5.24,246.7,1002.0999999999999,510.3,511.62,0.0,9.29
2024-04-11 09:30:00+05:30,36.96,18.4,4.29,245.0,1002.0,689.8,691.3,0.0,9.1
2024-04-11 10:30:00+05:30,38.6,16.73,3.34,239.0,1001.5,814.38,815.9,0.0,9.02
2024-04-11 11:30:00+05:30,39.82,15.53,2.69,229.4,1000.4000000000001,957.65,959.1,0.0,8.87
2024-04-11 12:30:00+05:30,40.45,14.82,2.36,220.4,999.0999999999999,926.22,927.47,0.0,8.69
2024-04-11 13:30:00+05:30,40.56,14.51,2.19,215.7,997.9000000000001,813.05,824.53,0.0,8.46
2024-04-11 14:30:00+05:30,40.08,14.45,2.12,220.0,997.0,611.25,659.88,0.0,8.02
2024-04-11 15:30:00+05:30,39.19,14.49,2.02,223.8,996.7,403.8,449.52,0.0,7.35
2024-04-11 16:30:00+05:30,37.89,15.09,1.9,222.9,996.7,200.77,221.15,0.0,6.93
2024-04-11 17:30:00+05:30,34.93,17.97,1.51,215.1,997.0999999999999,34.4,35.8,0.0,7.1
2024-04-11 18:30:00+05:30,32.64,20.21,1.88,207.5,997.8,0.0,0.0,0.0,6.95
2024-04-11 19:30:00+05:30,31.03,22.19,2.31,204.8,998.4000000000001,0.0,0.0,0.0,6.99
2024-04-11 20:30:00+05:30,29.76,23.91,2.7,203.6,999.0999999999999,0.0,0.0,0.0,7.01
2024-04-11 21:30:00+05:30,28.84,25.22,2.96,204.3,999.3000000000001,0.0,0.0,0.0,7.02
2024-04-11 22:30:00+05:30,28.08,26.4,3.12,208.1,999.2,0.0,0.0,0.0,7.05
2024-04-11 23:30:00+05:30,27.38,27.8,3.26,214.6,999.0,0.0,0.0,0.0,7.19
2024-04-12 00:30:00+05:30,26.64,30.08,3.39,223.0,998.8,0.0,0.0,0.0,7.72
2024-04-12 01:30:00+05:30,25.87,34.47,3.5,232.0,998.5,0.0,0.0,0.0,9.01
2024-04-12 02:30:00+05:30,25.16,41.27,3.59,239.4,998.4000000000001,0.0,0.0,0.0,11.03
2024-04-12 03:30:00+05:30,24.58,48.96,3.57,244.4,998.7,0.0,0.0,0.0,13.1
2024-04-12 04:30:00+05:30,24.05,55.17,3.34,246.5,999.0999999999999,0.0,0.0,0.0,14.47
2024-04-12 05:30:00+05:30,24.07,57.3,3.45,245.4,999.7,14.48,19.88,0.0,15.12
2024-04-12 06:30:00+05:30,26.08,51.77,4.0,242.0,1000.5,101.38,172.07,0.0,15.43
2024-04-12 07:30:00+05:30,30.16,40.26,3.74,243.8,1001.2,209.82,389.35,0.0,15.21
2024-04-12 08:30:00+05:30,34.1,29.66,3.65,250.5,1001.5999999999999,323.98,600.0,0.0,13.9
2024-04-12 09:30:00+05:30,36.64,23.4,3.02,253.7,1001.5999999999999,424.3,770.8,0.0,12.44
2024-04-12 10:30:00+05:30,38.37,20.16,2.59,255.7,1001.0,399.88,882.3,0.0,11.61
2024-04-12 11:30:00+05:30,39.51,18.39,2.3,256.4,999.9,497.92,870.95,0.0,11.14
2024-04-12 12:30:00+05:30,40.15,17.38,2.15,256.0,998.5,546.03,846.45,0.0,10.81
2024-04-12 13:30:00+05:30,40.28,16.95,2.03,256.9,997.3000000000001,639.25,741.72,0.0,10.53
2024-04-12 14:30:00+05:30,39.83,16.97,1.96,253.1,996.4,504.98,581.65,0.0,10.2
2024-04-12 15:30:00+05:30,38.95,17.38,2.16,243.6,996.2,301.23,382.48,0.0,9.85
2024-04-12 16:30:00+05:30,37.57,18.55,2.71,231.9,996.3,138.62,177.95,0.0,9.7
2024-04-12 17:30:00+05:30,35.21,21.32,2.33,220.8,997.0,21.8,29.52,0.0,9.86
2024-04-12 18:30:00+05:30,33.12,24.54,2.94,213.2,998.0,0.0,0.0,0.0,10.22
2024-04-12 19:30:00+05:30,32.41,26.48,3.84,208.0,999.0,0.0,0.0,0.0,10.76
2024-04-12 20:30:00+05:30,31.7,28.54,4.12,205.0,999.7,0.0,0.0,0.0,11.27
2024-04-12 21:30:00+05:30,30.56,31.0,3.55,202.2,999.8000000000001,0.0,0.0,0.0,11.55
2024-04-12 22:30:00+05:30,29.47,33.26,3.19,199.8,999.5,0.0,0.0,0.0,11.66
2024-04-12 23:30:00+05:30,28.77,34.49,3.07,200.0,999.0,0.0,0.0,0.0,11.6
2024-04-13 00:30:00+05:30,28.31,34.91,3.08,201.9,998.5,0.0,0.0,0.08,11.38
2024-04-13 01:30:00+05:30,28.11,34.64,3.19,205.4,998.1999999999999,0.0,0.0,0.1,11.09
2024-04-13 02:30:00+05:30,27.65,35.16,3.23,209.1,998.1999999999999,0.0,0.0,0.11,10.91
2024-04-13 03:30:00+05:30,27.0,36.62,3.08,213.9,998.5,0.0,0.0,0.03,10.95
2024-04-13 04:30:00+05:30,26.4,38.7,2.83,221.1,999.2,0.0,0.0,0.01,11.25
2024-04-13 05:30:00+05:30,26.3,40.59,2.97,228.7,1000.1,17.35,19.0,0.0,11.87
2024-04-13 06:30:00+05:30,27.78,39.08,3.54,233.3,1001.1,138.55,157.62,0.0,12.61
2024-04-13 07:30:00+05:30,31.42,32.3,3.32,255.9,1001.7,311.7,360.77,0.0,12.91
2024-04-13 08:30:00+05:30,34.4,26.48,2.24,257.6,1001.8000000000001,545.53,567.5,0.0,12.44
2024-04-13 09:30:00+05:30,36.4,23.03,1.03,227.0,1001.5,722.1,737.6,0.0,11.99
2024-04-13 10:30:00+05:30,38.06,20.37,1.11,171.7,1000.6999999999999,817.22,849.83,0.0,11.5
2024-04-13 11:30:00+05:30,39.19,18.79,1.53,169.1,999.4,770.42,851.72,0.0,11.21
2024-04-13 12:30:00+05:30,39.79,18.06,1.69,182.7,998.0,710.38,819.97,0.0,11.09
2024-04-13 13:30:00+05:30,39.52,18.23,1.66,195.7,996.7,560.8,716.97,0.0,11.03
2024-04-13 14:30:00+05:30,38.87,18.93,1.79,203.4,995.6999999999999,292.55,562.83,0.0,11.07
2024-04-13 15:30:00+05:30,37.74,20.28,2.04,207.8,995.3,226.35,365.42,0.0,11.18
2024-04-13 16:30:00+05:30,36.66,21.66,2.04,209.7,995.3,82.97,168.07,0.0,11.28
2024-04-13 17:30:00+05:30,35.01,23.84,1.41,214.9,995.6999999999999,17.85,28.05,0.0,11.36
2024-04-13 18:30:00+05:30,33.78,25.58,1.5,223.4,996.5,0.0,0.0,0.0,11.39
2024-04-13 19:30:00+05:30,33.26,26.36,1.55,235.3,997.5,0.0,0.0,0.0,11.41
2024-04-13 20:30:00+05:30,32.57,27.43,1.81,246.8,998.6,0.0,0.0,0.0,11.42
2024-04-13 21:30:00+05:30,31.93,28.49,2.24,249.6,999.2,0.0,0.0,0.0,11.45
2024-04-13 22:30:00+05:30,31.42,29.5,2.78,250.7,999.4,0.0,0.0,0.0,11.54
2024-04-13 23:30:00+05:30,31.02,30.71,3.85,253.9,999.2,0.0,0.0,0.0,11.79
2024-04-14 00:30:00+05:30,29.94,33.97,4.1,255.3,998.9,0.0,0.0,0.0,12.37
2024-04-14 01:30:00+05:30,29.32,37.33,3.96,257.2,998.8,0.0,0.0,0.0,13.27
2024-04-14 02:30:00+05:30,28.74,40.85,3.5,258.3,998.7,0.0,0.0,0.0,14.15
2024-04-14 03:30:00+05:30,27.97,44.49,2.88,258.2,998.9,0.0,0.0,0.0,14.79
2024-04-14 04:30:00+05:30,27.17,47.92,2.53,257.0,999.3000000000001,0.0,0.0,0.0,15.22
2024-04-14 05:30:00+05:30,27.04,49.2,2.63,252.9,999.9,14.48,17.38,0.0,15.5
2024-04-14 06:30:00+05:30,29.08,44.16,3.46,250.0,1000.6,105.93,133.27,0.0,15.68
2024-04-14 07:30:00+05:30,32.85,33.86,3.09,253.9,1001.3,229.93,309.77,0.0,14.89
2024-04-14 08:30:00+05:30,35.36,28.32,2.69,233.5,1001.5999999999999,405.42,503.77,0.0,14.28
2024-04-14 09:30:00+05:30,36.98,25.61,2.72,214.8,1001.5,617.0,670.0,0.0,14.1
2024-04-14 10:30:00+05:30,38.3,23.52,3.08,210.9,1000.9000000000001,771.78,783.05,0.0,13.88
2024-04-14 11:30:00+05:30,39.2,22.05,3.42,216.8,1000.1,910.7,926.4,0.0,13.66
2024-04-14 12:30:00+05:30,39.29,21.58,3.35,226.0,999.0,885.9,897.95,0.0,13.39
2024-04-14 13:30:00+05:30,39.38,21.14,2.98,233.6,997.6999999999999,771.05,797.55,0.0,13.15
2024-04-14 14:30:00+05:30,39.31,20.78,2.74,236.3,996.5999999999999,632.7,635.08,0.0,12.83
2024-04-14 15:30:00+05:30,38.95,20.62,2.66,244.1,996.0,433.88,434.58,0.0,12.42
2024-04-14 16:30:00+05:30,37.95,21.19,2.65,257.1,996.1,206.2,207.23,0.0,12.02
2024-04-14 17:30:00+05:30,35.92,23.28,1.94,275.3,996.7,35.08,34.95,0.0,11.77
2024-04-14 18:30:00+05:30,33.48,26.49,2.13,296.2,997.3000000000001,0.0,0.0,0.0,11.67
2024-04-14 19:30:00+05:30,32.17,28.34,2.35,311.6,998.1,0.0,0.0,0.0,11.58
2024-04-14 20:30:00+05:30,31.19,29.77,2.5,322.6,998.8,0.0,0.0,0.0,11.48
2024-04-14 21:30:00+05:30,30.35,31.02,2.51,327.5,999.2,0.0,0.0,0.0,11.38
2024-04-14 22:30:00+05:30,29.59,32.14,2.45,326.6,999.3000000000001,0.0,0.0,0.0,11.26
2024-04-14 23:30:00+05:30,28.89,33.22,2.37,317.6,999.0,0.0,0.0,0.0,11.13
2024-04-15 00:30:00+05:30,28.28,34.11,2.37,302.8,998.6,0.0,0.0,0.0,11.0
2024-04-15 01:30:00+05:30,27.59,35.24,2.49,288.5,998.3,0.0,0.0,0.0,10.9
2024-04-15 02:30:00+05:30,26.91,36.57,2.61,281.3,998.1,0.0,0.0,0.0,10.84
2024-04-15 03:30:00+05:30,26.33,37.99,2.62,279.9,998.1999999999999,0.0,0.0,0.0,10.91
2024-04-15 04:30:00+05:30,25.82,39.75,2.53,279.3,998.7,0.0,0.0,0.0,11.13
2024-04-15 05:30:00+05:30,26.08,39.92,2.34,276.6,999.3000000000001,20.83,20.77,0.0,11.42
2024-04-15 06:30:00+05:30,29.2,34.19,3.24,273.7,1000.1,151.48,157.2,0.0,11.84
2024-04-15 07:30:00+05:30,33.27,27.02,3.0,286.3,1000.6999999999999,324.92,353.0,0.0,11.78
2024-04-15 08:30:00+05:30,36.82,21.47,3.39,296.5,1001.1,547.28,555.3,0.0,11.29
2024-04-15 09:30:00+05:30,38.59,19.72,3.52,295.5,1001.3,709.62,723.17,0.0,11.45
2024-04-15 10:30:00+05:30,39.88,18.74,3.53,294.1,1000.8,795.1,834.1,0.0,11.73
2024-04-15 11:30:00+05:30,40.85,17.9,3.59,292.9,999.8000000000001,891.4,900.7,0.0,11.82
2024-04-15 12:30:00+05:30,41.42,17.37,3.67,291.9,998.5,769.4,874.75,0.0,11.82
2024-04-15 13:30:00+05:30,41.29,17.41,3.63,292.2,997.3000000000001,671.53,778.75,0.0,11.74
2024-04-15 14:30:00+05:30,40.04,18.48,4.0,292.3,996.5,585.0,622.67,0.0,11.64
2024-04-15 15:30:00+05:30,38.82,19.56,4.74,291.8,996.1,385.12,423.9,0.0,11.51
2024-04-15 16:30:00+05:30,38.27,19.98,5.18,292.7,996.2,186.18,209.32,0.0,11.4
2024-04-15 17:30:00+05:30,36.5,21.9,3.76,295.2,996.5,33.22,36.58,0.0,11.32
2024-04-15 18:30:00+05:30,33.75,25.39,3.17,299.2,997.0,0.0,0.0,0.0,11.25
2024-04-15 19:30:00+05:30,32.98,26.4,3.41,303.0,997.5,0.0,0.0,0.0,11.19
2024-04-15 20:30:00+05:30,32.14,27.48,3.32,308.5,997.8,0.0,0.0,0.0,11.1
2024-04-15 21:30:00+05:30,31.19,28.8,3.3,318.7,997.9000000000001,0.0,0.0,0.0,10.97
2024-04-15 22:30:00+05:30,30.28,30.3,3.43,328.7,998.1,0.0,0.0,0.0,10.96
2024-04-15 23:30:00+05:30,29.15,32.61,3.03,337.9,997.9000000000001,0.0,0.0,0.0,11.08
2024-04-16 00:30:00+05:30,28.0,35.35,2.46,347.1,997.5,0.0,0.0,0.0,11.29
2024-04-16 01:30:00+05:30,27.16,37.65,2.26,347.7,997.5,0.0,0.0,0.0,11.51
2024-04-16 02:30:00+05:30,26.65,39.03,2.09,335.6,997.5,0.0,0.0,0.0,11.61
2024-04-16 03:30:00+05:30,26.56,39.23,1.84,320.1,997.4,0.0,0.0,0.0,11.59
2024-04-16 04:30:00+05:30,26.43,39.45,1.81,301.9,997.6,0.0,0.0,0.0,11.56
2024-04-16 05:30:00+05:30,26.6,38.98,2.04,285.9,998.0,24.1,24.45,0.0,11.55
2024-04-16 06:30:00+05:30,29.09,33.69,3.31,275.6,998.6,177.6,181.48,0.0,11.52
2024-04-16 07:30:00+05:30,33.22,26.89,4.49,299.9,999.0,390.08,390.5,0.0,11.67
2024-04-16 08:30:00+05:30,36.55,22.84,5.84,305.7,999.0999999999999,599.25,599.75,0.0,12.0
2024-04-16 09:30:00+05:30,38.69,20.09,5.68,299.5,998.7,768.45,769.0,0.0,11.82
2024-04-16 10:30:00+05:30,40.44,17.86,5.54,292.8,997.8,878.95,879.45,0.0,11.46
2024-04-16 11:30:00+05:30,41.83,16.4,5.88,289.4,996.5999999999999,965.33,965.62,0.0,11.28
2024-04-16 12:30:00+05:30,42.65,15.77,6.7,290.4,995.5,933.9,933.9,0.0,11.33
2024-04-16 13:30:00+05:30,42.9,15.58,7.37,292.1,994.5,830.9,832.12,0.0,11.36
2024-04-16 14:30:00+05:30,42.59,15.83,7.53,291.3,993.7,667.7,669.95,0.0,11.35
2024-04-16 15:30:00+05:30,41.83,16.52,7.55,290.2,993.3,462.75,463.52,0.0,11.38
2024-04-16 16:30:00+05:30,40.54,17.77,7.65,290.5,993.4000000000001,229.93,234.43,0.0,11.46
2024-04-16 17:30:00+05:30,38.46,19.94,6.06,291.0,993.7,40.12,41.7,0.0,11.52
2024-04-16 18:30:00+05:30,35.61,23.35,4.1,290.2,994.0999999999999,0.0,0.0,0.0,11.55
2024-04-16 19:30:00+05:30,34.65,24.61,4.45,289.8,994.5,0.0,0.0,0.0,11.54
2024-04-16 20:30:00+05:30,33.73,25.85,4.69,291.6,994.9,0.0,0.0,0.0,11.5
2024-04-16 21:30:00+05:30,32.58,27.35,4.46,296.6,995.0,0.0,0.0,0.0,11.38
2024-04-16 22:30:00+05:30,31.27,28.96,3.88,304.9,994.9,0.0,0.0,0.0,11.14
2024-04-16 23:30:00+05:30,30.34,30.1,3.86,312.4,994.7,0.0,0.0,0.0,10.91
2024-04-17 00:30:00+05:30,29.56,31.36,3.79,315.6,994.5999999999999,0.0,0.0,0.0,10.85
2024-04-17 01:30:00+05:30,28.8,32.96,3.57,314.0,994.5,0.0,0.0,0.0,10.94
2024-04-17 02:30:00+05:30,28.06,34.86,3.25,309.6,994.4,0.0,0.0,0.0,11.15
2024-04-17 03:30:00+05:30,27.31,36.77,2.92,304.8,994.4,0.0,0.0,0.0,11.29
2024-04-17 04:30:00+05:30,26.99,37.52,2.79,298.0,994.7,0.0,0.0,0.0,11.3
2024-04-17 05:30:00+05:30,27.33,36.59,3.36,289.8,995.3,28.4,28.38,0.0,11.23
2024-04-17 06:30:00+05:30,29.43,32.02,4.19,280.2,995.9000000000001,202.95,208.62,0.0,11.06
2024-04-17 07:30:00+05:30,33.69,23.21,5.75,298.7,996.3,428.35,437.65,0.0,9.85
2024-04-17 08:30:00+05:30,36.41,18.94,7.08,297.8,996.7,644.42,653.42,0.0,9.07
2024-04-17 09:30:00+05:30,38.19,16.6,8.01,294.5,996.9,819.38,826.42,0.0,8.55
2024-04-17 10:30:00+05:30,39.65,14.42,8.73,294.1,996.5999999999999,935.22,939.92,0.0,7.65
2024-04-17 11:30:00+05:30,40.61,12.51,9.35,294.9,995.9000000000001,991.85,994.25,0.0,6.35
2024-04-17 12:30:00+05:30,41.05,11.09,9.64,296.8,995.0,962.2,962.28,0.0,4.99
2024-04-17 13:30:00+05:30,41.1,10.19,9.6,298.9,993.8,852.92,859.22,0.0,3.83
2024-04-17 14:30:00+05:30,40.63,9.88,9.48,299.1,992.9000000000001,672.95,693.6,0.0,3.06
2024-04-17 15:30:00+05:30,39.85,9.95,9.29,298.1,992.5,459.7,480.52,0.0,2.58
2024-04-17 16:30:00+05:30,38.63,10.48,8.74,296.9,992.6999999999999,233.43,245.57,0.0,2.37
2024-04-17 17:30:00+05:30,36.2,12.05,6.1,295.9,993.0,42.7,44.25,0.0,2.42
2024-04-17 18:30:00+05:30,32.5,15.13,3.75,292.9,993.5,0.0,0.0,0.0,2.68
2024-04-17 19:30:00+05:30,31.34,16.47,3.46,288.9,994.0,0.0,0.0,0.0,2.97
2024-04-17 20:30:00+05:30,30.44,17.68,3.33,286.6,994.5,0.0,0.0,0.0,3.25
2024-04-17 21:30:00+05:30,29.69,18.77,3.28,286.3,994.7,0.0,0.0,0.0,3.46
2024-04-17 22:30:00+05:30,29.0,19.69,3.35,286.8,994.8000000000001,0.0,0.0,0.0,3.6
2024-04-17 23:30:00+05:30,28.24,20.7,3.49,288.4,994.8000000000001,0.0,0.0,0.0,3.67
2024-04-18 00:30:00+05:30,27.4,21.65,3.54,290.5,994.5999999999999,0.0,0.0,0.0,3.61
2024-04-18 01:30:00+05:30,26.6,22.37,3.5,292.0,994.4,0.0,0.0,0.0,3.4
2024-04-18 02:30:00+05:30,25.87,22.82,3.43,292.3,994.3000000000001,0.0,0.0,0.0,3.08
2024-04-18 03:30:00+05:30,25.28,23.14,3.39,290.9,994.3000000000001,0.0,0.0,0.0,2.78
2024-04-18 04:30:00+05:30,24.72,23.63,3.37,287.5,994.5999999999999,0.0,0.0,0.0,2.6
2024-04-18 05:30:00+05:30,25.19,22.89,3.99,280.8,994.9,28.83,28.85,0.0,2.57
2024-04-18 06:30:00+05:30,28.0,19.58,5.2,272.1,995.5,204.52,205.27,0.0,2.68
2024-04-18 07:30:00+05:30,32.6,15.76,5.9,289.7,996.1,418.95,420.9,0.0,3.35
2024-04-18 08:30:00+05:30,36.64,14.44,8.12,304.7,996.4,632.97,635.53,0.0,5.31
2024-04-18 09:30:00+05:30,38.81,13.77,8.66,302.5,996.3,808.0,810.12,0.0,6.34
2024-04-18 10:30:00+05:30,40.51,12.78,8.93,300.4,995.6999999999999,922.6,924.08,0.0,6.57
2024-04-18 11:30:00+05:30,41.79,11.99,9.23,299.2,994.5999999999999,994.2,994.95,0.0,6.65
2024-04-18 12:30:00+05:30,42.52,11.54,9.35,298.9,993.3,960.42,960.53,0.0,6.67
2024-04-18 13:30:00+05:30,42.62,11.43,9.37,299.6,992.2,835.33,855.67,0.0,6.6
2024-04-18 14:30:00+05:30,42.21,11.65,9.36,299.3,991.3,654.55,689.55,0.0,6.57
2024-04-18 15:30:00+05:30,41.68,12.05,9.04,297.8,990.6999999999999,440.58,476.77,0.0,6.62
2024-04-18 16:30:00+05:30,40.54,13.13,8.19,296.2,990.5,223.85,243.23,0.0,7.0
2024-04-18 17:30:00+05:30,38.23,15.59,5.65,293.1,990.8,42.1,44.1,0.0,7.67
2024-04-18 18:30:00+05:30,35.79,18.65,4.27,289.0,991.2,0.0,0.0,0.0,8.34
2024-04-18 19:30:00+05:30,34.67,20.45,4.18,288.6,991.7,0.0,0.0,0.0,8.81
2024-04-18 20:30:00+05:30,33.69,21.94,4.08,291.1,992.2,0.0,0.0,0.0,9.02
2024-04-18 21:30:00+05:30,32.24,23.94,3.78,294.4,992.3000000000001,0.0,0.0,0.0,9.1
2024-04-18 22:30:00+05:30,30.98,25.78,3.45,296.0,992.3000000000001,0.0,0.0,0.0,9.13
2024-04-18 23:30:00+05:30,29.97,27.27,3.11,294.7,992.0999999999999,0.0,0.0,0.0,9.11
2024-04-19 00:30:00+05:30,29.23,28.37,2.97,291.9,991.9,0.0,0.0,0.0,9.07
2024-04-19 01:30:00+05:30,28.51,29.58,2.88,289.4,991.8000000000001,0.0,0.0,0.0,9.07
2024-04-19 02:30:00+05:30,27.84,30.75,2.87,287.9,991.7,0.0,0.0,0.0,9.07
2024-04-19 03:30:00+05:30,27.31,31.63,2.88,287.0,991.7,0.0,0.0,0.0,9.03
2024-04-19 04:30:00+05:30,26.71,32.64,2.9,285.8,992.0,0.0,0.0,0.0,8.96
2024-04-19 05:30:00+05:30,27.18,31.51,3.26,282.4,992.6,29.73,29.42,0.0,8.85
2024-04-19 06:30:00+05:30,29.93,26.54,4.54,276.1,993.3,198.48,199.75,0.0,8.69
2024-04-19 07:30:00+05:30,34.22,20.19,4.49,285.9,993.8,417.25,420.05,0.0,8.23
2024-04-19 08:30:00+05:30,38.57,15.34,6.35,300.7,994.0999999999999,625.2,628.33,0.0,7.69
2024-04-19 09:30:00+05:30,40.56,14.41,7.42,299.7,994.0,792.88,795.7,0.0,8.36
2024-04-19 10:30:00+05:30,41.86,14.21,7.63,298.6,993.4000000000001,900.9,903.15,0.0,9.17
2024-04-19 11:30:00+05:30,42.83,14.01,7.65,297.6,992.5,988.22,989.62,0.0,9.72
2024-04-19 12:30:00+05:30,43.3,13.85,7.75,296.4,991.4,958.78,959.47,0.0,9.92
2024-04-19 13:30:00+05:30,43.33,13.61,7.84,296.2,990.1999999999999,858.33,858.33,0.0,9.69
2024-04-19 14:30:00+05:30,42.94,13.33,7.93,294.9,989.4,693.17,693.2,0.0,9.08
2024-04-19 15:30:00+05:30,42.17,13.15,7.93,292.9,989.0,478.02,478.08,0.0,8.29
2024-04-19 16:30:00+05:30,40.87,13.29,7.61,291.2,989.2,241.43,241.5,0.0,7.43
2024-04-19 17:30:00+05:30,38.11,14.56,5.24,288.8,989.7,44.45,44.47,0.0,6.6
2024-04-19 18:30:00+05:30,34.3,17.32,3.72,284.1,990.5,0.0,0.0,0.0,6.07
2024-04-19 19:30:00+05:30,33.05,18.12,3.66,280.4,991.2,0.0,0.0,0.0,5.71
2024-04-19 20:30:00+05:30,31.93,19.08,3.44,278.5,991.9,0.0,0.0,0.0,5.55
2024-04-19 21:30:00+05:30,30.95,20.13,3.16,276.4,992.0999999999999,0.0,0.0,0.0,5.5
2024-04-19 22:30:00+05:30,30.24,20.96,2.9,269.6,991.9,0.0,0.0,0.0,5.5
2024-04-19 23:30:00+05:30,29.47,21.91,2.86,256.6,991.5999999999999,0.0,0.0,0.0,5.52
2024-04-20 00:30:00+05:30,28.71,22.96,3.1,244.8,991.3,0.0,0.0,0.0,5.54
2024-04-20 01:30:00+05:30,28.29,23.61,3.35,239.7,991.0,0.0,0.0,0.0,5.6
2024-04-20 02:30:00+05:30,28.3,23.96,3.82,240.7,990.8,0.0,0.0,0.0,5.82
2024-04-20 03:30:00+05:30,28.29,25.17,4.21,244.5,991.0,0.0,0.0,0.0,6.51
2024-04-20 04:30:00+05:30,27.57,28.78,4.23,250.1,991.3,0.0,0.0,0.0,7.83
2024-04-20 05:30:00+05:30,27.82,31.13,5.0,257.6,991.8000000000001,28.98,29.17,0.0,9.22
2024-04-20 06:30:00+05:30,30.22,28.26,5.89,264.1,992.6999999999999,188.57,190.25,0.0,9.85
2024-04-20 07:30:00+05:30,34.5,21.09,6.59,276.4,993.4000000000001,409.08,411.83,0.0,9.08
2024-04-20 08:30:00+05:30,39.08,14.4,7.98,297.0,993.9,621.35,623.55,0.0,7.18
2024-04-20 09:30:00+05:30,41.41,12.0,8.28,305.9,993.8,794.67,795.97,0.0,6.37
2024-04-20 10:30:00+05:30,42.74,10.67,8.38,304.9,993.1999999999999,804.67,909.95,0.0,5.73
2024-04-20 11:30:00+05:30,43.5,10.03,8.36,299.9,992.3000000000001,919.9,955.92,0.0,5.42
2024-04-20 12:30:00+05:30,43.85,10.27,8.4,293.4,991.2,908.88,920.05,0.0,6.01
2024-04-20 13:30:00+05:30,43.82,11.16,8.48,288.0,990.1999999999999,798.65,814.78,0.0,7.16
2024-04-20 14:30:00+05:30,43.35,12.21,8.89,282.6,989.4,643.62,649.38,0.0,8.12
2024-04-20 15:30:00+05:30,42.46,13.26,9.28,278.0,989.0,400.95,442.27,0.0,8.61
2024-04-20 16:30:00+05:30,41.19,14.27,9.14,274.8,989.2,199.38,222.15,0.0,8.72
2024-04-20 17:30:00+05:30,39.24,15.84,7.35,272.1,989.7,39.75,41.62,0.0,8.71
2024-04-20 18:30:00+05:30,36.63,18.23,5.19,269.1,990.4000000000001,0.0,0.0,0.0,8.7
2024-04-20 19:30:00+05:30,35.27,19.64,4.32,267.5,991.2,0.0,0.0,0.0,8.67
2024-04-20 20:30:00+05:30,34.04,20.94,3.66,269.4,991.7,0.0,0.0,0.0,8.61
2024-04-20 21:30:00+05:30,32.42,22.74,3.25,272.8,991.9,0.0,0.0,0.0,8.49
2024-04-20 22:30:00+05:30,31.32,24.0,3.11,275.5,991.9,0.0,0.0,0.0,8.36
2024-04-20 23:30:00+05:30,30.4,25.0,3.08,277.1,991.9,0.0,0.0,0.0,8.19
2024-04-21 00:30:00+05:30,29.58,25.86,3.06,276.6,992.0,0.0,0.0,0.04,7.99
2024-04-21 01:30:00+05:30,28.6,26.97,2.98,274.2,992.0,0.0,0.0,0.04,7.77
2024-04-21 02:30:00+05:30,27.76,27.77,3.02,276.3,992.0,0.0,0.0,0.04,7.47
2024-04-21 03:30:00+05:30,27.15,27.64,3.13,281.6,992.3000000000001,0.0,0.0,0.0,6.89
2024-04-21 04:30:00+05:30,26.61,26.86,3.17,284.4,992.6999999999999,0.0,0.0,0.0,6.0
2024-04-21 05:30:00+05:30,26.63,24.98,3.44,283.6,993.1999999999999,32.5,34.08,0.0,5.01
2024-04-21 06:30:00+05:30,29.14,20.49,4.16,278.1,993.9,199.3,220.85,0.0,4.27
2024-04-21 07:30:00+05:30,33.06,15.68,3.91,282.3,994.3000000000001,414.02,452.85,0.0,3.66
2024-04-21 08:30:00+05:30,36.64,12.06,4.31,288.4,994.7,608.25,668.42,0.0,2.8
2024-04-21 09:30:00+05:30,38.34,10.84,4.93,284.1,994.9,790.33,840.12,0.0,2.6
2024-04-21 10:30:00+05:30,39.8,10.19,5.75,280.3,994.5999999999999,862.28,950.47,0.0,2.86
2024-04-21 11:30:00+05:30,41.01,9.71,6.34,275.7,993.8,800.9,944.95,0.0,3.12
2024-04-21 12:30:00+05:30,42.16,9.36,6.86,272.3,992.8,827.03,910.33,0.0,3.48
2024-04-21 13:30:00+05:30,42.63,9.67,7.35,272.3,991.9,694.25,803.0,0.0,4.27
2024-04-21 14:30:00+05:30,42.46,10.39,7.6,275.4,991.1,546.67,633.22,0.0,5.14
2024-04-21 15:30:00+05:30,41.65,11.32,7.48,280.6,990.6,342.45,427.12,0.0,5.73
2024-04-21 16:30:00+05:30,40.23,12.42,6.82,287.0,990.6,171.18,205.82,0.0,5.97
2024-04-21 17:30:00+05:30,37.84,14.13,4.79,292.7,991.2,36.95,37.55,0.0,5.96
2024-04-21 18:30:00+05:30,34.9,16.56,3.66,292.6,992.4,0.0,0.0,0.0,5.9
2024-04-21 19:30:00+05:30,34.08,17.54,2.95,292.5,992.6999999999999,0.0,0.0,0.0,6.08
2024-04-21 20:30:00+05:30,33.01,19.48,2.77,281.0,993.0,0.0,0.0,0.0,6.7
2024-04-21 21:30:00+05:30,32.0,22.71,4.0,265.6,994.0,0.0,0.0,0.0,8.06
2024-04-21 22:30:00+05:30,31.07,27.99,5.32,264.3,994.8000000000001,0.0,0.0,0.0,10.36
2024-04-21 23:30:00+05:30,29.98,33.78,5.15,265.2,994.5999999999999,0.0,0.0,0.0,12.26
2024-04-22 00:30:00+05:30,29.27,38.17,5.23,265.7,994.5,0.0,0.0,0.0,13.54
2024-04-22 01:30:00+05:30,28.7,41.2,4.77,269.9,994.0,0.0,0.0,0.0,14.23
2024-04-22 02:30:00+05:30,28.22,43.34,5.05,280.8,993.8,0.0,0.0,0.0,14.62
2024-04-22 03:30:00+05:30,28.02,43.82,6.08,286.8,994.2,0.0,0.0,0.0,14.6
2024-04-22 04:30:00+05:30,28.5,39.54,7.16,286.1,994.2,0.0,0.0,0.0,13.43
2024-04-22 05:30:00+05:30,28.52,36.62,5.85,287.3,994.4,27.48,29.0,0.0,12.27
2024-04-22 06:30:00+05:30,28.95,34.98,4.84,297.3,994.9,151.15,181.82,0.0,11.96
2024-04-22 07:30:00+05:30,32.55,26.9,6.66,295.1,995.6999999999999,334.12,395.95,0.0,11.1
2024-04-22 08:30:00+05:30,36.39,20.41,7.16,293.6,996.4,498.05,605.53,0.0,10.18
2024-04-22 09:30:00+05:30,38.81,17.61,5.64,287.3,996.5,626.8,776.12,0.0,9.92
2024-04-22 10:30:00+05:30,40.11,16.27,5.1,272.6,996.0,780.38,887.5,0.0,9.79
2024-04-22 11:30:00+05:30,40.86,15.37,5.12,258.1,995.1999999999999,787.4,933.58,0.0,9.54
2024-04-22 12:30:00+05:30,42.13,14.27,5.41,247.5,994.3000000000001,713.3,905.53,0.0,9.43
2024-04-22 13:30:00+05:30,42.52,14.13,5.66,239.8,993.4000000000001,666.85,804.75,0.0,9.62
2024-04-22 14:30:00+05:30,42.19,14.64,5.98,239.4,992.5,557.53,645.47,0.0,9.87
2024-04-22 15:30:00+05:30,41.38,15.53,6.16,244.3,992.0999999999999,358.25,443.05,0.0,10.1
2024-04-22 16:30:00+05:30,40.14,16.81,6.04,247.2,992.2,182.73,224.43,0.0,10.3
2024-04-22 17:30:00+05:30,38.16,19.11,4.32,244.9,992.6,39.95,42.92,0.0,10.61
2024-04-22 18:30:00+05:30,35.95,22.15,3.04,237.6,993.1999999999999,0.0,0.0,0.0,11.01
2024-04-22 19:30:00+05:30,34.82,23.99,3.04,237.8,993.9,0.0,0.0,0.0,11.25
2024-04-22 20:30:00+05:30,33.67,25.59,3.16,241.7,994.5,0.0,0.0,0.0,11.26
2024-04-22 21:30:00+05:30,32.35,27.24,3.28,245.3,994.7,0.0,0.0,0.0,11.07
2024-04-22 22:30:00+05:30,31.34,28.32,3.44,247.5,994.5,0.0,0.0,0.0,10.8
2024-04-22 23:30:00+05:30,30.48,29.33,3.68,249.6,994.2,0.0,0.0,0.0,10.59
2024-04-23 00:30:00+05:30,29.88,29.86,4.09,254.3,993.8,0.0,0.0,0.0,10.36
2024-04-23 01:30:00+05:30,29.42,29.84,4.46,259.7,993.6,0.0,0.0,0.0,9.96
2024-04-23 02:30:00+05:30,28.68,30.14,4.16,263.6,993.6,0.0,0.0,0.0,9.47
2024-04-23 03:30:00+05:30,27.48,32.12,3.45,263.3,993.8,0.0,0.0,0.0,9.38
2024-04-23 04:30:00+05:30,26.6,34.83,3.36,260.9,994.2,0.0,0.0,0.0,9.82
2024-04-23 05:30:00+05:30,26.9,36.12,4.03,257.5,994.7,34.35,34.62,0.0,10.6
2024-04-23 06:30:00+05:30,29.43,33.08,4.86,255.3,995.3,200.9,210.32,0.0,11.48
2024-04-23 07:30:00+05:30,33.58,26.57,6.01,261.9,995.6999999999999,414.1,433.73,0.0,11.72
2024-04-23 08:30:00+05:30,36.67,21.2,5.52,263.1,995.8,602.83,644.7,0.0,10.9
2024-04-23 09:30:00+05:30,38.74,18.32,4.57,259.7,995.6,784.88,813.5,0.0,10.41
2024-04-23 10:30:00+05:30,40.29,16.62,4.08,255.5,994.9,918.92,923.88,0.0,10.22
2024-04-23 11:30:00+05:30,41.34,15.65,3.96,252.7,994.0999999999999,924.72,925.9,0.0,10.17
2024-04-23 12:30:00+05:30,41.87,15.24,4.12,252.4,993.1999999999999,876.45,895.92,0.0,10.2
2024-04-23 13:30:00+05:30,41.98,15.1,4.28,254.6,992.2,738.3,794.45,0.0,10.15
2024-04-23 14:30:00+05:30,41.67,15.04,4.55,261.7,991.3,548.7,632.17,0.0,9.86
2024-04-23 15:30:00+05:30,40.97,14.95,5.01,270.2,990.6999999999999,392.6,428.6,0.0,9.22
2024-04-23 16:30:00+05:30,39.77,15.2,5.31,276.3,990.6,194.9,213.27,0.0,8.52
2024-04-23 17:30:00+05:30,37.4,16.56,3.75,281.7,990.9000000000001,39.78,41.2,0.0,7.9
2024-04-23 18:30:00+05:30,34.17,19.29,2.87,291.2,991.5,0.0,0.0,0.0,7.51
2024-04-23 19:30:00+05:30,32.83,20.36,2.9,298.6,992.2,0.0,0.0,0.0,7.22
2024-04-23 20:30:00+05:30,31.73,21.38,2.83,302.3,993.0,0.0,0.0,0.0,7.01
2024-04-23 21:30:00+05:30,30.8,22.33,2.63,304.8,993.4000000000001,0.0,0.0,0.0,6.88
2024-04-23 22:30:00+05:30,30.1,23.1,2.4,308.1,993.4000000000001,0.0,0.0,0.0,6.8
2024-04-23 23:30:00+05:30,29.47,23.87,2.21,309.3,993.1999999999999,0.0,0.0,0.0,6.74
2024-04-24 00:30:00+05:30,28.82,24.81,2.04,306.0,992.6999999999999,0.0,0.0,0.23,6.77
2024-04-24 01:30:00+05:30,28.2,26.37,1.89,298.5,992.3000000000001,0.0,0.0,0.23,7.12
2024-04-24 02:30:00+05:30,27.42,28.02,1.85,293.9,992.0,0.0,0.0,0.23,7.35
2024-04-24 03:30:00+05:30,26.63,29.58,1.86,295.9,992.2,0.0,0.0,0.0,7.45
2024-04-24 04:30:00+05:30,25.98,30.57,1.84,294.8,992.6999999999999,0.0,0.0,0.0,7.38
2024-04-24 05:30:00+05:30,25.96,31.01,1.79,287.9,993.6,36.25,37.0,0.0,7.57
2024-04-24 06:30:00+05:30,28.88,25.53,2.35,277.1,994.7,206.4,219.43,0.0,7.22
2024-04-24 07:30:00+05:30,32.93,19.74,2.66,279.7,995.6,419.65,447.42,0.0,6.85
2024-04-24 08:30:00+05:30,36.35,16.13,3.24,285.0,996.1,628.8,660.72,0.0,6.68
2024-04-24 09:30:00+05:30,38.42,14.32,3.51,280.2,996.1,799.12,830.08,0.0,6.58
2024-04-24 10:30:00+05:30,40.14,12.82,3.94,277.6,995.6999999999999,918.6,938.67,0.0,6.34
2024-04-24 11:30:00+05:30,41.32,11.85,4.43,276.2,994.9,972.38,972.9,0.0,6.13
2024-04-24 12:30:00+05:30,41.96,11.41,4.81,275.5,994.0,934.47,939.0,0.0,6.08
2024-04-24 13:30:00+05:30,42.05,11.42,5.23,275.7,993.0,826.65,834.9,0.0,6.16
2024-04-24 14:30:00+05:30,41.58,11.78,5.72,277.5,992.2,670.7,671.25,0.0,6.23
2024-04-24 15:30:00+05:30,40.66,12.4,6.06,281.3,991.7,463.27,463.73,0.0,6.26
2024-04-24 16:30:00+05:30,39.35,13.32,6.07,285.4,991.8000000000001,237.65,238.07,0.0,6.28
2024-04-24 17:30:00+05:30,36.84,15.34,4.23,290.1,992.3000000000001,47.85,47.92,0.0,6.34
2024-04-24 18:30:00+05:30,33.32,18.77,3.14,296.6,993.1,0.0,0.0,0.0,6.45
2024-04-24 19:30:00+05:30,32.13,20.19,3.1,301.0,993.8,0.0,0.0,0.0,6.51
2024-04-24 20:30:00+05:30,31.07,21.45,3.01,304.3,994.4,0.0,0.0,0.0,6.53
2024-04-24 21:30:00+05:30,30.18,22.54,2.86,306.9,994.7,0.0,0.0,0.0,6.5
2024-04-24 22:30:00+05:30,29.45,23.35,2.72,309.8,994.5,0.0,0.0,0.0,6.41
2024-04-24 23:30:00+05:30,28.8,24.03,2.61,312.2,994.0999999999999,0.0,0.0,0.0,6.28
2024-04-25 00:30:00+05:30,28.2,24.58,2.49,311.4,993.8,0.0,0.0,0.0,6.1
2024-04-25 01:30:00+05:30,27.67,25.05,2.35,305.7,993.5,0.0,0.0,0.0,5.93
2024-04-25 02:30:00+05:30,27.02,25.75,2.36,298.8,993.4000000000001,0.0,0.0,0.0,5.79
2024-04-25 03:30:00+05:30,26.6,26.17,2.41,294.8,993.7,0.0,0.0,0.0,5.66
2024-04-25 04:30:00+05:30,25.74,27.41,2.52,291.7,994.2,0.0,0.0,0.0,5.58
2024-04-25 05:30:00+05:30,26.06,26.82,2.48,291.3,995.0,39.6,39.62,0.0,5.54
2024-04-25 06:30:00+05:30,29.66,21.64,3.5,291.6,995.6,226.45,226.7,0.0,5.49
2024-04-25 07:30:00+05:30,33.88,16.66,3.92,297.5,996.1,457.17,457.6,0.0,5.17
2024-04-25 08:30:00+05:30,38.02,12.72,5.02,305.2,996.3,672.47,672.95,0.0,4.6
2024-04-25 09:30:00+05:30,39.93,11.24,4.98,303.1,996.1,843.8,844.25,0.0,4.31
2024-04-25 10:30:00+05:30,41.36,10.21,5.09,298.0,995.4000000000001,954.28,954.62,0.0,4.07
2024-04-25 11:30:00+05:30,42.41,9.58,5.41,293.8,994.5,990.62,990.88,0.0,3.96
2024-04-25 12:30:00+05:30,42.97,9.29,5.78,292.2,993.5,956.12,956.25,0.0,3.99
2024-04-25 13:30:00+05:30,43.05,9.34,6.13,291.4,992.5,851.12,851.12,0.0,4.11
2024-04-25 14:30:00+05:30,42.69,9.6,6.45,290.0,991.8000000000001,684.35,684.35,0.0,4.21
2024-04-25 15:30:00+05:30,41.86,10.02,6.54,289.4,991.4,472.17,472.17,0.0,4.18
2024-04-25 16:30:00+05:30,40.54,10.7,6.18,288.9,991.3,241.98,241.98,0.0,4.11
2024-04-25 17:30:00+05:30,37.5,12.61,3.83,288.0,991.8000000000001,48.88,48.88,0.0,4.08
2024-04-25 18:30:00+05:30,33.63,15.61,3.2,286.3,992.5,0.0,0.0,0.0,4.05
2024-04-25 19:30:00+05:30,32.52,16.57,3.14,284.6,993.4000000000001,0.0,0.0,0.0,4.0
2024-04-25 20:30:00+05:30,31.73,17.27,2.95,287.6,994.0,0.0,0.0,0.0,3.95
2024-04-25 21:30:00+05:30,31.33,17.59,2.6,295.8,994.0999999999999,0.0,0.0,0.0,3.9
2024-04-25 22:30:00+05:30,31.28,17.57,2.2,306.1,993.7,0.0,0.0,0.0,3.84
2024-04-25 23:30:00+05:30,31.19,17.61,1.85,316.5,993.1,0.0,0.0,0.0,3.79
2024-04-26 00:30:00+05:30,30.91,17.86,1.57,323.8,992.8,0.0,0.0,0.0,3.76
2024-04-26 01:30:00+05:30,30.46,18.32,1.36,326.7,992.5,0.0,0.0,0.0,3.75
2024-04-26 02:30:00+05:30,29.89,18.93,1.24,305.5,992.6999999999999,0.0,0.0,0.0,3.76
2024-04-26 03:30:00+05:30,28.76,20.25,1.45,267.2,993.0,0.0,0.0,0.0,3.8
2024-04-26 04:30:00+05:30,27.11,22.39,2.0,238.9,993.6,0.0,0.0,0.0,3.86
2024-04-26 05:30:00+05:30,26.65,23.16,2.43,225.5,994.3000000000001,36.45,39.78,0.0,3.94
2024-04-26 06:30:00+05:30,30.66,18.52,3.61,219.2,995.1,205.3,223.4,0.0,4.08
2024-04-26 07:30:00+05:30,34.93,14.46,2.66,221.3,995.6,421.95,449.42,0.0,4.01
2024-04-26 08:30:00+05:30,39.29,11.11,1.95,258.5,995.8,630.62,660.22,0.0,3.68
2024-04-26 09:30:00+05:30,41.18,10.09,2.54,265.0,995.6,803.9,827.7,0.0,3.78
2024-04-26 10:30:00+05:30,42.55,9.4,3.16,270.2,995.0,916.3,934.97,0.0,3.83
2024-04-26 11:30:00+05:30,43.53,8.92,3.76,275.2,993.9,948.33,963.28,0.0,3.83
2024-04-26 12:30:00+05:30,44.05,8.69,4.45,280.4,992.8,917.05,927.58,0.0,3.88
2024-04-26 13:30:00+05:30,44.11,8.76,5.12,285.2,991.7,815.78,821.3,0.0,4.02
2024-04-26 14:30:00+05:30,43.7,9.06,5.59,290.5,991.0,626.47,655.25,0.0,4.17
2024-04-26 15:30:00+05:30,42.85,9.55,5.94,294.4,990.6,368.33,446.42,0.0,4.26
2024-04-26 16:30:00+05:30,41.39,10.41,5.97,295.6,990.8,168.5,224.27,0.0,4.36
2024-04-26 17:30:00+05:30,38.78,12.1,3.95,297.1,991.3,31.42,45.03,0.0,4.49
2024-04-26 18:30:00+05:30,35.56,14.54,3.14,298.4,992.0999999999999,0.0,0.0,0.0,4.56
2024-04-26 19:30:00+05:30,34.25,15.71,3.11,293.5,992.8,0.0,0.0,0.0,4.63
2024-04-26 20:30:00+05:30,33.02,17.18,3.16,278.6,993.3,0.0,0.0,0.0,4.91
2024-04-26 21:30:00+05:30,32.21,19.3,3.44,259.8,993.5,0.0,0.0,0.0,5.87
2024-04-26 22:30:00+05:30,32.07,22.71,4.83,252.8,993.7,0.0,0.0,0.0,8.08
2024-04-26 23:30:00+05:30,31.89,27.53,6.47,255.1,994.0,0.0,0.0,0.0,10.87
2024-04-27 00:30:00+05:30,31.22,31.68,6.11,259.7,993.7,0.0,0.0,0.0,12.44
2024-04-27 01:30:00+05:30,30.89,34.15,5.97,262.0,993.4000000000001,0.0,0.0,0.0,13.29
2024-04-27 02:30:00+05:30,30.18,37.99,5.31,262.9,993.3,0.0,0.0,0.0,14.31
2024-04-27 03:30:00+05:30,29.28,42.84,4.18,265.1,993.6,0.0,0.0,0.0,15.37
2024-04-27 04:30:00+05:30,28.43,47.18,3.04,269.1,994.0,0.0,0.0,0.0,16.11
2024-04-27 05:30:00+05:30,28.71,47.89,3.47,270.3,994.7,27.8,34.8,0.0,16.6
2024-04-27 06:30:00+05:30,31.12,41.91,5.06,271.0,995.6,140.23,194.35,0.0,16.68
2024-04-27 07:30:00+05:30,34.78,30.79,7.01,281.7,996.3,283.3,404.9,0.0,15.07
2024-04-27 08:30:00+05:30,37.92,22.89,7.55,292.0,996.5999999999999,478.17,608.67,0.0,13.17
2024-04-27 09:30:00+05:30,39.79,19.83,6.77,292.5,996.5,616.75,773.62,0.0,12.51
2024-04-27 10:30:00+05:30,40.98,18.41,6.28,289.2,996.0,706.1,880.83,0.0,12.33
2024-04-27 11:30:00+05:30,41.57,17.85,6.22,286.5,995.1999999999999,703.92,902.72,0.0,12.35
2024-04-27 12:30:00+05:30,41.78,17.69,6.32,285.2,994.3000000000001,717.62,866.22,0.0,12.39
2024-04-27 13:30:00+05:30,41.93,17.63,6.58,282.5,993.3,600.45,757.75,0.0,12.44
2024-04-27 14:30:00+05:30,41.48,18.06,7.1,269.8,992.6,400.6,598.15,0.0,12.46
2024-04-27 15:30:00+05:30,39.98,19.51,7.33,252.6,992.3000000000001,244.15,396.38,0.0,12.42
2024-04-27 16:30:00+05:30,38.78,20.83,7.45,241.4,992.3000000000001,121.8,190.9,0.0,12.41
2024-04-27 17:30:00+05:30,37.37,22.61,6.75,230.7,992.6999999999999,27.7,38.28,0.0,12.52
2024-04-27 18:30:00+05:30,35.63,25.24,6.07,222.2,993.5,0.0,0.0,0.0,12.74
2024-04-27 19:30:00+05:30,34.34,27.8,6.33,219.0,994.4,0.0,0.0,0.0,13.13
2024-04-27 20:30:00+05:30,33.06,30.85,6.19,216.4,995.1,0.0,0.0,0.0,13.63
2024-04-27 21:30:00+05:30,31.96,33.76,5.87,216.5,995.3,0.0,0.0,0.0,14.07
2024-04-27 22:30:00+05:30,31.18,35.87,5.44,219.3,995.0,0.0,0.0,0.0,14.32
2024-04-27 23:30:00+05:30,30.55,37.41,4.9,222.2,994.5,0.0,0.0,0.0,14.41
2024-04-28 00:30:00+05:30,29.96,38.87,4.32,225.1,994.0,0.0,0.0,0.0,14.48
2024-04-28 01:30:00+05:30,29.45,40.16,3.92,228.3,993.7,0.0,0.0,0.0,14.54
2024-04-28 02:30:00+05:30,29.13,41.14,3.6,232.3,993.6,0.0,0.0,0.0,14.63
2024-04-28 03:30:00+05:30,28.93,41.86,3.36,235.2,993.7,0.0,0.0,0.0,14.71
2024-04-28 04:30:00+05:30,28.47,43.25,3.06,236.7,994.0,0.0,0.0,0.0,14.8
2024-04-28 05:30:00+05:30,28.45,43.49,3.8,241.2,994.5999999999999,37.4,37.53,0.0,14.88
2024-04-28 06:30:00+05:30,31.0,37.16,4.96,255.9,995.3,194.7,203.73,0.0,14.7
2024-04-28 07:30:00+05:30,35.24,26.57,4.97,274.4,995.6999999999999,398.12,423.88,0.0,13.17
2024-04-28 08:30:00+05:30,39.3,17.21,5.48,284.2,996.0,590.45,636.25,0.0,9.92
2024-04-28 09:30:00+05:30,41.1,14.6,5.57,281.6,995.9000000000001,763.8,806.92,0.0,8.91
2024-04-28 10:30:00+05:30,42.28,13.31,5.77,278.3,995.3,877.47,917.75,0.0,8.49
2024-04-28 11:30:00+05:30,43.1,12.49,6.23,276.9,994.5,923.3,959.0,0.0,8.19
2024-04-28 12:30:00+05:30,43.37,12.01,6.59,278.1,993.5,872.8,927.12,0.0,7.83
2024-04-28 13:30:00+05:30,43.45,11.56,6.85,281.0,992.6,759.72,824.85,0.0,7.36
2024-04-28 14:30:00+05:30,43.08,11.16,7.11,285.5,991.9,630.03,662.05,0.0,6.57
2024-04-28 15:30:00+05:30,42.28,10.85,7.2,290.0,991.8000000000001,435.62,455.95,0.0,5.6
2024-04-28 16:30:00+05:30,41.03,10.92,6.94,295.2,991.8000000000001,225.62,233.55,0.0,4.75
2024-04-28 17:30:00+05:30,38.47,11.85,4.89,303.5,992.4,48.08,48.8,0.0,3.96
2024-04-28 18:30:00+05:30,34.72,13.9,3.52,317.1,993.1,0.0,0.0,0.0,3.28
2024-04-28 19:30:00+05:30,33.32,14.73,3.31,326.2,993.9,0.0,0.0,0.0,2.98
2024-04-28 20:30:00+05:30,32.1,15.69,2.99,329.9,994.4,0.0,0.0,0.0,2.89
2024-04-28 21:30:00+05:30,31.63,16.08,2.42,325.6,994.5999999999999,0.0,0.0,0.0,2.87
2024-04-28 22:30:00+05:30,31.85,15.88,1.75,304.1,994.5,0.0,0.0,0.0,2.86
2024-04-28 23:30:00+05:30,30.99,16.67,1.77,261.9,994.4,0.0,0.0,0.0,2.86
2024-04-29 00:30:00+05:30,29.15,18.76,2.43,240.4,994.3000000000001,0.0,0.0,0.0,3.04
2024-04-29 01:30:00+05:30,28.05,20.92,2.87,235.2,994.0999999999999,0.0,0.0,0.0,3.67
2024-04-29 02:30:00+05:30,27.36,23.56,3.04,238.9,994.0999999999999,0.0,0.0,0.0,4.78
2024-04-29 03:30:00+05:30,26.78,26.86,3.1,245.6,994.3000000000001,0.0,0.0,0.0,6.15
2024-04-29 04:30:00+05:30,26.21,29.98,3.1,251.4,994.7,0.0,0.0,0.0,7.25
2024-04-29 05:30:00+05:30,26.89,30.38,3.05,255.0,995.1,40.05,45.08,0.0,8.02
2024-04-29 06:30:00+05:30,30.29,25.84,4.13,256.0,995.6999999999999,201.75,233.48,0.0,8.56
2024-04-29 07:30:00+05:30,35.07,18.33,3.46,265.0,996.3,424.9,459.6,0.0,7.43
2024-04-29 08:30:00+05:30,39.57,12.04,3.52,277.7,996.7,620.65,669.45,0.0,4.99
2024-04-29 09:30:00+05:30,41.44,10.66,3.65,274.2,996.5999999999999,831.8,835.4,0.0,4.71
2024-04-29 10:30:00+05:30,42.81,10.06,4.04,269.1,996.1,914.03,940.03,0.0,4.93
2024-04-29 11:30:00+05:30,43.75,9.93,4.45,264.8,995.1,827.25,940.08,0.0,5.46
2024-04-29 12:30:00+05:30,44.38,10.16,4.85,261.6,994.0,839.6,905.72,0.0,6.24
2024-04-29 13:30:00+05:30,44.61,10.67,5.21,259.6,992.6999999999999,699.12,806.58,0.0,7.13
2024-04-29 14:30:00+05:30,44.27,11.39,5.55,260.2,991.5999999999999,521.8,642.75,0.0,7.81
2024-04-29 15:30:00+05:30,43.64,11.99,5.96,263.6,991.0,327.55,437.23,0.0,8.06
2024-04-29 16:30:00+05:30,42.63,12.55,6.1,267.8,990.6999999999999,176.05,224.23,0.0,7.95
2024-04-29 17:30:00+05:30,40.13,13.96,4.0,273.2,990.8,43.88,47.72,0.0,7.55
2024-04-29 18:30:00+05:30,36.77,16.07,3.14,282.0,991.3,0.0,0.0,0.0,6.95
2024-04-29 19:30:00+05:30,35.65,16.29,3.13,289.8,992.2,0.0,0.0,0.0,6.25
2024-04-29 20:30:00+05:30,34.54,16.49,3.16,294.9,992.8,0.0,0.0,0.0,5.56
2024-04-29 21:30:00+05:30,33.5,16.75,3.25,297.5,993.0,0.0,0.0,0.0,4.95
2024-04-29 22:30:00+05:30,32.28,17.31,3.4,300.2,993.0,0.0,0.0,0.0,4.42
2024-04-29 23:30:00+05:30,31.22,17.82,3.57,303.9,992.8,0.0,0.0,0.0,4.0
2024-04-30 00:30:00+05:30,30.25,18.32,3.62,307.6,992.5,0.0,0.0,0.0,3.59
2024-04-30 01:30:00+05:30,29.3,18.72,3.51,308.6,992.2,0.0,0.0,0.0,3.13
2024-04-30 02:30:00+05:30,28.47,19.06,3.42,305.4,992.0999999999999,0.0,0.0,0.0,2.7
2024-04-30 03:30:00+05:30,27.71,19.37,3.27,297.9,992.0999999999999,0.0,0.0,0.0,2.3
2024-04-30 04:30:00+05:30,26.96,20.02,3.21,285.7,992.3000000000001,0.0,0.0,0.0,2.14
2024-04-30 05:30:00+05:30,27.47,19.75,4.35,274.7,992.8,48.78,48.8,0.0,2.35
2024-04-30 06:30:00+05:30,29.91,17.6,5.3,268.7,993.4000000000001,242.7,242.8,0.0,2.75
2024-04-30 07:30:00+05:30,33.99,14.19,5.39,275.9,993.8,471.02,471.15,0.0,2.97
2024-04-30 08:30:00+05:30,38.43,12.39,5.51,293.1,993.9,681.05,681.15,0.0,4.51
2024-04-30 09:30:00+05:30,41.54,11.66,6.09,299.2,993.6,846.97,847.08,0.0,6.05
2024-04-30 10:30:00+05:30,42.85,11.32,6.63,292.6,992.9000000000001,952.2,952.28,0.0,6.64
2024-04-30 11:30:00+05:30,43.62,11.13,7.32,287.6,991.8000000000001,980.47,980.55,0.0,6.98
2024-04-30 12:30:00+05:30,43.92,11.14,8.01,285.7,990.6,945.28,945.35,0.0,7.23
2024-04-30 13:30:00+05:30,43.78,11.36,8.56,286.3,989.5999999999999,841.6,841.67,0.0,7.4
2024-04-30 14:30:00+05:30,43.18,11.68,8.85,287.1,988.9,677.3,677.4,0.0,7.33
2024-04-30 15:30:00+05:30,42.22,12.01,8.7,287.2,988.5,469.35,469.45,0.0,7.0
2024-04-30 16:30:00+05:30,40.82,12.48,8.14,286.9,988.5,244.43,244.5,0.0,6.48
2024-04-30 17:30:00+05:30,38.69,13.42,6.21,286.7,988.9,54.2,54.22,0.0,5.87
2024-04-30 18:30:00+05:30,35.5,15.37,4.24,288.4,989.5999999999999,0.0,0.0,0.0,5.3
2024-04-30 19:30:00+05:30,34.17,15.82,4.09,291.5,990.3,0.0,0.0,0.0,4.66
2024-04-30 20:30:00+05:30,32.91,16.23,3.91,294.7,990.8,0.0,0.0,0.0,4.03
2024-04-30 21:30:00+05:30,31.66,16.67,3.61,297.8,990.6999999999999,0.0,0.0,0.0,3.4
2024-04-30 22:30:00+05:30,30.65,16.75,3.37,301.3,990.3,0.0,0.0,0.0,2.65
2024-04-30 23:30:00+05:30,29.91,16.3,3.34,304.0,989.8000000000001,0.0,0.0,0.0,1.66
2024-05-01 00:30:00+05:30,29.16,15.45,3.49,305.0,989.4,0.0,0.0,0.0,0.31
2024-05-01 01:30:00+05:30,28.3,14.31,3.6,305.3,989.3000000000001,0.0,0.0,0.0,-1.43
2024-05-01 02:30:00+05:30,27.18,13.08,3.33,306.5,989.3000000000001,0.0,0.0,0.0,-3.44
2024-05-01 03:30:00+05:30,25.81,12.27,2.88,304.5,989.5,0.0,0.0,0.0,-5.25
2024-05-01 04:30:00+05:30,24.45,12.07,2.76,296.2,990.0,0.0,0.0,0.0,-6.4
2024-05-01 05:30:00+05:30,25.18,10.97,2.41,284.7,990.6999999999999,45.33,48.8,0.0,-6.99
2024-05-01 06:30:00+05:30,27.85,8.96,3.29,273.5,991.4,225.12,241.55,0.0,-7.49
2024-05-01 07:30:00+05:30,30.61,7.46,2.53,263.9,992.0,449.85,473.67,0.0,-7.67
2024-05-01 08:30:00+05:30,35.54,4.84,3.3,295.1,992.4,672.42,688.38,0.0,-8.98
2024-05-01 09:30:00+05:30,38.73,4.18,4.24,296.5,992.5,848.3,857.92,0.0,-8.36
2024-05-01 10:30:00+05:30,40.47,4.19,4.49,288.0,991.9,959.97,966.22,0.0,-7.26
2024-05-01 11:30:00+05:30,41.57,4.36,4.82,282.0,991.0,1028.38,1031.9,0.0,-6.14
2024-05-01 12:30:00+05:30,42.17,4.66,5.22,280.9,990.0,992.03,993.85,0.0,-5.06
2024-05-01 13:30:00+05:30,42.26,5.09,5.62,282.8,988.9,885.05,885.05,0.0,-4.07
2024-05-01 14:30:00+05:30,42.06,5.49,5.94,286.8,988.0,713.22,715.05,0.0,-3.37
2024-05-01 15:30:00+05:30,41.31,5.89,6.22,289.6,987.5,495.95,499.12,0.0,-3.07
2024-05-01 16:30:00+05:30,40.06,6.33,6.38,291.0,987.4,259.48,262.42,0.0,-3.1
2024-05-01 17:30:00+05:30,37.03,7.38,4.45,294.0,987.8,56.88,57.33,0.0,-3.37
2024-05-01 18:30:00+05:30,33.27,8.78,3.99,297.7,988.3,0.0,0.0,0.0,-3.93
2024-05-01 19:30:00+05:30,32.13,8.74,4.3,298.6,989.0999999999999,0.0,0.0,0.0,-4.79
2024-05-01 20:30:00+05:30,31.03,8.61,4.57,300.8,990.0,0.0,0.0,0.0,-5.73
2024-05-01 21:30:00+05:30,29.82,8.7,4.72,304.6,990.5,0.0,0.0,0.0,-6.47
2024-05-01 22:30:00+05:30,28.61,9.09,4.7,308.7,990.8,0.0,0.0,0.0,-6.8
2024-05-01 23:30:00+05:30,27.46,9.85,4.72,313.7,990.9000000000001,0.0,0.0,0.0,-6.65
2024-05-02 00:30:00+05:30,26.35,11.26,4.74,321.1,990.9000000000001,0.0,0.0,0.0,-5.88
2024-05-02 01:30:00+05:30,25.43,13.16,4.73,328.2,991.0,0.0,0.0,0.0,-4.67
2024-05-02 02:30:00+05:30,24.56,14.84,4.42,332.4,991.1,0.0,0.0,0.0,-3.81
2024-05-02 03:30:00+05:30,23.75,15.74,4.03,332.4,991.4,0.0,0.0,0.0,-3.64
2024-05-02 04:30:00+05:30,23.0,16.42,3.62,328.3,991.9,0.0,0.0,0.0,-3.69
2024-05-02 05:30:00+05:30,23.52,15.82,3.59,321.4,992.6,56.4,56.42,0.0,-3.75
2024-05-02 06:30:00+05:30,26.42,13.27,4.4,311.6,993.3,266.98,267.05,0.0,-3.8
2024-05-02 07:30:00+05:30,30.57,10.43,4.31,301.6,994.0,510.65,510.77,0.0,-3.75
2024-05-02 08:30:00+05:30,34.25,8.72,5.75,293.8,994.4,729.47,729.65,0.0,-3.31
2024-05-02 09:30:00+05:30,36.05,8.19,6.62,282.1,994.3000000000001,900.42,900.58,0.0,-2.81
2024-05-02 10:30:00+05:30,37.43,7.88,7.43,277.0,993.7,1008.95,1009.08,0.0,-2.42
2024-05-02 11:30:00+05:30,38.52,7.66,7.92,275.7,992.6999999999999,1019.4,1019.5,0.0,-1.85
2024-05-02 12:30:00+05:30,39.28,7.43,8.24,275.8,991.7,987.75,987.8,0.0,-1.66
2024-05-02 13:30:00+05:30,39.7,7.2,8.37,276.6,990.8,884.42,884.5,0.0,-1.78
2024-05-02 14:30:00+05:30,39.63,7.07,8.12,279.1,990.1,718.5,718.62,0.0,-2.04
2024-05-02 15:30:00+05:30,38.98,7.16,7.89,281.5,989.8000000000001,505.55,505.7,0.0,-2.37
2024-05-02 16:30:00+05:30,37.75,7.53,7.44,284.2,990.1,269.08,269.2,0.0,-2.62
2024-05-02 17:30:00+05:30,35.02,8.72,4.92,288.3,990.6999999999999,61.67,61.7,0.0,-2.78
2024-05-02 18:30:00+05:30,31.01,10.96,3.63,294.0,991.5999999999999,0.0,0.0,0.0,-2.8
2024-05-02 19:30:00+05:30,29.68,11.8,3.54,298.2,992.5,0.0,0.0,0.0,-2.85
2024-05-02 20:30:00+05:30,28.56,12.56,3.47,300.6,993.3,0.0,0.0,0.0,-2.89
2024-05-02 21:30:00+05:30,27.54,13.29,3.41,301.5,993.5,0.0,0.0,0.0,-2.92
2024-05-02 22:30:00+05:30,26.61,13.94,3.35,300.3,993.4000000000001,0.0,0.0,0.0,-3.01
2024-05-02 23:30:00+05:30,25.79,14.49,3.35,297.9,993.3,0.0,0.0,0.0,-3.13
2024-05-03 00:30:00+05:30,25.07,15.02,3.32,294.8,992.9000000000001,0.0,0.0,0.0,-3.26
2024-05-03 01:30:00+05:30,24.38,15.49,3.27,287.3,992.4,0.0,0.0,0.0,-3.37
2024-05-03 02:30:00+05:30,23.82,15.96,3.36,282.4,992.4,0.0,0.0,0.0,-3.44
2024-05-03 03:30:00+05:30,23.27,16.39,3.43,279.2,992.6999999999999,0.0,0.0,0.0,-3.5
2024-05-03 04:30:00+05:30,22.69,16.99,3.47,276.8,993.1999999999999,0.0,0.0,0.0,-3.52
2024-05-03 05:30:00+05:30,23.58,16.11,3.56,273.4,994.0,54.45,54.92,0.0,-3.5
2024-05-03 06:30:00+05:30,26.75,13.39,5.06,267.8,994.8000000000001,254.2,258.62,0.0,-3.43
2024-05-03 07:30:00+05:30,30.02,11.12,4.38,268.0,995.6999999999999,492.48,494.0,0.0,-3.32
2024-05-03 08:30:00+05:30,35.01,8.94,6.01,301.2,996.2,710.8,712.12,0.0,-2.45
2024-05-03 09:30:00+05:30,37.01,8.24,5.14,295.5,996.1,882.42,883.67,0.0,-2.05
2024-05-03 10:30:00+05:30,38.41,7.52,4.98,281.9,995.6,992.12,993.15,0.0,-2.19
2024-05-03 11:30:00+05:30,39.59,6.92,5.22,278.1,994.7,1024.93,1025.55,0.0,-2.37
2024-05-03 12:30:00+05:30,40.3,6.61,5.32,277.2,993.8,988.58,988.58,0.0,-2.38
2024-05-03 13:30:00+05:30,40.82,6.38,5.43,279.3,992.8,878.28,880.97,0.0,-2.45
2024-05-03 14:30:00+05:30,40.84,6.29,5.26,282.1,992.0,707.45,712.45,0.0,-2.62
2024-05-03 15:30:00+05:30,40.16,6.43,4.85,283.6,991.7,491.65,498.05,0.0,-2.8
2024-05-03 16:30:00+05:30,38.86,6.87,4.38,284.3,992.0,257.35,262.92,0.0,-2.96
2024-05-03 17:30:00+05:30,35.44,8.51,2.65,284.9,992.8,58.1,58.83,0.0,-2.75
2024-05-03 18:30:00+05:30,32.58,10.09,2.76,286.0,993.9,0.0,0.0,0.0,-2.69
2024-05-03 19:30:00+05:30,31.24,10.86,2.7,287.2,994.8000000000001,0.0,0.0,0.0,-2.73
2024-05-03 20:30:00+05:30,30.58,11.28,2.53,291.6,995.3,0.0,0.0,0.0,-2.73
2024-05-03 21:30:00+05:30,30.38,11.48,2.4,295.9,995.4000000000001,0.0,0.0,0.0,-2.66
2024-05-03 22:30:00+05:30,30.44,11.44,2.03,295.1,994.8000000000001,0.0,0.0,0.0,-2.66
2024-05-03 23:30:00+05:30,30.33,11.5,1.76,283.8,994.0999999999999,0.0,0.0,0.0,-2.71
2024-05-04 00:30:00+05:30,29.26,12.1,2.08,275.2,993.5,0.0,0.0,0.0,-2.81
2024-05-04 01:30:00+05:30,27.77,13.02,2.4,273.8,993.1,0.0,0.0,0.0,-3.0
2024-05-04 02:30:00+05:30,26.98,13.5,2.5,272.5,992.9000000000001,0.0,0.0,0.0,-3.14
2024-05-04 03:30:00+05:30,26.08,14.1,2.69,274.1,993.3,0.0,0.0,0.0,-3.25
2024-05-04 04:30:00+05:30,25.06,14.89,2.93,281.6,994.2,0.0,0.0,0.0,-3.35
2024-05-04 05:30:00+05:30,26.05,14.01,2.79,287.3,995.0,47.12,48.0,0.0,-3.37
2024-05-04 06:30:00+05:30,29.49,11.43,3.26,287.3,995.6,200.82,226.55,0.0,-3.41
2024-05-04 07:30:00+05:30,33.06,9.3,2.52,287.6,995.8,410.85,446.35,0.0,-3.38
2024-05-04 08:30:00+05:30,37.66,7.22,4.04,310.3,996.1,520.88,655.55,0.0,-3.36
2024-05-04 09:30:00+05:30,38.96,6.75,4.16,308.5,996.0,696.1,817.08,0.0,-3.13
2024-05-04 10:30:00+05:30,39.98,6.43,4.56,305.4,995.6,774.28,921.2,0.0,-2.96
2024-05-04 11:30:00+05:30,40.2,6.44,5.07,303.0,994.8000000000001,824.2,945.08,0.0,-2.8
2024-05-04 12:30:00+05:30,39.59,6.87,5.44,301.1,993.9,785.3,902.1,0.0,-2.46
2024-05-04 13:30:00+05:30,38.96,7.51,5.63,299.0,993.1999999999999,631.38,794.85,0.0,-1.77
2024-05-04 14:30:00+05:30,38.61,8.32,5.75,295.5,992.4,391.23,629.08,0.0,-0.75
2024-05-04 15:30:00+05:30,38.2,9.35,5.78,294.2,992.0999999999999,260.9,425.12,0.0,0.49
2024-05-04 16:30:00+05:30,37.36,10.73,5.56,293.1,992.0,137.65,210.95,0.0,1.7
2024-05-04 17:30:00+05:30,34.87,13.07,3.27,291.0,992.2,38.5,47.25,0.0,2.53
2024-05-04 18:30:00+05:30,32.52,15.29,2.85,286.5,992.5,0.0,0.0,0.0,2.88
2024-05-04 19:30:00+05:30,31.67,16.15,2.84,280.1,993.0,0.0,0.0,0.0,2.97
2024-05-04 20:30:00+05:30,30.94,16.73,2.88,274.2,993.1999999999999,0.0,0.0,0.0,2.88
2024-05-04 21:30:00+05:30,29.83,17.49,3.0,267.9,993.1999999999999,0.0,0.0,0.0,2.59
2024-05-04 22:30:00+05:30,28.9,17.73,3.1,261.3,992.8,0.0,0.0,0.0,2.02
2024-05-04 23:30:00+05:30,28.22,17.48,3.17,256.1,992.3000000000001,0.0,0.0,0.0,1.28
2024-05-05 00:30:00+05:30,27.51,17.22,3.22,252.3,991.8000000000001,0.0,0.0,0.0,0.49
2024-05-05 01:30:00+05:30,26.62,17.22,3.28,248.2,991.2,0.0,0.0,0.0,-0.2
2024-05-05 02:30:00+05:30,25.95,17.39,3.27,244.3,990.9000000000001,0.0,0.0,0.0,-0.63
2024-05-05 03:30:00+05:30,25.39,17.93,3.29,240.9,990.6999999999999,0.0,0.0,0.0,-0.66
2024-05-05 04:30:00+05:30,24.88,18.73,3.36,238.4,990.6999999999999,0.0,0.0,0.0,-0.47
2024-05-05 05:30:00+05:30,25.79,18.13,3.2,236.5,991.0,54.58,54.95,0.0,-0.18
2024-05-05 06:30:00+05:30,30.09,14.38,4.58,235.4,991.2,243.1,247.82,0.0,0.09
2024-05-05 07:30:00+05:30,34.22,11.0,4.04,244.0,991.4,472.05,475.38,0.0,-0.33
2024-05-05 08:30:00+05:30,39.04,7.35,4.79,273.0,991.5,679.28,684.75,0.0,-2.0
2024-05-05 09:30:00+05:30,41.62,6.15,5.14,286.8,991.4,843.42,850.2,0.0,-2.31
2024-05-05 10:30:00+05:30,43.26,6.11,5.26,291.9,990.8,944.97,952.9,0.0,-1.28
2024-05-05 11:30:00+05:30,44.35,6.9,5.39,290.4,989.9,1004.58,1009.97,0.0,0.93
2024-05-05 12:30:00+05:30,44.88,8.39,5.7,286.8,988.9,964.6,966.05,0.0,3.92
2024-05-05 13:30:00+05:30,44.98,9.96,6.07,283.6,987.8,853.5,860.5,0.0,6.41
2024-05-05 14:30:00+05:30,44.65,11.09,6.38,279.1,987.0,688.4,693.95,0.0,7.71
2024-05-05 15:30:00+05:30,43.88,12.02,6.67,274.1,986.7,480.75,484.3,0.0,8.28
2024-05-05 16:30:00+05:30,42.74,13.03,6.52,270.8,986.5999999999999,254.82,257.05,0.0,8.58
2024-05-05 17:30:00+05:30,40.21,15.21,4.23,268.0,986.9,59.38,59.97,0.0,8.87
2024-05-05 18:30:00+05:30,36.47,19.09,3.19,264.4,987.6,0.0,0.0,0.0,9.23
2024-05-05 19:30:00+05:30,35.37,20.73,3.1,260.7,988.3,0.0,0.0,0.0,9.58
2024-05-05 20:30:00+05:30,34.45,22.17,2.98,257.6,988.9,0.0,0.0,0.0,9.81
2024-05-05 21:30:00+05:30,33.6,23.38,2.87,254.0,989.3000000000001,0.0,0.0,0.0,9.89
2024-05-05 22:30:00+05:30,32.76,24.54,2.83,251.7,989.4,0.0,0.0,0.0,9.92
2024-05-05 23:30:00+05:30,31.96,26.13,2.83,253.0,989.3000000000001,0.0,0.0,0.0,10.17
2024-05-06 00:30:00+05:30,31.21,27.78,2.83,257.8,989.0999999999999,0.0,0.0,0.0,10.46
2024-05-06 01:30:00+05:30,30.41,29.3,2.76,264.8,989.0,0.0,0.0,0.0,10.57
2024-05-06 02:30:00+05:30,29.59,30.52,2.55,272.7,989.0999999999999,0.0,0.0,0.0,10.48
2024-05-06 03:30:00+05:30,28.78,31.44,2.28,281.1,989.5,0.0,0.0,0.0,10.21
2024-05-06 04:30:00+05:30,28.06,32.1,1.91,289.9,990.1,0.0,0.0,0.0,9.89
2024-05-06 05:30:00+05:30,28.72,30.24,1.29,300.7,991.1,51.2,51.3,0.0,9.57
2024-05-06 06:30:00+05:30,31.18,25.86,0.67,327.7,991.9,222.07,228.15,0.0,9.34
2024-05-06 07:30:00+05:30,35.22,21.11,1.42,73.2,992.6,431.92,444.42,0.0,9.68
2024-05-06 08:30:00+05:30,39.08,17.81,2.37,79.5,993.1,630.4,647.42,0.0,10.29
2024-05-06 09:30:00+05:30,40.95,16.31,2.15,80.9,993.1,790.65,809.88,0.0,10.47
2024-05-06 10:30:00+05:30,42.32,15.11,1.58,75.3,992.6999999999999,895.55,914.67,0.0,10.41
2024-05-06 11:30:00+05:30,43.25,14.2,0.93,54.6,991.9,925.1,942.6,0.0,10.23
2024-05-06 12:30:00+05:30,43.82,13.61,0.66,8.7,991.0,890.78,905.38,0.0,10.04
2024-05-06 13:30:00+05:30,43.97,13.32,0.84,333.7,990.0,795.22,798.65,0.0,9.84
2024-05-06 14:30:00+05:30,43.74,13.28,1.14,322.8,989.2,625.55,634.47,0.0,9.62
2024-05-06 15:30:00+05:30,43.24,13.39,1.57,323.3,988.9,420.33,429.8,0.0,9.37
2024-05-06 16:30:00+05:30,42.31,13.78,1.97,330.6,989.0,213.18,216.27,0.0,9.06
2024-05-06 17:30:00+05:30,40.14,15.25,1.68,350.8,989.5999999999999,49.8,50.0,0.0,8.86
2024-05-06 18:30:00+05:30,37.09,17.84,2.33,23.0,990.6,0.0,0.0,0.0,8.73
2024-05-06 19:30:00+05:30,36.41,18.3,2.7,44.1,991.5999999999999,0.0,0.0,0.0,8.56
2024-05-06 20:30:00+05:30,35.87,18.51,3.09,59.4,992.5,0.0,0.0,0.0,8.31
2024-05-06 21:30:00+05:30,35.12,18.99,3.56,71.0,992.8,0.0,0.0,0.0,8.06
2024-05-06 22:30:00+05:30,34.23,20.07,3.92,79.9,992.9000000000001,0.0,0.0,0.0,8.15
2024-05-06 23:30:00+05:30,33.34,21.8,3.83,86.7,992.6999999999999,0.0,0.0,0.0,8.64
2024-05-07 00:30:00+05:30,32.5,24.11,3.58,91.4,992.5,0.0,0.0,0.0,9.42
2024-05-07 01:30:00+05:30,31.67,26.82,3.32,96.9,992.3000000000001,0.0,0.0,0.0,10.31
2024-05-07 02:30:00+05:30,30.97,29.53,3.4,101.9,992.5,0.0,0.0,0.0,11.15
2024-05-07 03:30:00+05:30,30.5,31.94,3.91,106.5,993.0,0.0,0.0,0.0,11.92
2024-05-07 04:30:00+05:30,30.03,34.54,4.3,110.7,993.7,0.0,0.0,0.0,12.71
2024-05-07 05:30:00+05:30,30.11,36.38,4.94,114.1,994.5999999999999,43.35,44.05,0.0,13.58
2024-05-07 06:30:00+05:30,31.79,35.84,5.38,116.0,995.5,163.77,191.48,0.0,14.8
2024-05-07 07:30:00+05:30,34.7,32.69,5.53,121.6,996.1,360.25,396.4,0.0,15.93
2024-05-07 08:30:00+05:30,37.71,26.54,4.94,129.0,996.3,543.95,593.1,0.0,15.24
2024-05-07 09:30:00+05:30,40.13,21.24,3.64,135.1,996.1,709.7,752.12,0.0,13.81
2024-05-07 10:30:00+05:30,41.83,17.45,2.29,143.9,995.5,804.38,848.08,0.0,12.2
2024-05-07 11:30:00+05:30,42.86,15.12,1.3,169.4,994.7,890.17,921.28,0.0,10.86
2024-05-07 12:30:00+05:30,43.41,13.75,1.12,222.8,993.8,870.8,886.47,0.0,9.88
2024-05-07 13:30:00+05:30,43.57,12.91,1.68,256.5,992.9000000000001,780.83,781.55,0.0,9.08
2024-05-07 14:30:00+05:30,43.23,12.61,2.0,270.9,992.3000000000001,616.53,617.7,0.0,8.47
2024-05-07 15:30:00+05:30,42.62,12.57,2.24,282.4,991.9,412.33,413.1,0.0,7.95
2024-05-07 16:30:00+05:30,41.63,12.85,2.45,292.3,992.0,213.02,213.43,0.0,7.52
2024-05-07 17:30:00+05:30,39.39,14.28,1.65,309.1,992.5,49.15,49.22,0.0,7.31
2024-05-07 18:30:00+05:30,37.18,16.03,1.71,345.4,993.5,0.0,0.0,0.0,7.24
2024-05-07 19:30:00+05:30,35.84,17.37,2.03,20.1,994.3000000000001,0.0,0.0,0.0,7.34
2024-05-07 20:30:00+05:30,34.41,19.05,2.46,38.2,995.1999999999999,0.0,0.0,0.0,7.54
2024-05-07 21:30:00+05:30,33.25,20.71,2.7,47.7,995.9000000000001,0.0,0.0,0.0,7.8
2024-05-07 22:30:00+05:30,32.24,22.41,2.87,58.5,996.0,0.0,0.0,0.0,8.12
2024-05-07 23:30:00+05:30,31.34,24.23,3.01,71.0,995.6,0.0,0.0,0.0,8.52
2024-05-08 00:30:00+05:30,30.55,26.38,3.21,84.4,994.8000000000001,0.0,0.0,0.06,9.1
2024-05-08 01:30:00+05:30,29.83,29.32,3.69,94.2,994.3000000000001,0.0,0.0,0.06,10.07
2024-05-08 02:30:00+05:30,29.07,33.62,4.47,98.0,994.0999999999999,0.0,0.0,0.06,11.45
2024-05-08 03:30:00+05:30,28.05,39.85,4.76,97.8,994.5,0.0,0.0,0.0,13.1
2024-05-08 04:30:00+05:30,27.12,46.86,4.5,95.2,995.3,0.0,0.0,0.0,14.75
2024-05-08 05:30:00+05:30,27.05,52.36,4.98,91.3,996.5,35.92,46.58,0.0,16.42
2024-05-08 06:30:00+05:30,28.39,54.43,5.82,94.9,997.4,143.98,205.95,0.0,18.29
2024-05-08 07:30:00+05:30,30.49,48.78,5.54,100.9,997.8,298.23,413.02,0.0,18.51
2024-05-08 08:30:00+05:30,33.23,37.63,4.97,111.1,997.9000000000001,432.0,614.12,0.0,16.83
2024-05-08 09:30:00+05:30,36.01,26.78,4.56,122.1,997.3000000000001,545.35,776.4,0.0,13.92
2024-05-08 10:30:00+05:30,38.33,20.51,4.02,127.4,996.3,622.88,876.5,0.0,11.79
2024-05-08 11:30:00+05:30,39.84,17.25,3.23,124.1,995.3,727.28,865.03,0.0,10.43
2024-05-08 12:30:00+05:30,40.74,15.58,2.53,111.3,994.3000000000001,672.2,832.08,0.0,9.63
2024-05-08 13:30:00+05:30,40.89,15.09,2.38,90.0,993.4000000000001,581.72,730.72,0.0,9.27
2024-05-08 14:30:00+05:30,40.83,15.01,2.6,72.1,992.6999999999999,471.85,572.22,0.0,9.14
2024-05-08 15:30:00+05:30,39.99,15.67,3.11,59.5,992.3000000000001,339.55,378.83,0.0,9.12
2024-05-08 16:30:00+05:30,38.9,16.77,4.06,58.0,992.5,174.7,189.77,0.0,9.25
2024-05-08 17:30:00+05:30,37.32,18.82,4.82,61.2,992.9000000000001,41.2,44.5,0.0,9.71
2024-05-08 18:30:00+05:30,34.95,22.88,4.86,64.9,993.5,0.0,0.0,0.0,10.67
2024-05-08 19:30:00+05:30,33.83,26.35,5.39,71.3,994.2,0.0,0.0,0.0,11.87
2024-05-08 20:30:00+05:30,32.88,29.76,5.25,76.3,994.8000000000001,0.0,0.0,0.0,12.92
2024-05-08 21:30:00+05:30,32.16,32.79,5.31,79.4,995.3,0.0,0.0,0.0,13.78
2024-05-08 22:30:00+05:30,31.61,35.63,5.6,80.9,995.4000000000001,0.0,0.0,0.0,14.57
2024-05-08 23:30:00+05:30,31.03,38.82,5.59,81.8,995.3,0.0,0.0,0.0,15.4
2024-05-09 00:30:00+05:30,30.31,42.48,5.11,78.7,995.1,0.0,0.0,0.02,16.17
2024-05-09 01:30:00+05:30,29.54,46.41,4.96,74.7,994.7,0.0,0.0,0.02,16.87
2024-05-09 02:30:00+05:30,28.86,50.04,4.91,73.9,994.5,0.0,0.0,0.02,17.43
2024-05-09 03:30:00+05:30,28.18,53.53,4.7,75.5,994.5,0.0,0.0,0.0,17.88
2024-05-09 04:30:00+05:30,27.64,56.42,4.56,77.6,995.0,0.0,0.0,0.0,18.22
2024-05-09 05:30:00+05:30,27.74,56.93,4.74,79.0,995.6999999999999,48.83,50.12,0.0,18.46
2024-05-09 06:30:00+05:30,29.79,50.26,5.23,89.9,996.4,198.93,216.02,0.0,18.36
2024-05-09 07:30:00+05:30,32.91,40.03,4.41,115.5,996.8000000000001,393.55,425.85,0.0,17.56
2024-05-09 08:30:00+05:30,35.71,31.67,2.88,147.6,996.7,616.65,617.03,0.0,16.31
2024-05-09 09:30:00+05:30,37.87,26.57,1.96,191.5,996.2,780.9,781.2,0.0,15.42
2024-05-09 10:30:00+05:30,39.67,23.25,1.95,229.4,995.3,882.15,884.12,0.0,14.86
2024-05-09 11:30:00+05:30,41.07,20.99,2.03,254.0,994.2,859.67,863.28,0.0,14.42
2024-05-09 12:30:00+05:30,42.03,19.47,2.07,274.2,992.8,824.25,828.3,0.11,14.04
2024-05-09 13:30:00+05:30,42.34,18.83,2.04,295.3,991.7,706.55,728.12,0.02,13.79
2024-05-09 14:30:00+05:30,41.69,19.33,1.53,321.6,990.8,560.05,568.33,0.08,13.65
2024-05-09 15:30:00+05:30,40.72,20.32,1.36,17.1,990.4000000000001,378.7,381.0,1.2,13.63
2024-05-09 16:30:00+05:30,39.69,21.62,2.5,57.3,990.6999999999999,178.07,182.73,0.82,13.74
2024-05-09 17:30:00+05:30,38.39,23.64,3.8,71.9,991.4,42.55,44.03,2.69,14.05
2024-05-09 18:30:00+05:30,36.93,26.45,5.14,76.6,992.5,0.0,0.0,2.9,14.55
2024-05-09 19:30:00+05:30,35.84,29.1,6.66,78.7,993.6,0.0,0.0,2.89,15.11
2024-05-09 20:30:00+05:30,34.7,32.56,6.77,76.3,994.5,0.0,0.0,7.07,15.88
2024-05-09 21:30:00+05:30,33.13,38.01,6.91,74.5,995.1,0.0,0.0,1.9,16.93
2024-05-09 22:30:00+05:30,31.62,44.27,7.03,75.1,995.1,0.0,0.0,0.0,18.0
2024-05-09 23:30:00+05:30,30.35,49.8,7.09,76.5,995.0,0.0,0.0,0.0,18.73
2024-05-10 00:30:00+05:30,29.35,53.77,6.76,74.3,994.7,0.0,0.0,0.69,19.03
2024-05-10 01:30:00+05:30,28.54,56.7,6.19,72.5,994.5999999999999,0.0,0.0,0.69,19.14
2024-05-10 02:30:00+05:30,27.83,59.3,5.84,71.6,994.5999999999999,0.0,0.0,0.69,19.19
2024-05-10 03:30:00+05:30,27.23,61.58,5.71,70.7,995.0,0.0,0.0,0.0,19.22
2024-05-10 04:30:00+05:30,26.72,63.68,5.58,69.9,995.8,0.0,0.0,0.0,19.29
2024-05-10 05:30:00+05:30,26.67,64.19,6.17,72.4,996.7,46.0,46.6,0.0,19.37
2024-05-10 06:30:00+05:30,27.97,59.24,6.78,79.8,997.4,188.6,195.38,0.0,19.31
2024-05-10 07:30:00+05:30,30.35,50.13,5.72,85.7,997.9000000000001,385.55,393.1,0.0,18.82
2024-05-10 08:30:00+05:30,33.06,40.43,4.09,91.8,997.9000000000001,582.6,587.4,0.0,17.85
2024-05-10 09:30:00+05:30,35.23,33.87,2.71,91.9,997.5,737.15,740.03,0.0,16.97
2024-05-10 10:30:00+05:30,36.85,29.75,1.86,77.6,996.5999999999999,843.85,845.38,0.03,16.32
2024-05-10 11:30:00+05:30,38.06,26.88,1.46,46.9,995.5,879.08,879.2,0.03,15.76
2024-05-10 12:30:00+05:30,38.91,25.01,1.66,11.9,994.3000000000001,839.75,840.8,0.01,15.34
2024-05-10 13:30:00+05:30,39.23,24.22,2.22,352.5,993.1999999999999,732.45,734.95,0.02,15.12
2024-05-10 14:30:00+05:30,39.24,23.94,2.65,347.6,992.4,574.83,576.47,0.02,14.94
2024-05-10 15:30:00+05:30,38.78,24.26,2.8,346.0,991.9,384.0,385.15,0.0,14.77
2024-05-10 16:30:00+05:30,37.87,25.24,2.91,346.3,991.9,210.62,211.25,0.0,14.62
2024-05-10 17:30:00+05:30,36.6,26.9,2.73,351.8,992.4,50.62,50.72,0.0,14.54
2024-05-10 18:30:00+05:30,34.39,30.56,1.87,7.0,993.1999999999999,0.0,0.0,0.0,14.63
2024-05-10 19:30:00+05:30,33.49,32.22,2.14,22.8,994.0999999999999,0.0,0.0,0.0,14.67
2024-05-10 20:30:00+05:30,32.75,33.74,2.26,32.0,994.8000000000001,0.0,0.0,0.0,14.74
2024-05-10 21:30:00+05:30,32.06,35.32,2.29,36.1,995.1999999999999,0.0,0.0,0.0,14.85
2024-05-10 22:30:00+05:30,31.38,37.16,2.26,40.5,995.1999999999999,0.0,0.0,0.0,15.03
2024-05-10 23:30:00+05:30,30.7,39.3,2.22,44.6,995.1,0.0,0.0,0.0,15.31
2024-05-11 00:30:00+05:30,29.97,42.27,2.17,47.6,994.9,0.0,0.0,9.71,15.79
2024-05-11 01:30:00+05:30,29.23,46.28,2.08,50.3,994.9,0.0,0.0,9.71,16.55
2024-05-11 02:30:00+05:30,28.53,50.22,1.91,56.3,995.0,0.0,0.0,9.71,17.18
2024-05-11 03:30:00+05:30,27.93,53.49,1.66,65.8,995.3,0.0,0.0,0.0,17.63
2024-05-11 04:30:00+05:30,27.56,55.28,1.3,76.6,995.8,0.0,0.0,0.0,17.82
2024-05-11 05:30:00+05:30,28.07,53.91,0.77,93.7,996.5999999999999,43.58,45.97,0.0,17.89
2024-05-11 06:30:00+05:30,30.72,44.7,0.26,252.3,997.3000000000001,158.65,187.65,0.0,17.34
2024-05-11 07:30:00+05:30,33.76,35.86,2.23,295.0,997.6999999999999,330.27,379.8,1.15,16.57
2024-05-11 08:30:00+05:30,35.72,31.71,3.28,310.9,997.8,503.88,570.95,0.05,16.36
2024-05-11 09:30:00+05:30,37.34,28.87,3.68,326.5,997.6999999999999,694.55,727.83,0.14,16.28
2024-05-11 10:30:00+05:30,38.67,26.9,3.86,334.8,997.2,745.25,830.5,0.22,16.29
2024-05-11 11:30:00+05:30,39.7,25.56,3.91,339.2,996.3,714.1,793.12,0.35,16.36
2024-05-11 12:30:00+05:30,40.34,24.77,3.99,341.4,995.4000000000001,741.92,762.17,0.28,16.39
2024-05-11 13:30:00+05:30,40.49,24.55,4.12,342.8,994.5,641.17,666.6,0.19,16.38
2024-05-11 14:30:00+05:30,40.03,25.03,4.32,340.5,993.8,503.98,519.62,0.07,16.31
2024-05-11 15:30:00+05:30,39.5,25.55,4.55,336.4,993.6,340.9,343.23,0.03,16.18
2024-05-11 16:30:00+05:30,38.56,26.67,4.66,335.0,993.7,198.73,200.45,0.01,16.06
2024-05-11 17:30:00+05:30,37.3,28.36,4.19,336.1,994.2,48.17,48.38,0.0,15.96
2024-05-11 18:30:00+05:30,35.28,31.68,2.43,338.3,995.0,0.0,0.0,0.0,15.97
2024-05-11 19:30:00+05:30,34.23,33.46,2.35,340.9,995.8,0.0,0.0,0.0,15.91
2024-05-11 20:30:00+05:30,33.34,35.1,2.32,343.0,996.5,0.0,0.0,0.0,15.86
2024-05-11 21:30:00+05:30,32.49,36.76,2.26,344.9,996.7,0.0,0.0,0.0,15.85
2024-05-11 22:30:00+05:30,31.7,38.54,2.2,348.2,996.7,0.0,0.0,0.0,15.89
2024-05-11 23:30:00+05:30,30.94,40.47,2.12,354.0,996.5,0.0,0.0,0.0,15.98
2024-05-12 00:30:00+05:30,30.19,42.78,2.01,2.6,996.1,0.0,0.0,0.29,16.18
2024-05-12 01:30:00+05:30,29.42,45.9,1.87,14.9,995.8,0.0,0.0,0.29,16.58
2024-05-12 02:30:00+05:30,28.75,48.54,1.78,28.1,995.8,0.0,0.0,0.29,16.86
2024-05-12 03:30:00+05:30,28.21,50.64,1.73,40.3,996.1,0.0,0.0,0.0,17.03
2024-05-12 04:30:00+05:30,27.77,52.2,1.68,53.5,996.5999999999999,0.0,0.0,0.0,17.11
2024-05-12 05:30:00+05:30,28.55,50.41,1.49,64.6,997.6,46.28,49.35,0.0,17.26
2024-05-12 06:30:00+05:30,30.91,43.28,1.36,69.8,998.5,181.6,200.93,0.0,17.01
2024-05-12 07:30:00+05:30,34.76,31.43,0.71,13.1,999.0999999999999,390.95,407.9,0.0,15.38
2024-05-12 08:30:00+05:30,37.32,24.98,1.44,354.4,999.4,559.3,605.1,0.14,14.01
2024-05-12 09:30:00+05:30,39.08,21.7,1.88,346.2,999.2,747.9,758.75,0.14,13.3
2024-05-12 10:30:00+05:30,40.46,19.57,2.2,331.2,998.4000000000001,851.53,860.55,0.02,12.87
2024-05-12 11:30:00+05:30,41.38,18.29,2.67,318.5,997.4,837.5,908.78,0.01,12.57
2024-05-12 12:30:00+05:30,41.99,17.48,3.28,311.4,996.3,794.35,869.0,0.0,12.37
2024-05-12 13:30:00+05:30,42.15,17.19,3.85,307.8,995.1999999999999,741.08,762.6,0.0,12.24
2024-05-12 14:30:00+05:30,41.84,17.25,3.91,306.4,994.4,568.33,601.58,0.0,12.04
2024-05-12 15:30:00+05:30,41.17,17.58,3.69,305.4,993.8,269.9,404.55,0.0,11.79
2024-05-12 16:30:00+05:30,40.12,18.33,3.26,305.3,993.8,154.43,208.55,0.0,11.57
2024-05-12 17:30:00+05:30,38.44,20.74,1.81,309.4,994.0,45.95,52.33,0.0,12.06
2024-05-12 18:30:00+05:30,36.91,22.95,0.55,9.5,994.5999999999999,0.0,0.0,0.0,12.36
2024-05-12 19:30:00+05:30,35.3,24.78,1.46,95.5,995.3,0.0,0.0,0.0,12.17
2024-05-12 20:30:00+05:30,33.77,26.48,2.06,105.8,995.8,0.0,0.0,0.0,11.91
2024-05-12 21:30:00+05:30,32.88,27.65,2.17,111.4,996.1,0.0,0.0,0.0,11.8
2024-05-12 22:30:00+05:30,32.11,28.78,2.17,115.6,996.2,0.0,0.0,0.0,11.75
2024-05-12 23:30:00+05:30,31.41,30.07,2.12,118.5,996.0,0.0,0.0,0.0,11.82
2024-05-13 00:30:00+05:30,30.74,31.74,2.03,118.8,995.8,0.0,0.0,3.17,12.06
2024-05-13 01:30:00+05:30,30.1,34.06,1.95,116.8,995.5,0.0,0.0,3.17,12.58
2024-05-13 02:30:00+05:30,29.41,36.51,2.0,110.2,995.4000000000001,0.0,0.0,3.17,13.03
2024-05-13 03:30:00+05:30,28.69,38.96,2.11,102.9,995.6999999999999,0.0,0.0,0.0,13.38
2024-05-13 04:30:00+05:30,28.09,40.99,2.16,97.2,996.3,0.0,0.0,0.0,13.6
2024-05-13 05:30:00+05:30,28.78,40.38,2.18,93.2,997.2,53.92,56.58,0.0,14.0
2024-05-13 06:30:00+05:30,31.24,34.95,2.78,90.6,998.1,188.32,231.45,0.2,13.95
2024-05-13 07:30:00+05:30,34.96,26.61,2.06,84.2,998.8,353.85,446.8,0.16,12.98
2024-05-13 08:30:00+05:30,37.32,22.44,1.67,52.3,998.9,563.33,650.45,0.0,12.36
2024-05-13 09:30:00+05:30,39.23,19.58,2.25,22.8,998.6,710.3,813.9,0.0,11.86
2024-05-13 10:30:00+05:30,40.54,17.85,2.56,12.8,997.9000000000001,778.55,919.53,0.0,11.52
2024-05-13 11:30:00+05:30,41.23,16.83,2.56,6.3,997.0,667.05,817.75,0.0,11.19
2024-05-13 12:30:00+05:30,41.65,16.07,2.54,358.9,996.0,678.53,788.03,0.0,10.83
2024-05-13 13:30:00+05:30,41.76,15.48,2.66,352.0,995.1,582.85,692.03,0.0,10.36
2024-05-13 14:30:00+05:30,41.41,15.34,2.85,344.6,994.3000000000001,464.85,541.55,0.0,9.94
2024-05-13 15:30:00+05:30,40.69,15.51,3.12,340.1,993.9,296.42,349.42,0.0,9.55
2024-05-13 16:30:00+05:30,39.6,16.07,3.27,339.6,993.9,164.38,177.32,0.0,9.19
2024-05-13 17:30:00+05:30,37.69,18.3,2.33,342.8,994.5,43.6,45.47,0.0,9.58
2024-05-13 18:30:00+05:30,34.91,22.35,2.02,358.0,995.3,0.0,0.0,0.0,10.31
2024-05-13 19:30:00+05:30,34.16,22.94,1.86,23.8,996.2,0.0,0.0,0.0,10.07
2024-05-13 20:30:00+05:30,33.38,23.57,1.85,52.7,996.7,0.0,0.0,0.0,9.82
2024-05-13 21:30:00+05:30,32.46,24.47,1.98,75.4,997.0,0.0,0.0,0.0,9.62
2024-05-13 22:30:00+05:30,31.56,25.44,2.1,91.6,996.9,0.0,0.0,0.0,9.44
2024-05-13 23:30:00+05:30,30.77,26.34,2.17,103.8,996.5999999999999,0.0,0.0,0.0,9.3
2024-05-14 00:30:00+05:30,30.13,27.35,2.15,113.3,996.0,0.0,0.0,1.41,9.3
2024-05-14 01:30:00+05:30,29.57,28.73,2.06,121.3,995.6999999999999,0.0,0.0,1.41,9.57
2024-05-14 02:30:00+05:30,28.85,30.51,2.1,131.9,995.6,0.0,0.0,1.41,9.82
2024-05-14 03:30:00+05:30,28.07,32.3,2.19,145.6,995.8,0.0,0.0,0.0,10.0
2024-05-14 04:30:00+05:30,27.42,33.61,2.24,159.4,996.3,0.0,0.0,0.0,10.05
2024-05-14 05:30:00+05:30,28.05,33.06,2.06,172.7,997.2,47.28,48.72,0.0,10.34
2024-05-14 06:30:00+05:30,31.04,27.32,2.72,185.1,998.1,172.23,196.27,0.0,10.05
2024-05-14 07:30:00+05:30,34.7,21.25,1.89,196.9,998.7,368.5,395.23,0.0,9.38
2024-05-14 08:30:00+05:30,37.78,16.77,0.75,277.7,999.0,538.8,591.55,0.0,8.38
2024-05-14 09:30:00+05:30,39.78,14.57,1.81,328.3,998.8,691.95,752.45,0.0,7.91
2024-05-14 10:30:00+05:30,41.22,13.53,2.54,332.0,998.0,778.4,852.62,0.0,7.95
2024-05-14 11:30:00+05:30,42.16,13.13,2.97,328.8,997.0999999999999,785.38,861.35,0.0,8.25
2024-05-14 12:30:00+05:30,42.59,13.16,3.38,324.1,996.0,732.17,824.25,0.0,8.62
2024-05-14 13:30:00+05:30,42.67,13.32,3.79,320.6,995.0,662.1,718.38,0.0,8.85
2024-05-14 14:30:00+05:30,42.36,13.47,3.89,317.9,994.3000000000001,496.73,558.42,0.0,8.77
2024-05-14 15:30:00+05:30,41.75,13.57,3.78,316.3,993.8,298.3,376.1,0.0,8.41
2024-05-14 16:30:00+05:30,40.71,13.96,3.46,314.6,993.8,151.82,186.15,0.0,8.03
2024-05-14 17:30:00+05:30,38.38,17.09,1.99,315.0,994.2,42.62,47.28,0.0,9.12
2024-05-14 18:30:00+05:30,36.35,19.3,1.67,319.1,994.8000000000001,0.0,0.0,0.0,9.29
2024-05-14 19:30:00+05:30,36.31,18.78,1.14,325.8,995.5,0.0,0.0,0.0,8.86
2024-05-14 20:30:00+05:30,35.79,18.99,0.94,318.5,996.0,0.0,0.0,0.0,8.59
2024-05-14 21:30:00+05:30,34.81,19.76,1.15,300.8,996.4,0.0,0.0,0.0,8.39
2024-05-14 22:30:00+05:30,33.52,20.92,1.5,289.9,996.3,0.0,0.0,0.0,8.17
2024-05-14 23:30:00+05:30,32.08,22.38,1.9,283.4,996.0,0.0,0.0,0.0,7.97
2024-05-15 00:30:00+05:30,30.69,23.93,2.28,278.1,995.6999999999999,0.0,0.0,0.0,7.79
2024-05-15 01:30:00+05:30,29.6,25.16,2.59,271.8,995.5,0.0,0.0,0.0,7.61
2024-05-15 02:30:00+05:30,28.79,26.16,2.74,266.2,995.5,0.0,0.0,0.0,7.5
2024-05-15 03:30:00+05:30,28.07,27.33,2.81,262.2,995.6999999999999,0.0,0.0,0.0,7.53
2024-05-15 04:30:00+05:30,27.4,28.95,2.89,261.4,996.2,0.0,0.0,0.0,7.78
2024-05-15 05:30:00+05:30,28.24,28.59,2.64,264.1,997.0999999999999,49.78,51.97,0.0,8.31
2024-05-15 06:30:00+05:30,31.28,25.04,3.71,269.2,998.1,183.55,208.82,0.0,8.92
2024-05-15 07:30:00+05:30,35.22,18.64,3.16,285.8,998.8,366.52,413.27,0.0,7.79
2024-05-15 08:30:00+05:30,38.76,13.25,2.93,303.7,999.2,536.83,612.83,0.0,5.7
2024-05-15 09:30:00+05:30,40.47,11.63,2.62,320.4,999.0,632.6,774.62,0.0,5.18
2024-05-15 10:30:00+05:30,41.73,10.79,2.46,332.4,998.5,685.55,879.12,0.0,5.11
2024-05-15 11:30:00+05:30,42.49,10.42,2.34,335.7,997.6999999999999,465.92,840.6,0.0,5.2
2024-05-15 12:30:00+05:30,42.75,10.36,2.19,333.7,996.7,388.38,807.55,0.0,5.3
2024-05-15 13:30:00+05:30,42.56,10.51,2.12,326.8,995.8,333.45,708.58,0.0,5.36
2024-05-15 14:30:00+05:30,42.05,10.87,2.11,314.8,995.1999999999999,332.08,555.72,0.0,5.44
2024-05-15 15:30:00+05:30,41.22,11.39,2.18,301.5,995.0,266.52,361.42,0.0,5.48
2024-05-15 16:30:00+05:30,40.24,12.13,2.32,292.8,995.1999999999999,141.77,185.38,0.0,5.61
2024-05-15 17:30:00+05:30,37.79,16.12,1.81,283.7,995.6999999999999,41.92,47.95,0.0,7.76
2024-05-15 18:30:00+05:30,35.66,18.2,2.26,277.4,996.3,0.0,0.0,0.0,7.86
2024-05-15 19:30:00+05:30,34.7,19.32,2.44,274.0,997.0,0.0,0.0,0.0,7.96
2024-05-15 20:30:00+05:30,33.95,20.48,2.47,270.7,997.5,0.0,0.0,0.0,8.22
2024-05-15 21:30:00+05:30,33.26,21.64,2.46,266.5,997.6999999999999,0.0,0.0,0.0,8.47
2024-05-15 22:30:00+05:30,32.6,22.71,2.51,260.8,997.5,0.0,0.0,0.0,8.63
2024-05-15 23:30:00+05:30,31.96,23.7,2.62,253.8,997.0999999999999,0.0,0.0,0.0,8.73
2024-05-16 00:30:00+05:30,31.35,24.62,2.76,247.9,996.5999999999999,0.0,0.0,0.0,8.79
2024-05-16 01:30:00+05:30,30.82,25.51,2.88,244.1,996.3,0.0,0.0,0.0,8.85
2024-05-16 02:30:00+05:30,30.36,26.37,2.91,241.9,996.3,0.0,0.0,0.0,8.96
2024-05-16 03:30:00+05:30,29.93,27.38,2.88,241.8,996.5999999999999,0.0,0.0,0.0,9.14
2024-05-16 04:30:00+05:30,29.47,28.67,2.81,243.6,997.0999999999999,0.0,0.0,0.0,9.44
2024-05-16 05:30:00+05:30,30.14,28.58,2.64,246.8,998.0,55.4,55.83,0.0,9.95
2024-05-16 06:30:00+05:30,32.22,26.56,3.49,252.8,998.8,208.88,218.65,0.0,10.61
2024-05-16 07:30:00+05:30,35.11,22.64,2.62,263.9,999.3000000000001,400.98,428.3,0.0,10.65
2024-05-16 08:30:00+05:30,39.3,16.19,1.99,288.4,999.4,623.15,624.05,0.0,9.08
2024-05-16 09:30:00+05:30,41.18,14.3,1.66,309.4,999.0,789.85,790.15,0.0,8.73
2024-05-16 10:30:00+05:30,42.22,13.41,1.7,306.4,998.1999999999999,897.72,898.3,0.0,8.61
2024-05-16 11:30:00+05:30,42.78,12.86,1.99,300.8,997.2,915.58,917.17,0.0,8.42
2024-05-16 12:30:00+05:30,43.0,12.57,2.29,297.8,996.1,879.47,880.97,0.0,8.26
2024-05-16 13:30:00+05:30,42.92,12.48,2.62,296.1,995.0,748.9,779.55,0.0,8.1
2024-05-16 14:30:00+05:30,42.45,12.63,3.06,294.9,994.0,614.75,617.72,0.0,7.91
2024-05-16 15:30:00+05:30,41.78,12.92,3.4,293.9,993.4000000000001,420.33,423.15,0.0,7.71
2024-05-16 16:30:00+05:30,40.97,13.38,3.44,291.3,993.1,216.65,218.23,0.0,7.59
2024-05-16 17:30:00+05:30,39.01,15.8,2.11,284.6,993.3,57.95,58.28,0.0,8.49
2024-05-16 18:30:00+05:30,36.54,18.49,2.03,268.3,993.8,0.0,0.0,0.0,8.82
2024-05-16 19:30:00+05:30,35.79,19.03,2.04,244.8,994.3000000000001,0.0,0.0,0.0,8.65
2024-05-16 20:30:00+05:30,34.88,19.79,2.31,222.5,994.5999999999999,0.0,0.0,0.0,8.48
2024-05-16 21:30:00+05:30,33.9,20.57,2.71,209.6,994.8000000000001,0.0,0.0,0.0,8.24
2024-05-16 22:30:00+05:30,33.29,20.88,3.04,205.3,994.7,0.0,0.0,0.0,7.95
2024-05-16 23:30:00+05:30,32.94,20.88,3.21,206.2,994.4,0.0,0.0,0.0,7.68
2024-05-17 00:30:00+05:30,32.4,21.19,3.31,209.3,994.0999999999999,0.0,0.0,0.0,7.45
2024-05-17 01:30:00+05:30,31.79,21.69,3.36,212.4,993.9,0.0,0.0,0.0,7.29
2024-05-17 02:30:00+05:30,31.26,22.25,3.31,214.4,993.8,0.0,0.0,0.0,7.2
2024-05-17 03:30:00+05:30,30.97,22.55,3.21,215.0,994.0,0.0,0.0,0.0,7.18
2024-05-17 04:30:00+05:30,30.59,23.05,3.16,214.4,994.3000000000001,0.0,0.0,0.0,7.18
2024-05-17 05:30:00+05:30,31.42,22.11,3.59,214.0,994.9,55.78,58.12,0.0,7.26
2024-05-17 06:30:00+05:30,33.45,20.06,4.59,213.9,995.4000000000001,188.95,224.3,0.0,7.51
2024-05-17 07:30:00+05:30,36.73,17.13,4.06,220.5,995.8,341.65,431.27,0.0,7.86
2024-05-17 08:30:00+05:30,40.41,14.6,4.35,238.5,995.8,497.58,628.62,0.0,8.42
2024-05-17 09:30:00+05:30,42.22,13.62,3.83,253.5,995.3,653.33,787.72,0.0,8.83
2024-05-17 10:30:00+05:30,43.39,12.89,3.74,269.7,994.5,720.33,890.72,0.0,8.94
2024-05-17 11:30:00+05:30,43.98,12.55,4.07,280.0,993.5,569.85,738.62,0.0,8.98
2024-05-17 12:30:00+05:30,44.19,12.4,4.58,287.1,992.4,494.42,713.8,0.0,8.97
2024-05-17 13:30:00+05:30,43.94,12.53,5.16,293.5,991.5,388.95,626.58,0.0,8.92
2024-05-17 14:30:00+05:30,42.95,13.11,5.62,298.0,990.8,312.8,488.42,0.0,8.83
2024-05-17 15:30:00+05:30,41.75,13.8,5.74,300.2,990.6,215.15,314.02,0.0,8.65
2024-05-17 16:30:00+05:30,40.53,14.53,5.21,303.3,990.8,128.1,158.7,0.0,8.45
2024-05-17 17:30:00+05:30,38.28,16.47,3.07,306.8,991.1,40.28,43.25,0.0,8.51
2024-05-17 18:30:00+05:30,36.21,18.49,2.45,304.0,991.5,0.0,0.0,0.0,8.56
2024-05-17 19:30:00+05:30,35.49,19.39,2.14,291.4,992.0,0.0,0.0,0.0,8.66
2024-05-17 20:30:00+05:30,34.97,20.1,2.02,266.3,992.3000000000001,0.0,0.0,0.0,8.78
2024-05-17 21:30:00+05:30,34.24,21.11,2.36,240.3,992.5,0.0,0.0,0.0,8.9
2024-05-17 22:30:00+05:30,33.72,22.21,2.89,225.6,992.4,0.0,0.0,0.0,9.21
2024-05-17 23:30:00+05:30,33.57,23.82,4.07,220.3,992.0,0.0,0.0,0.0,10.13
2024-05-18 00:30:00+05:30,33.46,26.73,5.95,218.2,991.5,0.0,0.0,0.0,11.76
2024-05-18 01:30:00+05:30,32.92,31.35,6.65,215.8,991.2,0.0,0.0,0.0,13.73
2024-05-18 02:30:00+05:30,32.22,36.88,6.46,214.5,991.2,0.0,0.0,0.0,15.64
2024-05-18 03:30:00+05:30,31.65,41.88,6.27,215.8,991.5,0.0,0.0,0.0,17.13
2024-05-18 04:30:00+05:30,31.05,45.52,5.88,218.5,992.0999999999999,0.0,0.0,0.0,17.92
2024-05-18 05:30:00+05:30,31.22,45.7,6.19,220.7,992.9000000000001,53.2,53.7,0.0,18.15
2024-05-18 06:30:00+05:30,33.03,40.91,8.93,227.7,993.5,200.38,206.95,0.0,18.01
2024-05-18 07:30:00+05:30,35.77,34.51,9.9,238.0,993.9,386.17,388.35,0.0,17.72
2024-05-18 08:30:00+05:30,38.68,28.33,9.17,246.3,993.8,592.75,613.08,0.0,17.11
2024-05-18 09:30:00+05:30,41.23,23.53,7.99,253.0,993.1999999999999,771.4,771.8,0.0,16.34
2024-05-18 10:30:00+05:30,43.15,20.14,6.9,258.0,992.3000000000001,880.35,882.4,0.0,15.47
2024-05-18 11:30:00+05:30,44.44,17.7,6.03,260.5,991.2,910.67,914.4,0.0,14.51
2024-05-18 12:30:00+05:30,45.27,15.81,5.43,260.7,990.1,879.3,884.6,0.0,13.44
2024-05-18 13:30:00+05:30,45.55,14.42,5.04,260.4,988.9,782.95,788.0,0.0,12.27
2024-05-18 14:30:00+05:30,45.33,13.85,4.79,259.7,988.1,626.53,633.45,0.0,11.48
2024-05-18 15:30:00+05:30,44.71,13.8,4.55,259.2,987.4,415.12,438.88,0.0,10.96
2024-05-18 16:30:00+05:30,43.73,14.22,4.34,256.8,987.3000000000001,221.8,232.0,0.0,10.64
2024-05-18 17:30:00+05:30,41.52,16.13,2.8,248.2,987.5,62.8,63.62,0.0,10.78
2024-05-18 18:30:00+05:30,38.29,19.33,2.83,231.6,988.0,0.0,0.0,0.0,10.92
2024-05-18 19:30:00+05:30,37.59,19.99,3.05,220.7,988.6,0.0,0.0,0.0,10.84
2024-05-18 20:30:00+05:30,37.08,20.62,3.45,215.1,989.2,0.0,0.0,0.0,10.88
2024-05-18 21:30:00+05:30,36.63,21.37,4.07,212.0,989.5999999999999,0.0,0.0,0.0,11.05
2024-05-18 22:30:00+05:30,36.07,22.37,4.69,209.6,989.5,0.0,0.0,0.0,11.29
2024-05-18 23:30:00+05:30,35.27,23.82,5.11,207.8,989.2,0.0,0.0,0.0,11.57
2024-05-19 00:30:00+05:30,34.46,25.42,5.49,207.5,989.0,0.0,0.0,0.12,11.87
2024-05-19 01:30:00+05:30,33.55,27.4,5.81,208.6,988.8,0.0,0.0,0.12,12.23
2024-05-19 02:30:00+05:30,32.62,29.64,5.95,211.0,988.8,0.0,0.0,0.12,12.64
2024-05-19 03:30:00+05:30,31.81,31.93,6.05,213.3,989.0999999999999,0.0,0.0,0.0,13.07
2024-05-19 04:30:00+05:30,31.25,33.94,6.2,215.4,989.3000000000001,0.0,0.0,0.0,13.53
2024-05-19 05:30:00+05:30,31.52,34.42,6.71,217.9,989.9,60.28,63.95,0.0,13.97
2024-05-19 06:30:00+05:30,33.74,30.97,6.95,221.0,990.4000000000001,206.5,238.62,0.0,14.28
2024-05-19 07:30:00+05:30,37.46,24.8,7.64,229.8,990.6999999999999,404.6,451.83,0.0,14.01
2024-05-19 08:30:00+05:30,40.13,21.13,7.58,241.0,990.9000000000001,581.35,652.17,0.0,13.74
2024-05-19 09:30:00+05:30,42.04,19.0,6.99,251.3,990.9000000000001,771.67,812.33,0.0,13.68
2024-05-19 10:30:00+05:30,43.63,17.12,6.37,260.3,990.1999999999999,906.2,915.55,0.0,13.35
2024-05-19 11:30:00+05:30,44.82,15.49,5.86,267.2,989.3000000000001,915.62,917.22,0.0,12.77
2024-05-19 12:30:00+05:30,45.63,14.26,5.46,271.9,988.1999999999999,861.55,889.33,0.0,12.15
2024-05-19 13:30:00+05:30,46.03,13.44,5.19,276.1,987.0999999999999,763.6,793.05,0.0,11.58
2024-05-19 14:30:00+05:30,45.92,13.05,4.74,279.8,986.1,621.97,637.62,0.0,11.05
2024-05-19 15:30:00+05:30,45.44,12.88,4.28,283.8,985.1999999999999,433.33,441.08,0.0,10.49
2024-05-19 16:30:00+05:30,44.45,12.86,3.95,289.5,984.9,227.48,232.2,0.0,9.69
2024-05-19 17:30:00+05:30,41.85,14.56,2.32,299.1,985.1,63.4,64.3,0.0,9.5
2024-05-19 18:30:00+05:30,39.17,16.48,2.09,315.4,985.8,0.0,0.0,0.0,9.24
2024-05-19 19:30:00+05:30,38.76,16.3,1.73,336.5,986.7,0.0,0.0,0.0,8.74
2024-05-19 20:30:00+05:30,38.2,16.41,1.52,358.1,987.6,0.0,0.0,0.0,8.39
2024-05-19 21:30:00+05:30,37.48,16.78,1.4,17.9,988.1,0.0,0.0,0.0,8.15
2024-05-19 22:30:00+05:30,36.62,17.56,1.35,45.3,988.1999999999999,0.0,0.0,0.0,8.12
2024-05-19 23:30:00+05:30,35.34,19.0,1.59,73.5,988.1,0.0,0.0,0.0,8.24
2024-05-20 00:30:00+05:30,33.72,21.45,1.94,90.3,987.8,0.0,0.0,3.32,8.69
2024-05-20 01:30:00+05:30,32.26,24.78,2.18,97.1,987.6999999999999,0.0,0.0,3.32,9.6
2024-05-20 02:30:00+05:30,31.29,27.76,2.12,93.5,987.9000000000001,0.0,0.0,3.32,10.46
2024-05-20 03:30:00+05:30,30.5,30.64,1.96,80.6,988.5,0.0,0.0,0.0,11.26
2024-05-20 04:30:00+05:30,29.58,34.31,1.85,65.4,989.4,0.0,0.0,0.0,12.15
2024-05-20 05:30:00+05:30,29.76,36.63,1.84,55.6,990.6,58.95,61.4,0.0,13.3
2024-05-20 06:30:00+05:30,31.29,35.05,2.31,51.1,991.7,196.8,226.57,0.0,13.97
2024-05-20 07:30:00+05:30,34.59,28.48,2.69,44.7,992.5,383.7,439.33,0.0,13.64
2024-05-20 08:30:00+05:30,37.53,22.51,2.22,32.7,992.8,574.25,636.7,0.0,12.52
2024-05-20 09:30:00+05:30,39.79,18.07,1.6,9.3,992.8,744.2,790.15,0.0,11.03
2024-05-20 10:30:00+05:30,41.53,15.29,1.63,346.5,992.2,822.58,892.47,0.0,9.94
2024-05-20 11:30:00+05:30,42.86,13.56,1.88,338.8,991.3,843.62,886.72,0.0,9.23
2024-05-20 12:30:00+05:30,43.81,12.46,2.13,337.9,990.1999999999999,753.25,855.17,0.0,8.74
2024-05-20 13:30:00+05:30,44.29,11.85,2.27,339.7,989.3000000000001,574.75,756.95,0.0,8.39
2024-05-20 14:30:00+05:30,44.3,11.59,2.1,348.2,988.3,471.52,602.6,0.0,8.07
2024-05-20 15:30:00+05:30,43.9,11.6,1.96,0.3,987.8,347.52,411.05,0.0,7.79
2024-05-20 16:30:00+05:30,43.04,11.97,2.0,18.6,987.6999999999999,178.48,212.93,0.0,7.58
2024-05-20 17:30:00+05:30,40.79,14.46,1.82,52.4,988.1,54.05,60.1,0.0,8.57
2024-05-20 18:30:00+05:30,37.52,17.61,3.03,77.4,988.8,0.0,0.0,0.0,8.9
2024-05-20 19:30:00+05:30,36.79,19.43,4.19,87.7,989.5999999999999,0.0,0.0,0.0,9.75
2024-05-20 20:30:00+05:30,36.17,22.01,5.3,92.9,990.3,0.0,0.0,0.0,11.08
2024-05-20 21:30:00+05:30,35.1,25.25,5.59,96.6,990.9000000000001,0.0,0.0,0.0,12.28
2024-05-20 22:30:00+05:30,33.96,28.69,5.54,98.6,991.2,0.0,0.0,0.0,13.27
2024-05-20 23:30:00+05:30,32.91,32.32,5.54,100.0,991.5,0.0,0.0,0.0,14.21
2024-05-21 00:30:00+05:30,31.89,36.63,5.41,102.3,991.5,0.0,0.0,2.61,15.23
2024-05-21 01:30:00+05:30,30.9,41.49,5.16,105.2,991.5999999999999,0.0,0.0,2.61,16.3
2024-05-21 02:30:00+05:30,30.01,46.4,5.09,107.0,991.7,0.0,0.0,2.61,17.25
2024-05-21 03:30:00+05:30,29.25,51.03,5.03,106.5,991.8000000000001,0.0,0.0,0.0,18.07
2024-05-21 04:30:00+05:30,28.62,55.43,4.95,103.9,992.2,0.0,0.0,0.0,18.8
2024-05-21 05:30:00+05:30,28.7,57.56,5.53,101.7,992.9000000000001,59.88,58.92,0.0,19.5
2024-05-21 06:30:00+05:30,30.6,52.42,5.91,102.8,993.6,200.45,220.45,0.0,19.76
2024-05-21 07:30:00+05:30,33.46,41.81,5.67,107.8,994.0,402.52,424.88,0.0,18.72
2024-05-21 08:30:00+05:30,36.71,29.88,4.46,116.0,994.0999999999999,581.88,621.72,0.0,16.24
2024-05-21 09:30:00+05:30,39.07,23.7,3.1,115.7,993.7,742.65,775.12,0.0,14.64
2024-05-21 10:30:00+05:30,40.8,20.53,2.04,99.0,992.9000000000001,847.05,878.5,0.0,13.84
2024-05-21 11:30:00+05:30,42.15,18.57,1.75,57.6,991.8000000000001,828.85,939.15,0.0,13.39
2024-05-21 12:30:00+05:30,43.12,17.39,2.27,30.2,990.6999999999999,851.45,905.2,0.0,13.19
2024-05-21 13:30:00+05:30,43.51,17.06,2.73,21.0,989.7,779.9,804.3,0.0,13.2
2024-05-21 14:30:00+05:30,43.26,17.32,2.94,24.1,988.9,624.47,645.97,0.0,13.25
2024-05-21 15:30:00+05:30,42.68,17.74,2.95,32.7,988.4000000000001,432.67,447.58,0.0,13.13
2024-05-21 16:30:00+05:30,41.71,18.55,2.96,43.1,988.4000000000001,229.88,237.0,0.0,13.04
2024-05-21 17:30:00+05:30,40.21,20.11,2.74,56.3,988.9,65.72,67.0,0.0,13.07
2024-05-21 18:30:00+05:30,37.37,23.89,2.5,70.1,989.7,0.0,0.0,0.0,13.36
2024-05-21 19:30:00+05:30,36.5,25.07,3.26,80.1,990.6999999999999,0.0,0.0,0.0,13.36
2024-05-21 20:30:00+05:30,35.78,26.43,3.77,87.1,991.4,0.0,0.0,0.0,13.58
2024-05-21 21:30:00+05:30,34.86,28.46,3.86,93.4,991.9,0.0,0.0,0.0,13.95
2024-05-21 22:30:00+05:30,33.94,30.82,3.88,99.6,992.0,0.0,0.0,0.0,14.37
2024-05-21 23:30:00+05:30,33.07,33.38,3.84,103.4,991.9,0.0,0.0,0.0,14.84
2024-05-22 00:30:00+05:30,32.19,36.21,3.64,104.3,991.7,0.0,0.0,0.0,15.34
2024-05-22 01:30:00+05:30,31.33,39.32,3.38,103.3,991.5999999999999,0.0,0.0,0.0,15.88
2024-05-22 02:30:00+05:30,30.63,42.32,3.33,103.2,991.8000000000001,0.0,0.0,0.0,16.41
2024-05-22 03:30:00+05:30,30.04,45.27,3.42,103.9,992.2,0.0,0.0,0.0,16.92
2024-05-22 04:30:00+05:30,29.48,48.3,3.35,102.9,992.6,0.0,0.0,0.0,17.45
2024-05-22 05:30:00+05:30,29.92,48.68,4.39,100.5,993.1999999999999,60.6,60.47,0.0,17.95
2024-05-22 06:30:00+05:30,32.11,44.41,4.93,100.3,993.7,198.75,217.4,0.0,18.48
2024-05-22 07:30:00+05:30,35.3,35.64,4.75,101.9,994.0999999999999,378.9,417.08,0.0,17.81
2024-05-22 08:30:00+05:30,37.64,29.22,3.9,99.9,994.0999999999999,578.97,608.12,0.0,16.72
2024-05-22 09:30:00+05:30,39.19,25.89,3.28,89.8,993.7,740.45,761.38,0.0,16.12
2024-05-22 10:30:00+05:30,40.39,23.76,2.97,75.4,992.9000000000001,844.17,858.45,0.0,15.79
2024-05-22 11:30:00+05:30,41.3,22.36,3.06,58.6,991.8000000000001,895.12,904.3,0.0,15.59
2024-05-22 12:30:00+05:30,41.86,21.51,3.54,44.9,990.6999999999999,860.05,864.58,0.0,15.46
2024-05-22 13:30:00+05:30,41.91,21.58,4.18,39.6,989.4,758.15,758.4,0.0,15.54
2024-05-22 14:30:00+05:30,41.62,22.19,4.53,40.0,988.6,597.42,597.92,0.0,15.73
2024-05-22 15:30:00+05:30,41.09,23.05,4.59,41.8,988.1,402.0,402.67,0.0,15.9
2024-05-22 16:30:00+05:30,40.17,24.47,4.63,44.7,987.9000000000001,207.95,208.5,0.0,16.06
2024-05-22 17:30:00+05:30,38.87,26.62,4.75,49.7,988.3,62.67,62.83,0.0,16.31
2024-05-22 18:30:00+05:30,37.23,29.95,4.31,58.1,989.0,0.0,0.0,0.0,16.75
2024-05-22 19:30:00+05:30,36.22,33.27,5.67,66.2,989.9,0.0,0.0,0.0,17.52
2024-05-22 20:30:00+05:30,35.05,38.27,6.86,70.7,991.0,0.0,0.0,0.0,18.73
2024-05-22 21:30:00+05:30,33.7,44.75,7.01,72.1,991.8000000000001,0.0,0.0,0.0,20.04
2024-05-22 22:30:00+05:30,32.53,50.45,6.46,72.2,991.9,0.0,0.0,0.0,20.91
2024-05-22 23:30:00+05:30,31.79,53.58,5.06,71.3,991.7,0.0,0.0,0.0,21.22
2024-05-23 00:30:00+05:30,31.24,55.74,3.68,68.5,991.3,0.0,0.0,0.0,21.37
2024-05-23 01:30:00+05:30,30.75,57.55,2.75,63.2,991.0,0.0,0.0,0.0,21.44
2024-05-23 02:30:00+05:30,30.28,59.36,2.98,65.4,990.9000000000001,0.0,0.0,0.0,21.5
2024-05-23 03:30:00+05:30,29.86,61.09,3.63,70.7,991.2,0.0,0.0,0.0,21.58
2024-05-23 04:30:00+05:30,29.45,62.99,3.95,73.4,991.5999999999999,0.0,0.0,0.0,21.69
2024-05-23 05:30:00+05:30,29.77,62.29,5.0,75.8,992.2,49.42,51.28,0.0,21.81
2024-05-23 06:30:00+05:30,31.43,55.6,5.73,82.0,992.8,173.95,185.88,0.0,21.49
2024-05-23 07:30:00+05:30,33.48,47.35,4.93,85.1,993.3,327.1,360.38,0.0,20.77
2024-05-23 08:30:00+05:30,35.28,40.65,3.82,84.6,993.3,533.72,541.28,0.63,19.92
2024-05-23 09:30:00+05:30,36.84,35.41,2.98,76.2,992.9000000000001,660.4,691.83,0.81,19.08
2024-05-23 10:30:00+05:30,38.16,31.46,2.63,63.0,992.0999999999999,762.78,789.6,0.52,18.33
2024-05-23 11:30:00+05:30,39.21,28.66,2.58,51.6,991.2,888.35,938.3,0.36,17.74
2024-05-23 12:30:00+05:30,39.89,27.01,2.64,45.8,990.0,765.88,896.15,0.07,17.39
2024-05-23 13:30:00+05:30,40.19,26.13,2.77,43.1,988.9,787.62,789.97,0.02,17.1
2024-05-23 14:30:00+05:30,40.21,25.76,3.07,43.4,988.0,629.92,630.28,0.0,16.9
2024-05-23 15:30:00+05:30,39.75,26.19,3.39,46.1,987.4,430.6,431.55,0.0,16.78
2024-05-23 16:30:00+05:30,38.83,27.49,3.7,50.6,987.3000000000001,225.12,226.15,0.0,16.76
2024-05-23 17:30:00+05:30,37.55,29.61,3.99,56.2,987.6999999999999,67.72,68.15,0.0,16.84
2024-05-23 18:30:00+05:30,36.2,32.11,3.6,59.8,988.4000000000001,0.0,0.0,0.0,16.96
2024-05-23 19:30:00+05:30,35.46,33.85,3.98,61.2,989.2,0.0,0.0,0.0,17.15
2024-05-23 20:30:00+05:30,34.87,35.44,4.37,63.2,989.8000000000001,0.0,0.0,0.0,17.36
2024-05-23 21:30:00+05:30,34.27,37.37,4.72,65.4,990.1,0.0,0.0,0.0,17.68
2024-05-23 22:30:00+05:30,33.61,40.1,4.91,66.4,990.1,0.0,0.0,0.0,18.21
2024-05-23 23:30:00+05:30,32.82,43.79,4.9,65.2,989.9,0.0,0.0,0.0,18.92
2024-05-24 00:30:00+05:30,32.16,47.03,4.65,62.9,989.5,0.0,0.0,0.0,19.46
2024-05-24 01:30:00+05:30,31.6,49.47,4.24,59.5,989.2,0.0,0.0,0.0,19.76
2024-05-24 02:30:00+05:30,31.07,51.59,4.07,56.1,989.0,0.0,0.0,0.0,19.95
2024-05-24 03:30:00+05:30,30.54,53.58,4.08,54.7,989.2,0.0,0.0,0.0,20.09
2024-05-24 04:30:00+05:30,30.06,55.39,3.97,56.8,989.7,0.0,0.0,0.0,20.18
2024-05-24 05:30:00+05:30,30.43,54.38,4.54,64.6,990.4000000000001,55.45,57.72,0.0,20.21
2024-05-24 06:30:00+05:30,32.62,46.62,5.34,86.0,991.0,198.68,208.3,0.0,19.73
2024-05-24 07:30:00+05:30,35.18,37.7,5.09,97.6,991.3,361.98,403.95,0.0,18.62
2024-05-24 08:30:00+05:30,37.21,31.6,4.73,98.9,991.1,521.0,586.72,0.0,17.58
2024-05-24 09:30:00+05:30,38.9,27.84,4.64,96.9,990.6,688.6,740.85,0.0,17.03
2024-05-24 10:30:00+05:30,40.29,25.34,4.77,96.6,989.8000000000001,802.8,840.28,0.0,16.73
2024-05-24 11:30:00+05:30,41.33,23.68,4.75,96.4,988.9,802.78,815.08,0.0,16.52
2024-05-24 12:30:00+05:30,41.95,22.77,4.44,93.9,987.9000000000001,728.5,783.6,0.0,16.4
2024-05-24 13:30:00+05:30,42.17,22.39,4.05,88.2,987.0,674.0,674.92,0.0,16.33
2024-05-24 14:30:00+05:30,41.92,22.54,3.86,84.6,986.4,519.4,523.88,0.0,16.23
2024-05-24 15:30:00+05:30,41.41,22.98,3.83,85.1,985.9000000000001,349.17,351.42,0.0,16.11
2024-05-24 16:30:00+05:30,40.35,24.27,3.86,87.8,985.8,200.95,201.6,0.0,16.08
2024-05-24 17:30:00+05:30,39.21,25.91,3.8,91.4,986.2,56.28,56.25,0.0,16.16
2024-05-24 18:30:00+05:30,37.71,28.4,2.48,91.4,986.9,0.0,0.0,0.0,16.33
2024-05-24 19:30:00+05:30,36.76,30.41,2.5,89.5,987.6,0.0,0.0,0.0,16.59
2024-05-24 20:30:00+05:30,36.0,32.27,2.75,90.0,988.3,0.0,0.0,0.0,16.87
2024-05-24 21:30:00+05:30,35.14,34.38,2.88,92.2,988.7,0.0,0.0,0.0,17.11
2024-05-24 22:30:00+05:30,34.42,36.09,2.88,94.8,988.6,0.0,0.0,0.0,17.26
2024-05-24 23:30:00+05:30,33.75,37.57,2.76,96.7,988.3,0.0,0.0,0.0,17.3
2024-05-25 00:30:00+05:30,33.07,39.01,2.57,97.4,987.8,0.0,0.0,0.0,17.29
2024-05-25 01:30:00+05:30,32.42,40.38,2.37,98.5,987.5,0.0,0.0,0.0,17.26
2024-05-25 02:30:00+05:30,31.84,41.66,2.23,101.7,987.4,0.0,0.0,0.0,17.24
2024-05-25 03:30:00+05:30,31.37,42.76,2.13,108.1,987.6,0.0,0.0,0.0,17.23
2024-05-25 04:30:00+05:30,30.94,43.87,2.01,116.9,988.1,0.0,0.0,0.0,17.25
2024-05-25 05:30:00+05:30,32.08,41.25,2.09,124.3,988.8,43.3,55.17,0.0,17.3
2024-05-25 06:30:00+05:30,34.62,36.06,2.25,139.9,989.4,163.27,201.68,0.0,17.41
2024-05-25 07:30:00+05:30,37.12,31.25,1.88,126.6,989.8000000000001,351.85,397.73,0.0,17.33
2024-05-25 08:30:00+05:30,38.99,28.02,1.98,102.8,989.9,547.62,584.28,0.0,17.2
2024-05-25 09:30:00+05:30,40.51,25.72,2.07,95.0,989.5999999999999,724.1,724.6,0.0,17.13
2024-05-25 10:30:00+05:30,41.76,23.85,1.94,93.8,988.9,830.1,832.22,0.0,16.99
2024-05-25 11:30:00+05:30,42.64,22.38,1.57,94.8,987.9000000000001,813.95,816.58,0.0,16.71
2024-05-25 12:30:00+05:30,43.23,21.29,1.05,93.3,986.8000000000001,746.65,800.47,0.0,16.41
2024-05-25 13:30:00+05:30,43.44,20.73,0.52,78.9,985.6999999999999,693.08,694.55,0.0,16.17
2024-05-25 14:30:00+05:30,43.36,20.45,0.41,12.7,984.9,534.97,537.45,0.0,15.88
2024-05-25 15:30:00+05:30,42.95,20.48,0.76,348.7,984.5999999999999,365.08,366.05,0.0,15.58
2024-05-25 16:30:00+05:30,42.11,21.12,1.14,347.8,984.5999999999999,211.73,213.43,0.0,15.36
2024-05-25 17:30:00+05:30,40.98,22.22,1.4,352.6,985.0,63.12,63.95,0.0,15.22
2024-05-25 18:30:00+05:30,39.17,24.71,1.18,357.1,985.6999999999999,0.0,0.0,0.0,15.39
2024-05-25 19:30:00+05:30,38.26,25.88,1.44,0.0,986.4,0.0,0.0,0.0,15.34
2024-05-25 20:30:00+05:30,37.64,26.73,1.49,0.8,987.0999999999999,0.0,0.0,0.0,15.32
2024-05-25 21:30:00+05:30,37.16,27.45,1.41,0.0,987.5,0.0,0.0,0.0,15.33
2024-05-25 22:30:00+05:30,36.7,28.2,1.3,359.1,987.5,0.0,0.0,0.0,15.36
2024-05-25 23:30:00+05:30,36.21,29.06,1.19,358.1,987.2,0.0,0.0,0.0,15.4
2024-05-26 00:30:00+05:30,35.67,30.01,1.13,357.0,986.9,0.0,0.0,0.0,15.45
2024-05-26 01:30:00+05:30,35.08,31.1,1.12,355.4,986.5999999999999,0.0,0.0,0.0,15.49
2024-05-26 02:30:00+05:30,34.53,32.14,1.07,2.7,986.4,0.0,0.0,0.0,15.53
2024-05-26 03:30:00+05:30,34.04,33.12,1.02,17.0,986.5,0.0,0.0,0.0,15.58
2024-05-26 04:30:00+05:30,33.51,34.19,1.03,33.1,986.8000000000001,0.0,0.0,0.0,15.6
2024-05-26 05:30:00+05:30,33.89,33.49,1.04,50.8,987.4,55.38,61.75,0.0,15.62
2024-05-26 06:30:00+05:30,36.2,29.36,1.45,67.3,988.1,165.93,220.1,0.0,15.56
2024-05-26 07:30:00+05:30,39.5,24.11,2.74,73.9,988.5,347.62,424.85,0.0,15.27
2024-05-26 08:30:00+05:30,41.03,22.13,3.19,75.3,988.7,513.2,621.95,0.0,15.2
2024-05-26 09:30:00+05:30,42.35,20.73,3.3,73.6,988.3,752.38,781.33,0.0,15.28
2024-05-26 10:30:00+05:30,43.43,19.63,3.25,71.5,987.6,876.1,884.72,0.0,15.32
2024-05-26 11:30:00+05:30,44.32,18.74,3.08,67.3,986.5999999999999,694.97,795.08,0.0,15.31
2024-05-26 12:30:00+05:30,44.82,18.34,2.85,59.8,985.4000000000001,691.45,768.85,0.0,15.38
2024-05-26 13:30:00+05:30,44.97,18.31,2.68,49.2,984.3000000000001,544.08,677.12,0.0,15.46
2024-05-26 14:30:00+05:30,44.62,18.73,2.62,42.8,983.5,434.0,531.55,0.0,15.54
2024-05-26 15:30:00+05:30,44.02,19.31,2.62,39.6,983.1,309.83,354.9,0.0,15.53
2024-05-26 16:30:00+05:30,43.05,20.29,2.68,42.0,983.1,170.85,184.02,0.0,15.51
2024-05-26 17:30:00+05:30,41.8,21.67,2.62,49.6,983.4000000000001,51.58,53.9,0.0,15.52
2024-05-26 18:30:00+05:30,39.56,24.62,1.91,63.8,984.2,0.0,0.0,0.0,15.66
2024-05-26 19:30:00+05:30,38.56,26.21,2.28,78.3,985.3,0.0,0.0,0.0,15.78
2024-05-26 20:30:00+05:30,37.81,27.6,2.5,90.2,985.9000000000001,0.0,0.0,0.0,15.95
2024-05-26 21:30:00+05:30,37.0,29.14,2.56,100.6,986.1,0.0,0.0,0.0,16.13
2024-05-26 22:30:00+05:30,36.16,30.82,2.5,109.4,985.8,0.0,0.0,0.0,16.29
2024-05-26 23:30:00+05:30,35.31,32.63,2.39,116.6,985.3,0.0,0.0,0.0,16.44
2024-05-27 00:30:00+05:30,34.5,34.53,2.4,123.1,984.7,0.0,0.0,0.0,16.63
2024-05-27 01:30:00+05:30,33.77,36.6,2.56,129.3,984.0999999999999,0.0,0.0,0.0,16.91
2024-05-27 02:30:00+05:30,33.11,38.89,2.75,138.0,983.9,0.0,0.0,0.0,17.28
2024-05-27 03:30:00+05:30,32.54,41.18,2.82,148.3,984.0999999999999,0.0,0.0,0.0,17.67
2024-05-27 04:30:00+05:30,32.07,43.21,2.82,158.3,984.5,0.0,0.0,0.0,18.02
2024-05-27 05:30:00+05:30,32.9,42.04,3.95,166.7,985.0,55.45,60.9,0.0,18.32
2024-05-27 06:30:00+05:30,35.32,36.87,4.24,171.0,985.5,191.43,214.95,0.0,18.38
2024-05-27 07:30:00+05:30,38.82,28.64,3.57,160.2,985.9000000000001,387.75,415.67,0.0,17.39
2024-05-27 08:30:00+05:30,41.07,24.56,3.01,134.5,986.1,595.85,596.62,0.0,16.87
2024-05-27 09:30:00+05:30,42.64,22.36,2.68,114.0,986.0,762.42,764.47,0.0,16.69
2024-05-27 10:30:00+05:30,43.85,20.75,2.13,100.6,985.4000000000001,867.03,870.58,0.01,16.51
2024-05-27 11:30:00+05:30,44.69,19.57,1.34,80.5,984.5,912.53,917.85,0.01,16.28
2024-05-27 12:30:00+05:30,45.3,18.43,1.01,22.8,983.3,888.8,890.8,0.01,15.83
2024-05-27 13:30:00+05:30,45.64,17.42,1.65,345.6,982.2,793.05,797.95,0.0,15.22
2024-05-27 14:30:00+05:30,45.51,16.68,1.95,341.2,981.3,645.65,646.6,0.0,14.43
2024-05-27 15:30:00+05:30,45.1,16.06,1.86,342.4,980.9000000000001,455.2,456.75,0.0,13.53
2024-05-27 16:30:00+05:30,44.3,15.87,1.7,345.0,980.6999999999999,248.05,250.85,0.0,12.72
2024-05-27 17:30:00+05:30,42.96,16.79,1.15,359.0,981.1,78.05,78.22,0.0,12.51
2024-05-27 18:30:00+05:30,40.86,19.0,1.16,63.4,981.7,0.0,0.0,0.0,12.71
2024-05-27 19:30:00+05:30,38.97,21.11,2.04,97.1,982.5,0.0,0.0,0.0,12.76
2024-05-27 20:30:00+05:30,37.65,23.47,2.57,111.7,983.0,0.0,0.0,0.0,13.3
2024-05-27 21:30:00+05:30,36.69,25.74,2.77,122.3,983.1999999999999,0.0,0.0,0.0,13.9
2024-05-27 22:30:00+05:30,35.79,28.02,2.83,131.6,983.0,0.0,0.0,0.0,14.46
2024-05-27 23:30:00+05:30,34.94,30.21,2.79,140.4,982.5,0.0,0.0,0.0,14.91
2024-05-28 00:30:00+05:30,34.16,32.17,2.66,148.5,982.0,0.0,0.0,0.0,15.2
2024-05-28 01:30:00+05:30,33.42,33.9,2.55,155.1,981.5,0.0,0.0,0.0,15.37
2024-05-28 02:30:00+05:30,32.73,35.45,2.48,158.5,981.2,0.0,0.0,0.0,15.46
2024-05-28 03:30:00+05:30,32.06,37.04,2.5,160.6,981.3,0.0,0.0,0.0,15.53
2024-05-28 04:30:00+05:30,31.44,38.48,2.55,164.3,981.7,0.0,0.0,0.0,15.55
2024-05-28 05:30:00+05:30,32.73,35.43,2.71,167.0,982.4,72.2,75.15,0.0,15.38
2024-05-28 06:30:00+05:30,35.47,29.36,3.46,166.8,983.1999999999999,230.75,256.6,0.0,14.83
2024-05-28 07:30:00+05:30,39.75,19.92,1.87,155.6,983.8,432.23,472.67,0.0,12.43
2024-05-28 08:30:00+05:30,43.26,13.54,0.38,309.6,984.2,640.9,673.92,0.0,9.51
2024-05-28 09:30:00+05:30,45.11,11.2,1.28,323.6,984.0999999999999,812.4,834.1,0.0,8.18
2024-05-28 10:30:00+05:30,46.22,9.96,1.34,315.6,983.6,923.88,937.2,0.0,7.35
2024-05-28 11:30:00+05:30,47.05,8.96,1.54,303.1,982.8,973.25,981.0,0.0,6.48
2024-05-28 12:30:00+05:30,47.55,8.32,1.86,293.1,981.9,945.17,948.9,0.0,5.84
2024-05-28 13:30:00+05:30,47.73,8.07,2.26,283.9,981.0,831.38,849.88,0.0,5.56
2024-05-28 14:30:00+05:30,47.56,8.07,2.57,284.2,980.3,637.9,692.83,0.0,5.44
2024-05-28 15:30:00+05:30,47.06,8.25,2.73,287.0,979.8000000000001,472.73,493.02,0.0,5.37
2024-05-28 16:30:00+05:30,46.17,8.64,2.55,288.1,979.5999999999999,253.05,274.83,0.0,5.34
2024-05-28 17:30:00+05:30,44.43,10.51,1.31,294.4,979.9,81.78,87.28,0.0,6.75
2024-05-28 18:30:00+05:30,42.64,11.82,0.55,47.9,980.5,0.0,0.0,0.0,7.09
2024-05-28 19:30:00+05:30,40.68,12.67,1.62,93.2,981.2,0.0,0.0,0.0,6.58
2024-05-28 20:30:00+05:30,39.15,13.55,2.1,109.5,981.9,0.0,0.0,0.0,6.35
2024-05-28 21:30:00+05:30,38.18,14.19,2.15,126.5,982.4,0.0,0.0,0.0,6.27
2024-05-28 22:30:00+05:30,37.38,14.85,2.08,144.2,982.4,0.0,0.0,0.0,6.3
2024-05-28 23:30:00+05:30,36.71,15.5,1.91,166.0,982.2,0.0,0.0,0.0,6.38
2024-05-29 00:30:00+05:30,35.98,16.26,1.79,192.9,982.0,0.0,0.0,0.0,6.48
2024-05-29 01:30:00+05:30,35.0,17.27,1.86,221.9,981.9,0.0,0.0,0.0,6.58
2024-05-29 02:30:00+05:30,33.98,18.27,1.96,233.3,981.8000000000001,0.0,0.0,0.0,6.58
2024-05-29 03:30:00+05:30,33.05,19.06,1.99,233.6,982.0,0.0,0.0,0.0,6.44
2024-05-29 04:30:00+05:30,32.03,19.81,2.07,235.8,982.5,0.0,0.0,0.0,6.17
2024-05-29 05:30:00+05:30,32.84,18.78,1.97,238.7,983.3,77.32,79.65,0.0,6.06
2024-05-29 06:30:00+05:30,35.83,15.71,2.94,241.2,984.3000000000001,250.6,266.58,0.0,5.88
2024-05-29 07:30:00+05:30,39.52,13.07,2.68,246.5,985.0,448.38,482.3,0.0,6.14
2024-05-29 08:30:00+05:30,43.97,10.22,2.57,261.5,985.5,670.58,679.8,0.0,6.05
2024-05-29 09:30:00+05:30,46.24,8.85,2.7,270.6,985.4000000000001,826.42,834.88,0.0,5.73
2024-05-29 10:30:00+05:30,47.54,8.18,3.09,273.3,985.1,922.95,932.25,0.0,5.6
2024-05-29 11:30:00+05:30,48.48,7.91,3.5,274.1,984.4,963.95,965.1,0.0,5.8
2024-05-29 12:30:00+05:30,48.98,8.12,3.88,273.7,983.6,908.35,926.47,0.0,6.51
2024-05-29 13:30:00+05:30,49.05,8.78,4.3,273.2,982.9000000000001,767.0,822.85,0.0,7.63
2024-05-29 14:30:00+05:30,48.64,9.81,4.37,273.2,982.3000000000001,585.7,661.83,0.0,8.93
2024-05-29 15:30:00+05:30,47.83,10.93,4.33,273.8,982.0999999999999,429.75,460.92,0.0,9.9
2024-05-29 16:30:00+05:30,46.7,12.01,4.18,273.3,982.2,219.4,248.25,0.0,10.43
2024-05-29 17:30:00+05:30,44.86,13.61,2.85,270.2,982.5,67.88,77.78,0.0,10.88
2024-05-29 18:30:00+05:30,41.72,16.55,2.2,261.1,983.1999999999999,0.0,0.0,0.0,11.32
2024-05-29 19:30:00+05:30,40.9,17.25,2.09,248.4,984.0,0.0,0.0,0.0,11.3
2024-05-29 20:30:00+05:30,39.85,18.15,2.3,239.2,984.8000000000001,0.0,0.0,0.0,11.21
2024-05-29 21:30:00+05:30,38.73,19.12,2.72,237.0,985.4000000000001,0.0,0.0,0.0,11.11
2024-05-29 22:30:00+05:30,37.95,19.87,3.07,237.2,985.3,0.0,0.0,0.0,11.04
2024-05-29 23:30:00+05:30,37.37,20.5,3.5,240.9,985.1,0.0,0.0,0.0,11.05
2024-05-30 00:30:00+05:30,36.99,21.32,4.48,248.6,984.8000000000001,0.0,0.0,0.0,11.31
2024-05-30 01:30:00+05:30,36.81,22.64,6.04,257.2,984.5999999999999,0.0,0.0,0.0,12.06
2024-05-30 02:30:00+05:30,36.49,24.6,6.36,263.3,984.5999999999999,0.0,0.0,0.0,13.07
2024-05-30 03:30:00+05:30,35.91,26.44,5.39,267.1,984.9,0.0,0.0,0.0,13.69
2024-05-30 04:30:00+05:30,35.11,27.84,4.29,270.7,985.6,0.0,0.0,0.0,13.81
2024-05-30 05:30:00+05:30,35.93,26.29,4.48,275.0,986.4,57.8,67.72,0.0,13.62
2024-05-30 06:30:00+05:30,38.24,22.55,4.77,279.5,987.2,187.5,229.27,0.0,13.2
2024-05-30 07:30:00+05:30,41.94,17.49,5.63,290.0,987.9000000000001,374.08,434.52,0.0,12.33
2024-05-30 08:30:00+05:30,44.28,15.37,5.61,296.1,988.3,584.42,630.6,0.0,12.22
2024-05-30 09:30:00+05:30,45.96,14.11,5.05,301.0,988.1999999999999,761.7,789.2,0.0,12.24
2024-05-30 10:30:00+05:30,47.21,13.18,4.5,305.0,987.6,847.9,891.05,0.0,12.2
2024-05-30 11:30:00+05:30,48.17,12.44,4.03,306.9,986.7,913.53,940.8,0.0,12.07
2024-05-30 12:30:00+05:30,48.67,11.99,3.66,306.6,985.8,888.2,902.17,0.0,11.91
2024-05-30 13:30:00+05:30,48.77,11.76,3.4,304.8,984.9,779.42,782.0,0.0,11.68
2024-05-30 14:30:00+05:30,48.49,11.67,3.2,301.1,984.3000000000001,583.75,585.95,0.0,11.36
2024-05-30 15:30:00+05:30,47.83,11.8,3.22,294.8,984.0,381.67,383.88,0.0,11.03
2024-05-30 16:30:00+05:30,46.79,12.25,3.29,289.5,984.2,195.23,199.23,0.0,10.79
2024-05-30 17:30:00+05:30,45.08,13.34,2.61,286.2,984.7,64.38,65.22,0.0,10.74
2024-05-30 18:30:00+05:30,41.8,16.11,2.16,285.3,985.4000000000001,0.0,0.0,0.0,10.98
2024-05-30 19:30:00+05:30,40.66,16.94,2.19,282.4,986.3,0.0,0.0,0.0,10.84
2024-05-30 20:30:00+05:30,39.77,17.64,2.21,277.3,987.0,0.0,0.0,0.0,10.72
2024-05-30 21:30:00+05:30,38.87,18.41,2.28,272.8,987.4,0.0,0.0,0.0,10.64
2024-05-30 22:30:00+05:30,37.92,19.3,2.41,271.9,987.3000000000001,0.0,0.0,0.0,10.59
2024-05-30 23:30:00+05:30,37.0,20.26,2.58,275.3,987.0,0.0,0.0,0.0,10.56
2024-05-31 00:30:00+05:30,36.19,21.17,2.83,281.8,986.8000000000001,0.0,0.0,0.01,10.56
2024-05-31 01:30:00+05:30,35.67,22.14,3.3,286.2,986.7,0.0,0.0,0.01,10.77
2024-05-31 02:30:00+05:30,35.64,23.82,4.23,285.6,987.0999999999999,0.0,0.0,0.01,11.74
2024-05-31 03:30:00+05:30,35.4,28.3,4.82,283.3,987.8,0.0,0.0,0.0,14.15
2024-05-31 04:30:00+05:30,34.98,34.23,4.77,279.9,988.5,0.0,0.0,0.0,16.83
2024-05-31 05:30:00+05:30,35.29,37.01,5.03,280.9,989.2,40.17,66.75,0.0,18.38
2024-05-31 06:30:00+05:30,37.04,34.39,4.98,284.2,989.8000000000001,129.12,233.7,0.0,18.78
2024-05-31 07:30:00+05:30,40.54,26.05,5.18,289.7,990.1,217.43,442.3,0.0,17.34
2024-05-31 08:30:00+05:30,43.61,19.38,5.1,289.8,990.1999999999999,424.45,640.72,0.0,15.24
2024-05-31 09:30:00+05:30,45.47,15.95,4.94,286.6,990.0,615.38,800.1,0.0,13.74
2024-05-31 10:30:00+05:30,46.71,14.17,4.9,283.2,989.2,818.1,901.88,0.0,12.89
2024-05-31 11:30:00+05:30,47.56,13.0,4.98,279.2,988.1999999999999,780.95,958.33,0.0,12.25
2024-05-31 12:30:00+05:30,47.93,12.29,5.14,275.7,987.2,863.65,928.78,0.0,11.71
2024-05-31 13:30:00+05:30,47.99,11.85,5.27,272.7,986.5,815.9,833.5,0.0,11.21
2024-05-31 14:30:00+05:30,47.64,11.74,5.09,272.0,985.9000000000001,653.4,680.83,0.0,10.81
2024-05-31 15:30:00+05:30,47.06,11.87,4.61,272.2,985.6,442.75,486.12,0.0,10.51
2024-05-31 16:30:00+05:30,46.0,12.26,4.03,272.7,985.5,244.1,272.6,0.0,10.18
2024-05-31 17:30:00+05:30,44.22,13.32,2.65,273.7,986.0,82.18,89.45,0.0,10.04
2024-05-31 18:30:00+05:30,41.46,15.57,1.64,279.5,986.7,0.0,0.0,0.0,10.21
2024-05-31 19:30:00+05:30,41.27,15.54,0.94,295.2,987.5,0.0,0.0,0.0,10.02
2024-05-31 20:30:00+05:30,40.79,15.83,0.56,338.0,988.1999999999999,0.0,0.0,0.0,9.9
2024-05-31 21:30:00+05:30,40.13,16.27,0.54,17.1,988.4000000000001,0.0,0.0,0.0,9.78
2024-05-31 22:30:00+05:30,39.39,16.79,0.57,50.7,988.1999999999999,0.0,0.0,0.0,9.67
2024-05-31 23:30:00+05:30,38.48,17.54,0.65,88.2,987.8,0.0,0.0,0.0,9.58
2024-06-01 00:30:00+05:30,37.41,18.57,0.98,119.2,987.4,0.0,0.0,0.0,9.57
2024-06-01 01:30:00+05:30,35.92,20.33,1.51,137.7,987.0999999999999,0.0,0.0,0.0,9.71
2024-06-01 02:30:00+05:30,34.19,22.81,2.13,145.3,987.2,0.0,0.0,0.0,10.0
2024-06-01 03:30:00+05:30,33.05,24.94,2.51,148.3,987.6,0.0,0.0,0.0,10.38
2024-06-01 04:30:00+05:30,32.45,26.49,2.54,151.3,988.1999999999999,0.98,1.25,0.0,10.79
2024-06-01 05:30:00+05:30,33.98,24.9,2.2,149.3,989.0999999999999,48.75,59.08,0.0,11.15
2024-06-01 06:30:00+05:30,37.32,20.91,2.58,136.1,989.9,152.82,207.77,0.0,11.28
2024-06-01 07:30:00+05:30,40.87,17.13,2.19,113.4,990.5,284.98,399.52,0.0,11.16
2024-06-01 08:30:00+05:30,42.74,15.49,2.1,86.2,990.8,412.38,590.72,0.0,11.13
2024-06-01 09:30:00+05:30,44.17,14.28,2.45,69.2,990.8,442.4,770.4,0.0,11.03
2024-06-01 10:30:00+05:30,45.35,13.25,2.73,61.1,990.3,432.77,879.2,0.0,10.84
2024-06-01 11:30:00+05:30,46.19,12.49,2.85,55.3,989.8000000000001,526.53,910.8,0.0,10.61
2024-06-01 12:30:00+05:30,46.72,11.95,2.87,48.3,989.0999999999999,609.83,879.42,0.0,10.36
2024-06-01 13:30:00+05:30,46.81,11.71,2.74,38.6,988.4000000000001,484.08,782.0,0.0,10.13
2024-06-01 14:30:00+05:30,46.5,11.75,2.3,28.8,987.8,439.92,625.4,0.0,9.96
2024-06-01 15:30:00+05:30,45.88,11.95,1.77,13.1,987.5,400.2,432.73,0.0,9.72
2024-06-01 16:30:00+05:30,44.95,12.3,1.55,354.1,987.5,209.68,231.75,0.0,9.45
2024-06-01 17:30:00+05:30,43.62,13.15,1.39,350.1,987.9000000000001,68.25,74.43,0.0,9.39
2024-06-01 18:30:00+05:30,41.3,15.12,1.37,13.9,988.5,0.0,0.0,0.0,9.64
2024-06-01 19:30:00+05:30,40.02,15.91,1.73,42.2,989.0,0.0,0.0,0.0,9.39
2024-06-01 20:30:00+05:30,38.89,16.8,1.99,62.1,989.5,0.0,0.0,0.0,9.29
2024-06-01 21:30:00+05:30,37.65,18.02,2.14,79.0,989.9,0.0,0.0,0.0,9.34
2024-06-01 22:30:00+05:30,36.58,19.28,2.28,96.8,989.8000000000001,0.0,0.0,0.0,9.46
2024-06-01 23:30:00+05:30,35.56,20.62,2.45,113.1,989.5999999999999,0.0,0.0,0.0,9.64
2024-06-02 00:30:00+05:30,34.62,22.26,2.6,126.1,989.3000000000001,0.0,0.0,0.47,9.99
2024-06-02 01:30:00+05:30,33.76,24.48,2.67,137.1,989.0,0.0,0.0,0.47,10.71
2024-06-02 02:30:00+05:30,33.0,26.45,2.7,144.5,989.0,0.0,0.0,0.47,11.23
2024-06-02 03:30:00+05:30,32.39,28.04,2.57,148.5,989.4,0.0,0.0,0.0,11.6
2024-06-02 04:30:00+05:30,31.84,29.21,2.27,153.0,990.0,0.0,0.0,0.0,11.74
2024-06-02 05:30:00+05:30,33.0,27.63,1.73,157.2,990.8,56.35,60.97,0.0,11.9
2024-06-02 06:30:00+05:30,35.07,24.47,1.37,150.3,991.4,174.82,211.12,0.0,11.79
2024-06-02 07:30:00+05:30,38.98,19.31,1.47,110.3,991.9,369.1,410.25,0.0,11.43
2024-06-02 08:30:00+05:30,41.39,16.15,1.66,79.9,992.0999999999999,557.33,605.15,0.0,10.69
2024-06-02 09:30:00+05:30,43.04,14.25,1.94,73.2,991.9,715.88,764.28,0.0,10.12
2024-06-02 10:30:00+05:30,44.31,12.95,1.8,73.2,991.4,811.1,867.92,0.0,9.69
2024-06-02 11:30:00+05:30,45.14,12.31,1.23,71.0,990.6999999999999,863.5,928.85,0.0,9.58
2024-06-02 12:30:00+05:30,45.56,12.12,0.38,51.3,990.1,881.05,897.92,0.0,9.69
2024-06-02 13:30:00+05:30,45.73,12.24,0.69,278.4,989.5,743.47,799.67,0.0,9.96
2024-06-02 14:30:00+05:30,45.45,12.65,1.57,277.3,988.9,608.22,645.62,0.0,10.22
2024-06-02 15:30:00+05:30,44.73,13.15,2.29,281.6,988.4000000000001,349.98,453.5,0.0,10.26
2024-06-02 16:30:00+05:30,43.61,13.88,2.75,284.1,988.3,206.32,251.85,0.0,10.19
2024-06-02 17:30:00+05:30,42.14,14.87,2.79,288.2,988.8,69.95,82.38,0.0,10.06
2024-06-02 18:30:00+05:30,39.43,17.18,1.85,297.0,989.5,0.0,0.0,0.0,10.06
2024-06-02 19:30:00+05:30,38.2,18.13,1.86,307.1,990.4000000000001,0.0,0.0,0.0,9.86
2024-06-02 20:30:00+05:30,37.46,18.62,1.73,313.8,991.0,0.0,0.0,0.0,9.66
2024-06-02 21:30:00+05:30,37.04,18.8,1.48,316.4,991.5,0.0,0.0,0.0,9.46
2024-06-02 22:30:00+05:30,36.7,18.92,1.15,313.2,991.3,0.0,0.0,0.0,9.29
2024-06-02 23:30:00+05:30,36.19,19.27,0.93,297.4,990.9000000000001,0.0,0.0,0.0,9.15
2024-06-03 00:30:00+05:30,35.3,20.28,1.02,269.4,990.6,0.0,0.0,14.14,9.18
2024-06-03 01:30:00+05:30,33.94,22.61,1.51,248.7,990.3,0.0,0.0,14.14,9.66
2024-06-03 02:30:00+05:30,32.43,25.8,2.13,236.7,990.1999999999999,0.0,0.0,14.14,10.37
2024-06-03 03:30:00+05:30,31.37,28.29,2.61,230.8,990.5,0.0,0.0,0.0,10.86
2024-06-03 04:30:00+05:30,30.61,30.88,2.89,229.9,990.9000000000001,0.0,0.0,0.0,11.48
2024-06-03 05:30:00+05:30,31.56,32.71,4.12,231.2,991.5999999999999,70.07,73.72,0.0,13.14
2024-06-03 06:30:00+05:30,33.95,31.88,4.68,231.5,992.2,229.65,247.93,0.0,14.83
2024-06-03 07:30:00+05:30,37.27,25.72,4.67,234.7,992.6,440.17,458.1,0.0,14.33
2024-06-03 08:30:00+05:30,39.55,21.68,4.39,238.5,992.6999999999999,648.78,651.33,0.0,13.62
2024-06-03 09:30:00+05:30,41.43,19.43,4.17,244.7,992.4,811.3,811.8,0.0,13.49
2024-06-03 10:30:00+05:30,43.06,17.57,4.07,253.9,991.5999999999999,910.9,915.33,0.0,13.26
2024-06-03 11:30:00+05:30,44.31,15.67,4.18,264.9,990.4000000000001,956.25,963.28,0.0,12.51
2024-06-03 12:30:00+05:30,45.1,13.68,4.59,277.4,989.2,921.65,931.15,0.0,11.11
2024-06-03 13:30:00+05:30,45.4,12.58,4.76,285.6,988.1999999999999,827.33,832.12,0.0,10.1
2024-06-03 14:30:00+05:30,45.25,12.08,4.8,290.9,987.4,667.05,676.3,0.0,9.41
2024-06-03 15:30:00+05:30,44.57,12.14,4.76,294.3,987.0,474.73,478.67,0.0,8.95
2024-06-03 16:30:00+05:30,43.55,12.52,4.57,297.0,987.0999999999999,243.8,265.2,0.0,8.62
2024-06-03 17:30:00+05:30,41.81,13.97,3.16,298.9,987.6,80.97,87.43,0.0,8.86
2024-06-03 18:30:00+05:30,38.71,18.52,2.04,301.0,988.3,0.0,0.0,0.0,10.57
2024-06-03 19:30:00+05:30,38.6,18.34,1.4,299.5,989.0999999999999,0.0,0.0,0.0,10.35
2024-06-03 20:30:00+05:30,38.61,18.0,0.73,280.2,989.8000000000001,0.0,0.0,0.0,10.09
2024-06-03 21:30:00+05:30,37.97,18.36,0.68,210.0,990.1999999999999,0.0,0.0,0.0,9.82
2024-06-03 22:30:00+05:30,36.59,19.47,1.36,188.4,990.0,0.0,0.0,0.0,9.6
2024-06-03 23:30:00+05:30,34.92,21.45,2.01,189.5,989.7,0.0,0.0,0.0,9.69
2024-06-04 00:30:00+05:30,33.54,23.24,2.5,195.3,989.2,0.0,0.0,0.0,9.76
2024-06-04 01:30:00+05:30,32.68,24.7,2.84,202.6,989.0,0.0,0.0,0.0,9.93
2024-06-04 02:30:00+05:30,32.07,26.39,3.03,209.3,988.9,0.0,0.0,0.0,10.41
2024-06-04 03:30:00+05:30,31.5,29.03,3.13,216.7,989.0999999999999,0.0,0.0,0.0,11.34
2024-06-04 04:30:00+05:30,30.94,33.04,3.32,221.7,989.5,0.0,0.0,0.0,12.81
2024-06-04 05:30:00+05:30,31.93,35.1,4.65,224.6,990.1,64.88,71.2,0.0,14.58
2024-06-04 06:30:00+05:30,33.93,33.76,4.87,227.7,990.6999999999999,207.12,243.15,0.0,15.69
2024-06-04 07:30:00+05:30,38.35,21.32,4.8,243.9,991.2,394.35,452.02,0.0,12.35
2024-06-04 08:30:00+05:30,41.14,16.44,4.58,255.2,991.5999999999999,538.9,646.85,0.0,10.75
2024-06-04 09:30:00+05:30,42.9,14.86,4.29,257.1,991.5,800.85,802.97,0.0,10.64
2024-06-04 10:30:00+05:30,44.31,13.85,4.1,258.5,991.0,901.08,904.22,0.0,10.69
2024-06-04 11:30:00+05:30,45.32,13.23,4.01,262.3,990.0,932.45,936.5,0.0,10.8
2024-06-04 12:30:00+05:30,45.91,13.0,4.05,267.0,989.0999999999999,897.72,904.33,0.0,10.98
2024-06-04 13:30:00+05:30,46.06,13.12,4.18,271.1,988.1999999999999,805.22,805.65,0.0,11.24
2024-06-04 14:30:00+05:30,45.73,13.53,3.97,276.4,987.6999999999999,633.3,649.28,0.0,11.44
2024-06-04 15:30:00+05:30,45.13,13.99,3.64,284.2,987.3000000000001,416.12,454.65,0.0,11.47
2024-06-04 16:30:00+05:30,44.17,14.64,3.27,293.3,987.5,222.88,247.73,0.0,11.41
2024-06-04 17:30:00+05:30,42.62,16.15,2.27,305.5,988.0,75.35,81.53,0.0,11.67
2024-06-04 18:30:00+05:30,39.98,19.91,1.61,336.6,988.7,0.0,0.0,0.0,12.71
2024-06-04 19:30:00+05:30,38.95,20.38,1.68,15.2,989.5999999999999,0.0,0.0,0.0,12.21
2024-06-04 20:30:00+05:30,37.91,21.0,1.87,37.2,990.3,0.0,0.0,0.0,11.82
2024-06-04 21:30:00+05:30,37.05,21.63,1.88,57.6,990.6,0.0,0.0,0.0,11.57
2024-06-04 22:30:00+05:30,36.01,22.7,2.02,84.6,990.3,0.0,0.0,0.0,11.46
2024-06-04 23:30:00+05:30,34.86,24.23,2.26,105.6,989.8000000000001,0.0,0.0,0.0,11.47
2024-06-05 00:30:00+05:30,34.07,25.63,2.32,118.6,989.4,0.0,0.0,0.01,11.66
2024-06-05 01:30:00+05:30,33.74,26.76,2.1,126.9,989.0,0.0,0.0,0.01,12.04
2024-06-05 02:30:00+05:30,33.72,27.48,1.57,128.5,989.0999999999999,0.0,0.0,0.01,12.42
2024-06-05 03:30:00+05:30,33.92,27.81,0.58,100.9,989.5999999999999,0.0,0.0,0.0,12.78
2024-06-05 04:30:00+05:30,32.99,29.54,0.87,356.1,990.4000000000001,0.0,0.0,0.0,12.91
2024-06-05 05:30:00+05:30,32.96,29.84,1.31,354.3,991.3,61.4,65.22,0.0,13.04
2024-06-05 06:30:00+05:30,35.16,25.87,1.7,349.8,992.2,206.82,223.82,0.0,12.71
2024-06-05 07:30:00+05:30,38.57,20.1,1.87,314.6,992.6999999999999,392.8,425.15,0.0,11.71
2024-06-05 08:30:00+05:30,40.97,16.61,2.88,301.2,992.9000000000001,578.53,619.42,0.0,10.78
2024-06-05 09:30:00+05:30,42.62,14.68,3.29,305.3,992.6999999999999,721.9,777.17,0.0,10.26
2024-06-05 10:30:00+05:30,43.95,13.43,3.53,310.1,992.2,826.97,881.28,0.0,9.96
2024-06-05 11:30:00+05:30,44.93,12.63,3.81,314.7,991.4,929.8,930.92,0.0,9.81
2024-06-05 12:30:00+05:30,45.47,12.19,3.77,317.0,990.5,855.9,900.53,0.0,9.71
2024-06-05 13:30:00+05:30,45.61,12.05,3.33,313.7,989.5,792.6,804.2,0.0,9.64
2024-06-05 14:30:00+05:30,45.27,12.2,2.93,302.9,988.7,645.05,651.55,0.0,9.56
2024-06-05 15:30:00+05:30,44.71,12.46,2.99,290.0,988.1,460.17,461.65,0.0,9.45
2024-06-05 16:30:00+05:30,43.82,13.07,3.02,282.2,987.8,246.12,254.48,0.0,9.44
2024-06-05 17:30:00+05:30,42.19,15.16,1.95,273.5,988.0,74.03,79.6,0.0,10.36
2024-06-05 18:30:00+05:30,40.33,17.82,1.16,243.9,988.5,2.62,2.83,0.0,11.31
2024-06-05 19:30:00+05:30,39.5,18.36,1.18,184.4,989.3000000000001,0.0,0.0,0.0,11.1
2024-06-05 20:30:00+05:30,38.15,19.56,1.68,165.6,989.9,0.0,0.0,0.0,10.95
2024-06-05 21:30:00+05:30,37.05,20.58,1.94,164.5,990.6,0.0,0.0,0.0,10.83
2024-06-05 22:30:00+05:30,36.57,21.21,1.98,167.7,990.8,0.0,0.0,0.0,10.89
2024-06-05 23:30:00+05:30,36.02,21.99,1.92,172.8,990.8,0.0,0.0,0.0,10.98
2024-06-06 00:30:00+05:30,35.66,23.1,1.8,183.2,990.9000000000001,0.0,0.0,7.97,11.42
2024-06-06 01:30:00+05:30,34.96,25.47,1.83,196.2,990.9000000000001,0.0,0.0,7.97,12.3
2024-06-06 02:30:00+05:30,34.19,28.02,1.9,207.9,990.9000000000001,0.0,0.0,7.97,13.09
2024-06-06 03:30:00+05:30,33.34,30.84,1.78,225.9,991.3,0.0,0.0,0.0,13.84
2024-06-06 04:30:00+05:30,32.8,32.73,1.83,277.9,992.0999999999999,0.0,0.0,0.0,14.3
2024-06-06 05:30:00+05:30,33.32,32.38,4.49,326.9,993.4000000000001,40.58,65.43,0.0,14.6
2024-06-06 06:30:00+05:30,33.97,31.3,7.09,349.4,994.5999999999999,114.78,222.5,0.0,14.62
2024-06-06 07:30:00+05:30,35.12,28.6,7.72,7.2,995.3,203.95,419.38,0.0,14.22
2024-06-06 08:30:00+05:30,36.82,25.78,5.74,20.5,995.4000000000001,279.38,607.12,0.0,14.07
2024-06-06 09:30:00+05:30,39.15,22.6,2.69,16.2,994.8000000000001,371.08,766.53,0.0,13.99
2024-06-06 10:30:00+05:30,41.9,19.2,2.23,314.5,994.0999999999999,474.38,872.3,0.0,13.72
2024-06-06 11:30:00+05:30,43.74,17.25,3.55,300.2,993.3,684.1,940.1,0.0,13.57
2024-06-06 12:30:00+05:30,44.62,16.57,4.25,301.0,992.4,774.42,908.75,0.0,13.65
2024-06-06 13:30:00+05:30,44.88,16.55,4.55,301.4,991.4,701.47,811.85,0.0,13.83
2024-06-06 14:30:00+05:30,44.56,17.03,4.49,301.5,990.6,598.2,658.83,0.0,14.0
2024-06-06 15:30:00+05:30,43.84,17.73,4.38,302.6,990.0,421.83,465.7,0.0,14.06
2024-06-06 16:30:00+05:30,42.79,18.63,4.14,302.6,989.8000000000001,235.23,258.45,0.0,13.98
2024-06-06 17:30:00+05:30,41.33,20.08,3.31,301.3,990.0,73.93,81.18,0.0,13.94
2024-06-06 18:30:00+05:30,38.56,25.04,1.84,300.3,990.6,2.78,2.97,0.0,15.08
2024-06-06 19:30:00+05:30,37.9,25.92,1.43,295.3,991.3,0.0,0.0,0.0,15.05
2024-06-06 20:30:00+05:30,37.54,26.06,1.09,283.8,991.9,0.0,0.0,0.0,14.84
2024-06-06 21:30:00+05:30,36.94,26.76,0.95,271.8,992.3000000000001,0.0,0.0,0.0,14.73
2024-06-06 22:30:00+05:30,36.27,27.6,0.88,261.5,992.2,0.0,0.0,0.0,14.64
2024-06-06 23:30:00+05:30,35.64,28.51,0.82,260.9,991.9,0.0,0.0,0.0,14.6
2024-06-07 00:30:00+05:30,35.07,29.38,0.73,267.6,991.5,0.0,0.0,0.0,14.6
2024-06-07 01:30:00+05:30,34.51,30.24,0.62,266.3,991.2,0.0,0.0,0.0,14.57
2024-06-07 02:30:00+05:30,33.93,31.11,0.49,235.0,991.1,0.0,0.0,0.0,14.5
2024-06-07 03:30:00+05:30,33.29,32.11,0.78,194.0,991.0,0.0,0.0,0.0,14.45
2024-06-07 04:30:00+05:30,32.29,34.05,1.31,186.6,991.3,0.0,0.0,0.0,14.48
2024-06-07 05:30:00+05:30,32.88,33.23,1.86,190.5,991.8000000000001,63.47,70.6,0.0,14.62
2024-06-07 06:30:00+05:30,35.45,28.55,2.71,197.4,992.4,217.45,237.62,0.0,14.48
2024-06-07 07:30:00+05:30,39.02,22.7,2.58,221.5,992.6,403.58,439.23,0.0,13.95
2024-06-07 08:30:00+05:30,41.08,19.94,2.71,240.9,992.6,594.15,632.62,0.0,13.64
2024-06-07 09:30:00+05:30,42.67,18.11,3.03,256.7,992.2,768.12,788.47,0.0,13.45
2024-06-07 10:30:00+05:30,43.93,16.91,3.47,270.5,991.4,888.5,888.7,0.0,13.41
2024-06-07 11:30:00+05:30,44.83,16.19,4.01,281.5,990.3,937.3,937.83,0.0,13.45
2024-06-07 12:30:00+05:30,45.35,15.85,4.57,290.1,989.3000000000001,904.15,905.03,0.0,13.53
2024-06-07 13:30:00+05:30,45.48,15.76,5.0,296.6,988.4000000000001,794.92,806.72,0.0,13.56
2024-06-07 14:30:00+05:30,45.14,15.89,5.35,301.2,987.6,643.8,650.22,0.0,13.42
2024-06-07 15:30:00+05:30,44.52,16.0,5.56,303.5,987.0999999999999,456.55,457.45,0.0,13.03
2024-06-07 16:30:00+05:30,43.53,16.41,5.44,304.5,987.0,237.77,248.5,0.0,12.64
2024-06-07 17:30:00+05:30,42.09,17.38,4.45,305.9,987.2,73.32,78.45,0.0,12.35
2024-06-07 18:30:00+05:30,39.02,21.09,2.56,311.8,987.8,2.83,3.05,0.0,12.82
2024-06-07 19:30:00+05:30,37.71,22.65,2.45,320.1,988.5,0.0,0.0,0.0,12.84
2024-06-07 20:30:00+05:30,36.88,23.51,2.29,323.0,989.0,0.0,0.0,0.0,12.7
2024-06-07 21:30:00+05:30,36.28,23.99,2.09,317.1,989.4,0.0,0.0,0.0,12.52
2024-06-07 22:30:00+05:30,35.74,24.42,1.94,303.2,989.4,0.0,0.0,0.0,12.33
2024-06-07 23:30:00+05:30,35.02,25.12,2.0,286.3,989.2,0.0,0.0,0.0,12.17
2024-06-08 00:30:00+05:30,34.14,26.17,2.24,274.1,988.9,0.0,0.0,0.0,12.04
2024-06-08 01:30:00+05:30,33.31,27.28,2.52,269.3,988.6,0.0,0.0,0.0,11.97
2024-06-08 02:30:00+05:30,32.73,28.18,2.59,268.5,988.5,0.0,0.0,0.0,11.97
2024-06-08 03:30:00+05:30,32.22,29.07,2.53,268.6,988.6,0.0,0.0,0.0,12.01
2024-06-08 04:30:00+05:30,31.75,29.99,2.49,267.9,988.9,0.0,0.0,0.0,12.07
2024-06-08 05:30:00+05:30,33.16,27.97,2.62,265.0,989.5999999999999,60.9,59.8,0.0,12.23
2024-06-08 06:30:00+05:30,35.63,24.4,3.41,261.7,990.1999999999999,191.43,206.32,0.0,12.23
2024-06-08 07:30:00+05:30,39.74,18.9,3.77,291.1,990.5,368.42,399.17,0.0,11.75
2024-06-08 08:30:00+05:30,42.1,16.51,3.84,298.8,990.6999999999999,547.33,587.65,0.0,11.6
2024-06-08 09:30:00+05:30,43.65,15.19,3.84,298.1,990.6,683.75,736.92,0.0,11.57
2024-06-08 10:30:00+05:30,44.69,14.5,4.07,297.3,990.0,830.9,839.55,0.0,11.67
2024-06-08 11:30:00+05:30,45.28,14.33,4.43,296.7,989.0999999999999,941.42,946.1,0.0,11.96
2024-06-08 12:30:00+05:30,45.76,14.38,4.77,295.9,988.1,884.38,918.75,0.0,12.38
2024-06-08 13:30:00+05:30,45.61,14.86,4.93,295.0,987.0,822.4,822.83,0.0,12.77
2024-06-08 14:30:00+05:30,45.39,15.25,4.87,294.1,986.3,668.7,671.53,0.0,13.0
2024-06-08 15:30:00+05:30,44.98,15.58,4.69,293.8,985.6999999999999,471.42,476.75,0.0,12.99
2024-06-08 16:30:00+05:30,43.99,16.26,4.42,293.6,985.6,259.65,265.9,0.0,12.87
2024-06-08 17:30:00+05:30,42.53,17.44,3.55,292.9,986.0,81.88,84.28,0.0,12.76
2024-06-08 18:30:00+05:30,39.55,21.24,2.19,291.7,986.8000000000001,3.1,3.17,0.0,13.35
2024-06-08 19:30:00+05:30,38.51,22.37,2.1,289.7,987.8,0.0,0.0,0.0,13.31
2024-06-08 20:30:00+05:30,37.77,23.04,2.07,288.3,988.6,0.0,0.0,0.0,13.14
2024-06-08 21:30:00+05:30,36.97,23.7,2.14,287.7,989.0,0.0,0.0,0.0,12.9
2024-06-08 22:30:00+05:30,36.12,24.43,2.23,286.4,988.9,0.0,0.0,0.0,12.66
2024-06-08 23:30:00+05:30,35.31,25.15,2.29,283.6,988.6,0.0,0.0,0.0,12.42
2024-06-09 00:30:00+05:30,34.55,25.99,2.33,277.2,988.1999999999999,0.0,0.0,0.0,12.27
2024-06-09 01:30:00+05:30,33.81,27.08,2.35,267.1,988.0,0.0,0.0,0.0,12.28
2024-06-09 02:30:00+05:30,33.22,28.38,2.36,254.5,987.9000000000001,0.0,0.0,0.0,12.49
2024-06-09 03:30:00+05:30,32.69,30.16,2.44,244.5,987.9000000000001,0.0,0.0,0.0,12.95
2024-06-09 04:30:00+05:30,32.1,32.66,2.58,240.0,988.1999999999999,0.0,0.0,0.0,13.65
2024-06-09 05:30:00+05:30,33.42,31.93,3.54,239.5,988.7,59.67,63.6,0.0,14.42
2024-06-09 06:30:00+05:30,35.89,27.54,4.07,247.5,989.3000000000001,203.23,220.65,0.0,14.25
2024-06-09 07:30:00+05:30,39.95,19.0,4.04,283.5,989.8000000000001,384.98,421.23,0.0,11.98
2024-06-09 08:30:00+05:30,42.61,15.64,4.58,309.2,990.1,558.25,614.25,0.0,11.18
2024-06-09 09:30:00+05:30,43.99,15.02,4.35,315.3,989.8000000000001,712.58,769.72,0.0,11.66
2024-06-09 10:30:00+05:30,44.97,14.66,3.95,316.7,989.2,864.97,867.72,0.0,12.06
2024-06-09 11:30:00+05:30,45.65,14.37,3.64,316.9,988.4000000000001,924.12,927.0,0.0,12.3
2024-06-09 12:30:00+05:30,46.04,14.21,3.39,316.0,987.4,884.92,890.67,0.0,12.43
2024-06-09 13:30:00+05:30,46.1,14.25,3.19,314.9,986.5999999999999,777.33,780.67,0.0,12.51
2024-06-09 14:30:00+05:30,45.8,14.49,3.17,313.5,985.8,603.97,604.38,0.0,12.52
2024-06-09 15:30:00+05:30,45.18,14.9,3.19,311.9,985.4000000000001,420.25,420.95,0.0,12.47
2024-06-09 16:30:00+05:30,44.27,15.57,3.04,309.0,985.4000000000001,213.68,214.8,0.0,12.42
2024-06-09 17:30:00+05:30,42.94,16.82,2.37,304.5,985.9000000000001,67.93,68.72,0.0,12.52
2024-06-09 18:30:00+05:30,40.47,20.35,1.65,300.1,986.7,2.95,3.0,0.0,13.46
2024-06-09 19:30:00+05:30,39.8,20.87,1.51,293.0,987.6999999999999,0.0,0.0,0.0,13.29
2024-06-09 20:30:00+05:30,39.19,21.36,1.47,282.6,988.4000000000001,0.0,0.0,0.0,13.16
2024-06-09 21:30:00+05:30,38.34,22.18,1.61,270.7,988.8,0.0,0.0,0.0,13.03
2024-06-09 22:30:00+05:30,37.31,23.3,1.86,260.7,988.7,0.0,0.0,0.0,12.93
2024-06-09 23:30:00+05:30,36.29,24.58,2.17,254.5,988.4000000000001,0.0,0.0,0.0,12.88
2024-06-10 00:30:00+05:30,35.46,25.77,2.44,251.9,988.1999999999999,0.0,0.0,0.0,12.92
2024-06-10 01:30:00+05:30,34.73,27.17,2.62,250.4,988.0,0.0,0.0,0.0,13.11
2024-06-10 02:30:00+05:30,34.02,29.09,2.6,249.1,988.0,0.0,0.0,0.0,13.54
2024-06-10 03:30:00+05:30,33.32,31.48,2.46,246.8,988.1,0.0,0.0,0.0,14.16
2024-06-10 04:30:00+05:30,32.65,34.16,2.33,244.9,988.5,0.0,0.0,0.0,14.84
2024-06-10 05:30:00+05:30,33.81,33.34,2.87,243.5,989.0999999999999,54.08,64.05,0.0,15.46
2024-06-10 06:30:00+05:30,36.33,29.38,2.9,252.1,989.7,174.9,225.62,0.0,15.66
2024-06-10 07:30:00+05:30,39.94,22.09,2.18,290.4,990.0,314.12,431.48,0.0,14.22
2024-06-10 08:30:00+05:30,42.28,17.86,2.14,312.3,990.1999999999999,530.22,625.1,0.0,12.87
2024-06-10 09:30:00+05:30,43.86,15.49,2.46,313.4,990.1,735.6,785.97,0.0,11.96
2024-06-10 10:30:00+05:30,45.12,13.59,2.93,314.7,989.5999999999999,890.45,892.1,0.0,11.01
2024-06-10 11:30:00+05:30,46.03,12.08,3.41,316.9,988.8,951.92,953.4,0.0,9.96
2024-06-10 12:30:00+05:30,46.55,10.96,3.84,317.8,987.9000000000001,916.62,917.55,0.0,8.95
2024-06-10 13:30:00+05:30,46.69,10.26,4.18,317.5,987.0999999999999,810.25,816.72,0.0,8.12
2024-06-10 14:30:00+05:30,46.43,9.89,4.55,317.9,986.5,644.78,659.6,0.0,7.4
2024-06-10 15:30:00+05:30,45.81,9.78,4.87,316.6,986.2,456.48,462.23,0.0,6.8
2024-06-10 16:30:00+05:30,44.79,10.04,5.04,314.6,986.4,248.05,253.43,0.0,6.41
2024-06-10 17:30:00+05:30,43.08,10.96,4.12,313.7,987.0,79.65,81.32,0.0,6.35
2024-06-10 18:30:00+05:30,39.38,14.04,2.88,314.6,987.6999999999999,3.2,3.33,0.0,7.05
2024-06-10 19:30:00+05:30,37.98,15.27,2.95,315.1,988.5,0.0,0.0,0.0,7.17
2024-06-10 20:30:00+05:30,37.04,16.21,2.86,314.0,989.2,0.0,0.0,0.0,7.3
2024-06-10 21:30:00+05:30,36.21,17.07,2.72,308.7,989.5,0.0,0.0,0.0,7.39
2024-06-10 22:30:00+05:30,35.44,17.86,2.66,297.8,989.4,0.0,0.0,0.0,7.42
2024-06-10 23:30:00+05:30,34.77,18.55,2.76,285.3,989.0999999999999,0.0,0.0,0.0,7.45
2024-06-11 00:30:00+05:30,34.16,19.51,2.97,277.0,988.8,0.0,0.0,0.0,7.67
2024-06-11 01:30:00+05:30,33.63,21.24,3.19,273.2,988.7,0.0,0.0,0.0,8.42
2024-06-11 02:30:00+05:30,33.11,24.29,3.33,271.4,988.7,0.0,0.0,0.0,9.95
2024-06-11 03:30:00+05:30,32.53,28.73,3.34,270.9,988.8,0.0,0.0,0.0,12.0
2024-06-11 04:30:00+05:30,31.9,33.1,3.19,270.9,989.0,0.0,0.0,0.0,13.66
2024-06-11 05:30:00+05:30,33.27,32.78,3.97,268.6,989.5999999999999,53.03,54.72,0.0,14.73
2024-06-11 06:30:00+05:30,35.72,29.51,3.94,262.9,990.1999999999999,174.48,203.18,0.0,15.22
2024-06-11 07:30:00+05:30,39.91,20.94,4.94,280.4,990.6,360.08,400.65,0.0,13.41
2024-06-11 08:30:00+05:30,42.24,16.56,4.64,283.6,990.6,553.78,588.33,0.0,11.74
2024-06-11 09:30:00+05:30,43.88,14.61,4.49,284.2,990.4000000000001,742.95,743.33,0.0,11.14
2024-06-11 10:30:00+05:30,45.15,13.46,4.43,285.3,989.7,842.08,849.4,0.0,10.92
2024-06-11 11:30:00+05:30,46.02,12.85,4.39,286.1,988.7,913.92,934.28,0.0,10.9
2024-06-11 12:30:00+05:30,46.51,12.55,4.38,287.1,987.6,898.5,902.38,0.0,10.93
2024-06-11 13:30:00+05:30,46.66,12.48,4.39,287.9,986.5999999999999,790.47,805.05,0.0,10.96
2024-06-11 14:30:00+05:30,46.36,12.65,4.34,290.4,986.0,592.0,651.75,0.0,10.93
2024-06-11 15:30:00+05:30,45.68,13.0,4.22,293.5,985.6999999999999,405.9,458.73,0.0,10.81
2024-06-11 16:30:00+05:30,44.65,13.61,4.05,295.0,985.8,212.18,253.07,0.0,10.7
2024-06-11 17:30:00+05:30,43.2,14.64,3.31,295.9,986.4,68.57,81.03,0.0,10.66
2024-06-11 18:30:00+05:30,40.11,17.77,2.25,297.2,987.0999999999999,2.92,3.38,0.0,11.11
2024-06-11 19:30:00+05:30,38.98,18.78,2.29,299.0,987.8,0.0,0.0,0.0,11.03
2024-06-11 20:30:00+05:30,38.17,19.47,2.36,298.3,988.5,0.0,0.0,0.0,10.91
2024-06-11 21:30:00+05:30,37.38,20.13,2.5,296.9,988.9,0.0,0.0,0.0,10.78
2024-06-11 22:30:00+05:30,36.59,20.86,2.63,297.9,988.7,0.0,0.0,0.0,10.66
2024-06-11 23:30:00+05:30,35.81,21.6,2.69,300.4,988.3,0.0,0.0,0.0,10.55
2024-06-12 00:30:00+05:30,35.12,22.32,2.68,301.3,987.9000000000001,0.0,0.0,0.0,10.46
2024-06-12 01:30:00+05:30,34.59,22.86,2.64,300.6,987.8,0.0,0.0,0.0,10.38
2024-06-12 02:30:00+05:30,33.96,23.59,2.63,295.0,987.9000000000001,0.0,0.0,0.0,10.32
2024-06-12 03:30:00+05:30,33.33,24.36,2.66,285.7,988.3,0.0,0.0,0.0,10.29
2024-06-12 04:30:00+05:30,32.6,25.42,2.74,276.7,988.8,0.0,0.0,0.0,10.29
2024-06-12 05:30:00+05:30,34.11,23.46,3.29,269.1,989.4,50.25,62.65,0.0,10.37
2024-06-12 06:30:00+05:30,36.61,20.53,4.04,265.0,989.9,159.45,217.52,0.0,10.44
2024-06-12 07:30:00+05:30,40.86,16.19,5.11,278.6,990.1999999999999,314.08,415.88,0.0,10.32
2024-06-12 08:30:00+05:30,42.94,14.7,5.27,282.5,990.3,450.2,604.97,0.0,10.51
2024-06-12 09:30:00+05:30,44.35,13.83,4.8,287.3,990.0,668.4,762.75,0.0,10.7
2024-06-12 10:30:00+05:30,45.45,13.11,4.23,291.5,989.5,857.85,866.62,0.0,10.76
2024-06-12 11:30:00+05:30,46.21,12.6,3.78,295.0,988.7,923.92,931.55,0.0,10.75
2024-06-12 12:30:00+05:30,46.64,12.28,3.51,297.3,987.6999999999999,900.33,901.7,0.0,10.72
2024-06-12 13:30:00+05:30,46.72,12.21,3.38,297.7,986.9,798.47,806.67,0.0,10.69
2024-06-12 14:30:00+05:30,46.42,12.39,3.64,294.3,986.3,635.67,656.33,0.0,10.67
2024-06-12 15:30:00+05:30,45.81,12.76,4.07,290.6,985.8,445.77,466.2,0.0,10.64
2024-06-12 16:30:00+05:30,44.84,13.42,4.23,288.0,985.8,244.8,261.35,0.0,10.65
2024-06-12 17:30:00+05:30,43.43,14.57,3.62,285.7,986.0,81.38,84.78,0.0,10.76
2024-06-12 18:30:00+05:30,40.34,17.76,2.24,281.6,986.7,3.6,3.58,0.0,11.29
2024-06-12 19:30:00+05:30,39.35,18.89,2.1,274.1,987.4,0.0,0.0,0.0,11.41
2024-06-12 20:30:00+05:30,38.87,19.44,1.93,261.4,987.9000000000001,0.0,0.0,0.0,11.46
2024-06-12 21:30:00+05:30,38.15,20.26,2.01,247.1,988.1999999999999,0.0,0.0,0.0,11.49
2024-06-12 22:30:00+05:30,37.2,21.37,2.31,241.0,988.0,0.0,0.0,0.0,11.53
2024-06-12 23:30:00+05:30,36.38,22.47,2.6,242.7,987.5,0.0,0.0,0.0,11.61
2024-06-13 00:30:00+05:30,35.7,23.53,2.81,247.8,987.0999999999999,0.0,0.0,0.0,11.73
2024-06-13 01:30:00+05:30,35.07,24.61,3.02,254.4,986.8000000000001,0.0,0.0,0.0,11.88
2024-06-13 02:30:00+05:30,34.52,25.59,3.5,262.6,986.7,0.0,0.0,0.0,12.02
2024-06-13 03:30:00+05:30,34.1,26.38,4.39,272.0,986.8000000000001,0.0,0.0,0.0,12.12
2024-06-13 04:30:00+05:30,33.79,27.0,5.5,276.1,987.3000000000001,0.0,0.0,0.0,12.2
2024-06-13 05:30:00+05:30,34.64,26.14,6.67,277.3,988.0,63.67,65.43,0.0,12.42
2024-06-13 06:30:00+05:30,37.02,24.4,7.86,279.9,988.6,207.32,221.23,0.0,13.36
2024-06-13 07:30:00+05:30,40.03,22.64,10.25,291.8,989.0,407.17,419.85,0.0,14.72
2024-06-13 08:30:00+05:30,42.27,19.91,9.75,296.0,989.0,599.83,610.97,0.0,14.57
2024-06-13 09:30:00+05:30,44.11,17.24,8.44,298.4,988.8,756.55,766.08,0.0,13.83
2024-06-13 10:30:00+05:30,45.58,15.04,7.36,300.0,988.1,858.22,866.6,0.0,12.9
2024-06-13 11:30:00+05:30,46.65,13.46,6.57,300.7,987.2,918.85,940.03,0.0,12.06
2024-06-13 12:30:00+05:30,47.3,12.43,6.01,299.5,986.1,757.67,905.05,0.0,11.37
2024-06-13 13:30:00+05:30,47.5,11.86,5.64,296.5,985.1,751.25,805.78,0.0,10.83
2024-06-13 14:30:00+05:30,47.22,11.74,5.72,293.3,984.5,580.58,650.38,0.0,10.47
2024-06-13 15:30:00+05:30,46.48,12.07,5.93,290.1,984.2,391.7,456.25,0.0,10.31
2024-06-13 16:30:00+05:30,45.35,12.83,5.9,286.1,984.2,211.07,250.82,0.0,10.37
2024-06-13 17:30:00+05:30,43.76,14.2,5.03,281.7,984.7,70.65,80.97,0.0,10.63
2024-06-13 18:30:00+05:30,40.54,17.4,3.0,275.7,985.4000000000001,3.17,3.58,0.0,11.13
2024-06-13 19:30:00+05:30,39.24,19.18,2.94,268.6,986.3,0.0,0.0,0.0,11.56
2024-06-13 20:30:00+05:30,38.47,20.58,2.97,261.3,987.0,0.0,0.0,0.0,11.99
2024-06-13 21:30:00+05:30,37.91,21.91,3.12,255.3,987.4,0.0,0.0,0.0,12.48
2024-06-13 22:30:00+05:30,37.52,23.23,3.51,252.2,987.4,0.0,0.0,0.0,13.05
2024-06-13 23:30:00+05:30,37.3,24.38,4.35,251.9,987.0999999999999,0.0,0.0,0.0,13.6
2024-06-14 00:30:00+05:30,37.14,25.33,5.75,253.4,986.8000000000001,0.0,0.0,0.0,14.08
2024-06-14 01:30:00+05:30,36.73,26.48,6.63,256.0,986.7,0.0,0.0,0.0,14.41
2024-06-14 02:30:00+05:30,36.29,27.41,6.64,259.1,986.5,0.0,0.0,0.0,14.56
2024-06-14 03:30:00+05:30,35.63,28.53,5.45,260.5,986.5,0.0,0.0,0.0,14.63
2024-06-14 04:30:00+05:30,34.99,29.65,4.77,258.4,986.8000000000001,0.0,0.0,0.0,14.67
2024-06-14 05:30:00+05:30,35.69,28.64,5.77,253.0,987.2,52.42,56.67,0.0,14.74
2024-06-14 06:30:00+05:30,38.14,24.98,7.64,262.4,987.6,183.48,207.02,0.0,14.69
2024-06-14 07:30:00+05:30,41.02,21.74,9.6,280.0,987.8,357.42,404.88,0.0,14.93
2024-06-14 08:30:00+05:30,43.0,19.76,8.94,286.8,988.0,568.28,593.47,0.0,15.05
2024-06-14 09:30:00+05:30,44.58,18.0,7.94,289.9,987.6,739.65,752.9,0.0,14.88
2024-06-14 10:30:00+05:30,45.83,16.58,7.09,291.5,987.0,850.03,858.45,0.0,14.61
2024-06-14 11:30:00+05:30,46.72,15.69,6.43,291.9,986.2,919.78,929.15,0.0,14.45
2024-06-14 12:30:00+05:30,47.23,15.26,5.93,290.9,985.3,825.65,892.65,0.0,14.43
2024-06-14 13:30:00+05:30,47.35,15.24,5.58,288.4,984.5,779.8,785.22,0.0,14.52
2024-06-14 14:30:00+05:30,47.07,15.49,5.27,286.4,984.0,577.6,610.33,0.0,14.56
2024-06-14 15:30:00+05:30,46.47,15.94,5.19,284.4,983.7,390.8,396.35,0.0,14.5
2024-06-14 16:30:00+05:30,45.49,16.68,5.21,281.4,983.8,197.43,205.95,0.0,14.44
2024-06-14 17:30:00+05:30,44.17,17.74,4.97,277.3,984.3000000000001,64.35,68.28,0.0,14.33
2024-06-14 18:30:00+05:30,41.91,19.92,3.16,271.5,985.1999999999999,3.0,3.25,0.0,14.3
2024-06-14 19:30:00+05:30,40.86,21.01,3.28,266.9,986.0,0.0,0.0,0.0,14.26
2024-06-14 20:30:00+05:30,40.32,21.52,3.95,264.9,986.8000000000001,0.0,0.0,0.0,14.19
2024-06-14 21:30:00+05:30,39.88,21.87,4.87,264.8,987.4,0.0,0.0,0.0,14.08
2024-06-14 22:30:00+05:30,39.28,22.49,5.4,266.9,987.4,0.0,0.0,0.0,14.0
2024-06-14 23:30:00+05:30,38.55,23.38,5.45,271.1,987.0,0.0,0.0,0.0,14.0
2024-06-15 00:30:00+05:30,37.77,24.52,5.38,275.9,986.5999999999999,0.0,0.0,0.0,14.08
2024-06-15 01:30:00+05:30,37.08,25.72,5.43,280.1,986.2,0.0,0.0,0.0,14.25
2024-06-15 02:30:00+05:30,36.37,26.87,5.5,283.8,986.2,0.0,0.0,0.0,14.32
2024-06-15 03:30:00+05:30,35.63,27.91,5.49,285.9,986.4,0.0,0.0,0.0,14.29
2024-06-15 04:30:00+05:30,34.91,28.83,5.27,284.9,986.8000000000001,0.0,0.0,0.0,14.18
2024-06-15 05:30:00+05:30,35.4,27.86,5.86,281.1,987.4,52.97,64.43,0.0,14.06
2024-06-15 06:30:00+05:30,37.84,23.92,6.28,278.0,987.9000000000001,164.23,225.23,0.0,13.76
2024-06-15 07:30:00+05:30,41.02,18.93,7.81,287.6,988.1999999999999,329.98,428.8,0.0,12.79
2024-06-15 08:30:00+05:30,42.87,16.75,7.5,289.8,988.3,542.3,620.15,0.0,12.43
2024-06-15 09:30:00+05:30,44.39,15.43,6.99,289.7,988.0,777.4,778.85,0.0,12.38
2024-06-15 10:30:00+05:30,45.62,14.57,6.46,289.0,987.3000000000001,882.6,884.28,0.0,12.48
2024-06-15 11:30:00+05:30,46.53,14.01,5.99,288.0,986.4,936.85,938.5,0.0,12.58
2024-06-15 12:30:00+05:30,47.09,13.68,5.59,286.5,985.3,906.0,908.58,0.0,12.67
2024-06-15 13:30:00+05:30,47.32,13.57,5.25,284.3,984.3000000000001,812.05,813.88,0.0,12.72
2024-06-15 14:30:00+05:30,47.11,13.75,4.94,284.3,983.7,661.15,662.25,0.0,12.75
2024-06-15 15:30:00+05:30,46.44,14.26,4.65,285.5,983.5,468.55,468.9,0.0,12.81
2024-06-15 16:30:00+05:30,45.38,15.11,4.31,284.9,983.7,262.6,266.0,0.0,12.85
2024-06-15 17:30:00+05:30,43.99,16.33,3.66,282.0,984.3000000000001,86.47,87.93,0.0,12.93
2024-06-15 18:30:00+05:30,41.22,19.17,2.16,275.1,985.1,4.07,3.95,0.0,13.15
2024-06-15 19:30:00+05:30,40.05,20.52,2.18,268.7,985.9000000000001,0.0,0.0,0.0,13.24
2024-06-15 20:30:00+05:30,39.25,21.54,2.28,262.9,986.5999999999999,0.0,0.0,0.0,13.32
2024-06-15 21:30:00+05:30,38.52,22.5,2.47,257.4,986.9,0.0,0.0,0.0,13.41
2024-06-15 22:30:00+05:30,37.85,23.5,2.67,252.8,987.0,0.0,0.0,0.0,13.5
2024-06-15 23:30:00+05:30,37.29,24.41,2.84,250.9,986.8000000000001,0.0,0.0,0.0,13.63
2024-06-16 00:30:00+05:30,36.8,25.37,3.07,251.4,986.5999999999999,0.0,0.0,0.0,13.8
2024-06-16 01:30:00+05:30,36.36,26.38,3.46,253.9,986.5,0.0,0.0,0.0,14.03
2024-06-16 02:30:00+05:30,36.01,27.28,4.29,258.3,986.5,0.0,0.0,0.0,14.27
2024-06-16 03:30:00+05:30,35.73,28.03,5.49,264.5,986.8000000000001,0.0,0.0,0.0,14.44
2024-06-16 04:30:00+05:30,35.34,28.68,5.99,267.1,987.0999999999999,0.0,0.0,0.0,14.47
2024-06-16 05:30:00+05:30,35.83,27.79,6.56,266.1,987.5,67.6,74.25,0.0,14.4
2024-06-16 06:30:00+05:30,38.32,23.86,7.52,269.8,987.8,221.07,251.7,0.0,14.14
2024-06-16 07:30:00+05:30,41.54,19.43,9.24,281.3,987.9000000000001,410.98,461.4,0.0,13.61
2024-06-16 08:30:00+05:30,43.87,16.56,8.72,286.3,988.1,601.05,656.92,0.0,13.03
2024-06-16 09:30:00+05:30,45.65,14.75,7.74,289.6,988.1,748.92,812.05,0.0,12.69
2024-06-16 10:30:00+05:30,46.86,13.8,6.84,291.6,987.9000000000001,911.55,913.75,0.0,12.62
2024-06-16 11:30:00+05:30,47.67,13.32,6.18,291.2,987.2,844.5,940.25,0.0,12.71
2024-06-16 12:30:00+05:30,48.08,13.06,5.79,289.2,986.4,882.38,909.03,0.0,12.73
2024-06-16 13:30:00+05:30,48.1,12.92,5.63,287.1,985.6999999999999,786.92,813.15,0.0,12.58
2024-06-16 14:30:00+05:30,47.76,12.88,5.48,286.5,985.0,637.33,660.55,0.0,12.28
2024-06-16 15:30:00+05:30,47.12,13.0,5.31,286.3,984.5999999999999,446.42,467.42,0.0,11.93
2024-06-16 16:30:00+05:30,46.12,13.42,5.02,285.5,984.5999999999999,243.52,259.27,0.0,11.62
2024-06-16 17:30:00+05:30,44.65,14.28,3.95,284.2,985.1,82.28,85.45,0.0,11.41
2024-06-16 18:30:00+05:30,41.39,17.02,2.49,281.6,985.9000000000001,4.1,4.03,0.0,11.47
2024-06-16 19:30:00+05:30,40.22,18.04,2.44,279.0,986.8000000000001,0.0,0.0,0.0,11.42
2024-06-16 20:30:00+05:30,39.6,18.66,2.28,276.8,987.4,0.0,0.0,0.0,11.43
2024-06-16 21:30:00+05:30,39.2,19.13,2.05,275.0,987.6,0.0,0.0,0.0,11.48
2024-06-16 22:30:00+05:30,38.7,19.74,1.89,272.4,987.5,0.0,0.0,0.0,11.56
2024-06-16 23:30:00+05:30,38.18,20.44,1.77,270.0,987.4,0.0,0.0,0.0,11.65
2024-06-17 00:30:00+05:30,37.66,21.19,1.68,264.9,987.0999999999999,0.0,0.0,0.0,11.77
2024-06-17 01:30:00+05:30,37.12,22.04,1.63,254.7,986.9,0.0,0.0,0.0,11.92
2024-06-17 02:30:00+05:30,36.04,23.78,1.97,238.7,987.0,0.0,0.0,0.0,12.18
2024-06-17 03:30:00+05:30,34.85,26.29,2.58,228.8,987.2,0.0,0.0,0.0,12.72
2024-06-17 04:30:00+05:30,34.54,28.62,3.13,226.4,987.6,0.0,0.0,0.0,13.73
2024-06-17 05:30:00+05:30,35.97,29.08,5.35,229.2,988.3,61.0,66.95,0.0,15.19
2024-06-17 06:30:00+05:30,37.74,28.5,6.21,232.0,988.8,202.23,232.32,0.0,16.4
2024-06-17 07:30:00+05:30,40.81,24.33,6.61,243.7,989.0,389.4,435.48,0.0,16.49
2024-06-17 08:30:00+05:30,43.24,20.79,6.08,258.4,989.0999999999999,557.9,628.42,0.0,16.03
2024-06-17 09:30:00+05:30,44.99,19.03,5.63,268.8,988.8,671.4,782.05,0.0,16.07
2024-06-17 10:30:00+05:30,46.38,17.94,5.56,275.7,988.1999999999999,833.55,885.03,0.0,16.28
2024-06-17 11:30:00+05:30,47.38,17.39,5.89,280.3,987.4,846.97,900.33,0.0,16.57
2024-06-17 12:30:00+05:30,47.96,17.32,6.51,283.3,986.4,808.38,870.47,0.05,16.96
2024-06-17 13:30:00+05:30,48.03,17.77,7.37,285.7,985.6,619.15,780.28,0.22,17.42
2024-06-17 14:30:00+05:30,47.47,18.73,8.06,286.6,985.1,589.53,629.15,0.19,17.81
2024-06-17 15:30:00+05:30,46.48,20.05,8.42,285.2,984.8000000000001,398.17,443.85,0.11,18.1
2024-06-17 16:30:00+05:30,45.0,21.66,8.36,282.9,985.0,219.35,246.43,0.08,18.13
2024-06-17 17:30:00+05:30,43.15,23.53,7.7,279.5,985.5,79.12,81.9,0.0,17.92
2024-06-17 18:30:00+05:30,41.25,25.5,5.88,274.8,986.3,3.88,4.0,0.0,17.62
2024-06-17 19:30:00+05:30,39.79,27.02,4.17,267.7,987.0,0.0,0.0,0.0,17.3
2024-06-17 20:30:00+05:30,38.6,28.39,3.58,263.7,987.6,0.0,0.0,0.0,17.07
2024-06-17 21:30:00+05:30,37.93,29.35,4.25,264.5,987.9000000000001,0.0,0.0,0.01,17.03
2024-06-17 22:30:00+05:30,37.42,30.51,5.23,266.3,987.6999999999999,0.0,0.0,0.02,17.2
2024-06-17 23:30:00+05:30,36.74,32.66,5.49,266.9,987.4,0.0,0.0,0.01,17.68
2024-06-18 00:30:00+05:30,36.04,35.73,5.44,265.6,987.0999999999999,0.0,0.0,1.49,18.52
2024-06-18 01:30:00+05:30,35.4,38.81,5.32,262.6,986.7,0.0,0.0,1.48,19.27
2024-06-18 02:30:00+05:30,34.95,40.92,5.67,257.7,986.5,0.0,0.0,1.48,19.73
2024-06-18 03:30:00+05:30,34.65,42.26,6.23,255.3,986.5,0.0,0.0,0.0,19.98
2024-06-18 04:30:00+05:30,34.38,43.53,6.47,253.9,986.8000000000001,0.0,0.0,0.0,20.22
2024-06-18 05:30:00+05:30,34.66,43.7,7.76,255.8,987.0999999999999,52.75,63.1,0.0,20.53
2024-06-18 06:30:00+05:30,36.17,40.6,9.53,262.3,987.4,161.62,219.95,0.15,20.69
2024-06-18 07:30:00+05:30,38.5,35.87,9.86,264.5,987.5,296.55,417.58,7.63,20.73
2024-06-18 08:30:00+05:30,41.03,31.35,9.33,268.4,987.4,406.35,607.45,0.14,20.74
2024-06-18 09:30:00+05:30,43.34,27.66,8.58,273.3,987.0999999999999,510.73,761.08,0.02,20.68
2024-06-18 10:30:00+05:30,45.2,24.73,8.09,275.7,986.3,700.83,861.45,0.02,20.43
2024-06-18 11:30:00+05:30,46.43,22.57,7.82,274.8,985.4000000000001,578.75,875.15,0.01,19.96
2024-06-18 12:30:00+05:30,47.18,21.02,7.7,271.4,984.3000000000001,574.12,842.58,0.0,19.42
2024-06-18 13:30:00+05:30,47.45,20.16,7.8,267.1,983.3,451.33,747.78,0.0,18.96
2024-06-18 14:30:00+05:30,47.21,19.97,7.89,264.3,982.6,507.62,599.7,0.0,18.62
2024-06-18 15:30:00+05:30,46.46,20.51,8.14,261.2,982.2,353.7,416.4,0.0,18.44
2024-06-18 16:30:00+05:30,45.01,22.36,8.72,256.0,982.5,198.0,226.57,0.0,18.63
2024-06-18 17:30:00+05:30,42.87,25.94,9.61,249.8,983.3,68.88,73.2,0.0,19.25
2024-06-18 18:30:00+05:30,40.34,30.92,10.13,246.4,984.7,3.58,3.72,0.0,19.93
2024-06-18 19:30:00+05:30,38.33,35.56,9.44,249.6,985.8,0.0,0.0,0.0,20.45
2024-06-18 20:30:00+05:30,37.04,38.93,8.23,252.8,986.5,0.0,0.0,0.0,20.79
2024-06-18 21:30:00+05:30,36.38,40.98,7.94,249.8,986.7,0.0,0.0,0.01,21.03
2024-06-18 22:30:00+05:30,35.98,42.25,7.91,244.0,986.5,0.0,0.0,0.1,21.17
2024-06-18 23:30:00+05:30,35.61,43.34,7.92,238.6,986.0,0.0,0.0,0.16,21.25
2024-06-19 00:30:00+05:30,35.22,44.67,8.24,235.6,985.6,0.0,0.0,0.1,21.39
2024-06-19 01:30:00+05:30,34.77,46.73,8.81,234.9,985.1999999999999,0.0,0.0,0.02,21.72
2024-06-19 02:30:00+05:30,34.33,49.05,9.22,237.1,985.1999999999999,0.0,0.0,0.0,22.12
2024-06-19 03:30:00+05:30,33.89,51.37,9.46,239.9,985.4000000000001,0.0,0.0,0.0,22.48
2024-06-19 04:30:00+05:30,33.65,52.2,9.39,243.4,985.6999999999999,0.0,0.0,0.0,22.52
2024-06-19 05:30:00+05:30,34.23,49.75,9.66,248.9,986.1,56.35,63.62,0.0,22.26
2024-06-19 06:30:00+05:30,35.71,44.84,10.46,255.8,986.3,152.12,223.3,0.04,21.9
2024-06-19 07:30:00+05:30,37.35,40.61,10.36,261.2,986.4,268.67,423.15,0.08,21.74
2024-06-19 08:30:00+05:30,38.82,37.24,9.79,264.4,986.5,394.6,614.5,0.09,21.63
2024-06-19 09:30:00+05:30,39.89,34.59,9.19,266.6,986.5,492.92,769.88,0.05,21.35
2024-06-19 10:30:00+05:30,40.59,32.52,8.4,267.3,986.1,540.88,872.4,0.03,20.95
2024-06-19 11:30:00+05:30,41.46,30.04,7.41,265.9,985.3,507.17,862.17,0.06,20.4
2024-06-19 12:30:00+05:30,42.55,27.36,6.44,260.4,984.0999999999999,480.12,839.53,0.05,19.83
2024-06-19 13:30:00+05:30,43.49,25.27,5.83,249.6,983.1,382.73,752.58,0.03,19.35
2024-06-19 14:30:00+05:30,43.54,24.66,6.09,236.4,982.4,357.85,611.08,0.02,19.0
2024-06-19 15:30:00+05:30,42.88,25.19,6.86,226.8,982.2,328.25,425.23,0.01,18.78
2024-06-19 16:30:00+05:30,41.52,27.44,7.76,219.7,982.6,184.4,239.52,0.01,19.0
2024-06-19 17:30:00+05:30,39.54,31.43,8.54,214.7,983.5,63.42,78.88,0.02,19.5
2024-06-19 18:30:00+05:30,37.32,36.57,8.98,210.2,984.5999999999999,2.97,3.97,0.12,20.01
2024-06-19 19:30:00+05:30,35.62,41.24,9.05,207.6,985.6,0.0,0.0,0.72,20.45
2024-06-19 20:30:00+05:30,34.52,45.13,8.77,207.6,986.2,0.0,0.0,1.03,20.92
2024-06-19 21:30:00+05:30,33.92,48.3,8.46,210.2,986.7,0.0,0.0,0.28,21.49
2024-06-19 22:30:00+05:30,33.58,50.59,7.94,215.2,986.5999999999999,0.0,0.0,0.1,21.94
2024-06-19 23:30:00+05:30,33.35,52.38,7.19,220.4,986.2,0.0,0.0,0.06,22.3
2024-06-20 00:30:00+05:30,32.91,55.07,6.48,225.7,986.0,0.0,0.0,0.09,22.71
2024-06-20 01:30:00+05:30,32.34,58.62,6.07,228.7,986.0,0.0,0.0,0.68,23.21
2024-06-20 02:30:00+05:30,31.59,62.83,6.1,228.3,986.0,0.0,0.0,4.71,23.66
2024-06-20 03:30:00+05:30,30.78,66.9,6.23,225.7,986.4,0.0,0.0,11.32,23.95
2024-06-20 04:30:00+05:30,30.0,70.9,6.08,218.9,986.8000000000001,0.0,0.0,11.85,24.15
2024-06-20 05:30:00+05:30,29.58,72.91,5.78,207.5,987.5,50.12,58.22,8.11,24.22
2024-06-20 06:30:00+05:30,29.79,71.87,5.39,196.7,988.3,160.32,201.57,5.22,24.19
2024-06-20 07:30:00+05:30,30.78,67.15,4.69,192.4,989.0999999999999,317.98,386.67,1.64,24.02
2024-06-20 08:30:00+05:30,32.93,58.39,3.72,196.7,989.3000000000001,469.0,564.15,1.18,23.69
2024-06-20 09:30:00+05:30,35.15,50.38,2.86,200.6,989.0999999999999,581.47,727.62,1.73,23.32
2024-06-20 10:30:00+05:30,36.9,44.8,2.07,194.0,988.6,762.88,838.33,1.98,22.95
2024-06-20 11:30:00+05:30,38.5,40.23,1.66,174.1,987.9000000000001,884.03,896.22,1.87,22.61
2024-06-20 12:30:00+05:30,39.83,36.4,1.71,159.1,987.0999999999999,844.47,870.08,1.48,22.14
2024-06-20 13:30:00+05:30,40.6,33.75,1.81,158.3,986.2,717.2,775.3,0.71,21.57
2024-06-20 14:30:00+05:30,40.83,32.09,1.94,158.2,985.4000000000001,527.47,616.55,0.27,20.95
2024-06-20 15:30:00+05:30,40.67,31.35,2.34,157.9,984.8000000000001,279.73,424.83,0.06,20.43
2024-06-20 16:30:00+05:30,40.03,31.73,3.04,159.2,984.7,141.4,229.05,0.03,20.08
2024-06-20 17:30:00+05:30,38.89,33.36,3.89,159.5,985.1,47.12,74.97,0.03,19.9
2024-06-20 18:30:00+05:30,37.46,36.14,4.49,159.8,985.8,2.78,3.9,0.02,19.95
2024-06-20 19:30:00+05:30,36.39,38.71,5.45,161.8,986.7,0.0,0.0,0.01,20.11
2024-06-20 20:30:00+05:30,35.43,41.73,5.61,167.8,987.6,0.0,0.0,0.0,20.46
2024-06-20 21:30:00+05:30,34.56,45.4,5.4,176.8,988.1999999999999,0.0,0.0,0.0,21.07
2024-06-20 22:30:00+05:30,33.72,49.98,5.61,187.7,988.1,0.0,0.0,0.0,21.87
2024-06-20 23:30:00+05:30,32.9,54.68,5.68,197.0,987.9000000000001,0.0,0.0,0.0,22.58
2024-06-21 00:30:00+05:30,32.22,58.61,5.52,202.5,987.8,0.0,0.0,0.0,23.1
2024-06-21 01:30:00+05:30,31.68,61.54,5.13,205.7,987.9000000000001,0.0,0.0,0.0,23.41
2024-06-21 02:30:00+05:30,31.27,63.63,4.32,203.9,987.9000000000001,0.0,0.0,0.0,23.58
2024-06-21 03:30:00+05:30,30.9,65.48,3.42,198.6,988.0,0.0,0.0,0.0,23.7
2024-06-21 04:30:00+05:30,30.59,67.06,2.8,197.0,988.4000000000001,0.0,0.0,0.0,23.81
2024-06-21 05:30:00+05:30,30.91,65.97,2.81,205.3,989.0999999999999,46.47,49.62,0.0,23.83
2024-06-21 06:30:00+05:30,32.26,60.04,2.59,217.0,989.7,151.02,174.05,0.03,23.54
2024-06-21 07:30:00+05:30,34.07,52.46,1.53,225.3,990.0,279.3,334.4,0.16,22.99
2024-06-21 08:30:00+05:30,36.04,45.51,0.79,280.2,990.1,444.98,513.55,1.23,22.43
2024-06-21 09:30:00+05:30,37.97,39.85,1.32,329.6,989.8000000000001,625.45,667.62,1.77,21.98
2024-06-21 10:30:00+05:30,39.46,35.99,1.85,337.7,989.2,712.45,770.53,2.14,21.64
2024-06-21 11:30:00+05:30,40.36,33.47,2.25,333.0,988.3,889.9,909.45,2.76,21.23
2024-06-21 12:30:00+05:30,40.7,32.23,2.61,324.2,987.3000000000001,841.4,881.5,2.4,20.9
2024-06-21 13:30:00+05:30,40.47,32.29,3.05,313.3,986.5999999999999,772.92,781.88,2.17,20.74
2024-06-21 14:30:00+05:30,39.9,33.01,2.97,304.9,985.9000000000001,597.8,637.85,1.72,20.61
2024-06-21 15:30:00+05:30,39.47,33.59,2.56,297.0,985.5,426.58,454.0,1.1,20.52
2024-06-21 16:30:00+05:30,38.87,34.56,2.31,285.3,985.6,232.93,254.43,0.69,20.46
2024-06-21 17:30:00+05:30,38.05,36.12,2.14,268.7,986.2,76.43,85.15,0.41,20.44
2024-06-21 18:30:00+05:30,37.27,37.95,1.97,254.1,987.0,3.95,4.47,0.06,20.57
2024-06-21 19:30:00+05:30,36.76,39.56,1.91,248.5,987.8,0.0,0.0,0.04,20.79
2024-06-21 20:30:00+05:30,36.28,41.16,2.54,255.2,988.5,0.0,0.0,0.02,21.01
2024-06-21 21:30:00+05:30,35.7,43.22,3.38,264.6,988.9,0.0,0.0,0.0,21.28
2024-06-21 22:30:00+05:30,35.07,45.49,4.03,271.1,988.7,0.0,0.0,0.0,21.55
2024-06-21 23:30:00+05:30,34.44,47.57,4.44,276.2,988.1999999999999,0.0,0.0,0.0,21.72
2024-06-22 00:30:00+05:30,33.84,49.45,4.63,280.7,987.8,0.0,0.0,0.0,21.8
2024-06-22 01:30:00+05:30,33.33,50.84,4.64,284.9,987.5,0.0,0.0,0.0,21.79
2024-06-22 02:30:00+05:30,32.91,51.92,4.13,288.9,987.5,0.0,0.0,0.0,21.74
2024-06-22 03:30:00+05:30,32.58,52.81,3.36,292.8,987.6,0.0,0.0,0.0,21.73
2024-06-22 04:30:00+05:30,32.29,53.66,2.51,296.0,987.9000000000001,0.0,0.0,0.0,21.71
2024-06-22 05:30:00+05:30,32.68,52.49,2.16,300.4,988.4000000000001,36.12,56.08,0.01,21.72
2024-06-22 06:30:00+05:30,34.0,48.61,1.41,293.5,989.0,116.12,204.18,0.99,21.66
2024-06-22 07:30:00+05:30,35.46,44.2,0.58,236.3,989.4,213.93,395.8,1.24,21.43
2024-06-22 08:30:00+05:30,36.56,40.85,0.55,201.4,989.5,353.65,580.28,5.07,21.14
2024-06-22 09:30:00+05:30,37.54,38.29,0.45,204.9,989.4,468.55,726.95,3.5,20.95
2024-06-22 10:30:00+05:30,38.38,36.18,0.35,221.5,988.9,543.9,818.97,2.53,20.76
2024-06-22 11:30:00+05:30,39.07,34.47,0.39,252.0,988.0,661.28,829.83,1.88,20.58
2024-06-22 12:30:00+05:30,39.56,33.2,0.55,266.9,987.2,767.62,782.72,1.61,20.4
2024-06-22 13:30:00+05:30,39.74,32.65,0.78,270.0,986.5,602.8,673.3,1.65,20.29
2024-06-22 14:30:00+05:30,39.29,33.34,1.12,277.2,986.0,410.65,509.95,1.56,20.24
2024-06-22 15:30:00+05:30,38.83,34.08,1.43,280.9,985.6999999999999,199.1,342.88,1.28,20.19
2024-06-22 16:30:00+05:30,38.17,35.24,1.61,281.1,985.8,103.47,178.6,1.84,20.16
2024-06-22 17:30:00+05:30,37.3,36.99,1.77,279.4,986.4,40.72,58.38,1.61,20.18
2024-06-22 18:30:00+05:30,36.35,39.33,1.97,281.4,987.2,1.9,3.15,0.98,20.33
2024-06-22 19:30:00+05:30,35.63,41.35,2.22,286.5,988.1,0.0,0.0,2.1,20.5
2024-06-22 20:30:00+05:30,35.02,43.14,2.36,293.4,989.0,0.0,0.0,4.82,20.65
2024-06-22 21:30:00+05:30,34.45,44.83,2.41,300.2,989.5,0.0,0.0,6.63,20.75
2024-06-22 22:30:00+05:30,33.91,46.46,2.35,306.0,989.5999999999999,0.0,0.0,7.9,20.84
2024-06-22 23:30:00+05:30,33.45,47.97,2.3,312.4,989.5,0.0,0.0,8.18,20.95
2024-06-23 00:30:00+05:30,33.05,49.36,2.22,317.7,989.2,0.0,0.0,3.65,21.04
2024-06-23 01:30:00+05:30,32.74,50.37,2.11,321.3,989.0,0.0,0.0,0.53,21.08
2024-06-23 02:30:00+05:30,32.42,51.14,1.98,323.0,988.7,0.0,0.0,0.04,21.05
2024-06-23 03:30:00+05:30,32.07,51.94,1.84,325.6,988.8,0.0,0.0,0.0,20.97
2024-06-23 04:30:00+05:30,31.77,52.42,1.9,331.0,989.2,0.0,0.0,0.0,20.84
2024-06-23 05:30:00+05:30,32.43,49.02,3.05,339.1,989.7,40.9,42.72,0.02,20.38
2024-06-23 06:30:00+05:30,34.12,44.15,3.36,356.4,990.3,124.9,156.07,4.35,20.21
2024-06-23 07:30:00+05:30,35.75,40.65,3.3,13.7,990.6999999999999,266.15,316.0,8.06,20.33
2024-06-23 08:30:00+05:30,37.18,38.01,3.23,25.1,990.6999999999999,416.02,484.75,18.97,20.51
2024-06-23 09:30:00+05:30,38.41,36.17,3.11,33.8,990.3,553.88,624.95,8.18,20.8
2024-06-23 10:30:00+05:30,39.5,34.45,2.96,43.6,989.4,660.3,726.58,3.48,20.95
2024-06-23 11:30:00+05:30,40.16,33.26,2.82,53.4,988.3,721.88,815.67,1.13,20.95
2024-06-23 12:30:00+05:30,40.83,31.86,2.62,60.3,987.0,739.62,772.55,0.19,20.83
2024-06-23 13:30:00+05:30,41.17,30.8,2.47,65.4,985.9000000000001,606.5,675.05,0.03,20.57
2024-06-23 14:30:00+05:30,41.35,30.05,2.37,70.0,985.0,459.6,530.85,0.01,20.33
2024-06-23 15:30:00+05:30,41.11,29.95,2.3,72.5,984.3000000000001,227.07,360.55,0.0,20.07
2024-06-23 16:30:00+05:30,40.33,30.76,2.21,77.7,984.0999999999999,119.18,191.95,0.0,19.83
2024-06-23 17:30:00+05:30,39.27,32.88,1.85,86.6,984.3000000000001,48.47,65.5,0.03,19.98
2024-06-23 18:30:00+05:30,38.1,38.89,1.14,92.5,985.0,2.28,3.58,0.03,21.64
2024-06-23 19:30:00+05:30,37.55,42.09,0.87,107.4,985.8,0.0,0.0,0.06,22.44
2024-06-23 20:30:00+05:30,37.01,44.22,0.66,142.4,986.5999999999999,0.0,0.0,0.01,22.74
2024-06-23 21:30:00+05:30,36.32,46.2,0.79,191.7,987.0999999999999,0.0,0.0,0.0,22.82
2024-06-23 22:30:00+05:30,35.56,47.5,1.18,212.9,987.0999999999999,0.0,0.0,0.0,22.62
2024-06-23 23:30:00+05:30,34.82,47.48,1.64,219.3,986.8000000000001,0.0,0.0,0.0,22.0
2024-06-24 00:30:00+05:30,34.26,47.74,2.45,223.3,986.7,0.0,0.0,0.0,21.59
2024-06-24 01:30:00+05:30,33.63,49.92,3.81,228.0,986.5999999999999,0.0,0.0,0.0,21.74
2024-06-24 02:30:00+05:30,32.77,53.82,4.6,229.4,986.7,0.0,0.0,0.04,22.19
2024-06-24 03:30:00+05:30,32.11,56.69,4.65,226.3,987.0,0.0,0.0,0.15,22.44
2024-06-24 04:30:00+05:30,31.62,58.55,4.72,223.5,987.5,0.0,0.0,0.21,22.52
2024-06-24 05:30:00+05:30,31.92,57.48,5.14,223.3,988.1999999999999,33.33,41.88,0.27,22.5
2024-06-24 06:30:00+05:30,33.47,51.47,5.26,226.1,988.8,112.82,154.55,26.52,22.12
2024-06-24 07:30:00+05:30,34.96,47.39,4.44,228.7,989.0999999999999,229.05,314.15,79.72,22.13
2024-06-24 08:30:00+05:30,35.64,47.39,3.62,228.2,989.2,320.17,493.08,18.13,22.74
2024-06-24 09:30:00+05:30,36.64,45.65,3.01,223.9,988.8,437.23,648.7,11.92,23.03
2024-06-24 10:30:00+05:30,37.54,43.82,2.53,214.7,988.1,520.9,757.38,11.5,23.17
2024-06-24 11:30:00+05:30,38.21,42.42,2.24,204.3,987.0999999999999,641.4,858.62,13.71,23.24
2024-06-24 12:30:00+05:30,38.54,41.88,2.07,198.6,986.1,723.47,826.2,20.22,23.31
2024-06-24 13:30:00+05:30,38.53,42.09,1.95,197.9,985.1999999999999,716.3,729.55,17.41,23.39
2024-06-24 14:30:00+05:30,38.41,42.18,1.87,198.4,984.5999999999999,572.95,579.17,13.05,23.31
2024-06-24 15:30:00+05:30,37.99,42.62,1.69,196.5,984.3000000000001,389.4,394.17,8.95,23.11
2024-06-24 16:30:00+05:30,37.32,43.66,1.46,193.8,984.2,204.68,210.32,6.7,22.91
2024-06-24 17:30:00+05:30,36.4,47.4,1.03,190.7,984.5,72.82,71.0,0.95,23.44
2024-06-24 18:30:00+05:30,35.63,50.66,0.49,175.3,985.3,4.28,3.83,0.01,23.78
2024-06-24 19:30:00+05:30,35.18,51.68,0.37,99.2,986.2,0.0,0.0,0.0,23.67
2024-06-24 20:30:00+05:30,34.97,54.08,0.58,78.1,986.9,0.0,0.0,0.01,24.26
2024-06-24 21:30:00+05:30,34.44,57.15,0.64,82.8,987.0999999999999,0.0,0.0,0.0,24.69
2024-06-24 22:30:00+05:30,34.08,58.68,0.65,100.6,986.9,0.0,0.0,0.0,24.81
2024-06-24 23:30:00+05:30,33.56,62.45,0.71,112.3,986.8000000000001,0.0,0.0,0.01,25.36
2024-06-25 00:30:00+05:30,33.14,63.01,0.9,117.7,986.5999999999999,0.0,0.0,0.01,25.12
2024-06-25 01:30:00+05:30,32.67,65.35,1.09,129.8,986.5,0.0,0.0,0.01,25.29
2024-06-25 02:30:00+05:30,32.18,66.43,1.33,149.8,986.4,0.0,0.0,0.0,25.12
2024-06-25 03:30:00+05:30,31.72,66.41,1.68,170.4,986.5999999999999,0.0,0.0,0.01,24.7
2024-06-25 04:30:00+05:30,31.29,67.15,2.21,189.1,986.8000000000001,0.0,0.0,0.05,24.49
2024-06-25 05:30:00+05:30,31.5,65.58,3.3,202.6,987.3000000000001,36.45,42.55,0.33,24.29
2024-06-25 06:30:00+05:30,33.09,58.25,3.94,220.3,987.5,119.25,154.12,13.82,23.8
2024-06-25 07:30:00+05:30,35.15,49.88,4.32,233.3,987.8,252.15,338.02,33.14,23.14
2024-06-25 08:30:00+05:30,36.74,45.94,3.59,236.9,987.9000000000001,388.48,521.35,2.22,23.22
2024-06-25 09:30:00+05:30,38.06,42.82,2.73,233.3,987.6999999999999,542.17,688.05,1.17,23.24
2024-06-25 10:30:00+05:30,39.14,40.27,2.22,222.6,987.0999999999999,744.72,791.88,0.57,23.2
2024-06-25 11:30:00+05:30,39.51,39.08,2.05,211.2,986.4,794.6,799.33,1.79,23.02
2024-06-25 12:30:00+05:30,39.98,37.8,2.08,203.9,985.5,608.47,774.83,2.37,22.89
2024-06-25 13:30:00+05:30,40.35,36.73,2.1,200.7,984.7,653.33,691.2,1.38,22.74
2024-06-25 14:30:00+05:30,40.37,36.29,1.89,196.3,984.0,508.2,555.15,1.05,22.57
2024-06-25 15:30:00+05:30,39.98,36.64,1.55,191.9,983.6,345.35,385.62,0.64,22.37
2024-06-25 16:30:00+05:30,39.28,37.75,1.26,183.2,983.7,187.43,211.82,0.21,22.25
2024-06-25 17:30:00+05:30,38.35,40.97,0.97,168.7,984.2,72.57,77.82,0.24,22.77
2024-06-25 18:30:00+05:30,37.5,44.49,0.82,146.5,984.9,4.28,4.07,0.72,23.34
2024-06-25 19:30:00+05:30,36.7,49.54,0.8,125.3,985.6,0.0,0.0,0.13,24.34
2024-06-25 20:30:00+05:30,35.98,54.82,0.81,114.0,986.2,0.0,0.0,0.03,25.4
2024-06-25 21:30:00+05:30,35.35,58.42,0.87,105.3,986.7,0.0,0.0,0.06,25.94
2024-06-25 22:30:00+05:30,34.87,59.5,1.0,101.5,986.8000000000001,0.0,0.0,0.33,25.79
2024-06-25 23:30:00+05:30,34.45,61.2,1.0,108.6,986.5999999999999,0.0,0.0,1.09,25.87
2024-06-26 00:30:00+05:30,34.25,58.73,1.02,124.6,986.4,0.0,0.0,2.45,24.99
2024-06-26 01:30:00+05:30,34.07,56.09,0.77,153.1,986.2,0.0,0.0,2.23,24.07
2024-06-26 02:30:00+05:30,34.18,54.82,0.57,188.1,986.2,0.0,0.0,1.66,23.8
2024-06-26 03:30:00+05:30,33.98,54.69,0.33,215.1,986.4,0.0,0.0,1.34,23.57
2024-06-26 04:30:00+05:30,33.76,54.8,0.06,260.5,986.8000000000001,0.0,0.0,1.08,23.4
2024-06-26 05:30:00+05:30,33.99,54.33,0.14,69.0,987.3000000000001,15.93,45.05,1.37,23.48
2024-06-26 06:30:00+05:30,34.88,51.71,0.23,105.3,987.8,57.78,168.62,5.0,23.46
2024-06-26 07:30:00+05:30,36.02,45.79,0.52,107.7,988.1999999999999,135.8,346.73,14.95,22.53
2024-06-26 08:30:00+05:30,37.06,43.8,0.76,101.5,988.1999999999999,256.1,538.08,20.72,22.72
2024-06-26 09:30:00+05:30,37.71,43.03,1.07,98.1,988.0,415.62,705.8,28.34,23.02
2024-06-26 10:30:00+05:30,37.82,43.49,1.68,98.6,987.6,536.17,801.35,28.41,23.3
2024-06-26 11:30:00+05:30,37.77,43.89,2.43,99.7,987.0,527.42,857.42,1.36,23.39
2024-06-26 12:30:00+05:30,37.83,43.51,3.03,101.8,986.5,517.05,841.22,1.36,23.32
2024-06-26 13:30:00+05:30,37.76,43.64,3.42,106.5,986.0,624.97,746.95,1.73,23.29
2024-06-26 14:30:00+05:30,37.42,44.51,3.84,110.4,985.6999999999999,539.62,594.92,1.9,23.32
2024-06-26 15:30:00+05:30,36.9,45.97,4.12,114.5,985.5,340.58,411.17,1.73,23.39
2024-06-26 16:30:00+05:30,36.15,48.82,3.99,117.5,985.8,188.95,221.43,0.89,23.7
2024-06-26 17:30:00+05:30,35.0,55.21,3.2,116.2,986.5,66.22,71.2,0.17,24.69
2024-06-26 18:30:00+05:30,33.8,61.31,2.85,112.7,987.5,3.95,3.95,0.03,25.34
2024-06-26 19:30:00+05:30,33.27,62.85,3.32,110.1,988.3,0.0,0.0,0.01,25.24
2024-06-26 20:30:00+05:30,32.83,64.47,3.61,108.7,989.2,0.0,0.0,0.03,25.26
2024-06-26 21:30:00+05:30,32.4,66.44,3.7,106.7,989.7,0.0,0.0,0.08,25.36
2024-06-26 22:30:00+05:30,31.97,68.43,3.77,102.6,989.7,0.0,0.0,0.09,25.45
2024-06-26 23:30:00+05:30,31.53,70.37,3.89,96.8,989.4,0.0,0.0,0.08,25.5
2024-06-27 00:30:00+05:30,31.15,71.85,3.89,94.1,989.2,0.0,0.0,0.06,25.5
2024-06-27 01:30:00+05:30,30.81,73.11,3.75,97.7,989.0,0.0,0.0,0.1,25.45
2024-06-27 02:30:00+05:30,30.44,74.56,3.57,104.0,988.9,0.0,0.0,0.1,25.43
2024-06-27 03:30:00+05:30,30.05,76.17,3.58,106.4,989.0,0.0,0.0,0.08,25.42
2024-06-27 04:30:00+05:30,29.71,77.68,3.82,103.3,989.5,0.0,0.0,0.12,25.42
2024-06-27 05:30:00+05:30,30.03,75.46,4.41,103.8,990.4000000000001,45.38,45.92,0.19,25.23
2024-06-27 06:30:00+05:30,31.55,65.98,4.45,109.6,991.1,139.2,174.05,0.45,24.44
2024-06-27 07:30:00+05:30,32.74,60.06,4.13,110.0,991.5999999999999,267.62,347.6,0.67,23.99
2024-06-27 08:30:00+05:30,33.86,56.07,3.91,104.7,991.8000000000001,379.23,533.3,1.25,23.89
2024-06-27 09:30:00+05:30,35.18,51.91,3.87,100.6,991.5999999999999,481.1,692.12,1.26,23.84
2024-06-27 10:30:00+05:30,36.58,47.86,3.94,98.9,991.0,626.92,818.03,1.42,23.77
2024-06-27 11:30:00+05:30,37.7,44.67,3.89,98.4,990.0,571.5,726.9,1.35,23.63
2024-06-27 12:30:00+05:30,38.57,42.14,3.82,98.9,988.9,626.35,699.95,0.9,23.45
2024-06-27 13:30:00+05:30,39.13,40.38,3.7,100.1,987.9000000000001,537.22,616.33,0.63,23.23
2024-06-27 14:30:00+05:30,39.34,39.31,3.75,100.4,987.0,420.62,486.92,0.55,22.96
2024-06-27 15:30:00+05:30,39.16,39.03,4.02,100.3,986.5,290.17,345.02,0.38,22.69
2024-06-27 16:30:00+05:30,38.58,39.84,4.27,102.7,986.5,164.27,196.4,0.32,22.52
2024-06-27 17:30:00+05:30,37.5,43.52,3.65,105.8,986.8000000000001,63.47,69.5,0.06,23.02
2024-06-27 18:30:00+05:30,35.76,51.08,2.73,106.0,987.2,3.85,3.9,0.02,24.1
2024-06-27 19:30:00+05:30,35.09,52.48,3.22,106.2,987.6999999999999,0.0,0.0,0.01,23.93
2024-06-27 20:30:00+05:30,34.48,53.98,3.72,107.7,988.3,0.0,0.0,0.0,23.84
2024-06-27 21:30:00+05:30,33.76,56.57,3.9,110.1,988.8,0.0,0.0,0.0,23.94
2024-06-27 22:30:00+05:30,33.07,59.38,3.91,112.6,988.9,0.0,0.0,0.0,24.12
2024-06-27 23:30:00+05:30,32.44,62.45,3.66,114.2,988.9,0.0,0.0,0.0,24.37
2024-06-28 00:30:00+05:30,32.01,64.83,3.45,114.9,988.9,0.0,0.0,0.02,24.59
2024-06-28 01:30:00+05:30,31.65,67.12,3.06,115.6,988.8,0.0,0.0,0.06,24.82
2024-06-28 02:30:00+05:30,31.33,69.41,2.52,114.6,988.8,0.0,0.0,0.06,25.09
2024-06-28 03:30:00+05:30,31.03,71.54,2.06,110.2,988.9,0.0,0.0,0.04,25.3
2024-06-28 04:30:00+05:30,30.76,73.34,1.76,102.1,989.3000000000001,0.0,0.0,0.02,25.47
2024-06-28 05:30:00+05:30,31.26,69.82,2.18,95.3,989.9,41.1,41.15,0.02,25.12
2024-06-28 06:30:00+05:30,33.0,59.15,2.28,98.3,990.4000000000001,149.1,154.05,0.09,23.99
2024-06-28 07:30:00+05:30,34.26,53.04,2.21,96.0,990.6,304.4,321.62,0.15,23.34
2024-06-28 08:30:00+05:30,34.94,51.12,2.26,89.5,990.4000000000001,462.3,495.85,18.44,23.36
2024-06-28 09:30:00+05:30,35.38,50.47,2.38,81.8,990.1,587.85,639.03,12.1,23.56
2024-06-28 10:30:00+05:30,35.69,49.93,2.47,78.3,989.4,680.12,743.53,2.92,23.66
2024-06-28 11:30:00+05:30,35.73,49.88,2.43,73.5,988.5,758.2,869.9,1.77,23.67
2024-06-28 12:30:00+05:30,35.62,50.19,2.27,64.7,987.5,662.0,844.5,1.48,23.67
2024-06-28 13:30:00+05:30,35.42,50.73,1.97,54.7,986.8000000000001,591.03,760.38,0.67,23.67
2024-06-28 14:30:00+05:30,35.2,51.21,2.01,49.0,986.2,389.95,642.15,0.51,23.63
2024-06-28 15:30:00+05:30,34.95,51.83,2.08,48.3,985.9000000000001,172.88,455.5,0.62,23.59
2024-06-28 16:30:00+05:30,34.59,53.04,1.82,47.0,985.8,147.93,247.25,0.76,23.65
2024-06-28 17:30:00+05:30,34.02,56.28,1.27,43.7,986.3,64.95,78.45,0.83,24.1
2024-06-28 18:30:00+05:30,33.37,60.35,0.7,29.1,986.8000000000001,3.38,4.12,1.62,24.64
2024-06-28 19:30:00+05:30,33.1,61.75,0.4,343.9,987.2,0.0,0.0,1.51,24.76
2024-06-28 20:30:00+05:30,32.74,63.35,0.76,260.9,987.5,0.0,0.0,0.98,24.85
2024-06-28 21:30:00+05:30,31.94,68.45,1.25,249.4,987.8,0.0,0.0,0.05,25.39
2024-06-28 22:30:00+05:30,31.39,69.02,1.85,254.3,987.6999999999999,0.0,0.0,0.0,25.03
2024-06-28 23:30:00+05:30,30.91,69.68,2.53,261.4,987.6,0.0,0.0,0.0,24.75
2024-06-29 00:30:00+05:30,30.47,71.15,3.01,266.2,987.4,0.0,0.0,0.0,24.68
2024-06-29 01:30:00+05:30,30.09,72.93,3.26,268.4,987.3000000000001,0.0,0.0,0.0,24.73
2024-06-29 02:30:00+05:30,29.72,74.86,3.23,267.9,987.2,0.0,0.0,0.0,24.8
2024-06-29 03:30:00+05:30,29.36,76.78,2.92,266.5,987.4,0.0,0.0,0.0,24.88
2024-06-29 04:30:00+05:30,29.05,78.44,2.49,264.9,987.9000000000001,0.0,0.0,0.0,24.93
2024-06-29 05:30:00+05:30,29.35,76.08,2.47,265.4,988.5,9.52,45.15,0.0,24.72
2024-06-29 06:30:00+05:30,30.86,65.98,2.28,276.8,989.0,25.65,187.27,0.56,23.8
2024-06-29 07:30:00+05:30,32.17,59.78,1.63,272.8,989.3000000000001,45.42,381.08,4.03,23.38
2024-06-29 08:30:00+05:30,33.37,54.67,1.65,255.6,989.4,97.72,569.25,0.04,23.02
2024-06-29 09:30:00+05:30,34.85,49.11,2.03,253.1,989.2,170.57,723.45,0.1,22.61
2024-06-29 10:30:00+05:30,36.46,43.88,2.35,257.2,988.8,270.48,827.95,0.22,22.21
2024-06-29 11:30:00+05:30,37.88,39.63,2.63,265.0,988.3,344.15,857.7,0.37,21.81
2024-06-29 12:30:00+05:30,38.94,36.66,2.99,273.8,987.5,475.9,817.8,0.43,21.47
2024-06-29 13:30:00+05:30,39.6,34.76,3.5,281.7,986.8000000000001,515.33,717.25,0.34,21.18
2024-06-29 14:30:00+05:30,39.58,34.3,3.81,286.6,986.3,460.5,562.2,0.25,20.95
2024-06-29 15:30:00+05:30,39.04,34.87,3.99,288.4,985.9000000000001,332.62,387.92,0.23,20.75
2024-06-29 16:30:00+05:30,38.04,36.62,4.14,287.1,986.1,184.32,213.65,0.25,20.67
2024-06-29 17:30:00+05:30,36.66,39.95,3.98,286.0,986.5,73.6,76.07,0.07,20.85
2024-06-29 18:30:00+05:30,34.79,47.33,2.81,290.2,987.2,4.62,4.32,0.02,21.95
2024-06-29 19:30:00+05:30,33.9,51.03,2.6,296.0,988.0,0.0,0.0,0.01,22.38
2024-06-29 20:30:00+05:30,33.28,54.08,2.24,297.4,988.6,0.0,0.0,0.0,22.76
2024-06-29 21:30:00+05:30,32.77,56.81,1.95,294.6,989.0999999999999,0.0,0.0,0.01,23.09
2024-06-29 22:30:00+05:30,32.33,58.82,2.0,286.3,989.3000000000001,0.0,0.0,0.13,23.26
2024-06-29 23:30:00+05:30,31.98,60.38,2.54,274.3,989.2,0.0,0.0,0.55,23.37
2024-06-30 00:30:00+05:30,31.62,62.55,3.37,264.2,989.0999999999999,0.0,0.0,1.38,23.61
2024-06-30 01:30:00+05:30,31.19,65.93,3.95,257.1,988.8,0.0,0.0,1.99,24.07
2024-06-30 02:30:00+05:30,30.69,70.02,4.05,253.8,988.4000000000001,0.0,0.0,2.37,24.61
2024-06-30 03:30:00+05:30,30.19,73.83,3.77,253.5,988.0,0.0,0.0,2.86,25.04
2024-06-30 04:30:00+05:30,29.8,76.64,3.13,252.5,988.0,0.0,0.0,2.48,25.28
2024-06-30 05:30:00+05:30,30.03,75.62,3.36,250.7,988.3,43.62,45.3,3.65,25.28
2024-06-30 06:30:00+05:30,31.18,68.69,4.23,247.2,988.7,138.18,169.73,3.32,24.76
2024-06-30 07:30:00+05:30,32.66,61.06,4.58,237.5,989.0999999999999,270.77,349.02,2.25,24.19
2024-06-30 08:30:00+05:30,33.8,55.83,4.75,227.0,989.4,400.6,556.4,6.52,23.77
2024-06-30 09:30:00+05:30,34.53,52.79,4.92,217.4,989.5,426.0,721.5,8.6,23.5
2024-06-30 10:30:00+05:30,34.89,51.64,5.2,210.8,989.2,514.55,835.05,11.46,23.48
2024-06-30 11:30:00+05:30,34.89,52.19,5.71,208.7,988.6,591.75,848.15,22.56,23.65
2024-06-30 12:30:00+05:30,34.15,55.7,6.35,210.8,987.8,632.7,814.9,25.02,24.05
2024-06-30 13:30:00+05:30,32.79,62.44,6.83,218.3,987.4,571.33,722.03,28.65,24.69
2024-06-30 14:30:00+05:30,31.48,70.36,7.01,222.6,987.0,427.4,586.12,26.16,25.45
2024-06-30 15:30:00+05:30,30.5,75.97,6.95,223.1,986.5999999999999,280.17,414.65,26.03,25.81
2024-06-30 16:30:00+05:30,29.65,80.35,7.0,224.8,986.5999999999999,155.27,232.02,29.5,25.92
2024-06-30 17:30:00+05:30,28.95,83.93,6.81,226.2,987.0,58.42,80.38,34.61,25.98
2024-06-30 18:30:00+05:30,28.35,87.45,6.23,223.5,987.6999999999999,2.78,4.45,44.66,26.09
2024-06-30 19:30:00+05:30,28.02,89.36,5.7,217.9,988.1999999999999,0.0,0.0,54.01,26.13
2024-06-30 20:30:00+05:30,27.86,90.77,5.05,213.0,988.7,0.0,0.0,74.9,26.23
2024-06-30 21:30:00+05:30,27.81,91.95,4.65,214.7,988.7,0.0,0.0,102.46,26.4
2024-06-30 22:30:00+05:30,27.87,91.4,4.64,223.3,988.4000000000001,0.0,0.0,117.83,26.36
2024-06-30 23:30:00+05:30,27.9,90.37,4.62,234.2,988.0,0.0,0.0,113.09,26.21
2024-07-01 00:30:00+05:30,27.7,91.51,3.99,240.4,987.5,0.0,0.0,96.41,26.22
2024-07-01 01:30:00+05:30,27.52,92.35,3.69,240.6,987.0,0.0,0.0,76.14,26.2
2024-07-01 02:30:00+05:30,27.34,92.83,3.65,235.6,986.7,0.0,0.0,51.15,26.09
2024-07-01 03:30:00+05:30,27.13,93.67,3.65,228.0,986.5999999999999,0.0,0.0,33.48,26.05
2024-07-01 04:30:00+05:30,27.02,93.75,3.67,222.0,986.9,0.5,0.6,23.56,25.96
2024-07-01 05:30:00+05:30,27.34,91.65,4.15,220.0,987.3000000000001,18.27,55.75,18.89,25.88
2024-07-01 06:30:00+05:30,28.51,84.49,4.97,236.2,987.6,66.88,220.57,13.06,25.67
2024-07-01 07:30:00+05:30,30.22,75.23,4.97,251.1,987.6999999999999,124.6,423.67,10.02,25.38
2024-07-01 08:30:00+05:30,31.82,67.71,4.37,253.4,987.6,184.12,609.65,10.53,25.14
2024-07-01 09:30:00+05:30,33.25,61.87,4.25,249.8,987.2,309.52,756.45,9.74,24.98
2024-07-01 10:30:00+05:30,34.5,57.39,4.46,248.0,986.5,290.58,856.38,8.78,24.88
2024-07-01 11:30:00+05:30,35.36,54.37,4.87,247.8,985.6,260.3,855.78,20.63,24.78
2024-07-01 12:30:00+05:30,35.97,52.52,5.31,248.5,984.5999999999999,374.67,798.8,22.43,24.75
2024-07-01 13:30:00+05:30,36.0,52.39,5.64,249.8,983.8,341.75,683.38,21.34,24.74
2024-07-01 14:30:00+05:30,35.7,53.45,5.77,250.3,983.3,306.42,521.53,20.1,24.8
2024-07-01 15:30:00+05:30,34.8,56.3,5.69,249.6,983.1,234.73,344.67,19.01,24.83
2024-07-01 16:30:00+05:30,33.73,60.44,5.44,247.6,983.3,127.7,180.9,12.85,25.02
2024-07-01 17:30:00+05:30,32.38,67.77,4.58,243.2,983.9,50.3,61.03,16.94,25.67
2024-07-01 18:30:00+05:30,30.98,75.73,4.43,237.5,984.7,2.4,3.55,20.72,26.21
2024-07-01 19:30:00+05:30,30.21,79.74,5.42,235.0,985.5,0.0,0.0,22.85,26.34
2024-07-01 20:30:00+05:30,29.72,81.62,6.31,235.7,986.2,0.0,0.0,14.89,26.25
2024-07-01 21:30:00+05:30,29.3,82.06,6.27,238.7,986.5,0.0,0.0,2.76,25.94
2024-07-01 22:30:00+05:30,28.98,80.65,6.36,242.6,986.4,0.0,0.0,0.26,25.33
2024-07-01 23:30:00+05:30,28.62,80.54,5.79,241.1,986.0,0.0,0.0,0.06,24.97
2024-07-02 00:30:00+05:30,28.25,81.93,5.64,239.7,985.6,0.0,0.0,0.05,24.89
2024-07-02 01:30:00+05:30,27.98,83.11,5.09,239.7,985.1,0.0,0.0,0.02,24.88
2024-07-02 02:30:00+05:30,27.79,84.02,4.79,239.1,984.9,0.0,0.0,0.01,24.87
2024-07-02 03:30:00+05:30,27.68,84.55,4.9,239.0,984.8000000000001,0.0,0.0,0.01,24.86
2024-07-02 04:30:00+05:30,27.79,83.55,5.4,245.4,985.1999999999999,0.0,0.0,0.02,24.77
2024-07-02 05:30:00+05:30,28.33,81.06,6.01,250.1,985.9000000000001,21.88,32.92,1.55,24.79
2024-07-02 06:30:00+05:30,29.54,76.05,6.72,252.8,986.5999999999999,67.43,137.5,7.99,24.9
2024-07-02 07:30:00+05:30,31.28,68.66,7.12,257.8,987.0,127.55,295.33,22.22,24.86
2024-07-02 08:30:00+05:30,32.92,61.61,7.02,260.7,987.3000000000001,200.4,470.17,5.32,24.59
2024-07-02 09:30:00+05:30,34.4,55.86,6.63,260.5,987.0999999999999,278.83,626.83,4.4,24.34
2024-07-02 10:30:00+05:30,35.6,51.6,6.14,258.1,986.4,343.08,738.9,3.13,24.12
2024-07-02 11:30:00+05:30,36.66,48.06,5.74,253.2,985.5,270.85,782.15,3.17,23.91
2024-07-02 12:30:00+05:30,37.46,45.48,5.51,247.5,984.4,331.02,753.9,2.93,23.72
2024-07-02 13:30:00+05:30,37.88,43.65,5.46,244.7,983.6,279.6,663.88,2.21,23.4
2024-07-02 14:30:00+05:30,37.23,44.49,5.33,245.3,983.1999999999999,215.23,524.55,2.46,23.14
2024-07-02 15:30:00+05:30,35.98,47.79,4.85,245.3,983.1,197.1,356.02,1.74,23.18
2024-07-02 16:30:00+05:30,34.81,52.54,4.08,242.2,983.3,115.2,189.98,1.27,23.67
2024-07-02 17:30:00+05:30,33.56,58.94,3.31,235.2,983.8,44.88,63.72,2.38,24.44
2024-07-02 18:30:00+05:30,32.3,65.0,3.12,226.9,984.5,3.03,3.67,2.55,24.89
2024-07-02 19:30:00+05:30,31.53,68.18,3.78,218.4,985.4000000000001,0.0,0.0,4.05,24.96
2024-07-02 20:30:00+05:30,30.84,70.86,4.61,213.3,986.1,0.0,0.0,4.16,24.95
2024-07-02 21:30:00+05:30,30.22,73.69,5.15,211.7,986.4,0.0,0.0,4.26,25.03
2024-07-02 22:30:00+05:30,29.73,76.18,5.28,214.3,986.5999999999999,0.0,0.0,3.45,25.11
2024-07-02 23:30:00+05:30,29.31,78.26,5.04,218.6,986.5,0.0,0.0,2.21,25.14
2024-07-03 00:30:00+05:30,29.02,79.53,4.69,222.4,986.2,0.0,0.0,1.36,25.13
2024-07-03 01:30:00+05:30,28.71,80.98,4.22,223.1,986.0,0.0,0.0,1.31,25.15
2024-07-03 02:30:00+05:30,28.33,83.22,3.56,217.7,985.9000000000001,0.0,0.0,1.9,25.23
2024-07-03 03:30:00+05:30,28.07,85.0,3.1,214.1,986.1,0.0,0.0,2.7,25.32
2024-07-03 04:30:00+05:30,27.89,86.35,2.64,208.8,986.5999999999999,0.0,0.0,2.14,25.42
2024-07-03 05:30:00+05:30,28.44,83.45,3.28,201.5,987.3000000000001,17.02,30.38,0.6,25.38
2024-07-03 06:30:00+05:30,30.06,74.98,3.81,217.3,987.6999999999999,49.3,113.72,1.04,25.16
2024-07-03 07:30:00+05:30,31.8,67.03,3.73,232.3,988.1,100.88,241.75,2.76,24.93
2024-07-03 08:30:00+05:30,32.89,62.86,3.25,232.5,988.1999999999999,133.38,381.88,23.75,24.89
2024-07-03 09:30:00+05:30,33.47,61.61,2.85,229.6,988.4000000000001,205.27,514.15,91.87,25.11
2024-07-03 10:30:00+05:30,33.54,62.75,2.33,226.0,988.5,327.35,616.97,78.05,25.47
2024-07-03 11:30:00+05:30,33.57,63.2,1.83,212.3,988.3,395.83,655.9,44.0,25.62
2024-07-03 12:30:00+05:30,33.46,63.65,1.69,195.8,987.8,345.33,634.65,30.27,25.65
2024-07-03 13:30:00+05:30,33.41,63.88,1.57,190.3,987.3000000000001,318.8,544.45,24.02,25.66
2024-07-03 14:30:00+05:30,33.26,64.39,1.28,191.2,986.8000000000001,258.4,440.75,13.63,25.65
2024-07-03 15:30:00+05:30,33.13,64.63,1.1,193.2,986.5999999999999,158.12,299.33,5.21,25.58
2024-07-03 16:30:00+05:30,32.95,65.23,1.12,189.2,986.5999999999999,93.8,166.77,0.76,25.58
2024-07-03 17:30:00+05:30,32.31,69.18,1.16,180.5,987.0,37.88,58.12,0.25,25.96
2024-07-03 18:30:00+05:30,31.28,77.4,1.09,170.5,987.5,2.33,3.35,0.19,26.87
2024-07-03 19:30:00+05:30,30.73,82.19,1.07,147.2,988.1999999999999,0.0,0.0,0.43,27.36
2024-07-03 20:30:00+05:30,30.39,82.11,1.25,121.3,988.8,0.0,0.0,2.2,27.02
2024-07-03 21:30:00+05:30,30.0,82.48,1.47,103.8,989.3000000000001,0.0,0.0,5.42,26.71
2024-07-03 22:30:00+05:30,29.56,83.43,1.7,93.4,989.3000000000001,0.0,0.0,8.75,26.47
2024-07-03 23:30:00+05:30,29.04,85.41,1.92,89.4,989.0999999999999,0.0,0.0,13.4,26.37
2024-07-04 00:30:00+05:30,28.55,87.75,2.0,90.0,988.7,0.0,0.0,26.3,26.34
2024-07-04 01:30:00+05:30,28.09,90.59,2.17,91.8,988.4000000000001,0.0,0.0,73.19,26.42
2024-07-04 02:30:00+05:30,27.75,93.18,2.17,100.9,988.1999999999999,0.0,0.0,93.89,26.58
2024-07-04 03:30:00+05:30,27.57,94.54,1.98,116.4,988.1999999999999,0.0,0.0,108.02,26.64
2024-07-04 04:30:00+05:30,27.43,95.47,1.68,127.8,988.5,0.0,0.0,99.0,26.66
2024-07-04 05:30:00+05:30,27.59,94.09,1.87,134.4,989.0,29.4,38.5,69.65,26.57
2024-07-04 06:30:00+05:30,28.13,90.16,1.77,149.4,989.5999999999999,108.68,166.77,34.09,26.38
2024-07-04 07:30:00+05:30,29.1,82.49,1.34,167.5,989.9,194.52,345.23,15.82,25.83
2024-07-04 08:30:00+05:30,30.29,75.45,0.8,148.3,990.3,344.38,531.33,1.08,25.49
2024-07-04 09:30:00+05:30,31.25,69.9,0.76,106.8,990.5,430.83,709.22,1.31,25.13
2024-07-04 10:30:00+05:30,31.94,65.83,0.82,96.3,990.3,551.78,806.78,1.91,24.78
2024-07-04 11:30:00+05:30,32.58,62.63,0.62,99.3,989.5999999999999,603.65,873.15,2.3,24.54
2024-07-04 12:30:00+05:30,33.3,59.56,0.3,140.4,988.8,609.22,849.55,2.71,24.38
2024-07-04 13:30:00+05:30,33.78,57.48,0.44,230.5,988.1999999999999,545.75,752.65,2.94,24.24
2024-07-04 14:30:00+05:30,33.77,57.18,1.02,250.0,987.6999999999999,461.5,598.22,2.99,24.15
2024-07-04 15:30:00+05:30,33.39,58.5,1.55,251.9,987.2,312.08,412.9,2.34,24.16
2024-07-04 16:30:00+05:30,32.84,60.54,1.86,248.3,987.0999999999999,180.65,233.57,1.49,24.22
2024-07-04 17:30:00+05:30,31.91,66.14,1.9,241.0,987.3000000000001,65.72,78.82,0.91,24.81
2024-07-04 18:30:00+05:30,30.77,74.43,1.73,234.2,987.6,3.17,4.4,0.74,25.72
2024-07-04 19:30:00+05:30,30.06,78.09,1.88,224.6,988.0,0.0,0.0,0.61,25.84
2024-07-04 20:30:00+05:30,29.53,80.05,2.23,217.2,988.4000000000001,0.0,0.0,0.79,25.74
2024-07-04 21:30:00+05:30,29.09,81.91,2.61,213.4,988.8,0.0,0.0,0.89,25.71
2024-07-04 22:30:00+05:30,28.71,83.92,3.0,213.3,988.7,0.0,0.0,1.81,25.75
2024-07-04 23:30:00+05:30,28.4,86.26,3.19,213.2,988.4000000000001,0.0,0.0,4.49,25.9
2024-07-05 00:30:00+05:30,28.14,88.34,3.15,212.0,987.9000000000001,0.0,0.0,7.25,26.05
2024-07-05 01:30:00+05:30,27.9,89.94,3.01,209.9,987.3000000000001,0.0,0.0,10.34,26.13
2024-07-05 02:30:00+05:30,27.68,91.19,2.9,202.8,986.9,0.0,0.0,12.12,26.15
2024-07-05 03:30:00+05:30,27.41,92.32,2.94,194.8,986.7,0.0,0.0,13.54,26.09
2024-07-05 04:30:00+05:30,27.2,93.05,3.09,190.8,986.8000000000001,0.0,0.0,14.16,26.01
2024-07-05 05:30:00+05:30,27.31,92.1,3.56,189.7,987.2,24.3,45.47,13.67,25.93
2024-07-05 06:30:00+05:30,28.18,86.37,3.95,206.3,987.6,67.22,178.98,12.75,25.71
2024-07-05 07:30:00+05:30,29.71,77.45,3.98,226.6,987.9000000000001,164.95,356.73,12.52,25.36
2024-07-05 08:30:00+05:30,31.35,70.72,3.43,232.2,988.0,274.7,541.1,11.38,25.4
2024-07-05 09:30:00+05:30,32.68,66.19,2.86,226.6,987.9000000000001,427.55,693.92,12.39,25.56
2024-07-05 10:30:00+05:30,33.84,62.2,2.5,218.7,987.4,473.2,801.67,11.97,25.63
2024-07-05 11:30:00+05:30,34.57,59.4,2.29,208.5,986.8000000000001,508.83,889.88,11.64,25.52
2024-07-05 12:30:00+05:30,34.87,58.02,2.38,195.6,986.0,594.53,861.83,11.7,25.4
2024-07-05 13:30:00+05:30,34.78,57.96,2.74,184.4,985.4000000000001,489.05,775.45,12.4,25.3
2024-07-05 14:30:00+05:30,34.33,59.74,3.13,180.9,984.9,378.8,636.4,12.81,25.39
2024-07-05 15:30:00+05:30,33.37,64.04,3.37,181.7,984.7,119.62,451.17,13.55,25.66
2024-07-05 16:30:00+05:30,32.2,69.77,3.44,185.3,984.8000000000001,66.45,257.55,12.74,26.0
2024-07-05 17:30:00+05:30,30.95,77.0,3.04,190.6,985.1999999999999,27.17,87.75,10.2,26.46
2024-07-05 18:30:00+05:30,29.98,82.68,2.77,196.5,985.9000000000001,1.45,4.82,8.17,26.73
2024-07-05 19:30:00+05:30,29.49,85.18,2.75,202.2,986.5999999999999,0.0,0.0,7.36,26.76
2024-07-05 20:30:00+05:30,29.19,86.99,2.59,205.4,987.2,0.0,0.0,7.17,26.82
2024-07-05 21:30:00+05:30,28.93,88.06,2.45,207.5,987.5,0.0,0.0,6.16,26.78
2024-07-05 22:30:00+05:30,28.68,88.26,2.45,209.9,987.2,0.0,0.0,5.36,26.57
2024-07-05 23:30:00+05:30,28.37,88.33,2.42,209.2,986.5999999999999,0.0,0.0,5.12,26.27
2024-07-06 00:30:00+05:30,28.03,88.37,2.57,208.1,986.0,0.0,0.0,4.91,25.94
2024-07-06 01:30:00+05:30,27.68,88.37,2.96,208.6,985.6,0.0,0.0,4.64,25.6
2024-07-06 02:30:00+05:30,27.31,88.67,3.6,208.9,985.5,0.0,0.0,3.9,25.29
2024-07-06 03:30:00+05:30,26.9,89.83,3.77,206.8,985.6,0.0,0.0,2.62,25.11
2024-07-06 04:30:00+05:30,26.55,90.97,3.7,205.9,985.6999999999999,0.0,0.0,1.62,24.98
2024-07-06 05:30:00+05:30,26.75,89.54,4.08,204.2,986.1,41.15,48.05,0.73,24.91
2024-07-06 06:30:00+05:30,28.12,81.54,4.68,211.6,986.5,129.02,191.48,0.23,24.67
2024-07-06 07:30:00+05:30,29.95,69.17,5.94,228.6,986.9,257.35,388.6,0.96,23.7
2024-07-06 08:30:00+05:30,31.2,63.74,5.55,226.5,987.2,380.23,580.3,34.78,23.54
2024-07-06 09:30:00+05:30,32.22,60.97,4.81,219.7,987.3000000000001,496.15,735.78,40.28,23.76
2024-07-06 10:30:00+05:30,33.41,58.18,4.23,209.0,987.0,476.52,853.58,28.78,24.09
2024-07-06 11:30:00+05:30,34.37,55.83,3.92,197.8,986.4,469.15,886.7,19.31,24.29
2024-07-06 12:30:00+05:30,35.07,54.02,3.89,190.4,985.6,424.45,855.28,16.79,24.38
2024-07-06 13:30:00+05:30,35.18,53.79,3.97,186.9,985.0,481.45,761.75,15.98,24.43
2024-07-06 14:30:00+05:30,35.1,54.42,3.94,186.9,984.5999999999999,344.05,618.25,17.4,24.54
2024-07-06 15:30:00+05:30,34.79,55.49,3.94,186.4,984.4,199.52,435.77,16.97,24.58
2024-07-06 16:30:00+05:30,33.96,60.03,3.72,183.1,984.4,116.45,246.8,13.71,25.13
2024-07-06 17:30:00+05:30,32.64,68.19,3.22,178.6,984.8000000000001,46.03,87.03,9.99,26.04
2024-07-06 18:30:00+05:30,30.94,79.4,2.59,176.5,985.5,1.92,4.82,9.5,26.97
2024-07-06 19:30:00+05:30,30.3,81.17,2.84,179.4,986.2,0.0,0.0,6.86,26.73
2024-07-06 20:30:00+05:30,29.86,82.28,3.08,183.2,987.0,0.0,0.0,5.13,26.54
2024-07-06 21:30:00+05:30,29.44,83.7,3.23,185.1,987.4,0.0,0.0,10.57,26.41
2024-07-06 22:30:00+05:30,28.96,85.66,3.26,185.4,987.5,0.0,0.0,17.26,26.34
2024-07-06 23:30:00+05:30,28.51,87.31,3.45,185.8,987.2,0.0,0.0,26.72,26.22
2024-07-07 00:30:00+05:30,28.09,88.71,3.59,184.2,986.9,0.0,0.0,26.94,26.07
2024-07-07 01:30:00+05:30,27.73,89.87,3.56,180.5,986.8000000000001,0.0,0.0,25.04,25.94
2024-07-07 02:30:00+05:30,27.42,90.7,3.4,174.6,986.7,0.0,0.0,28.41,25.79
2024-07-07 03:30:00+05:30,27.12,91.51,3.25,168.7,986.9,0.0,0.0,30.41,25.63
2024-07-07 04:30:00+05:30,26.89,92.02,3.16,165.1,987.4,0.0,0.0,33.16,25.51
2024-07-07 05:30:00+05:30,27.13,90.38,3.64,160.6,988.3,26.6,42.6,28.98,25.45
2024-07-07 06:30:00+05:30,28.09,85.95,3.81,162.6,989.3000000000001,94.65,173.57,27.1,25.54
2024-07-07 07:30:00+05:30,29.76,77.39,4.2,183.6,990.1,194.98,364.08,35.36,25.4
2024-07-07 08:30:00+05:30,31.08,73.06,3.75,189.2,990.4000000000001,285.52,544.78,22.34,25.7
2024-07-07 09:30:00+05:30,32.18,69.12,3.1,183.9,990.4000000000001,507.52,698.3,22.29,25.82
2024-07-07 10:30:00+05:30,33.16,65.12,2.56,176.2,990.1,585.5,808.35,28.99,25.74
2024-07-07 11:30:00+05:30,33.9,62.07,2.01,171.4,989.7,588.05,822.47,27.93,25.64
2024-07-07 12:30:00+05:30,33.82,62.08,1.59,165.4,989.0999999999999,521.33,807.15,22.66,25.56
2024-07-07 13:30:00+05:30,33.57,63.16,1.31,160.3,988.7,334.33,702.88,18.7,25.62
2024-07-07 14:30:00+05:30,33.35,64.08,1.03,157.2,988.4000000000001,114.65,538.17,15.08,25.65
2024-07-07 15:30:00+05:30,33.04,65.28,1.01,145.5,988.1999999999999,44.92,365.92,10.91,25.67
2024-07-07 16:30:00+05:30,32.52,67.89,1.22,133.3,988.4000000000001,28.6,193.57,12.81,25.84
2024-07-07 17:30:00+05:30,31.7,73.49,1.49,125.2,988.8,13.0,64.6,21.21,26.39
2024-07-07 18:30:00+05:30,30.56,83.31,1.55,120.7,989.5,1.1,3.72,26.17,27.42
2024-07-07 19:30:00+05:30,29.95,87.71,1.61,115.4,990.1,0.0,0.0,22.9,27.7
2024-07-07 20:30:00+05:30,29.61,88.38,1.72,110.0,990.6999999999999,0.0,0.0,21.77,27.51
2024-07-07 21:30:00+05:30,29.29,89.16,1.75,104.9,991.2,0.0,0.0,13.22,27.34
2024-07-07 22:30:00+05:30,29.02,89.98,1.71,99.7,991.2,0.0,0.0,15.6,27.23
2024-07-07 23:30:00+05:30,28.68,90.89,1.78,98.7,991.0,0.0,0.0,19.85,27.07
2024-07-08 00:30:00+05:30,28.33,91.92,1.86,100.5,990.6999999999999,0.0,0.0,28.64,26.91
2024-07-08 01:30:00+05:30,28.03,93.01,1.85,103.7,990.3,0.0,0.0,29.6,26.82
2024-07-08 02:30:00+05:30,27.75,93.99,1.91,105.5,990.3,0.0,0.0,29.06,26.71
2024-07-08 03:30:00+05:30,27.49,94.68,2.09,106.1,990.3,0.0,0.0,21.39,26.58
2024-07-08 04:30:00+05:30,27.26,95.43,2.37,107.9,990.6,0.0,0.0,12.52,26.49
2024-07-08 05:30:00+05:30,27.51,94.18,3.11,110.0,991.1,23.98,39.12,15.03,26.52
2024-07-08 06:30:00+05:30,28.27,89.57,3.3,113.8,991.5,69.78,161.38,27.11,26.41
2024-07-08 07:30:00+05:30,29.37,81.27,3.5,121.1,992.0,133.4,336.62,31.31,25.85
2024-07-08 08:30:00+05:30,30.68,73.79,3.51,127.0,992.3000000000001,225.77,520.88,0.27,25.49
2024-07-08 09:30:00+05:30,32.0,68.32,3.31,130.7,992.2,388.67,693.15,0.22,25.45
2024-07-08 10:30:00+05:30,33.0,64.41,2.98,130.9,991.9,540.55,802.1,0.16,25.41
2024-07-08 11:30:00+05:30,33.93,61.16,2.62,128.8,991.3,548.75,701.7,0.16,25.41
2024-07-08 12:30:00+05:30,34.57,58.86,2.22,123.3,990.4000000000001,549.25,670.33,0.15,25.37
2024-07-08 13:30:00+05:30,34.87,57.65,1.91,114.8,989.5999999999999,511.02,599.97,0.12,25.29
2024-07-08 14:30:00+05:30,34.78,57.56,1.8,105.1,989.0,406.05,496.4,0.07,25.18
2024-07-08 15:30:00+05:30,34.47,58.67,1.81,97.3,988.4000000000001,263.1,345.5,0.02,25.22
2024-07-08 16:30:00+05:30,33.95,60.62,1.83,93.4,988.3,157.8,197.43,0.01,25.28
2024-07-08 17:30:00+05:30,33.0,66.75,1.71,93.3,988.7,58.45,63.17,0.0,26.0
2024-07-08 18:30:00+05:30,31.58,78.8,1.52,92.6,989.4,3.85,3.55,0.0,27.44
2024-07-08 19:30:00+05:30,30.89,83.02,1.62,87.9,990.1999999999999,0.0,0.0,0.0,27.68
2024-07-08 20:30:00+05:30,30.45,84.02,1.71,83.6,990.8,0.0,0.0,0.0,27.46
2024-07-08 21:30:00+05:30,30.08,84.99,1.73,81.7,991.3,0.0,0.0,0.0,27.3
2024-07-08 22:30:00+05:30,29.76,85.9,1.68,81.1,991.3,0.0,0.0,0.0,27.16
2024-07-08 23:30:00+05:30,29.44,86.79,1.65,78.8,991.0,0.0,0.0,0.0,27.03
2024-07-09 00:30:00+05:30,29.09,87.84,1.64,75.2,990.6999999999999,0.0,0.0,0.0,26.89
2024-07-09 01:30:00+05:30,28.77,88.79,1.62,73.9,990.4000000000001,0.0,0.0,0.0,26.75
2024-07-09 02:30:00+05:30,28.47,89.79,1.57,76.4,990.4000000000001,0.0,0.0,0.0,26.66
2024-07-09 03:30:00+05:30,28.22,90.84,1.49,79.6,990.5,0.0,0.0,0.02,26.6
2024-07-09 04:30:00+05:30,27.98,92.01,1.38,80.8,990.6999999999999,0.0,0.0,0.02,26.59
2024-07-09 05:30:00+05:30,28.47,87.59,1.74,84.7,991.3,35.38,38.15,0.03,26.24
2024-07-09 06:30:00+05:30,29.64,80.83,1.6,96.8,991.8000000000001,111.2,159.05,0.03,26.02
2024-07-09 07:30:00+05:30,31.52,71.33,1.24,121.5,992.4,247.32,313.23,0.07,25.72
2024-07-09 08:30:00+05:30,32.91,65.97,0.99,161.2,992.6999999999999,409.25,503.08,2.99,25.73
2024-07-09 09:30:00+05:30,33.91,62.55,0.83,192.5,992.6999999999999,495.2,639.55,2.43,25.77
2024-07-09 10:30:00+05:30,34.68,59.42,0.72,227.2,992.2,559.2,749.83,2.85,25.62
2024-07-09 11:30:00+05:30,35.38,56.46,0.66,259.5,991.3,444.88,748.62,1.94,25.42
2024-07-09 12:30:00+05:30,35.91,54.11,0.43,279.5,990.4000000000001,424.6,737.72,2.17,25.2
2024-07-09 13:30:00+05:30,36.14,52.78,0.08,14.0,989.8000000000001,352.42,672.2,3.4,24.98
2024-07-09 14:30:00+05:30,36.08,52.43,0.62,68.4,989.3000000000001,315.52,558.5,3.41,24.81
2024-07-09 15:30:00+05:30,35.52,54.2,1.07,76.0,989.2,116.88,392.77,2.27,24.86
2024-07-09 16:30:00+05:30,34.92,56.45,1.32,88.3,989.4,72.43,221.85,0.53,24.98
2024-07-09 17:30:00+05:30,33.95,61.65,1.43,98.9,989.9,31.38,73.07,0.16,25.55
2024-07-09 18:30:00+05:30,32.5,74.21,1.35,103.7,990.6,2.0,4.05,0.01,27.28
2024-07-09 19:30:00+05:30,31.66,80.13,1.38,103.4,991.3,0.0,0.0,0.01,27.82
2024-07-09 20:30:00+05:30,31.23,81.23,1.37,104.3,991.8000000000001,0.0,0.0,0.01,27.63
2024-07-09 21:30:00+05:30,30.87,81.85,1.33,108.4,992.0999999999999,0.0,0.0,0.01,27.42
2024-07-09 22:30:00+05:30,30.5,82.71,1.3,112.2,992.0,0.0,0.0,0.01,27.23
2024-07-09 23:30:00+05:30,30.07,84.15,1.37,113.7,992.0,0.0,0.0,0.16,27.12
2024-07-10 00:30:00+05:30,29.64,85.69,1.49,121.0,991.9,0.0,0.0,0.27,27.0
2024-07-10 01:30:00+05:30,29.31,86.9,1.53,140.1,991.7,0.0,0.0,0.35,26.91
2024-07-10 02:30:00+05:30,28.93,88.08,1.6,163.3,991.5999999999999,0.0,0.0,0.43,26.77
2024-07-10 03:30:00+05:30,28.56,89.21,1.68,173.8,991.8000000000001,0.0,0.0,0.7,26.62
2024-07-10 04:30:00+05:30,28.27,90.2,1.76,180.7,992.2,0.0,0.0,1.42,26.53
2024-07-10 05:30:00+05:30,28.79,86.45,2.61,194.0,992.5,38.85,41.92,1.75,26.33
2024-07-10 06:30:00+05:30,29.81,81.39,3.0,204.9,992.9000000000001,145.15,184.15,2.76,26.3
2024-07-10 07:30:00+05:30,31.81,70.7,2.97,218.8,993.4000000000001,292.48,375.67,3.99,25.85
2024-07-10 08:30:00+05:30,33.25,63.99,2.46,227.3,993.7,472.02,577.45,100.73,25.54
2024-07-10 09:30:00+05:30,33.92,62.61,1.97,229.1,993.7,598.4,725.17,99.0,25.8
2024-07-10 10:30:00+05:30,34.31,62.32,1.62,234.1,993.1,771.3,829.85,90.47,26.09
2024-07-10 11:30:00+05:30,34.4,62.36,1.3,237.5,992.3000000000001,735.67,831.7,128.5,26.18
2024-07-10 12:30:00+05:30,34.32,62.63,1.12,227.2,991.4,629.22,809.1,85.78,26.18
2024-07-10 13:30:00+05:30,34.04,63.74,1.34,209.4,990.6,494.9,723.67,85.32,26.22
2024-07-10 14:30:00+05:30,33.59,66.78,1.8,202.2,990.0,295.92,589.5,50.98,26.57
2024-07-10 15:30:00+05:30,33.25,69.5,2.06,202.6,989.7,73.95,407.02,20.17,26.93
2024-07-10 16:30:00+05:30,32.46,71.45,2.52,207.9,989.7,39.4,215.52,2.34,26.65
2024-07-10 17:30:00+05:30,31.49,76.57,2.46,210.2,990.0,14.52,78.5,0.48,26.89
2024-07-10 18:30:00+05:30,30.42,85.44,1.97,207.9,990.4000000000001,0.73,4.15,0.17,27.72
2024-07-10 19:30:00+05:30,29.99,86.08,2.08,209.4,990.8,0.0,0.0,0.05,27.42
2024-07-10 20:30:00+05:30,29.64,86.14,2.22,215.5,991.1,0.0,0.0,0.01,27.09
2024-07-10 21:30:00+05:30,29.3,86.22,2.4,222.5,991.3,0.0,0.0,0.01,26.78
2024-07-10 22:30:00+05:30,28.96,86.8,2.51,227.3,991.2,0.0,0.0,0.0,26.56
2024-07-10 23:30:00+05:30,28.66,88.17,2.36,231.5,991.2,0.0,0.0,0.03,26.53
2024-07-11 00:30:00+05:30,28.52,89.28,2.12,236.5,991.1,0.0,0.0,0.67,26.61
2024-07-11 01:30:00+05:30,28.35,90.06,2.02,237.7,990.9000000000001,0.0,0.0,1.18,26.59
2024-07-11 02:30:00+05:30,28.17,90.42,2.13,231.7,990.6,0.0,0.0,0.8,26.48
2024-07-11 03:30:00+05:30,27.95,90.71,2.45,225.5,990.5,0.0,0.0,0.87,26.31
2024-07-11 04:30:00+05:30,27.74,91.29,2.69,220.8,990.6,0.0,0.0,1.21,26.21
2024-07-11 05:30:00+05:30,28.05,89.69,3.41,217.6,991.0,33.1,37.97,1.43,26.22
2024-07-11 06:30:00+05:30,28.77,86.72,4.18,219.9,991.0,118.95,157.95,24.54,26.36
2024-07-11 07:30:00+05:30,30.27,80.17,5.05,230.8,990.6,248.85,331.65,37.48,26.5
2024-07-11 08:30:00+05:30,31.68,74.03,5.7,242.9,990.4000000000001,385.23,522.8,18.74,26.5
2024-07-11 09:30:00+05:30,32.84,70.12,5.73,251.1,990.1,504.77,672.4,20.57,26.7
2024-07-11 10:30:00+05:30,33.54,67.89,5.48,256.0,989.5999999999999,645.75,781.97,21.46,26.81
2024-07-11 11:30:00+05:30,34.13,65.93,5.19,258.1,988.7,592.4,841.83,25.19,26.88
2024-07-11 12:30:00+05:30,34.78,63.48,4.92,257.9,987.8,572.83,816.88,27.75,26.85
2024-07-11 13:30:00+05:30,34.83,62.75,4.65,254.6,987.0,187.02,744.55,31.78,26.7
2024-07-11 14:30:00+05:30,34.33,63.79,4.54,249.1,986.4,121.75,608.7,28.83,26.51
2024-07-11 15:30:00+05:30,33.22,68.87,4.17,243.7,985.9000000000001,79.25,429.8,22.89,26.75
2024-07-11 16:30:00+05:30,32.01,75.1,4.01,238.8,985.8,43.58,240.45,17.18,27.07
2024-07-11 17:30:00+05:30,30.76,82.13,3.63,233.3,986.2,15.2,79.9,15.87,27.38
2024-07-11 18:30:00+05:30,29.84,85.45,3.75,231.8,986.8000000000001,0.82,4.35,12.83,27.16
2024-07-11 19:30:00+05:30,29.41,86.78,4.02,231.2,987.5,0.0,0.0,9.79,27.0
2024-07-11 20:30:00+05:30,29.07,88.43,3.96,229.9,988.0,0.0,0.0,8.86,26.99
2024-07-11 21:30:00+05:30,28.77,89.92,3.97,229.3,988.1,0.0,0.0,10.99,26.97
2024-07-11 22:30:00+05:30,28.51,91.29,3.76,228.1,987.8,0.0,0.0,6.17,26.98
2024-07-11 23:30:00+05:30,28.26,92.72,3.22,228.8,987.5,0.0,0.0,2.39,27.01
2024-07-12 00:30:00+05:30,28.06,93.9,2.75,228.8,987.2,0.0,0.0,1.78,27.0
2024-07-12 01:30:00+05:30,27.91,94.45,2.6,227.2,986.9,0.0,0.0,7.49,26.96
2024-07-12 02:30:00+05:30,27.76,94.73,2.82,225.4,986.8000000000001,0.0,0.0,19.43,26.87
2024-07-12 03:30:00+05:30,27.64,94.68,3.37,223.4,986.7,0.0,0.0,39.71,26.73
2024-07-12 04:30:00+05:30,27.47,94.88,3.9,222.8,986.9,0.0,0.0,50.12,26.6
2024-07-12 05:30:00+05:30,27.48,94.45,4.46,223.3,987.3000000000001,31.58,34.28,64.43,26.53
2024-07-12 06:30:00+05:30,27.78,93.17,4.88,223.8,987.6999999999999,106.07,140.3,75.39,26.61
2024-07-12 07:30:00+05:30,28.32,90.79,5.13,228.1,987.9000000000001,230.35,297.15,79.6,26.7
2024-07-12 08:30:00+05:30,29.14,86.56,5.46,237.3,988.1,373.88,453.67,31.73,26.68
2024-07-12 09:30:00+05:30,30.23,81.8,5.5,245.2,988.1,508.1,614.22,38.86,26.79
2024-07-12 10:30:00+05:30,31.3,77.87,5.28,251.5,987.6999999999999,591.12,711.75,34.41,26.98
2024-07-12 11:30:00+05:30,31.95,75.43,4.94,256.9,987.0999999999999,653.72,822.45,42.33,27.09
2024-07-12 12:30:00+05:30,32.35,74.3,4.55,261.0,986.5,583.28,803.75,32.6,27.21
2024-07-12 13:30:00+05:30,32.45,74.41,4.23,264.3,986.0,566.15,731.03,28.9,27.32
2024-07-12 14:30:00+05:30,32.37,75.01,4.11,267.1,985.6999999999999,466.67,598.9,17.64,27.4
2024-07-12 15:30:00+05:30,31.92,77.36,4.01,269.4,985.6,298.38,439.08,4.4,27.48
2024-07-12 16:30:00+05:30,31.23,81.48,3.73,270.8,985.8,168.02,248.65,0.36,27.7
2024-07-12 17:30:00+05:30,30.2,87.36,3.22,272.3,986.4,66.57,82.5,0.06,27.9
2024-07-12 18:30:00+05:30,29.25,90.81,3.27,272.6,987.0,3.42,4.2,0.03,27.62
2024-07-12 19:30:00+05:30,28.78,91.81,3.77,270.6,987.6999999999999,0.0,0.0,0.01,27.35
2024-07-12 20:30:00+05:30,28.27,93.47,3.77,271.8,988.4000000000001,0.0,0.0,0.01,27.13
2024-07-12 21:30:00+05:30,27.77,94.9,3.22,273.2,988.7,0.0,0.0,0.02,26.89
2024-07-12 22:30:00+05:30,27.28,95.68,2.45,271.2,988.5,0.0,0.0,0.02,26.55
2024-07-12 23:30:00+05:30,26.83,95.57,1.9,267.9,988.1,0.0,0.0,0.01,26.09
2024-07-13 00:30:00+05:30,26.43,95.02,1.57,265.2,987.6999999999999,0.0,0.0,0.01,25.59
2024-07-13 01:30:00+05:30,26.12,94.13,1.42,261.1,987.2,0.0,0.0,0.02,25.12
2024-07-13 02:30:00+05:30,25.83,93.26,1.41,255.2,986.9,0.0,0.0,0.03,24.68
2024-07-13 03:30:00+05:30,25.35,92.8,1.48,248.1,987.0,0.0,0.0,0.02,24.12
2024-07-13 04:30:00+05:30,25.0,92.67,1.52,239.0,987.2,0.0,0.0,0.03,23.75
2024-07-13 05:30:00+05:30,25.69,87.15,1.85,229.8,987.6,34.75,37.0,0.02,23.4
2024-07-13 06:30:00+05:30,27.28,74.97,1.99,225.4,988.0,135.2,159.55,0.3,22.48
2024-07-13 07:30:00+05:30,29.26,64.55,1.73,224.5,988.3,270.45,334.27,1.02,21.91
2024-07-13 08:30:00+05:30,30.47,61.91,1.46,216.9,988.6,388.48,512.83,23.42,22.36
2024-07-13 09:30:00+05:30,31.45,60.54,1.22,218.4,988.7,459.38,676.62,30.61,22.91
2024-07-13 10:30:00+05:30,32.36,59.22,0.87,236.3,988.5,579.45,778.9,61.9,23.41
2024-07-13 11:30:00+05:30,32.99,58.48,0.5,283.8,987.9000000000001,571.35,763.78,85.86,23.78
2024-07-13 12:30:00+05:30,33.35,58.35,0.64,352.9,987.0,556.62,759.83,103.57,24.09
2024-07-13 13:30:00+05:30,33.4,59.1,0.98,10.6,986.2,578.55,700.4,122.15,24.35
2024-07-13 14:30:00+05:30,33.2,60.02,1.08,11.7,985.4000000000001,437.7,559.17,87.3,24.41
2024-07-13 15:30:00+05:30,33.02,60.51,1.03,3.9,985.0,335.8,401.77,54.59,24.38
2024-07-13 16:30:00+05:30,32.66,62.66,0.87,357.4,985.0,192.75,232.6,7.13,24.62
2024-07-13 17:30:00+05:30,32.35,62.73,0.64,353.8,985.3,66.2,78.78,0.63,24.31
2024-07-13 18:30:00+05:30,31.52,66.77,0.39,14.7,985.6,3.65,4.03,0.44,24.44
2024-07-13 19:30:00+05:30,30.9,68.17,0.46,96.2,985.8,0.0,0.0,0.13,24.21
2024-07-13 20:30:00+05:30,30.3,73.96,0.72,128.8,986.0,0.0,0.0,0.04,25.08
2024-07-13 21:30:00+05:30,29.81,76.2,0.89,149.7,986.2,0.0,0.0,0.04,25.18
2024-07-13 22:30:00+05:30,29.37,78.37,0.94,175.1,986.1,0.0,0.0,0.01,25.22
2024-07-13 23:30:00+05:30,28.99,79.98,0.97,205.0,985.9000000000001,0.0,0.0,0.01,25.2
2024-07-14 00:30:00+05:30,28.53,82.81,1.05,226.5,985.8,0.0,0.0,0.02,25.33
2024-07-14 01:30:00+05:30,28.02,86.42,1.16,240.6,986.0,0.0,0.0,0.04,25.56
2024-07-14 02:30:00+05:30,27.48,90.32,1.34,253.6,986.0,0.0,0.0,0.66,25.78
2024-07-14 03:30:00+05:30,27.11,92.4,1.47,265.3,986.1,0.0,0.0,7.95,25.79
2024-07-14 04:30:00+05:30,26.85,93.55,1.46,270.4,986.5,0.0,0.0,3.32,25.73
2024-07-14 05:30:00+05:30,27.45,90.78,1.79,272.9,986.9,32.9,37.97,1.99,25.83
2024-07-14 06:30:00+05:30,28.71,84.14,1.71,281.8,987.2,129.57,166.75,0.38,25.79
2024-07-14 07:30:00+05:30,30.82,72.36,1.17,331.9,987.5,272.5,336.73,19.9,25.29
2024-07-14 08:30:00+05:30,32.08,66.11,1.38,24.9,987.6,437.65,527.83,0.24,24.97
2024-07-14 09:30:00+05:30,32.74,63.37,1.79,44.3,987.5,523.97,661.85,0.09,24.9
2024-07-14 10:30:00+05:30,33.39,61.53,2.08,51.4,987.0,667.08,783.75,0.09,25.01
2024-07-14 11:30:00+05:30,34.14,59.71,2.25,53.8,986.3,753.22,892.6,0.1,25.21
2024-07-14 12:30:00+05:30,34.61,58.46,2.32,56.6,985.5,695.9,870.58,0.13,25.29
2024-07-14 13:30:00+05:30,34.79,57.95,2.3,60.3,984.7,588.78,775.4,0.26,25.31
2024-07-14 14:30:00+05:30,34.66,58.41,2.31,69.0,984.0999999999999,476.02,626.85,0.24,25.33
2024-07-14 15:30:00+05:30,34.23,60.35,2.24,80.5,983.8,339.58,430.83,0.08,25.48
2024-07-14 16:30:00+05:30,33.54,64.28,2.03,89.4,984.0,201.15,238.62,0.02,25.87
2024-07-14 17:30:00+05:30,32.48,68.68,2.11,97.9,984.7,68.15,76.88,0.01,25.99
2024-07-14 18:30:00+05:30,31.01,82.18,1.73,102.3,985.6,3.9,3.88,0.01,27.61
2024-07-14 19:30:00+05:30,30.42,85.73,1.69,101.2,986.4,0.0,0.0,0.02,27.77
2024-07-14 20:30:00+05:30,30.05,86.48,1.7,95.1,987.0999999999999,0.0,0.0,0.02,27.55
2024-07-14 21:30:00+05:30,29.76,87.16,1.64,88.3,987.5,0.0,0.0,0.06,27.42
2024-07-14 22:30:00+05:30,29.46,87.89,1.57,80.1,987.6,0.0,0.0,0.27,27.27
2024-07-14 23:30:00+05:30,29.09,88.81,1.6,70.7,987.4,0.0,0.0,0.96,27.08
2024-07-15 00:30:00+05:30,28.64,90.03,1.76,62.6,987.0999999999999,0.0,0.0,4.14,26.86
2024-07-15 01:30:00+05:30,28.27,90.69,1.92,59.7,987.0,0.0,0.0,4.36,26.62
2024-07-15 02:30:00+05:30,27.96,91.28,2.16,62.7,987.0,0.0,0.0,3.51,26.43
2024-07-15 03:30:00+05:30,27.68,92.0,2.53,68.0,987.0999999999999,0.0,0.0,3.26,26.28
2024-07-15 04:30:00+05:30,27.48,92.92,3.14,73.7,987.6,0.0,0.0,4.54,26.25
2024-07-15 05:30:00+05:30,27.77,92.71,4.2,79.2,988.4000000000001,21.85,32.78,7.23,26.5
2024-07-15 06:30:00+05:30,28.75,89.87,4.51,86.2,989.0,87.95,149.45,11.25,26.94
2024-07-15 07:30:00+05:30,30.64,79.68,4.92,97.5,989.3000000000001,174.7,304.85,8.98,26.75
2024-07-15 08:30:00+05:30,32.13,71.0,5.46,103.0,989.4,384.62,474.45,0.0,26.23
2024-07-15 09:30:00+05:30,33.15,65.65,5.7,103.2,989.3000000000001,544.8,617.83,0.0,25.88
2024-07-15 10:30:00+05:30,33.9,62.73,5.79,101.7,988.9,722.8,735.28,0.0,25.82
2024-07-15 11:30:00+05:30,34.32,61.53,5.73,100.9,988.4000000000001,865.67,900.42,0.0,25.89
2024-07-15 12:30:00+05:30,34.75,60.35,5.57,100.7,987.8,776.3,872.05,0.0,25.96
2024-07-15 13:30:00+05:30,35.06,59.44,5.34,100.3,987.0,755.83,784.45,0.0,25.99
2024-07-15 14:30:00+05:30,35.13,59.59,5.07,98.3,986.4,607.2,643.38,0.0,26.09
2024-07-15 15:30:00+05:30,34.92,60.09,4.92,96.0,986.0,411.58,467.02,0.0,26.03
2024-07-15 16:30:00+05:30,33.84,65.69,4.29,91.9,986.1,248.45,276.77,0.0,26.53
2024-07-15 17:30:00+05:30,32.32,75.39,3.4,83.8,986.5999999999999,81.2,98.72,0.0,27.42
2024-07-15 18:30:00+05:30,30.66,83.51,3.01,75.5,987.0999999999999,3.75,4.47,0.0,27.57
2024-07-15 19:30:00+05:30,30.08,85.23,3.24,73.1,987.4,0.0,0.0,0.0,27.35
2024-07-15 20:30:00+05:30,29.69,86.84,3.29,72.8,987.9000000000001,0.0,0.0,0.0,27.28
2024-07-15 21:30:00+05:30,29.35,88.4,3.25,73.4,988.3,0.0,0.0,0.0,27.26
2024-07-15 22:30:00+05:30,29.04,89.61,3.34,74.5,988.3,0.0,0.0,0.0,27.18
2024-07-15 23:30:00+05:30,28.74,90.63,3.83,73.3,988.1999999999999,0.0,0.0,0.0,27.08
2024-07-16 00:30:00+05:30,28.41,91.75,4.32,75.7,988.3,0.0,0.0,0.0,26.96
2024-07-16 01:30:00+05:30,28.04,92.99,4.14,81.7,988.1,0.0,0.0,0.0,26.82
2024-07-16 02:30:00+05:30,27.56,94.98,3.26,86.1,987.8,0.0,0.0,0.0,26.71
2024-07-16 03:30:00+05:30,27.32,95.76,3.43,83.3,988.1999999999999,0.0,0.0,0.0,26.61
2024-07-16 04:30:00+05:30,27.29,95.4,3.72,82.4,988.9,0.0,0.0,0.0,26.52
2024-07-16 05:30:00+05:30,27.61,93.37,4.07,87.5,989.5999999999999,45.88,46.05,0.0,26.46
2024-07-16 06:30:00+05:30,28.57,88.77,4.23,87.7,990.1999999999999,186.18,199.43,0.0,26.56
2024-07-16 07:30:00+05:30,29.88,79.81,5.1,97.2,990.6999999999999,372.35,384.02,0.0,26.04
2024-07-16 08:30:00+05:30,30.82,74.4,6.06,98.0,991.0,532.7,540.92,0.0,25.77
2024-07-16 09:30:00+05:30,31.83,70.8,6.75,95.6,990.9000000000001,653.9,695.6,0.0,25.89
2024-07-16 10:30:00+05:30,32.4,69.7,7.0,92.7,990.4000000000001,713.75,818.67,0.0,26.18
2024-07-16 11:30:00+05:30,32.28,71.47,6.98,90.0,989.7,753.25,916.58,0.0,26.48
2024-07-16 12:30:00+05:30,32.25,72.44,6.81,89.7,989.0,622.95,905.7,0.0,26.68
2024-07-16 13:30:00+05:30,32.56,71.54,6.37,88.7,988.1999999999999,619.35,813.53,0.0,26.77
2024-07-16 14:30:00+05:30,33.01,70.11,5.8,86.8,987.6,574.25,664.2,0.0,26.85
2024-07-16 15:30:00+05:30,33.21,69.38,5.22,83.7,987.0999999999999,417.88,472.48,0.0,26.87
2024-07-16 16:30:00+05:30,32.72,72.5,4.36,76.9,987.0,246.75,274.02,0.0,27.15
2024-07-16 17:30:00+05:30,31.45,80.62,3.5,65.2,987.3000000000001,74.22,89.12,0.0,27.72
2024-07-16 18:30:00+05:30,30.0,86.93,3.43,60.1,987.8,3.12,4.12,0.0,27.61
2024-07-16 19:30:00+05:30,29.4,88.83,3.87,61.2,988.4000000000001,0.0,0.0,0.0,27.39
2024-07-16 20:30:00+05:30,28.99,90.55,3.86,67.4,989.0,0.0,0.0,0.0,27.31
2024-07-16 21:30:00+05:30,28.69,91.9,3.49,76.6,989.3000000000001,0.0,0.0,0.0,27.27
2024-07-16 22:30:00+05:30,28.45,92.79,3.17,85.8,989.4,0.0,0.0,0.0,27.19
2024-07-16 23:30:00+05:30,28.22,93.58,2.76,91.2,989.2,0.0,0.0,0.0,27.11
2024-07-17 00:30:00+05:30,28.01,94.1,2.4,97.7,989.0,0.0,0.0,0.0,27.0
2024-07-17 01:30:00+05:30,27.81,94.53,2.03,107.5,988.9,0.0,0.0,0.0,26.88
2024-07-17 02:30:00+05:30,27.61,94.98,1.7,116.1,988.9,0.0,0.0,0.0,26.76
2024-07-17 03:30:00+05:30,27.36,95.5,1.44,117.3,989.0999999999999,0.0,0.0,0.0,26.61
2024-07-17 04:30:00+05:30,27.2,95.47,1.2,112.1,989.3000000000001,0.0,0.0,0.0,26.44
2024-07-17 05:30:00+05:30,27.83,92.46,1.41,105.6,989.5999999999999,36.67,39.58,0.0,26.52
2024-07-17 06:30:00+05:30,29.14,84.65,1.77,113.2,990.0,127.22,174.0,0.0,26.31
2024-07-17 07:30:00+05:30,31.05,74.31,2.28,119.9,990.4000000000001,235.75,343.33,0.0,25.96
2024-07-17 08:30:00+05:30,32.54,67.81,2.66,116.9,990.6,402.6,527.67,0.0,25.83
2024-07-17 09:30:00+05:30,33.49,64.55,2.68,107.1,990.5,546.4,685.03,0.0,25.91
2024-07-17 10:30:00+05:30,34.09,62.57,2.69,93.4,990.0,618.7,785.55,0.0,25.95
2024-07-17 11:30:00+05:30,34.38,61.5,3.0,84.1,989.3000000000001,713.97,913.08,0.0,25.93
2024-07-17 12:30:00+05:30,34.31,61.56,3.27,81.5,988.7,662.67,888.85,0.0,25.87
2024-07-17 13:30:00+05:30,34.12,62.03,3.33,82.9,988.1,693.45,810.28,0.0,25.83
2024-07-17 14:30:00+05:30,33.94,62.79,3.2,88.4,987.5,563.4,671.0,0.0,25.86
2024-07-17 15:30:00+05:30,33.69,63.52,3.12,96.3,987.0,405.15,472.4,0.0,25.82
2024-07-17 16:30:00+05:30,33.02,67.13,2.86,101.7,986.7,250.45,280.02,0.0,26.11
2024-07-17 17:30:00+05:30,31.98,73.31,2.48,103.5,987.0,81.12,90.38,0.0,26.62
2024-07-17 18:30:00+05:30,30.51,84.18,1.91,98.1,987.4,3.8,3.95,0.0,27.56
2024-07-17 19:30:00+05:30,30.0,85.96,2.02,88.9,987.9000000000001,0.0,0.0,0.0,27.41
2024-07-17 20:30:00+05:30,29.56,86.42,2.26,81.1,988.5,0.0,0.0,0.0,27.07
2024-07-17 21:30:00+05:30,29.15,87.23,2.44,78.6,988.9,0.0,0.0,0.0,26.83
2024-07-17 22:30:00+05:30,28.76,88.44,2.55,79.8,989.0,0.0,0.0,0.0,26.68
2024-07-17 23:30:00+05:30,28.39,89.86,2.64,79.3,988.8,0.0,0.0,0.0,26.58
2024-07-18 00:30:00+05:30,28.05,91.5,2.61,77.1,988.4000000000001,0.0,0.0,0.0,26.56
2024-07-18 01:30:00+05:30,27.72,93.32,2.41,73.8,988.0,0.0,0.0,0.0,26.56
2024-07-18 02:30:00+05:30,27.48,94.72,2.11,72.9,987.5,0.0,0.0,0.0,26.58
2024-07-18 03:30:00+05:30,27.31,95.45,2.28,74.0,987.5,0.0,0.0,0.0,26.55
2024-07-18 04:30:00+05:30,27.22,95.82,2.46,74.7,987.9000000000001,0.0,0.0,0.0,26.53
2024-07-18 05:30:00+05:30,27.7,93.75,3.01,76.4,988.3,37.15,43.12,0.0,26.62
2024-07-18 06:30:00+05:30,29.02,87.22,3.41,84.4,988.8,168.65,198.98,0.0,26.7
2024-07-18 07:30:00+05:30,30.75,78.02,3.97,95.4,989.2,333.58,368.3,0.0,26.5
2024-07-18 08:30:00+05:30,32.36,70.2,3.91,99.3,989.4,459.02,542.17,0.62,26.26
2024-07-18 09:30:00+05:30,33.78,64.61,3.72,97.9,989.2,624.25,680.72,1.56,26.19
2024-07-18 10:30:00+05:30,34.61,61.67,3.74,95.4,988.7,698.12,800.65,3.33,26.19
2024-07-18 11:30:00+05:30,35.16,59.75,3.84,93.7,988.0,742.85,900.42,7.02,26.18
2024-07-18 12:30:00+05:30,35.53,58.68,3.77,90.6,987.3000000000001,725.08,870.95,10.14,26.22
2024-07-18 13:30:00+05:30,35.68,58.27,3.53,85.3,986.5999999999999,668.75,794.85,11.99,26.23
2024-07-18 14:30:00+05:30,35.5,58.94,3.26,80.5,985.9000000000001,533.88,661.92,10.11,26.26
2024-07-18 15:30:00+05:30,35.19,60.02,2.91,78.3,985.6,359.62,470.27,8.66,26.27
2024-07-18 16:30:00+05:30,34.45,64.45,2.41,77.1,985.6,218.9,279.33,4.41,26.78
2024-07-18 17:30:00+05:30,33.21,69.09,2.46,74.2,986.0,71.07,93.75,2.1,26.78
2024-07-18 18:30:00+05:30,31.47,83.15,1.96,65.5,986.7,3.53,4.12,0.29,28.28
2024-07-18 19:30:00+05:30,30.78,84.9,2.07,60.8,987.2,0.0,0.0,0.19,27.95
2024-07-18 20:30:00+05:30,30.32,86.05,2.11,58.0,987.6,0.0,0.0,0.21,27.74
2024-07-18 21:30:00+05:30,29.95,86.82,2.21,54.6,987.8,0.0,0.0,0.12,27.55
2024-07-18 22:30:00+05:30,29.54,86.8,2.81,54.6,987.9000000000001,0.0,0.0,0.14,27.12
2024-07-18 23:30:00+05:30,29.16,87.41,3.46,57.6,987.6,0.0,0.0,0.27,26.87
2024-07-19 00:30:00+05:30,28.73,89.74,3.38,60.6,986.9,0.0,0.0,0.53,26.91
2024-07-19 01:30:00+05:30,28.4,91.82,3.42,59.8,986.4,0.0,0.0,0.76,26.96
2024-07-19 02:30:00+05:30,28.16,93.45,3.58,59.1,986.1,0.0,0.0,0.8,27.03
2024-07-19 03:30:00+05:30,27.98,94.8,3.63,60.5,986.0,0.0,0.0,0.84,27.1
2024-07-19 04:30:00+05:30,27.88,95.5,3.47,63.1,986.3,0.0,0.0,0.12,27.12
2024-07-19 05:30:00+05:30,28.29,94.09,3.65,64.7,986.8000000000001,27.8,38.25,0.05,27.27
2024-07-19 06:30:00+05:30,29.53,88.48,3.51,68.3,987.2,119.62,173.95,1.73,27.44
2024-07-19 07:30:00+05:30,31.57,76.71,3.45,84.2,987.6999999999999,243.38,338.02,4.06,27.0
2024-07-19 08:30:00+05:30,33.42,66.64,3.86,97.4,987.8,383.17,540.9,6.84,26.38
2024-07-19 09:30:00+05:30,34.6,61.74,4.3,100.4,987.6,491.45,678.97,5.87,26.2
2024-07-19 10:30:00+05:30,35.41,58.85,4.36,100.2,987.2,604.97,789.85,3.87,26.14
2024-07-19 11:30:00+05:30,35.96,56.78,4.14,97.9,986.5999999999999,752.67,877.92,3.87,26.06
2024-07-19 12:30:00+05:30,36.3,55.36,3.78,92.7,985.9000000000001,743.17,862.53,1.62,25.94
2024-07-19 13:30:00+05:30,36.45,54.87,3.43,84.7,985.1999999999999,610.92,767.83,0.79,25.93
2024-07-19 14:30:00+05:30,36.24,55.21,3.1,75.1,984.5999999999999,413.4,616.7,0.43,25.85
2024-07-19 15:30:00+05:30,35.71,56.68,2.91,64.3,984.0999999999999,322.98,449.5,0.2,25.8
2024-07-19 16:30:00+05:30,34.78,62.35,2.58,56.4,984.0999999999999,187.45,256.17,0.02,26.52
2024-07-19 17:30:00+05:30,33.37,68.97,2.66,52.5,984.5,74.07,81.25,0.01,26.9
2024-07-19 18:30:00+05:30,31.39,82.11,2.28,46.6,985.0,3.4,3.62,0.06,28.0
2024-07-19 19:30:00+05:30,30.64,83.5,2.58,44.5,985.5,0.0,0.0,0.08,27.55
2024-07-19 20:30:00+05:30,30.1,84.47,3.0,41.8,986.0,0.0,0.0,0.04,27.22
2024-07-19 21:30:00+05:30,29.6,85.83,3.42,38.1,986.5,0.0,0.0,0.02,26.99
2024-07-19 22:30:00+05:30,29.11,88.01,3.61,34.2,986.4,0.0,0.0,0.01,26.94
2024-07-19 23:30:00+05:30,28.64,90.41,3.8,29.8,986.1,0.0,0.0,0.01,26.94
2024-07-20 00:30:00+05:30,28.24,92.59,4.19,25.8,985.8,0.0,0.0,0.01,26.95
2024-07-20 01:30:00+05:30,27.91,94.58,4.39,24.1,985.6999999999999,0.0,0.0,0.01,26.98
2024-07-20 02:30:00+05:30,27.76,95.42,3.79,24.9,985.8,0.0,0.0,0.01,26.98
2024-07-20 03:30:00+05:30,27.67,95.85,3.01,27.8,985.9000000000001,0.0,0.0,0.01,26.98
2024-07-20 04:30:00+05:30,27.56,96.42,2.51,31.0,986.3,0.0,0.0,0.0,26.96
2024-07-20 05:30:00+05:30,28.11,94.07,3.16,33.6,986.8000000000001,37.95,39.22,0.0,27.09
2024-07-20 06:30:00+05:30,29.32,88.73,3.47,39.1,987.3000000000001,173.4,183.82,0.08,27.29
2024-07-20 07:30:00+05:30,30.67,82.14,3.87,53.4,987.6,324.15,351.15,2.58,27.28
2024-07-20 08:30:00+05:30,32.0,76.18,4.1,63.9,987.9000000000001,489.12,544.2,11.31,27.3
2024-07-20 09:30:00+05:30,33.11,70.8,4.55,71.4,987.8,631.7,714.22,8.44,27.12
2024-07-20 10:30:00+05:30,34.12,66.51,5.03,76.2,987.4,733.75,823.15,4.98,27.02
2024-07-20 11:30:00+05:30,34.68,63.99,5.22,77.6,986.8000000000001,774.4,893.8,1.66,26.88
2024-07-20 12:30:00+05:30,35.26,61.73,5.21,76.8,986.0,708.78,853.15,0.38,26.82
2024-07-20 13:30:00+05:30,35.52,60.4,5.06,75.4,985.1,643.08,735.08,0.11,26.69
2024-07-20 14:30:00+05:30,35.66,59.55,4.69,73.7,984.5,498.15,580.4,0.05,26.59
2024-07-20 15:30:00+05:30,35.38,59.61,4.33,70.3,984.3000000000001,316.83,395.25,0.01,26.33
2024-07-20 16:30:00+05:30,34.48,63.82,3.77,65.4,984.4,192.98,225.15,0.0,26.64
2024-07-20 17:30:00+05:30,32.96,72.23,3.15,58.2,984.9,64.75,71.5,0.0,27.3
2024-07-20 18:30:00+05:30,31.1,82.31,2.58,47.7,985.6,3.25,3.28,0.01,27.75
2024-07-20 19:30:00+05:30,30.5,83.06,3.01,43.8,986.5,0.0,0.0,0.01,27.31
2024-07-20 20:30:00+05:30,30.05,83.59,3.64,42.5,987.2,0.0,0.0,0.01,26.99
2024-07-20 21:30:00+05:30,29.59,85.14,4.15,42.6,987.4,0.0,0.0,0.01,26.85
2024-07-20 22:30:00+05:30,29.07,87.94,4.18,40.6,987.0999999999999,0.0,0.0,0.01,26.88
2024-07-20 23:30:00+05:30,28.61,90.54,4.44,40.3,986.7,0.0,0.0,0.01,26.94
2024-07-21 00:30:00+05:30,28.32,92.4,4.87,44.2,986.2,0.0,0.0,0.01,26.99
2024-07-21 01:30:00+05:30,28.16,93.51,4.8,48.7,985.9000000000001,0.0,0.0,0.02,27.04
2024-07-21 02:30:00+05:30,28.04,93.99,4.51,52.6,985.6999999999999,0.0,0.0,0.01,27.01
2024-07-21 03:30:00+05:30,27.89,94.5,4.23,57.5,985.9000000000001,0.0,0.0,0.03,26.95
2024-07-21 04:30:00+05:30,27.75,95.23,3.9,64.4,986.3,0.0,0.0,0.01,26.95
2024-07-21 05:30:00+05:30,28.1,93.67,4.19,71.9,987.0999999999999,38.92,39.8,0.0,27.01
2024-07-21 06:30:00+05:30,29.07,88.98,4.42,81.2,987.6999999999999,178.88,191.52,0.0,27.09
2024-07-21 07:30:00+05:30,30.39,81.35,5.08,91.1,988.3,352.45,386.45,0.0,26.86
2024-07-21 08:30:00+05:30,31.65,74.31,5.61,90.0,988.5,515.17,578.1,0.0,26.53
2024-07-21 09:30:00+05:30,32.78,68.58,5.89,85.4,988.3,613.5,741.97,0.0,26.27
2024-07-21 10:30:00+05:30,33.86,64.11,6.04,83.0,987.8,641.72,842.4,0.0,26.14
2024-07-21 11:30:00+05:30,34.8,60.83,6.06,83.5,987.0999999999999,656.9,919.0,0.0,26.13
2024-07-21 12:30:00+05:30,35.29,58.99,5.95,84.5,986.1,700.15,893.03,0.0,26.07
2024-07-21 13:30:00+05:30,35.48,58.06,5.93,85.4,985.3,610.05,793.62,0.0,25.99
2024-07-21 14:30:00+05:30,34.87,59.39,5.98,86.6,984.8000000000001,486.75,625.53,0.0,25.8
2024-07-21 15:30:00+05:30,33.68,62.94,5.87,88.0,984.7,348.73,434.05,0.0,25.66
2024-07-21 16:30:00+05:30,32.54,68.15,5.21,87.1,984.9,200.07,241.82,0.0,25.91
2024-07-21 17:30:00+05:30,31.21,75.44,4.01,83.8,985.3,64.45,78.9,0.0,26.37
2024-07-21 18:30:00+05:30,29.7,82.47,3.18,78.9,985.8,2.95,3.35,0.0,26.41
2024-07-21 19:30:00+05:30,29.04,84.45,3.37,74.4,986.5,0.0,0.0,0.0,26.18
2024-07-21 20:30:00+05:30,28.65,86.09,3.46,68.1,987.0999999999999,0.0,0.0,0.0,26.12
2024-07-21 21:30:00+05:30,28.33,87.97,3.44,61.1,987.5,0.0,0.0,0.0,26.17
2024-07-21 22:30:00+05:30,28.09,89.72,3.36,54.7,987.3000000000001,0.0,0.0,0.0,26.27
2024-07-21 23:30:00+05:30,27.86,91.45,3.23,47.3,986.7,0.0,0.0,0.0,26.36
2024-07-22 00:30:00+05:30,27.67,92.79,3.46,39.7,986.1,0.0,0.0,0.0,26.42
2024-07-22 01:30:00+05:30,27.56,93.8,3.79,35.4,985.6,0.0,0.0,0.0,26.49
2024-07-22 02:30:00+05:30,27.49,94.51,3.77,38.0,985.5,0.0,0.0,0.0,26.56
2024-07-22 03:30:00+05:30,27.57,94.5,3.73,50.8,985.6,0.0,0.0,0.0,26.64
2024-07-22 04:30:00+05:30,27.56,95.08,3.44,56.5,986.2,0.0,0.0,0.0,26.72
2024-07-22 05:30:00+05:30,27.85,94.17,3.7,62.7,986.9,33.45,36.6,0.0,26.85
2024-07-22 06:30:00+05:30,28.5,91.59,4.19,74.8,987.5,141.18,178.65,0.0,27.01
2024-07-22 07:30:00+05:30,29.42,86.46,4.65,89.0,987.8,330.38,362.1,0.0,26.95
2024-07-22 08:30:00+05:30,30.13,81.74,5.11,91.0,988.1999999999999,468.33,561.53,2.71,26.68
2024-07-22 09:30:00+05:30,30.79,77.9,5.54,87.1,988.1999999999999,585.0,721.7,1.94,26.52
2024-07-22 10:30:00+05:30,31.44,74.8,5.64,84.9,987.6999999999999,668.17,833.08,1.35,26.44
2024-07-22 11:30:00+05:30,32.3,71.52,5.69,82.6,987.0,722.8,892.78,1.04,26.51
2024-07-22 12:30:00+05:30,32.97,69.03,5.54,80.0,986.2,689.5,860.65,0.78,26.55
2024-07-22 13:30:00+05:30,33.56,67.01,5.31,78.7,985.5,602.33,764.83,0.74,26.61
2024-07-22 14:30:00+05:30,33.9,65.71,5.1,77.9,985.0,527.9,618.55,0.45,26.59
2024-07-22 15:30:00+05:30,33.72,66.24,4.75,75.7,984.7,391.15,431.75,0.2,26.56
2024-07-22 16:30:00+05:30,33.12,69.18,4.31,72.6,984.9,227.07,250.77,0.06,26.73
2024-07-22 17:30:00+05:30,31.74,77.61,3.3,71.6,985.4000000000001,70.95,80.18,0.01,27.36
2024-07-22 18:30:00+05:30,30.2,84.89,2.72,70.0,986.0,3.0,3.25,0.0,27.4
2024-07-22 19:30:00+05:30,29.66,86.66,2.82,68.5,986.7,0.0,0.0,0.0,27.23
2024-07-22 20:30:00+05:30,29.24,88.54,2.67,62.8,987.4,0.0,0.0,0.0,27.17
2024-07-22 21:30:00+05:30,28.91,90.24,2.51,51.6,987.6999999999999,0.0,0.0,0.01,27.18
2024-07-22 22:30:00+05:30,28.62,91.64,2.59,39.8,987.6999999999999,0.0,0.0,0.1,27.15
2024-07-22 23:30:00+05:30,28.32,93.22,2.83,30.4,987.3000000000001,0.0,0.0,0.38,27.15
2024-07-23 00:30:00+05:30,28.11,94.6,3.17,24.4,986.7,0.0,0.0,1.09,27.18
2024-07-23 01:30:00+05:30,27.99,95.46,3.34,22.9,986.3,0.0,0.0,2.64,27.23
2024-07-23 02:30:00+05:30,27.91,95.8,3.26,27.8,986.0,0.0,0.0,3.2,27.2
2024-07-23 03:30:00+05:30,27.78,96.05,2.79,36.8,985.8,0.0,0.0,2.71,27.12
2024-07-23 04:30:00+05:30,27.59,96.63,2.23,45.2,985.9000000000001,0.0,0.0,2.05,27.02
2024-07-23 05:30:00+05:30,28.02,94.75,2.65,51.1,986.2,32.28,32.9,2.55,27.12
2024-07-23 06:30:00+05:30,28.92,90.28,2.97,72.4,986.5999999999999,145.4,161.7,1.9,27.19
2024-07-23 07:30:00+05:30,29.94,83.71,3.2,89.8,987.0999999999999,297.42,346.0,0.64,26.9
2024-07-23 08:30:00+05:30,30.94,77.8,3.13,87.1,987.4,423.23,543.97,6.37,26.62
2024-07-23 09:30:00+05:30,31.99,72.93,3.51,79.7,987.3000000000001,545.9,722.5,5.59,26.56
2024-07-23 10:30:00+05:30,32.92,68.87,3.93,76.8,986.8000000000001,634.28,840.15,6.06,26.46
2024-07-23 11:30:00+05:30,33.46,66.29,4.17,74.4,986.1,656.85,875.28,11.02,26.33
2024-07-23 12:30:00+05:30,33.69,65.48,4.32,70.4,985.4000000000001,589.1,861.8,11.89,26.35
2024-07-23 13:30:00+05:30,33.86,65.11,4.39,66.6,984.7,472.38,789.0,9.39,26.41
2024-07-23 14:30:00+05:30,33.55,66.6,4.18,63.4,984.2,382.95,644.25,6.07,26.5
2024-07-23 15:30:00+05:30,33.09,68.68,3.97,59.1,983.8,270.48,449.62,2.78,26.58
2024-07-23 16:30:00+05:30,32.18,73.4,3.52,52.7,983.8,169.8,257.27,0.96,26.84
2024-07-23 17:30:00+05:30,30.99,80.3,3.0,43.4,984.2,58.3,81.15,0.56,27.22
2024-07-23 18:30:00+05:30,29.7,87.53,2.61,32.0,984.5999999999999,2.22,3.2,0.8,27.43
2024-07-23 19:30:00+05:30,29.13,89.39,2.98,24.8,985.0,0.0,0.0,1.11,27.23
2024-07-23 20:30:00+05:30,28.68,91.2,3.15,22.0,985.5,0.0,0.0,1.23,27.14
2024-07-23 21:30:00+05:30,28.31,93.12,3.14,20.3,985.6999999999999,0.0,0.0,1.3,27.12
2024-07-23 22:30:00+05:30,28.05,94.38,3.3,22.6,985.6999999999999,0.0,0.0,1.09,27.09
2024-07-23 23:30:00+05:30,27.92,94.65,3.38,32.0,985.3,0.0,0.0,0.78,27.0
2024-07-24 00:30:00+05:30,27.76,95.27,3.03,39.2,984.7,0.0,0.0,0.69,26.96
2024-07-24 01:30:00+05:30,27.64,95.71,2.61,46.4,984.0,0.0,0.0,0.41,26.91
2024-07-24 02:30:00+05:30,27.54,96.18,2.03,54.0,983.5,0.0,0.0,0.27,26.92
2024-07-24 03:30:00+05:30,27.39,96.87,1.59,62.6,983.1999999999999,0.0,0.0,0.15,26.87
2024-07-24 04:30:00+05:30,27.27,97.29,1.31,70.9,983.1,0.0,0.0,0.1,26.82
2024-07-24 05:30:00+05:30,27.95,94.18,1.46,80.9,983.4000000000001,33.03,36.35,0.43,26.96
2024-07-24 06:30:00+05:30,29.46,86.67,1.55,118.1,983.9,120.82,173.62,4.69,27.02
2024-07-24 07:30:00+05:30,31.21,78.15,1.97,143.2,984.5,244.2,348.1,3.92,26.97
2024-07-24 08:30:00+05:30,32.6,71.75,2.11,137.7,984.7,371.45,528.25,1.42,26.85
2024-07-24 09:30:00+05:30,33.68,66.67,2.37,122.1,984.5,456.83,658.33,1.71,26.63
2024-07-24 10:30:00+05:30,34.58,62.67,2.73,115.2,983.8,537.05,771.38,1.9,26.43
2024-07-24 11:30:00+05:30,35.25,60.04,3.05,110.5,983.1,670.22,878.9,16.56,26.34
2024-07-24 12:30:00+05:30,35.66,58.33,3.31,108.3,982.0999999999999,661.78,851.47,11.64,26.24
2024-07-24 13:30:00+05:30,35.83,57.44,3.39,108.4,981.2,600.75,768.03,8.6,26.13
2024-07-24 14:30:00+05:30,35.63,57.88,3.39,110.2,980.5,483.75,613.12,4.92,26.07
2024-07-24 15:30:00+05:30,34.9,60.19,3.19,113.1,980.1999999999999,308.15,426.25,2.18,26.05
2024-07-24 16:30:00+05:30,33.93,64.82,2.71,113.4,980.3,187.18,238.77,1.03,26.39
2024-07-24 17:30:00+05:30,32.61,70.4,2.55,112.8,980.8,66.9,82.25,0.73,26.53
2024-07-24 18:30:00+05:30,31.01,82.86,1.82,109.2,981.5,2.58,3.17,0.45,27.76
2024-07-24 19:30:00+05:30,30.4,85.29,1.73,104.4,982.2,0.0,0.0,0.1,27.68
2024-07-24 20:30:00+05:30,29.96,86.66,1.66,101.9,982.9000000000001,0.0,0.0,0.25,27.52
2024-07-24 21:30:00+05:30,29.61,87.87,1.6,93.9,983.3,0.0,0.0,1.25,27.4
2024-07-24 22:30:00+05:30,29.19,88.77,1.71,85.7,983.3,0.0,0.0,5.4,27.18
2024-07-24 23:30:00+05:30,28.76,89.76,1.84,83.1,982.9000000000001,0.0,0.0,8.32,26.93
2024-07-25 00:30:00+05:30,28.42,90.67,1.9,84.3,982.3000000000001,0.0,0.0,4.45,26.78
2024-07-25 01:30:00+05:30,28.1,92.02,1.86,83.8,981.5999999999999,0.0,0.0,4.12,26.7
2024-07-25 02:30:00+05:30,27.82,93.13,1.84,80.3,981.3,0.0,0.0,0.71,26.64
2024-07-25 03:30:00+05:30,27.49,94.53,1.84,77.5,981.3,0.0,0.0,6.58,26.56
2024-07-25 04:30:00+05:30,27.22,95.83,1.79,78.8,981.4,0.0,0.0,21.02,26.52
2024-07-25 05:30:00+05:30,27.53,94.52,2.42,84.1,981.8000000000001,24.73,33.17,34.02,26.59
2024-07-25 06:30:00+05:30,28.66,89.25,2.68,94.7,982.2,113.12,167.43,74.2,26.74
2024-07-25 07:30:00+05:30,30.23,79.59,2.91,109.2,982.6,227.23,348.65,60.89,26.33
2024-07-25 08:30:00+05:30,31.48,73.04,2.78,117.7,982.9000000000001,371.3,545.95,5.78,26.08
2024-07-25 09:30:00+05:30,32.36,69.43,2.46,120.8,982.9000000000001,491.33,699.22,6.03,26.06
2024-07-25 10:30:00+05:30,32.85,67.4,2.27,118.4,982.6999999999999,516.92,801.58,6.1,26.04
2024-07-25 11:30:00+05:30,33.06,66.44,2.29,112.6,982.4,688.15,887.03,5.3,25.98
2024-07-25 12:30:00+05:30,33.17,65.85,2.28,109.5,982.0,661.45,862.05,4.12,25.95
2024-07-25 13:30:00+05:30,33.33,65.31,2.01,107.4,981.4,578.83,757.7,3.28,25.96
2024-07-25 14:30:00+05:30,33.67,64.32,1.75,105.5,980.9000000000001,427.7,616.38,2.76,26.01
2024-07-25 15:30:00+05:30,33.7,64.13,1.6,103.0,980.6,223.57,438.35,2.02,26.0
2024-07-25 16:30:00+05:30,33.12,67.73,1.48,94.3,980.6,122.7,246.8,0.87,26.37
2024-07-25 17:30:00+05:30,32.13,71.89,1.71,87.3,980.9000000000001,47.65,77.65,1.18,26.42
2024-07-25 18:30:00+05:30,30.71,85.79,1.46,81.7,981.2,2.15,2.95,2.39,28.07
2024-07-25 19:30:00+05:30,30.08,87.58,1.62,80.8,981.5999999999999,0.0,0.0,7.23,27.81
2024-07-25 20:30:00+05:30,29.5,88.61,1.89,78.7,982.5,0.0,0.0,16.42,27.45
2024-07-25 21:30:00+05:30,28.98,89.58,2.19,81.6,983.3,0.0,0.0,19.13,27.12
2024-07-25 22:30:00+05:30,28.6,91.16,2.22,91.8,983.4000000000001,0.0,0.0,11.23,27.04
2024-07-25 23:30:00+05:30,28.33,92.78,2.0,102.1,983.3,0.0,0.0,7.58,27.07
2024-07-26 00:30:00+05:30,28.1,94.25,1.72,104.8,983.0,0.0,0.0,5.69,27.11
2024-07-26 01:30:00+05:30,27.9,95.31,1.47,105.0,982.5,0.0,0.0,4.02,27.1
2024-07-26 02:30:00+05:30,27.7,96.14,1.28,103.1,982.0999999999999,0.0,0.0,2.78,27.05
2024-07-26 03:30:00+05:30,27.55,96.77,1.1,92.6,982.0,0.0,0.0,2.12,27.01
2024-07-26 04:30:00+05:30,27.4,97.15,1.12,77.1,982.3000000000001,0.0,0.0,2.26,26.93
2024-07-26 05:30:00+05:30,27.76,94.93,1.57,71.8,982.9000000000001,27.1,32.38,2.96,26.89
2024-07-26 06:30:00+05:30,28.7,90.4,1.89,78.7,983.4000000000001,130.38,168.23,4.08,26.99
2024-07-26 07:30:00+05:30,30.16,82.9,2.46,82.8,984.0,249.88,346.05,5.31,26.95
2024-07-26 08:30:00+05:30,31.36,77.75,2.71,85.6,984.5,395.83,529.45,25.13,27.02
2024-07-26 09:30:00+05:30,32.29,74.47,2.54,85.5,984.5,530.97,678.03,29.63,27.18
2024-07-26 10:30:00+05:30,33.0,71.99,2.13,73.6,984.5999999999999,647.83,791.53,33.13,27.29
2024-07-26 11:30:00+05:30,33.33,70.84,2.17,53.8,984.5,665.2,879.05,32.09,27.33
2024-07-26 12:30:00+05:30,33.13,71.54,2.58,42.6,984.0,684.47,862.17,18.38,27.31
2024-07-26 13:30:00+05:30,32.75,73.73,2.76,40.4,983.5,510.3,765.55,13.29,27.46
2024-07-26 14:30:00+05:30,32.47,75.31,2.6,42.7,983.1999999999999,435.75,608.7,11.99,27.55
2024-07-26 15:30:00+05:30,32.15,77.05,2.14,40.3,982.9000000000001,323.98,419.27,6.94,27.64
2024-07-26 16:30:00+05:30,31.75,79.88,1.66,30.0,982.8,201.05,250.0,1.47,27.87
2024-07-26 17:30:00+05:30,31.37,81.23,1.48,22.2,982.9000000000001,67.38,78.57,0.91,27.78
2024-07-26 18:30:00+05:30,30.69,88.63,0.89,13.6,983.1999999999999,2.55,2.83,0.48,28.62
2024-07-26 19:30:00+05:30,30.6,87.37,0.65,356.5,983.5,0.0,0.0,0.07,28.28
2024-07-26 20:30:00+05:30,30.2,89.69,0.77,331.4,984.0999999999999,0.0,0.0,0.14,28.34
2024-07-26 21:30:00+05:30,29.58,92.72,1.36,331.6,984.8000000000001,0.0,0.0,0.1,28.3
2024-07-26 22:30:00+05:30,29.15,92.73,2.1,336.1,985.1999999999999,0.0,0.0,0.43,27.88
2024-07-26 23:30:00+05:30,28.84,93.45,2.39,336.3,985.0,0.0,0.0,0.28,27.7
2024-07-27 00:30:00+05:30,28.56,94.94,2.09,333.9,984.5,0.0,0.0,0.38,27.69
2024-07-27 01:30:00+05:30,28.33,96.02,1.88,336.2,984.2,0.0,0.0,0.65,27.65
2024-07-27 02:30:00+05:30,28.16,96.58,1.81,352.0,984.2,0.0,0.0,0.1,27.6
2024-07-27 03:30:00+05:30,28.03,96.87,1.85,13.4,984.7,0.0,0.0,0.02,27.51
2024-07-27 04:30:00+05:30,27.88,97.09,1.87,28.8,985.3,0.0,0.0,0.45,27.4
2024-07-27 05:30:00+05:30,28.31,94.75,2.76,36.2,986.0,26.55,32.55,1.36,27.41
2024-07-27 06:30:00+05:30,29.37,89.61,3.28,39.3,986.5999999999999,119.32,167.32,0.79,27.5
2024-07-27 07:30:00+05:30,30.72,81.9,4.03,48.9,987.0999999999999,233.3,356.05,0.17,27.29
2024-07-27 08:30:00+05:30,31.88,75.45,4.65,56.9,987.3000000000001,249.48,584.28,1.38,27.01
2024-07-27 09:30:00+05:30,32.72,72.14,4.87,58.2,987.3000000000001,310.02,747.33,2.97,27.05
2024-07-27 10:30:00+05:30,33.48,69.57,5.25,58.4,986.8000000000001,595.0,837.3,3.85,27.17
2024-07-27 11:30:00+05:30,34.11,67.12,5.62,59.6,986.0,815.92,918.88,5.14,27.16
2024-07-27 12:30:00+05:30,34.51,65.7,5.85,62.6,985.1999999999999,798.3,887.38,3.5,27.18
2024-07-27 13:30:00+05:30,34.36,66.37,5.64,66.6,984.4,674.95,789.83,1.86,27.2
2024-07-27 14:30:00+05:30,34.0,68.04,5.05,71.8,983.7,530.12,647.95,0.8,27.28
2024-07-27 15:30:00+05:30,33.54,70.84,4.16,74.8,983.3,400.83,456.35,0.14,27.54
2024-07-27 16:30:00+05:30,32.98,74.56,3.17,74.3,983.1999999999999,230.5,257.05,0.02,27.88
2024-07-27 17:30:00+05:30,32.14,80.33,2.4,66.2,983.4000000000001,68.22,78.8,0.03,28.35
2024-07-27 18:30:00+05:30,30.89,87.68,1.94,51.5,983.8,2.33,2.62,0.06,28.63
2024-07-27 19:30:00+05:30,30.42,88.7,2.07,47.0,984.3000000000001,0.0,0.0,0.1,28.37
2024-07-27 20:30:00+05:30,30.06,89.5,2.24,48.6,984.7,0.0,0.0,0.2,28.18
2024-07-27 21:30:00+05:30,29.76,90.49,2.5,49.5,984.9,0.0,0.0,0.62,28.06
2024-07-27 22:30:00+05:30,29.5,91.26,3.14,50.7,985.0,0.0,0.0,3.34,27.95
2024-07-27 23:30:00+05:30,29.27,92.22,3.91,54.0,985.1,0.0,0.0,9.92,27.9
2024-07-28 00:30:00+05:30,29.0,93.57,4.2,57.9,984.8000000000001,0.0,0.0,11.54,27.89
2024-07-28 01:30:00+05:30,28.77,94.42,4.47,63.7,984.5999999999999,0.0,0.0,15.61,27.81
2024-07-28 02:30:00+05:30,28.52,94.88,4.93,69.8,984.5,0.0,0.0,17.22,27.65
2024-07-28 03:30:00+05:30,28.22,95.51,4.92,74.1,984.5999999999999,0.0,0.0,23.69,27.46
2024-07-28 04:30:00+05:30,28.0,95.6,4.96,75.5,984.9,0.0,0.0,32.17,27.26
2024-07-28 05:30:00+05:30,28.04,94.94,5.19,74.9,985.5,24.4,34.1,28.21,27.19
2024-07-28 06:30:00+05:30,28.58,92.32,5.98,77.2,985.9000000000001,99.15,174.73,13.19,27.24
2024-07-28 07:30:00+05:30,29.37,86.13,7.57,87.7,986.3,197.62,363.6,4.52,26.83
2024-07-28 08:30:00+05:30,30.34,79.12,8.15,92.5,986.5,357.38,549.3,0.16,26.34
2024-07-28 09:30:00+05:30,31.11,74.15,7.83,94.9,986.5,464.35,714.1,0.05,25.99
2024-07-28 10:30:00+05:30,31.76,71.63,7.13,95.1,986.1,567.03,830.75,0.02,26.03
2024-07-28 11:30:00+05:30,32.38,70.45,6.39,92.7,985.5,631.4,899.33,0.03,26.33
2024-07-28 12:30:00+05:30,32.85,70.45,5.8,88.1,984.9,668.35,882.15,0.1,26.79
2024-07-28 13:30:00+05:30,33.19,71.1,5.41,84.6,984.2,622.17,790.1,0.16,27.27
2024-07-28 14:30:00+05:30,33.23,72.58,4.87,84.3,983.6,528.67,643.85,0.11,27.65
2024-07-28 15:30:00+05:30,33.05,75.27,4.03,86.3,983.1999999999999,409.23,459.27,0.05,28.1
2024-07-28 16:30:00+05:30,32.58,79.51,3.12,88.2,983.0,225.68,257.12,0.03,28.59
2024-07-28 17:30:00+05:30,31.79,84.69,2.6,89.6,983.1999999999999,66.07,82.97,0.03,28.92
2024-07-28 18:30:00+05:30,30.63,88.18,2.54,88.9,983.7,0.0,0.0,0.02,28.48
2024-07-28 19:30:00+05:30,30.22,88.07,2.84,87.0,984.3000000000001,0.0,0.0,0.01,28.05
2024-07-28 20:30:00+05:30,29.87,87.69,3.24,88.2,984.8000000000001,0.0,0.0,0.01,27.63
2024-07-28 21:30:00+05:30,29.5,87.44,3.71,92.5,985.1999999999999,0.0,0.0,0.0,27.21
2024-07-28 22:30:00+05:30,29.04,88.04,4.0,96.3,985.3,0.0,0.0,0.0,26.87
2024-07-28 23:30:00+05:30,28.59,89.38,3.88,100.4,985.3,0.0,0.0,0.04,26.69
2024-07-29 00:30:00+05:30,28.19,91.14,3.58,105.0,985.1,0.0,0.0,0.13,26.64
2024-07-29 01:30:00+05:30,27.88,92.74,3.31,111.3,984.9,0.0,0.0,0.17,26.63
2024-07-29 02:30:00+05:30,27.65,94.12,3.08,114.6,984.9,0.0,0.0,0.12,26.64
2024-07-29 03:30:00+05:30,27.43,95.29,2.87,113.0,985.1999999999999,0.0,0.0,0.04,26.64
2024-07-29 04:30:00+05:30,27.26,96.04,2.82,108.6,985.8,0.0,0.0,0.02,26.59
2024-07-29 05:30:00+05:30,27.7,94.12,3.57,104.6,986.5,30.77,33.03,0.02,26.7
2024-07-29 06:30:00+05:30,29.03,87.59,3.86,104.3,987.0,151.07,174.73,0.24,26.78
2024-07-29 07:30:00+05:30,30.7,78.02,4.65,105.0,987.2,347.4,366.65,0.23,26.45
2024-07-29 08:30:00+05:30,31.91,72.18,5.27,102.5,987.2,489.4,562.22,1.76,26.29
2024-07-29 09:30:00+05:30,32.8,68.93,5.31,102.1,986.8000000000001,577.78,731.25,2.65,26.37
2024-07-29 10:30:00+05:30,33.51,66.68,5.22,101.2,986.3,726.45,849.72,3.68,26.48
2024-07-29 11:30:00+05:30,33.93,65.32,5.15,100.3,985.6,750.17,890.72,2.67,26.53
2024-07-29 12:30:00+05:30,34.19,64.6,5.03,100.8,984.9,699.9,854.8,1.19,26.58
2024-07-29 13:30:00+05:30,34.19,65.02,4.66,102.8,984.4,656.17,753.25,1.27,26.69
2024-07-29 14:30:00+05:30,34.29,64.7,4.22,105.0,984.0999999999999,519.15,604.08,0.89,26.7
2024-07-29 15:30:00+05:30,33.9,66.31,3.67,107.0,983.9,398.25,429.3,0.51,26.75
2024-07-29 16:30:00+05:30,33.25,70.85,2.85,108.4,984.0999999999999,218.6,240.93,0.23,27.25
2024-07-29 17:30:00+05:30,32.36,76.05,2.38,109.9,984.7,70.35,79.68,0.2,27.61
2024-07-29 18:30:00+05:30,31.07,85.7,1.71,105.3,985.4000000000001,0.0,0.0,0.28,28.4
2024-07-29 19:30:00+05:30,30.71,86.34,1.67,101.4,986.3,0.0,0.0,0.35,28.18
2024-07-29 20:30:00+05:30,30.37,86.75,1.67,99.6,987.0999999999999,0.0,0.0,0.86,27.93
2024-07-29 21:30:00+05:30,30.03,87.38,1.67,102.1,987.6,0.0,0.0,1.81,27.72
2024-07-29 22:30:00+05:30,29.7,88.09,1.61,108.4,987.5,0.0,0.0,1.88,27.54
2024-07-29 23:30:00+05:30,29.38,89.06,1.56,119.2,987.3000000000001,0.0,0.0,1.99,27.42
2024-07-30 00:30:00+05:30,28.99,90.4,1.56,133.7,986.8000000000001,0.0,0.0,2.0,27.29
2024-07-30 01:30:00+05:30,28.57,91.57,1.63,147.3,986.5,0.0,0.0,1.84,27.09
2024-07-30 02:30:00+05:30,28.21,92.74,1.58,161.6,986.5999999999999,0.0,0.0,1.11,26.94
2024-07-30 03:30:00+05:30,27.93,93.94,1.47,181.2,987.0,0.0,0.0,2.72,26.89
2024-07-30 04:30:00+05:30,27.74,94.66,1.44,201.6,987.5,0.0,0.0,0.94,26.83
2024-07-30 05:30:00+05:30,28.18,92.76,2.09,217.8,988.1,32.3,31.55,0.6,26.92
2024-07-30 06:30:00+05:30,29.39,87.31,2.72,223.8,988.5,162.68,167.82,1.34,27.09
2024-07-30 07:30:00+05:30,31.37,77.28,2.5,223.4,988.9,333.2,352.62,2.92,26.93
2024-07-30 08:30:00+05:30,33.03,69.62,1.59,205.8,989.0999999999999,515.95,530.67,37.49,26.75
2024-07-30 09:30:00+05:30,34.11,65.77,1.31,163.1,989.0999999999999,663.45,705.12,41.98,26.81
2024-07-30 10:30:00+05:30,34.65,63.97,1.58,141.2,988.8,721.55,812.53,34.02,26.86
2024-07-30 11:30:00+05:30,34.78,63.31,1.56,134.7,988.3,755.3,886.08,33.14,26.8
2024-07-30 12:30:00+05:30,34.86,62.78,1.25,128.2,987.6999999999999,691.12,867.83,30.32,26.73
2024-07-30 13:30:00+05:30,34.54,63.36,0.87,119.5,987.2,550.88,784.22,27.47,26.58
2024-07-30 14:30:00+05:30,34.07,65.95,0.52,110.2,987.0,367.83,630.72,9.98,26.81
2024-07-30 15:30:00+05:30,33.46,69.47,0.33,137.5,986.7,231.77,449.83,3.65,27.03
2024-07-30 16:30:00+05:30,32.98,69.1,0.35,183.3,986.9,133.45,245.68,2.28,26.48
2024-07-30 17:30:00+05:30,32.24,71.04,0.57,191.1,987.2,47.47,79.2,1.32,26.22
2024-07-30 18:30:00+05:30,31.68,74.86,0.65,173.9,987.8,0.0,0.0,2.68,26.55
2024-07-30 19:30:00+05:30,30.97,81.47,0.7,112.6,988.9,0.0,0.0,6.5,27.4
2024-07-30 20:30:00+05:30,30.32,85.61,1.02,86.6,990.0,0.0,0.0,9.43,27.65
2024-07-30 21:30:00+05:30,30.13,85.07,0.96,129.5,990.0,0.0,0.0,9.25,27.36
2024-07-30 22:30:00+05:30,29.57,88.18,1.26,176.8,989.5,0.0,0.0,9.22,27.42
2024-07-30 23:30:00+05:30,29.14,90.13,1.48,202.2,989.0999999999999,0.0,0.0,9.65,27.38
2024-07-31 00:30:00+05:30,28.83,91.15,1.65,216.1,988.9,0.0,0.0,9.38,27.27
2024-07-31 01:30:00+05:30,28.59,92.13,1.74,223.6,988.7,0.0,0.0,18.29,27.2
2024-07-31 02:30:00+05:30,28.33,92.84,1.87,228.0,988.5,0.0,0.0,11.5,27.08
2024-07-31 03:30:00+05:30,27.99,93.72,2.14,234.3,988.6,0.0,0.0,12.63,26.9
2024-07-31 04:30:00+05:30,27.72,94.81,2.23,240.8,989.2,0.0,0.0,40.23,26.84
2024-07-31 05:30:00+05:30,27.91,94.36,2.57,242.1,989.9,21.77,29.33,46.62,26.95
2024-07-31 06:30:00+05:30,28.48,91.74,3.01,250.0,990.5,93.7,158.82,43.92,27.03
2024-07-31 07:30:00+05:30,29.37,88.0,2.52,265.0,990.9000000000001,48.83,340.55,38.44,27.19
2024-07-31 08:30:00+05:30,30.24,83.78,1.75,282.8,991.2,72.03,531.9,5.67,27.2
2024-07-31 09:30:00+05:30,31.21,78.73,0.97,293.7,991.3,128.07,699.22,6.6,27.09
2024-07-31 10:30:00+05:30,32.12,74.06,0.29,296.6,991.0,103.85,800.65,6.94,26.94
2024-07-31 11:30:00+05:30,32.57,72.09,0.2,229.1,990.3,45.03,865.97,12.49,26.9
2024-07-31 12:30:00+05:30,32.72,71.51,0.44,234.2,989.3000000000001,74.25,859.88,10.35,26.92
2024-07-31 13:30:00+05:30,32.68,71.79,0.51,228.2,988.3,114.12,765.78,11.28,26.94
2024-07-31 14:30:00+05:30,32.67,71.99,0.46,231.1,987.6,104.25,633.22,6.93,26.98
2024-07-31 15:30:00+05:30,32.54,72.76,0.69,267.5,987.4,275.1,461.73,3.7,27.03
2024-07-31 16:30:00+05:30,32.3,75.38,1.07,287.4,987.5,152.2,256.05,2.21,27.4
2024-07-31 17:30:00+05:30,31.63,78.48,1.1,300.5,988.1,55.85,80.47,1.07,27.44
2024-07-31 18:30:00+05:30,31.04,82.85,0.66,315.6,988.8,0.0,0.0,0.69,27.79
2024-07-31 19:30:00+05:30,30.94,80.75,0.38,357.0,989.4,0.0,0.0,0.25,27.25
2024-07-31 20:30:00+05:30,30.63,81.93,0.44,17.2,990.0,0.0,0.0,0.17,27.2
2024-07-31 21:30:00+05:30,30.52,80.84,0.19,348.1,989.9,0.0,0.0,0.36,26.86
2024-07-31 22:30:00+05:30,30.18,84.1,0.3,237.4,989.2,0.0,0.0,2.28,27.11
2024-07-31 23:30:00+05:30,29.89,84.29,0.44,238.8,988.6,0.0,0.0,8.11,26.97
2024-08-01 00:30:00+05:30,29.46,86.09,0.68,276.7,988.4000000000001,0.0,0.0,13.71,26.9
2024-08-01 01:30:00+05:30,28.73,90.95,1.15,280.0,988.1999999999999,0.0,0.0,9.46,27.13
2024-08-01 02:30:00+05:30,28.15,93.64,1.59,276.1,987.9000000000001,0.0,0.0,4.73,27.05
2024-08-01 03:30:00+05:30,27.78,94.0,1.89,271.5,987.6999999999999,0.0,0.0,5.25,26.75
2024-08-01 04:30:00+05:30,27.48,94.48,1.99,266.8,987.6,0.0,0.0,9.49,26.54
2024-08-01 05:30:00+05:30,27.94,92.88,2.23,261.8,988.1,22.58,28.4,11.33,26.71
2024-08-01 06:30:00+05:30,28.93,88.35,2.61,256.3,988.5,119.03,164.93,11.25,26.83
2024-08-01 07:30:00+05:30,30.51,80.69,2.51,256.4,989.0999999999999,260.52,361.42,8.66,26.83
2024-08-01 08:30:00+05:30,31.54,75.35,2.3,265.8,989.5999999999999,417.73,561.47,1.58,26.67
2024-08-01 09:30:00+05:30,32.32,71.27,1.79,276.4,989.5999999999999,604.95,723.78,3.5,26.47
2024-08-01 10:30:00+05:30,32.88,68.3,0.93,275.5,989.3000000000001,670.8,839.58,11.26,26.28
2024-08-01 11:30:00+05:30,33.21,66.48,0.52,211.5,988.6,586.72,861.5,26.39,26.14
2024-08-01 12:30:00+05:30,33.31,66.03,0.79,186.6,987.9000000000001,631.95,838.92,41.63,26.12
2024-08-01 13:30:00+05:30,33.11,66.71,0.99,203.2,987.4,593.1,763.67,43.57,26.11
2024-08-01 14:30:00+05:30,32.58,69.12,1.24,223.7,986.7,373.92,632.55,40.86,26.21
2024-08-01 15:30:00+05:30,32.08,73.33,1.4,233.7,986.3,157.55,448.77,39.04,26.72
2024-08-01 16:30:00+05:30,31.44,75.22,1.68,240.8,986.1,95.47,252.68,29.65,26.53
2024-08-01 17:30:00+05:30,30.34,79.66,2.02,249.1,986.1,32.75,78.38,14.55,26.44
2024-08-01 18:30:00+05:30,29.2,89.08,1.77,259.9,986.4,0.0,0.0,7.13,27.24
2024-08-01 19:30:00+05:30,28.77,90.53,1.71,273.0,987.2,0.0,0.0,5.57,27.09
2024-08-01 20:30:00+05:30,28.45,91.25,1.76,272.9,987.6999999999999,0.0,0.0,6.0,26.91
2024-08-01 21:30:00+05:30,28.16,91.63,1.89,269.7,987.8,0.0,0.0,5.57,26.69
2024-08-01 22:30:00+05:30,27.99,92.39,1.8,275.1,988.0,0.0,0.0,5.36,26.66
2024-08-01 23:30:00+05:30,27.81,92.59,1.94,277.1,987.6,0.0,0.0,6.01,26.53
2024-08-02 00:30:00+05:30,27.57,92.85,2.25,280.8,987.0999999999999,0.0,0.0,8.0,26.33
2024-08-02 01:30:00+05:30,27.33,93.29,2.54,286.2,986.5,0.0,0.0,10.6,26.17
2024-08-02 02:30:00+05:30,27.04,94.15,2.68,291.5,986.0,0.0,0.0,14.53,26.04
2024-08-02 03:30:00+05:30,26.73,95.51,2.51,298.3,985.8,0.0,0.0,36.54,25.98
2024-08-02 04:30:00+05:30,26.59,96.46,1.96,314.0,986.1,0.0,0.0,48.9,26.01
2024-08-02 05:30:00+05:30,26.81,95.62,1.81,335.1,986.5999999999999,13.18,28.65,27.61,26.09
2024-08-02 06:30:00+05:30,27.65,91.06,1.89,349.0,987.0,70.8,168.48,19.05,26.07
2024-08-02 07:30:00+05:30,28.77,85.13,1.84,10.9,987.0999999999999,160.75,369.98,15.9,26.04
2024-08-02 08:30:00+05:30,30.08,78.26,2.45,32.0,987.0999999999999,313.6,577.95,0.92,25.91
2024-08-02 09:30:00+05:30,31.25,72.84,3.31,34.8,986.9,470.7,752.97,0.58,25.82
2024-08-02 10:30:00+05:30,31.93,70.29,3.92,36.6,986.2,526.33,868.75,0.46,25.86
2024-08-02 11:30:00+05:30,32.37,69.24,4.29,37.3,985.3,446.77,909.3,0.31,26.02
2024-08-02 12:30:00+05:30,32.78,68.31,4.49,39.6,984.3000000000001,542.97,889.65,0.18,26.19
2024-08-02 13:30:00+05:30,33.09,67.56,4.41,41.8,983.5,529.65,803.22,0.48,26.29
2024-08-02 14:30:00+05:30,32.68,69.48,4.17,42.0,983.1,408.05,660.17,1.55,26.38
2024-08-02 15:30:00+05:30,32.02,73.17,3.8,38.6,982.9000000000001,296.77,467.2,2.37,26.63
2024-08-02 16:30:00+05:30,31.1,78.88,3.16,33.0,983.3,163.48,257.23,2.69,27.02
2024-08-02 17:30:00+05:30,30.09,85.71,2.66,25.6,983.9,53.05,79.18,3.01,27.45
2024-08-02 18:30:00+05:30,29.2,91.5,2.52,23.1,984.5999999999999,0.0,0.0,3.8,27.69
2024-08-02 19:30:00+05:30,28.88,92.71,3.14,28.1,985.5,0.0,0.0,5.03,27.61
2024-08-02 20:30:00+05:30,28.58,93.58,3.52,33.9,986.3,0.0,0.0,4.37,27.46
2024-08-02 21:30:00+05:30,28.16,93.95,3.66,37.1,986.7,0.0,0.0,2.65,27.12
2024-08-02 22:30:00+05:30,27.54,95.39,3.41,33.0,986.5999999999999,0.0,0.0,2.33,26.76
2024-08-02 23:30:00+05:30,27.05,96.11,3.28,23.9,986.2,0.0,0.0,2.92,26.4
2024-08-03 00:30:00+05:30,26.74,96.26,3.33,13.4,986.0,0.0,0.0,9.6,26.12
2024-08-03 01:30:00+05:30,26.54,96.05,3.73,2.3,985.8,0.0,0.0,26.88,25.88
2024-08-03 02:30:00+05:30,26.34,95.93,4.23,354.7,985.4000000000001,0.0,0.0,40.77,25.66
2024-08-03 03:30:00+05:30,26.13,95.92,4.7,341.8,985.1,0.0,0.0,39.59,25.45
2024-08-03 04:30:00+05:30,25.99,95.66,5.71,331.5,984.5999999999999,0.0,0.0,23.42,25.26
2024-08-03 05:30:00+05:30,25.96,95.33,6.79,328.5,984.2,23.25,32.12,13.3,25.18
2024-08-03 06:30:00+05:30,26.34,94.06,7.33,336.9,984.0999999999999,100.2,188.68,6.46,25.33
2024-08-03 07:30:00+05:30,27.3,89.93,8.32,7.2,984.2,190.57,393.27,3.76,25.52
2024-08-03 08:30:00+05:30,29.16,84.63,8.79,36.4,984.2,276.1,584.92,18.01,26.32
2024-08-03 09:30:00+05:30,30.63,79.21,9.82,57.1,984.2,396.17,748.0,31.14,26.64
2024-08-03 10:30:00+05:30,31.31,76.06,10.79,65.7,984.0999999999999,366.17,852.97,49.75,26.6
2024-08-03 11:30:00+05:30,31.67,74.3,11.23,67.8,983.8,473.23,876.83,61.55,26.56
2024-08-03 12:30:00+05:30,31.74,74.8,11.18,68.3,983.5,536.28,845.35,59.02,26.74
2024-08-03 13:30:00+05:30,31.76,75.86,10.83,68.7,983.1,365.55,741.45,51.89,27.0
2024-08-03 14:30:00+05:30,31.46,78.0,10.38,69.0,982.6999999999999,296.05,585.4,55.27,27.18
2024-08-03 15:30:00+05:30,30.85,81.64,9.76,68.5,982.5,205.32,402.55,63.22,27.36
2024-08-03 16:30:00+05:30,30.0,86.38,8.98,65.9,982.8,104.38,227.18,60.91,27.5
2024-08-03 17:30:00+05:30,29.11,90.19,8.51,66.5,983.4000000000001,29.1,69.85,50.41,27.36
2024-08-03 18:30:00+05:30,28.45,91.87,8.24,70.7,984.2,0.0,0.0,41.44,27.02
2024-08-03 19:30:00+05:30,28.05,92.47,7.97,72.4,984.9,0.0,0.0,30.48,26.73
2024-08-03 20:30:00+05:30,27.74,93.23,7.63,71.5,985.5,0.0,0.0,21.09,26.58
2024-08-03 21:30:00+05:30,27.49,93.86,7.47,70.0,985.6999999999999,0.0,0.0,15.65,26.44
2024-08-03 22:30:00+05:30,27.21,94.04,7.59,66.3,985.6,0.0,0.0,10.98,26.19
2024-08-03 23:30:00+05:30,26.87,94.52,7.8,60.8,985.5,0.0,0.0,7.38,25.94
2024-08-04 00:30:00+05:30,26.54,95.36,7.56,52.4,985.1,0.0,0.0,9.38,25.76
2024-08-04 01:30:00+05:30,26.36,95.55,7.67,48.1,984.4,0.0,0.0,15.38,25.61
2024-08-04 02:30:00+05:30,26.2,95.6,7.7,48.1,984.0,0.0,0.0,37.13,25.47
2024-08-04 03:30:00+05:30,26.07,95.48,7.81,50.6,983.7,0.0,0.0,40.62,25.31
2024-08-04 04:30:00+05:30,25.95,95.47,7.73,55.4,983.6,0.0,0.0,26.77,25.19
2024-08-04 05:30:00+05:30,25.99,95.14,7.72,64.3,984.0,17.4,26.95,12.9,25.17
2024-08-04 06:30:00+05:30,26.69,93.27,7.78,76.5,984.5,79.2,163.8,11.74,25.53
2024-08-04 07:30:00+05:30,28.01,88.68,7.91,99.0,985.1,146.68,368.02,28.32,25.99
2024-08-04 08:30:00+05:30,29.71,82.34,7.46,126.3,985.8,272.85,580.55,5.0,26.4
2024-08-04 09:30:00+05:30,31.27,75.84,7.34,148.3,986.4,364.4,740.45,3.96,26.52
2024-08-04 10:30:00+05:30,32.3,70.69,7.43,163.3,987.0,485.88,862.3,2.4,26.31
2024-08-04 11:30:00+05:30,32.83,67.24,7.6,174.2,987.3000000000001,585.38,900.05,2.55,25.97
2024-08-04 12:30:00+05:30,32.99,65.57,7.4,181.5,987.4,548.2,877.95,3.43,25.69
2024-08-04 13:30:00+05:30,33.02,65.23,6.85,183.3,987.3000000000001,503.17,774.35,3.47,25.65
2024-08-04 14:30:00+05:30,32.85,66.03,6.1,180.8,987.0999999999999,375.45,623.62,3.16,25.69
2024-08-04 15:30:00+05:30,32.27,69.06,5.4,174.3,987.0999999999999,269.17,426.7,2.5,25.89
2024-08-04 16:30:00+05:30,31.33,74.74,4.79,165.8,987.4,156.6,238.7,1.74,26.33
2024-08-04 17:30:00+05:30,29.92,83.07,4.11,157.1,987.9000000000001,45.85,71.2,1.41,26.76
2024-08-04 18:30:00+05:30,28.75,87.11,4.47,156.4,988.8,0.0,0.0,1.26,26.41
2024-08-04 19:30:00+05:30,28.23,88.9,4.89,157.6,989.9,0.0,0.0,0.77,26.24
2024-08-04 20:30:00+05:30,27.77,89.46,4.68,163.9,990.9000000000001,0.0,0.0,0.43,25.9
2024-08-04 21:30:00+05:30,27.17,91.82,3.83,163.3,991.5999999999999,0.0,0.0,0.36,25.76
2024-08-04 22:30:00+05:30,26.68,93.64,3.14,161.8,991.9,0.0,0.0,0.44,25.6
2024-08-04 23:30:00+05:30,26.34,94.79,2.68,156.5,991.8000000000001,0.0,0.0,0.82,25.47
2024-08-05 00:30:00+05:30,26.11,95.61,2.34,152.8,991.5999999999999,0.0,0.0,1.15,25.38
2024-08-05 01:30:00+05:30,25.94,96.24,2.07,152.7,991.4,0.0,0.0,1.37,25.32
2024-08-05 02:30:00+05:30,25.79,96.62,1.91,158.5,991.3,0.0,0.0,1.58,25.25
2024-08-05 03:30:00+05:30,25.62,96.92,1.84,168.7,991.2,0.0,0.0,1.18,25.12
2024-08-05 04:30:00+05:30,25.43,97.21,1.77,175.8,991.2,0.0,0.0,1.19,24.98
2024-08-05 05:30:00+05:30,25.95,95.27,2.39,179.3,991.5999999999999,29.15,33.47,1.2,25.16
2024-08-05 06:30:00+05:30,27.13,89.48,2.98,194.0,992.0999999999999,161.57,195.4,1.51,25.28
2024-08-05 07:30:00+05:30,28.63,80.69,3.22,214.4,992.8,352.15,406.7,1.08,25.0
2024-08-05 08:30:00+05:30,29.88,73.98,2.94,217.5,993.4000000000001,548.65,610.62,0.74,24.76
2024-08-05 09:30:00+05:30,30.77,70.56,2.77,220.6,993.5,725.83,770.8,0.58,24.83
2024-08-05 10:30:00+05:30,31.52,68.12,2.78,229.1,993.1999999999999,834.58,885.6,0.35,24.96
2024-08-05 11:30:00+05:30,32.12,66.35,2.87,239.0,992.5,745.0,894.83,0.49,25.08
2024-08-05 12:30:00+05:30,32.49,65.25,3.04,246.3,991.8000000000001,673.95,866.03,0.64,25.15
2024-08-05 13:30:00+05:30,32.62,64.72,3.19,252.3,991.0,647.97,777.17,0.48,25.14
2024-08-05 14:30:00+05:30,32.54,64.81,3.16,255.1,990.1999999999999,479.98,631.17,0.34,25.08
2024-08-05 15:30:00+05:30,32.23,66.53,2.89,255.4,989.7,351.58,443.83,0.14,25.22
2024-08-05 16:30:00+05:30,31.58,70.47,2.47,254.7,989.5,200.65,244.55,0.04,25.57
2024-08-05 17:30:00+05:30,30.52,76.55,2.26,252.2,989.7,62.15,71.7,0.0,25.94
2024-08-05 18:30:00+05:30,29.09,88.26,1.7,247.9,990.3,0.0,0.0,0.0,26.98
2024-08-05 19:30:00+05:30,28.67,89.39,1.71,243.3,990.8,0.0,0.0,0.01,26.78
2024-08-05 20:30:00+05:30,28.38,90.22,1.69,237.3,991.7,0.0,0.0,0.16,26.64
2024-08-05 21:30:00+05:30,28.06,90.93,1.78,230.7,992.0999999999999,0.0,0.0,0.38,26.46
2024-08-05 22:30:00+05:30,27.68,91.73,1.93,233.4,992.3000000000001,0.0,0.0,0.23,26.23
2024-08-05 23:30:00+05:30,27.33,92.2,2.11,239.5,992.0999999999999,0.0,0.0,0.11,25.98
2024-08-06 00:30:00+05:30,27.02,92.74,2.32,243.9,991.5,0.0,0.0,0.19,25.76
2024-08-06 01:30:00+05:30,26.75,93.01,2.81,246.1,990.8,0.0,0.0,0.33,25.55
2024-08-06 02:30:00+05:30,26.53,93.23,3.46,244.7,990.1999999999999,0.0,0.0,0.26,25.37
2024-08-06 03:30:00+05:30,26.22,94.61,3.46,244.1,990.0,0.0,0.0,0.1,25.31
2024-08-06 04:30:00+05:30,25.96,95.71,3.47,246.2,990.0,0.0,0.0,0.06,25.25
2024-08-06 05:30:00+05:30,26.14,94.95,3.74,250.0,990.3,17.73,27.48,0.1,25.3
2024-08-06 06:30:00+05:30,26.92,92.35,3.72,254.4,990.8,81.0,157.55,0.59,25.59
2024-08-06 07:30:00+05:30,28.4,84.49,4.12,271.7,991.7,166.45,346.02,0.66,25.56
2024-08-06 08:30:00+05:30,29.69,78.21,4.03,282.9,992.2,207.07,539.97,35.36,25.52
2024-08-06 09:30:00+05:30,30.78,74.16,3.89,288.3,992.0999999999999,271.5,715.12,38.59,25.67
2024-08-06 10:30:00+05:30,31.2,72.16,3.63,292.2,991.5,395.7,834.17,37.94,25.62
2024-08-06 11:30:00+05:30,31.32,71.42,3.01,297.8,990.9000000000001,460.62,880.2,56.57,25.55
2024-08-06 12:30:00+05:30,31.59,70.66,2.49,301.5,990.3,456.38,849.28,80.28,25.63
2024-08-06 13:30:00+05:30,31.74,70.08,2.04,303.0,989.5999999999999,500.2,753.3,79.29,25.63
2024-08-06 14:30:00+05:30,31.75,69.59,1.63,301.9,989.3000000000001,420.27,600.75,62.81,25.53
2024-08-06 15:30:00+05:30,31.4,71.24,1.19,294.4,989.0999999999999,305.27,403.38,45.77,25.59
2024-08-06 16:30:00+05:30,31.23,72.08,0.8,277.9,989.2,157.12,210.35,27.46,25.6
2024-08-06 17:30:00+05:30,30.82,70.96,0.69,247.9,989.7,48.65,60.65,14.22,24.92
2024-08-06 18:30:00+05:30,29.87,81.35,0.76,217.0,990.4000000000001,0.0,0.0,5.79,26.32
2024-08-06 19:30:00+05:30,29.18,84.97,1.08,210.1,991.1,0.0,0.0,3.05,26.42
2024-08-06 20:30:00+05:30,28.69,87.28,1.21,213.6,991.8000000000001,0.0,0.0,4.01,26.38
2024-08-06 21:30:00+05:30,28.3,88.79,1.26,221.1,992.2,0.0,0.0,5.76,26.3
2024-08-06 22:30:00+05:30,27.92,89.64,1.26,231.1,992.0,0.0,0.0,9.32,26.08
2024-08-06 23:30:00+05:30,27.59,90.21,1.22,240.5,991.5999999999999,0.0,0.0,14.69,25.86
2024-08-07 00:30:00+05:30,27.28,91.14,1.18,248.6,991.1,0.0,0.0,19.39,25.73
2024-08-07 01:30:00+05:30,26.97,91.93,1.13,251.9,990.6,0.0,0.0,25.81,25.58
2024-08-07 02:30:00+05:30,26.72,92.48,1.08,238.7,990.4000000000001,0.0,0.0,31.23,25.42
2024-08-07 03:30:00+05:30,26.43,93.58,1.14,214.7,990.5,0.0,0.0,32.18,25.34
2024-08-07 04:30:00+05:30,26.17,94.69,1.28,201.6,990.6999999999999,0.0,0.0,32.17,25.27
2024-08-07 05:30:00+05:30,26.34,93.71,1.47,197.0,991.4,5.88,21.25,15.67,25.28
2024-08-07 06:30:00+05:30,26.89,89.84,1.9,192.8,992.3000000000001,20.67,132.55,20.19,25.11
2024-08-07 07:30:00+05:30,27.85,85.33,1.7,175.3,993.1,26.25,304.45,31.63,25.19
2024-08-07 08:30:00+05:30,28.91,79.49,1.49,162.0,993.5,74.2,499.98,21.99,25.03
2024-08-07 09:30:00+05:30,29.99,74.65,1.04,162.1,993.4000000000001,250.05,668.78,28.05,25.02
2024-08-07 10:30:00+05:30,31.05,70.32,0.7,163.4,992.8,422.3,790.7,30.31,25.04
2024-08-07 11:30:00+05:30,31.85,67.4,0.6,146.6,991.8000000000001,515.47,929.25,26.06,25.08
2024-08-07 12:30:00+05:30,32.36,65.5,0.66,125.1,990.6999999999999,506.55,903.45,20.77,25.08
2024-08-07 13:30:00+05:30,32.59,64.37,0.76,117.6,989.7,464.95,811.08,18.63,25.01
2024-08-07 14:30:00+05:30,32.54,64.38,1.0,117.3,989.0,384.15,661.83,14.48,24.96
2024-08-07 15:30:00+05:30,32.18,65.82,1.28,121.0,988.8,289.5,468.77,8.9,24.99
2024-08-07 16:30:00+05:30,31.62,70.11,1.2,126.2,988.9,157.45,259.15,4.11,25.51
2024-08-07 17:30:00+05:30,31.03,70.17,1.09,126.0,989.5,56.53,75.68,1.12,24.96
2024-08-07 18:30:00+05:30,29.95,80.91,0.72,113.0,990.5,0.0,0.0,0.22,26.31
2024-08-07 19:30:00+05:30,29.62,81.27,0.68,84.1,991.5,0.0,0.0,0.08,26.08
2024-08-07 20:30:00+05:30,29.32,82.03,0.7,57.2,992.3000000000001,0.0,0.0,0.04,25.94
2024-08-07 21:30:00+05:30,29.02,83.17,0.72,25.5,992.5,0.0,0.0,0.04,25.91
2024-08-07 22:30:00+05:30,28.59,85.56,0.83,6.2,992.2,0.0,0.0,0.06,25.95
2024-08-07 23:30:00+05:30,28.11,88.04,0.98,359.4,991.5,0.0,0.0,0.17,25.96
2024-08-08 00:30:00+05:30,27.63,89.68,1.16,1.0,990.8,0.0,0.0,0.83,25.8
2024-08-08 01:30:00+05:30,27.25,90.75,1.29,3.1,990.3,0.0,0.0,5.77,25.62
2024-08-08 02:30:00+05:30,26.93,92.15,1.31,7.0,990.1,0.0,0.0,8.93,25.56
2024-08-08 03:30:00+05:30,26.69,93.25,1.22,9.9,990.3,0.0,0.0,10.82,25.53
2024-08-08 04:30:00+05:30,26.47,94.05,1.1,10.5,990.6999999999999,0.0,0.0,12.24,25.46
2024-08-08 05:30:00+05:30,26.53,93.29,1.15,10.0,991.3,17.62,26.67,14.13,25.39
2024-08-08 06:30:00+05:30,27.19,89.98,1.31,13.2,992.0,84.12,162.43,19.48,25.42
2024-08-08 07:30:00+05:30,28.23,85.53,1.58,17.3,992.6,151.73,357.88,37.67,25.59
2024-08-08 08:30:00+05:30,28.5,83.87,1.62,17.2,992.9000000000001,281.55,557.42,64.74,25.53
2024-08-08 09:30:00+05:30,28.81,83.6,1.53,12.9,993.0,408.52,719.72,72.57,25.78
2024-08-08 10:30:00+05:30,29.08,83.02,1.39,5.4,992.6999999999999,412.83,841.42,73.93,25.92
2024-08-08 11:30:00+05:30,29.41,82.08,1.33,345.6,992.0999999999999,433.48,894.8,69.4,26.05
2024-08-08 12:30:00+05:30,29.89,80.23,1.46,325.9,991.4,469.08,880.22,49.75,26.14
2024-08-08 13:30:00+05:30,30.55,77.77,1.83,307.2,990.8,381.3,793.4,40.08,26.24
2024-08-08 14:30:00+05:30,30.67,76.86,2.45,296.7,990.4000000000001,150.2,647.85,32.27,26.16
2024-08-08 15:30:00+05:30,30.35,78.56,2.99,293.9,990.3,55.17,455.05,21.56,26.23
2024-08-08 16:30:00+05:30,29.72,82.39,3.03,294.2,990.4000000000001,47.12,246.55,11.42,26.42
2024-08-08 17:30:00+05:30,28.75,88.03,2.46,294.3,990.9000000000001,14.27,68.25,6.51,26.59
2024-08-08 18:30:00+05:30,27.69,93.61,1.88,292.9,991.5,0.0,0.0,3.62,26.59
2024-08-08 19:30:00+05:30,27.32,94.19,1.87,292.0,992.2,0.0,0.0,2.23,26.33
2024-08-08 20:30:00+05:30,27.06,94.54,1.73,292.7,993.0,0.0,0.0,1.6,26.13
2024-08-08 21:30:00+05:30,26.89,94.58,1.6,292.4,993.1999999999999,0.0,0.0,2.22,25.97
2024-08-08 22:30:00+05:30,26.75,94.59,1.57,292.8,992.9000000000001,0.0,0.0,6.49,25.84
2024-08-08 23:30:00+05:30,26.57,94.75,1.64,296.9,992.6,0.0,0.0,18.66,25.68
2024-08-09 00:30:00+05:30,26.43,94.95,1.72,301.5,992.0999999999999,0.0,0.0,23.36,25.59
2024-08-09 01:30:00+05:30,26.28,95.33,1.76,303.1,991.5,0.0,0.0,19.71,25.5
2024-08-09 02:30:00+05:30,26.11,95.71,1.77,299.0,991.1,0.0,0.0,10.78,25.38
2024-08-09 03:30:00+05:30,25.92,96.0,1.88,292.2,991.2,0.0,0.0,8.22,25.26
2024-08-09 04:30:00+05:30,25.75,96.2,2.05,287.6,991.4,0.0,0.0,11.28,25.13
2024-08-09 05:30:00+05:30,25.98,95.18,2.68,285.8,992.0,18.85,23.42,17.84,25.17
2024-08-09 06:30:00+05:30,26.69,93.27,3.06,284.4,992.8,109.4,150.8,20.31,25.54
2024-08-09 07:30:00+05:30,28.06,88.28,2.88,291.0,993.6,242.8,350.6,28.48,25.97
2024-08-09 08:30:00+05:30,29.36,83.55,2.61,303.8,994.2,296.0,556.35,20.7,26.3
2024-08-09 09:30:00+05:30,30.53,79.15,2.34,312.1,994.0999999999999,366.98,733.92,27.2,26.53
2024-08-09 10:30:00+05:30,31.11,76.54,2.21,311.0,993.6,459.0,852.55,30.75,26.52
2024-08-09 11:30:00+05:30,31.42,75.52,2.22,311.4,992.9000000000001,465.7,822.35,27.93,26.58
2024-08-09 12:30:00+05:30,31.48,75.54,2.17,317.1,992.0999999999999,270.88,781.35,21.49,26.65
2024-08-09 13:30:00+05:30,31.34,76.45,2.11,322.3,991.3,214.25,707.5,21.2,26.73
2024-08-09 14:30:00+05:30,30.98,78.69,2.04,322.0,990.9000000000001,65.97,578.45,16.34,26.85
2024-08-09 15:30:00+05:30,30.54,81.21,1.94,319.8,990.6999999999999,42.72,402.88,10.54,26.97
2024-08-09 16:30:00+05:30,30.1,82.42,2.02,317.0,990.8,28.5,216.95,5.08,26.79
2024-08-09 17:30:00+05:30,29.23,86.97,1.74,317.3,991.4,11.23,60.65,4.01,26.85
2024-08-09 18:30:00+05:30,28.46,91.83,1.46,322.5,992.0,0.0,0.0,1.89,27.01
2024-08-09 19:30:00+05:30,28.15,92.35,1.44,327.2,992.8,0.0,0.0,4.74,26.82
2024-08-09 20:30:00+05:30,27.86,93.12,1.35,336.5,993.5,0.0,0.0,6.59,26.67
2024-08-09 21:30:00+05:30,27.64,94.05,1.26,349.0,993.8,0.0,0.0,14.48,26.61
2024-08-09 22:30:00+05:30,27.35,95.23,1.28,358.7,993.7,0.0,0.0,11.55,26.54
2024-08-09 23:30:00+05:30,27.06,96.13,1.31,6.1,993.3,0.0,0.0,14.54,26.41
2024-08-10 00:30:00+05:30,26.82,96.76,1.29,11.7,992.6,0.0,0.0,24.78,26.3
2024-08-10 01:30:00+05:30,26.61,97.36,1.24,15.4,991.9,0.0,0.0,33.34,26.17
2024-08-10 02:30:00+05:30,26.47,97.47,1.24,13.0,991.5999999999999,0.0,0.0,33.46,26.07
2024-08-10 03:30:00+05:30,26.37,97.53,1.26,7.7,991.5,0.0,0.0,26.68,25.97
2024-08-10 04:30:00+05:30,26.3,97.64,1.32,2.2,991.7,0.0,0.0,22.37,25.92
2024-08-10 05:30:00+05:30,26.73,96.7,1.63,358.2,992.2,14.35,27.08,16.97,26.18
2024-08-10 06:30:00+05:30,27.41,93.85,2.27,356.5,992.6,90.3,168.7,13.47,26.36
2024-08-10 07:30:00+05:30,28.13,90.11,2.22,358.5,993.0,199.05,354.48,14.36,26.38
2024-08-10 08:30:00+05:30,28.7,86.7,1.79,358.4,993.4000000000001,306.27,554.33,8.04,26.28
2024-08-10 09:30:00+05:30,29.15,83.83,1.33,356.1,993.6,420.77,715.12,8.8,26.16
2024-08-10 10:30:00+05:30,29.62,81.19,1.22,344.2,993.3,519.2,830.25,10.01,26.07
2024-08-10 11:30:00+05:30,30.21,78.69,1.3,331.1,992.6,498.6,872.78,11.06,26.12
2024-08-10 12:30:00+05:30,30.71,76.48,1.52,322.2,991.9,549.62,856.1,11.99,26.13
2024-08-10 13:30:00+05:30,30.83,76.11,1.63,313.0,991.1,514.3,776.85,9.37,26.15
2024-08-10 14:30:00+05:30,30.66,76.74,1.74,298.5,990.6,364.35,633.53,6.73,26.12
2024-08-10 15:30:00+05:30,30.23,78.82,2.06,282.1,990.4000000000001,221.95,445.4,3.48,26.16
2024-08-10 16:30:00+05:30,29.55,82.58,2.26,268.0,990.6,101.72,239.75,0.93,26.29
2024-08-10 17:30:00+05:30,28.59,87.84,2.11,255.7,991.0,22.15,64.12,0.24,26.4
2024-08-10 18:30:00+05:30,27.54,93.85,1.76,247.7,991.5999999999999,0.0,0.0,0.07,26.48
2024-08-10 19:30:00+05:30,27.11,95.03,1.7,237.7,992.0,0.0,0.0,0.05,26.27
2024-08-10 20:30:00+05:30,26.75,95.69,1.62,225.7,992.5,0.0,0.0,0.03,26.03
2024-08-10 21:30:00+05:30,26.49,95.89,1.57,218.0,992.6999999999999,0.0,0.0,0.04,25.81
2024-08-10 22:30:00+05:30,26.23,96.03,1.53,211.6,992.6,0.0,0.0,0.1,25.58
2024-08-10 23:30:00+05:30,26.02,96.09,1.48,203.5,992.2,0.0,0.0,0.48,25.37
2024-08-11 00:30:00+05:30,25.86,96.08,1.56,192.2,991.8000000000001,0.0,0.0,1.23,25.21
2024-08-11 01:30:00+05:30,25.69,96.11,1.8,183.5,991.4,0.0,0.0,1.4,25.05
2024-08-11 02:30:00+05:30,25.51,96.33,2.09,184.1,990.9000000000001,0.0,0.0,0.91,24.91
2024-08-11 03:30:00+05:30,25.3,96.93,2.13,188.1,990.5,0.0,0.0,0.38,24.81
2024-08-11 04:30:00+05:30,25.14,97.38,2.1,185.7,990.6,0.0,0.0,0.32,24.72
2024-08-11 05:30:00+05:30,25.57,95.86,2.89,182.8,991.0,14.75,25.55,0.93,24.89
2024-08-11 06:30:00+05:30,26.69,92.41,3.45,187.5,991.3,85.9,162.62,5.49,25.38
2024-08-11 07:30:00+05:30,28.44,85.29,3.42,204.5,991.5999999999999,191.55,361.73,9.19,25.74
2024-08-11 08:30:00+05:30,29.87,79.32,3.0,210.0,991.7,298.23,552.5,6.48,25.93
2024-08-11 09:30:00+05:30,30.9,75.21,2.66,204.4,991.9,364.7,720.38,7.0,26.01
2024-08-11 10:30:00+05:30,31.66,72.28,2.7,197.4,991.8000000000001,489.05,830.53,7.91,26.08
2024-08-11 11:30:00+05:30,32.0,70.45,2.79,195.2,991.3,595.55,892.65,7.73,25.97
2024-08-11 12:30:00+05:30,32.06,69.82,2.82,200.4,990.9000000000001,514.75,863.53,6.74,25.88
2024-08-11 13:30:00+05:30,31.94,70.65,2.8,212.2,990.4000000000001,445.85,766.6,5.1,25.96
2024-08-11 14:30:00+05:30,31.64,71.92,2.73,222.0,989.8000000000001,309.48,634.65,2.91,25.97
2024-08-11 15:30:00+05:30,31.16,74.12,2.32,222.9,989.4,261.92,454.0,1.27,26.02
2024-08-11 16:30:00+05:30,30.7,77.17,1.64,212.8,989.4,144.7,248.65,0.59,26.27
2024-08-11 17:30:00+05:30,30.04,78.09,1.33,198.8,989.7,45.33,68.03,0.24,25.81
2024-08-11 18:30:00+05:30,29.17,85.92,0.88,168.8,989.9,0.0,0.0,0.23,26.59
2024-08-11 19:30:00+05:30,28.62,88.45,1.09,138.7,990.3,0.0,0.0,0.38,26.54
2024-08-11 20:30:00+05:30,28.02,91.14,1.42,132.4,990.6999999999999,0.0,0.0,0.55,26.47
2024-08-11 21:30:00+05:30,27.56,92.05,1.65,135.0,991.1,0.0,0.0,0.88,26.17
2024-08-11 22:30:00+05:30,27.23,92.63,1.73,135.7,991.4,0.0,0.0,1.39,25.96
2024-08-11 23:30:00+05:30,27.0,93.17,1.73,135.2,991.5999999999999,0.0,0.0,1.93,25.83
2024-08-12 00:30:00+05:30,26.72,93.74,1.82,135.4,991.5999999999999,0.0,0.0,2.2,25.64
2024-08-12 01:30:00+05:30,26.38,94.17,2.06,139.3,991.3,0.0,0.0,2.25,25.4
2024-08-12 02:30:00+05:30,26.0,94.83,2.25,144.8,990.9000000000001,0.0,0.0,1.82,25.13
2024-08-12 03:30:00+05:30,25.68,95.55,2.42,151.1,990.8,0.0,0.0,2.01,24.94
2024-08-12 04:30:00+05:30,25.43,96.11,2.53,158.2,991.2,0.0,0.0,2.25,24.79
2024-08-12 05:30:00+05:30,25.59,95.41,3.02,167.0,991.9,19.75,26.1,2.56,24.83
2024-08-12 06:30:00+05:30,26.5,92.86,2.97,174.8,992.6999999999999,107.1,176.05,3.57,25.28
2024-08-12 07:30:00+05:30,28.38,83.69,2.86,185.6,993.4000000000001,234.35,363.75,4.87,25.37
2024-08-12 08:30:00+05:30,29.69,78.02,2.5,199.2,993.6,364.23,554.88,3.15,25.47
2024-08-12 09:30:00+05:30,30.9,73.69,2.08,207.2,993.5,482.25,718.92,3.33,25.68
2024-08-12 10:30:00+05:30,31.93,70.16,1.74,211.6,993.1,602.62,825.03,3.73,25.84
2024-08-12 11:30:00+05:30,32.65,67.61,1.45,212.6,992.4,593.7,884.95,4.69,25.89
2024-08-12 12:30:00+05:30,33.04,66.0,1.29,212.3,991.7,489.05,862.55,5.68,25.87
2024-08-12 13:30:00+05:30,33.14,65.26,1.29,212.9,991.1,478.67,776.58,6.38,25.77
2024-08-12 14:30:00+05:30,32.97,65.2,1.28,218.7,990.6,296.33,627.97,6.27,25.6
2024-08-12 15:30:00+05:30,32.53,66.44,1.2,225.3,990.4000000000001,145.73,439.48,3.26,25.5
2024-08-12 16:30:00+05:30,31.89,70.76,0.94,233.6,990.4000000000001,80.12,233.6,1.4,25.93
2024-08-12 17:30:00+05:30,31.09,71.96,1.02,236.6,990.6,22.7,62.9,0.28,25.44
2024-08-12 18:30:00+05:30,29.85,83.65,0.77,241.4,991.3,0.0,0.0,0.06,26.79
2024-08-12 19:30:00+05:30,29.42,84.81,0.71,242.4,991.8000000000001,0.0,0.0,0.01,26.63
2024-08-12 20:30:00+05:30,29.07,84.63,0.73,224.4,992.5,0.0,0.0,0.01,26.23
2024-08-12 21:30:00+05:30,28.63,86.13,0.88,200.7,992.8,0.0,0.0,0.01,26.11
2024-08-12 22:30:00+05:30,28.17,88.06,1.01,184.0,992.9000000000001,0.0,0.0,0.06,26.03
2024-08-12 23:30:00+05:30,27.74,90.04,1.1,170.0,992.8,0.0,0.0,0.28,25.97
2024-08-13 00:30:00+05:30,27.33,91.95,1.2,161.6,992.6,0.0,0.0,0.34,25.92
2024-08-13 01:30:00+05:30,26.95,93.17,1.28,159.4,992.5,0.0,0.0,0.24,25.78
2024-08-13 02:30:00+05:30,26.64,93.85,1.34,164.8,992.4,0.0,0.0,0.16,25.59
2024-08-13 03:30:00+05:30,26.35,94.17,1.39,172.2,992.5,0.0,0.0,0.1,25.36
2024-08-13 04:30:00+05:30,26.05,94.73,1.49,178.5,992.8,0.0,0.0,0.04,25.16
2024-08-13 05:30:00+05:30,26.5,93.15,1.75,186.2,993.3,23.48,24.92,0.05,25.33
2024-08-13 06:30:00+05:30,27.29,89.06,2.34,194.3,993.9,157.23,168.6,0.21,25.35
2024-08-13 07:30:00+05:30,28.55,83.07,2.22,199.2,994.3000000000001,340.15,366.6,2.9,25.42
2024-08-13 08:30:00+05:30,29.31,79.36,1.82,205.4,994.5999999999999,512.05,570.22,6.59,25.38
2024-08-13 09:30:00+05:30,30.08,76.08,1.27,207.6,994.7,604.42,736.75,8.65,25.43
2024-08-13 10:30:00+05:30,31.03,72.64,1.03,204.1,994.2,602.6,851.8,10.59,25.56
2024-08-13 11:30:00+05:30,31.72,69.86,0.9,212.3,993.4000000000001,651.83,902.35,11.4,25.55
2024-08-13 12:30:00+05:30,32.13,68.11,0.8,228.5,992.6,658.88,880.25,9.88,25.53
2024-08-13 13:30:00+05:30,32.37,67.08,0.73,233.9,991.9,465.38,788.33,7.03,25.5
2024-08-13 14:30:00+05:30,32.43,66.46,0.63,232.0,991.3,404.25,642.88,5.36,25.4
2024-08-13 15:30:00+05:30,32.3,66.74,0.42,220.2,991.1,260.08,446.0,3.62,25.35
2024-08-13 16:30:00+05:30,31.32,73.57,0.28,173.9,991.1,125.68,242.27,2.24,25.94
2024-08-13 17:30:00+05:30,30.85,72.66,0.41,145.9,991.3,27.3,60.2,2.33,25.27
2024-08-13 18:30:00+05:30,30.2,76.16,0.41,91.4,991.5999999999999,0.0,0.0,0.59,25.4
2024-08-13 19:30:00+05:30,29.6,81.04,0.59,70.0,992.0999999999999,0.0,0.0,0.4,25.97
2024-08-13 20:30:00+05:30,29.18,81.53,0.82,78.0,992.6,0.0,0.0,0.22,25.71
2024-08-13 21:30:00+05:30,28.4,87.08,1.17,85.6,993.3,0.0,0.0,0.25,26.07
2024-08-13 22:30:00+05:30,27.75,90.89,1.47,86.5,993.6,0.0,0.0,0.86,26.15
2024-08-13 23:30:00+05:30,27.35,92.07,1.55,96.3,993.3,0.0,0.0,2.11,25.98
2024-08-14 00:30:00+05:30,27.03,93.01,1.57,114.8,992.6,0.0,0.0,0.87,25.83
2024-08-14 01:30:00+05:30,26.79,94.02,1.59,128.1,992.0999999999999,0.0,0.0,0.32,25.78
2024-08-14 02:30:00+05:30,26.59,94.69,1.55,134.2,992.0999999999999,0.0,0.0,0.34,25.7
2024-08-14 03:30:00+05:30,26.42,95.29,1.47,138.9,992.2,0.0,0.0,0.42,25.63
2024-08-14 04:30:00+05:30,26.36,95.57,1.41,148.3,992.5,0.0,0.0,0.45,25.62
2024-08-14 05:30:00+05:30,26.82,94.33,1.4,157.8,992.9000000000001,20.62,26.05,0.4,25.86
2024-08-14 06:30:00+05:30,28.67,86.93,1.65,155.3,993.4000000000001,105.72,173.48,0.55,26.3
2024-08-14 07:30:00+05:30,30.5,77.63,1.98,144.2,993.8,230.27,376.2,4.06,26.16
2024-08-14 08:30:00+05:30,31.36,73.13,2.07,140.3,994.3000000000001,344.45,574.17,13.71,25.99
2024-08-14 09:30:00+05:30,31.94,71.07,1.99,140.1,994.4,454.55,742.58,21.9,26.06
2024-08-14 10:30:00+05:30,32.47,69.65,1.87,146.1,994.0,368.38,849.12,25.76,26.23
2024-08-14 11:30:00+05:30,32.8,68.6,1.74,157.7,993.3,176.2,887.5,27.26,26.3
2024-08-14 12:30:00+05:30,32.99,67.76,1.73,169.0,992.6,182.25,870.92,26.17,26.26
2024-08-14 13:30:00+05:30,32.98,67.76,1.83,178.1,991.9,142.32,785.35,22.6,26.25
2024-08-14 14:30:00+05:30,32.41,70.15,1.97,192.3,991.4,187.35,637.17,19.57,26.3
2024-08-14 15:30:00+05:30,31.74,73.78,2.05,206.7,991.3,159.68,443.75,15.93,26.51
2024-08-14 16:30:00+05:30,31.08,78.74,1.92,216.1,991.5,77.57,233.35,12.51,26.97
2024-08-14 17:30:00+05:30,30.06,81.98,2.0,222.4,992.0,25.77,57.2,9.83,26.65
2024-08-14 18:30:00+05:30,28.97,91.3,1.45,228.4,992.6,0.0,0.0,7.53,27.43
2024-08-14 19:30:00+05:30,28.58,92.08,1.44,233.4,993.1,0.0,0.0,7.69,27.2
2024-08-14 20:30:00+05:30,28.28,92.33,1.42,236.8,993.5,0.0,0.0,10.5,26.94
2024-08-14 21:30:00+05:30,28.0,92.46,1.38,239.9,993.7,0.0,0.0,15.2,26.68
2024-08-14 22:30:00+05:30,27.78,92.28,1.24,248.2,993.7,0.0,0.0,18.95,26.45
2024-08-14 23:30:00+05:30,27.63,91.47,1.05,257.3,993.5,0.0,0.0,22.21,26.14
2024-08-15 00:30:00+05:30,27.53,90.53,0.86,240.2,993.0,0.0,0.0,22.14,25.87
2024-08-15 01:30:00+05:30,27.31,91.3,0.91,206.0,992.6999999999999,0.0,0.0,21.18,25.79
2024-08-15 02:30:00+05:30,27.06,92.14,1.03,188.4,992.5,0.0,0.0,16.23,25.69
2024-08-15 03:30:00+05:30,26.89,92.49,1.09,180.0,992.4,0.0,0.0,13.47,25.59
2024-08-15 04:30:00+05:30,26.67,93.61,1.21,179.5,992.5,0.0,0.0,12.88,25.59
2024-08-15 05:30:00+05:30,26.83,93.8,1.39,181.6,992.6,16.55,22.42,12.27,25.77
2024-08-15 06:30:00+05:30,27.97,88.26,1.98,183.2,992.8,106.9,147.9,8.77,25.87
2024-08-15 07:30:00+05:30,30.07,78.46,2.27,174.7,992.9000000000001,233.65,335.85,8.19,25.94
2024-08-15 08:30:00+05:30,30.93,73.77,2.3,167.5,992.9000000000001,396.33,531.35,2.34,25.73
2024-08-15 09:30:00+05:30,31.61,71.54,2.15,163.5,992.9000000000001,441.52,685.78,2.72,25.86
2024-08-15 10:30:00+05:30,32.09,70.03,1.86,171.3,992.6999999999999,554.2,796.45,3.89,25.96
2024-08-15 11:30:00+05:30,32.29,69.15,1.56,184.0,992.3000000000001,618.67,881.28,5.75,25.93
2024-08-15 12:30:00+05:30,32.46,68.71,1.29,189.8,991.8000000000001,672.2,870.17,5.7,25.98
2024-08-15 13:30:00+05:30,32.43,68.84,1.02,198.8,991.2,559.47,779.5,4.61,26.0
2024-08-15 14:30:00+05:30,32.2,69.86,0.93,205.5,990.5,444.45,628.67,2.84,26.01
2024-08-15 15:30:00+05:30,31.85,71.98,0.96,207.9,990.1,297.08,435.65,1.92,26.19
2024-08-15 16:30:00+05:30,31.59,75.27,1.07,208.5,990.0,167.45,228.07,1.41,26.69
2024-08-15 17:30:00+05:30,30.69,79.23,1.32,211.6,990.0,43.62,55.95,0.67,26.68
2024-08-15 18:30:00+05:30,29.49,90.19,1.39,216.2,990.3,0.0,0.0,0.31,27.74
2024-08-15 19:30:00+05:30,28.92,90.95,1.72,219.3,990.6,0.0,0.0,0.26,27.31
2024-08-15 20:30:00+05:30,28.45,91.66,1.86,223.5,990.9000000000001,0.0,0.0,0.21,26.97
2024-08-15 21:30:00+05:30,28.18,92.49,1.66,234.6,991.7,0.0,0.0,0.19,26.87
2024-08-15 22:30:00+05:30,28.11,93.13,1.33,260.5,992.3000000000001,0.0,0.0,0.15,26.92
2024-08-15 23:30:00+05:30,27.84,94.07,1.3,276.2,992.3000000000001,0.0,0.0,0.43,26.81
2024-08-16 00:30:00+05:30,27.52,94.67,1.36,277.6,992.0,0.0,0.0,2.01,26.63
2024-08-16 01:30:00+05:30,27.25,95.11,1.36,275.1,991.5999999999999,0.0,0.0,3.11,26.43
2024-08-16 02:30:00+05:30,27.09,95.16,1.19,273.8,991.3,0.0,0.0,2.51,26.28
2024-08-16 03:30:00+05:30,26.99,94.93,0.95,267.6,991.2,0.0,0.0,2.09,26.13
2024-08-16 04:30:00+05:30,26.87,94.64,0.83,253.1,991.2,0.0,0.0,1.52,25.96
2024-08-16 05:30:00+05:30,27.04,93.43,0.8,243.4,991.5999999999999,18.73,20.83,0.91,25.92
2024-08-16 06:30:00+05:30,28.2,86.11,0.68,256.4,992.4,106.82,138.43,1.51,25.67
2024-08-16 07:30:00+05:30,29.7,78.1,0.38,294.6,992.9000000000001,262.77,324.48,2.51,25.5
2024-08-16 08:30:00+05:30,30.62,73.71,0.41,248.5,993.1,407.92,509.65,13.14,25.42
2024-08-16 09:30:00+05:30,31.58,70.86,0.52,219.5,993.0,551.12,687.78,11.32,25.67
2024-08-16 10:30:00+05:30,32.31,68.38,0.22,193.4,992.6,743.05,806.62,14.56,25.77
2024-08-16 11:30:00+05:30,32.95,65.99,0.28,73.5,992.0,818.65,885.17,16.9,25.77
2024-08-16 12:30:00+05:30,33.3,64.96,0.55,67.6,991.2,810.03,872.4,16.55,25.83
2024-08-16 13:30:00+05:30,33.2,65.43,0.7,92.5,990.5,680.6,780.97,13.82,25.86
2024-08-16 14:30:00+05:30,32.94,66.63,0.67,119.6,990.0,514.4,628.45,7.4,25.93
2024-08-16 15:30:00+05:30,32.65,68.6,0.4,153.4,989.9,336.1,439.27,3.84,26.14
2024-08-16 16:30:00+05:30,31.85,72.47,0.33,218.9,990.0,168.3,234.27,2.94,26.21
2024-08-16 17:30:00+05:30,31.43,71.98,0.4,259.8,990.3,49.08,57.12,1.65,25.72
2024-08-16 18:30:00+05:30,30.78,80.25,0.3,266.2,990.8,0.0,0.0,0.66,26.87
2024-08-16 19:30:00+05:30,30.67,78.03,0.25,256.0,991.4,0.0,0.0,0.37,26.34
2024-08-16 20:30:00+05:30,30.26,78.96,0.34,240.5,992.0999999999999,0.0,0.0,0.38,26.18
2024-08-16 21:30:00+05:30,29.61,83.2,0.63,247.5,992.5,0.0,0.0,0.47,26.43
2024-08-16 22:30:00+05:30,29.08,83.68,0.96,271.8,992.8,0.0,0.0,1.27,26.05
2024-08-16 23:30:00+05:30,28.28,89.33,1.37,283.9,992.6,0.0,0.0,1.71,26.39
2024-08-17 00:30:00+05:30,27.65,92.65,1.66,286.5,992.3000000000001,0.0,0.0,1.7,26.38
2024-08-17 01:30:00+05:30,27.27,93.89,1.7,287.8,992.0999999999999,0.0,0.0,1.15,26.23
2024-08-17 02:30:00+05:30,27.06,94.75,1.54,289.4,992.0999999999999,0.0,0.0,0.44,26.17
2024-08-17 03:30:00+05:30,26.82,95.72,1.45,279.5,992.3000000000001,0.0,0.0,0.11,26.1
2024-08-17 04:30:00+05:30,26.55,96.55,1.49,273.8,992.4,0.0,0.0,0.15,25.98
2024-08-17 05:30:00+05:30,26.89,95.9,1.56,281.5,992.6999999999999,19.1,20.95,0.17,26.2
2024-08-17 06:30:00+05:30,27.77,92.5,1.85,296.7,993.1999999999999,128.35,147.62,1.54,26.46
2024-08-17 07:30:00+05:30,29.38,83.32,1.85,312.4,993.8,297.6,328.7,8.23,26.28
2024-08-17 08:30:00+05:30,30.54,77.1,1.24,306.5,994.3000000000001,433.5,501.7,24.09,26.09
2024-08-17 09:30:00+05:30,31.4,73.21,0.73,289.2,994.3000000000001,588.15,663.03,18.89,26.04
2024-08-17 10:30:00+05:30,31.97,70.78,0.63,272.7,993.8,650.35,772.65,15.04,26.02
2024-08-17 11:30:00+05:30,32.4,69.26,0.81,267.2,993.1,724.75,875.33,13.44,26.06
2024-08-17 12:30:00+05:30,32.62,68.36,1.02,268.3,992.4,693.92,838.47,13.89,26.05
2024-08-17 13:30:00+05:30,32.74,67.89,1.25,271.8,991.9,542.33,745.5,9.2,26.06
2024-08-17 14:30:00+05:30,32.8,67.45,1.49,274.6,991.5,474.62,593.05,7.01,26.0
2024-08-17 15:30:00+05:30,32.5,69.51,1.7,276.1,991.3,326.23,406.2,5.22,26.22
2024-08-17 16:30:00+05:30,32.12,73.58,1.69,281.2,991.5,182.5,214.38,2.24,26.81
2024-08-17 17:30:00+05:30,30.91,78.98,1.84,283.2,991.8000000000001,47.33,49.35,2.46,26.84
2024-08-17 18:30:00+05:30,29.4,89.54,1.69,282.3,992.5,0.0,0.0,2.03,27.52
2024-08-17 19:30:00+05:30,28.96,90.71,1.73,287.5,993.1999999999999,0.0,0.0,2.66,27.31
2024-08-17 20:30:00+05:30,28.61,91.85,1.75,286.6,993.6,0.0,0.0,2.77,27.18
2024-08-17 21:30:00+05:30,28.23,92.68,1.85,276.8,993.5,0.0,0.0,4.19,26.95
2024-08-17 22:30:00+05:30,27.91,93.54,1.84,272.2,993.4000000000001,0.0,0.0,4.87,26.8
2024-08-17 23:30:00+05:30,27.66,94.44,1.71,271.7,993.1999999999999,0.0,0.0,6.01,26.71
2024-08-18 00:30:00+05:30,27.43,95.15,1.59,274.3,993.1,0.0,0.0,7.87,26.6
2024-08-18 01:30:00+05:30,27.3,95.66,1.49,280.4,993.0,0.0,0.0,11.75,26.57
2024-08-18 02:30:00+05:30,27.15,96.07,1.52,278.3,993.0,0.0,0.0,7.77,26.49
2024-08-18 03:30:00+05:30,26.94,96.37,1.65,278.7,993.3,0.0,0.0,9.12,26.34
2024-08-18 04:30:00+05:30,26.72,96.69,1.95,284.0,993.7,0.0,0.0,7.21,26.17
2024-08-18 05:30:00+05:30,26.71,96.49,2.33,284.4,994.2,2.62,20.45,9.49,26.13
2024-08-18 06:30:00+05:30,27.17,94.84,2.77,276.2,994.8000000000001,10.88,136.15,28.94,26.29
2024-08-18 07:30:00+05:30,28.17,90.76,2.78,273.3,995.3,21.0,306.67,25.23,26.55
2024-08-18 08:30:00+05:30,29.31,84.69,3.29,286.1,995.6999999999999,27.45,494.08,5.8,26.49
2024-08-18 09:30:00+05:30,30.27,79.97,3.68,296.6,995.8,42.9,646.95,7.02,26.45
2024-08-18 10:30:00+05:30,31.04,76.78,3.72,302.4,995.5,83.03,778.65,10.93,26.5
2024-08-18 11:30:00+05:30,31.63,74.5,3.63,303.3,994.8000000000001,268.98,912.88,14.59,26.57
2024-08-18 12:30:00+05:30,31.81,73.68,3.56,299.6,994.0,367.88,884.4,13.53,26.55
2024-08-18 13:30:00+05:30,31.83,73.74,3.59,295.1,993.1999999999999,329.42,787.45,10.01,26.59
2024-08-18 14:30:00+05:30,31.61,75.06,3.68,291.0,992.6,399.6,640.17,5.89,26.67
2024-08-18 15:30:00+05:30,31.22,77.54,3.64,288.6,992.4,305.92,438.52,3.63,26.85
2024-08-18 16:30:00+05:30,30.52,81.4,3.24,289.1,992.4,153.55,229.12,1.78,26.99
2024-08-18 17:30:00+05:30,29.4,87.73,2.53,290.9,992.5,41.28,53.47,1.69,27.17
2024-08-18 18:30:00+05:30,28.34,92.33,2.02,293.9,993.1,0.0,0.0,2.68,27.0
2024-08-18 19:30:00+05:30,28.01,93.16,1.96,299.3,993.8,0.0,0.0,4.79,26.83
2024-08-18 20:30:00+05:30,27.75,93.73,1.92,305.3,994.5,0.0,0.0,5.42,26.67
2024-08-18 21:30:00+05:30,27.52,94.22,1.87,306.1,994.7,0.0,0.0,4.23,26.53
2024-08-18 22:30:00+05:30,27.28,94.63,1.8,299.3,994.5,0.0,0.0,5.94,26.37
2024-08-18 23:30:00+05:30,27.08,95.02,1.75,289.1,994.2,0.0,0.0,8.63,26.23
2024-08-19 00:30:00+05:30,26.79,95.43,1.78,283.6,993.9,0.0,0.0,13.34,26.02
2024-08-19 01:30:00+05:30,26.58,95.67,1.82,287.2,993.8,0.0,0.0,18.65,25.86
2024-08-19 02:30:00+05:30,26.46,95.92,1.76,290.0,993.6,0.0,0.0,15.03,25.78
2024-08-19 03:30:00+05:30,26.31,96.2,1.62,283.2,993.4000000000001,0.0,0.0,14.74,25.68
2024-08-19 04:30:00+05:30,26.12,96.49,1.61,272.1,993.1999999999999,0.0,0.0,17.31,25.54
2024-08-19 05:30:00+05:30,26.41,95.72,1.77,268.1,993.3,14.65,20.33,16.81,25.7
2024-08-19 06:30:00+05:30,27.17,92.75,2.51,265.9,993.8,89.62,145.75,16.8,25.92
2024-08-19 07:30:00+05:30,28.55,88.35,2.21,271.6,994.0999999999999,212.7,328.45,13.34,26.46
2024-08-19 08:30:00+05:30,30.43,79.09,2.32,292.8,994.3000000000001,347.52,510.08,2.68,26.43
2024-08-19 09:30:00+05:30,31.51,74.69,2.47,303.4,994.0999999999999,565.2,685.35,2.37,26.48
2024-08-19 10:30:00+05:30,32.02,72.68,2.45,307.5,993.5,693.4,791.25,2.83,26.52
2024-08-19 11:30:00+05:30,32.32,71.52,2.25,306.2,992.6,680.4,832.15,3.0,26.54
2024-08-19 12:30:00+05:30,32.47,70.74,2.08,298.8,991.8000000000001,676.4,793.08,2.5,26.49
2024-08-19 13:30:00+05:30,32.51,70.24,2.03,288.7,991.1,486.62,677.4,2.1,26.42
2024-08-19 14:30:00+05:30,32.44,70.03,2.01,281.2,990.5,362.65,554.05,1.26,26.29
2024-08-19 15:30:00+05:30,32.17,71.09,2.01,271.7,990.3,123.4,370.88,0.64,26.29
2024-08-19 16:30:00+05:30,31.54,76.62,1.84,262.2,990.3,109.05,181.52,0.3,26.94
2024-08-19 17:30:00+05:30,30.45,80.91,1.87,256.0,990.6999999999999,30.25,40.62,0.15,26.81
2024-08-19 18:30:00+05:30,29.45,88.59,1.27,251.7,991.5,0.0,0.0,0.1,27.4
2024-08-19 19:30:00+05:30,29.95,80.41,0.6,253.7,992.6,0.0,0.0,0.15,26.22
2024-08-19 20:30:00+05:30,29.93,78.7,0.15,93.8,993.4000000000001,0.0,0.0,0.22,25.77
2024-08-19 21:30:00+05:30,29.16,84.14,0.59,189.8,993.3,0.0,0.0,0.45,26.16
2024-08-19 22:30:00+05:30,28.58,86.03,0.91,205.4,992.9000000000001,0.0,0.0,0.36,26.03
2024-08-19 23:30:00+05:30,28.66,83.89,0.35,154.9,992.9000000000001,0.0,0.0,0.38,25.69
2024-08-20 00:30:00+05:30,28.25,86.02,0.54,91.1,992.8,0.0,0.0,0.71,25.72
2024-08-20 01:30:00+05:30,27.88,89.03,0.66,77.8,992.5,0.0,0.0,0.99,25.93
2024-08-20 02:30:00+05:30,27.49,91.83,0.85,68.6,992.4,0.0,0.0,1.26,26.07
2024-08-20 03:30:00+05:30,27.18,93.71,1.04,69.1,992.2,0.0,0.0,0.87,26.1
2024-08-20 04:30:00+05:30,26.97,94.12,1.09,78.4,992.0999999999999,0.0,0.0,0.73,25.98
2024-08-20 05:30:00+05:30,27.1,94.68,0.92,98.7,992.2,14.0,16.8,0.53,26.2
2024-08-20 06:30:00+05:30,28.0,89.75,1.31,120.7,992.8,94.1,122.9,0.99,26.19
2024-08-20 07:30:00+05:30,29.6,83.57,1.67,127.2,993.7,205.43,295.27,0.82,26.53
2024-08-20 08:30:00+05:30,30.73,78.07,1.68,133.1,994.5,302.1,481.42,2.0,26.49
2024-08-20 09:30:00+05:30,31.31,72.9,1.7,135.2,994.8000000000001,462.05,656.1,2.09,25.88
2024-08-20 10:30:00+05:30,31.56,71.25,1.39,133.0,994.5999999999999,576.5,758.28,2.47,25.74
2024-08-20 11:30:00+05:30,31.94,70.05,0.94,122.0,993.9,727.0,869.08,3.82,25.81
2024-08-20 12:30:00+05:30,32.07,69.41,0.72,102.1,993.1,663.85,849.22,4.51,25.79
2024-08-20 13:30:00+05:30,31.93,69.63,0.7,82.6,992.5,486.35,755.62,2.86,25.72
2024-08-20 14:30:00+05:30,31.69,70.32,0.79,79.8,992.0,190.48,595.92,1.16,25.65
2024-08-20 15:30:00+05:30,31.37,73.67,0.84,84.6,992.0,120.35,401.05,0.33,26.11
2024-08-20 16:30:00+05:30,31.03,73.5,0.95,99.7,992.3000000000001,69.05,205.35,0.09,25.75
2024-08-20 17:30:00+05:30,29.94,80.31,1.19,103.1,992.9000000000001,18.15,44.08,0.03,26.17
2024-08-20 18:30:00+05:30,28.79,90.56,1.4,101.6,993.8,0.0,0.0,0.01,27.12
2024-08-20 19:30:00+05:30,28.2,91.32,1.7,101.2,994.7,0.0,0.0,0.01,26.67
2024-08-20 20:30:00+05:30,27.73,91.99,1.87,100.2,995.3,0.0,0.0,0.0,26.34
2024-08-20 21:30:00+05:30,27.39,92.76,1.92,99.3,995.6999999999999,0.0,0.0,0.0,26.14
2024-08-20 22:30:00+05:30,27.08,93.63,1.88,98.0,995.6,0.0,0.0,0.0,26.0
2024-08-20 23:30:00+05:30,26.78,94.51,1.8,96.1,995.3,0.0,0.0,0.0,25.85
2024-08-21 00:30:00+05:30,26.47,95.4,1.7,92.7,994.9,0.0,0.0,0.01,25.71
2024-08-21 01:30:00+05:30,26.19,96.21,1.6,87.9,994.4,0.0,0.0,0.02,25.57
2024-08-21 02:30:00+05:30,25.93,96.84,1.56,85.2,994.0999999999999,0.0,0.0,0.03,25.41
2024-08-21 03:30:00+05:30,25.7,97.45,1.51,85.5,994.0,0.0,0.0,0.01,25.29
2024-08-21 04:30:00+05:30,25.51,97.85,1.48,89.2,994.2,0.0,0.0,0.05,25.18
2024-08-21 05:30:00+05:30,25.83,96.6,1.9,96.6,994.5,18.8,22.62,0.16,25.28
2024-08-21 06:30:00+05:30,26.99,91.81,2.57,104.6,995.1999999999999,113.03,169.3,0.3,25.57
2024-08-21 07:30:00+05:30,28.64,83.36,2.91,119.0,995.8,249.32,374.45,0.88,25.57
2024-08-21 08:30:00+05:30,29.85,78.1,2.52,134.0,996.3,373.85,572.6,12.55,25.64
2024-08-21 09:30:00+05:30,30.81,74.39,1.75,147.1,996.4,510.8,732.6,18.61,25.75
2024-08-21 10:30:00+05:30,31.68,70.83,1.03,171.1,995.9000000000001,531.4,834.83,25.94,25.76
2024-08-21 11:30:00+05:30,32.3,68.37,0.65,206.6,995.1999999999999,442.02,847.75,34.72,25.74
2024-08-21 12:30:00+05:30,32.66,66.68,0.66,239.2,994.2,99.62,820.33,35.35,25.67
2024-08-21 13:30:00+05:30,32.79,65.95,0.77,247.1,993.3,89.38,722.2,31.55,25.61
2024-08-21 14:30:00+05:30,32.61,66.08,0.9,259.1,992.6999999999999,105.88,567.47,17.58,25.46
2024-08-21 15:30:00+05:30,32.31,67.82,1.04,282.2,992.4,110.55,377.17,10.1,25.62
2024-08-21 16:30:00+05:30,32.07,70.41,1.14,300.6,992.4,65.15,186.12,6.19,26.0
2024-08-21 17:30:00+05:30,31.1,74.1,1.14,309.3,992.6,17.4,39.55,2.52,25.93
2024-08-21 18:30:00+05:30,29.92,84.57,1.03,339.6,993.1,0.0,0.0,1.59,27.05
2024-08-21 19:30:00+05:30,29.32,86.78,1.18,6.8,993.5,0.0,0.0,2.73,26.92
2024-08-21 20:30:00+05:30,28.79,88.89,1.28,32.2,994.0,0.0,0.0,2.44,26.8
2024-08-21 21:30:00+05:30,28.26,90.77,1.39,57.3,994.3000000000001,0.0,0.0,8.9,26.62
2024-08-21 22:30:00+05:30,27.8,92.11,1.53,74.4,994.4,0.0,0.0,19.91,26.43
2024-08-21 23:30:00+05:30,27.47,92.91,1.54,85.9,994.0999999999999,0.0,0.0,21.38,26.24
2024-08-22 00:30:00+05:30,27.21,93.79,1.43,94.4,993.8,0.0,0.0,16.59,26.15
2024-08-22 01:30:00+05:30,26.99,94.58,1.28,93.6,993.5,0.0,0.0,16.63,26.08
2024-08-22 02:30:00+05:30,26.79,95.24,1.12,84.3,993.3,0.0,0.0,14.15,25.98
2024-08-22 03:30:00+05:30,26.6,95.67,1.03,76.5,993.1999999999999,0.0,0.0,8.22,25.88
2024-08-22 04:30:00+05:30,26.43,96.05,0.98,76.4,993.1999999999999,0.0,0.0,6.6,25.77
2024-08-22 05:30:00+05:30,26.5,95.08,1.0,77.9,993.8,17.4,21.35,24.89,25.66
2024-08-22 06:30:00+05:30,27.75,87.7,0.86,78.6,994.4,109.18,158.5,40.76,25.55
2024-08-22 07:30:00+05:30,29.35,81.68,0.28,27.5,994.9,226.07,368.62,35.43,25.87
2024-08-22 08:30:00+05:30,30.88,74.49,0.47,343.9,995.1,407.58,563.33,133.36,25.8
2024-08-22 09:30:00+05:30,31.33,70.01,0.71,4.8,995.1,497.38,720.75,81.9,25.22
2024-08-22 10:30:00+05:30,31.52,70.65,1.03,13.0,994.7,543.92,815.28,42.21,25.56
2024-08-22 11:30:00+05:30,31.82,70.8,1.32,10.5,994.0,494.88,836.28,33.88,25.88
2024-08-22 12:30:00+05:30,32.13,70.25,1.61,6.1,993.1,350.67,820.3,26.95,26.04
2024-08-22 13:30:00+05:30,32.22,69.89,1.63,1.8,992.0999999999999,159.45,708.1,23.94,26.05
2024-08-22 14:30:00+05:30,31.82,71.48,1.46,4.3,991.5,177.05,552.53,7.14,26.05
2024-08-22 15:30:00+05:30,31.35,73.84,1.17,17.4,991.4,94.12,359.1,3.72,26.14
2024-08-22 16:30:00+05:30,31.01,76.63,0.91,42.3,991.4,52.62,177.65,1.67,26.43
2024-08-22 17:30:00+05:30,30.22,78.37,0.95,60.5,991.9,12.85,38.53,1.39,26.05
2024-08-22 18:30:00+05:30,29.01,90.55,1.07,57.9,992.6,0.0,0.0,1.26,27.33
2024-08-22 19:30:00+05:30,28.45,92.32,1.34,60.0,993.3,0.0,0.0,1.33,27.1
2024-08-22 20:30:00+05:30,27.99,93.17,1.5,63.4,994.0999999999999,0.0,0.0,1.6,26.81
2024-08-22 21:30:00+05:30,27.64,93.91,1.51,68.7,994.5,0.0,0.0,1.44,26.6
2024-08-22 22:30:00+05:30,27.37,94.52,1.45,72.3,994.5,0.0,0.0,1.64,26.44
2024-08-22 23:30:00+05:30,27.13,95.17,1.33,74.3,994.2,0.0,0.0,1.93,26.32
2024-08-23 00:30:00+05:30,26.92,95.75,1.19,75.4,993.8,0.0,0.0,1.48,26.2
2024-08-23 01:30:00+05:30,26.68,96.32,1.1,73.7,993.5,0.0,0.0,1.11,26.07
2024-08-23 02:30:00+05:30,26.44,96.55,1.16,70.9,993.3,0.0,0.0,0.44,25.88
2024-08-23 03:30:00+05:30,26.25,97.14,1.09,74.6,993.4000000000001,0.0,0.0,0.09,25.78
2024-08-23 04:30:00+05:30,26.15,97.51,0.94,90.6,993.6,0.0,0.0,0.03,25.75
2024-08-23 05:30:00+05:30,26.25,96.87,1.04,118.0,993.8,11.82,18.52,0.05,25.73
2024-08-23 06:30:00+05:30,26.74,93.98,1.48,130.1,994.3000000000001,103.0,138.4,0.05,25.72
2024-08-23 07:30:00+05:30,27.31,91.18,1.53,139.2,994.7,239.6,330.55,1.22,25.77
2024-08-23 08:30:00+05:30,28.01,87.79,1.26,122.1,995.0,397.48,524.33,4.38,25.83
2024-08-23 09:30:00+05:30,28.7,84.46,1.5,78.8,994.9,485.23,690.08,10.89,25.84
2024-08-23 10:30:00+05:30,29.22,82.31,2.15,57.0,994.5999999999999,551.03,806.62,15.97,25.91
2024-08-23 11:30:00+05:30,29.65,80.46,2.69,45.1,993.8,648.92,860.62,22.45,25.96
2024-08-23 12:30:00+05:30,30.08,78.29,3.15,38.2,993.1,617.8,829.22,23.36,25.91
2024-08-23 13:30:00+05:30,30.43,76.5,3.53,36.9,992.4,543.05,732.83,20.45,25.85
2024-08-23 14:30:00+05:30,30.61,75.46,3.67,37.2,991.7,404.35,579.78,13.62,25.8
2024-08-23 15:30:00+05:30,30.34,77.21,3.49,38.2,991.3,239.68,389.17,5.2,25.91
2024-08-23 16:30:00+05:30,29.78,80.84,3.01,39.1,991.3,128.35,192.68,2.12,26.16
2024-08-23 17:30:00+05:30,28.66,87.29,2.46,38.4,991.5999999999999,29.95,39.8,0.55,26.36
2024-08-23 18:30:00+05:30,27.56,92.36,2.07,34.4,992.0999999999999,0.0,0.0,0.09,26.24
2024-08-23 19:30:00+05:30,27.26,93.01,2.21,29.2,992.6,0.0,0.0,0.05,26.06
2024-08-23 20:30:00+05:30,27.02,93.55,2.5,25.1,993.1,0.0,0.0,0.06,25.93
2024-08-23 21:30:00+05:30,26.87,93.91,3.04,25.6,993.3,0.0,0.0,0.36,25.84
2024-08-23 22:30:00+05:30,26.68,94.74,3.53,26.4,993.1999999999999,0.0,0.0,3.32,25.79
2024-08-23 23:30:00+05:30,26.37,95.91,3.93,28.7,992.9000000000001,0.0,0.0,18.22,25.7
2024-08-24 00:30:00+05:30,26.09,96.41,4.09,30.3,992.5,0.0,0.0,47.15,25.5
2024-08-24 01:30:00+05:30,25.84,96.57,4.08,27.1,991.9,0.0,0.0,82.34,25.28
2024-08-24 02:30:00+05:30,25.63,96.7,4.07,18.6,991.4,0.0,0.0,81.74,25.09
2024-08-24 03:30:00+05:30,25.52,96.65,4.19,12.3,991.3,0.0,0.0,68.43,24.97
2024-08-24 04:30:00+05:30,25.44,96.64,4.3,8.4,991.4,0.0,0.0,47.54,24.89
2024-08-24 05:30:00+05:30,25.5,96.33,4.55,6.1,991.7,10.68,20.5,34.06,24.89
2024-08-24 06:30:00+05:30,26.26,94.59,5.01,9.7,992.0999999999999,86.53,166.75,36.46,25.35
2024-08-24 07:30:00+05:30,27.31,90.11,5.62,33.5,992.4,183.85,376.92,48.76,25.57
2024-08-24 08:30:00+05:30,28.05,85.78,6.31,45.6,992.6,274.08,579.6,8.9,25.47
2024-08-24 09:30:00+05:30,28.27,83.98,6.71,50.0,992.3000000000001,314.73,744.42,11.03,25.32
2024-08-24 10:30:00+05:30,28.13,85.13,6.84,55.4,991.5999999999999,336.7,848.9,13.83,25.41
2024-08-24 11:30:00+05:30,28.18,86.67,7.02,63.3,990.6,334.38,856.9,15.95,25.77
2024-08-24 12:30:00+05:30,28.38,87.49,6.85,74.6,989.4,309.48,839.3,15.22,26.13
2024-08-24 13:30:00+05:30,28.56,88.12,6.25,87.6,988.5,320.7,736.03,12.85,26.43
2024-08-24 14:30:00+05:30,28.61,88.88,5.62,103.6,987.9000000000001,197.6,595.65,9.03,26.61
2024-08-24 15:30:00+05:30,28.41,90.35,5.29,116.5,987.8,220.62,393.23,5.96,26.71
2024-08-24 16:30:00+05:30,28.0,92.52,4.85,121.9,988.1999999999999,121.75,195.85,4.96,26.7
2024-08-24 17:30:00+05:30,27.45,95.13,4.22,121.6,988.7,26.5,37.58,5.23,26.62
2024-08-24 18:30:00+05:30,27.05,96.41,4.03,118.3,989.3000000000001,0.0,0.0,4.32,26.45
2024-08-24 19:30:00+05:30,26.88,96.65,3.75,114.1,990.0,0.0,0.0,3.89,26.33
2024-08-24 20:30:00+05:30,26.74,96.95,3.4,110.7,990.6999999999999,0.0,0.0,3.45,26.24
2024-08-24 21:30:00+05:30,26.66,97.15,3.11,108.7,991.2,0.0,0.0,2.71,26.2
2024-08-24 22:30:00+05:30,26.65,96.99,3.19,108.7,991.3,0.0,0.0,2.96,26.15
2024-08-24 23:30:00+05:30,26.57,96.94,3.14,107.8,991.1,0.0,0.0,2.25,26.08
2024-08-25 00:30:00+05:30,26.39,97.08,2.91,102.9,990.6999999999999,0.0,0.0,2.12,25.91
2024-08-25 01:30:00+05:30,26.27,96.99,3.23,96.6,990.1999999999999,0.0,0.0,1.92,25.78
2024-08-25 02:30:00+05:30,26.13,96.93,3.34,95.3,989.8000000000001,0.0,0.0,2.29,25.64
2024-08-25 03:30:00+05:30,25.94,96.99,3.19,98.1,989.5999999999999,0.0,0.0,2.19,25.46
2024-08-25 04:30:00+05:30,25.74,97.07,3.05,104.0,989.7,0.0,0.0,1.14,25.28
2024-08-25 05:30:00+05:30,25.73,96.64,3.25,109.6,990.0,16.35,20.38,0.64,25.17
2024-08-25 06:30:00+05:30,26.46,94.0,3.9,112.9,990.4000000000001,119.72,160.38,0.39,25.44
2024-08-25 07:30:00+05:30,27.62,87.61,4.35,123.3,991.0,279.33,354.6,0.14,25.4
2024-08-25 08:30:00+05:30,28.89,80.41,4.69,127.1,991.1,446.75,557.42,0.14,25.2
2024-08-25 09:30:00+05:30,30.12,75.66,4.88,125.8,991.0,547.33,718.22,0.26,25.38
2024-08-25 10:30:00+05:30,31.08,72.35,5.03,126.3,990.6,584.38,824.1,0.54,25.54
2024-08-25 11:30:00+05:30,31.67,70.59,5.1,126.3,990.0,590.62,858.3,1.44,25.7
2024-08-25 12:30:00+05:30,31.99,69.77,5.18,123.8,989.4,613.95,842.72,2.86,25.8
2024-08-25 13:30:00+05:30,31.97,69.61,5.11,122.0,988.8,542.72,730.4,3.81,25.74
2024-08-25 14:30:00+05:30,31.73,70.73,4.62,120.0,988.4000000000001,441.02,564.92,2.91,25.78
2024-08-25 15:30:00+05:30,31.31,73.19,3.86,116.2,988.1,284.9,371.0,2.0,25.95
2024-08-25 16:30:00+05:30,30.57,77.36,3.1,111.2,988.1,128.23,172.93,0.86,26.17
2024-08-25 17:30:00+05:30,29.19,84.99,2.51,103.1,988.3,25.05,33.53,0.32,26.43
2024-08-25 18:30:00+05:30,27.9,89.91,2.35,92.9,988.8,0.0,0.0,0.18,26.1
2024-08-25 19:30:00+05:30,27.48,90.85,2.47,88.4,989.4,0.0,0.0,0.16,25.89
2024-08-25 20:30:00+05:30,27.15,92.36,2.5,87.3,989.9,0.0,0.0,0.11,25.82
2024-08-25 21:30:00+05:30,26.88,94.04,2.54,87.5,990.1,0.0,0.0,0.18,25.86
2024-08-25 22:30:00+05:30,26.69,95.58,2.74,86.7,990.1,0.0,0.0,0.35,25.95
2024-08-25 23:30:00+05:30,26.55,96.57,2.94,84.5,989.9,0.0,0.0,0.37,25.99
2024-08-26 00:30:00+05:30,26.38,97.07,2.84,81.9,989.5999999999999,0.0,0.0,0.28,25.9
2024-08-26 01:30:00+05:30,26.19,97.35,2.64,79.5,989.2,0.0,0.0,0.15,25.77
2024-08-26 02:30:00+05:30,26.0,97.5,2.45,76.1,988.9,0.0,0.0,0.22,25.6
2024-08-26 03:30:00+05:30,25.81,97.6,2.36,72.3,988.7,0.0,0.0,0.26,25.42
2024-08-26 04:30:00+05:30,25.64,97.52,2.35,69.6,988.9,0.0,0.0,0.29,25.24
2024-08-26 05:30:00+05:30,25.76,96.7,2.75,66.9,989.4,15.6,19.62,0.58,25.22
2024-08-26 06:30:00+05:30,26.62,93.88,3.53,66.6,990.1,103.95,155.77,3.76,25.59
2024-08-26 07:30:00+05:30,27.89,90.27,3.82,78.4,990.8,243.62,346.45,4.3,26.17
2024-08-26 08:30:00+05:30,29.02,86.12,4.41,85.1,991.2,397.77,550.97,18.82,26.49
2024-08-26 09:30:00+05:30,29.69,83.0,5.12,89.0,991.5999999999999,479.6,699.88,24.3,26.52
2024-08-26 10:30:00+05:30,29.99,81.14,5.46,92.7,991.5999999999999,544.7,823.83,28.22,26.42
2024-08-26 11:30:00+05:30,30.18,79.48,5.55,95.7,991.3,576.97,909.55,31.22,26.26
2024-08-26 12:30:00+05:30,30.27,77.99,5.42,96.2,990.8,481.58,884.3,29.82,26.02
2024-08-26 13:30:00+05:30,30.28,77.44,5.2,93.6,990.4000000000001,443.88,784.65,29.07,25.91
2024-08-26 14:30:00+05:30,30.13,77.6,5.05,89.7,989.9,162.9,629.7,19.3,25.8
2024-08-26 15:30:00+05:30,29.62,80.14,4.77,85.1,989.5999999999999,230.52,432.38,11.6,25.85
2024-08-26 16:30:00+05:30,28.9,84.86,4.1,81.0,989.5,124.45,221.35,8.9,26.12
2024-08-26 17:30:00+05:30,27.79,91.61,2.79,77.6,989.8000000000001,24.45,41.1,8.09,26.32
2024-08-26 18:30:00+05:30,26.93,94.73,2.25,77.1,990.1999999999999,0.0,0.0,9.11,26.03
2024-08-26 19:30:00+05:30,26.65,95.44,2.04,78.1,990.9000000000001,0.0,0.0,8.82,25.88
2024-08-26 20:30:00+05:30,26.45,95.97,1.95,78.5,991.7,0.0,0.0,9.21,25.79
2024-08-26 21:30:00+05:30,26.32,96.3,2.03,77.7,992.0999999999999,0.0,0.0,8.27,25.71
2024-08-26 22:30:00+05:30,26.31,96.13,2.53,80.2,992.2,0.0,0.0,6.95,25.67
2024-08-26 23:30:00+05:30,26.28,95.95,3.22,83.4,991.8000000000001,0.0,0.0,9.07,25.6
2024-08-27 00:30:00+05:30,26.15,96.19,3.5,81.0,991.4,0.0,0.0,11.59,25.53
2024-08-27 01:30:00+05:30,25.91,96.73,3.42,74.1,990.9000000000001,0.0,0.0,12.52,25.38
2024-08-27 02:30:00+05:30,25.6,96.83,3.21,65.7,990.6,0.0,0.0,13.12,25.08
2024-08-27 03:30:00+05:30,25.29,96.85,2.85,57.0,990.5,0.0,0.0,13.13,24.78
2024-08-27 04:30:00+05:30,25.1,97.04,2.46,45.0,990.6999999999999,0.0,0.0,12.37,24.63
2024-08-27 05:30:00+05:30,25.17,96.77,2.47,30.7,991.1,11.9,18.65,24.5,24.65
2024-08-27 06:30:00+05:30,25.69,95.34,2.99,22.4,991.7,92.57,148.18,30.19,24.91
2024-08-27 07:30:00+05:30,26.47,93.54,3.18,31.6,992.4,204.38,337.17,19.87,25.38
2024-08-27 08:30:00+05:30,27.58,90.12,3.67,53.2,992.6999999999999,370.77,536.62,20.47,25.84
2024-08-27 09:30:00+05:30,28.74,85.54,4.13,67.0,992.8,494.73,686.25,23.69,26.1
2024-08-27 10:30:00+05:30,29.72,81.1,4.21,75.4,992.4,494.95,800.35,26.73,26.15
2024-08-27 11:30:00+05:30,30.2,79.75,4.23,78.4,991.8000000000001,498.48,885.62,33.99,26.33
2024-08-27 12:30:00+05:30,30.04,81.07,4.39,79.1,991.3,394.27,862.2,37.41,26.45
2024-08-27 13:30:00+05:30,29.69,83.28,4.6,78.3,990.9000000000001,230.32,755.4,40.87,26.57
2024-08-27 14:30:00+05:30,29.16,86.17,4.48,78.4,990.6,120.43,602.05,41.33,26.64
2024-08-27 15:30:00+05:30,28.64,89.47,3.99,78.0,990.4000000000001,113.43,409.25,30.74,26.76
2024-08-27 16:30:00+05:30,28.14,92.72,3.15,77.0,990.5,62.58,202.43,23.23,26.86
2024-08-27 17:30:00+05:30,27.48,95.71,2.22,76.5,990.8,13.27,36.85,24.26,26.75
2024-08-27 18:30:00+05:30,26.94,97.01,1.87,74.5,991.3,0.0,0.0,23.48,26.44
2024-08-27 19:30:00+05:30,26.69,97.41,1.67,66.0,992.0,0.0,0.0,26.36,26.27
2024-08-27 20:30:00+05:30,26.5,97.67,1.5,54.5,992.6,0.0,0.0,26.38,26.12
2024-08-27 21:30:00+05:30,26.41,97.54,1.41,49.9,993.0,0.0,0.0,27.43,26.02
2024-08-27 22:30:00+05:30,26.4,97.24,1.16,35.9,993.0,0.0,0.0,25.46,25.94
2024-08-27 23:30:00+05:30,26.3,97.57,1.07,339.7,992.8,0.0,0.0,31.77,25.91
2024-08-28 00:30:00+05:30,26.2,97.65,1.55,311.6,992.4,0.0,0.0,38.57,25.83
2024-08-28 01:30:00+05:30,26.17,97.29,2.27,299.3,992.0999999999999,0.0,0.0,45.01,25.74
2024-08-28 02:30:00+05:30,26.12,97.13,2.77,287.5,991.7,0.0,0.0,47.56,25.66
2024-08-28 03:30:00+05:30,26.09,96.87,3.25,272.1,991.5,0.0,0.0,53.91,25.58
2024-08-28 04:30:00+05:30,26.03,96.85,3.8,258.9,991.5999999999999,0.0,0.0,51.68,25.52
2024-08-28 05:30:00+05:30,26.03,96.56,4.46,250.5,992.0,5.5,20.25,56.46,25.47
2024-08-28 06:30:00+05:30,26.25,96.2,5.05,244.0,992.6999999999999,38.92,171.9,51.83,25.63
2024-08-28 07:30:00+05:30,26.74,95.38,5.27,238.8,993.3,81.62,387.25,42.21,25.96
2024-08-28 08:30:00+05:30,27.51,93.23,5.81,242.9,993.5,84.45,591.88,6.22,26.35
2024-08-28 09:30:00+05:30,28.09,90.04,6.38,250.2,993.5,291.92,754.2,6.39,26.32
2024-08-28 10:30:00+05:30,28.52,86.99,6.35,252.0,993.1999999999999,472.95,852.12,6.73,26.16
2024-08-28 11:30:00+05:30,28.96,84.46,5.95,249.9,992.8,501.7,889.2,6.31,26.1
2024-08-28 12:30:00+05:30,29.29,82.64,5.49,245.2,992.4,541.9,866.8,5.23,26.06
2024-08-28 13:30:00+05:30,29.43,81.85,5.17,241.0,991.8000000000001,481.88,773.67,4.44,26.02
2024-08-28 14:30:00+05:30,29.27,82.07,4.87,237.5,991.3,468.73,620.83,2.93,25.92
2024-08-28 15:30:00+05:30,28.91,83.48,4.34,233.5,991.2,348.9,421.83,1.71,25.84
2024-08-28 16:30:00+05:30,28.38,86.53,3.47,228.5,991.3,171.4,207.68,1.11,25.94
2024-08-28 17:30:00+05:30,27.33,92.29,2.3,223.1,991.7,30.83,35.9,0.82,25.98
2024-08-28 18:30:00+05:30,26.37,94.76,2.09,220.2,992.3000000000001,0.0,0.0,0.54,25.49
2024-08-28 19:30:00+05:30,26.05,94.97,2.15,219.3,992.9000000000001,0.0,0.0,0.26,25.2
2024-08-28 20:30:00+05:30,25.77,95.15,2.14,219.1,993.4000000000001,0.0,0.0,0.14,24.95
2024-08-28 21:30:00+05:30,25.51,95.4,2.07,219.3,993.6,0.0,0.0,0.03,24.75
2024-08-28 22:30:00+05:30,25.34,95.63,1.83,217.7,993.8,0.0,0.0,0.02,24.63
2024-08-28 23:30:00+05:30,25.4,95.24,1.45,215.4,993.9,0.0,0.0,0.01,24.61
2024-08-29 00:30:00+05:30,25.4,94.87,1.24,218.8,993.5,0.0,0.0,0.0,24.54
2024-08-29 01:30:00+05:30,25.14,95.27,1.34,227.4,993.0,0.0,0.0,0.01,24.36
2024-08-29 02:30:00+05:30,24.79,95.32,1.43,228.4,992.3000000000001,0.0,0.0,0.01,24.03
2024-08-29 03:30:00+05:30,24.7,94.53,1.27,219.6,992.2,0.0,0.0,0.0,23.78
2024-08-29 04:30:00+05:30,24.73,93.76,0.97,201.0,992.6999999999999,0.0,0.0,0.0,23.69
2024-08-29 05:30:00+05:30,24.87,94.77,0.84,183.4,993.3,17.77,17.33,0.0,24.0
2024-08-29 06:30:00+05:30,26.06,91.45,1.05,183.3,993.9,133.05,140.32,0.0,24.58
2024-08-29 07:30:00+05:30,28.55,78.47,0.35,59.0,994.3000000000001,302.48,326.98,0.01,24.46
2024-08-29 08:30:00+05:30,30.29,70.82,1.35,41.1,994.5999999999999,465.8,524.55,0.02,24.43
2024-08-29 09:30:00+05:30,31.12,68.96,1.55,44.7,994.5999999999999,671.88,706.38,0.05,24.77
2024-08-29 10:30:00+05:30,31.79,67.59,1.57,48.9,994.2,801.5,833.62,0.11,25.07
2024-08-29 11:30:00+05:30,32.21,66.5,1.41,54.5,993.5,852.12,911.6,0.2,25.2
2024-08-29 12:30:00+05:30,32.54,65.35,1.13,59.6,992.6999999999999,791.38,882.42,0.39,25.23
2024-08-29 13:30:00+05:30,32.56,64.7,0.79,61.2,992.0,684.8,782.2,0.74,25.06
2024-08-29 14:30:00+05:30,32.38,64.39,0.36,41.6,991.5,550.2,621.78,0.43,24.82
2024-08-29 15:30:00+05:30,32.09,64.73,0.33,322.4,991.3,359.0,419.85,0.15,24.63
2024-08-29 16:30:00+05:30,31.67,68.09,0.53,307.3,991.4,179.48,204.98,0.17,25.02
2024-08-29 17:30:00+05:30,30.79,69.09,0.66,323.0,991.8000000000001,33.17,34.62,0.06,24.39
2024-08-29 18:30:00+05:30,29.82,77.6,0.74,338.6,992.3000000000001,0.0,0.0,0.0,25.47
2024-08-29 19:30:00+05:30,29.36,77.9,0.88,351.5,992.9000000000001,0.0,0.0,0.0,25.13
2024-08-29 20:30:00+05:30,28.86,79.91,0.98,8.8,993.5,0.0,0.0,0.0,25.07
2024-08-29 21:30:00+05:30,28.13,84.56,1.22,25.3,994.0,0.0,0.0,0.02,25.31
2024-08-29 22:30:00+05:30,27.47,88.47,1.44,35.1,994.3000000000001,0.0,0.0,0.13,25.42
2024-08-29 23:30:00+05:30,27.09,89.55,1.45,38.8,994.4,0.0,0.0,0.34,25.25
2024-08-30 00:30:00+05:30,26.91,89.65,1.29,40.0,994.2,0.0,0.0,0.41,25.09
2024-08-30 01:30:00+05:30,26.72,89.65,1.16,37.7,993.9,0.0,0.0,0.44,24.91
2024-08-30 02:30:00+05:30,26.6,88.6,1.02,32.6,993.6,0.0,0.0,0.28,24.58
2024-08-30 03:30:00+05:30,26.61,86.38,0.8,23.7,993.4000000000001,0.0,0.0,0.11,24.18
2024-08-30 04:30:00+05:30,26.45,85.8,0.59,12.6,993.4000000000001,0.0,0.0,0.01,23.91
2024-08-30 05:30:00+05:30,26.62,85.6,0.39,355.6,993.7,17.83,18.17,0.0,24.03
2024-08-30 06:30:00+05:30,27.15,87.36,0.21,307.4,994.3000000000001,141.52,146.5,0.06,24.83
2024-08-30 07:30:00+05:30,29.18,77.14,0.05,53.1,995.0,323.4,332.05,0.12,24.79
2024-08-30 08:30:00+05:30,31.11,68.16,0.44,95.2,995.4000000000001,511.05,527.6,0.15,24.56
2024-08-30 09:30:00+05:30,31.96,65.84,0.85,100.1,995.4000000000001,686.42,715.8,0.22,24.79
2024-08-30 10:30:00+05:30,32.56,64.71,1.05,104.3,995.1999999999999,775.97,832.35,0.46,25.07
2024-08-30 11:30:00+05:30,32.95,63.86,0.99,102.8,994.5999999999999,682.17,852.5,0.53,25.21
2024-08-30 12:30:00+05:30,33.12,63.02,0.87,92.6,993.8,708.88,805.25,0.48,25.16
2024-08-30 13:30:00+05:30,33.14,62.87,0.71,75.4,993.0,529.85,695.4,0.31,25.13
2024-08-30 14:30:00+05:30,32.95,62.76,0.63,55.3,992.4,389.6,535.7,0.15,24.92
2024-08-30 15:30:00+05:30,32.68,63.25,0.57,31.5,992.0,269.98,357.75,0.05,24.81
2024-08-30 16:30:00+05:30,32.38,65.86,0.58,4.9,991.9,130.1,167.65,0.05,25.14
2024-08-30 17:30:00+05:30,31.41,68.31,0.71,358.4,992.2,24.35,27.02,0.02,24.83
2024-08-30 18:30:00+05:30,30.5,74.05,0.74,346.0,992.6999999999999,0.0,0.0,0.01,25.37
2024-08-30 19:30:00+05:30,30.02,74.73,0.85,333.4,993.3,0.0,0.0,0.0,25.06
2024-08-30 20:30:00+05:30,29.37,77.75,1.03,320.9,994.0,0.0,0.0,0.0,25.09
2024-08-30 21:30:00+05:30,28.54,82.43,1.32,313.2,994.3000000000001,0.0,0.0,0.0,25.28
2024-08-30 22:30:00+05:30,27.75,86.74,1.58,313.0,994.3000000000001,0.0,0.0,0.0,25.36
2024-08-30 23:30:00+05:30,27.1,89.4,1.82,319.9,994.2,0.0,0.0,0.0,25.23
2024-08-31 00:30:00+05:30,26.59,90.81,1.99,325.7,994.2,0.0,0.0,0.0,24.99
2024-08-31 01:30:00+05:30,26.19,91.57,2.07,327.0,993.8,0.0,0.0,0.0,24.74
2024-08-31 02:30:00+05:30,25.89,92.26,2.07,323.5,993.1,0.0,0.0,0.0,24.57
2024-08-31 03:30:00+05:30,25.65,93.1,1.98,316.2,992.6,0.0,0.0,0.0,24.48
2024-08-31 04:30:00+05:30,25.44,93.78,1.94,308.9,992.5,0.0,0.0,0.0,24.39
2024-08-31 05:30:00+05:30,25.63,93.57,1.95,303.3,992.8,18.08,18.98,0.0,24.53
2024-08-31 06:30:00+05:30,26.83,87.85,2.64,300.4,993.6,130.6,162.98,0.0,24.68
2024-08-31 07:30:00+05:30,28.3,85.24,1.99,295.5,994.0999999999999,267.42,373.4,0.0,25.61
2024-08-31 08:30:00+05:30,30.92,73.73,1.88,315.9,994.3000000000001,438.12,572.33,0.57,25.71
2024-08-31 09:30:00+05:30,32.14,70.05,1.81,311.9,994.0,572.0,732.8,0.62,26.02
2024-08-31 10:30:00+05:30,32.87,68.51,1.76,308.8,993.5,761.97,831.0,1.12,26.33
2024-08-31 11:30:00+05:30,33.08,68.59,1.81,315.4,993.1,708.8,834.83,1.95,26.56
2024-08-31 12:30:00+05:30,33.13,69.05,1.95,321.7,992.3000000000001,647.85,793.92,3.73,26.71
2024-08-31 13:30:00+05:30,33.07,69.55,2.09,327.7,991.7,583.17,686.78,5.55,26.78
2024-08-31 14:30:00+05:30,32.84,70.76,2.25,333.5,991.2,328.45,516.75,4.16,26.84
2024-08-31 15:30:00+05:30,32.39,74.19,2.16,338.3,991.0,199.15,318.25,0.9,27.21
2024-08-31 16:30:00+05:30,31.69,77.33,2.11,344.9,991.2,103.78,139.95,0.83,27.25
2024-08-31 17:30:00+05:30,30.42,85.75,1.7,347.4,991.5,19.12,23.3,0.11,27.77
2024-08-31 18:30:00+05:30,29.45,90.06,1.63,342.9,991.9,0.0,0.0,0.03,27.67
2024-08-31 19:30:00+05:30,29.02,90.43,1.69,336.6,992.3000000000001,0.0,0.0,0.01,27.31
2024-08-31 20:30:00+05:30,28.64,91.01,1.76,343.1,993.0,0.0,0.0,0.04,27.05
2024-08-31 21:30:00+05:30,28.26,91.92,1.9,0.0,993.6,0.0,0.0,0.01,26.85
2024-08-31 22:30:00+05:30,27.93,92.63,1.99,13.1,993.7,0.0,0.0,0.01,26.66
2024-08-31 23:30:00+05:30,27.7,93.37,1.91,19.3,993.1,0.0,0.0,0.05,26.55
2024-09-01 00:30:00+05:30,27.48,94.13,1.73,21.7,992.4,0.0,0.0,0.12,26.48
2024-09-01 01:30:00+05:30,27.26,94.74,1.65,24.7,991.8000000000001,0.0,0.0,0.04,26.37
2024-09-01 02:30:00+05:30,27.02,95.54,1.59,29.8,991.5999999999999,0.0,0.0,0.1,26.27
2024-09-01 03:30:00+05:30,26.79,96.27,1.64,36.6,991.7,0.0,0.0,0.13,26.17
2024-09-01 04:30:00+05:30,26.69,96.62,1.85,44.8,992.0999999999999,0.0,0.0,0.14,26.13
2024-09-01 05:30:00+05:30,26.81,96.39,2.12,54.8,992.6999999999999,14.52,14.55,0.15,26.21
2024-09-01 06:30:00+05:30,27.59,93.63,2.87,66.1,993.5,111.35,117.18,0.86,26.5
2024-09-01 07:30:00+05:30,28.68,90.35,2.92,80.2,994.2,237.48,265.95,5.38,26.96
2024-09-01 08:30:00+05:30,29.74,85.73,3.18,94.0,994.7,402.42,461.08,0.21,27.12
2024-09-01 09:30:00+05:30,30.6,81.89,3.44,107.4,994.7,544.17,626.97,0.38,27.17
2024-09-01 10:30:00+05:30,31.62,76.71,3.9,116.6,994.3000000000001,624.15,719.53,0.56,27.06
2024-09-01 11:30:00+05:30,32.27,73.34,4.13,118.2,993.6,802.97,881.22,0.56,26.92
2024-09-01 12:30:00+05:30,32.6,71.88,4.14,114.1,992.5,739.65,846.22,0.65,26.88
2024-09-01 13:30:00+05:30,32.66,71.48,4.22,105.1,991.5999999999999,616.83,743.47,0.55,26.85
2024-09-01 14:30:00+05:30,32.33,72.89,4.39,95.0,991.2,458.6,599.65,0.41,26.87
2024-09-01 15:30:00+05:30,31.14,78.59,4.3,87.6,991.2,323.45,398.2,0.25,26.99
2024-09-01 16:30:00+05:30,29.72,86.04,4.13,83.5,991.5,153.18,187.05,0.14,27.15
2024-09-01 17:30:00+05:30,28.56,91.41,3.85,82.1,992.0,25.08,27.65,0.06,27.05
2024-09-01 18:30:00+05:30,27.94,93.76,3.95,80.2,992.6,0.0,0.0,0.03,26.87
2024-09-01 19:30:00+05:30,27.63,95.18,4.2,74.7,993.5,0.0,0.0,0.02,26.81
2024-09-01 20:30:00+05:30,27.43,96.04,4.34,67.6,994.3000000000001,0.0,0.0,0.04,26.77
2024-09-01 21:30:00+05:30,27.3,96.16,4.28,64.4,994.7,0.0,0.0,0.07,26.66
2024-09-01 22:30:00+05:30,27.15,96.25,4.13,65.2,994.5,0.0,0.0,0.08,26.53
2024-09-01 23:30:00+05:30,27.0,96.37,3.89,65.7,994.0999999999999,0.0,0.0,0.1,26.4
2024-09-02 00:30:00+05:30,26.86,96.39,3.82,64.8,993.8,0.0,0.0,0.12,26.25
2024-09-02 01:30:00+05:30,26.69,96.45,3.7,61.9,993.6,0.0,0.0,0.15,26.11
2024-09-02 02:30:00+05:30,26.54,96.39,3.8,60.2,993.4000000000001,0.0,0.0,0.11,25.96
2024-09-02 03:30:00+05:30,26.41,96.46,3.92,59.8,993.5,0.0,0.0,0.12,25.83
2024-09-02 04:30:00+05:30,26.24,96.67,3.86,61.0,993.6,0.0,0.0,0.13,25.71
2024-09-02 05:30:00+05:30,26.27,96.29,3.99,64.6,993.8,13.45,16.62,0.12,25.65
2024-09-02 06:30:00+05:30,27.13,93.48,4.55,71.3,994.2,100.32,144.98,0.14,26.01
2024-09-02 07:30:00+05:30,28.44,87.92,5.16,88.4,994.5999999999999,230.48,339.45,0.15,26.26
2024-09-02 08:30:00+05:30,29.74,81.6,5.34,98.3,995.1,423.85,515.42,0.11,26.28
2024-09-02 09:30:00+05:30,30.79,76.74,5.47,100.9,995.1,557.25,661.03,0.08,26.25
2024-09-02 10:30:00+05:30,31.58,73.6,5.5,100.0,994.8000000000001,751.03,774.55,0.05,26.3
2024-09-02 11:30:00+05:30,32.04,71.72,5.4,99.2,994.0,863.85,897.95,0.06,26.31
2024-09-02 12:30:00+05:30,32.24,70.78,5.26,98.5,992.9000000000001,711.05,866.0,0.09,26.29
2024-09-02 13:30:00+05:30,32.25,70.71,5.11,97.7,992.0999999999999,670.65,757.95,0.13,26.27
2024-09-02 14:30:00+05:30,31.98,71.41,4.86,96.6,991.4,510.98,593.67,0.13,26.19
2024-09-02 15:30:00+05:30,31.41,74.31,4.33,95.4,991.0,328.8,391.77,0.06,26.3
2024-09-02 16:30:00+05:30,30.51,79.35,3.61,95.1,991.0,158.8,191.38,0.03,26.55
2024-09-02 17:30:00+05:30,29.02,87.62,2.64,93.7,991.5,25.9,28.5,0.05,26.77
2024-09-02 18:30:00+05:30,27.94,91.22,2.43,92.4,992.3000000000001,0.0,0.0,0.03,26.4
2024-09-02 19:30:00+05:30,27.59,91.84,2.47,92.5,993.1999999999999,0.0,0.0,0.03,26.17
2024-09-02 20:30:00+05:30,27.28,92.48,2.49,94.4,994.0,0.0,0.0,0.02,25.97
2024-09-02 21:30:00+05:30,26.97,93.25,2.44,96.3,994.4,0.0,0.0,0.02,25.82
2024-09-02 22:30:00+05:30,26.71,93.84,2.43,95.4,994.4,0.0,0.0,0.02,25.67
2024-09-02 23:30:00+05:30,26.52,94.3,2.5,91.8,994.3000000000001,0.0,0.0,0.06,25.56
2024-09-03 00:30:00+05:30,26.4,94.22,2.87,90.0,994.0,0.0,0.0,0.1,25.43
2024-09-03 01:30:00+05:30,26.25,94.64,3.21,88.2,993.5,0.0,0.0,0.16,25.35
2024-09-03 02:30:00+05:30,26.09,95.28,3.39,86.8,993.1999999999999,0.0,0.0,0.22,25.31
2024-09-03 03:30:00+05:30,25.92,96.18,3.24,85.4,993.1,0.0,0.0,0.12,25.29
2024-09-03 04:30:00+05:30,25.82,96.69,2.94,87.3,993.3,0.0,0.0,0.09,25.28
2024-09-03 05:30:00+05:30,25.96,96.35,2.77,91.4,993.8,16.45,16.62,0.12,25.36
2024-09-03 06:30:00+05:30,26.85,93.57,3.14,95.3,994.5999999999999,145.32,149.25,0.35,25.75
2024-09-03 07:30:00+05:30,28.3,88.99,2.76,102.8,995.4000000000001,316.12,336.75,0.78,26.33
2024-09-03 08:30:00+05:30,30.14,81.42,2.83,114.8,996.0,510.27,551.35,0.0,26.63
2024-09-03 09:30:00+05:30,31.38,76.54,3.0,120.0,996.0,683.78,711.95,0.0,26.78
2024-09-03 10:30:00+05:30,32.1,73.41,3.11,122.0,995.6,810.65,822.45,0.0,26.77
2024-09-03 11:30:00+05:30,32.65,71.02,3.21,123.7,994.7,864.85,896.42,0.0,26.73
2024-09-03 12:30:00+05:30,32.87,70.01,3.2,126.9,993.7,797.2,863.9,0.0,26.7
2024-09-03 13:30:00+05:30,32.76,70.5,2.96,129.9,992.8,701.1,763.85,0.0,26.71
2024-09-03 14:30:00+05:30,32.41,71.74,2.59,133.7,992.2,552.4,602.42,0.0,26.68
2024-09-03 15:30:00+05:30,31.9,74.51,2.07,139.7,992.0999999999999,364.5,397.45,0.0,26.83
2024-09-03 16:30:00+05:30,31.34,77.84,1.55,147.6,992.2,177.4,190.23,0.0,27.01
2024-09-03 17:30:00+05:30,30.32,82.38,1.23,155.5,992.5,25.55,26.95,0.0,26.98
2024-09-03 18:30:00+05:30,29.58,85.21,0.96,159.9,992.9000000000001,0.0,0.0,0.0,26.86
2024-09-03 19:30:00+05:30,29.39,83.14,0.79,146.3,993.6,0.0,0.0,0.0,26.25
2024-09-03 20:30:00+05:30,28.99,84.1,0.81,113.4,994.5,0.0,0.0,0.0,26.05
2024-09-03 21:30:00+05:30,28.37,87.38,1.01,95.1,994.9,0.0,0.0,0.0,26.1
2024-09-03 22:30:00+05:30,27.92,89.2,1.06,94.3,994.9,0.0,0.0,0.0,26.0
2024-09-03 23:30:00+05:30,27.71,89.31,0.94,100.5,994.5999999999999,0.0,0.0,0.0,25.81
2024-09-04 00:30:00+05:30,27.43,89.94,0.88,97.2,994.2,0.0,0.0,0.0,25.66
2024-09-04 01:30:00+05:30,26.95,92.52,1.04,85.1,993.9,0.0,0.0,0.0,25.66
2024-09-04 02:30:00+05:30,26.58,94.39,1.19,79.4,993.6,0.0,0.0,0.0,25.63
2024-09-04 03:30:00+05:30,26.37,94.84,1.16,81.6,993.5,0.0,0.0,0.0,25.5
2024-09-04 04:30:00+05:30,26.27,94.45,1.03,86.7,993.6,0.0,0.0,0.0,25.33
2024-09-04 05:30:00+05:30,26.41,94.73,0.87,92.6,993.8,16.4,16.08,0.0,25.52
2024-09-04 06:30:00+05:30,27.31,90.91,1.14,101.6,994.0999999999999,143.52,144.95,0.0,25.72
2024-09-04 07:30:00+05:30,28.96,84.03,1.29,98.9,994.0999999999999,318.7,330.62,0.0,26.01
2024-09-04 08:30:00+05:30,30.43,77.87,1.24,94.6,993.9,512.2,512.72,2.16,26.16
2024-09-04 09:30:00+05:30,31.31,74.6,1.04,90.0,993.4000000000001,674.62,676.97,1.99,26.28
2024-09-04 10:30:00+05:30,31.96,71.85,0.67,100.3,992.6,754.4,805.2,2.37,26.26
2024-09-04 11:30:00+05:30,32.36,70.03,0.45,176.2,991.8000000000001,700.85,832.28,3.19,26.21
2024-09-04 12:30:00+05:30,32.74,68.71,1.02,226.6,991.0,673.62,807.97,4.28,26.25
2024-09-04 13:30:00+05:30,32.79,68.37,1.54,242.6,990.4000000000001,549.28,713.33,2.66,26.21
2024-09-04 14:30:00+05:30,32.58,68.9,1.81,255.3,989.9,402.15,558.78,2.94,26.15
2024-09-04 15:30:00+05:30,32.2,71.38,1.71,267.7,989.7,260.4,375.12,1.28,26.38
2024-09-04 16:30:00+05:30,31.6,74.21,1.66,275.2,989.5999999999999,128.57,171.02,0.49,26.46
2024-09-04 17:30:00+05:30,30.46,80.95,1.45,281.5,990.0,15.6,22.98,0.11,26.82
2024-09-04 18:30:00+05:30,29.73,84.97,1.17,292.2,990.4000000000001,0.0,0.0,0.02,26.97
2024-09-04 19:30:00+05:30,29.71,81.4,0.95,305.2,991.0,0.0,0.0,0.01,26.21
2024-09-04 20:30:00+05:30,29.73,78.22,0.59,326.0,991.3,0.0,0.0,0.0,25.56
2024-09-04 21:30:00+05:30,29.63,77.47,0.2,26.6,991.3,0.0,0.0,0.0,25.27
2024-09-04 22:30:00+05:30,28.98,82.54,0.43,129.3,991.0,0.0,0.0,0.01,25.69
2024-09-04 23:30:00+05:30,28.45,83.1,0.69,145.6,990.8,0.0,0.0,0.04,25.32
2024-09-05 00:30:00+05:30,28.1,84.33,0.66,146.1,990.6,0.0,0.0,0.0,25.23
2024-09-05 01:30:00+05:30,28.08,82.94,0.37,143.7,990.3,0.0,0.0,0.01,24.92
2024-09-05 02:30:00+05:30,27.81,85.43,0.3,233.1,990.0,0.0,0.0,0.01,25.15
2024-09-05 03:30:00+05:30,27.22,88.55,0.73,247.3,989.9,0.0,0.0,0.01,25.18
2024-09-05 04:30:00+05:30,26.87,90.28,0.82,240.0,990.1,0.0,0.0,0.04,25.16
2024-09-05 05:30:00+05:30,26.85,90.74,0.68,220.2,990.6,15.73,16.38,0.29,25.23
2024-09-05 06:30:00+05:30,27.66,87.51,0.71,185.6,991.3,117.25,149.02,3.07,25.42
2024-09-05 07:30:00+05:30,29.69,78.77,0.78,131.9,991.8000000000001,223.88,319.17,15.5,25.63
2024-09-05 08:30:00+05:30,30.95,74.49,0.99,121.0,992.2,366.2,506.88,11.61,25.91
2024-09-05 09:30:00+05:30,31.66,72.29,1.3,105.2,992.3000000000001,496.62,677.8,9.57,26.07
2024-09-05 10:30:00+05:30,32.08,70.87,1.66,96.2,992.0999999999999,593.28,782.58,13.87,26.15
2024-09-05 11:30:00+05:30,32.31,70.1,1.93,93.0,991.5,592.78,703.88,24.16,26.17
2024-09-05 12:30:00+05:30,32.38,69.58,2.11,92.7,990.6999999999999,484.45,700.58,30.88,26.13
2024-09-05 13:30:00+05:30,32.38,69.53,2.23,95.4,990.0,288.5,632.7,37.7,26.1
2024-09-05 14:30:00+05:30,32.15,70.29,2.06,97.8,989.3000000000001,234.65,481.73,24.85,26.08
2024-09-05 15:30:00+05:30,31.68,73.23,1.72,101.4,989.0999999999999,37.58,301.95,9.05,26.32
2024-09-05 16:30:00+05:30,31.12,76.3,1.5,109.9,989.3000000000001,16.25,129.88,3.38,26.46
2024-09-05 17:30:00+05:30,29.94,82.55,1.4,121.9,989.9,2.58,17.62,0.6,26.65
2024-09-05 18:30:00+05:30,28.89,90.33,1.37,128.8,990.5,0.0,0.0,0.18,27.17
2024-09-05 19:30:00+05:30,28.35,91.26,1.52,131.5,991.3,0.0,0.0,0.05,26.82
2024-09-05 20:30:00+05:30,27.94,92.2,1.58,133.5,991.8000000000001,0.0,0.0,0.03,26.57
2024-09-05 21:30:00+05:30,27.64,92.88,1.51,136.6,992.0,0.0,0.0,0.08,26.41
2024-09-05 22:30:00+05:30,27.58,91.95,1.19,141.1,992.0999999999999,0.0,0.0,1.48,26.18
2024-09-05 23:30:00+05:30,27.87,87.67,0.49,146.6,992.0,0.0,0.0,6.83,25.65
2024-09-06 00:30:00+05:30,27.57,89.79,0.55,317.9,991.8000000000001,0.0,0.0,10.69,25.76
2024-09-06 01:30:00+05:30,26.78,94.86,1.24,330.9,991.5,0.0,0.0,8.11,25.91
2024-09-06 02:30:00+05:30,26.37,96.25,1.46,344.9,991.3,0.0,0.0,3.37,25.74
2024-09-06 03:30:00+05:30,26.07,96.83,1.51,2.7,991.4,0.0,0.0,0.87,25.55
2024-09-06 04:30:00+05:30,25.81,97.33,1.62,16.9,991.5999999999999,0.0,0.0,0.42,25.38
2024-09-06 05:30:00+05:30,25.8,97.16,1.95,25.8,992.2,8.6,11.2,0.19,25.34
2024-09-06 06:30:00+05:30,26.51,94.55,2.78,31.9,993.0,72.85,97.3,0.37,25.6
2024-09-06 07:30:00+05:30,27.73,89.37,3.03,48.5,993.7,169.98,229.25,0.5,25.84
2024-09-06 08:30:00+05:30,29.1,81.93,3.66,69.5,994.2,281.5,401.3,1.21,25.72
2024-09-06 09:30:00+05:30,30.09,77.5,3.6,87.1,994.7,403.77,565.03,2.2,25.75
2024-09-06 10:30:00+05:30,30.83,75.07,3.22,94.5,994.5,535.72,673.7,4.0,25.93
2024-09-06 11:30:00+05:30,31.27,73.77,2.82,93.5,993.7,689.53,860.47,7.55,26.04
2024-09-06 12:30:00+05:30,31.38,73.14,2.51,92.7,992.8,676.72,829.8,9.93,26.01
2024-09-06 13:30:00+05:30,31.13,73.79,2.23,95.9,991.9,589.55,729.17,12.88,25.92
2024-09-06 14:30:00+05:30,30.87,74.87,1.9,98.5,991.3,437.65,567.0,10.46,25.92
2024-09-06 15:30:00+05:30,30.65,77.62,1.41,99.8,990.9000000000001,278.95,366.45,4.75,26.31
2024-09-06 16:30:00+05:30,30.66,76.63,1.09,97.4,990.9000000000001,141.6,167.8,1.81,26.09
2024-09-06 17:30:00+05:30,29.99,80.64,0.73,95.5,991.3,19.38,20.38,0.34,26.29
2024-09-06 18:30:00+05:30,29.72,79.5,0.55,87.9,991.9,0.0,0.0,0.27,25.8
2024-09-06 19:30:00+05:30,29.73,77.75,0.41,71.6,992.5,0.0,0.0,0.25,25.45
2024-09-06 20:30:00+05:30,29.39,80.59,0.31,38.4,993.1,0.0,0.0,0.31,25.69
2024-09-06 21:30:00+05:30,28.77,82.48,0.36,6.3,993.3,0.0,0.0,0.43,25.46
2024-09-06 22:30:00+05:30,28.13,85.89,0.51,5.6,993.1999999999999,0.0,0.0,0.48,25.55
2024-09-06 23:30:00+05:30,27.53,88.81,0.77,9.7,993.1,0.0,0.0,0.52,25.54
2024-09-07 00:30:00+05:30,26.86,93.22,1.08,15.1,992.9000000000001,0.0,0.0,0.52,25.7
2024-09-07 01:30:00+05:30,26.41,95.48,1.3,19.3,992.6999999999999,0.0,0.0,0.67,25.67
2024-09-07 02:30:00+05:30,26.15,95.89,1.47,24.5,992.5,0.0,0.0,0.48,25.48
2024-09-07 03:30:00+05:30,25.93,96.3,1.51,29.8,992.4,0.0,0.0,0.72,25.33
2024-09-07 04:30:00+05:30,25.67,96.89,1.41,37.0,992.4,0.0,0.0,1.02,25.17
2024-09-07 05:30:00+05:30,25.67,96.73,1.29,47.5,992.6,15.62,13.82,0.86,25.14
2024-09-07 06:30:00+05:30,26.62,92.69,1.46,64.8,993.1,115.57,124.25,0.92,25.36
2024-09-07 07:30:00+05:30,28.46,84.81,1.75,80.5,993.7,230.32,278.58,2.7,25.68
2024-09-07 08:30:00+05:30,30.11,77.97,2.13,86.5,993.9,388.0,453.23,0.31,25.87
2024-09-07 09:30:00+05:30,31.14,74.71,1.91,90.0,993.9,605.12,631.42,0.24,26.14
2024-09-07 10:30:00+05:30,31.97,72.04,1.58,89.3,993.6,742.28,756.4,0.21,26.32
2024-09-07 11:30:00+05:30,32.46,70.07,1.25,82.6,993.1,801.25,850.4,0.25,26.32
2024-09-07 12:30:00+05:30,32.7,68.76,0.97,70.8,992.3000000000001,733.28,817.42,0.31,26.24
2024-09-07 13:30:00+05:30,32.71,68.11,0.84,50.8,991.5,656.33,709.4,0.47,26.09
2024-09-07 14:30:00+05:30,32.57,68.0,0.77,28.6,990.9000000000001,509.12,544.22,0.56,25.92
2024-09-07 15:30:00+05:30,32.25,69.07,0.79,8.7,990.8,309.65,344.08,0.45,25.87
2024-09-07 16:30:00+05:30,32.01,71.82,0.65,356.5,991.0,139.82,153.1,0.28,26.26
2024-09-07 17:30:00+05:30,31.23,72.68,0.6,351.3,991.4,16.42,18.62,0.07,25.67
2024-09-07 18:30:00+05:30,30.47,77.83,0.62,325.5,992.0,0.0,0.0,0.04,26.15
2024-09-07 19:30:00+05:30,29.95,79.95,0.78,305.1,992.6999999999999,0.0,0.0,0.0,26.13
2024-09-07 20:30:00+05:30,29.4,82.54,0.98,298.7,993.4000000000001,0.0,0.0,0.0,26.13
2024-09-07 21:30:00+05:30,28.88,85.51,1.16,300.1,993.6,0.0,0.0,0.0,26.23
2024-09-07 22:30:00+05:30,28.38,88.58,1.31,308.2,993.5,0.0,0.0,0.0,26.34
2024-09-07 23:30:00+05:30,27.99,90.84,1.43,319.5,993.3,0.0,0.0,0.01,26.37
2024-09-08 00:30:00+05:30,27.64,92.09,1.56,333.3,993.0,0.0,0.0,0.02,26.27
2024-09-08 01:30:00+05:30,27.31,92.53,1.68,342.6,992.6,0.0,0.0,0.05,26.02
2024-09-08 02:30:00+05:30,26.96,92.92,1.8,343.2,992.2,0.0,0.0,0.06,25.75
2024-09-08 03:30:00+05:30,26.64,93.66,1.77,338.1,992.2,0.0,0.0,0.03,25.56
2024-09-08 04:30:00+05:30,26.37,94.54,1.65,333.7,992.3000000000001,0.0,0.0,0.01,25.44
2024-09-08 05:30:00+05:30,26.3,94.64,1.64,333.6,992.6,14.68,14.7,0.0,25.4
2024-09-08 06:30:00+05:30,26.82,91.1,2.16,332.5,993.3,130.6,141.25,0.01,25.28
2024-09-08 07:30:00+05:30,27.61,89.24,1.74,321.8,994.0999999999999,295.42,339.67,0.03,25.71
2024-09-08 08:30:00+05:30,29.33,80.94,1.49,331.5,994.5,494.75,539.28,0.33,25.74
2024-09-08 09:30:00+05:30,30.65,75.56,1.04,345.6,994.4,654.3,697.67,0.61,25.85
2024-09-08 10:30:00+05:30,31.75,72.12,0.59,13.8,993.7,776.35,796.22,0.58,26.14
2024-09-08 11:30:00+05:30,32.42,70.11,0.43,44.1,992.8,791.03,804.15,0.51,26.29
2024-09-08 12:30:00+05:30,32.77,68.58,0.32,48.8,991.8000000000001,668.78,764.55,0.31,26.25
2024-09-08 13:30:00+05:30,32.72,67.86,0.23,0.0,990.8,606.42,639.9,0.25,26.03
2024-09-08 14:30:00+05:30,32.63,67.98,0.41,322.9,990.1999999999999,450.55,481.3,0.18,25.96
2024-09-08 15:30:00+05:30,32.58,70.17,0.54,317.2,989.9,279.67,295.3,0.09,26.43
2024-09-08 16:30:00+05:30,32.31,68.98,0.58,327.7,990.0,132.27,132.3,0.04,25.79
2024-09-08 17:30:00+05:30,31.18,74.34,0.59,326.0,990.3,17.67,16.17,0.0,25.92
2024-09-08 18:30:00+05:30,30.47,78.76,0.76,294.2,990.6,0.0,0.0,0.0,26.37
2024-09-08 19:30:00+05:30,29.67,82.79,1.1,281.5,991.1,0.0,0.0,0.0,26.45
2024-09-08 20:30:00+05:30,28.94,86.51,1.37,279.7,991.5999999999999,0.0,0.0,0.01,26.48
2024-09-08 21:30:00+05:30,28.34,89.21,1.57,280.3,991.5999999999999,0.0,0.0,0.02,26.42
2024-09-08 22:30:00+05:30,27.83,91.0,1.73,282.3,991.2,0.0,0.0,0.14,26.26
2024-09-08 23:30:00+05:30,27.37,92.29,1.85,287.3,990.8,0.0,0.0,1.32,26.04
2024-09-09 00:30:00+05:30,27.02,93.11,1.91,295.4,990.3,0.0,0.0,7.13,25.83
2024-09-09 01:30:00+05:30,26.72,93.72,2.0,306.1,990.0,0.0,0.0,12.23,25.64
2024-09-09 02:30:00+05:30,26.43,94.45,2.0,317.0,989.7,0.0,0.0,15.45,25.5
2024-09-09 03:30:00+05:30,26.21,95.28,1.91,329.4,989.8000000000001,0.0,0.0,15.87,25.41
2024-09-09 04:30:00+05:30,26.04,95.95,1.77,342.3,990.0,0.0,0.0,13.81,25.38
2024-09-09 05:30:00+05:30,26.12,96.13,1.7,355.3,990.4000000000001,11.43,14.3,8.19,25.48
2024-09-09 06:30:00+05:30,26.89,93.23,2.25,3.6,990.9000000000001,115.5,140.85,3.09,25.72
2024-09-09 07:30:00+05:30,28.04,90.43,1.85,7.1,991.3,265.45,334.3,0.6,26.35
2024-09-09 08:30:00+05:30,29.92,82.52,1.98,23.2,991.5,486.75,536.75,0.46,26.65
2024-09-09 09:30:00+05:30,31.51,76.7,1.86,38.2,991.4,614.55,697.85,0.42,26.94
2024-09-09 10:30:00+05:30,32.54,73.14,1.57,51.7,990.9000000000001,732.5,802.72,0.64,27.13
2024-09-09 11:30:00+05:30,33.01,70.88,1.43,52.1,990.1999999999999,802.05,863.0,0.96,27.03
2024-09-09 12:30:00+05:30,33.11,69.74,1.57,41.9,989.3000000000001,758.75,825.28,0.49,26.87
2024-09-09 13:30:00+05:30,33.1,69.64,1.91,35.6,988.5,621.1,710.17,0.13,26.83
2024-09-09 14:30:00+05:30,32.8,70.8,2.16,34.1,987.8,400.0,543.17,0.05,26.82
2024-09-09 15:30:00+05:30,32.26,75.91,2.01,30.5,987.5,231.7,337.73,0.02,27.47
2024-09-09 16:30:00+05:30,31.33,78.41,2.3,32.0,987.6999999999999,114.53,148.15,0.0,27.13
2024-09-09 17:30:00+05:30,29.99,87.62,1.87,32.3,988.0,14.38,16.52,0.0,27.73
2024-09-09 18:30:00+05:30,29.17,90.88,1.86,32.1,988.6,0.0,0.0,0.0,27.56
2024-09-09 19:30:00+05:30,28.77,91.66,1.94,32.8,989.2,0.0,0.0,0.0,27.3
2024-09-09 20:30:00+05:30,28.39,92.38,2.03,35.2,989.7,0.0,0.0,0.05,27.06
2024-09-09 21:30:00+05:30,28.08,93.05,2.18,39.2,989.7,0.0,0.0,0.03,26.88
2024-09-09 22:30:00+05:30,27.8,93.54,2.53,42.8,989.5999999999999,0.0,0.0,0.05,26.68
2024-09-09 23:30:00+05:30,27.59,93.86,3.05,45.3,989.3000000000001,0.0,0.0,0.13,26.53
2024-09-10 00:30:00+05:30,27.38,94.65,3.38,47.2,988.9,0.0,0.0,1.02,26.47
2024-09-10 01:30:00+05:30,27.21,94.93,3.62,51.5,988.3,0.0,0.0,5.26,26.36
2024-09-10 02:30:00+05:30,26.99,95.54,3.44,53.0,987.6,0.0,0.0,7.65,26.24
2024-09-10 03:30:00+05:30,26.79,96.22,3.11,56.9,987.5,0.0,0.0,4.32,26.17
2024-09-10 04:30:00+05:30,26.69,96.59,2.87,68.8,988.1999999999999,0.0,0.0,3.35,26.13
2024-09-10 05:30:00+05:30,26.71,96.87,2.44,67.3,988.7,14.85,15.48,3.72,26.19
2024-09-10 06:30:00+05:30,27.32,95.22,2.85,50.8,989.2,136.57,157.05,7.27,26.52
2024-09-10 07:30:00+05:30,28.16,93.69,2.93,36.7,989.9,287.65,363.67,22.05,27.07
2024-09-10 08:30:00+05:30,29.21,89.88,3.27,48.8,990.4000000000001,461.9,567.05,0.47,27.4
2024-09-10 09:30:00+05:30,29.75,87.65,3.83,56.7,990.5,587.5,729.78,0.82,27.5
2024-09-10 10:30:00+05:30,30.06,86.08,4.52,61.3,990.1999999999999,634.78,833.85,1.12,27.49
2024-09-10 11:30:00+05:30,30.25,84.54,5.0,65.0,989.4,678.33,876.2,1.38,27.38
2024-09-10 12:30:00+05:30,30.38,83.37,5.14,66.5,988.4000000000001,669.08,848.05,1.07,27.27
2024-09-10 13:30:00+05:30,30.38,83.06,5.02,65.4,987.3000000000001,593.05,738.33,0.85,27.2
2024-09-10 14:30:00+05:30,30.25,84.18,4.54,63.4,986.4,404.88,570.58,0.5,27.3
2024-09-10 15:30:00+05:30,29.97,87.26,3.6,61.4,986.2,265.92,362.98,0.35,27.64
2024-09-10 16:30:00+05:30,29.46,90.96,2.64,60.7,986.3,122.35,154.85,0.33,27.85
2024-09-10 17:30:00+05:30,28.56,94.4,2.14,57.8,986.7,15.05,16.38,0.28,27.6
2024-09-10 18:30:00+05:30,28.1,95.38,2.26,51.5,987.0999999999999,0.0,0.0,0.32,27.33
2024-09-10 19:30:00+05:30,27.99,95.4,2.67,49.7,987.8,0.0,0.0,0.34,27.21
2024-09-10 20:30:00+05:30,27.93,95.23,3.29,50.8,988.1,0.0,0.0,0.47,27.12
2024-09-10 21:30:00+05:30,27.82,95.57,3.43,55.9,988.1999999999999,0.0,0.0,0.62,27.08
2024-09-10 22:30:00+05:30,27.69,96.19,3.04,63.0,988.4000000000001,0.0,0.0,0.79,27.05
2024-09-10 23:30:00+05:30,27.63,96.1,3.43,62.8,987.9000000000001,0.0,0.0,1.04,26.98
2024-09-11 00:30:00+05:30,27.54,96.11,4.1,58.9,987.0999999999999,0.0,0.0,1.4,26.88
2024-09-11 01:30:00+05:30,27.45,96.22,4.21,57.8,986.5,0.0,0.0,1.72,26.82
2024-09-11 02:30:00+05:30,27.39,96.18,4.64,58.1,986.1,0.0,0.0,1.74,26.76
2024-09-11 03:30:00+05:30,27.34,96.1,5.19,57.7,985.8,0.0,0.0,1.92,26.69
2024-09-11 04:30:00+05:30,27.37,95.55,5.55,65.1,985.8,0.0,0.0,2.01,26.61
2024-09-11 05:30:00+05:30,27.46,94.78,6.15,78.5,986.1,8.4,13.48,2.0,26.58
2024-09-11 06:30:00+05:30,27.51,95.51,6.12,78.7,986.5,67.62,132.05,1.72,26.76
2024-09-11 07:30:00+05:30,28.02,94.49,6.71,79.6,986.9,131.52,324.17,1.21,27.08
2024-09-11 08:30:00+05:30,28.99,90.75,8.13,89.6,986.9,195.93,530.12,5.02,27.35
2024-09-11 09:30:00+05:30,29.84,87.23,8.71,94.1,986.5999999999999,344.0,692.62,2.95,27.51
2024-09-11 10:30:00+05:30,30.52,83.27,9.18,99.0,986.3,480.35,800.22,1.84,27.39
2024-09-11 11:30:00+05:30,30.98,80.9,9.36,103.6,985.9000000000001,540.25,846.92,2.33,27.33
2024-09-11 12:30:00+05:30,31.37,79.52,9.28,107.9,985.4000000000001,490.73,798.95,3.28,27.42
2024-09-11 13:30:00+05:30,31.36,80.28,8.58,111.3,985.0,465.2,673.45,4.29,27.57
2024-09-11 14:30:00+05:30,30.9,83.57,7.22,114.2,985.0,346.92,506.67,4.27,27.82
2024-09-11 15:30:00+05:30,30.34,87.53,5.88,118.9,985.3,214.6,303.62,4.42,28.06
2024-09-11 16:30:00+05:30,29.72,90.33,5.06,126.5,985.6999999999999,112.62,133.05,4.93,27.99
2024-09-11 17:30:00+05:30,29.0,93.08,4.53,132.7,986.5,13.48,13.95,4.44,27.79
2024-09-11 18:30:00+05:30,28.46,93.18,4.42,140.2,987.3000000000001,0.0,0.0,4.1,27.27
2024-09-11 19:30:00+05:30,28.01,91.65,4.62,151.2,988.1999999999999,0.0,0.0,4.3,26.55
2024-09-11 20:30:00+05:30,27.55,91.02,4.91,161.7,988.9,0.0,0.0,4.67,25.98
2024-09-11 21:30:00+05:30,26.98,92.15,5.02,170.5,989.3000000000001,0.0,0.0,5.4,25.63
2024-09-11 22:30:00+05:30,26.43,94.01,4.44,172.5,989.3000000000001,0.0,0.0,6.29,25.42
2024-09-11 23:30:00+05:30,26.02,95.41,3.8,165.7,989.0,0.0,0.0,4.37,25.26
2024-09-12 00:30:00+05:30,25.84,95.78,3.89,158.1,988.5,0.0,0.0,2.76,25.14
2024-09-12 01:30:00+05:30,25.72,95.95,4.22,156.7,988.1,0.0,0.0,1.58,25.06
2024-09-12 02:30:00+05:30,25.6,96.1,4.55,157.9,987.9000000000001,0.0,0.0,0.65,24.96
2024-09-12 03:30:00+05:30,25.48,96.01,4.75,158.4,988.1999999999999,0.0,0.0,0.29,24.82
2024-09-12 04:30:00+05:30,25.34,95.9,4.89,159.0,988.7,0.0,0.0,0.22,24.66
2024-09-12 05:30:00+05:30,25.27,95.58,5.23,159.0,989.2,8.9,14.23,0.21,24.54
2024-09-12 06:30:00+05:30,26.07,93.15,5.9,156.8,989.9,66.78,153.75,0.59,24.91
2024-09-12 07:30:00+05:30,27.81,87.35,6.54,163.8,990.6,177.82,374.23,0.86,25.54
2024-09-12 08:30:00+05:30,29.66,80.95,7.26,174.7,990.6999999999999,275.85,580.22,1.14,26.06
2024-09-12 09:30:00+05:30,30.93,76.99,7.41,181.3,990.6,354.75,741.92,2.67,26.46
2024-09-12 10:30:00+05:30,31.7,74.66,7.43,186.5,990.1999999999999,253.57,844.75,3.18,26.66
2024-09-12 11:30:00+05:30,31.93,73.98,7.22,190.3,989.8000000000001,322.95,828.6,4.39,26.73
2024-09-12 12:30:00+05:30,31.8,74.52,6.84,193.4,989.0999999999999,342.98,785.4,5.65,26.73
2024-09-12 13:30:00+05:30,31.15,77.75,6.23,195.5,988.6,355.83,687.33,7.46,26.82
2024-09-12 14:30:00+05:30,30.31,83.02,5.22,196.8,988.4000000000001,258.55,530.28,8.7,27.12
2024-09-12 15:30:00+05:30,29.58,88.63,4.03,193.0,988.5,140.55,331.42,9.07,27.52
2024-09-12 16:30:00+05:30,28.92,92.29,3.38,184.8,988.7,62.12,137.65,14.0,27.57
2024-09-12 17:30:00+05:30,28.32,94.46,3.18,175.0,989.0,7.8,13.25,16.04,27.37
2024-09-12 18:30:00+05:30,28.12,94.54,3.94,168.3,989.2,0.0,0.0,10.24,27.19
2024-09-12 19:30:00+05:30,28.03,94.61,4.7,169.0,990.0,0.0,0.0,5.57,27.1
2024-09-12 20:30:00+05:30,27.9,94.73,5.27,173.7,990.5,0.0,0.0,4.74,26.99
2024-09-12 21:30:00+05:30,27.6,95.22,5.21,179.0,990.5,0.0,0.0,5.05,26.8
2024-09-12 22:30:00+05:30,27.31,95.53,5.06,183.6,990.4000000000001,0.0,0.0,4.58,26.56
2024-09-12 23:30:00+05:30,27.06,95.76,5.02,189.6,990.4000000000001,0.0,0.0,5.79,26.35
2024-09-13 00:30:00+05:30,26.84,95.97,4.63,195.1,990.1,0.0,0.0,10.04,26.17
2024-09-13 01:30:00+05:30,26.61,96.22,4.07,201.3,989.7,0.0,0.0,13.32,25.98
2024-09-13 02:30:00+05:30,26.41,96.27,3.86,206.1,989.7,0.0,0.0,14.39,25.8
2024-09-13 03:30:00+05:30,26.23,96.24,3.71,212.1,990.0,0.0,0.0,11.29,25.6
2024-09-13 04:30:00+05:30,26.05,96.11,3.76,223.9,990.4000000000001,0.0,0.0,8.06,25.41
2024-09-13 05:30:00+05:30,25.88,96.13,3.62,229.7,991.1,13.25,13.25,5.03,25.24
2024-09-13 06:30:00+05:30,26.14,94.73,3.86,232.7,991.8000000000001,119.2,136.0,3.58,25.26
2024-09-13 07:30:00+05:30,26.8,92.07,3.97,232.6,992.6,230.38,312.08,4.93,25.42
2024-09-13 08:30:00+05:30,27.85,87.41,4.29,242.4,993.0,392.48,499.35,1.18,25.59
2024-09-13 09:30:00+05:30,29.02,82.92,4.32,257.7,993.1999999999999,421.12,655.22,2.17,25.84
2024-09-13 10:30:00+05:30,29.85,80.4,4.05,272.3,993.1,475.7,756.6,2.35,26.13
2024-09-13 11:30:00+05:30,30.53,77.94,3.82,284.1,992.6,631.92,834.67,2.13,26.26
2024-09-13 12:30:00+05:30,30.89,76.02,3.76,291.7,992.0,596.88,804.3,1.8,26.19
2024-09-13 13:30:00+05:30,30.84,75.07,3.81,296.4,991.3,615.9,692.78,1.27,25.92
2024-09-13 14:30:00+05:30,30.64,75.18,3.9,298.7,990.6999999999999,458.15,518.17,0.74,25.76
2024-09-13 15:30:00+05:30,30.32,76.8,3.67,298.0,990.4000000000001,273.62,308.83,0.38,25.82
2024-09-13 16:30:00+05:30,29.56,81.17,3.04,294.3,990.5,117.62,123.53,0.26,26.01
2024-09-13 17:30:00+05:30,28.06,89.16,2.34,288.2,990.6,11.4,11.62,0.3,26.14
2024-09-13 18:30:00+05:30,27.14,91.96,2.36,280.7,991.0,0.0,0.0,0.2,25.75
2024-09-13 19:30:00+05:30,26.8,92.5,2.57,277.8,991.5,0.0,0.0,0.16,25.51
2024-09-13 20:30:00+05:30,26.48,93.41,2.77,278.1,992.0999999999999,0.0,0.0,0.13,25.36
2024-09-13 21:30:00+05:30,26.11,94.6,2.99,279.8,992.0999999999999,0.0,0.0,0.08,25.2
2024-09-13 22:30:00+05:30,25.74,96.15,3.22,281.8,991.7,0.0,0.0,0.08,25.11
2024-09-13 23:30:00+05:30,25.44,97.35,3.15,282.4,991.2,0.0,0.0,0.12,25.01
2024-09-14 00:30:00+05:30,25.24,97.93,3.07,283.0,990.8,0.0,0.0,0.17,24.92
2024-09-14 01:30:00+05:30,25.17,97.81,3.27,284.2,990.3,0.0,0.0,0.29,24.82
2024-09-14 02:30:00+05:30,25.21,97.36,3.37,285.2,990.0,0.0,0.0,0.25,24.79
2024-09-14 03:30:00+05:30,25.11,97.61,2.87,280.4,990.1,0.0,0.0,0.22,24.73
2024-09-14 04:30:00+05:30,25.09,97.52,2.84,273.0,990.6,0.0,0.0,0.2,24.69
2024-09-14 05:30:00+05:30,25.24,96.72,3.3,267.4,991.3,12.45,12.27,0.31,24.71
2024-09-14 06:30:00+05:30,26.2,93.64,4.46,267.0,992.0999999999999,118.75,128.12,0.63,25.12
2024-09-14 07:30:00+05:30,27.52,88.87,5.07,270.2,992.6999999999999,291.85,326.67,0.88,25.55
2024-09-14 08:30:00+05:30,28.74,83.97,5.84,278.6,992.9000000000001,474.6,526.97,8.11,25.78
2024-09-14 09:30:00+05:30,29.48,81.17,6.25,287.1,992.8,588.08,678.12,6.6,25.93
2024-09-14 10:30:00+05:30,30.04,79.05,6.38,295.9,992.5,707.35,784.25,10.81,26.03
2024-09-14 11:30:00+05:30,30.49,77.28,6.27,304.1,992.0,706.67,804.53,11.74,26.09
2024-09-14 12:30:00+05:30,30.71,76.65,5.99,311.3,991.3,620.9,780.42,11.18,26.16
2024-09-14 13:30:00+05:30,30.74,76.93,5.57,315.5,990.8,527.58,658.35,5.96,26.24
2024-09-14 14:30:00+05:30,30.57,77.94,4.98,316.3,990.4000000000001,405.38,494.33,1.91,26.3
2024-09-14 15:30:00+05:30,30.09,80.97,4.11,314.7,990.3,247.05,298.12,0.51,26.48
2024-09-14 16:30:00+05:30,29.23,86.19,3.15,310.1,990.4000000000001,113.03,119.95,0.27,26.71
2024-09-14 17:30:00+05:30,27.99,91.46,2.44,304.0,990.6999999999999,11.55,11.05,0.12,26.49
2024-09-14 18:30:00+05:30,27.29,92.71,2.46,297.9,991.2,0.0,0.0,0.04,26.03
2024-09-14 19:30:00+05:30,26.88,93.09,2.52,293.4,991.7,0.0,0.0,0.04,25.69
2024-09-14 20:30:00+05:30,26.47,93.57,2.61,292.5,992.2,0.0,0.0,0.01,25.36
2024-09-14 21:30:00+05:30,26.07,94.12,2.74,295.1,992.4,0.0,0.0,0.0,25.07
2024-09-14 22:30:00+05:30,25.7,94.74,2.85,298.1,992.4,0.0,0.0,0.0,24.81
2024-09-14 23:30:00+05:30,25.33,95.58,2.99,300.5,992.3000000000001,0.0,0.0,0.01,24.6
2024-09-15 00:30:00+05:30,25.08,95.96,3.2,300.4,992.0,0.0,0.0,0.16,24.42
2024-09-15 01:30:00+05:30,24.87,96.1,3.32,297.4,991.7,0.0,0.0,0.84,24.23
2024-09-15 02:30:00+05:30,24.69,96.1,3.28,292.4,991.3,0.0,0.0,1.17,24.05
2024-09-15 03:30:00+05:30,24.5,96.22,3.21,286.6,991.2,0.0,0.0,0.45,23.88
2024-09-15 04:30:00+05:30,24.32,96.3,3.2,282.3,991.3,0.0,0.0,0.24,23.72
2024-09-15 05:30:00+05:30,24.23,96.18,3.32,278.3,991.5999999999999,11.27,11.6,0.2,23.61
2024-09-15 06:30:00+05:30,24.82,94.13,3.98,274.9,992.0999999999999,111.03,120.88,0.44,23.84
2024-09-15 07:30:00+05:30,26.2,89.97,4.16,274.8,992.4,245.65,298.45,0.67,24.44
2024-09-15 08:30:00+05:30,28.25,80.03,5.52,292.0,992.5,382.42,493.45,2.09,24.5
2024-09-15 09:30:00+05:30,29.47,75.71,5.79,301.4,992.5,425.25,654.38,2.64,24.75
2024-09-15 10:30:00+05:30,30.25,73.77,5.17,310.7,992.6,477.95,775.4,4.63,25.07
2024-09-15 11:30:00+05:30,30.67,72.86,4.45,321.7,992.5,493.6,791.03,6.33,25.27
2024-09-15 12:30:00+05:30,30.74,72.6,3.94,329.9,991.9,476.2,753.78,7.7,25.27
2024-09-15 13:30:00+05:30,30.63,73.29,3.59,332.6,991.2,442.27,648.85,7.5,25.33
2024-09-15 14:30:00+05:30,30.34,75.51,3.31,329.9,990.6999999999999,261.23,488.4,3.91,25.54
2024-09-15 15:30:00+05:30,30.05,77.63,3.22,325.1,990.4000000000001,156.1,296.5,1.69,25.74
2024-09-15 16:30:00+05:30,29.45,81.1,2.98,321.1,990.1999999999999,63.2,114.53,0.82,25.88
2024-09-15 17:30:00+05:30,27.82,89.27,2.29,317.3,990.4000000000001,7.32,10.15,1.02,25.92
2024-09-15 18:30:00+05:30,27.05,90.95,2.48,312.6,990.6999999999999,0.0,0.0,0.83,25.47
2024-09-15 19:30:00+05:30,26.72,91.23,2.76,309.7,991.2,0.0,0.0,0.78,25.19
2024-09-15 20:30:00+05:30,26.44,91.66,3.0,310.0,991.7,0.0,0.0,0.32,24.99
2024-09-15 21:30:00+05:30,26.11,92.65,3.16,312.8,991.9,0.0,0.0,0.27,24.85
2024-09-15 22:30:00+05:30,25.77,93.93,3.31,317.0,992.0,0.0,0.0,0.84,24.74
2024-09-15 23:30:00+05:30,25.48,95.17,3.48,320.1,991.8000000000001,0.0,0.0,2.53,24.68
2024-09-16 00:30:00+05:30,25.22,96.29,3.6,321.0,991.5999999999999,0.0,0.0,4.02,24.61
2024-09-16 01:30:00+05:30,25.04,96.77,3.69,323.0,991.4,0.0,0.0,8.82,24.51
2024-09-16 02:30:00+05:30,24.94,96.69,3.45,322.8,991.2,0.0,0.0,10.66,24.41
2024-09-16 03:30:00+05:30,24.87,96.61,3.49,323.9,991.4,0.0,0.0,7.32,24.32
2024-09-16 04:30:00+05:30,24.79,96.55,3.45,325.2,991.5999999999999,0.0,0.0,2.11,24.23
2024-09-16 05:30:00+05:30,24.75,96.53,3.46,324.5,992.0999999999999,8.85,11.12,0.79,24.19
2024-09-16 06:30:00+05:30,25.42,94.74,4.01,322.2,992.8,93.62,118.2,1.17,24.54
2024-09-16 07:30:00+05:30,26.86,90.06,4.24,326.9,993.4000000000001,234.98,309.3,1.96,25.12
2024-09-16 08:30:00+05:30,28.71,80.17,5.37,343.0,994.0,388.48,505.65,2.36,24.97
2024-09-16 09:30:00+05:30,29.84,75.69,5.28,352.3,994.2,524.88,662.12,2.89,25.1
2024-09-16 10:30:00+05:30,30.46,73.72,4.98,359.3,994.0999999999999,536.75,769.95,4.21,25.27
2024-09-16 11:30:00+05:30,30.82,72.01,4.87,6.7,993.7,592.75,848.2,3.78,25.21
2024-09-16 12:30:00+05:30,30.9,71.14,4.91,10.7,992.9000000000001,516.58,790.12,4.84,25.07
2024-09-16 13:30:00+05:30,30.81,71.06,5.09,12.3,992.0999999999999,332.42,668.5,6.16,24.98
2024-09-16 14:30:00+05:30,30.32,73.29,4.86,12.0,991.5,321.83,532.12,7.57,25.02
2024-09-16 15:30:00+05:30,29.82,76.65,4.37,10.0,991.5999999999999,187.6,329.02,11.05,25.3
2024-09-16 16:30:00+05:30,28.57,83.84,3.46,7.8,991.8000000000001,77.35,128.18,13.44,25.59
2024-09-16 17:30:00+05:30,27.26,90.48,2.88,7.8,992.0999999999999,7.38,10.4,11.37,25.58
2024-09-16 18:30:00+05:30,26.66,92.75,2.89,10.0,992.6999999999999,0.0,0.0,8.36,25.42
2024-09-16 19:30:00+05:30,26.33,94.0,2.9,14.2,993.4000000000001,0.0,0.0,3.95,25.31
2024-09-16 20:30:00+05:30,26.06,94.72,3.13,15.9,993.8,0.0,0.0,1.62,25.18
2024-09-16 21:30:00+05:30,25.83,94.83,3.45,12.7,993.6,0.0,0.0,1.22,24.96
2024-09-16 22:30:00+05:30,25.62,94.65,3.86,10.9,993.1999999999999,0.0,0.0,3.17,24.73
2024-09-16 23:30:00+05:30,25.37,95.16,4.17,7.7,992.8,0.0,0.0,8.17,24.56
2024-09-17 00:30:00+05:30,25.12,95.86,4.6,4.6,992.3000000000001,0.0,0.0,30.38,24.45
2024-09-17 01:30:00+05:30,24.95,96.06,4.96,2.4,991.9,0.0,0.0,57.84,24.3
2024-09-17 02:30:00+05:30,24.82,95.95,5.4,3.1,991.8000000000001,0.0,0.0,69.87,24.15
2024-09-17 03:30:00+05:30,24.7,95.9,5.76,6.0,991.9,0.0,0.0,68.14,24.03
2024-09-17 04:30:00+05:30,24.58,95.86,6.01,9.6,992.0999999999999,0.0,0.0,69.3,23.91
2024-09-17 05:30:00+05:30,24.47,95.92,6.23,13.2,992.6,6.9,12.48,81.96,23.8
2024-09-17 06:30:00+05:30,24.7,95.31,6.5,17.3,993.1,69.25,136.77,45.4,23.92
2024-09-17 07:30:00+05:30,25.13,94.53,6.87,27.5,993.8,197.48,338.6,24.02,24.22
2024-09-17 08:30:00+05:30,25.76,92.84,7.33,35.2,994.2,240.77,539.67,28.38,24.53
2024-09-17 09:30:00+05:30,26.45,88.26,8.68,46.1,994.0999999999999,219.65,705.67,60.4,24.37
2024-09-17 10:30:00+05:30,26.68,86.09,9.51,50.2,993.6,168.3,813.15,118.57,24.19
2024-09-17 11:30:00+05:30,26.72,86.43,10.12,55.1,992.6,169.35,850.62,115.52,24.28
2024-09-17 12:30:00+05:30,26.99,85.85,10.25,59.0,991.5999999999999,100.4,809.83,108.23,24.45
2024-09-17 13:30:00+05:30,27.39,84.72,10.1,63.2,990.6999999999999,113.75,699.33,117.83,24.61
2024-09-17 14:30:00+05:30,27.35,84.99,9.9,66.0,990.0,66.2,529.03,89.94,24.63
2024-09-17 15:30:00+05:30,26.87,86.76,9.31,65.0,990.0,45.65,323.95,51.87,24.5
2024-09-17 16:30:00+05:30,26.11,89.55,8.65,61.9,990.1999999999999,17.6,124.1,37.99,24.29
2024-09-17 17:30:00+05:30,25.47,92.6,7.99,55.8,990.3,1.67,9.27,26.01,24.21
2024-09-17 18:30:00+05:30,25.38,93.84,7.9,53.1,990.6,0.0,0.0,16.59,24.33
2024-09-17 19:30:00+05:30,25.61,94.26,8.15,56.5,990.9000000000001,0.0,0.0,12.85,24.63
2024-09-17 20:30:00+05:30,25.82,94.66,7.99,60.1,991.2,0.0,0.0,17.23,24.92
2024-09-17 21:30:00+05:30,25.91,95.03,7.62,63.7,991.2,0.0,0.0,25.38,25.08
2024-09-17 22:30:00+05:30,25.95,94.65,7.26,66.9,990.9000000000001,0.0,0.0,27.42,25.06
2024-09-17 23:30:00+05:30,25.95,94.22,7.07,71.0,990.8,0.0,0.0,25.68,24.98
2024-09-18 00:30:00+05:30,25.87,94.51,6.73,75.9,990.6,0.0,0.0,24.3,24.94
2024-09-18 01:30:00+05:30,25.72,95.1,6.21,78.9,990.4000000000001,0.0,0.0,24.33,24.91
2024-09-18 02:30:00+05:30,25.56,95.64,5.98,79.3,990.1,0.0,0.0,24.27,24.84
2024-09-18 03:30:00+05:30,25.37,96.15,5.79,79.3,990.0,0.0,0.0,19.66,24.74
2024-09-18 04:30:00+05:30,25.26,96.19,5.63,83.0,990.4000000000001,0.0,0.0,10.25,24.64
2024-09-18 05:30:00+05:30,25.16,96.27,5.56,88.4,990.9000000000001,8.73,10.95,4.78,24.55
2024-09-18 06:30:00+05:30,25.55,95.42,5.91,92.5,991.5999999999999,82.75,126.38,1.92,24.78
2024-09-18 07:30:00+05:30,26.65,92.5,6.53,100.8,992.3000000000001,200.77,322.5,2.6,25.36
2024-09-18 08:30:00+05:30,28.34,86.34,7.0,112.0,992.8,337.23,522.72,3.11,25.86
2024-09-18 09:30:00+05:30,29.85,80.65,7.1,118.6,992.9000000000001,423.23,687.42,3.96,26.17
2024-09-18 10:30:00+05:30,30.82,76.38,7.16,121.1,992.6999999999999,403.9,774.9,2.54,26.21
2024-09-18 11:30:00+05:30,31.41,73.85,7.01,122.2,992.2,484.42,846.0,2.17,26.2
2024-09-18 12:30:00+05:30,31.75,72.45,6.69,122.9,991.4,510.65,802.28,1.83,26.2
2024-09-18 13:30:00+05:30,31.88,71.76,6.28,123.3,990.5,385.7,666.17,1.1,26.17
2024-09-18 14:30:00+05:30,31.38,74.08,5.47,122.1,989.9,302.15,492.77,0.79,26.23
2024-09-18 15:30:00+05:30,30.79,77.2,4.75,119.5,989.8000000000001,181.77,294.25,0.34,26.36
2024-09-18 16:30:00+05:30,29.81,82.86,3.71,115.7,990.1,80.6,116.9,0.15,26.61
2024-09-18 17:30:00+05:30,28.19,91.13,2.52,110.2,990.6999999999999,6.68,8.93,0.09,26.63
2024-09-18 18:30:00+05:30,27.35,93.45,2.51,109.3,991.5,0.0,0.0,0.05,26.22
2024-09-18 19:30:00+05:30,26.97,94.07,2.69,113.2,992.5,0.0,0.0,0.03,25.96
2024-09-18 20:30:00+05:30,26.61,94.93,2.68,119.5,993.1,0.0,0.0,0.02,25.75
2024-09-18 21:30:00+05:30,26.28,95.67,2.51,127.2,993.1999999999999,0.0,0.0,0.01,25.56
2024-09-18 22:30:00+05:30,25.91,96.39,2.27,134.5,993.1999999999999,0.0,0.0,0.01,25.32
2024-09-18 23:30:00+05:30,25.55,96.94,2.09,142.6,993.1,0.0,0.0,0.02,25.05
2024-09-19 00:30:00+05:30,25.2,97.65,1.86,147.9,992.9000000000001,0.0,0.0,0.04,24.82
2024-09-19 01:30:00+05:30,24.92,98.33,1.65,151.7,992.6999999999999,0.0,0.0,0.25,24.67
2024-09-19 02:30:00+05:30,24.79,98.34,1.55,153.9,992.6,0.0,0.0,0.3,24.53
2024-09-19 03:30:00+05:30,24.63,98.45,1.58,159.3,992.8,0.0,0.0,0.09,24.4
2024-09-19 04:30:00+05:30,24.45,98.65,1.66,166.0,993.3,0.0,0.0,0.09,24.25
2024-09-19 05:30:00+05:30,24.4,98.39,1.8,173.0,993.9,12.05,12.07,0.1,24.16
2024-09-19 06:30:00+05:30,25.71,93.53,2.81,177.8,994.5999999999999,144.52,145.25,0.04,24.6
2024-09-19 07:30:00+05:30,27.54,84.51,2.36,190.0,995.5,331.02,332.85,0.0,24.72
2024-09-19 08:30:00+05:30,28.91,77.77,2.2,191.8,996.0,530.25,532.0,0.0,24.67
2024-09-19 09:30:00+05:30,29.97,73.98,1.98,187.6,996.2,662.83,667.72,0.0,24.86
2024-09-19 10:30:00+05:30,30.84,71.36,1.71,179.0,996.0,748.15,758.53,0.0,25.07
2024-09-19 11:30:00+05:30,31.51,69.38,1.55,173.3,995.1999999999999,870.08,892.67,0.0,25.24
2024-09-19 12:30:00+05:30,31.99,67.77,1.46,180.4,994.0999999999999,833.5,852.3,0.0,25.31
2024-09-19 13:30:00+05:30,32.2,66.73,1.47,196.6,993.0,709.58,739.08,0.0,25.25
2024-09-19 14:30:00+05:30,32.05,66.89,1.57,209.3,992.2,556.35,572.47,0.0,25.14
2024-09-19 15:30:00+05:30,31.59,68.43,1.58,218.8,991.9,354.58,366.95,0.0,25.1
2024-09-19 16:30:00+05:30,30.97,72.76,1.35,229.5,991.9,150.02,152.9,0.0,25.51
2024-09-19 17:30:00+05:30,29.56,81.19,1.2,240.0,992.0999999999999,10.0,10.2,0.0,26.0
2024-09-19 18:30:00+05:30,28.75,82.05,1.16,254.5,992.6,0.0,0.0,0.0,25.4
2024-09-19 19:30:00+05:30,28.28,82.51,1.19,265.2,993.3,0.0,0.0,0.0,25.04
2024-09-19 20:30:00+05:30,27.8,83.55,1.21,272.8,993.7,0.0,0.0,0.0,24.78
2024-09-19 21:30:00+05:30,27.35,84.29,1.15,276.5,993.8,0.0,0.0,0.0,24.49
2024-09-19 22:30:00+05:30,26.96,84.65,1.03,279.5,993.7,0.0,0.0,0.0,24.18
2024-09-19 23:30:00+05:30,26.56,85.31,0.85,285.7,993.6,0.0,0.0,0.0,23.92
2024-09-20 00:30:00+05:30,26.22,85.83,0.63,300.7,993.4000000000001,0.0,0.0,0.0,23.69
2024-09-20 01:30:00+05:30,25.91,86.37,0.42,337.7,993.1999999999999,0.0,0.0,0.0,23.49
2024-09-20 02:30:00+05:30,25.55,87.65,0.31,30.6,993.0,0.0,0.0,0.0,23.38
2024-09-20 03:30:00+05:30,25.24,89.22,0.3,131.0,992.9000000000001,0.0,0.0,0.0,23.36
2024-09-20 04:30:00+05:30,24.56,92.93,0.87,174.1,993.1,0.0,0.0,0.0,23.37
2024-09-20 05:30:00+05:30,24.08,96.48,1.37,182.9,993.7,12.88,12.95,0.0,23.5
2024-09-20 06:30:00+05:30,25.33,92.32,2.49,185.3,994.5999999999999,154.25,155.35,0.0,24.02
2024-09-20 07:30:00+05:30,27.24,85.24,2.38,182.4,995.6,356.4,358.77,0.0,24.57
2024-09-20 08:30:00+05:30,29.08,78.11,2.09,190.8,996.2,558.45,561.4,0.0,24.91
2024-09-20 09:30:00+05:30,30.24,74.12,1.63,215.5,996.2,719.03,722.05,0.0,25.14
2024-09-20 10:30:00+05:30,31.14,70.92,1.21,244.1,995.6999999999999,820.47,823.42,0.0,25.26
2024-09-20 11:30:00+05:30,32.11,67.79,0.96,271.2,994.9,703.83,845.95,0.0,25.42
2024-09-20 12:30:00+05:30,32.66,66.06,1.0,290.4,993.9,769.65,805.7,0.0,25.52
2024-09-20 13:30:00+05:30,32.83,65.37,1.17,297.0,993.0,653.35,696.4,0.0,25.5
2024-09-20 14:30:00+05:30,32.6,65.8,1.35,299.8,992.3000000000001,523.72,527.78,0.0,25.4
2024-09-20 15:30:00+05:30,32.05,67.96,1.38,305.3,992.0999999999999,318.73,322.95,0.0,25.42
2024-09-20 16:30:00+05:30,31.49,71.13,1.28,310.3,992.2,129.57,131.02,0.0,25.63
2024-09-20 17:30:00+05:30,30.04,80.05,1.08,316.1,992.6999999999999,8.0,8.02,0.0,26.22
2024-09-20 18:30:00+05:30,29.25,82.45,1.02,332.7,993.4000000000001,0.0,0.0,0.0,25.97
2024-09-20 19:30:00+05:30,28.77,83.78,1.05,349.0,994.2,0.0,0.0,0.0,25.78
2024-09-20 20:30:00+05:30,28.38,84.42,1.04,353.9,994.8000000000001,0.0,0.0,0.0,25.52
2024-09-20 21:30:00+05:30,28.13,83.87,0.92,340.4,995.0,0.0,0.0,0.0,25.16
2024-09-20 22:30:00+05:30,27.72,85.38,0.95,311.6,994.9,0.0,0.0,0.0,25.08
2024-09-20 23:30:00+05:30,27.14,88.84,1.1,295.2,994.7,0.0,0.0,0.0,25.16
2024-09-21 00:30:00+05:30,26.6,91.92,1.24,297.4,994.5999999999999,0.0,0.0,0.0,25.2
2024-09-21 01:30:00+05:30,26.2,93.76,1.32,316.2,994.8000000000001,0.0,0.0,0.0,25.15
2024-09-21 02:30:00+05:30,25.86,94.41,1.36,326.4,994.9,0.0,0.0,0.0,24.92
2024-09-21 03:30:00+05:30,25.65,93.51,1.22,318.0,994.9,0.0,0.0,0.0,24.56
2024-09-21 04:30:00+05:30,25.62,92.04,1.04,300.0,995.1999999999999,0.0,0.0,0.0,24.26
2024-09-21 05:30:00+05:30,25.58,92.35,0.95,279.7,995.6999999999999,11.4,11.35,0.0,24.26
2024-09-21 06:30:00+05:30,26.67,89.65,1.08,270.0,996.5,147.35,147.82,0.0,24.86
2024-09-21 07:30:00+05:30,28.55,81.44,0.97,279.5,997.3000000000001,323.48,324.35,0.0,25.08
2024-09-21 08:30:00+05:30,30.58,73.35,1.14,294.3,997.8,519.8,520.15,0.0,25.29
2024-09-21 09:30:00+05:30,31.5,70.91,1.66,303.2,997.6999999999999,675.3,676.62,0.0,25.61
2024-09-21 10:30:00+05:30,32.1,69.51,2.22,309.1,997.0999999999999,759.25,765.33,0.0,25.84
2024-09-21 11:30:00+05:30,32.44,68.7,2.72,313.1,996.1,836.78,849.55,0.0,25.97
2024-09-21 12:30:00+05:30,32.66,67.97,2.89,314.2,995.0,792.4,811.55,0.0,26.0
2024-09-21 13:30:00+05:30,32.63,67.92,2.68,311.8,994.0,664.53,703.03,0.0,25.96
2024-09-21 14:30:00+05:30,32.39,68.35,2.37,307.8,993.3,519.85,537.62,0.0,25.83
2024-09-21 15:30:00+05:30,31.92,70.18,2.03,304.8,993.1,310.1,332.85,0.0,25.83
2024-09-21 16:30:00+05:30,31.17,73.48,1.72,302.4,993.3,128.62,129.73,0.0,25.87
2024-09-21 17:30:00+05:30,29.8,82.83,1.41,303.5,993.7,7.78,7.72,0.0,26.57
2024-09-21 18:30:00+05:30,28.97,86.45,1.39,310.9,994.3000000000001,0.0,0.0,0.0,26.5
2024-09-21 19:30:00+05:30,28.55,86.81,1.45,318.1,995.1,0.0,0.0,0.0,26.16
2024-09-21 20:30:00+05:30,28.12,87.44,1.52,319.8,995.5,0.0,0.0,0.0,25.86
2024-09-21 21:30:00+05:30,27.63,88.2,1.6,315.5,995.4000000000001,0.0,0.0,0.0,25.52
2024-09-21 22:30:00+05:30,27.23,89.23,1.64,312.5,995.1,0.0,0.0,0.0,25.31
2024-09-21 23:30:00+05:30,26.85,90.02,1.65,314.3,994.9,0.0,0.0,0.0,25.09
2024-09-22 00:30:00+05:30,26.39,90.66,1.65,314.8,994.5999999999999,0.0,0.0,0.0,24.76
2024-09-22 01:30:00+05:30,26.0,91.54,1.64,308.1,994.4,0.0,0.0,0.0,24.54
2024-09-22 02:30:00+05:30,25.59,92.72,1.65,295.8,994.0999999999999,0.0,0.0,0.0,24.35
2024-09-22 03:30:00+05:30,25.15,94.06,1.72,284.4,994.0999999999999,0.0,0.0,0.0,24.15
2024-09-22 04:30:00+05:30,24.75,95.11,1.79,276.4,994.4,0.0,0.0,0.0,23.94
2024-09-22 05:30:00+05:30,24.57,95.78,1.8,269.7,995.0,11.52,12.07,0.0,23.88
2024-09-22 06:30:00+05:30,25.84,90.7,2.71,264.7,995.6999999999999,128.2,148.15,0.0,24.23
2024-09-22 07:30:00+05:30,27.36,86.34,2.44,264.4,996.3,282.92,359.52,0.0,24.9
2024-09-22 08:30:00+05:30,29.89,75.17,2.54,293.1,996.5999999999999,455.88,564.05,0.0,25.04
2024-09-22 09:30:00+05:30,31.04,72.42,2.75,310.1,996.4,603.58,725.28,0.0,25.52
2024-09-22 10:30:00+05:30,31.86,70.8,2.77,316.9,995.8,667.88,820.95,0.0,25.93
2024-09-22 11:30:00+05:30,32.42,69.39,2.63,319.2,994.8000000000001,718.75,849.72,0.0,26.1
2024-09-22 12:30:00+05:30,32.77,68.31,2.43,319.3,993.7,684.83,809.4,0.0,26.18
2024-09-22 13:30:00+05:30,32.79,68.07,2.21,317.2,992.8,668.17,699.3,0.0,26.14
2024-09-22 14:30:00+05:30,32.36,68.86,1.95,316.9,992.0999999999999,501.25,531.0,0.0,25.93
2024-09-22 15:30:00+05:30,31.92,72.05,1.53,316.3,991.8000000000001,302.08,324.2,0.0,26.26
2024-09-22 16:30:00+05:30,31.48,72.4,1.39,313.8,992.0,120.43,122.93,0.0,25.92
2024-09-22 17:30:00+05:30,30.27,81.46,1.08,312.4,992.4,6.82,6.9,0.0,26.75
2024-09-22 18:30:00+05:30,29.68,82.91,1.08,311.6,993.1,0.0,0.0,0.0,26.49
2024-09-22 19:30:00+05:30,29.16,84.37,1.22,311.7,993.8,0.0,0.0,0.0,26.28
2024-09-22 20:30:00+05:30,28.64,85.84,1.32,306.7,994.0999999999999,0.0,0.0,0.0,26.07
2024-09-22 21:30:00+05:30,28.11,87.7,1.43,297.5,994.0999999999999,0.0,0.0,0.0,25.91
2024-09-22 22:30:00+05:30,27.55,89.91,1.56,292.3,993.9,0.0,0.0,0.0,25.78
2024-09-22 23:30:00+05:30,27.02,91.89,1.7,291.7,993.5,0.0,0.0,0.0,25.61
2024-09-23 00:30:00+05:30,26.55,93.3,1.83,293.9,993.1,0.0,0.0,0.0,25.41
2024-09-23 01:30:00+05:30,26.25,94.24,1.86,296.8,992.6,0.0,0.0,0.0,25.28
2024-09-23 02:30:00+05:30,25.96,95.16,1.78,297.1,992.5,0.0,0.0,0.0,25.16
2024-09-23 03:30:00+05:30,25.74,95.87,1.59,296.6,992.8,0.0,0.0,0.0,25.06
2024-09-23 04:30:00+05:30,25.6,96.06,1.37,291.9,993.4000000000001,0.0,0.0,0.0,24.95
2024-09-23 05:30:00+05:30,25.6,96.13,1.14,274.5,994.0999999999999,11.1,11.02,0.0,24.97
2024-09-23 06:30:00+05:30,26.66,92.03,1.52,249.2,995.0,131.15,133.9,0.0,25.29
2024-09-23 07:30:00+05:30,28.15,86.95,1.4,232.2,995.8,294.33,319.08,0.0,25.79
2024-09-23 08:30:00+05:30,30.57,75.69,1.0,241.4,996.2,478.95,531.92,0.0,25.81
2024-09-23 09:30:00+05:30,31.59,72.09,1.05,247.6,996.2,617.4,686.17,0.0,25.96
2024-09-23 10:30:00+05:30,32.29,70.11,1.06,265.7,995.9000000000001,721.38,786.78,0.0,26.16
2024-09-23 11:30:00+05:30,32.74,68.55,1.31,288.7,995.1,803.2,849.17,0.0,26.21
2024-09-23 12:30:00+05:30,32.97,67.86,1.66,302.7,994.2,720.88,807.0,0.0,26.27
2024-09-23 13:30:00+05:30,32.96,68.02,1.89,307.1,993.3,659.85,688.5,0.0,26.29
2024-09-23 14:30:00+05:30,32.71,68.74,1.96,306.7,992.5,508.2,516.6,0.0,26.23
2024-09-23 15:30:00+05:30,32.27,70.72,1.88,304.4,992.0,303.08,308.42,0.0,26.3
2024-09-23 16:30:00+05:30,31.61,74.25,1.69,300.5,992.0999999999999,114.07,114.55,0.0,26.48
2024-09-23 17:30:00+05:30,30.15,83.79,1.46,294.6,992.3000000000001,6.07,6.07,0.0,27.11
2024-09-23 18:30:00+05:30,29.27,87.39,1.52,286.8,992.9000000000001,0.0,0.0,0.0,26.98
2024-09-23 19:30:00+05:30,28.88,87.89,1.55,280.8,993.6,0.0,0.0,0.0,26.7
2024-09-23 20:30:00+05:30,28.56,88.1,1.5,276.9,994.0,0.0,0.0,0.0,26.42
2024-09-23 21:30:00+05:30,28.13,89.18,1.52,280.6,994.0,0.0,0.0,0.0,26.2
2024-09-23 22:30:00+05:30,27.65,90.56,1.6,291.3,993.8,0.0,0.0,0.0,25.99
2024-09-23 23:30:00+05:30,27.2,91.88,1.68,300.4,993.6,0.0,0.0,0.0,25.78
2024-09-24 00:30:00+05:30,26.81,92.92,1.73,305.3,993.3,0.0,0.0,0.0,25.59
2024-09-24 01:30:00+05:30,26.46,93.77,1.75,307.8,992.8,0.0,0.0,0.0,25.4
2024-09-24 02:30:00+05:30,26.23,94.4,1.68,313.1,992.6999999999999,0.0,0.0,0.0,25.28
2024-09-24 03:30:00+05:30,26.07,95.04,1.52,322.2,992.9000000000001,0.0,0.0,0.0,25.25
2024-09-24 04:30:00+05:30,25.94,95.54,1.36,330.4,993.4000000000001,0.0,0.0,0.0,25.2
2024-09-24 05:30:00+05:30,25.91,95.86,1.16,339.8,993.9,10.4,10.02,0.0,25.23
2024-09-24 06:30:00+05:30,26.65,90.83,1.4,355.9,994.5,121.07,123.95,0.0,25.05
2024-09-24 07:30:00+05:30,27.57,88.91,1.13,18.6,995.1999999999999,284.12,304.08,0.0,25.6
2024-09-24 08:30:00+05:30,29.87,77.19,1.31,58.1,995.3,454.58,481.8,0.06,25.47
2024-09-24 09:30:00+05:30,30.74,74.31,1.19,66.7,995.1,575.38,644.4,0.02,25.67
2024-09-24 10:30:00+05:30,31.15,73.35,1.02,68.7,994.5999999999999,647.53,734.05,0.0,25.83
2024-09-24 11:30:00+05:30,31.31,73.11,0.92,75.5,994.0,721.83,826.45,0.0,25.94
2024-09-24 12:30:00+05:30,31.22,73.6,0.88,86.1,993.1,730.08,795.8,0.0,25.96
2024-09-24 13:30:00+05:30,30.99,74.5,0.81,104.4,992.2,609.42,680.1,0.0,25.94
2024-09-24 14:30:00+05:30,30.73,76.15,0.69,126.7,991.5,465.2,511.08,0.0,26.05
2024-09-24 15:30:00+05:30,30.65,77.2,0.61,137.7,991.0,275.65,309.33,0.0,26.19
2024-09-24 16:30:00+05:30,30.65,74.51,0.73,126.1,990.8,110.32,114.53,0.0,25.54
2024-09-24 17:30:00+05:30,29.79,81.0,0.67,142.3,990.6999999999999,5.55,5.6,0.0,26.19
2024-09-24 18:30:00+05:30,29.37,80.7,0.69,154.2,991.0,0.0,0.0,0.0,25.72
2024-09-24 19:30:00+05:30,29.15,80.92,0.62,129.8,991.8000000000001,0.0,0.0,0.0,25.56
2024-09-24 20:30:00+05:30,28.85,81.85,0.66,118.9,992.6,0.0,0.0,0.0,25.47
2024-09-24 21:30:00+05:30,28.61,82.89,0.66,133.8,992.8,0.0,0.0,0.0,25.44
2024-09-24 22:30:00+05:30,28.35,84.15,0.77,150.4,992.8,0.0,0.0,0.0,25.43
2024-09-24 23:30:00+05:30,28.02,86.06,0.9,153.7,992.6,0.0,0.0,0.0,25.49
2024-09-25 00:30:00+05:30,27.71,87.35,0.89,138.6,992.4,0.0,0.0,0.0,25.44
2024-09-25 01:30:00+05:30,27.28,89.94,0.99,112.7,992.0999999999999,0.0,0.0,0.0,25.5
2024-09-25 02:30:00+05:30,26.68,93.63,1.26,89.5,991.9,0.0,0.0,0.0,25.6
2024-09-25 03:30:00+05:30,26.28,95.37,1.59,78.1,992.0,0.0,0.0,0.0,25.5
2024-09-25 04:30:00+05:30,26.14,95.85,2.27,73.9,992.5,0.0,0.0,0.0,25.45
2024-09-25 05:30:00+05:30,26.2,96.13,3.04,75.1,993.1999999999999,9.35,9.3,0.01,25.56
2024-09-25 06:30:00+05:30,26.82,94.78,3.8,75.8,994.0,93.68,108.65,0.5,25.95
2024-09-25 07:30:00+05:30,27.6,93.11,4.02,71.1,994.8000000000001,227.12,297.42,1.13,26.41
2024-09-25 08:30:00+05:30,28.18,90.62,4.87,74.8,995.3,351.9,489.08,3.39,26.53
2024-09-25 09:30:00+05:30,28.48,88.56,5.23,74.0,995.5,540.42,648.17,6.08,26.44
2024-09-25 10:30:00+05:30,28.6,88.06,5.35,71.3,995.4000000000001,561.83,744.15,7.34,26.46
2024-09-25 11:30:00+05:30,28.64,87.57,5.42,69.0,994.9,691.62,816.55,17.98,26.4
2024-09-25 12:30:00+05:30,28.66,86.41,5.34,68.5,994.0999999999999,667.17,791.28,16.34,26.19
2024-09-25 13:30:00+05:30,28.56,86.35,5.17,67.5,993.1,545.28,663.8,9.82,26.08
2024-09-25 14:30:00+05:30,28.29,87.61,5.03,65.5,992.4,345.23,492.17,3.92,26.06
2024-09-25 15:30:00+05:30,27.95,89.95,4.58,63.7,992.0999999999999,192.7,284.5,0.67,26.16
2024-09-25 16:30:00+05:30,27.47,93.21,3.52,62.6,991.9,84.47,99.7,0.12,26.31
2024-09-25 17:30:00+05:30,26.75,96.42,2.51,63.5,991.8000000000001,4.28,4.8,0.04,26.16
2024-09-25 18:30:00+05:30,26.42,97.39,2.35,63.8,992.0,0.0,0.0,0.02,26.0
2024-09-25 19:30:00+05:30,26.33,97.43,2.7,58.5,992.6999999999999,0.0,0.0,0.03,25.91
2024-09-25 20:30:00+05:30,26.24,97.32,3.06,50.6,993.3,0.0,0.0,0.08,25.81
2024-09-25 21:30:00+05:30,26.15,97.09,3.46,47.2,993.5,0.0,0.0,1.47,25.67
2024-09-25 22:30:00+05:30,26.07,96.7,3.8,48.4,993.4000000000001,0.0,0.0,11.01,25.53
2024-09-25 23:30:00+05:30,25.95,96.66,3.95,52.2,993.0,0.0,0.0,18.04,25.41
2024-09-26 00:30:00+05:30,25.84,96.69,4.15,55.0,992.6,0.0,0.0,20.16,25.3
2024-09-26 01:30:00+05:30,25.74,96.61,4.31,56.6,992.2,0.0,0.0,18.46,25.19
2024-09-26 02:30:00+05:30,25.6,96.71,4.36,55.8,991.7,0.0,0.0,14.15,25.06
2024-09-26 03:30:00+05:30,25.45,96.83,4.32,53.7,991.4,0.0,0.0,11.81,24.94
2024-09-26 04:30:00+05:30,25.32,96.95,4.1,52.2,991.4,0.0,0.0,10.84,24.83
2024-09-26 05:30:00+05:30,25.25,96.91,3.96,51.4,991.8000000000001,7.22,9.43,9.66,24.75
2024-09-26 06:30:00+05:30,25.89,95.64,4.47,50.5,992.4,68.18,124.88,9.53,25.17
2024-09-26 07:30:00+05:30,26.99,92.67,5.04,59.2,993.1999999999999,156.02,322.02,9.25,25.72
2024-09-26 08:30:00+05:30,28.13,87.3,5.48,71.3,993.5,241.62,518.7,3.37,25.85
2024-09-26 09:30:00+05:30,29.09,81.61,5.56,75.8,993.5,350.12,674.62,4.99,25.65
2024-09-26 10:30:00+05:30,29.73,77.95,5.5,76.5,993.1999999999999,484.77,771.38,5.49,25.49
2024-09-26 11:30:00+05:30,30.2,76.15,5.37,74.9,992.4,539.72,761.78,6.82,25.55
2024-09-26 12:30:00+05:30,30.5,74.81,5.22,73.2,991.5,452.85,729.88,8.58,25.55
2024-09-26 13:30:00+05:30,30.61,74.49,5.09,71.9,990.6999999999999,280.48,618.17,9.04,25.58
2024-09-26 14:30:00+05:30,30.1,77.42,4.83,68.9,990.1,206.3,453.95,6.57,25.73
2024-09-26 15:30:00+05:30,29.27,82.26,4.46,63.8,990.0,141.18,263.23,5.83,25.95
2024-09-26 16:30:00+05:30,28.26,88.51,3.72,57.8,989.9,61.35,93.85,6.88,26.2
2024-09-26 17:30:00+05:30,27.2,93.84,3.18,52.7,990.1999999999999,3.47,4.35,11.87,26.14
2024-09-26 18:30:00+05:30,26.67,95.74,3.27,52.5,990.6,0.0,0.0,16.56,25.95
2024-09-26 19:30:00+05:30,26.34,96.81,2.64,57.4,991.1,0.0,0.0,18.34,25.83
2024-09-26 20:30:00+05:30,26.1,97.49,1.87,71.3,991.4,0.0,0.0,23.97,25.69
2024-09-26 21:30:00+05:30,25.96,97.65,1.73,96.0,991.4,0.0,0.0,38.85,25.58
2024-09-26 22:30:00+05:30,25.92,97.32,2.35,114.2,991.4,0.0,0.0,60.97,25.48
2024-09-26 23:30:00+05:30,25.98,96.15,3.77,127.2,991.4,0.0,0.0,75.91,25.35
2024-09-27 00:30:00+05:30,25.9,95.48,5.19,133.9,991.4,0.0,0.0,78.09,25.16
2024-09-27 01:30:00+05:30,25.66,95.63,5.55,131.9,991.5,0.0,0.0,66.02,24.94
2024-09-27 02:30:00+05:30,25.43,95.74,5.58,132.4,991.3,0.0,0.0,50.3,24.72
2024-09-27 03:30:00+05:30,25.26,96.07,5.36,133.9,991.2,0.0,0.0,43.75,24.61
2024-09-27 04:30:00+05:30,25.18,96.45,4.97,131.7,991.4,0.0,0.0,39.28,24.6
2024-09-27 05:30:00+05:30,25.15,96.42,4.74,130.2,991.8000000000001,5.07,9.62,34.59,24.56
2024-09-27 06:30:00+05:30,25.36,95.73,4.66,131.7,992.5,48.6,129.5,28.81,24.66
2024-09-27 07:30:00+05:30,25.98,94.03,4.55,136.1,993.5,93.47,338.3,25.19,24.97
2024-09-27 08:30:00+05:30,26.77,92.07,4.24,135.8,994.2,133.2,548.72,9.36,25.4
2024-09-27 09:30:00+05:30,27.6,89.33,4.02,144.2,994.5,122.12,709.85,7.75,25.7
2024-09-27 10:30:00+05:30,28.22,87.03,3.66,151.6,994.7,199.95,808.58,8.53,25.88
2024-09-27 11:30:00+05:30,28.5,85.88,3.18,150.6,994.4,339.5,834.08,11.47,25.93
2024-09-27 12:30:00+05:30,28.53,85.67,2.58,141.1,993.7,440.73,794.22,12.01,25.92
2024-09-27 13:30:00+05:30,28.47,85.71,2.2,119.9,993.1,372.92,682.0,11.73,25.86
2024-09-27 14:30:00+05:30,28.1,87.92,2.24,90.0,992.4,263.65,515.67,9.81,25.93
2024-09-27 15:30:00+05:30,27.56,91.11,2.62,70.6,992.3000000000001,118.65,311.95,7.99,26.01
2024-09-27 16:30:00+05:30,26.9,94.29,2.84,62.8,992.5,35.22,107.03,7.36,25.93
2024-09-27 17:30:00+05:30,26.27,96.42,2.97,60.1,992.8,0.85,4.15,7.47,25.69
2024-09-27 18:30:00+05:30,26.04,96.54,3.47,61.2,993.1999999999999,0.0,0.0,8.98,25.47
2024-09-27 19:30:00+05:30,25.92,96.63,3.62,62.5,993.8,0.0,0.0,11.07,25.37
2024-09-27 20:30:00+05:30,25.89,96.64,3.56,66.8,994.0999999999999,0.0,0.0,12.4,25.34
2024-09-27 21:30:00+05:30,25.94,96.66,3.49,72.1,993.9,0.0,0.0,14.0,25.4
2024-09-27 22:30:00+05:30,25.96,97.01,3.18,67.9,993.4000000000001,0.0,0.0,16.3,25.48
2024-09-27 23:30:00+05:30,25.93,97.42,2.44,58.4,993.0,0.0,0.0,18.65,25.51
2024-09-28 00:30:00+05:30,25.85,97.9,1.63,49.5,992.6,0.0,0.0,18.5,25.52
2024-09-28 01:30:00+05:30,25.85,97.66,1.33,45.0,992.6,0.0,0.0,15.54,25.47
2024-09-28 02:30:00+05:30,25.96,96.52,1.01,34.9,992.6,0.0,0.0,12.62,25.4
2024-09-28 03:30:00+05:30,25.96,96.02,0.79,26.2,992.8,0.0,0.0,9.87,25.31
2024-09-28 04:30:00+05:30,26.1,94.7,0.31,58.4,993.0,0.0,0.0,7.46,25.21
2024-09-28 05:30:00+05:30,25.76,96.11,0.77,179.3,993.5,7.0,8.73,5.23,25.12
2024-09-28 06:30:00+05:30,26.11,96.98,1.59,189.8,994.3000000000001,94.95,115.43,3.28,25.61
2024-09-28 07:30:00+05:30,26.73,94.8,2.77,194.2,995.4000000000001,236.52,303.17,2.73,25.86
2024-09-28 08:30:00+05:30,27.39,92.41,3.62,207.6,996.1,403.0,503.1,12.52,26.07
2024-09-28 09:30:00+05:30,28.01,89.37,4.39,220.0,996.5,457.5,667.58,11.88,26.12
2024-09-28 10:30:00+05:30,28.48,86.76,4.62,228.5,996.5,547.42,766.97,13.57,26.09
2024-09-28 11:30:00+05:30,28.65,85.39,4.45,234.0,996.0,559.92,835.5,17.22,25.98
2024-09-28 12:30:00+05:30,28.68,84.58,4.01,236.2,995.1999999999999,404.92,788.17,17.56,25.84
2024-09-28 13:30:00+05:30,28.64,84.16,3.49,236.4,994.5,308.88,673.67,8.96,25.72
2024-09-28 14:30:00+05:30,28.56,84.04,2.72,239.0,994.2,155.65,509.85,3.02,25.62
2024-09-28 15:30:00+05:30,28.3,86.09,1.53,245.6,994.2,98.3,311.92,2.3,25.77
2024-09-28 16:30:00+05:30,27.95,85.66,0.74,263.8,994.5,43.88,108.1,2.71,25.34
2024-09-28 17:30:00+05:30,27.34,89.04,0.36,12.9,995.1,1.75,3.92,1.66,25.36
2024-09-28 18:30:00+05:30,26.65,93.69,0.94,51.9,995.9000000000001,0.0,0.0,1.29,25.56
2024-09-28 19:30:00+05:30,26.27,95.63,1.33,62.7,996.9,0.0,0.0,0.91,25.54
2024-09-28 20:30:00+05:30,26.03,96.12,1.58,69.3,997.5,0.0,0.0,0.7,25.38
2024-09-28 21:30:00+05:30,25.83,96.43,1.76,76.8,997.6,0.0,0.0,1.25,25.25
2024-09-28 22:30:00+05:30,25.65,96.73,1.87,86.0,997.3000000000001,0.0,0.0,2.47,25.11
2024-09-28 23:30:00+05:30,25.49,96.91,2.11,94.1,997.0999999999999,0.0,0.0,4.64,24.99
2024-09-29 00:30:00+05:30,25.39,97.01,2.35,102.3,996.7,0.0,0.0,7.91,24.9
2024-09-29 01:30:00+05:30,25.32,97.14,2.26,107.2,996.3,0.0,0.0,23.1,24.86
2024-09-29 02:30:00+05:30,25.28,97.35,1.98,112.3,996.1,0.0,0.0,50.84,24.86
2024-09-29 03:30:00+05:30,25.26,97.55,1.78,117.7,996.0,0.0,0.0,83.35,24.87
2024-09-29 04:30:00+05:30,25.22,97.67,1.69,125.4,996.3,0.0,0.0,104.85,24.85
2024-09-29 05:30:00+05:30,25.22,97.68,1.62,130.0,996.9,5.97,9.85,94.88,24.85
2024-09-29 06:30:00+05:30,25.83,96.34,1.9,133.7,997.6,62.95,133.25,61.59,25.24
2024-09-29 07:30:00+05:30,26.5,94.52,2.14,137.5,998.3,133.85,343.5,31.34,25.57
2024-09-29 08:30:00+05:30,27.98,89.22,2.31,175.3,998.6,223.32,540.1,5.77,26.06
2024-09-29 09:30:00+05:30,29.24,84.09,2.84,197.9,998.6,369.1,692.67,4.75,26.29
2024-09-29 10:30:00+05:30,30.12,79.97,3.01,205.8,998.1,530.78,792.45,4.1,26.31
2024-09-29 11:30:00+05:30,30.75,77.11,3.02,208.3,997.2,626.55,820.6,3.47,26.29
2024-09-29 12:30:00+05:30,31.08,75.52,2.88,209.5,996.1,564.25,775.58,3.13,26.26
2024-09-29 13:30:00+05:30,31.35,74.29,2.69,210.7,995.1,446.08,664.97,3.23,26.25
2024-09-29 14:30:00+05:30,31.24,74.68,2.42,213.0,994.5999999999999,316.85,497.42,2.52,26.23
2024-09-29 15:30:00+05:30,30.91,77.18,1.97,216.1,994.5999999999999,193.52,294.88,1.64,26.47
2024-09-29 16:30:00+05:30,30.18,79.95,1.93,219.5,994.9,67.05,98.12,1.65,26.36
2024-09-29 17:30:00+05:30,28.61,88.79,1.53,223.9,995.3,2.12,3.38,0.71,26.6
2024-09-29 18:30:00+05:30,27.97,90.24,1.54,229.0,996.0,0.0,0.0,0.34,26.25
2024-09-29 19:30:00+05:30,27.4,91.79,1.65,233.6,996.9,0.0,0.0,0.16,25.97
2024-09-29 20:30:00+05:30,26.8,93.44,1.8,237.7,997.4,0.0,0.0,0.14,25.69
2024-09-29 21:30:00+05:30,26.31,94.86,1.89,244.0,997.4,0.0,0.0,0.16,25.45
2024-09-29 22:30:00+05:30,25.93,95.99,2.03,252.5,997.4,0.0,0.0,0.21,25.27
2024-09-29 23:30:00+05:30,25.67,96.84,2.32,259.6,997.2,0.0,0.0,0.41,25.15
2024-09-30 00:30:00+05:30,25.49,97.37,2.42,261.2,996.9,0.0,0.0,0.79,25.07
2024-09-30 01:30:00+05:30,25.36,97.56,2.37,259.5,996.5,0.0,0.0,1.18,24.96
2024-09-30 02:30:00+05:30,25.24,97.64,2.44,254.8,996.2,0.0,0.0,1.68,24.87
2024-09-30 03:30:00+05:30,25.14,97.62,2.65,249.0,996.0,0.0,0.0,1.77,24.75
2024-09-30 04:30:00+05:30,25.06,97.43,2.99,247.4,996.3,0.0,0.0,1.21,24.65
2024-09-30 05:30:00+05:30,24.96,97.32,3.21,248.2,996.9,8.95,9.3,0.99,24.54
2024-09-30 06:30:00+05:30,25.7,95.43,4.03,249.4,997.6,102.47,132.95,0.56,24.93
2024-09-30 07:30:00+05:30,27.01,91.0,4.31,263.9,998.5,242.27,338.5,0.42,25.44
2024-09-30 08:30:00+05:30,28.28,84.53,4.56,275.5,998.9,424.0,540.4,0.65,25.44
2024-09-30 09:30:00+05:30,29.33,79.45,4.67,278.4,998.7,508.9,691.7,0.8,25.43
2024-09-30 10:30:00+05:30,30.16,76.04,4.67,280.5,998.1999999999999,632.9,790.4,0.54,25.5
2024-09-30 11:30:00+05:30,30.74,73.59,4.57,281.9,997.3000000000001,707.12,841.47,0.55,25.49
2024-09-30 12:30:00+05:30,31.02,72.21,4.39,282.5,996.3,656.58,795.3,0.58,25.44
2024-09-30 13:30:00+05:30,31.07,71.66,4.23,281.9,995.3,570.97,682.08,0.69,25.37
2024-09-30 14:30:00+05:30,30.83,72.46,4.04,281.1,994.7,400.27,511.85,0.87,25.32
2024-09-30 15:30:00+05:30,30.31,75.58,3.51,280.7,994.5999999999999,226.07,304.23,0.55,25.53
2024-09-30 16:30:00+05:30,29.38,80.84,2.81,280.7,994.7,80.62,101.53,0.25,25.76
2024-09-30 17:30:00+05:30,27.78,89.9,2.09,280.5,995.0,2.5,3.08,0.11,25.99
2024-09-30 18:30:00+05:30,27.0,92.26,2.03,279.1,995.4000000000001,0.0,0.0,0.04,25.66
2024-09-30 19:30:00+05:30,26.64,92.98,2.06,277.0,995.9000000000001,0.0,0.0,0.02,25.44
2024-09-30 20:30:00+05:30,26.32,93.57,2.15,274.3,996.0,0.0,0.0,0.02,25.22
2024-09-30 21:30:00+05:30,26.01,94.11,2.33,272.7,995.6999999999999,0.0,0.0,0.01,25.02
2024-09-30 22:30:00+05:30,25.73,94.61,2.55,271.1,995.3,0.0,0.0,0.01,24.83
2024-09-30 23:30:00+05:30,25.46,95.34,2.76,268.8,994.9,0.0,0.0,0.02,24.68
2024-10-01 00:30:00+05:30,25.19,96.01,2.98,266.7,994.5,0.0,0.0,0.02,24.53
2024-10-01 01:30:00+05:30,24.94,96.57,3.2,265.3,994.0999999999999,0.0,0.0,0.05,24.39
2024-10-01 02:30:00+05:30,24.7,97.03,3.01,263.1,993.8,0.0,0.0,0.06,24.23
2024-10-01 03:30:00+05:30,24.46,97.47,2.73,258.2,993.8,0.0,0.0,0.14,24.06
2024-10-01 04:30:00+05:30,24.26,97.81,2.71,251.0,994.3000000000001,0.0,0.0,0.31,23.92
2024-10-01 05:30:00+05:30,24.18,97.57,2.96,245.0,994.9,9.25,9.25,0.33,23.79
2024-10-01 06:30:00+05:30,25.06,94.41,4.02,242.3,995.6999999999999,136.27,136.93,0.21,24.12
2024-10-01 07:30:00+05:30,26.55,90.11,3.84,245.6,996.5,334.67,336.1,0.01,24.82
2024-10-01 08:30:00+05:30,28.69,79.38,4.51,266.8,996.8000000000001,535.9,537.75,0.0,24.79
2024-10-01 09:30:00+05:30,29.85,74.38,4.51,276.2,996.7,693.17,695.55,0.0,24.83
2024-10-01 10:30:00+05:30,30.62,71.88,4.37,281.4,996.1,786.75,789.3,0.0,24.98
2024-10-01 11:30:00+05:30,31.11,70.18,4.36,285.3,995.1,753.75,771.92,0.0,25.05
2024-10-01 12:30:00+05:30,31.36,68.98,4.38,287.1,994.0999999999999,706.28,724.42,0.0,25.0
2024-10-01 13:30:00+05:30,31.37,68.76,4.35,286.1,993.1,552.05,609.45,0.0,24.97
2024-10-01 14:30:00+05:30,31.12,70.01,4.02,284.1,992.4,432.88,442.92,0.0,25.03
2024-10-01 15:30:00+05:30,30.56,73.2,3.35,281.7,992.3000000000001,242.8,249.88,0.0,25.24
2024-10-01 16:30:00+05:30,29.45,78.14,2.88,278.0,992.4,83.07,83.65,0.0,25.26
2024-10-01 17:30:00+05:30,27.73,88.91,2.03,269.2,992.6999999999999,0.0,0.0,0.0,25.75
2024-10-01 18:30:00+05:30,27.05,90.19,2.08,263.7,993.4000000000001,0.0,0.0,0.0,25.32
2024-10-01 19:30:00+05:30,26.59,90.88,2.13,262.2,994.0,0.0,0.0,0.0,25.0
2024-10-01 20:30:00+05:30,26.15,91.74,2.17,257.5,994.3000000000001,0.0,0.0,0.0,24.73
2024-10-01 21:30:00+05:30,25.79,92.36,2.26,252.5,994.4,0.0,0.0,0.0,24.49
2024-10-01 22:30:00+05:30,25.48,92.81,2.45,251.9,994.2,0.0,0.0,0.0,24.25
2024-10-01 23:30:00+05:30,25.18,93.3,2.69,252.4,994.0,0.0,0.0,0.0,24.05
2024-10-02 00:30:00+05:30,24.96,93.82,2.86,254.2,993.9,0.0,0.0,0.0,23.91
2024-10-02 01:30:00+05:30,24.71,94.63,2.94,256.8,993.9,0.0,0.0,0.0,23.82
2024-10-02 02:30:00+05:30,24.48,95.41,3.0,258.7,993.7,0.0,0.0,0.0,23.72
2024-10-02 03:30:00+05:30,24.2,96.36,3.04,259.2,993.8,0.0,0.0,0.0,23.62
2024-10-02 04:30:00+05:30,23.85,97.64,2.98,257.2,994.0,0.0,0.0,0.0,23.48
2024-10-02 05:30:00+05:30,23.68,97.93,3.12,254.8,994.3000000000001,8.15,8.38,0.0,23.36
2024-10-02 06:30:00+05:30,24.57,94.55,4.04,250.5,994.8000000000001,113.85,118.53,0.0,23.66
2024-10-02 07:30:00+05:30,26.04,91.21,3.68,245.6,995.1,290.35,308.52,0.0,24.51
2024-10-02 08:30:00+05:30,28.43,83.21,4.3,266.5,995.3,491.42,505.33,11.19,25.33
2024-10-02 09:30:00+05:30,29.99,77.67,4.87,278.6,994.9,657.0,663.25,11.5,25.69
2024-10-02 10:30:00+05:30,31.07,74.42,5.12,283.3,994.3000000000001,760.85,761.75,7.0,26.0
2024-10-02 11:30:00+05:30,31.84,72.36,5.24,287.4,993.4000000000001,789.2,789.55,6.84,26.28
2024-10-02 12:30:00+05:30,32.32,70.87,5.23,292.0,992.5,744.35,745.1,7.08,26.38
2024-10-02 13:30:00+05:30,32.43,70.67,5.09,295.5,991.7,627.83,632.28,7.47,26.43
2024-10-02 14:30:00+05:30,32.15,72.15,4.6,297.2,991.3,457.5,462.75,7.95,26.51
2024-10-02 15:30:00+05:30,31.44,75.8,3.76,296.9,991.2,251.95,262.25,3.93,26.68
2024-10-02 16:30:00+05:30,30.3,81.99,3.04,294.7,991.4,84.15,88.18,1.23,26.9
2024-10-02 17:30:00+05:30,28.31,90.44,2.32,288.8,991.8000000000001,0.0,0.0,0.58,26.62
2024-10-02 18:30:00+05:30,27.5,91.91,2.38,283.1,992.5,0.0,0.0,0.42,26.1
2024-10-02 19:30:00+05:30,27.01,93.14,2.39,276.0,993.1999999999999,0.0,0.0,0.2,25.82
2024-10-02 20:30:00+05:30,26.56,94.28,2.53,271.1,993.6,0.0,0.0,0.21,25.6
2024-10-02 21:30:00+05:30,26.2,95.26,2.8,269.4,993.7,0.0,0.0,0.09,25.4
2024-10-02 22:30:00+05:30,25.82,96.43,3.05,269.2,993.6,0.0,0.0,0.18,25.24
2024-10-02 23:30:00+05:30,25.35,98.05,3.06,269.8,993.6,0.0,0.0,0.25,25.05
2024-10-03 00:30:00+05:30,24.89,98.98,2.85,271.4,993.5,0.0,0.0,0.8,24.75
2024-10-03 01:30:00+05:30,24.52,99.06,2.74,271.7,993.4000000000001,0.0,0.0,1.27,24.39
2024-10-03 02:30:00+05:30,24.2,99.01,2.73,268.3,993.3,0.0,0.0,0.98,24.06
2024-10-03 03:30:00+05:30,23.95,98.89,2.8,263.2,993.5,0.0,0.0,0.72,23.78
2024-10-03 04:30:00+05:30,23.77,98.73,2.88,258.8,993.8,0.0,0.0,0.77,23.58
2024-10-03 05:30:00+05:30,23.71,98.39,3.03,256.2,994.3000000000001,8.8,9.12,0.91,23.47
2024-10-03 06:30:00+05:30,24.74,95.75,4.04,255.5,994.8000000000001,128.15,134.05,1.35,24.04
2024-10-03 07:30:00+05:30,26.17,93.17,3.71,255.2,995.1,325.77,341.02,2.61,25.01
2024-10-03 08:30:00+05:30,28.65,84.13,3.99,268.6,995.1999999999999,527.35,541.65,0.0,25.72
2024-10-03 09:30:00+05:30,30.67,74.24,4.73,277.2,994.9,688.08,699.28,0.0,25.57
2024-10-03 10:30:00+05:30,31.8,69.74,5.05,281.5,994.3000000000001,790.7,797.33,0.0,25.61
2024-10-03 11:30:00+05:30,32.44,67.81,5.26,285.2,993.3,815.3,821.95,0.0,25.75
2024-10-03 12:30:00+05:30,32.77,66.71,5.3,288.5,992.4,770.95,773.6,0.0,25.79
2024-10-03 13:30:00+05:30,32.78,66.71,5.04,290.6,991.5,649.88,656.45,0.0,25.8
2024-10-03 14:30:00+05:30,32.69,67.18,4.42,292.3,991.0,476.42,481.2,0.0,25.82
2024-10-03 15:30:00+05:30,32.14,70.48,3.46,292.4,990.9000000000001,268.55,271.77,0.0,26.11
2024-10-03 16:30:00+05:30,30.93,75.88,2.96,291.0,991.1,90.75,90.82,0.0,26.18
2024-10-03 17:30:00+05:30,28.63,87.26,2.18,287.1,991.7,0.0,0.0,0.0,26.32
2024-10-03 18:30:00+05:30,27.84,87.59,2.18,283.3,992.6,0.0,0.0,0.0,25.61
2024-10-03 19:30:00+05:30,27.4,88.04,2.06,278.1,993.6,0.0,0.0,0.0,25.27
2024-10-03 20:30:00+05:30,26.8,89.87,2.12,273.0,994.2,0.0,0.0,0.0,25.02
2024-10-03 21:30:00+05:30,26.17,91.99,2.3,271.2,994.3000000000001,0.0,0.0,0.0,24.79
2024-10-03 22:30:00+05:30,25.67,93.61,2.4,273.3,994.0999999999999,0.0,0.0,0.0,24.58
2024-10-03 23:30:00+05:30,25.28,95.05,2.51,277.3,993.8,0.0,0.0,0.0,24.46
2024-10-04 00:30:00+05:30,24.98,96.78,2.68,281.2,993.5,0.0,0.0,0.0,24.46
2024-10-04 01:30:00+05:30,24.67,99.1,2.87,284.7,993.1999999999999,0.0,0.0,0.0,24.55
2024-10-04 02:30:00+05:30,24.33,100.0,2.76,287.3,992.9000000000001,0.0,0.0,0.0,24.55
2024-10-04 03:30:00+05:30,24.01,100.0,2.48,288.8,993.0,0.0,0.0,0.0,24.41
2024-10-04 04:30:00+05:30,23.75,100.0,2.29,288.4,993.3,0.0,0.0,0.0,24.26
2024-10-04 05:30:00+05:30,23.6,100.0,2.17,284.4,994.0999999999999,8.35,8.25,0.0,24.09
2024-10-04 06:30:00+05:30,25.47,95.42,2.71,277.4,994.8000000000001,121.38,124.38,0.0,24.71
2024-10-04 07:30:00+05:30,27.16,90.63,2.52,270.5,995.6,306.55,324.65,0.0,25.51
2024-10-04 08:30:00+05:30,29.75,78.87,2.51,276.4,996.0,505.62,527.9,0.0,25.7
2024-10-04 09:30:00+05:30,31.03,74.65,2.59,277.8,996.0,667.05,687.22,0.0,26.02
2024-10-04 10:30:00+05:30,31.91,71.88,2.81,278.0,995.6999999999999,782.38,783.62,0.0,26.22
2024-10-04 11:30:00+05:30,32.55,69.21,3.04,279.1,995.0,781.58,796.83,0.0,26.2
2024-10-04 12:30:00+05:30,32.87,67.32,3.21,281.1,994.0,719.38,750.95,0.0,26.03
2024-10-04 13:30:00+05:30,32.89,66.16,3.35,284.2,993.1,605.05,632.4,0.0,25.75
2024-10-04 14:30:00+05:30,32.69,66.8,3.23,287.5,992.5,446.4,460.17,0.0,25.74
2024-10-04 15:30:00+05:30,32.22,69.42,2.78,290.7,992.3000000000001,239.43,256.62,0.0,25.92
2024-10-04 16:30:00+05:30,31.05,73.51,2.64,293.0,992.6,77.35,80.07,0.0,25.76
2024-10-04 17:30:00+05:30,29.05,84.97,1.81,293.0,993.1,0.0,0.0,0.0,26.28
2024-10-04 18:30:00+05:30,28.73,81.94,1.65,290.6,993.9,0.0,0.0,0.0,25.36
2024-10-04 19:30:00+05:30,28.54,80.84,1.48,285.3,994.8000000000001,0.0,0.0,0.0,24.95
2024-10-04 20:30:00+05:30,27.9,83.33,1.55,279.3,995.3,0.0,0.0,0.0,24.83
2024-10-04 21:30:00+05:30,27.01,87.66,1.77,276.5,995.5,0.0,0.0,0.0,24.81
2024-10-04 22:30:00+05:30,26.31,90.89,1.94,275.6,995.5,0.0,0.0,0.0,24.72
2024-10-04 23:30:00+05:30,25.8,92.91,2.02,275.4,995.4000000000001,0.0,0.0,0.0,24.59
2024-10-05 00:30:00+05:30,25.46,94.17,2.02,276.0,995.1999999999999,0.0,0.0,0.0,24.47
2024-10-05 01:30:00+05:30,25.13,95.23,2.01,276.8,995.0,0.0,0.0,0.0,24.34
2024-10-05 02:30:00+05:30,24.84,96.22,1.98,276.1,994.8000000000001,0.0,0.0,0.0,24.24
2024-10-05 03:30:00+05:30,24.57,97.24,1.98,273.5,994.9,0.0,0.0,0.0,24.13
2024-10-05 04:30:00+05:30,24.38,98.44,2.01,269.7,995.1999999999999,0.0,0.0,0.0,24.15
2024-10-05 05:30:00+05:30,24.23,99.24,2.09,264.5,995.9000000000001,7.7,7.97,0.0,24.13
2024-10-05 06:30:00+05:30,25.43,94.48,3.24,259.1,996.8000000000001,111.82,120.25,0.0,24.51
2024-10-05 07:30:00+05:30,26.98,89.72,3.21,255.0,997.6999999999999,272.5,312.33,0.0,25.18
2024-10-05 08:30:00+05:30,29.17,80.48,3.31,264.3,998.1,444.42,504.83,0.03,25.49
2024-10-05 09:30:00+05:30,30.49,74.46,3.28,273.5,998.1,621.22,664.47,0.03,25.46
2024-10-05 10:30:00+05:30,31.2,71.66,3.12,279.2,997.8,754.33,764.28,0.02,25.5
2024-10-05 11:30:00+05:30,31.64,69.17,3.01,285.6,997.0999999999999,789.97,797.3,0.01,25.32
2024-10-05 12:30:00+05:30,31.83,67.74,2.96,292.2,996.2,727.47,746.65,0.02,25.14
2024-10-05 13:30:00+05:30,31.76,67.08,2.92,298.2,995.4000000000001,575.85,626.8,0.01,24.92
2024-10-05 14:30:00+05:30,31.52,66.99,2.75,307.3,994.9,408.5,453.3,0.01,24.67
2024-10-05 15:30:00+05:30,31.06,69.04,2.37,317.2,994.9,222.05,242.43,0.01,24.73
2024-10-05 16:30:00+05:30,30.19,73.05,1.98,326.3,995.1999999999999,75.82,78.2,0.01,24.84
2024-10-05 17:30:00+05:30,28.48,80.8,1.44,343.5,995.8,0.0,0.0,0.0,24.89
2024-10-05 18:30:00+05:30,28.2,79.3,1.25,15.8,996.8000000000001,0.0,0.0,0.0,24.3
2024-10-05 19:30:00+05:30,27.75,80.1,1.26,48.9,997.6999999999999,0.0,0.0,0.0,24.03
2024-10-05 20:30:00+05:30,27.51,79.3,1.12,72.4,998.1999999999999,0.0,0.0,0.0,23.63
2024-10-05 21:30:00+05:30,27.37,77.99,0.76,101.5,998.3,0.0,0.0,0.0,23.21
2024-10-05 22:30:00+05:30,27.25,76.88,0.6,154.3,998.1999999999999,0.0,0.0,0.0,22.85
2024-10-05 23:30:00+05:30,26.43,81.11,0.81,204.7,997.9000000000001,0.0,0.0,0.0,22.95
2024-10-06 00:30:00+05:30,25.69,84.85,1.18,232.6,997.6,0.0,0.0,0.0,22.98
2024-10-06 01:30:00+05:30,24.85,89.43,1.51,251.9,997.4,0.0,0.0,0.0,23.02
2024-10-06 02:30:00+05:30,24.33,91.72,1.63,262.3,997.2,0.0,0.0,0.0,22.92
2024-10-06 03:30:00+05:30,24.11,92.13,1.5,267.3,997.5,0.0,0.0,0.02,22.78
2024-10-06 04:30:00+05:30,24.16,91.13,1.22,268.1,998.1,0.0,0.0,0.01,22.65
2024-10-06 05:30:00+05:30,24.28,90.09,0.91,256.0,999.0,7.22,7.22,0.01,22.57
2024-10-06 06:30:00+05:30,25.05,89.23,0.8,230.6,999.9,109.47,109.6,0.0,23.17
2024-10-06 07:30:00+05:30,26.14,84.83,0.84,206.3,1000.6999999999999,265.23,265.48,0.01,23.41
2024-10-06 08:30:00+05:30,29.01,72.34,0.25,36.9,1001.1,450.05,450.38,1.32,23.54
2024-10-06 09:30:00+05:30,30.22,68.31,0.56,17.8,1001.0,613.75,614.2,1.07,23.75
2024-10-06 10:30:00+05:30,31.03,65.43,0.65,355.6,1000.5,720.6,721.17,0.91,23.82
2024-10-06 11:30:00+05:30,31.49,63.21,0.85,333.4,999.7,672.7,687.65,0.74,23.66
2024-10-06 12:30:00+05:30,31.76,62.12,1.12,320.5,998.7,608.47,615.62,0.74,23.63
2024-10-06 13:30:00+05:30,31.8,61.47,1.38,315.3,997.8,469.42,490.8,0.65,23.49
2024-10-06 14:30:00+05:30,31.62,61.9,1.37,316.8,997.4,339.75,350.77,0.32,23.44
2024-10-06 15:30:00+05:30,31.18,64.06,1.07,326.5,997.4,190.23,196.12,0.2,23.6
2024-10-06 16:30:00+05:30,30.63,64.48,0.85,342.8,997.8,55.53,56.8,0.09,23.15
2024-10-06 17:30:00+05:30,29.59,68.98,0.66,7.9,998.5,0.0,0.0,0.04,23.3
2024-10-06 18:30:00+05:30,28.96,71.08,0.67,46.8,999.2,0.0,0.0,0.02,23.22
2024-10-06 19:30:00+05:30,28.3,74.16,0.9,71.2,1000.0,0.0,0.0,0.01,23.28
2024-10-06 20:30:00+05:30,27.87,74.94,0.9,73.8,1000.4000000000001,0.0,0.0,0.0,23.04
2024-10-06 21:30:00+05:30,27.71,73.4,0.68,63.1,1000.5,0.0,0.0,0.0,22.54
2024-10-06 22:30:00+05:30,27.59,71.34,0.5,33.7,1000.3,0.0,0.0,0.0,21.97
2024-10-06 23:30:00+05:30,27.07,73.5,0.56,353.9,1000.1999999999999,0.0,0.0,0.01,21.96
2024-10-07 00:30:00+05:30,26.31,78.0,0.82,334.1,1000.1,0.0,0.0,0.04,22.19
2024-10-07 01:30:00+05:30,25.59,81.48,1.13,326.9,999.9,0.0,0.0,0.05,22.2
2024-10-07 02:30:00+05:30,25.1,82.99,1.13,326.9,999.9,0.0,0.0,0.02,22.03
2024-10-07 03:30:00+05:30,24.86,82.9,0.9,330.6,1000.0,0.0,0.0,0.04,21.77
2024-10-07 04:30:00+05:30,24.57,83.41,0.6,335.6,1000.5,0.0,0.0,0.05,21.61
2024-10-07 05:30:00+05:30,24.47,83.0,0.28,19.1,1001.2,5.45,5.8,0.04,21.41
2024-10-07 06:30:00+05:30,24.76,87.35,0.65,98.9,1002.0,84.12,89.22,0.05,22.53
2024-10-07 07:30:00+05:30,25.9,82.59,1.38,102.5,1002.9000000000001,235.35,257.05,0.02,22.73
2024-10-07 08:30:00+05:30,27.58,76.65,1.66,79.6,1003.3,409.67,446.6,0.0,23.13
2024-10-07 09:30:00+05:30,28.24,74.67,1.53,61.1,1003.4000000000001,541.25,604.47,0.0,23.33
2024-10-07 10:30:00+05:30,28.3,74.26,1.5,34.6,1003.0,621.42,700.5,0.0,23.31
2024-10-07 11:30:00+05:30,28.66,73.75,1.7,9.1,1002.3000000000001,697.2,790.55,0.0,23.54
2024-10-07 12:30:00+05:30,28.96,72.98,1.99,350.4,1001.1,649.47,737.97,0.0,23.64
2024-10-07 13:30:00+05:30,29.17,72.68,2.23,336.2,1000.0,506.7,612.47,0.01,23.78
2024-10-07 14:30:00+05:30,29.18,72.95,2.25,330.5,999.4,314.6,436.88,0.01,23.86
2024-10-07 15:30:00+05:30,28.86,75.02,1.95,326.7,999.4,170.48,238.77,0.01,24.01
2024-10-07 16:30:00+05:30,28.24,79.23,1.48,322.4,999.7,56.25,69.95,0.0,24.32
2024-10-07 17:30:00+05:30,27.04,86.16,1.14,317.5,1000.1,0.0,0.0,0.0,24.55
2024-10-07 18:30:00+05:30,26.56,86.7,1.0,313.4,1000.9000000000001,0.0,0.0,0.0,24.18
2024-10-07 19:30:00+05:30,26.37,85.54,0.91,314.6,1001.5999999999999,0.0,0.0,0.0,23.77
2024-10-07 20:30:00+05:30,26.1,85.45,0.93,310.2,1001.8000000000001,0.0,0.0,0.0,23.5
2024-10-07 21:30:00+05:30,25.75,86.37,1.03,300.3,1001.7,0.0,0.0,0.0,23.32
2024-10-07 22:30:00+05:30,25.37,87.73,1.17,291.1,1001.4,0.0,0.0,0.0,23.21
2024-10-07 23:30:00+05:30,24.92,89.6,1.34,283.4,1001.3,0.0,0.0,0.0,23.11
2024-10-08 00:30:00+05:30,24.43,91.63,1.51,278.8,1001.1,0.0,0.0,0.0,23.0
2024-10-08 01:30:00+05:30,24.01,93.26,1.67,276.2,1000.8,0.0,0.0,0.0,22.88
2024-10-08 02:30:00+05:30,23.66,94.27,1.7,271.0,1000.8,0.0,0.0,0.0,22.71
2024-10-08 03:30:00+05:30,23.32,95.18,1.66,262.0,1000.8,0.0,0.0,0.0,22.53
2024-10-08 04:30:00+05:30,23.02,95.95,1.65,249.0,1001.2,0.0,0.0,0.0,22.36
2024-10-08 05:30:00+05:30,22.76,96.62,1.67,235.7,1001.8000000000001,6.5,6.5,0.0,22.23
2024-10-08 06:30:00+05:30,23.82,92.83,2.43,224.2,1002.5,108.05,108.18,0.0,22.62
2024-10-08 07:30:00+05:30,25.32,87.71,2.24,217.7,1003.1999999999999,265.9,266.3,0.0,23.16
2024-10-08 08:30:00+05:30,27.82,77.38,1.24,217.1,1003.6,451.0,451.67,0.0,23.53
2024-10-08 09:30:00+05:30,29.29,71.7,0.93,213.2,1003.5,602.55,603.45,0.0,23.67
2024-10-08 10:30:00+05:30,30.21,68.44,0.87,219.0,1002.8,686.12,700.92,0.0,23.78
2024-10-08 11:30:00+05:30,30.8,66.38,0.85,238.0,1001.8000000000001,714.53,767.28,0.0,23.84
2024-10-08 12:30:00+05:30,31.1,65.22,0.86,261.3,1000.6,667.03,716.12,0.0,23.83
2024-10-08 13:30:00+05:30,31.18,64.78,0.93,278.0,999.5999999999999,551.65,597.0,0.0,23.79
2024-10-08 14:30:00+05:30,30.96,65.42,1.15,282.1,998.9,408.95,431.5,0.0,23.74
2024-10-08 15:30:00+05:30,30.41,68.94,1.25,284.8,998.8,221.32,237.73,0.0,24.08
2024-10-08 16:30:00+05:30,29.77,71.56,1.37,287.9,998.9,66.4,68.78,0.0,24.08
2024-10-08 17:30:00+05:30,28.35,81.5,1.23,294.1,999.4,0.0,0.0,0.0,24.89
2024-10-08 18:30:00+05:30,27.73,82.77,1.28,302.6,999.9,0.0,0.0,0.0,24.55
2024-10-08 19:30:00+05:30,27.24,83.15,1.37,307.9,1000.6,0.0,0.0,0.0,24.15
2024-10-08 20:30:00+05:30,26.78,84.02,1.42,309.3,1000.9000000000001,0.0,0.0,0.0,23.88
2024-10-08 21:30:00+05:30,26.3,85.64,1.46,309.5,1000.6999999999999,0.0,0.0,0.0,23.72
2024-10-08 22:30:00+05:30,25.86,87.25,1.49,309.0,1000.4000000000001,0.0,0.0,0.0,23.59
2024-10-08 23:30:00+05:30,25.49,88.52,1.48,307.3,999.9,0.0,0.0,0.0,23.47
2024-10-09 00:30:00+05:30,25.13,89.81,1.46,303.6,999.5,0.0,0.0,0.0,23.36
2024-10-09 01:30:00+05:30,24.79,91.0,1.46,299.0,999.0,0.0,0.0,0.0,23.25
2024-10-09 02:30:00+05:30,24.59,91.85,1.39,294.2,998.6,0.0,0.0,0.0,23.2
2024-10-09 03:30:00+05:30,24.44,91.85,1.31,288.7,998.5,0.0,0.0,0.0,23.06
2024-10-09 04:30:00+05:30,24.3,91.77,1.24,279.8,998.8,0.0,0.0,0.0,22.9
2024-10-09 05:30:00+05:30,24.04,92.53,1.27,266.8,999.4,6.68,6.75,0.0,22.78
2024-10-09 06:30:00+05:30,24.94,90.33,1.43,256.6,1000.0,114.32,115.9,0.0,23.27
2024-10-09 07:30:00+05:30,26.12,84.7,1.83,247.8,1000.8,295.8,299.85,0.0,23.36
2024-10-09 08:30:00+05:30,28.64,73.95,1.63,257.9,1001.2,494.42,500.25,0.0,23.55
2024-10-09 09:30:00+05:30,30.02,68.76,1.75,255.8,1001.0,651.0,656.75,0.0,23.68
2024-10-09 10:30:00+05:30,30.65,66.25,2.08,257.2,1000.4000000000001,748.08,752.33,0.0,23.65
2024-10-09 11:30:00+05:30,31.1,64.69,2.34,263.9,999.5,746.0,766.25,0.0,23.69
2024-10-09 12:30:00+05:30,31.11,64.45,2.58,271.1,998.5,683.1,718.72,0.0,23.63
2024-10-09 13:30:00+05:30,30.91,65.44,2.76,277.7,997.5,579.97,603.55,0.0,23.69
2024-10-09 14:30:00+05:30,30.64,67.24,2.61,286.7,997.0,427.55,433.58,0.0,23.89
2024-10-09 15:30:00+05:30,30.19,70.04,2.25,295.5,996.8000000000001,235.57,238.35,0.0,24.13
2024-10-09 16:30:00+05:30,29.34,72.94,2.06,301.5,996.9,65.57,66.28,0.0,24.0
2024-10-09 17:30:00+05:30,27.67,85.45,1.52,308.3,997.0999999999999,0.0,0.0,0.0,25.02
2024-10-09 18:30:00+05:30,27.17,84.35,1.49,312.0,997.8,0.0,0.0,0.0,24.32
2024-10-09 19:30:00+05:30,26.79,82.97,1.45,311.4,998.4000000000001,0.0,0.0,0.0,23.68
2024-10-09 20:30:00+05:30,26.08,84.46,1.6,299.6,998.8,0.0,0.0,0.0,23.29
2024-10-09 21:30:00+05:30,25.1,87.99,1.93,288.4,998.8,0.0,0.0,0.0,23.0
2024-10-09 22:30:00+05:30,24.32,89.85,2.21,283.6,998.8,0.0,0.0,0.0,22.58
2024-10-09 23:30:00+05:30,23.71,90.66,2.35,282.6,998.5,0.0,0.0,0.0,22.12
2024-10-10 00:30:00+05:30,23.2,91.09,2.39,283.3,998.1999999999999,0.0,0.0,0.0,21.69
2024-10-10 01:30:00+05:30,22.72,91.74,2.39,284.3,997.8,0.0,0.0,0.0,21.33
2024-10-10 02:30:00+05:30,22.4,92.3,2.32,284.2,997.5,0.0,0.0,0.0,21.12
2024-10-10 03:30:00+05:30,22.32,92.63,2.18,281.4,997.4,0.0,0.0,0.0,21.08
2024-10-10 04:30:00+05:30,22.19,92.97,2.1,276.0,997.6999999999999,0.0,0.0,0.0,21.03
2024-10-10 05:30:00+05:30,21.97,93.39,2.11,268.1,998.1999999999999,5.62,6.1,0.0,20.88
2024-10-10 06:30:00+05:30,22.95,89.62,2.71,259.1,998.9,84.35,106.05,0.0,21.18
2024-10-10 07:30:00+05:30,24.31,84.29,3.39,250.9,999.5999999999999,219.4,295.52,0.0,21.52
2024-10-10 08:30:00+05:30,26.54,78.5,3.15,250.9,1000.1999999999999,365.4,489.27,0.0,22.51
2024-10-10 09:30:00+05:30,28.79,67.88,3.72,265.2,1000.1999999999999,537.22,642.3,0.0,22.29
2024-10-10 10:30:00+05:30,29.68,65.92,3.76,269.8,999.7,618.67,740.4,0.0,22.66
2024-10-10 11:30:00+05:30,30.31,65.01,3.81,273.9,998.8,591.9,751.42,0.0,23.02
2024-10-10 12:30:00+05:30,30.36,65.8,3.78,278.4,997.6999999999999,526.45,700.47,0.0,23.27
2024-10-10 13:30:00+05:30,30.06,67.85,3.55,282.9,996.9,483.38,586.9,0.0,23.49
2024-10-10 14:30:00+05:30,29.64,69.81,3.28,286.3,996.4,280.88,417.75,0.0,23.56
2024-10-10 15:30:00+05:30,28.72,75.08,2.82,287.3,996.2,148.45,219.9,0.0,23.89
2024-10-10 16:30:00+05:30,27.45,82.95,2.42,287.3,996.4,51.15,58.58,0.0,24.32
2024-10-10 17:30:00+05:30,25.94,89.47,2.18,287.1,996.7,0.0,0.0,0.0,24.09
2024-10-10 18:30:00+05:30,25.27,90.67,2.28,286.5,997.3000000000001,0.0,0.0,0.0,23.67
2024-10-10 19:30:00+05:30,24.81,91.51,2.33,285.2,998.1,0.0,0.0,0.0,23.37
2024-10-10 20:30:00+05:30,24.34,92.26,2.39,282.3,998.6,0.0,0.0,0.0,23.03
2024-10-10 21:30:00+05:30,23.92,92.93,2.42,277.4,998.7,0.0,0.0,0.0,22.73
2024-10-10 22:30:00+05:30,23.58,93.42,2.46,270.9,998.4000000000001,0.0,0.0,0.0,22.5
2024-10-10 23:30:00+05:30,23.34,93.71,2.55,264.6,998.1,0.0,0.0,0.0,22.3
2024-10-11 00:30:00+05:30,23.14,94.1,2.72,260.9,997.8,0.0,0.0,0.0,22.15
2024-10-11 01:30:00+05:30,22.96,94.3,2.95,260.1,997.4,0.0,0.0,0.0,22.02
2024-10-11 02:30:00+05:30,22.65,95.0,3.08,260.7,997.3000000000001,0.0,0.0,0.0,21.84
2024-10-11 03:30:00+05:30,22.37,95.64,3.11,260.0,997.2,0.0,0.0,0.0,21.66
2024-10-11 04:30:00+05:30,22.12,96.07,3.15,257.0,997.5,0.0,0.0,0.0,21.49
2024-10-11 05:30:00+05:30,21.94,96.12,3.41,254.5,998.1999999999999,5.53,5.85,0.0,21.33
2024-10-11 06:30:00+05:30,22.51,93.67,4.29,252.8,999.0,89.4,106.25,0.0,21.46
2024-10-11 07:30:00+05:30,23.76,89.97,4.0,249.1,999.7,226.75,293.35,0.0,22.03
2024-10-11 08:30:00+05:30,25.73,83.86,3.65,250.5,1000.0,387.4,488.52,0.0,22.83
2024-10-11 09:30:00+05:30,27.71,73.95,4.01,263.8,999.9,624.12,647.0,0.0,22.67
2024-10-11 10:30:00+05:30,28.79,68.03,4.1,269.2,999.5999999999999,726.55,746.35,0.0,22.33
2024-10-11 11:30:00+05:30,29.36,64.86,4.22,272.6,998.8,693.92,791.5,0.0,22.08
2024-10-11 12:30:00+05:30,29.54,63.75,4.31,271.2,997.9000000000001,677.22,743.5,0.0,21.97
2024-10-11 13:30:00+05:30,29.26,64.2,4.35,263.8,997.2,535.92,627.67,0.0,21.82
2024-10-11 14:30:00+05:30,28.58,67.95,4.09,251.5,996.8000000000001,341.67,454.2,0.0,22.1
2024-10-11 15:30:00+05:30,27.67,72.91,3.87,240.1,996.7,180.12,249.88,0.0,22.4
2024-10-11 16:30:00+05:30,26.26,80.84,3.3,234.4,997.0,52.2,65.55,0.0,22.72
2024-10-11 17:30:00+05:30,24.2,88.5,2.7,231.3,997.4,0.0,0.0,0.0,22.21
2024-10-11 18:30:00+05:30,23.49,89.52,2.61,230.3,997.8,0.0,0.0,0.0,21.68
2024-10-11 19:30:00+05:30,23.09,89.75,2.55,233.8,998.3,0.0,0.0,0.0,21.35
2024-10-11 20:30:00+05:30,22.77,89.6,2.65,241.6,998.5,0.0,0.0,0.0,20.99
2024-10-11 21:30:00+05:30,22.42,89.73,2.84,249.6,998.6,0.0,0.0,0.0,20.67
2024-10-11 22:30:00+05:30,22.28,89.91,3.01,254.6,998.5,0.0,0.0,0.0,20.56
2024-10-11 23:30:00+05:30,22.25,90.59,3.1,257.1,998.4000000000001,0.0,0.0,0.0,20.65
2024-10-12 00:30:00+05:30,22.26,91.81,3.11,258.3,998.1999999999999,0.0,0.0,0.0,20.89
2024-10-12 01:30:00+05:30,22.27,93.18,3.09,257.3,997.9000000000001,0.0,0.0,0.0,21.13
2024-10-12 02:30:00+05:30,22.2,94.45,2.96,253.9,997.6999999999999,0.0,0.0,0.0,21.29
2024-10-12 03:30:00+05:30,22.05,95.39,2.77,249.5,997.9000000000001,0.0,0.0,0.0,21.31
2024-10-12 04:30:00+05:30,21.85,95.95,2.64,244.7,998.4000000000001,0.0,0.0,0.0,21.19
2024-10-12 05:30:00+05:30,21.71,95.94,2.65,240.1,999.2,3.65,5.25,0.0,21.05
2024-10-12 06:30:00+05:30,22.47,92.43,3.54,236.5,1000.0,56.65,98.0,0.0,21.2
2024-10-12 07:30:00+05:30,23.72,88.25,3.63,234.3,1000.9000000000001,136.2,281.38,0.0,21.68
2024-10-12 08:30:00+05:30,26.05,81.42,3.18,243.4,1001.5,212.98,472.1,0.0,22.65
2024-10-12 09:30:00+05:30,27.95,73.38,2.97,255.2,1001.5999999999999,319.05,627.75,0.0,22.77
2024-10-12 10:30:00+05:30,29.06,67.53,2.89,262.7,1001.3,407.75,725.42,0.0,22.47
2024-10-12 11:30:00+05:30,29.77,64.1,2.97,270.8,1000.6,467.95,803.55,0.0,22.28
2024-10-12 12:30:00+05:30,30.1,62.62,3.18,279.2,999.8000000000001,419.88,755.28,0.0,22.21
2024-10-12 13:30:00+05:30,30.04,63.08,3.34,286.4,999.0,292.27,639.5,0.0,22.27
2024-10-12 14:30:00+05:30,29.88,63.64,3.2,290.3,998.6,239.55,467.73,0.0,22.26
2024-10-12 15:30:00+05:30,29.16,68.35,2.66,290.2,998.5,126.32,261.33,0.0,22.74
2024-10-12 16:30:00+05:30,27.82,75.64,2.41,288.1,998.5,30.27,67.95,0.0,23.12
2024-10-12 17:30:00+05:30,25.93,86.66,1.99,280.7,998.8,0.0,0.0,0.0,23.55
2024-10-12 18:30:00+05:30,25.28,87.47,2.12,274.1,999.2,0.0,0.0,0.0,23.08
2024-10-12 19:30:00+05:30,24.81,88.35,2.2,269.2,999.7,0.0,0.0,0.0,22.77
2024-10-12 20:30:00+05:30,24.36,89.23,2.29,267.7,1000.0,0.0,0.0,0.0,22.5
2024-10-12 21:30:00+05:30,23.99,89.86,2.39,268.8,1000.0,0.0,0.0,0.0,22.25
2024-10-12 22:30:00+05:30,23.7,90.51,2.46,269.8,999.8000000000001,0.0,0.0,0.0,22.08
2024-10-12 23:30:00+05:30,23.43,91.38,2.48,270.7,999.7,0.0,0.0,0.0,21.97
2024-10-13 00:30:00+05:30,23.18,92.31,2.46,271.9,999.5,0.0,0.0,0.0,21.9
2024-10-13 01:30:00+05:30,22.94,93.31,2.4,273.3,999.3000000000001,0.0,0.0,0.0,21.82
2024-10-13 02:30:00+05:30,22.73,94.16,2.31,272.5,999.2,0.0,0.0,0.0,21.76
2024-10-13 03:30:00+05:30,22.58,94.75,2.24,270.3,999.5,0.0,0.0,0.0,21.72
2024-10-13 04:30:00+05:30,22.48,95.16,2.2,268.4,1000.1,0.0,0.0,0.0,21.7
2024-10-13 05:30:00+05:30,22.36,95.47,2.17,266.3,1001.0,4.7,5.62,0.0,21.62
2024-10-13 06:30:00+05:30,23.12,92.31,2.87,264.8,1001.8000000000001,75.18,109.75,0.0,21.83
2024-10-13 07:30:00+05:30,24.18,88.29,3.28,264.9,1002.6,193.73,303.17,0.0,22.16
2024-10-13 08:30:00+05:30,25.87,82.66,3.09,274.5,1003.1,319.25,496.65,0.0,22.72
2024-10-13 09:30:00+05:30,27.36,74.54,3.27,288.0,1003.0,424.1,649.75,0.0,22.47
2024-10-13 10:30:00+05:30,28.0,65.76,2.73,294.2,1002.5,529.88,746.17,0.0,21.0
2024-10-13 11:30:00+05:30,28.18,61.01,2.28,295.8,1001.8000000000001,574.55,774.83,0.0,19.98
2024-10-13 12:30:00+05:30,28.09,61.37,2.44,296.8,1001.1,521.15,726.38,0.0,19.99
2024-10-13 13:30:00+05:30,27.63,64.04,2.75,299.9,1000.6,490.95,610.4,0.0,20.25
2024-10-13 14:30:00+05:30,27.03,67.49,2.57,305.7,1000.1,329.98,439.65,0.0,20.52
2024-10-13 15:30:00+05:30,26.65,69.52,2.1,309.0,999.7,175.2,241.05,0.0,20.64
2024-10-13 16:30:00+05:30,25.96,74.18,1.59,299.3,999.5,45.78,59.8,0.0,21.02
2024-10-13 17:30:00+05:30,24.79,83.46,1.24,281.1,999.5999999999999,0.0,0.0,0.0,21.82
2024-10-13 18:30:00+05:30,24.42,82.16,1.3,262.9,999.9,0.0,0.0,0.0,21.2
2024-10-13 19:30:00+05:30,23.96,83.61,1.53,252.2,1000.5,0.0,0.0,0.0,21.03
2024-10-13 20:30:00+05:30,23.4,86.4,1.82,250.5,1000.8,0.0,0.0,0.0,21.02
2024-10-13 21:30:00+05:30,22.91,87.42,2.04,251.4,1000.9000000000001,0.0,0.0,0.0,20.72
2024-10-13 22:30:00+05:30,22.65,87.99,2.11,252.3,1000.6999999999999,0.0,0.0,0.0,20.59
2024-10-13 23:30:00+05:30,22.45,88.58,2.16,255.3,1000.5,0.0,0.0,0.0,20.49
2024-10-14 00:30:00+05:30,22.24,89.23,2.2,259.8,1000.3,0.0,0.0,0.0,20.4
2024-10-14 01:30:00+05:30,22.05,89.88,2.24,265.1,1000.0,0.0,0.0,0.0,20.33
2024-10-14 02:30:00+05:30,21.98,90.5,2.22,268.7,1000.0,0.0,0.0,0.0,20.37
2024-10-14 03:30:00+05:30,21.91,90.97,2.19,270.0,1000.1,0.0,0.0,0.0,20.39
2024-10-14 04:30:00+05:30,21.81,91.39,2.17,268.7,1000.6999999999999,0.0,0.0,0.0,20.37
2024-10-14 05:30:00+05:30,21.64,91.91,2.17,265.5,1001.3,2.58,4.62,0.0,20.31
2024-10-14 06:30:00+05:30,22.49,89.59,2.3,261.2,1001.9,36.12,89.47,0.0,20.73
2024-10-14 07:30:00+05:30,23.78,83.04,2.9,257.9,1002.6,90.35,262.67,0.0,20.74
2024-10-14 08:30:00+05:30,25.46,77.33,2.58,262.4,1003.1999999999999,159.82,449.8,0.0,21.22
2024-10-14 09:30:00+05:30,27.22,68.88,2.7,272.8,1003.3,262.42,610.05,0.0,21.03
2024-10-14 10:30:00+05:30,28.06,64.88,2.54,280.6,1002.9000000000001,398.62,716.28,0.0,20.86
2024-10-14 11:30:00+05:30,28.53,62.63,2.39,290.9,1002.0,421.58,734.9,0.0,20.73
2024-10-14 12:30:00+05:30,28.84,61.8,2.33,300.1,1000.8,392.42,689.12,0.0,20.81
2024-10-14 13:30:00+05:30,28.94,61.94,2.31,304.6,999.8000000000001,419.8,573.22,0.0,20.93
2024-10-14 14:30:00+05:30,28.63,63.14,2.0,304.4,999.2,349.05,407.0,0.0,20.96
2024-10-14 15:30:00+05:30,28.27,66.26,1.48,302.3,998.9,192.5,215.73,0.0,21.39
2024-10-14 16:30:00+05:30,27.59,67.75,1.27,297.8,999.0,51.12,52.17,0.0,21.08
2024-10-14 17:30:00+05:30,26.5,76.3,0.85,297.5,999.3000000000001,0.0,0.0,0.0,21.99
2024-10-14 18:30:00+05:30,26.53,71.49,0.53,292.2,1000.0,0.0,0.0,0.0,20.97
2024-10-14 19:30:00+05:30,26.44,71.6,0.34,214.2,1000.6999999999999,0.0,0.0,0.0,20.88
2024-10-14 20:30:00+05:30,25.79,75.32,0.79,198.4,1000.9000000000001,0.0,0.0,0.0,21.1
2024-10-14 21:30:00+05:30,25.16,80.8,1.18,208.3,1000.8,0.0,0.0,0.0,21.64
2024-10-14 22:30:00+05:30,24.6,84.67,1.4,215.4,1000.3,0.0,0.0,0.0,21.88
2024-10-14 23:30:00+05:30,24.19,86.95,1.49,222.8,999.9,0.0,0.0,0.0,21.91
2024-10-15 00:30:00+05:30,23.82,89.03,1.56,233.1,999.4,0.0,0.0,0.0,21.93
2024-10-15 01:30:00+05:30,23.44,90.95,1.67,243.7,999.0999999999999,0.0,0.0,0.0,21.9
2024-10-15 02:30:00+05:30,22.99,92.54,1.81,251.3,998.9,0.0,0.0,0.0,21.75
2024-10-15 03:30:00+05:30,22.6,93.96,1.9,255.7,999.0,0.0,0.0,0.0,21.6
2024-10-15 04:30:00+05:30,22.32,95.15,1.96,258.2,999.4,0.0,0.0,0.0,21.52
2024-10-15 05:30:00+05:30,22.12,96.16,1.99,259.0,1000.3,4.32,4.93,0.0,21.5
2024-10-15 06:30:00+05:30,23.27,93.11,2.41,257.5,1001.0,84.55,102.57,0.0,22.12
2024-10-15 07:30:00+05:30,24.84,87.25,2.7,254.5,1001.7,222.3,288.27,0.0,22.6
2024-10-15 08:30:00+05:30,27.14,78.33,2.62,261.7,1002.0,378.4,479.77,0.0,23.07
2024-10-15 09:30:00+05:30,28.53,73.39,2.53,266.4,1001.9,616.72,633.9,0.0,23.34
2024-10-15 10:30:00+05:30,29.42,69.75,2.42,266.0,1001.4,723.78,726.65,0.0,23.33
2024-10-15 11:30:00+05:30,29.91,67.19,2.36,264.9,1000.4000000000001,744.58,747.0,0.0,23.19
2024-10-15 12:30:00+05:30,30.07,66.36,2.39,267.8,999.4,697.17,701.15,0.0,23.13
2024-10-15 13:30:00+05:30,29.76,67.27,2.43,272.6,998.5,580.28,585.5,0.0,23.05
2024-10-15 14:30:00+05:30,29.42,68.9,2.43,280.9,997.9000000000001,415.3,417.05,0.0,23.12
2024-10-15 15:30:00+05:30,28.88,72.24,2.28,290.3,997.6,222.27,223.8,0.0,23.4
2024-10-15 16:30:00+05:30,27.9,78.02,1.98,299.7,997.6999999999999,54.53,54.92,0.0,23.73
2024-10-15 17:30:00+05:30,26.23,88.53,1.64,311.5,998.1,0.0,0.0,0.0,24.2
2024-10-15 18:30:00+05:30,25.57,88.81,1.74,322.9,998.7,0.0,0.0,0.0,23.6
2024-10-15 19:30:00+05:30,25.04,88.4,1.78,331.1,999.4,0.0,0.0,0.0,23.0
2024-10-15 20:30:00+05:30,24.47,87.5,1.77,332.4,999.8000000000001,0.0,0.0,0.0,22.25
2024-10-15 21:30:00+05:30,23.84,85.54,1.71,327.4,999.8000000000001,0.0,0.0,0.0,21.26
2024-10-15 22:30:00+05:30,23.3,83.62,1.61,318.0,999.5999999999999,0.0,0.0,0.0,20.37
2024-10-15 23:30:00+05:30,22.71,82.28,1.57,304.9,999.3000000000001,0.0,0.0,0.0,19.55
2024-10-16 00:30:00+05:30,21.96,82.45,1.65,291.0,998.9,0.0,0.0,0.0,18.83
2024-10-16 01:30:00+05:30,21.21,83.15,1.77,280.4,998.5,0.0,0.0,0.0,18.24
2024-10-16 02:30:00+05:30,20.61,83.99,1.89,272.1,998.5,0.0,0.0,0.0,17.83
2024-10-16 03:30:00+05:30,19.9,84.85,2.09,265.9,998.6,0.0,0.0,0.0,17.3
2024-10-16 04:30:00+05:30,19.31,86.1,2.26,263.4,999.2,0.0,0.0,0.0,16.94
2024-10-16 05:30:00+05:30,18.89,86.85,2.35,264.9,1000.0,5.25,5.28,0.0,16.67
2024-10-16 06:30:00+05:30,20.43,87.49,1.92,268.8,1000.6,112.4,112.97,0.0,18.29
2024-10-16 07:30:00+05:30,22.84,73.95,2.15,274.8,1001.2,298.75,299.73,0.0,17.97
2024-10-16 08:30:00+05:30,24.67,71.2,1.39,282.9,1001.5,496.75,497.52,0.0,19.12
2024-10-16 09:30:00+05:30,27.84,58.66,1.3,302.5,1001.4,660.83,661.53,0.0,19.01
2024-10-16 10:30:00+05:30,29.25,52.08,1.52,304.5,1000.8,754.0,755.88,0.0,18.43
2024-10-16 11:30:00+05:30,29.61,51.03,1.6,299.6,999.9,749.08,768.17,0.0,18.44
2024-10-16 12:30:00+05:30,29.75,50.88,1.7,296.6,998.9,667.55,703.92,0.0,18.52
2024-10-16 13:30:00+05:30,29.61,51.51,1.75,294.2,998.1,572.7,578.75,0.0,18.58
2024-10-16 14:30:00+05:30,29.28,53.06,1.59,291.1,997.6,394.5,401.75,0.0,18.76
2024-10-16 15:30:00+05:30,29.0,54.31,1.26,287.1,997.5,208.2,210.0,0.0,18.85
2024-10-16 16:30:00+05:30,27.91,58.54,1.09,285.9,997.6,46.5,47.28,0.0,18.97
2024-10-16 17:30:00+05:30,26.72,58.96,0.73,282.7,998.0,0.0,0.0,0.0,18.04
2024-10-16 18:30:00+05:30,26.49,55.93,0.42,259.0,998.8,0.0,0.0,0.0,17.0
2024-10-16 19:30:00+05:30,25.86,58.33,0.49,195.5,999.5,0.0,0.0,0.0,17.05
2024-10-16 20:30:00+05:30,25.06,60.4,0.78,193.3,999.9,0.0,0.0,0.0,16.87
2024-10-16 21:30:00+05:30,23.93,65.91,1.07,207.3,1000.0,0.0,0.0,0.0,17.2
2024-10-16 22:30:00+05:30,23.13,69.44,1.45,217.4,1000.0,0.0,0.0,0.0,17.26
2024-10-16 23:30:00+05:30,22.11,74.58,1.76,224.8,999.8000000000001,0.0,0.0,0.0,17.41
2024-10-17 00:30:00+05:30,21.21,79.22,2.0,230.7,999.5,0.0,0.0,0.0,17.49
2024-10-17 01:30:00+05:30,20.46,82.91,2.19,235.2,999.0,0.0,0.0,0.0,17.47
2024-10-17 02:30:00+05:30,19.91,85.14,2.34,237.1,998.7,0.0,0.0,0.0,17.37
2024-10-17 03:30:00+05:30,19.47,86.59,2.45,237.7,998.6,0.0,0.0,0.0,17.2
2024-10-17 04:30:00+05:30,19.12,87.54,2.52,239.8,999.0999999999999,0.0,0.0,0.0,17.02
2024-10-17 05:30:00+05:30,18.83,88.26,2.56,242.0,999.9,4.2,4.22,0.0,16.88
2024-10-17 06:30:00+05:30,20.08,86.04,2.41,242.8,1000.6999999999999,92.2,92.55,0.0,17.7
2024-10-17 07:30:00+05:30,22.07,75.29,3.15,241.7,1001.3,255.43,256.6,0.0,17.52
2024-10-17 08:30:00+05:30,23.79,73.96,2.27,239.8,1001.9,439.98,441.88,0.0,18.89
2024-10-17 09:30:00+05:30,27.35,59.92,1.17,241.5,1001.9,592.5,594.6,0.0,18.89
2024-10-17 10:30:00+05:30,29.18,54.04,0.49,271.2,1001.5,680.33,700.1,0.0,18.96
2024-10-17 11:30:00+05:30,29.78,53.29,0.79,317.0,1000.6,638.67,713.22,0.0,19.28
2024-10-17 12:30:00+05:30,29.97,53.4,1.26,326.9,999.5,616.58,663.03,0.0,19.5
2024-10-17 13:30:00+05:30,29.81,54.22,1.56,327.5,998.6,441.58,546.4,0.0,19.6
2024-10-17 14:30:00+05:30,29.46,56.02,1.6,329.6,998.0,307.42,379.88,0.0,19.8
2024-10-17 15:30:00+05:30,29.2,57.79,1.35,332.1,997.9000000000001,163.82,193.57,0.0,20.04
2024-10-17 16:30:00+05:30,28.07,63.08,1.19,334.7,998.0,41.72,43.45,0.0,20.33
2024-10-17 17:30:00+05:30,26.73,65.11,0.85,354.0,998.3,0.0,0.0,0.0,19.65
2024-10-17 18:30:00+05:30,26.66,61.35,0.67,34.6,998.9,0.0,0.0,0.0,18.65
2024-10-17 19:30:00+05:30,26.08,63.94,0.77,84.1,999.4,0.0,0.0,0.0,18.75
2024-10-17 20:30:00+05:30,25.18,68.59,0.9,124.6,999.5999999999999,0.0,0.0,0.0,19.03
2024-10-17 21:30:00+05:30,24.5,71.75,1.18,168.3,999.7,0.0,0.0,0.0,19.08
2024-10-17 22:30:00+05:30,23.3,79.22,1.75,197.3,999.8000000000001,0.0,0.0,0.0,19.53
2024-10-17 23:30:00+05:30,22.23,85.34,2.22,213.6,999.7,0.0,0.0,0.0,19.68
2024-10-18 00:30:00+05:30,21.69,87.09,2.38,224.7,999.4,0.0,0.0,0.0,19.47
2024-10-18 01:30:00+05:30,21.29,88.03,2.34,233.9,999.0999999999999,0.0,0.0,0.0,19.25
2024-10-18 02:30:00+05:30,20.96,88.84,2.23,238.9,998.7,0.0,0.0,0.0,19.07
2024-10-18 03:30:00+05:30,20.62,89.54,2.13,238.6,998.6,0.0,0.0,0.0,18.86
2024-10-18 04:30:00+05:30,20.18,90.44,2.14,235.9,998.9,0.0,0.0,0.0,18.59
2024-10-18 05:30:00+05:30,19.85,91.22,2.17,233.6,999.7,4.25,4.05,0.0,18.4
2024-10-18 06:30:00+05:30,20.88,88.54,2.24,232.3,1000.5,89.95,90.53,0.0,18.95
2024-10-18 07:30:00+05:30,22.38,80.38,3.06,232.6,1001.2,256.75,264.67,0.0,18.87
2024-10-18 08:30:00+05:30,24.33,76.69,2.37,235.6,1001.8000000000001,441.17,452.27,0.0,20.0
2024-10-18 09:30:00+05:30,27.48,62.53,1.49,242.1,1002.0,599.1,607.33,0.0,19.72
2024-10-18 10:30:00+05:30,29.05,57.36,0.78,267.1,1001.5,697.15,703.45,0.0,19.79
2024-10-18 11:30:00+05:30,29.76,55.95,0.85,322.2,1000.4000000000001,726.35,730.2,0.0,20.05
2024-10-18 12:30:00+05:30,30.03,56.1,1.21,347.6,999.3000000000001,678.38,679.78,0.0,20.35
2024-10-18 13:30:00+05:30,29.96,56.94,1.32,355.2,998.3,559.58,561.53,0.0,20.52
2024-10-18 14:30:00+05:30,29.73,58.05,1.12,355.9,997.8,392.55,392.83,0.0,20.61
2024-10-18 15:30:00+05:30,29.5,60.37,0.72,359.2,997.6,204.18,204.45,0.0,21.03
2024-10-18 16:30:00+05:30,28.8,61.64,0.35,3.3,997.8,45.85,45.9,0.0,20.58
2024-10-18 17:30:00+05:30,27.94,62.03,0.15,172.4,998.3,0.0,0.0,0.0,19.94
2024-10-18 18:30:00+05:30,27.06,64.87,0.62,192.0,999.0,0.0,0.0,0.0,19.88
2024-10-18 19:30:00+05:30,25.86,70.2,1.07,201.3,999.8000000000001,0.0,0.0,0.0,20.03
2024-10-18 20:30:00+05:30,24.86,74.83,1.51,211.2,1000.1999999999999,0.0,0.0,0.0,20.11
2024-10-18 21:30:00+05:30,23.79,79.69,1.81,220.7,1000.3,0.0,0.0,0.0,20.09
2024-10-18 22:30:00+05:30,22.84,83.71,2.05,227.2,1000.3,0.0,0.0,0.0,19.96
2024-10-18 23:30:00+05:30,22.03,86.78,2.24,231.7,1000.0,0.0,0.0,0.0,19.76
2024-10-19 00:30:00+05:30,21.37,88.78,2.41,235.0,999.8000000000001,0.0,0.0,0.0,19.48
2024-10-19 01:30:00+05:30,20.83,90.09,2.51,237.2,999.5999999999999,0.0,0.0,0.0,19.16
2024-10-19 02:30:00+05:30,20.38,90.83,2.53,237.3,999.5,0.0,0.0,0.0,18.86
2024-10-19 03:30:00+05:30,19.98,91.42,2.55,237.5,999.5999999999999,0.0,0.0,0.0,18.57
2024-10-19 04:30:00+05:30,19.6,92.14,2.59,237.8,1000.1999999999999,0.0,0.0,0.0,18.31
2024-10-19 05:30:00+05:30,19.28,92.66,2.61,238.1,1001.1,4.43,4.35,0.0,18.09
2024-10-19 06:30:00+05:30,20.49,90.37,2.5,238.6,1002.0,95.72,97.35,0.0,18.89
2024-10-19 07:30:00+05:30,22.56,81.12,3.24,238.4,1002.6999999999999,273.35,280.38,0.0,19.19
2024-10-19 08:30:00+05:30,24.4,78.73,2.33,234.6,1002.9000000000001,468.48,471.9,0.0,20.48
2024-10-19 09:30:00+05:30,27.66,65.81,1.62,234.1,1002.6999999999999,620.35,622.42,0.0,20.7
2024-10-19 10:30:00+05:30,29.67,56.93,1.24,234.5,1001.9,719.97,721.53,0.0,20.24
2024-10-19 11:30:00+05:30,30.49,54.21,1.36,237.0,1000.8,753.38,754.22,0.0,20.22
2024-10-19 12:30:00+05:30,30.9,53.19,1.61,239.8,999.7,707.42,707.45,0.0,20.29
2024-10-19 13:30:00+05:30,30.88,53.63,1.78,242.3,998.9,590.35,590.47,0.0,20.41
2024-10-19 14:30:00+05:30,30.67,54.67,1.75,246.4,998.3,419.6,419.8,0.0,20.52
2024-10-19 15:30:00+05:30,30.41,55.59,1.48,253.5,998.1,220.68,220.85,0.0,20.52
2024-10-19 16:30:00+05:30,28.97,65.83,1.24,262.6,998.3,48.45,48.5,0.0,21.85
2024-10-19 17:30:00+05:30,27.56,62.94,1.09,272.6,998.8,0.0,0.0,0.0,19.89
2024-10-19 18:30:00+05:30,27.06,62.26,0.97,273.5,999.5999999999999,0.0,0.0,0.0,19.25
2024-10-19 19:30:00+05:30,26.79,61.1,0.97,258.1,1000.3,0.0,0.0,0.0,18.69
2024-10-19 20:30:00+05:30,25.6,65.91,1.16,243.9,1000.6999999999999,0.0,0.0,0.0,18.77
2024-10-19 21:30:00+05:30,24.75,68.38,1.51,240.2,1000.6999999999999,0.0,0.0,0.0,18.56
2024-10-19 22:30:00+05:30,23.4,74.19,1.89,238.4,1000.6,0.0,0.0,0.0,18.57
2024-10-19 23:30:00+05:30,22.1,79.9,2.24,237.6,1000.3,0.0,0.0,0.0,18.48
2024-10-20 00:30:00+05:30,21.13,83.43,2.48,238.7,1000.0,0.0,0.0,0.0,18.24
2024-10-20 01:30:00+05:30,20.45,85.06,2.6,241.8,999.7,0.0,0.0,0.0,17.88
2024-10-20 02:30:00+05:30,19.88,86.2,2.71,244.9,999.7,0.0,0.0,0.0,17.53
2024-10-20 03:30:00+05:30,19.4,87.09,2.77,247.5,1000.1,0.0,0.0,0.0,17.21
2024-10-20 04:30:00+05:30,18.95,88.12,2.74,249.9,1000.8,0.0,0.0,0.0,16.97
2024-10-20 05:30:00+05:30,18.54,89.39,2.67,251.4,1001.9,4.22,4.22,0.0,16.78
2024-10-20 06:30:00+05:30,19.59,87.08,2.72,251.6,1002.9000000000001,100.78,101.05,0.0,17.4
2024-10-20 07:30:00+05:30,21.35,79.3,3.25,250.2,1003.7,273.25,274.35,0.0,17.66
2024-10-20 08:30:00+05:30,23.37,77.73,1.9,245.7,1004.0999999999999,454.42,456.27,0.0,19.28
2024-10-20 09:30:00+05:30,26.54,66.26,0.96,244.0,1004.0,599.15,601.47,0.0,19.76
2024-10-20 10:30:00+05:30,29.57,52.71,0.47,247.3,1003.5,674.6,677.08,0.0,18.92
2024-10-20 11:30:00+05:30,30.82,49.27,0.12,250.0,1002.5,761.8,763.17,0.0,18.98
2024-10-20 12:30:00+05:30,31.65,46.3,0.06,0.0,1001.3,711.92,712.15,0.0,18.74
2024-10-20 13:30:00+05:30,31.85,45.3,0.09,220.6,1000.4000000000001,589.4,591.6,0.0,18.57
2024-10-20 14:30:00+05:30,31.64,46.4,0.43,210.7,999.9,407.88,418.7,0.0,18.76
2024-10-20 15:30:00+05:30,31.46,46.76,0.77,209.6,999.7,208.07,214.25,0.0,18.67
2024-10-20 16:30:00+05:30,29.77,60.43,0.98,209.5,999.7,44.85,45.22,0.0,21.15
2024-10-20 17:30:00+05:30,28.0,58.25,1.36,206.6,1000.1,0.0,0.0,0.0,19.06
2024-10-20 18:30:00+05:30,26.57,63.16,1.76,209.2,1000.8,0.0,0.0,0.0,19.01
2024-10-20 19:30:00+05:30,25.03,69.99,2.19,213.6,1001.5,0.0,0.0,0.0,19.2
2024-10-20 20:30:00+05:30,23.59,76.22,2.57,219.6,1001.9,0.0,0.0,0.0,19.18
2024-10-20 21:30:00+05:30,22.53,79.65,2.84,226.1,1002.0,0.0,0.0,0.0,18.86
2024-10-20 22:30:00+05:30,21.73,81.55,2.99,232.3,1001.9,0.0,0.0,0.0,18.47
2024-10-20 23:30:00+05:30,21.07,83.05,3.03,238.1,1001.7,0.0,0.0,0.0,18.1
2024-10-21 00:30:00+05:30,20.48,84.52,2.98,244.8,1001.4,0.0,0.0,0.0,17.81
2024-10-21 01:30:00+05:30,19.93,86.12,2.91,252.4,1001.0,0.0,0.0,0.0,17.56
2024-10-21 02:30:00+05:30,19.38,88.11,2.73,259.9,1000.8,0.0,0.0,0.0,17.39
2024-10-21 03:30:00+05:30,18.85,90.15,2.52,267.5,1001.1,0.0,0.0,0.0,17.23
2024-10-21 04:30:00+05:30,18.4,91.79,2.36,274.9,1001.5,0.0,0.0,0.0,17.07
2024-10-21 05:30:00+05:30,18.01,92.99,2.21,278.9,1002.3000000000001,3.75,3.75,0.0,16.88
2024-10-21 06:30:00+05:30,19.22,90.76,1.92,278.1,1003.1,93.85,93.88,0.0,17.7
2024-10-21 07:30:00+05:30,20.99,82.56,2.01,272.8,1003.8,259.95,260.05,0.0,17.92
2024-10-21 08:30:00+05:30,23.22,78.91,1.41,262.7,1004.3000000000001,437.08,437.2,0.0,19.38
2024-10-21 09:30:00+05:30,26.36,66.15,1.33,278.2,1004.2,577.85,578.03,0.0,19.56
2024-10-21 10:30:00+05:30,28.98,54.7,1.17,294.8,1003.5,653.4,653.58,0.0,18.96
2024-10-21 11:30:00+05:30,29.89,52.38,0.98,294.7,1002.4,739.88,740.05,0.0,19.12
2024-10-21 12:30:00+05:30,30.3,51.83,0.88,291.3,1001.2,684.88,685.05,0.0,19.31
2024-10-21 13:30:00+05:30,30.39,51.95,0.85,282.9,1000.1999999999999,567.75,567.92,0.0,19.43
2024-10-21 14:30:00+05:30,30.1,53.45,0.86,272.7,999.5,398.6,398.77,0.0,19.64
2024-10-21 15:30:00+05:30,29.83,55.17,0.83,261.7,999.3000000000001,206.62,206.75,0.0,19.87
2024-10-21 16:30:00+05:30,28.53,62.67,0.84,254.1,999.3000000000001,43.8,43.83,0.0,20.64
2024-10-21 17:30:00+05:30,26.86,64.25,0.89,242.0,999.5999999999999,0.0,0.0,0.0,19.56
2024-10-21 18:30:00+05:30,26.0,65.66,1.02,237.9,1000.3,0.0,0.0,0.0,19.1
2024-10-21 19:30:00+05:30,25.29,67.16,1.23,238.2,1001.0,0.0,0.0,0.0,18.78
2024-10-21 20:30:00+05:30,24.36,70.5,1.53,241.9,1001.4,0.0,0.0,0.0,18.68
2024-10-21 21:30:00+05:30,23.3,75.11,1.82,247.4,1001.7,0.0,0.0,0.0,18.67
2024-10-21 22:30:00+05:30,22.34,79.26,2.03,255.1,1001.8000000000001,0.0,0.0,0.0,18.6
2024-10-21 23:30:00+05:30,21.54,82.61,2.16,264.7,1001.7,0.0,0.0,0.0,18.48
2024-10-22 00:30:00+05:30,20.9,85.2,2.23,275.1,1001.5999999999999,0.0,0.0,0.0,18.34
2024-10-22 01:30:00+05:30,20.37,87.22,2.25,286.0,1001.4,0.0,0.0,0.0,18.19
2024-10-22 02:30:00+05:30,19.98,88.38,2.16,293.1,1001.2,0.0,0.0,0.0,18.02
2024-10-22 03:30:00+05:30,19.7,88.9,2.01,295.9,1001.3,0.0,0.0,0.0,17.84
2024-10-22 04:30:00+05:30,19.46,89.16,1.88,294.2,1001.8000000000001,0.0,0.0,0.0,17.66
2024-10-22 05:30:00+05:30,19.19,89.81,1.82,287.5,1002.5,3.17,3.2,0.0,17.5
2024-10-22 06:30:00+05:30,20.04,91.41,1.66,279.7,1003.1999999999999,82.07,82.75,0.0,18.61
2024-10-22 07:30:00+05:30,21.88,82.11,2.45,274.0,1003.8,237.77,240.0,0.0,18.71
2024-10-22 08:30:00+05:30,23.77,79.55,2.22,276.2,1004.2,413.62,417.3,0.0,20.04
2024-10-22 09:30:00+05:30,27.12,64.66,2.46,297.6,1004.0999999999999,559.67,564.1,0.0,19.92
2024-10-22 10:30:00+05:30,28.58,60.47,2.61,307.0,1003.4000000000001,650.58,655.1,0.0,20.2
2024-10-22 11:30:00+05:30,29.33,59.12,2.65,313.8,1002.3000000000001,668.6,672.78,0.0,20.55
2024-10-22 12:30:00+05:30,29.74,58.63,2.58,318.5,1001.3,613.2,623.67,0.0,20.79
2024-10-22 13:30:00+05:30,29.8,58.95,2.45,321.1,1000.5,483.23,508.75,0.0,20.94
2024-10-22 14:30:00+05:30,29.59,60.31,2.19,322.6,999.9,316.88,348.02,0.0,21.11
2024-10-22 15:30:00+05:30,29.15,63.68,1.72,324.0,999.7,166.1,176.35,0.0,21.56
2024-10-22 16:30:00+05:30,27.71,72.93,1.43,325.0,999.8000000000001,34.38,35.1,0.0,22.38
2024-10-22 17:30:00+05:30,26.41,70.59,1.14,325.8,1000.1,0.0,0.0,0.0,20.65
2024-10-22 18:30:00+05:30,26.19,68.81,0.93,323.7,1000.6999999999999,0.0,0.0,0.0,20.04
2024-10-22 19:30:00+05:30,26.06,67.51,0.71,315.6,1001.2,0.0,0.0,0.0,19.6
2024-10-22 20:30:00+05:30,25.53,69.05,0.66,287.6,1001.5,0.0,0.0,0.0,19.46
2024-10-22 21:30:00+05:30,24.41,74.34,0.91,265.6,1001.5,0.0,0.0,0.0,19.57
2024-10-22 22:30:00+05:30,23.52,78.29,1.33,262.7,1001.3,0.0,0.0,0.0,19.55
2024-10-22 23:30:00+05:30,22.48,83.47,1.69,265.2,1001.0,0.0,0.0,0.0,19.56
2024-10-23 00:30:00+05:30,21.59,87.91,1.97,268.8,1000.6999999999999,0.0,0.0,0.0,19.53
2024-10-23 01:30:00+05:30,20.98,90.59,2.18,272.9,1000.3,0.0,0.0,0.0,19.42
2024-10-23 02:30:00+05:30,20.6,92.02,2.28,278.3,1000.3,0.0,0.0,0.0,19.29
2024-10-23 03:30:00+05:30,20.3,93.09,2.33,285.9,1000.4000000000001,0.0,0.0,0.0,19.17
2024-10-23 04:30:00+05:30,20.05,94.12,2.34,293.4,1001.0,0.0,0.0,0.0,19.09
2024-10-23 05:30:00+05:30,19.83,95.12,2.32,299.4,1001.5,3.42,3.42,0.0,19.05
2024-10-23 06:30:00+05:30,20.78,92.98,2.55,303.5,1002.0999999999999,91.38,91.5,0.0,19.63
2024-10-23 07:30:00+05:30,22.4,87.0,3.11,304.5,1002.6999999999999,262.52,262.92,0.0,20.15
2024-10-23 08:30:00+05:30,24.72,80.55,2.73,305.9,1003.1,453.75,454.3,0.0,21.18
2024-10-23 09:30:00+05:30,27.57,69.56,3.0,316.4,1003.0,609.78,610.3,0.0,21.53
2024-10-23 10:30:00+05:30,28.88,65.83,2.95,320.1,1002.2,705.8,706.28,0.0,21.87
2024-10-23 11:30:00+05:30,29.5,64.12,2.99,322.3,1000.8,680.35,687.72,0.0,22.02
2024-10-23 12:30:00+05:30,29.87,62.84,3.17,325.0,999.5,624.47,641.4,0.0,22.05
2024-10-23 13:30:00+05:30,29.96,62.27,3.28,328.0,998.6,484.75,528.3,0.0,21.97
2024-10-23 14:30:00+05:30,29.9,62.23,3.15,330.9,998.1,345.17,364.98,0.0,21.9
2024-10-23 15:30:00+05:30,29.17,66.42,2.56,332.5,998.1,171.88,181.05,0.0,22.28
2024-10-23 16:30:00+05:30,27.44,78.48,2.05,333.7,998.3,34.67,35.33,0.0,23.35
2024-10-23 17:30:00+05:30,25.35,82.15,1.99,333.8,998.7,0.0,0.0,0.0,22.11
2024-10-23 18:30:00+05:30,24.86,81.43,1.9,334.4,999.3000000000001,0.0,0.0,0.0,21.49
2024-10-23 19:30:00+05:30,24.62,80.27,1.7,332.7,1000.0,0.0,0.0,0.0,21.01
2024-10-23 20:30:00+05:30,24.28,80.07,1.56,324.4,1000.1999999999999,0.0,0.0,0.0,20.66
2024-10-23 21:30:00+05:30,23.65,82.03,1.61,314.2,1000.1999999999999,0.0,0.0,0.0,20.42
2024-10-23 22:30:00+05:30,22.81,85.38,1.79,308.0,1000.1,0.0,0.0,0.0,20.25
2024-10-23 23:30:00+05:30,21.95,89.04,2.01,305.9,999.8000000000001,0.0,0.0,0.0,20.1
2024-10-24 00:30:00+05:30,21.29,91.8,2.22,306.4,999.5,0.0,0.0,0.0,19.93
2024-10-24 01:30:00+05:30,20.85,93.45,2.36,308.3,999.0999999999999,0.0,0.0,0.0,19.78
2024-10-24 02:30:00+05:30,20.53,94.56,2.35,310.0,998.8,0.0,0.0,0.0,19.65
2024-10-24 03:30:00+05:30,20.25,95.67,2.31,310.4,998.6,0.0,0.0,0.0,19.56
2024-10-24 04:30:00+05:30,20.05,96.67,2.3,312.4,998.8,0.0,0.0,0.0,19.53
2024-10-24 05:30:00+05:30,19.99,97.27,2.31,315.4,999.2,3.4,3.53,0.0,19.57
2024-10-24 06:30:00+05:30,20.67,94.56,2.98,318.5,999.8000000000001,92.93,100.78,0.0,19.8
2024-10-24 07:30:00+05:30,22.0,90.25,2.68,322.6,1000.4000000000001,262.33,296.77,0.0,20.35
2024-10-24 08:30:00+05:30,24.68,80.1,2.55,335.9,1000.6999999999999,451.27,491.17,0.0,21.05
2024-10-24 09:30:00+05:30,27.05,71.55,2.8,348.9,1000.6999999999999,595.28,644.5,0.0,21.49
2024-10-24 10:30:00+05:30,28.24,69.75,2.77,347.9,1000.1,681.33,736.3,0.0,22.2
2024-10-24 11:30:00+05:30,29.01,69.03,2.93,343.5,999.3000000000001,627.95,705.33,0.0,22.78
2024-10-24 12:30:00+05:30,29.44,68.53,3.09,341.3,998.1999999999999,502.5,661.25,0.0,23.06
2024-10-24 13:30:00+05:30,29.47,69.15,3.2,339.5,997.3000000000001,483.1,551.7,0.0,23.25
2024-10-24 14:30:00+05:30,29.27,70.76,3.11,339.1,996.7,332.35,390.35,0.0,23.44
2024-10-24 15:30:00+05:30,28.84,74.04,2.75,340.9,996.7,168.6,201.73,0.0,23.77
2024-10-24 16:30:00+05:30,27.81,82.68,1.95,344.8,996.9,34.55,38.3,0.0,24.6
2024-10-24 17:30:00+05:30,26.15,89.71,1.87,349.5,997.3000000000001,0.0,0.0,0.0,24.34
2024-10-24 18:30:00+05:30,25.71,90.56,2.04,359.4,997.8,0.0,0.0,0.0,24.07
2024-10-24 19:30:00+05:30,25.39,91.38,2.13,15.5,998.4000000000001,0.0,0.0,0.0,23.9
2024-10-24 20:30:00+05:30,25.04,92.2,2.15,36.5,998.8,0.0,0.0,0.0,23.7
2024-10-24 21:30:00+05:30,24.71,92.95,2.2,55.9,999.0,0.0,0.0,0.0,23.52
2024-10-24 22:30:00+05:30,24.42,93.45,2.42,73.4,999.0,0.0,0.0,0.0,23.33
2024-10-24 23:30:00+05:30,24.12,94.08,2.73,88.1,998.9,0.0,0.0,0.0,23.14
2024-10-25 00:30:00+05:30,23.74,95.33,2.67,97.1,998.7,0.0,0.0,0.0,22.97
2024-10-25 01:30:00+05:30,23.3,96.82,2.33,100.4,998.3,0.0,0.0,0.0,22.8
2024-10-25 02:30:00+05:30,22.78,98.86,2.06,99.2,998.1,0.0,0.0,0.0,22.63
2024-10-25 03:30:00+05:30,22.36,100.0,1.95,96.8,998.1,0.0,0.0,0.0,22.5
2024-10-25 04:30:00+05:30,22.02,100.0,1.95,94.1,998.5,0.0,0.0,0.0,22.34
2024-10-25 05:30:00+05:30,21.75,100.0,1.93,92.1,999.3000000000001,3.28,3.3,0.0,22.18
2024-10-25 06:30:00+05:30,22.98,96.64,2.0,92.6,1000.1999999999999,104.1,106.28,0.0,22.44
2024-10-25 07:30:00+05:30,24.91,86.58,2.26,99.7,1000.9000000000001,298.35,308.08,0.0,22.54
2024-10-25 08:30:00+05:30,26.7,76.19,1.99,98.1,1001.4,494.48,502.62,0.0,22.18
2024-10-25 09:30:00+05:30,28.2,69.65,1.86,83.2,1001.2,620.8,655.08,0.0,22.14
2024-10-25 10:30:00+05:30,29.28,66.07,1.9,73.2,1000.4000000000001,700.58,747.22,0.0,22.31
2024-10-25 11:30:00+05:30,30.01,63.84,1.87,67.4,999.4,709.47,736.83,0.0,22.44
2024-10-25 12:30:00+05:30,30.39,62.41,1.75,62.4,998.5,567.95,686.03,0.0,22.42
2024-10-25 13:30:00+05:30,30.42,61.94,1.55,53.9,997.8,544.22,568.72,0.0,22.32
2024-10-25 14:30:00+05:30,30.14,62.23,1.39,43.5,997.5,373.75,397.8,0.0,22.14
2024-10-25 15:30:00+05:30,29.55,64.6,1.29,43.4,997.5,188.55,201.27,0.0,22.2
2024-10-25 16:30:00+05:30,28.47,71.61,1.1,57.6,997.8,35.1,36.47,0.0,22.83
2024-10-25 17:30:00+05:30,26.71,77.88,1.25,81.7,998.1999999999999,0.0,0.0,0.0,22.54
2024-10-25 18:30:00+05:30,25.7,81.39,1.57,95.5,998.9,0.0,0.0,0.0,22.29
2024-10-25 19:30:00+05:30,24.94,84.11,1.73,104.4,999.5999999999999,0.0,0.0,0.0,22.11
2024-10-25 20:30:00+05:30,24.46,85.1,1.73,112.4,1000.0,0.0,0.0,0.0,21.82
2024-10-25 21:30:00+05:30,24.21,84.73,1.61,120.2,1000.1,0.0,0.0,0.0,21.5
2024-10-25 22:30:00+05:30,24.02,84.22,1.43,126.5,1000.0,0.0,0.0,0.0,21.21
2024-10-25 23:30:00+05:30,23.88,83.64,1.2,128.2,999.9,0.0,0.0,0.0,20.96
2024-10-26 00:30:00+05:30,23.58,84.29,0.88,120.1,999.8000000000001,0.0,0.0,0.0,20.81
2024-10-26 01:30:00+05:30,23.54,83.6,0.56,86.9,999.5,0.0,0.0,0.0,20.64
2024-10-26 02:30:00+05:30,22.9,86.43,0.52,31.0,999.3000000000001,0.0,0.0,0.0,20.55
2024-10-26 03:30:00+05:30,22.51,88.21,0.72,4.0,999.3000000000001,0.0,0.0,0.0,20.49
2024-10-26 04:30:00+05:30,22.12,90.05,0.78,353.3,999.5,0.0,0.0,0.0,20.44
2024-10-26 05:30:00+05:30,21.73,91.92,0.66,344.1,1000.3,0.0,0.0,0.0,20.39
2024-10-26 06:30:00+05:30,22.22,92.29,0.57,333.9,1001.0,91.7,97.25,0.0,20.94
2024-10-26 07:30:00+05:30,23.72,87.3,0.55,344.2,1001.7,250.65,274.65,0.0,21.49
2024-10-26 08:30:00+05:30,26.7,73.86,1.8,43.6,1002.0999999999999,428.08,463.77,0.05,21.67
2024-10-26 09:30:00+05:30,28.1,69.24,2.76,45.0,1002.0,600.65,614.9,0.05,21.96
2024-10-26 10:30:00+05:30,28.89,67.0,3.17,47.0,1001.2,679.9,708.15,0.04,22.17
2024-10-26 11:30:00+05:30,29.41,65.24,3.4,46.7,1000.0,666.72,731.67,0.04,22.23
2024-10-26 12:30:00+05:30,29.67,64.19,3.52,43.4,998.7,583.5,684.47,0.02,22.21
2024-10-26 13:30:00+05:30,29.7,64.09,3.56,40.1,997.6999999999999,493.08,570.53,0.01,22.22
2024-10-26 14:30:00+05:30,29.32,65.48,3.35,39.2,997.2,339.85,402.58,0.01,22.2
2024-10-26 15:30:00+05:30,28.62,68.55,2.89,39.2,997.2,172.45,205.88,0.01,22.3
2024-10-26 16:30:00+05:30,27.13,78.45,2.05,40.8,997.4,33.05,36.7,0.0,23.06
2024-10-26 17:30:00+05:30,25.39,87.81,1.77,46.8,997.9000000000001,0.0,0.0,0.0,23.25
2024-10-26 18:30:00+05:30,24.82,88.89,1.77,55.1,998.5,0.0,0.0,0.0,22.89
2024-10-26 19:30:00+05:30,24.37,89.61,1.73,63.9,999.0999999999999,0.0,0.0,0.0,22.58
2024-10-26 20:30:00+05:30,23.99,89.74,1.68,67.6,999.2,0.0,0.0,0.0,22.22
2024-10-26 21:30:00+05:30,23.73,89.1,1.57,65.9,999.0999999999999,0.0,0.0,0.0,21.86
2024-10-26 22:30:00+05:30,23.62,87.78,1.36,58.5,998.8,0.0,0.0,0.0,21.5
2024-10-26 23:30:00+05:30,23.51,86.99,1.18,41.9,998.6,0.0,0.0,0.0,21.24
2024-10-27 00:30:00+05:30,23.18,88.34,1.22,19.2,998.5,0.0,0.0,0.01,21.17
2024-10-27 01:30:00+05:30,22.67,91.37,1.46,3.5,998.1999999999999,0.0,0.0,0.03,21.22
2024-10-27 02:30:00+05:30,22.27,93.72,1.65,2.8,998.0,0.0,0.0,0.07,21.24
2024-10-27 03:30:00+05:30,22.01,94.76,1.73,7.0,998.1,0.0,0.0,0.11,21.15
2024-10-27 04:30:00+05:30,21.79,95.29,1.91,11.8,998.6,0.0,0.0,0.11,21.03
2024-10-27 05:30:00+05:30,21.62,95.63,2.2,17.4,999.3000000000001,0.0,0.0,0.06,20.92
2024-10-27 06:30:00+05:30,21.98,93.79,3.18,22.9,999.9,97.62,112.85,0.02,20.95
2024-10-27 07:30:00+05:30,23.1,89.27,3.72,28.1,1000.3,259.25,307.0,0.01,21.27
2024-10-27 08:30:00+05:30,24.83,82.8,4.16,34.0,1000.6,428.2,499.75,0.01,21.73
2024-10-27 09:30:00+05:30,26.25,79.09,4.5,38.5,1000.4000000000001,530.8,648.7,0.01,22.35
2024-10-27 10:30:00+05:30,27.39,76.1,4.44,42.5,999.5999999999999,549.35,737.4,0.01,22.83
2024-10-27 11:30:00+05:30,28.45,72.14,4.17,47.0,998.5,460.08,756.67,0.02,22.96
2024-10-27 12:30:00+05:30,29.17,69.31,3.75,49.5,997.3000000000001,352.58,707.15,0.03,22.99
2024-10-27 13:30:00+05:30,29.31,68.57,3.28,49.7,996.3,259.65,591.72,0.02,22.95
2024-10-27 14:30:00+05:30,29.15,69.25,2.85,45.7,995.8,162.45,422.38,0.01,22.96
2024-10-27 15:30:00+05:30,28.45,72.87,2.39,37.7,995.6999999999999,76.95,221.1,0.0,23.14
2024-10-27 16:30:00+05:30,27.31,80.84,1.76,26.0,996.0,14.75,38.75,0.0,23.74
2024-10-27 17:30:00+05:30,25.71,89.96,1.59,12.7,996.4,0.0,0.0,0.01,23.96
2024-10-27 18:30:00+05:30,25.12,91.41,1.75,7.6,997.0999999999999,0.0,0.0,0.01,23.64
2024-10-27 19:30:00+05:30,24.65,92.56,1.82,9.2,997.6999999999999,0.0,0.0,0.01,23.39
2024-10-27 20:30:00+05:30,24.24,93.59,1.85,13.1,998.0,0.0,0.0,0.01,23.17
2024-10-27 21:30:00+05:30,23.88,94.47,1.85,18.6,998.0,0.0,0.0,0.0,22.97
2024-10-27 22:30:00+05:30,23.53,95.31,1.83,24.5,997.6999999999999,0.0,0.0,0.0,22.75
2024-10-27 23:30:00+05:30,23.18,96.15,1.82,29.7,997.3000000000001,0.0,0.0,0.0,22.56
2024-10-28 00:30:00+05:30,22.86,96.97,1.76,33.4,996.9,0.0,0.0,0.0,22.38
2024-10-28 01:30:00+05:30,22.49,98.39,1.71,35.3,996.5,0.0,0.0,0.0,22.25
2024-10-28 02:30:00+05:30,22.14,99.61,1.66,37.1,996.3,0.0,0.0,0.0,22.1
2024-10-28 03:30:00+05:30,21.84,100.0,1.62,38.5,996.5,0.0,0.0,0.0,21.91
2024-10-28 04:30:00+05:30,21.58,100.0,1.59,38.9,996.9,0.0,0.0,0.0,21.71
2024-10-28 05:30:00+05:30,21.38,100.0,1.58,39.9,997.8,0.0,0.0,0.0,21.54
2024-10-28 06:30:00+05:30,22.37,96.36,1.72,41.9,998.7,80.03,115.4,0.0,21.79
2024-10-28 07:30:00+05:30,24.41,87.63,2.05,54.9,999.5,145.52,312.33,0.0,22.25
2024-10-28 08:30:00+05:30,26.38,78.72,2.32,78.8,1000.0,186.45,504.12,0.26,22.4
2024-10-28 09:30:00+05:30,27.64,72.3,2.53,90.7,1000.0,261.98,652.2,0.28,22.23
2024-10-28 10:30:00+05:30,28.6,68.17,2.49,95.8,999.4,404.23,740.3,0.44,22.18
2024-10-28 11:30:00+05:30,29.11,65.81,2.16,98.0,998.4000000000001,482.42,760.3,0.46,22.09
2024-10-28 12:30:00+05:30,29.53,63.94,1.66,94.1,997.4,571.6,712.03,0.31,22.01
2024-10-28 13:30:00+05:30,29.67,62.88,1.21,84.3,996.5,417.8,597.0,0.22,21.87
2024-10-28 14:30:00+05:30,29.55,62.72,0.9,69.1,996.0,302.75,427.4,0.09,21.72
2024-10-28 15:30:00+05:30,29.15,64.53,0.73,55.0,995.9000000000001,163.35,224.8,0.02,21.81
2024-10-28 16:30:00+05:30,28.41,68.18,0.6,41.6,996.2,32.78,39.0,0.0,21.93
2024-10-28 17:30:00+05:30,27.3,74.94,0.49,26.6,996.7,0.0,0.0,0.0,22.35
2024-10-28 18:30:00+05:30,26.85,72.72,0.52,12.2,997.3000000000001,0.0,0.0,0.0,21.56
2024-10-28 19:30:00+05:30,26.21,75.19,0.58,9.9,997.8,0.0,0.0,0.0,21.5
2024-10-28 20:30:00+05:30,25.59,78.26,0.6,7.7,998.1,0.0,0.0,0.0,21.55
2024-10-28 21:30:00+05:30,25.08,80.07,0.62,0.0,998.0,0.0,0.0,0.0,21.43
2024-10-28 22:30:00+05:30,24.64,81.57,0.73,348.1,997.8,0.0,0.0,0.0,21.3
2024-10-28 23:30:00+05:30,24.12,83.72,0.9,339.7,997.6,0.0,0.0,0.0,21.22
2024-10-29 00:30:00+05:30,23.53,86.46,1.08,334.9,997.5,0.0,0.0,0.02,21.16
2024-10-29 01:30:00+05:30,22.98,88.86,1.19,332.6,997.2,0.0,0.0,0.05,21.06
2024-10-29 02:30:00+05:30,22.67,89.74,1.14,333.0,997.2,0.0,0.0,0.06,20.93
2024-10-29 03:30:00+05:30,22.56,89.55,0.93,328.2,997.3000000000001,0.0,0.0,0.05,20.78
2024-10-29 04:30:00+05:30,22.39,90.01,0.7,305.1,997.9000000000001,0.0,0.0,0.05,20.7
2024-10-29 05:30:00+05:30,22.11,91.09,0.71,264.4,998.6,0.0,0.0,0.03,20.62
2024-10-29 06:30:00+05:30,22.49,91.96,0.98,241.9,999.3000000000001,102.72,105.57,0.01,21.13
2024-10-29 07:30:00+05:30,23.83,86.5,1.34,234.4,999.8000000000001,287.3,296.77,0.01,21.46
2024-10-29 08:30:00+05:30,26.35,77.05,0.72,229.5,1000.1999999999999,479.73,487.55,0.0,22.02
2024-10-29 09:30:00+05:30,28.37,69.52,0.45,240.6,1000.3,632.7,637.45,0.0,22.28
2024-10-29 10:30:00+05:30,29.47,66.11,0.67,278.6,999.7,663.55,726.17,0.0,22.5
2024-10-29 11:30:00+05:30,30.28,63.62,1.1,302.0,998.7,681.78,746.4,0.0,22.62
2024-10-29 12:30:00+05:30,30.72,62.16,1.57,313.5,997.6999999999999,616.45,696.25,0.0,22.66
2024-10-29 13:30:00+05:30,30.83,61.62,1.89,318.6,997.0,500.77,579.25,0.0,22.63
2024-10-29 14:30:00+05:30,30.54,62.47,2.0,320.9,996.5,351.2,407.88,0.0,22.57
2024-10-29 15:30:00+05:30,29.9,66.03,1.74,321.5,996.4,179.62,207.32,0.0,22.86
2024-10-29 16:30:00+05:30,28.79,72.51,1.46,322.5,996.5999999999999,30.38,33.97,0.0,23.34
2024-10-29 17:30:00+05:30,27.7,73.27,1.07,330.3,997.0,0.0,0.0,0.0,22.5
2024-10-29 18:30:00+05:30,27.43,71.35,0.75,338.2,997.6999999999999,0.0,0.0,0.0,21.81
2024-10-29 19:30:00+05:30,27.33,69.22,0.43,342.4,998.1999999999999,0.0,0.0,0.0,21.21
2024-10-29 20:30:00+05:30,26.97,70.67,0.15,281.3,998.5,0.0,0.0,0.0,21.18
2024-10-29 21:30:00+05:30,26.25,72.94,0.48,231.0,998.4000000000001,0.0,0.0,0.0,21.0
2024-10-29 22:30:00+05:30,25.27,76.06,0.87,233.9,998.1999999999999,0.0,0.0,0.0,20.77
2024-10-29 23:30:00+05:30,24.35,80.12,1.28,241.0,997.9000000000001,0.0,0.0,0.0,20.72
2024-10-30 00:30:00+05:30,23.37,84.53,1.64,249.7,997.6,0.0,0.0,0.0,20.64
2024-10-30 01:30:00+05:30,22.5,88.21,1.91,257.3,997.5,0.0,0.0,0.0,20.48
2024-10-30 02:30:00+05:30,21.86,90.58,2.08,262.0,997.5,0.0,0.0,0.0,20.27
2024-10-30 03:30:00+05:30,21.37,92.18,2.19,262.9,997.6999999999999,0.0,0.0,0.0,20.07
2024-10-30 04:30:00+05:30,20.95,93.62,2.24,262.6,998.1999999999999,0.0,0.0,0.0,19.9
2024-10-30 05:30:00+05:30,20.56,95.51,2.26,260.1,998.9,0.0,0.0,0.0,19.85
2024-10-30 06:30:00+05:30,21.46,93.57,2.21,256.4,999.5999999999999,96.53,96.57,0.0,20.41
2024-10-30 07:30:00+05:30,23.4,85.47,3.02,254.8,1000.3,278.77,278.92,0.0,20.85
2024-10-30 08:30:00+05:30,25.76,77.36,2.32,257.0,1000.8,471.65,471.9,0.0,21.52
2024-10-30 09:30:00+05:30,28.73,62.17,2.03,262.1,1001.0,625.33,625.72,0.0,20.81
2024-10-30 10:30:00+05:30,29.83,57.95,1.81,252.0,1000.6,719.12,720.03,0.0,20.69
2024-10-30 11:30:00+05:30,30.35,56.27,1.71,243.3,999.7,740.03,742.67,0.0,20.68
2024-10-30 12:30:00+05:30,30.61,55.17,1.72,238.8,998.8,674.25,692.33,0.0,20.61
2024-10-30 13:30:00+05:30,30.6,54.56,1.8,238.4,998.1999999999999,570.88,573.0,0.0,20.42
2024-10-30 14:30:00+05:30,30.29,55.48,1.79,241.3,997.9000000000001,398.1,399.62,0.0,20.4
2024-10-30 15:30:00+05:30,29.67,58.55,1.58,245.4,997.9000000000001,202.65,203.52,0.0,20.69
2024-10-30 16:30:00+05:30,28.25,67.65,1.33,246.0,998.3,32.95,33.03,0.0,21.64
2024-10-30 17:30:00+05:30,26.93,66.24,1.14,226.8,998.7,0.0,0.0,0.0,20.11
2024-10-30 18:30:00+05:30,26.23,67.27,1.2,203.6,999.4,0.0,0.0,0.0,19.71
2024-10-30 19:30:00+05:30,25.24,71.13,1.48,190.9,1000.1,0.0,0.0,0.0,19.66
2024-10-30 20:30:00+05:30,24.0,76.95,1.89,193.7,1000.5,0.0,0.0,0.0,19.74
2024-10-30 21:30:00+05:30,22.82,82.64,2.33,202.9,1000.5,0.0,0.0,0.0,19.73
2024-10-30 22:30:00+05:30,22.1,85.14,2.67,212.3,1000.4000000000001,0.0,0.0,0.0,19.51
2024-10-30 23:30:00+05:30,21.63,86.0,2.86,221.0,1000.1999999999999,0.0,0.0,0.0,19.21
2024-10-31 00:30:00+05:30,21.27,86.26,3.01,228.4,999.8000000000001,0.0,0.0,0.0,18.91
2024-10-31 01:30:00+05:30,20.92,86.71,3.15,233.8,999.5,0.0,0.0,0.0,18.65
2024-10-31 02:30:00+05:30,20.56,87.53,3.17,238.0,999.4,0.0,0.0,0.0,18.44
2024-10-31 03:30:00+05:30,20.19,88.48,3.07,241.2,999.4,0.0,0.0,0.0,18.25
2024-10-31 04:30:00+05:30,19.86,89.17,3.0,243.0,999.5999999999999,0.0,0.0,0.0,18.06
2024-10-31 05:30:00+05:30,19.56,89.79,2.96,244.0,1000.1999999999999,0.0,0.0,0.0,17.86
2024-10-31 06:30:00+05:30,20.39,86.47,3.3,245.8,1000.8,99.93,100.0,0.0,18.09
2024-10-31 07:30:00+05:30,22.44,78.05,3.93,247.7,1001.3,288.88,289.02,0.0,18.45
2024-10-31 08:30:00+05:30,24.57,74.87,2.92,245.3,1001.8000000000001,482.62,482.8,0.0,19.83
2024-10-31 09:30:00+05:30,28.13,63.26,2.9,262.1,1001.7,635.53,635.7,0.0,20.5
2024-10-31 10:30:00+05:30,30.41,55.18,2.97,274.6,1001.2,727.58,727.7,0.0,20.42
2024-10-31 11:30:00+05:30,31.11,53.52,2.82,276.5,1000.3,748.22,748.33,0.0,20.58
2024-10-31 12:30:00+05:30,31.52,51.93,2.73,279.0,999.3000000000001,697.08,697.15,0.0,20.46
2024-10-31 13:30:00+05:30,31.59,50.91,2.69,280.9,998.5,577.5,577.65,0.0,20.18
2024-10-31 14:30:00+05:30,31.32,50.57,2.68,281.6,998.0,403.25,403.45,0.0,19.84
2024-10-31 15:30:00+05:30,30.66,53.81,2.35,280.5,997.6999999999999,204.55,204.7,0.0,20.23
2024-10-31 16:30:00+05:30,28.35,69.82,2.03,276.2,997.6999999999999,32.47,32.5,0.0,22.24
2024-10-31 17:30:00+05:30,26.26,70.28,2.17,267.1,997.9000000000001,0.0,0.0,0.0,20.44
2024-10-31 18:30:00+05:30,25.14,73.76,2.41,261.6,998.4000000000001,0.0,0.0,0.0,20.14
2024-10-31 19:30:00+05:30,24.01,78.21,2.71,260.0,998.9,0.0,0.0,0.0,20.01
2024-10-31 20:30:00+05:30,23.14,81.56,2.97,262.3,999.2,0.0,0.0,0.0,19.84
2024-10-31 21:30:00+05:30,22.56,84.03,3.1,265.9,999.4,0.0,0.0,0.0,19.75
2024-10-31 22:30:00+05:30,22.14,86.44,3.24,269.8,999.4,0.0,0.0,0.0,19.8
2024-10-31 23:30:00+05:30,21.77,88.64,3.32,271.9,999.3000000000001,0.0,0.0,0.0,19.84
2024-11-01 00:30:00+05:30,21.39,90.53,3.28,271.2,999.2,0.0,0.0,0.0,19.8
2024-11-01 01:30:00+05:30,21.01,91.95,3.2,268.9,999.0,0.0,0.0,0.0,19.68
2024-11-01 02:30:00+05:30,20.6,92.94,3.06,265.3,999.0,0.0,0.0,0.0,19.43
2024-11-01 03:30:00+05:30,20.18,93.19,2.94,261.0,999.0999999999999,0.0,0.0,0.0,19.07
2024-11-01 04:30:00+05:30,19.75,93.15,2.85,256.8,999.5999999999999,0.0,0.0,0.0,18.63
2024-11-01 05:30:00+05:30,19.34,92.8,2.77,253.4,1000.4000000000001,0.0,0.0,0.0,18.17
2024-11-01 06:30:00+05:30,20.02,89.58,2.71,251.7,1001.2,78.38,78.47,0.0,18.28
2024-11-01 07:30:00+05:30,22.28,78.34,3.6,248.5,1002.0999999999999,228.3,228.6,0.0,18.35
2024-11-01 08:30:00+05:30,24.14,74.1,2.97,242.7,1002.5,407.45,407.88,0.0,19.25
2024-11-01 09:30:00+05:30,27.02,65.92,2.61,247.0,1002.6,557.12,557.6,0.0,20.11
2024-11-01 10:30:00+05:30,30.09,50.73,2.96,268.8,1002.2,651.05,651.53,0.0,18.75
2024-11-01 11:30:00+05:30,31.47,43.59,3.3,279.9,1001.4,624.1,624.55,0.0,17.59
2024-11-01 12:30:00+05:30,31.98,40.51,3.45,284.4,1000.5,568.0,568.45,0.0,16.88
2024-11-01 13:30:00+05:30,31.9,40.1,3.51,286.4,999.9,453.55,453.85,0.0,16.66
2024-11-01 14:30:00+05:30,31.38,43.04,3.21,286.6,999.5999999999999,297.75,297.98,0.0,17.31
2024-11-01 15:30:00+05:30,30.37,43.84,3.2,288.4,999.5999999999999,149.52,149.62,0.0,16.7
2024-11-01 16:30:00+05:30,27.02,66.18,2.47,291.4,999.9,23.77,23.77,0.0,20.12
2024-11-01 17:30:00+05:30,24.71,68.37,2.56,297.0,1000.5,0.0,0.0,0.0,18.52
2024-11-01 18:30:00+05:30,23.76,70.22,2.59,304.0,1001.2,0.0,0.0,0.0,18.03
2024-11-01 19:30:00+05:30,22.81,72.71,2.63,309.4,1001.9,0.0,0.0,0.0,17.69
2024-11-01 20:30:00+05:30,21.92,75.15,2.63,311.5,1002.2,0.0,0.0,0.0,17.34
2024-11-01 21:30:00+05:30,21.11,77.44,2.61,309.7,1002.0999999999999,0.0,0.0,0.0,17.04
2024-11-01 22:30:00+05:30,20.36,79.69,2.61,305.6,1001.9,0.0,0.0,0.0,16.76
2024-11-01 23:30:00+05:30,19.66,81.83,2.62,301.6,1001.8000000000001,0.0,0.0,0.0,16.48
2024-11-02 00:30:00+05:30,19.06,83.49,2.63,298.4,1001.7,0.0,0.0,0.0,16.21
2024-11-02 01:30:00+05:30,18.54,84.81,2.59,295.4,1001.4,0.0,0.0,0.0,15.96
2024-11-02 02:30:00+05:30,18.14,85.59,2.48,291.8,1001.3,0.0,0.0,0.0,15.7
2024-11-02 03:30:00+05:30,17.93,85.27,2.26,285.6,1001.4,0.0,0.0,0.0,15.44
2024-11-02 04:30:00+05:30,17.92,84.26,2.01,275.7,1001.7,0.0,0.0,0.0,15.25
2024-11-02 05:30:00+05:30,17.92,84.02,1.77,262.6,1002.5,0.0,0.0,0.0,15.2
2024-11-02 06:30:00+05:30,18.29,87.0,1.54,249.1,1003.3,77.38,77.4,0.0,16.09
2024-11-02 07:30:00+05:30,20.5,80.23,1.61,239.3,1004.0999999999999,219.25,219.4,0.0,17.0
2024-11-02 08:30:00+05:30,22.26,75.85,1.36,230.9,1004.5999999999999,391.42,391.67,0.0,17.81
2024-11-02 09:30:00+05:30,25.89,58.96,1.17,244.1,1004.7,536.58,536.85,0.0,17.23
2024-11-02 10:30:00+05:30,28.61,44.56,1.22,264.3,1004.2,626.2,626.5,0.0,15.37
2024-11-02 11:30:00+05:30,29.47,41.71,1.34,277.7,1003.5,666.97,667.33,0.0,15.13
2024-11-02 12:30:00+05:30,29.9,40.81,1.54,288.6,1002.6,610.55,610.67,0.0,15.16
2024-11-02 13:30:00+05:30,30.03,39.84,1.7,297.3,1001.8000000000001,488.83,488.83,0.0,14.9
2024-11-02 14:30:00+05:30,29.67,42.06,1.66,306.9,1001.2,322.75,322.77,0.0,15.4
2024-11-02 15:30:00+05:30,29.22,41.78,1.66,317.4,1001.0,159.77,159.77,0.0,14.92
2024-11-02 16:30:00+05:30,27.17,54.31,1.35,336.9,1001.1,24.05,24.02,0.0,17.13
2024-11-02 17:30:00+05:30,25.76,52.52,1.34,7.7,1001.5,0.0,0.0,0.0,15.34
2024-11-02 18:30:00+05:30,24.85,54.51,1.5,32.7,1001.9,0.0,0.0,0.0,15.07
2024-11-02 19:30:00+05:30,23.99,56.83,1.54,51.1,1002.4,0.0,0.0,0.0,14.92
2024-11-02 20:30:00+05:30,23.42,57.61,1.31,68.1,1002.6,0.0,0.0,0.0,14.6
2024-11-02 21:30:00+05:30,23.3,55.86,0.93,95.5,1002.6,0.0,0.0,0.0,14.02
2024-11-02 22:30:00+05:30,22.92,55.9,0.78,147.5,1002.4,0.0,0.0,0.0,13.69
2024-11-02 23:30:00+05:30,21.75,61.24,1.08,190.7,1002.4,0.0,0.0,0.0,13.99
2024-11-03 00:30:00+05:30,20.75,65.75,1.48,212.8,1002.3000000000001,0.0,0.0,0.0,14.14
2024-11-03 01:30:00+05:30,19.75,70.62,1.76,227.8,1002.0999999999999,0.0,0.0,0.0,14.29
2024-11-03 02:30:00+05:30,19.01,73.95,1.88,233.0,1002.0,0.0,0.0,0.0,14.28
2024-11-03 03:30:00+05:30,18.58,75.15,1.89,232.1,1002.0999999999999,0.0,0.0,0.0,14.12
2024-11-03 04:30:00+05:30,18.35,75.15,1.82,230.8,1002.5,0.0,0.0,0.0,13.9
2024-11-03 05:30:00+05:30,18.25,74.38,1.68,229.1,1003.3,0.0,0.0,0.0,13.65
2024-11-03 06:30:00+05:30,18.62,76.9,1.47,227.2,1004.0999999999999,64.72,64.75,0.0,14.49
2024-11-03 07:30:00+05:30,20.72,69.05,1.39,224.1,1004.8000000000001,194.43,194.6,0.0,14.84
2024-11-03 08:30:00+05:30,22.06,63.62,0.99,229.1,1005.1999999999999,328.55,328.83,0.0,14.86
2024-11-03 09:30:00+05:30,24.74,56.27,0.45,143.1,1005.1,453.2,453.52,0.0,15.46
2024-11-03 10:30:00+05:30,27.63,45.9,0.82,107.1,1004.4,530.28,530.55,0.0,14.96
2024-11-03 11:30:00+05:30,28.87,42.62,0.51,95.6,1003.4000000000001,633.75,633.97,0.0,14.92
2024-11-03 12:30:00+05:30,29.27,41.72,0.26,57.5,1002.4,574.62,574.72,0.0,14.96
2024-11-03 13:30:00+05:30,29.28,41.58,0.37,1.5,1001.5,453.55,453.55,0.0,14.9
2024-11-03 14:30:00+05:30,28.94,43.06,0.54,355.8,1001.0,296.2,296.33,0.0,15.14
2024-11-03 15:30:00+05:30,28.1,47.75,0.54,4.2,1000.9000000000001,146.32,146.43,0.0,15.87
2024-11-03 16:30:00+05:30,26.94,52.01,0.53,19.8,1001.1,21.38,21.4,0.0,16.14
2024-11-03 17:30:00+05:30,25.89,49.36,0.65,29.3,1001.5,0.0,0.0,0.0,14.46
2024-11-03 18:30:00+05:30,25.23,50.77,0.71,27.6,1002.2,0.0,0.0,0.0,14.3
2024-11-03 19:30:00+05:30,24.68,51.98,0.64,21.0,1002.6999999999999,0.0,0.0,0.0,14.15
2024-11-03 20:30:00+05:30,24.15,53.31,0.48,1.2,1003.0,0.0,0.0,0.0,14.03
2024-11-03 21:30:00+05:30,23.58,54.51,0.45,315.9,1003.0,0.0,0.0,0.0,13.86
2024-11-03 22:30:00+05:30,22.91,55.88,0.63,277.4,1002.6,0.0,0.0,0.0,13.66
2024-11-03 23:30:00+05:30,21.68,61.8,0.92,252.9,1002.2,0.0,0.0,0.0,14.06
2024-11-04 00:30:00+05:30,20.74,65.9,1.33,239.8,1001.9,0.0,0.0,0.0,14.17
2024-11-04 01:30:00+05:30,19.58,71.47,1.72,233.3,1001.5,0.0,0.0,0.0,14.32
2024-11-04 02:30:00+05:30,18.5,76.81,2.01,228.2,1001.3,0.0,0.0,0.0,14.39
2024-11-04 03:30:00+05:30,17.65,80.71,2.19,225.7,1001.3,0.0,0.0,0.0,14.32
2024-11-04 04:30:00+05:30,17.07,83.02,2.29,227.7,1001.5999999999999,0.0,0.0,0.0,14.19
2024-11-04 05:30:00+05:30,16.66,84.43,2.31,229.7,1002.3000000000001,0.0,0.0,0.0,14.04
2024-11-04 06:30:00+05:30,17.09,85.65,2.11,231.2,1003.1,53.75,55.12,0.0,14.69
2024-11-04 07:30:00+05:30,19.53,73.96,2.41,232.1,1003.7,178.38,180.68,0.0,14.79
2024-11-04 08:30:00+05:30,21.15,69.66,1.88,231.1,1004.0,292.98,293.73,0.0,15.41
2024-11-04 09:30:00+05:30,24.1,59.83,0.97,201.2,1003.9,448.62,449.45,0.0,15.83
2024-11-04 10:30:00+05:30,27.03,48.51,1.05,146.3,1003.3,536.85,537.53,0.0,15.27
2024-11-04 11:30:00+05:30,27.85,46.91,1.26,131.1,1002.3000000000001,567.33,567.67,0.0,15.5
2024-11-04 12:30:00+05:30,28.21,47.0,1.44,127.1,1001.1,516.83,516.95,0.0,15.85
2024-11-04 13:30:00+05:30,28.34,47.59,1.48,127.3,1000.1999999999999,407.52,407.77,0.0,16.16
2024-11-04 14:30:00+05:30,28.14,48.46,1.37,128.5,999.7,265.55,265.67,0.0,16.27
2024-11-04 15:30:00+05:30,27.58,52.0,1.08,127.8,999.5999999999999,126.47,126.53,0.0,16.84
2024-11-04 16:30:00+05:30,26.12,61.11,0.89,121.7,999.9,17.8,17.8,0.0,18.03
2024-11-04 17:30:00+05:30,25.21,58.12,0.85,105.0,1000.5,0.0,0.0,0.0,16.43
2024-11-04 18:30:00+05:30,24.62,59.28,0.88,79.6,1001.4,0.0,0.0,0.0,16.18
2024-11-04 19:30:00+05:30,23.61,63.75,1.03,62.2,1002.2,0.0,0.0,0.0,16.37
2024-11-04 20:30:00+05:30,22.93,66.05,1.11,59.7,1002.6,0.0,0.0,0.0,16.28
2024-11-04 21:30:00+05:30,22.49,67.08,1.06,63.2,1002.6,0.0,0.0,0.0,16.11
2024-11-04 22:30:00+05:30,22.11,67.85,0.98,63.4,1002.4,0.0,0.0,0.0,15.92
2024-11-04 23:30:00+05:30,21.67,69.2,0.94,64.3,1002.2,0.0,0.0,0.0,15.8
2024-11-05 00:30:00+05:30,21.39,69.57,0.87,65.5,1002.0999999999999,0.0,0.0,0.0,15.62
2024-11-05 01:30:00+05:30,21.24,69.13,0.63,62.6,1001.9,0.0,0.0,0.0,15.38
2024-11-05 02:30:00+05:30,20.85,70.61,0.22,46.8,1001.8000000000001,0.0,0.0,0.0,15.31
2024-11-05 03:30:00+05:30,20.23,73.71,0.33,266.5,1001.9,0.0,0.0,0.0,15.38
2024-11-05 04:30:00+05:30,19.26,78.89,0.76,260.9,1002.5,0.0,0.0,0.0,15.53
2024-11-05 05:30:00+05:30,18.61,82.75,1.04,267.2,1003.3,0.0,0.0,0.0,15.64
2024-11-05 06:30:00+05:30,18.58,87.88,1.07,275.9,1004.2,49.65,50.0,0.0,16.54
2024-11-05 07:30:00+05:30,20.16,79.52,1.47,282.1,1005.1,168.88,170.25,0.0,16.53
2024-11-05 08:30:00+05:30,22.04,73.65,1.45,302.9,1005.6999999999999,285.2,287.0,0.0,17.14
2024-11-05 09:30:00+05:30,24.68,66.03,1.6,331.2,1005.6,440.33,441.05,0.0,17.93
2024-11-05 10:30:00+05:30,27.24,58.6,1.74,337.4,1004.9,532.4,533.03,0.0,18.43
2024-11-05 11:30:00+05:30,28.39,56.53,1.86,337.2,1003.7,538.83,540.0,0.0,18.93
2024-11-05 12:30:00+05:30,28.97,55.98,2.06,337.4,1002.5,502.52,533.92,0.0,19.31
2024-11-05 13:30:00+05:30,29.12,56.59,2.3,340.9,1001.5999999999999,422.35,429.17,0.0,19.62
2024-11-05 14:30:00+05:30,28.82,58.39,2.3,348.7,1001.1,267.3,270.77,0.0,19.86
2024-11-05 15:30:00+05:30,27.93,64.59,1.92,359.1,1001.1,139.25,141.05,0.0,20.64
2024-11-05 16:30:00+05:30,26.22,78.02,1.59,8.3,1001.5,18.95,19.17,0.0,22.07
2024-11-05 17:30:00+05:30,24.64,81.22,1.76,14.1,1002.2,0.0,0.0,0.0,21.22
2024-11-05 18:30:00+05:30,23.91,83.91,1.9,16.2,1003.0,0.0,0.0,0.0,21.04
2024-11-05 19:30:00+05:30,23.32,85.97,1.94,14.6,1003.8,0.0,0.0,0.0,20.87
2024-11-05 20:30:00+05:30,22.82,87.04,1.87,8.9,1004.2,0.0,0.0,0.0,20.58
2024-11-05 21:30:00+05:30,22.42,87.37,1.76,359.0,1004.2,0.0,0.0,0.0,20.24
2024-11-05 22:30:00+05:30,22.02,88.31,1.7,348.1,1003.9,0.0,0.0,0.0,20.01
2024-11-05 23:30:00+05:30,21.59,89.65,1.66,337.3,1003.7,0.0,0.0,0.0,19.84
2024-11-06 00:30:00+05:30,21.12,91.88,1.63,325.5,1003.5,0.0,0.0,0.0,19.77
2024-11-06 01:30:00+05:30,20.62,94.39,1.59,313.7,1003.1,0.0,0.0,0.0,19.71
2024-11-06 02:30:00+05:30,20.18,96.5,1.57,303.3,1003.0,0.0,0.0,0.0,19.64
2024-11-06 03:30:00+05:30,19.75,98.42,1.59,293.7,1003.0,0.0,0.0,0.0,19.52
2024-11-06 04:30:00+05:30,19.33,100.0,1.65,289.1,1003.4000000000001,0.0,0.0,0.0,19.35
2024-11-06 05:30:00+05:30,19.03,100.0,1.65,289.4,1004.0999999999999,0.0,0.0,0.0,19.13
2024-11-06 06:30:00+05:30,19.63,96.92,1.5,289.5,1005.0,66.47,66.55,0.0,19.14
2024-11-06 07:30:00+05:30,21.54,87.14,1.8,288.8,1005.6999999999999,210.98,211.23,0.0,19.33
2024-11-06 08:30:00+05:30,23.77,78.84,1.08,312.4,1006.0,398.52,398.95,0.0,19.89
2024-11-06 09:30:00+05:30,26.84,65.13,1.07,34.3,1005.9000000000001,546.25,546.7,0.0,19.76
2024-11-06 10:30:00+05:30,28.48,58.2,1.19,63.6,1005.1999999999999,629.97,630.45,0.0,19.5
2024-11-06 11:30:00+05:30,29.26,55.29,1.01,72.6,1004.0,559.88,565.97,0.0,19.39
2024-11-06 12:30:00+05:30,29.68,53.41,0.67,69.9,1002.6999999999999,474.38,522.17,0.0,19.22
2024-11-06 13:30:00+05:30,29.79,52.39,0.4,49.1,1001.9,396.3,396.7,0.0,19.02
2024-11-06 14:30:00+05:30,29.49,52.78,0.37,9.2,1001.5,256.83,257.1,0.0,18.86
2024-11-06 15:30:00+05:30,28.86,56.13,0.5,343.7,1001.5,135.38,135.45,0.0,19.24
2024-11-06 16:30:00+05:30,27.67,61.67,0.59,339.1,1001.9,18.38,18.38,0.0,19.6
2024-11-06 17:30:00+05:30,26.59,60.87,0.59,343.4,1002.6,0.0,0.0,0.0,18.44
2024-11-06 18:30:00+05:30,25.91,62.45,0.61,0.0,1003.1999999999999,0.0,0.0,0.0,18.22
2024-11-06 19:30:00+05:30,25.3,64.05,0.62,18.7,1003.7,0.0,0.0,0.0,18.04
2024-11-06 20:30:00+05:30,24.78,65.33,0.51,27.1,1004.0,0.0,0.0,0.0,17.86
2024-11-06 21:30:00+05:30,24.34,66.91,0.21,19.3,1003.9,0.0,0.0,0.0,17.78
2024-11-06 22:30:00+05:30,23.83,68.59,0.22,256.6,1003.6,0.0,0.0,0.0,17.7
2024-11-06 23:30:00+05:30,23.16,70.44,0.59,250.3,1003.3,0.0,0.0,0.0,17.51
2024-11-07 00:30:00+05:30,22.09,75.68,0.97,254.4,1002.9000000000001,0.0,0.0,0.0,17.62
2024-11-07 01:30:00+05:30,21.24,79.75,1.37,257.4,1002.5,0.0,0.0,0.0,17.63
2024-11-07 02:30:00+05:30,20.34,84.27,1.67,256.9,1002.3000000000001,0.0,0.0,0.0,17.63
2024-11-07 03:30:00+05:30,19.59,88.08,1.9,256.9,1002.3000000000001,0.0,0.0,0.0,17.58
2024-11-07 04:30:00+05:30,19.03,90.8,2.06,257.9,1002.6,0.0,0.0,0.0,17.52
2024-11-07 05:30:00+05:30,18.61,92.82,2.15,259.5,1003.1999999999999,0.0,0.0,0.0,17.46
2024-11-07 06:30:00+05:30,19.17,92.5,2.07,261.4,1004.0999999999999,57.58,57.62,0.0,17.94
2024-11-07 07:30:00+05:30,21.14,83.59,2.92,262.9,1004.8000000000001,201.07,201.38,0.0,18.28
2024-11-07 08:30:00+05:30,23.42,75.88,2.02,264.9,1005.1999999999999,341.95,342.55,0.0,18.95
2024-11-07 09:30:00+05:30,26.95,60.07,0.62,233.5,1005.3,477.33,478.42,0.0,18.58
2024-11-07 10:30:00+05:30,28.29,55.84,0.56,183.1,1004.7,546.62,547.95,0.0,18.66
2024-11-07 11:30:00+05:30,28.71,54.25,0.58,179.0,1003.8,463.05,528.0,0.0,18.57
2024-11-07 12:30:00+05:30,29.06,53.2,0.56,185.1,1003.0,458.33,459.8,0.0,18.59
2024-11-07 13:30:00+05:30,29.15,52.93,0.53,196.4,1002.5,375.48,377.7,0.0,18.6
2024-11-07 14:30:00+05:30,29.11,53.19,0.54,206.6,1002.0999999999999,244.23,245.62,0.0,18.64
2024-11-07 15:30:00+05:30,28.66,56.2,0.56,209.7,1002.0,126.8,127.47,0.0,19.08
2024-11-07 16:30:00+05:30,27.41,63.54,0.66,204.2,1002.2,16.55,16.6,0.0,19.86
2024-11-07 17:30:00+05:30,25.94,65.25,0.96,194.5,1002.6,0.0,0.0,0.0,18.94
2024-11-07 18:30:00+05:30,25.17,67.69,1.25,190.1,1003.1999999999999,0.0,0.0,0.0,18.8
2024-11-07 19:30:00+05:30,24.22,71.73,1.52,189.1,1003.7,0.0,0.0,0.0,18.82
2024-11-07 20:30:00+05:30,23.39,75.15,1.71,194.5,1004.0,0.0,0.0,0.0,18.77
2024-11-07 21:30:00+05:30,22.75,77.6,1.79,205.4,1004.0,0.0,0.0,0.0,18.65
2024-11-07 22:30:00+05:30,22.19,79.63,1.83,218.1,1003.9,0.0,0.0,0.0,18.54
2024-11-07 23:30:00+05:30,21.63,81.81,1.87,231.7,1003.5,0.0,0.0,0.0,18.42
2024-11-08 00:30:00+05:30,21.02,84.34,1.96,244.3,1003.3,0.0,0.0,0.0,18.31
2024-11-08 01:30:00+05:30,20.44,86.79,2.07,255.2,1003.0,0.0,0.0,0.0,18.2
2024-11-08 02:30:00+05:30,19.95,88.69,2.12,260.5,1002.8,0.0,0.0,0.0,18.06
2024-11-08 03:30:00+05:30,19.52,90.17,2.09,260.1,1002.6999999999999,0.0,0.0,0.0,17.89
2024-11-08 04:30:00+05:30,19.14,91.28,2.04,256.4,1003.0,0.0,0.0,0.0,17.72
2024-11-08 05:30:00+05:30,18.8,92.27,1.97,250.1,1003.6,0.0,0.0,0.0,17.55
2024-11-08 06:30:00+05:30,19.26,91.93,1.78,243.7,1004.3000000000001,47.4,47.42,0.0,17.94
2024-11-08 07:30:00+05:30,21.11,82.74,2.48,238.4,1004.9,166.77,168.23,0.0,18.09
2024-11-08 08:30:00+05:30,23.09,76.29,1.73,237.5,1005.3,303.12,310.67,0.0,18.71
2024-11-08 09:30:00+05:30,26.71,60.83,1.0,175.4,1005.1999999999999,408.35,410.23,0.0,18.55
2024-11-08 10:30:00+05:30,28.14,55.95,1.43,149.9,1004.5,512.83,524.38,0.0,18.55
2024-11-08 11:30:00+05:30,28.87,53.74,1.43,151.6,1003.6,518.97,556.28,0.0,18.58
2024-11-08 12:30:00+05:30,29.27,52.41,1.2,159.0,1002.4,478.25,506.65,0.0,18.54
2024-11-08 13:30:00+05:30,29.34,51.89,0.89,170.3,1001.5999999999999,361.9,398.15,0.0,18.45
2024-11-08 14:30:00+05:30,29.09,52.42,0.63,188.3,1001.1,231.43,252.93,0.0,18.38
2024-11-08 15:30:00+05:30,28.51,55.5,0.43,210.7,1001.0,106.75,113.05,0.0,18.73
2024-11-08 16:30:00+05:30,27.25,62.33,0.33,221.3,1001.3,15.1,15.95,0.0,19.31
2024-11-08 17:30:00+05:30,26.53,60.76,0.29,211.0,1001.7,0.0,0.0,0.0,18.3
2024-11-08 18:30:00+05:30,26.08,61.45,0.28,188.1,1002.4,0.0,0.0,0.0,18.06
2024-11-08 19:30:00+05:30,25.61,62.5,0.35,175.1,1002.9000000000001,0.0,0.0,0.0,17.88
2024-11-08 20:30:00+05:30,25.08,63.71,0.44,195.9,1003.1,0.0,0.0,0.0,17.7
2024-11-08 21:30:00+05:30,24.52,64.54,0.61,222.3,1003.1999999999999,0.0,0.0,0.0,17.41
2024-11-08 22:30:00+05:30,23.78,66.98,0.79,241.2,1003.1,0.0,0.0,0.0,17.31
2024-11-08 23:30:00+05:30,22.87,71.04,0.95,254.1,1002.9000000000001,0.0,0.0,0.0,17.36
2024-11-09 00:30:00+05:30,22.4,72.56,1.14,262.9,1002.9000000000001,0.0,0.0,0.0,17.26
2024-11-09 01:30:00+05:30,21.74,75.59,1.31,270.4,1002.6999999999999,0.0,0.0,0.0,17.26
2024-11-09 02:30:00+05:30,21.16,78.06,1.37,270.4,1002.5,0.0,0.0,0.0,17.21
2024-11-09 03:30:00+05:30,20.65,80.22,1.34,264.8,1002.6,0.0,0.0,0.0,17.14
2024-11-09 04:30:00+05:30,20.14,82.47,1.31,255.9,1002.8,0.0,0.0,0.0,17.09
2024-11-09 05:30:00+05:30,19.6,85.19,1.34,245.7,1003.5,0.0,0.0,0.0,17.07
2024-11-09 06:30:00+05:30,19.51,89.31,1.31,236.8,1004.2,44.22,44.03,0.0,17.72
2024-11-09 07:30:00+05:30,21.15,82.42,1.8,230.2,1005.1,150.43,150.4,0.0,18.07
2024-11-09 08:30:00+05:30,23.27,74.76,1.12,227.9,1005.6,278.3,279.42,0.0,18.56
2024-11-09 09:30:00+05:30,27.06,55.71,0.67,145.4,1005.6999999999999,397.55,400.58,0.0,17.47
2024-11-09 10:30:00+05:30,28.32,51.15,0.8,136.5,1005.1999999999999,473.17,478.42,0.0,17.3
2024-11-09 11:30:00+05:30,28.92,49.27,0.72,131.0,1004.2,571.45,588.1,0.0,17.25
2024-11-09 12:30:00+05:30,29.28,48.21,0.52,120.0,1003.1,486.7,532.97,0.0,17.23
2024-11-09 13:30:00+05:30,29.35,47.85,0.35,100.0,1002.2,394.0,419.05,0.0,17.18
2024-11-09 14:30:00+05:30,29.21,48.01,0.13,61.4,1001.5999999999999,253.82,267.58,0.0,17.1
2024-11-09 15:30:00+05:30,28.54,50.63,0.09,288.4,1001.2,116.85,119.7,0.0,17.31
2024-11-09 16:30:00+05:30,27.14,59.21,0.28,229.4,1001.2,16.58,16.58,0.0,18.4
2024-11-09 17:30:00+05:30,25.83,59.09,0.64,217.4,1001.7,0.0,0.0,0.0,17.24
2024-11-09 18:30:00+05:30,24.85,62.72,0.94,219.4,1002.3000000000001,0.0,0.0,0.0,17.28
2024-11-09 19:30:00+05:30,24.02,65.69,1.28,223.4,1002.9000000000001,0.0,0.0,0.0,17.23
2024-11-09 20:30:00+05:30,23.05,70.18,1.59,226.8,1003.3,0.0,0.0,0.0,17.35
2024-11-09 21:30:00+05:30,22.17,75.0,1.88,230.4,1003.5,0.0,0.0,0.0,17.55
2024-11-09 22:30:00+05:30,21.35,78.91,2.15,235.1,1003.5,0.0,0.0,0.0,17.56
2024-11-09 23:30:00+05:30,20.69,81.91,2.37,240.2,1003.4000000000001,0.0,0.0,0.0,17.51
2024-11-10 00:30:00+05:30,20.22,83.83,2.54,245.4,1003.1999999999999,0.0,0.0,0.0,17.43
2024-11-10 01:30:00+05:30,19.85,85.28,2.64,250.1,1003.0,0.0,0.0,0.0,17.33
2024-11-10 02:30:00+05:30,19.52,86.47,2.65,253.5,1002.8,0.0,0.0,0.0,17.23
2024-11-10 03:30:00+05:30,19.17,87.81,2.61,256.9,1002.9000000000001,0.0,0.0,0.0,17.12
2024-11-10 04:30:00+05:30,18.85,89.03,2.56,260.6,1003.1999999999999,0.0,0.0,0.0,17.03
2024-11-10 05:30:00+05:30,18.56,90.2,2.51,264.3,1003.8,0.0,0.0,0.0,16.95
2024-11-10 06:30:00+05:30,19.16,88.6,2.46,267.7,1004.7,46.33,46.4,0.0,17.26
2024-11-10 07:30:00+05:30,21.31,78.63,3.33,270.2,1005.4000000000001,170.12,170.45,0.0,17.47
2024-11-10 08:30:00+05:30,23.39,72.03,2.64,278.9,1005.8,298.83,299.42,0.0,18.08
2024-11-10 09:30:00+05:30,26.78,57.45,2.15,291.8,1005.6999999999999,424.17,425.0,0.0,17.69
2024-11-10 10:30:00+05:30,28.4,51.32,1.49,293.8,1005.0,506.12,507.2,0.0,17.41
2024-11-10 11:30:00+05:30,29.12,49.45,1.26,293.3,1004.0999999999999,518.38,519.62,0.0,17.49
2024-11-10 12:30:00+05:30,29.52,48.46,1.24,291.8,1002.9000000000001,466.98,495.73,0.0,17.53
2024-11-10 13:30:00+05:30,29.57,48.35,1.28,293.6,1002.0,387.33,393.95,0.0,17.55
2024-11-10 14:30:00+05:30,29.27,49.4,1.25,298.6,1001.5,249.15,254.07,0.0,17.61
2024-11-10 15:30:00+05:30,28.7,52.42,1.11,306.6,1001.4,114.25,115.1,0.0,18.01
2024-11-10 16:30:00+05:30,27.26,62.22,0.93,314.6,1001.5,16.12,16.33,0.0,19.37
2024-11-10 17:30:00+05:30,26.33,59.65,0.83,323.8,1002.0,0.0,0.0,0.0,17.87
2024-11-10 18:30:00+05:30,25.91,59.68,0.82,337.8,1002.8,0.0,0.0,0.0,17.49
2024-11-10 19:30:00+05:30,25.25,61.75,0.87,346.0,1003.3,0.0,0.0,0.0,17.41
2024-11-10 20:30:00+05:30,24.66,63.47,0.84,339.0,1003.6,0.0,0.0,0.0,17.29
2024-11-10 21:30:00+05:30,24.02,65.69,0.79,318.1,1003.7,0.0,0.0,0.0,17.21
2024-11-10 22:30:00+05:30,23.03,69.94,0.89,297.4,1003.5,0.0,0.0,0.0,17.27
2024-11-10 23:30:00+05:30,22.31,72.52,1.19,288.6,1003.3,0.0,0.0,0.0,17.16
2024-11-11 00:30:00+05:30,21.31,76.95,1.48,288.6,1003.1,0.0,0.0,0.0,17.13
2024-11-11 01:30:00+05:30,20.38,81.06,1.72,292.5,1002.9000000000001,0.0,0.0,0.0,17.04
2024-11-11 02:30:00+05:30,19.76,83.12,1.79,294.8,1002.8,0.0,0.0,0.0,16.85
2024-11-11 03:30:00+05:30,19.45,83.49,1.68,292.8,1002.9000000000001,0.0,0.0,0.0,16.6
2024-11-11 04:30:00+05:30,19.22,83.49,1.55,283.4,1003.1,0.0,0.0,0.0,16.39
2024-11-11 05:30:00+05:30,18.97,83.91,1.48,268.8,1003.6,0.0,0.0,0.0,16.21
2024-11-11 06:30:00+05:30,19.04,86.2,1.42,253.6,1004.3000000000001,55.22,55.33,0.0,16.71
2024-11-11 07:30:00+05:30,20.92,77.87,1.8,241.4,1005.0,186.25,187.0,0.0,16.93
2024-11-11 08:30:00+05:30,22.71,71.39,1.64,234.2,1005.4000000000001,362.88,364.58,0.0,17.29
2024-11-11 09:30:00+05:30,26.31,57.23,1.33,215.5,1005.4000000000001,504.25,506.73,0.0,17.19
2024-11-11 10:30:00+05:30,27.89,52.13,1.34,219.9,1004.7,592.42,595.47,0.0,17.2
2024-11-11 11:30:00+05:30,28.64,50.01,1.27,234.3,1003.7,490.17,492.73,0.0,17.21
2024-11-11 12:30:00+05:30,29.07,48.53,1.26,251.6,1002.5,445.15,448.48,0.0,17.13
2024-11-11 13:30:00+05:30,29.15,48.03,1.36,266.2,1001.7,347.35,350.48,0.0,17.05
2024-11-11 14:30:00+05:30,28.89,48.62,1.36,278.9,1001.2,220.82,222.98,0.0,17.0
2024-11-11 15:30:00+05:30,28.28,51.59,1.15,288.7,1000.9000000000001,105.2,106.12,0.0,17.37
2024-11-11 16:30:00+05:30,26.87,59.65,0.84,292.3,1001.0,14.27,14.38,0.0,18.35
2024-11-11 17:30:00+05:30,26.22,55.3,0.6,289.3,1001.4,0.0,0.0,0.0,16.59
2024-11-11 18:30:00+05:30,25.72,56.09,0.39,275.9,1002.2,0.0,0.0,0.0,16.32
2024-11-11 19:30:00+05:30,25.12,57.96,0.37,239.3,1002.8,0.0,0.0,0.0,16.25
2024-11-11 20:30:00+05:30,24.24,60.69,0.75,222.8,1003.1,0.0,0.0,0.0,16.17
2024-11-11 21:30:00+05:30,23.0,65.97,1.26,225.0,1003.1999999999999,0.0,0.0,0.0,16.32
2024-11-11 22:30:00+05:30,21.78,71.47,1.7,233.9,1003.0,0.0,0.0,0.0,16.42
2024-11-11 23:30:00+05:30,20.59,77.4,2.05,244.9,1002.9000000000001,0.0,0.0,0.0,16.52
2024-11-12 00:30:00+05:30,19.65,82.11,2.34,254.4,1002.9000000000001,0.0,0.0,0.0,16.54
2024-11-12 01:30:00+05:30,19.01,85.01,2.49,260.8,1002.9000000000001,0.0,0.0,0.0,16.46
2024-11-12 02:30:00+05:30,18.52,86.9,2.53,266.6,1002.8,0.0,0.0,0.0,16.32
2024-11-12 03:30:00+05:30,18.12,88.43,2.5,273.0,1002.8,0.0,0.0,0.0,16.2
2024-11-12 04:30:00+05:30,17.77,89.64,2.41,278.1,1003.1999999999999,0.0,0.0,0.0,16.08
2024-11-12 05:30:00+05:30,17.45,90.96,2.29,280.8,1003.7,0.0,0.0,0.0,15.99
2024-11-12 06:30:00+05:30,17.89,90.77,2.0,279.5,1004.3000000000001,44.3,44.4,0.0,16.38
2024-11-12 07:30:00+05:30,20.34,80.09,2.37,274.1,1004.9,166.95,168.45,0.0,16.82
2024-11-12 08:30:00+05:30,22.4,73.09,1.97,266.8,1005.3,312.35,316.2,0.0,17.36
2024-11-12 09:30:00+05:30,26.36,55.94,1.73,268.3,1005.3,446.23,451.95,0.0,16.89
2024-11-12 10:30:00+05:30,28.03,49.52,1.49,261.5,1004.8000000000001,532.2,538.97,0.0,16.51
2024-11-12 11:30:00+05:30,28.8,46.7,1.46,262.1,1003.7,529.88,536.47,0.0,16.3
2024-11-12 12:30:00+05:30,29.25,44.9,1.52,263.2,1002.4,481.12,489.25,0.0,16.07
2024-11-12 13:30:00+05:30,29.33,44.14,1.66,268.3,1001.5,387.1,388.23,0.0,15.89
2024-11-12 14:30:00+05:30,29.02,44.32,1.8,274.5,1000.8,252.62,253.27,0.0,15.67
2024-11-12 15:30:00+05:30,28.2,48.08,1.73,278.3,1000.5,119.05,119.28,0.0,16.19
2024-11-12 16:30:00+05:30,25.97,61.46,1.58,275.8,1000.6,14.85,14.88,0.0,17.98
2024-11-12 17:30:00+05:30,24.5,60.56,1.72,271.7,1000.9000000000001,0.0,0.0,0.0,16.39
2024-11-12 18:30:00+05:30,23.65,62.35,1.84,270.9,1001.5,0.0,0.0,0.0,16.05
2024-11-12 19:30:00+05:30,22.68,65.11,2.01,267.4,1001.9,0.0,0.0,0.0,15.82
2024-11-12 20:30:00+05:30,21.48,69.63,2.3,263.2,1002.2,0.0,0.0,0.0,15.72
2024-11-12 21:30:00+05:30,20.34,74.09,2.58,261.7,1002.2,0.0,0.0,0.0,15.59
2024-11-12 22:30:00+05:30,19.51,77.07,2.78,261.7,1001.9,0.0,0.0,0.0,15.4
2024-11-12 23:30:00+05:30,18.85,79.4,2.86,262.6,1001.5,0.0,0.0,0.0,15.24
2024-11-13 00:30:00+05:30,18.3,81.71,2.87,262.0,1001.2,0.0,0.0,0.0,15.14
2024-11-13 01:30:00+05:30,17.83,83.82,2.84,259.9,1000.9000000000001,0.0,0.0,0.0,15.09
2024-11-13 02:30:00+05:30,17.41,85.89,2.8,256.4,1000.6999999999999,0.0,0.0,0.0,15.05
2024-11-13 03:30:00+05:30,17.06,87.57,2.76,252.1,1000.6,0.0,0.0,0.0,15.0
2024-11-13 04:30:00+05:30,16.73,88.77,2.73,246.9,1000.8,0.0,0.0,0.0,14.9
2024-11-13 05:30:00+05:30,16.41,89.46,2.72,239.5,1001.5,0.0,0.0,0.0,14.71
2024-11-13 06:30:00+05:30,16.9,87.45,2.63,231.5,1002.3000000000001,44.05,44.25,0.0,14.83
2024-11-13 07:30:00+05:30,19.48,74.99,3.8,225.7,1003.1,166.02,168.98,0.0,14.96
2024-11-13 08:30:00+05:30,21.46,69.46,3.08,224.9,1003.8,305.95,315.7,0.0,15.67
2024-11-13 09:30:00+05:30,24.95,57.37,2.89,228.6,1004.0,437.88,449.62,0.0,15.97
2024-11-13 10:30:00+05:30,27.65,46.62,2.64,230.2,1003.6,524.15,534.85,0.0,15.22
2024-11-13 11:30:00+05:30,28.71,43.31,2.21,236.8,1002.6,591.88,603.4,0.0,15.04
2024-11-13 12:30:00+05:30,29.29,41.21,2.06,243.2,1001.5999999999999,541.08,552.33,0.0,14.77
2024-11-13 13:30:00+05:30,29.43,39.69,2.04,249.0,1000.8,433.5,433.77,0.0,14.31
2024-11-13 14:30:00+05:30,28.95,40.22,1.94,253.8,1000.1999999999999,280.95,281.3,0.0,14.1
2024-11-13 15:30:00+05:30,27.99,44.2,1.52,254.3,1000.1,136.02,136.25,0.0,14.69
2024-11-13 16:30:00+05:30,26.07,53.71,1.2,240.0,1000.1999999999999,16.65,16.67,0.0,15.95
2024-11-13 17:30:00+05:30,24.71,52.85,1.25,224.0,1000.5,0.0,0.0,0.0,14.46
2024-11-13 18:30:00+05:30,23.88,54.51,1.25,223.4,1001.3,0.0,0.0,0.0,14.17
2024-11-13 19:30:00+05:30,23.09,56.25,1.24,235.5,1001.9,0.0,0.0,0.0,13.93
2024-11-13 20:30:00+05:30,22.11,59.31,1.42,247.2,1002.3000000000001,0.0,0.0,0.0,13.83
2024-11-13 21:30:00+05:30,20.95,63.88,1.75,254.8,1002.5,0.0,0.0,0.0,13.88
2024-11-13 22:30:00+05:30,19.72,69.06,2.09,263.1,1002.5,0.0,0.0,0.0,13.9
2024-11-13 23:30:00+05:30,18.68,73.38,2.38,271.7,1002.4,0.0,0.0,0.0,13.85
2024-11-14 00:30:00+05:30,17.89,76.55,2.56,279.0,1002.2,0.0,0.0,0.0,13.74
2024-11-14 01:30:00+05:30,17.29,78.93,2.63,286.6,1002.0999999999999,0.0,0.0,0.0,13.62
2024-11-14 02:30:00+05:30,16.81,80.94,2.58,293.3,1001.9,0.0,0.0,0.0,13.54
2024-11-14 03:30:00+05:30,16.47,82.29,2.42,297.5,1002.0,0.0,0.0,0.0,13.47
2024-11-14 04:30:00+05:30,16.29,82.84,2.2,300.7,1002.4,0.0,0.0,0.0,13.39
2024-11-14 05:30:00+05:30,16.21,82.81,1.97,304.0,1003.1999999999999,0.0,0.0,0.0,13.31
2024-11-14 06:30:00+05:30,16.44,84.58,1.78,304.2,1004.0999999999999,47.28,47.33,0.0,13.85
2024-11-14 07:30:00+05:30,18.81,75.9,2.02,301.3,1004.9,186.52,186.95,0.0,14.49
2024-11-14 08:30:00+05:30,20.84,69.75,1.78,295.7,1005.6,300.7,301.2,0.0,15.14
2024-11-14 09:30:00+05:30,24.95,54.19,1.86,304.3,1005.8,423.9,424.42,0.0,15.08
2024-11-14 10:30:00+05:30,27.34,45.41,1.77,293.2,1005.3,502.95,503.38,0.0,14.54
2024-11-14 11:30:00+05:30,28.34,41.64,1.94,282.2,1004.4,613.7,614.08,0.0,14.09
2024-11-14 12:30:00+05:30,28.92,39.22,2.22,278.0,1003.4000000000001,552.42,552.72,0.0,13.69
2024-11-14 13:30:00+05:30,29.04,38.21,2.44,276.6,1002.6,442.23,442.33,0.0,13.4
2024-11-14 14:30:00+05:30,28.86,38.38,2.58,276.5,1002.0,289.15,289.23,0.0,13.3
2024-11-14 15:30:00+05:30,27.82,42.93,2.31,277.7,1001.7,139.9,139.95,0.0,14.09
2024-11-14 16:30:00+05:30,24.63,60.95,2.06,275.8,1001.7,16.95,16.95,0.0,16.58
2024-11-14 17:30:00+05:30,22.52,61.79,2.3,273.7,1002.0,0.0,0.0,0.0,14.85
2024-11-14 18:30:00+05:30,21.46,64.39,2.45,273.3,1002.5,0.0,0.0,0.0,14.48
2024-11-14 19:30:00+05:30,20.4,67.37,2.64,272.4,1003.0,0.0,0.0,0.0,14.18
2024-11-14 20:30:00+05:30,19.42,70.13,2.85,270.8,1003.3,0.0,0.0,0.0,13.86
2024-11-14 21:30:00+05:30,18.6,72.34,3.03,270.0,1003.5,0.0,0.0,0.0,13.55
2024-11-14 22:30:00+05:30,17.9,74.27,3.12,270.9,1003.6,0.0,0.0,0.0,13.28
2024-11-14 23:30:00+05:30,17.3,76.09,3.14,272.9,1003.5,0.0,0.0,0.0,13.08
2024-11-15 00:30:00+05:30,16.74,78.08,3.13,275.7,1003.5,0.0,0.0,0.0,12.92
2024-11-15 01:30:00+05:30,16.23,80.04,3.08,278.4,1003.3,0.0,0.0,0.0,12.81
2024-11-15 02:30:00+05:30,15.78,82.09,3.02,280.3,1003.1999999999999,0.0,0.0,0.0,12.75
2024-11-15 03:30:00+05:30,15.39,83.88,2.93,280.2,1002.9000000000001,0.0,0.0,0.0,12.71
2024-11-15 04:30:00+05:30,15.02,85.53,2.87,277.0,1002.9000000000001,0.0,0.0,0.0,12.64
2024-11-15 05:30:00+05:30,14.68,86.89,2.84,271.8,1003.4000000000001,0.0,0.0,0.0,12.55
2024-11-15 06:30:00+05:30,15.23,85.49,2.75,267.1,1004.2,49.0,49.03,0.0,12.84
2024-11-15 07:30:00+05:30,18.24,72.18,3.99,262.9,1004.8000000000001,189.8,189.95,0.0,13.18
2024-11-15 08:30:00+05:30,20.44,66.23,3.4,257.4,1005.3,307.9,308.1,0.0,13.95
2024-11-15 09:30:00+05:30,24.09,54.21,3.53,267.1,1005.5,448.6,448.85,0.0,14.28
2024-11-15 10:30:00+05:30,26.94,42.75,3.88,278.6,1005.1,552.53,552.85,0.0,13.24
2024-11-15 11:30:00+05:30,28.2,38.13,4.03,285.6,1004.2,621.35,621.67,0.0,12.62
2024-11-15 12:30:00+05:30,28.86,35.58,4.22,290.4,1003.1999999999999,569.12,569.45,0.0,12.14
2024-11-15 13:30:00+05:30,28.95,34.84,4.22,293.0,1002.2,449.73,450.48,0.0,11.91
2024-11-15 14:30:00+05:30,28.38,36.56,3.77,295.6,1001.4,287.95,288.67,0.0,12.14
2024-11-15 15:30:00+05:30,26.99,43.92,2.72,297.1,1001.0,148.65,149.1,0.0,13.68
2024-11-15 16:30:00+05:30,23.9,61.44,2.05,293.6,1001.0,16.27,16.3,0.0,16.03
2024-11-15 17:30:00+05:30,22.37,58.61,2.15,288.4,1001.3,0.0,0.0,0.0,13.89
2024-11-15 18:30:00+05:30,21.4,61.42,2.22,284.6,1002.0,0.0,0.0,0.0,13.71
2024-11-15 19:30:00+05:30,20.3,65.49,2.36,279.7,1002.5,0.0,0.0,0.0,13.65
2024-11-15 20:30:00+05:30,19.18,69.85,2.64,273.9,1002.6999999999999,0.0,0.0,0.0,13.58
2024-11-15 21:30:00+05:30,18.28,73.29,2.91,270.6,1002.6999999999999,0.0,0.0,0.0,13.44
2024-11-15 22:30:00+05:30,17.64,75.5,3.06,269.8,1002.5,0.0,0.0,0.0,13.29
2024-11-15 23:30:00+05:30,17.17,77.25,3.12,270.2,1002.0,0.0,0.0,0.0,13.18
2024-11-16 00:30:00+05:30,16.77,78.87,3.12,270.7,1001.7,0.0,0.0,0.0,13.11
2024-11-16 01:30:00+05:30,16.39,80.27,3.06,270.6,1001.4,0.0,0.0,0.0,13.02
2024-11-16 02:30:00+05:30,16.04,81.46,2.97,268.1,1001.2,0.0,0.0,0.0,12.9
2024-11-16 03:30:00+05:30,15.73,82.38,2.92,265.1,1001.2,0.0,0.0,0.0,12.76
2024-11-16 04:30:00+05:30,15.47,82.7,2.9,262.1,1001.5,0.0,0.0,0.0,12.57
2024-11-16 05:30:00+05:30,15.2,83.0,2.88,259.0,1002.2,0.0,0.0,0.0,12.35
2024-11-16 06:30:00+05:30,15.66,80.83,2.93,255.6,1003.0,47.0,47.0,0.0,12.39
2024-11-16 07:30:00+05:30,18.24,68.6,4.18,252.5,1003.7,185.98,186.27,0.0,12.39
2024-11-16 08:30:00+05:30,20.55,62.54,3.58,248.9,1004.0999999999999,323.55,324.15,0.0,13.18
2024-11-16 09:30:00+05:30,24.4,50.96,3.44,263.0,1004.2,456.65,457.52,0.0,13.62
2024-11-16 10:30:00+05:30,27.3,42.41,3.53,277.0,1003.6,541.67,542.83,0.0,13.45
2024-11-16 11:30:00+05:30,28.63,38.6,3.52,287.2,1002.6,600.9,602.3,0.0,13.19
2024-11-16 12:30:00+05:30,29.37,35.82,3.61,293.7,1001.5999999999999,546.62,547.28,0.0,12.69
2024-11-16 13:30:00+05:30,29.56,34.43,3.65,296.8,1000.6,431.2,432.27,0.0,12.26
2024-11-16 14:30:00+05:30,29.11,35.59,3.42,298.4,1000.0,277.15,278.08,0.0,12.36
2024-11-16 15:30:00+05:30,27.86,41.77,2.69,297.9,999.7,132.12,132.55,0.0,13.69
2024-11-16 16:30:00+05:30,24.76,59.7,2.04,294.6,999.7,15.6,15.65,0.0,16.39
2024-11-16 17:30:00+05:30,23.4,56.09,2.06,289.6,999.9,0.0,0.0,0.0,14.17
2024-11-16 18:30:00+05:30,22.76,56.95,1.98,283.4,1000.3,0.0,0.0,0.0,13.82
2024-11-16 19:30:00+05:30,21.87,59.48,2.02,276.0,1000.6999999999999,0.0,0.0,0.0,13.65
2024-11-16 20:30:00+05:30,20.54,64.75,2.31,270.2,1001.0,0.0,0.0,0.0,13.7
2024-11-16 21:30:00+05:30,19.26,70.11,2.69,270.6,1001.2,0.0,0.0,0.0,13.71
2024-11-16 22:30:00+05:30,18.39,73.52,2.97,275.0,1001.4,0.0,0.0,0.0,13.6
2024-11-16 23:30:00+05:30,17.8,75.6,3.12,280.9,1001.5,0.0,0.0,0.0,13.47
2024-11-17 00:30:00+05:30,17.37,77.13,3.17,286.5,1001.7,0.0,0.0,0.0,13.36
2024-11-17 01:30:00+05:30,16.96,78.76,3.18,290.6,1001.7,0.0,0.0,0.0,13.27
2024-11-17 02:30:00+05:30,16.51,80.7,3.11,290.9,1001.7,0.0,0.0,0.0,13.21
2024-11-17 03:30:00+05:30,16.03,82.85,2.99,287.5,1001.5999999999999,0.0,0.0,0.0,13.14
2024-11-17 04:30:00+05:30,15.52,85.06,2.88,280.2,1001.7,0.0,0.0,0.0,13.05
2024-11-17 05:30:00+05:30,15.12,86.66,2.83,273.2,1002.0999999999999,0.0,0.0,0.0,12.93
2024-11-17 06:30:00+05:30,15.53,85.01,2.84,268.4,1002.8,47.72,47.75,0.0,13.05
2024-11-17 07:30:00+05:30,18.13,72.97,4.02,264.9,1003.5,193.52,193.68,0.0,13.24
2024-11-17 08:30:00+05:30,20.48,66.05,3.13,262.1,1004.0999999999999,340.0,340.27,0.0,13.95
2024-11-17 09:30:00+05:30,24.3,53.31,3.21,278.6,1004.2,481.15,481.48,0.0,14.22
2024-11-17 10:30:00+05:30,27.19,41.44,3.61,294.4,1003.6,572.4,572.75,0.0,12.99
2024-11-17 11:30:00+05:30,28.48,36.89,3.72,303.3,1002.6999999999999,595.92,596.22,0.0,12.37
2024-11-17 12:30:00+05:30,29.1,34.57,3.88,308.6,1001.8000000000001,548.78,549.08,0.0,11.92
2024-11-17 13:30:00+05:30,29.23,33.38,3.96,312.3,1001.1,440.2,440.6,0.0,11.5
2024-11-17 14:30:00+05:30,28.78,34.37,3.87,315.7,1000.6,287.65,288.08,0.0,11.55
2024-11-17 15:30:00+05:30,27.34,42.7,2.9,318.6,1000.4000000000001,137.38,137.6,0.0,13.54
2024-11-17 16:30:00+05:30,23.99,60.87,2.32,319.4,1000.4000000000001,16.1,16.12,0.0,15.97
2024-11-17 17:30:00+05:30,22.33,59.61,2.46,318.5,1000.8,0.0,0.0,0.0,14.11
2024-11-17 18:30:00+05:30,21.63,61.43,2.45,315.7,1001.2,0.0,0.0,0.0,13.93
2024-11-17 19:30:00+05:30,20.85,64.08,2.47,309.4,1001.5999999999999,0.0,0.0,0.0,13.83
2024-11-17 20:30:00+05:30,19.96,67.38,2.55,300.7,1001.9,0.0,0.0,0.0,13.76
2024-11-17 21:30:00+05:30,19.04,70.93,2.71,294.4,1002.0999999999999,0.0,0.0,0.0,13.68
2024-11-17 22:30:00+05:30,18.28,73.62,2.89,293.0,1002.0999999999999,0.0,0.0,0.0,13.51
2024-11-17 23:30:00+05:30,17.68,75.5,2.96,294.6,1002.0,0.0,0.0,0.0,13.33
2024-11-18 00:30:00+05:30,17.16,77.37,2.94,296.9,1001.9,0.0,0.0,0.0,13.19
2024-11-18 01:30:00+05:30,16.68,79.17,2.93,300.1,1001.8000000000001,0.0,0.0,0.0,13.09
2024-11-18 02:30:00+05:30,16.21,81.23,2.88,303.0,1001.8000000000001,0.0,0.0,0.0,13.02
2024-11-18 03:30:00+05:30,15.7,83.68,2.76,305.1,1002.0999999999999,0.0,0.0,0.0,12.99
2024-11-18 04:30:00+05:30,15.2,86.18,2.59,306.5,1002.6,0.0,0.0,0.0,12.94
2024-11-18 05:30:00+05:30,14.76,88.34,2.43,305.5,1003.3,0.0,0.0,0.0,12.89
2024-11-18 06:30:00+05:30,15.07,87.78,2.23,300.1,1004.3000000000001,42.78,42.78,0.0,13.09
2024-11-18 07:30:00+05:30,17.19,77.71,2.99,292.6,1005.0,178.27,178.5,0.0,13.28
2024-11-18 08:30:00+05:30,19.35,70.59,2.33,283.1,1005.6,306.77,307.17,0.0,13.89
2024-11-18 09:30:00+05:30,22.93,57.53,2.67,304.0,1005.6999999999999,437.88,438.42,0.0,14.13
2024-11-18 10:30:00+05:30,25.96,47.2,3.02,319.0,1005.1,520.83,521.47,0.0,13.88
2024-11-18 11:30:00+05:30,27.38,43.38,2.71,317.2,1004.3000000000001,539.2,540.08,0.0,13.86
2024-11-18 12:30:00+05:30,28.12,40.83,2.54,313.9,1003.3,492.88,495.23,0.0,13.59
2024-11-18 13:30:00+05:30,28.26,39.3,2.4,310.3,1002.4,394.65,394.3,0.0,13.13
2024-11-18 14:30:00+05:30,27.6,40.74,2.06,309.1,1001.9,251.85,251.82,0.0,13.1
2024-11-18 15:30:00+05:30,26.52,48.39,1.48,309.0,1001.5999999999999,116.72,116.78,0.0,14.72
2024-11-18 16:30:00+05:30,24.72,56.4,1.28,306.4,1001.8000000000001,13.68,13.65,0.0,15.42
2024-11-18 17:30:00+05:30,23.77,52.5,1.25,301.9,1002.3000000000001,0.0,0.0,0.0,13.49
2024-11-18 18:30:00+05:30,22.99,54.44,1.16,294.4,1002.9000000000001,0.0,0.0,0.0,13.33
2024-11-18 19:30:00+05:30,22.4,55.39,1.19,281.1,1003.4000000000001,0.0,0.0,0.0,13.05
2024-11-18 20:30:00+05:30,21.52,58.28,1.53,271.5,1003.7,0.0,0.0,0.0,13.01
2024-11-18 21:30:00+05:30,20.1,64.7,1.98,269.7,1003.9,0.0,0.0,0.0,13.27
2024-11-18 22:30:00+05:30,18.81,70.54,2.37,272.4,1003.9,0.0,0.0,0.0,13.36
2024-11-18 23:30:00+05:30,17.86,74.95,2.66,277.3,1003.8,0.0,0.0,0.0,13.38
2024-11-19 00:30:00+05:30,17.22,77.55,2.82,282.7,1003.8,0.0,0.0,0.0,13.29
2024-11-19 01:30:00+05:30,16.72,79.54,2.84,288.2,1003.7,0.0,0.0,0.0,13.19
2024-11-19 02:30:00+05:30,16.25,81.69,2.81,292.4,1003.7,0.0,0.0,0.0,13.15
2024-11-19 03:30:00+05:30,15.79,84.32,2.74,295.3,1003.9,0.0,0.0,0.0,13.17
2024-11-19 04:30:00+05:30,15.33,87.15,2.64,296.3,1004.2,0.0,0.0,0.0,13.23
2024-11-19 05:30:00+05:30,14.88,90.14,2.5,295.3,1004.8000000000001,0.0,0.0,0.0,13.3
2024-11-19 06:30:00+05:30,15.04,90.49,2.42,291.8,1005.5,32.83,32.78,0.0,13.52
2024-11-19 07:30:00+05:30,16.83,82.35,3.34,285.8,1006.2,130.35,130.55,0.0,13.83
2024-11-19 08:30:00+05:30,18.9,74.97,2.71,279.6,1007.0,228.43,228.9,0.0,14.39
2024-11-19 09:30:00+05:30,22.4,60.68,2.76,279.0,1007.2,367.17,368.0,0.0,14.46
2024-11-19 10:30:00+05:30,25.03,49.85,2.67,270.6,1006.7,448.2,449.05,0.0,13.87
2024-11-19 11:30:00+05:30,25.61,46.95,2.47,262.3,1005.6999999999999,446.88,447.5,0.0,13.47
2024-11-19 12:30:00+05:30,25.97,44.91,2.47,260.2,1004.5999999999999,412.98,413.38,0.0,13.12
2024-11-19 13:30:00+05:30,25.98,44.08,2.57,260.6,1003.7,329.7,330.23,0.0,12.84
2024-11-19 14:30:00+05:30,25.93,43.61,2.8,263.2,1003.0,209.3,209.93,0.0,12.65
2024-11-19 15:30:00+05:30,24.85,49.23,2.53,266.4,1002.6999999999999,96.28,96.57,0.0,13.49
2024-11-19 16:30:00+05:30,21.75,66.64,2.27,269.2,1002.8,11.68,11.7,0.0,15.28
2024-11-19 17:30:00+05:30,19.67,68.9,2.78,274.3,1003.1,0.0,0.0,0.0,13.83
2024-11-19 18:30:00+05:30,18.83,70.37,2.99,280.8,1003.8,0.0,0.0,0.0,13.35
2024-11-19 19:30:00+05:30,18.1,71.4,3.1,287.1,1004.2,0.0,0.0,0.0,12.87
2024-11-19 20:30:00+05:30,17.42,72.06,3.16,292.1,1004.5999999999999,0.0,0.0,0.0,12.36
2024-11-19 21:30:00+05:30,16.72,72.75,3.14,295.8,1004.9,0.0,0.0,0.0,11.83
2024-11-19 22:30:00+05:30,16.05,73.29,3.04,298.9,1004.8000000000001,0.0,0.0,0.0,11.3
2024-11-19 23:30:00+05:30,15.41,74.14,2.91,301.2,1004.5999999999999,0.0,0.0,0.0,10.85
2024-11-20 00:30:00+05:30,14.82,75.19,2.78,302.4,1004.2,0.0,0.0,0.0,10.5
2024-11-20 01:30:00+05:30,14.29,76.4,2.66,302.3,1003.9,0.0,0.0,0.0,10.22
2024-11-20 02:30:00+05:30,13.8,77.63,2.55,302.0,1003.5,0.0,0.0,0.0,9.99
2024-11-20 03:30:00+05:30,13.32,79.05,2.43,301.0,1003.5,0.0,0.0,0.0,9.79
2024-11-20 04:30:00+05:30,12.85,80.56,2.32,297.8,1003.7,0.0,0.0,0.0,9.62
2024-11-20 05:30:00+05:30,12.43,82.1,2.18,290.7,1004.4,0.0,0.0,0.0,9.49
2024-11-20 06:30:00+05:30,12.51,83.17,1.98,279.3,1005.1999999999999,36.05,36.65,0.0,9.76
2024-11-20 07:30:00+05:30,14.64,73.31,2.52,266.6,1006.0,151.73,156.25,0.0,9.94
2024-11-20 08:30:00+05:30,15.95,69.55,2.4,258.5,1006.5,286.38,302.27,0.0,10.42
2024-11-20 09:30:00+05:30,18.78,58.9,1.97,255.0,1006.5,423.67,438.23,0.0,10.6
2024-11-20 10:30:00+05:30,21.77,48.13,1.8,230.6,1005.9000000000001,497.5,497.77,0.0,10.35
2024-11-20 11:30:00+05:30,22.95,44.41,2.03,228.0,1005.0,493.25,493.62,0.0,10.22
2024-11-20 12:30:00+05:30,23.43,42.72,2.25,239.6,1004.0999999999999,458.38,458.85,0.0,10.07
2024-11-20 13:30:00+05:30,23.47,42.09,2.41,251.1,1003.4000000000001,360.83,361.73,0.0,9.87
2024-11-20 14:30:00+05:30,23.26,42.44,2.36,261.7,1002.9000000000001,230.77,231.7,0.0,9.82
2024-11-20 15:30:00+05:30,22.08,52.84,1.69,271.7,1002.6999999999999,105.88,106.32,0.0,11.95
2024-11-20 16:30:00+05:30,19.96,61.09,1.65,280.5,1002.8,12.45,12.45,0.0,12.22
2024-11-20 17:30:00+05:30,19.14,56.46,1.64,286.7,1003.1999999999999,0.0,0.0,0.0,10.3
2024-11-20 18:30:00+05:30,18.63,56.54,1.66,292.7,1003.8,0.0,0.0,0.0,9.86
2024-11-20 19:30:00+05:30,18.15,56.83,1.66,294.6,1004.2,0.0,0.0,0.0,9.48
2024-11-20 20:30:00+05:30,17.79,56.57,1.54,286.6,1004.3000000000001,0.0,0.0,0.0,9.08
2024-11-20 21:30:00+05:30,17.24,57.5,1.54,274.5,1004.2,0.0,0.0,0.0,8.79
2024-11-20 22:30:00+05:30,16.5,59.58,1.65,267.6,1004.0,0.0,0.0,0.0,8.63
2024-11-20 23:30:00+05:30,15.77,61.77,1.73,263.7,1003.7,0.0,0.0,0.0,8.48
2024-11-21 00:30:00+05:30,15.13,63.78,1.76,260.2,1003.3,0.0,0.0,0.0,8.34
2024-11-21 01:30:00+05:30,14.47,66.04,1.79,258.4,1002.9000000000001,0.0,0.0,0.0,8.25
2024-11-21 02:30:00+05:30,13.73,69.18,1.87,256.1,1002.8,0.0,0.0,0.0,8.21
2024-11-21 03:30:00+05:30,12.91,72.88,2.01,254.1,1002.9000000000001,0.0,0.0,0.0,8.19
2024-11-21 04:30:00+05:30,12.16,76.59,2.11,252.9,1003.3,0.0,0.0,0.0,8.2
2024-11-21 05:30:00+05:30,11.52,80.19,2.18,252.9,1004.0,0.0,0.0,0.0,8.24
2024-11-21 06:30:00+05:30,11.35,83.08,2.15,251.8,1004.9,36.42,36.83,0.0,8.59
2024-11-21 07:30:00+05:30,13.7,75.44,2.33,249.4,1005.6999999999999,161.8,163.85,0.0,9.46
2024-11-21 08:30:00+05:30,15.54,68.02,2.26,247.4,1006.2,312.67,318.6,0.0,9.68
2024-11-21 09:30:00+05:30,18.83,55.08,1.85,249.8,1006.2,453.73,460.17,0.0,9.64
2024-11-21 10:30:00+05:30,21.71,43.3,1.62,246.0,1005.6999999999999,545.8,551.47,0.0,8.72
2024-11-21 11:30:00+05:30,22.82,40.37,1.71,248.7,1004.7,510.4,513.45,0.0,8.69
2024-11-21 12:30:00+05:30,23.51,38.74,1.89,254.3,1003.7,467.85,470.4,0.0,8.69
2024-11-21 13:30:00+05:30,23.79,38.28,2.08,260.6,1002.9000000000001,369.83,371.75,0.0,8.76
2024-11-21 14:30:00+05:30,23.49,38.84,2.18,265.0,1002.3000000000001,230.95,232.32,0.0,8.71
2024-11-21 15:30:00+05:30,22.27,48.58,1.63,267.2,1002.0,100.22,100.7,0.0,10.86
2024-11-21 16:30:00+05:30,20.11,57.09,1.5,262.7,1002.0,12.45,12.45,0.0,11.31
2024-11-21 17:30:00+05:30,19.06,53.52,1.54,255.7,1002.5,0.0,0.0,0.0,9.43
2024-11-21 18:30:00+05:30,18.33,55.07,1.62,247.9,1003.1,0.0,0.0,0.0,9.18
2024-11-21 19:30:00+05:30,17.33,58.52,1.87,240.6,1003.7,0.0,0.0,0.0,9.15
2024-11-21 20:30:00+05:30,16.07,64.03,2.26,237.3,1003.9,0.0,0.0,0.0,9.3
2024-11-21 21:30:00+05:30,14.9,69.77,2.62,238.2,1003.9,0.0,0.0,0.0,9.47
2024-11-21 22:30:00+05:30,14.07,74.29,2.88,242.5,1003.6,0.0,0.0,0.0,9.59
2024-11-21 23:30:00+05:30,13.49,77.64,3.05,248.8,1003.1999999999999,0.0,0.0,0.0,9.69
2024-11-22 00:30:00+05:30,13.05,80.41,3.08,254.0,1002.9000000000001,0.0,0.0,0.0,9.78
2024-11-22 01:30:00+05:30,12.65,82.85,3.01,257.3,1002.6999999999999,0.0,0.0,0.0,9.83
2024-11-22 02:30:00+05:30,12.22,85.34,2.89,259.0,1002.6,0.0,0.0,0.0,9.87
2024-11-22 03:30:00+05:30,11.78,87.86,2.77,259.0,1002.6999999999999,0.0,0.0,0.0,9.87
2024-11-22 04:30:00+05:30,11.4,90.13,2.66,260.0,1003.1999999999999,0.0,0.0,0.0,9.87
2024-11-22 05:30:00+05:30,11.09,91.95,2.57,262.2,1003.9,0.0,0.0,0.0,9.85
2024-11-22 06:30:00+05:30,11.34,90.88,2.38,263.2,1004.8000000000001,34.75,35.1,0.0,9.93
2024-11-22 07:30:00+05:30,13.92,78.81,2.85,263.0,1005.6999999999999,146.6,148.8,0.0,10.34
2024-11-22 08:30:00+05:30,15.97,70.42,2.52,263.2,1006.3,291.52,296.6,0.0,10.62
2024-11-22 09:30:00+05:30,19.01,58.99,2.24,274.1,1006.3,446.4,456.4,0.0,10.85
2024-11-22 10:30:00+05:30,21.84,48.77,1.79,283.3,1005.6,538.45,550.28,0.0,10.62
2024-11-22 11:30:00+05:30,23.31,44.27,1.75,290.4,1004.5,479.48,488.75,0.0,10.5
2024-11-22 12:30:00+05:30,24.03,42.4,1.91,296.8,1003.3,441.95,450.35,0.0,10.49
2024-11-22 13:30:00+05:30,24.28,41.83,1.99,301.9,1002.4,351.45,356.6,0.0,10.53
2024-11-22 14:30:00+05:30,24.03,41.96,1.93,305.9,1001.8000000000001,223.5,226.43,0.0,10.34
2024-11-22 15:30:00+05:30,22.99,49.61,1.44,308.2,1001.5999999999999,97.85,98.65,0.0,11.89
2024-11-22 16:30:00+05:30,21.17,56.7,1.13,303.8,1001.8000000000001,12.4,12.43,0.0,12.2
2024-11-22 17:30:00+05:30,20.16,53.63,1.02,298.6,1002.4,0.0,0.0,0.0,10.49
2024-11-22 18:30:00+05:30,19.94,53.16,0.96,290.7,1003.0,0.0,0.0,0.0,10.15
2024-11-22 19:30:00+05:30,19.44,54.16,0.89,266.8,1003.5,0.0,0.0,0.0,9.97
2024-11-22 20:30:00+05:30,18.2,58.69,1.15,243.2,1003.7,0.0,0.0,0.0,10.0
2024-11-22 21:30:00+05:30,16.95,63.5,1.69,239.5,1003.6,0.0,0.0,0.0,10.01
2024-11-22 22:30:00+05:30,15.41,70.59,2.22,241.1,1003.4000000000001,0.0,0.0,0.0,10.12
2024-11-22 23:30:00+05:30,14.24,76.21,2.58,241.7,1003.1999999999999,0.0,0.0,0.0,10.13
2024-11-23 00:30:00+05:30,13.5,79.63,2.76,241.7,1002.9000000000001,0.0,0.0,0.0,10.07
2024-11-23 01:30:00+05:30,12.95,82.42,2.86,243.6,1002.8,0.0,0.0,0.0,10.05
2024-11-23 02:30:00+05:30,12.53,84.73,2.86,248.3,1002.9000000000001,0.0,0.0,0.0,10.06
2024-11-23 03:30:00+05:30,12.16,87.08,2.83,251.9,1003.3,0.0,0.0,0.0,10.11
2024-11-23 04:30:00+05:30,11.82,89.44,2.78,253.1,1003.7,0.0,0.0,0.0,10.17
2024-11-23 05:30:00+05:30,11.52,91.54,2.73,252.1,1004.5,0.0,0.0,0.0,10.22
2024-11-23 06:30:00+05:30,11.8,90.28,2.54,250.4,1005.3,36.3,36.35,0.0,10.29
2024-11-23 07:30:00+05:30,14.53,77.53,3.14,246.8,1006.1,159.43,160.05,0.0,10.67
2024-11-23 08:30:00+05:30,16.62,69.29,2.67,244.0,1006.8000000000001,315.67,317.17,0.0,11.01
2024-11-23 09:30:00+05:30,19.85,57.47,2.22,254.0,1006.9,452.23,454.48,0.0,11.25
2024-11-23 10:30:00+05:30,22.93,46.7,1.37,256.5,1006.3,541.35,544.12,0.0,10.95
2024-11-23 11:30:00+05:30,24.18,43.32,1.1,278.9,1005.3,524.8,528.2,0.0,10.97
2024-11-23 12:30:00+05:30,24.82,41.4,1.43,307.3,1004.3000000000001,484.85,488.9,0.0,10.86
2024-11-23 13:30:00+05:30,25.02,40.83,1.87,323.3,1003.6,387.12,390.33,0.0,10.82
2024-11-23 14:30:00+05:30,24.6,42.05,2.22,331.8,1003.1999999999999,249.62,252.02,0.0,10.88
2024-11-23 15:30:00+05:30,23.25,54.05,1.76,336.5,1003.1,114.4,115.43,0.0,13.39
2024-11-23 16:30:00+05:30,20.95,63.22,1.7,338.3,1003.3,13.5,13.57,0.0,13.7
2024-11-23 17:30:00+05:30,20.19,60.54,1.57,337.2,1003.6,0.0,0.0,0.0,12.34
2024-11-23 18:30:00+05:30,19.9,61.52,1.15,329.6,1003.9,0.0,0.0,0.0,12.31
2024-11-23 19:30:00+05:30,19.55,63.24,0.95,301.7,1004.2,0.0,0.0,0.0,12.41
2024-11-23 20:30:00+05:30,18.65,67.12,1.19,273.4,1004.2,0.0,0.0,0.0,12.45
2024-11-23 21:30:00+05:30,17.72,70.6,1.62,261.5,1004.0999999999999,0.0,0.0,0.0,12.33
2024-11-23 22:30:00+05:30,16.49,75.62,2.01,260.8,1003.9,0.0,0.0,0.0,12.19
2024-11-23 23:30:00+05:30,15.31,80.34,2.36,263.9,1003.7,0.0,0.0,0.0,11.98
2024-11-24 00:30:00+05:30,14.47,83.44,2.61,267.4,1003.5,0.0,0.0,0.0,11.72
2024-11-24 01:30:00+05:30,13.88,85.28,2.74,270.6,1003.5,0.0,0.0,0.0,11.48
2024-11-24 02:30:00+05:30,13.39,87.11,2.76,276.2,1003.5,0.0,0.0,0.0,11.31
2024-11-24 03:30:00+05:30,12.95,89.02,2.72,281.7,1003.7,0.0,0.0,0.0,11.21
2024-11-24 04:30:00+05:30,12.54,91.16,2.65,283.8,1004.0999999999999,0.0,0.0,0.0,11.16
2024-11-24 05:30:00+05:30,12.17,93.47,2.57,281.4,1004.8000000000001,0.0,0.0,0.0,11.17
2024-11-24 06:30:00+05:30,12.4,92.92,2.43,276.4,1005.6,35.92,36.03,0.0,11.31
2024-11-24 07:30:00+05:30,14.93,80.85,3.4,269.8,1006.3,168.27,169.62,0.0,11.7
2024-11-24 08:30:00+05:30,17.1,72.96,2.97,261.7,1006.8000000000001,323.1,326.92,0.0,12.25
2024-11-24 09:30:00+05:30,20.77,58.65,2.81,272.9,1006.5999999999999,463.25,467.05,0.0,12.4
2024-11-24 10:30:00+05:30,23.96,46.5,2.77,284.0,1005.9000000000001,553.83,556.62,0.0,11.83
2024-11-24 11:30:00+05:30,25.31,42.7,2.56,284.7,1004.8000000000001,534.53,535.65,0.0,11.76
2024-11-24 12:30:00+05:30,26.08,40.75,2.52,284.0,1003.7,494.88,495.15,0.0,11.74
2024-11-24 13:30:00+05:30,26.35,39.8,2.67,284.8,1003.0,394.17,394.17,0.0,11.62
2024-11-24 14:30:00+05:30,26.03,40.36,2.74,288.1,1002.6,256.38,256.5,0.0,11.54
2024-11-24 15:30:00+05:30,24.54,50.44,2.06,289.3,1002.4,130.05,130.2,0.0,13.53
2024-11-24 16:30:00+05:30,21.45,62.63,2.09,286.1,1002.5,13.6,13.62,0.0,14.01
2024-11-24 17:30:00+05:30,19.69,61.85,2.38,282.9,1002.9000000000001,0.0,0.0,0.0,12.2
2024-11-24 18:30:00+05:30,18.61,64.55,2.54,280.0,1003.4000000000001,0.0,0.0,0.0,11.84
2024-11-24 19:30:00+05:30,17.64,67.38,2.62,277.7,1003.9,0.0,0.0,0.0,11.55
2024-11-24 20:30:00+05:30,16.83,69.95,2.65,272.4,1004.2,0.0,0.0,0.0,11.36
2024-11-24 21:30:00+05:30,16.14,72.49,2.66,262.4,1004.4,0.0,0.0,0.0,11.23
2024-11-24 22:30:00+05:30,15.48,75.26,2.77,250.8,1004.5,0.0,0.0,0.0,11.15
2024-11-24 23:30:00+05:30,14.94,77.63,2.9,242.5,1004.4,0.0,0.0,0.0,11.09
2024-11-25 00:30:00+05:30,14.51,79.42,2.94,239.3,1004.3000000000001,0.0,0.0,0.0,11.02
2024-11-25 01:30:00+05:30,14.15,80.78,2.94,239.1,1004.0999999999999,0.0,0.0,0.0,10.93
2024-11-25 02:30:00+05:30,13.83,81.97,2.92,242.0,1004.0999999999999,0.0,0.0,0.0,10.83
2024-11-25 03:30:00+05:30,13.54,83.03,2.93,245.4,1004.2,0.0,0.0,0.0,10.74
2024-11-25 04:30:00+05:30,13.23,84.22,2.94,248.1,1004.5,0.0,0.0,0.0,10.66
2024-11-25 05:30:00+05:30,12.89,85.62,2.92,250.8,1005.0,0.0,0.0,0.0,10.57
2024-11-25 06:30:00+05:30,13.09,85.08,2.77,254.1,1005.4000000000001,37.2,37.2,0.0,10.66
2024-11-25 07:30:00+05:30,15.82,72.95,3.72,258.7,1006.0,184.95,185.12,0.0,11.01
2024-11-25 08:30:00+05:30,17.85,66.26,3.04,261.7,1006.3,347.02,347.35,0.0,11.51
2024-11-25 09:30:00+05:30,21.08,55.92,2.94,277.8,1006.2,487.02,487.3,0.0,11.98
2024-11-25 10:30:00+05:30,24.23,44.89,3.02,289.8,1005.4000000000001,594.67,595.3,0.0,11.55
2024-11-25 11:30:00+05:30,26.1,39.12,3.04,296.6,1004.3000000000001,577.65,578.08,0.0,11.15
2024-11-25 12:30:00+05:30,27.14,35.91,3.15,299.9,1003.0,540.6,541.03,0.0,10.78
2024-11-25 13:30:00+05:30,27.47,34.58,3.3,299.4,1002.2,427.48,427.75,0.0,10.49
2024-11-25 14:30:00+05:30,27.11,35.61,3.11,295.3,1001.7,282.5,282.67,0.0,10.61
2024-11-25 15:30:00+05:30,25.52,48.85,2.07,285.4,1001.5,132.52,132.62,0.0,13.86
2024-11-25 16:30:00+05:30,22.48,57.18,2.23,268.5,1001.5,14.65,14.65,0.0,13.57
2024-11-25 17:30:00+05:30,20.52,57.56,2.64,258.4,1001.8000000000001,0.0,0.0,0.0,11.88
2024-11-25 18:30:00+05:30,19.09,62.07,3.06,255.4,1002.2,0.0,0.0,0.0,11.67
2024-11-25 19:30:00+05:30,18.07,65.04,3.4,256.6,1002.6999999999999,0.0,0.0,0.0,11.42
2024-11-25 20:30:00+05:30,17.36,67.33,3.54,260.4,1003.3,0.0,0.0,0.0,11.27
2024-11-25 21:30:00+05:30,16.71,70.28,3.61,265.7,1003.7,0.0,0.0,0.0,11.3
2024-11-25 22:30:00+05:30,15.94,74.36,3.43,269.5,1003.9,0.0,0.0,0.0,11.41
2024-11-25 23:30:00+05:30,15.25,78.09,3.25,273.4,1003.9,0.0,0.0,0.0,11.48
2024-11-26 00:30:00+05:30,14.67,81.06,3.11,277.4,1003.9,0.0,0.0,0.0,11.48
2024-11-26 01:30:00+05:30,14.09,83.75,2.95,280.9,1003.7,0.0,0.0,0.0,11.41
2024-11-26 02:30:00+05:30,13.48,86.71,2.81,282.1,1003.6,0.0,0.0,0.0,11.34
2024-11-26 03:30:00+05:30,12.87,89.91,2.67,280.8,1003.5,0.0,0.0,0.0,11.27
2024-11-26 04:30:00+05:30,12.34,92.56,2.59,279.3,1003.8,0.0,0.0,0.0,11.2
2024-11-26 05:30:00+05:30,11.86,95.01,2.57,277.2,1004.3000000000001,0.0,0.0,0.0,11.11
2024-11-26 06:30:00+05:30,12.02,93.49,2.46,272.6,1004.9,34.95,34.97,0.0,11.02
2024-11-26 07:30:00+05:30,14.66,79.22,3.54,264.5,1005.4000000000001,171.02,171.32,0.0,11.14
2024-11-26 08:30:00+05:30,17.0,69.79,3.04,257.5,1005.6999999999999,308.55,309.02,0.0,11.48
2024-11-26 09:30:00+05:30,20.43,56.85,2.74,266.9,1005.6999999999999,456.67,457.45,0.0,11.62
2024-11-26 10:30:00+05:30,23.93,42.41,2.6,283.1,1005.1999999999999,571.08,574.03,0.0,10.4
2024-11-26 11:30:00+05:30,26.09,34.27,2.53,293.5,1004.3000000000001,515.28,519.1,0.0,9.15
2024-11-26 12:30:00+05:30,26.9,31.61,2.74,295.7,1003.4000000000001,475.7,480.7,0.0,8.67
2024-11-26 13:30:00+05:30,27.04,30.66,3.07,295.9,1002.6999999999999,378.0,382.45,0.0,8.33
2024-11-26 14:30:00+05:30,26.6,31.59,3.19,293.4,1002.4,249.82,251.93,0.0,8.41
2024-11-26 15:30:00+05:30,25.02,42.73,2.24,287.7,1002.0999999999999,114.43,115.32,0.0,11.39
2024-11-26 16:30:00+05:30,21.9,55.21,2.11,279.0,1002.0999999999999,13.07,13.1,0.0,12.5
2024-11-26 17:30:00+05:30,20.43,53.07,2.27,272.5,1002.3000000000001,0.0,0.0,0.0,10.58
2024-11-26 18:30:00+05:30,19.41,56.06,2.41,268.1,1002.6999999999999,0.0,0.0,0.0,10.46
2024-11-26 19:30:00+05:30,18.07,61.21,2.72,265.4,1003.1,0.0,0.0,0.0,10.52
2024-11-26 20:30:00+05:30,16.92,66.1,3.01,264.3,1003.5,0.0,0.0,0.0,10.57
2024-11-26 21:30:00+05:30,16.15,69.78,3.15,264.2,1003.7,0.0,0.0,0.0,10.66
2024-11-26 22:30:00+05:30,15.55,73.43,3.16,263.6,1003.8,0.0,0.0,0.0,10.85
2024-11-26 23:30:00+05:30,15.04,76.71,3.1,263.2,1003.8,0.0,0.0,0.0,11.01
2024-11-27 00:30:00+05:30,14.59,79.16,3.04,263.2,1003.7,0.0,0.0,0.0,11.05
2024-11-27 01:30:00+05:30,14.15,81.03,2.98,263.6,1003.5,0.0,0.0,0.0,10.97
2024-11-27 02:30:00+05:30,13.68,82.92,2.91,270.0,1003.3,0.0,0.0,0.0,10.85
2024-11-27 03:30:00+05:30,13.14,85.24,2.84,280.6,1003.1,0.0,0.0,0.0,10.73
2024-11-27 04:30:00+05:30,12.55,87.95,2.75,287.8,1003.1999999999999,0.0,0.0,0.0,10.63
2024-11-27 05:30:00+05:30,11.92,91.01,2.65,293.9,1003.6,0.0,0.0,0.0,10.52
2024-11-27 06:30:00+05:30,11.93,91.01,2.37,298.7,1004.0999999999999,37.9,38.0,0.0,10.54
2024-11-27 07:30:00+05:30,14.24,79.39,2.86,296.1,1004.8000000000001,200.15,201.0,0.0,10.76
2024-11-27 08:30:00+05:30,16.32,71.91,1.74,273.6,1005.4000000000001,358.73,360.2,0.0,11.27
2024-11-27 09:30:00+05:30,20.1,55.77,1.52,293.7,1005.6999999999999,505.17,507.08,0.0,11.01
2024-11-27 10:30:00+05:30,23.54,40.22,1.72,317.1,1005.1,598.25,600.28,0.0,9.27
2024-11-27 11:30:00+05:30,24.78,35.92,1.5,309.3,1004.0999999999999,577.75,579.47,0.0,8.69
2024-11-27 12:30:00+05:30,25.32,33.95,1.53,297.6,1003.0,527.17,529.1,0.0,8.33
2024-11-27 13:30:00+05:30,25.38,33.26,1.65,289.4,1002.2,420.17,421.9,0.0,8.08
2024-11-27 14:30:00+05:30,25.02,33.1,1.64,287.0,1001.7,292.35,293.88,0.0,7.71
2024-11-27 15:30:00+05:30,24.02,37.97,1.23,286.1,1001.5,128.4,129.12,0.0,8.82
2024-11-27 16:30:00+05:30,22.3,45.1,0.81,277.1,1001.7,14.3,14.32,0.0,9.78
2024-11-27 17:30:00+05:30,21.63,40.4,0.58,252.8,1002.2,0.0,0.0,0.0,7.63
2024-11-27 18:30:00+05:30,20.96,41.35,0.59,220.2,1002.8,0.0,0.0,0.0,7.38
2024-11-27 19:30:00+05:30,19.93,44.43,0.82,204.4,1003.5,0.0,0.0,0.0,7.49
2024-11-27 20:30:00+05:30,18.57,49.13,1.27,206.6,1003.8,0.0,0.0,0.0,7.7
2024-11-27 21:30:00+05:30,17.15,54.22,1.84,214.1,1004.0999999999999,0.0,0.0,0.0,7.84
2024-11-27 22:30:00+05:30,15.55,60.78,2.33,223.4,1004.2,0.0,0.0,0.0,8.02
2024-11-27 23:30:00+05:30,14.33,66.12,2.67,234.0,1003.9,0.0,0.0,0.0,8.11
2024-11-28 00:30:00+05:30,13.56,69.29,2.84,245.2,1003.7,0.0,0.0,0.0,8.06
2024-11-28 01:30:00+05:30,12.96,71.51,2.91,256.1,1003.5,0.0,0.0,0.0,7.95
2024-11-28 02:30:00+05:30,12.49,73.19,2.82,265.5,1003.3,0.0,0.0,0.0,7.84
2024-11-28 03:30:00+05:30,12.09,74.46,2.62,275.0,1003.4000000000001,0.0,0.0,0.0,7.71
2024-11-28 04:30:00+05:30,11.85,74.86,2.35,283.3,1003.6,0.0,0.0,0.0,7.55
2024-11-28 05:30:00+05:30,11.99,72.97,1.92,282.9,1004.3000000000001,0.0,0.0,0.0,7.33
2024-11-28 06:30:00+05:30,12.29,72.06,1.55,264.8,1005.3,34.58,34.6,0.0,7.42
2024-11-28 07:30:00+05:30,14.34,67.51,1.73,238.7,1006.2,186.4,186.85,0.0,8.42
2024-11-28 08:30:00+05:30,16.35,59.72,2.1,229.6,1007.0,344.4,345.3,0.0,8.52
2024-11-28 09:30:00+05:30,19.57,49.54,1.96,231.0,1007.0,493.7,494.98,0.0,8.77
2024-11-28 10:30:00+05:30,23.4,36.66,1.13,229.3,1006.5,589.9,591.42,0.0,7.78
2024-11-28 11:30:00+05:30,25.14,32.54,0.63,241.4,1005.5,543.62,544.95,0.0,7.57
2024-11-28 12:30:00+05:30,25.77,31.12,0.52,278.9,1004.4,500.38,502.12,0.0,7.46
2024-11-28 13:30:00+05:30,25.9,30.57,0.48,301.4,1003.5,397.92,399.5,0.0,7.32
2024-11-28 14:30:00+05:30,25.64,31.02,0.25,326.3,1002.9000000000001,276.92,278.12,0.0,7.3
2024-11-28 15:30:00+05:30,24.63,36.86,0.16,104.9,1002.8,119.3,119.85,0.0,8.87
2024-11-28 16:30:00+05:30,23.01,40.59,0.57,148.0,1003.1,13.35,13.38,0.0,8.88
2024-11-28 17:30:00+05:30,21.13,42.74,1.0,163.7,1003.7,0.0,0.0,0.0,8.0
2024-11-28 18:30:00+05:30,20.12,45.59,1.32,176.1,1004.5,0.0,0.0,0.0,8.03
2024-11-28 19:30:00+05:30,19.24,48.1,1.47,186.3,1005.0,0.0,0.0,0.0,8.02
2024-11-28 20:30:00+05:30,18.7,49.02,1.34,199.1,1005.3,0.0,0.0,0.0,7.8
2024-11-28 21:30:00+05:30,17.93,50.98,1.25,217.9,1005.4000000000001,0.0,0.0,0.0,7.66
2024-11-28 22:30:00+05:30,17.19,52.85,1.55,231.3,1005.3,0.0,0.0,0.0,7.51
2024-11-28 23:30:00+05:30,15.77,58.19,1.99,237.5,1005.1,0.0,0.0,0.0,7.59
2024-11-29 00:30:00+05:30,14.45,63.44,2.38,247.2,1005.0,0.0,0.0,0.0,7.62
2024-11-29 01:30:00+05:30,13.49,66.99,2.58,262.4,1004.8000000000001,0.0,0.0,0.0,7.49
2024-11-29 02:30:00+05:30,12.85,68.64,2.63,281.9,1004.5,0.0,0.0,0.0,7.24
2024-11-29 03:30:00+05:30,12.28,69.8,2.63,302.1,1004.4,0.0,0.0,0.0,6.95
2024-11-29 04:30:00+05:30,11.84,70.48,2.54,316.4,1004.5999999999999,0.0,0.0,0.0,6.67
2024-11-29 05:30:00+05:30,11.79,69.37,2.2,323.9,1005.3,0.0,0.0,0.0,6.38
2024-11-29 06:30:00+05:30,12.41,66.43,1.54,320.5,1006.2,30.0,30.17,0.0,6.36
2024-11-29 07:30:00+05:30,14.51,61.97,1.05,285.0,1007.0999999999999,173.2,174.48,0.0,7.3
2024-11-29 08:30:00+05:30,16.47,54.6,1.24,238.9,1007.8,304.98,306.95,0.0,7.32
2024-11-29 09:30:00+05:30,20.05,45.17,0.91,227.2,1007.6,443.95,446.25,0.0,7.85
2024-11-29 10:30:00+05:30,23.78,35.29,0.78,126.1,1006.8000000000001,536.17,538.17,0.0,7.55
2024-11-29 11:30:00+05:30,24.88,32.65,1.05,121.4,1005.6999999999999,522.97,524.17,0.0,7.39
2024-11-29 12:30:00+05:30,25.39,31.54,0.86,127.4,1004.5,482.58,483.02,0.0,7.32
2024-11-29 13:30:00+05:30,25.45,31.35,0.59,146.9,1003.6,381.9,381.92,0.0,7.28
2024-11-29 14:30:00+05:30,25.08,32.13,0.31,196.7,1003.1,266.7,268.45,0.0,7.32
2024-11-29 15:30:00+05:30,23.97,38.52,0.51,271.1,1003.0,106.88,108.15,0.0,8.93
2024-11-29 16:30:00+05:30,21.68,46.66,0.97,283.2,1003.1999999999999,12.3,12.57,0.0,9.71
2024-11-29 17:30:00+05:30,20.28,45.23,1.38,284.7,1003.6,0.0,0.0,0.0,8.05
2024-11-29 18:30:00+05:30,19.2,47.9,1.6,283.8,1004.3000000000001,0.0,0.0,0.0,7.92
2024-11-29 19:30:00+05:30,18.24,50.13,1.78,283.6,1004.9,0.0,0.0,0.0,7.7
2024-11-29 20:30:00+05:30,17.12,53.25,2.06,286.9,1005.3,0.0,0.0,0.0,7.55
2024-11-29 21:30:00+05:30,16.02,56.4,2.32,291.5,1005.3,0.0,0.0,0.0,7.38
2024-11-29 22:30:00+05:30,15.06,59.12,2.49,296.5,1005.0,0.0,0.0,0.0,7.16
2024-11-29 23:30:00+05:30,14.19,61.61,2.59,300.3,1004.3000000000001,0.0,0.0,0.0,6.96
2024-11-30 00:30:00+05:30,13.26,65.0,2.75,304.0,1003.9,0.0,0.0,0.0,6.85
2024-11-30 01:30:00+05:30,12.47,68.21,2.88,307.1,1003.6,0.0,0.0,0.0,6.81
2024-11-30 02:30:00+05:30,11.78,71.73,2.89,308.0,1003.6,0.0,0.0,0.0,6.88
2024-11-30 03:30:00+05:30,11.1,75.9,2.84,308.0,1003.8,0.0,0.0,0.0,7.04
2024-11-30 04:30:00+05:30,10.49,80.46,2.71,307.0,1004.2,0.0,0.0,0.0,7.3
2024-11-30 05:30:00+05:30,9.96,85.25,2.56,304.8,1004.8000000000001,0.0,0.0,0.0,7.63
2024-11-30 06:30:00+05:30,9.98,87.83,2.28,300.8,1005.6999999999999,26.5,26.58,0.0,8.09
2024-11-30 07:30:00+05:30,12.56,76.71,2.68,288.2,1006.4,156.1,156.93,0.0,8.62
2024-11-30 08:30:00+05:30,14.51,69.72,2.28,278.8,1006.8000000000001,273.55,274.67,0.0,9.08
2024-11-30 09:30:00+05:30,17.75,59.13,2.0,283.9,1006.5999999999999,403.83,404.98,0.0,9.7
2024-11-30 10:30:00+05:30,21.8,42.64,1.86,298.2,1005.6999999999999,493.15,494.0,0.0,8.56
2024-11-30 11:30:00+05:30,24.0,35.02,1.47,302.5,1004.4,533.2,533.72,0.0,7.63
2024-11-30 12:30:00+05:30,24.77,33.24,1.66,307.1,1003.1,494.3,494.5,0.0,7.54
2024-11-30 13:30:00+05:30,24.99,32.21,1.97,310.1,1001.9,391.58,391.6,0.0,7.28
2024-11-30 14:30:00+05:30,24.14,35.3,1.85,307.7,1001.3,257.7,259.35,0.0,7.85
2024-11-30 15:30:00+05:30,22.33,51.6,1.39,297.5,1001.0,111.25,112.03,0.0,11.81
2024-11-30 16:30:00+05:30,20.64,48.06,1.53,279.0,1001.1,12.98,12.88,0.0,9.26
2024-11-30 17:30:00+05:30,19.33,48.03,1.74,266.4,1001.7,0.0,0.0,0.0,8.08
2024-11-30 18:30:00+05:30,18.27,50.52,1.94,259.3,1002.4,0.0,0.0,0.0,7.84
2024-11-30 19:30:00+05:30,17.19,53.22,2.16,258.2,1003.0,0.0,0.0,0.0,7.62
2024-11-30 20:30:00+05:30,16.1,56.35,2.39,261.3,1003.1999999999999,0.0,0.0,0.0,7.44
2024-11-30 21:30:00+05:30,14.99,59.94,2.64,266.3,1003.1999999999999,0.0,0.0,0.0,7.3
2024-11-30 22:30:00+05:30,14.02,63.1,2.83,272.2,1002.9000000000001,0.0,0.0,0.0,7.15
2024-11-30 23:30:00+05:30,13.22,65.83,2.97,279.1,1002.6999999999999,0.0,0.0,0.0,7.0
2024-12-01 00:30:00+05:30,12.53,68.41,3.03,286.3,1002.5,0.0,0.0,0.0,6.91
2024-12-01 01:30:00+05:30,11.91,71.37,3.07,293.6,1002.3000000000001,0.0,0.0,0.0,6.92
2024-12-01 02:30:00+05:30,11.36,74.6,3.04,300.9,1002.2,0.0,0.0,0.0,7.05
2024-12-01 03:30:00+05:30,10.83,78.27,2.93,307.2,1002.4,0.0,0.0,0.0,7.24
2024-12-01 04:30:00+05:30,10.33,81.71,2.77,311.9,1002.6999999999999,0.0,0.0,0.0,7.37
2024-12-01 05:30:00+05:30,9.9,84.68,2.59,315.3,1003.3,0.0,0.0,0.0,7.46
2024-12-01 06:30:00+05:30,9.98,85.32,2.29,315.0,1003.9,26.4,26.58,0.0,7.66
2024-12-01 07:30:00+05:30,12.59,74.12,2.48,308.3,1004.5999999999999,144.7,148.15,0.0,8.14
2024-12-01 08:30:00+05:30,14.65,66.57,1.92,294.3,1005.1,287.08,301.4,0.0,8.52
2024-12-01 09:30:00+05:30,18.1,55.91,1.49,297.9,1005.1999999999999,421.62,443.92,0.0,9.19
2024-12-01 10:30:00+05:30,22.33,41.41,1.5,337.2,1004.5,530.03,539.42,0.0,8.62
2024-12-01 11:30:00+05:30,23.9,37.07,1.08,344.9,1003.1999999999999,518.1,522.72,0.0,8.39
2024-12-01 12:30:00+05:30,24.54,35.73,1.03,342.4,1001.7,480.2,489.3,0.0,8.4
2024-12-01 13:30:00+05:30,24.78,35.28,1.01,337.2,1000.5,380.12,382.5,0.0,8.43
2024-12-01 14:30:00+05:30,24.4,36.16,1.02,326.6,999.7,257.67,260.1,0.0,8.45
2024-12-01 15:30:00+05:30,23.13,47.78,0.89,308.2,999.3000000000001,108.57,110.78,0.0,11.33
2024-12-01 16:30:00+05:30,21.14,49.05,1.05,285.0,999.2,12.1,12.75,0.0,10.02
2024-12-01 17:30:00+05:30,19.77,49.12,1.43,272.8,999.5,0.0,0.0,0.0,8.8
2024-12-01 18:30:00+05:30,18.49,52.86,1.81,269.7,1000.1999999999999,0.0,0.0,0.0,8.72
2024-12-01 19:30:00+05:30,17.11,57.13,2.17,271.3,1000.9000000000001,0.0,0.0,0.0,8.56
2024-12-01 20:30:00+05:30,15.94,60.17,2.43,273.3,1001.4,0.0,0.0,0.0,8.25
2024-12-01 21:30:00+05:30,14.94,62.57,2.61,277.5,1001.5999999999999,0.0,0.0,0.0,7.87
2024-12-01 22:30:00+05:30,14.06,64.44,2.74,282.7,1001.5,0.0,0.0,0.0,7.49
2024-12-01 23:30:00+05:30,13.27,66.47,2.82,287.1,1001.4,0.0,0.0,0.0,7.18
2024-12-02 00:30:00+05:30,12.59,68.39,2.84,291.5,1001.2,0.0,0.0,0.0,6.96
2024-12-02 01:30:00+05:30,11.96,70.7,2.84,296.6,1001.0,0.0,0.0,0.0,6.84
2024-12-02 02:30:00+05:30,11.42,73.25,2.8,302.6,1000.6999999999999,0.0,0.0,0.0,6.82
2024-12-02 03:30:00+05:30,10.93,76.15,2.75,308.2,1000.6,0.0,0.0,0.0,6.91
2024-12-02 04:30:00+05:30,10.51,79.1,2.65,311.0,1001.0,0.0,0.0,0.0,7.06
2024-12-02 05:30:00+05:30,10.12,82.16,2.55,311.8,1001.9,0.0,0.0,0.0,7.24
2024-12-02 06:30:00+05:30,10.24,83.5,2.28,310.4,1002.8,28.12,28.23,0.0,7.6
2024-12-02 07:30:00+05:30,13.02,72.41,2.41,303.0,1003.6,162.23,163.55,0.0,8.19
2024-12-02 08:30:00+05:30,15.27,64.55,1.9,285.6,1004.0999999999999,326.02,330.15,0.0,8.65
2024-12-02 09:30:00+05:30,19.08,53.05,1.32,289.9,1004.4,473.9,478.33,0.0,9.33
2024-12-02 10:30:00+05:30,22.95,41.18,0.38,293.2,1004.0999999999999,571.22,575.1,0.0,9.09
2024-12-02 11:30:00+05:30,24.3,38.04,0.57,240.7,1003.3,544.8,547.03,0.0,9.13
2024-12-02 12:30:00+05:30,24.94,36.32,0.84,253.3,1002.4,507.83,509.85,0.0,9.01
2024-12-02 13:30:00+05:30,25.14,35.31,0.97,261.7,1001.5,415.55,421.42,0.0,8.76
2024-12-02 14:30:00+05:30,24.86,35.54,0.93,268.2,1001.3,268.5,276.4,0.0,8.61
2024-12-02 15:30:00+05:30,23.97,41.76,0.65,283.4,1001.2,118.75,122.25,0.0,10.15
2024-12-02 16:30:00+05:30,22.6,43.4,0.49,305.0,1001.3,13.88,13.82,0.0,9.51
2024-12-02 17:30:00+05:30,21.63,42.79,0.46,327.3,1001.8000000000001,0.0,0.0,0.0,8.47
2024-12-02 18:30:00+05:30,21.09,43.62,0.38,346.3,1002.6,0.0,0.0,0.0,8.26
2024-12-02 19:30:00+05:30,20.62,44.21,0.24,4.8,1003.1999999999999,0.0,0.0,0.0,8.03
2024-12-02 20:30:00+05:30,20.14,44.81,0.14,324.0,1003.6,0.0,0.0,0.0,7.8
2024-12-02 21:30:00+05:30,19.44,46.16,0.31,286.7,1003.5,0.0,0.0,0.0,7.61
2024-12-02 22:30:00+05:30,18.66,47.41,0.64,289.3,1003.3,0.0,0.0,0.0,7.28
2024-12-02 23:30:00+05:30,17.62,50.36,1.04,293.8,1003.1,0.0,0.0,0.0,7.22
2024-12-03 00:30:00+05:30,16.28,54.83,1.37,297.3,1003.0,0.0,0.0,0.0,7.2
2024-12-03 01:30:00+05:30,15.46,57.13,1.63,297.8,1002.8,0.0,0.0,0.0,7.04
2024-12-03 02:30:00+05:30,14.49,60.22,1.83,295.6,1002.6,0.0,0.0,0.0,6.92
2024-12-03 03:30:00+05:30,13.54,63.54,2.0,293.6,1002.6999999999999,0.0,0.0,0.0,6.79
2024-12-03 04:30:00+05:30,12.71,66.46,2.11,290.8,1003.1,0.0,0.0,0.0,6.66
2024-12-03 05:30:00+05:30,12.02,69.13,2.19,285.4,1003.8,0.0,0.0,0.0,6.56
2024-12-03 06:30:00+05:30,11.73,71.22,2.21,278.3,1004.5,26.6,27.33,0.0,6.72
2024-12-03 07:30:00+05:30,14.44,64.18,2.3,272.2,1005.1999999999999,157.27,161.95,0.0,7.76
2024-12-03 08:30:00+05:30,16.67,53.79,2.46,266.3,1005.6,313.6,325.73,0.0,7.28
2024-12-03 09:30:00+05:30,19.7,47.82,1.82,263.4,1005.6,458.4,469.88,0.0,8.37
2024-12-03 10:30:00+05:30,23.6,38.59,1.26,278.6,1005.1999999999999,554.72,562.8,0.0,8.71
2024-12-03 11:30:00+05:30,26.36,33.22,0.93,294.1,1004.3000000000001,555.62,558.83,0.0,8.93
2024-12-03 12:30:00+05:30,27.35,31.49,1.15,300.8,1003.3,517.67,518.35,0.0,9.0
2024-12-03 13:30:00+05:30,27.63,30.65,1.5,305.5,1002.5,417.88,426.17,0.0,8.84
2024-12-03 14:30:00+05:30,27.1,32.58,1.75,307.8,1002.0,266.62,279.83,0.0,9.27
2024-12-03 15:30:00+05:30,25.39,46.74,1.45,305.8,1001.7,116.2,123.8,0.0,13.03
2024-12-03 16:30:00+05:30,23.02,47.71,1.66,299.7,1001.7,13.18,13.88,0.0,11.31
2024-12-03 17:30:00+05:30,21.5,47.37,1.87,296.7,1002.0,0.0,0.0,0.0,9.86
2024-12-03 18:30:00+05:30,20.26,50.22,2.08,295.7,1002.6,0.0,0.0,0.0,9.6
2024-12-03 19:30:00+05:30,18.79,54.39,2.38,296.1,1003.1999999999999,0.0,0.0,0.0,9.41
2024-12-03 20:30:00+05:30,17.23,59.37,2.76,298.1,1003.4000000000001,0.0,0.0,0.0,9.26
2024-12-03 21:30:00+05:30,16.01,63.02,3.02,300.5,1003.6,0.0,0.0,0.0,9.01
2024-12-03 22:30:00+05:30,15.15,65.57,3.12,301.7,1003.5,0.0,0.0,0.0,8.77
2024-12-03 23:30:00+05:30,14.46,67.86,3.16,299.8,1003.3,0.0,0.0,0.0,8.62
2024-12-04 00:30:00+05:30,13.91,69.92,3.16,295.3,1003.3,0.0,0.0,0.0,8.55
2024-12-04 01:30:00+05:30,13.45,71.92,3.15,288.5,1003.1,0.0,0.0,0.0,8.53
2024-12-04 02:30:00+05:30,13.07,73.72,3.13,283.3,1002.9000000000001,0.0,0.0,0.0,8.53
2024-12-04 03:30:00+05:30,12.7,75.51,3.11,278.9,1002.6999999999999,0.0,0.0,0.0,8.52
2024-12-04 04:30:00+05:30,12.34,77.1,3.08,274.7,1002.6999999999999,0.0,0.0,0.0,8.48
2024-12-04 05:30:00+05:30,11.97,78.68,3.04,271.3,1003.0,0.0,0.0,0.0,8.41
2024-12-04 06:30:00+05:30,12.17,78.24,2.93,268.6,1003.4000000000001,34.1,34.12,0.0,8.52
2024-12-04 07:30:00+05:30,15.28,65.04,3.99,265.5,1003.8,210.52,211.35,0.0,8.78
2024-12-04 08:30:00+05:30,17.92,57.43,3.34,258.8,1004.3000000000001,392.7,393.62,0.0,9.42
2024-12-04 09:30:00+05:30,21.97,47.42,3.17,263.1,1004.5,548.0,548.8,0.0,10.3
2024-12-04 10:30:00+05:30,26.31,33.92,4.43,287.1,1004.2,646.75,647.22,0.0,9.19
2024-12-04 11:30:00+05:30,27.85,30.2,4.59,288.0,1003.5,672.8,672.83,0.0,8.82
2024-12-04 12:30:00+05:30,28.68,28.14,4.8,286.7,1002.5,635.33,635.35,0.0,8.48
2024-12-04 13:30:00+05:30,28.89,27.26,5.02,285.6,1001.7,530.35,530.35,0.0,8.19
2024-12-04 14:30:00+05:30,28.38,28.1,5.05,284.4,1001.2,368.9,369.48,0.0,8.21
2024-12-04 15:30:00+05:30,26.42,37.8,3.57,282.1,1001.0,176.9,177.6,0.0,10.84
2024-12-04 16:30:00+05:30,21.85,52.58,3.21,277.5,1001.0,19.25,19.3,0.0,11.74
2024-12-04 17:30:00+05:30,19.43,55.84,3.63,275.5,1001.3,0.0,0.0,0.0,10.41
2024-12-04 18:30:00+05:30,18.53,57.39,3.74,275.8,1002.0,0.0,0.0,0.0,9.99
2024-12-04 19:30:00+05:30,17.74,59.4,3.85,277.3,1002.5,0.0,0.0,0.0,9.76
2024-12-04 20:30:00+05:30,17.03,62.06,3.92,278.1,1002.8,0.0,0.0,0.0,9.74
2024-12-04 21:30:00+05:30,16.36,65.29,3.84,276.9,1003.0,0.0,0.0,0.0,9.86
2024-12-04 22:30:00+05:30,15.78,68.55,3.73,275.1,1002.9000000000001,0.0,0.0,0.0,10.03
2024-12-04 23:30:00+05:30,15.29,71.1,3.69,273.7,1002.9000000000001,0.0,0.0,0.0,10.11
2024-12-05 00:30:00+05:30,14.81,73.23,3.65,273.3,1002.8,0.0,0.0,0.0,10.09
2024-12-05 01:30:00+05:30,14.31,75.24,3.6,273.5,1002.6999999999999,0.0,0.0,0.0,10.01
2024-12-05 02:30:00+05:30,13.76,77.25,3.49,273.5,1002.5,0.0,0.0,0.0,9.88
2024-12-05 03:30:00+05:30,13.18,79.27,3.38,272.9,1002.4,0.0,0.0,0.0,9.7
2024-12-05 04:30:00+05:30,12.6,81.26,3.27,271.2,1002.6,0.0,0.0,0.0,9.51
2024-12-05 05:30:00+05:30,12.05,83.26,3.17,268.6,1003.0,0.0,0.0,0.0,9.33
2024-12-05 06:30:00+05:30,12.2,82.14,3.26,264.4,1003.4000000000001,35.12,35.28,0.0,9.26
2024-12-05 07:30:00+05:30,14.95,69.18,4.54,259.9,1004.0,209.3,210.52,0.0,9.39
2024-12-05 08:30:00+05:30,17.82,60.09,3.61,253.6,1004.7,397.05,398.77,0.0,9.99
2024-12-05 09:30:00+05:30,22.07,46.25,3.72,267.4,1005.0,551.72,553.45,0.0,10.02
2024-12-05 10:30:00+05:30,25.65,34.17,4.4,281.5,1004.7,649.42,650.8,0.0,8.73
2024-12-05 11:30:00+05:30,26.93,31.16,4.74,281.8,1003.9,659.7,660.6,0.0,8.49
2024-12-05 12:30:00+05:30,27.44,29.82,4.99,281.2,1002.8,620.3,620.72,0.0,8.28
2024-12-05 13:30:00+05:30,27.44,29.27,5.02,282.2,1001.9,513.7,513.7,0.0,8.01
2024-12-05 14:30:00+05:30,26.85,30.1,4.69,283.1,1001.3,353.5,353.65,0.0,7.9
2024-12-05 15:30:00+05:30,25.27,38.29,3.26,282.6,1001.0,167.57,167.73,0.0,10.01
2024-12-05 16:30:00+05:30,21.09,55.22,2.71,280.6,1001.0,18.3,18.27,0.0,11.77
2024-12-05 17:30:00+05:30,18.86,57.71,3.02,280.5,1001.3,0.0,0.0,0.0,10.37
2024-12-05 18:30:00+05:30,17.85,60.04,3.15,282.4,1001.8000000000001,0.0,0.0,0.0,10.02
2024-12-05 19:30:00+05:30,16.93,62.51,3.26,286.0,1002.4,0.0,0.0,0.0,9.75
2024-12-05 20:30:00+05:30,16.12,64.8,3.31,289.6,1002.8,0.0,0.0,0.0,9.52
2024-12-05 21:30:00+05:30,15.42,67.13,3.29,292.4,1002.9000000000001,0.0,0.0,0.0,9.38
2024-12-05 22:30:00+05:30,14.77,69.53,3.24,295.6,1002.9000000000001,0.0,0.0,0.0,9.28
2024-12-05 23:30:00+05:30,14.21,71.6,3.19,299.1,1002.8,0.0,0.0,0.0,9.18
2024-12-06 00:30:00+05:30,13.68,73.68,3.11,299.4,1002.6,0.0,0.0,0.0,9.1
2024-12-06 01:30:00+05:30,13.17,75.73,3.01,296.1,1002.3000000000001,0.0,0.0,0.0,9.01
2024-12-06 02:30:00+05:30,12.67,77.67,2.91,289.9,1001.9,0.0,0.0,0.0,8.9
2024-12-06 03:30:00+05:30,12.14,79.95,2.87,282.3,1001.5999999999999,0.0,0.0,0.0,8.8
2024-12-06 04:30:00+05:30,11.64,82.52,2.87,274.4,1001.7,0.0,0.0,0.0,8.78
2024-12-06 05:30:00+05:30,11.19,85.3,2.9,265.8,1002.2,0.0,0.0,0.0,8.83
2024-12-06 06:30:00+05:30,11.46,84.9,2.94,258.0,1002.8,33.47,33.5,0.0,9.03
2024-12-06 07:30:00+05:30,14.57,71.24,4.44,253.1,1003.4000000000001,206.73,207.05,0.0,9.44
2024-12-06 08:30:00+05:30,17.46,61.83,3.57,246.7,1004.0999999999999,393.58,394.17,0.0,10.08
2024-12-06 09:30:00+05:30,22.04,42.57,4.33,267.5,1004.5,550.85,551.58,0.0,8.74
2024-12-06 10:30:00+05:30,24.39,33.35,4.78,279.1,1004.0,643.83,651.17,0.0,7.26
2024-12-06 11:30:00+05:30,25.51,29.84,4.84,284.5,1003.0,646.72,664.17,0.0,6.63
2024-12-06 12:30:00+05:30,26.14,27.87,4.71,288.4,1001.8000000000001,614.0,625.8,0.0,6.17
2024-12-06 13:30:00+05:30,26.28,26.82,4.5,291.9,1001.0,512.78,520.42,0.0,5.73
2024-12-06 14:30:00+05:30,25.82,27.07,4.43,294.3,1000.5,353.48,360.7,0.0,5.49
2024-12-06 15:30:00+05:30,24.24,35.16,3.26,295.5,1000.1,170.05,171.3,0.0,7.82
2024-12-06 16:30:00+05:30,19.95,52.35,2.75,295.6,1000.0,18.98,18.98,0.0,9.92
2024-12-06 17:30:00+05:30,17.67,54.56,3.07,293.2,1000.3,0.0,0.0,0.0,8.43
2024-12-06 18:30:00+05:30,16.63,56.62,3.26,290.5,1000.8,0.0,0.0,0.0,8.01
2024-12-06 19:30:00+05:30,15.72,58.7,3.41,287.2,1001.3,0.0,0.0,0.0,7.68
2024-12-06 20:30:00+05:30,14.94,60.98,3.42,284.6,1001.5999999999999,0.0,0.0,0.0,7.52
2024-12-06 21:30:00+05:30,14.23,63.74,3.33,283.4,1001.5999999999999,0.0,0.0,0.0,7.49
2024-12-06 22:30:00+05:30,13.61,66.56,3.2,281.9,1001.5,0.0,0.0,0.0,7.54
2024-12-06 23:30:00+05:30,13.12,69.23,3.05,279.2,1001.3,0.0,0.0,0.0,7.63
2024-12-07 00:30:00+05:30,12.73,71.35,2.93,276.7,1001.2,0.0,0.0,0.0,7.71
2024-12-07 01:30:00+05:30,12.39,73.06,2.83,274.7,1001.1,0.0,0.0,0.0,7.73
2024-12-07 02:30:00+05:30,12.07,74.6,2.68,272.6,1001.0,0.0,0.0,0.0,7.72
2024-12-07 03:30:00+05:30,11.67,76.37,2.57,270.7,1000.9000000000001,0.0,0.0,0.0,7.67
2024-12-07 04:30:00+05:30,11.17,78.85,2.54,271.1,1001.3,0.0,0.0,0.0,7.67
2024-12-07 05:30:00+05:30,10.71,81.35,2.49,271.8,1002.0,0.0,0.0,0.0,7.68
2024-12-07 06:30:00+05:30,10.77,82.07,2.38,272.2,1002.6999999999999,31.95,31.98,0.0,7.86
2024-12-07 07:30:00+05:30,14.06,68.35,2.89,271.6,1003.3,204.15,204.32,0.0,8.34
2024-12-07 08:30:00+05:30,16.66,58.96,2.26,269.7,1003.9,385.23,385.42,0.0,8.64
2024-12-07 09:30:00+05:30,20.54,44.34,1.7,286.1,1004.0999999999999,537.72,537.9,0.0,8.01
2024-12-07 10:30:00+05:30,23.55,35.45,1.95,285.7,1003.7,633.03,633.15,0.0,7.43
2024-12-07 11:30:00+05:30,24.76,32.79,2.21,283.3,1003.0,628.15,628.22,0.0,7.35
2024-12-07 12:30:00+05:30,25.43,30.99,2.32,281.5,1001.9,586.08,586.1,0.0,7.1
2024-12-07 13:30:00+05:30,25.64,29.8,2.28,280.9,1001.0,478.6,478.88,0.0,6.71
2024-12-07 14:30:00+05:30,25.21,30.06,2.04,284.4,1000.4000000000001,321.35,321.75,0.0,6.46
2024-12-07 15:30:00+05:30,24.0,35.62,1.47,293.6,1000.1999999999999,151.5,151.8,0.0,7.86
2024-12-07 16:30:00+05:30,21.53,45.59,1.13,326.9,1000.3,16.58,16.55,0.0,9.26
2024-12-07 17:30:00+05:30,20.03,44.31,1.32,6.1,1000.8,0.0,0.0,0.0,7.53
2024-12-07 18:30:00+05:30,18.84,47.31,1.66,28.1,1001.5,0.0,0.0,0.0,7.42
2024-12-07 19:30:00+05:30,17.57,51.11,1.9,45.6,1002.0,0.0,0.0,0.0,7.37
2024-12-07 20:30:00+05:30,16.62,53.78,2.0,61.4,1002.3000000000001,0.0,0.0,0.0,7.24
2024-12-07 21:30:00+05:30,15.89,55.73,2.04,72.9,1002.3000000000001,0.0,0.0,0.0,7.09
2024-12-07 22:30:00+05:30,15.22,57.8,2.03,82.1,1002.2,0.0,0.0,0.0,6.99
2024-12-07 23:30:00+05:30,14.64,59.99,1.98,92.0,1002.0999999999999,0.0,0.0,0.0,6.98
2024-12-08 00:30:00+05:30,14.0,62.82,1.99,104.2,1002.0,0.0,0.0,0.0,7.06
2024-12-08 01:30:00+05:30,13.47,65.65,1.97,115.5,1002.0,0.0,0.0,0.0,7.2
2024-12-08 02:30:00+05:30,12.86,69.18,2.04,118.1,1002.0,0.0,0.0,0.0,7.38
2024-12-08 03:30:00+05:30,12.38,72.63,2.11,110.2,1002.2,0.0,0.0,0.0,7.63
2024-12-08 04:30:00+05:30,11.75,76.19,2.26,101.5,1002.4,0.0,0.0,0.0,7.72
2024-12-08 05:30:00+05:30,11.6,78.4,2.36,97.1,1003.0,0.0,0.0,0.0,7.99
2024-12-08 06:30:00+05:30,12.01,78.28,2.28,95.8,1003.5,23.48,23.48,0.0,8.36
2024-12-08 07:30:00+05:30,14.29,67.59,3.13,97.9,1004.2,158.9,159.2,0.0,8.4
2024-12-08 08:30:00+05:30,15.8,62.88,2.71,101.7,1004.8000000000001,299.98,300.45,0.0,8.76
2024-12-08 09:30:00+05:30,18.6,52.45,2.75,105.6,1004.9,434.7,435.27,0.0,8.71
2024-12-08 10:30:00+05:30,21.57,41.13,3.14,112.5,1004.3000000000001,519.0,519.65,0.0,7.84
2024-12-08 11:30:00+05:30,23.23,37.76,3.07,116.5,1003.3,514.4,515.08,0.0,8.07
2024-12-08 12:30:00+05:30,23.78,37.95,2.87,116.3,1002.0,470.08,470.83,0.0,8.63
2024-12-08 13:30:00+05:30,23.84,39.02,2.57,113.6,1001.2,371.15,371.75,0.0,9.1
2024-12-08 14:30:00+05:30,23.62,40.66,2.15,110.4,1000.6,233.6,234.07,0.0,9.51
2024-12-08 15:30:00+05:30,22.82,45.65,1.54,105.0,1000.3,119.15,119.45,0.0,10.49
2024-12-08 16:30:00+05:30,20.75,55.75,1.16,88.0,1000.1999999999999,13.0,13.0,0.0,11.61
2024-12-08 17:30:00+05:30,19.59,55.17,1.25,69.0,1000.4000000000001,0.0,0.0,0.0,10.37
2024-12-08 18:30:00+05:30,18.88,55.79,1.34,59.6,1000.8,0.0,0.0,0.0,9.89
2024-12-08 19:30:00+05:30,18.35,56.32,1.37,59.7,1001.0,0.0,0.0,0.0,9.54
2024-12-08 20:30:00+05:30,17.91,56.9,1.38,60.5,1001.1,0.0,0.0,0.0,9.27
2024-12-08 21:30:00+05:30,17.53,57.48,1.4,56.6,1001.1,0.0,0.0,0.0,9.07
2024-12-08 22:30:00+05:30,17.09,58.44,1.47,52.2,1001.0,0.0,0.0,0.0,8.91
2024-12-08 23:30:00+05:30,16.55,59.87,1.55,47.9,1000.6999999999999,0.0,0.0,0.0,8.75
2024-12-09 00:30:00+05:30,15.93,61.74,1.68,42.3,1000.4000000000001,0.0,0.0,0.0,8.61
2024-12-09 01:30:00+05:30,15.16,64.76,1.9,34.7,1000.3,0.0,0.0,0.0,8.6
2024-12-09 02:30:00+05:30,14.57,69.0,2.15,28.4,1000.3,0.0,0.0,0.0,8.96
2024-12-09 03:30:00+05:30,14.38,70.64,2.28,29.4,1000.4000000000001,0.0,0.0,0.0,9.13
2024-12-09 04:30:00+05:30,14.08,70.97,2.33,35.4,1000.9000000000001,0.0,0.0,0.0,8.91
2024-12-09 05:30:00+05:30,13.62,71.84,2.33,44.7,1001.5,0.0,0.0,0.0,8.65
2024-12-09 06:30:00+05:30,13.38,72.72,2.25,56.6,1002.4,17.98,18.08,0.0,8.6
2024-12-09 07:30:00+05:30,15.21,63.44,2.94,68.2,1003.1999999999999,118.53,120.6,0.0,8.35
2024-12-09 08:30:00+05:30,17.27,57.86,2.02,75.7,1003.9,251.88,262.58,0.0,8.93
2024-12-09 09:30:00+05:30,21.63,43.2,1.84,58.6,1004.0,353.85,355.8,0.0,8.61
2024-12-09 10:30:00+05:30,23.81,37.55,1.47,21.5,1003.5,463.25,463.85,0.0,8.5
2024-12-09 11:30:00+05:30,25.01,34.62,1.84,339.0,1002.8,356.92,405.2,0.0,8.37
2024-12-09 12:30:00+05:30,25.68,32.8,2.59,321.0,1001.8000000000001,373.33,376.98,0.0,8.15
2024-12-09 13:30:00+05:30,25.8,31.44,3.2,314.0,1001.1,285.6,297.62,0.0,7.64
2024-12-09 14:30:00+05:30,25.25,31.78,3.52,311.0,1000.8,189.88,193.12,0.0,7.3
2024-12-09 15:30:00+05:30,23.62,40.45,2.72,308.9,1000.8,81.75,82.32,0.0,9.34
2024-12-09 16:30:00+05:30,19.66,55.66,2.8,308.5,1001.1,10.65,10.62,0.0,10.56
2024-12-09 17:30:00+05:30,17.61,57.63,3.32,309.9,1001.8000000000001,0.0,0.0,0.0,9.17
2024-12-09 18:30:00+05:30,16.81,58.26,3.51,312.0,1002.8,0.0,0.0,0.0,8.59
2024-12-09 19:30:00+05:30,16.08,59.41,3.74,312.0,1003.6,0.0,0.0,0.0,8.2
2024-12-09 20:30:00+05:30,15.33,61.08,3.87,309.2,1004.0,0.0,0.0,0.0,7.91
2024-12-09 21:30:00+05:30,14.56,62.66,3.98,305.7,1004.2,0.0,0.0,0.0,7.55
2024-12-09 22:30:00+05:30,13.77,63.82,4.03,303.3,1004.4,0.0,0.0,0.0,7.06
2024-12-09 23:30:00+05:30,12.93,64.52,4.01,301.4,1004.4,0.0,0.0,0.0,6.4
2024-12-10 00:30:00+05:30,12.06,64.68,3.77,299.9,1004.5999999999999,0.0,0.0,0.0,5.61
2024-12-10 01:30:00+05:30,11.25,64.14,3.49,298.2,1004.4,0.0,0.0,0.0,4.7
2024-12-10 02:30:00+05:30,10.51,62.81,3.29,297.5,1004.0999999999999,0.0,0.0,0.0,3.69
2024-12-10 03:30:00+05:30,9.77,61.73,3.14,296.9,1003.7,0.0,0.0,0.0,2.73
2024-12-10 04:30:00+05:30,9.1,60.14,3.11,295.5,1003.7,0.0,0.0,0.0,1.76
2024-12-10 05:30:00+05:30,8.48,58.54,3.15,293.2,1004.2,0.0,0.0,0.0,0.81
2024-12-10 06:30:00+05:30,8.35,55.6,3.33,289.5,1005.0,21.85,22.65,0.0,-0.02
2024-12-10 07:30:00+05:30,10.53,43.88,4.59,285.4,1005.8,152.55,160.2,0.0,-1.22
2024-12-10 08:30:00+05:30,12.9,40.25,3.43,275.7,1006.5,309.42,336.38,0.0,-0.27
2024-12-10 09:30:00+05:30,16.87,35.44,2.99,277.3,1006.8000000000001,462.55,491.52,0.0,1.51
2024-12-10 10:30:00+05:30,21.0,29.37,4.39,304.4,1006.1,569.75,592.85,0.0,2.49
2024-12-10 11:30:00+05:30,22.42,26.66,4.58,311.7,1005.1,556.95,569.53,0.0,2.35
2024-12-10 12:30:00+05:30,23.29,25.37,4.58,316.3,1003.9,534.9,540.3,0.0,2.4
2024-12-10 13:30:00+05:30,23.64,24.99,4.35,318.5,1003.1,437.05,437.15,0.0,2.5
2024-12-10 14:30:00+05:30,23.25,26.14,3.92,315.4,1002.8,294.88,295.75,0.0,2.8
2024-12-10 15:30:00+05:30,21.62,37.47,2.5,307.7,1002.6999999999999,141.45,142.48,0.0,6.35
2024-12-10 16:30:00+05:30,17.76,52.43,2.42,295.7,1002.9000000000001,16.02,16.12,0.0,7.89
2024-12-10 17:30:00+05:30,15.78,53.5,2.74,289.0,1003.1999999999999,0.0,0.0,0.0,6.38
2024-12-10 18:30:00+05:30,14.63,56.38,2.96,283.9,1003.8,0.0,0.0,0.0,6.08
2024-12-10 19:30:00+05:30,13.61,58.83,3.18,277.6,1004.4,0.0,0.0,0.0,5.73
2024-12-10 20:30:00+05:30,12.77,60.66,3.36,273.4,1004.9,0.0,0.0,0.0,5.38
2024-12-10 21:30:00+05:30,12.05,62.26,3.43,271.2,1005.3,0.0,0.0,0.0,5.08
2024-12-10 22:30:00+05:30,11.36,64.45,3.5,269.8,1005.3,0.0,0.0,0.0,4.92
2024-12-10 23:30:00+05:30,10.69,67.5,3.57,268.2,1005.1999999999999,0.0,0.0,0.0,4.95
2024-12-11 00:30:00+05:30,10.08,71.09,3.61,267.8,1005.1,0.0,0.0,0.0,5.09
2024-12-11 01:30:00+05:30,9.51,74.4,3.6,271.3,1005.1,0.0,0.0,0.0,5.18
2024-12-11 02:30:00+05:30,8.92,77.26,3.53,276.5,1005.0,0.0,0.0,0.0,5.16
2024-12-11 03:30:00+05:30,8.27,80.15,3.43,279.6,1004.9,0.0,0.0,0.0,5.05
2024-12-11 04:30:00+05:30,7.58,83.1,3.26,281.1,1005.1,0.0,0.0,0.0,4.88
2024-12-11 05:30:00+05:30,6.88,86.27,3.1,278.9,1005.6999999999999,0.0,0.0,0.0,4.74
2024-12-11 06:30:00+05:30,6.78,86.61,3.27,274.4,1006.5999999999999,25.85,25.88,0.0,4.69
2024-12-11 07:30:00+05:30,8.86,75.51,4.14,267.8,1007.5,187.15,187.52,0.0,4.77
2024-12-11 08:30:00+05:30,11.76,63.99,3.05,250.9,1008.1,370.08,370.62,0.0,5.17
2024-12-11 09:30:00+05:30,16.41,41.64,2.7,260.6,1008.4000000000001,528.35,528.83,0.0,3.31
2024-12-11 10:30:00+05:30,20.21,26.19,2.74,273.6,1007.9000000000001,630.0,630.33,0.0,0.23
2024-12-11 11:30:00+05:30,21.62,23.5,2.8,274.9,1006.9,647.25,647.4,0.0,-0.06
2024-12-11 12:30:00+05:30,22.44,22.03,2.79,277.8,1005.6999999999999,610.55,610.6,0.0,-0.26
2024-12-11 13:30:00+05:30,22.71,21.47,2.73,280.6,1004.7,503.6,505.5,0.0,-0.41
2024-12-11 14:30:00+05:30,22.32,21.79,2.76,283.8,1004.0,344.12,348.0,0.0,-0.53
2024-12-11 15:30:00+05:30,20.76,32.61,2.04,284.8,1003.7,159.9,162.68,0.0,3.47
2024-12-11 16:30:00+05:30,16.94,47.05,2.31,283.3,1003.6,18.27,18.38,0.0,5.53
2024-12-11 17:30:00+05:30,14.92,46.17,2.68,283.6,1003.7,0.0,0.0,0.0,3.47
2024-12-11 18:30:00+05:30,13.67,48.33,2.9,287.1,1003.9,0.0,0.0,0.0,2.98
2024-12-11 19:30:00+05:30,12.57,50.41,3.09,287.5,1004.3000000000001,0.0,0.0,0.0,2.55
2024-12-11 20:30:00+05:30,11.57,52.21,3.3,288.2,1004.5999999999999,0.0,0.0,0.0,2.14
2024-12-11 21:30:00+05:30,10.73,53.71,3.43,289.4,1004.7,0.0,0.0,0.0,1.74
2024-12-11 22:30:00+05:30,10.02,55.01,3.48,291.0,1004.5,0.0,0.0,0.0,1.41
2024-12-11 23:30:00+05:30,9.35,56.3,3.47,292.7,1004.3000000000001,0.0,0.0,0.0,1.11
2024-12-12 00:30:00+05:30,8.7,58.1,3.39,293.8,1004.0999999999999,0.0,0.0,0.0,0.94
2024-12-12 01:30:00+05:30,8.01,60.42,3.28,293.1,1003.7,0.0,0.0,0.0,0.82
2024-12-12 02:30:00+05:30,7.32,62.84,3.15,290.6,1003.3,0.0,0.0,0.0,0.73
2024-12-12 03:30:00+05:30,6.65,65.61,2.99,287.1,1003.1,0.0,0.0,0.0,0.67
2024-12-12 04:30:00+05:30,6.07,68.29,2.81,279.8,1003.0,0.0,0.0,0.0,0.67
2024-12-12 05:30:00+05:30,5.58,71.03,2.69,269.1,1003.4000000000001,0.0,0.0,0.0,0.77
2024-12-12 06:30:00+05:30,5.7,72.06,2.6,257.6,1004.0,25.33,25.42,0.0,1.08
2024-12-12 07:30:00+05:30,8.83,58.92,3.89,247.3,1004.9,183.85,186.12,0.0,1.24
2024-12-12 08:30:00+05:30,11.62,50.92,3.62,241.8,1005.8,370.75,375.05,0.0,1.82
2024-12-12 09:30:00+05:30,15.74,35.72,3.41,251.2,1006.2,529.5,533.58,0.0,0.62
2024-12-12 10:30:00+05:30,19.47,24.74,3.93,254.8,1006.0,631.78,634.4,0.0,-1.2
2024-12-12 11:30:00+05:30,21.24,22.41,4.12,263.3,1005.1999999999999,641.35,642.58,0.0,-1.03
2024-12-12 12:30:00+05:30,22.32,21.14,4.17,273.7,1004.2,602.17,602.22,0.0,-0.95
2024-12-12 13:30:00+05:30,22.78,20.37,4.21,283.6,1003.4000000000001,493.35,495.45,0.0,-1.06
2024-12-12 14:30:00+05:30,22.44,20.67,4.07,291.0,1003.1,334.05,338.08,0.0,-1.14
2024-12-12 15:30:00+05:30,20.55,31.75,2.7,296.7,1002.9000000000001,154.05,156.25,0.0,2.96
2024-12-12 16:30:00+05:30,15.96,46.34,2.77,301.6,1003.1,17.83,18.0,0.0,4.43
2024-12-12 17:30:00+05:30,13.77,46.47,3.03,302.7,1003.6,0.0,0.0,0.0,2.52
2024-12-12 18:30:00+05:30,12.66,47.92,3.13,301.8,1004.3000000000001,0.0,0.0,0.0,1.95
2024-12-12 19:30:00+05:30,11.58,49.72,3.29,299.9,1004.9,0.0,0.0,0.0,1.46
2024-12-12 20:30:00+05:30,10.64,51.19,3.49,296.3,1005.4000000000001,0.0,0.0,0.0,0.98
2024-12-12 21:30:00+05:30,9.92,51.88,3.62,292.4,1005.6,0.0,0.0,0.0,0.53
2024-12-12 22:30:00+05:30,9.3,52.99,3.65,289.0,1005.6,0.0,0.0,0.0,0.24
2024-12-12 23:30:00+05:30,8.72,54.24,3.66,287.3,1005.3,0.0,0.0,0.0,0.03
2024-12-13 00:30:00+05:30,8.14,55.96,3.61,286.1,1005.1,0.0,0.0,0.0,-0.11
2024-12-13 01:30:00+05:30,7.54,57.81,3.54,284.2,1004.7,0.0,0.0,0.0,-0.22
2024-12-13 02:30:00+05:30,6.97,59.61,3.49,281.2,1004.4,0.0,0.0,0.0,-0.32
2024-12-13 03:30:00+05:30,6.45,61.44,3.45,277.5,1004.3000000000001,0.0,0.0,0.0,-0.4
2024-12-13 04:30:00+05:30,5.99,63.27,3.46,272.8,1004.5999999999999,0.0,0.0,0.0,-0.42
2024-12-13 05:30:00+05:30,5.62,65.12,3.56,269.0,1005.1,0.0,0.0,0.0,-0.39
2024-12-13 06:30:00+05:30,5.76,65.23,3.83,266.4,1005.6999999999999,22.95,22.7,0.0,-0.25
2024-12-13 07:30:00+05:30,8.33,55.46,5.26,262.9,1006.3,168.8,170.05,0.0,-0.04
2024-12-13 08:30:00+05:30,11.19,48.22,4.46,258.1,1007.0,345.5,353.08,0.0,0.66
2024-12-13 09:30:00+05:30,15.47,36.11,4.49,266.7,1007.3000000000001,505.4,507.48,0.0,0.51
2024-12-13 10:30:00+05:30,19.52,23.9,5.49,284.8,1006.9,611.53,613.85,0.0,-1.59
2024-12-13 11:30:00+05:30,22.12,18.84,5.78,293.9,1006.0,638.95,642.9,0.0,-2.63
2024-12-13 12:30:00+05:30,23.31,17.28,5.67,297.1,1004.9,601.2,604.97,0.0,-2.78
2024-12-13 13:30:00+05:30,23.78,16.84,5.5,298.0,1004.0,493.73,500.02,0.0,-2.77
2024-12-13 14:30:00+05:30,23.41,17.71,5.13,297.4,1003.6,336.08,341.73,0.0,-2.4
2024-12-13 15:30:00+05:30,21.12,29.71,3.21,295.4,1003.1999999999999,159.45,159.9,0.0,2.56
2024-12-13 16:30:00+05:30,16.13,43.83,3.25,290.7,1003.1999999999999,18.77,19.05,0.0,3.82
2024-12-13 17:30:00+05:30,13.66,46.19,3.64,286.6,1003.6,0.0,0.0,0.0,2.33
2024-12-13 18:30:00+05:30,12.64,47.12,3.85,283.8,1004.5999999999999,0.0,0.0,0.0,1.7
2024-12-13 19:30:00+05:30,11.73,48.55,3.85,280.5,1005.4000000000001,0.0,0.0,0.0,1.26
2024-12-13 20:30:00+05:30,10.84,50.91,3.84,276.6,1005.8,0.0,0.0,0.0,1.1
2024-12-13 21:30:00+05:30,10.14,53.48,3.82,272.8,1006.0,0.0,0.0,0.0,1.16
2024-12-13 22:30:00+05:30,9.51,56.86,3.76,268.5,1005.6999999999999,0.0,0.0,0.0,1.42
2024-12-13 23:30:00+05:30,9.01,60.32,3.75,264.3,1005.3,0.0,0.0,0.0,1.75
2024-12-14 00:30:00+05:30,8.64,62.84,3.81,263.2,1005.1,0.0,0.0,0.0,1.98
2024-12-14 01:30:00+05:30,8.25,64.82,3.85,266.0,1005.1,0.0,0.0,0.0,2.05
2024-12-14 02:30:00+05:30,7.69,67.35,3.76,267.4,1005.1999999999999,0.0,0.0,0.0,2.07
2024-12-14 03:30:00+05:30,7.06,70.17,3.66,264.2,1005.4000000000001,0.0,0.0,0.0,2.03
2024-12-14 04:30:00+05:30,6.46,72.83,3.58,260.0,1005.9000000000001,0.0,0.0,0.0,1.96
2024-12-14 05:30:00+05:30,5.9,75.22,3.49,257.2,1006.4,0.0,0.0,0.0,1.87
2024-12-14 06:30:00+05:30,5.88,75.21,3.49,255.4,1007.2,24.55,24.92,0.0,1.85
2024-12-14 07:30:00+05:30,8.55,62.97,4.64,254.0,1007.8,186.4,189.8,0.0,1.93
2024-12-14 08:30:00+05:30,11.37,53.95,3.51,250.0,1008.4000000000001,377.62,384.2,0.0,2.41
2024-12-14 09:30:00+05:30,15.47,38.82,3.33,265.5,1008.6,539.85,546.15,0.0,1.55
2024-12-14 10:30:00+05:30,18.86,29.82,3.26,276.9,1008.0,646.33,650.85,0.0,0.85
2024-12-14 11:30:00+05:30,21.69,22.59,3.52,285.7,1007.0999999999999,645.0,647.33,0.0,-0.56
2024-12-14 12:30:00+05:30,22.74,21.17,3.6,291.7,1006.0,611.47,612.58,0.0,-0.58
2024-12-14 13:30:00+05:30,22.99,20.95,3.52,295.0,1005.1,507.1,510.83,0.0,-0.52
2024-12-14 14:30:00+05:30,22.52,21.84,3.22,296.2,1004.5999999999999,346.95,352.52,0.0,-0.32
2024-12-14 15:30:00+05:30,20.27,39.84,1.93,292.8,1004.4,162.3,166.0,0.0,5.91
2024-12-14 16:30:00+05:30,16.97,43.27,2.22,287.0,1004.5999999999999,19.75,19.9,0.0,4.37
2024-12-14 17:30:00+05:30,15.29,41.91,2.41,285.4,1005.1,0.0,0.0,0.0,2.44
2024-12-14 18:30:00+05:30,14.22,43.45,2.48,286.4,1005.9000000000001,0.0,0.0,0.0,1.97
2024-12-14 19:30:00+05:30,13.29,45.03,2.49,286.1,1006.4,0.0,0.0,0.0,1.65
2024-12-14 20:30:00+05:30,12.36,47.31,2.5,280.4,1006.7,0.0,0.0,0.0,1.47
2024-12-14 21:30:00+05:30,11.32,50.44,2.59,271.1,1006.9,0.0,0.0,0.0,1.41
2024-12-14 22:30:00+05:30,10.07,54.96,2.83,263.7,1006.9,0.0,0.0,0.0,1.47
2024-12-14 23:30:00+05:30,8.97,59.45,3.11,260.2,1006.9,0.0,0.0,0.0,1.51
2024-12-15 00:30:00+05:30,8.21,62.75,3.25,258.8,1006.9,0.0,0.0,0.0,1.56
2024-12-15 01:30:00+05:30,7.62,65.93,3.26,259.6,1006.8000000000001,0.0,0.0,0.0,1.68
2024-12-15 02:30:00+05:30,7.07,69.25,3.21,263.2,1006.7,0.0,0.0,0.0,1.84
2024-12-15 03:30:00+05:30,6.57,72.33,3.14,267.6,1006.5999999999999,0.0,0.0,0.0,1.96
2024-12-15 04:30:00+05:30,6.12,74.96,3.09,271.1,1006.8000000000001,0.0,0.0,0.0,2.04
2024-12-15 05:30:00+05:30,5.71,77.34,3.05,274.7,1007.3000000000001,0.0,0.0,0.0,2.08
2024-12-15 06:30:00+05:30,5.79,77.69,2.91,276.9,1008.1999999999999,21.27,21.27,0.0,2.21
2024-12-15 07:30:00+05:30,8.9,63.84,3.82,276.6,1009.2,160.2,166.88,0.0,2.44
2024-12-15 08:30:00+05:30,11.48,55.07,2.86,272.2,1010.0,335.25,349.33,0.0,2.81
2024-12-15 09:30:00+05:30,15.14,42.35,2.34,283.1,1010.3,489.33,505.08,0.0,2.46
2024-12-15 10:30:00+05:30,18.27,33.38,2.05,292.9,1009.8000000000001,593.12,606.85,0.0,1.91
2024-12-15 11:30:00+05:30,21.07,25.77,1.69,306.3,1008.8,574.35,583.28,0.0,0.74
2024-12-15 12:30:00+05:30,22.16,23.96,1.71,312.4,1007.6,541.83,546.35,0.0,0.65
2024-12-15 13:30:00+05:30,22.57,23.41,1.95,311.7,1006.8000000000001,436.58,436.58,0.0,0.66
2024-12-15 14:30:00+05:30,21.96,24.4,2.16,310.3,1006.3,286.4,297.08,0.0,0.74
2024-12-15 15:30:00+05:30,19.87,41.74,1.63,305.7,1006.0,127.8,134.05,0.0,6.28
2024-12-15 16:30:00+05:30,17.02,44.28,1.97,301.5,1006.1,16.58,16.75,0.0,4.72
2024-12-15 17:30:00+05:30,15.7,42.41,2.07,302.2,1006.4,0.0,0.0,0.0,2.97
2024-12-15 18:30:00+05:30,14.89,43.08,2.06,301.5,1006.8000000000001,0.0,0.0,0.0,2.47
2024-12-15 19:30:00+05:30,14.25,43.62,2.0,298.0,1007.0999999999999,0.0,0.0,0.0,2.05
2024-12-15 20:30:00+05:30,13.95,42.76,1.78,292.1,1007.0,0.0,0.0,0.0,1.5
2024-12-15 21:30:00+05:30,13.6,42.49,1.62,280.7,1006.9,0.0,0.0,0.0,1.12
2024-12-15 22:30:00+05:30,12.78,44.6,1.73,267.0,1006.5,0.0,0.0,0.0,1.05
2024-12-15 23:30:00+05:30,11.46,49.22,2.08,258.4,1006.0,0.0,0.0,0.0,1.2
2024-12-16 00:30:00+05:30,10.07,54.62,2.44,255.5,1005.6,0.0,0.0,0.0,1.36
2024-12-16 01:30:00+05:30,8.89,59.4,2.72,258.3,1005.3,0.0,0.0,0.0,1.44
2024-12-16 02:30:00+05:30,8.04,62.93,2.91,268.0,1005.3,0.0,0.0,0.0,1.44
2024-12-16 03:30:00+05:30,7.4,65.59,3.02,279.5,1005.4000000000001,0.0,0.0,0.0,1.41
2024-12-16 04:30:00+05:30,6.87,67.89,3.02,287.7,1005.9000000000001,0.0,0.0,0.0,1.39
2024-12-16 05:30:00+05:30,6.38,70.26,2.93,292.0,1006.5,0.0,0.0,0.0,1.37
2024-12-16 06:30:00+05:30,6.27,71.2,2.72,292.5,1007.4,18.58,18.2,0.0,1.47
2024-12-16 07:30:00+05:30,8.84,61.77,2.76,287.3,1008.3,140.2,143.6,0.0,1.94
2024-12-16 08:30:00+05:30,11.01,53.07,2.7,274.7,1008.9,299.38,313.25,0.0,1.84
2024-12-16 09:30:00+05:30,13.99,45.96,2.11,258.3,1009.0,449.3,464.58,0.0,2.55
2024-12-16 10:30:00+05:30,17.48,35.91,1.64,253.3,1008.0,553.78,564.7,0.0,2.25
2024-12-16 11:30:00+05:30,20.82,27.55,1.23,256.4,1006.5999999999999,525.47,530.45,0.0,1.47
2024-12-16 12:30:00+05:30,22.11,25.91,1.59,263.9,1005.3,495.38,497.23,0.0,1.68
2024-12-16 13:30:00+05:30,22.45,25.59,1.98,270.6,1004.2,385.15,385.17,0.0,1.81
2024-12-16 14:30:00+05:30,21.65,30.38,1.8,271.6,1003.6,258.52,263.85,0.0,3.49
2024-12-16 15:30:00+05:30,19.33,46.62,1.61,266.8,1003.4000000000001,115.07,117.85,0.0,7.58
2024-12-16 16:30:00+05:30,17.56,42.76,1.81,264.0,1003.5,15.55,15.38,0.0,4.76
2024-12-16 17:30:00+05:30,16.49,42.44,1.9,260.6,1003.8,0.0,0.0,0.0,3.71
2024-12-16 18:30:00+05:30,15.41,45.31,2.11,254.3,1004.2,0.0,0.0,0.0,3.64
2024-12-16 19:30:00+05:30,14.19,48.84,2.39,248.7,1004.5,0.0,0.0,0.0,3.61
2024-12-16 20:30:00+05:30,12.94,52.98,2.72,245.9,1004.5999999999999,0.0,0.0,0.0,3.6
2024-12-16 21:30:00+05:30,11.92,56.31,2.95,244.5,1004.5999999999999,0.0,0.0,0.0,3.52
2024-12-16 22:30:00+05:30,11.2,58.55,3.04,244.3,1004.0999999999999,0.0,0.0,0.0,3.41
2024-12-16 23:30:00+05:30,10.56,60.7,3.06,247.3,1003.8,0.0,0.0,0.0,3.33
2024-12-17 00:30:00+05:30,9.93,63.3,3.06,254.6,1003.6,0.0,0.0,0.0,3.3
2024-12-17 01:30:00+05:30,9.31,65.99,3.05,265.1,1003.5,0.0,0.0,0.0,3.33
2024-12-17 02:30:00+05:30,8.7,69.49,3.0,275.4,1003.7,0.0,0.0,0.0,3.45
2024-12-17 03:30:00+05:30,8.12,72.74,2.85,281.7,1003.9,0.0,0.0,0.0,3.55
2024-12-17 04:30:00+05:30,7.6,75.54,2.67,281.9,1004.3000000000001,0.0,0.0,0.0,3.59
2024-12-17 05:30:00+05:30,7.16,77.91,2.55,276.3,1005.0,0.0,0.0,0.0,3.6
2024-12-17 06:30:00+05:30,7.0,79.32,2.5,267.9,1005.9000000000001,14.32,14.93,0.0,3.68
2024-12-17 07:30:00+05:30,9.28,70.45,2.61,260.3,1006.5999999999999,111.93,117.12,0.0,4.2
2024-12-17 08:30:00+05:30,11.89,59.23,3.23,253.2,1007.2,248.57,267.5,0.0,4.22
2024-12-17 09:30:00+05:30,15.32,48.85,2.44,250.8,1007.2,376.62,402.0,0.0,4.65
2024-12-17 10:30:00+05:30,18.5,40.35,1.95,249.6,1006.5,479.83,497.23,0.0,4.82
2024-12-17 11:30:00+05:30,21.56,32.03,1.33,226.2,1005.1999999999999,494.3,501.02,0.0,4.21
2024-12-17 12:30:00+05:30,23.09,28.98,1.15,218.7,1004.0999999999999,452.0,452.98,0.0,4.11
2024-12-17 13:30:00+05:30,23.53,28.37,1.11,229.0,1003.3,377.1,381.45,0.0,4.2
2024-12-17 14:30:00+05:30,23.01,29.94,1.05,236.6,1002.8,249.15,254.77,0.0,4.52
2024-12-17 15:30:00+05:30,21.37,43.82,0.87,247.8,1002.5,108.3,111.9,0.0,8.44
2024-12-17 16:30:00+05:30,19.24,42.04,1.04,263.4,1002.6999999999999,14.48,14.45,0.0,6.02
2024-12-17 17:30:00+05:30,17.75,42.87,1.21,278.5,1003.1999999999999,0.0,0.0,0.0,4.99
2024-12-17 18:30:00+05:30,16.72,45.11,1.63,292.0,1003.9,0.0,0.0,0.0,4.79
2024-12-17 19:30:00+05:30,15.57,47.85,1.88,300.7,1004.3000000000001,0.0,0.0,0.0,4.58
2024-12-17 20:30:00+05:30,14.91,48.79,1.91,305.6,1004.5,0.0,0.0,0.0,4.25
2024-12-17 21:30:00+05:30,14.52,48.86,1.84,306.8,1004.3000000000001,0.0,0.0,0.0,3.91
2024-12-17 22:30:00+05:30,14.12,49.04,1.73,305.8,1004.0999999999999,0.0,0.0,0.0,3.61
2024-12-17 23:30:00+05:30,13.43,50.65,1.84,305.2,1003.9,0.0,0.0,0.0,3.43
2024-12-18 00:30:00+05:30,12.41,54.04,2.06,306.7,1003.9,0.0,0.0,0.0,3.39
2024-12-18 01:30:00+05:30,11.45,57.33,2.21,308.6,1003.8,0.0,0.0,0.0,3.36
2024-12-18 02:30:00+05:30,10.61,60.49,2.22,309.1,1003.7,0.0,0.0,0.0,3.31
2024-12-18 03:30:00+05:30,9.88,63.25,2.13,307.4,1003.6,0.0,0.0,0.0,3.25
2024-12-18 04:30:00+05:30,9.26,65.83,1.97,298.1,1004.0,0.0,0.0,0.0,3.22
2024-12-18 05:30:00+05:30,8.66,68.45,1.87,279.9,1004.5999999999999,0.0,0.0,0.0,3.22
2024-12-18 06:30:00+05:30,7.95,72.62,2.03,261.5,1005.1999999999999,14.27,14.07,0.0,3.36
2024-12-18 07:30:00+05:30,10.04,67.15,2.38,252.6,1005.8,111.12,115.62,0.0,4.25
2024-12-18 08:30:00+05:30,12.37,56.88,2.88,246.5,1006.2,242.23,261.52,0.0,4.08
2024-12-18 09:30:00+05:30,15.46,48.46,2.24,246.9,1006.2,378.5,400.33,0.0,4.66
2024-12-18 10:30:00+05:30,18.96,38.36,1.86,258.5,1005.6,479.5,495.17,0.0,4.51
2024-12-18 11:30:00+05:30,21.65,31.77,1.61,268.2,1004.5,491.3,498.5,0.0,4.18
2024-12-18 12:30:00+05:30,22.63,30.13,1.63,279.9,1003.5,446.85,448.58,0.0,4.28
2024-12-18 13:30:00+05:30,22.93,29.74,1.58,289.9,1002.6999999999999,370.67,377.33,0.0,4.35
2024-12-18 14:30:00+05:30,22.57,30.85,1.54,299.6,1002.2,243.45,251.5,0.0,4.57
2024-12-18 15:30:00+05:30,20.7,47.34,1.27,304.4,1002.0,106.45,110.57,0.0,8.97
2024-12-18 16:30:00+05:30,18.2,46.91,1.68,303.3,1002.3000000000001,14.55,14.7,0.0,6.69
2024-12-18 17:30:00+05:30,16.78,47.24,1.82,305.6,1002.8,0.0,0.0,0.0,5.5
2024-12-18 18:30:00+05:30,16.25,47.23,1.64,309.3,1003.1,0.0,0.0,0.0,5.02
2024-12-18 19:30:00+05:30,15.42,48.63,1.67,309.4,1003.5,0.0,0.0,0.0,4.7
2024-12-18 20:30:00+05:30,14.77,49.67,1.65,309.8,1003.7,0.0,0.0,0.0,4.38
2024-12-18 21:30:00+05:30,14.17,50.95,1.64,308.3,1003.9,0.0,0.0,0.0,4.18
2024-12-18 22:30:00+05:30,13.6,52.25,1.54,308.1,1003.8,0.0,0.0,0.0,4.04
2024-12-18 23:30:00+05:30,12.93,53.93,1.32,306.7,1003.6,0.0,0.0,0.0,3.86
2024-12-19 00:30:00+05:30,12.54,54.99,1.16,305.9,1003.5,0.0,0.0,0.0,3.77
2024-12-19 01:30:00+05:30,12.19,56.05,1.07,309.7,1003.5,0.0,0.0,0.0,3.72
2024-12-19 02:30:00+05:30,11.98,56.71,0.74,306.3,1003.4000000000001,0.0,0.0,0.0,3.67
2024-12-19 03:30:00+05:30,11.28,59.28,0.42,238.6,1003.5,0.0,0.0,0.0,3.67
2024-12-19 04:30:00+05:30,9.94,65.38,0.97,201.2,1004.0,0.0,0.0,0.0,3.79
2024-12-19 05:30:00+05:30,9.03,70.27,1.43,200.5,1004.9,0.0,0.0,0.0,3.94
2024-12-19 06:30:00+05:30,8.43,74.58,1.68,199.1,1006.1,13.32,13.4,0.0,4.2
2024-12-19 07:30:00+05:30,10.29,71.51,1.7,197.1,1007.0,102.45,107.72,0.0,5.38
2024-12-19 08:30:00+05:30,12.86,60.8,1.62,196.5,1007.8,233.3,249.48,0.0,5.5
2024-12-19 09:30:00+05:30,16.04,51.0,0.78,149.2,1007.8,355.45,377.7,0.0,5.94
2024-12-19 10:30:00+05:30,19.79,39.62,1.78,120.0,1007.0,451.83,469.35,0.0,5.71
2024-12-19 11:30:00+05:30,21.49,35.19,2.01,115.0,1005.6,444.25,452.6,0.0,5.51
2024-12-19 12:30:00+05:30,22.09,34.24,1.7,107.8,1004.2,399.15,400.55,0.0,5.63
2024-12-19 13:30:00+05:30,22.2,34.75,1.26,97.7,1003.3,336.05,342.92,0.0,5.94
2024-12-19 14:30:00+05:30,22.13,36.74,0.94,73.9,1002.6,220.85,228.27,0.0,6.68
2024-12-19 15:30:00+05:30,20.67,47.11,0.93,43.7,1002.3000000000001,97.28,101.47,0.0,9.0
2024-12-19 16:30:00+05:30,18.62,47.25,1.38,32.3,1002.0999999999999,14.07,14.32,0.0,7.18
2024-12-19 17:30:00+05:30,17.16,49.21,1.73,33.2,1002.6,0.0,0.0,0.0,6.45
2024-12-19 18:30:00+05:30,16.32,50.81,1.87,33.7,1003.1,0.0,0.0,0.0,6.14
2024-12-19 19:30:00+05:30,15.72,51.74,1.86,34.7,1003.5,0.0,0.0,0.0,5.85
2024-12-19 20:30:00+05:30,15.41,51.97,1.69,34.9,1003.7,0.0,0.0,0.0,5.62
2024-12-19 21:30:00+05:30,15.09,52.31,1.35,28.8,1003.8,0.0,0.0,0.0,5.42
2024-12-19 22:30:00+05:30,14.63,53.3,1.12,14.5,1003.7,0.0,0.0,0.0,5.26
2024-12-19 23:30:00+05:30,14.38,53.47,1.03,1.1,1003.4000000000001,0.0,0.0,0.0,5.08
2024-12-20 00:30:00+05:30,13.35,57.05,1.13,352.4,1003.1,0.0,0.0,0.0,5.05
2024-12-20 01:30:00+05:30,12.57,59.81,1.19,344.5,1003.1,0.0,0.0,0.0,5.01
2024-12-20 02:30:00+05:30,11.85,62.59,1.15,351.0,1002.9000000000001,0.0,0.0,0.0,4.97
2024-12-20 03:30:00+05:30,11.52,63.72,0.97,3.0,1002.6999999999999,0.0,0.0,0.0,4.92
2024-12-20 04:30:00+05:30,11.11,65.5,0.77,6.8,1003.1,0.0,0.0,0.0,4.92
2024-12-20 05:30:00+05:30,10.56,68.0,0.49,15.5,1003.9,0.0,0.0,0.0,4.94
2024-12-20 06:30:00+05:30,10.15,70.73,0.21,117.8,1004.8000000000001,11.88,12.98,0.0,5.1
2024-12-20 07:30:00+05:30,10.71,71.43,0.64,165.5,1005.6999999999999,97.55,106.57,0.0,5.77
2024-12-20 08:30:00+05:30,12.64,64.23,0.76,174.0,1006.2,216.8,245.1,0.0,6.09
2024-12-20 09:30:00+05:30,15.95,53.35,0.43,113.0,1006.3,347.0,380.7,0.0,6.51
2024-12-20 10:30:00+05:30,19.05,44.7,0.85,72.2,1005.5,446.27,475.45,0.0,6.78
2024-12-20 11:30:00+05:30,21.34,39.82,0.9,62.3,1004.3000000000001,369.6,386.6,0.0,7.15
2024-12-20 12:30:00+05:30,23.2,35.79,0.85,37.8,1002.8,358.2,364.8,0.0,7.25
2024-12-20 13:30:00+05:30,24.02,33.65,1.25,8.3,1001.5999999999999,285.42,285.55,0.0,7.08
2024-12-20 14:30:00+05:30,23.69,34.13,1.71,5.7,1000.9000000000001,186.75,186.9,0.0,7.0
2024-12-20 15:30:00+05:30,21.87,48.49,1.47,10.2,1000.5,90.32,90.43,0.0,10.42
2024-12-20 16:30:00+05:30,18.99,51.76,1.89,18.8,1000.5,12.82,12.82,0.0,8.82
2024-12-20 17:30:00+05:30,17.68,51.26,2.02,26.2,1001.1,0.0,0.0,0.0,7.52
2024-12-20 18:30:00+05:30,16.95,52.55,2.04,29.7,1001.7,0.0,0.0,0.0,7.22
2024-12-20 19:30:00+05:30,16.34,53.71,2.04,27.7,1002.0999999999999,0.0,0.0,0.0,6.97
2024-12-20 20:30:00+05:30,15.78,55.05,2.02,20.2,1002.3000000000001,0.0,0.0,0.0,6.81
2024-12-20 21:30:00+05:30,15.28,56.3,2.01,8.6,1002.5,0.0,0.0,0.0,6.65
2024-12-20 22:30:00+05:30,14.66,58.12,2.07,357.2,1002.5,0.0,0.0,0.0,6.53
2024-12-20 23:30:00+05:30,13.91,60.49,2.17,348.6,1002.2,0.0,0.0,0.0,6.41
2024-12-21 00:30:00+05:30,13.09,63.28,2.29,343.5,1002.2,0.0,0.0,0.0,6.28
2024-12-21 01:30:00+05:30,12.21,66.13,2.41,341.6,1002.0999999999999,0.0,0.0,0.0,6.1
2024-12-21 02:30:00+05:30,11.33,68.9,2.5,344.7,1002.0999999999999,0.0,0.0,0.0,5.84
2024-12-21 03:30:00+05:30,10.56,70.77,2.46,350.2,1002.2,0.0,0.0,0.0,5.49
2024-12-21 04:30:00+05:30,9.99,71.59,2.25,355.9,1002.5,0.0,0.0,0.0,5.11
2024-12-21 05:30:00+05:30,9.81,70.66,1.84,0.3,1003.1999999999999,0.0,0.0,0.0,4.75
2024-12-21 06:30:00+05:30,10.1,68.05,1.27,0.5,1004.0,13.23,13.27,0.0,4.51
2024-12-21 07:30:00+05:30,11.32,65.55,0.68,338.4,1004.9,122.38,123.35,0.0,5.09
2024-12-21 08:30:00+05:30,12.91,57.56,0.78,278.9,1005.6,264.5,266.15,0.0,4.77
2024-12-21 09:30:00+05:30,15.57,50.73,1.15,267.0,1005.8,381.4,383.12,0.0,5.41
2024-12-21 10:30:00+05:30,19.21,40.56,1.18,304.0,1005.0,480.52,481.9,0.0,5.52
2024-12-21 11:30:00+05:30,22.24,33.14,1.85,341.8,1003.8,453.65,454.35,0.0,5.29
2024-12-21 12:30:00+05:30,23.44,29.89,2.39,344.7,1002.6999999999999,434.23,434.52,0.0,4.85
2024-12-21 13:30:00+05:30,23.81,28.34,2.66,346.1,1001.9,354.4,354.48,0.0,4.41
2024-12-21 14:30:00+05:30,23.45,29.34,2.38,346.4,1001.7,261.38,262.35,0.0,4.57
2024-12-21 15:30:00+05:30,21.44,46.9,1.51,341.9,1001.5999999999999,114.3,115.1,0.0,9.53
2024-12-21 16:30:00+05:30,19.65,40.32,1.49,329.8,1002.0,16.73,16.77,0.0,5.79
2024-12-21 17:30:00+05:30,18.16,40.99,1.5,321.8,1002.8,0.0,0.0,0.0,4.72
2024-12-21 18:30:00+05:30,17.75,40.44,1.58,319.9,1003.7,0.0,0.0,0.0,4.15
2024-12-21 19:30:00+05:30,17.0,41.44,1.61,321.3,1004.4,0.0,0.0,0.0,3.84
2024-12-21 20:30:00+05:30,16.18,43.07,1.69,322.9,1004.8000000000001,0.0,0.0,0.0,3.63
2024-12-21 21:30:00+05:30,15.38,44.78,1.79,322.0,1004.9,0.0,0.0,0.0,3.46
2024-12-21 22:30:00+05:30,14.67,46.2,1.83,317.7,1004.8000000000001,0.0,0.0,0.0,3.27
2024-12-21 23:30:00+05:30,13.98,47.69,1.83,310.6,1004.4,0.0,0.0,0.0,3.09
2024-12-22 00:30:00+05:30,13.19,49.67,1.89,302.9,1004.3000000000001,0.0,0.0,0.0,2.93
2024-12-22 01:30:00+05:30,12.26,52.45,2.02,295.8,1004.0999999999999,0.0,0.0,0.0,2.82
2024-12-22 02:30:00+05:30,11.3,55.51,2.13,291.5,1003.8,0.0,0.0,0.0,2.76
2024-12-22 03:30:00+05:30,10.45,58.47,2.17,289.1,1003.6,0.0,0.0,0.0,2.69
2024-12-22 04:30:00+05:30,9.74,61.06,2.15,287.0,1003.7,0.0,0.0,0.0,2.63
2024-12-22 05:30:00+05:30,9.23,63.08,2.09,284.4,1004.0999999999999,0.0,0.0,0.0,2.58
2024-12-22 06:30:00+05:30,8.73,66.0,2.12,278.7,1004.8000000000001,14.52,14.7,0.0,2.75
2024-12-22 07:30:00+05:30,10.95,62.56,2.15,274.5,1005.5,128.15,130.68,0.0,4.08
2024-12-22 08:30:00+05:30,13.37,50.45,2.65,271.5,1006.3,287.77,293.75,0.0,3.31
2024-12-22 09:30:00+05:30,16.41,44.16,2.12,274.1,1006.7,438.1,443.92,0.0,4.21
2024-12-22 10:30:00+05:30,20.09,36.06,1.7,292.1,1006.4,536.75,539.88,0.0,4.61
2024-12-22 11:30:00+05:30,23.2,29.06,1.37,280.9,1005.6,535.7,536.67,0.0,4.26
2024-12-22 12:30:00+05:30,24.21,27.21,1.38,272.1,1004.5999999999999,507.9,507.98,0.0,4.18
2024-12-22 13:30:00+05:30,24.43,26.78,1.14,280.1,1003.8,414.17,414.65,0.0,4.15
2024-12-22 14:30:00+05:30,23.88,28.37,0.8,303.3,1003.3,296.3,297.25,0.0,4.48
2024-12-22 15:30:00+05:30,22.27,41.44,0.68,356.6,1003.0,139.07,139.85,0.0,8.38
2024-12-22 16:30:00+05:30,19.79,40.64,1.13,28.6,1003.0,18.65,18.75,0.0,6.05
2024-12-22 17:30:00+05:30,18.4,41.69,1.54,41.8,1003.4000000000001,0.0,0.0,0.0,5.18
2024-12-22 18:30:00+05:30,17.06,45.22,1.87,49.3,1004.0,0.0,0.0,0.0,5.13
2024-12-22 19:30:00+05:30,15.95,48.02,2.05,54.9,1004.3000000000001,0.0,0.0,0.0,4.99
2024-12-22 20:30:00+05:30,15.29,49.46,2.08,58.4,1004.5,0.0,0.0,0.0,4.8
2024-12-22 21:30:00+05:30,15.06,49.54,1.93,62.2,1004.4,0.0,0.0,0.0,4.6
2024-12-22 22:30:00+05:30,14.95,49.22,1.69,70.0,1004.2,0.0,0.0,0.0,4.41
2024-12-22 23:30:00+05:30,14.74,49.4,1.38,83.3,1003.9,0.0,0.0,0.0,4.27
2024-12-23 00:30:00+05:30,14.31,50.58,1.14,102.2,1003.7,0.0,0.0,0.0,4.22
2024-12-23 01:30:00+05:30,13.87,51.53,1.09,121.1,1003.5,0.0,0.0,0.0,4.07
2024-12-23 02:30:00+05:30,13.13,54.07,1.38,130.9,1003.3,0.0,0.0,0.0,4.08
2024-12-23 03:30:00+05:30,11.94,59.95,1.75,136.2,1003.3,0.0,0.0,0.0,4.42
2024-12-23 04:30:00+05:30,10.81,66.37,2.06,137.6,1003.7,0.0,0.0,0.0,4.83
2024-12-23 05:30:00+05:30,9.98,71.77,2.25,137.9,1004.4,0.0,0.0,0.0,5.15
2024-12-23 06:30:00+05:30,9.65,75.97,2.32,138.3,1005.1,13.5,13.43,0.0,5.65
2024-12-23 07:30:00+05:30,11.95,70.05,2.37,139.5,1005.8,114.7,118.53,0.0,6.69
2024-12-23 08:30:00+05:30,14.3,61.99,2.36,137.2,1006.4,247.43,269.35,0.0,7.13
2024-12-23 09:30:00+05:30,17.68,50.03,2.07,120.2,1006.5999999999999,364.52,410.33,0.0,7.15
2024-12-23 10:30:00+05:30,21.48,40.05,2.56,124.2,1006.2,495.27,505.55,0.0,7.35
2024-12-23 11:30:00+05:30,23.78,38.33,2.31,128.3,1005.0,383.12,389.25,0.0,8.75
2024-12-23 12:30:00+05:30,24.87,38.81,1.83,124.6,1003.8,358.65,363.05,0.0,9.91
2024-12-23 13:30:00+05:30,25.32,39.58,1.47,112.0,1002.9000000000001,291.1,291.75,0.0,10.59
2024-12-23 14:30:00+05:30,25.14,40.94,1.45,90.8,1002.4,202.88,203.48,0.0,10.96
2024-12-23 15:30:00+05:30,23.5,53.96,1.39,68.0,1002.3000000000001,92.57,92.9,0.0,13.58
2024-12-23 16:30:00+05:30,19.99,61.84,2.3,56.2,1002.4,13.2,13.25,0.0,12.42
2024-12-23 17:30:00+05:30,18.0,63.95,2.84,56.2,1002.9000000000001,0.0,0.0,0.0,11.09
2024-12-23 18:30:00+05:30,17.08,65.44,3.02,60.0,1003.6,0.0,0.0,0.0,10.55
2024-12-23 19:30:00+05:30,16.33,66.43,3.07,66.4,1004.0,0.0,0.0,0.0,10.06
2024-12-23 20:30:00+05:30,15.69,67.33,3.04,75.0,1004.2,0.0,0.0,0.0,9.67
2024-12-23 21:30:00+05:30,15.14,68.43,3.0,86.9,1004.0,0.0,0.0,0.0,9.39
2024-12-23 22:30:00+05:30,14.65,70.04,2.96,100.9,1003.8,0.0,0.0,0.0,9.26
2024-12-23 23:30:00+05:30,14.22,72.27,2.94,114.7,1003.3,0.0,0.0,0.0,9.3
2024-12-24 00:30:00+05:30,13.81,75.41,2.89,128.0,1002.9000000000001,0.0,0.0,0.01,9.55
2024-12-24 01:30:00+05:30,13.42,79.6,2.73,139.9,1002.6,0.0,0.0,0.01,9.98
2024-12-24 02:30:00+05:30,13.08,84.66,2.44,152.9,1002.4,0.0,0.0,0.01,10.55
2024-12-24 03:30:00+05:30,13.32,86.69,1.74,175.4,1002.5,0.0,0.0,0.0,11.13
2024-12-24 04:30:00+05:30,14.05,85.1,0.86,246.1,1003.0,0.0,0.0,0.02,11.58
2024-12-24 05:30:00+05:30,13.68,87.54,1.44,329.0,1003.7,0.0,0.0,0.04,11.63
2024-12-24 06:30:00+05:30,13.65,85.21,1.85,3.7,1004.4,7.0,9.68,0.03,11.2
2024-12-24 07:30:00+05:30,14.78,74.77,3.05,28.0,1005.0,51.25,82.6,0.03,10.35
2024-12-24 08:30:00+05:30,16.39,64.81,3.16,42.2,1005.6,102.72,196.57,0.0,9.77
2024-12-24 09:30:00+05:30,19.0,53.68,3.41,51.3,1005.6999999999999,161.07,318.7,0.0,9.43
2024-12-24 10:30:00+05:30,21.38,45.98,3.8,60.9,1005.0,259.85,411.4,0.0,9.31
2024-12-24 11:30:00+05:30,23.3,41.65,3.77,74.8,1003.9,170.23,344.92,0.0,9.57
2024-12-24 12:30:00+05:30,24.28,40.64,3.28,82.1,1002.8,153.65,331.98,0.01,10.08
2024-12-24 13:30:00+05:30,24.44,41.53,2.23,80.7,1002.2,117.1,269.5,0.01,10.57
2024-12-24 14:30:00+05:30,23.69,46.65,1.13,40.3,1002.0999999999999,54.12,176.15,0.02,11.61
2024-12-24 15:30:00+05:30,21.85,59.65,1.67,348.6,1002.3000000000001,26.38,79.55,0.06,13.62
2024-12-24 16:30:00+05:30,20.0,60.94,3.03,344.3,1002.8,4.68,12.45,0.14,12.26
2024-12-24 17:30:00+05:30,19.13,61.99,4.61,349.8,1003.5,0.0,0.0,0.18,11.71
2024-12-24 18:30:00+05:30,18.14,67.85,4.4,356.7,1004.3000000000001,0.0,0.0,0.13,12.12
2024-12-24 19:30:00+05:30,17.4,73.64,3.91,2.9,1005.1,0.0,0.0,0.1,12.66
2024-12-24 20:30:00+05:30,16.79,79.08,3.45,9.4,1005.5,0.0,0.0,0.12,13.17
2024-12-24 21:30:00+05:30,16.38,83.32,2.95,17.6,1005.6999999999999,0.0,0.0,0.16,13.57
2024-12-24 22:30:00+05:30,16.07,86.46,2.33,30.1,1005.5,0.0,0.0,0.2,13.84
2024-12-24 23:30:00+05:30,15.84,88.77,1.71,45.9,1005.1,0.0,0.0,0.24,14.03
2024-12-25 00:30:00+05:30,15.56,90.9,1.37,65.5,1004.9,0.0,0.0,0.27,14.11
2024-12-25 01:30:00+05:30,15.39,92.24,1.17,81.2,1004.7,0.0,0.0,0.3,14.15
2024-12-25 02:30:00+05:30,15.29,92.82,0.7,90.0,1004.5,0.0,0.0,0.32,14.15
2024-12-25 03:30:00+05:30,15.18,93.47,0.47,301.0,1004.4,0.0,0.0,0.34,14.16
2024-12-25 04:30:00+05:30,14.83,95.92,1.26,300.4,1004.8000000000001,0.0,0.0,0.34,14.22
2024-12-25 05:30:00+05:30,15.04,94.99,1.62,305.0,1005.6,0.0,0.0,0.29,14.28
2024-12-25 06:30:00+05:30,15.18,94.6,1.45,308.0,1006.7,6.9,10.05,0.17,14.34
2024-12-25 07:30:00+05:30,15.77,91.7,1.15,316.4,1007.5,65.55,89.45,0.08,14.45
2024-12-25 08:30:00+05:30,16.66,86.95,0.35,8.1,1008.1999999999999,139.1,217.23,0.0,14.51
2024-12-25 09:30:00+05:30,18.38,77.56,0.31,97.3,1008.4000000000001,202.23,345.17,0.0,14.41
2024-12-25 10:30:00+05:30,21.39,63.7,0.36,279.5,1007.8,251.38,438.23,0.0,14.27
2024-12-25 11:30:00+05:30,23.95,53.93,0.98,300.0,1006.7,225.48,347.6,0.0,14.1
2024-12-25 12:30:00+05:30,25.06,50.15,1.2,326.2,1005.3,207.57,323.88,0.0,13.98
2024-12-25 13:30:00+05:30,25.51,48.38,1.59,351.0,1004.3000000000001,171.32,256.85,0.0,13.84
2024-12-25 14:30:00+05:30,25.18,49.07,1.95,10.0,1003.8,106.18,159.38,0.0,13.76
2024-12-25 15:30:00+05:30,24.06,56.3,1.6,29.6,1003.9,57.8,72.62,0.0,14.82
2024-12-25 16:30:00+05:30,21.29,67.52,1.73,62.4,1004.4,11.32,11.62,0.0,15.05
2024-12-25 17:30:00+05:30,19.71,71.02,2.0,86.9,1005.1,0.0,0.0,0.0,14.34
2024-12-25 18:30:00+05:30,18.88,74.99,2.04,106.5,1005.9000000000001,0.0,0.0,0.0,14.37
2024-12-25 19:30:00+05:30,18.28,77.99,1.96,122.5,1006.5,0.0,0.0,0.0,14.4
2024-12-25 20:30:00+05:30,18.02,79.54,1.77,138.2,1007.0999999999999,0.0,0.0,0.0,14.45
2024-12-25 21:30:00+05:30,18.14,79.82,1.55,152.3,1007.4,0.0,0.0,0.0,14.63
2024-12-25 22:30:00+05:30,18.09,80.37,1.37,164.3,1007.4,0.0,0.0,0.0,14.69
2024-12-25 23:30:00+05:30,17.94,81.27,1.26,176.8,1007.0999999999999,0.0,0.0,0.0,14.71
2024-12-26 00:30:00+05:30,17.83,81.9,1.12,190.3,1006.9,0.0,0.0,0.0,14.73
2024-12-26 01:30:00+05:30,17.76,82.25,0.91,210.5,1006.8000000000001,0.0,0.0,0.0,14.72
2024-12-26 02:30:00+05:30,17.53,83.36,0.81,242.2,1006.7,0.0,0.0,0.0,14.7
2024-12-26 03:30:00+05:30,17.18,85.24,0.9,266.8,1006.8000000000001,0.0,0.0,0.0,14.7
2024-12-26 04:30:00+05:30,16.91,86.58,0.93,286.3,1007.2,0.0,0.0,0.0,14.68
2024-12-26 05:30:00+05:30,16.7,87.48,0.89,300.3,1008.1,0.0,0.0,0.0,14.63
2024-12-26 06:30:00+05:30,16.67,87.48,0.74,313.9,1009.0999999999999,8.25,8.1,0.0,14.6
2024-12-26 07:30:00+05:30,17.49,83.69,0.47,331.8,1010.0,70.4,70.62,0.0,14.71
2024-12-26 08:30:00+05:30,19.71,72.54,0.34,31.8,1010.9000000000001,166.5,170.57,0.0,14.65
2024-12-26 09:30:00+05:30,23.32,57.05,0.68,24.3,1011.2,274.25,281.17,0.0,14.37
2024-12-26 10:30:00+05:30,25.09,51.03,1.04,357.8,1010.6,360.1,367.67,0.0,14.28
2024-12-26 11:30:00+05:30,25.99,48.23,1.45,345.6,1009.5999999999999,315.52,319.62,0.0,14.23
2024-12-26 12:30:00+05:30,26.56,46.21,1.78,336.5,1008.3,299.9,301.98,0.0,14.1
2024-12-26 13:30:00+05:30,26.73,45.11,2.02,333.2,1007.4,243.15,243.52,0.0,13.88
2024-12-26 14:30:00+05:30,26.53,44.64,2.04,340.5,1006.7,159.65,160.23,0.0,13.54
2024-12-26 15:30:00+05:30,25.47,52.51,1.45,354.1,1006.2,77.6,77.95,0.0,15.02
2024-12-26 16:30:00+05:30,23.33,57.97,1.42,13.8,1006.3,12.32,12.38,0.0,14.58
2024-12-26 17:30:00+05:30,22.55,55.13,1.35,31.3,1006.7,0.0,0.0,0.0,13.11
2024-12-26 18:30:00+05:30,21.89,55.95,1.12,54.0,1007.2,0.0,0.0,0.0,12.72
2024-12-26 19:30:00+05:30,21.48,56.77,0.92,86.3,1007.6,0.0,0.0,0.0,12.55
2024-12-26 20:30:00+05:30,21.24,57.37,0.77,123.9,1007.8,0.0,0.0,0.0,12.5
2024-12-26 21:30:00+05:30,20.9,58.72,0.67,166.2,1007.9000000000001,0.0,0.0,0.0,12.53
2024-12-26 22:30:00+05:30,20.24,61.42,0.73,209.7,1007.8,0.0,0.0,0.0,12.6
2024-12-26 23:30:00+05:30,19.12,66.11,0.91,239.8,1007.4,0.0,0.0,0.0,12.64
2024-12-27 00:30:00+05:30,18.16,69.95,1.09,257.2,1007.0999999999999,0.0,0.0,0.0,12.59
2024-12-27 01:30:00+05:30,17.66,71.85,1.25,268.2,1006.9,0.0,0.0,0.0,12.52
2024-12-27 02:30:00+05:30,16.97,74.8,1.08,269.5,1006.8000000000001,0.0,0.0,0.0,12.45
2024-12-27 03:30:00+05:30,16.98,74.5,0.58,267.0,1006.8000000000001,0.0,0.0,0.0,12.39
2024-12-27 04:30:00+05:30,16.55,76.59,0.21,174.6,1007.0,0.0,0.0,0.0,12.41
2024-12-27 05:30:00+05:30,15.65,82.08,0.8,136.5,1007.6999999999999,0.0,0.0,0.0,12.58
2024-12-27 06:30:00+05:30,14.78,89.06,1.45,142.3,1008.5,9.25,9.45,0.0,12.95
2024-12-27 07:30:00+05:30,16.7,82.93,2.11,151.1,1009.0999999999999,84.05,85.62,0.0,13.75
2024-12-27 08:30:00+05:30,19.22,73.33,2.55,161.5,1009.7,197.88,203.18,0.0,14.31
2024-12-27 09:30:00+05:30,22.79,57.22,2.23,162.5,1009.9,318.92,325.88,0.0,13.88
2024-12-27 10:30:00+05:30,26.4,40.36,1.22,181.9,1009.4,409.3,413.95,0.0,11.87
2024-12-27 11:30:00+05:30,27.76,35.64,0.9,234.0,1008.5,413.75,415.58,0.0,11.21
2024-12-27 12:30:00+05:30,28.3,33.75,0.89,257.7,1007.5,392.35,392.38,0.0,10.85
2024-12-27 13:30:00+05:30,28.36,32.9,0.77,273.7,1006.7,316.35,316.77,0.0,10.54
2024-12-27 14:30:00+05:30,27.93,33.63,0.56,289.7,1006.1,206.0,205.23,0.0,10.48
2024-12-27 15:30:00+05:30,26.94,40.26,0.34,331.9,1005.8,97.78,95.0,0.0,12.24
2024-12-27 16:30:00+05:30,25.25,45.48,0.66,59.9,1005.8,16.92,15.18,0.0,12.33
2024-12-27 17:30:00+05:30,23.38,46.88,1.28,80.1,1006.0,0.0,0.0,0.0,11.41
2024-12-27 18:30:00+05:30,22.19,51.19,1.75,90.0,1006.4,0.0,0.0,0.0,11.65
2024-12-27 19:30:00+05:30,21.0,55.12,2.07,98.6,1006.5999999999999,0.0,0.0,0.0,11.66
2024-12-27 20:30:00+05:30,19.91,58.84,2.32,105.8,1006.8000000000001,0.0,0.0,0.0,11.63
2024-12-27 21:30:00+05:30,19.01,62.3,2.47,111.9,1006.8000000000001,0.0,0.0,0.0,11.64
2024-12-27 22:30:00+05:30,18.25,66.0,2.56,120.3,1006.5,0.0,0.0,0.0,11.8
2024-12-27 23:30:00+05:30,17.6,70.4,2.62,129.9,1006.1,0.0,0.0,0.0,12.16
2024-12-28 00:30:00+05:30,17.05,75.25,2.68,137.0,1005.6999999999999,0.0,0.0,0.0,12.62
2024-12-28 01:30:00+05:30,16.56,80.2,2.69,138.6,1005.0,0.0,0.0,0.0,13.12
2024-12-28 02:30:00+05:30,16.12,84.78,2.58,139.1,1004.3000000000001,0.0,0.0,0.0,13.55
2024-12-28 03:30:00+05:30,16.4,85.96,1.94,154.0,1004.7,0.0,0.0,0.03,14.03
2024-12-28 04:30:00+05:30,17.0,84.78,1.21,185.7,1005.5,0.0,0.0,0.29,14.41
2024-12-28 05:30:00+05:30,16.85,87.05,1.16,209.9,1006.0,0.0,0.0,1.3,14.68
2024-12-28 06:30:00+05:30,16.72,89.46,1.42,255.3,1007.0,4.4,9.85,3.66,14.98
2024-12-28 07:30:00+05:30,17.31,87.32,2.72,300.2,1008.1,29.73,93.25,11.55,15.19
2024-12-28 08:30:00+05:30,17.56,85.4,3.99,333.5,1009.0999999999999,57.67,227.9,4.24,15.08
2024-12-28 09:30:00+05:30,17.97,81.62,4.89,353.7,1009.5,79.12,363.95,5.57,14.77
2024-12-28 10:30:00+05:30,18.71,74.92,5.72,8.7,1009.2,126.8,461.77,4.89,14.18
2024-12-28 11:30:00+05:30,19.56,68.51,6.31,23.8,1008.1,180.2,525.08,5.45,13.64
2024-12-28 12:30:00+05:30,19.92,65.68,6.45,35.5,1006.9,135.07,506.73,16.48,13.33
2024-12-28 13:30:00+05:30,19.73,66.21,5.86,46.9,1006.2,106.32,421.3,20.12,13.28
2024-12-28 14:30:00+05:30,19.15,69.05,4.72,70.6,1005.9000000000001,79.05,285.65,8.43,13.37
2024-12-28 15:30:00+05:30,18.48,72.57,4.74,103.0,1005.3,41.78,135.23,2.79,13.48
2024-12-28 16:30:00+05:30,16.93,81.56,3.47,124.4,1004.9,7.93,21.42,0.6,13.78
2024-12-28 17:30:00+05:30,15.24,90.99,2.34,144.4,1005.4000000000001,0.0,0.0,0.04,13.8
2024-12-28 18:30:00+05:30,14.59,94.75,2.12,163.9,1006.1,0.0,0.0,0.0,13.78
2024-12-28 19:30:00+05:30,14.13,97.77,2.07,182.2,1006.7,0.0,0.0,0.0,13.8
2024-12-28 20:30:00+05:30,13.81,99.88,2.0,201.4,1007.3000000000001,0.0,0.0,0.0,13.82
2024-12-28 21:30:00+05:30,13.66,100.0,1.85,216.9,1007.6,0.0,0.0,0.0,13.81
2024-12-28 22:30:00+05:30,13.7,100.0,1.62,229.5,1007.5,0.0,0.0,0.01,13.81
2024-12-28 23:30:00+05:30,13.81,99.78,1.35,242.1,1007.2,0.0,0.0,0.03,13.81
2024-12-29 00:30:00+05:30,13.9,99.36,1.08,257.8,1006.8000000000001,0.0,0.0,0.03,13.82
2024-12-29 01:30:00+05:30,13.8,99.66,0.92,279.4,1006.4,0.0,0.0,0.04,13.78
2024-12-29 02:30:00+05:30,13.71,99.79,0.96,300.6,1006.0,0.0,0.0,0.05,13.7
2024-12-29 03:30:00+05:30,13.65,99.65,1.02,309.4,1005.6999999999999,0.0,0.0,0.05,13.63
2024-12-29 04:30:00+05:30,13.38,100.0,0.98,305.0,1005.6999999999999,0.0,0.0,0.04,13.54
2024-12-29 05:30:00+05:30,13.27,100.0,1.04,283.9,1006.2,0.0,0.0,0.03,13.48
2024-12-29 06:30:00+05:30,13.13,100.0,1.41,262.7,1007.0,7.47,11.43,0.03,13.45
2024-12-29 07:30:00+05:30,15.21,91.2,2.3,252.5,1007.8,47.3,113.68,0.01,13.81
2024-12-29 08:30:00+05:30,17.88,78.17,2.5,256.6,1008.5,92.45,270.55,0.0,14.06
2024-12-29 09:30:00+05:30,21.41,61.36,2.76,272.5,1008.8,122.22,418.08,0.0,13.69
2024-12-29 10:30:00+05:30,23.95,51.97,3.09,279.9,1008.1999999999999,153.1,521.42,0.0,13.52
2024-12-29 11:30:00+05:30,25.39,48.52,3.53,280.8,1007.0999999999999,153.23,419.15,0.0,13.78
2024-12-29 12:30:00+05:30,26.08,47.83,4.06,279.9,1005.6999999999999,199.5,408.38,0.0,14.2
2024-12-29 13:30:00+05:30,26.08,47.98,4.61,279.5,1004.8000000000001,156.12,343.8,0.0,14.24
2024-12-29 14:30:00+05:30,25.52,48.55,5.07,280.0,1004.3000000000001,111.35,237.43,0.0,13.91
2024-12-29 15:30:00+05:30,24.31,51.76,4.82,280.8,1004.3000000000001,57.8,115.53,0.0,13.78
2024-12-29 16:30:00+05:30,21.72,61.8,3.39,280.9,1004.7,11.35,20.05,0.0,14.1
2024-12-29 17:30:00+05:30,20.13,65.96,3.71,281.8,1005.3,0.0,0.0,0.0,13.6
2024-12-29 18:30:00+05:30,19.52,65.95,4.5,283.1,1006.2,0.0,0.0,0.0,13.01
2024-12-29 19:30:00+05:30,18.66,66.96,5.04,283.7,1006.9,0.0,0.0,0.0,12.41
2024-12-29 20:30:00+05:30,17.47,69.31,4.99,283.7,1007.5,0.0,0.0,0.0,11.82
2024-12-29 21:30:00+05:30,16.11,72.87,4.44,282.8,1007.8,0.0,0.0,0.0,11.26
2024-12-29 22:30:00+05:30,14.99,75.28,3.99,282.2,1007.6,0.0,0.0,0.0,10.67
2024-12-29 23:30:00+05:30,13.98,77.01,3.56,282.5,1007.2,0.0,0.0,0.0,10.03
2024-12-30 00:30:00+05:30,13.04,78.31,3.28,283.2,1006.8000000000001,0.0,0.0,0.0,9.39
2024-12-30 01:30:00+05:30,12.21,79.39,3.18,284.4,1006.3,0.0,0.0,0.0,8.78
2024-12-30 02:30:00+05:30,11.47,80.38,3.19,284.7,1006.0,0.0,0.0,0.0,8.23
2024-12-30 03:30:00+05:30,10.79,81.61,3.23,282.3,1005.9000000000001,0.0,0.0,0.0,7.78
2024-12-30 04:30:00+05:30,10.15,82.99,3.21,279.7,1006.1,0.0,0.0,0.0,7.41
2024-12-30 05:30:00+05:30,9.53,84.81,3.09,276.9,1006.7,0.0,0.0,0.0,7.11
2024-12-30 06:30:00+05:30,9.43,84.37,3.48,270.0,1007.5,8.48,12.85,0.0,6.96
2024-12-30 07:30:00+05:30,11.14,75.67,4.2,259.1,1008.3,52.0,128.88,0.0,7.03
2024-12-30 08:30:00+05:30,13.89,65.24,3.5,247.3,1009.0,98.18,300.67,0.0,7.49
2024-12-30 09:30:00+05:30,18.61,48.44,3.8,269.2,1009.3000000000001,136.05,455.7,0.0,7.55
2024-12-30 10:30:00+05:30,20.74,42.03,3.96,270.7,1008.8,163.23,561.83,0.0,7.41
2024-12-30 11:30:00+05:30,21.84,38.63,4.28,270.7,1007.9000000000001,188.45,585.92,0.0,7.17
2024-12-30 12:30:00+05:30,22.55,36.26,4.51,275.0,1006.8000000000001,175.4,563.7,0.0,6.88
2024-12-30 13:30:00+05:30,22.84,35.01,4.53,280.6,1005.9000000000001,151.0,475.62,0.0,6.62
2024-12-30 14:30:00+05:30,22.57,35.34,4.43,285.3,1005.3,116.07,334.15,0.0,6.51
2024-12-30 15:30:00+05:30,21.47,39.17,3.69,288.6,1005.4000000000001,68.93,165.65,0.0,7.03
2024-12-30 16:30:00+05:30,17.56,56.92,2.6,287.7,1005.8,16.73,27.1,0.0,8.95
2024-12-30 17:30:00+05:30,15.42,61.34,2.96,285.5,1006.5999999999999,0.0,0.0,0.0,8.04
2024-12-30 18:30:00+05:30,14.58,63.17,3.09,283.5,1007.5,0.0,0.0,0.0,7.68
2024-12-30 19:30:00+05:30,13.8,64.86,3.17,281.7,1008.1999999999999,0.0,0.0,0.0,7.33
2024-12-30 20:30:00+05:30,13.1,66.42,3.19,280.1,1008.6,0.0,0.0,0.0,7.02
2024-12-30 21:30:00+05:30,12.38,68.51,3.16,278.9,1008.6,0.0,0.0,0.0,6.77
2024-12-30 22:30:00+05:30,11.69,70.62,3.1,279.5,1008.3,0.0,0.0,0.0,6.57
2024-12-30 23:30:00+05:30,11.06,72.88,3.04,281.6,1008.0,0.0,0.0,0.0,6.42
2024-12-31 00:30:00+05:30,10.5,75.14,2.99,283.9,1007.9000000000001,0.0,0.0,0.0,6.3
2024-12-31 01:30:00+05:30,9.91,77.75,2.86,282.5,1007.6999999999999,0.0,0.0,0.0,6.22
2024-12-31 02:30:00+05:30,9.38,80.02,2.78,281.4,1007.6999999999999,0.0,0.0,0.0,6.14
2024-12-31 03:30:00+05:30,8.87,82.42,2.74,283.3,1007.9000000000001,0.0,0.0,0.0,6.06
2024-12-31 04:30:00+05:30,8.38,84.66,2.72,285.6,1008.5,0.0,0.0,0.0,5.97
2024-12-31 05:30:00+05:30,7.84,87.13,2.6,290.7,1009.2,0.0,0.0,0.0,5.85
2024-12-31 06:30:00+05:30,7.81,86.77,2.48,295.3,1010.0,3.88,13.43,0.0,5.78
2024-12-31 07:30:00+05:30,10.21,73.84,3.29,293.7,1010.6999999999999,37.6,138.45,0.0,5.78
2024-12-31 08:30:00+05:30,13.0,62.51,2.13,291.8,1011.3,68.22,317.48,0.0,6.03
2024-12-31 09:30:00+05:30,17.57,43.56,2.15,315.4,1011.5999999999999,91.35,476.17,0.0,5.08
2024-12-31 10:30:00+05:30,19.52,39.1,1.77,302.1,1011.0,127.97,583.78,0.0,5.26
2024-12-31 11:30:00+05:30,20.69,36.12,1.5,285.9,1009.7,150.02,626.53,0.0,5.16
2024-12-31 12:30:00+05:30,21.51,33.79,1.51,272.7,1008.1999999999999,153.27,599.62,0.0,4.95
2024-12-31 13:30:00+05:30,21.88,32.45,1.96,268.5,1007.2,219.4,505.88,0.0,4.69
2024-12-31 14:30:00+05:30,21.61,32.16,2.28,270.8,1006.5999999999999,152.02,357.08,0.0,4.32
2024-12-31 15:30:00+05:30,20.44,35.95,2.12,264.3,1006.1,78.47,178.93,0.0,4.83
2024-12-31 16:30:00+05:30,16.65,54.06,2.04,263.8,1006.2,14.7,29.52,0.0,7.33
2024-12-31 17:30:00+05:30,14.24,56.32,2.65,276.1,1006.9,0.0,0.0,0.0,5.69
2024-12-31 18:30:00+05:30,13.12,58.28,2.89,278.7,1007.6,0.0,0.0,0.0,5.14
2024-12-31 19:30:00+05:30,12.14,59.8,3.15,284.7,1008.3,0.0,0.0,0.0,4.58
2024-12-31 20:30:00+05:30,11.36,60.59,3.3,288.8,1008.7,0.0,0.0,0.0,4.03
2024-12-31 21:30:00+05:30,10.65,61.27,3.32,292.5,1008.8,0.0,0.0,0.0,3.51
2024-12-31 22:30:00+05:30,9.85,62.48,3.23,295.9,1008.1999999999999,0.0,0.0,0.0,3.06
2024-12-31 23:30:00+05:30,9.04,64.11,3.13,298.9,1007.5,0.0,0.0,0.0,2.66
