,indoor_t_c,outdoor_t_c,q_solar_w
2017-01-01 01:00:00+05:30,16.259041357675287,13.747499999999999,0.0
2017-01-01 02:00:00+05:30,15.950760429176576,13.8275,0.0
2017-01-01 03:00:00+05:30,15.650023327492988,13.266250000000001,0.0
2017-01-01 04:00:00+05:30,15.364006983262092,12.697500000000002,0.0
2017-01-01 05:00:00+05:30,15.05363260135395,11.93,0.0
2017-01-01 06:00:00+05:30,14.713717191715455,11.13125,0.0
2017-01-01 07:00:00+05:30,14.420880213955058,10.706249999999999,6.610351811447537
2017-01-01 08:00:00+05:30,14.318004824713668,11.495000000000001,27.790481156933872
2017-01-01 09:00:00+05:30,14.404079039518233,13.219999999999999,47.19151184762811
2017-01-01 10:00:00+05:30,14.790220446701719,15.99625,74.14628000315047
2017-01-01 11:00:00+05:30,15.668606722759844,19.34875,115.2508577659193
2017-01-01 12:00:00+05:30,16.34301998731069,21.451249999999998,90.81278101695192
2017-01-01 13:00:00+05:30,17.01118560282851,22.34375,88.72300955381003
2017-01-01 14:00:00+05:30,17.683115282861298,22.6675,78.30848332097378
2017-01-01 15:00:00+05:30,18.244583623416098,22.451249999999995,56.06225159162107
2017-01-01 16:00:00+05:30,18.586241265865716,21.38375,24.067465903235828
2017-01-01 17:00:00+05:30,18.723468391644857,19.0775,5.459269968496309
2017-01-01 18:00:00+05:30,18.64111608830671,17.07,0.3192610422656169
2017-01-01 19:00:00+05:30,18.4112864217402,16.00625,0.0
2017-01-01 20:00:00+05:30,18.123533800007635,15.29125,0.0
2017-01-01 21:00:00+05:30,17.79067429928012,14.6525,0.0
2017-01-01 22:00:00+05:30,17.407316687752207,14.07,0.0
2017-01-01 23:00:00+05:30,17.006523678984173,13.553749999999999,0.0
2017-01-02 00:00:00+05:30,16.602743887067103,13.145,0.0
2017-01-02 01:00:00+05:30,16.21568969448949,12.91625,0.0
2017-01-02 02:00:00+05:30,15.860752624907438,12.81,0.0
2017-01-02 03:00:00+05:30,15.529613150447545,12.78,0.0
2017-01-02 04:00:00+05:30,15.217166365074682,12.536249999999999,0.0
2017-01-02 05:00:00+05:30,14.895754066359567,11.965000000000002,0.0
2017-01-02 06:00:00+05:30,14.550874066972906,11.285,0.0
2017-01-02 07:00:00+05:30,14.25703667700489,10.88625,4.321390550604111
2017-01-02 08:00:00+05:30,14.142972048671968,12.043750000000001,19.578491786878473
2017-01-02 09:00:00+05:30,14.217129130529012,13.97125,35.99966156908018
2017-01-02 10:00:00+05:30,14.607461555521319,17.21125,62.90649578119263
2017-01-02 11:00:00+05:30,15.484648015577246,20.21125,131.0638817911462
2017-01-02 12:00:00+05:30,16.63503538861702,21.8,219.47865176185343
2017-01-02 13:00:00+05:30,17.69604044960112,22.5325,225.26788482069577
2017-01-02 14:00:00+05:30,18.66730375399638,22.695,191.90587552942964
2017-01-02 15:00:00+05:30,19.326994892281277,22.361250000000002,109.92521306595202
2017-01-02 16:00:00+05:30,19.70962695891588,21.31375,45.777961445807854
2017-01-02 17:00:00+05:30,19.77966649938919,19.00625,7.890150023476525
2017-01-02 18:00:00+05:30,19.614770792404855,17.067500000000003,0.4257393851849151
2017-01-02 19:00:00+05:30,19.338547987827372,16.231250000000003,0.0
2017-01-02 20:00:00+05:30,19.007897017969636,15.827499999999997,0.0
2017-01-02 21:00:00+05:30,18.649946603667267,15.537499999999998,0.0
2017-01-02 22:00:00+05:30,18.254689496604946,15.27125,0.0
2017-01-02 23:00:00+05:30,17.864311758712617,15.02,0.0
2017-01-03 00:00:00+05:30,17.487671675232093,14.754999999999999,0.0
2017-01-03 01:00:00+05:30,17.12170418643354,14.424999999999999,0.0
2017-01-03 02:00:00+05:30,16.766236795965078,13.9775,0.0
2017-01-03 03:00:00+05:30,16.428907576374698,13.365,0.0
2017-01-03 04:00:00+05:30,16.10840114325208,12.635,0.0
2017-01-03 05:00:00+05:30,15.801404128286324,11.975,0.0
2017-01-03 06:00:00+05:30,15.50443990152361,11.525,0.0
2017-01-03 07:00:00+05:30,15.239229269997622,11.421249999999999,2.5199561138787288
2017-01-03 08:00:00+05:30,15.116379142454921,12.72125,16.03302850751323
2017-01-03 09:00:00+05:30,15.156191395155997,14.45875,32.81623385112951
2017-01-03 10:00:00+05:30,15.384145979323012,16.58375,45.272671841909684
2017-01-03 11:00:00+05:30,15.86255348193033,19.3475,45.62181099448112
2017-01-03 12:00:00+05:30,16.45415568620293,21.706249999999997,49.52437193575127
2017-01-03 13:00:00+05:30,17.01340001745134,23.166249999999998,56.230158655153474
2017-01-03 14:00:00+05:30,17.684387203279627,23.9025,61.77281544890467
2017-01-03 15:00:00+05:30,18.280471276612356,24.10875,37.992735359070565
2017-01-03 16:00:00+05:30,18.74591064668888,23.31375,19.160022807183154
2017-01-03 17:00:00+05:30,19.00156225037923,20.77375,4.270734364623182
2017-01-03 18:00:00+05:30,19.08921774527789,18.5025,0.24518862363096772
2017-01-03 19:00:00+05:30,19.037090378018043,17.44875,0.0
2017-01-03 20:00:00+05:30,18.879769087998852,16.833750000000002,0.0
2017-01-03 21:00:00+05:30,18.636796318632978,16.31375,0.0
2017-01-03 22:00:00+05:30,18.379857713833363,15.84875,0.0
2017-01-03 23:00:00+05:30,18.094623821728174,15.405000000000001,0.0
2017-01-04 00:00:00+05:30,17.8233523378746,15.00875,0.0
2017-01-04 01:00:00+05:30,17.554065994122826,14.626249999999999,0.0
2017-01-04 02:00:00+05:30,17.289522962517896,14.38,0.0
2017-01-04 03:00:00+05:30,17.035529866056255,14.16375,0.0
2017-01-04 04:00:00+05:30,16.792142604460533,14.0075,0.0
2017-01-04 05:00:00+05:30,16.557343530815743,14.06375,0.0
2017-01-04 06:00:00+05:30,16.33731875138451,14.032499999999999,0.0
2017-01-04 07:00:00+05:30,16.153998742286657,13.93,3.213278719622974
2017-01-04 08:00:00+05:30,16.079939830680317,14.29375,16.770810625862325
2017-01-04 09:00:00+05:30,16.116937939560657,14.736249999999998,28.803458800571867
2017-01-04 10:00:00+05:30,16.234876056311798,15.466249999999999,31.07895271113795
2017-01-04 11:00:00+05:30,16.47846119310642,16.46125,38.993628004732194
2017-01-04 12:00:00+05:30,16.78779986879631,17.4525,35.430073085155016
2017-01-04 13:00:00+05:30,17.121182995551067,18.51375,34.73545551399943
2017-01-04 14:00:00+05:30,17.484671041337272,19.88,31.76223458354584
2017-01-04 15:00:00+05:30,17.839100233149978,20.8125,24.40740700544929
2017-01-04 16:00:00+05:30,18.114366862821008,20.7425,14.224596223460509
2017-01-04 17:00:00+05:30,18.24983106437873,19.11375,4.624380597560994
2017-01-04 18:00:00+05:30,18.23412613386298,17.221249999999998,0.3030612532400051
2017-01-04 19:00:00+05:30,18.061936570745715,16.1475,0.0
2017-01-04 20:00:00+05:30,17.862087896450223,15.751249999999999,0.0
2017-01-04 21:00:00+05:30,17.68079535293597,15.61125,0.0
2017-01-04 22:00:00+05:30,17.45796259769973,15.38875,0.0
2017-01-04 23:00:00+05:30,17.205421129658447,15.3425,0.0
2017-01-05 00:00:00+05:30,16.937792507158996,15.1675,0.0
2017-01-05 01:00:00+05:30,16.70608563793467,14.74,0.0
2017-01-05 02:00:00+05:30,16.485204961537853,14.16,0.0
2017-01-05 03:00:00+05:30,16.246697667273903,13.3825,0.0
2017-01-05 04:00:00+05:30,16.002599880500725,12.860000000000001,0.0
2017-01-05 05:00:00+05:30,15.7432541160667,12.646249999999998,0.0
2017-01-05 06:00:00+05:30,15.480011071981405,12.508750000000001,0.0
2017-01-05 07:00:00+05:30,15.254560599465716,12.497500000000002,2.2801459396017125
2017-01-05 08:00:00+05:30,15.147198702211881,13.326250000000002,13.47805691526499
2017-01-05 09:00:00+05:30,15.180843854928565,15.0225,25.505236859864763
2017-01-05 10:00:00+05:30,15.396226489542455,17.1375,33.638695960271406
2017-01-05 11:00:00+05:30,15.77938886995377,19.001250000000002,31.8533900835961
2017-01-05 12:00:00+05:30,16.239218540341746,20.36375,41.10242036912891
2017-01-05 13:00:00+05:30,16.634575623845947,21.2725,33.878417612846825
2017-01-05 14:00:00+05:30,17.05877045414114,21.83125,27.57197299107502
2017-01-05 15:00:00+05:30,17.44001881721103,21.931250000000002,19.45643257761648
2017-01-05 16:00:00+05:30,17.736272206128334,21.2275,10.198758681995844
2017-01-05 17:00:00+05:30,17.900076921264045,19.517500000000002,2.466863963199871
2017-01-05 18:00:00+05:30,17.967133394290535,17.98625,0.1462986688505301
2017-01-05 19:00:00+05:30,17.94835786414219,17.0775,0.0
2017-01-05 20:00:00+05:30,17.849813896444715,16.5125,0.0
2017-01-05 21:00:00+05:30,17.699248081811465,16.09625,0.0
2017-01-05 22:00:00+05:30,17.539140420636368,15.8125,0.0
2017-01-05 23:00:00+05:30,17.37193606560686,15.642500000000002,0.0
2017-01-06 00:00:00+05:30,17.205985969692602,15.508750000000001,0.0
2017-01-06 01:00:00+05:30,17.037688934264754,15.285,0.0
2017-01-06 02:00:00+05:30,16.867020024000972,14.99875,0.0
2017-01-06 03:00:00+05:30,16.68440179726744,14.74625,0.0
2017-01-06 04:00:00+05:30,16.492543949793138,14.46,0.0
2017-01-06 05:00:00+05:30,16.293209464574446,14.021249999999998,0.0
2017-01-06 06:00:00+05:30,16.094611079817145,13.56125,0.0
2017-01-06 07:00:00+05:30,15.922222717175387,13.5375,1.126906697399857
2017-01-06 08:00:00+05:30,15.841689071092826,14.52625,8.543589515107577
2017-01-06 09:00:00+05:30,15.857195999090422,15.888750000000002,15.203765568363815
2017-01-06 10:00:00+05:30,15.993027575727664,17.5425,21.475662986854292
2017-01-06 11:00:00+05:30,16.34810091752268,19.4525,28.59366485084839
2017-01-06 12:00:00+05:30,16.70947428146355,21.198749999999997,18.792248151861525
2017-01-06 13:00:00+05:30,17.0919471161312,22.50375,20.279442191394565
2017-01-06 14:00:00+05:30,17.504339174577538,23.1825,17.35482187622862
2017-01-06 15:00:00+05:30,17.891201687754243,23.296249999999997,10.233554071570264
2017-01-06 16:00:00+05:30,18.214278854345388,22.526249999999997,5.937458635387272
2017-01-06 17:00:00+05:30,18.415429590327275,20.855,1.9568267195649964
2017-01-06 18:00:00+05:30,18.520706518950494,19.22625,0.12848407782748206
2017-01-06 19:00:00+05:30,18.55034460065964,18.07125,0.0
2017-01-06 20:00:00+05:30,18.47971915017985,17.11875,0.0
2017-01-06 21:00:00+05:30,18.30546686342224,16.232499999999998,0.0
2017-01-06 22:00:00+05:30,18.069670623402615,15.40375,0.0
2017-01-06 23:00:00+05:30,17.793197987273473,14.712499999999999,0.0
2017-01-07 00:00:00+05:30,17.48402902829257,14.123750000000001,0.0
2017-01-07 01:00:00+05:30,17.14844372027907,13.5475,0.0
2017-01-07 02:00:00+05:30,16.827206599664827,12.967500000000001,0.0
2017-01-07 03:00:00+05:30,16.490527768866816,12.4375,0.0
2017-01-07 04:00:00+05:30,16.122336170876178,11.9625,0.0
2017-01-07 05:00:00+05:30,15.751618514154584,11.55875,0.0
2017-01-07 06:00:00+05:30,15.380907912054942,11.22,0.0
2017-01-07 07:00:00+05:30,15.05377452221756,11.20625,9.43939178986291
2017-01-07 08:00:00+05:30,14.97837364524749,12.77,41.86128129688355
2017-01-07 09:00:00+05:30,15.162507643787865,15.432499999999997,81.53007635098574
2017-01-07 10:00:00+05:30,15.801815636803571,18.62125,124.10925153120179
2017-01-07 11:00:00+05:30,16.92358513362219,21.3125,214.32808090129748
2017-01-07 12:00:00+05:30,18.40745254103448,23.0475,339.271065854168
2017-01-07 13:00:00+05:30,19.660045285910066,23.9675,273.1586894624553
2017-01-07 14:00:00+05:30,20.702185355811036,24.26875,197.9514606755412
2017-01-07 15:00:00+05:30,21.48983968027994,24.19125,121.14022164686224
2017-01-07 16:00:00+05:30,21.965399270633547,23.4825,51.54182478294715
2017-01-07 17:00:00+05:30,22.14324183207635,20.83125,10.135644506550463
2017-01-07 18:00:00+05:30,22.036957852905807,18.12625,0.5598422780363406
2017-01-07 19:00:00+05:30,21.728922265693186,16.72625,0.0
2017-01-07 20:00:00+05:30,21.252054887461714,15.838750000000001,0.0
2017-01-07 21:00:00+05:30,20.741686715206136,15.03875,0.0
2017-01-07 22:00:00+05:30,20.219801974915192,14.331249999999999,0.0
2017-01-07 23:00:00+05:30,19.611233943840734,13.68,0.0
2017-01-08 00:00:00+05:30,18.967720475323986,13.065000000000001,0.0
2017-01-08 01:00:00+05:30,18.32538291404815,12.47125,0.0
2017-01-08 02:00:00+05:30,17.70168651182624,11.887500000000001,0.0
2017-01-08 03:00:00+05:30,17.099902483991514,11.32625,0.0
2017-01-08 04:00:00+05:30,16.520219788381883,10.81375,0.0
2017-01-08 05:00:00+05:30,15.97099599335176,10.44875,0.0
2017-01-08 06:00:00+05:30,15.465726307234654,10.32125,0.0
2017-01-08 07:00:00+05:30,15.053558083009698,10.44125,28.710433037779495
2017-01-08 08:00:00+05:30,15.132285482693222,11.6075,136.02043397358008
2017-01-08 09:00:00+05:30,15.532166507361934,13.735,233.31397668829717
2017-01-08 10:00:00+05:30,16.79003290110908,17.82625,363.5876689656745
2017-01-08 11:00:00+05:30,18.69456765841028,21.625,463.9674163767982
2017-01-08 12:00:00+05:30,20.379183877604945,23.70625,458.98856389017294
2017-01-08 13:00:00+05:30,22.05677538528085,24.898749999999996,429.64946472940187
2017-01-08 14:00:00+05:30,23.501765856313877,25.5325,359.5451873351449
2017-01-08 15:00:00+05:30,24.510069949662814,25.365000000000002,250.82996276740323
2017-01-08 16:00:00+05:30,25.0399391100612,24.345000000000006,141.2758518802894
2017-01-08 17:00:00+05:30,24.968176866777306,21.9375,23.928900064486434
2017-01-08 18:00:00+05:30,24.66035646469712,19.89,1.0579357163423566
2017-01-08 19:00:00+05:30,24.225894181228696,18.86875,0.0
2017-01-08 20:00:00+05:30,23.71954536016379,18.105,0.0
2017-01-08 21:00:00+05:30,23.166063798151146,17.47,0.0
2017-01-08 22:00:00+05:30,22.528059624400896,17.04125,0.0
2017-01-08 23:00:00+05:30,21.89173677772184,16.653750000000002,0.0
2017-01-09 00:00:00+05:30,21.26895907128689,16.20625,0.0
2017-01-09 01:00:00+05:30,20.684384947332173,15.736250000000002,0.0
2017-01-09 02:00:00+05:30,20.130792691189164,15.50375,0.0
2017-01-09 03:00:00+05:30,19.590570513994457,15.107500000000002,0.0
2017-01-09 04:00:00+05:30,19.050091128410394,14.283750000000001,0.0
2017-01-09 05:00:00+05:30,18.511859799135348,13.56375,0.0
2017-01-09 06:00:00+05:30,17.995073974591417,13.225,0.0
2017-01-09 07:00:00+05:30,17.570839277927767,13.293750000000001,23.193277966327884
2017-01-09 08:00:00+05:30,17.583833519658775,14.16125,103.65286836328531
2017-01-09 09:00:00+05:30,17.768366551808054,15.97375,128.79561369284718
2017-01-09 10:00:00+05:30,18.44010379107974,19.63625,147.596629169466
2017-01-09 11:00:00+05:30,19.70489806558041,22.868750000000002,197.23931983583833
2017-01-09 12:00:00+05:30,20.788834228306182,24.554999999999996,194.1130746283649
2017-01-09 13:00:00+05:30,21.780601034347377,25.4575,168.89053847782424
2017-01-09 14:00:00+05:30,22.778147349570375,25.826249999999998,167.4517713317187
2017-01-09 15:00:00+05:30,23.424633971811094,25.64625,102.09102960900591
2017-01-09 16:00:00+05:30,23.805382264291072,24.799999999999997,46.06647005013633
2017-01-09 17:00:00+05:30,23.830506879857605,22.31125,9.389479141490842
2017-01-09 18:00:00+05:30,23.589717527949784,19.919999999999998,0.5434351329473696
2017-01-09 19:00:00+05:30,23.23882249104705,18.736250000000002,0.0
2017-01-09 20:00:00+05:30,22.846464579672816,18.17125,0.0
2017-01-09 21:00:00+05:30,22.436318501361562,17.7725,0.0
2017-01-09 22:00:00+05:30,21.967786413626673,17.3175,0.0
2017-01-09 23:00:00+05:30,21.478433495128332,16.848750000000003,0.0
2017-01-10 00:00:00+05:30,20.979848520912846,16.361250000000002,0.0
2017-01-10 01:00:00+05:30,20.486840815262177,15.85125,0.0
2017-01-10 02:00:00+05:30,20.00095921757643,15.360000000000001,0.0
2017-01-10 03:00:00+05:30,19.544723098142725,14.89875,0.0
2017-01-10 04:00:00+05:30,19.0940382360794,14.455,0.0
2017-01-10 05:00:00+05:30,18.639235363759912,14.065,0.0
2017-01-10 06:00:00+05:30,18.191719178255543,13.692500000000003,0.0
2017-01-10 07:00:00+05:30,17.779564725967596,13.250000000000002,13.269492883162751
2017-01-10 08:00:00+05:30,17.614633980982653,13.55125,57.34140682728034
2017-01-10 09:00:00+05:30,17.66776304500575,15.083749999999998,90.95899329578513
2017-01-10 10:00:00+05:30,17.99662743630463,17.26125,116.64183810311928
2017-01-10 11:00:00+05:30,18.658540260111053,19.46375,142.76954555235136
2017-01-10 12:00:00+05:30,19.268786083062782,21.2075,108.61658364065
2017-01-10 13:00:00+05:30,19.81621662025322,22.451249999999998,88.78828411417584
2017-01-10 14:00:00+05:30,20.504398602818142,23.17875,109.13551680130189
2017-01-10 15:00:00+05:30,21.068317385400423,23.22,87.36701561461621
2017-01-10 16:00:00+05:30,21.428842614273805,22.46125,50.922052015982544
2017-01-10 17:00:00+05:30,21.474412189219855,19.853749999999998,12.3784057579881
2017-01-10 18:00:00+05:30,21.189188765601763,17.0425,0.7572304803208096
2017-01-10 19:00:00+05:30,20.76478205447487,15.549999999999999,0.0
2017-01-10 20:00:00+05:30,20.325245592463226,14.62125,0.0
2017-01-10 21:00:00+05:30,19.79258234269693,13.74875,0.0
2017-01-10 22:00:00+05:30,19.15420978307204,12.955,0.0
2017-01-10 23:00:00+05:30,18.48795593490148,12.22625,0.0
2017-01-11 00:00:00+05:30,17.82692399874975,11.547500000000003,0.0
2017-01-11 01:00:00+05:30,17.19214158683465,10.9125,0.0
2017-01-11 02:00:00+05:30,16.613221784494645,10.329999999999998,0.0
2017-01-11 03:00:00+05:30,16.048206560184518,9.751249999999999,0.0
2017-01-11 04:00:00+05:30,15.505056863181073,9.161249999999999,0.0
2017-01-11 05:00:00+05:30,14.998984203203548,8.6275,0.0
2017-01-11 06:00:00+05:30,14.525910276264165,8.18375,0.0
2017-01-11 07:00:00+05:30,14.148272434941097,8.073749999999999,24.079513489735298
2017-01-11 08:00:00+05:30,14.20361403920599,9.84375,96.40175018524947
2017-01-11 09:00:00+05:30,14.487200195298165,12.765,142.4724292085542
2017-01-11 10:00:00+05:30,15.369368658353418,16.927500000000002,202.27665484607832
2017-01-11 11:00:00+05:30,16.95872912445853,20.125,340.4398894491832
2017-01-11 12:00:00+05:30,18.916812569775026,21.78125,530.436219104788
2017-01-11 13:00:00+05:30,21.158518628674976,22.855,630.4113596334978
2017-01-11 14:00:00+05:30,23.103268544870783,23.41875,577.2288284948786
2017-01-11 15:00:00+05:30,24.509237873346052,23.287499999999998,451.1086812543451
2017-01-11 16:00:00+05:30,25.19397764765362,22.2675,264.2116168633553
2017-01-11 17:00:00+05:30,24.86477731702,18.7875,57.59212689129924
2017-01-11 18:00:00+05:30,24.18910228366083,15.516250000000001,3.029216760625095
2017-01-11 19:00:00+05:30,23.412629323255842,14.07625,0.0
2017-01-11 20:00:00+05:30,22.600360867619656,13.343750000000002,0.0
2017-01-11 21:00:00+05:30,21.7345352177383,12.849999999999998,0.0
2017-01-11 22:00:00+05:30,20.822508236691327,12.54375,0.0
2017-01-11 23:00:00+05:30,19.950543498898558,12.19375,0.0
2017-01-12 00:00:00+05:30,19.153096533237772,11.665,0.0
2017-01-12 01:00:00+05:30,18.43155740698171,10.98375,0.0
2017-01-12 02:00:00+05:30,17.760409105485095,10.07875,0.0
2017-01-12 03:00:00+05:30,17.120130707059747,8.98125,0.0
2017-01-12 04:00:00+05:30,16.510033277797664,7.90625,0.0
2017-01-12 05:00:00+05:30,15.935422992980078,7.0575,0.0
2017-01-12 06:00:00+05:30,15.382662821496567,6.455,0.0
2017-01-12 07:00:00+05:30,14.878534136794482,6.3225,8.183335248015972
2017-01-12 08:00:00+05:30,14.636198899575236,8.435,39.911170878227644
2017-01-12 09:00:00+05:30,14.689788933275644,11.37375,82.49910913457822
2017-01-12 10:00:00+05:30,15.147145829403863,15.37125,130.79599648123116
2017-01-12 11:00:00+05:30,16.127652065513036,18.8975,189.04242874178163
2017-01-12 12:00:00+05:30,17.17119537909685,20.88375,228.3866336771285
2017-01-12 13:00:00+05:30,18.513474922401056,22.0875,322.6521505138825
2017-01-12 14:00:00+05:30,19.831895725148787,22.6825,322.9206128762867
2017-01-12 15:00:00+05:30,20.94085462687602,22.51625,268.48820082715315
2017-01-12 16:00:00+05:30,21.54287276059459,21.439999999999998,150.3661052451569
2017-01-12 17:00:00+05:30,21.49756416887325,18.031249999999996,30.22850034045003
2017-01-12 18:00:00+05:30,21.061044390960472,15.035,1.6397670522241088
2017-01-12 19:00:00+05:30,20.485859775937225,13.795,0.0
2017-01-12 20:00:00+05:30,19.896871502530523,13.00375,0.0
2017-01-12 21:00:00+05:30,19.311192508691136,12.218749999999998,0.0
2017-01-12 22:00:00+05:30,18.697364910294134,11.43625,0.0
2017-01-12 23:00:00+05:30,18.122323626638714,10.852500000000001,0.0
2017-01-13 00:00:00+05:30,17.622016586766854,10.692499999999999,0.0
2017-01-13 01:00:00+05:30,17.104355269349604,10.775,0.0
2017-01-13 02:00:00+05:30,16.611499200623932,10.52,0.0
2017-01-13 03:00:00+05:30,16.15404827440724,9.74625,0.0
2017-01-13 04:00:00+05:30,15.695083614595022,8.68375,0.0
2017-01-13 05:00:00+05:30,15.222401602530846,7.5600000000000005,0.0
2017-01-13 06:00:00+05:30,14.730559828325227,6.60875,0.0
2017-01-13 07:00:00+05:30,14.274631700312119,6.3774999999999995,13.977007815138476
2017-01-13 08:00:00+05:30,14.166303902691464,8.979999999999999,62.28139030150768
2017-01-13 09:00:00+05:30,14.321654670525895,12.5225,100.07404601292187
2017-01-13 10:00:00+05:30,15.00493137330731,16.192500000000003,180.76762746997878
2017-01-13 11:00:00+05:30,16.7507675209926,19.601250000000004,389.4963871087041
2017-01-13 12:00:00+05:30,18.48499537640964,21.810000000000002,489.9028351703222
2017-01-13 13:00:00+05:30,20.45633111507567,23.09,548.6148146579897
2017-01-13 14:00:00+05:30,22.188318275497533,23.71125,483.0967045803963
2017-01-13 15:00:00+05:30,23.430078018874294,23.5375,364.8062563596296
2017-01-13 16:00:00+05:30,24.016640365893835,22.225,192.40096512271737
2017-01-13 17:00:00+05:30,23.777678675097164,18.88125,35.5973301481003
2017-01-13 18:00:00+05:30,23.259008252765597,16.2175,1.7033100509184314
2017-01-13 19:00:00+05:30,22.628382733311728,15.27375,0.0
2017-01-13 20:00:00+05:30,21.97350519145006,15.115,0.0
2017-01-13 21:00:00+05:30,21.28027348825816,14.955,0.0
2017-01-13 22:00:00+05:30,20.5194683563534,14.618749999999999,0.0
2017-01-13 23:00:00+05:30,19.80650382232431,14.23,0.0
2017-01-14 00:00:00+05:30,19.154828485544673,14.098749999999999,0.0
2017-01-14 01:00:00+05:30,18.54421475126705,13.766250000000001,0.0
2017-01-14 02:00:00+05:30,17.966375181952834,12.885000000000002,0.0
2017-01-14 03:00:00+05:30,17.393516776712275,11.71125,0.0
2017-01-14 04:00:00+05:30,16.80034242250899,10.30625,0.0
2017-01-14 05:00:00+05:30,16.195221836899698,8.99625,0.0
2017-01-14 06:00:00+05:30,15.590067257332006,7.79375,0.0
2017-01-14 07:00:00+05:30,15.061227367675269,7.29625,20.876848354781398
2017-01-14 08:00:00+05:30,15.015324325213422,9.726249999999999,104.60045680401316
2017-01-14 09:00:00+05:30,15.266916502461285,13.274999999999999,169.27797137734981
2017-01-14 10:00:00+05:30,16.01663550464346,17.126250000000002,213.88890661317325
2017-01-14 11:00:00+05:30,17.41170187467295,20.0275,306.12297413066204
2017-01-14 12:00:00+05:30,18.998525737945055,21.6425,409.2851925872067
2017-01-14 13:00:00+05:30,20.895772531449083,22.655,521.9081423616103
2017-01-14 14:00:00+05:30,22.855291109932057,23.12625,564.3958162548856
2017-01-14 15:00:00+05:30,24.293954146078846,22.9825,453.60768202329893
2017-01-14 16:00:00+05:30,25.02353435803473,21.89625,270.4683895319339
2017-01-14 17:00:00+05:30,24.747586583384727,18.38,66.53159560615234
2017-01-14 18:00:00+05:30,24.075150633679304,15.091249999999999,3.6661594440035405
2017-01-14 19:00:00+05:30,23.301568577098628,13.673749999999998,0.0
2017-01-14 20:00:00+05:30,22.53286487270027,13.13875,0.0
2017-01-14 21:00:00+05:30,21.72725919216779,12.962499999999999,0.0
2017-01-14 22:00:00+05:30,20.95544982425699,12.989999999999998,0.0
2017-01-14 23:00:00+05:30,20.296237331112756,12.995000000000001,0.0
2017-01-15 00:00:00+05:30,19.740073823131127,13.161249999999999,0.0
2017-01-15 01:00:00+05:30,19.244332855871477,12.90125,0.0
2017-01-15 02:00:00+05:30,18.75415560652636,11.998749999999998,0.0
2017-01-15 03:00:00+05:30,18.25150555012779,10.63375,0.0
2017-01-15 04:00:00+05:30,17.73080787075364,9.40375,0.0
2017-01-15 05:00:00+05:30,17.196133066171438,8.39125,0.0
2017-01-15 06:00:00+05:30,16.64595818732697,7.545,0.0
2017-01-15 07:00:00+05:30,16.110801640481853,7.047499999999999,8.378968673453624
2017-01-15 08:00:00+05:30,15.813562643397507,8.82625,36.088563885095965
2017-01-15 09:00:00+05:30,15.75347626999913,11.82,60.53161423674426
2017-01-15 10:00:00+05:30,16.030634603804483,15.405,101.17280992452069
2017-01-15 11:00:00+05:30,16.81401923008785,18.508750000000003,170.18559197044056
2017-01-15 12:00:00+05:30,17.862095694362868,20.26125,229.78856865628268
2017-01-15 13:00:00+05:30,18.944989699680068,21.261249999999997,262.8418194095528
2017-01-15 14:00:00+05:30,20.096207564428482,21.74875,288.276567089643
2017-01-15 15:00:00+05:30,20.926634738677848,21.562500000000004,207.94126943969837
2017-01-15 16:00:00+05:30,21.324111978245355,20.43375,99.1701575334746
2017-01-15 17:00:00+05:30,21.179201200273475,17.41625,19.54224885505313
2017-01-15 18:00:00+05:30,20.73288479019172,14.787500000000001,1.066229372141887
2017-01-15 19:00:00+05:30,20.165027681404908,13.75875,0.0
2017-01-15 20:00:00+05:30,19.636605450032512,13.54125,0.0
2017-01-15 21:00:00+05:30,19.026434231420197,13.505,0.0
2017-01-15 22:00:00+05:30,18.390717851623844,13.72125,0.0
2017-01-15 23:00:00+05:30,17.795957191690395,13.666249999999998,0.0
2017-01-16 00:00:00+05:30,17.22382913578724,13.043750000000001,0.0
2017-01-16 01:00:00+05:30,16.63575360253268,11.84,0.0
2017-01-16 02:00:00+05:30,16.11078505729086,10.45625,0.0
2017-01-16 03:00:00+05:30,15.642297495698935,9.218749999999998,0.0
2017-01-16 04:00:00+05:30,15.18790559541052,8.13,0.0
2017-01-16 05:00:00+05:30,14.740354506859005,7.18375,0.0
2017-01-16 06:00:00+05:30,14.290971791483944,6.39375,0.0
2017-01-16 07:00:00+05:30,13.842101405604485,6.045,2.673302884260731
2017-01-16 08:00:00+05:30,13.560332294396853,8.09375,15.227721821680499
2017-01-16 09:00:00+05:30,13.489206331409832,11.306249999999999,29.029071023719077
2017-01-16 10:00:00+05:30,13.639814972063753,15.186250000000001,44.42740887883559
2017-01-16 11:00:00+05:30,14.173061741668581,18.01,80.60748584768362
2017-01-16 12:00:00+05:30,15.122744694688734,19.505,152.71249558125191
2017-01-16 13:00:00+05:30,16.32659254681294,20.47625,248.36671805391416
2017-01-16 14:00:00+05:30,17.74868133318891,20.98,306.4944907544203
2017-01-16 15:00:00+05:30,18.745316910109057,20.93125,209.56282822878407
2017-01-16 16:00:00+05:30,19.32787215128504,20.18,99.45200372336296
2017-01-16 17:00:00+05:30,19.47802184543229,17.59,21.253873866322206
2017-01-16 18:00:00+05:30,19.24017938903533,14.60125,1.194451127297025
2017-01-16 19:00:00+05:30,18.75100146316694,12.724999999999998,0.0
2017-01-16 20:00:00+05:30,18.19594202180115,11.618749999999999,0.0
2017-01-16 21:00:00+05:30,17.655922080484107,10.838750000000001,0.0
2017-01-16 22:00:00+05:30,17.01527537904329,10.23625,0.0
2017-01-16 23:00:00+05:30,16.379460782475604,9.767499999999998,0.0
2017-01-17 00:00:00+05:30,15.783235363773024,9.335,0.0
2017-01-17 01:00:00+05:30,15.202380510318765,8.763749999999998,0.0
2017-01-17 02:00:00+05:30,14.664629984661154,8.00125,0.0
2017-01-17 03:00:00+05:30,14.1192553346653,7.2275,0.0
2017-01-17 04:00:00+05:30,13.583982153315777,6.6125,0.0
2017-01-17 05:00:00+05:30,13.101696253525217,6.2475000000000005,0.0
2017-01-17 06:00:00+05:30,12.653644270540902,6.143750000000001,0.0
2017-01-17 07:00:00+05:30,12.260529484911931,6.3275,3.1711009552670912
2017-01-17 08:00:00+05:30,12.036799303588886,7.921250000000001,16.745457070762285
2017-01-17 09:00:00+05:30,12.004694406292783,10.4975,31.07933836724147
2017-01-17 10:00:00+05:30,12.213113809484764,14.053749999999999,46.26925771964192
2017-01-17 11:00:00+05:30,12.828904622636157,18.1425,63.13228648508485
2017-01-17 12:00:00+05:30,13.758269174638174,20.9425,123.29571451726699
2017-01-17 13:00:00+05:30,15.032138266088339,22.28125,224.76355106930276
2017-01-17 14:00:00+05:30,15.743501396976722,22.86125,98.38887149687866
2017-01-17 15:00:00+05:30,16.565075037011212,22.78125,80.01613575201847
2017-01-17 16:00:00+05:30,17.177029640698613,21.68125,46.20794994158472
2017-01-17 17:00:00+05:30,17.46026078986834,18.125,12.75475802555695
2017-01-17 18:00:00+05:30,17.398124281453825,14.78375,0.8086234263014742
2017-01-17 19:00:00+05:30,17.078563686752897,13.3125,0.0
2017-01-17 20:00:00+05:30,16.736813235114813,12.45875,0.0
2017-01-17 21:00:00+05:30,16.374707010412475,11.63375,0.0
2017-01-17 22:00:00+05:30,15.89166516427374,10.842500000000001,0.0
2017-01-17 23:00:00+05:30,15.381739801041691,10.13125,0.0
2017-01-18 00:00:00+05:30,14.847768131660338,9.530000000000001,0.0
2017-01-18 01:00:00+05:30,14.307964757422644,8.969999999999999,0.0
2017-01-18 02:00:00+05:30,13.806659737345868,8.40375,0.0
2017-01-18 03:00:00+05:30,13.284483573263675,7.8462499999999995,0.0
2017-01-18 04:00:00+05:30,12.72825608523859,7.3462499999999995,0.0
2017-01-18 05:00:00+05:30,12.179892773614979,7.0325,0.0
2017-01-18 06:00:00+05:30,11.645493141740612,6.95,0.0
2017-01-18 07:00:00+05:30,11.239974512807937,7.075000000000001,4.507479405462254
2017-01-18 08:00:00+05:30,11.053561596500085,8.21875,19.955738925939897
2017-01-18 09:00:00+05:30,11.085029899791799,10.46,36.19191740654898
2017-01-18 10:00:00+05:30,11.442664109206937,13.945,59.66598719073542
2017-01-18 11:00:00+05:30,12.245165809040603,17.7225,89.62399466192504
2017-01-18 12:00:00+05:30,13.280647037034036,20.02375,142.71846943851864
2017-01-18 13:00:00+05:30,14.465284134224017,21.1025,208.93685995886028
2017-01-18 14:00:00+05:30,15.639826179037865,21.55375,209.51153896229187
2017-01-18 15:00:00+05:30,16.82504427803181,21.371250000000003,218.58770501861338
2017-01-18 16:00:00+05:30,17.567063868577403,20.51625,126.69384201375303
2017-01-18 17:00:00+05:30,17.802345837989236,17.793750000000003,27.397942744566738
2017-01-18 18:00:00+05:30,17.698395269319295,14.8975,1.5567883055014273
2017-01-18 19:00:00+05:30,17.373251026061816,13.34,0.0
2017-01-18 20:00:00+05:30,16.935034647953266,12.412500000000001,0.0
2017-01-18 21:00:00+05:30,16.4436016616542,11.614999999999998,0.0
2017-01-18 22:00:00+05:30,15.868264851623737,10.936250000000001,0.0
2017-01-18 23:00:00+05:30,15.276328068598335,10.38125,0.0
2017-01-19 00:00:00+05:30,14.703493876202348,9.9275,0.0
2017-01-19 01:00:00+05:30,14.18268891096939,9.62,0.0
2017-01-19 02:00:00+05:30,13.73374419800244,9.411249999999999,0.0
2017-01-19 03:00:00+05:30,13.306713461223376,9.1525,0.0
2017-01-19 04:00:00+05:30,12.946239109918759,8.933749999999998,0.0
2017-01-19 05:00:00+05:30,12.655762656353483,8.7075,0.0
2017-01-19 06:00:00+05:30,12.386766119115842,8.266250000000001,0.0
2017-01-19 07:00:00+05:30,12.135300643832514,7.66,6.868593754843908
2017-01-19 08:00:00+05:30,12.06046307759979,8.3575,33.09922368232846
2017-01-19 09:00:00+05:30,12.193856479155775,10.695,60.79579214984055
2017-01-19 10:00:00+05:30,12.702410649075253,14.44125,98.8240497436339
2017-01-19 11:00:00+05:30,13.62742227074451,17.4125,138.45004982116757
2017-01-19 12:00:00+05:30,14.624629735913988,19.0425,181.92502143467462
2017-01-19 13:00:00+05:30,15.873760942804319,20.111250000000002,228.7353502124443
2017-01-19 14:00:00+05:30,17.246116301081287,20.7225,262.63895984781243
2017-01-19 15:00:00+05:30,18.399451851010088,20.64875,221.64071788782852
2017-01-19 16:00:00+05:30,19.06693572011183,19.75375,117.98751027867188
2017-01-19 17:00:00+05:30,19.246691552916584,16.9125,28.30691597220635
2017-01-19 18:00:00+05:30,18.978522495982652,13.786249999999999,1.5952492708198258
2017-01-19 19:00:00+05:30,18.463519097744403,12.07,0.0
2017-01-19 20:00:00+05:30,17.882907725985085,11.08125,0.0
2017-01-19 21:00:00+05:30,17.309712278389668,10.34,0.0
2017-01-19 22:00:00+05:30,16.665363222678174,9.918750000000001,0.0
2017-01-19 23:00:00+05:30,16.02940037029613,9.735,0.0
2017-01-20 00:00:00+05:30,15.474141896875564,9.60875,0.0
2017-01-20 01:00:00+05:30,14.9974505567283,9.4225,0.0
2017-01-20 02:00:00+05:30,14.499167922170594,9.115,0.0
2017-01-20 03:00:00+05:30,14.0439627085717,8.4925,0.0
2017-01-20 04:00:00+05:30,13.664607395598837,7.975,0.0
2017-01-20 05:00:00+05:30,13.322488630074472,7.93375,0.0
2017-01-20 06:00:00+05:30,13.013288872738046,7.858750000000001,0.0
2017-01-20 07:00:00+05:30,12.721623620109773,7.6175,5.549185641905263
2017-01-20 08:00:00+05:30,12.586766562136125,8.41375,27.14873796227471
2017-01-20 09:00:00+05:30,12.651762085715841,10.825,48.88003954942595
2017-01-20 10:00:00+05:30,13.02716838413538,14.48125,76.14431912905827
2017-01-20 11:00:00+05:30,13.794301413425446,17.20625,111.32520930773654
2017-01-20 12:00:00+05:30,14.629031945364547,18.87375,135.51643489270734
2017-01-20 13:00:00+05:30,15.488567932419414,20.04,135.1555198735626
2017-01-20 14:00:00+05:30,16.217024778833576,20.66875,89.43425923417769
2017-01-20 15:00:00+05:30,16.8616341601029,20.636249999999997,60.15797017607747
2017-01-20 16:00:00+05:30,17.32022242397832,19.85125,31.033840104731922
2017-01-20 17:00:00+05:30,17.52731572937891,17.175,8.80751711689183
2017-01-20 18:00:00+05:30,17.46872194959224,14.434999999999999,0.5544752634391243
2017-01-20 19:00:00+05:30,17.23800646517534,13.135,0.0
2017-01-20 20:00:00+05:30,16.878289693963094,12.5375,0.0
2017-01-20 21:00:00+05:30,16.52482402290355,12.08125,0.0
2017-01-20 22:00:00+05:30,16.1868951411174,11.83875,0.0
2017-01-20 23:00:00+05:30,15.828901442297507,11.62125,0.0
2017-01-21 00:00:00+05:30,15.506292517052726,11.37625,0.0
2017-01-21 01:00:00+05:30,15.134535191457466,11.00875,0.0
2017-01-21 02:00:00+05:30,14.795517213271735,10.59,0.0
2017-01-21 03:00:00+05:30,14.48199962122075,10.04625,0.0
2017-01-21 04:00:00+05:30,14.1607911534647,9.46625,0.0
2017-01-21 05:00:00+05:30,13.82502242181018,8.610000000000001,0.0
2017-01-21 06:00:00+05:30,13.414750683465154,7.526250000000001,0.0
2017-01-21 07:00:00+05:30,13.021379256988867,6.7787500000000005,8.716742181370062
2017-01-21 08:00:00+05:30,12.895213104062137,8.58625,38.7336951510125
2017-01-21 09:00:00+05:30,13.000587457118119,11.67125,67.51389768445772
2017-01-21 10:00:00+05:30,13.532374977839698,15.5625,112.13834103077352
2017-01-21 11:00:00+05:30,14.738960045533195,18.419999999999998,241.97782303234612
2017-01-21 12:00:00+05:30,16.746231976532993,19.92125,489.5076145356107
2017-01-21 13:00:00+05:30,18.73070783446054,20.896250000000002,540.1347287030787
2017-01-21 14:00:00+05:30,20.490670126757554,21.35625,469.52597840263314
2017-01-21 15:00:00+05:30,21.724941991831297,21.25,342.8029453167028
2017-01-21 16:00:00+05:30,22.429299099544682,20.4675,205.3639425277571
2017-01-21 17:00:00+05:30,22.273551214192686,17.494999999999997,42.58978417585898
2017-01-21 18:00:00+05:30,21.74011654707781,14.318750000000001,2.1188856594356116
2017-01-21 19:00:00+05:30,21.069100540855647,12.8275,0.0
2017-01-21 20:00:00+05:30,20.331859005691243,12.138749999999998,0.0
2017-01-21 21:00:00+05:30,19.60676068543867,11.622499999999999,0.0
2017-01-21 22:00:00+05:30,18.84017577418353,11.31875,0.0
2017-01-21 23:00:00+05:30,18.118195593565993,11.12125,0.0
2017-01-22 00:00:00+05:30,17.476092133036445,10.8125,0.0
2017-01-22 01:00:00+05:30,16.918783475580796,10.38875,0.0
2017-01-22 02:00:00+05:30,16.399180875830808,9.801250000000001,0.0
2017-01-22 03:00:00+05:30,15.924318905610896,9.15625,0.0
2017-01-22 04:00:00+05:30,15.476676306631937,8.495,0.0
2017-01-22 05:00:00+05:30,15.022697557873004,7.7212499999999995,0.0
2017-01-22 06:00:00+05:30,14.555721537875712,6.903749999999999,0.0
2017-01-22 07:00:00+05:30,14.09789256234458,6.53125,4.9514474442025325
2017-01-22 08:00:00+05:30,13.860279031242317,9.0025,23.02739918999543
2017-01-22 09:00:00+05:30,13.854557378577054,12.64125,40.64317345429286
2017-01-22 10:00:00+05:30,14.162717561679592,16.97625,66.17339448165865
2017-01-22 11:00:00+05:30,14.999539743225641,20.17875,134.94054018066146
2017-01-22 12:00:00+05:30,16.48269974278384,21.65,292.8145135548134
2017-01-22 13:00:00+05:30,17.614374851029023,22.3775,264.8396269398779
2017-01-22 14:00:00+05:30,18.86068839693396,22.59875,262.49358510096664
2017-01-22 15:00:00+05:30,19.84138658229987,22.253750000000004,195.5015182838908
2017-01-22 16:00:00+05:30,20.39636616130145,21.24625,101.47797975511449
2017-01-22 17:00:00+05:30,20.487020899402477,18.301250000000003,23.962716703682084
2017-01-22 18:00:00+05:30,20.163096217070404,14.91375,1.3988628814584878
2017-01-22 19:00:00+05:30,19.604219041308596,12.938749999999999,0.0
2017-01-22 20:00:00+05:30,18.984891289678195,11.82125,0.0
2017-01-22 21:00:00+05:30,18.39214125129166,10.94375,0.0
2017-01-22 22:00:00+05:30,17.728495367117926,10.22125,0.0
2017-01-22 23:00:00+05:30,17.09200167434454,9.63875,0.0
2017-01-23 00:00:00+05:30,16.51927704784767,9.2775,0.0
2017-01-23 01:00:00+05:30,16.02530280361557,9.27375,0.0
2017-01-23 02:00:00+05:30,15.587131405750476,9.467500000000001,0.0
2017-01-23 03:00:00+05:30,15.209007161047634,9.825,0.0
2017-01-23 04:00:00+05:30,14.869262812200645,9.815000000000001,0.0
2017-01-23 05:00:00+05:30,14.501406886347896,8.6975,0.0
2017-01-23 06:00:00+05:30,14.087404501420103,7.2212499999999995,0.0
2017-01-23 07:00:00+05:30,13.686824235382282,6.31875,9.112716311867912
2017-01-23 08:00:00+05:30,13.583322201387748,8.4275,54.21995275555108
2017-01-23 09:00:00+05:30,13.775216491395227,11.7925,99.79817116542749
2017-01-23 10:00:00+05:30,14.258998357661802,15.995000000000001,102.23062228713246
2017-01-23 11:00:00+05:30,15.213988641286189,19.222499999999997,151.72535700782404
2017-01-23 12:00:00+05:30,16.241500900220053,20.907500000000002,198.18498225285992
2017-01-23 13:00:00+05:30,17.457629354857765,21.86625,246.80880097907536
2017-01-23 14:00:00+05:30,18.783845395457377,22.23375,280.54013703895373
2017-01-23 15:00:00+05:30,19.933808310244565,21.915,240.7831585299829
2017-01-23 16:00:00+05:30,20.598768230790874,20.84625,131.73514903810877
2017-01-23 17:00:00+05:30,20.66194408754446,17.57125,29.372194062594783
2017-01-23 18:00:00+05:30,20.279482709471935,14.14125,1.6500204465527135
2017-01-23 19:00:00+05:30,19.660492695204248,12.4425,0.0
2017-01-23 20:00:00+05:30,19.033148184558453,11.535,0.0
2017-01-23 21:00:00+05:30,18.46420322951687,10.78875,0.0
2017-01-23 22:00:00+05:30,17.8668081656395,10.21125,0.0
2017-01-23 23:00:00+05:30,17.31918098437071,9.81375,0.0
2017-01-24 00:00:00+05:30,16.822358378829588,9.665000000000001,0.0
2017-01-24 01:00:00+05:30,16.37563832372401,9.75,0.0
2017-01-24 02:00:00+05:30,15.954768905133607,9.766250000000001,0.0
2017-01-24 03:00:00+05:30,15.573171033347164,9.915,0.0
2017-01-24 04:00:00+05:30,15.220761237446819,9.757499999999999,0.0
2017-01-24 05:00:00+05:30,14.850777305842863,8.90625,0.0
2017-01-24 06:00:00+05:30,14.449500009740962,7.765000000000001,0.0
2017-01-24 07:00:00+05:30,14.054580847892094,7.086250000000001,6.408340322343426
2017-01-24 08:00:00+05:30,13.884372633681814,8.865,32.72618908518204
2017-01-24 09:00:00+05:30,13.954855367838972,11.97625,60.599447713917684
2017-01-24 10:00:00+05:30,14.45742192848089,15.98125,130.00608332169472
2017-01-24 11:00:00+05:30,15.936585797866112,19.31125,305.48299509842207
2017-01-24 12:00:00+05:30,17.47018732275115,21.0525,402.47415259919535
2017-01-24 13:00:00+05:30,19.248956182023054,21.885,477.4984225095167
2017-01-24 14:00:00+05:30,21.337892766933678,22.178749999999997,563.4198437141724
2017-01-24 15:00:00+05:30,22.862712087075746,21.9075,442.9952550283304
2017-01-24 16:00:00+05:30,23.641247102609135,21.00125,248.45813874637716
2017-01-24 17:00:00+05:30,23.5987395409773,18.457500000000003,75.98058259486676
2017-01-24 18:00:00+05:30,23.096604397838934,16.321250000000003,4.534860043297191
2017-01-24 19:00:00+05:30,22.52388976179943,15.625,0.0
2017-01-24 20:00:00+05:30,21.927594568867825,15.588750000000001,0.0
2017-01-24 21:00:00+05:30,21.315173133123498,15.39875,0.0
2017-01-24 22:00:00+05:30,20.575080814422158,14.82875,0.0
2017-01-24 23:00:00+05:30,19.815776749242836,13.95125,0.0
2017-01-25 00:00:00+05:30,19.080145130498444,12.81125,0.0
2017-01-25 01:00:00+05:30,18.38387291673302,11.556249999999999,0.0
2017-01-25 02:00:00+05:30,17.72522794213316,10.711250000000001,0.0
2017-01-25 03:00:00+05:30,17.09776133744624,10.03375,0.0
2017-01-25 04:00:00+05:30,16.501989403812008,9.34125,0.0
2017-01-25 05:00:00+05:30,15.906514042186132,8.55875,0.0
2017-01-25 06:00:00+05:30,15.305555883288386,7.677499999999999,0.0
2017-01-25 07:00:00+05:30,14.784871841750233,7.290000000000001,14.314450130122701
2017-01-25 08:00:00+05:30,14.660914279301863,9.647499999999999,76.3323103040225
2017-01-25 09:00:00+05:30,14.925481211722282,13.1925,156.71298845576564
2017-01-25 10:00:00+05:30,15.835931362643517,17.25375,236.95964262010517
2017-01-25 11:00:00+05:30,17.00395753882775,20.48,229.76866992697774
2017-01-25 12:00:00+05:30,18.304156357041293,22.1725,292.8142133466689
2017-01-25 13:00:00+05:30,19.879214011804585,22.955,364.2026926968233
2017-01-25 14:00:00+05:30,21.51021997077194,23.15,393.7771656240567
2017-01-25 15:00:00+05:30,22.757517853885396,22.7875,309.82081844256214
2017-01-25 16:00:00+05:30,23.38128154421606,21.794999999999998,160.42755872001274
2017-01-25 17:00:00+05:30,23.32750802554542,18.99875,34.4141278190056
2017-01-25 18:00:00+05:30,22.891541380040394,15.856250000000001,1.921174942185883
2017-01-25 19:00:00+05:30,22.240782331398933,13.96,0.0
2017-01-25 20:00:00+05:30,21.520814864293644,12.912500000000001,0.0
2017-01-25 21:00:00+05:30,20.806873756214596,12.34,0.0
2017-01-25 22:00:00+05:30,20.07250629817271,12.158750000000001,0.0
2017-01-25 23:00:00+05:30,19.366019490607385,12.14,0.0
2017-01-26 00:00:00+05:30,18.71267732237876,11.94,0.0
2017-01-26 01:00:00+05:30,18.110550458712055,11.40125,0.0
2017-01-26 02:00:00+05:30,17.48748695007138,10.56875,0.0
2017-01-26 03:00:00+05:30,16.854155603658743,9.595,0.0
2017-01-26 04:00:00+05:30,16.255028589054312,8.701250000000002,0.0
2017-01-26 05:00:00+05:30,15.643965927256247,7.9712499999999995,0.0
2017-01-26 06:00:00+05:30,15.074142256134186,7.42625,0.0
2017-01-26 07:00:00+05:30,14.600773718824078,7.5062500000000005,10.28557957915458
2017-01-26 08:00:00+05:30,14.450472260529612,10.053749999999999,54.95834976853706
2017-01-26 09:00:00+05:30,14.635986793747296,13.3525,107.75393123569825
2017-01-26 10:00:00+05:30,15.179783038414579,17.50125,129.95322401626171
2017-01-26 11:00:00+05:30,16.639485126653682,20.68875,272.9442053133733
2017-01-26 12:00:00+05:30,18.206686631765002,22.285,381.6483013315566
2017-01-26 13:00:00+05:30,20.051718290151978,23.137500000000003,462.26412117126586
2017-01-26 14:00:00+05:30,21.73950148772391,23.45125,422.19519461559264
2017-01-26 15:00:00+05:30,22.997968658410148,23.2125,307.92533254503326
2017-01-26 16:00:00+05:30,23.640049116853945,22.321250000000003,157.20305822977735
2017-01-26 17:00:00+05:30,23.578201913263293,19.39625,32.248968757204715
2017-01-26 18:00:00+05:30,23.135871689470378,15.975,1.7678137500873385
2017-01-26 19:00:00+05:30,22.464699110247786,13.97625,0.0
2017-01-26 20:00:00+05:30,21.702710821333664,12.8325,0.0
2017-01-26 21:00:00+05:30,20.948177592941164,11.95625,0.0
2017-01-26 22:00:00+05:30,20.1064640901554,11.335,0.0
2017-01-26 23:00:00+05:30,19.271565986585227,11.1275,0.0
2017-01-27 00:00:00+05:30,18.503379065252915,11.43875,0.0
2017-01-27 01:00:00+05:30,17.801290888763784,11.967500000000001,0.0
2017-01-27 02:00:00+05:30,17.12551843009628,11.763749999999998,0.0
2017-01-27 03:00:00+05:30,16.432288115896764,10.407499999999999,0.0
2017-01-27 04:00:00+05:30,15.772955632584708,8.758750000000001,0.0
2017-01-27 05:00:00+05:30,15.133220728559344,7.57625,0.0
2017-01-27 06:00:00+05:30,14.548177217290222,6.95125,0.0
2017-01-27 07:00:00+05:30,14.105517501808139,7.227500000000001,29.501900136334726
2017-01-27 08:00:00+05:30,14.228277977348624,10.04625,130.78606259195138
2017-01-27 09:00:00+05:30,14.677342912554277,13.83625,206.01450742560513
2017-01-27 10:00:00+05:30,15.975477455716312,17.87125,337.5694099144906
2017-01-27 11:00:00+05:30,18.251729934159357,20.786250000000003,581.3129369012004
2017-01-27 12:00:00+05:30,20.503764629332736,22.369999999999997,651.8560767411891
2017-01-27 13:00:00+05:30,22.79099427484197,23.38125,644.1044338432432
2017-01-27 14:00:00+05:30,24.799483802109343,23.862499999999997,577.2377338234552
2017-01-27 15:00:00+05:30,26.26357678742011,23.728749999999998,452.6414520586792
2017-01-27 16:00:00+05:30,26.958343416106626,22.83375,261.4449511132246
2017-01-27 17:00:00+05:30,26.773580667912782,19.855,85.91560064406605
2017-01-27 18:00:00+05:30,26.12984731758909,17.283749999999998,5.261153516371967
2017-01-27 19:00:00+05:30,25.40743980561974,16.474999999999998,0.0
2017-01-27 20:00:00+05:30,24.634548911772704,16.22625,0.0
2017-01-27 21:00:00+05:30,23.890521422954482,16.071250000000003,0.0
2017-01-27 22:00:00+05:30,23.070209924261494,15.936250000000003,0.0
2017-01-27 23:00:00+05:30,22.209815793078167,15.155000000000001,0.0
2017-01-28 00:00:00+05:30,21.34054818668667,13.7825,0.0
2017-01-28 01:00:00+05:30,20.467368506336484,12.3325,0.0
2017-01-28 02:00:00+05:30,19.603600592562575,10.981250000000001,0.0
2017-01-28 03:00:00+05:30,18.76626694427719,10.02125,0.0
2017-01-28 04:00:00+05:30,17.95140405631059,9.415000000000001,0.0
2017-01-28 05:00:00+05:30,17.158878700077878,8.97625,0.0
2017-01-28 06:00:00+05:30,16.3935196178074,8.6425,0.0
2017-01-28 07:00:00+05:30,15.746139516061543,8.93,28.206117462122606
2017-01-28 08:00:00+05:30,15.651943604158777,11.876249999999999,111.91757880483404
2017-01-28 09:00:00+05:30,15.90482931059067,15.412500000000001,186.76391594024082
2017-01-28 10:00:00+05:30,17.094769157484727,19.509999999999998,318.69987049188524
2017-01-28 11:00:00+05:30,19.052430668853198,22.898750000000003,414.35959660978597
2017-01-28 12:00:00+05:30,20.88121863749386,24.80125,453.8983352886878
2017-01-28 13:00:00+05:30,22.955267026343996,25.72875,497.9935660803978
2017-01-28 14:00:00+05:30,24.735477670484173,25.900000000000002,424.5334689616966
2017-01-28 15:00:00+05:30,25.97188428286335,25.626250000000002,288.58259435553674
2017-01-28 16:00:00+05:30,26.6560319872802,24.7175,149.46232574247236
2017-01-28 17:00:00+05:30,26.6154031114539,21.59125,33.021336159744784
2017-01-28 18:00:00+05:30,26.14741759273051,18.189999999999998,1.7996410759079784
2017-01-28 19:00:00+05:30,25.45341025244689,16.485,0.0
2017-01-28 20:00:00+05:30,24.67274072637737,15.453750000000001,0.0
2017-01-28 21:00:00+05:30,23.87723419426171,14.4225,0.0
2017-01-28 22:00:00+05:30,23.044017428223366,13.790000000000001,0.0
2017-01-28 23:00:00+05:30,22.178366176782383,13.14,0.0
2017-01-29 00:00:00+05:30,21.301374423606738,12.133750000000001,0.0
2017-01-29 01:00:00+05:30,20.453986318639338,11.385,0.0
2017-01-29 02:00:00+05:30,19.622337255084314,10.67125,0.0
2017-01-29 03:00:00+05:30,18.802719875869347,9.959999999999999,0.0
2017-01-29 04:00:00+05:30,18.015720778999544,9.4075,0.0
2017-01-29 05:00:00+05:30,17.269783038303416,9.00125,0.0
2017-01-29 06:00:00+05:30,16.581472686388068,9.045,0.0
2017-01-29 07:00:00+05:30,16.028688762975136,9.731250000000001,20.65814882950714
2017-01-29 08:00:00+05:30,15.958528846724558,12.248750000000001,95.69252885334114
2017-01-29 09:00:00+05:30,16.29793599696384,15.487499999999999,183.26357404894406
2017-01-29 10:00:00+05:30,17.577432684739357,19.625,313.0184633859769
2017-01-29 11:00:00+05:30,19.567679506953287,23.19125,440.42262659846
2017-01-29 12:00:00+05:30,21.672204347404353,25.585,558.5160311184309
2017-01-29 13:00:00+05:30,23.86084649649624,26.9675,539.6643640287967
2017-01-29 14:00:00+05:30,25.62204892190807,27.40125,435.3125791967599
2017-01-29 15:00:00+05:30,26.885420369957416,27.075000000000003,302.27185512527865
2017-01-29 16:00:00+05:30,27.568436116886403,25.95625,170.2003425345908
2017-01-29 17:00:00+05:30,27.4967138767216,22.53875,40.31912204511916
2017-01-29 18:00:00+05:30,26.984887581785127,18.91,2.250667300522144
2017-01-29 19:00:00+05:30,26.25316675693331,17.12,0.0
2017-01-29 20:00:00+05:30,25.44093692128368,16.1175,0.0
2017-01-29 21:00:00+05:30,24.603065673654815,15.206250000000002,0.0
2017-01-29 22:00:00+05:30,23.68393956947682,14.342500000000001,0.0
2017-01-29 23:00:00+05:30,22.739485744497202,13.526250000000001,0.0
2017-01-30 00:00:00+05:30,21.811492659704047,12.8425,0.0
2017-01-30 01:00:00+05:30,20.916383659318548,12.272499999999999,0.0
2017-01-30 02:00:00+05:30,20.0511899937,11.719999999999999,0.0
2017-01-30 03:00:00+05:30,19.216050458701126,11.153749999999999,0.0
2017-01-30 04:00:00+05:30,18.41278827063646,10.596250000000001,0.0
2017-01-30 05:00:00+05:30,17.64165976415726,10.102500000000001,0.0
2017-01-30 06:00:00+05:30,16.90703916668242,9.736249999999998,0.0
2017-01-30 07:00:00+05:30,16.29056836658965,9.98875,27.38915552018654
2017-01-30 08:00:00+05:30,16.233230997338396,12.66625,125.11096397339529
2017-01-30 09:00:00+05:30,16.572727142741506,16.015,216.17557704894114
2017-01-30 10:00:00+05:30,17.72641126754055,19.958749999999995,313.3521741619831
2017-01-30 11:00:00+05:30,19.562757503573465,22.599999999999998,403.30664067089845
2017-01-30 12:00:00+05:30,21.12499065099385,23.388749999999998,400.0551223827058
2017-01-30 13:00:00+05:30,22.815308086390854,23.776249999999997,398.979205484943
2017-01-30 14:00:00+05:30,24.13789113272295,24.305,288.76773648487006
2017-01-30 15:00:00+05:30,25.096645305350936,24.273750000000003,195.03763854441104
2017-01-30 16:00:00+05:30,25.55217059014513,23.4825,87.65753992859825
2017-01-30 17:00:00+05:30,25.504410209005023,21.362499999999997,24.500120088868318
2017-01-30 18:00:00+05:30,25.112415842739214,18.77,1.5620678692419938
2017-01-30 19:00:00+05:30,24.553230021760406,17.05875,0.0
2017-01-30 20:00:00+05:30,23.902303012560164,16.127499999999998,0.0
2017-01-30 21:00:00+05:30,23.238896048612393,15.46875,0.0
2017-01-30 22:00:00+05:30,22.50034527423069,14.87125,0.0
2017-01-30 23:00:00+05:30,21.73732438509087,14.33125,0.0
2017-01-31 00:00:00+05:30,20.987615169972518,13.902499999999998,0.0
2017-01-31 01:00:00+05:30,20.266694730140703,13.69125,0.0
2017-01-31 02:00:00+05:30,19.592609502126507,13.63125,0.0
2017-01-31 03:00:00+05:30,18.950076374413097,13.420000000000002,0.0
2017-01-31 04:00:00+05:30,18.32574108505575,12.843750000000002,0.0
2017-01-31 05:00:00+05:30,17.724881517874923,12.219999999999999,0.0
2017-01-31 06:00:00+05:30,17.14317606494152,11.685,0.0
2017-01-31 07:00:00+05:30,16.638529027431566,11.440000000000001,25.63441304260177
2017-01-31 08:00:00+05:30,16.597876234267783,13.10375,104.27144638738218
2017-01-31 09:00:00+05:30,16.86531024336567,16.17625,162.77719602014727
2017-01-31 10:00:00+05:30,17.73504475257845,20.39125,215.48424900297726
2017-01-31 11:00:00+05:30,19.327969009383967,23.66125,312.84178396346834
2017-01-31 12:00:00+05:30,21.115109557504024,25.4,408.33331749230075
2017-01-31 13:00:00+05:30,23.06668652949522,26.36625,463.7247996222158
2017-01-31 14:00:00+05:30,24.760056045131343,26.727500000000003,405.367815116933
2017-01-31 15:00:00+05:30,26.02225002642097,26.4675,296.3905713074952
2017-01-31 16:00:00+05:30,26.691482590339348,25.504999999999995,156.59649813644816
2017-01-31 17:00:00+05:30,26.69034036165801,22.72125,39.65933540828378
2017-01-31 18:00:00+05:30,26.269921872896873,19.46125,2.1595165542721393
2017-01-31 19:00:00+05:30,25.62695842590611,17.521250000000002,0.0
2017-01-31 20:00:00+05:30,24.894306218002328,16.392500000000002,0.0
2017-01-31 21:00:00+05:30,24.153449924365397,15.50375,0.0
2017-01-31 22:00:00+05:30,23.321688419166087,14.78125,0.0
2017-01-31 23:00:00+05:30,22.462819703564495,14.142499999999998,0.0
2017-02-01 00:00:00+05:30,21.614820861513856,13.5725,0.0
2017-02-01 01:00:00+05:30,20.79795303312429,13.0575,0.0
2017-02-01 02:00:00+05:30,20.009169788563884,12.5575,0.0
2017-02-01 03:00:00+05:30,19.250145748081923,12.05125,0.0
2017-02-01 04:00:00+05:30,18.51609955655124,11.503749999999998,0.0
2017-02-01 05:00:00+05:30,17.803598527612618,10.965,0.0
2017-02-01 06:00:00+05:30,17.112062563676037,10.48875,0.0
2017-02-01 07:00:00+05:30,16.524384471951375,10.70125,24.49678468407282
2017-02-01 08:00:00+05:30,16.44399217124932,12.786249999999999,116.19250205842567
2017-02-01 09:00:00+05:30,16.762737858872356,15.9875,198.0970818957672
2017-02-01 10:00:00+05:30,17.941914170118118,20.408749999999998,303.5873894007545
2017-02-01 11:00:00+05:30,19.993560201029105,24.4725,437.6803345653476
2017-02-01 12:00:00+05:30,21.785885450970014,26.6575,441.44649669086454
2017-02-01 13:00:00+05:30,23.619009071861228,27.62125,428.1350415838333
2017-02-01 14:00:00+05:30,25.21619507631475,27.955,361.24803923053537
2017-02-01 15:00:00+05:30,26.407392913839583,27.6875,266.24187256231113
2017-02-01 16:00:00+05:30,27.105154083256995,26.71875,147.67880895439794
2017-02-01 17:00:00+05:30,27.16580305874117,23.587499999999995,43.7004610166518
2017-02-01 18:00:00+05:30,26.779201743061904,20.189999999999998,2.5824377183715868
2017-02-01 19:00:00+05:30,26.194097546094074,18.6225,0.0
2017-02-01 20:00:00+05:30,25.5390991977603,17.84875,0.0
2017-02-01 21:00:00+05:30,24.842909968193986,16.91,0.0
2017-02-01 22:00:00+05:30,24.073794971321846,15.87625,0.0
2017-02-01 23:00:00+05:30,23.301853960233217,14.971250000000001,0.0
2017-02-02 00:00:00+05:30,22.57013538649429,14.216249999999999,0.0
2017-02-02 01:00:00+05:30,21.862972459925643,13.581249999999999,0.0
2017-02-02 02:00:00+05:30,21.172696358054047,13.085,0.0
2017-02-02 03:00:00+05:30,20.493226472770196,12.826249999999998,0.0
2017-02-02 04:00:00+05:30,19.837082028383577,12.795000000000002,0.0
2017-02-02 05:00:00+05:30,19.209692180948334,12.90375,0.0
2017-02-02 06:00:00+05:30,18.59464698902135,12.62875,0.0
2017-02-02 07:00:00+05:30,18.024599551645476,11.930000000000001,26.200219016678858
2017-02-02 08:00:00+05:30,17.94550866520355,13.03,126.37511903795416
2017-02-02 09:00:00+05:30,18.26769688581939,15.901250000000001,231.98384974612043
2017-02-02 10:00:00+05:30,19.24990788237392,20.0325,317.8648682115328
2017-02-02 11:00:00+05:30,21.02999637023337,23.229999999999997,440.7823479833537
2017-02-02 12:00:00+05:30,23.050773869271286,25.04375,551.1446199222271
2017-02-02 13:00:00+05:30,25.044278319569266,26.14125,553.1106629632219
2017-02-02 14:00:00+05:30,26.729809273984117,26.57875,471.01353501156694
2017-02-02 15:00:00+05:30,27.96399916740013,26.30625,362.34959518862087
2017-02-02 16:00:00+05:30,28.653716818935315,25.343750000000004,230.87865898136678
2017-02-02 17:00:00+05:30,28.520880599958076,22.833750000000002,77.61572399637552
2017-02-02 18:00:00+05:30,27.89759926289221,19.587500000000002,4.995515818651389
2017-02-02 19:00:00+05:30,27.108898594412327,17.842499999999998,0.0
2017-02-02 20:00:00+05:30,26.29584172937809,17.001250000000002,0.0
2017-02-02 21:00:00+05:30,25.425259973579973,16.12125,0.0
2017-02-02 22:00:00+05:30,24.455545601380496,15.1675,0.0
2017-02-02 23:00:00+05:30,23.471696693386328,14.2,0.0
2017-02-03 00:00:00+05:30,22.491810883025963,13.265,0.0
2017-02-03 01:00:00+05:30,21.523709022277636,12.376249999999999,0.0
2017-02-03 02:00:00+05:30,20.571432874567893,11.543750000000001,0.0
2017-02-03 03:00:00+05:30,19.651577558836316,10.8025,0.0
2017-02-03 04:00:00+05:30,18.77696825548967,10.15875,0.0
2017-02-03 05:00:00+05:30,17.951400101149357,9.5175,0.0
2017-02-03 06:00:00+05:30,17.167033074805662,8.88875,0.0
2017-02-03 07:00:00+05:30,16.501838189826948,9.178749999999999,33.44650894058281
2017-02-03 08:00:00+05:30,16.531526776831008,11.265,201.95055138156673
2017-02-03 09:00:00+05:30,17.078013872558884,14.998750000000001,345.45128960709053
2017-02-03 10:00:00+05:30,18.67991366821048,19.76875,494.014714153745
2017-02-03 11:00:00+05:30,21.003790453009607,23.757500000000004,611.4267546162422
2017-02-03 12:00:00+05:30,23.55790042772088,26.29125,721.231765822453
2017-02-03 13:00:00+05:30,26.080152387869738,27.75375,731.3320108176906
2017-02-03 14:00:00+05:30,28.32721038586694,28.345000000000002,661.164417324255
2017-02-03 15:00:00+05:30,29.994064676270092,28.118750000000002,538.5213734706596
2017-02-03 16:00:00+05:30,30.91084712027019,27.11375,355.44110837869897
2017-02-03 17:00:00+05:30,30.832120343459437,24.4425,135.23384635536954
2017-02-03 18:00:00+05:30,30.074633553753312,20.567500000000003,9.094360936401372
2017-02-03 19:00:00+05:30,29.19787979949608,18.305000000000003,0.0
2017-02-03 20:00:00+05:30,28.280927738358624,17.782500000000002,0.0
2017-02-03 21:00:00+05:30,27.394625276422495,17.51125,0.0
2017-02-03 22:00:00+05:30,26.4212446800966,16.81125,0.0
2017-02-03 23:00:00+05:30,25.471911539855782,16.588749999999997,0.0
2017-02-04 00:00:00+05:30,24.562551029093108,16.07875,0.0
2017-02-04 01:00:00+05:30,23.67350793085577,15.24875,0.0
2017-02-04 02:00:00+05:30,22.834373509356457,14.80375,0.0
2017-02-04 03:00:00+05:30,22.055813183021296,14.8475,0.0
2017-02-04 04:00:00+05:30,21.327256262804212,14.855,0.0
2017-02-04 05:00:00+05:30,20.64876448844133,14.709999999999999,0.0
2017-02-04 06:00:00+05:30,20.003431244749663,14.01875,0.0
2017-02-04 07:00:00+05:30,19.48452610550787,14.302500000000002,18.58178254047416
2017-02-04 08:00:00+05:30,19.428255659559603,17.19375,84.10320551162236
2017-02-04 09:00:00+05:30,19.70512331775313,19.94625,137.34096426543118
2017-02-04 10:00:00+05:30,20.477034912246356,21.65625,192.34460428133065
2017-02-04 11:00:00+05:30,21.707393798183066,23.286250000000003,257.40399081608234
2017-02-04 12:00:00+05:30,22.97871415972201,24.895000000000003,308.7648112651787
2017-02-04 13:00:00+05:30,24.889055717618696,25.47375,485.1935839927393
2017-02-04 14:00:00+05:30,26.356980862648996,25.576249999999998,374.84686997412564
2017-02-04 15:00:00+05:30,27.075962670291432,25.371249999999996,165.22961041015495
2017-02-04 16:00:00+05:30,27.56908676844906,24.6225,111.16891285307248
2017-02-04 17:00:00+05:30,27.55330899235574,22.5575,36.72818203480148
2017-02-04 18:00:00+05:30,27.162820489882,19.9925,2.2895157082410087
2017-02-04 19:00:00+05:30,26.59994800784825,18.78875,0.0
2017-02-04 20:00:00+05:30,25.83922550877758,18.0325,0.0
2017-02-04 21:00:00+05:30,24.124772681141508,17.154999999999998,0.0
2017-02-04 22:00:00+05:30,22.38117509627499,16.4025,0.0
2017-02-04 23:00:00+05:30,20.954749664448507,15.771249999999998,0.0
2017-02-05 00:00:00+05:30,19.95223084154576,15.28125,0.0
2017-02-05 01:00:00+05:30,19.296553283951706,14.80125,0.0
2017-02-05 02:00:00+05:30,18.785549771138125,14.503749999999998,0.0
2017-02-05 03:00:00+05:30,18.365013481963437,14.42125,0.0
2017-02-05 04:00:00+05:30,17.997891374737534,14.291250000000002,0.0
2017-02-05 05:00:00+05:30,17.66525083765707,13.91375,0.0
2017-02-05 06:00:00+05:30,17.344093948395688,13.2425,0.0
2017-02-05 07:00:00+05:30,17.076014837681846,13.268749999999999,10.431565211560189
2017-02-05 08:00:00+05:30,17.072431635316875,14.334999999999999,61.80673146320312
2017-02-05 09:00:00+05:30,17.42887550058517,16.360000000000003,137.83142536252456
2017-02-05 10:00:00+05:30,18.36670333652852,18.7975,250.61539976223386
2017-02-05 11:00:00+05:30,20.12758760656797,20.995,423.06203629569825
2017-02-05 12:00:00+05:30,21.45472237816634,22.497500000000002,348.3583265890092
2017-02-05 13:00:00+05:30,22.814223642971843,23.45875,298.3269599727464
2017-02-05 14:00:00+05:30,24.04890934248491,23.988750000000003,254.17273213666255
2017-02-05 15:00:00+05:30,25.02923237398447,23.83875,204.57506682955994
2017-02-05 16:00:00+05:30,25.577218748292022,23.0325,109.96521885543858
2017-02-05 17:00:00+05:30,25.648902110394403,21.256249999999998,32.18321932274656
2017-02-05 18:00:00+05:30,25.359522621874262,18.97625,1.9467904065757422
2017-02-05 19:00:00+05:30,24.894888405449613,17.6225,0.0
2017-02-05 20:00:00+05:30,24.351319061014543,16.87375,0.0
2017-02-05 21:00:00+05:30,23.794004566664157,16.18125,0.0
2017-02-05 22:00:00+05:30,23.26739072794166,15.598749999999999,0.0
2017-02-05 23:00:00+05:30,22.730877301076813,15.181250000000002,0.0
2017-02-06 00:00:00+05:30,22.19661784762472,14.95625,0.0
2017-02-06 01:00:00+05:30,21.692777759120165,14.85,0.0
2017-02-06 02:00:00+05:30,21.207970875462447,14.807500000000001,0.0
2017-02-06 03:00:00+05:30,20.736485154797386,14.6875,0.0
2017-02-06 04:00:00+05:30,20.268195217373496,14.413749999999999,0.0
2017-02-06 05:00:00+05:30,19.810598737273793,14.077499999999997,0.0
2017-02-06 06:00:00+05:30,19.37804081730552,13.7625,0.0
2017-02-06 07:00:00+05:30,19.00742884648121,13.75,12.556550918823454
2017-02-06 08:00:00+05:30,18.92505908106726,14.547500000000001,62.3126032246919
2017-02-06 09:00:00+05:30,19.14871627160922,16.9775,112.49280404805626
2017-02-06 10:00:00+05:30,19.79367448411788,20.2825,155.27460237999378
2017-02-06 11:00:00+05:30,20.950825409482118,22.818749999999998,222.36275678876973
2017-02-06 12:00:00+05:30,22.055623186892575,24.342499999999998,200.52906503419518
2017-02-06 13:00:00+05:30,23.148811639962695,25.2125,182.0228019161923
2017-02-06 14:00:00+05:30,24.039977227125842,25.5475,138.92487738437887
2017-02-06 15:00:00+05:30,24.748957106134064,25.2875,113.62498331740383
2017-02-06 16:00:00+05:30,25.233573604971575,24.400000000000002,81.98579129308231
2017-02-06 17:00:00+05:30,25.266458175311158,22.06125,33.037984538543355
2017-02-06 18:00:00+05:30,24.802119741022747,18.8975,2.041210222506084
2017-02-06 19:00:00+05:30,24.1642102528999,16.94625,0.0
2017-02-06 20:00:00+05:30,23.562648050670067,15.84375,0.0
2017-02-06 21:00:00+05:30,22.914660727297566,14.90625,0.0
2017-02-06 22:00:00+05:30,22.146582068117443,14.105,0.0
2017-02-06 23:00:00+05:30,21.343693627335952,13.382499999999999,0.0
2017-02-07 00:00:00+05:30,20.533021630089927,12.688749999999999,0.0
2017-02-07 01:00:00+05:30,19.725979788117794,12.017500000000002,0.0
2017-02-07 02:00:00+05:30,18.9254654014939,11.307500000000001,0.0
2017-02-07 03:00:00+05:30,18.135545406837082,10.64875,0.0
2017-02-07 04:00:00+05:30,17.36133680218295,10.0575,0.0
2017-02-07 05:00:00+05:30,16.598992496470128,9.38375,0.0
2017-02-07 06:00:00+05:30,15.850961552988533,8.766250000000001,0.0
2017-02-07 07:00:00+05:30,15.22426222352034,9.06625,38.8557571857009
2017-02-07 08:00:00+05:30,15.366002581570818,11.026250000000001,230.40268040706786
2017-02-07 09:00:00+05:30,16.060226442678736,14.432500000000001,370.9551886698684
2017-02-07 10:00:00+05:30,17.761275301708285,19.04875,497.8429129342419
2017-02-07 11:00:00+05:30,20.250295288864145,22.2375,645.0780067732228
2017-02-07 12:00:00+05:30,22.716567353688944,23.76625,724.3737476770901
2017-02-07 13:00:00+05:30,25.066601383239043,24.75125,677.1365871263323
2017-02-07 14:00:00+05:30,27.037710321778963,25.195,574.1282631386557
2017-02-07 15:00:00+05:30,28.11885283387621,24.9575,347.78038959832577
2017-02-07 16:00:00+05:30,28.671377292234702,24.07,218.57313118520022
2017-02-07 17:00:00+05:30,28.464661411477586,21.474999999999998,78.0923761551547
2017-02-07 18:00:00+05:30,27.74720039123951,17.876250000000002,5.833945096107977
2017-02-07 19:00:00+05:30,26.862360325933793,16.0,0.0
2017-02-07 20:00:00+05:30,25.94976412371777,15.35,0.0
2017-02-07 21:00:00+05:30,25.026406486141777,14.97125,0.0
2017-02-07 22:00:00+05:30,24.010953351311837,14.4825,0.0
2017-02-07 23:00:00+05:30,23.01112951860127,13.86875,0.0
2017-02-08 00:00:00+05:30,22.039641822163993,13.264999999999999,0.0
2017-02-08 01:00:00+05:30,21.09719788406004,12.546249999999999,0.0
2017-02-08 02:00:00+05:30,20.178297718435186,11.775,0.0
2017-02-08 03:00:00+05:30,19.28729197734667,11.133750000000001,0.0
2017-02-08 04:00:00+05:30,18.42639998707604,10.55125,0.0
2017-02-08 05:00:00+05:30,17.591094556722076,9.93,0.0
2017-02-08 06:00:00+05:30,16.784805370661367,9.37125,0.0
2017-02-08 07:00:00+05:30,16.094543620474884,9.5175,39.184526859894966
2017-02-08 08:00:00+05:30,16.230840171185747,11.095,264.9013938744406
2017-02-08 09:00:00+05:30,17.012639668206592,14.38875,448.27662268090666
2017-02-08 10:00:00+05:30,18.937907317243123,17.813750000000002,630.3926193777492
2017-02-08 11:00:00+05:30,21.52012813882007,20.23,752.4300102298241
2017-02-08 12:00:00+05:30,23.922560644740294,21.94875,773.7449868971869
2017-02-08 13:00:00+05:30,26.2551567480022,23.23625,755.31937519331
2017-02-08 14:00:00+05:30,28.270435566854335,23.9725,681.1873973236204
2017-02-08 15:00:00+05:30,29.874077145455534,24.060000000000002,595.2690871959392
2017-02-08 16:00:00+05:30,30.723061038914697,23.4,415.1984689031103
2017-02-08 17:00:00+05:30,30.49740205744248,20.68375,188.34143801448383
2017-02-08 18:00:00+05:30,29.458594406180502,16.85125,14.9409788015465
2017-02-08 19:00:00+05:30,28.295531171227342,14.725,0.0
2017-02-08 20:00:00+05:30,27.159193681591677,13.6075,0.0
2017-02-08 21:00:00+05:30,25.969144761777393,12.56125,0.0
2017-02-08 22:00:00+05:30,24.63868303134837,11.608749999999999,0.0
2017-02-08 23:00:00+05:30,23.32875719916805,10.79125,0.0
2017-02-09 00:00:00+05:30,22.05639284876586,9.99125,0.0
2017-02-09 01:00:00+05:30,20.826171292174187,9.21125,0.0
2017-02-09 02:00:00+05:30,19.652396630966795,8.511249999999999,0.0
2017-02-09 03:00:00+05:30,18.510827802741648,7.85375,0.0
2017-02-09 04:00:00+05:30,17.432632087310402,7.197500000000001,0.0
2017-02-09 05:00:00+05:30,16.398160855495522,6.55625,0.0
2017-02-09 06:00:00+05:30,15.407362917867482,5.951250000000001,0.0
2017-02-09 07:00:00+05:30,14.562683560077879,6.4487499999999995,42.15524834720537
2017-02-09 08:00:00+05:30,14.722317184411972,9.38625,337.6916754742138
2017-02-09 09:00:00+05:30,15.720674023489671,13.3775,543.5815847800224
2017-02-09 10:00:00+05:30,17.886362486891024,18.23875,685.0965162634
2017-02-09 11:00:00+05:30,20.736597387317396,21.747500000000002,776.3782709409572
2017-02-09 12:00:00+05:30,23.465709478154118,23.4025,796.6943039112004
2017-02-09 13:00:00+05:30,26.053849845916265,24.3475,786.0683497993484
2017-02-09 14:00:00+05:30,28.380980175570336,24.771250000000002,724.131310445925
2017-02-09 15:00:00+05:30,30.13104629929381,24.59375,603.8735280358092
2017-02-09 16:00:00+05:30,31.059949596198056,23.702500000000004,415.70632881981385
2017-02-09 17:00:00+05:30,30.945388663063845,21.091249999999995,190.1707489202813
2017-02-09 18:00:00+05:30,30.02507637201881,18.252499999999998,14.726301730938076
2017-02-09 19:00:00+05:30,28.985750436419874,16.455,0.0
2017-02-09 20:00:00+05:30,27.90447698981662,15.129999999999999,0.0
2017-02-09 21:00:00+05:30,26.803224487600907,14.012500000000001,0.0
2017-02-09 22:00:00+05:30,25.57399168427122,13.1925,0.0
2017-02-09 23:00:00+05:30,24.31942000499416,12.573749999999999,0.0
2017-02-10 00:00:00+05:30,23.115701025730218,12.097499999999998,0.0
2017-02-10 01:00:00+05:30,21.96457020954,11.70875,0.0
2017-02-10 02:00:00+05:30,20.898076251785927,11.295000000000002,0.0
2017-02-10 03:00:00+05:30,19.877536024002325,10.58,0.0
2017-02-10 04:00:00+05:30,18.93114335159982,10.11875,0.0
2017-02-10 05:00:00+05:30,18.087997781348456,10.34,0.0
2017-02-10 06:00:00+05:30,17.290552116371078,10.332500000000001,0.0
2017-02-10 07:00:00+05:30,16.568043536479536,10.095,30.01076105220114
2017-02-10 08:00:00+05:30,16.547423369832202,11.2825,219.0219200662255
2017-02-10 09:00:00+05:30,17.153689387237865,14.046249999999999,374.3163553379211
2017-02-10 10:00:00+05:30,18.816127242537206,18.35625,516.3997729042703
2017-02-10 11:00:00+05:30,21.26998124518044,21.80125,621.809953955456
2017-02-10 12:00:00+05:30,23.72704268532209,23.537500000000005,693.7167525912707
2017-02-10 13:00:00+05:30,26.215310538260155,24.47875,686.9055193499659
2017-02-10 14:00:00+05:30,28.415876206716217,24.89125,624.9543782865363
2017-02-10 15:00:00+05:30,30.04612293543844,24.7075,510.85454878936923
2017-02-10 16:00:00+05:30,30.90012322028895,23.89375,336.27400345249265
2017-02-10 17:00:00+05:30,30.756222688455686,21.05,142.80975699119097
2017-02-10 18:00:00+05:30,29.88117875079492,17.811249999999998,11.787821722746305
2017-02-10 19:00:00+05:30,28.83935985481983,15.9375,0.0
2017-02-10 20:00:00+05:30,27.758775880596424,14.73125,0.0
2017-02-10 21:00:00+05:30,26.673910209909835,13.662500000000001,0.0
2017-02-10 22:00:00+05:30,25.47254226686636,12.729999999999999,0.0
2017-02-10 23:00:00+05:30,24.21102500769834,11.9125,0.0
2017-02-11 00:00:00+05:30,22.996798546034476,11.188749999999999,0.0
2017-02-11 01:00:00+05:30,21.829016994518046,10.5925,0.0
2017-02-11 02:00:00+05:30,20.738356263646153,10.27125,0.0
2017-02-11 03:00:00+05:30,19.738612983405556,10.3625,0.0
2017-02-11 04:00:00+05:30,18.80933213729125,10.360000000000001,0.0
2017-02-11 05:00:00+05:30,17.924134887426682,9.88125,0.0
2017-02-11 06:00:00+05:30,17.056892012788808,8.8175,0.0
2017-02-11 07:00:00+05:30,16.366322175107026,8.623750000000001,52.366202140860395
2017-02-11 08:00:00+05:30,16.311924429793255,11.45625,200.84584933781804
2017-02-11 09:00:00+05:30,16.94268871443744,15.250000000000002,353.37200248550266
2017-02-11 10:00:00+05:30,18.621819615455045,19.6325,484.80337149925913
2017-02-11 11:00:00+05:30,21.00329714532713,23.2075,567.8349880360987
2017-02-11 12:00:00+05:30,23.170638467544244,25.225,565.6814159800248
2017-02-11 13:00:00+05:30,25.34305724991978,26.3975,545.3192070252087
2017-02-11 14:00:00+05:30,27.211064669005523,26.912500000000005,463.3280759039627
2017-02-11 15:00:00+05:30,28.43290538061659,26.685,306.2779785457201
2017-02-11 16:00:00+05:30,29.07792708014444,25.67125,177.41495983142747
2017-02-11 17:00:00+05:30,28.973027367732435,22.348750000000003,58.47646431025734
2017-02-11 18:00:00+05:30,28.356484942350814,18.61875,5.155025305366326
2017-02-11 19:00:00+05:30,27.56088881356009,16.75,0.0
2017-02-11 20:00:00+05:30,26.678069245871903,15.89125,0.0
2017-02-11 21:00:00+05:30,25.776204601441027,15.259999999999998,0.0
2017-02-11 22:00:00+05:30,24.793331905616945,14.787500000000001,0.0
2017-02-11 23:00:00+05:30,23.802592932641687,14.405000000000001,0.0
2017-02-12 00:00:00+05:30,22.84584284340699,14.01375,0.0
2017-02-12 01:00:00+05:30,21.93690773487346,13.641249999999998,0.0
2017-02-12 02:00:00+05:30,21.073586850312168,13.185,0.0
2017-02-12 03:00:00+05:30,20.256091581934808,12.7775,0.0
2017-02-12 04:00:00+05:30,19.485875584560162,12.46875,0.0
2017-02-12 05:00:00+05:30,18.76553060566897,12.409999999999998,0.0
2017-02-12 06:00:00+05:30,18.089479193692092,12.365,0.0
2017-02-12 07:00:00+05:30,17.60200294502003,12.17,55.36127754029046
2017-02-12 08:00:00+05:30,17.579183454271714,13.1675,152.8074610550882
2017-02-12 09:00:00+05:30,18.06592238013473,15.557500000000001,247.75999005699265
2017-02-12 10:00:00+05:30,19.403212670018394,19.6875,343.7455279536517
2017-02-12 11:00:00+05:30,21.56286822219246,23.69625,490.8701532031286
2017-02-12 12:00:00+05:30,23.326189417686066,26.04,417.26347506263187
2017-02-12 13:00:00+05:30,25.029206088300803,27.332500000000003,359.8044088254496
2017-02-12 14:00:00+05:30,26.56360705362546,27.9925,313.1423200091641
2017-02-12 15:00:00+05:30,27.798761062100525,27.95,251.32892472702295
2017-02-12 16:00:00+05:30,28.540520907424032,27.0675,148.6308177916864
2017-02-12 17:00:00+05:30,28.56534208391325,23.90375,42.63331296758053
2017-02-12 18:00:00+05:30,28.11777213047945,20.279999999999998,4.155037793193847
2017-02-12 19:00:00+05:30,27.519825336886537,18.89875,0.0
2017-02-12 20:00:00+05:30,26.866201329880056,18.552500000000002,0.0
2017-02-12 21:00:00+05:30,26.18160734157071,18.02875,0.0
2017-02-12 22:00:00+05:30,25.448617576895114,17.481250000000003,0.0
2017-02-12 23:00:00+05:30,24.674553230201635,17.115,0.0
2017-02-13 00:00:00+05:30,23.933114525147353,16.5475,0.0
2017-02-13 01:00:00+05:30,23.209681316815356,15.7075,0.0
2017-02-13 02:00:00+05:30,22.544877933314616,15.52625,0.0
2017-02-13 03:00:00+05:30,21.005547342759073,15.826249999999998,0.0
2017-02-13 04:00:00+05:30,19.40039571062196,15.993749999999999,0.0
2017-02-13 05:00:00+05:30,18.224831964789278,15.813749999999999,0.0
2017-02-13 06:00:00+05:30,17.614320632214014,15.1275,0.0
2017-02-13 07:00:00+05:30,17.146727049417194,14.82125,17.294412236146528
2017-02-13 08:00:00+05:30,17.02716279197827,15.75875,50.14157865036764
2017-02-13 09:00:00+05:30,17.267885872650098,17.75375,90.01067576132718
2017-02-13 10:00:00+05:30,18.001272365271596,21.21375,125.14678742196675
2017-02-13 11:00:00+05:30,19.127858004167834,24.32625,151.10778806958652
2017-02-13 12:00:00+05:30,20.473248476428143,26.16,216.13814990846322
2017-02-13 13:00:00+05:30,21.63864196291975,27.075,180.7585773984247
2017-02-13 14:00:00+05:30,22.753937103658426,27.35625,163.2294774761296
2017-02-13 15:00:00+05:30,23.78365607312609,27.1775,136.8514303991493
2017-02-13 16:00:00+05:30,24.513235073283873,26.5125,76.20516861601166
2017-02-13 17:00:00+05:30,24.91184191107084,24.802500000000002,25.1573319174151
2017-02-13 18:00:00+05:30,24.978633419502856,22.62625,3.127513617034506
2017-02-13 19:00:00+05:30,24.795773292521375,21.3825,0.0
2017-02-13 20:00:00+05:30,24.474640280772896,20.6825,0.0
2017-02-13 21:00:00+05:30,24.091070015270347,19.97625,0.0
2017-02-13 22:00:00+05:30,23.718231947808846,19.291249999999998,0.0
2017-02-13 23:00:00+05:30,23.32920049902388,18.74,0.0
2017-02-14 00:00:00+05:30,22.889463165028626,18.26625,0.0
2017-02-14 01:00:00+05:30,22.43583986415793,17.73375,0.0
2017-02-14 02:00:00+05:30,21.97721725156154,17.12,0.0
2017-02-14 03:00:00+05:30,21.529723982461014,16.51125,0.0
2017-02-14 04:00:00+05:30,21.10209935776914,16.0275,0.0
2017-02-14 05:00:00+05:30,20.700685556004974,15.8325,0.0
2017-02-14 06:00:00+05:30,20.305055855624882,15.66625,0.0
2017-02-14 07:00:00+05:30,19.96588680548034,15.6925,11.370205277087827
2017-02-14 08:00:00+05:30,19.814017938560664,16.297500000000003,38.77613991091905
2017-02-14 09:00:00+05:30,19.925232388089256,17.57,76.84473502714468
2017-02-14 10:00:00+05:30,20.226270798152154,19.04625,88.56772198732058
2017-02-14 11:00:00+05:30,20.77265738705101,20.60875,113.73795194341172
2017-02-14 12:00:00+05:30,21.475573668507515,22.226249999999997,121.04540858654036
2017-02-14 13:00:00+05:30,22.19896222741603,23.379999999999995,114.11349508591411
2017-02-14 14:00:00+05:30,22.87712137115629,23.735,101.90113450266823
2017-02-14 15:00:00+05:30,23.468934676240238,23.6875,87.02745745687236
2017-02-14 16:00:00+05:30,23.875180846105035,23.3375,55.373307655303876
2017-02-14 17:00:00+05:30,24.0171953967806,22.081249999999997,21.76322214171021
2017-02-14 18:00:00+05:30,23.827068171153144,19.871250000000003,3.01935827688175
2017-02-14 19:00:00+05:30,23.38607586950678,18.3175,0.0
2017-02-14 20:00:00+05:30,22.95468197941259,17.4625,0.0
2017-02-14 21:00:00+05:30,22.516843446950105,16.77,0.0
2017-02-14 22:00:00+05:30,22.051373504475116,16.1925,0.0
2017-02-14 23:00:00+05:30,21.514096394355175,15.70875,0.0
2017-02-15 00:00:00+05:30,20.968931658654782,15.358749999999999,0.0
2017-02-15 01:00:00+05:30,20.506938607441043,15.168749999999998,0.0
2017-02-15 02:00:00+05:30,20.052771347351253,14.97625,0.0
2017-02-15 03:00:00+05:30,19.63130413215107,14.94,0.0
2017-02-15 04:00:00+05:30,19.266481562234326,14.7075,0.0
2017-02-15 05:00:00+05:30,18.90548292081303,13.887500000000001,0.0
2017-02-15 06:00:00+05:30,18.519891475082325,13.09625,0.0
2017-02-15 07:00:00+05:30,18.2223323066657,13.147499999999999,15.121064324759608
2017-02-15 08:00:00+05:30,18.17722141332419,14.870000000000001,42.09411198020309
2017-02-15 09:00:00+05:30,18.436252615964005,18.45625,72.4018846469862
2017-02-15 10:00:00+05:30,19.213166353221837,22.0875,119.1516843167667
2017-02-15 11:00:00+05:30,20.422021214146483,24.4725,201.7655490887778
2017-02-15 12:00:00+05:30,21.760729635774567,25.895,242.78279834031446
2017-02-15 13:00:00+05:30,23.252466649784594,26.755000000000003,273.78872924932
2017-02-15 14:00:00+05:30,24.9268329771926,27.16,342.9915956499269
2017-02-15 15:00:00+05:30,26.243635033841148,27.018749999999997,274.26642493948344
2017-02-15 16:00:00+05:30,27.062675794427697,26.286250000000003,162.85751573304483
2017-02-15 17:00:00+05:30,27.273088792315043,24.073750000000004,52.305765839827636
2017-02-15 18:00:00+05:30,26.98622711115869,21.535000000000004,5.005906725360635
2017-02-15 19:00:00+05:30,26.447334241277904,19.9675,0.0
2017-02-15 20:00:00+05:30,25.784372125202037,18.877499999999998,0.0
2017-02-15 21:00:00+05:30,25.130207961466024,17.93,0.0
2017-02-15 22:00:00+05:30,24.449366019679978,17.2375,0.0
2017-02-15 23:00:00+05:30,23.734463676912583,16.845,0.0
2017-02-16 00:00:00+05:30,23.08014800769691,16.677500000000002,0.0
2017-02-16 01:00:00+05:30,22.49832438009146,16.33375,0.0
2017-02-16 02:00:00+05:30,22.0147996383157,16.225,0.0
2017-02-16 03:00:00+05:30,21.591454714482673,15.87625,0.0
2017-02-16 04:00:00+05:30,21.168650884743084,14.77125,0.0
2017-02-16 05:00:00+05:30,20.730227389582073,13.587499999999999,0.0
2017-02-16 06:00:00+05:30,20.279422947936258,12.80875,0.0
2017-02-16 07:00:00+05:30,19.90077595519926,12.629999999999999,22.44868226057642
2017-02-16 08:00:00+05:30,19.8179876667747,14.447499999999998,67.11890843620097
2017-02-16 09:00:00+05:30,20.156673660723282,17.53875,142.22799620549398
2017-02-16 10:00:00+05:30,21.332674524805356,21.45625,286.372892798798
2017-02-16 11:00:00+05:30,23.210668781705543,24.411249999999995,479.95532421684334
2017-02-16 12:00:00+05:30,25.121200810505016,25.96,531.982079520182
2017-02-16 13:00:00+05:30,27.146493772581735,26.910000000000004,528.0696744427794
2017-02-16 14:00:00+05:30,28.933090135377515,27.384999999999998,470.33410476971585
2017-02-16 15:00:00+05:30,30.293735482743,27.365000000000002,383.0068262718462
2017-02-16 16:00:00+05:30,31.065320180745445,26.6275,248.36548077037037
2017-02-16 17:00:00+05:30,30.989256199225352,24.0175,90.81162387576815
2017-02-16 18:00:00+05:30,30.349372699223665,21.1775,8.203783469695104
2017-02-16 19:00:00+05:30,29.516977809135078,19.57,0.0
2017-02-16 20:00:00+05:30,28.639270596011425,18.75,0.0
2017-02-16 21:00:00+05:30,27.78857179211183,18.335,0.0
2017-02-16 22:00:00+05:30,26.8704414633273,17.9925,0.0
2017-02-16 23:00:00+05:30,25.950318681280542,18.09375,0.0
2017-02-17 00:00:00+05:30,25.063635210095356,17.965,0.0
2017-02-17 01:00:00+05:30,24.176786872260013,16.6875,0.0
2017-02-17 02:00:00+05:30,23.308564374064915,15.53875,0.0
2017-02-17 03:00:00+05:30,22.451054428678987,14.512500000000001,0.0
2017-02-17 04:00:00+05:30,21.58507453979285,13.26375,0.0
2017-02-17 05:00:00+05:30,20.723314063096147,12.2925,0.0
2017-02-17 06:00:00+05:30,19.876291300701112,11.675,0.0
2017-02-17 07:00:00+05:30,19.196542445275874,11.942499999999999,53.53242008083291
2017-02-17 08:00:00+05:30,19.181865832070166,14.932500000000001,219.28317202464052
2017-02-17 09:00:00+05:30,19.915972366618263,18.71625,382.6938702498157
2017-02-17 10:00:00+05:30,21.742796549344312,22.81625,531.3373945169154
2017-02-17 11:00:00+05:30,24.24981342731411,25.650000000000002,633.5575381066509
2017-02-17 12:00:00+05:30,26.666661986366943,27.04,685.4099130864157
2017-02-17 13:00:00+05:30,29.138862467778104,27.8475,678.4557471651041
2017-02-17 14:00:00+05:30,31.310793762789267,28.1675,621.2896952090161
2017-02-17 15:00:00+05:30,32.93489750927225,27.951249999999995,516.1234337228345
2017-02-17 16:00:00+05:30,33.8134456383606,27.09,349.1995820867625
2017-02-17 17:00:00+05:30,33.69285735967442,24.00125,158.64625471562522
2017-02-17 18:00:00+05:30,32.772224784967705,20.41875,14.00391286168409
2017-02-17 19:00:00+05:30,31.71242894986757,18.886249999999997,0.0
2017-02-17 20:00:00+05:30,30.683044234641468,18.5425,0.0
2017-02-17 21:00:00+05:30,29.69412662290989,18.42875,0.0
2017-02-17 22:00:00+05:30,28.61362218939071,18.54125,0.0
2017-02-17 23:00:00+05:30,27.546432089382574,18.8075,0.0
2017-02-18 00:00:00+05:30,26.536323276568446,18.67625,0.0
2017-02-18 01:00:00+05:30,25.55714563694975,17.87375,0.0
2017-02-18 02:00:00+05:30,24.571821690882945,16.0675,0.0
2017-02-18 03:00:00+05:30,23.573601971269134,14.1325,0.0
2017-02-18 04:00:00+05:30,22.570831479166788,12.48625,0.0
2017-02-18 05:00:00+05:30,21.57232819658079,11.265,0.0
2017-02-18 06:00:00+05:30,20.597995475803923,10.5525,0.0
2017-02-18 07:00:00+05:30,19.834062576472043,11.262500000000001,55.15954660115083
2017-02-18 08:00:00+05:30,19.764710467416506,14.8475,214.8834895472571
2017-02-18 09:00:00+05:30,20.437965948654856,18.888749999999998,372.4830422417896
2017-02-18 10:00:00+05:30,22.21467352845104,23.3325,506.7562706664072
2017-02-18 11:00:00+05:30,24.711506560894087,26.5,604.7914619807646
2017-02-18 12:00:00+05:30,27.16884022012095,27.961250000000003,671.0640133788426
2017-02-18 13:00:00+05:30,29.734244774229026,28.7075,672.6207874898738
2017-02-18 14:00:00+05:30,31.882375230421196,28.91625,570.3743875539244
2017-02-18 15:00:00+05:30,33.40958840075415,28.60125,433.6570562407227
2017-02-18 16:00:00+05:30,34.22637512825677,27.71625,281.35463254570294
2017-02-18 17:00:00+05:30,34.12005932977356,25.087500000000002,112.8040486504359
2017-02-18 18:00:00+05:30,33.35958289905189,22.141250000000003,10.173894280575126
2017-02-18 19:00:00+05:30,32.41386227925381,20.47,0.0
2017-02-18 20:00:00+05:30,31.392030872200703,19.181250000000002,0.0
2017-02-18 21:00:00+05:30,30.338241638961236,17.87875,0.0
2017-02-18 22:00:00+05:30,29.200537687569227,16.71625,0.0
2017-02-18 23:00:00+05:30,28.00756351007299,15.775000000000002,0.0
2017-02-19 00:00:00+05:30,26.833386909544437,15.12875,0.0
2017-02-19 01:00:00+05:30,25.702076548180493,14.729999999999999,0.0
2017-02-19 02:00:00+05:30,24.650903892614227,14.397499999999997,0.0
2017-02-19 03:00:00+05:30,23.643356983728747,13.838750000000001,0.0
2017-02-19 04:00:00+05:30,22.676208302935425,13.161249999999999,0.0
2017-02-19 05:00:00+05:30,21.764559431350342,12.75375,0.0
2017-02-19 06:00:00+05:30,20.909844479185775,12.572499999999998,0.0
2017-02-19 07:00:00+05:30,20.284278799051926,13.47,52.58559360375145
2017-02-19 08:00:00+05:30,20.226362230438,16.09,163.6984790230004
2017-02-19 09:00:00+05:30,20.745519131633607,19.52,273.8489327796652
2017-02-19 10:00:00+05:30,22.18485010351078,23.8275,373.6275622193988
2017-02-19 11:00:00+05:30,24.30250514906691,27.18875,493.36837744624404
2017-02-19 12:00:00+05:30,26.513999518756297,29.1425,564.0403721882813
2017-02-19 13:00:00+05:30,28.780137675583276,30.293750000000003,558.0137673774028
2017-02-19 14:00:00+05:30,30.81035395383739,30.72625,501.5527877751116
2017-02-19 15:00:00+05:30,32.37385900725408,30.7025,399.0372429002599
2017-02-19 16:00:00+05:30,33.27263480627679,30.2125,242.43102805153035
2017-02-19 17:00:00+05:30,33.40513401709414,27.4125,102.55038292157437
2017-02-19 18:00:00+05:30,32.83714717795334,23.658750000000005,8.761758415654345
2017-02-19 19:00:00+05:30,32.03687464152044,21.68875,0.0
2017-02-19 20:00:00+05:30,31.16905381571835,20.822499999999998,0.0
2017-02-19 21:00:00+05:30,30.294973536633417,20.0675,0.0
2017-02-19 22:00:00+05:30,29.352763988421373,19.3525,0.0
2017-02-19 23:00:00+05:30,28.352006794915884,18.68375,0.0
2017-02-20 00:00:00+05:30,27.374905046192318,18.04625,0.0
2017-02-20 01:00:00+05:30,26.430464442056728,17.4475,0.0
2017-02-20 02:00:00+05:30,25.522653268290586,16.89875,0.0
2017-02-20 03:00:00+05:30,24.651688879771374,16.393749999999997,0.0
2017-02-20 04:00:00+05:30,23.817682925729137,15.9475,0.0
2017-02-20 05:00:00+05:30,23.023676519306477,15.6275,0.0
2017-02-20 06:00:00+05:30,22.268636686169504,15.38625,0.0
2017-02-20 07:00:00+05:30,21.717341083454794,16.29375,54.54959007667688
2017-02-20 08:00:00+05:30,21.830740025348668,19.07125,225.4969705005231
2017-02-20 09:00:00+05:30,22.73185595534442,22.78625,384.19510283953537
2017-02-20 10:00:00+05:30,24.694911871958606,26.7675,515.957393915651
2017-02-20 11:00:00+05:30,27.126597031754308,30.19,606.1565446379811
2017-02-20 12:00:00+05:30,29.616906131704177,31.842499999999994,652.1243884704647
2017-02-20 13:00:00+05:30,32.07738145901931,32.2375,643.3383158290799
2017-02-20 14:00:00+05:30,34.22014031770584,32.10875,579.4227223118945
2017-02-20 15:00:00+05:30,35.728522581579966,31.55,448.3741722353361
2017-02-20 16:00:00+05:30,36.53063310479425,30.63,287.7237355450444
2017-02-20 17:00:00+05:30,36.44146899699724,28.52125,114.93433417371755
2017-02-20 18:00:00+05:30,35.73839977852457,25.127499999999998,10.347609020739496
2017-02-20 19:00:00+05:30,34.87691548465193,23.291249999999998,0.0
2017-02-20 20:00:00+05:30,34.02349113790962,23.17125,0.0
2017-02-20 21:00:00+05:30,33.2199284146585,23.362500000000004,0.0
2017-02-20 22:00:00+05:30,32.49319993298347,23.6175,0.0
2017-02-20 23:00:00+05:30,31.723782654109026,23.9175,0.0
2017-02-21 00:00:00+05:30,30.96565041514171,23.66125,0.0
2017-02-21 01:00:00+05:30,30.238497767074207,22.78375,0.0
2017-02-21 02:00:00+05:30,29.547917072660276,22.1025,0.0
2017-02-21 03:00:00+05:30,28.880992210277103,21.56125,0.0
2017-02-21 04:00:00+05:30,28.228936851819377,21.33375,0.0
2017-02-21 05:00:00+05:30,27.57548471163793,20.87375,0.0
2017-02-21 06:00:00+05:30,26.885540197412638,19.8,0.0
2017-02-21 07:00:00+05:30,26.339918430400168,19.295,58.461054087959155
2017-02-21 08:00:00+05:30,26.356003896386714,20.048750000000002,203.35170204812383
2017-02-21 09:00:00+05:30,26.919048059572546,21.91,342.2205819782981
2017-02-21 10:00:00+05:30,28.479957005463973,25.04375,488.5905197573867
2017-02-21 11:00:00+05:30,30.56042538491284,28.07625,583.3987690561033
2017-02-21 12:00:00+05:30,32.500503486351725,29.92,537.6552718944781
2017-02-21 13:00:00+05:30,34.298131820965224,30.86125,462.6962710971342
2017-02-21 14:00:00+05:30,35.59459403175404,31.22625,329.4823115300362
2017-02-21 15:00:00+05:30,36.525169424869894,31.015,265.7773828162651
2017-02-21 16:00:00+05:30,36.86143295662731,30.33125,155.7486070920309
2017-02-21 17:00:00+05:30,36.61059515503251,28.46375,54.85478141297467
2017-02-21 18:00:00+05:30,35.963394745852405,25.298750000000005,5.357087123598445
2017-02-21 19:00:00+05:30,35.18485764806702,23.591250000000002,0.0
2017-02-21 20:00:00+05:30,34.35909273468205,23.02,0.0
2017-02-21 21:00:00+05:30,33.484115685728035,22.284999999999997,0.0
2017-02-21 22:00:00+05:30,32.60060160989092,21.544999999999995,0.0
2017-02-21 23:00:00+05:30,31.68403162092995,20.98375,0.0
2017-02-22 00:00:00+05:30,30.779415122299604,20.55,0.0
2017-02-22 01:00:00+05:30,29.91117535343431,20.24375,0.0
2017-02-22 02:00:00+05:30,29.09160991137335,19.95,0.0
2017-02-22 03:00:00+05:30,28.302283485767518,19.43,0.0
2017-02-22 04:00:00+05:30,27.548038929907133,18.677500000000002,0.0
2017-02-22 05:00:00+05:30,26.83338384492803,18.095,0.0
2017-02-22 06:00:00+05:30,26.14413216264103,17.5925,0.0
2017-02-22 07:00:00+05:30,25.591813126288358,17.97125,34.587056111665376
2017-02-22 08:00:00+05:30,25.434030353804246,19.78875,103.99690655728732
2017-02-22 09:00:00+05:30,25.752253585563093,22.83875,188.05696710519697
2017-02-22 10:00:00+05:30,26.70140698061477,25.64,298.834523206394
2017-02-22 11:00:00+05:30,28.156772479663765,27.365,403.2160448344749
2017-02-22 12:00:00+05:30,29.888492614132446,28.428749999999997,485.19155250662493
2017-02-22 13:00:00+05:30,31.485675299087788,28.982499999999998,412.8538801265579
2017-02-22 14:00:00+05:30,32.678544872026436,29.00375,307.67251065130745
2017-02-22 15:00:00+05:30,33.395473314493934,28.6275,208.1576520924173
2017-02-22 16:00:00+05:30,33.69993169056853,27.8275,141.8624651710674
2017-02-22 17:00:00+05:30,33.41300059192607,25.61,54.52186964497149
2017-02-22 18:00:00+05:30,32.67833516511438,22.43125,6.448614604471572
2017-02-22 19:00:00+05:30,31.759250106888867,20.583750000000002,0.0
2017-02-22 20:00:00+05:30,30.88522769254405,19.713749999999997,0.0
2017-02-22 21:00:00+05:30,29.99184054380956,18.96625,0.0
2017-02-22 22:00:00+05:30,28.972600025121018,18.287499999999998,0.0
2017-02-22 23:00:00+05:30,27.944514089201352,17.615,0.0
2017-02-23 00:00:00+05:30,26.93701063463804,16.9475,0.0
2017-02-23 01:00:00+05:30,25.96255988707444,16.2625,0.0
2017-02-23 02:00:00+05:30,25.03115519796947,15.68125,0.0
2017-02-23 03:00:00+05:30,24.14810053387433,15.3525,0.0
2017-02-23 04:00:00+05:30,23.303880333623443,15.07,0.0
2017-02-23 05:00:00+05:30,22.497123479013638,14.774999999999999,0.0
2017-02-23 06:00:00+05:30,21.759179894805897,14.5075,0.0
2017-02-23 07:00:00+05:30,21.2382182510688,14.835,55.99077442437931
2017-02-23 08:00:00+05:30,21.268744421719692,16.502499999999998,183.663534597525
2017-02-23 09:00:00+05:30,21.967405194367313,19.9,334.84453951160424
2017-02-23 10:00:00+05:30,23.702500711817308,23.84875,481.9995920562269
2017-02-23 11:00:00+05:30,25.991457113374043,26.268750000000004,599.6666851411424
2017-02-23 12:00:00+05:30,28.501627031467688,27.500000000000004,691.3752753903818
2017-02-23 13:00:00+05:30,31.02909321391867,28.2275,691.410155827863
2017-02-23 14:00:00+05:30,33.26608000272239,28.448750000000004,635.3782750083549
2017-02-23 15:00:00+05:30,34.940509440158166,28.128750000000004,530.7543270764794
2017-02-23 16:00:00+05:30,35.87309176046589,27.229999999999997,373.66307886644506
2017-02-23 17:00:00+05:30,35.786351376493315,24.9725,177.69669316667893
2017-02-23 18:00:00+05:30,34.854218575772315,21.638749999999998,15.586944508358854
2017-02-23 19:00:00+05:30,33.68443012769636,19.493750000000002,0.0
2017-02-23 20:00:00+05:30,32.53934011485801,18.42875,0.0
2017-02-23 21:00:00+05:30,31.412828685138173,17.53625,0.0
2017-02-23 22:00:00+05:30,30.167576315969427,16.716250000000002,0.0
2017-02-23 23:00:00+05:30,28.870579717523434,15.9575,0.0
2017-02-24 00:00:00+05:30,27.606638078260282,15.223749999999999,0.0
2017-02-24 01:00:00+05:30,26.395807804914934,14.575,0.0
2017-02-24 02:00:00+05:30,25.23711861527076,14.0625,0.0
2017-02-24 03:00:00+05:30,24.140619827546836,13.683750000000002,0.0
2017-02-24 04:00:00+05:30,23.123679117754946,13.4725,0.0
2017-02-24 05:00:00+05:30,22.177383825327006,13.41375,0.0
2017-02-24 06:00:00+05:30,21.31617239716732,13.41,0.0
2017-02-24 07:00:00+05:30,20.714965948600558,14.103749999999998,59.75571737832761
2017-02-24 08:00:00+05:30,20.72101620498836,16.6325,172.21987836877003
2017-02-24 09:00:00+05:30,21.34580371225469,20.1125,291.6163286159992
2017-02-24 10:00:00+05:30,22.99021345847901,24.3775,427.12971533979055
2017-02-24 11:00:00+05:30,25.297719203081794,27.121249999999996,530.875556320147
2017-02-24 12:00:00+05:30,27.32871806124428,28.259999999999998,506.2637006232893
2017-02-24 13:00:00+05:30,29.541772360058225,28.88375,537.91706506164
2017-02-24 14:00:00+05:30,31.590927828595508,29.0225,522.7849012616712
2017-02-24 15:00:00+05:30,33.11123075017158,28.625,413.2346996222526
2017-02-24 16:00:00+05:30,33.885048022026396,27.6875,249.24786735405985
2017-02-24 17:00:00+05:30,33.78702641672768,25.42875,91.42845053135206
2017-02-24 18:00:00+05:30,33.0664127338965,21.798750000000002,8.617837149064353
2017-02-24 19:00:00+05:30,32.1202480129824,19.43625,0.0
2017-02-24 20:00:00+05:30,31.12639719459517,18.4425,0.0
2017-02-24 21:00:00+05:30,30.12487036846069,17.775000000000002,0.0
2017-02-24 22:00:00+05:30,29.0653062322802,17.125,0.0
2017-02-24 23:00:00+05:30,27.944071343924932,16.395,0.0
2017-02-25 00:00:00+05:30,26.837774852615617,15.534999999999998,0.0
2017-02-25 01:00:00+05:30,25.769962087810573,14.64625,0.0
2017-02-25 02:00:00+05:30,24.74176725511145,13.92,0.0
2017-02-25 03:00:00+05:30,23.74062605737514,13.36125,0.0
2017-02-25 04:00:00+05:30,22.764999513579127,12.86375,0.0
2017-02-25 05:00:00+05:30,21.818598984250283,12.379999999999999,0.0
2017-02-25 06:00:00+05:30,20.91152237014449,11.9625,0.0
2017-02-25 07:00:00+05:30,20.235798935328432,12.8825,49.94178299108595
2017-02-25 08:00:00+05:30,20.18879826393383,15.53875,177.05917411527648
2017-02-25 09:00:00+05:30,20.8307921669354,19.39375,310.23676611904637
2017-02-25 10:00:00+05:30,22.603694099127708,23.861250000000002,463.2196998365622
2017-02-25 11:00:00+05:30,24.52687235706897,26.62125,441.67925494323475
2017-02-25 12:00:00+05:30,26.123895383460418,27.89,365.0241278827481
2017-02-25 13:00:00+05:30,27.858296245435454,28.598749999999995,361.65611022148823
2017-02-25 14:00:00+05:30,29.564888813413944,28.42125,375.2919639135853
2017-02-25 15:00:00+05:30,31.046086299028524,28.03125,351.2980431932557
2017-02-25 16:00:00+05:30,31.931282504135346,27.3925,224.7179150131377
2017-02-25 17:00:00+05:30,32.0252715756605,25.4575,93.37583052633028
2017-02-25 18:00:00+05:30,31.464092101773467,22.24,9.730622215947907
2017-02-25 19:00:00+05:30,30.68061070732789,20.0525,0.0
2017-02-25 20:00:00+05:30,29.835362292261863,19.025000000000002,0.0
2017-02-25 21:00:00+05:30,28.9962067870576,18.447499999999998,0.0
2017-02-25 22:00:00+05:30,28.0519203880036,17.908749999999998,0.0
2017-02-25 23:00:00+05:30,27.0550432082192,17.03625,0.0
2017-02-26 00:00:00+05:30,26.066698601338707,16.1375,0.0
2017-02-26 01:00:00+05:30,25.13117910334799,15.71125,0.0
2017-02-26 02:00:00+05:30,24.2499007169712,15.53375,0.0
2017-02-26 03:00:00+05:30,23.39329593520316,14.85125,0.0
2017-02-26 04:00:00+05:30,22.56846852592871,14.07375,0.0
2017-02-26 05:00:00+05:30,21.794240836546443,13.705,0.0
2017-02-26 06:00:00+05:30,21.066604873086966,13.6425,0.0
2017-02-26 07:00:00+05:30,20.498743540383177,14.3125,31.518433447074898
2017-02-26 08:00:00+05:30,20.346700117698767,15.728749999999998,101.81652417812745
2017-02-26 09:00:00+05:30,20.668131531287614,17.540000000000003,181.43596658680417
2017-02-26 10:00:00+05:30,21.573204102830683,21.01,246.97022032819027
2017-02-26 11:00:00+05:30,22.911945277081337,25.053749999999997,269.67074350867244
2017-02-26 12:00:00+05:30,24.677648461131973,27.13375,389.94314127232076
2017-02-26 13:00:00+05:30,26.488948348645117,27.43875,385.97297877309586
2017-02-26 14:00:00+05:30,27.677835499703672,27.446250000000003,215.5364808675676
2017-02-26 15:00:00+05:30,28.697188737576298,27.43,166.62236602608246
2017-02-26 16:00:00+05:30,29.30231613028709,26.987499999999997,96.51335900749474
2017-02-26 17:00:00+05:30,29.436398834643875,25.50875,38.93973039169464
2017-02-26 18:00:00+05:30,29.160004639240505,23.72625,5.110902386146358
2017-02-26 19:00:00+05:30,28.724846432738847,22.675,0.0
2017-02-26 20:00:00+05:30,28.202389716954784,22.18875,0.0
2017-02-26 21:00:00+05:30,27.629505822650362,21.58125,0.0
2017-02-26 22:00:00+05:30,27.078987456650353,21.2375,0.0
2017-02-26 23:00:00+05:30,26.459155682056725,20.974999999999998,0.0
2017-02-27 00:00:00+05:30,25.84144886049395,21.04625,0.0
2017-02-27 01:00:00+05:30,25.25026713112323,20.92625,0.0
2017-02-27 02:00:00+05:30,24.653806486729767,20.1675,0.0
2017-02-27 03:00:00+05:30,24.03146000650346,18.993750000000002,0.0
2017-02-27 04:00:00+05:30,23.386003918522206,17.80375,0.0
2017-02-27 05:00:00+05:30,22.735490237272277,16.705000000000002,0.0
2017-02-27 06:00:00+05:30,22.12046860005935,16.400000000000002,0.0
2017-02-27 07:00:00+05:30,21.65607739771701,16.997500000000002,26.279631754786227
2017-02-27 08:00:00+05:30,21.553427173559072,18.92625,72.95468128141542
2017-02-27 09:00:00+05:30,21.700055177038507,21.24625,79.27517835390063
2017-02-27 10:00:00+05:30,22.049989810742634,24.12875,70.53569925838607
2017-02-27 11:00:00+05:30,22.637261427000023,26.044999999999998,89.77874619668418
2017-02-27 12:00:00+05:30,23.33089839244658,26.924999999999997,103.7239740057825
2017-02-27 13:00:00+05:30,23.985050293948866,27.71,151.65601077932345
2017-02-27 14:00:00+05:30,22.82797351605501,27.903750000000002,158.08182214435035
2017-02-27 15:00:00+05:30,22.059394948560357,27.29625,208.77592580512936
2017-02-27 16:00:00+05:30,21.692224803406795,26.044999999999998,136.98269165200082
2017-02-27 17:00:00+05:30,21.548756311176064,23.683750000000003,54.37658598354759
2017-02-27 18:00:00+05:30,21.388526909684504,20.525000000000002,6.720404134295932
2017-02-27 19:00:00+05:30,21.103793860497923,18.6675,0.0
2017-02-27 20:00:00+05:30,20.783963208239612,17.806250000000002,0.0
2017-02-27 21:00:00+05:30,20.420347836463467,17.25375,0.0
2017-02-27 22:00:00+05:30,20.03026907458437,16.9125,0.0
2017-02-27 23:00:00+05:30,19.633838485370088,16.700000000000003,0.0
2017-02-28 00:00:00+05:30,19.226202412115896,16.27125,0.0
2017-02-28 01:00:00+05:30,18.80504864109287,15.58125,0.0
2017-02-28 02:00:00+05:30,18.36924386952547,14.887500000000001,0.0
2017-02-28 03:00:00+05:30,17.91715591381985,14.24,0.0
2017-02-28 04:00:00+05:30,17.447011954771007,13.575000000000001,0.0
2017-02-28 05:00:00+05:30,16.96201764000551,12.957500000000001,0.0
2017-02-28 06:00:00+05:30,16.47082546129665,12.49625,0.0
2017-02-28 07:00:00+05:30,16.1327066678655,13.225,51.169016163177595
2017-02-28 08:00:00+05:30,16.394605496160406,15.375000000000002,205.34850099380873
2017-02-28 09:00:00+05:30,17.481317382863374,19.356250000000003,358.9234122016205
2017-02-28 10:00:00+05:30,19.56867337789793,23.541249999999998,487.720559597317
2017-02-28 11:00:00+05:30,21.999982000509657,26.22,598.7401699613961
2017-02-28 12:00:00+05:30,24.730751255136752,27.782499999999995,693.2136587231639
2017-02-28 13:00:00+05:30,27.509075391615262,28.776249999999997,694.0427616092704
2017-02-28 14:00:00+05:30,29.997198171042832,29.28625,640.9099712059887
2017-02-28 15:00:00+05:30,31.95502474423894,29.291249999999998,543.0682762053657
2017-02-28 16:00:00+05:30,33.171570526384805,28.65125,389.19077992694156
2017-02-28 17:00:00+05:30,33.43104997906819,26.6725,186.73087304931965
2017-02-28 18:00:00+05:30,32.743437487013026,22.790000000000003,18.367100768340602
2017-02-28 19:00:00+05:30,31.82932223493656,20.23125,0.0
2017-02-28 20:00:00+05:30,30.806606466628292,19.1775,0.0
2017-02-28 21:00:00+05:30,29.802705998712426,18.3275,0.0
2017-02-28 22:00:00+05:30,28.774595580402785,17.62625,0.0
2017-02-28 23:00:00+05:30,27.65866380769074,17.065,0.0
2017-03-01 00:00:00+05:30,26.574791723331746,16.495,0.0
2017-03-01 01:00:00+05:30,25.650910283199593,17.9825,0.0
2017-03-01 02:00:00+05:30,24.80246853019887,18.310000000000002,0.0
2017-03-01 03:00:00+05:30,23.973247052051924,17.29625,0.0
2017-03-01 04:00:00+05:30,23.180892760026946,16.32125,0.0
2017-03-01 05:00:00+05:30,22.4069147843096,15.368749999999999,0.0
2017-03-01 06:00:00+05:30,21.715539089716174,14.588750000000001,0.0
2017-03-01 07:00:00+05:30,21.28049147735768,15.7425,51.43167114182134
2017-03-01 08:00:00+05:30,21.504637538664557,19.09,203.9891461760966
2017-03-01 09:00:00+05:30,22.475747710652335,23.6275,328.1021946132346
2017-03-01 10:00:00+05:30,24.404259479081766,27.7375,447.1675129656815
2017-03-01 11:00:00+05:30,26.66721912455594,30.235,563.3963319693429
2017-03-01 12:00:00+05:30,29.361115199125138,31.628750000000004,679.2349085013446
2017-03-01 13:00:00+05:30,32.079701230322485,32.503750000000004,677.4942131257911
2017-03-01 14:00:00+05:30,34.491389777085914,32.863749999999996,617.2165252203836
2017-03-01 15:00:00+05:30,36.31692303385613,32.65125,498.6204612087404
2017-03-01 16:00:00+05:30,37.38570237057215,31.88375,333.3339060010695
2017-03-01 17:00:00+05:30,37.48918886457302,29.7575,139.3583274278629
2017-03-01 18:00:00+05:30,36.86830648628346,26.962500000000002,14.605633315331207
2017-03-01 19:00:00+05:30,36.04510424680689,25.513749999999998,0.0
2017-03-01 20:00:00+05:30,35.12455274746114,24.60125,0.0
2017-03-01 21:00:00+05:30,34.219613348925414,23.6375,0.0
2017-03-01 22:00:00+05:30,33.33303552446786,22.86875,0.0
2017-03-01 23:00:00+05:30,32.38979645077717,21.978750000000005,0.0
2017-03-02 00:00:00+05:30,31.436082507258863,20.918750000000003,0.0
2017-03-02 01:00:00+05:30,30.48440790476675,19.785,0.0
2017-03-02 02:00:00+05:30,29.550370643488836,18.781250000000004,0.0
2017-03-02 03:00:00+05:30,28.65291831826282,17.9775,0.0
2017-03-02 04:00:00+05:30,27.782650548441765,17.275,0.0
2017-03-02 05:00:00+05:30,26.940720888998058,16.67625,0.0
2017-03-02 06:00:00+05:30,26.126292613988,16.2075,0.0
2017-03-02 07:00:00+05:30,25.484896295027823,17.431250000000002,17.78184002224225
2017-03-02 08:00:00+05:30,25.119188583681787,20.26625,38.12007183907396
2017-03-02 09:00:00+05:30,25.083400579603662,24.145,62.42108240579165
2017-03-02 10:00:00+05:30,25.451944110580296,27.862499999999997,113.19111751554777
2017-03-02 11:00:00+05:30,26.597972943507312,29.83,267.89612915668306
2017-03-02 12:00:00+05:30,28.546197113999117,30.675000000000004,464.07820851159465
2017-03-02 13:00:00+05:30,30.347839297927738,31.33,425.0346105395856
2017-03-02 14:00:00+05:30,31.75063601780358,31.801250000000003,268.19278841552455
2017-03-02 15:00:00+05:30,32.481300790991504,31.97125,99.42776206065206
2017-03-02 16:00:00+05:30,32.84606186330233,31.621249999999996,47.50143672166562
2017-03-02 17:00:00+05:30,32.87799782105267,29.756249999999998,17.733835729450718
2017-03-02 18:00:00+05:30,32.57384633431271,26.332500000000003,3.344282779957644
2017-03-02 19:00:00+05:30,31.991989653472714,23.895,0.0
2017-03-02 20:00:00+05:30,31.315365182368346,22.853749999999998,0.0
2017-03-02 21:00:00+05:30,30.673253336338448,22.255,0.0
2017-03-02 22:00:00+05:30,30.01703437795489,21.741249999999997,0.0
2017-03-02 23:00:00+05:30,29.293382728525494,21.056250000000002,0.0
2017-03-03 00:00:00+05:30,28.553117713067046,20.4225,0.0
2017-03-03 01:00:00+05:30,27.815526598793817,19.92625,0.0
2017-03-03 02:00:00+05:30,27.105399978183975,19.200000000000003,0.0
2017-03-03 03:00:00+05:30,26.423743024956686,18.33875,0.0
2017-03-03 04:00:00+05:30,25.769506521505672,17.794999999999998,0.0
2017-03-03 05:00:00+05:30,25.131035802184314,17.79125,0.0
2017-03-03 06:00:00+05:30,24.193486515957275,17.52,0.0
2017-03-03 07:00:00+05:30,22.682471979104687,17.009999999999998,53.45766365025861
2017-03-03 08:00:00+05:30,21.455350873103257,16.91125,141.7582790280611
2017-03-03 09:00:00+05:30,21.148405260163067,17.92875,251.4639331458032
2017-03-03 10:00:00+05:30,21.880272674151286,20.26,358.7951084350707
2017-03-03 11:00:00+05:30,23.416219791249727,22.947499999999998,420.2130158406912
2017-03-03 12:00:00+05:30,25.09235426998341,25.53625,383.22418386464767
2017-03-03 13:00:00+05:30,26.79891308054879,27.575,356.16785508052334
2017-03-03 14:00:00+05:30,28.13102003785436,28.77625,246.86840262352354
2017-03-03 15:00:00+05:30,28.892071591434206,29.3225,94.17377489744048
2017-03-03 16:00:00+05:30,28.082149445959246,29.16875,57.603121635083504
2017-03-03 17:00:00+05:30,26.812413043101056,27.993750000000002,26.051994926420093
2017-03-03 18:00:00+05:30,26.37433000493077,26.983749999999997,5.033353372306888
2017-03-03 19:00:00+05:30,25.961080010514227,25.97125,0.0
2017-03-03 20:00:00+05:30,25.62379761067542,24.509999999999998,0.0
2017-03-03 21:00:00+05:30,25.260862074793952,22.90375,0.0
2017-03-03 22:00:00+05:30,24.86816141907815,21.625,0.0
2017-03-03 23:00:00+05:30,24.448619771938326,20.732499999999998,0.0
2017-03-04 00:00:00+05:30,24.007214454287976,20.040000000000003,0.0
2017-03-04 01:00:00+05:30,23.53841823267793,19.275000000000002,0.0
2017-03-04 02:00:00+05:30,23.062516461905158,18.47875,0.0
2017-03-04 03:00:00+05:30,22.590641137097947,17.815,0.0
2017-03-04 04:00:00+05:30,22.136517022687034,17.33375,0.0
2017-03-04 05:00:00+05:30,21.731754861890323,16.98,0.0
2017-03-04 06:00:00+05:30,21.37757660480705,16.67875,0.0
2017-03-04 07:00:00+05:30,21.138176747449588,17.37625,15.004939159276844
2017-03-04 08:00:00+05:30,21.12746169825168,19.047500000000003,45.66767143756631
2017-03-04 09:00:00+05:30,21.449493873918723,22.341250000000002,86.4088790535393
2017-03-04 10:00:00+05:30,22.31917100384178,25.4775,154.34491648835967
2017-03-04 11:00:00+05:30,23.714278715733137,27.41125,263.27656182765514
2017-03-04 12:00:00+05:30,25.42000526173661,28.65,368.5035351237574
2017-03-04 13:00:00+05:30,27.34918242222883,29.43375,412.04503345671696
2017-03-04 14:00:00+05:30,29.198132123571554,29.77,395.0753465315931
2017-03-04 15:00:00+05:30,30.785461421421722,29.605,347.6273656548476
2017-03-04 16:00:00+05:30,31.76772766666305,28.745,223.951313726811
2017-03-04 17:00:00+05:30,31.97742929746437,26.61625,90.61071193693158
2017-03-04 18:00:00+05:30,31.449832946838065,22.643750000000004,10.513347028707749
2017-03-04 19:00:00+05:30,30.554767705183778,19.945,0.0
2017-03-04 20:00:00+05:30,29.59441863846856,18.7525,0.0
2017-03-04 21:00:00+05:30,28.66506499759548,17.794999999999998,0.0
2017-03-04 22:00:00+05:30,27.642191543050686,16.931250000000002,0.0
2017-03-04 23:00:00+05:30,26.5430272529578,16.11375,0.0
2017-03-05 00:00:00+05:30,25.450993588017667,15.35375,0.0
2017-03-05 01:00:00+05:30,24.385714351211963,14.636249999999999,0.0
2017-03-05 02:00:00+05:30,23.351610648566535,13.90125,0.0
2017-03-05 03:00:00+05:30,22.346943633199206,13.094999999999999,0.0
2017-03-05 04:00:00+05:30,21.372412246671246,12.305,0.0
2017-03-05 05:00:00+05:30,20.42998774004258,11.60125,0.0
2017-03-05 06:00:00+05:30,19.52153110949407,11.012500000000001,0.0
2017-03-05 07:00:00+05:30,18.86983142286555,12.185,64.57017066256414
2017-03-05 08:00:00+05:30,18.86031703752222,14.89125,212.85590603224367
2017-03-05 09:00:00+05:30,19.73831564686563,19.232499999999998,363.32166792103726
2017-03-05 10:00:00+05:30,21.771716858198964,24.05375,489.3954862987972
2017-03-05 11:00:00+05:30,24.220832215643362,26.85875,579.2460272506004
2017-03-05 12:00:00+05:30,26.857375861765945,28.26875,627.2589358100392
2017-03-05 13:00:00+05:30,29.512913250154895,29.18625,608.4704305543614
2017-03-05 14:00:00+05:30,31.666118257290194,29.61625,504.641777588752
2017-03-05 15:00:00+05:30,33.404142680822275,29.45375,483.660077689487
2017-03-05 16:00:00+05:30,34.50305977737993,28.61875,349.3572774167685
2017-03-05 17:00:00+05:30,34.672177758802285,26.322499999999998,170.27431563590778
2017-03-05 18:00:00+05:30,33.88776871654061,21.8025,21.751129984561608
2017-03-05 19:00:00+05:30,32.74000967105519,18.695,0.0
2017-03-05 20:00:00+05:30,31.579615410794368,17.39375,0.0
2017-03-05 21:00:00+05:30,30.407238425681317,16.38125,0.0
2017-03-05 22:00:00+05:30,29.10986424514295,15.41,0.0
2017-03-05 23:00:00+05:30,27.750788254902734,14.475000000000001,0.0
2017-03-06 00:00:00+05:30,26.425726248450616,13.611250000000002,0.0
2017-03-06 01:00:00+05:30,25.153146564644615,12.85625,0.0
2017-03-06 02:00:00+05:30,23.950222458618008,12.315,0.0
2017-03-06 03:00:00+05:30,22.808730583047954,12.0125,0.0
2017-03-06 04:00:00+05:30,21.74974882651121,11.692500000000003,0.0
2017-03-06 05:00:00+05:30,20.74842637241116,11.175,0.0
2017-03-06 06:00:00+05:30,19.78652794337549,10.381249999999998,0.0
2017-03-06 07:00:00+05:30,19.0895639172803,11.5525,62.42102196000244
2017-03-06 08:00:00+05:30,19.03733883826328,14.4725,208.6405023269512
2017-03-06 09:00:00+05:30,19.838878698628562,18.8675,356.0162349786706
2017-03-06 10:00:00+05:30,21.765516133285935,23.505,480.5840255380532
2017-03-06 11:00:00+05:30,24.167002872795212,26.37125,566.0975908917322
2017-03-06 12:00:00+05:30,26.71170366133783,27.91,616.7984219133559
2017-03-06 13:00:00+05:30,29.33195327831178,28.84,612.9061597774504
2017-03-06 14:00:00+05:30,31.646515129682935,29.2475,560.4399675425745
2017-03-06 15:00:00+05:30,33.42898122364731,29.130000000000003,466.1312562075547
2017-03-06 16:00:00+05:30,34.48968030123784,28.42875,326.8509865847416
2017-03-06 17:00:00+05:30,34.6424508807121,26.317500000000003,161.2643161115639
2017-03-06 18:00:00+05:30,33.88064817185265,22.135,16.996899097001926
2017-03-06 19:00:00+05:30,32.790670176553895,19.36,0.0
2017-03-06 20:00:00+05:30,31.667681183581944,18.23875,0.0
2017-03-06 21:00:00+05:30,30.553577735264394,17.2775,0.0
2017-03-06 22:00:00+05:30,29.37285237874708,16.31,0.0
2017-03-06 23:00:00+05:30,28.08167269243839,15.4375,0.0
2017-03-07 00:00:00+05:30,26.8363691340213,14.7925,0.0
2017-03-07 01:00:00+05:30,25.648633755859017,14.38375,0.0
2017-03-07 02:00:00+05:30,24.536797006421438,14.0725,0.0
2017-03-07 03:00:00+05:30,23.484216484046836,13.61,0.0
2017-03-07 04:00:00+05:30,22.48024620735136,12.956249999999999,0.0
2017-03-07 05:00:00+05:30,21.516343244189684,12.196250000000001,0.0
2017-03-07 06:00:00+05:30,20.585934614488014,11.46875,0.0
2017-03-07 07:00:00+05:30,19.92559144091353,12.8225,62.932645372119964
2017-03-07 08:00:00+05:30,19.90990240224049,15.87125,207.4651321092361
2017-03-07 09:00:00+05:30,20.751417918968745,20.145,353.90691110787384
2017-03-07 10:00:00+05:30,22.74063082098716,25.00375,480.5503236615576
2017-03-07 11:00:00+05:30,25.156125153814408,27.967499999999994,570.540014730341
2017-03-07 12:00:00+05:30,27.79897826422891,29.393749999999997,622.2573013916024
2017-03-07 13:00:00+05:30,30.48683983511096,30.271250000000002,615.6118253705233
2017-03-07 14:00:00+05:30,32.90501700987373,30.592499999999998,574.6003739369495
2017-03-07 15:00:00+05:30,34.768980430580896,30.355,482.02135575399274
2017-03-07 16:00:00+05:30,35.88759845025356,29.48375,344.31062341914526
2017-03-07 17:00:00+05:30,36.045039427355626,27.32875,169.39690309595844
2017-03-07 18:00:00+05:30,35.251367049745014,23.021250000000002,21.643382453248535
2017-03-07 19:00:00+05:30,34.10523882398836,20.09125,0.0
2017-03-07 20:00:00+05:30,32.90331078006109,18.8975,0.0
2017-03-07 21:00:00+05:30,31.729024216989117,17.892500000000002,0.0
2017-03-07 22:00:00+05:30,30.486852740906777,16.89125,0.0
2017-03-07 23:00:00+05:30,29.134830018026072,15.97625,0.0
2017-03-08 00:00:00+05:30,27.829534690516503,15.225,0.0
2017-03-08 01:00:00+05:30,26.58755706586295,14.66375,0.0
2017-03-08 02:00:00+05:30,25.412284336581802,14.192499999999999,0.0
2017-03-08 03:00:00+05:30,24.288844483643953,13.6325,0.0
2017-03-08 04:00:00+05:30,23.228108768946072,13.04375,0.0
2017-03-08 05:00:00+05:30,22.2223270047662,12.52375,0.0
2017-03-08 06:00:00+05:30,21.266139958091816,12.065,0.0
2017-03-08 07:00:00+05:30,20.599582780259986,13.6625,66.45539419498826
2017-03-08 08:00:00+05:30,20.601991262355046,16.9575,217.66366254715336
2017-03-08 09:00:00+05:30,21.511415857196976,21.23125,367.46343739825556
2017-03-08 10:00:00+05:30,23.574624506898115,25.97125,490.4812019405802
2017-03-08 11:00:00+05:30,26.016338368849866,28.685,574.327619139051
2017-03-08 12:00:00+05:30,28.65995140561833,29.783749999999998,620.3190922195176
2017-03-08 13:00:00+05:30,31.3174600113281,30.384999999999998,613.67025473149
2017-03-08 14:00:00+05:30,33.65197743788357,30.543750000000003,562.4552477132868
2017-03-08 15:00:00+05:30,35.43907072791413,30.2275,468.3859208030044
2017-03-08 16:00:00+05:30,36.482458039725884,29.42125,328.47134238320467
2017-03-08 17:00:00+05:30,36.58503832532118,27.49375,155.86188388176714
2017-03-08 18:00:00+05:30,35.79318176275751,23.534999999999997,18.166967048038554
2017-03-08 19:00:00+05:30,34.666212367028564,20.83875,0.0
2017-03-08 20:00:00+05:30,33.51506442338986,19.80375,0.0
2017-03-08 21:00:00+05:30,32.376490437998626,19.0125,0.0
2017-03-08 22:00:00+05:30,31.194304605866574,18.220000000000002,0.0
2017-03-08 23:00:00+05:30,29.888157541547947,17.42625,0.0
2017-03-09 00:00:00+05:30,28.616321615840842,16.67375,0.0
2017-03-09 01:00:00+05:30,27.396165461571805,15.98125,0.0
2017-03-09 02:00:00+05:30,26.228740803908053,15.27375,0.0
2017-03-09 03:00:00+05:30,25.09429713529392,14.50625,0.0
2017-03-09 04:00:00+05:30,24.02354352052727,13.760000000000002,0.0
2017-03-09 05:00:00+05:30,23.001197402482315,13.133750000000001,0.0
2017-03-09 06:00:00+05:30,22.028278577215804,12.688749999999999,0.0
2017-03-09 07:00:00+05:30,21.345503021621678,14.26875,66.18099811927743
2017-03-09 08:00:00+05:30,21.328599373272148,17.45,213.5139232171384
2017-03-09 09:00:00+05:30,22.205611807020386,21.94625,360.95132367110176
2017-03-09 10:00:00+05:30,24.21610200284936,26.3575,485.75697242088086
2017-03-09 11:00:00+05:30,26.612976534472356,28.825000000000003,572.1223224235653
2017-03-09 12:00:00+05:30,29.17793078900599,30.028750000000002,613.2932935512738
2017-03-09 13:00:00+05:30,31.747769043465066,30.731250000000003,606.3264898424924
2017-03-09 14:00:00+05:30,34.01025938261725,30.93625,557.3033099357236
2017-03-09 15:00:00+05:30,35.7086822816944,30.59625,463.7055491763966
2017-03-09 16:00:00+05:30,36.66553574884673,29.689999999999998,324.9756830773553
2017-03-09 17:00:00+05:30,36.699737734117925,27.695,155.6652359300426
2017-03-09 18:00:00+05:30,35.8505462445239,23.49375,17.790253033915377
2017-03-09 19:00:00+05:30,34.69214212678988,20.4775,0.0
2017-03-09 20:00:00+05:30,33.5285307032572,19.20875,0.0
2017-03-09 21:00:00+05:30,32.36782074740887,18.33625,0.0
2017-03-09 22:00:00+05:30,31.10440904143102,17.59,0.0
2017-03-09 23:00:00+05:30,29.79228031181548,16.82,0.0
2017-03-10 00:00:00+05:30,28.51752399543016,16.17,0.0
2017-03-10 01:00:00+05:30,27.298691443626247,15.547500000000003,0.0
2017-03-10 02:00:00+05:30,26.131355969727878,14.86875,0.0
2017-03-10 03:00:00+05:30,25.051004146991325,14.1725,0.0
2017-03-10 04:00:00+05:30,24.036530468417304,13.528749999999999,0.0
2017-03-10 05:00:00+05:30,23.039278190182735,12.925,0.0
2017-03-10 06:00:00+05:30,22.076831770068214,12.4125,0.0
2017-03-10 07:00:00+05:30,21.407375494127432,14.18375,63.46151339215115
2017-03-10 08:00:00+05:30,21.378826716929986,17.775,197.21540407697964
2017-03-10 09:00:00+05:30,22.18717958418632,22.455000000000002,334.4650445901893
2017-03-10 10:00:00+05:30,24.11791252548703,26.4525,464.25088893738695
2017-03-10 11:00:00+05:30,26.48355104346507,28.983750000000004,556.2354862639218
2017-03-10 12:00:00+05:30,29.101248067819096,30.66,607.7751170045576
2017-03-10 13:00:00+05:30,31.72985049188604,31.74375,596.386510620011
2017-03-10 14:00:00+05:30,34.079359837178615,32.095,548.4725009234469
2017-03-10 15:00:00+05:30,35.895909685467785,31.872500000000002,453.372492341648
2017-03-10 16:00:00+05:30,37.01586776073759,31.317500000000003,312.6355219997287
2017-03-10 17:00:00+05:30,37.231159253352345,29.4075,145.84296549891258
2017-03-10 18:00:00+05:30,36.581524302518005,25.42875,17.181882984937353
2017-03-10 19:00:00+05:30,35.55316408399577,22.54,0.0
2017-03-10 20:00:00+05:30,34.45484585924477,21.192500000000003,0.0
2017-03-10 21:00:00+05:30,33.35623616867427,20.19875,0.0
2017-03-10 22:00:00+05:30,32.24662336505515,19.33125,0.0
2017-03-10 23:00:00+05:30,31.002344868827485,18.576249999999998,0.0
2017-03-11 00:00:00+05:30,29.787621359598617,17.96,0.0
2017-03-11 01:00:00+05:30,28.62610696906837,17.39375,0.0
2017-03-11 02:00:00+05:30,27.49865415551859,16.71125,0.0
2017-03-11 03:00:00+05:30,26.471212763459192,15.9675,0.0
2017-03-11 04:00:00+05:30,25.49755288520698,15.321250000000001,0.0
2017-03-11 05:00:00+05:30,24.55257973449075,14.799999999999999,0.0
2017-03-11 06:00:00+05:30,23.64414191864416,14.495000000000001,0.0
2017-03-11 07:00:00+05:30,23.019312942482298,16.169999999999998,64.68179799894716
2017-03-11 08:00:00+05:30,23.0427466570023,19.445,204.2315751904472
2017-03-11 09:00:00+05:30,23.93048407047013,24.01125,343.0199898468907
2017-03-11 10:00:00+05:30,25.96054426104321,28.581249999999997,463.1504516976279
2017-03-11 11:00:00+05:30,28.327113184858668,31.435000000000002,542.0730043581104
2017-03-11 12:00:00+05:30,30.879125877050033,32.90625,566.7373288098639
2017-03-11 13:00:00+05:30,33.43053499681753,33.73,556.8981907785426
2017-03-11 14:00:00+05:30,35.687259162589015,34.0575,505.6190517817411
2017-03-11 15:00:00+05:30,37.38453831696815,33.910000000000004,408.6617342251652
2017-03-11 16:00:00+05:30,38.38424284558441,33.20875,271.00500813523644
2017-03-11 17:00:00+05:30,38.53758911272506,31.259999999999998,123.82495237871497
2017-03-11 18:00:00+05:30,37.87981893122368,27.29375,15.031772645270635
2017-03-11 19:00:00+05:30,36.90480414511518,24.44625,0.0
2017-03-11 20:00:00+05:30,35.85035540811151,23.17,0.0
2017-03-11 21:00:00+05:30,34.79191321859615,22.192500000000003,0.0
2017-03-11 22:00:00+05:30,33.703056721896225,21.30875,0.0
2017-03-11 23:00:00+05:30,32.50737959055292,20.5275,0.0
2017-03-12 00:00:00+05:30,31.334319116969418,19.856250000000003,0.0
2017-03-12 01:00:00+05:30,30.191003650045197,19.31375,0.0
2017-03-12 02:00:00+05:30,29.12979565100377,18.93,0.0
2017-03-12 03:00:00+05:30,28.133187610340414,18.6475,0.0
2017-03-12 04:00:00+05:30,27.20101119932539,18.48125,0.0
2017-03-12 05:00:00+05:30,26.338307292545743,18.53375,0.0
2017-03-12 06:00:00+05:30,25.545908665907735,18.83375,0.0
2017-03-12 07:00:00+05:30,24.997210210289317,19.6175,64.40766478077609
2017-03-12 08:00:00+05:30,25.045471197569366,21.462500000000002,199.633367821278
2017-03-12 09:00:00+05:30,25.95339627037704,25.32125,338.0980773167888
2017-03-12 10:00:00+05:30,27.938115473174797,30.191250000000004,458.87300243282897
2017-03-12 11:00:00+05:30,30.259054609193797,32.99,542.7426694936979
2017-03-12 12:00:00+05:30,32.79195841530324,34.1225,584.975372037207
2017-03-12 13:00:00+05:30,35.309528850008014,34.76,574.5079665035144
2017-03-12 14:00:00+05:30,37.51700839343059,34.93375,521.2545291262245
2017-03-12 15:00:00+05:30,39.169036642420906,34.61125,426.17013166252104
2017-03-12 16:00:00+05:30,40.10922301442038,33.801249999999996,282.3779003259866
2017-03-12 17:00:00+05:30,40.15750264212027,31.967499999999998,118.512361873204
2017-03-12 18:00:00+05:30,39.4474421145996,28.27125,14.063314352277454
2017-03-12 19:00:00+05:30,38.435812324925095,25.655,0.0
2017-03-12 20:00:00+05:30,37.37734933804386,24.500000000000004,0.0
2017-03-12 21:00:00+05:30,36.32093208082826,23.5275,0.0
2017-03-12 22:00:00+05:30,35.2401954783671,22.62875,0.0
2017-03-12 23:00:00+05:30,34.06209240185594,21.853749999999998,0.0
2017-03-13 00:00:00+05:30,32.8973891432305,21.1675,0.0
2017-03-13 01:00:00+05:30,31.7822707863075,20.5825,0.0
2017-03-13 02:00:00+05:30,30.746685048571607,20.205000000000002,0.0
2017-03-13 03:00:00+05:30,29.78669480614538,20.162499999999998,0.0
2017-03-13 04:00:00+05:30,28.900024983015047,20.5,0.0
2017-03-13 05:00:00+05:30,28.05124703724638,20.305,0.0
2017-03-13 06:00:00+05:30,27.208046455645547,19.33625,0.0
2017-03-13 07:00:00+05:30,26.608610879170314,19.815,64.46699744243861
2017-03-13 08:00:00+05:30,26.63911375670829,22.43875,200.10776797802077
2017-03-13 09:00:00+05:30,27.521276041390962,26.786250000000003,340.90844682014836
2017-03-13 10:00:00+05:30,29.509078160274875,31.037499999999998,464.2654649534817
2017-03-13 11:00:00+05:30,31.755648576649318,33.42,542.8023530259165
2017-03-13 12:00:00+05:30,34.2329280915052,34.583749999999995,567.775666889793
2017-03-13 13:00:00+05:30,36.68124569192227,35.23374999999999,557.7842358615653
2017-03-13 14:00:00+05:30,38.79968235605533,35.39125,503.02459532200237
2017-03-13 15:00:00+05:30,40.346937644389094,35.048750000000005,403.37647698767034
2017-03-13 16:00:00+05:30,41.170208753985904,34.181250000000006,271.4507745673446
2017-03-13 17:00:00+05:30,41.168981816236844,32.43625,127.95306726319802
2017-03-13 18:00:00+05:30,40.377136185513855,28.73625,15.446315108729515
2017-03-13 19:00:00+05:30,39.30150103585643,25.987499999999997,0.0
2017-03-13 20:00:00+05:30,38.1825407772522,24.755,0.0
2017-03-13 21:00:00+05:30,37.09090721946528,23.8175,0.0
2017-03-13 22:00:00+05:30,35.93079871629584,23.0175,0.0
2017-03-13 23:00:00+05:30,34.69386074213011,22.32125,0.0
2017-03-14 00:00:00+05:30,33.48761205556466,21.6825,0.0
2017-03-14 01:00:00+05:30,32.324122537172215,21.106249999999996,0.0
2017-03-14 02:00:00+05:30,31.212295238475328,20.64375,0.0
2017-03-14 03:00:00+05:30,30.16637850150798,20.28375,0.0
2017-03-14 04:00:00+05:30,29.170983807088795,19.903750000000002,0.0
2017-03-14 05:00:00+05:30,28.21531742975671,19.3875,0.0
2017-03-14 06:00:00+05:30,27.29893924358022,18.738750000000003,0.0
2017-03-14 07:00:00+05:30,26.666652950694502,19.99875,63.76457589772113
2017-03-14 08:00:00+05:30,26.676732516563018,22.991249999999997,201.76344518314772
2017-03-14 09:00:00+05:30,27.537881665330662,27.17125,342.5613803186159
2017-03-14 10:00:00+05:30,29.510995691061744,31.092499999999998,469.03328221997276
2017-03-14 11:00:00+05:30,31.83775429768186,33.283750000000005,547.9480716152891
2017-03-14 12:00:00+05:30,34.3186715431926,34.42,569.204166688293
2017-03-14 13:00:00+05:30,36.80650355920518,35.08625000000001,561.6087161450673
2017-03-14 14:00:00+05:30,38.97648856737903,35.22625,504.5475752701158
2017-03-14 15:00:00+05:30,40.57708154154813,34.825,403.8773530765966
2017-03-14 16:00:00+05:30,41.45666201725962,33.96875,272.0678109976325
2017-03-14 17:00:00+05:30,41.49077209358858,32.271249999999995,125.44207832762507
2017-03-14 18:00:00+05:30,40.71444894262531,28.598750000000003,14.429220810921647
2017-03-14 19:00:00+05:30,39.62427530124581,25.65125,0.0
2017-03-14 20:00:00+05:30,38.46794640269125,24.201249999999998,0.0
2017-03-14 21:00:00+05:30,37.31738278926734,23.145,0.0
2017-03-14 22:00:00+05:30,36.08290353890678,22.25125,0.0
2017-03-14 23:00:00+05:30,34.77413515108451,21.60875,0.0
2017-03-15 00:00:00+05:30,33.52616248603182,21.372500000000002,0.0
2017-03-15 01:00:00+05:30,32.35215664713844,21.4,0.0
2017-03-15 02:00:00+05:30,31.268408617355192,21.29875,0.0
2017-03-15 03:00:00+05:30,30.236485664590084,20.701249999999998,0.0
2017-03-15 04:00:00+05:30,29.24813315905816,19.852500000000003,0.0
2017-03-15 05:00:00+05:30,28.30389633609202,19.055,0.0
2017-03-15 06:00:00+05:30,27.396588018843175,18.32,0.0
2017-03-15 07:00:00+05:30,26.758314395974693,19.349999999999998,61.474707367178695
2017-03-15 08:00:00+05:30,26.73938743858343,22.005,187.26441511194986
2017-03-15 09:00:00+05:30,27.531730942690345,26.198749999999997,327.1517555843018
2017-03-15 10:00:00+05:30,29.361485101377383,30.62125,436.98970982962646
2017-03-15 11:00:00+05:30,31.565544687388567,33.051249999999996,509.1738113170917
2017-03-15 12:00:00+05:30,33.737124314939805,34.098749999999995,493.5797840882049
2017-03-15 13:00:00+05:30,36.03981396193989,34.647499999999994,525.3962270972692
2017-03-15 14:00:00+05:30,38.14064525630843,34.74,503.15821921554533
2017-03-15 15:00:00+05:30,39.724936290244536,34.334999999999994,404.0619434121727
2017-03-15 16:00:00+05:30,40.585571796265185,33.46,268.6225692236287
2017-03-15 17:00:00+05:30,40.577185856284196,31.9075,113.35636293436588
2017-03-15 18:00:00+05:30,39.80930486544521,28.4225,14.264186227918342
2017-03-15 19:00:00+05:30,38.746452880810864,25.8125,0.0
2017-03-15 20:00:00+05:30,37.66652793506031,24.8875,0.0
2017-03-15 21:00:00+05:30,36.591873226155734,24.03875,0.0
2017-03-15 22:00:00+05:30,35.41112663821272,22.9475,0.0
2017-03-15 23:00:00+05:30,34.16095784409979,21.90125,0.0
2017-03-16 00:00:00+05:30,32.94083194878318,20.98625,0.0
2017-03-16 01:00:00+05:30,31.770025473383594,20.16,0.0
2017-03-16 02:00:00+05:30,30.625034953658975,19.42875,0.0
2017-03-16 03:00:00+05:30,29.55007220941116,18.845,0.0
2017-03-16 04:00:00+05:30,28.525832554526446,18.3875,0.0
2017-03-16 05:00:00+05:30,27.546282028069054,17.91125,0.0
2017-03-16 06:00:00+05:30,26.610307422332745,17.4825,0.0
2017-03-16 07:00:00+05:30,25.98032578517309,18.83375,68.51165720144101
2017-03-16 08:00:00+05:30,26.02718165325245,21.28625,192.6798287765469
2017-03-16 09:00:00+05:30,26.910922590967395,25.21375,309.4279175599847
2017-03-16 10:00:00+05:30,28.77391146611346,29.2225,409.8991325726323
2017-03-16 11:00:00+05:30,30.831298305509847,30.756249999999998,502.3758702276519
2017-03-16 12:00:00+05:30,33.06334015030519,30.923750000000002,529.0038902874503
2017-03-16 13:00:00+05:30,35.35224311625653,31.025,539.8186116543034
2017-03-16 14:00:00+05:30,37.19004289025544,31.232499999999998,429.93885258497505
2017-03-16 15:00:00+05:30,38.45479951738899,31.53625,326.9581432709904
2017-03-16 16:00:00+05:30,39.04489596628776,31.310000000000002,207.59314947775852
2017-03-16 17:00:00+05:30,38.93525969659083,29.925,92.7209370945041
2017-03-16 18:00:00+05:30,38.17418953659272,26.676250000000003,13.643524252322548
2017-03-16 19:00:00+05:30,37.18193368288549,24.475,0.0
2017-03-16 20:00:00+05:30,36.14826679589575,23.58875,0.0
2017-03-16 21:00:00+05:30,35.08055361943384,22.412499999999998,0.0
2017-03-16 22:00:00+05:30,33.96552691644209,21.21125,0.0
2017-03-16 23:00:00+05:30,32.766285539678755,20.25375,0.0
2017-03-17 00:00:00+05:30,31.558127915190177,19.38875,0.0
2017-03-17 01:00:00+05:30,30.370334715691456,18.5325,0.0
2017-03-17 02:00:00+05:30,29.206157789028936,17.6975,0.0
2017-03-17 03:00:00+05:30,28.068032473932774,16.97125,0.0
2017-03-17 04:00:00+05:30,27.013761829810182,16.62,0.0
2017-03-17 05:00:00+05:30,26.047482198630185,16.81,0.0
2017-03-17 06:00:00+05:30,25.17464160765334,17.36625,0.0
2017-03-17 07:00:00+05:30,24.569534000392043,18.185,63.729881285138845
2017-03-17 08:00:00+05:30,24.56819243389906,20.2175,184.3595384762345
2017-03-17 09:00:00+05:30,25.386964069108647,24.57375,314.05215065369697
2017-03-17 10:00:00+05:30,27.272752023823205,28.99875,440.55902691389406
2017-03-17 11:00:00+05:30,29.54500604134173,31.5625,531.0501256131573
2017-03-17 12:00:00+05:30,32.09192424036317,33.1175,586.6939657268282
2017-03-17 13:00:00+05:30,34.672797500007974,34.2,574.0977023309844
2017-03-17 14:00:00+05:30,36.88687724605276,34.692499999999995,489.22172012001016
2017-03-17 15:00:00+05:30,38.55218565924153,34.54625,397.06434579657684
2017-03-17 16:00:00+05:30,39.524243730061166,33.793749999999996,259.9990935970854
2017-03-17 17:00:00+05:30,39.643271925819825,32.055,112.77402158788891
2017-03-17 18:00:00+05:30,38.97764449303282,28.12375,16.311775007715934
2017-03-17 19:00:00+05:30,37.96069238586741,25.22875,0.0
2017-03-17 20:00:00+05:30,36.891028140309984,24.184999999999995,0.0
2017-03-17 21:00:00+05:30,35.83580786503119,23.436249999999998,0.0
2017-03-17 22:00:00+05:30,34.743682684836905,22.590000000000003,0.0
2017-03-17 23:00:00+05:30,33.55013780294334,21.6475,0.0
2017-03-18 00:00:00+05:30,32.36588446702479,20.63625,0.0
2017-03-18 01:00:00+05:30,31.20468875234762,20.05,0.0
2017-03-18 02:00:00+05:30,30.150231856347332,20.2175,0.0
2017-03-18 03:00:00+05:30,29.202593348763955,20.82125,0.0
2017-03-18 04:00:00+05:30,28.332403875132222,21.09875,0.0
2017-03-18 05:00:00+05:30,27.49384476942723,20.6475,0.0
2017-03-18 06:00:00+05:30,26.688626152475543,19.869999999999997,0.0
2017-03-18 07:00:00+05:30,26.1473721668589,20.26375,56.28695065085434
2017-03-18 08:00:00+05:30,26.14348019973858,22.011249999999997,148.91811626941032
2017-03-18 09:00:00+05:30,26.955778903065926,25.791249999999998,266.2003936821229
2017-03-18 10:00:00+05:30,28.748319328997624,30.01125,397.8946054522695
2017-03-18 11:00:00+05:30,30.85083027516862,32.47624999999999,488.8857997680617
2017-03-18 12:00:00+05:30,33.08802863105359,33.6925,501.2253514612021
2017-03-18 13:00:00+05:30,35.348635824123555,34.41625,499.1079876917164
2017-03-18 14:00:00+05:30,37.314208705692295,34.667500000000004,446.34566925898184
2017-03-18 15:00:00+05:30,38.80386477025606,34.408750000000005,360.8626636282735
2017-03-18 16:00:00+05:30,39.622137059222275,33.6775,234.22372281284092
2017-03-18 17:00:00+05:30,39.68163686955283,32.115,109.10955677225897
2017-03-18 18:00:00+05:30,38.98877834096707,28.43625,13.903871158735363
2017-03-18 19:00:00+05:30,37.95787183177528,25.5075,0.0
2017-03-18 20:00:00+05:30,36.88864077201998,24.141249999999996,0.0
2017-03-18 21:00:00+05:30,35.816704610214174,23.1275,0.0
2017-03-18 22:00:00+05:30,34.66624064868342,22.191250000000004,0.0
2017-03-18 23:00:00+05:30,33.4315468274212,21.34375,0.0
2017-03-19 00:00:00+05:30,32.22888325516849,20.646250000000002,0.0
2017-03-19 01:00:00+05:30,31.067071334127064,20.091250000000002,0.0
2017-03-19 02:00:00+05:30,29.955102531988828,19.6,0.0
2017-03-19 03:00:00+05:30,28.910135012917614,19.21375,0.0
2017-03-19 04:00:00+05:30,27.943289289833256,19.283749999999998,0.0
2017-03-19 05:00:00+05:30,27.03101390541842,19.125,0.0
2017-03-19 06:00:00+05:30,26.13319767537753,18.14125,0.0
2017-03-19 07:00:00+05:30,25.507567714543654,18.625,68.81984049985468
2017-03-19 08:00:00+05:30,25.52567964623797,21.10375,202.458986131932
2017-03-19 09:00:00+05:30,26.40742188202064,25.408749999999998,343.4497928341934
2017-03-19 10:00:00+05:30,28.360062787297338,29.4225,468.77384517797503
2017-03-19 11:00:00+05:30,30.665272375307527,31.721250000000005,544.8435312517003
2017-03-19 12:00:00+05:30,33.10941403866225,33.052499999999995,571.8540263428175
2017-03-19 13:00:00+05:30,35.558799832130674,33.8675,570.0448697029155
2017-03-19 14:00:00+05:30,37.73228922815315,34.16250000000001,521.9948500130333
2017-03-19 15:00:00+05:30,39.363080410312186,33.89375,430.6618645077545
2017-03-19 16:00:00+05:30,40.243756145543415,33.06,289.356243315855
2017-03-19 17:00:00+05:30,40.216456448356126,31.307499999999997,125.98059138351312
2017-03-19 18:00:00+05:30,39.37069024302048,27.19625,16.754416859326106
2017-03-19 19:00:00+05:30,38.19678928788264,23.98875,0.0
2017-03-19 20:00:00+05:30,36.986922067344295,22.593750000000004,0.0
2017-03-19 21:00:00+05:30,35.77993337427709,21.65625,0.0
2017-03-19 22:00:00+05:30,34.454120990256996,20.93625,0.0
2017-03-19 23:00:00+05:30,33.11784292441449,20.487499999999997,0.0
2017-03-20 00:00:00+05:30,31.859844706372026,20.541249999999998,0.0
2017-03-20 01:00:00+05:30,30.68856395469175,20.65,0.0
2017-03-20 02:00:00+05:30,29.589192607918015,20.68125,0.0
2017-03-20 03:00:00+05:30,28.548019784948327,19.75,0.0
2017-03-20 04:00:00+05:30,27.54204480067714,18.4175,0.0
2017-03-20 05:00:00+05:30,26.569443681392332,17.51,0.0
2017-03-20 06:00:00+05:30,25.6159555524299,16.6525,0.0
2017-03-20 07:00:00+05:30,24.93850483677985,17.5,69.95033899294035
2017-03-20 08:00:00+05:30,24.923037915532113,20.526249999999997,197.48246645345844
2017-03-20 09:00:00+05:30,25.75839870495343,24.85375,333.98129631577063
2017-03-20 10:00:00+05:30,27.615923419093203,29.1325,445.69344945194524
2017-03-20 11:00:00+05:30,29.927827503591914,31.78375,525.7711972525357
2017-03-20 12:00:00+05:30,32.393256466458965,33.176249999999996,562.7275616499699
2017-03-20 13:00:00+05:30,34.756313095696996,33.95,509.2759464544913
2017-03-20 14:00:00+05:30,36.69966736186953,34.1725,413.85046344442134
2017-03-20 15:00:00+05:30,38.041659856027074,33.855,302.1041259450173
2017-03-20 16:00:00+05:30,38.80155944471701,33.0225,214.8426198120157
2017-03-20 17:00:00+05:30,38.811992292393924,31.396249999999995,97.28061195810739
2017-03-20 18:00:00+05:30,38.15993532637686,27.643749999999997,15.30924305792861
2017-03-20 19:00:00+05:30,37.163826102836595,24.52125,0.0
2017-03-20 20:00:00+05:30,36.0551529441691,22.9925,0.0
2017-03-20 21:00:00+05:30,34.94589360150465,22.0,0.0
2017-03-20 22:00:00+05:30,33.77015764060461,21.2075,0.0
2017-03-20 23:00:00+05:30,32.51362993688018,20.34875,0.0
2017-03-21 00:00:00+05:30,31.284544541468417,19.3625,0.0
2017-03-21 01:00:00+05:30,30.109620566138098,18.41125,0.0
2017-03-21 02:00:00+05:30,28.969113797824022,17.55125,0.0
2017-03-21 03:00:00+05:30,27.868370577390028,16.72125,0.0
2017-03-21 04:00:00+05:30,26.806247095029615,16.01,0.0
2017-03-21 05:00:00+05:30,25.79359130254556,15.57,0.0
2017-03-21 06:00:00+05:30,24.844296343620936,15.3625,0.0
2017-03-21 07:00:00+05:30,24.166947268830754,16.322499999999998,57.83947077588162
2017-03-21 08:00:00+05:30,24.084746511950886,18.3675,172.1669617338238
2017-03-21 09:00:00+05:30,24.717187837093917,21.1425,286.4330482225265
2017-03-21 10:00:00+05:30,26.18023151070425,24.2025,394.7103482259394
2017-03-21 11:00:00+05:30,28.149221999007437,26.75,479.99357230533747
2017-03-21 12:00:00+05:30,30.34095601396607,28.633750000000003,534.2665871493543
2017-03-21 13:00:00+05:30,32.63820867067632,29.91,533.4510890301106
2017-03-21 14:00:00+05:30,34.68773648462208,30.6125,483.9521804874132
2017-03-21 15:00:00+05:30,36.21746906921348,30.775000000000002,381.6580530686381
2017-03-21 16:00:00+05:30,37.07630065325844,30.27875,248.91225308926232
2017-03-21 17:00:00+05:30,37.130567427337795,29.108749999999997,104.75126362700523
2017-03-21 18:00:00+05:30,36.52881785100024,26.4675,15.753645048111524
2017-03-21 19:00:00+05:30,35.62497341272674,24.3125,0.0
2017-03-21 20:00:00+05:30,34.67544741052088,23.367500000000003,0.0
2017-03-21 21:00:00+05:30,33.72955340705458,22.595,0.0
2017-03-21 22:00:00+05:30,32.741245133028045,21.648749999999996,0.0
2017-03-21 23:00:00+05:30,31.66954965354806,20.82,0.0
2017-03-22 00:00:00+05:30,30.621540363476935,20.275,0.0
2017-03-22 01:00:00+05:30,29.626497478015764,19.91,0.0
2017-03-22 02:00:00+05:30,28.678766124436237,19.4775,0.0
2017-03-22 03:00:00+05:30,27.75609013667103,18.73375,0.0
2017-03-22 04:00:00+05:30,26.865641305229982,17.98125,0.0
2017-03-22 05:00:00+05:30,26.01348905129443,17.43,0.0
2017-03-22 06:00:00+05:30,25.204103420049634,17.15625,0.0
2017-03-22 07:00:00+05:30,24.67275826917509,18.875000000000004,46.86803066922154
2017-03-22 08:00:00+05:30,24.774718206312684,22.352500000000003,147.5755633145746
2017-03-22 09:00:00+05:30,25.630947117614667,26.275000000000002,250.45783577619648
2017-03-22 10:00:00+05:30,27.37166116918105,29.097499999999997,353.3681415703277
2017-03-22 11:00:00+05:30,29.340242069871664,31.012500000000003,425.99995971063004
2017-03-22 12:00:00+05:30,31.690797253126792,32.49875,471.8499202298425
2017-03-22 13:00:00+05:30,34.13503731990148,33.54,469.1655472112775
2017-03-22 14:00:00+05:30,36.30822681296809,34.051249999999996,423.54425325326565
2017-03-22 15:00:00+05:30,37.948258716463585,33.9475,332.2659932715411
2017-03-22 16:00:00+05:30,38.92331325461994,33.32625,216.11531059510233
2017-03-22 17:00:00+05:30,39.1822964968937,32.155,98.25311345731953
2017-03-22 18:00:00+05:30,38.73485778895002,29.26125,14.038106444817227
2017-03-22 19:00:00+05:30,37.89503171348621,27.59625,0.0
2017-03-22 20:00:00+05:30,37.08897866090547,27.8625,0.0
2017-03-22 21:00:00+05:30,36.277543867342956,27.603749999999998,0.0
2017-03-22 22:00:00+05:30,35.40439457362366,26.3125,0.0
2017-03-22 23:00:00+05:30,34.40209034766866,24.68875,0.0
2017-03-23 00:00:00+05:30,33.326042148208344,22.87625,0.0
2017-03-23 01:00:00+05:30,32.24712710684941,21.478749999999998,0.0
2017-03-23 02:00:00+05:30,31.19421964677822,20.682499999999997,0.0
2017-03-23 03:00:00+05:30,30.170466215592402,20.162499999999998,0.0
2017-03-23 04:00:00+05:30,29.184131154995878,19.79625,0.0
2017-03-23 05:00:00+05:30,28.241512554327052,19.517500000000002,0.0
2017-03-23 06:00:00+05:30,27.349426463385456,19.38875,0.0
2017-03-23 07:00:00+05:30,26.7635323527635,21.16375,51.85271714573939
2017-03-23 08:00:00+05:30,26.811821756344365,24.340000000000003,157.25510901426324
2017-03-23 09:00:00+05:30,27.733543075780574,29.2,278.35774882435436
2017-03-23 10:00:00+05:30,29.69048112031174,33.49125,386.73499373853565
2017-03-23 11:00:00+05:30,31.898068795475403,35.90125,458.67153762174377
2017-03-23 12:00:00+05:30,34.4365730674791,37.2925,487.4573399683711
2017-03-23 13:00:00+05:30,36.95934650068338,38.12,484.3622444811347
2017-03-23 14:00:00+05:30,39.18232237071286,38.3975,439.6311431716831
2017-03-23 15:00:00+05:30,40.846020042515995,38.1075,350.16230020198515
2017-03-23 16:00:00+05:30,41.821191706208964,37.144999999999996,230.3745714818234
2017-03-23 17:00:00+05:30,41.98510963586193,35.28,101.2150901088535
2017-03-23 18:00:00+05:30,41.35891733869037,31.333750000000002,15.291740267245661
2017-03-23 19:00:00+05:30,40.258250438678154,27.851249999999997,0.0
2017-03-23 20:00:00+05:30,39.10189214784999,26.09875,0.0
2017-03-23 21:00:00+05:30,37.942165900671554,24.97375,0.0
2017-03-23 22:00:00+05:30,36.72104080874168,23.9925,0.0
2017-03-23 23:00:00+05:30,35.41469401733652,23.065,0.0
2017-03-24 00:00:00+05:30,34.130842570220295,22.207500000000003,0.0
2017-03-24 01:00:00+05:30,32.88244379499338,21.406249999999996,0.0
2017-03-24 02:00:00+05:30,31.688697747654167,20.603749999999998,0.0
2017-03-24 03:00:00+05:30,30.541421679032464,19.8375,0.0
2017-03-24 04:00:00+05:30,29.4567691378016,19.24125,0.0
2017-03-24 05:00:00+05:30,28.418240714916614,18.6875,0.0
2017-03-24 06:00:00+05:30,27.437947244398174,18.382499999999997,0.0
2017-03-24 07:00:00+05:30,26.826329861027492,20.955000000000002,53.98962918511724
2017-03-24 08:00:00+05:30,26.939442760663823,25.13,156.36632880153417
2017-03-24 09:00:00+05:30,27.89444926481857,30.17125,252.68120938503202
2017-03-24 10:00:00+05:30,29.778149478577028,34.485,325.12527024124256
2017-03-24 11:00:00+05:30,31.75771393449166,36.745000000000005,369.5701834048806
2017-03-24 12:00:00+05:30,33.75480046211078,37.9875,332.80381664733767
2017-03-24 13:00:00+05:30,35.45859999499338,38.64999999999999,262.2159922657829
2017-03-24 14:00:00+05:30,37.2682701046178,38.762499999999996,351.1306335370902
2017-03-24 15:00:00+05:30,38.89199893707468,38.615,325.9880390780054
2017-03-24 16:00:00+05:30,40.077981873747056,38.04,207.19868717620596
2017-03-24 17:00:00+05:30,40.535485008391916,36.2525,87.85629854614513
2017-03-24 18:00:00+05:30,40.313936145408775,33.72875,13.824407539423834
2017-03-24 19:00:00+05:30,39.71178527801132,32.1,0.0
2017-03-24 20:00:00+05:30,38.98940171506803,30.397499999999997,0.0
2017-03-24 21:00:00+05:30,38.16505389633474,28.39125,0.0
2017-03-24 22:00:00+05:30,37.31762620329318,27.21,0.0
2017-03-24 23:00:00+05:30,36.40707098035964,26.708750000000002,0.0
2017-03-25 00:00:00+05:30,35.477642521308425,26.151249999999997,0.0
2017-03-25 01:00:00+05:30,34.550860680004085,25.293750000000003,0.0
2017-03-25 02:00:00+05:30,33.6590802228155,24.436249999999998,0.0
2017-03-25 03:00:00+05:30,32.816511674690844,24.39,0.0
2017-03-25 04:00:00+05:30,31.99332942123208,24.458750000000002,0.0
2017-03-25 05:00:00+05:30,31.12667606010259,23.203750000000003,0.0
2017-03-25 06:00:00+05:30,30.2431685290517,21.83,0.0
2017-03-25 07:00:00+05:30,29.642227474701812,22.92125,49.208238572323424
2017-03-25 08:00:00+05:30,29.65069627732874,26.009999999999998,145.9228920572306
2017-03-25 09:00:00+05:30,30.417823780176292,30.292500000000004,254.7404798662406
2017-03-25 10:00:00+05:30,32.052249043862695,33.545,358.53025926551237
2017-03-25 11:00:00+05:30,34.00011384425967,35.3925,431.99939992995064
2017-03-25 12:00:00+05:30,36.24953203213779,36.545,457.48614654033844
2017-03-25 13:00:00+05:30,38.519657893006716,37.2275,450.73560047158924
2017-03-25 14:00:00+05:30,40.53248115197265,37.486250000000005,405.93799850179926
2017-03-25 15:00:00+05:30,42.047841244258066,37.31375,316.9873359795802
2017-03-25 16:00:00+05:30,42.92428864545953,36.6775,210.47418575505102
2017-03-25 17:00:00+05:30,43.06904710872173,35.4075,92.50629938351017
2017-03-25 18:00:00+05:30,42.466617880184984,32.03,14.332065852884824
2017-03-25 19:00:00+05:30,41.42203445431409,29.056250000000002,0.0
2017-03-25 20:00:00+05:30,40.34139366684632,27.5925,0.0
2017-03-25 21:00:00+05:30,39.24390270495366,26.548750000000002,0.0
2017-03-25 22:00:00+05:30,38.09900608501589,25.595000000000002,0.0
2017-03-25 23:00:00+05:30,36.848252885238715,24.693749999999998,0.0
2017-03-26 00:00:00+05:30,35.6073406887624,23.847500000000004,0.0
2017-03-26 01:00:00+05:30,34.40462747277574,23.052500000000002,0.0
2017-03-26 02:00:00+05:30,33.23422368110595,22.25375,0.0
2017-03-26 03:00:00+05:30,32.118558085048434,21.456249999999997,0.0
2017-03-26 04:00:00+05:30,31.060021540173466,20.728749999999998,0.0
2017-03-26 05:00:00+05:30,30.035070424700105,20.0575,0.0
2017-03-26 06:00:00+05:30,29.046439258866865,19.59125,0.0
2017-03-26 07:00:00+05:30,28.367525974909004,21.385,53.69965629706699
2017-03-26 08:00:00+05:30,28.344865139307704,24.73375,166.70892940393355
2017-03-26 09:00:00+05:30,29.26629273296087,29.65,296.6327066469305
2017-03-26 10:00:00+05:30,31.257933496446256,33.5725,407.98331108015566
2017-03-26 11:00:00+05:30,33.48777943834682,35.605000000000004,462.5314448083832
2017-03-26 12:00:00+05:30,35.823176699004854,36.871249999999996,444.00253712800884
2017-03-26 13:00:00+05:30,37.79202675996528,37.5175,353.23201408466934
2017-03-26 14:00:00+05:30,39.33258222315527,37.26625,301.54658150763527
2017-03-26 15:00:00+05:30,40.42053361331282,36.105,253.60998391831794
2017-03-26 16:00:00+05:30,41.00380052352175,34.875,186.6957583221648
2017-03-26 17:00:00+05:30,41.036136898029476,33.826249999999995,85.08413195272686
2017-03-26 18:00:00+05:30,40.414851499475674,30.283749999999998,15.621747645931082
2017-03-26 19:00:00+05:30,39.40563066300952,27.17125,0.0
2017-03-26 20:00:00+05:30,38.37941823941901,26.240000000000002,0.0
2017-03-26 21:00:00+05:30,37.431629441660164,26.32,0.0
2017-03-26 22:00:00+05:30,36.38782115833228,26.84625,0.0
2017-03-26 23:00:00+05:30,35.34482932432647,26.9275,0.0
2017-03-27 00:00:00+05:30,34.30483362597575,25.973749999999995,0.0
2017-03-27 01:00:00+05:30,33.273166582369115,24.52875,0.0
2017-03-27 02:00:00+05:30,32.26268924545766,23.07,0.0
2017-03-27 03:00:00+05:30,31.29124133825476,21.823750000000004,0.0
2017-03-27 04:00:00+05:30,30.361691264094894,20.912499999999998,0.0
2017-03-27 05:00:00+05:30,29.463942694058517,20.213749999999997,0.0
2017-03-27 06:00:00+05:30,28.602798146580753,19.8075,0.0
2017-03-27 07:00:00+05:30,28.064533803365425,22.02875,52.788875712565584
2017-03-27 08:00:00+05:30,28.173816910687094,25.638749999999998,152.66053892137103
2017-03-27 09:00:00+05:30,29.085578831959204,30.451249999999995,261.466264098706
2017-03-27 10:00:00+05:30,30.948652440342965,34.433749999999996,362.533504496157
2017-03-27 11:00:00+05:30,33.05720959676252,36.67625,441.00279617988264
2017-03-27 12:00:00+05:30,35.5578141976948,38.065000000000005,482.3657495681448
2017-03-27 13:00:00+05:30,38.094201860155216,38.86875,474.15416327878665
2017-03-27 14:00:00+05:30,40.302790427541126,39.008750000000006,412.54542434563115
2017-03-27 15:00:00+05:30,41.94271330438906,38.785000000000004,333.4388239637776
2017-03-27 16:00:00+05:30,42.94738475970292,38.16125,222.05566065104932
2017-03-27 17:00:00+05:30,43.19797542511107,36.8875,94.86455642294429
2017-03-27 18:00:00+05:30,42.713233358944954,33.3725,15.55054755102384
2017-03-27 19:00:00+05:30,41.76870460865808,30.67875,0.0
2017-03-27 20:00:00+05:30,40.82783832648219,30.345000000000002,0.0
2017-03-27 21:00:00+05:30,39.96416446638766,30.655,0.0
2017-03-27 22:00:00+05:30,39.111588690203014,30.75375,0.0
2017-03-27 23:00:00+05:30,38.1288033988985,30.10625,0.0
2017-03-28 00:00:00+05:30,37.11351966294838,28.501249999999995,0.0
2017-03-28 01:00:00+05:30,36.09119037117334,26.67,0.0
2017-03-28 02:00:00+05:30,35.062033480616705,24.966250000000002,0.0
2017-03-28 03:00:00+05:30,34.06219407448141,23.78375,0.0
2017-03-28 04:00:00+05:30,33.08870964426805,23.1,0.0
2017-03-28 05:00:00+05:30,32.141799188262226,22.59625,0.0
2017-03-28 06:00:00+05:30,31.24766224970984,22.35125,0.0
2017-03-28 07:00:00+05:30,30.687975225632563,24.56625,52.62077776483274
2017-03-28 08:00:00+05:30,30.780644273763482,27.8825,143.40052065090674
2017-03-28 09:00:00+05:30,31.635106816959315,32.50375,240.38832092468397
2017-03-28 10:00:00+05:30,33.418239223746596,36.3825,362.1753381672043
2017-03-28 11:00:00+05:30,35.41591348644841,38.395,407.6133378669825
2017-03-28 12:00:00+05:30,37.62130096740452,39.50625,401.9533402972615
2017-03-28 13:00:00+05:30,39.88067784799928,39.95875,427.5321486878465
2017-03-28 14:00:00+05:30,41.625456785279866,39.71125000000001,318.1831259987105
2017-03-28 15:00:00+05:30,42.939958814085834,39.1575,266.71271936671417
2017-03-28 16:00:00+05:30,43.644066597883175,38.74,157.91026940703398
2017-03-28 17:00:00+05:30,43.72095831537338,37.801249999999996,66.85040971361505
2017-03-28 18:00:00+05:30,43.17354801566785,34.64125,13.013724385107498
2017-03-28 19:00:00+05:30,42.33819571389368,32.646249999999995,0.0
2017-03-28 20:00:00+05:30,41.505952793217716,32.334999999999994,0.0
2017-03-28 21:00:00+05:30,40.65812071075976,31.721249999999998,0.0
2017-03-28 22:00:00+05:30,39.7484982447242,30.523750000000003,0.0
2017-03-28 23:00:00+05:30,38.71998783703907,28.75375,0.0
2017-03-29 00:00:00+05:30,37.67075616135001,27.08125,0.0
2017-03-29 01:00:00+05:30,36.631160301423904,26.02375,0.0
2017-03-29 02:00:00+05:30,35.617801605184255,25.32625,0.0
2017-03-29 03:00:00+05:30,34.63603863726218,24.733749999999997,0.0
2017-03-29 04:00:00+05:30,33.6882857529864,24.18875,0.0
2017-03-29 05:00:00+05:30,32.77408029353947,23.68375,0.0
2017-03-29 06:00:00+05:30,31.91103820519606,23.4375,0.0
2017-03-29 07:00:00+05:30,31.382242120692887,25.6375,51.73222359072253
2017-03-29 08:00:00+05:30,31.500079081630982,29.305,144.468909696508
2017-03-29 09:00:00+05:30,32.47125460200147,33.84374999999999,254.45970178393276
2017-03-29 10:00:00+05:30,34.17325175872582,37.27375000000001,297.7053393516877
2017-03-29 11:00:00+05:30,36.05272921076718,39.48125,362.3700685648653
2017-03-29 12:00:00+05:30,38.26744233498835,41.01875,412.42501196433227
2017-03-29 13:00:00+05:30,40.5276843167686,41.7675,410.2909761767353
2017-03-29 14:00:00+05:30,42.59477717309566,41.89625,394.0380515999831
2017-03-29 15:00:00+05:30,44.18695113646626,41.5325,303.033448412502
2017-03-29 16:00:00+05:30,45.147096858106764,40.77375,187.9309861373824
2017-03-29 17:00:00+05:30,45.371732760876824,39.49,78.89930884325973
2017-03-29 18:00:00+05:30,44.89482674095294,35.97625,14.18321497475282
2017-03-29 19:00:00+05:30,43.9413099250031,32.747499999999995,0.0
2017-03-29 20:00:00+05:30,42.97418466563843,31.157500000000002,0.0
2017-03-29 21:00:00+05:30,42.019391245816905,30.06125,0.0
2017-03-29 22:00:00+05:30,41.049497759678786,29.028750000000002,0.0
2017-03-29 23:00:00+05:30,39.992827497246125,28.09375,0.0
2017-03-30 00:00:00+05:30,38.93859395277373,27.285,0.0
2017-03-30 01:00:00+05:30,37.91994092369582,26.56875,0.0
2017-03-30 02:00:00+05:30,36.92540299533079,25.90375,0.0
2017-03-30 03:00:00+05:30,35.97755880860913,25.291249999999998,0.0
2017-03-30 04:00:00+05:30,35.06843299049214,24.83875,0.0
2017-03-30 05:00:00+05:30,34.17309491685586,24.61875,0.0
2017-03-30 06:00:00+05:30,33.303223436488175,24.56375,0.0
2017-03-30 07:00:00+05:30,32.71263267516016,26.222499999999997,48.148857388708166
2017-03-30 08:00:00+05:30,32.68116103487077,29.213749999999997,128.08349906187203
2017-03-30 09:00:00+05:30,33.329227258697784,33.597500000000004,212.83456720625657
2017-03-30 10:00:00+05:30,34.768308752930636,36.985,305.6881387110483
2017-03-30 11:00:00+05:30,36.49349122001002,38.55125,377.3981735229723
2017-03-30 12:00:00+05:30,38.509851279124376,39.2725,417.6814834692568
2017-03-30 13:00:00+05:30,40.54267197306542,40.028749999999995,400.1194838396951
2017-03-30 14:00:00+05:30,42.28360671440321,40.65125,338.53642373642475
2017-03-30 15:00:00+05:30,43.537797398895115,40.61375,245.87901304139098
2017-03-30 16:00:00+05:30,44.2414502340271,39.94,158.39086468214794
2017-03-30 17:00:00+05:30,44.325352479790226,38.685,62.00755374920742
2017-03-30 18:00:00+05:30,43.86720694586336,35.767500000000005,11.112698122671322
2017-03-30 19:00:00+05:30,43.113280599196784,33.2875,0.0
2017-03-30 20:00:00+05:30,42.29869733581463,32.349999999999994,0.0
2017-03-30 21:00:00+05:30,41.454301223149635,31.863749999999996,0.0
2017-03-30 22:00:00+05:30,40.672459940259614,31.8425,0.0
2017-03-30 23:00:00+05:30,39.77134540224202,31.47125,0.0
2017-03-31 00:00:00+05:30,38.78278143124374,29.89,0.0
2017-03-31 01:00:00+05:30,37.76973434790841,28.084999999999997,0.0
2017-03-31 02:00:00+05:30,36.761119728860244,26.695000000000004,0.0
2017-03-31 03:00:00+05:30,35.776239766272354,25.729999999999997,0.0
2017-03-31 04:00:00+05:30,34.83469879911295,25.08,0.0
2017-03-31 05:00:00+05:30,33.947304499752484,24.57,0.0
2017-03-31 06:00:00+05:30,33.13349289811251,24.44,3.268405364680372
2017-03-31 07:00:00+05:30,32.58815863012331,25.46375,41.92698245916118
2017-03-31 08:00:00+05:30,32.5222048896428,27.95375,102.73627603535883
2017-03-31 09:00:00+05:30,33.02389455104834,31.765,171.37138144413098
2017-03-31 10:00:00+05:30,34.08829761624073,35.08875,239.86178660475355
2017-03-31 11:00:00+05:30,35.61799913836122,37.12,340.5894773010955
2017-03-31 12:00:00+05:30,37.45970826185735,38.638749999999995,402.59223711482525
2017-03-31 13:00:00+05:30,39.48790937564107,39.73375,423.4398826649053
2017-03-31 14:00:00+05:30,41.43335824815992,40.1975,414.5132315437534
2017-03-31 15:00:00+05:30,42.99675276412387,40.08625,338.19435173257585
2017-03-31 16:00:00+05:30,43.98547844749499,39.50125,233.52282451918398
2017-03-31 17:00:00+05:30,44.25105500576514,38.35125,108.31993925278569
2017-03-31 18:00:00+05:30,43.78744361178249,35.6175,17.781293511408556
2017-03-31 19:00:00+05:30,42.7897244433912,32.4025,0.0
2017-03-31 20:00:00+05:30,41.71446465358376,30.526249999999997,0.0
2017-03-31 21:00:00+05:30,40.64022926597061,29.279999999999998,0.0
2017-03-31 22:00:00+05:30,39.436392276979575,27.91875,0.0
2017-03-31 23:00:00+05:30,38.13686201530575,26.4775,0.0
2017-04-01 00:00:00+05:30,36.8350811324273,25.0675,0.0
2017-04-01 01:00:00+05:30,35.56266563385108,23.943749999999998,0.0
2017-04-01 02:00:00+05:30,34.34095406334553,23.16125,0.0
2017-04-01 03:00:00+05:30,33.17151294265797,22.628750000000004,0.0
2017-04-01 04:00:00+05:30,32.073226970342034,22.27875,0.0
2017-04-01 05:00:00+05:30,31.041295755286985,21.96375,0.0
2017-04-01 06:00:00+05:30,30.086486093236072,21.802500000000002,4.107754646992624
2017-04-01 07:00:00+05:30,29.4867774003266,23.842499999999998,55.69714626364069
2017-04-01 08:00:00+05:30,29.549345226490637,27.33,162.13025448543308
2017-04-01 09:00:00+05:30,30.579660332222986,32.455,289.5598379699969
2017-04-01 10:00:00+05:30,32.62776977280666,36.045,392.4915881378754
2017-04-01 11:00:00+05:30,34.802403291804914,37.565000000000005,462.01759050437545
2017-04-01 12:00:00+05:30,37.25707288554564,38.55,500.6120333669055
2017-04-01 13:00:00+05:30,39.69015825276186,39.1925,493.3152438327684
2017-04-01 14:00:00+05:30,41.81736099379931,39.3925,443.2023353720984
2017-04-01 15:00:00+05:30,43.37802812099683,39.0875,346.78161099634303
2017-04-01 16:00:00+05:30,44.20779200074392,38.324999999999996,229.92102018493694
2017-04-01 17:00:00+05:30,44.29222799809346,37.02375000000001,103.32817003313026
2017-04-01 18:00:00+05:30,43.668886665640954,34.2875,18.142552888550384
2017-04-01 19:00:00+05:30,42.60265228881374,31.2775,0.0
2017-04-01 20:00:00+05:30,41.486260263020554,29.556250000000002,0.0
2017-04-01 21:00:00+05:30,40.39312520176347,28.4525,0.0
2017-04-01 22:00:00+05:30,39.219756604453565,27.42125,0.0
2017-04-01 23:00:00+05:30,37.99264716093616,26.5,0.0
2017-04-02 00:00:00+05:30,36.8047114489229,25.67,0.0
2017-04-02 01:00:00+05:30,35.63873907844843,24.8825,0.0
2017-04-02 02:00:00+05:30,34.52513832934933,24.071250000000003,0.0
2017-04-02 03:00:00+05:30,33.459497768913224,23.29125,0.0
2017-04-02 04:00:00+05:30,32.434556984617814,22.66,0.0
2017-04-02 05:00:00+05:30,31.447367228835336,22.05,0.0
2017-04-02 06:00:00+05:30,30.51638635800539,21.70375,3.1332979585579803
2017-04-02 07:00:00+05:30,29.947043298176283,23.54625,58.25564946268176
2017-04-02 08:00:00+05:30,30.042455173944564,26.8275,158.7064945810543
2017-04-02 09:00:00+05:30,30.997343939587818,31.2725,277.63748249054936
2017-04-02 10:00:00+05:30,32.839493523083604,34.701249999999995,380.05955392084053
2017-04-02 11:00:00+05:30,34.87918480244178,36.33875,450.45352569771615
2017-04-02 12:00:00+05:30,37.207988297584876,37.4575,491.1156514555178
2017-04-02 13:00:00+05:30,39.54149172339603,38.41375,478.7637692509395
2017-04-02 14:00:00+05:30,41.510976106466195,38.88375,375.194549235209
2017-04-02 15:00:00+05:30,42.714290022588436,38.532500000000006,249.73443485278048
2017-04-02 16:00:00+05:30,43.21112627132418,37.57625,160.04653366417176
2017-04-02 17:00:00+05:30,43.09942140516564,36.36625,72.74825720439068
2017-04-02 18:00:00+05:30,42.466372821820734,33.88375,15.6544268150851
2017-04-02 19:00:00+05:30,41.529572617314,31.1925,0.9073048456015783
2017-04-02 20:00:00+05:30,40.501867822621584,29.64375,0.0
2017-04-02 21:00:00+05:30,39.48977526684409,28.675,0.0
2017-04-02 22:00:00+05:30,38.44342093500193,27.87375,0.0
2017-04-02 23:00:00+05:30,37.34967436588268,27.125,0.0
2017-04-03 00:00:00+05:30,36.27240479836763,26.4025,0.0
2017-04-03 01:00:00+05:30,35.230229977173934,25.79,0.0
2017-04-03 02:00:00+05:30,34.23426510457577,25.28625,0.0
2017-04-03 03:00:00+05:30,33.29175192952374,24.866249999999997,0.0
2017-04-03 04:00:00+05:30,32.39536513452005,24.46375,0.0
2017-04-03 05:00:00+05:30,31.52757646580479,23.79125,0.0
2017-04-03 06:00:00+05:30,30.691920020050024,23.067500000000003,3.4603407983009227
2017-04-03 07:00:00+05:30,30.20184617666196,24.72625,61.27678542800493
2017-04-03 08:00:00+05:30,30.41837720457152,28.3575,168.98372482824982
2017-04-03 09:00:00+05:30,31.524934750086622,32.8875,284.07081930439875
2017-04-03 10:00:00+05:30,33.44347501111885,35.985,377.69810791786483
2017-04-03 11:00:00+05:30,35.60527917286585,37.7875,449.88285369555655
2017-04-03 12:00:00+05:30,38.116596748710066,39.103750000000005,496.9150924547948
2017-04-03 13:00:00+05:30,40.60216696579883,39.65125,486.8143294236669
2017-04-03 14:00:00+05:30,42.77356756109434,39.7425,435.46633705094933
2017-04-03 15:00:00+05:30,44.39175108849073,39.431250000000006,348.84078913353676
2017-04-03 16:00:00+05:30,45.30000132400137,38.739999999999995,226.75448612592584
2017-04-03 17:00:00+05:30,45.45039051413952,37.52125,102.29143454041966
2017-04-03 18:00:00+05:30,44.86479210211247,34.501250000000006,19.04857226747631
2017-04-03 19:00:00+05:30,43.818327841817855,31.78875,1.0773799595772968
2017-04-03 20:00:00+05:30,42.7314920056224,30.51875,0.0
2017-04-03 21:00:00+05:30,41.66241117214042,29.556250000000002,0.0
2017-04-03 22:00:00+05:30,40.58488375684938,29.13875,0.0
2017-04-03 23:00:00+05:30,39.468874511294274,29.37,0.0
2017-04-04 00:00:00+05:30,38.42700062308174,29.72,0.0
2017-04-04 01:00:00+05:30,37.43723823409951,29.177500000000002,0.0
2017-04-04 02:00:00+05:30,36.46972211120692,27.9425,0.0
2017-04-04 03:00:00+05:30,35.52979006842284,26.64,0.0
2017-04-04 04:00:00+05:30,34.63526199269512,25.66,0.0
2017-04-04 05:00:00+05:30,33.786894463171045,25.041250000000005,0.0
2017-04-04 06:00:00+05:30,32.96767503394445,24.337500000000002,4.508492998478464
2017-04-04 07:00:00+05:30,32.48788730892152,26.267500000000002,56.13920982295275
2017-04-04 08:00:00+05:30,32.63519709831777,29.722499999999997,149.68117950886446
2017-04-04 09:00:00+05:30,33.716769485409536,34.07125,307.4889935139281
2017-04-04 10:00:00+05:30,35.83457971268808,37.25125,431.3967802853579
2017-04-04 11:00:00+05:30,38.15691402328099,38.912499999999994,457.70454697681885
2017-04-04 12:00:00+05:30,40.62289504046594,40.005,435.1704707848056
2017-04-04 13:00:00+05:30,42.67726696787809,40.7375,345.26641842015124
2017-04-04 14:00:00+05:30,44.27842217821345,40.90125,288.834333442697
2017-04-04 15:00:00+05:30,45.1647419502747,40.385000000000005,174.08286276821065
2017-04-04 16:00:00+05:30,45.413350758929994,39.44375,104.27914247253997
2017-04-04 17:00:00+05:30,45.18728482182793,38.1125,51.50556234830441
2017-04-04 18:00:00+05:30,44.511669529047175,35.4875,11.308091239566206
2017-04-04 19:00:00+05:30,43.585655888402485,33.2625,0.6470621018057525
2017-04-04 20:00:00+05:30,42.62414755907919,32.3575,0.0
2017-04-04 21:00:00+05:30,41.72206068371412,31.901249999999997,0.0
2017-04-04 22:00:00+05:30,40.729899314192075,31.365,0.0
2017-04-04 23:00:00+05:30,39.73260771359636,30.714999999999996,0.0
2017-04-05 00:00:00+05:30,38.76001877765075,29.76625,0.0
2017-04-05 01:00:00+05:30,37.80434677380739,28.94375,0.0
2017-04-05 02:00:00+05:30,36.87061320864214,28.38125,0.0
2017-04-05 03:00:00+05:30,35.944941280868605,27.67125,0.0
2017-04-05 04:00:00+05:30,35.02100448027687,26.653750000000002,0.0
2017-04-05 05:00:00+05:30,34.128508968028655,26.017500000000002,0.0
2017-04-05 06:00:00+05:30,33.29114180999832,25.865000000000002,4.394150134385921
2017-04-05 07:00:00+05:30,32.75908642490463,26.9125,54.75552187279858
2017-04-05 08:00:00+05:30,32.76914502192409,29.0625,134.38835266106935
2017-04-05 09:00:00+05:30,33.465034719293996,31.97625,234.76135113488522
2017-04-05 10:00:00+05:30,34.875689497593946,34.96125,323.3285284940424
2017-04-05 11:00:00+05:30,36.59945850106378,37.11750000000001,395.3046459580514
2017-04-05 12:00:00+05:30,38.740557465476186,38.801249999999996,475.150051864348
2017-04-05 13:00:00+05:30,41.036387121572275,39.82,465.47497207496684
2017-04-05 14:00:00+05:30,43.01988596464905,39.816250000000004,406.1015268964512
2017-04-05 15:00:00+05:30,44.473053987978545,39.5825,308.78623752279134
2017-04-05 16:00:00+05:30,45.22388233231577,39.223749999999995,176.81369127932967
2017-04-05 17:00:00+05:30,45.29584458140393,38.38375,82.29264809645477
2017-04-05 18:00:00+05:30,44.73204651917635,35.92125,15.224779311084678
2017-04-05 19:00:00+05:30,43.81530583327521,33.504999999999995,0.825139590924004
2017-04-05 20:00:00+05:30,42.88800313497693,32.65625,0.0
2017-04-05 21:00:00+05:30,41.9975231063218,32.32625,0.0
2017-04-05 22:00:00+05:30,41.13264127925096,32.098749999999995,0.0
2017-04-05 23:00:00+05:30,40.18687486621951,31.49375,0.0
2017-04-06 00:00:00+05:30,39.21843027502614,30.4475,0.0
2017-04-06 01:00:00+05:30,38.274219219546225,29.48875,0.0
2017-04-06 02:00:00+05:30,37.362998662238844,28.57,0.0
2017-04-06 03:00:00+05:30,36.48373695053482,27.7475,0.0
2017-04-06 04:00:00+05:30,35.63941006036574,27.095000000000002,0.0
2017-04-06 05:00:00+05:30,34.812629189764294,26.38875,0.0
2017-04-06 06:00:00+05:30,34.013752072821845,25.78125,4.931934316867668
2017-04-06 07:00:00+05:30,33.50764748457141,26.77125,54.48456926287699
2017-04-06 08:00:00+05:30,33.529467773711026,28.979999999999997,127.77456038291307
2017-04-06 09:00:00+05:30,34.136122085266685,31.41125,202.111934428285
2017-04-06 10:00:00+05:30,35.27058939042858,33.786249999999995,274.0319257635673
2017-04-06 11:00:00+05:30,36.62674239381574,35.535000000000004,282.43105944201943
2017-04-06 12:00:00+05:30,38.08173456542742,37.2475,280.3963897244598
2017-04-06 13:00:00+05:30,39.5945913939206,38.4975,298.47673307469273
2017-04-06 14:00:00+05:30,40.876889480416416,38.5325,253.6953310659403
2017-04-06 15:00:00+05:30,41.8043767378559,37.8725,185.64988676287638
2017-04-06 16:00:00+05:30,42.172204452275935,36.792500000000004,103.08256492216306
2017-04-06 17:00:00+05:30,42.067924225191014,35.3325,59.45798173926599
2017-04-06 18:00:00+05:30,41.47134450034207,33.24625,14.010957725759818
2017-04-06 19:00:00+05:30,40.61053845808178,31.275,0.8387248923904653
2017-04-06 20:00:00+05:30,39.75275708551902,30.092499999999998,0.0
2017-04-06 21:00:00+05:30,38.895407148373366,29.363750000000003,0.0
2017-04-06 22:00:00+05:30,37.90413143322361,28.68875,0.0
2017-04-06 23:00:00+05:30,36.906992521660584,28.02375,0.0
2017-04-07 00:00:00+05:30,35.9426186512129,27.4425,0.0
2017-04-07 01:00:00+05:30,35.021354119068945,26.915,0.0
2017-04-07 02:00:00+05:30,34.144452150231494,26.220000000000002,0.0
2017-04-07 03:00:00+05:30,33.297550935655764,25.46375,0.0
2017-04-07 04:00:00+05:30,32.47328838537997,24.633750000000003,0.0
2017-04-07 05:00:00+05:30,31.662927407635586,23.700000000000003,0.0
2017-04-07 06:00:00+05:30,30.89130486687354,23.05875,5.063130374761255
2017-04-07 07:00:00+05:30,30.482501308355456,24.74625,61.65962025766797
2017-04-07 08:00:00+05:30,30.71257169673978,28.091249999999995,152.87313984528885
2017-04-07 09:00:00+05:30,31.818134934500975,33.236250000000005,257.24491144711186
2017-04-07 10:00:00+05:30,33.70778548367927,36.838750000000005,353.69618143005823
2017-04-07 11:00:00+05:30,35.80761984754251,38.42375,433.2759525399412
2017-04-07 12:00:00+05:30,38.28768146364171,39.45,451.9679499757209
2017-04-07 13:00:00+05:30,40.73115613284949,40.08,441.8531736136421
2017-04-07 14:00:00+05:30,42.815292505796485,40.322500000000005,382.1363661448672
2017-04-07 15:00:00+05:30,44.327194621758885,39.96,296.00018566896864
2017-04-07 16:00:00+05:30,45.13391057765517,38.75125,205.52672716678939
2017-04-07 17:00:00+05:30,45.21214394426025,37.41375,90.63661833771876
2017-04-07 18:00:00+05:30,44.66929254498384,35.85375,16.88017368836411
2017-04-07 19:00:00+05:30,43.736428747399536,34.3275,0.9705799947259454
2017-04-07 20:00:00+05:30,42.705430416837736,32.9225,0.0
2017-04-07 21:00:00+05:30,41.65419430678591,31.47125,0.0
2017-04-07 22:00:00+05:30,40.52481500024389,29.888749999999998,0.0
2017-04-07 23:00:00+05:30,39.34196133474504,28.363750000000003,0.0
2017-04-08 00:00:00+05:30,38.20320614511162,27.176249999999996,0.0
2017-04-08 01:00:00+05:30,37.10364242415558,26.2775,0.0
2017-04-08 02:00:00+05:30,36.03887844295278,25.470000000000002,0.0
2017-04-08 03:00:00+05:30,34.99532121109365,24.63875,0.0
2017-04-08 04:00:00+05:30,33.96645472528564,23.83875,0.0
2017-04-08 05:00:00+05:30,32.96426255033987,23.1625,0.0
2017-04-08 06:00:00+05:30,32.02171386152354,22.923750000000002,5.800689551741316
2017-04-08 07:00:00+05:30,31.43396354771235,24.77,59.64131545630212
2017-04-08 08:00:00+05:30,31.4785223146696,28.205,160.14215060842696
2017-04-08 09:00:00+05:30,32.44486664810367,32.55,280.4068325334183
2017-04-08 10:00:00+05:30,34.33337612587923,35.76375,383.29232203148763
2017-04-08 11:00:00+05:30,36.50522205229918,37.611250000000005,454.3931839700177
2017-04-08 12:00:00+05:30,39.025361901583615,38.900000000000006,487.8959753981991
2017-04-08 13:00:00+05:30,41.500357728229474,39.713750000000005,481.0301446709542
2017-04-08 14:00:00+05:30,43.668205751477984,40.05,435.20386090151237
2017-04-08 15:00:00+05:30,45.273695305638576,39.841249999999995,351.1450358271309
2017-04-08 16:00:00+05:30,46.15849628696016,39.14874999999999,236.86947755509675
2017-04-08 17:00:00+05:30,46.27052213068947,37.96125,106.51638620021382
2017-04-08 18:00:00+05:30,45.62001818999561,34.7525,19.46217951100386
2017-04-08 19:00:00+05:30,44.491820991071705,31.340000000000003,1.1139855955642117
2017-04-08 20:00:00+05:30,43.303751008289,29.884999999999998,0.0
2017-04-08 21:00:00+05:30,42.193247970891534,29.585,0.0
2017-04-08 22:00:00+05:30,41.00951572304224,29.3275,0.0
2017-04-08 23:00:00+05:30,39.72427026861269,28.71875,0.0
2017-04-09 00:00:00+05:30,38.467622506365885,27.779999999999998,0.0
2017-04-09 01:00:00+05:30,37.239789912222555,26.65875,0.0
2017-04-09 02:00:00+05:30,36.03529579552828,25.288750000000004,0.0
2017-04-09 03:00:00+05:30,34.85905824751449,23.97375,0.0
2017-04-09 04:00:00+05:30,33.71092199329202,23.1575,0.0
2017-04-09 05:00:00+05:30,32.624944112167974,22.7275,0.0
2017-04-09 06:00:00+05:30,31.618013593473876,22.69375,5.538591652835912
2017-04-09 07:00:00+05:30,30.992660741470115,24.4875,61.74582086861643
2017-04-09 08:00:00+05:30,31.017614544778795,27.867499999999996,154.98221374554674
2017-04-09 09:00:00+05:30,31.882291979696408,31.807499999999997,262.5194209718382
2017-04-09 10:00:00+05:30,33.6259208838715,35.2675,354.14995101777123
2017-04-09 11:00:00+05:30,35.687642538592826,37.92375,422.70533902933346
2017-04-09 12:00:00+05:30,37.90497124939549,39.53875,401.53854833663297
2017-04-09 13:00:00+05:30,39.69612191911307,39.6075,285.7345996681818
2017-04-09 14:00:00+05:30,41.02755061237663,38.84625,232.32241766620524
2017-04-09 15:00:00+05:30,41.93729370139047,38.176249999999996,191.10774073001556
2017-04-09 16:00:00+05:30,42.3898560392836,37.67,125.13370680484903
2017-04-09 17:00:00+05:30,42.409183111695036,36.989999999999995,59.11203440693877
2017-04-09 18:00:00+05:30,41.946128472118765,34.589999999999996,13.189109822149538
2017-04-09 19:00:00+05:30,41.1405859403594,31.873749999999998,0.7646316974851152
2017-04-09 20:00:00+05:30,40.20090943293381,30.093749999999996,0.0
2017-04-09 21:00:00+05:30,39.279428456714115,28.9125,0.0
2017-04-09 22:00:00+05:30,38.26979551757351,27.992500000000003,0.0
2017-04-09 23:00:00+05:30,37.223203549979765,27.3075,0.0
2017-04-10 00:00:00+05:30,36.23046873865141,26.95875,0.0
2017-04-10 01:00:00+05:30,35.29531303133199,26.648750000000003,0.0
2017-04-10 02:00:00+05:30,34.39004577497647,26.216250000000002,0.0
2017-04-10 03:00:00+05:30,33.490371432066254,25.433749999999996,0.0
2017-04-10 04:00:00+05:30,32.59315633189186,24.52625,0.0
2017-04-10 05:00:00+05:30,31.712778303510003,23.7625,0.0
2017-04-10 06:00:00+05:30,30.88709887103697,23.4875,5.758765347326001
2017-04-10 07:00:00+05:30,30.422361347687215,25.19875,57.27004471456161
2017-04-10 08:00:00+05:30,30.514438235476927,27.98,122.69939239331093
2017-04-10 09:00:00+05:30,31.280556122777647,32.0175,194.36694962300723
2017-04-10 10:00:00+05:30,32.65379695555655,34.8975,248.71431469578528
2017-04-10 11:00:00+05:30,34.045074724266875,36.18125,281.0271158155577
2017-04-10 12:00:00+05:30,35.83307912317523,37.61625,361.9734064827228
2017-04-10 13:00:00+05:30,37.98007747458591,38.925,427.90560776491026
2017-04-10 14:00:00+05:30,40.052440356517344,39.480000000000004,393.5098192012012
2017-04-10 15:00:00+05:30,41.718354295167984,39.32625,300.40763600331934
2017-04-10 16:00:00+05:30,42.77113498907704,38.6925,185.27693826061372
2017-04-10 17:00:00+05:30,43.12593581639665,37.61875,81.32711949841637
2017-04-10 18:00:00+05:30,42.85574839459884,35.5,15.636227925845942
2017-04-10 19:00:00+05:30,42.16435006038296,33.36,0.8794377381520175
2017-04-10 20:00:00+05:30,41.31171919358812,31.476250000000004,0.0
2017-04-10 21:00:00+05:30,40.40716505320804,29.578750000000003,0.0
2017-04-10 22:00:00+05:30,39.47720233372964,28.22,0.0
2017-04-10 23:00:00+05:30,38.515365628339325,27.43625,0.0
2017-04-11 00:00:00+05:30,37.52521045092722,27.224999999999998,0.0
2017-04-11 01:00:00+05:30,36.54170780033187,27.014999999999997,0.0
2017-04-11 02:00:00+05:30,35.56389574113392,26.605,0.0
2017-04-11 03:00:00+05:30,34.60687378806122,26.115000000000002,0.0
2017-04-11 04:00:00+05:30,33.68366696424487,25.645000000000003,0.0
2017-04-11 05:00:00+05:30,32.79362296492068,25.01125,0.0
2017-04-11 06:00:00+05:30,31.965446964433614,24.76125,5.67936599641781
2017-04-11 07:00:00+05:30,31.481387418948504,26.3675,54.78291753946728
2017-04-11 08:00:00+05:30,31.53666743848782,29.520000000000003,108.87015009614859
2017-04-11 09:00:00+05:30,32.275003448945654,33.121249999999996,190.96638758160688
2017-04-11 10:00:00+05:30,33.73270884935437,36.033750000000005,273.7611787937216
2017-04-11 11:00:00+05:30,35.48427124799785,37.985,331.6356480149967
2017-04-11 12:00:00+05:30,37.61489021443979,39.362500000000004,372.4940435951738
2017-04-11 13:00:00+05:30,39.94672995943716,40.213750000000005,367.23014790542345
2017-04-11 14:00:00+05:30,42.0921905977143,40.518750000000004,326.7287789622104
2017-04-11 15:00:00+05:30,43.74994156377462,40.26,245.1645091478434
2017-04-11 16:00:00+05:30,44.76019670590461,39.52375,145.54581229856672
2017-04-11 17:00:00+05:30,45.13303275030253,38.3775,64.92194274005051
2017-04-11 18:00:00+05:30,44.847621599453376,36.04,17.554257394419363
2017-04-11 19:00:00+05:30,43.983778683903694,33.49875,1.0780342977042559
2017-04-11 20:00:00+05:30,42.923042241261584,31.63375,0.0
2017-04-11 21:00:00+05:30,41.86237628366112,30.236250000000002,0.0
2017-04-11 22:00:00+05:30,40.794382977919184,29.185000000000002,0.0
2017-04-11 23:00:00+05:30,39.65395738818685,28.365,0.0
2017-04-12 00:00:00+05:30,38.49363707378352,27.6425,0.0
2017-04-12 01:00:00+05:30,37.36621694777885,26.9175,0.0
2017-04-12 02:00:00+05:30,36.27639890869206,26.15875,0.0
2017-04-12 03:00:00+05:30,35.22919758425701,25.42625,0.0
2017-04-12 04:00:00+05:30,34.23497649181207,24.7975,0.0
2017-04-12 05:00:00+05:30,33.296229970099176,24.248749999999998,0.0
2017-04-12 06:00:00+05:30,32.44165655175656,24.0625,5.435406702539716
2017-04-12 07:00:00+05:30,31.901044398987054,25.326249999999998,46.83729576480121
2017-04-12 08:00:00+05:30,31.827980213681663,28.63,91.81758524421421
2017-04-12 09:00:00+05:30,32.2799249489238,32.6225,142.63723021646558
2017-04-12 10:00:00+05:30,33.23285654592248,35.6875,175.53861231885986
2017-04-12 11:00:00+05:30,34.346819126235765,37.72125,178.0079051501337
2017-04-12 12:00:00+05:30,35.53678503524151,39.082499999999996,207.98403524471635
2017-04-12 13:00:00+05:30,36.96134018422646,39.91,242.23273582811578
2017-04-12 14:00:00+05:30,38.51362598929548,40.23125,267.3285330410023
2017-04-12 15:00:00+05:30,39.91918569387777,39.99875,205.69080774130748
2017-04-12 16:00:00+05:30,40.949888781518595,39.28,118.78514467147087
2017-04-12 17:00:00+05:30,41.43425186810929,38.087500000000006,55.13944276456738
2017-04-12 18:00:00+05:30,41.34820667650963,36.095,13.026840047930989
2017-04-12 19:00:00+05:30,40.83775051304193,33.903749999999995,0.7557128574480676
2017-04-12 20:00:00+05:30,40.13646015151022,32.676249999999996,0.0
2017-04-12 21:00:00+05:30,39.42207520467825,31.96625,0.0
2017-04-12 22:00:00+05:30,38.68804590795993,30.9875,0.0
2017-04-12 23:00:00+05:30,37.841699289825165,29.878749999999997,0.0
2017-04-13 00:00:00+05:30,36.97135040859434,29.032499999999995,0.0
2017-04-13 01:00:00+05:30,36.1180113376889,28.4825,0.0
2017-04-13 02:00:00+05:30,35.292967662203665,28.185,0.0
2017-04-13 03:00:00+05:30,34.49746961570369,27.822499999999998,0.0
2017-04-13 04:00:00+05:30,33.74066319823228,27.24375,0.0
2017-04-13 05:00:00+05:30,33.03218082611659,26.625,0.0
2017-04-13 06:00:00+05:30,32.38213038050121,26.3375,6.306518481384186
2017-04-13 07:00:00+05:30,32.038244723579666,27.225,56.76607422855026
2017-04-13 08:00:00+05:30,32.20690663488716,30.055000000000003,107.25908445733816
2017-04-13 09:00:00+05:30,33.05398079031099,33.2825,194.99191629911033
2017-04-13 10:00:00+05:30,34.54540682165684,35.65,279.0812337593485
2017-04-13 11:00:00+05:30,36.47006622330766,37.4375,329.486562398367
2017-04-13 12:00:00+05:30,38.62814835031803,38.76625,321.40913846314345
2017-04-13 13:00:00+05:30,40.568384377760964,39.565,294.52283602483817
2017-04-13 14:00:00+05:30,42.092419307299274,39.62125,226.29320737052834
2017-04-13 15:00:00+05:30,43.008971545976934,39.11375,130.08742479899607
2017-04-13 16:00:00+05:30,43.36077065220236,38.16375,91.03703833688587
2017-04-13 17:00:00+05:30,43.22258121814859,37.065,36.432837435718426
2017-04-13 18:00:00+05:30,42.76403975044082,35.62875,9.130998186199449
2017-04-13 19:00:00+05:30,42.065913416347094,34.24125,0.562944543895941
2017-04-13 20:00:00+05:30,41.291133529247105,33.455,0.0
2017-04-13 21:00:00+05:30,40.51974869560404,32.82875,0.0
2017-04-13 22:00:00+05:30,39.76640534064426,32.17,0.0
2017-04-13 23:00:00+05:30,38.963309098409596,31.611250000000002,0.0
2017-04-14 00:00:00+05:30,38.1843733981405,31.169999999999998,0.0
2017-04-14 01:00:00+05:30,37.42333428849944,30.345,0.0
2017-04-14 02:00:00+05:30,36.68549661881236,29.552500000000002,0.0
2017-04-14 03:00:00+05:30,35.98520451807691,28.9575,0.0
2017-04-14 04:00:00+05:30,35.305212559990075,28.25875,0.0
2017-04-14 05:00:00+05:30,34.63717024870627,27.470000000000002,0.0
2017-04-14 06:00:00+05:30,34.006192086690355,27.088750000000005,5.841659829181495
2017-04-14 07:00:00+05:30,33.65393060300546,28.315,49.39909968162276
2017-04-14 08:00:00+05:30,33.73248918049252,31.43625,94.56600707186558
2017-04-14 09:00:00+05:30,34.34773552425039,34.41875,164.98419606372917
2017-04-14 10:00:00+05:30,35.48175690438796,36.3725,243.73496584132508
2017-04-14 11:00:00+05:30,37.100222271209546,37.805,320.9625247016961
2017-04-14 12:00:00+05:30,39.09061253691516,38.8625,368.415118472882
2017-04-14 13:00:00+05:30,41.22139193090335,39.25625,363.18608965192044
2017-04-14 14:00:00+05:30,43.14717135496532,39.346250000000005,317.0424627554496
2017-04-14 15:00:00+05:30,44.62015757682458,39.33625000000001,245.93415234642868
2017-04-14 16:00:00+05:30,45.56938780737073,39.085,153.20061446279607
2017-04-14 17:00:00+05:30,45.926445100343415,38.325,69.1822032252106
2017-04-14 18:00:00+05:30,45.62118809789135,36.681250000000006,18.22637125251488
2017-04-14 19:00:00+05:30,44.764039349141754,34.395,1.099246078774955
2017-04-14 20:00:00+05:30,43.7261893573707,32.66125,0.0
2017-04-14 21:00:00+05:30,42.702876623876826,31.5575,0.0
2017-04-14 22:00:00+05:30,41.703055109828775,30.665,0.0
2017-04-14 23:00:00+05:30,40.639029352735406,29.875,0.0
2017-04-15 00:00:00+05:30,39.54733040663926,29.1525,0.0
2017-04-15 01:00:00+05:30,38.4874778816446,28.508750000000003,0.0
2017-04-15 02:00:00+05:30,37.46623161409498,27.848750000000003,0.0
2017-04-15 03:00:00+05:30,36.48425169822818,27.165,0.0
2017-04-15 04:00:00+05:30,35.54488961144268,26.5475,0.0
2017-04-15 05:00:00+05:30,34.64847504400852,26.011250000000004,0.0
2017-04-15 06:00:00+05:30,33.841318909021005,25.982499999999998,9.800092160117838
2017-04-15 07:00:00+05:30,33.433454346122595,28.03,60.47620643429697
2017-04-15 08:00:00+05:30,33.619274424085205,31.74375,114.57239925111584
2017-04-15 09:00:00+05:30,34.4954308343265,35.48875,194.3474454040998
2017-04-15 10:00:00+05:30,36.03716963624523,37.92625,278.9610777089224
2017-04-15 11:00:00+05:30,37.930788442673766,39.39625,333.7113793863257
2017-04-15 12:00:00+05:30,40.044375996705504,40.486250000000005,356.7730956224878
2017-04-15 13:00:00+05:30,42.151816350994736,41.206250000000004,323.8342453200116
2017-04-15 14:00:00+05:30,43.88657404799501,41.338750000000005,286.2704063457798
2017-04-15 15:00:00+05:30,45.17270821194401,40.50875,232.89349820960777
2017-04-15 16:00:00+05:30,45.92971247499533,39.277499999999996,142.69303193740134
2017-04-15 17:00:00+05:30,46.15097625817595,38.47625,68.3792534789932
2017-04-15 18:00:00+05:30,45.753364665926064,37.16375,18.081168345175744
2017-04-15 19:00:00+05:30,44.886464464987625,34.78125,1.085300076466405
2017-04-15 20:00:00+05:30,43.92930919594349,33.26875,0.0
2017-04-15 21:00:00+05:30,42.97499494055261,32.455,0.0
2017-04-15 22:00:00+05:30,42.02744177076823,31.54625,0.0
2017-04-15 23:00:00+05:30,40.980625539133285,30.621250000000003,0.0
2017-04-16 00:00:00+05:30,39.903846298380344,29.573750000000004,0.0
2017-04-16 01:00:00+05:30,38.8388181597622,28.43125,0.0
2017-04-16 02:00:00+05:30,37.8046786704373,27.474999999999998,0.0
2017-04-16 03:00:00+05:30,36.81198133170744,26.841250000000002,0.0
2017-04-16 04:00:00+05:30,35.87881112391524,26.59375,0.0
2017-04-16 05:00:00+05:30,35.01159101364165,26.478749999999998,0.0
2017-04-16 06:00:00+05:30,34.22989033010201,26.536250000000003,10.486518786111592
2017-04-16 07:00:00+05:30,33.825338532257064,28.15625,63.23139176704803
2017-04-16 08:00:00+05:30,34.01694660841953,31.67125,115.38743108423846
2017-04-16 09:00:00+05:30,34.93585125568522,35.301249999999996,199.38113433189002
2017-04-16 10:00:00+05:30,36.47779545326562,37.887499999999996,281.72592397806795
2017-04-16 11:00:00+05:30,38.36158710815175,39.78375,339.08655205781776
2017-04-16 12:00:00+05:30,40.4990549928569,41.308749999999996,367.9598170377128
2017-04-16 13:00:00+05:30,42.745250460950736,42.342499999999994,362.0654124657499
2017-04-16 14:00:00+05:30,44.742387816370396,42.80625,323.5261467500951
2017-04-16 15:00:00+05:30,46.245399342534014,42.706250000000004,251.1807895549197
2017-04-16 16:00:00+05:30,47.15562564927128,42.115,156.12985862576193
2017-04-16 17:00:00+05:30,47.45060449135123,41.02375,66.88875128486914
2017-04-16 18:00:00+05:30,47.11079958568,39.24,19.9184779860521
2017-04-16 19:00:00+05:30,46.219995039286204,36.678749999999994,1.2727287137936167
2017-04-16 20:00:00+05:30,45.20965642388455,35.01,0.0
2017-04-16 21:00:00+05:30,44.2334505068593,34.074999999999996,0.0
2017-04-16 22:00:00+05:30,43.23075916603085,33.011250000000004,0.0
2017-04-16 23:00:00+05:30,42.113648411068766,31.761249999999997,0.0
2017-04-17 00:00:00+05:30,40.99505674476788,30.68875,0.0
2017-04-17 01:00:00+05:30,39.906702893878396,29.8525,0.0
2017-04-17 02:00:00+05:30,38.85261978118369,29.084999999999997,0.0
2017-04-17 03:00:00+05:30,37.833700906929046,28.3375,0.0
2017-04-17 04:00:00+05:30,36.84976151768389,27.59125,0.0
2017-04-17 05:00:00+05:30,35.914260590403,27.109999999999996,0.0
2017-04-17 06:00:00+05:30,35.069923292218974,27.202499999999997,11.245318768092146
2017-04-17 07:00:00+05:30,34.63698200215495,28.6425,70.52870195379747
2017-04-17 08:00:00+05:30,34.830474714170634,32.0925,119.10100104654319
2017-04-17 09:00:00+05:30,35.786174770313465,35.38999999999999,209.61705202894512
2017-04-17 10:00:00+05:30,37.34095142247095,37.5225,300.96434216831943
2017-04-17 11:00:00+05:30,39.22848703089225,39.1025,359.51804183064564
2017-04-17 12:00:00+05:30,41.31388979996372,40.25,383.52923117228215
2017-04-17 13:00:00+05:30,43.33293902502865,40.885,372.26634868111
2017-04-17 14:00:00+05:30,45.08078862974975,41.081250000000004,337.5596882172855
2017-04-17 15:00:00+05:30,46.342045834958554,40.80625,266.3273761330665
2017-04-17 16:00:00+05:30,46.97949338231194,40.142500000000005,168.32104818332502
2017-04-17 17:00:00+05:30,47.00084114510355,39.0875,78.01313238314059
2017-04-17 18:00:00+05:30,46.39484527492691,37.111250000000005,22.922937924485986
2017-04-17 19:00:00+05:30,45.30220477365441,33.8875,1.447604119493107
2017-04-17 20:00:00+05:30,44.12414596227809,31.775,0.0
2017-04-17 21:00:00+05:30,42.996299162995165,30.7775,0.0
2017-04-17 22:00:00+05:30,41.80086279708336,29.97125,0.0
2017-04-17 23:00:00+05:30,40.55692030351541,29.25875,0.0
2017-04-18 00:00:00+05:30,39.34354406920495,28.524999999999995,0.0
2017-04-18 01:00:00+05:30,38.17025711751697,27.714999999999996,0.0
2017-04-18 02:00:00+05:30,37.03048122246025,26.9,0.0
2017-04-18 03:00:00+05:30,35.95215053281905,26.143750000000004,0.0
2017-04-18 04:00:00+05:30,34.919038770351925,25.50125,0.0
2017-04-18 05:00:00+05:30,33.93032386052763,24.93,0.0
2017-04-18 06:00:00+05:30,33.03943404730344,25.013749999999998,11.789141322680756
2017-04-18 07:00:00+05:30,32.55797813050644,26.94625,64.2558039999542
2017-04-18 08:00:00+05:30,32.72174891607095,30.875,115.77670782276117
2017-04-18 09:00:00+05:30,33.68771983890606,35.125,203.01271071841066
2017-04-18 10:00:00+05:30,35.3987942014603,37.99625,292.5728239153925
2017-04-18 11:00:00+05:30,37.33695008239234,39.872499999999995,350.058152946578
2017-04-18 12:00:00+05:30,39.526768089640306,41.309999999999995,370.98486304561095
2017-04-18 13:00:00+05:30,41.76799626576921,42.24625,366.65532900172354
2017-04-18 14:00:00+05:30,43.76068387600035,42.5825,329.6720761557393
2017-04-18 15:00:00+05:30,45.24846752540023,42.36375,255.86722946836332
2017-04-18 16:00:00+05:30,46.11369772454748,41.878750000000004,162.06730089845914
2017-04-18 17:00:00+05:30,46.362409329313834,40.9675,77.79359047606297
2017-04-18 18:00:00+05:30,45.99481454316584,39.09625,22.100222642773854
2017-04-18 19:00:00+05:30,45.164967807513776,36.705,1.3788583105453363
2017-04-18 20:00:00+05:30,44.20496439806611,35.09,0.0
2017-04-18 21:00:00+05:30,43.26124232855333,34.0575,0.0
2017-04-18 22:00:00+05:30,42.26145280169875,32.783750000000005,0.0
2017-04-18 23:00:00+05:30,41.17087759071972,31.4525,0.0
2017-04-19 00:00:00+05:30,40.0872605777288,30.34875,0.0
2017-04-19 01:00:00+05:30,39.03527449844933,29.507500000000004,0.0
2017-04-19 02:00:00+05:30,38.02401387222532,28.78,0.0
2017-04-19 03:00:00+05:30,37.05359909549966,28.091250000000002,0.0
2017-04-19 04:00:00+05:30,36.12244870291691,27.50875,0.0
2017-04-19 05:00:00+05:30,35.22386868786074,26.935000000000002,0.0
2017-04-19 06:00:00+05:30,34.4130711927273,27.003750000000004,12.109834480067715
2017-04-19 07:00:00+05:30,34.022234076705466,28.89875,68.67847185639087
2017-04-19 08:00:00+05:30,34.252952984933145,32.61125,118.34023306950156
2017-04-19 09:00:00+05:30,35.296860561028595,36.93875,207.2553321038821
2017-04-19 10:00:00+05:30,37.00788390241419,39.81375,289.86516810448006
2017-04-19 11:00:00+05:30,38.97973145407128,41.3725,347.4603680935352
2017-04-19 12:00:00+05:30,41.204057919754426,42.46625,380.6343027551667
2017-04-19 13:00:00+05:30,43.47282689558105,43.12375,371.2774500474135
2017-04-19 14:00:00+05:30,45.452581131318254,43.318749999999994,327.17877507632886
2017-04-19 15:00:00+05:30,46.923746759817504,43.08625,254.28272885977458
2017-04-19 16:00:00+05:30,47.79317420359149,42.45875,158.81551761795365
2017-04-19 17:00:00+05:30,48.02501331932504,41.357499999999995,68.83968667680031
2017-04-19 18:00:00+05:30,47.57488952191968,39.144999999999996,20.24063822602687
2017-04-19 19:00:00+05:30,46.53238525873492,35.72875,1.286668942336288
2017-04-19 20:00:00+05:30,45.378503579107004,33.51875,0.0
2017-04-19 21:00:00+05:30,44.26574285258273,32.349999999999994,0.0
2017-04-19 22:00:00+05:30,43.11259247357851,31.3175,0.0
2017-04-19 23:00:00+05:30,41.89019229550529,30.506249999999998,0.0
2017-04-20 00:00:00+05:30,40.70233662743671,29.75875,0.0
2017-04-20 01:00:00+05:30,39.53379827981394,28.995000000000005,0.0
2017-04-20 02:00:00+05:30,38.420922272067834,28.447499999999998,0.0
2017-04-20 03:00:00+05:30,37.38806625453468,28.29625,0.0
2017-04-20 04:00:00+05:30,36.42868695750797,28.293750000000003,0.0
2017-04-20 05:00:00+05:30,35.51976362241294,27.839999999999996,0.0
2017-04-20 06:00:00+05:30,34.70614558771111,27.72625,12.215643913639793
2017-04-20 07:00:00+05:30,34.29148036458698,29.32,65.71883564578779
2017-04-20 08:00:00+05:30,34.48146218315777,32.894999999999996,115.17205161638628
2017-04-20 09:00:00+05:30,35.46364050716999,37.3625,203.85860991986436
2017-04-20 10:00:00+05:30,37.17862329412039,40.536249999999995,288.964390127857
2017-04-20 11:00:00+05:30,39.14556546366114,42.24125,337.7510662671365
2017-04-20 12:00:00+05:30,41.29550207478643,43.215,362.34325326030523
2017-04-20 13:00:00+05:30,43.38834655588167,43.71874999999999,355.0880282789734
2017-04-20 14:00:00+05:30,45.254770514367834,43.83125,316.238604163662
2017-04-20 15:00:00+05:30,46.6486659121333,43.52625,242.72006413773556
2017-04-20 16:00:00+05:30,47.4416565458278,42.79375,150.24457944329754
2017-04-20 17:00:00+05:30,47.57415544808996,41.66625,73.99484626106177
2017-04-20 18:00:00+05:30,47.09788946631932,39.971250000000005,21.075846193185452
2017-04-20 19:00:00+05:30,46.20050064805786,37.60875,1.2644494867642098
2017-04-20 20:00:00+05:30,45.21557134791134,35.78,0.0
2017-04-20 21:00:00+05:30,44.24881284792608,34.50125,0.0
2017-04-20 22:00:00+05:30,43.191692436240444,33.0275,0.0
2017-04-20 23:00:00+05:30,42.06974079428531,31.7325,0.0
2017-04-21 00:00:00+05:30,40.96176140350005,30.744999999999997,0.0
2017-04-21 01:00:00+05:30,39.877400037654695,29.8875,0.0
2017-04-21 02:00:00+05:30,38.81406282817393,28.9675,0.0
2017-04-21 03:00:00+05:30,37.77599947571058,28.075000000000003,0.0
2017-04-21 04:00:00+05:30,36.77233738948521,27.378749999999997,0.0
2017-04-21 05:00:00+05:30,35.79958198917119,26.812499999999996,0.0
2017-04-21 06:00:00+05:30,34.90832369876265,26.6225,13.290300908681012
2017-04-21 07:00:00+05:30,34.44536446657828,28.19875,72.43516399453938
2017-04-21 08:00:00+05:30,34.66101861138749,31.59,135.03047252764196
2017-04-21 09:00:00+05:30,35.6664644552529,35.2975,219.66717918039922
2017-04-21 10:00:00+05:30,37.27691921905984,37.7025,305.8803535950856
2017-04-21 11:00:00+05:30,39.24269882460993,39.2525,349.80106672593377
2017-04-21 12:00:00+05:30,41.262873774958706,40.55625,332.59871853562237
2017-04-21 13:00:00+05:30,43.15762153969946,41.72875,331.8074186346343
2017-04-21 14:00:00+05:30,44.75344187371151,42.45375,275.7255399781581
2017-04-21 15:00:00+05:30,45.88889446544318,42.52375,211.6902290189799
2017-04-21 16:00:00+05:30,46.46116117059478,41.95375,134.14620194812645
2017-04-21 17:00:00+05:30,46.464291327620415,40.762499999999996,66.87962190642038
2017-04-21 18:00:00+05:30,45.95180882649851,38.73625,18.02312683301468
2017-04-21 19:00:00+05:30,45.07889294506964,36.002500000000005,1.1016573326357018
2017-04-21 20:00:00+05:30,44.11831784069236,34.387499999999996,0.0
2017-04-21 21:00:00+05:30,43.22583227400222,33.41125,0.0
2017-04-21 22:00:00+05:30,42.244431008846824,32.37875,0.0
2017-04-21 23:00:00+05:30,41.192873451320786,31.418749999999996,0.0
2017-04-22 00:00:00+05:30,40.14489722989494,30.38875,0.0
2017-04-22 01:00:00+05:30,39.124858916068796,29.53625,0.0
2017-04-22 02:00:00+05:30,38.148659310423014,28.91375,0.0
2017-04-22 03:00:00+05:30,37.21461906838017,28.4,0.0
2017-04-22 04:00:00+05:30,36.31827025360192,28.094999999999995,0.0
2017-04-22 05:00:00+05:30,35.49059748701257,28.32,0.0
2017-04-22 06:00:00+05:30,34.76277916389245,28.5125,13.181939033184722
2017-04-22 07:00:00+05:30,34.36574327842296,28.78875,66.48882216353275
2017-04-22 08:00:00+05:30,34.51218634369587,31.2,120.7773476697554
2017-04-22 09:00:00+05:30,35.3151226924755,34.95,187.7155202613903
2017-04-22 10:00:00+05:30,36.60863080468287,37.9025,246.1747955737023
2017-04-22 11:00:00+05:30,38.19855990006967,39.6225,306.81915103421034
2017-04-22 12:00:00+05:30,40.05526657482853,40.57875,318.39017065749664
2017-04-22 13:00:00+05:30,41.91471997699018,41.65375,303.1457484602123
2017-04-22 14:00:00+05:30,43.515303230432416,42.37375,272.88632832272924
2017-04-22 15:00:00+05:30,44.78524563808055,42.31375,212.4319682584126
2017-04-22 16:00:00+05:30,45.58097310550238,41.683749999999996,137.1782737563837
2017-04-22 17:00:00+05:30,45.80648575397086,40.605000000000004,71.13263439526884
2017-04-22 18:00:00+05:30,45.46651017958193,38.902499999999996,21.179652002628277
2017-04-22 19:00:00+05:30,44.70057238983491,36.77875,1.289608039904606
2017-04-22 20:00:00+05:30,43.81969979653632,35.243750000000006,0.0
2017-04-22 21:00:00+05:30,42.95403958838292,34.10125000000001,0.0
2017-04-22 22:00:00+05:30,42.03993577943459,32.845000000000006,0.0
2017-04-22 23:00:00+05:30,41.01424793867806,31.71875,0.0
2017-04-23 00:00:00+05:30,39.981953557705694,30.8025,0.0
2017-04-23 01:00:00+05:30,38.96673987873385,30.104999999999997,0.0
2017-04-23 02:00:00+05:30,37.982129163661966,29.5925,0.0
2017-04-23 03:00:00+05:30,37.02903753719907,28.957499999999996,0.0
2017-04-23 04:00:00+05:30,36.095061933364725,27.93,0.0
2017-04-23 05:00:00+05:30,35.18269985211115,26.93,0.0
2017-04-23 06:00:00+05:30,34.355425164292924,26.7875,13.3342785556584
2017-04-23 07:00:00+05:30,33.9313301436531,28.481250000000003,66.96807340759236
2017-04-23 08:00:00+05:30,34.11565140604045,32.02374999999999,112.59692912206904
2017-04-23 09:00:00+05:30,35.0461373663147,35.511250000000004,196.46913020424452
2017-04-23 10:00:00+05:30,36.620906423680566,37.96375,282.67971734111217
2017-04-23 11:00:00+05:30,38.561445936542036,39.70875,340.67225382566534
2017-04-23 12:00:00+05:30,40.75802916543199,40.946250000000006,349.4762451058815
2017-04-23 13:00:00+05:30,42.90538457305763,41.67125,339.56319307502054
2017-04-23 14:00:00+05:30,44.74481308629011,41.93875,290.43108299732023
2017-04-23 15:00:00+05:30,46.04315858509747,41.78625,216.26269208172178
2017-04-23 16:00:00+05:30,46.76291536635718,41.2325,134.92583223189501
2017-04-23 17:00:00+05:30,46.930040373073844,40.220000000000006,64.7452476640968
2017-04-23 18:00:00+05:30,46.48863198243389,38.28875,19.284096921435168
2017-04-23 19:00:00+05:30,45.54551263866174,35.381249999999994,1.1818982682591996
2017-04-23 20:00:00+05:30,44.47103060274996,33.332499999999996,0.0
2017-04-23 21:00:00+05:30,43.422318617248216,32.1425,0.0
2017-04-23 22:00:00+05:30,42.351511602827465,31.14875,0.0
2017-04-23 23:00:00+05:30,41.17922017771294,30.362500000000004,0.0
2017-04-24 00:00:00+05:30,40.02782880454788,29.70625,0.0
2017-04-24 01:00:00+05:30,38.921505765614434,29.06375,0.0
2017-04-24 02:00:00+05:30,37.864103486450006,28.4325,0.0
2017-04-24 03:00:00+05:30,36.84336508333122,27.712500000000002,0.0
2017-04-24 04:00:00+05:30,35.851997852877915,26.92625,0.0
2017-04-24 05:00:00+05:30,34.90195779385122,26.22375,0.0
2017-04-24 06:00:00+05:30,34.05233359384068,25.9675,14.55267643663375
2017-04-24 07:00:00+05:30,33.6557355437241,27.784999999999997,74.18165991768649
2017-04-24 08:00:00+05:30,33.9474432945737,31.411250000000003,131.51379671751778
2017-04-24 09:00:00+05:30,35.00683165940485,35.0675,212.06822884945882
2017-04-24 10:00:00+05:30,36.671308708300494,37.643750000000004,290.0240838319783
2017-04-24 11:00:00+05:30,38.675764202788685,39.495000000000005,342.6843570627905
2017-04-24 12:00:00+05:30,40.880979631272425,40.877500000000005,359.6807427724121
2017-04-24 13:00:00+05:30,43.1268226661613,41.72,360.63334916461906
2017-04-24 14:00:00+05:30,45.0730168768918,42.01625,317.9466481728772
2017-04-24 15:00:00+05:30,46.48434204029718,41.756249999999994,243.96058911526833
2017-04-24 16:00:00+05:30,47.299273764206504,41.004999999999995,151.39373902336408
2017-04-24 17:00:00+05:30,47.49027416773358,39.841249999999995,67.11126951207508
2017-04-24 18:00:00+05:30,47.019451784512825,37.78125,20.790202210688268
2017-04-24 19:00:00+05:30,45.988043277825156,34.64,1.312908382880487
2017-04-24 20:00:00+05:30,44.836857107973835,32.57625,0.0
2017-04-24 21:00:00+05:30,43.734286180198225,31.4675,0.0
2017-04-24 22:00:00+05:30,42.598759344506355,30.51375,0.0
2017-04-24 23:00:00+05:30,41.359818664572984,29.72375,0.0
2017-04-25 00:00:00+05:30,40.14459469088937,29.04375,0.0
2017-04-25 01:00:00+05:30,38.97914149117662,28.425,0.0
2017-04-25 02:00:00+05:30,37.85685515156484,27.868750000000002,0.0
2017-04-25 03:00:00+05:30,36.80063474134137,27.263749999999998,0.0
2017-04-25 04:00:00+05:30,35.79414499665277,26.7575,0.0
2017-04-25 05:00:00+05:30,34.82325236148739,26.0625,0.0
2017-04-25 06:00:00+05:30,33.94574522718612,25.939999999999998,14.54960959043947
2017-04-25 07:00:00+05:30,33.49392307515986,28.31,65.96615452608776
2017-04-25 08:00:00+05:30,33.679395505816395,32.2975,110.45499326939868
2017-04-25 09:00:00+05:30,34.70169135101396,36.4675,197.326066017632
2017-04-25 10:00:00+05:30,36.43511702381212,39.21375,283.4550051514819
2017-04-25 11:00:00+05:30,38.504024221974085,40.82375,342.6391272504149
2017-04-25 12:00:00+05:30,40.82509816809295,42.01625,365.06710491567617
2017-04-25 13:00:00+05:30,43.10925677066835,42.76,359.2565126081765
2017-04-25 14:00:00+05:30,45.09985623221098,43.019999999999996,319.69341518623435
2017-04-25 15:00:00+05:30,46.582245240475736,42.824999999999996,246.21082856217203
2017-04-25 16:00:00+05:30,47.454498558197685,42.17125,152.86833456945695
2017-04-25 17:00:00+05:30,47.70242502616169,41.035000000000004,67.73519726533634
2017-04-25 18:00:00+05:30,47.27310557470679,38.64,21.135489792526954
2017-04-25 19:00:00+05:30,46.26049572221579,35.08125,1.3397227854635347
2017-04-25 20:00:00+05:30,45.108671550472344,32.93625,0.0
2017-04-25 21:00:00+05:30,44.01336074034012,32.02625,0.0
2017-04-25 22:00:00+05:30,42.90017786963078,31.48,0.0
2017-04-25 23:00:00+05:30,41.72420751984964,31.298750000000002,0.0
2017-04-26 00:00:00+05:30,40.568551707936294,31.22375,0.0
2017-04-26 01:00:00+05:30,39.49360280731101,31.015,0.0
2017-04-26 02:00:00+05:30,38.47820162692698,30.628750000000004,0.0
2017-04-26 03:00:00+05:30,37.52885827956244,30.10375,0.0
2017-04-26 04:00:00+05:30,36.627677607887804,29.183750000000003,0.0
2017-04-26 05:00:00+05:30,35.74990568820864,27.72875,0.0
2017-04-26 06:00:00+05:30,34.94214380021069,26.822499999999998,15.629047911919686
2017-04-26 07:00:00+05:30,34.60900900070813,29.15625,77.75385171062014
2017-04-26 08:00:00+05:30,34.969023005919325,33.32875,132.57747841122767
2017-04-26 09:00:00+05:30,36.12026136572497,37.655,215.65749009202437
2017-04-26 10:00:00+05:30,37.956728810794786,40.47125,303.3603295849678
2017-04-26 11:00:00+05:30,40.118836481404585,42.036249999999995,349.69274379552564
2017-04-26 12:00:00+05:30,42.488427827169716,43.1625,361.7274901934568
2017-04-26 13:00:00+05:30,44.77622148255644,43.85499999999999,353.46044380676733
2017-04-26 14:00:00+05:30,46.73643443786273,44.087500000000006,310.04446245869474
2017-04-26 15:00:00+05:30,48.13786136904471,43.853750000000005,228.97674636993344
2017-04-26 16:00:00+05:30,48.855217661027034,43.16875,135.4406644367183
2017-04-26 17:00:00+05:30,48.874132757933985,41.9375,66.92504019526837
2017-04-26 18:00:00+05:30,48.27156252813879,39.75875,16.9608053806287
2017-04-26 19:00:00+05:30,47.287983054761234,36.767500000000005,0.9767433964321587
2017-04-26 20:00:00+05:30,46.206015407870986,34.74125,0.0
2017-04-26 21:00:00+05:30,45.16381259335367,33.48125,0.0
2017-04-26 22:00:00+05:30,44.162740230602815,32.51375,0.0
2017-04-26 23:00:00+05:30,43.087204293076475,32.1225,0.0
2017-04-27 00:00:00+05:30,42.02256408818826,31.957500000000003,0.0
2017-04-27 01:00:00+05:30,40.97171006858366,31.47125,0.0
2017-04-27 02:00:00+05:30,39.954698979057376,31.013749999999998,0.0
2017-04-27 03:00:00+05:30,38.98037798863709,30.44625,0.0
2017-04-27 04:00:00+05:30,38.046268057816185,29.6175,0.0
2017-04-27 05:00:00+05:30,37.15707558781331,28.74875,0.0
2017-04-27 06:00:00+05:30,36.369372276826695,28.605000000000004,13.485911547712183
2017-04-27 07:00:00+05:30,35.95484943459048,30.216250000000002,64.78696019866264
2017-04-27 08:00:00+05:30,36.070302844350564,33.4075,121.41996810057579
2017-04-27 09:00:00+05:30,36.76797661546047,36.7425,191.1069565468817
2017-04-27 10:00:00+05:30,38.07276344432066,39.088750000000005,265.82917570445704
2017-04-27 11:00:00+05:30,39.7417416696626,40.53375,322.6389177685287
2017-04-27 12:00:00+05:30,41.514341616843396,41.34875,298.9192940626558
2017-04-27 13:00:00+05:30,43.306019845752296,41.70125,322.0090852436579
2017-04-27 14:00:00+05:30,44.77592132926655,41.87375,240.43625639028767
2017-04-27 15:00:00+05:30,45.71064606495254,41.64875,164.84187550040448
2017-04-27 16:00:00+05:30,45.99296177695085,40.5425,101.05054235893002
2017-04-27 17:00:00+05:30,45.768593996223316,39.230000000000004,49.567107748007544
2017-04-27 18:00:00+05:30,45.134463206141604,37.89875,13.139618440919005
2017-04-27 19:00:00+05:30,44.28324013426741,36.2825,0.8060553254592617
2017-04-27 20:00:00+05:30,43.426558615983495,34.823750000000004,0.0
2017-04-27 21:00:00+05:30,42.57962674148359,33.54,0.0
2017-04-27 22:00:00+05:30,41.643259935286686,32.3725,0.0
2017-04-27 23:00:00+05:30,40.686836636324216,31.472500000000004,0.0
2017-04-28 00:00:00+05:30,39.74124015319313,30.78625,0.0
2017-04-28 01:00:00+05:30,38.824898027250406,30.18125,0.0
2017-04-28 02:00:00+05:30,37.93791321154221,29.64125,0.0
2017-04-28 03:00:00+05:30,37.0993945014392,29.25,0.0
2017-04-28 04:00:00+05:30,36.30444294994237,29.005000000000003,0.0
2017-04-28 05:00:00+05:30,35.532725553258274,28.6425,0.0
2017-04-28 06:00:00+05:30,34.833296915322116,28.4575,15.59351352868891
2017-04-28 07:00:00+05:30,34.55234200301679,30.04375,74.82733025378937
2017-04-28 08:00:00+05:30,34.89612690980776,33.650000000000006,128.678531660385
2017-04-28 09:00:00+05:30,35.960363689502955,37.777499999999996,199.5639347993655
2017-04-28 10:00:00+05:30,37.5625513579311,40.425000000000004,275.67456231475154
2017-04-28 11:00:00+05:30,39.51800141234401,41.837500000000006,331.3908600440375
2017-04-28 12:00:00+05:30,41.72499919690076,42.7925,361.31599642504796
2017-04-28 13:00:00+05:30,43.87960689672753,43.26875,337.70516777733167
2017-04-28 14:00:00+05:30,45.696246589352505,43.42,298.91624154638777
2017-04-28 15:00:00+05:30,47.02070397456158,43.21875,236.06589473232785
2017-04-28 16:00:00+05:30,47.77362890070256,42.580000000000005,149.40160213582308
2017-04-28 17:00:00+05:30,47.964541518147854,41.49875,74.3512156376616
2017-04-28 18:00:00+05:30,47.508467012508575,39.43,22.595694973873908
2017-04-28 19:00:00+05:30,46.51555156893161,36.12625,1.4054394545548736
2017-04-28 20:00:00+05:30,45.37450529422845,33.845,0.0
2017-04-28 21:00:00+05:30,44.309236785662264,32.5575,0.0
2017-04-28 22:00:00+05:30,43.20125402755054,31.80625,0.0
2017-04-28 23:00:00+05:30,42.07920946366565,31.7675,0.0
2017-04-29 00:00:00+05:30,40.97951963918642,31.3125,0.0
2017-04-29 01:00:00+05:30,39.864016744222084,29.839999999999996,0.0
2017-04-29 02:00:00+05:30,38.751905623683044,28.4625,0.0
2017-04-29 03:00:00+05:30,37.6797770804471,27.61875,0.0
2017-04-29 04:00:00+05:30,36.64262844772627,26.9975,0.0
2017-04-29 05:00:00+05:30,35.639768950892915,26.423750000000005,0.0
2017-04-29 06:00:00+05:30,34.77638783912899,26.635,16.24813625429401
2017-04-29 07:00:00+05:30,34.416513007546,29.015,77.03416879204568
2017-04-29 08:00:00+05:30,34.77737639009415,33.277499999999996,139.7112148385164
2017-04-29 09:00:00+05:30,35.98968194679925,37.8825,215.31714334786645
2017-04-29 10:00:00+05:30,37.70876651116361,40.738749999999996,286.8449391397887
2017-04-29 11:00:00+05:30,39.81953425502233,42.29625,338.0874770891901
2017-04-29 12:00:00+05:30,42.11854901750314,43.3975,327.0612445277769
2017-04-29 13:00:00+05:30,44.261656206939946,44.14375,323.17569271706344
2017-04-29 14:00:00+05:30,46.07979936179511,44.52375000000001,278.6788856170899
2017-04-29 15:00:00+05:30,47.404512589158145,44.3975,206.25432443044588
2017-04-29 16:00:00+05:30,48.121304041858565,43.87625,126.80639969758849
2017-04-29 17:00:00+05:30,48.297671291149605,43.008750000000006,69.66193336693534
2017-04-29 18:00:00+05:30,47.91125019225098,41.0675,21.939775070558284
2017-04-29 19:00:00+05:30,47.07420396837995,38.03,1.4220147793773243
2017-04-29 20:00:00+05:30,46.0841207584393,36.07,0.0
2017-04-29 21:00:00+05:30,45.138747202507496,34.95625,0.0
2017-04-29 22:00:00+05:30,44.17842122423591,33.89,0.0
2017-04-29 23:00:00+05:30,43.11483521034024,32.737500000000004,0.0
2017-04-30 00:00:00+05:30,42.03391227052378,31.6175,0.0
2017-04-30 01:00:00+05:30,40.94727321749077,30.61375,0.0
2017-04-30 02:00:00+05:30,39.85326681370998,29.656249999999996,0.0
2017-04-30 03:00:00+05:30,38.76864908366939,28.78125,0.0
2017-04-30 04:00:00+05:30,37.70586763961452,27.995000000000005,0.0
2017-04-30 05:00:00+05:30,36.6689695223381,27.24125,0.0
2017-04-30 06:00:00+05:30,35.73607237572398,27.27875,16.462718701088637
2017-04-30 07:00:00+05:30,35.218809230811175,28.994999999999997,69.9643682972778
2017-04-30 08:00:00+05:30,35.336110173776675,32.46,113.67567170211315
2017-04-30 09:00:00+05:30,36.27995176139429,36.765,196.3752243568176
2017-04-30 10:00:00+05:30,37.95717577527867,40.37375,281.0569294974618
2017-04-30 11:00:00+05:30,39.9710559787554,42.35875,336.27290701221347
2017-04-30 12:00:00+05:30,42.19510800572486,43.33125,354.2699937772319
2017-04-30 13:00:00+05:30,44.35150394066459,43.807500000000005,346.79805319246617
2017-04-30 14:00:00+05:30,46.2068676217455,43.8325,311.6921223747488
2017-04-30 15:00:00+05:30,47.5385298728683,43.405,241.0570698500053
2017-04-30 16:00:00+05:30,48.257143673673276,42.58,150.87578697205916
2017-04-30 17:00:00+05:30,48.385592578607344,41.345,72.10822245484445
2017-04-30 18:00:00+05:30,47.891138199867626,39.488749999999996,23.316833261245037
2017-04-30 19:00:00+05:30,46.89767408650158,36.69625,1.5277746240383063
2017-04-30 20:00:00+05:30,45.765889444675715,34.66875,0.0
2017-04-30 21:00:00+05:30,44.66322459930489,33.3825,0.0
2017-04-30 22:00:00+05:30,43.4589457455981,32.12875,0.0
2017-04-30 23:00:00+05:30,42.19292798108587,31.028750000000002,0.0
2017-05-01 00:00:00+05:30,40.9531825320815,30.1875,0.0
2017-05-01 01:00:00+05:30,39.750986817434054,29.44125,0.0
2017-05-01 02:00:00+05:30,38.581620554622006,28.6225,0.0
2017-05-01 03:00:00+05:30,37.427224155169654,27.6,0.0
2017-05-01 04:00:00+05:30,36.31643830536193,26.323749999999997,0.0
2017-05-01 05:00:00+05:30,35.22932823201066,24.959999999999997,0.0
2017-05-01 06:00:00+05:30,34.261872369729375,24.90625,17.591329729126596
2017-05-01 07:00:00+05:30,33.76983725119071,26.848750000000003,80.00039751867753
2017-05-01 08:00:00+05:30,33.928920959902875,29.575,128.33677754034923
2017-05-01 09:00:00+05:30,34.82469865167529,33.691250000000004,161.91555331563626
2017-05-01 10:00:00+05:30,36.3872085163372,37.53375,234.57011081456267
2017-05-01 11:00:00+05:30,38.33891375938703,39.817499999999995,279.28591940772606
2017-05-01 12:00:00+05:30,40.484575229645856,41.1575,292.126399170861
2017-05-01 13:00:00+05:30,42.67174707929642,41.94500000000001,284.1820970618028
2017-05-01 14:00:00+05:30,44.61524888044771,42.22625,244.55561208886283
2017-05-01 15:00:00+05:30,46.08533466784359,42.135000000000005,179.27111110496622
2017-05-01 16:00:00+05:30,47.01797262436807,41.59125,115.2330778254676
2017-05-01 17:00:00+05:30,47.33317900562202,40.52875,75.4612783178947
2017-05-01 18:00:00+05:30,46.887184518188924,38.16625,25.140576546648298
2017-05-01 19:00:00+05:30,45.82723073980759,34.68000000000001,1.66266819655597
2017-05-01 20:00:00+05:30,44.61330669735845,32.557500000000005,0.0
2017-05-01 21:00:00+05:30,43.416838930149076,31.442500000000003,0.0
2017-05-01 22:00:00+05:30,42.1508145378188,30.27375,0.0
2017-05-01 23:00:00+05:30,40.76705308735788,29.063750000000002,0.0
2017-05-02 00:00:00+05:30,39.39339409113808,27.89125,0.0
2017-05-02 01:00:00+05:30,38.0518558581427,26.76625,0.0
2017-05-02 02:00:00+05:30,36.753499291980944,25.775,0.0
2017-05-02 03:00:00+05:30,35.50322618388457,24.886249999999997,0.0
2017-05-02 04:00:00+05:30,34.30271735786733,24.05375,0.0
2017-05-02 05:00:00+05:30,33.13784689592209,23.28125,0.0
2017-05-02 06:00:00+05:30,32.107937257938765,23.325,17.273142515180947
2017-05-02 07:00:00+05:30,31.52762277083997,25.3325,69.40314738282542
2017-05-02 08:00:00+05:30,31.658123624962975,29.01375,106.61295068510572
2017-05-02 09:00:00+05:30,32.62447157545847,32.87,133.48406870226341
2017-05-02 10:00:00+05:30,34.21856174667807,35.375,204.07463669843833
2017-05-02 11:00:00+05:30,36.13079447735386,36.912499999999994,256.98337530327194
2017-05-02 12:00:00+05:30,38.26740190919608,38.111250000000005,273.61803924724165
2017-05-02 13:00:00+05:30,40.33418617118815,38.995000000000005,275.8489849559972
2017-05-02 14:00:00+05:30,42.09683319505528,39.542500000000004,242.098771831902
2017-05-02 15:00:00+05:30,43.429039450844655,39.65625000000001,175.4397464465359
2017-05-02 16:00:00+05:30,44.29194748335037,39.22375,111.45407029362661
2017-05-02 17:00:00+05:30,44.595963110167354,38.21125,71.91731774362428
2017-05-02 18:00:00+05:30,44.20080319290598,36.04375,24.899212382439654
2017-05-02 19:00:00+05:30,43.22010225799701,32.51375,1.6202128240171907
2017-05-02 20:00:00+05:30,42.05406124624171,30.17875,0.0
2017-05-02 21:00:00+05:30,40.90921720707259,28.979999999999997,0.0
2017-05-02 22:00:00+05:30,39.70006063977968,27.9225,0.0
2017-05-02 23:00:00+05:30,38.39352696805564,26.95875,0.0
2017-05-03 00:00:00+05:30,37.1089567822339,26.097500000000004,0.0
2017-05-03 01:00:00+05:30,35.8685219330998,25.339999999999996,0.0
2017-05-03 02:00:00+05:30,34.67942549978852,24.63875,0.0
2017-05-03 03:00:00+05:30,33.53596421807858,24.03,0.0
2017-05-03 04:00:00+05:30,32.458690535159704,23.47625,0.0
2017-05-03 05:00:00+05:30,31.432719474220313,22.9075,0.0
2017-05-03 06:00:00+05:30,30.553844326592046,23.24625,21.34417067011261
2017-05-03 07:00:00+05:30,30.141486495309955,25.561249999999998,74.26039972211282
2017-05-03 08:00:00+05:30,30.394057392406253,28.79375,113.54239390797828
2017-05-03 09:00:00+05:30,31.45444954746657,33.13875,143.4675852573902
2017-05-03 10:00:00+05:30,33.16075795358497,36.26,213.15595767739316
2017-05-03 11:00:00+05:30,35.179786775001645,37.885,262.4093487297782
2017-05-03 12:00:00+05:30,37.448854671645364,39.1475,274.4197206026982
2017-05-03 13:00:00+05:30,39.733413063935274,40.03375,271.850065963995
2017-05-03 14:00:00+05:30,41.80494973689325,40.625,244.46679896458946
2017-05-03 15:00:00+05:30,43.40913931520457,40.8325,179.98064768296598
2017-05-03 16:00:00+05:30,44.494475217387254,40.415,115.25367342482703
2017-05-03 17:00:00+05:30,44.99599372429763,39.3475,76.54036892614134
2017-05-03 18:00:00+05:30,44.73445812249224,36.7225,27.013507252381075
2017-05-03 19:00:00+05:30,43.841405345413804,33.652499999999996,1.8206515493248216
2017-05-03 20:00:00+05:30,42.778472180881806,31.7425,0.0
2017-05-03 21:00:00+05:30,41.71414137619549,30.827499999999997,0.0
2017-05-03 22:00:00+05:30,40.68726024625032,30.455,0.0
2017-05-03 23:00:00+05:30,39.57671948263362,30.4175,0.0
2017-05-04 00:00:00+05:30,38.495804529120804,30.37125,0.0
2017-05-04 01:00:00+05:30,37.46028973085436,29.661250000000003,0.0
2017-05-04 02:00:00+05:30,36.45441961048678,28.32875,0.0
2017-05-04 03:00:00+05:30,35.4904509517598,27.27625,0.0
2017-05-04 04:00:00+05:30,34.55821821400367,26.4175,0.0
2017-05-04 05:00:00+05:30,33.64772619861231,25.4425,0.0
2017-05-04 06:00:00+05:30,32.86881871117198,25.678749999999997,21.865406477893302
2017-05-04 07:00:00+05:30,32.578155861641605,28.2,80.73335216128778
2017-05-04 08:00:00+05:30,32.93462407139599,31.72125,129.54443138859187
2017-05-04 09:00:00+05:30,34.001002694029694,35.934999999999995,173.04892356096465
2017-05-04 10:00:00+05:30,35.5402371512579,38.472500000000004,226.8683098185699
2017-05-04 11:00:00+05:30,37.200020245234704,39.5975,254.27143230241285
2017-05-04 12:00:00+05:30,39.072349474384154,40.11750000000001,264.600749580512
2017-05-04 13:00:00+05:30,40.926635825843654,39.81875,258.86997708583795
2017-05-04 14:00:00+05:30,42.45780917960454,39.196250000000006,223.90467794718754
2017-05-04 15:00:00+05:30,43.475645564716665,38.741249999999994,148.19756962577645
2017-05-04 16:00:00+05:30,43.977099611619785,38.353750000000005,100.04734402763633
2017-05-04 17:00:00+05:30,43.968301055624636,37.675,55.96996818047198
2017-05-04 18:00:00+05:30,43.473101886897794,35.803749999999994,18.970556415684566
2017-05-04 19:00:00+05:30,42.60003118387469,33.40125,1.1810091711799926
2017-05-04 20:00:00+05:30,41.627245582145505,31.98875,0.0
2017-05-04 21:00:00+05:30,40.74286286954608,31.21375,0.0
2017-05-04 22:00:00+05:30,39.76564547449857,30.24625,0.0
2017-05-04 23:00:00+05:30,38.711846782287736,29.248749999999994,0.0
2017-05-05 00:00:00+05:30,37.672832092391836,28.474999999999998,0.0
2017-05-05 01:00:00+05:30,36.6558065039555,27.77625,0.0
2017-05-05 02:00:00+05:30,35.66018686071523,26.953750000000003,0.0
2017-05-05 03:00:00+05:30,34.68853912051317,26.201249999999998,0.0
2017-05-05 04:00:00+05:30,33.74669350735395,25.6,0.0
2017-05-05 05:00:00+05:30,32.83368798545422,25.07125,0.0
2017-05-05 06:00:00+05:30,32.05029614488321,25.448749999999997,21.720941907103835
2017-05-05 07:00:00+05:30,31.772786046459384,28.4775,78.79668705253901
2017-05-05 08:00:00+05:30,32.1636862129872,32.67125,116.95801218735778
2017-05-05 09:00:00+05:30,33.37015089812459,37.232499999999995,149.77841987398898
2017-05-05 10:00:00+05:30,35.195969363267906,40.652499999999996,216.06582285786715
2017-05-05 11:00:00+05:30,37.3471154298915,42.644999999999996,261.5522708348267
2017-05-05 12:00:00+05:30,39.7328508702585,43.941250000000004,279.2157007889968
2017-05-05 13:00:00+05:30,42.1654834124265,44.68125,271.9282879802506
2017-05-05 14:00:00+05:30,44.36911147166749,44.9425,243.47683392747692
2017-05-05 15:00:00+05:30,46.0784776621544,44.77375,177.99925546570609
2017-05-05 16:00:00+05:30,47.231932603340866,44.16875,114.14047299624349
2017-05-05 17:00:00+05:30,47.795716615610075,43.167500000000004,76.20366496859538
2017-05-05 18:00:00+05:30,47.650410069395946,41.158750000000005,25.981966197910893
2017-05-05 19:00:00+05:30,46.89344075789769,37.8725,1.7353917253737787
2017-05-05 20:00:00+05:30,45.92490027933738,35.7825,0.0
2017-05-05 21:00:00+05:30,44.95700373564244,34.795,0.0
2017-05-05 22:00:00+05:30,44.006843867213526,33.91875,0.0
2017-05-05 23:00:00+05:30,42.98766951637042,33.074999999999996,0.0
2017-05-06 00:00:00+05:30,41.940345193086415,32.26,0.0
2017-05-06 01:00:00+05:30,40.91603354363674,31.49125,0.0
2017-05-06 02:00:00+05:30,39.924249369628285,30.71,0.0
2017-05-06 03:00:00+05:30,38.96352154873888,29.8975,0.0
2017-05-06 04:00:00+05:30,38.03388689326395,29.083750000000002,0.0
2017-05-06 05:00:00+05:30,37.133595121392005,28.330000000000002,0.0
2017-05-06 06:00:00+05:30,36.363713391169135,28.472499999999997,21.671234647883225
2017-05-06 07:00:00+05:30,36.03689711436816,30.2575,76.41000701660556
2017-05-06 08:00:00+05:30,36.31304223851632,33.705,116.10590245783602
2017-05-06 09:00:00+05:30,37.29614401028165,37.6325,151.3751997580383
2017-05-06 10:00:00+05:30,38.80761177633207,40.24875,212.90331644581838
2017-05-06 11:00:00+05:30,40.76321201467746,41.806250000000006,257.1702711699233
2017-05-06 12:00:00+05:30,42.92645713970277,42.901250000000005,268.6200235483973
2017-05-06 13:00:00+05:30,45.05983066106796,43.606249999999996,260.4497342849814
2017-05-06 14:00:00+05:30,46.99488615664397,43.91375,232.3253306531825
2017-05-06 15:00:00+05:30,48.475802936115116,43.82625,173.42575534318414
2017-05-06 16:00:00+05:30,49.422250867407314,43.4275,112.99246395004207
2017-05-06 17:00:00+05:30,49.77086581689773,42.65875,69.61742555401597
2017-05-06 18:00:00+05:30,49.442141179365734,40.95375,22.98813078803466
2017-05-06 19:00:00+05:30,48.55932497030287,38.23375,1.4925419477366837
2017-05-06 20:00:00+05:30,47.50702084117234,36.665,0.0
2017-05-06 21:00:00+05:30,46.47548615651618,36.0725,0.0
2017-05-06 22:00:00+05:30,45.49459779384125,35.40125,0.0
2017-05-06 23:00:00+05:30,44.436141338742516,34.56375,0.0
2017-05-07 00:00:00+05:30,43.36643427802001,33.67375,0.0
2017-05-07 01:00:00+05:30,42.3214210133776,32.815000000000005,0.0
2017-05-07 02:00:00+05:30,41.30497085317971,31.98125,0.0
2017-05-07 03:00:00+05:30,40.314974009534915,31.232499999999998,0.0
2017-05-07 04:00:00+05:30,39.35893367596749,30.67625,0.0
2017-05-07 05:00:00+05:30,38.43987744564107,30.20625,0.0
2017-05-07 06:00:00+05:30,37.63893317897012,30.080000000000002,20.69916101231403
2017-05-07 07:00:00+05:30,37.23626871003332,31.160000000000004,72.8872554110846
2017-05-07 08:00:00+05:30,37.4297625998364,33.60875,133.64717709764955
2017-05-07 09:00:00+05:30,38.30602806692219,36.58125,188.9846621239161
2017-05-07 10:00:00+05:30,39.67705114901325,39.222500000000004,234.06122795859955
2017-05-07 11:00:00+05:30,41.42647341075155,41.1925,258.23841605424514
2017-05-07 12:00:00+05:30,43.35879624957772,42.473749999999995,281.2051585285624
2017-05-07 13:00:00+05:30,45.34914022526647,43.20374999999999,267.8551803847924
2017-05-07 14:00:00+05:30,47.12057955862283,43.51,228.51196236430013
2017-05-07 15:00:00+05:30,48.48625715517372,43.357499999999995,172.50829363811835
2017-05-07 16:00:00+05:30,49.33115080847787,42.848749999999995,113.51516250743597
2017-05-07 17:00:00+05:30,49.58204383550793,42.00125,68.82532494180676
2017-05-07 18:00:00+05:30,49.1697117296696,40.230000000000004,22.00268763662785
2017-05-07 19:00:00+05:30,48.233924375698685,38.00875,1.400563292765177
2017-05-07 20:00:00+05:30,47.163915366155216,36.3425,0.0
2017-05-07 21:00:00+05:30,46.09824135686067,34.94625,0.0
2017-05-07 22:00:00+05:30,45.03408320126304,33.684999999999995,0.0
2017-05-07 23:00:00+05:30,43.860753678028686,32.618750000000006,0.0
2017-05-08 00:00:00+05:30,42.69729178296856,31.677500000000002,0.0
2017-05-08 01:00:00+05:30,41.58092438712547,30.84625,0.0
2017-05-08 02:00:00+05:30,40.49943673845072,30.099999999999998,0.0
2017-05-08 03:00:00+05:30,39.451615283973354,29.355000000000004,0.0
2017-05-08 04:00:00+05:30,38.43956372122689,28.4325,0.0
2017-05-08 05:00:00+05:30,37.46643012028923,27.46875,0.0
2017-05-08 06:00:00+05:30,36.61078484129598,27.076249999999998,18.551766941040672
2017-05-08 07:00:00+05:30,36.095397801384294,27.8875,65.96318035399665
2017-05-08 08:00:00+05:30,36.05258865513354,29.702499999999997,116.52119724085804
2017-05-08 09:00:00+05:30,36.505274511911914,32.2025,151.11316231394136
2017-05-08 10:00:00+05:30,37.355671317597135,34.967499999999994,186.7376934637135
2017-05-08 11:00:00+05:30,38.553920007448234,37.46,218.7822933678358
2017-05-08 12:00:00+05:30,40.06944700221505,39.27375,233.4972815846662
2017-05-08 13:00:00+05:30,41.57149289898403,40.4025,214.88054684437185
2017-05-08 14:00:00+05:30,42.95617777697339,40.833749999999995,193.5438070943697
2017-05-08 15:00:00+05:30,44.04098431138057,40.8525,145.50745646213414
2017-05-08 16:00:00+05:30,44.75400648336311,40.305,103.65563765988546
2017-05-08 17:00:00+05:30,45.023573849461144,39.308749999999996,66.42293499285705
2017-05-08 18:00:00+05:30,44.73262256148981,37.9125,20.352117730657568
2017-05-08 19:00:00+05:30,43.97096155691343,35.838750000000005,1.2965832366676437
2017-05-08 20:00:00+05:30,43.06886793942122,34.25,0.0
2017-05-08 21:00:00+05:30,42.222925049935384,33.236250000000005,0.0
2017-05-08 22:00:00+05:30,41.34741937419649,32.43,0.0
2017-05-08 23:00:00+05:30,40.3767097096093,31.816249999999997,0.0
2017-05-09 00:00:00+05:30,39.412809003781796,31.2475,0.0
2017-05-09 01:00:00+05:30,38.478031985451295,30.580000000000002,0.0
2017-05-09 02:00:00+05:30,37.589672897385626,29.82875,0.0
2017-05-09 03:00:00+05:30,36.763884435797216,29.115,0.0
2017-05-09 04:00:00+05:30,35.98595787641872,28.434999999999995,0.0
2017-05-09 05:00:00+05:30,35.23265154873783,27.842499999999998,0.0
2017-05-09 06:00:00+05:30,34.57764444926167,27.702499999999997,21.749878625329337
2017-05-09 07:00:00+05:30,34.30188481194817,29.021250000000002,71.51210125040072
2017-05-09 08:00:00+05:30,34.553925697106905,31.74,109.97647786867503
2017-05-09 09:00:00+05:30,35.41204529676112,34.660000000000004,144.93278892512845
2017-05-09 10:00:00+05:30,36.74725464051336,37.059999999999995,202.6424631321022
2017-05-09 11:00:00+05:30,38.60431055000711,38.995,240.8984087318787
2017-05-09 12:00:00+05:30,40.68688242488987,40.545,253.8503064030907
2017-05-09 13:00:00+05:30,42.69677381193135,41.67,248.78686440167584
2017-05-09 14:00:00+05:30,44.456261138920304,42.22375,213.86566387224377
2017-05-09 15:00:00+05:30,45.8158261969631,41.933749999999996,164.80692112149703
2017-05-09 16:00:00+05:30,46.672493235502905,41.08375,107.33720217280248
2017-05-09 17:00:00+05:30,46.97950993047717,40.076249999999995,63.254352481312864
2017-05-09 18:00:00+05:30,46.68986710738375,38.8775,19.952557737344883
2017-05-09 19:00:00+05:30,45.96757969239046,37.4775,1.2659811491816646
2017-05-09 20:00:00+05:30,45.08036572722822,36.24875,0.0
2017-05-09 21:00:00+05:30,44.172740169546394,35.127500000000005,0.0
2017-05-09 22:00:00+05:30,43.26299735456398,33.71875000000001,0.0
2017-05-09 23:00:00+05:30,42.261616216678156,32.18625,0.0
2017-05-10 00:00:00+05:30,41.182238086220906,30.82625,0.0
2017-05-10 01:00:00+05:30,40.09652346425094,29.725,0.0
2017-05-10 02:00:00+05:30,39.03121762952635,28.84375,0.0
2017-05-10 03:00:00+05:30,37.99774913873829,28.09625,0.0
2017-05-10 04:00:00+05:30,37.001083913208625,27.455000000000002,0.0
2017-05-10 05:00:00+05:30,36.04553932966965,26.91125,0.0
2017-05-10 06:00:00+05:30,35.20285485028669,26.688750000000002,20.922424568689365
2017-05-10 07:00:00+05:30,34.71964849418835,27.482499999999998,70.02384640716869
2017-05-10 08:00:00+05:30,34.75669521022539,29.457499999999996,115.76807687757422
2017-05-10 09:00:00+05:30,35.39446737254531,32.04375,151.65700992079294
2017-05-10 10:00:00+05:30,36.52018245829418,34.41625,205.5926586296738
2017-05-10 11:00:00+05:30,38.07194966541061,36.2425,238.4097526060343
2017-05-10 12:00:00+05:30,39.82586983935113,37.60625,237.17000393770766
2017-05-10 13:00:00+05:30,41.64438047522772,38.591249999999995,236.8009525710575
2017-05-10 14:00:00+05:30,43.3172134533342,39.10999999999999,221.32290491481174
2017-05-10 15:00:00+05:30,44.58048698895444,39.23625,164.97042195515206
2017-05-10 16:00:00+05:30,45.362704571407924,38.9525,109.09659076155314
2017-05-10 17:00:00+05:30,45.63067404203804,38.21125,68.7763909182568
2017-05-10 18:00:00+05:30,45.3304902632772,37.07625,22.129397817828437
2017-05-10 19:00:00+05:30,44.56742110559776,35.21875,1.40882414362378
2017-05-10 20:00:00+05:30,43.650543484325766,33.8275,0.0
2017-05-10 21:00:00+05:30,42.72969641885705,33.0275,0.0
2017-05-10 22:00:00+05:30,41.85181897466145,32.31875,0.0
2017-05-10 23:00:00+05:30,40.937434441241614,31.634999999999998,0.0
2017-05-11 00:00:00+05:30,39.98195281272925,30.955000000000002,0.0
2017-05-11 01:00:00+05:30,39.04608757843471,30.24375,0.0
2017-05-11 02:00:00+05:30,38.13631167687412,29.507500000000004,0.0
2017-05-11 03:00:00+05:30,37.25480598694597,28.7925,0.0
2017-05-11 04:00:00+05:30,36.407195102992866,28.155,0.0
2017-05-11 05:00:00+05:30,35.60650582148669,27.698749999999997,0.0
2017-05-11 06:00:00+05:30,34.94457623540201,27.878749999999997,20.391629920509224
2017-05-11 07:00:00+05:30,34.68299936131819,29.72625,67.4460949290698
2017-05-11 08:00:00+05:30,34.95186423671525,32.62,117.77688881155669
2017-05-11 09:00:00+05:30,35.75824780196879,34.985,157.99686973830697
2017-05-11 10:00:00+05:30,36.93003977116836,36.7325,206.03135780779922
2017-05-11 11:00:00+05:30,38.53372389306722,38.17125,231.78578582289677
2017-05-11 12:00:00+05:30,40.21886141352148,39.31375,229.1936908350586
2017-05-11 13:00:00+05:30,41.846881912686435,40.1,242.04828622990308
2017-05-11 14:00:00+05:30,43.302983133082876,40.43375,204.70543874445934
2017-05-11 15:00:00+05:30,44.42475866915707,40.2025,158.57649353542675
2017-05-11 16:00:00+05:30,45.05951636157775,39.69875,101.06457838602044
2017-05-11 17:00:00+05:30,45.25680511175723,38.9125,66.36427930377616
2017-05-11 18:00:00+05:30,44.95606072703839,37.7725,21.3714273872255
2017-05-11 19:00:00+05:30,44.24776836977224,36.0375,1.3594661086166648
2017-05-11 20:00:00+05:30,43.398209552994864,34.623749999999994,0.0
2017-05-11 21:00:00+05:30,42.58037251989853,33.67375,0.0
2017-05-11 22:00:00+05:30,41.77396049306047,32.80875,0.0
2017-05-11 23:00:00+05:30,40.87277784840149,31.99625,0.0
2017-05-12 00:00:00+05:30,39.95348549884462,31.225,0.0
2017-05-12 01:00:00+05:30,39.04787973992234,30.47125,0.0
2017-05-12 02:00:00+05:30,38.16348831219182,29.708750000000002,0.0
2017-05-12 03:00:00+05:30,37.3048257820506,29.001250000000002,0.0
2017-05-12 04:00:00+05:30,36.47968580597541,28.4125,0.0
2017-05-12 05:00:00+05:30,35.695046921823426,27.935,0.0
2017-05-12 06:00:00+05:30,35.056197511539146,28.2575,23.27390253025679
2017-05-12 07:00:00+05:30,34.85698043996716,30.025,80.95767492052715
2017-05-12 08:00:00+05:30,35.30864991291962,33.316250000000004,141.88997791063514
2017-05-12 09:00:00+05:30,36.396919283152315,36.36,177.51620601213494
2017-05-12 10:00:00+05:30,37.86158391400263,38.42,211.97111888933125
2017-05-12 11:00:00+05:30,39.74491363733699,39.942499999999995,249.07990534862495
2017-05-12 12:00:00+05:30,41.7226524015195,41.035000000000004,245.7114051761075
2017-05-12 13:00:00+05:30,43.6296132020334,41.761250000000004,243.06765007664742
2017-05-12 14:00:00+05:30,45.28193654405557,42.089999999999996,219.66505714778518
2017-05-12 15:00:00+05:30,46.493259123413324,41.95625,151.73058346917657
2017-05-12 16:00:00+05:30,47.12619698537152,41.42125,87.23943088549187
2017-05-12 17:00:00+05:30,47.20879222474825,40.513749999999995,60.274395368920324
2017-05-12 18:00:00+05:30,46.77216977351769,39.06999999999999,21.92789276244062
2017-05-12 19:00:00+05:30,46.008785981240344,37.48374999999999,1.4698293419192678
2017-05-12 20:00:00+05:30,45.08879495656295,35.903749999999995,0.0
2017-05-12 21:00:00+05:30,44.14052646517614,34.34375,0.0
2017-05-12 22:00:00+05:30,43.229407248472356,33.213750000000005,0.0
2017-05-12 23:00:00+05:30,42.24243734221156,32.39875000000001,0.0
2017-05-13 00:00:00+05:30,41.23694971636442,31.6725,0.0
2017-05-13 01:00:00+05:30,40.25233338193918,30.991249999999997,0.0
2017-05-13 02:00:00+05:30,39.301847468705205,30.340000000000003,0.0
2017-05-13 03:00:00+05:30,38.38299143775134,29.668750000000003,0.0
2017-05-13 04:00:00+05:30,37.489687169921325,28.96,0.0
2017-05-13 05:00:00+05:30,36.62885225038723,28.315,0.0
2017-05-13 06:00:00+05:30,35.91557400053487,28.521250000000002,24.69086598333984
2017-05-13 07:00:00+05:30,35.653637121085076,30.3175,82.6707659501022
2017-05-13 08:00:00+05:30,36.00132501584132,33.565000000000005,143.16272246194504
2017-05-13 09:00:00+05:30,36.98691297282453,36.435,195.88621358205262
2017-05-13 10:00:00+05:30,38.50932193777575,38.513749999999995,254.16729725005044
2017-05-13 11:00:00+05:30,40.605256312185766,40.04875,305.1624322212769
2017-05-13 12:00:00+05:30,42.658611403648635,40.97125,229.6926160947364
2017-05-13 13:00:00+05:30,44.36017550218939,41.4925,235.09630266721615
2017-05-13 14:00:00+05:30,45.7472018345011,41.71875,201.97465243823555
2017-05-13 15:00:00+05:30,46.66971707450542,41.54125,155.37091195583974
2017-05-13 16:00:00+05:30,47.10816913582865,40.96,106.41185812432337
2017-05-13 17:00:00+05:30,47.08203330487327,40.00875,64.13100314074131
2017-05-13 18:00:00+05:30,46.59368014619864,38.40625,20.52325265575623
2017-05-13 19:00:00+05:30,45.72726330458166,35.95249999999999,1.3041446723756085
2017-05-13 20:00:00+05:30,44.736457186000564,34.44125,0.0
2017-05-13 21:00:00+05:30,43.81876790922028,33.6725,0.0
2017-05-13 22:00:00+05:30,42.8512286247067,32.805,0.0
2017-05-13 23:00:00+05:30,41.787401952881794,31.8975,0.0
2017-05-14 00:00:00+05:30,40.72927315001982,31.06625,0.0
2017-05-14 01:00:00+05:30,39.690793628416735,30.369999999999997,0.0
2017-05-14 02:00:00+05:30,38.688144181308594,29.78,0.0
2017-05-14 03:00:00+05:30,37.718665288764,29.119999999999997,0.0
2017-05-14 04:00:00+05:30,36.78118514708038,28.362499999999997,0.0
2017-05-14 05:00:00+05:30,35.88012271951912,27.663750000000004,0.0
2017-05-14 06:00:00+05:30,35.129691787207776,27.81375,22.679433543574397
2017-05-14 07:00:00+05:30,34.8208703840487,29.918750000000003,76.03068472519604
2017-05-14 08:00:00+05:30,35.19271138941594,33.3275,143.50302993531255
2017-05-14 09:00:00+05:30,36.32728603746553,36.625,190.19614227476956
2017-05-14 10:00:00+05:30,37.90082288802754,39.03,224.5764456614962
2017-05-14 11:00:00+05:30,39.7376261507106,40.68,242.72266362491482
2017-05-14 12:00:00+05:30,41.58871201800678,41.8075,231.20660619430987
2017-05-14 13:00:00+05:30,43.362748384140346,42.42875,236.15028346031937
2017-05-14 14:00:00+05:30,44.867987686923435,42.64,203.01021865032965
2017-05-14 15:00:00+05:30,45.95066754590996,42.47625,148.9026776998959
2017-05-14 16:00:00+05:30,46.56520617236158,41.97875,107.40831893789257
2017-05-14 17:00:00+05:30,46.6387677168014,41.1,62.865228409622674
2017-05-14 18:00:00+05:30,46.2068714877436,39.253750000000004,18.9249980784347
2017-05-14 19:00:00+05:30,45.457860178237404,37.111250000000005,1.1921131120983368
2017-05-14 20:00:00+05:30,44.61912431606408,36.325,0.0
2017-05-14 21:00:00+05:30,43.84337269942131,35.985,0.0
2017-05-14 22:00:00+05:30,43.036804712373986,35.1775,0.0
2017-05-14 23:00:00+05:30,42.146797755642446,34.003750000000004,0.0
2017-05-15 00:00:00+05:30,41.24029118224824,32.62,0.0
2017-05-15 01:00:00+05:30,40.34763968359469,31.21125,0.0
2017-05-15 02:00:00+05:30,39.468238844824945,30.00875,0.0
2017-05-15 03:00:00+05:30,38.595423171923585,29.09375,0.0
2017-05-15 04:00:00+05:30,37.7335177384173,28.339999999999996,0.0
2017-05-15 05:00:00+05:30,36.884519651486215,27.651249999999997,0.0
2017-05-15 06:00:00+05:30,36.14635242481885,27.924999999999997,23.361792255913443
2017-05-15 07:00:00+05:30,35.83241027839239,30.14,80.28558377072565
2017-05-15 08:00:00+05:30,36.165878519275196,33.7425,141.97082070647565
2017-05-15 09:00:00+05:30,37.15203583864939,37.4325,180.8075516528934
2017-05-15 10:00:00+05:30,38.497724114365525,39.82875,207.23385181801427
2017-05-15 11:00:00+05:30,40.03982946893923,41.25749999999999,212.35037492919426
2017-05-15 12:00:00+05:30,41.41660286005144,42.205,169.41444999701648
2017-05-15 13:00:00+05:30,42.58635863163008,42.6525,166.26623767332393
2017-05-15 14:00:00+05:30,43.66047634582899,42.63125,139.2981870497727
2017-05-15 15:00:00+05:30,44.505686543836525,42.24125,120.5032058208916
2017-05-15 16:00:00+05:30,45.0142877132039,41.53125,93.16595835953004
2017-05-15 17:00:00+05:30,45.15324523864423,40.6075,56.42592273392735
2017-05-15 18:00:00+05:30,44.84805543636229,38.70875,18.42268338921597
2017-05-15 19:00:00+05:30,44.17301673130939,36.458749999999995,1.1928948302288782
2017-05-15 20:00:00+05:30,43.399821071140465,35.06,0.0
2017-05-15 21:00:00+05:30,42.69196409671766,34.23125,0.0
2017-05-15 22:00:00+05:30,41.898843855631014,33.518750000000004,0.0
2017-05-15 23:00:00+05:30,41.01515917442594,32.847500000000004,0.0
2017-05-16 00:00:00+05:30,40.11665931242728,32.2,0.0
2017-05-16 01:00:00+05:30,39.2240884159775,31.57875,0.0
2017-05-16 02:00:00+05:30,38.349647647283874,31.018749999999997,0.0
2017-05-16 03:00:00+05:30,37.50459966080754,30.532500000000002,0.0
2017-05-16 04:00:00+05:30,36.69974963293134,30.091249999999995,0.0
2017-05-16 05:00:00+05:30,35.936336945319084,29.6425,0.0
2017-05-16 06:00:00+05:30,35.31501471577252,29.888749999999998,24.356311428440232
2017-05-16 07:00:00+05:30,35.11681117686127,31.44,78.11458209798501
2017-05-16 08:00:00+05:30,35.50101831548722,34.02625,123.29174305676688
2017-05-16 09:00:00+05:30,36.49601178082471,37.72875,151.81369657156648
2017-05-16 10:00:00+05:30,37.95975476977999,40.474999999999994,199.9525056172829
2017-05-16 11:00:00+05:30,39.84363614868191,41.83,238.44247474321818
2017-05-16 12:00:00+05:30,41.97374508873857,42.57,252.39355923788094
2017-05-16 13:00:00+05:30,44.05865851380145,42.9175,243.34448181814452
2017-05-16 14:00:00+05:30,45.879273751770526,42.95,219.92535428142247
2017-05-16 15:00:00+05:30,47.206650272185044,42.62625,165.9610274073217
2017-05-16 16:00:00+05:30,48.02519931877442,42.03125,111.2815390693087
2017-05-16 17:00:00+05:30,48.29306876344158,41.27375,71.73078104575367
2017-05-16 18:00:00+05:30,47.93187117583949,39.745,25.460822388461885
2017-05-16 19:00:00+05:30,47.073428263943924,37.466249999999995,1.6840917381687306
2017-05-16 20:00:00+05:30,46.086497221778075,36.07125,0.0
2017-05-16 21:00:00+05:30,45.104495380458154,35.221250000000005,0.0
2017-05-16 22:00:00+05:30,44.14175517353901,34.2675,0.0
2017-05-16 23:00:00+05:30,43.09058668293049,33.51875,0.0
2017-05-17 00:00:00+05:30,42.06247397811465,33.07125,0.0
2017-05-17 01:00:00+05:30,41.07839994530337,32.6025,0.0
2017-05-17 02:00:00+05:30,40.13224711059633,32.01875,0.0
2017-05-17 03:00:00+05:30,39.230276150085075,31.458750000000002,0.0
2017-05-17 04:00:00+05:30,38.37142736713648,31.07875,0.0
2017-05-17 05:00:00+05:30,37.55300097956026,30.7325,0.0
2017-05-17 06:00:00+05:30,36.88806377837,31.10875,25.27422378094907
2017-05-17 07:00:00+05:30,36.66044484334319,32.68875,81.83853524989517
2017-05-17 08:00:00+05:30,37.010895028164086,35.5,136.2615198747923
2017-05-17 09:00:00+05:30,37.96901527445904,39.03,184.00828948068443
2017-05-17 10:00:00+05:30,39.392840508824804,41.54125,227.86513070058896
2017-05-17 11:00:00+05:30,41.02315275343223,42.95125,233.8426016817244
2017-05-17 12:00:00+05:30,42.5820658398549,43.75875,183.65439153084026
2017-05-17 13:00:00+05:30,43.846922251620875,44.11125,170.41924158733624
2017-05-17 14:00:00+05:30,44.831606244560945,44.03375,153.5252493109029
2017-05-17 15:00:00+05:30,45.46401532255602,43.32124999999999,122.57279332381887
2017-05-17 16:00:00+05:30,45.696215502493274,42.2,81.22033855884726
2017-05-17 17:00:00+05:30,45.64033559852852,40.987500000000004,53.31341991282919
2017-05-17 18:00:00+05:30,45.21610478638723,39.12375,18.20782898287517
2017-05-17 19:00:00+05:30,44.495192886873106,36.986250000000005,1.1909307841048131
2017-05-17 20:00:00+05:30,43.775860380327444,35.76,0.0
2017-05-17 21:00:00+05:30,43.0549266661706,35.165,0.0
2017-05-17 22:00:00+05:30,42.2242550603187,34.51375,0.0
2017-05-17 23:00:00+05:30,41.37056150136415,33.915,0.0
2017-05-18 00:00:00+05:30,40.544655643239565,33.62625,0.0
2017-05-18 01:00:00+05:30,39.76446754948488,33.50125,0.0
2017-05-18 02:00:00+05:30,39.01970519775352,33.1225,0.0
2017-05-18 03:00:00+05:30,38.30219587066553,32.4825,0.0
2017-05-18 04:00:00+05:30,37.60878510763524,31.863750000000003,0.0
2017-05-18 05:00:00+05:30,36.9309041322327,31.275,0.0
2017-05-18 06:00:00+05:30,36.351398466029664,31.15625,23.46783908312418
2017-05-18 07:00:00+05:30,36.12725974696736,32.35125,72.50720706958617
2017-05-18 08:00:00+05:30,36.41410049756396,34.74250000000001,117.66392588375706
2017-05-18 09:00:00+05:30,37.258681138412,37.58875,151.6355795841863
2017-05-18 10:00:00+05:30,38.52186158307825,40.27375,197.5701102897625
2017-05-18 11:00:00+05:30,40.21939328510683,42.43,233.64857469623828
2017-05-18 12:00:00+05:30,42.183395960579944,43.95625,249.40361392694717
2017-05-18 13:00:00+05:30,44.16997448462433,44.95875,242.53146857617452
2017-05-18 14:00:00+05:30,45.98888087903905,45.44499999999999,217.40639346488408
2017-05-18 15:00:00+05:30,47.44583273169935,45.412499999999994,163.19946956610582
2017-05-18 16:00:00+05:30,48.44781275855878,44.9425,113.69986749229163
2017-05-18 17:00:00+05:30,48.88969400040055,44.0975,72.0714123115778
2017-05-18 18:00:00+05:30,48.72633291248822,42.34875,26.855461646195593
2017-05-18 19:00:00+05:30,48.00605660215271,39.50125,1.7392257026202014
2017-05-18 20:00:00+05:30,47.07259126039612,37.852500000000006,0.0
2017-05-18 21:00:00+05:30,46.16266753511316,37.27125,0.0
2017-05-18 22:00:00+05:30,45.31523201355596,36.798750000000005,0.0
2017-05-18 23:00:00+05:30,44.39671063381401,36.28,0.0
2017-05-19 00:00:00+05:30,43.464076272915726,35.57,0.0
2017-05-19 01:00:00+05:30,42.54613541433872,34.76375,0.0
2017-05-19 02:00:00+05:30,41.64705737757381,33.89125,0.0
2017-05-19 03:00:00+05:30,40.763697067619965,32.96874999999999,0.0
2017-05-19 04:00:00+05:30,39.8939671426975,32.113749999999996,0.0
2017-05-19 05:00:00+05:30,39.04738306945376,31.46,0.0
2017-05-19 06:00:00+05:30,38.326031572546796,31.41875,25.45582658256247
2017-05-19 07:00:00+05:30,38.03465399124629,32.907500000000006,79.57569951279467
2017-05-19 08:00:00+05:30,38.34560486623982,36.065000000000005,127.70312941197409
2017-05-19 09:00:00+05:30,39.24427289960572,39.128750000000004,162.9231400560118
2017-05-19 10:00:00+05:30,40.502383556847484,41.32375,207.80861450715423
2017-05-19 11:00:00+05:30,42.19306927056574,43.03375,243.39237530342163
2017-05-19 12:00:00+05:30,44.14257859075657,44.37375,249.8003575759292
2017-05-19 13:00:00+05:30,46.1081344485615,45.32625,252.4126861017038
2017-05-19 14:00:00+05:30,47.81758866802245,45.88,220.29040448383475
2017-05-19 15:00:00+05:30,49.12959903212785,45.96124999999999,163.75176868042706
2017-05-19 16:00:00+05:30,50.02428713536348,45.62,115.42652007023703
2017-05-19 17:00:00+05:30,50.38949902918356,44.82124999999999,73.74773455973563
2017-05-19 18:00:00+05:30,50.12242723114373,42.825,27.667332580485635
2017-05-19 19:00:00+05:30,49.29858849923629,40.175000000000004,1.8403678686257767
2017-05-19 20:00:00+05:30,48.34252771604714,38.91375,0.0
2017-05-19 21:00:00+05:30,47.43431819206807,38.410000000000004,0.0
2017-05-19 22:00:00+05:30,46.540831551987054,37.75,0.0
2017-05-19 23:00:00+05:30,45.533810562052054,36.942499999999995,0.0
2017-05-20 00:00:00+05:30,44.49772060385908,35.82,0.0
2017-05-20 01:00:00+05:30,43.44567235308077,34.3275,0.0
2017-05-20 02:00:00+05:30,42.40513819303581,32.8075,0.0
2017-05-20 03:00:00+05:30,41.394627892974924,31.653749999999995,0.0
2017-05-20 04:00:00+05:30,40.40680117048055,30.79625,0.0
2017-05-20 05:00:00+05:30,39.43109052688251,29.925,0.0
2017-05-20 06:00:00+05:30,38.592872764099546,29.692500000000003,25.936389267238695
2017-05-20 07:00:00+05:30,38.19899863482061,30.716250000000002,82.11761557589604
2017-05-20 08:00:00+05:30,38.43526361895581,33.352500000000006,139.80305985551547
2017-05-20 09:00:00+05:30,39.41752913445418,36.4275,193.38251915245064
2017-05-20 10:00:00+05:30,40.75412910264042,38.942499999999995,199.74777541813683
2017-05-20 11:00:00+05:30,42.50321532028336,40.8775,236.11776258867997
2017-05-20 12:00:00+05:30,44.37479315361958,42.36125,241.41106845810356
2017-05-20 13:00:00+05:30,46.142226789548346,43.45375,221.37426747439528
2017-05-20 14:00:00+05:30,47.557925578663465,44.10999999999999,177.04391152006818
2017-05-20 15:00:00+05:30,48.578342398840654,44.29625,139.44485428838064
2017-05-20 16:00:00+05:30,49.20226539094246,44.05,105.6230488169204
2017-05-20 17:00:00+05:30,49.41085314324664,43.3625,68.62860187880713
2017-05-20 18:00:00+05:30,49.089924546286056,41.63375,25.06946175059667
2017-05-20 19:00:00+05:30,48.2779876838062,38.74625,1.70282976779134
2017-05-20 20:00:00+05:30,47.25969045149762,37.06375,0.0
2017-05-20 21:00:00+05:30,46.30354885979282,36.4025,0.0
2017-05-20 22:00:00+05:30,45.320601346334044,35.501250000000006,0.0
2017-05-20 23:00:00+05:30,44.20838979321934,34.3875,0.0
2017-05-21 00:00:00+05:30,43.09519632207078,33.303749999999994,0.0
2017-05-21 01:00:00+05:30,42.0122148396149,32.2725,0.0
2017-05-21 02:00:00+05:30,40.960975170387535,31.271249999999995,0.0
2017-05-21 03:00:00+05:30,39.94194614126935,30.34375,0.0
2017-05-21 04:00:00+05:30,38.95665945977954,29.535,0.0
2017-05-21 05:00:00+05:30,38.00161338604691,28.856250000000003,0.0
2017-05-21 06:00:00+05:30,37.16907775892872,28.669999999999998,25.11517935834012
2017-05-21 07:00:00+05:30,36.76527331365868,29.887500000000003,83.77670983090638
2017-05-21 08:00:00+05:30,37.02452362295236,32.3875,146.6109798398651
2017-05-21 09:00:00+05:30,37.988101817735185,35.49125,183.28783208473718
2017-05-21 10:00:00+05:30,39.29151524117387,38.185,183.80469310196915
2017-05-21 11:00:00+05:30,40.99421975305624,40.151250000000005,205.47939933669556
2017-05-21 12:00:00+05:30,42.863651478211295,41.64375,205.0693964301329
2017-05-21 13:00:00+05:30,44.73691977978929,42.75625,201.11930938645426
2017-05-21 14:00:00+05:30,46.46620775784363,43.363749999999996,176.74696615184797
2017-05-21 15:00:00+05:30,47.8629850498821,43.35375,137.0661928007038
2017-05-21 16:00:00+05:30,48.8204270023229,42.8975,111.88373397657851
2017-05-21 17:00:00+05:30,49.20035086166146,42.07375,72.92564539350113
2017-05-21 18:00:00+05:30,48.96471957527193,40.7725,27.656894711631267
2017-05-21 19:00:00+05:30,48.16359227517047,38.434999999999995,1.931738826829234
2017-05-21 20:00:00+05:30,47.17584422364044,36.82625,0.0
2017-05-21 21:00:00+05:30,46.18897970308391,36.050000000000004,0.0
2017-05-21 22:00:00+05:30,45.251272043093195,35.205,0.0
2017-05-21 23:00:00+05:30,44.2604618809441,34.285,0.0
2017-05-22 00:00:00+05:30,43.22480631348772,33.396249999999995,0.0
2017-05-22 01:00:00+05:30,42.18894436238974,32.519999999999996,0.0
2017-05-22 02:00:00+05:30,41.171613952262604,31.6525,0.0
2017-05-22 03:00:00+05:30,40.183784405165824,30.8925,0.0
2017-05-22 04:00:00+05:30,39.22975072026934,30.261249999999997,0.0
2017-05-22 05:00:00+05:30,38.3106242163194,29.69,0.0
2017-05-22 06:00:00+05:30,37.52755643312824,29.755000000000003,25.44169230943582
2017-05-22 07:00:00+05:30,37.177838515574386,31.28875,78.58450759927999
2017-05-22 08:00:00+05:30,37.42697185079015,34.10375,125.7686468152645
2017-05-22 09:00:00+05:30,38.26173926221504,36.7625,159.38224610809408
2017-05-22 10:00:00+05:30,39.45381769890178,38.60875,180.74707654273212
2017-05-22 11:00:00+05:30,41.10919047998051,39.94,209.5268977298762
2017-05-22 12:00:00+05:30,42.97676234031784,40.958749999999995,215.05845806881447
2017-05-22 13:00:00+05:30,44.838878322910574,41.65,204.88906735933884
2017-05-22 14:00:00+05:30,46.429669730361155,41.89125,176.25926730089242
2017-05-22 15:00:00+05:30,47.6159763884086,41.72875,136.87450402087688
2017-05-22 16:00:00+05:30,48.32427827030519,41.28875,109.14466326762529
2017-05-22 17:00:00+05:30,48.478926179450546,40.515,69.40902006847114
2017-05-22 18:00:00+05:30,48.06599861242593,39.357499999999995,26.174068740009538
2017-05-22 19:00:00+05:30,47.218998670798406,37.845,1.6911798297596978
2017-05-22 20:00:00+05:30,46.23212990784921,36.598749999999995,0.0
2017-05-22 21:00:00+05:30,45.24894334465902,35.488749999999996,0.0
2017-05-22 22:00:00+05:30,44.279438637085136,34.20625,0.0
2017-05-22 23:00:00+05:30,43.20493274724007,32.96875,0.0
2017-05-23 00:00:00+05:30,42.13814692808231,32.067499999999995,0.0
2017-05-23 01:00:00+05:30,41.12365278204431,31.44625,0.0
2017-05-23 02:00:00+05:30,40.166234932763174,30.93375,0.0
2017-05-23 03:00:00+05:30,39.256638044907255,30.45625,0.0
2017-05-23 04:00:00+05:30,38.38822542923424,30.017500000000002,0.0
2017-05-23 05:00:00+05:30,37.5589965405064,29.60375,0.0
2017-05-23 06:00:00+05:30,36.85861514594234,29.65,22.974601950887838
2017-05-23 07:00:00+05:30,36.5311007951489,30.807499999999997,70.70777865459564
2017-05-23 08:00:00+05:30,36.68083608193602,32.71125,113.48091015135793
2017-05-23 09:00:00+05:30,37.29992238655105,34.605000000000004,145.18241601628722
2017-05-23 10:00:00+05:30,38.26362387231893,36.255,169.03868026609575
2017-05-23 11:00:00+05:30,39.677010151217175,37.665,198.34755981059988
2017-05-23 12:00:00+05:30,41.2908184413149,38.816250000000004,194.67551916449284
2017-05-23 13:00:00+05:30,43.08002489865687,39.635,185.76967192134907
2017-05-23 14:00:00+05:30,44.72526552083005,40.0775,173.75929105089753
2017-05-23 15:00:00+05:30,46.04848826922106,40.2025,137.956276240205
2017-05-23 16:00:00+05:30,46.95508981507626,39.9225,114.1466887331552
2017-05-23 17:00:00+05:30,47.27067608584153,39.175,72.20871633835067
2017-05-23 18:00:00+05:30,46.98492738855288,38.03,27.91264727094555
2017-05-23 19:00:00+05:30,46.21064940352643,36.70625,1.951601162164933
2017-05-23 20:00:00+05:30,45.274139404164195,35.7375,0.0
2017-05-23 21:00:00+05:30,44.337901956643854,35.091249999999995,0.0
2017-05-23 22:00:00+05:30,43.4620708694948,34.495,0.0
2017-05-23 23:00:00+05:30,42.55556915587507,33.8575,0.0
2017-05-24 00:00:00+05:30,41.60290651592485,33.11625,0.0
2017-05-24 01:00:00+05:30,40.67544089158486,32.4075,0.0
2017-05-24 02:00:00+05:30,39.78836882921475,31.809999999999995,0.0
2017-05-24 03:00:00+05:30,38.94102646391249,31.268749999999997,0.0
2017-05-24 04:00:00+05:30,38.129553692441135,30.738749999999996,0.0
2017-05-24 05:00:00+05:30,37.3532851707364,30.240000000000002,0.0
2017-05-24 06:00:00+05:30,36.71525706770845,30.291249999999998,25.861203649282995
2017-05-24 07:00:00+05:30,36.52397885502393,31.79875,84.90265355834786
2017-05-24 08:00:00+05:30,36.938883488969296,34.22,137.60077763719696
2017-05-24 09:00:00+05:30,37.85235862815682,36.44875,157.92415881795608
2017-05-24 10:00:00+05:30,38.99689003568375,38.26625,170.48629276321165
2017-05-24 11:00:00+05:30,40.54283194252179,39.76875,200.10692307068928
2017-05-24 12:00:00+05:30,42.25440789526828,40.94,206.2739505997468
2017-05-24 13:00:00+05:30,43.935470860422086,41.7175,201.54591630439924
2017-05-24 14:00:00+05:30,45.325001871972816,42.087500000000006,172.23110649081428
2017-05-24 15:00:00+05:30,46.416979518519454,42.01375,139.39802062545584
2017-05-24 16:00:00+05:30,47.091171952936364,41.60125,108.77411236930942
2017-05-24 17:00:00+05:30,47.29406433855278,40.747499999999995,69.89846569194601
2017-05-24 18:00:00+05:30,46.996490237475456,39.6375,24.856111122710548
2017-05-24 19:00:00+05:30,46.31140021852514,38.2725,1.6388134522932039
2017-05-24 20:00:00+05:30,45.480280883309845,37.11625,0.0
2017-05-24 21:00:00+05:30,44.65476242473279,36.285,0.0
2017-05-24 22:00:00+05:30,43.87126456927343,35.4625,0.0
2017-05-24 23:00:00+05:30,43.00760120107278,34.69,0.0
2017-05-25 00:00:00+05:30,42.12907327510493,34.00125,0.0
2017-05-25 01:00:00+05:30,41.269000625339075,33.324999999999996,0.0
2017-05-25 02:00:00+05:30,40.434566881567534,32.66375000000001,0.0
2017-05-25 03:00:00+05:30,39.6384773411549,32.0575,0.0
2017-05-25 04:00:00+05:30,38.893095336000016,31.54625,0.0
2017-05-25 05:00:00+05:30,38.20381805948725,31.10125,0.0
2017-05-25 06:00:00+05:30,37.67939817143287,31.6525,22.442846221303984
2017-05-25 07:00:00+05:30,37.570160968829235,33.6675,75.78782724855748
2017-05-25 08:00:00+05:30,37.99353032670042,36.1825,130.74007436435835
2017-05-25 09:00:00+05:30,38.83921539270291,38.28875,151.45878423480323
2017-05-25 10:00:00+05:30,40.02226391293269,39.94,161.8764584260561
2017-05-25 11:00:00+05:30,41.683165848798524,41.29125,190.06379039577175
2017-05-25 12:00:00+05:30,43.548973172765535,42.31,200.84685929840393
2017-05-25 13:00:00+05:30,45.35357287794061,43.00875,198.97528838977428
2017-05-25 14:00:00+05:30,46.907213772549866,43.36125,176.34158607789936
2017-05-25 15:00:00+05:30,48.14252768632061,43.39,138.98921323877596
2017-05-25 16:00:00+05:30,48.944842859041415,43.103750000000005,107.68538858461926
2017-05-25 17:00:00+05:30,49.25089453172938,42.425,70.71011318492361
2017-05-25 18:00:00+05:30,49.04802413784482,41.40375,26.985923398911407
2017-05-25 19:00:00+05:30,48.38260538546149,39.84875,1.768629168913461
2017-05-25 20:00:00+05:30,47.562318216083455,38.60125,0.0
2017-05-25 21:00:00+05:30,46.75189631516897,37.8725,0.0
2017-05-25 22:00:00+05:30,45.99432829809691,37.339999999999996,0.0
2017-05-25 23:00:00+05:30,45.24196019646617,36.8725,0.0
2017-05-26 00:00:00+05:30,44.42131443647936,36.39375,0.0
2017-05-26 01:00:00+05:30,43.59040297005366,35.8725,0.0
2017-05-26 02:00:00+05:30,42.76952947525024,35.301249999999996,0.0
2017-05-26 03:00:00+05:30,41.96514365157521,34.73625,0.0
2017-05-26 04:00:00+05:30,41.1864405999973,34.223749999999995,0.0
2017-05-26 05:00:00+05:30,40.43699671836818,33.70875,0.0
2017-05-26 06:00:00+05:30,39.8247913753887,33.7475,24.00117471496398
2017-05-26 07:00:00+05:30,39.623938260333816,35.33375,73.36374651956787
2017-05-26 08:00:00+05:30,39.980433207542035,38.2625,123.67398103406613
2017-05-26 09:00:00+05:30,40.867141886687705,40.456250000000004,161.57333812199988
2017-05-26 10:00:00+05:30,42.00412308591828,41.855,167.80038238361925
2017-05-26 11:00:00+05:30,43.63209345156622,43.025000000000006,186.852632429484
2017-05-26 12:00:00+05:30,45.46708904902839,43.98625,186.09585284417614
2017-05-26 13:00:00+05:30,47.02724181625861,44.6325,190.4423493976701
2017-05-26 14:00:00+05:30,48.29554386718291,44.91375,158.56558760686863
2017-05-26 15:00:00+05:30,49.19497975967883,44.75125,122.96881266646612
2017-05-26 16:00:00+05:30,49.73215481276974,44.245,98.65508202769973
2017-05-26 17:00:00+05:30,49.84316419299239,43.41374999999999,63.4773308991433
2017-05-26 18:00:00+05:30,49.49252339053628,42.26875,22.707223043845453
2017-05-26 19:00:00+05:30,48.76963163327153,40.4,1.5182019901625416
2017-05-26 20:00:00+05:30,47.88158759647999,38.935,0.0
2017-05-26 21:00:00+05:30,47.06705490000344,38.09125,0.0
2017-05-26 22:00:00+05:30,46.26863981611215,37.30375,0.0
2017-05-26 23:00:00+05:30,45.36791750548353,36.475,0.0
2017-05-27 00:00:00+05:30,44.442579247070285,35.628750000000004,0.0
2017-05-27 01:00:00+05:30,43.515603678471024,34.80375,0.0
2017-05-27 02:00:00+05:30,42.60119199756093,34.04375,0.0
2017-05-27 03:00:00+05:30,41.70989952683925,33.3575,0.0
2017-05-27 04:00:00+05:30,40.852183278994474,32.753750000000004,0.0
2017-05-27 05:00:00+05:30,40.03448331756874,32.246249999999996,0.0
2017-05-27 06:00:00+05:30,39.36503341325474,32.58875,24.730468568123356
2017-05-27 07:00:00+05:30,39.11332935300723,34.4125,74.43769554356932
2017-05-27 08:00:00+05:30,39.43429022530688,37.5075,121.06461698173868
2017-05-27 09:00:00+05:30,40.30143692964487,40.22625,150.14786807217334
2017-05-27 10:00:00+05:30,41.57959671274244,42.05125,170.618480394043
2017-05-27 11:00:00+05:30,43.346667454225454,43.39625,198.52670487410174
2017-05-27 12:00:00+05:30,45.310991363386265,44.375,200.55416467804747
2017-05-27 13:00:00+05:30,47.313760573991004,45.071250000000006,195.89142610148497
2017-05-27 14:00:00+05:30,49.11668537717299,45.5125,172.3461680228147
2017-05-27 15:00:00+05:30,50.532931489472844,45.55875,138.33697486588028
2017-05-27 16:00:00+05:30,51.49988779152848,45.253750000000004,113.70744405973284
2017-05-27 17:00:00+05:30,51.90526434684065,44.599999999999994,77.01562748677671
2017-05-27 18:00:00+05:30,51.69895268587053,43.4625,31.528435584197517
2017-05-27 19:00:00+05:30,50.935542605926614,41.647499999999994,2.23578526137781
2017-05-27 20:00:00+05:30,49.93190875027541,39.67875,0.0
2017-05-27 21:00:00+05:30,48.86763062022163,38.145,0.0
2017-05-27 22:00:00+05:30,47.84515580080422,37.05,0.0
2017-05-27 23:00:00+05:30,46.73344449627582,36.1275,0.0
2017-05-28 00:00:00+05:30,45.577556332935686,35.25875,0.0
2017-05-28 01:00:00+05:30,44.44377812460507,34.45249999999999,0.0
2017-05-28 02:00:00+05:30,43.34711025369096,33.6975,0.0
2017-05-28 03:00:00+05:30,42.29289225951613,32.98875,0.0
2017-05-28 04:00:00+05:30,41.2811140183031,32.31125,0.0
2017-05-28 05:00:00+05:30,40.308069461917285,31.6725,0.0
2017-05-28 06:00:00+05:30,39.52201106733443,32.246249999999996,28.526921450490548
2017-05-28 07:00:00+05:30,39.240596209222474,34.442499999999995,85.71557106017899
2017-05-28 08:00:00+05:30,39.670653785043314,38.145,137.83969362278836
2017-05-28 09:00:00+05:30,40.804429798002424,41.943749999999994,168.9718829306753
2017-05-28 10:00:00+05:30,42.380882273159784,44.416250000000005,185.83020526199016
2017-05-28 11:00:00+05:30,44.39266088666036,45.80375,208.56361974119707
2017-05-28 12:00:00+05:30,46.619003470326845,46.738749999999996,210.5165977017042
2017-05-28 13:00:00+05:30,48.81936924461205,47.3625,204.8927546845195
2017-05-28 14:00:00+05:30,50.71264380091287,47.662499999999994,176.96119212415445
2017-05-28 15:00:00+05:30,52.1778112175144,47.62375,140.08414130486705
2017-05-28 16:00:00+05:30,53.16864396113011,47.2475,120.4609119814273
2017-05-28 17:00:00+05:30,53.55288887631324,46.50375000000001,76.02163427113467
2017-05-28 18:00:00+05:30,53.327909206004925,45.082499999999996,33.114216190924
2017-05-28 19:00:00+05:30,52.55802975766507,43.31125,2.3882852769310414
2017-05-28 20:00:00+05:30,51.5651062265373,41.415,0.0
2017-05-28 21:00:00+05:30,50.49002715198771,39.72375,0.0
2017-05-28 22:00:00+05:30,49.45082309636913,38.543749999999996,0.0
2017-05-28 23:00:00+05:30,48.32334025906984,37.68,0.0
2017-05-29 00:00:00+05:30,47.16467174725924,36.96125,0.0
2017-05-29 01:00:00+05:30,46.04929701124567,36.25375,0.0
2017-05-29 02:00:00+05:30,44.95267965834252,35.3675,0.0
2017-05-29 03:00:00+05:30,43.87890642404529,34.3625,0.0
2017-05-29 04:00:00+05:30,42.83490191167792,33.39875,0.0
2017-05-29 05:00:00+05:30,41.799194489116076,32.4125,0.0
2017-05-29 06:00:00+05:30,40.92513875899192,32.53625,30.016562277835977
2017-05-29 07:00:00+05:30,40.58079359963375,34.70875,91.00520478070254
2017-05-29 08:00:00+05:30,40.954379426914606,38.13625,139.3931675914571
2017-05-29 09:00:00+05:30,41.99612196809352,42.301249999999996,159.30285674601149
2017-05-29 10:00:00+05:30,43.489157001164486,45.38875,175.00742362685565
2017-05-29 11:00:00+05:30,45.38224982356832,47.0525,194.46584373098867
2017-05-29 12:00:00+05:30,47.46351736532453,48.1275,202.27024881066313
2017-05-29 13:00:00+05:30,49.580071706757806,48.7925,207.72020808465163
2017-05-29 14:00:00+05:30,51.37894132135406,49.02374999999999,182.6190154440323
2017-05-29 15:00:00+05:30,52.68504839228483,48.79375,143.2897339527903
2017-05-29 16:00:00+05:30,53.50755041625018,48.13374999999999,120.91235217017062
2017-05-29 17:00:00+05:30,53.77265099596221,47.12375,78.43421499895413
2017-05-29 18:00:00+05:30,53.44394985279803,45.55,30.645117084393213
2017-05-29 19:00:00+05:30,52.6505984491703,42.8975,2.1523924087931476
2017-05-29 20:00:00+05:30,51.696287043455314,41.2075,0.0
2017-05-29 21:00:00+05:30,50.72860331314087,40.24375,0.0
2017-05-29 22:00:00+05:30,49.802228650083855,39.15,0.0
2017-05-29 23:00:00+05:30,48.82327569702381,38.24250000000001,0.0
2017-05-30 00:00:00+05:30,47.82313338120095,37.5875,0.0
2017-05-30 01:00:00+05:30,46.85279250186748,37.1325,0.0
2017-05-30 02:00:00+05:30,45.94128058506992,36.8775,0.0
2017-05-30 03:00:00+05:30,45.07462375115446,36.61000000000001,0.0
2017-05-30 04:00:00+05:30,44.23557493575842,36.1275,0.0
2017-05-30 05:00:00+05:30,43.41945027813718,35.41,0.0
2017-05-30 06:00:00+05:30,42.736534052349086,35.622499999999995,26.805059668652135
2017-05-30 07:00:00+05:30,42.46397790412154,37.37375,80.49881486022984
2017-05-30 08:00:00+05:30,42.728502026561344,40.552499999999995,124.37725631099576
2017-05-30 09:00:00+05:30,43.50706296088782,43.402499999999996,154.56653002153757
2017-05-30 10:00:00+05:30,44.67476785408471,45.330000000000005,177.45984585507
2017-05-30 11:00:00+05:30,46.30272332478899,46.74125,202.49248367962082
2017-05-30 12:00:00+05:30,48.186259107278076,47.81,219.12899239444855
2017-05-30 13:00:00+05:30,50.12891646572133,48.4825,215.61039645928858
2017-05-30 14:00:00+05:30,51.82115168753362,48.7325,186.78878429324516
2017-05-30 15:00:00+05:30,53.11511796140431,48.595000000000006,156.3941970080745
2017-05-30 16:00:00+05:30,53.860262009036845,48.0775,120.13644196950605
2017-05-30 17:00:00+05:30,54.00523017723975,47.18,74.92513570117464
2017-05-30 18:00:00+05:30,53.59144602417095,45.72125,29.419512704303962
2017-05-30 19:00:00+05:30,52.70506193329145,43.03,1.9915512912858022
2017-05-30 20:00:00+05:30,51.698248549975716,41.0875,0.0
2017-05-30 21:00:00+05:30,50.772381066307055,40.103750000000005,0.0
2017-05-30 22:00:00+05:30,49.855387158995086,39.2075,0.0
2017-05-30 23:00:00+05:30,48.868905174139144,38.27625,0.0
2017-05-31 00:00:00+05:30,47.861622138454365,37.345,0.0
2017-05-31 01:00:00+05:30,46.87258400308617,36.49375,0.0
2017-05-31 02:00:00+05:30,45.914450867785305,35.865,0.0
2017-05-31 03:00:00+05:30,45.002094152086954,35.651250000000005,0.0
2017-05-31 04:00:00+05:30,44.13284536276915,35.489999999999995,0.0
2017-05-31 05:00:00+05:30,43.30039350139652,35.137499999999996,0.0
2017-05-31 06:00:00+05:30,42.58621201440255,35.17375,19.802929494702724
2017-05-31 07:00:00+05:30,42.19545004898003,36.38375,59.37973117636753
2017-05-31 08:00:00+05:30,42.21669622829398,39.2275,97.1603454375734
2017-05-31 09:00:00+05:30,42.74652921525153,42.458749999999995,150.15541476669992
2017-05-31 10:00:00+05:30,43.74768486386261,44.7725,184.68662750539866
2017-05-31 11:00:00+05:30,45.101884498575515,46.245000000000005,201.56846996325538
2017-05-31 12:00:00+05:30,46.83406197372398,47.24125,211.11645956770195
2017-05-31 13:00:00+05:30,48.586691961610214,47.791250000000005,209.6786959230786
2017-05-31 14:00:00+05:30,50.25818127561806,47.9675,185.11317500954766
2017-05-31 15:00:00+05:30,51.62041451301951,47.771249999999995,141.9274214630092
2017-05-31 16:00:00+05:30,52.57743662431223,47.2775,119.34192816032262
2017-05-31 17:00:00+05:30,52.95826060442057,46.3975,84.01718307877223
2017-05-31 18:00:00+05:30,52.71854209573741,44.887499999999996,35.57860646899141
2017-05-31 19:00:00+05:30,51.923956947809636,42.495000000000005,2.525932229187581
2017-05-31 20:00:00+05:30,50.948605975698996,41.34125,0.0
2017-05-31 21:00:00+05:30,50.050061129904684,40.97,0.0
2017-05-31 22:00:00+05:30,49.171683935135256,40.377500000000005,0.0
2017-05-31 23:00:00+05:30,48.184053099480835,39.667500000000004,0.0
2017-06-01 00:00:00+05:30,47.18507716868089,38.82125,0.0
2017-06-01 01:00:00+05:30,46.206625286516555,37.81125,0.0
2017-06-01 02:00:00+05:30,45.255361066101884,36.47875,0.0
2017-06-01 03:00:00+05:30,44.32929665656974,34.83875,0.0
2017-06-01 04:00:00+05:30,43.417436976053246,33.4775,0.0
2017-06-01 05:00:00+05:30,42.529386468371335,32.675,0.0
2017-06-01 06:00:00+05:30,41.79085752436185,33.40625,22.519747018861445
2017-06-01 07:00:00+05:30,41.45535983966768,36.0675,69.61777040413011
2017-06-01 08:00:00+05:30,41.61267958165305,39.53875,114.02062239987964
2017-06-01 09:00:00+05:30,42.247276874452155,42.03875,147.58443310217595
2017-06-01 10:00:00+05:30,43.15795180278335,43.633750000000006,148.3545651086045
2017-06-01 11:00:00+05:30,44.301451222363085,44.9075,150.61593490857857
2017-06-01 12:00:00+05:30,45.590924651253104,45.875,157.93942603785922
2017-06-01 13:00:00+05:30,46.94041849872735,46.52125,171.71751170767394
2017-06-01 14:00:00+05:30,48.20870274179384,46.77625,152.57082421791097
2017-06-01 15:00:00+05:30,49.25562691754199,46.61625,130.34354071162764
2017-06-01 16:00:00+05:30,50.00093045787797,46.1125,113.49149519021088
2017-06-01 17:00:00+05:30,50.367924342046905,45.29875,74.20774074983638
2017-06-01 18:00:00+05:30,50.23145053696626,44.118750000000006,29.14690861770237
2017-06-01 19:00:00+05:30,49.61097319934833,42.169999999999995,2.0334913087728266
2017-06-01 20:00:00+05:30,48.816528418383434,40.5,0.0
2017-06-01 21:00:00+05:30,48.061607508394744,39.31375,0.0
2017-06-01 22:00:00+05:30,47.284893865880086,38.114999999999995,0.0
2017-06-01 23:00:00+05:30,46.40549197204456,36.981249999999996,0.0
2017-06-02 00:00:00+05:30,45.49914816501618,35.9425,0.0
2017-06-02 01:00:00+05:30,44.59372422522597,34.972500000000004,0.0
2017-06-02 02:00:00+05:30,43.69461508800414,34.082499999999996,0.0
2017-06-02 03:00:00+05:30,42.818654571402725,33.285,0.0
2017-06-02 04:00:00+05:30,41.97662189677537,32.61875,0.0
2017-06-02 05:00:00+05:30,41.16105240620444,32.04625,0.0
2017-06-02 06:00:00+05:30,40.48142146907618,32.565,25.27598216152432
2017-06-02 07:00:00+05:30,40.19194397627265,34.293749999999996,79.78690669950043
2017-06-02 08:00:00+05:30,40.503051566608065,37.513749999999995,144.25884476427245
2017-06-02 09:00:00+05:30,41.45950845181852,40.48625,193.34421008923684
2017-06-02 10:00:00+05:30,43.150250588440244,42.42125,234.75793890150715
2017-06-02 11:00:00+05:30,45.588949582560176,43.83375,264.27497733762215
2017-06-02 12:00:00+05:30,48.194379996133776,44.82875,239.63048815298376
2017-06-02 13:00:00+05:30,50.480533068256605,45.4025,206.87254100811947
2017-06-02 14:00:00+05:30,52.176627694400594,45.66625,182.12030686289543
2017-06-02 15:00:00+05:30,53.28105554081709,45.55500000000001,146.98378963614184
2017-06-02 16:00:00+05:30,53.84581056407011,45.0,116.05423235405212
2017-06-02 17:00:00+05:30,53.84376827157238,44.03,81.74817700909895
2017-06-02 18:00:00+05:30,53.25800353222789,42.69125,31.110699106292206
2017-06-02 19:00:00+05:30,52.24221386300606,40.44625,2.1496092787636285
2017-06-02 20:00:00+05:30,51.02768518083556,38.661249999999995,0.0
2017-06-02 21:00:00+05:30,49.84925412549137,37.7375,0.0
2017-06-02 22:00:00+05:30,48.75413400408717,37.1975,0.0
2017-06-02 23:00:00+05:30,47.59914786947104,36.8275,0.0
2017-06-03 00:00:00+05:30,46.444162189976254,36.38125,0.0
2017-06-03 01:00:00+05:30,45.32580263505631,35.63375,0.0
2017-06-03 02:00:00+05:30,44.24660862483742,34.449999999999996,0.0
2017-06-03 03:00:00+05:30,43.185942189856064,32.99625,0.0
2017-06-03 04:00:00+05:30,42.148141027252855,31.7675,0.0
2017-06-03 05:00:00+05:30,41.13641955830313,30.895,0.0
2017-06-03 06:00:00+05:30,40.270969227307724,31.20375,28.68599818199263
2017-06-03 07:00:00+05:30,39.866983490996624,33.053749999999994,84.95118033403581
2017-06-03 08:00:00+05:30,40.08338598388063,36.025,127.86105904375275
2017-06-03 09:00:00+05:30,40.884559848900096,38.69499999999999,146.35532470099417
2017-06-03 10:00:00+05:30,42.0699506202294,40.724999999999994,156.32611822153697
2017-06-03 11:00:00+05:30,43.70337316918113,42.448750000000004,182.65711234583944
2017-06-03 12:00:00+05:30,45.57597873201824,43.84125,199.99466548121063
2017-06-03 13:00:00+05:30,47.47077773983095,44.80375,196.31230735575852
2017-06-03 14:00:00+05:30,49.18814048820482,45.2875,176.34164810072826
2017-06-03 15:00:00+05:30,50.51215712027207,45.30625,143.7641549734152
2017-06-03 16:00:00+05:30,51.32856657060749,44.824999999999996,113.01026836968084
2017-06-03 17:00:00+05:30,51.58797532568827,43.932500000000005,78.1051526868579
2017-06-03 18:00:00+05:30,51.24663183777769,42.4625,34.74519548979062
2017-06-03 19:00:00+05:30,50.36310758819225,39.8725,2.4846637255937662
2017-06-03 20:00:00+05:30,49.372499218252536,38.64125,0.0
2017-06-03 21:00:00+05:30,48.451512006346064,38.60625,0.0
2017-06-03 22:00:00+05:30,47.56766221516307,38.21,0.0
2017-06-03 23:00:00+05:30,46.585212992228904,37.1075,0.0
2017-06-04 00:00:00+05:30,45.53740418708642,35.54625,0.0
2017-06-04 01:00:00+05:30,44.481586439705275,34.057500000000005,0.0
2017-06-04 02:00:00+05:30,43.480622122874735,33.0025,0.0
2017-06-04 03:00:00+05:30,42.50228736094773,32.29875,0.0
2017-06-04 04:00:00+05:30,41.5348120559005,31.71375,0.0
2017-06-04 05:00:00+05:30,40.58846060772833,31.15,0.0
2017-06-04 06:00:00+05:30,39.782709778371,31.558750000000003,27.55135591192752
2017-06-04 07:00:00+05:30,39.4245340080962,33.18,85.444450063653
2017-06-04 08:00:00+05:30,39.726895473405364,36.6925,140.69922107614687
2017-06-04 09:00:00+05:30,40.617941170886255,40.09375,163.20116075199024
2017-06-04 10:00:00+05:30,41.79279095374989,42.239999999999995,163.95115465691538
2017-06-04 11:00:00+05:30,43.46234783919887,43.78125,186.72525575174464
2017-06-04 12:00:00+05:30,45.41395928434605,44.94125,198.16856989626092
2017-06-04 13:00:00+05:30,47.401606932727105,45.68875,208.88536254254797
2017-06-04 14:00:00+05:30,49.087178510441106,46.003750000000004,171.69366721893263
2017-06-04 15:00:00+05:30,50.425531509945515,45.85375,143.43056755378836
2017-06-04 16:00:00+05:30,51.26950542776208,45.355,113.9517923793607
2017-06-04 17:00:00+05:30,51.56198856940731,44.53,78.82311978467781
2017-06-04 18:00:00+05:30,51.283269859575014,43.20125,32.007667656656864
2017-06-04 19:00:00+05:30,50.48801195892909,40.97,2.2303844454792863
2017-06-04 20:00:00+05:30,49.514490180085744,39.33625000000001,0.0
2017-06-04 21:00:00+05:30,48.529690603681004,38.3,0.0
2017-06-04 22:00:00+05:30,47.597927109948124,37.372499999999995,0.0
2017-06-04 23:00:00+05:30,46.60597673392232,36.4,0.0
2017-06-05 00:00:00+05:30,45.55785055793806,35.291250000000005,0.0
2017-06-05 01:00:00+05:30,44.54240053463072,34.36625,0.0
2017-06-05 02:00:00+05:30,43.56368376334372,33.86375,0.0
2017-06-05 03:00:00+05:30,42.641237609078004,33.7275,0.0
2017-06-05 04:00:00+05:30,41.78786008985895,33.845,0.0
2017-06-05 05:00:00+05:30,40.956187442909716,33.33875,0.0
2017-06-05 06:00:00+05:30,40.242501445047466,32.971250000000005,27.718555243759106
2017-06-05 07:00:00+05:30,39.97410169004252,34.334999999999994,87.52134011934176
2017-06-05 08:00:00+05:30,40.40340123523252,37.29125,153.8654895427244
2017-06-05 09:00:00+05:30,41.55827941055865,40.07,202.14858520841588
2017-06-05 10:00:00+05:30,43.19887174777054,42.00125,208.27438425028066
2017-06-05 11:00:00+05:30,45.07504159561161,43.45125,219.14259784093616
2017-06-05 12:00:00+05:30,46.92399418218909,44.5625,208.08898748257278
2017-06-05 13:00:00+05:30,48.81169709479076,45.2675,212.5929878301954
2017-06-05 14:00:00+05:30,50.36344483362359,45.55749999999999,183.89696377104042
2017-06-05 15:00:00+05:30,51.57911584538769,45.3975,149.81137819949686
2017-06-05 16:00:00+05:30,52.37177428062191,44.92,120.45631707246709
2017-06-05 17:00:00+05:30,52.6377802990258,44.15375,83.0826450331439
2017-06-05 18:00:00+05:30,52.28280592217867,42.801249999999996,32.45980613468219
2017-06-05 19:00:00+05:30,51.46736444593748,41.027499999999996,3.548393957860802
2017-06-05 20:00:00+05:30,50.5057400943283,39.81125,0.0
2017-06-05 21:00:00+05:30,49.495480327671785,38.65625,0.0
2017-06-05 22:00:00+05:30,48.503439687207916,37.46249999999999,0.0
2017-06-05 23:00:00+05:30,47.475631211654054,36.75,0.0
2017-06-06 00:00:00+05:30,46.414966921608425,36.22625,0.0
2017-06-06 01:00:00+05:30,45.404215051554225,35.795,0.0
2017-06-06 02:00:00+05:30,44.43924687320113,35.222500000000004,0.0
2017-06-06 03:00:00+05:30,43.503746873846836,34.47875,0.0
2017-06-06 04:00:00+05:30,42.609847800865346,33.658750000000005,0.0
2017-06-06 05:00:00+05:30,41.771377990441664,33.0025,0.0
2017-06-06 06:00:00+05:30,41.051237879006024,33.125,18.714340676076244
2017-06-06 07:00:00+05:30,40.594289551953,33.72625,54.09381026484543
2017-06-06 08:00:00+05:30,40.43187528806918,34.68875,88.28707993086962
2017-06-06 09:00:00+05:30,40.564202832002955,36.1825,114.26170481043185
2017-06-06 10:00:00+05:30,41.00449278714661,38.27625,135.6674864520116
2017-06-06 11:00:00+05:30,41.65196496408884,40.86875,146.8638858327842
2017-06-06 12:00:00+05:30,42.769772138832025,43.050000000000004,174.62635378528566
2017-06-06 13:00:00+05:30,44.26712567214129,44.29,187.3360042526685
2017-06-06 14:00:00+05:30,45.83210014640976,44.7825,165.59414351363563
2017-06-06 15:00:00+05:30,47.215039837632744,44.68000000000001,142.3450656092267
2017-06-06 16:00:00+05:30,48.246459819881295,44.11000000000001,121.4226336525349
2017-06-06 17:00:00+05:30,48.75184702193371,43.183749999999996,85.3323037721531
2017-06-06 18:00:00+05:30,48.6499823832213,41.8775,33.21866950153778
2017-06-06 19:00:00+05:30,48.04761712720769,39.59875,3.609564123090959
2017-06-06 20:00:00+05:30,47.234880789340494,38.1475,0.0
2017-06-06 21:00:00+05:30,46.43580009986557,37.675,0.0
2017-06-06 22:00:00+05:30,45.67385611738429,37.165,0.0
2017-06-06 23:00:00+05:30,44.876433987462576,36.52125,0.0
2017-06-07 00:00:00+05:30,44.026246861571394,35.87625,0.0
2017-06-07 01:00:00+05:30,43.19702601015351,35.283750000000005,0.0
2017-06-07 02:00:00+05:30,42.37763077081022,34.72,0.0
2017-06-07 03:00:00+05:30,41.61432445353512,34.1475,0.0
2017-06-07 04:00:00+05:30,40.885824033528024,33.53,0.0
2017-06-07 05:00:00+05:30,40.16603932630531,32.665,0.0
2017-06-07 06:00:00+05:30,39.57441777885215,32.658750000000005,28.621012335589477
2017-06-07 07:00:00+05:30,39.41653213819036,34.486250000000005,87.8355545251614
2017-06-07 08:00:00+05:30,39.838579318624205,37.68125,135.41656612287593
2017-06-07 09:00:00+05:30,40.74771753987071,40.3075,161.09514124036187
2017-06-07 10:00:00+05:30,42.0485521542958,42.07375,172.46216188198082
2017-06-07 11:00:00+05:30,43.73936007345613,43.457499999999996,180.15101282861673
2017-06-07 12:00:00+05:30,45.640223367896425,44.49249999999999,191.70259383039604
2017-06-07 13:00:00+05:30,47.548584010440315,45.155,193.3159403454514
2017-06-07 14:00:00+05:30,49.24480243199275,45.43125,182.81956261850544
2017-06-07 15:00:00+05:30,50.50929992946563,45.2675,150.09440028352373
2017-06-07 16:00:00+05:30,51.2924367946336,44.752500000000005,122.64423025258816
2017-06-07 17:00:00+05:30,51.524573019383816,43.901250000000005,83.50295337237739
2017-06-07 18:00:00+05:30,51.15635098451369,42.63,33.628357864141286
2017-06-07 19:00:00+05:30,50.283519236224116,40.17125000000001,3.799492740430157
2017-06-07 20:00:00+05:30,49.248900516851855,38.20125,0.0
2017-06-07 21:00:00+05:30,48.256875550467655,37.191250000000004,0.0
2017-06-07 22:00:00+05:30,47.32808652309509,36.505,0.0
2017-06-07 23:00:00+05:30,46.35300249275865,35.9425,0.0
2017-06-08 00:00:00+05:30,45.3550731958302,35.29,0.0
2017-06-08 01:00:00+05:30,44.3533754462801,34.47,0.0
2017-06-08 02:00:00+05:30,43.38364081016885,33.62125,0.0
2017-06-08 03:00:00+05:30,42.440252340212695,32.9475,0.0
2017-06-08 04:00:00+05:30,41.50577827608721,32.411249999999995,0.0
2017-06-08 05:00:00+05:30,40.59923333305737,31.926250000000003,0.0
2017-06-08 06:00:00+05:30,39.85785655715064,32.63125,26.87165195865844
2017-06-08 07:00:00+05:30,39.57667745200838,34.70375,84.14784264160171
2017-06-08 08:00:00+05:30,39.96921441204421,38.198750000000004,143.56130919595415
2017-06-08 09:00:00+05:30,41.013988030717044,41.215,181.67263784152715
2017-06-08 10:00:00+05:30,42.38544800871249,43.06875,187.7857249091946
2017-06-08 11:00:00+05:30,44.03033997648835,44.3,208.0210486717727
2017-06-08 12:00:00+05:30,45.83186278022822,45.058749999999996,200.48834825211347
2017-06-08 13:00:00+05:30,47.76413919164197,45.58,201.85648510944844
2017-06-08 14:00:00+05:30,49.39974983938851,45.666250000000005,168.0340570126785
2017-06-08 15:00:00+05:30,50.72930729048643,45.4725,143.82796375166754
2017-06-08 16:00:00+05:30,51.63758572531038,45.13375,123.29852145781658
2017-06-08 17:00:00+05:30,51.963379292671654,44.36125,82.43136806417228
2017-06-08 18:00:00+05:30,51.68331545743234,43.0775,35.26974779611065
2017-06-08 19:00:00+05:30,50.846312528992016,40.6675,3.972747584863409
2017-06-08 20:00:00+05:30,49.8226052130581,38.9,0.0
2017-06-08 21:00:00+05:30,48.82834037351683,38.0475,0.0
2017-06-08 22:00:00+05:30,47.893244737867306,37.269999999999996,0.0
2017-06-08 23:00:00+05:30,46.88393139429983,36.43875,0.0
2017-06-09 00:00:00+05:30,45.848513831573534,35.613749999999996,0.0
2017-06-09 01:00:00+05:30,44.83848419312698,34.835,0.0
2017-06-09 02:00:00+05:30,43.8682139268823,34.0875,0.0
2017-06-09 03:00:00+05:30,42.93642696887611,33.441250000000004,0.0
2017-06-09 04:00:00+05:30,42.034162052528224,32.888749999999995,0.0
2017-06-09 05:00:00+05:30,41.162704154808594,32.32125,0.0
2017-06-09 06:00:00+05:30,40.441077075089964,32.925000000000004,27.209195552638093
2017-06-09 07:00:00+05:30,40.1739830797451,34.963750000000005,86.62155676595714
2017-06-09 08:00:00+05:30,40.57008621885814,38.4275,147.4804918444428
2017-06-09 09:00:00+05:30,41.59707747910704,41.6125,188.12352906577715
2017-06-09 10:00:00+05:30,42.99875596428619,43.4725,200.26266538851183
2017-06-09 11:00:00+05:30,44.602307853738836,44.6025,189.5306588509881
2017-06-09 12:00:00+05:30,46.43612533705314,45.395,198.34758907580616
2017-06-09 13:00:00+05:30,48.373508394883714,45.89375,208.81546274674193
2017-06-09 14:00:00+05:30,50.05143398035713,46.0775,183.41733426200923
2017-06-09 15:00:00+05:30,51.32340751940036,45.912499999999994,151.4300475382425
2017-06-09 16:00:00+05:30,52.07816047811333,45.412499999999994,118.17497265724526
2017-06-09 17:00:00+05:30,52.265182111073855,44.611250000000005,74.96468227728788
2017-06-09 18:00:00+05:30,51.88858695928296,43.43875,30.24107903964741
2017-06-09 19:00:00+05:30,51.04102664522864,41.39625,3.607632302647804
2017-06-09 20:00:00+05:30,50.05455742053427,40.051249999999996,0.0
2017-06-09 21:00:00+05:30,49.12593425915135,39.418749999999996,0.0
2017-06-09 22:00:00+05:30,48.23161382653145,38.658750000000005,0.0
2017-06-09 23:00:00+05:30,47.26956372830152,37.69625,0.0
2017-06-10 00:00:00+05:30,46.279686661994745,36.6725,0.0
2017-06-10 01:00:00+05:30,45.31984369245381,35.77125,0.0
2017-06-10 02:00:00+05:30,44.40055151879742,35.00375,0.0
2017-06-10 03:00:00+05:30,43.510432240374655,34.28625,0.0
2017-06-10 04:00:00+05:30,42.64785083688503,33.5825,0.0
2017-06-10 05:00:00+05:30,41.80409149745886,32.90125,0.0
2017-06-10 06:00:00+05:30,41.10180414558807,33.375,24.693544140342212
2017-06-10 07:00:00+05:30,40.81043167851953,35.385,73.40659224910691
2017-06-10 08:00:00+05:30,41.03876295934562,38.58625,113.6280145702546
2017-06-10 09:00:00+05:30,41.8107327257369,41.402499999999996,150.26042215986695
2017-06-10 10:00:00+05:30,42.95684559004492,43.2675,168.86696989062415
2017-06-10 11:00:00+05:30,44.542875212668704,44.647499999999994,161.3957957787581
2017-06-10 12:00:00+05:30,46.44832438636943,45.68875,173.90611351065763
2017-06-10 13:00:00+05:30,48.382675745451635,46.35499999999999,171.3497391759034
2017-06-10 14:00:00+05:30,50.09780917812594,46.637499999999996,157.78701627436612
2017-06-10 15:00:00+05:30,51.40829361836245,46.5275,142.29362356975986
2017-06-10 16:00:00+05:30,52.231640767996055,46.042500000000004,120.98142223142031
2017-06-10 17:00:00+05:30,52.46827208454216,45.17249999999999,82.11460718018151
2017-06-10 18:00:00+05:30,52.08243914680653,43.72125,34.24934103469735
2017-06-10 19:00:00+05:30,51.123896525198276,40.767500000000005,3.8890956482802954
2017-06-10 20:00:00+05:30,50.00179695350886,38.505,0.0
2017-06-10 21:00:00+05:30,48.98262765737744,37.3925,0.0
2017-06-10 22:00:00+05:30,47.99345867095671,36.52125,0.0
2017-06-10 23:00:00+05:30,46.908935062954015,35.72875,0.0
2017-06-11 00:00:00+05:30,45.839129909186425,35.02125,0.0
2017-06-11 01:00:00+05:30,44.809246998775905,34.38875,0.0
2017-06-11 02:00:00+05:30,43.82835655116854,33.82875,0.0
2017-06-11 03:00:00+05:30,42.87778171765537,33.30500000000001,0.0
2017-06-11 04:00:00+05:30,41.94556956041126,32.7475,0.0
2017-06-11 05:00:00+05:30,41.04680153431646,32.136250000000004,0.0
2017-06-11 06:00:00+05:30,40.30270179846998,32.75625,24.994094067662015
2017-06-11 07:00:00+05:30,39.98205099721025,34.801249999999996,77.4966106044063
2017-06-11 08:00:00+05:30,40.2562646548916,38.33875,129.29038570496874
2017-06-11 09:00:00+05:30,41.03777392631076,41.36625,151.40033331630895
2017-06-11 10:00:00+05:30,42.146211343517905,43.265,165.39991087187826
2017-06-11 11:00:00+05:30,43.715808008023394,44.673750000000005,175.23620422644123
2017-06-11 12:00:00+05:30,45.5164957573012,45.69375,173.95132629088567
2017-06-11 13:00:00+05:30,47.38365102391314,46.32625,170.0478375549894
2017-06-11 14:00:00+05:30,49.108478765413494,46.60375,159.91848208113973
2017-06-11 15:00:00+05:30,50.43966184816148,46.4725,138.41975771173992
2017-06-11 16:00:00+05:30,51.265007093868824,45.935,111.31081591297993
2017-06-11 17:00:00+05:30,51.53248811417407,45.03625,72.26078337022439
2017-06-11 18:00:00+05:30,51.25688424676278,43.743750000000006,29.555889871360918
2017-06-11 19:00:00+05:30,50.4826804100919,41.26875,3.4786040862767944
2017-06-11 20:00:00+05:30,49.512511572465925,39.40375,0.0
2017-06-11 21:00:00+05:30,48.59090295748278,38.47375,0.0
2017-06-11 22:00:00+05:30,47.705600703489424,37.67625,0.0
2017-06-11 23:00:00+05:30,46.7717369041561,36.886250000000004,0.0
2017-06-12 00:00:00+05:30,45.80787644226288,36.1025,0.0
2017-06-12 01:00:00+05:30,44.857643665208414,35.378750000000004,0.0
2017-06-12 02:00:00+05:30,43.93688194483971,34.78875,0.0
2017-06-12 03:00:00+05:30,43.04039944776586,34.196250000000006,0.0
2017-06-12 04:00:00+05:30,42.17490121475133,33.56625,0.0
2017-06-12 05:00:00+05:30,41.339213932466336,32.87375,0.0
2017-06-12 06:00:00+05:30,40.660010995926896,33.54375,23.169548026528055
2017-06-12 07:00:00+05:30,40.37941369122031,35.6725,71.61390195319134
2017-06-12 08:00:00+05:30,40.62639834094791,39.26625,117.4151277695246
2017-06-12 09:00:00+05:30,41.35650443461445,42.16,137.22819794765067
2017-06-12 10:00:00+05:30,42.4080273471359,43.82125,157.54987446722293
2017-06-12 11:00:00+05:30,43.93426701380332,45.03750000000001,179.89449493534892
2017-06-12 12:00:00+05:30,45.736514192805224,45.925000000000004,173.6195145219068
2017-06-12 13:00:00+05:30,47.60687737391839,46.478750000000005,162.95326783868114
2017-06-12 14:00:00+05:30,49.334719299480646,46.690000000000005,152.61885814946984
2017-06-12 15:00:00+05:30,50.7388965999976,46.5325,144.9026740975595
2017-06-12 16:00:00+05:30,51.669199738748055,46.03875,120.16356263001005
2017-06-12 17:00:00+05:30,52.028686563749,45.20375000000001,80.4726396138482
2017-06-12 18:00:00+05:30,51.80318912277645,43.95875,34.883586594921226
2017-06-12 19:00:00+05:30,51.0153956925327,41.49875,4.067358641615648
2017-06-12 20:00:00+05:30,49.99769345268662,39.72125,0.0
2017-06-12 21:00:00+05:30,49.044913639965515,39.05,0.0
2017-06-12 22:00:00+05:30,48.13472862416326,38.419999999999995,0.0
2017-06-12 23:00:00+05:30,47.12593183295138,37.55625,0.0
2017-06-13 00:00:00+05:30,46.08924213086719,36.68750000000001,0.0
2017-06-13 01:00:00+05:30,45.08322688634172,35.955000000000005,0.0
2017-06-13 02:00:00+05:30,44.12834768222311,35.306250000000006,0.0
2017-06-13 03:00:00+05:30,43.20966533779589,34.72625,0.0
2017-06-13 04:00:00+05:30,42.319443442422205,34.2575,0.0
2017-06-13 05:00:00+05:30,41.458668682958475,33.90625,0.0
2017-06-13 06:00:00+05:30,40.74023687910927,34.321250000000006,26.759978042838227
2017-06-13 07:00:00+05:30,40.44564468979609,36.1275,76.94214481042141
2017-06-13 08:00:00+05:30,40.71797541072196,38.901250000000005,122.45387119647239
2017-06-13 09:00:00+05:30,41.54391449120067,41.43000000000001,150.06624943315978
2017-06-13 10:00:00+05:30,42.68859521877465,43.42,164.05465525858594
2017-06-13 11:00:00+05:30,44.226038612498215,45.02875,183.4774964362229
2017-06-13 12:00:00+05:30,45.995277731024515,46.24875,194.9192538152296
2017-06-13 13:00:00+05:30,47.96917205015372,47.05624999999999,207.50556506521164
2017-06-13 14:00:00+05:30,49.840709092472245,47.425,186.2528691781759
2017-06-13 15:00:00+05:30,51.27516475533474,47.324999999999996,151.79702586369876
2017-06-13 16:00:00+05:30,52.082169149417055,46.75749999999999,113.4249706535133
2017-06-13 17:00:00+05:30,52.30359227383187,45.77375,79.09198257327438
2017-06-13 18:00:00+05:30,51.951016968193784,44.356249999999996,31.737718619982235
2017-06-13 19:00:00+05:30,51.107768072919484,41.747499999999995,3.6738116854048215
2017-06-13 20:00:00+05:30,50.107741420841656,39.7275,0.0
2017-06-13 21:00:00+05:30,49.18365824753948,38.75875,0.0
2017-06-13 22:00:00+05:30,48.30440757328537,38.12,0.0
2017-06-13 23:00:00+05:30,47.37258054816802,37.666250000000005,0.0
2017-06-14 00:00:00+05:30,46.440312739445666,37.38249999999999,0.0
2017-06-14 01:00:00+05:30,45.543437680913755,37.2,0.0
2017-06-14 02:00:00+05:30,44.683874762943304,36.88375,0.0
2017-06-14 03:00:00+05:30,43.85973791378938,36.455,0.0
2017-06-14 04:00:00+05:30,43.0667164885539,35.877500000000005,0.0
2017-06-14 05:00:00+05:30,42.299207012620926,35.230000000000004,0.0
2017-06-14 06:00:00+05:30,41.65048849073377,35.427499999999995,24.958690667250227
2017-06-14 07:00:00+05:30,41.40185829717512,37.22125,79.6905165572635
2017-06-14 08:00:00+05:30,41.70899045454164,39.94,131.35710408330954
2017-06-14 09:00:00+05:30,42.46343978778776,42.2575,151.00299294194332
2017-06-14 10:00:00+05:30,43.52906097863537,43.9875,165.37179147769731
2017-06-14 11:00:00+05:30,44.9903071644502,45.36125,172.0409971414017
2017-06-14 12:00:00+05:30,46.70610978333437,46.38625,183.1975051089008
2017-06-14 13:00:00+05:30,48.5316767179615,47.03874999999999,184.24416637943204
2017-06-14 14:00:00+05:30,50.087954674099535,47.305,165.51009817357027
2017-06-14 15:00:00+05:30,51.32670177553622,47.175,148.1567249578052
2017-06-14 16:00:00+05:30,52.05635978323948,46.695,114.99886441644257
2017-06-14 17:00:00+05:30,52.215929378174785,45.8575,71.55861474403525
2017-06-14 18:00:00+05:30,51.85381584678294,44.665000000000006,29.257837038127718
2017-06-14 19:00:00+05:30,51.070892258971895,42.7575,3.530545882980036
2017-06-14 20:00:00+05:30,50.15190431431448,41.25375,0.0
2017-06-14 21:00:00+05:30,49.27563969249816,40.5225,0.0
2017-06-14 22:00:00+05:30,48.43658958114375,40.045,0.0
2017-06-14 23:00:00+05:30,47.52073405212268,39.505,0.0
2017-06-15 00:00:00+05:30,46.612829278949214,38.82375,0.0
2017-06-15 01:00:00+05:30,45.743933175592964,38.0625,0.0
2017-06-15 02:00:00+05:30,44.91304336381296,37.33875,0.0
2017-06-15 03:00:00+05:30,44.1125666150837,36.63625,0.0
2017-06-15 04:00:00+05:30,43.33265791831741,35.9075,0.0
2017-06-15 05:00:00+05:30,42.56941721180101,35.18,0.0
2017-06-15 06:00:00+05:30,41.921784511850156,35.21625,23.86829418843719
2017-06-15 07:00:00+05:30,41.656688740774214,36.925,74.3923233740991
2017-06-15 08:00:00+05:30,41.89461293294357,39.82750000000001,123.18084670459709
2017-06-15 09:00:00+05:30,42.58870325925591,42.17625,149.49995907524692
2017-06-15 10:00:00+05:30,43.60133336829883,43.81999999999999,159.9079632638552
2017-06-15 11:00:00+05:30,45.09887031628365,45.15875,163.72048982104337
2017-06-15 12:00:00+05:30,46.867823446461394,46.18875,174.68863191837696
2017-06-15 13:00:00+05:30,48.649639868548164,46.88,168.85889004219558
2017-06-15 14:00:00+05:30,50.30338343210063,47.23375,156.17862093453635
2017-06-15 15:00:00+05:30,51.6301842970458,47.18875,141.91311893375703
2017-06-15 16:00:00+05:30,52.51112000929608,46.69125,117.38389519703074
2017-06-15 17:00:00+05:30,52.85252203906223,45.777499999999996,80.8608342550893
2017-06-15 18:00:00+05:30,52.62079350271784,44.511250000000004,36.268335825828835
2017-06-15 19:00:00+05:30,51.83943530163714,42.25875,4.5636761980852265
2017-06-15 20:00:00+05:30,50.838129227391974,40.488749999999996,0.0
2017-06-15 21:00:00+05:30,49.87609039741575,39.55,0.0
2017-06-15 22:00:00+05:30,48.96751286919643,38.79375,0.0
2017-06-15 23:00:00+05:30,47.98861486757599,38.10125,0.0
2017-06-16 00:00:00+05:30,46.989246667011756,37.5,0.0
2017-06-16 01:00:00+05:30,46.022619261513356,36.98375,0.0
2017-06-16 02:00:00+05:30,45.08799695426099,36.525,0.0
2017-06-16 03:00:00+05:30,44.182543299000855,36.14125,0.0
2017-06-16 04:00:00+05:30,43.30616704138537,35.835,0.0
2017-06-16 05:00:00+05:30,42.46367512337974,35.48625,0.0
2017-06-16 06:00:00+05:30,41.76638073699252,35.64625,28.777365643685933
2017-06-16 07:00:00+05:30,41.54317759837197,37.386250000000004,90.37563235545423
2017-06-16 08:00:00+05:30,41.99107624380722,40.3325,150.0121000239393
2017-06-16 09:00:00+05:30,43.04975931849302,42.99625,182.51685390291908
2017-06-16 10:00:00+05:30,44.3969378584612,44.982499999999995,177.52158426654591
2017-06-16 11:00:00+05:30,45.97132467379383,46.40625,159.06963970195378
2017-06-16 12:00:00+05:30,47.78587658903986,47.36625000000001,171.48847150616257
2017-06-16 13:00:00+05:30,49.523264022112826,47.926249999999996,170.63896577005957
2017-06-16 14:00:00+05:30,51.124262167331196,48.0925,163.7768210037052
2017-06-16 15:00:00+05:30,52.38596497291463,47.887499999999996,144.08300858846516
2017-06-16 16:00:00+05:30,53.18641084052666,47.36,118.32543683732047
2017-06-16 17:00:00+05:30,53.46148549064828,46.495,85.94961786325759
2017-06-16 18:00:00+05:30,53.14115006351918,45.201249999999995,37.43664376231024
2017-06-16 19:00:00+05:30,52.275988029350295,42.6125,4.608127765789584
2017-06-16 20:00:00+05:30,51.2230691676845,40.65875,0.0
2017-06-16 21:00:00+05:30,50.24102426264174,39.832499999999996,0.0
2017-06-16 22:00:00+05:30,49.29244512234258,39.35000000000001,0.0
2017-06-16 23:00:00+05:30,48.255375568501584,38.8875,0.0
2017-06-17 00:00:00+05:30,47.23312166352825,38.375,0.0
2017-06-17 01:00:00+05:30,46.26021927834117,37.855,0.0
2017-06-17 02:00:00+05:30,45.32981853967393,37.3225,0.0
2017-06-17 03:00:00+05:30,44.42787592403917,36.445,0.0
2017-06-17 04:00:00+05:30,43.542992554928134,35.29625,0.0
2017-06-17 05:00:00+05:30,42.70046071322952,34.65625,0.0
2017-06-17 06:00:00+05:30,42.02797849711264,35.43375,27.200636703275983
2017-06-17 07:00:00+05:30,41.79595855015304,37.07625,85.50491039302966
2017-06-17 08:00:00+05:30,42.17194647230571,39.65875,141.53649990640642
2017-06-17 09:00:00+05:30,43.09705670585522,42.32875000000001,169.74876096681763
2017-06-17 10:00:00+05:30,44.281830068473,44.33375,178.06631945979487
2017-06-17 11:00:00+05:30,45.82934919934964,45.85875,182.36717829441906
2017-06-17 12:00:00+05:30,47.59654262115771,47.005,186.71836813252426
2017-06-17 13:00:00+05:30,49.416810526697,47.7425,196.79899321620366
2017-06-17 14:00:00+05:30,51.021089004894996,48.003750000000004,177.48753306372467
2017-06-17 15:00:00+05:30,52.23116480535114,47.68,141.6495013536576
2017-06-17 16:00:00+05:30,52.87727413536057,46.85124999999999,113.48652737933256
2017-06-17 17:00:00+05:30,52.95844869699603,45.555,81.96986376848085
2017-06-17 18:00:00+05:30,52.45761598030212,43.84375000000001,36.51426703240156
2017-06-17 19:00:00+05:30,51.52051214088523,41.9625,4.392808167015663
2017-06-17 20:00:00+05:30,50.468445409957646,40.3375,0.0
2017-06-17 21:00:00+05:30,49.508038347700555,39.04625,0.0
2017-06-17 22:00:00+05:30,48.501152833928955,38.18125,0.0
2017-06-17 23:00:00+05:30,47.42517212489308,37.61125,0.0
2017-06-18 00:00:00+05:30,46.36663917208159,36.995,0.0
2017-06-18 01:00:00+05:30,45.34252096488456,36.3025,0.0
2017-06-18 02:00:00+05:30,44.36279499297425,35.64,0.0
2017-06-18 03:00:00+05:30,43.43204165524908,35.11875,0.0
2017-06-18 04:00:00+05:30,42.55271266515699,34.762499999999996,0.0
2017-06-18 05:00:00+05:30,41.72653757189317,34.48125,0.0
2017-06-18 06:00:00+05:30,41.042741524420734,34.555,23.987469544874156
2017-06-18 07:00:00+05:30,40.73035382064841,35.60375,72.87159179004644
2017-06-18 08:00:00+05:30,40.89967034437377,37.62625,121.02197925676792
2017-06-18 09:00:00+05:30,41.56433629649013,40.081250000000004,155.63462349921963
2017-06-18 10:00:00+05:30,42.58188009408455,42.47375,189.67293380457613
2017-06-18 11:00:00+05:30,43.94063585835359,44.50250000000001,219.2957426500024
2017-06-18 12:00:00+05:30,45.42915420610592,45.96875,187.50490173289893
2017-06-18 13:00:00+05:30,47.00208627082907,46.89875,183.5237458010234
2017-06-18 14:00:00+05:30,48.49262321560163,47.348749999999995,157.69263975265383
2017-06-18 15:00:00+05:30,49.56160457094596,47.300000000000004,156.74515973345785
2017-06-18 16:00:00+05:30,50.26961493117001,46.74125,132.88817156245918
2017-06-18 17:00:00+05:30,50.523413539294324,45.553749999999994,78.96784623609315
2017-06-18 18:00:00+05:30,50.20929875022784,43.6725,30.24511224359924
2017-06-18 19:00:00+05:30,49.382468275193744,41.28875,3.3100400970929282
2017-06-18 20:00:00+05:30,48.3897916101451,39.08375,0.0
2017-06-18 21:00:00+05:30,47.46786956811599,37.52375,0.0
2017-06-18 22:00:00+05:30,46.50371463020848,36.627500000000005,0.0
2017-06-18 23:00:00+05:30,45.502411342501574,36.13,0.0
2017-06-19 00:00:00+05:30,44.537502091563326,35.74875,0.0
2017-06-19 01:00:00+05:30,43.61750403520438,35.36625,0.0
2017-06-19 02:00:00+05:30,42.73902078617379,34.938750000000006,0.0
2017-06-19 03:00:00+05:30,41.9014738918261,34.495,0.0
2017-06-19 04:00:00+05:30,41.10446157575803,34.055,0.0
2017-06-19 05:00:00+05:30,40.35960250824368,33.739999999999995,0.0
2017-06-19 06:00:00+05:30,39.759021442849914,34.012499999999996,23.646028112495223
2017-06-19 07:00:00+05:30,39.50177467295879,35.155,68.07524340599929
2017-06-19 08:00:00+05:30,39.67228317399811,36.735,113.67058252344547
2017-06-19 09:00:00+05:30,40.29104574110484,38.268750000000004,150.52031523807094
2017-06-19 10:00:00+05:30,41.1920945851734,39.48875,172.53309753828015
2017-06-19 11:00:00+05:30,42.4103963286097,40.3275,173.25806071740215
2017-06-19 12:00:00+05:30,43.7656324139719,41.133750000000006,165.02764348597324
2017-06-19 13:00:00+05:30,45.00630651117734,42.14125,176.4380806207297
2017-06-19 14:00:00+05:30,45.80825996738718,43.1375,146.47037238029122
2017-06-19 15:00:00+05:30,46.363756142609674,43.52125,119.08892863483284
2017-06-19 16:00:00+05:30,46.916196455853125,43.1275,112.73116493970471
2017-06-19 17:00:00+05:30,47.11859596181739,42.03,72.07488866538985
2017-06-19 18:00:00+05:30,46.83018551506501,40.2825,28.141669956043973
2017-06-19 19:00:00+05:30,46.119442736592816,38.152499999999996,3.166873104359285
2017-06-19 20:00:00+05:30,45.271013458364905,36.2575,0.0
2017-06-19 21:00:00+05:30,44.46230148774286,34.9325,0.0
2017-06-19 22:00:00+05:30,43.58742341883412,34.144999999999996,0.0
2017-06-19 23:00:00+05:30,42.666940148827806,33.707499999999996,0.0
2017-06-20 00:00:00+05:30,41.78002525174284,33.43625,0.0
2017-06-20 01:00:00+05:30,40.94825132508953,33.075,0.0
2017-06-20 02:00:00+05:30,40.169134065705876,32.55375,0.0
2017-06-20 03:00:00+05:30,39.42311085365542,31.871250000000003,0.0
2017-06-20 04:00:00+05:30,38.696491851593414,31.083750000000002,0.0
2017-06-20 05:00:00+05:30,37.98836288218389,30.2925,0.0
2017-06-20 06:00:00+05:30,37.36590143243721,29.7375,23.053337553238247
2017-06-20 07:00:00+05:30,37.03457726615284,29.71125,72.06217236198324
2017-06-20 08:00:00+05:30,37.10446042394884,30.40875,119.78296703118558
2017-06-20 09:00:00+05:30,37.572392454104325,32.12375,146.63958712320616
2017-06-20 10:00:00+05:30,38.34185342057396,34.3175,160.40501967016024
2017-06-20 11:00:00+05:30,39.661801779600886,36.24375,180.67697225293642
2017-06-20 12:00:00+05:30,41.23199952866611,37.9,177.82403686793603
2017-06-20 13:00:00+05:30,43.08774591004732,39.33125,191.3536249993321
2017-06-20 14:00:00+05:30,44.7738887569109,40.31125,156.60278623999778
2017-06-20 15:00:00+05:30,46.039515397132426,40.743750000000006,125.30116542399819
2017-06-20 16:00:00+05:30,46.77642958551438,40.730000000000004,90.10111821402916
2017-06-20 17:00:00+05:30,46.96952528227606,40.27,56.75604521718895
2017-06-20 18:00:00+05:30,46.670090200566094,39.3175,21.801356257603288
2017-06-20 19:00:00+05:30,46.00531026943103,37.996249999999996,2.7499490202150056
2017-06-20 20:00:00+05:30,45.148511707564474,36.79125,0.0
2017-06-20 21:00:00+05:30,44.26397899541963,35.79,0.0
2017-06-20 22:00:00+05:30,43.456474739133476,34.886250000000004,0.0
2017-06-20 23:00:00+05:30,42.66316595436706,34.035000000000004,0.0
2017-06-21 00:00:00+05:30,41.80653934368449,33.2075,0.0
2017-06-21 01:00:00+05:30,40.9503858030285,32.474999999999994,0.0
2017-06-21 02:00:00+05:30,40.117298414692605,31.8825,0.0
2017-06-21 03:00:00+05:30,39.32237762449765,31.42375,0.0
2017-06-21 04:00:00+05:30,38.581164278506066,31.03875,0.0
2017-06-21 05:00:00+05:30,37.89162352697306,30.706249999999997,0.0
2017-06-21 06:00:00+05:30,37.31578422247834,30.79,21.786052882984016
2017-06-21 07:00:00+05:30,37.06417027459389,31.753749999999997,67.08761395917304
2017-06-21 08:00:00+05:30,37.2093035776088,33.39125,107.5480782108506
2017-06-21 09:00:00+05:30,37.78617423097598,35.30125,149.24991487298442
2017-06-21 10:00:00+05:30,38.72828872491884,37.24625,185.81966937838024
2017-06-21 11:00:00+05:30,40.17451079111152,38.901250000000005,195.96938376588093
2017-06-21 12:00:00+05:30,41.80213515553724,40.022499999999994,187.9661733129785
2017-06-21 13:00:00+05:30,43.650896455374806,40.572500000000005,187.68866300905347
2017-06-21 14:00:00+05:30,45.34910339839535,40.55625,168.0825915215538
2017-06-21 15:00:00+05:30,46.66373669188812,40.11375,143.419664119679
2017-06-21 16:00:00+05:30,47.50334812057004,39.631249999999994,116.31309141091594
2017-06-21 17:00:00+05:30,47.82858525325564,39.095,80.2735402250415
2017-06-21 18:00:00+05:30,47.62094615355576,38.357499999999995,34.11409509947173
2017-06-21 19:00:00+05:30,46.9929746392849,37.5625,4.375033337869484
2017-06-21 20:00:00+05:30,46.15823779104938,36.95125,0.0
2017-06-21 21:00:00+05:30,45.3020216664565,36.46,0.0
2017-06-21 22:00:00+05:30,44.47461073554409,35.917500000000004,0.0
2017-06-21 23:00:00+05:30,43.67149710721286,35.306250000000006,0.0
2017-06-22 00:00:00+05:30,42.8235907213319,34.676249999999996,0.0
2017-06-22 01:00:00+05:30,41.97081695769725,34.065000000000005,0.0
2017-06-22 02:00:00+05:30,41.14928130609505,33.52125,0.0
2017-06-22 03:00:00+05:30,40.36885696507446,33.067499999999995,0.0
2017-06-22 04:00:00+05:30,39.63713205940808,32.70375,0.0
2017-06-22 05:00:00+05:30,38.95600814487646,32.39875,0.0
2017-06-22 06:00:00+05:30,38.399341686662126,32.53375,17.82870395115612
2017-06-22 07:00:00+05:30,38.13885139367503,33.504999999999995,55.115050335417024
2017-06-22 08:00:00+05:30,38.24518831860851,34.9125,97.68083247667353
2017-06-22 09:00:00+05:30,38.72913618334917,36.1475,140.051953752352
2017-06-22 10:00:00+05:30,39.467571536706764,37.1725,166.5468658421189
2017-06-22 11:00:00+05:30,40.49052147505979,38.065000000000005,167.25566219951645
2017-06-22 12:00:00+05:30,41.663588520949915,38.81125,179.94400242740636
2017-06-22 13:00:00+05:30,43.00600202560223,39.37625,191.75061641172158
2017-06-22 14:00:00+05:30,44.34965230717796,39.67250000000001,155.5544889375319
2017-06-22 15:00:00+05:30,45.32823118233587,39.45875,125.17268826193656
2017-06-22 16:00:00+05:30,45.71025074222479,39.0025,76.54704926967327
2017-06-22 17:00:00+05:30,45.643603924035375,38.417500000000004,44.67046847771478
2017-06-22 18:00:00+05:30,45.219888295429534,37.62625,17.676017021520263
2017-06-22 19:00:00+05:30,44.535300973051136,36.706250000000004,2.027801465047447
2017-06-22 20:00:00+05:30,43.809030695405525,35.9,0.0
2017-06-22 21:00:00+05:30,43.11511150636497,35.24875,0.0
2017-06-22 22:00:00+05:30,42.443585259175045,34.66375,0.0
2017-06-22 23:00:00+05:30,41.74427326502036,34.1125,0.0
2017-06-23 00:00:00+05:30,41.025472931828595,33.6225,0.0
2017-06-23 01:00:00+05:30,40.32428678394293,33.2,0.0
2017-06-23 02:00:00+05:30,39.650258636957076,32.856249999999996,0.0
2017-06-23 03:00:00+05:30,39.00570830007612,32.54,0.0
2017-06-23 04:00:00+05:30,38.39418304512115,32.20125,0.0
2017-06-23 05:00:00+05:30,37.81698808030013,31.8825,0.0
2017-06-23 06:00:00+05:30,37.35194132715331,32.1825,19.434746015674968
2017-06-23 07:00:00+05:30,37.19623663584482,33.48625,61.13830307111046
2017-06-23 08:00:00+05:30,37.451082736591886,35.13875,113.61232673578225
2017-06-23 09:00:00+05:30,38.09299921702536,36.643750000000004,154.23144152302004
2017-06-23 10:00:00+05:30,38.96577561047294,37.94875,167.70616681480698
2017-06-23 11:00:00+05:30,40.245224276462785,39.091249999999995,184.1850821231302
2017-06-23 12:00:00+05:30,41.68446024664904,39.9125,187.59089667768808
2017-06-23 13:00:00+05:30,43.2325029066848,40.57875,188.95786453411154
2017-06-23 14:00:00+05:30,44.64262817460986,41.042500000000004,161.28310437451773
2017-06-23 15:00:00+05:30,45.71584617199943,41.282500000000006,131.80874284364347
2017-06-23 16:00:00+05:30,46.25002379007995,41.2,81.19526603753621
2017-06-23 17:00:00+05:30,46.322761953106095,40.6225,50.873713656248086
2017-06-23 18:00:00+05:30,46.01949392353578,39.6675,21.694394453653885
2017-06-23 19:00:00+05:30,45.43717896560929,38.53875,2.484380818548479
2017-06-23 20:00:00+05:30,44.75387674111946,37.75625,0.0
2017-06-23 21:00:00+05:30,44.088083557381026,37.2125,0.0
2017-06-23 22:00:00+05:30,43.44727961126486,36.57875,0.0
2017-06-23 23:00:00+05:30,42.79425808366325,35.845,0.0
2017-06-24 00:00:00+05:30,42.091202957756245,35.0975,0.0
2017-06-24 01:00:00+05:30,41.389473004912375,34.47,0.0
2017-06-24 02:00:00+05:30,40.69416471552587,33.86625,0.0
2017-06-24 03:00:00+05:30,40.00359736431297,33.0925,0.0
2017-06-24 04:00:00+05:30,39.326972269230616,32.3575,0.0
2017-06-24 05:00:00+05:30,38.67059804530274,31.80375,0.0
2017-06-24 06:00:00+05:30,38.10940404509664,31.8075,17.234254810381163
2017-06-24 07:00:00+05:30,37.35015334966162,32.88875,55.55366440876294
2017-06-24 08:00:00+05:30,35.66753848682066,34.401250000000005,97.77249693799779
2017-06-24 09:00:00+05:30,34.320535544861094,35.385,132.15677507276422
2017-06-24 10:00:00+05:30,34.371500068543945,36.265,154.22021030929625
2017-06-24 11:00:00+05:30,35.06655444832504,37.2025,155.36687942387348
2017-06-24 12:00:00+05:30,36.105071627310565,37.95875,161.34402360057612
2017-06-24 13:00:00+05:30,37.49235725222118,38.41625,166.7611542234905
2017-06-24 14:00:00+05:30,37.751849330093805,38.53375,167.79511969641794
2017-06-24 15:00:00+05:30,38.55337525376321,38.455,150.2171309929202
2017-06-24 16:00:00+05:30,39.694607486877146,38.1475,118.57227897259608
2017-06-24 17:00:00+05:30,40.440654317026606,37.57125,77.43653659540146
2017-06-24 18:00:00+05:30,40.685790107391654,36.745,34.086044551488676
2017-06-24 19:00:00+05:30,40.53930730306584,35.91875,4.453118987167915
2017-06-24 20:00:00+05:30,40.205449630475016,35.34875,0.0
2017-06-24 21:00:00+05:30,39.783142825695435,35.04875,0.0
2017-06-24 22:00:00+05:30,39.353049134539646,34.638749999999995,0.0
2017-06-24 23:00:00+05:30,38.930268906818554,34.214999999999996,0.0
2017-06-25 00:00:00+05:30,38.48688687091805,33.755,0.0
2017-06-25 01:00:00+05:30,38.00504301876098,33.2975,0.0
2017-06-25 02:00:00+05:30,37.52859501310959,32.84625,0.0
2017-06-25 03:00:00+05:30,37.0572263662029,32.363749999999996,0.0
2017-06-25 04:00:00+05:30,36.58957330498656,31.8925,0.0
2017-06-25 05:00:00+05:30,36.12443293890667,31.451249999999995,0.0
2017-06-25 06:00:00+05:30,35.74320890504174,31.42125,18.276397780698666
2017-06-25 07:00:00+05:30,35.651318605527976,32.49375,59.38993897687597
2017-06-25 08:00:00+05:30,35.10524102845248,34.377500000000005,110.18334275925457
2017-06-25 09:00:00+05:30,34.712671780171114,36.143750000000004,149.75550180188537
2017-06-25 10:00:00+05:30,35.19564980525198,37.565,168.51482355115647
2017-06-25 11:00:00+05:30,36.41122830669252,38.735,187.35562646250045
2017-06-25 12:00:00+05:30,38.170627256506116,39.37125,189.42077710489622
2017-06-25 13:00:00+05:30,39.89636870910606,39.80375,165.76804521596716
2017-06-25 14:00:00+05:30,41.497374785981364,40.21125,163.95862942994307
2017-06-25 15:00:00+05:30,42.851656545372705,40.3625,135.97561444921598
2017-06-25 16:00:00+05:30,43.825851796600055,40.12625,109.72208339274418
2017-06-25 17:00:00+05:30,44.34133082619119,39.542500000000004,75.31162375297194
2017-06-25 18:00:00+05:30,44.383440506312446,38.69875,31.78204917116558
2017-06-25 19:00:00+05:30,44.054507233113654,37.81875,4.157371339263968
2017-06-25 20:00:00+05:30,43.51798522636505,37.0,0.0
2017-06-25 21:00:00+05:30,42.88105932861154,36.25,0.0
2017-06-25 22:00:00+05:30,42.26885400838423,35.58625,0.0
2017-06-25 23:00:00+05:30,41.69454719632802,35.05,0.0
2017-06-26 00:00:00+05:30,41.13786404259783,34.6075,0.0
2017-06-26 01:00:00+05:30,40.562020677220495,34.325,0.0
2017-06-26 02:00:00+05:30,40.00204208804434,34.137499999999996,0.0
2017-06-26 03:00:00+05:30,39.46901676914085,34.13875,0.0
2017-06-26 04:00:00+05:30,38.96169731518877,34.055,0.0
2017-06-26 05:00:00+05:30,38.475296975258104,33.842499999999994,0.0
2017-06-26 06:00:00+05:30,38.04968871810342,33.90375,8.962627548253366
2017-06-26 07:00:00+05:30,37.79127587381112,34.54625,31.629225852725035
2017-06-26 08:00:00+05:30,37.787330261186916,35.5925,66.86579993455804
2017-06-26 09:00:00+05:30,37.515656199970145,36.67,113.07569430045439
2017-06-26 10:00:00+05:30,36.15178102811374,37.46625,165.41201503746748
2017-06-26 11:00:00+05:30,34.92722984145938,37.77875,199.5039716156889
2017-06-26 12:00:00+05:30,34.6039877317764,37.78875,196.5580744378534
2017-06-26 13:00:00+05:30,35.21453691231125,37.8075,190.97660873779097
2017-06-26 14:00:00+05:30,36.24265265209965,37.78625,176.16628097752792
2017-06-26 15:00:00+05:30,37.56311734999446,37.5475,152.8465320678697
2017-06-26 16:00:00+05:30,38.75436454205871,37.095,126.78871727440543
2017-06-26 17:00:00+05:30,39.43279044459714,36.43125,76.12299176458754
2017-06-26 18:00:00+05:30,39.58457624337155,35.43125,28.8007729362459
2017-06-26 19:00:00+05:30,39.3538193739986,34.25,3.688868262749648
2017-06-26 20:00:00+05:30,38.91176449236053,33.46875,0.0
2017-06-26 21:00:00+05:30,38.44661494022364,32.995,0.0
2017-06-26 22:00:00+05:30,37.98332145990158,32.561249999999994,0.0
2017-06-26 23:00:00+05:30,37.51393105750307,32.131249999999994,0.0
2017-06-27 00:00:00+05:30,36.9926140418476,31.695,0.0
2017-06-27 01:00:00+05:30,36.47617918529603,31.292500000000004,0.0
2017-06-27 02:00:00+05:30,35.98505514292051,30.9375,0.0
2017-06-27 03:00:00+05:30,35.50379629944243,30.57875,0.0
2017-06-27 04:00:00+05:30,35.02752617890248,30.196250000000003,0.0
2017-06-27 05:00:00+05:30,34.55818308161675,29.8375,0.0
2017-06-27 06:00:00+05:30,34.177415180302106,29.91,20.962475978947055
2017-06-27 07:00:00+05:30,34.101096055472546,30.98,64.69242315323388
2017-06-27 08:00:00+05:30,34.40720357192812,32.29375,114.02191036524394
2017-06-27 09:00:00+05:30,35.020278038053256,33.44,152.26015029635658
2017-06-27 10:00:00+05:30,35.91299109432835,34.684999999999995,189.46388124574327
2017-06-27 11:00:00+05:30,37.167131568871866,36.05499999999999,217.1327936785437
2017-06-27 12:00:00+05:30,38.44427775322975,37.28,194.83128250315832
2017-06-27 13:00:00+05:30,39.74931038077858,38.243750000000006,190.13339876792315
2017-06-27 14:00:00+05:30,41.113802221121986,38.92,179.5029444844885
2017-06-27 15:00:00+05:30,42.24246847483119,39.261250000000004,137.20783438353413
2017-06-27 16:00:00+05:30,42.94015880556704,39.2275,106.20029426861873
2017-06-27 17:00:00+05:30,43.22402074733658,38.7975,67.42056245914128
2017-06-27 18:00:00+05:30,43.12086698636317,37.905,28.65494216465345
2017-06-27 19:00:00+05:30,42.67583808780882,36.412499999999994,3.613726157826111
2017-06-27 20:00:00+05:30,42.028136082696115,35.34125,0.0
2017-06-27 21:00:00+05:30,41.395828885569166,34.708749999999995,0.0
2017-06-27 22:00:00+05:30,40.78609413006129,34.029999999999994,0.0
2017-06-27 23:00:00+05:30,40.17321226224921,33.32875,0.0
2017-06-28 00:00:00+05:30,39.50603186221012,32.676249999999996,0.0
2017-06-28 01:00:00+05:30,38.8434016340846,32.17124999999999,0.0
2017-06-28 02:00:00+05:30,38.2052207222367,31.784999999999997,0.0
2017-06-28 03:00:00+05:30,37.59500936961659,31.45,0.0
2017-06-28 04:00:00+05:30,37.01470721375635,31.142500000000002,0.0
2017-06-28 05:00:00+05:30,36.462841927485194,30.861250000000002,0.0
2017-06-28 06:00:00+05:30,36.017500905229795,31.0725,20.98206770124971
2017-06-28 07:00:00+05:30,35.90690401667561,32.3475,68.29072478402762
2017-06-28 08:00:00+05:30,36.20721803932947,33.787499999999994,113.40931617303565
2017-06-28 09:00:00+05:30,36.87084441588994,34.685,149.56049139658433
2017-06-28 10:00:00+05:30,37.84169933410716,35.214999999999996,180.53436507955018
2017-06-28 11:00:00+05:30,39.12389539759407,35.573750000000004,185.76763796105536
2017-06-28 12:00:00+05:30,40.45014266822935,35.714999999999996,173.53330099123426
2017-06-28 13:00:00+05:30,41.79086409449303,35.661249999999995,181.1941473169166
2017-06-28 14:00:00+05:30,42.9218925182752,35.495,165.09909379443067
2017-06-28 15:00:00+05:30,43.62189110142278,35.2825,109.88927060994587
2017-06-28 16:00:00+05:30,43.86790514298759,35.04375,70.20828458686472
2017-06-28 17:00:00+05:30,43.73447225331492,34.725,59.58974737019106
2017-06-28 18:00:00+05:30,43.27872446517794,34.23375000000001,27.75316116195309
2017-06-28 19:00:00+05:30,42.60198074803467,33.61375,3.3912757103581566
2017-06-28 20:00:00+05:30,41.866166542465706,33.20125,0.0
2017-06-28 21:00:00+05:30,41.1594110136925,32.875,0.0
2017-06-28 22:00:00+05:30,40.471982465898236,32.24,0.0
2017-06-28 23:00:00+05:30,39.78100363362408,31.59625,0.0
2017-06-29 00:00:00+05:30,39.04839403534686,31.09,0.0
2017-06-29 01:00:00+05:30,38.32526105235294,30.634999999999998,0.0
2017-06-29 02:00:00+05:30,37.62034693164172,30.2325,0.0
2017-06-29 03:00:00+05:30,36.94177733070043,29.85875,0.0
2017-06-29 04:00:00+05:30,36.29359830886662,29.495,0.0
2017-06-29 05:00:00+05:30,35.678138626371506,29.166249999999998,0.0
2017-06-29 06:00:00+05:30,35.12590162340099,29.237500000000004,4.505532604910203
2017-06-29 07:00:00+05:30,34.702360825284075,30.29375,12.448969072017018
2017-06-29 08:00:00+05:30,34.43373972176514,31.67875,23.682033391991297
2017-06-29 09:00:00+05:30,34.36571414769678,32.919999999999995,46.0590560368847
2017-06-29 10:00:00+05:30,34.54511567245159,34.295,73.86239476047147
2017-06-29 11:00:00+05:30,35.017800637512465,35.85625,101.421599727866
2017-06-29 12:00:00+05:30,35.73163912532836,37.347500000000004,129.52096705312672
2017-06-29 13:00:00+05:30,36.78285794490469,38.542500000000004,181.9611976775158
2017-06-29 14:00:00+05:30,37.904964395875496,39.3525,178.10502359817616
2017-06-29 15:00:00+05:30,38.97590569429538,39.587500000000006,145.34052013090212
2017-06-29 16:00:00+05:30,39.936974890184466,39.2425,119.32534938141562
2017-06-29 17:00:00+05:30,40.56192362315928,38.415,78.66046364217735
2017-06-29 18:00:00+05:30,40.721939450231076,37.177499999999995,32.419399818648166
2017-06-29 19:00:00+05:30,40.46840879961876,35.491249999999994,4.1981605146661884
2017-06-29 20:00:00+05:30,39.958048102190965,34.23375,0.0
2017-06-29 21:00:00+05:30,39.451443485708886,33.5125,0.0
2017-06-29 22:00:00+05:30,38.964345328710245,32.96125000000001,0.0
2017-06-29 23:00:00+05:30,38.442705375163385,32.495,0.0
2017-06-30 00:00:00+05:30,37.880539764426295,32.11125,0.0
2017-06-30 01:00:00+05:30,37.32160408865364,31.755000000000003,0.0
2017-06-30 02:00:00+05:30,36.76461457631464,31.35125,0.0
2017-06-30 03:00:00+05:30,36.213888019905895,30.8775,0.0
2017-06-30 04:00:00+05:30,35.672835237348785,30.3775,0.0
2017-06-30 05:00:00+05:30,35.149104262640904,29.946250000000003,0.0
2017-06-30 06:00:00+05:30,34.71959701960644,29.94375,20.451245446787404
2017-06-30 07:00:00+05:30,34.57747885617307,30.74875,64.16828294691763
2017-06-30 08:00:00+05:30,34.81197502050777,32.105,111.52321330775257
2017-06-30 09:00:00+05:30,35.37108034520848,33.372499999999995,140.6667012871216
2017-06-30 10:00:00+05:30,36.06501159397801,34.25625,143.05576124344296
2017-06-30 11:00:00+05:30,37.003421199857286,34.755,153.19012792738414
2017-06-30 12:00:00+05:30,37.37751127442519,34.89,179.41060680444127
2017-06-30 13:00:00+05:30,36.04753151897098,34.427499999999995,203.5707954389543
2017-06-30 14:00:00+05:30,34.806645351375224,33.3,171.13771323304977
2017-06-30 15:00:00+05:30,33.64913909209783,31.97125,141.39216000519724
2017-06-30 16:00:00+05:30,32.664166261977975,30.8675,102.87702525574062
2017-06-30 17:00:00+05:30,31.80599903937589,29.96875,62.87171167058391
2017-06-30 18:00:00+05:30,31.02903022173853,29.2125,25.454090880531083
2017-06-30 19:00:00+05:30,30.346730912505542,28.575000000000003,2.9297993090143004
2017-06-30 20:00:00+05:30,29.786023905401514,28.14375,0.0
2017-06-30 21:00:00+05:30,29.32402297491979,27.919999999999998,0.0
2017-06-30 22:00:00+05:30,28.94843686841729,27.82875,0.0
2017-06-30 23:00:00+05:30,28.644452061351753,27.8475,0.0
2017-07-01 00:00:00+05:30,28.377114377678254,27.88875,0.0
2017-07-01 01:00:00+05:30,28.13129928302186,27.775,0.0
2017-07-01 02:00:00+05:30,27.911248530785052,27.5875,0.0
2017-07-01 03:00:00+05:30,27.708908828942572,27.4075,0.0
2017-07-01 04:00:00+05:30,27.51819683103195,27.20875,0.0
2017-07-01 05:00:00+05:30,27.33918254093213,27.061249999999998,0.0
2017-07-01 06:00:00+05:30,27.205021916870816,27.22,10.10441428001166
2017-07-01 07:00:00+05:30,27.313591591495157,28.071250000000003,33.21285466834519
2017-07-01 08:00:00+05:30,27.668368872932067,29.57875,58.656125404347655
2017-07-01 09:00:00+05:30,28.271549970053535,31.22,85.25870586793448
2017-07-01 10:00:00+05:30,29.080308327332798,32.713750000000005,119.9703872759683
2017-07-01 11:00:00+05:30,29.985986282113313,34.03125,114.53333399477914
2017-07-01 12:00:00+05:30,30.828136189167317,35.0375,107.57717362689351
2017-07-01 13:00:00+05:30,30.72488418487552,35.74125,128.899766682757
2017-07-01 14:00:00+05:30,30.31833556218009,35.98875,134.43185122852432
2017-07-01 15:00:00+05:30,30.038888099163554,35.8125,121.44418707431319
2017-07-01 16:00:00+05:30,29.791996180941016,35.1375,89.29479827511295
2017-07-01 17:00:00+05:30,30.056962050591462,34.13125,53.30792035101771
2017-07-01 18:00:00+05:30,30.196556682838352,32.88625,21.58623227604714
2017-07-01 19:00:00+05:30,30.09006210941025,31.505,2.3357246126642277
2017-07-01 20:00:00+05:30,29.625528576712423,30.49875,0.0
2017-07-01 21:00:00+05:30,29.410744231525197,29.90375,0.0
2017-07-01 22:00:00+05:30,29.25830794198643,29.4575,0.0
2017-07-01 23:00:00+05:30,29.149340651072773,29.1,0.0
2017-07-02 00:00:00+05:30,29.04154489239323,28.755000000000003,0.0
2017-07-02 01:00:00+05:30,28.920540784302347,28.38875,0.0
2017-07-02 02:00:00+05:30,28.788423842340073,28.08125,0.0
2017-07-02 03:00:00+05:30,28.64660451604842,27.86125,0.0
2017-07-02 04:00:00+05:30,28.50634134875423,27.721249999999998,0.0
2017-07-02 05:00:00+05:30,28.37649069977243,27.74875,0.0
2017-07-02 06:00:00+05:30,28.300620707185438,28.1275,11.155166831002996
2017-07-02 07:00:00+05:30,28.379750180799537,29.08625,33.91437285663694
2017-07-02 08:00:00+05:30,28.661541542763743,30.6275,60.83287330229227
2017-07-02 09:00:00+05:30,29.143517981780168,32.30500000000001,87.90944054586576
2017-07-02 10:00:00+05:30,29.874800792503883,33.845,115.51817767580765
2017-07-02 11:00:00+05:30,30.761399915909493,35.15,130.0961976127723
2017-07-02 12:00:00+05:30,31.683163588854548,36.2625,113.3507933460568
2017-07-02 13:00:00+05:30,32.71689515251801,37.160000000000004,127.66171961103305
2017-07-02 14:00:00+05:30,33.69594022112939,37.722500000000004,110.99217895313109
2017-07-02 15:00:00+05:30,34.520244818236655,37.47375,89.6238335293159
2017-07-02 16:00:00+05:30,35.18905214132028,36.44875,80.29873762738397
2017-07-02 17:00:00+05:30,35.61874924126645,35.24875,48.40132799474738
2017-07-02 18:00:00+05:30,35.76937466757349,34.02875,19.364410771030435
2017-07-02 19:00:00+05:30,35.66419114768816,32.7725,2.4052806971537906
2017-07-02 20:00:00+05:30,35.38706901155074,31.81875,0.0
2017-07-02 21:00:00+05:30,35.00910033503426,31.098750000000003,0.0
2017-07-02 22:00:00+05:30,34.63764007223054,30.4525,0.0
2017-07-02 23:00:00+05:30,34.265475769180185,29.913750000000004,0.0
2017-07-03 00:00:00+05:30,33.85328773568324,29.4675,0.0
2017-07-03 01:00:00+05:30,33.429238543120896,29.12875,0.0
2017-07-03 02:00:00+05:30,33.01679754765132,28.82625,0.0
2017-07-03 03:00:00+05:30,32.615759825478186,28.4725,0.0
2017-07-03 04:00:00+05:30,32.22596210732034,28.167500000000004,0.0
2017-07-03 05:00:00+05:30,31.852602534390197,27.9575,0.0
2017-07-03 06:00:00+05:30,31.542446112674885,28.23375,8.476921096022611
2017-07-03 07:00:00+05:30,31.398543938294548,29.4525,25.609358643223032
2017-07-03 08:00:00+05:30,31.46148981897382,31.147499999999997,46.84209119903177
2017-07-03 09:00:00+05:30,31.612015412331296,32.48125,61.96455720003242
2017-07-03 10:00:00+05:30,31.092715951483278,33.2525,90.79010995472368
2017-07-03 11:00:00+05:30,30.733991879128304,33.513749999999995,125.31615983365015
2017-07-03 12:00:00+05:30,30.42538076786095,33.558749999999996,137.45682358160985
2017-07-03 13:00:00+05:30,30.17533029583793,33.50125,136.16418632614364
2017-07-03 14:00:00+05:30,29.940128995412856,33.428749999999994,125.43618533636361
2017-07-03 15:00:00+05:30,29.99316061875227,33.31625,99.67005314463755
2017-07-03 16:00:00+05:30,30.284244418955964,33.17875,66.78945623428174
2017-07-03 17:00:00+05:30,30.600779260957946,33.017500000000005,39.61133233966873
2017-07-03 18:00:00+05:30,30.801281363709485,32.550000000000004,16.18585528160128
2017-07-03 19:00:00+05:30,30.884529949898027,31.66625,1.9445666823614423
2017-07-03 20:00:00+05:30,30.866934642468994,30.936250000000005,0.0
2017-07-03 21:00:00+05:30,30.806795266119536,30.517500000000002,0.0
2017-07-03 22:00:00+05:30,30.714282607375445,30.14625,0.0
2017-07-03 23:00:00+05:30,30.573389770902466,29.725,0.0
2017-07-04 00:00:00+05:30,30.409068726970688,29.235,0.0
2017-07-04 01:00:00+05:30,30.051033858658887,28.73375,0.0
2017-07-04 02:00:00+05:30,29.527965698878443,28.262500000000003,0.0
2017-07-04 03:00:00+05:30,29.07456833794846,27.877499999999998,0.0
2017-07-04 04:00:00+05:30,28.72485272986805,27.637499999999996,0.0
2017-07-04 05:00:00+05:30,28.444740865205596,27.4825,0.0
2017-07-04 06:00:00+05:30,28.234923316717715,27.53,15.522287245399362
2017-07-04 07:00:00+05:30,28.13424400336532,27.9275,50.90763371250303
2017-07-04 08:00:00+05:30,28.136657623940472,28.73625,90.65385451579425
2017-07-04 09:00:00+05:30,28.668004933658327,29.84375,138.53053947127765
2017-07-04 10:00:00+05:30,29.59328492932752,30.89,173.4634118002023
2017-07-04 11:00:00+05:30,30.81973796838748,31.68125,204.07519713046963
2017-07-04 12:00:00+05:30,32.216033932304555,32.34,208.1397813931447
2017-07-04 13:00:00+05:30,33.79893768264186,33.03,214.11488653517404
2017-07-04 14:00:00+05:30,35.33941420778292,33.6,186.33392463090937
2017-07-04 15:00:00+05:30,36.60136278296875,33.77375000000001,133.47918960982537
2017-07-04 16:00:00+05:30,37.59034104754389,33.5325,108.1789579635888
2017-07-04 17:00:00+05:30,38.13530287706516,33.04625,71.8514794084753
2017-07-04 18:00:00+05:30,38.209235773291375,32.25875,29.00825063535997
2017-07-04 19:00:00+05:30,37.910776589065826,31.1975,3.3456807308832905
2017-07-04 20:00:00+05:30,37.40440254812436,30.32625,0.0
2017-07-04 21:00:00+05:30,36.79134054073268,29.728749999999998,0.0
2017-07-04 22:00:00+05:30,36.21369675556231,29.255000000000003,0.0
2017-07-04 23:00:00+05:30,35.65265693105697,28.8525,0.0
2017-07-05 00:00:00+05:30,35.11003978072672,28.51625,0.0
2017-07-05 01:00:00+05:30,34.573718501666974,28.2375,0.0
2017-07-05 02:00:00+05:30,34.027351844254724,27.989999999999995,0.0
2017-07-05 03:00:00+05:30,33.498379231825986,27.762500000000003,0.0
2017-07-05 04:00:00+05:30,32.987589622100636,27.511249999999997,0.0
2017-07-05 05:00:00+05:30,32.49429265420335,27.27875,0.0
2017-07-05 06:00:00+05:30,32.06982710757978,27.26875,11.553799379609952
2017-07-05 07:00:00+05:30,31.827142616492484,27.853749999999998,36.7005727190502
2017-07-05 08:00:00+05:30,31.877179454525823,29.136250000000004,77.46893759450607
2017-07-05 09:00:00+05:30,32.252402476104365,30.735,120.00046691785505
2017-07-05 10:00:00+05:30,32.958002904185626,32.18125,164.5923027600753
2017-07-05 11:00:00+05:30,33.94045670297896,33.405,172.7370889617342
2017-07-05 12:00:00+05:30,35.00890373033676,34.29625,177.99620956182326
2017-07-05 13:00:00+05:30,36.22157693789997,34.7575,202.23704100934643
2017-07-05 14:00:00+05:30,37.44167772722558,34.81375,172.06948014495947
2017-07-05 15:00:00+05:30,38.4082793319485,34.49875,127.53538422657647
2017-07-05 16:00:00+05:30,38.800183406766365,33.73,52.05813498635695
2017-07-05 17:00:00+05:30,38.78202390445624,32.63875,28.294346351230235
2017-07-05 18:00:00+05:30,38.431966898837324,31.418750000000003,11.240139451131197
2017-07-05 19:00:00+05:30,37.846354595979605,30.34375,1.2905002461537158
2017-07-05 20:00:00+05:30,37.248243627340244,29.67375,0.0
2017-07-05 21:00:00+05:30,36.675250545898194,29.3025,0.0
2017-07-05 22:00:00+05:30,36.12031839153276,29.027500000000003,0.0
2017-07-05 23:00:00+05:30,35.57244679825049,28.77375,0.0
2017-07-06 00:00:00+05:30,34.99492994893427,28.48625,0.0
2017-07-06 01:00:00+05:30,34.42365884870925,28.1575,0.0
2017-07-06 02:00:00+05:30,33.86616991716013,27.81125,0.0
2017-07-06 03:00:00+05:30,33.31632070915506,27.448749999999997,0.0
2017-07-06 04:00:00+05:30,32.77618945834798,27.05375,0.0
2017-07-06 05:00:00+05:30,32.25167438809176,26.68125,0.0
2017-07-06 06:00:00+05:30,31.814928169159007,26.675,19.31430922594823
2017-07-06 07:00:00+05:30,31.66581637857591,27.606250000000003,61.02624679173677
2017-07-06 08:00:00+05:30,31.885157283287118,29.263749999999998,107.09998045743583
2017-07-06 09:00:00+05:30,32.0884731721539,30.73125,153.1240389206932
2017-07-06 10:00:00+05:30,31.528195385582418,31.8375,185.69815468860838
2017-07-06 11:00:00+05:30,30.963842905338474,32.96375,182.6505655747654
2017-07-06 12:00:00+05:30,30.510289947694382,34.01,173.25381962408179
2017-07-06 13:00:00+05:30,30.90068048421634,34.8075,161.0445276051587
2017-07-06 14:00:00+05:30,31.77753434479793,35.13875,155.49687299367224
2017-07-06 15:00:00+05:30,32.75922982300822,35.13,124.20094681264013
2017-07-06 16:00:00+05:30,33.552180615889384,34.90625,84.1633602724205
2017-07-06 17:00:00+05:30,34.083873548766796,34.27125,49.13472609291553
2017-07-06 18:00:00+05:30,34.331331962185764,33.135,19.607391362549492
2017-07-06 19:00:00+05:30,34.28927810563843,31.5775,2.025459237839259
2017-07-06 20:00:00+05:30,34.059124023204774,30.540000000000003,0.0
2017-07-06 21:00:00+05:30,33.73472386653335,30.025,0.0
2017-07-06 22:00:00+05:30,33.42709307960355,29.5975,0.0
2017-07-06 23:00:00+05:30,33.10735932735048,29.14,0.0
2017-07-07 00:00:00+05:30,32.27718672882594,28.67875,0.0
2017-07-07 01:00:00+05:30,31.320091951402848,28.247500000000002,0.0
2017-07-07 02:00:00+05:30,30.48436846954285,27.865,0.0
2017-07-07 03:00:00+05:30,29.80798217807022,27.536250000000003,0.0
2017-07-07 04:00:00+05:30,29.23813429899834,27.2325,0.0
2017-07-07 05:00:00+05:30,28.744775151348726,26.97625,0.0
2017-07-07 06:00:00+05:30,28.34243496619941,27.04,13.919402724835749
2017-07-07 07:00:00+05:30,28.098718884437623,27.73,47.09887849850196
2017-07-07 08:00:00+05:30,28.012507073120943,29.133750000000003,84.48790905635033
2017-07-07 09:00:00+05:30,28.01921981988792,30.585,108.92064410210307
2017-07-07 10:00:00+05:30,28.17691344168798,31.7675,151.050795011332
2017-07-07 11:00:00+05:30,28.349218534227727,32.7925,165.7160541457318
2017-07-07 12:00:00+05:30,28.48726144060185,33.6225,168.34221326988552
2017-07-07 13:00:00+05:30,28.571223473245162,33.85,155.74719601048892
2017-07-07 14:00:00+05:30,28.597268010486243,33.66375,108.35053959846252
2017-07-07 15:00:00+05:30,28.97087599230777,33.4325,44.93027231871633
2017-07-07 16:00:00+05:30,29.12303502521316,33.15625,20.247783035623478
2017-07-07 17:00:00+05:30,29.34024713375303,32.715,11.990406842426648
2017-07-07 18:00:00+05:30,29.491658626327386,32.0075,5.447751675517243
2017-07-07 19:00:00+05:30,29.236793284106355,30.9875,0.7753023271077666
2017-07-07 20:00:00+05:30,29.029219484587394,30.178749999999997,0.0
2017-07-07 21:00:00+05:30,28.88846266169917,29.7375,0.0
2017-07-07 22:00:00+05:30,28.77339042941425,29.410000000000004,0.0
2017-07-07 23:00:00+05:30,28.675978938680007,29.12125,0.0
2017-07-08 00:00:00+05:30,28.56344795552431,28.807499999999997,0.0
2017-07-08 01:00:00+05:30,28.375117035240333,28.461249999999996,0.0
2017-07-08 02:00:00+05:30,28.194159697846974,28.142500000000002,0.0
2017-07-08 03:00:00+05:30,28.01774155845503,27.855,0.0
2017-07-08 04:00:00+05:30,27.846862596704895,27.587499999999995,0.0
2017-07-08 05:00:00+05:30,27.707225499985086,27.34625,0.0
2017-07-08 06:00:00+05:30,27.619995045495617,27.41625,11.52529867016063
2017-07-08 07:00:00+05:30,27.617680675554386,27.985,34.90289375019673
2017-07-08 08:00:00+05:30,27.630173275457146,28.957500000000003,64.90095985556943
2017-07-08 09:00:00+05:30,27.939840645207475,30.18875,105.05640971432945
2017-07-08 10:00:00+05:30,28.800811422809147,31.505,157.34436094954646
2017-07-08 11:00:00+05:30,29.892544051474886,32.625,179.42357623277303
2017-07-08 12:00:00+05:30,31.151862840352713,33.581250000000004,164.84340069666857
2017-07-08 13:00:00+05:30,32.5118728507861,34.33,158.10800295002818
2017-07-08 14:00:00+05:30,33.89910243878616,34.7575,159.5051568276582
2017-07-08 15:00:00+05:30,35.10831405322841,34.81375,136.02589473419403
2017-07-08 16:00:00+05:30,36.0236973379737,34.58625,105.66597695149339
2017-07-08 17:00:00+05:30,36.569414311906954,34.145,64.7632080058977
2017-07-08 18:00:00+05:30,36.72583779367134,33.35625,25.539628080361428
2017-07-08 19:00:00+05:30,36.56699836435233,32.1125,3.3905610733880525
2017-07-08 20:00:00+05:30,36.210949823181735,31.14875,0.0
2017-07-08 21:00:00+05:30,35.748137573659626,30.615000000000002,0.0
2017-07-08 22:00:00+05:30,35.295578653849404,30.21875,0.0
2017-07-08 23:00:00+05:30,34.86403812599189,29.880000000000003,0.0
2017-07-09 00:00:00+05:30,34.4477144152432,29.560000000000002,0.0
2017-07-09 01:00:00+05:30,34.04203490628407,29.22125,0.0
2017-07-09 02:00:00+05:30,33.615330184719966,28.889999999999997,0.0
2017-07-09 03:00:00+05:30,33.18896033039831,28.5825,0.0
2017-07-09 04:00:00+05:30,32.7725703272137,28.31375,0.0
2017-07-09 05:00:00+05:30,32.37157566270618,28.070000000000004,0.0
2017-07-09 06:00:00+05:30,32.05700515660382,28.28625,16.617765807161007
2017-07-09 07:00:00+05:30,32.01957666567088,29.201249999999998,55.32724488725118
2017-07-09 08:00:00+05:30,32.40317108691776,30.814999999999998,110.84809723149795
2017-07-09 09:00:00+05:30,33.2209149546425,32.38875,158.05677021380276
2017-07-09 10:00:00+05:30,34.26571200511556,33.535,164.09343678439012
2017-07-09 11:00:00+05:30,35.45634409261331,34.39125,164.75624899294067
2017-07-09 12:00:00+05:30,36.60299802944904,35.1175,137.287274059491
2017-07-09 13:00:00+05:30,37.620228898660116,35.71125,129.4985730908907
2017-07-09 14:00:00+05:30,38.53897637622405,36.05375,122.02356400162772
2017-07-09 15:00:00+05:30,39.300947196416736,36.1025,104.01547634740493
2017-07-09 16:00:00+05:30,39.65810007814535,35.73,52.763848367293896
2017-07-09 17:00:00+05:30,39.70339581638372,35.144999999999996,30.522407346654866
2017-07-09 18:00:00+05:30,39.49780280590234,34.31375,13.239094645236046
2017-07-09 19:00:00+05:30,39.06462820821027,33.04375,1.6368449868860333
2017-07-09 20:00:00+05:30,38.526940424769954,31.975,0.0
2017-07-09 21:00:00+05:30,38.00264706553638,31.391250000000003,0.0
2017-07-09 22:00:00+05:30,37.48582810209907,31.005000000000003,0.0
2017-07-09 23:00:00+05:30,36.974323501343456,30.63875,0.0
2017-07-10 00:00:00+05:30,36.426513701855946,30.231249999999996,0.0
2017-07-10 01:00:00+05:30,35.87309736550478,29.80125,0.0
2017-07-10 02:00:00+05:30,35.340522424141724,29.43375,0.0
2017-07-10 03:00:00+05:30,34.82776026576842,29.072499999999998,0.0
2017-07-10 04:00:00+05:30,34.33202070190458,28.698749999999997,0.0
2017-07-10 05:00:00+05:30,33.85440162896373,28.37875,0.0
2017-07-10 06:00:00+05:30,33.46842997174117,28.595,19.609991933038145
2017-07-10 07:00:00+05:30,33.38923774919487,29.427500000000002,67.23600631660493
2017-07-10 08:00:00+05:30,33.74889052803086,31.06,125.99344260968104
2017-07-10 09:00:00+05:30,33.4408477810824,32.71,174.79825481263262
2017-07-10 10:00:00+05:30,32.90358743275246,33.66875,175.38596471755721
2017-07-10 11:00:00+05:30,32.360259364458756,34.16375,186.67846542955414
2017-07-10 12:00:00+05:30,31.995404373117005,34.36625,199.729933318397
2017-07-10 13:00:00+05:30,31.6186167987877,34.35,167.41941372505391
2017-07-10 14:00:00+05:30,31.25815257824108,34.145,141.5226480046702
2017-07-10 15:00:00+05:30,30.87475069224473,33.758750000000006,95.80720380121404
2017-07-10 16:00:00+05:30,30.45777331773866,33.377500000000005,34.93192510094054
2017-07-10 17:00:00+05:30,30.384569428907415,32.75625,16.567392842455675
2017-07-10 18:00:00+05:30,30.31269359281767,31.853749999999998,6.240071655916868
2017-07-10 19:00:00+05:30,30.265390864349087,30.82125,0.6819525662089476
2017-07-10 20:00:00+05:30,30.192768763847084,30.151249999999997,0.0
2017-07-10 21:00:00+05:30,30.10658058490941,29.77125,0.0
2017-07-10 22:00:00+05:30,30.00501310473144,29.4275,0.0
2017-07-10 23:00:00+05:30,29.892694480978705,29.0875,0.0
2017-07-11 00:00:00+05:30,29.763928829231258,28.7725,0.0
2017-07-11 01:00:00+05:30,29.623824808929285,28.5725,0.0
2017-07-11 02:00:00+05:30,29.48328803750914,28.41375,0.0
2017-07-11 03:00:00+05:30,29.34370188711116,28.2375,0.0
2017-07-11 04:00:00+05:30,29.202427767441176,28.032500000000002,0.0
2017-07-11 05:00:00+05:30,29.05634536694225,27.818749999999998,0.0
2017-07-11 06:00:00+05:30,28.965396595504508,27.93375,17.04422356934922
2017-07-11 07:00:00+05:30,29.065449556419647,28.5,57.33397784659438
2017-07-11 08:00:00+05:30,29.060199294243816,29.7075,103.12401137242338
2017-07-11 09:00:00+05:30,29.1395235639845,31.151249999999997,136.47550443655103
2017-07-11 10:00:00+05:30,29.50556088686384,32.405,162.0484078194803
2017-07-11 11:00:00+05:30,29.58809245383394,33.277499999999996,173.21012727180607
2017-07-11 12:00:00+05:30,29.627547107582995,33.908750000000005,153.7441692463224
2017-07-11 13:00:00+05:30,29.68124148681516,34.53625,148.02866000393195
2017-07-11 14:00:00+05:30,29.564716918641235,34.81125,72.13142730390719
2017-07-11 15:00:00+05:30,29.39794014769541,34.5175,48.515991862167425
2017-07-11 16:00:00+05:30,29.230382864588258,33.63625,33.52863331485119
2017-07-11 17:00:00+05:30,29.156281224130243,32.46375,18.166406622252843
2017-07-11 18:00:00+05:30,29.21239103427508,31.22875,6.598684847565881
2017-07-11 19:00:00+05:30,29.182211938764492,30.185000000000002,0.7366988534383047
2017-07-11 20:00:00+05:30,29.155905341650325,29.57125,0.0
2017-07-11 21:00:00+05:30,29.11352025245001,29.197499999999998,0.0
2017-07-11 22:00:00+05:30,29.049153056887317,28.8825,0.0
2017-07-11 23:00:00+05:30,28.96868776234934,28.6075,0.0
2017-07-12 00:00:00+05:30,28.86939154971173,28.35375,0.0
2017-07-12 01:00:00+05:30,28.756566618344973,28.135,0.0
2017-07-12 02:00:00+05:30,28.640202055227274,27.96625,0.0
2017-07-12 03:00:00+05:30,28.512378514844475,27.81625,0.0
2017-07-12 04:00:00+05:30,28.28544784685959,27.685000000000002,0.0
2017-07-12 05:00:00+05:30,28.066611268210774,27.53375,0.0
2017-07-12 06:00:00+05:30,27.889552019256314,27.476250000000004,15.809908787218347
2017-07-12 07:00:00+05:30,27.82395016095067,27.6675,51.27010676955882
2017-07-12 08:00:00+05:30,27.868967284529276,28.1175,93.95741626242257
2017-07-12 09:00:00+05:30,28.001030755904768,28.8325,134.37735058595092
2017-07-12 10:00:00+05:30,28.20249313255845,29.821250000000003,167.62261157312702
2017-07-12 11:00:00+05:30,28.393984378375805,30.89875,169.0329313449599
2017-07-12 12:00:00+05:30,28.55734628144685,31.70625,163.9229893856354
2017-07-12 13:00:00+05:30,28.718295988029475,32.199999999999996,165.9819145401314
2017-07-12 14:00:00+05:30,28.912274768501906,32.41250000000001,172.05209449675792
2017-07-12 15:00:00+05:30,29.061644202687763,32.4,138.80048244265356
2017-07-12 16:00:00+05:30,29.61875907411141,32.08875,107.23759286665533
2017-07-12 17:00:00+05:30,29.984766659211974,31.488750000000003,67.78172760004963
2017-07-12 18:00:00+05:30,30.300670449751113,30.58625,28.670079304551205
2017-07-12 19:00:00+05:30,30.39422589375965,29.60625,3.496678357505023
2017-07-12 20:00:00+05:30,30.32900052671664,28.95625,0.0
2017-07-12 21:00:00+05:30,30.157845940885117,28.461249999999996,0.0
2017-07-12 22:00:00+05:30,29.93828669888114,27.9575,0.0
2017-07-12 23:00:00+05:30,29.71340308851398,27.46375,0.0
2017-07-13 00:00:00+05:30,29.433057463461317,26.998749999999998,0.0
2017-07-13 01:00:00+05:30,29.133134493172406,26.58,0.0
2017-07-13 02:00:00+05:30,28.837663399208747,26.23625,0.0
2017-07-13 03:00:00+05:30,28.564813108837082,25.93875,0.0
2017-07-13 04:00:00+05:30,28.307047527149592,25.53,0.0
2017-07-13 05:00:00+05:30,28.028617436997123,25.13125,0.0
2017-07-13 06:00:00+05:30,27.818071325007804,25.43125,17.925681880070414
2017-07-13 07:00:00+05:30,27.900209231095157,26.683750000000003,62.32314480050417
2017-07-13 08:00:00+05:30,28.39227357237388,28.517500000000002,108.76438435953821
2017-07-13 09:00:00+05:30,29.164386470752447,30.01625,140.8234076496949
2017-07-13 10:00:00+05:30,28.937527033942683,31.0825,158.47713965463274
2017-07-13 11:00:00+05:30,28.765037596262232,32.01875,170.79450734340494
2017-07-13 12:00:00+05:30,28.60776020486587,32.75375,170.46371580965916
2017-07-13 13:00:00+05:30,28.47505573783166,33.215,169.691844384306
2017-07-13 14:00:00+05:30,28.433975395283255,33.38125,172.8259475560412
2017-07-13 15:00:00+05:30,28.320749793140653,33.275,134.55229351146113
2017-07-13 16:00:00+05:30,28.17831882569969,33.0875,109.690909993258
2017-07-13 17:00:00+05:30,28.157275147118188,32.795,75.29194738045483
2017-07-13 18:00:00+05:30,28.391907043527596,32.466249999999995,29.870148679197385
2017-07-13 19:00:00+05:30,28.523289305083456,31.83125,3.624295347289851
2017-07-13 20:00:00+05:30,28.58470446198988,31.1325,0.0
2017-07-13 21:00:00+05:30,28.65305186978326,30.525,0.0
2017-07-13 22:00:00+05:30,28.666321246857205,29.99375,0.0
2017-07-13 23:00:00+05:30,28.62279781841589,29.535,0.0
2017-07-14 00:00:00+05:30,28.54890403712615,29.132499999999997,0.0
2017-07-14 01:00:00+05:30,28.457584944660535,28.7025,0.0
2017-07-14 02:00:00+05:30,28.35434866360514,28.211249999999996,0.0
2017-07-14 03:00:00+05:30,28.233629631547814,27.6825,0.0
2017-07-14 04:00:00+05:30,28.09849267795648,27.24875,0.0
2017-07-14 05:00:00+05:30,27.955936650634378,26.947500000000005,0.0
2017-07-14 06:00:00+05:30,27.874762416873743,27.225,17.524964588599897
2017-07-14 07:00:00+05:30,28.054482242259965,28.237499999999997,61.302543369623294
2017-07-14 08:00:00+05:30,28.619572103980275,30.028750000000002,110.9107288503003
2017-07-14 09:00:00+05:30,29.36193728994924,31.607499999999998,147.22752814630772
2017-07-14 10:00:00+05:30,30.434243677504135,32.4925,164.00084454233257
2017-07-14 11:00:00+05:30,31.84056353088269,33.146249999999995,176.61708050647235
2017-07-14 12:00:00+05:30,33.496334353228825,33.85875,175.87929380953216
2017-07-14 13:00:00+05:30,35.34091987070988,34.43375,175.62963063055196
2017-07-14 14:00:00+05:30,37.0199807336354,34.722500000000004,156.5644779683951
2017-07-14 15:00:00+05:30,38.33894969951603,34.708749999999995,129.08246797840476
2017-07-14 16:00:00+05:30,39.25146648368897,34.39124999999999,107.2924046870157
2017-07-14 17:00:00+05:30,39.72855386671422,33.79875,76.82924763235893
2017-07-14 18:00:00+05:30,39.73901351136779,32.8775,33.107561436088915
2017-07-14 19:00:00+05:30,39.35110446531964,31.561249999999998,3.987929390115231
2017-07-14 20:00:00+05:30,38.734814802141535,30.641250000000003,0.0
2017-07-14 21:00:00+05:30,38.033929640116526,30.18875,0.0
2017-07-14 22:00:00+05:30,37.359818659574636,29.868750000000002,0.0
2017-07-14 23:00:00+05:30,36.72873915079845,29.572499999999998,0.0
2017-07-15 00:00:00+05:30,36.14419357367175,29.228749999999998,0.0
2017-07-15 01:00:00+05:30,35.567859167038335,28.80875,0.0
2017-07-15 02:00:00+05:30,34.9896308899369,28.408749999999998,0.0
2017-07-15 03:00:00+05:30,34.43749897414439,28.07625,0.0
2017-07-15 04:00:00+05:30,33.90716706168095,27.785000000000004,0.0
2017-07-15 05:00:00+05:30,33.404411667690276,27.555,0.0
2017-07-15 06:00:00+05:30,32.97324102632748,27.66125,12.468276853344872
2017-07-15 07:00:00+05:30,32.754148997057456,28.3825,43.41669945155421
2017-07-15 08:00:00+05:30,32.857580712966524,29.931250000000002,87.97613403822112
2017-07-15 09:00:00+05:30,33.39193026662613,31.571250000000006,150.25660969012245
2017-07-15 10:00:00+05:30,34.18272677750468,32.7675,172.4643543546573
2017-07-15 11:00:00+05:30,35.415234916536164,33.61875,197.21044629053824
2017-07-15 12:00:00+05:30,36.862093565349994,34.1625,190.95996226494947
2017-07-15 13:00:00+05:30,38.53855300840973,34.588750000000005,200.1315104746608
2017-07-15 14:00:00+05:30,39.9694399654733,34.94375,174.79722336466162
2017-07-15 15:00:00+05:30,41.17296642252899,35.10375,139.55292434419374
2017-07-15 16:00:00+05:30,42.024032961649795,34.99875,111.94221676097443
2017-07-15 17:00:00+05:30,42.41772153772744,34.245000000000005,82.50351888587724
2017-07-15 18:00:00+05:30,42.27450098233681,32.89,34.83567300903524
2017-07-15 19:00:00+05:30,41.67638298488987,31.2825,4.0890345318707535
2017-07-15 20:00:00+05:30,40.8562716540699,30.2975,0.0
2017-07-15 21:00:00+05:30,40.03112247896938,29.83625,0.0
2017-07-15 22:00:00+05:30,39.241330618822374,29.4775,0.0
2017-07-15 23:00:00+05:30,38.46343771847474,29.15625,0.0
2017-07-16 00:00:00+05:30,37.72927431204492,28.8525,0.0
2017-07-16 01:00:00+05:30,36.96797361434945,28.533749999999998,0.0
2017-07-16 02:00:00+05:30,36.22710448146197,28.17875,0.0
2017-07-16 03:00:00+05:30,35.516228833358966,27.740000000000002,0.0
2017-07-16 04:00:00+05:30,34.838503011869605,27.409999999999997,0.0
2017-07-16 05:00:00+05:30,34.201099303073974,27.301249999999996,0.0
2017-07-16 06:00:00+05:30,33.67192959430061,27.49,22.143562234439944
2017-07-16 07:00:00+05:30,33.50489567410034,28.21,77.27072149884086
2017-07-16 08:00:00+05:30,33.78755148289079,29.38875,120.67216571848677
2017-07-16 09:00:00+05:30,34.42060675893046,30.4675,150.36031073988826
2017-07-16 10:00:00+05:30,35.447096836838625,31.451249999999998,179.25023559171967
2017-07-16 11:00:00+05:30,36.732834638149086,32.186249999999994,190.57918516323184
2017-07-16 12:00:00+05:30,38.014702305927706,32.325,189.66139717548248
2017-07-16 13:00:00+05:30,39.222385775945845,32.26125,169.59952452211536
2017-07-16 14:00:00+05:30,40.252490270337375,32.44375,151.9851361890478
2017-07-16 15:00:00+05:30,41.11705269742716,32.841249999999995,135.7630076220851
2017-07-16 16:00:00+05:30,41.764027766136195,33.135,117.67385124909072
2017-07-16 17:00:00+05:30,42.02767312955574,32.90375,84.44239639012162
2017-07-16 18:00:00+05:30,41.77741689970193,31.92625,33.32199165931157
2017-07-16 19:00:00+05:30,41.10376396836351,30.54375,3.7899259474247566
2017-07-16 20:00:00+05:30,40.2894254744171,29.625,0.0
2017-07-16 21:00:00+05:30,39.47187457667241,29.143749999999997,0.0
2017-07-16 22:00:00+05:30,38.68898828627205,28.8025,0.0
2017-07-16 23:00:00+05:30,37.93897672249877,28.540000000000003,0.0
2017-07-17 00:00:00+05:30,37.211541290175525,28.30625,0.0
2017-07-17 01:00:00+05:30,36.48641083878723,28.08875,0.0
2017-07-17 02:00:00+05:30,35.79851433100829,27.885,0.0
2017-07-17 03:00:00+05:30,35.15526231855893,27.685,0.0
2017-07-17 04:00:00+05:30,34.55155059065678,27.45375,0.0
2017-07-17 05:00:00+05:30,33.984809079669645,27.26,0.0
2017-07-17 06:00:00+05:30,33.52113881168984,27.59375,17.661985881046107
2017-07-17 07:00:00+05:30,33.349750197895936,28.64875,58.33106409616188
2017-07-17 08:00:00+05:30,33.57133030486441,30.33375,104.80135071374912
2017-07-17 09:00:00+05:30,34.217539730543336,31.981250000000003,157.49572442769949
2017-07-17 10:00:00+05:30,35.22854573224493,33.13375,183.71185955773717
2017-07-17 11:00:00+05:30,36.5217585109163,33.865,184.28354418924664
2017-07-17 12:00:00+05:30,37.93016941046763,34.27125,189.30685634156202
2017-07-17 13:00:00+05:30,39.350416100177746,34.33625000000001,172.61702546647626
2017-07-17 14:00:00+05:30,40.727113927742344,34.191250000000004,170.40156239260665
2017-07-17 15:00:00+05:30,41.868984470419306,34.00749999999999,136.01217084413446
2017-07-17 16:00:00+05:30,42.694599676775155,33.78375,117.23699463132778
2017-07-17 17:00:00+05:30,43.05637210843499,33.27125,87.72019022083994
2017-07-17 18:00:00+05:30,42.87182580056751,32.37,36.911450970560395
2017-07-17 19:00:00+05:30,42.21526791761333,31.06125,4.461992549314966
2017-07-17 20:00:00+05:30,41.347023561464454,30.19125,0.0
2017-07-17 21:00:00+05:30,40.476054222521384,29.725,0.0
2017-07-17 22:00:00+05:30,39.6525422511067,29.30375,0.0
2017-07-17 23:00:00+05:30,38.85677138639767,28.90625,0.0
2017-07-18 00:00:00+05:30,38.09800636397593,28.528750000000002,0.0
2017-07-18 01:00:00+05:30,37.32807376183936,28.1775,0.0
2017-07-18 02:00:00+05:30,36.58293640553137,27.84375,0.0
2017-07-18 03:00:00+05:30,35.871830575820645,27.570000000000004,0.0
2017-07-18 04:00:00+05:30,35.19728155147331,27.37375,0.0
2017-07-18 05:00:00+05:30,34.565174871852754,27.253749999999997,0.0
2017-07-18 06:00:00+05:30,34.04516507925446,27.52,19.990721308520477
2017-07-18 07:00:00+05:30,33.87297458971017,28.525,72.13041484598223
2017-07-18 08:00:00+05:30,34.15264077672641,30.10125,120.12067691157483
2017-07-18 09:00:00+05:30,34.78309082515079,31.756249999999998,149.23535000778557
2017-07-18 10:00:00+05:30,35.782046444789785,33.2475,171.7282314411599
2017-07-18 11:00:00+05:30,37.122852507809455,34.29875,187.9615679343563
2017-07-18 12:00:00+05:30,38.58895967624099,34.95375,196.96751946592704
2017-07-18 13:00:00+05:30,40.07847996361692,35.39125,199.40051408144004
2017-07-18 14:00:00+05:30,41.4610452745372,35.62375,179.10398583645514
2017-07-18 15:00:00+05:30,42.58998250312442,35.567499999999995,158.02404724375702
2017-07-18 16:00:00+05:30,43.284864991670815,35.30625,124.3257503603663
2017-07-18 17:00:00+05:30,43.51619973733311,34.7275,82.61491496313313
2017-07-18 18:00:00+05:30,43.272976499480635,33.675,32.66884826715388
2017-07-18 19:00:00+05:30,42.62846705450646,32.1225,3.8542184416424004
2017-07-18 20:00:00+05:30,41.814920476044875,31.03875,0.0
2017-07-18 21:00:00+05:30,40.988680153304074,30.4925,0.0
2017-07-18 22:00:00+05:30,40.19568993221978,30.08875,0.0
2017-07-18 23:00:00+05:30,39.42566439766614,29.69375,0.0
2017-07-19 00:00:00+05:30,38.673238353768895,29.302500000000002,0.0
2017-07-19 01:00:00+05:30,37.89577822472448,28.891250000000003,0.0
2017-07-19 02:00:00+05:30,37.1318080774681,28.52375,0.0
2017-07-19 03:00:00+05:30,36.39803651336168,28.25,0.0
2017-07-19 04:00:00+05:30,35.70142351690099,28.047500000000003,0.0
2017-07-19 05:00:00+05:30,35.04863016008297,27.917499999999997,0.0
2017-07-19 06:00:00+05:30,34.50683023065973,28.136249999999997,15.522826225517775
2017-07-19 07:00:00+05:30,34.2608997424849,29.065,56.8399421479345
2017-07-19 08:00:00+05:30,34.41929663628645,30.805,105.39308029186924
2017-07-19 09:00:00+05:30,34.94438692954169,32.72625000000001,141.74069748377997
2017-07-19 10:00:00+05:30,35.685327636552536,34.157500000000006,159.31523806325282
2017-07-19 11:00:00+05:30,36.77282446904792,35.10625,179.84809795631722
2017-07-19 12:00:00+05:30,38.09493586831104,35.753750000000004,188.2580806057447
2017-07-19 13:00:00+05:30,39.59686408552086,36.1725,179.2289520161392
2017-07-19 14:00:00+05:30,40.993389452910144,36.39375,155.58699513080154
2017-07-19 15:00:00+05:30,42.04219589866334,36.31875,130.707139751598
2017-07-19 16:00:00+05:30,42.616130598839334,35.908750000000005,112.47924845588425
2017-07-19 17:00:00+05:30,42.75625852536651,35.12875,75.18180462273509
2017-07-19 18:00:00+05:30,42.47292465106599,33.89875,31.485224863523825
2017-07-19 19:00:00+05:30,41.79854947456726,32.13249999999999,3.3881999324210335
2017-07-19 20:00:00+05:30,40.948049931784325,30.92125,0.0
2017-07-19 21:00:00+05:30,40.14666052529505,30.302500000000002,0.0
2017-07-19 22:00:00+05:30,39.3673786177941,29.7875,0.0
2017-07-19 23:00:00+05:30,38.60859696429717,29.29375,0.0
2017-07-20 00:00:00+05:30,37.829333401702726,28.81625,0.0
2017-07-20 01:00:00+05:30,37.03749195426331,28.389999999999997,0.0
2017-07-20 02:00:00+05:30,36.27515751720561,28.033749999999998,0.0
2017-07-20 03:00:00+05:30,35.55845108786347,27.81625,0.0
2017-07-20 04:00:00+05:30,34.89467287514171,27.703750000000003,0.0
2017-07-20 05:00:00+05:30,34.27815244143275,27.60125,0.0
2017-07-20 06:00:00+05:30,33.775486023166486,27.90375,19.824046930203885
2017-07-20 07:00:00+05:30,33.62621072431064,28.86625,74.1828649392294
2017-07-20 08:00:00+05:30,33.96710517721726,30.163750000000004,125.9767817075417
2017-07-20 09:00:00+05:30,34.668850826087464,31.501250000000002,149.1685234541536
2017-07-20 10:00:00+05:30,35.733326415176094,32.69375,181.39304138508504
2017-07-20 11:00:00+05:30,37.14172222848884,33.741249999999994,219.08034706320217
2017-07-20 12:00:00+05:30,38.663059529489416,34.47,216.04940868585362
2017-07-20 13:00:00+05:30,40.17625566073211,35.0425,207.3939657298955
2017-07-20 14:00:00+05:30,41.452294696870936,35.4225,190.67406370431567
2017-07-20 15:00:00+05:30,42.39528786311403,35.6075,154.9909089478151
2017-07-20 16:00:00+05:30,42.925322591175444,35.485,114.1180194318573
2017-07-20 17:00:00+05:30,43.02255499211365,34.8175,76.48822977424018
2017-07-20 18:00:00+05:30,42.66762917551037,33.53,30.035826627166138
2017-07-20 19:00:00+05:30,41.96772140486985,31.7975,3.4590178584194167
2017-07-20 20:00:00+05:30,41.11060671526927,30.725,0.0
2017-07-20 21:00:00+05:30,40.282265559741674,30.218749999999996,0.0
2017-07-20 22:00:00+05:30,39.48059709138931,29.762500000000003,0.0
2017-07-20 23:00:00+05:30,38.70503246129204,29.265,0.0
2017-07-21 00:00:00+05:30,37.89856032207273,28.782500000000002,0.0
2017-07-21 01:00:00+05:30,37.09426413695509,28.42875,0.0
2017-07-21 02:00:00+05:30,36.33014775970775,28.22,0.0
2017-07-21 03:00:00+05:30,35.61188374538439,28.085,0.0
2017-07-21 04:00:00+05:30,34.94007153224036,27.946250000000003,0.0
2017-07-21 05:00:00+05:30,34.31334564898541,27.8025,0.0
2017-07-21 06:00:00+05:30,33.79632274855523,27.96875,19.71339673403762
2017-07-21 07:00:00+05:30,33.62774870890679,28.706249999999997,74.5256768930045
2017-07-21 08:00:00+05:30,33.9499203042575,29.895,130.2764114986202
2017-07-21 09:00:00+05:30,34.73375614383795,31.177499999999995,177.72847788687804
2017-07-21 10:00:00+05:30,35.92008934251066,32.35625,208.67762115148997
2017-07-21 11:00:00+05:30,37.34065270181568,33.455,227.58412442669334
2017-07-21 12:00:00+05:30,38.61461353134429,34.4475,215.47110655512805
2017-07-21 13:00:00+05:30,39.90749802412371,35.10625,245.95981275479573
2017-07-21 14:00:00+05:30,41.12909570999615,35.40875,204.66869388356218
2017-07-21 15:00:00+05:30,41.99955489488559,35.098749999999995,157.80194144065456
2017-07-21 16:00:00+05:30,42.46620577714327,34.12625,121.0855981034893
2017-07-21 17:00:00+05:30,42.49806974504223,32.9675,78.67356540938322
2017-07-21 18:00:00+05:30,42.07483520897402,31.708750000000002,30.234360873592593
2017-07-21 19:00:00+05:30,41.30749686823488,30.26625,3.2362231607156486
2017-07-21 20:00:00+05:30,40.44075131028353,29.2875,0.0
2017-07-21 21:00:00+05:30,39.62275935819027,28.79625,0.0
2017-07-21 22:00:00+05:30,38.82459111030766,28.45,0.0
2017-07-21 23:00:00+05:30,38.03881617600526,28.18,0.0
2017-07-22 00:00:00+05:30,37.23085765715251,27.94625,0.0
2017-07-22 01:00:00+05:30,36.4503885551809,27.74125,0.0
2017-07-22 02:00:00+05:30,35.723482572486894,27.60125,0.0
2017-07-22 03:00:00+05:30,35.04062971533507,27.516249999999996,0.0
2017-07-22 04:00:00+05:30,34.403329927885025,27.54,0.0
2017-07-22 05:00:00+05:30,33.81610547897939,27.56375,0.0
2017-07-22 06:00:00+05:30,33.33025652637252,27.74125,17.166618561495277
2017-07-22 07:00:00+05:30,33.13997480529736,28.25625,64.92148823951715
2017-07-22 08:00:00+05:30,33.397873126206264,29.075,121.85806855367404
2017-07-22 09:00:00+05:30,33.985456481762796,29.86375,153.3969450109816
2017-07-22 10:00:00+05:30,34.85339369499425,30.542499999999997,178.4861508875454
2017-07-22 11:00:00+05:30,35.997676760428256,31.19625,200.30218621750706
2017-07-22 12:00:00+05:30,37.236902767893,31.9775,208.96086016035244
2017-07-22 13:00:00+05:30,38.554384953275004,32.71875,208.19561887963778
2017-07-22 14:00:00+05:30,39.72017279990553,33.33875,189.800356360977
2017-07-22 15:00:00+05:30,40.59969404419996,33.7725,152.94915108402847
2017-07-22 16:00:00+05:30,41.20113983301795,33.787499999999994,115.03414023373094
2017-07-22 17:00:00+05:30,41.45843092468556,33.345,78.81710824761652
2017-07-22 18:00:00+05:30,41.25539879368513,32.2575,33.11349035451048
2017-07-22 19:00:00+05:30,40.63743814964012,30.7775,3.8077994744097614
2017-07-22 20:00:00+05:30,39.86273176035713,29.862499999999997,0.0
2017-07-22 21:00:00+05:30,39.10811506219134,29.397499999999997,0.0
2017-07-22 22:00:00+05:30,38.38506051677852,29.033749999999998,0.0
2017-07-22 23:00:00+05:30,37.67948334184976,28.72875,0.0
2017-07-23 00:00:00+05:30,36.98614494687685,28.432499999999997,0.0
2017-07-23 01:00:00+05:30,36.27747016133375,28.188750000000002,0.0
2017-07-23 02:00:00+05:30,35.596737523872136,28.034999999999997,0.0
2017-07-23 03:00:00+05:30,34.95210567764675,27.939999999999998,0.0
2017-07-23 04:00:00+05:30,34.34705614662646,27.82875,0.0
2017-07-23 05:00:00+05:30,33.78151637539972,27.661250000000003,0.0
2017-07-23 06:00:00+05:30,33.31623540575215,27.858749999999997,17.618296135041128
2017-07-23 07:00:00+05:30,33.16062774873868,28.5825,67.3710985151115
2017-07-23 08:00:00+05:30,33.42945325142013,29.5575,122.34004414775318
2017-07-23 09:00:00+05:30,34.06290577662081,30.565,163.3606394994191
2017-07-23 10:00:00+05:30,34.97435834823604,31.59625,194.14878834918554
2017-07-23 11:00:00+05:30,36.26237905556322,32.57125,221.7365033609559
2017-07-23 12:00:00+05:30,37.51910189313317,33.2575,196.87431968766944
2017-07-23 13:00:00+05:30,38.707675619641556,33.60375,186.35195803239043
2017-07-23 14:00:00+05:30,39.683749869352354,33.79625,164.68953219894811
2017-07-23 15:00:00+05:30,40.37752255681657,33.66625,130.55770829566237
2017-07-23 16:00:00+05:30,40.74303357991433,33.2625,97.07264259015463
2017-07-23 17:00:00+05:30,40.79666418073416,32.52125,66.15176235063906
2017-07-23 18:00:00+05:30,40.44492476740435,31.436249999999998,24.753015424727515
2017-07-23 19:00:00+05:30,39.79183211084711,30.18375,2.5759706034052585
2017-07-23 20:00:00+05:30,39.04827712907051,29.34375,0.0
2017-07-23 21:00:00+05:30,38.33471147626282,28.848750000000003,0.0
2017-07-23 22:00:00+05:30,37.631438350049194,28.448749999999997,0.0
2017-07-23 23:00:00+05:30,36.949366920908645,28.147499999999997,0.0
2017-07-24 00:00:00+05:30,36.25358837365386,27.96875,0.0
2017-07-24 01:00:00+05:30,35.567406280089884,27.820000000000004,0.0
2017-07-24 02:00:00+05:30,34.91688038100337,27.685000000000002,0.0
2017-07-24 03:00:00+05:30,34.31139219693404,27.5775,0.0
2017-07-24 04:00:00+05:30,33.74790986731174,27.446250000000003,0.0
2017-07-24 05:00:00+05:30,33.222319601109746,27.314999999999998,0.0
2017-07-24 06:00:00+05:30,32.80657457105091,27.695,16.452939863509716
2017-07-24 07:00:00+05:30,32.69859668660345,28.893749999999997,57.90448693196393
2017-07-24 08:00:00+05:30,32.97398741367323,30.55375,105.22391981328765
2017-07-24 09:00:00+05:30,33.58579367007021,32.07875,138.57058008067975
2017-07-24 10:00:00+05:30,34.47202584055463,33.275,151.93691527580117
2017-07-24 11:00:00+05:30,35.60463021834114,34.24249999999999,168.64358216911162
2017-07-24 12:00:00+05:30,36.89759850261363,34.99875,193.83083221180084
2017-07-24 13:00:00+05:30,38.37376367806074,35.50625,211.7257765958908
2017-07-24 14:00:00+05:30,39.76772702571662,35.76625,196.82221607195063
2017-07-24 15:00:00+05:30,40.825028306160945,35.705000000000005,146.37140114097883
2017-07-24 16:00:00+05:30,41.516285056374194,35.17375,109.1568893841388
2017-07-24 17:00:00+05:30,41.77613013255079,34.293749999999996,73.73254373319708
2017-07-24 18:00:00+05:30,41.57757628088716,33.105,30.47204638652218
2017-07-24 19:00:00+05:30,40.990523706538426,31.610000000000003,3.181140912285422
2017-07-24 20:00:00+05:30,40.234763468154156,30.628749999999997,0.0
2017-07-24 21:00:00+05:30,39.50330680022684,30.125,0.0
2017-07-24 22:00:00+05:30,38.80022122459042,29.741249999999997,0.0
2017-07-24 23:00:00+05:30,38.10653148234851,29.3475,0.0
2017-07-25 00:00:00+05:30,37.42668154783731,28.921250000000004,0.0
2017-07-25 01:00:00+05:30,36.730762111117556,28.547500000000003,0.0
2017-07-25 02:00:00+05:30,36.056813814693726,28.220000000000006,0.0
2017-07-25 03:00:00+05:30,35.40932163971015,27.924999999999997,0.0
2017-07-25 04:00:00+05:30,34.78779053509794,27.61375,0.0
2017-07-25 05:00:00+05:30,34.13903870508814,27.32125,0.0
2017-07-25 06:00:00+05:30,33.07411969760823,27.41375,14.483052304794729
2017-07-25 07:00:00+05:30,32.13817741047744,28.23625,54.50198605616339
2017-07-25 08:00:00+05:30,31.534023078049938,29.641250000000003,101.33569436010885
2017-07-25 09:00:00+05:30,31.213318340191318,31.01125,144.59284749421596
2017-07-25 10:00:00+05:30,31.64114914377202,32.03,168.31757373603446
2017-07-25 11:00:00+05:30,32.48167266691691,32.666250000000005,174.40665989621223
2017-07-25 12:00:00+05:30,33.706401129011546,32.98125,200.00780744835055
2017-07-25 13:00:00+05:30,35.16908075792973,33.128750000000004,195.95621132101328
2017-07-25 14:00:00+05:30,36.58832930369124,33.269999999999996,170.28372858514518
2017-07-25 15:00:00+05:30,37.74775386442308,33.542500000000004,129.37352209200765
2017-07-25 16:00:00+05:30,38.480128126949126,33.68875,90.17557975057491
2017-07-25 17:00:00+05:30,38.730740444205054,33.3375,51.73722216905193
2017-07-25 18:00:00+05:30,38.598969776306625,32.50125,20.657944026353388
2017-07-25 19:00:00+05:30,38.17292487823897,31.2425,2.3642570491399213
2017-07-25 20:00:00+05:30,37.57392661359366,30.31625,0.0
2017-07-25 21:00:00+05:30,36.95904201849231,29.717499999999998,0.0
2017-07-25 22:00:00+05:30,36.29372265975955,29.175,0.0
2017-07-25 23:00:00+05:30,35.52330948194638,28.7425,0.0
2017-07-26 00:00:00+05:30,34.80477331691848,28.431250000000002,0.0
2017-07-26 01:00:00+05:30,34.22721791035163,28.18625,0.0
2017-07-26 02:00:00+05:30,33.69609825080552,27.975,0.0
2017-07-26 03:00:00+05:30,33.20353994042853,27.775,0.0
2017-07-26 04:00:00+05:30,32.74854331987167,27.60625,0.0
2017-07-26 05:00:00+05:30,32.31523335273739,27.456249999999997,0.0
2017-07-26 06:00:00+05:30,31.958737152025492,27.625,13.306384495791917
2017-07-26 07:00:00+05:30,31.893726773971927,28.3475,60.3650458263521
2017-07-26 08:00:00+05:30,32.19768837238975,29.612499999999997,108.05855377053406
2017-07-26 09:00:00+05:30,32.581459344371574,30.91,151.69273856490167
2017-07-26 10:00:00+05:30,32.37856740930256,31.941250000000004,182.37735372667441
2017-07-26 11:00:00+05:30,32.1810224331431,32.73375,210.35798684265205
2017-07-26 12:00:00+05:30,31.894260732799346,33.20625,207.15734923920746
2017-07-26 13:00:00+05:30,31.83109234364075,33.205000000000005,235.8864546894467
2017-07-26 14:00:00+05:30,32.337104778660645,32.8925,178.06359682674898
2017-07-26 15:00:00+05:30,33.05513386563561,32.574999999999996,141.8717914659065
2017-07-26 16:00:00+05:30,33.94520979615154,32.27,110.9380220571931
2017-07-26 17:00:00+05:30,34.59723974002762,31.9,78.21781794804379
2017-07-26 18:00:00+05:30,34.875327441353804,31.512500000000003,30.384204471706227
2017-07-26 19:00:00+05:30,34.81987997229007,30.945,3.1908379130601565
2017-07-26 20:00:00+05:30,34.59049709332517,30.63375,0.0
2017-07-26 21:00:00+05:30,34.282511433638135,30.35,0.0
2017-07-26 22:00:00+05:30,33.95050515561862,29.8125,0.0
2017-07-26 23:00:00+05:30,33.60519094310712,29.311249999999994,0.0
2017-07-27 00:00:00+05:30,33.25485643583474,28.956249999999997,0.0
2017-07-27 01:00:00+05:30,32.88334379043821,28.665,0.0
2017-07-27 02:00:00+05:30,32.50320216867578,28.416249999999998,0.0
2017-07-27 03:00:00+05:30,32.12949750221544,28.22375,0.0
2017-07-27 04:00:00+05:30,31.768202159022795,28.07875,0.0
2017-07-27 05:00:00+05:30,31.42092780420527,27.936249999999998,0.0
2017-07-27 06:00:00+05:30,31.132181469234016,28.14875,12.371624039737332
2017-07-27 07:00:00+05:30,31.107013113547573,28.9725,55.53902666069999
2017-07-27 08:00:00+05:30,31.402772596790633,30.213749999999997,94.25836820654045
2017-07-27 09:00:00+05:30,31.889593004186523,31.444999999999997,105.68378752279341
2017-07-27 10:00:00+05:30,32.56922919484539,32.405,135.6410988333931
2017-07-27 11:00:00+05:30,33.62585489945963,33.19499999999999,198.93520853116942
2017-07-27 12:00:00+05:30,34.98683377034932,33.87375,229.51586381491586
2017-07-27 13:00:00+05:30,36.663707415629176,34.36,233.5671751781741
2017-07-27 14:00:00+05:30,38.257855343510386,34.416250000000005,194.6719139408142
2017-07-27 15:00:00+05:30,39.47672320151371,34.135,145.2615405334753
2017-07-27 16:00:00+05:30,40.321473937468426,33.7125,107.79081260976115
2017-07-27 17:00:00+05:30,40.77555711982407,33.19,78.40302806681649
2017-07-27 18:00:00+05:30,40.71906885401837,32.455,30.697314096731656
2017-07-27 19:00:00+05:30,40.246865922301566,31.35875,3.2260093247237904
2017-07-27 20:00:00+05:30,39.57915097250611,30.59625,0.0
2017-07-27 21:00:00+05:30,38.841803434798486,30.195,0.0
2017-07-27 22:00:00+05:30,38.139358461345736,29.8725,0.0
2017-07-27 23:00:00+05:30,37.484119467678894,29.5975,0.0
2017-07-28 00:00:00+05:30,36.86105002506968,29.35625,0.0
2017-07-28 01:00:00+05:30,36.24230283920975,29.10125,0.0
2017-07-28 02:00:00+05:30,35.61639965970492,28.85625,0.0
2017-07-28 03:00:00+05:30,35.00531273575177,28.61375,0.0
2017-07-28 04:00:00+05:30,34.17492917272048,28.3325,0.0
2017-07-28 05:00:00+05:30,33.04635132453342,28.0825,0.0
2017-07-28 06:00:00+05:30,32.08934450596882,28.025,10.922058302748443
2017-07-28 07:00:00+05:30,31.532042301015345,28.3775,48.04854912864703
2017-07-28 08:00:00+05:30,31.473280866440653,29.07375,89.07730765507856
2017-07-28 09:00:00+05:30,31.848198048028472,29.97625,133.6960195307758
2017-07-28 10:00:00+05:30,32.50334071490991,30.82125,170.50283059181217
2017-07-28 11:00:00+05:30,33.47370744043128,31.516250000000003,198.55204160427735
2017-07-28 12:00:00+05:30,34.625473608928345,32.1475,202.10431524141833
2017-07-28 13:00:00+05:30,35.779128117931975,32.673750000000005,201.45084198909768
2017-07-28 14:00:00+05:30,36.97051431322092,33.0625,183.37300174957116
2017-07-28 15:00:00+05:30,38.08562487487169,33.214999999999996,145.811952855909
2017-07-28 16:00:00+05:30,38.96389706760057,33.1175,110.57918249950352
2017-07-28 17:00:00+05:30,39.492109792982504,32.756249999999994,77.10401724734756
2017-07-28 18:00:00+05:30,39.52593898165371,32.08625,30.67348335569709
2017-07-28 19:00:00+05:30,39.14106376163597,31.064999999999998,2.0994343163165046
2017-07-28 20:00:00+05:30,38.57691348776171,30.37375,0.0
2017-07-28 21:00:00+05:30,37.920744943396365,30.001250000000002,0.0
2017-07-28 22:00:00+05:30,37.270809563356536,29.63875,0.0
2017-07-28 23:00:00+05:30,36.640728268621274,29.2125,0.0
2017-07-29 00:00:00+05:30,36.02837334316678,28.75875,0.0
2017-07-29 01:00:00+05:30,35.41382222739745,28.34,0.0
2017-07-29 02:00:00+05:30,34.804553079766414,27.99625,0.0
2017-07-29 03:00:00+05:30,34.21239887338484,27.73625,0.0
2017-07-29 04:00:00+05:30,33.64749016995272,27.512500000000003,0.0
2017-07-29 05:00:00+05:30,33.10673617712432,27.32375,0.0
2017-07-29 06:00:00+05:30,32.64394143629827,27.535,14.472462007692606
2017-07-29 07:00:00+05:30,32.515152846187036,28.53125,66.25127597506214
2017-07-29 08:00:00+05:30,32.82552810093378,30.07375,111.24116051872605
2017-07-29 09:00:00+05:30,33.49288316216746,31.456249999999997,138.407083687343
2017-07-29 10:00:00+05:30,34.53810683323369,32.46625,171.96289338056522
2017-07-29 11:00:00+05:30,35.91230558234106,33.24375,208.70854477151093
2017-07-29 12:00:00+05:30,37.5128805393674,33.7725,222.5443685611059
2017-07-29 13:00:00+05:30,39.026595700125654,34.0925,209.24799541248188
2017-07-29 14:00:00+05:30,40.355442872256354,34.19,195.0109512551324
2017-07-29 15:00:00+05:30,41.34910383651409,34.2525,155.69334201485464
2017-07-29 16:00:00+05:30,41.97056385015109,34.04625,117.88217217986721
2017-07-29 17:00:00+05:30,42.225844604309,33.49375,80.61365168284892
2017-07-29 18:00:00+05:30,42.005908372428244,32.69375,31.342041410356558
2017-07-29 19:00:00+05:30,41.39058516128252,31.55375,2.1781050807588422
2017-07-29 20:00:00+05:30,40.63528400723935,30.845,0.0
2017-07-29 21:00:00+05:30,39.851406838926806,30.497500000000002,0.0
2017-07-29 22:00:00+05:30,39.11108005713053,30.1575,0.0
2017-07-29 23:00:00+05:30,38.40773448262104,29.82375,0.0
2017-07-30 00:00:00+05:30,37.73098218291891,29.5,0.0
2017-07-30 01:00:00+05:30,37.03992902352272,29.13625,0.0
2017-07-30 02:00:00+05:30,36.376571031055995,28.7275,0.0
2017-07-30 03:00:00+05:30,35.739249777038864,28.345,0.0
2017-07-30 04:00:00+05:30,35.126376509445365,28.035000000000004,0.0
2017-07-30 05:00:00+05:30,34.54451348043387,27.811249999999998,0.0
2017-07-30 06:00:00+05:30,34.04355587073691,28.015,14.950566177551785
2017-07-30 07:00:00+05:30,33.884648407150806,28.936249999999998,68.85245862652197
2017-07-30 08:00:00+05:30,34.184504407137894,30.6275,113.8608841975868
2017-07-30 09:00:00+05:30,34.23077106432078,32.4075,139.0905837483156
2017-07-30 10:00:00+05:30,33.78761533394614,33.705,175.70011946944962
2017-07-30 11:00:00+05:30,33.313288895185785,34.4475,207.75907238364482
2017-07-30 12:00:00+05:30,32.853782782677676,34.73125,204.37893441646727
2017-07-30 13:00:00+05:30,32.465137813279995,34.83,201.95767776802018
2017-07-30 14:00:00+05:30,32.06729851587792,34.660000000000004,166.4826986070082
2017-07-30 15:00:00+05:30,32.014281470095284,34.246249999999996,122.49778562570884
2017-07-30 16:00:00+05:30,32.39162310346222,33.68875,84.85186709554513
2017-07-30 17:00:00+05:30,32.81204337680579,33.16,56.351581254568046
2017-07-30 18:00:00+05:30,33.10878250896172,32.5175,20.450278992263232
2017-07-30 19:00:00+05:30,33.173347039639964,31.89,1.3566079474823955
2017-07-30 20:00:00+05:30,33.08898477003318,31.23625,0.0
2017-07-30 21:00:00+05:30,32.936153898372694,30.56375,0.0
2017-07-30 22:00:00+05:30,32.75375684580458,30.20125,0.0
2017-07-30 23:00:00+05:30,32.54955796565662,29.78,0.0
2017-07-31 00:00:00+05:30,32.284760813080155,29.30125,0.0
2017-07-31 01:00:00+05:30,31.994851507762494,28.94625,0.0
2017-07-31 02:00:00+05:30,31.702376511818812,28.68,0.0
2017-07-31 03:00:00+05:30,31.40499744067573,28.4275,0.0
2017-07-31 04:00:00+05:30,31.10148187113912,28.117499999999996,0.0
2017-07-31 05:00:00+05:30,30.57747647053181,27.82125,0.0
2017-07-31 06:00:00+05:30,30.017333977525475,27.838749999999997,10.305381938725121
2017-07-31 07:00:00+05:30,29.647222532207902,28.266250000000003,35.41008272339609
2017-07-31 08:00:00+05:30,29.356315555431326,29.036250000000003,25.37758029687388
2017-07-31 09:00:00+05:30,29.239997603202923,29.913749999999997,34.37073892117051
2017-07-31 10:00:00+05:30,29.405793023456926,30.846249999999998,49.404898954028035
2017-07-31 11:00:00+05:30,29.689202450550468,31.778750000000002,40.602241186739846
2017-07-31 12:00:00+05:30,29.947889150160425,32.40125,22.95194529046271
2017-07-31 13:00:00+05:30,30.247707446467054,32.66375,33.85917580523301
2017-07-31 14:00:00+05:30,30.58792730059774,32.695,45.40332913043172
2017-07-31 15:00:00+05:30,30.97830473545238,32.67375,57.3604352746812
2017-07-31 16:00:00+05:30,31.612988813247032,32.588750000000005,100.70741453227114
2017-07-31 17:00:00+05:30,32.11441333052835,32.39,63.07468152150247
2017-07-31 18:00:00+05:30,32.430953806825876,31.881249999999998,23.85973314536655
2017-07-31 19:00:00+05:30,32.50210595579423,31.261249999999997,1.6019942553475077
2017-07-31 20:00:00+05:30,32.44029814081886,30.9775,0.0
2017-07-31 21:00:00+05:30,32.28497161433239,30.74625,0.0
2017-07-31 22:00:00+05:30,32.097889069091,30.561249999999998,0.0
2017-07-31 23:00:00+05:30,31.922532045926484,30.307499999999997,0.0
2017-08-01 00:00:00+05:30,31.71760536205304,29.998749999999998,0.0
2017-08-01 01:00:00+05:30,31.490858533209426,29.621249999999996,0.0
2017-08-01 02:00:00+05:30,31.247210866410096,29.00375,0.0
2017-08-01 03:00:00+05:30,30.988310261005545,28.3675,0.0
2017-08-01 04:00:00+05:30,30.71919140021207,27.91875,0.0
2017-08-01 05:00:00+05:30,30.44288648376054,27.592500000000005,0.0
2017-08-01 06:00:00+05:30,30.221424263381515,27.7675,11.855202109606825
2017-08-01 07:00:00+05:30,30.265604500931182,28.558750000000003,57.52103556285066
2017-08-01 08:00:00+05:30,30.686479445397932,29.9175,111.54583014223927
2017-08-01 09:00:00+05:30,31.51113776771481,31.153750000000002,163.9298697378964
2017-08-01 10:00:00+05:30,32.81166096765196,32.027499999999996,220.52064646703022
2017-08-01 11:00:00+05:30,34.43426050389459,32.67,241.60788151862556
2017-08-01 12:00:00+05:30,35.590615515427025,33.08625,212.3849351489714
2017-08-01 13:00:00+05:30,34.94714576536495,33.2725,210.86353414873116
2017-08-01 14:00:00+05:30,33.82293018438912,33.185,189.74739689487808
2017-08-01 15:00:00+05:30,33.032860038570675,32.77875,138.45739607938896
2017-08-01 16:00:00+05:30,32.18721544487068,32.2675,70.3463948326922
2017-08-01 17:00:00+05:30,31.486765489988095,31.68,40.023249875157276
2017-08-01 18:00:00+05:30,30.95602461379973,30.7525,14.129371837219376
2017-08-01 19:00:00+05:30,30.627439388098676,29.6275,0.9387821074114622
2017-08-01 20:00:00+05:30,30.342239934623727,28.93125,0.0
2017-08-01 21:00:00+05:30,30.103450710324758,28.57,0.0
2017-08-01 22:00:00+05:30,29.883125468501028,28.268749999999997,0.0
2017-08-01 23:00:00+05:30,29.675247519178548,28.053749999999997,0.0
2017-08-02 00:00:00+05:30,29.477464482616558,27.877499999999998,0.0
2017-08-02 01:00:00+05:30,29.290267635312787,27.659999999999997,0.0
2017-08-02 02:00:00+05:30,29.105298759415007,27.419999999999998,0.0
2017-08-02 03:00:00+05:30,28.91477210794255,27.14875,0.0
2017-08-02 04:00:00+05:30,28.58632925046261,26.84625,0.0
2017-08-02 05:00:00+05:30,28.223130618526195,26.642500000000002,0.0
2017-08-02 06:00:00+05:30,27.923641781587477,26.7275,7.650871169098998
2017-08-02 07:00:00+05:30,27.786545009121262,27.335,37.05087161886252
2017-08-02 08:00:00+05:30,27.99518243398723,28.349999999999998,78.2990762887429
2017-08-02 09:00:00+05:30,28.622697551016522,29.588749999999997,133.96455662943666
2017-08-02 10:00:00+05:30,29.638500072336093,30.811249999999998,182.91198566300218
2017-08-02 11:00:00+05:30,30.875408965020867,31.675000000000004,194.80051608783282
2017-08-02 12:00:00+05:30,32.07359134243218,32.205,166.4415185418817
2017-08-02 13:00:00+05:30,33.392417023583334,32.62625,188.09444567472474
2017-08-02 14:00:00+05:30,34.70937721358195,32.97375,168.89897825150052
2017-08-02 15:00:00+05:30,35.8828536964533,32.83375,120.97907415608239
2017-08-02 16:00:00+05:30,36.73904681380752,32.267500000000005,88.76500111871766
2017-08-02 17:00:00+05:30,37.20033169901322,31.445,59.61043483935234
2017-08-02 18:00:00+05:30,37.205168935834024,30.46875,23.54551888388912
2017-08-02 19:00:00+05:30,36.84152411420821,29.53375,1.5775248216361886
2017-08-02 20:00:00+05:30,36.31020932102976,29.0,0.0
2017-08-02 21:00:00+05:30,35.713794490521515,28.6925,0.0
2017-08-02 22:00:00+05:30,35.1245789769326,28.3175,0.0
2017-08-02 23:00:00+05:30,34.54678901015597,27.7725,0.0
2017-08-03 00:00:00+05:30,33.98153620080821,27.23375,0.0
2017-08-03 01:00:00+05:30,33.42368758402281,26.85625,0.0
2017-08-03 02:00:00+05:30,32.72220395119918,26.615000000000002,0.0
2017-08-03 03:00:00+05:30,31.615352962584605,26.415,0.0
2017-08-03 04:00:00+05:30,30.57390767311157,26.20875,0.0
2017-08-03 05:00:00+05:30,29.74422189124892,26.0425,0.0
2017-08-03 06:00:00+05:30,29.185965958649035,25.971249999999998,10.759084102218445
2017-08-03 07:00:00+05:30,28.965956774829245,26.197499999999998,47.46617891850852
2017-08-03 08:00:00+05:30,29.080742496000312,26.94,83.48208857689355
2017-08-03 09:00:00+05:30,29.492848628348668,28.4625,112.83969062162642
2017-08-03 10:00:00+05:30,29.69101092362289,30.07875,144.41744038386202
2017-08-03 11:00:00+05:30,29.723347990494233,31.055,145.01387798263107
2017-08-03 12:00:00+05:30,29.68377915077855,31.535,161.68035292494852
2017-08-03 13:00:00+05:30,29.622357918856686,31.713749999999997,160.0420784201578
2017-08-03 14:00:00+05:30,29.52858488728522,31.7525,129.83423951946367
2017-08-03 15:00:00+05:30,29.422127756558293,31.572499999999998,100.34705259549396
2017-08-03 16:00:00+05:30,29.30061748516728,31.07875,72.71038135188952
2017-08-03 17:00:00+05:30,29.14302677397464,30.31875,42.186630961256796
2017-08-03 18:00:00+05:30,28.933255497744426,29.443749999999998,13.287620353417617
2017-08-03 19:00:00+05:30,28.693615707520916,28.6975,0.8365772343957629
2017-08-03 20:00:00+05:30,28.447464454301482,28.2,0.0
2017-08-03 21:00:00+05:30,28.206931649329004,27.85625,0.0
2017-08-03 22:00:00+05:30,28.021148113818327,27.58375,0.0
2017-08-03 23:00:00+05:30,27.87098812760183,27.314999999999998,0.0
2017-08-04 00:00:00+05:30,27.72874981846125,26.997500000000002,0.0
2017-08-04 01:00:00+05:30,27.58580273640192,26.66375,0.0
2017-08-04 02:00:00+05:30,27.43865671676664,26.4275,0.0
2017-08-04 03:00:00+05:30,27.219347854398908,26.26,0.0
2017-08-04 04:00:00+05:30,26.96776820263864,26.11875,0.0
2017-08-04 05:00:00+05:30,26.7323140620362,25.995,0.0
2017-08-04 06:00:00+05:30,26.563317363476557,25.974999999999998,8.856926074505338
2017-08-04 07:00:00+05:30,26.608730779889054,26.4275,39.091598109203225
2017-08-04 08:00:00+05:30,26.784190351640074,27.515000000000004,68.55983035203823
2017-08-04 09:00:00+05:30,27.17855935631749,29.072499999999998,99.269112019527
2017-08-04 10:00:00+05:30,27.963423695520444,30.685,129.94070647625531
2017-08-04 11:00:00+05:30,28.97679185765558,31.913749999999997,160.27781415207616
2017-08-04 12:00:00+05:30,30.25255687590205,32.631249999999994,177.20793056194498
2017-08-04 13:00:00+05:30,31.61341922908761,32.93,179.480014058765
2017-08-04 14:00:00+05:30,32.97355224885074,33.00875,166.15686238811705
2017-08-04 15:00:00+05:30,34.10695995582829,32.91375,126.68784924313857
2017-08-04 16:00:00+05:30,34.90289031611703,32.487500000000004,94.09058323785499
2017-08-04 17:00:00+05:30,35.3360939716919,31.682499999999997,62.18407369110531
2017-08-04 18:00:00+05:30,35.34421868908526,30.44875,20.636313922268325
2017-08-04 19:00:00+05:30,35.02349210657791,29.188750000000002,1.3354442300422638
2017-08-04 20:00:00+05:30,34.52037756708959,28.425,0.0
2017-08-04 21:00:00+05:30,33.93634768392967,27.9425,0.0
2017-08-04 22:00:00+05:30,33.38195996370135,27.395,0.0
2017-08-04 23:00:00+05:30,32.85623196570462,26.863749999999996,0.0
2017-08-05 00:00:00+05:30,32.34498280345323,26.4675,0.0
2017-08-05 01:00:00+05:30,31.808199423727956,26.19625,0.0
2017-08-05 02:00:00+05:30,31.2975516992782,26.00375,0.0
2017-08-05 03:00:00+05:30,30.817575754812506,25.846249999999998,0.0
2017-08-05 04:00:00+05:30,30.366745098296796,25.683750000000003,0.0
2017-08-05 05:00:00+05:30,29.942641756283273,25.50125,0.0
2017-08-05 06:00:00+05:30,29.588225918577287,25.755,13.51066136278283
2017-08-05 07:00:00+05:30,29.54764715896695,26.6875,62.725942233864195
2017-08-05 08:00:00+05:30,29.931789002434375,28.0675,105.04878425007854
2017-08-05 09:00:00+05:30,30.765455192731938,29.41125,146.98866971615726
2017-08-05 10:00:00+05:30,32.19572269196412,30.436249999999998,201.9618135074554
2017-08-05 11:00:00+05:30,34.01627814526806,31.23875,236.00579236290633
2017-08-05 12:00:00+05:30,35.94578967034468,31.894999999999996,233.04132462885806
2017-08-05 13:00:00+05:30,37.60737675320371,32.35125,225.6827184820233
2017-08-05 14:00:00+05:30,38.99452121345435,32.57125,208.25052704840994
2017-08-05 15:00:00+05:30,40.06678371457177,32.57,164.9058975100798
2017-08-05 16:00:00+05:30,40.6707998271663,32.34625,121.24335926900685
2017-08-05 17:00:00+05:30,40.82428664410182,31.82375,76.06046196920113
2017-08-05 18:00:00+05:30,40.51797544841216,30.917499999999997,27.283796442658506
2017-08-05 19:00:00+05:30,39.86211668574734,29.62625,1.7938951881585576
2017-08-05 20:00:00+05:30,39.06343332054711,28.8275,0.0
2017-08-05 21:00:00+05:30,38.2380795386486,28.48875,0.0
2017-08-05 22:00:00+05:30,37.46634469470997,28.18,0.0
2017-08-05 23:00:00+05:30,36.73063767058344,27.822499999999998,0.0
2017-08-06 00:00:00+05:30,36.021402773403864,27.461249999999996,0.0
2017-08-06 01:00:00+05:30,35.294665556669955,27.136249999999997,0.0
2017-08-06 02:00:00+05:30,34.588473327367545,26.85125,0.0
2017-08-06 03:00:00+05:30,33.91038334657544,26.6125,0.0
2017-08-06 04:00:00+05:30,33.26238874409582,26.33625,0.0
2017-08-06 05:00:00+05:30,32.644249112374965,26.057500000000005,0.0
2017-08-06 06:00:00+05:30,32.09375330644952,26.0725,8.958773622537597
2017-08-06 07:00:00+05:30,31.760872228925066,26.6275,40.53800209558388
2017-08-06 08:00:00+05:30,31.710431093077567,27.845,72.77746600323908
2017-08-06 09:00:00+05:30,31.689197956434818,29.206249999999997,91.45571917759798
2017-08-06 10:00:00+05:30,31.193178406206748,30.371250000000003,119.77685658010134
2017-08-06 11:00:00+05:30,30.771117297481062,31.0425,161.27894625864135
2017-08-06 12:00:00+05:30,30.454592357350446,31.275,178.04476984683407
2017-08-06 13:00:00+05:30,30.198993523861436,31.488750000000003,188.59211861630558
2017-08-06 14:00:00+05:30,30.01674505241149,31.68375,198.0138448811982
2017-08-06 15:00:00+05:30,29.777250672389513,31.74625,162.23214452968557
2017-08-06 16:00:00+05:30,29.470554817789647,31.53125,115.26180710587779
2017-08-06 17:00:00+05:30,29.119509084100365,31.29375,64.73902946310616
2017-08-06 18:00:00+05:30,28.820699219459435,30.973750000000003,21.983656720495137
2017-08-06 19:00:00+05:30,28.676877920165303,30.22625,1.439363005212559
2017-08-06 20:00:00+05:30,28.56009095532528,29.43875,0.0
2017-08-06 21:00:00+05:30,28.463226216758045,28.87375,0.0
2017-08-06 22:00:00+05:30,28.37122538642502,28.446250000000003,0.0
2017-08-06 23:00:00+05:30,28.278335414315016,28.0625,0.0
2017-08-07 00:00:00+05:30,28.179687440127864,27.71375,0.0
2017-08-07 01:00:00+05:30,28.054751842504004,27.396250000000002,0.0
2017-08-07 02:00:00+05:30,27.771732318272402,27.08625,0.0
2017-08-07 03:00:00+05:30,27.483652904810434,26.81375,0.0
2017-08-07 04:00:00+05:30,27.21015405661288,26.53875,0.0
2017-08-07 05:00:00+05:30,26.963614105262515,26.267500000000002,0.0
2017-08-07 06:00:00+05:30,26.758999303886203,26.27625,2.6531446596654193
2017-08-07 07:00:00+05:30,26.674431551913536,26.68375,9.313828626737308
2017-08-07 08:00:00+05:30,26.54527592218249,27.490000000000002,15.522882901481916
2017-08-07 09:00:00+05:30,26.54345572226616,28.512500000000003,45.41800534794923
2017-08-07 10:00:00+05:30,26.708714539172494,29.584999999999997,113.60038264637207
2017-08-07 11:00:00+05:30,26.984430808152005,30.6525,172.24547322996114
2017-08-07 12:00:00+05:30,27.253156243232787,31.550000000000004,199.8214456514919
2017-08-07 13:00:00+05:30,27.479918917160276,32.16875,206.98312137756582
2017-08-07 14:00:00+05:30,27.711472663205207,32.503750000000004,190.38977306832334
2017-08-07 15:00:00+05:30,28.526460148836563,32.558749999999996,151.63068257052592
2017-08-07 16:00:00+05:30,29.109278747716758,32.315,108.94441470641318
2017-08-07 17:00:00+05:30,29.750865105876176,31.83,64.79778349021305
2017-08-07 18:00:00+05:30,30.173783576531587,31.25125,24.314148764484997
2017-08-07 19:00:00+05:30,30.350739093342977,30.355,1.6300480053704969
2017-08-07 20:00:00+05:30,30.363633838452554,29.743750000000002,0.0
2017-08-07 21:00:00+05:30,30.2865659198233,29.432499999999997,0.0
2017-08-07 22:00:00+05:30,30.144315765471333,29.1325,0.0
2017-08-07 23:00:00+05:30,29.962381679652616,28.75125,0.0
2017-08-08 00:00:00+05:30,29.77607770492739,28.29,0.0
2017-08-08 01:00:00+05:30,29.558902480959972,27.81,0.0
2017-08-08 02:00:00+05:30,29.32722239054298,27.3925,0.0
2017-08-08 03:00:00+05:30,29.09091367810999,27.050000000000004,0.0
2017-08-08 04:00:00+05:30,28.857838730468913,26.78,0.0
2017-08-08 05:00:00+05:30,28.629661623613156,26.552500000000002,0.0
2017-08-08 06:00:00+05:30,28.4435664979923,26.5075,9.008786928185524
2017-08-08 07:00:00+05:30,28.41489310230409,26.9425,40.268750285223234
2017-08-08 08:00:00+05:30,28.24685234147315,27.84,73.86373676080754
2017-08-08 09:00:00+05:30,28.158251890005694,28.39875,121.61471061995
2017-08-08 10:00:00+05:30,28.16518733747106,28.69375,163.45752382227283
2017-08-08 11:00:00+05:30,28.181782988381716,28.978749999999998,166.11801187168214
2017-08-08 12:00:00+05:30,28.17899128434803,29.28625,160.1994451942727
2017-08-08 13:00:00+05:30,28.219612248511083,29.71,166.65478603575895
2017-08-08 14:00:00+05:30,28.23697345730466,30.3025,136.68143206935477
2017-08-08 15:00:00+05:30,28.104017504302366,30.625,61.83852026895836
2017-08-08 16:00:00+05:30,27.935042111679245,30.470000000000006,26.8471241588773
2017-08-08 17:00:00+05:30,27.974886027587345,29.95625,18.702943927287155
2017-08-08 18:00:00+05:30,27.96049618261713,29.11375,6.142502900724317
2017-08-08 19:00:00+05:30,27.911983768961,28.0875,0.39836048886684844
2017-08-08 20:00:00+05:30,27.82814500029411,27.458750000000002,0.0
2017-08-08 21:00:00+05:30,27.732723726980264,27.1575,0.0
2017-08-08 22:00:00+05:30,27.623313669251083,26.95375,0.0
2017-08-08 23:00:00+05:30,27.504108616061885,26.8025,0.0
2017-08-09 00:00:00+05:30,27.374294537859015,26.637499999999996,0.0
2017-08-09 01:00:00+05:30,27.166353076959755,26.4825,0.0
2017-08-09 02:00:00+05:30,26.941059696086736,26.33625,0.0
2017-08-09 03:00:00+05:30,26.77187671959492,26.173750000000002,0.0
2017-08-09 04:00:00+05:30,26.61350185725548,25.99125,0.0
2017-08-09 05:00:00+05:30,26.463903703184535,25.813750000000002,0.0
2017-08-09 06:00:00+05:30,26.358250761222145,25.89375,10.926798543554234
2017-08-09 07:00:00+05:30,26.44306265535428,26.42375,53.61727457501182
2017-08-09 08:00:00+05:30,26.624812023399514,27.54625,95.62153000534599
2017-08-09 09:00:00+05:30,26.88400892828748,28.8725,125.64513424324235
2017-08-09 10:00:00+05:30,27.207939750400115,30.09125,156.95612746467677
2017-08-09 11:00:00+05:30,27.54953924267738,30.892500000000002,180.93390010499948
2017-08-09 12:00:00+05:30,27.776650851223557,31.30375,156.36912570621706
2017-08-09 13:00:00+05:30,27.868844659316377,31.457500000000003,110.1392984430328
2017-08-09 14:00:00+05:30,27.920629876625206,31.392500000000002,82.62022091990906
2017-08-09 15:00:00+05:30,28.050089502846525,31.115,32.60520785579503
2017-08-09 16:00:00+05:30,28.18952093262748,30.705,19.550650601251462
2017-08-09 17:00:00+05:30,28.319087559230155,30.265,11.790878641854455
2017-08-09 18:00:00+05:30,28.41171258662055,29.556250000000002,4.580824143324003
2017-08-09 19:00:00+05:30,28.44310350059937,28.74875,0.31279569584627964
2017-08-09 20:00:00+05:30,28.426206233044834,28.26625,0.0
2017-08-09 21:00:00+05:30,28.37764172961191,27.968749999999996,0.0
2017-08-09 22:00:00+05:30,28.28164352382495,27.7225,0.0
2017-08-09 23:00:00+05:30,28.16956152083078,27.458750000000002,0.0
2017-08-10 00:00:00+05:30,28.045239239353506,27.168750000000003,0.0
2017-08-10 01:00:00+05:30,27.862394554224313,26.909999999999997,0.0
2017-08-10 02:00:00+05:30,27.60094496944253,26.688750000000002,0.0
2017-08-10 03:00:00+05:30,27.370720305822367,26.522499999999997,0.0
2017-08-10 04:00:00+05:30,27.16970822949463,26.407500000000002,0.0
2017-08-10 05:00:00+05:30,26.994653680316038,26.326249999999998,0.0
2017-08-10 06:00:00+05:30,26.88312161827369,26.56875,8.93875181962277
2017-08-10 07:00:00+05:30,26.987814640809635,27.155,45.19006352715342
2017-08-10 08:00:00+05:30,27.38602205526651,27.86,88.64468818351995
2017-08-10 09:00:00+05:30,28.074446338862714,28.486250000000002,130.96388619932807
2017-08-10 10:00:00+05:30,29.091858774303184,28.981249999999996,172.73602697322008
2017-08-10 11:00:00+05:30,30.2647072940902,29.44375,187.5775008497143
2017-08-10 12:00:00+05:30,31.55227556286094,29.988750000000003,208.13366078334084
2017-08-10 13:00:00+05:30,32.978106680688455,30.5225,235.8725989290924
2017-08-10 14:00:00+05:30,34.36278056826433,30.785,208.58050771237401
2017-08-10 15:00:00+05:30,35.40145974062395,30.72375,145.11050076474368
2017-08-10 16:00:00+05:30,35.940841043136814,30.391250000000003,90.66224163712849
2017-08-10 17:00:00+05:30,36.050183097078815,29.805,43.088940374664524
2017-08-10 18:00:00+05:30,35.80424747857049,28.950000000000003,10.526561961143834
2017-08-10 19:00:00+05:30,35.29818784137377,27.933749999999996,0.6266640794948175
2017-08-10 20:00:00+05:30,34.67768027132679,27.27125,0.0
2017-08-10 21:00:00+05:30,34.10125263992337,26.885,0.0
2017-08-10 22:00:00+05:30,33.55155115207763,26.587499999999995,0.0
2017-08-10 23:00:00+05:30,33.024023600847784,26.3275,0.0
2017-08-11 00:00:00+05:30,32.514023823074915,26.09875,0.0
2017-08-11 01:00:00+05:30,31.994882302370602,25.919999999999998,0.0
2017-08-11 02:00:00+05:30,31.490298703888033,25.75375,0.0
2017-08-11 03:00:00+05:30,31.00339682774569,25.577500000000004,0.0
2017-08-11 04:00:00+05:30,30.539586073168184,25.37875,0.0
2017-08-11 05:00:00+05:30,30.09956038770831,25.2,0.0
2017-08-11 06:00:00+05:30,29.717385465114933,25.408750000000005,8.690152691349427
2017-08-11 07:00:00+05:30,29.55857034904193,26.270000000000003,43.46831517679742
2017-08-11 08:00:00+05:30,29.721495957585237,27.78375,86.3559478856191
2017-08-11 09:00:00+05:30,30.207361867773344,29.333750000000002,124.90759009120814
2017-08-11 10:00:00+05:30,30.949301374895647,30.51375,157.25934273353997
2017-08-11 11:00:00+05:30,32.01276944063382,31.375,196.0117348934511
2017-08-11 12:00:00+05:30,33.1499117049844,31.872500000000002,202.41884030303265
2017-08-11 13:00:00+05:30,34.320544525348005,32.0375,194.29746445392902
2017-08-11 14:00:00+05:30,35.34179864024801,31.985,167.5860512183737
2017-08-11 15:00:00+05:30,36.08125912517544,31.7525,126.88581884905598
2017-08-11 16:00:00+05:30,36.555737139583016,31.34,100.91791377323386
2017-08-11 17:00:00+05:30,36.74206485864767,30.8725,59.223822885935874
2017-08-11 18:00:00+05:30,36.601217145004405,30.2875,19.621250669332593
2017-08-11 19:00:00+05:30,36.169331090334396,29.49625,1.2718331294873866
2017-08-11 20:00:00+05:30,35.60785230761328,28.82625,0.0
2017-08-11 21:00:00+05:30,35.07567398241172,28.245,0.0
2017-08-11 22:00:00+05:30,34.54541053690111,27.7325,0.0
2017-08-11 23:00:00+05:30,34.02545419781026,27.35375,0.0
2017-08-12 00:00:00+05:30,33.486954996371516,27.08625,0.0
2017-08-12 01:00:00+05:30,32.94385405382816,26.825,0.0
2017-08-12 02:00:00+05:30,32.41104150160483,26.507499999999997,0.0
2017-08-12 03:00:00+05:30,31.90062292133338,26.1425,0.0
2017-08-12 04:00:00+05:30,31.403967770822973,25.800000000000004,0.0
2017-08-12 05:00:00+05:30,30.919077580722497,25.52375,0.0
2017-08-12 06:00:00+05:30,30.492779899530586,25.53,10.361796148693392
2017-08-12 07:00:00+05:30,30.325700326492548,26.158749999999998,52.160604178113054
2017-08-12 08:00:00+05:30,30.552494630726702,27.674999999999997,102.45749546029818
2017-08-12 09:00:00+05:30,31.15210213522699,29.19875,147.76527159311274
2017-08-12 10:00:00+05:30,32.0374279614348,30.44625,186.1610102067266
2017-08-12 11:00:00+05:30,33.305998166603004,31.543750000000003,219.28192362129053
2017-08-12 12:00:00+05:30,34.63867402944319,32.38,211.8544235992583
2017-08-12 13:00:00+05:30,35.926724604942876,32.89375,199.10854543119663
2017-08-12 14:00:00+05:30,37.0330434120839,33.102500000000006,177.0018272021394
2017-08-12 15:00:00+05:30,37.76751071472319,33.03375,117.15723770310186
2017-08-12 16:00:00+05:30,38.09682283023606,32.695,63.44247478747987
2017-08-12 17:00:00+05:30,38.091824916658645,32.13,33.06401294046804
2017-08-12 18:00:00+05:30,37.791239290764594,31.39,9.887780902757187
2017-08-12 19:00:00+05:30,37.27273832587292,30.314999999999998,0.6319857169267478
2017-08-12 20:00:00+05:30,36.693382169803,29.58125,0.0
2017-08-12 21:00:00+05:30,36.145490153827154,29.20125,0.0
2017-08-12 22:00:00+05:30,35.600140938911785,28.795,0.0
2017-08-12 23:00:00+05:30,35.06046274793685,28.3425,0.0
2017-08-13 00:00:00+05:30,34.491349764904186,27.901249999999997,0.0
2017-08-13 01:00:00+05:30,33.916579961649134,27.483749999999997,0.0
2017-08-13 02:00:00+05:30,33.348193003462214,27.0925,0.0
2017-08-13 03:00:00+05:30,32.798011656639254,26.75625,0.0
2017-08-13 04:00:00+05:30,32.26840675581505,26.458750000000002,0.0
2017-08-13 05:00:00+05:30,31.75933725504182,26.1625,0.0
2017-08-13 06:00:00+05:30,31.31946277841297,26.33125,12.533940178572642
2017-08-13 07:00:00+05:30,31.192799364058224,26.99375,65.53404002185576
2017-08-13 08:00:00+05:30,31.493240003994217,28.0775,110.13137888590613
2017-08-13 09:00:00+05:30,32.19885662762431,29.025,156.36433242095876
2017-08-13 10:00:00+05:30,33.333975215336395,29.791249999999998,205.3393570509017
2017-08-13 11:00:00+05:30,34.75815041733766,30.673750000000002,225.31379849621655
2017-08-13 12:00:00+05:30,36.28727567624966,31.46125,241.43254343125508
2017-08-13 13:00:00+05:30,37.75421357676892,31.97625,230.26434082765377
2017-08-13 14:00:00+05:30,38.88734314377575,32.28,182.0518716930374
2017-08-13 15:00:00+05:30,39.63035944097044,32.4075,150.07138520699752
2017-08-13 16:00:00+05:30,40.032434092711405,32.348749999999995,99.90320147442876
2017-08-13 17:00:00+05:30,40.06383643988342,31.6875,50.941963337663566
2017-08-13 18:00:00+05:30,39.73113001248916,31.026249999999997,13.220334504083148
2017-08-13 19:00:00+05:30,39.1660843777309,30.44375,0.762054152920003
2017-08-13 20:00:00+05:30,38.48427626346847,29.825000000000003,0.0
2017-08-13 21:00:00+05:30,37.795099443095594,29.3375,0.0
2017-08-13 22:00:00+05:30,37.12779147497898,28.692500000000003,0.0
2017-08-13 23:00:00+05:30,36.471145416021145,27.99375,0.0
2017-08-14 00:00:00+05:30,35.82954999146885,27.5,0.0
2017-08-14 01:00:00+05:30,35.17032135006297,27.150000000000002,0.0
2017-08-14 02:00:00+05:30,34.52543986939389,26.879999999999995,0.0
2017-08-14 03:00:00+05:30,33.90654957195861,26.665,0.0
2017-08-14 04:00:00+05:30,33.316328720872185,26.48375,0.0
2017-08-14 05:00:00+05:30,32.758651586613524,26.3825,0.0
2017-08-14 06:00:00+05:30,32.27961121710358,26.6475,10.335654518539599
2017-08-14 07:00:00+05:30,32.086083043574746,27.976250000000004,51.210189641063806
2017-08-14 08:00:00+05:30,32.26477560504126,29.813750000000002,94.43298619412116
2017-08-14 09:00:00+05:30,32.76036726685493,31.037499999999998,131.2227119300102
2017-08-14 10:00:00+05:30,33.23214708611382,31.7225,165.6516317463544
2017-08-14 11:00:00+05:30,32.749403097899176,32.27125,140.26520636909333
2017-08-14 12:00:00+05:30,32.09713072378535,32.676249999999996,79.67448921566843
2017-08-14 13:00:00+05:30,31.504719777825848,32.918749999999996,74.92261129001673
2017-08-14 14:00:00+05:30,31.008664165324674,32.98375,66.14046624007683
2017-08-14 15:00:00+05:30,30.631799973370057,32.62375,78.07943625274319
2017-08-14 16:00:00+05:30,30.634372952619884,31.991249999999997,65.96823778167469
2017-08-14 17:00:00+05:30,30.663519631057977,31.327499999999997,33.01750478550525
2017-08-14 18:00:00+05:30,30.68300659237982,30.4425,10.883958648070802
2017-08-14 19:00:00+05:30,30.581335076301492,29.378749999999997,0.718375729271814
2017-08-14 20:00:00+05:30,30.43244333610055,28.726249999999997,0.0
2017-08-14 21:00:00+05:30,30.255749405404252,28.392500000000002,0.0
2017-08-14 22:00:00+05:30,30.0552907179124,28.105,0.0
2017-08-14 23:00:00+05:30,29.845985695361918,27.8625,0.0
2017-08-15 00:00:00+05:30,29.4346696129343,27.686249999999998,0.0
2017-08-15 01:00:00+05:30,28.954961367968263,27.567500000000003,0.0
2017-08-15 02:00:00+05:30,28.5188773567353,27.392500000000002,0.0
2017-08-15 03:00:00+05:30,28.21691331777953,27.15375,0.0
2017-08-15 04:00:00+05:30,27.98210260611271,26.95375,0.0
2017-08-15 05:00:00+05:30,27.777283457977408,26.7525,0.0
2017-08-15 06:00:00+05:30,27.626602994660313,26.77,9.967867905442835
2017-08-15 07:00:00+05:30,27.71037212645244,27.5425,51.983596689141436
2017-08-15 08:00:00+05:30,28.189037127811957,29.2825,104.0642278972959
2017-08-15 09:00:00+05:30,29.103667766827925,30.6075,156.35516742873813
2017-08-15 10:00:00+05:30,30.21068087958237,31.355,182.42983975226207
2017-08-15 11:00:00+05:30,31.522927842976596,31.91,208.90995014864907
2017-08-15 12:00:00+05:30,33.06342989071338,32.214999999999996,243.99120004688848
2017-08-15 13:00:00+05:30,34.767761696964484,32.39625,249.22213301806772
2017-08-15 14:00:00+05:30,36.32299093545751,32.441250000000004,221.01359206444133
2017-08-15 15:00:00+05:30,37.560168370925524,32.286249999999995,168.97037773286178
2017-08-15 16:00:00+05:30,38.3576281966387,31.981250000000003,108.6741343470504
2017-08-15 17:00:00+05:30,38.74415605004371,31.6875,66.12873800975171
2017-08-15 18:00:00+05:30,38.637819857009475,31.0275,20.224911664473424
2017-08-15 19:00:00+05:30,38.16858082482053,29.94,1.2597628364918636
2017-08-15 20:00:00+05:30,37.49975122390026,29.13375,0.0
2017-08-15 21:00:00+05:30,36.795825101031795,28.626250000000002,0.0
2017-08-15 22:00:00+05:30,36.13112687787245,28.28125,0.0
2017-08-15 23:00:00+05:30,35.51598235122069,28.13625,0.0
2017-08-16 00:00:00+05:30,34.93066763647284,27.94125,0.0
2017-08-16 01:00:00+05:30,34.33514061046292,27.639999999999997,0.0
2017-08-16 02:00:00+05:30,33.75464931574926,27.35125,0.0
2017-08-16 03:00:00+05:30,33.20455464250126,27.150000000000002,0.0
2017-08-16 04:00:00+05:30,32.686524672251664,27.0275,0.0
2017-08-16 05:00:00+05:30,32.196857937708735,26.915,0.0
2017-08-16 06:00:00+05:30,31.768550478506448,26.97625,9.87882554872327
2017-08-16 07:00:00+05:30,31.6102988097371,27.765,51.86340347991068
2017-08-16 08:00:00+05:30,31.850069220275763,29.1375,100.16491766633723
2017-08-16 09:00:00+05:30,32.45009125330573,30.275000000000002,144.08980426846693
2017-08-16 10:00:00+05:30,33.47823087700705,31.22,203.69102082362917
2017-08-16 11:00:00+05:30,34.966824942825426,32.036249999999995,268.45163711776775
2017-08-16 12:00:00+05:30,36.77905749157228,32.71,299.70298469757114
2017-08-16 13:00:00+05:30,38.673137305017995,33.16875,296.88580053814496
2017-08-16 14:00:00+05:30,40.34572499605229,33.2375,257.6719868556953
2017-08-16 15:00:00+05:30,41.55595653071243,33.0375,190.64103224152166
2017-08-16 16:00:00+05:30,42.25638283587604,32.75875,122.31521332776532
2017-08-16 17:00:00+05:30,42.43806059542657,32.15,67.40284347219429
2017-08-16 18:00:00+05:30,42.112509832311446,31.5875,23.265171718233958
2017-08-16 19:00:00+05:30,41.4206130490953,31.02375,1.4601249209377969
2017-08-16 20:00:00+05:30,40.611141712996606,30.711250000000003,0.0
2017-08-16 21:00:00+05:30,39.82992403968072,30.413750000000004,0.0
2017-08-16 22:00:00+05:30,39.06480627341208,29.85375,0.0
2017-08-16 23:00:00+05:30,38.32270574736928,29.27875,0.0
2017-08-17 00:00:00+05:30,37.591691482789,28.580000000000002,0.0
2017-08-17 01:00:00+05:30,36.84997309912096,27.886250000000004,0.0
2017-08-17 02:00:00+05:30,36.117881505158785,27.412499999999998,0.0
2017-08-17 03:00:00+05:30,35.441691829667725,27.13875,0.0
2017-08-17 04:00:00+05:30,34.796750419848046,26.909999999999997,0.0
2017-08-17 05:00:00+05:30,34.16923080697106,26.65125,0.0
2017-08-17 06:00:00+05:30,33.61121737673016,26.7625,11.157359167026847
2017-08-17 07:00:00+05:30,33.33766152036765,27.439999999999998,58.267650739427495
2017-08-17 08:00:00+05:30,33.46280601936966,28.776249999999997,104.35586093832532
2017-08-17 09:00:00+05:30,33.66528954467616,30.104999999999997,153.12989477110972
2017-08-17 10:00:00+05:30,33.317405226408724,31.0775,214.11472303957078
2017-08-17 11:00:00+05:30,33.8586210262977,31.756249999999998,250.73852038007593
2017-08-17 12:00:00+05:30,34.927619597059916,32.23875,274.3667394586349
2017-08-17 13:00:00+05:30,36.47627424299135,32.5375,258.5321687958147
2017-08-17 14:00:00+05:30,37.83671980418938,32.695,207.73610659236437
2017-08-17 15:00:00+05:30,38.91777182025757,32.777499999999996,176.68033415974534
2017-08-17 16:00:00+05:30,39.62270935884738,32.6125,117.21899587915561
2017-08-17 17:00:00+05:30,39.94220056185075,32.2625,72.39110916584383
2017-08-17 18:00:00+05:30,39.760935479836455,31.363749999999996,23.062899047954634
2017-08-17 19:00:00+05:30,39.167834497713415,29.966250000000002,1.4596042905134086
2017-08-17 20:00:00+05:30,38.43850028586236,29.125,0.0
2017-08-17 21:00:00+05:30,37.74257044716097,28.741249999999997,0.0
2017-08-17 22:00:00+05:30,37.058893223680556,28.372500000000002,0.0
2017-08-17 23:00:00+05:30,36.39654355306424,28.03,0.0
2017-08-18 00:00:00+05:30,35.74596898711467,27.75375,0.0
2017-08-18 01:00:00+05:30,35.091621014184426,27.51625,0.0
2017-08-18 02:00:00+05:30,34.4689144936032,27.34875,0.0
2017-08-18 03:00:00+05:30,33.88232333274514,27.206249999999997,0.0
2017-08-18 04:00:00+05:30,33.32763691303037,27.018749999999997,0.0
2017-08-18 05:00:00+05:30,32.80045049404218,26.802500000000002,0.0
2017-08-18 06:00:00+05:30,32.307896053156114,26.713750000000005,1.3242423192662085
2017-08-18 07:00:00+05:30,31.67430819891679,26.9975,5.399639347610682
2017-08-18 08:00:00+05:30,30.883019421336734,27.795,9.75635411233612
2017-08-18 09:00:00+05:30,30.405166842045464,28.8825,13.854950422295772
2017-08-18 10:00:00+05:30,30.217002350600016,29.91,23.045510313480555
2017-08-18 11:00:00+05:30,30.269909851313855,30.75125,51.3509367170647
2017-08-18 12:00:00+05:30,30.73171667256089,31.408749999999998,115.74060193208922
2017-08-18 13:00:00+05:30,31.450899986944027,31.7425,147.06238717234336
2017-08-18 14:00:00+05:30,32.23253407228045,31.822499999999998,144.55442539751058
2017-08-18 15:00:00+05:30,33.090796238843005,31.6925,155.21816594637977
2017-08-18 16:00:00+05:30,33.939210786770836,31.366249999999997,116.55644499236806
2017-08-18 17:00:00+05:30,34.47567761332198,30.782499999999995,62.89691809575413
2017-08-18 18:00:00+05:30,34.5769836041932,29.82,19.94509377924008
2017-08-18 19:00:00+05:30,34.331177030424634,28.737499999999997,1.2442207259221658
2017-08-18 20:00:00+05:30,33.93945701919674,28.133750000000003,0.0
2017-08-18 21:00:00+05:30,33.54237320653381,27.8475,0.0
2017-08-18 22:00:00+05:30,33.14021379926301,27.60625,0.0
2017-08-18 23:00:00+05:30,32.74273360238943,27.37,0.0
2017-08-19 00:00:00+05:30,32.33368297231218,27.154999999999998,0.0
2017-08-19 01:00:00+05:30,31.91222346704061,26.89875,0.0
2017-08-19 02:00:00+05:30,31.489991696452385,26.65875,0.0
2017-08-19 03:00:00+05:30,31.087719165813425,26.504999999999995,0.0
2017-08-19 04:00:00+05:30,30.71133228661005,26.36625,0.0
2017-08-19 05:00:00+05:30,30.345641164918394,26.19125,0.0
2017-08-19 06:00:00+05:30,30.03353943611332,26.30125,8.669364811919651
2017-08-19 07:00:00+05:30,29.942129638717176,26.885,45.86247299184582
2017-08-19 08:00:00+05:30,30.172288564629206,28.0325,89.46996119639194
2017-08-19 09:00:00+05:30,30.71001186915709,29.725,132.75340822177472
2017-08-19 10:00:00+05:30,31.730054006875854,31.105,211.06231813033367
2017-08-19 11:00:00+05:30,33.22585875046552,31.82875,265.91262045292024
2017-08-19 12:00:00+05:30,34.85076209202723,32.2075,266.8060261215816
2017-08-19 13:00:00+05:30,36.4910467687113,32.41375,249.98965050004256
2017-08-19 14:00:00+05:30,37.81200354987897,32.495,193.59585346226066
2017-08-19 15:00:00+05:30,38.605962325606534,32.46625,130.9670725121762
2017-08-19 16:00:00+05:30,38.84462255478462,32.27125,58.59264804103093
2017-08-19 17:00:00+05:30,38.785257456013284,31.776250000000005,42.875250540075676
2017-08-19 18:00:00+05:30,38.3975725927826,30.85875,13.762499085821334
2017-08-19 19:00:00+05:30,37.78621384077611,29.825,0.8823774625722889
2017-08-19 20:00:00+05:30,37.14746052377104,29.7625,0.0
2017-08-19 21:00:00+05:30,36.56617821841176,29.9375,0.0
2017-08-19 22:00:00+05:30,35.99472262473644,29.448749999999997,0.0
2017-08-19 23:00:00+05:30,35.43310880642497,28.7975,0.0
2017-08-20 00:00:00+05:30,34.89613271950334,28.63,0.0
2017-08-20 01:00:00+05:30,34.351765384004956,28.403750000000002,0.0
2017-08-20 02:00:00+05:30,33.81365323680678,28.018749999999997,0.0
2017-08-20 03:00:00+05:30,33.3012970548082,27.63625,0.0
2017-08-20 04:00:00+05:30,32.813947500910075,27.29625,0.0
2017-08-20 05:00:00+05:30,32.354525068340024,27.04875,0.0
2017-08-20 06:00:00+05:30,31.953364526351063,27.051249999999996,9.363667094101697
2017-08-20 07:00:00+05:30,31.791740593638806,27.6625,48.175858219146136
2017-08-20 08:00:00+05:30,31.944124727475767,29.0,86.69048070894112
2017-08-20 09:00:00+05:30,32.41909549263432,30.306250000000002,129.22189865643912
2017-08-20 10:00:00+05:30,33.153211560694956,31.0925,176.48672922087957
2017-08-20 11:00:00+05:30,34.229660683894465,31.46625,219.2500029637778
2017-08-20 12:00:00+05:30,35.598595949048004,31.7975,261.94248849421507
2017-08-20 13:00:00+05:30,37.06814251765864,32.02125,246.92543085304825
2017-08-20 14:00:00+05:30,38.268239000617555,31.9825,184.78721120201047
2017-08-20 15:00:00+05:30,38.76776097088704,31.78,86.43656835366119
2017-08-20 16:00:00+05:30,38.83405519536059,31.490000000000002,51.336245686624885
2017-08-20 17:00:00+05:30,38.60341598833886,31.1575,28.00695992993069
2017-08-20 18:00:00+05:30,38.11182933036229,30.34875,8.265902244678223
2017-08-20 19:00:00+05:30,37.46568346652173,29.221249999999998,0.5257543368268371
2017-08-20 20:00:00+05:30,36.802178394672765,28.42125,0.0
2017-08-20 21:00:00+05:30,36.15625933905581,27.90625,0.0
2017-08-20 22:00:00+05:30,35.53024004088878,27.517500000000002,0.0
2017-08-20 23:00:00+05:30,34.903872001162654,27.19625,0.0
2017-08-21 00:00:00+05:30,34.253904991040145,26.892500000000002,0.0
2017-08-21 01:00:00+05:30,33.622250441070676,26.58625,0.0
2017-08-21 02:00:00+05:30,33.01605564195759,26.294999999999998,0.0
2017-08-21 03:00:00+05:30,32.4352511348588,26.027500000000003,0.0
2017-08-21 04:00:00+05:30,31.884063156763595,25.78625,0.0
2017-08-21 05:00:00+05:30,31.359468516617152,25.58125,0.0
2017-08-21 06:00:00+05:30,30.91015163430533,25.71,9.938104080807
2017-08-21 07:00:00+05:30,30.74168895538264,26.554999999999996,54.36809900178682
2017-08-21 08:00:00+05:30,30.98738715945704,28.02125,104.55082923412968
2017-08-21 09:00:00+05:30,31.57714353736423,29.396250000000002,145.45366902694326
2017-08-21 10:00:00+05:30,32.493185707738846,30.450000000000003,192.1197862554376
2017-08-21 11:00:00+05:30,32.570854355467446,31.353749999999998,195.42714636690422
2017-08-21 12:00:00+05:30,32.00134989804999,32.067499999999995,152.1658425560161
2017-08-21 13:00:00+05:30,31.304997424348805,32.525,52.68878602987759
2017-08-21 14:00:00+05:30,30.68399263853017,32.741249999999994,42.906782969857986
2017-08-21 15:00:00+05:30,30.257334114412846,32.6775,48.42252773351106
2017-08-21 16:00:00+05:30,30.27099290521548,32.4225,45.08879526887865
2017-08-21 17:00:00+05:30,30.3251323749907,32.16,26.24167158574968
2017-08-21 18:00:00+05:30,30.377965833642047,31.463749999999997,7.892121652538182
2017-08-21 19:00:00+05:30,30.340155620712988,30.3625,0.5039980998713982
2017-08-21 20:00:00+05:30,30.240300401608643,29.545,0.0
2017-08-21 21:00:00+05:30,30.11192148495347,28.988749999999996,0.0
2017-08-21 22:00:00+05:30,29.952310604572855,28.458750000000002,0.0
2017-08-21 23:00:00+05:30,29.748207741490596,27.9725,0.0
2017-08-22 00:00:00+05:30,29.32039927906872,27.59375,0.0
2017-08-22 01:00:00+05:30,28.94790465950627,27.307500000000005,0.0
2017-08-22 02:00:00+05:30,28.671345555532703,27.072499999999998,0.0
2017-08-22 03:00:00+05:30,28.447797445288362,26.865000000000002,0.0
2017-08-22 04:00:00+05:30,28.243687216456046,26.67125,0.0
2017-08-22 05:00:00+05:30,28.045453097098807,26.49375,0.0
2017-08-22 06:00:00+05:30,27.842536885268,26.47375,9.604188970914953
2017-08-22 07:00:00+05:30,27.679308830385164,27.28125,50.92213010390729
2017-08-22 08:00:00+05:30,27.673207595763404,28.75,96.48239412721448
2017-08-22 09:00:00+05:30,27.843044997393335,30.30625,154.6471597603424
2017-08-22 10:00:00+05:30,28.062638631526443,31.16125,197.8423596254215
2017-08-22 11:00:00+05:30,28.175824092743323,31.448749999999997,206.26504738684017
2017-08-22 12:00:00+05:30,28.25145600646859,31.707500000000003,185.92557368870885
2017-08-22 13:00:00+05:30,28.261141660762007,32.01375,134.68931020620886
2017-08-22 14:00:00+05:30,28.174924906444378,32.18625,77.11818017032098
2017-08-22 15:00:00+05:30,28.368497621326096,31.97,70.79439314082778
2017-08-22 16:00:00+05:30,28.62230617544597,31.526249999999997,41.656650658906415
2017-08-22 17:00:00+05:30,28.782835114136798,31.137500000000003,21.355519142984225
2017-08-22 18:00:00+05:30,28.914770470666397,30.51625,5.945378770188148
2017-08-22 19:00:00+05:30,28.963970294186296,29.46375,0.3717866701596006
2017-08-22 20:00:00+05:30,28.932856037082075,28.66,0.0
2017-08-22 21:00:00+05:30,28.845862267177527,28.162499999999998,0.0
2017-08-22 22:00:00+05:30,28.71067278782698,27.77125,0.0
2017-08-22 23:00:00+05:30,28.55778951833683,27.47125,0.0
2017-08-23 00:00:00+05:30,28.389304233857857,27.22,0.0
2017-08-23 01:00:00+05:30,28.219330205210753,26.99875,0.0
2017-08-23 02:00:00+05:30,28.04877842890956,26.769999999999996,0.0
2017-08-23 03:00:00+05:30,27.87988210863414,26.53,0.0
2017-08-23 04:00:00+05:30,27.713589088127154,26.32125,0.0
2017-08-23 05:00:00+05:30,27.543198262832973,26.1875,0.0
2017-08-23 06:00:00+05:30,27.40486794750351,26.2125,8.81221172176128
2017-08-23 07:00:00+05:30,27.475516541485998,26.556249999999995,50.734296888148386
2017-08-23 08:00:00+05:30,27.89305989369849,27.096249999999998,103.06390055712203
2017-08-23 09:00:00+05:30,28.65153615094212,27.7475,149.78857306948038
2017-08-23 10:00:00+05:30,29.69386633990081,28.44125,183.95046655844055
2017-08-23 11:00:00+05:30,30.89370689905359,29.025,212.51338035774697
2017-08-23 12:00:00+05:30,31.738366805228935,29.488750000000003,242.11836555883372
2017-08-23 13:00:00+05:30,31.372487708487732,29.91875,238.0862628141313
2017-08-23 14:00:00+05:30,30.817431282527245,30.29875,214.5555657225539
2017-08-23 15:00:00+05:30,30.947725276974126,30.5425,158.9780034462997
2017-08-23 16:00:00+05:30,31.161730861297254,30.44125,97.13012944800202
2017-08-23 17:00:00+05:30,31.49472980737275,29.990000000000002,52.21367434957963
2017-08-23 18:00:00+05:30,31.553216159146118,29.08,14.874318945705435
2017-08-23 19:00:00+05:30,31.371244221665663,27.9725,0.9070445255214894
2017-08-23 20:00:00+05:30,31.10028137993976,27.3725,0.0
2017-08-23 21:00:00+05:30,30.83315651534889,27.11,0.0
2017-08-23 22:00:00+05:30,30.55086935125065,26.926250000000003,0.0
2017-08-23 23:00:00+05:30,30.223284997958807,26.75125,0.0
2017-08-24 00:00:00+05:30,29.877371394364502,26.48625,0.0
2017-08-24 01:00:00+05:30,29.325806256700737,26.195,0.0
2017-08-24 02:00:00+05:30,28.68980959502715,25.93375,0.0
2017-08-24 03:00:00+05:30,28.132788249555247,25.70875,0.0
2017-08-24 04:00:00+05:30,27.667508962304773,25.561249999999998,0.0
2017-08-24 05:00:00+05:30,27.27530728949214,25.47,0.0
2017-08-24 06:00:00+05:30,26.95400184992313,25.4775,7.7413144119367185
2017-08-24 07:00:00+05:30,26.79633807623584,25.975000000000005,42.46049748596232
2017-08-24 08:00:00+05:30,26.81557191041467,26.91625,82.08835487219388
2017-08-24 09:00:00+05:30,27.025972054237815,27.772499999999997,117.72280671274378
2017-08-24 10:00:00+05:30,27.58611935642629,28.1875,134.98510752270442
2017-08-24 11:00:00+05:30,28.257839332577063,28.182499999999997,142.17405107441078
2017-08-24 12:00:00+05:30,29.03504209717984,28.161250000000003,140.86004299275444
2017-08-24 13:00:00+05:30,29.830428965145334,28.305,136.77115897703476
2017-08-24 14:00:00+05:30,30.554725561069663,28.4925,129.44732162127374
2017-08-24 15:00:00+05:30,31.065108594872058,28.59125,92.67631136487971
2017-08-24 16:00:00+05:30,31.466393055302092,28.485,87.84273489813674
2017-08-24 17:00:00+05:30,31.621553754914828,28.153750000000002,49.23107396465186
2017-08-24 18:00:00+05:30,31.517359333703727,27.656250000000004,13.039252171311993
2017-08-24 19:00:00+05:30,31.22575172527003,27.2,0.7934239884079266
2017-08-24 20:00:00+05:30,30.8417929419723,26.943749999999998,0.0
2017-08-24 21:00:00+05:30,30.489358087013237,26.7925,0.0
2017-08-24 22:00:00+05:30,30.167463303623443,26.689999999999998,0.0
2017-08-24 23:00:00+05:30,29.862818976073047,26.653750000000002,0.0
2017-08-25 00:00:00+05:30,29.539103348519905,26.6,0.0
2017-08-25 01:00:00+05:30,29.21719768881001,26.4575,0.0
2017-08-25 02:00:00+05:30,28.911141114190023,26.314999999999998,0.0
2017-08-25 03:00:00+05:30,28.6229643176727,26.182499999999997,0.0
2017-08-25 04:00:00+05:30,28.351722307004184,26.01125,0.0
2017-08-25 05:00:00+05:30,28.099174759202867,25.815,0.0
2017-08-25 06:00:00+05:30,27.88517859008631,25.73375,9.212113944113188
2017-08-25 07:00:00+05:30,27.907709795924784,26.18625,52.14411186451693
2017-08-25 08:00:00+05:30,28.298933801851653,27.185000000000002,100.72044979862196
2017-08-25 09:00:00+05:30,29.08592814048115,28.41375,156.6659097078636
2017-08-25 10:00:00+05:30,30.2442806191507,29.65875,202.9889086752813
2017-08-25 11:00:00+05:30,31.640658017948073,30.72,229.1937075533035
2017-08-25 12:00:00+05:30,33.09195487518446,31.44875,243.31765424217207
2017-08-25 13:00:00+05:30,34.547417801675884,31.869999999999997,248.30643097889
2017-08-25 14:00:00+05:30,35.84569783974415,31.9775,218.98877156401872
2017-08-25 15:00:00+05:30,36.85212869046819,31.820000000000004,169.46592068602553
2017-08-25 16:00:00+05:30,37.4478662980457,31.4675,111.0306068486126
2017-08-25 17:00:00+05:30,37.60261114783301,30.847499999999997,54.00979489384282
2017-08-25 18:00:00+05:30,37.35074061339946,29.707500000000003,13.788181143556516
2017-08-25 19:00:00+05:30,36.81443607853737,28.38375,0.8088327251881676
2017-08-25 20:00:00+05:30,36.175762143892015,27.6375,0.0
2017-08-25 21:00:00+05:30,35.522276645279916,27.27375,0.0
2017-08-25 22:00:00+05:30,34.8813824780245,26.981249999999996,0.0
2017-08-25 23:00:00+05:30,34.26500847771944,26.76125,0.0
2017-08-26 00:00:00+05:30,33.67848641249083,26.602500000000003,0.0
2017-08-26 01:00:00+05:30,33.07948036566302,26.443749999999998,0.0
2017-08-26 02:00:00+05:30,32.497593935320296,26.26125,0.0
2017-08-26 03:00:00+05:30,31.954228529714282,26.07125,0.0
2017-08-26 04:00:00+05:30,31.44764820339538,25.88125,0.0
2017-08-26 05:00:00+05:30,30.969739576769495,25.70375,0.0
2017-08-26 06:00:00+05:30,30.547051140581022,25.715000000000003,8.632497352731534
2017-08-26 07:00:00+05:30,30.3697653265922,26.297500000000003,48.327787512666305
2017-08-26 08:00:00+05:30,30.566451056842492,27.41375,95.6639534986052
2017-08-26 09:00:00+05:30,31.16082830262951,28.596249999999998,150.6384615900991
2017-08-26 10:00:00+05:30,31.272268196677533,29.43875,185.8917843862389
2017-08-26 11:00:00+05:30,31.096065108708103,29.8775,215.83324980963602
2017-08-26 12:00:00+05:30,30.857937098518487,30.10875,229.08105913566132
2017-08-26 13:00:00+05:30,30.513275983536317,30.23625,201.9854687825294
2017-08-26 14:00:00+05:30,30.15021681729526,30.27625,169.1424577056594
2017-08-26 15:00:00+05:30,29.669946685198354,30.186249999999998,87.32982900068365
2017-08-26 16:00:00+05:30,29.664163310508822,29.81125,89.47449571171245
2017-08-26 17:00:00+05:30,29.76219726209662,29.17,50.87666174224893
2017-08-26 18:00:00+05:30,29.727298702517196,28.206249999999997,12.606806589865771
2017-08-26 19:00:00+05:30,29.58402809963469,27.252499999999998,0.7433234061036988
2017-08-26 20:00:00+05:30,29.405388271063863,26.755000000000003,0.0
2017-08-26 21:00:00+05:30,29.20144578155273,26.525,0.0
2017-08-26 22:00:00+05:30,28.95149520647015,26.36875,0.0
2017-08-26 23:00:00+05:30,28.696799891324673,26.31375,0.0
2017-08-27 00:00:00+05:30,28.448053415594448,26.291249999999998,0.0
2017-08-27 01:00:00+05:30,28.20602832702224,26.198750000000004,0.0
2017-08-27 02:00:00+05:30,27.967961311384155,26.0,0.0
2017-08-27 03:00:00+05:30,27.733714474850164,25.716250000000002,0.0
2017-08-27 04:00:00+05:30,27.506996411557832,25.40625,0.0
2017-08-27 05:00:00+05:30,27.28620322824229,25.17125,0.0
2017-08-27 06:00:00+05:30,27.055911736383365,25.14375,8.026492748716553
2017-08-27 07:00:00+05:30,26.834468579538505,25.495,44.78712867741377
2017-08-27 08:00:00+05:30,26.765945150219046,26.177500000000002,89.86477461121154
2017-08-27 09:00:00+05:30,26.901033190260996,27.163749999999997,144.9826275997546
2017-08-27 10:00:00+05:30,27.159227974051973,28.304999999999996,184.77860714192215
2017-08-27 11:00:00+05:30,27.40662065873876,29.3525,189.92665362496402
2017-08-27 12:00:00+05:30,27.66057774696375,30.02,199.62214445653098
2017-08-27 13:00:00+05:30,27.808945598896884,30.1,163.76173406045558
2017-08-27 14:00:00+05:30,27.788093367615474,29.82125,95.34527961777955
2017-08-27 15:00:00+05:30,27.703357349403564,29.35875,55.869319579278574
2017-08-27 16:00:00+05:30,27.65165146779206,28.835,47.80202524853131
2017-08-27 17:00:00+05:30,27.581416247892296,28.3275,25.847557899820668
2017-08-27 18:00:00+05:30,27.473041126803338,27.727500000000003,6.521831515301219
2017-08-27 19:00:00+05:30,27.333699698670408,27.1425,0.3934558269856566
2017-08-27 20:00:00+05:30,27.1818730660493,26.78375,0.0
2017-08-27 21:00:00+05:30,27.0323681794698,26.57125,0.0
2017-08-27 22:00:00+05:30,26.890652773111306,26.443749999999998,0.0
2017-08-27 23:00:00+05:30,26.76152319371221,26.403750000000002,0.0
2017-08-28 00:00:00+05:30,26.648267421867608,26.3375,0.0
2017-08-28 01:00:00+05:30,26.544228592923965,26.2375,0.0
2017-08-28 02:00:00+05:30,26.444324724166407,26.181250000000002,0.0
2017-08-28 03:00:00+05:30,26.34767412827697,26.13875,0.0
2017-08-28 04:00:00+05:30,26.25551479724681,26.10125,0.0
2017-08-28 05:00:00+05:30,26.16786590181757,26.052500000000002,0.0
2017-08-28 06:00:00+05:30,26.08932748816667,26.03,4.036956274400546
2017-08-28 07:00:00+05:30,26.06136775272569,26.1675,19.95291019353153
2017-08-28 08:00:00+05:30,26.104572756798415,26.556249999999995,34.712184176090375
2017-08-28 09:00:00+05:30,26.247675780673866,27.22125,53.29815053440984
2017-08-28 10:00:00+05:30,26.81304571511254,27.872500000000002,131.46783155675342
2017-08-28 11:00:00+05:30,27.69611937652169,28.358749999999997,196.03954710014466
2017-08-28 12:00:00+05:30,28.74263405885503,28.795,211.4380895330064
2017-08-28 13:00:00+05:30,30.001691166949755,29.166249999999998,237.91644040185815
2017-08-28 14:00:00+05:30,31.220228326422383,29.377499999999998,210.72758603018718
2017-08-28 15:00:00+05:30,32.31128702820132,29.33,191.52440224872848
2017-08-28 16:00:00+05:30,33.13454242480243,29.044999999999998,135.62572181754697
2017-08-28 17:00:00+05:30,33.58319756787542,28.57875,67.14735429065854
2017-08-28 18:00:00+05:30,33.58581547858575,27.72375,16.84648422151809
2017-08-28 19:00:00+05:30,33.258492564942266,26.73,0.9913234458075161
2017-08-28 20:00:00+05:30,32.75753846654743,26.169999999999998,0.0
2017-08-28 21:00:00+05:30,32.21656970514931,25.875,0.0
2017-08-28 22:00:00+05:30,31.71859283590371,25.6075,0.0
2017-08-28 23:00:00+05:30,31.234687415051923,25.403750000000002,0.0
2017-08-29 00:00:00+05:30,30.771941308160613,25.377499999999998,0.0
2017-08-29 01:00:00+05:30,30.309413612003304,25.4,0.0
2017-08-29 02:00:00+05:30,29.86443228538444,25.2375,0.0
2017-08-29 03:00:00+05:30,29.43408249525216,24.92125,0.0
2017-08-29 04:00:00+05:30,29.027514706487437,24.73375,0.0
2017-08-29 05:00:00+05:30,28.644087306308947,24.71875,0.0
2017-08-29 06:00:00+05:30,28.2977111631487,24.817500000000003,6.6871914756918285
2017-08-29 07:00:00+05:30,28.243442279317854,25.61375,60.112887289604714
2017-08-29 08:00:00+05:30,28.650915482582132,27.616249999999997,125.51730797308242
2017-08-29 09:00:00+05:30,29.616812391178563,29.637500000000003,205.27750729286856
2017-08-29 10:00:00+05:30,31.12034810661247,30.808750000000003,298.5756660490948
2017-08-29 11:00:00+05:30,33.06365910733642,31.53875,369.96894491926
2017-08-29 12:00:00+05:30,35.19814715908769,32.0525,395.7713110186618
2017-08-29 13:00:00+05:30,37.31407771211238,32.41625,376.2969122322671
2017-08-29 14:00:00+05:30,39.17520432162145,32.5525,328.4895546399324
2017-08-29 15:00:00+05:30,40.56789640123642,32.4475,258.31842113034116
2017-08-29 16:00:00+05:30,41.37729401709109,32.198750000000004,163.1051623484102
2017-08-29 17:00:00+05:30,41.61239498930346,31.827500000000004,78.19721009105787
2017-08-29 18:00:00+05:30,41.300897958739604,31.120000000000005,18.79891271970917
2017-08-29 19:00:00+05:30,40.599547691892056,30.183749999999996,1.0767336326770072
2017-08-29 20:00:00+05:30,39.75829956292574,29.532500000000002,0.0
2017-08-29 21:00:00+05:30,38.94827231428818,29.0475,0.0
2017-08-29 22:00:00+05:30,38.133215096413764,28.40375,0.0
2017-08-29 23:00:00+05:30,37.33228809291305,27.7175,0.0
2017-08-30 00:00:00+05:30,36.57841057969607,27.2325,0.0
2017-08-30 01:00:00+05:30,35.821716379918584,26.9775,0.0
2017-08-30 02:00:00+05:30,35.081904502793805,26.791249999999998,0.0
2017-08-30 03:00:00+05:30,34.37866426828136,26.644999999999996,0.0
2017-08-30 04:00:00+05:30,33.72461563338145,26.60625,0.0
2017-08-30 05:00:00+05:30,33.11056595541824,26.51,0.0
2017-08-30 06:00:00+05:30,32.55067755425972,26.556250000000002,6.690112059220992
2017-08-30 07:00:00+05:30,32.292507677713495,26.95125,61.07854136595388
2017-08-30 08:00:00+05:30,32.512095455858905,28.418750000000003,129.7120630798978
2017-08-30 09:00:00+05:30,33.32159811006592,30.38625,216.8295709523865
2017-08-30 10:00:00+05:30,34.65944625892698,31.64125,303.07600019757297
2017-08-30 11:00:00+05:30,36.41145490389849,32.335,347.23581646540356
2017-08-30 12:00:00+05:30,38.20109315720545,32.80375,334.2720002524854
2017-08-30 13:00:00+05:30,39.898763313705196,33.05625,315.9340897563924
2017-08-30 14:00:00+05:30,41.169510299049044,33.13249999999999,242.52963707732636
2017-08-30 15:00:00+05:30,41.91006140461781,33.02125,168.83395656079307
2017-08-30 16:00:00+05:30,42.185865605200235,32.78125,111.71600108278477
2017-08-30 17:00:00+05:30,42.07217486987078,32.4925,57.04885447719745
2017-08-30 18:00:00+05:30,41.585103586555604,31.77375,13.537195521665602
2017-08-30 19:00:00+05:30,40.86540842285633,30.841250000000002,0.797921829512799
2017-08-30 20:00:00+05:30,40.07816196551238,30.2,0.0
2017-08-30 21:00:00+05:30,39.29805257298821,29.613750000000003,0.0
2017-08-30 22:00:00+05:30,38.53282108650931,28.85125,0.0
2017-08-30 23:00:00+05:30,37.767187138910394,28.04625,0.0
2017-08-31 00:00:00+05:30,36.98085140214204,27.34375,0.0
2017-08-31 01:00:00+05:30,36.18881167592852,26.78125,0.0
2017-08-31 02:00:00+05:30,35.42016924068825,26.34,0.0
2017-08-31 03:00:00+05:30,34.6726849104151,26.0025,0.0
2017-08-31 04:00:00+05:30,33.95327892806912,25.739999999999995,0.0
2017-08-31 05:00:00+05:30,33.267038487094595,25.518749999999997,0.0
2017-08-31 06:00:00+05:30,32.64005848958226,25.55875,6.265929694477924
2017-08-31 07:00:00+05:30,32.31257917805342,26.38,54.054017231227704
2017-08-31 08:00:00+05:30,32.414636185213396,27.748749999999998,115.34783788098078
2017-08-31 09:00:00+05:30,33.11141548906643,29.9375,194.7197127029809
2017-08-31 10:00:00+05:30,34.292222264696576,31.6825,265.52070568022236
2017-08-31 11:00:00+05:30,35.952388433182165,32.59625,345.7006278437773
2017-08-31 12:00:00+05:30,37.71960070750052,33.00125,333.47968402225575
2017-08-31 13:00:00+05:30,39.38527304735169,33.111250000000005,308.0616146925511
2017-08-31 14:00:00+05:30,40.68223394244718,33.0925,247.5191492083262
2017-08-31 15:00:00+05:30,41.330019487406176,32.92625,140.54012147271104
2017-08-31 16:00:00+05:30,41.462530268975534,32.55875,83.61716416519904
2017-08-31 17:00:00+05:30,41.195370249686256,31.9525,42.002008857423164
2017-08-31 18:00:00+05:30,40.607366850291,30.896250000000002,10.31595150295086
2017-08-31 19:00:00+05:30,39.8452065234146,29.813750000000002,0.6184149493656493
2017-08-31 20:00:00+05:30,39.036917086502406,29.18125,0.0
2017-08-31 21:00:00+05:30,38.26659166374731,28.7825,0.0
2017-08-31 22:00:00+05:30,37.53508851992877,28.402500000000003,0.0
2017-08-31 23:00:00+05:30,36.82646899098421,28.05375,0.0
2017-09-01 00:00:00+05:30,36.10560428602781,27.78625,0.0
2017-09-01 01:00:00+05:30,35.4155162764474,27.5625,0.0
2017-09-01 02:00:00+05:30,34.76952735742878,27.3425,0.0
2017-09-01 03:00:00+05:30,34.15487983731159,27.11,0.0
2017-09-01 04:00:00+05:30,33.566947741502354,26.87625,0.0
2017-09-01 05:00:00+05:30,33.01462233315592,26.7275,0.0
2017-09-01 06:00:00+05:30,32.516593804064584,26.765,6.278689665444982
2017-09-01 07:00:00+05:30,32.28677209859828,27.2975,55.335153194157556
2017-09-01 08:00:00+05:30,32.43376792324065,28.271250000000002,108.99797628145006
2017-09-01 09:00:00+05:30,32.98650015648904,29.342499999999998,170.06796646875856
2017-09-01 10:00:00+05:30,33.83916190602895,30.277500000000003,226.67660062260924
2017-09-01 11:00:00+05:30,35.08241167888244,31.237500000000004,284.5204590753162
2017-09-01 12:00:00+05:30,36.69414821985623,32.026250000000005,370.8319732318701
2017-09-01 13:00:00+05:30,38.40910403065082,32.47625,359.6522114265474
2017-09-01 14:00:00+05:30,39.821597199137145,32.6375,278.46803975556514
2017-09-01 15:00:00+05:30,40.72723816826215,32.45375,208.18646913839922
2017-09-01 16:00:00+05:30,41.10025578869338,31.58625,142.53684829629208
2017-09-01 17:00:00+05:30,40.940673797822804,30.2525,64.0821890013735
2017-09-01 18:00:00+05:30,40.29379276511442,28.995,14.31030565688531
2017-09-01 19:00:00+05:30,39.4064730278206,28.1725,0.8285320886897605
2017-09-01 20:00:00+05:30,38.49956754228323,27.74625,0.0
2017-09-01 21:00:00+05:30,37.6493320133654,27.505000000000003,0.0
2017-09-01 22:00:00+05:30,36.85086144255935,27.34875,0.0
2017-09-01 23:00:00+05:30,36.06418068648999,27.206249999999997,0.0
2017-09-02 00:00:00+05:30,35.28624641231514,27.05625,0.0
2017-09-02 01:00:00+05:30,34.562101628883205,26.912499999999998,0.0
2017-09-02 02:00:00+05:30,33.89099298972571,26.75375,0.0
2017-09-02 03:00:00+05:30,33.26785507597003,26.596249999999998,0.0
2017-09-02 04:00:00+05:30,32.685735639832735,26.458750000000002,0.0
2017-09-02 05:00:00+05:30,32.140207604898926,26.303749999999997,0.0
2017-09-02 06:00:00+05:30,31.647266193284466,26.25875,5.318307966032885
2017-09-02 07:00:00+05:30,31.397768350724593,26.807499999999997,47.35404704276077
2017-09-02 08:00:00+05:30,31.531147581454025,27.94875,106.00682779256326
2017-09-02 09:00:00+05:30,32.12196845737732,29.2525,169.61504380179247
2017-09-02 10:00:00+05:30,33.02799114813979,30.396250000000002,244.68083322637625
2017-09-02 11:00:00+05:30,34.474620096554546,31.28375,345.3974888132749
2017-09-02 12:00:00+05:30,36.2426089582098,31.8675,398.1276271034245
2017-09-02 13:00:00+05:30,37.95645528480543,32.165,357.95353818698806
2017-09-02 14:00:00+05:30,39.44513345930302,32.24625,318.1400916579013
2017-09-02 15:00:00+05:30,40.459900417867,32.08125,239.93195467762587
2017-09-02 16:00:00+05:30,40.92444397428597,31.62375,151.50467818454945
2017-09-02 17:00:00+05:30,40.891236046593995,30.8475,69.44696702030056
2017-09-02 18:00:00+05:30,40.38449798636944,29.57875,15.146957045268156
2017-09-02 19:00:00+05:30,39.54625183458098,28.345,0.8758361256801852
2017-09-02 20:00:00+05:30,38.67691548377836,27.72125,0.0
2017-09-02 21:00:00+05:30,37.83278509602406,27.396250000000002,0.0
2017-09-02 22:00:00+05:30,37.02779786503504,27.08625,0.0
2017-09-02 23:00:00+05:30,36.26155212650423,26.807500000000005,0.0
2017-09-03 00:00:00+05:30,35.485090959382,26.59125,0.0
2017-09-03 01:00:00+05:30,34.73342486612296,26.445,0.0
2017-09-03 02:00:00+05:30,34.01422545803969,26.30625,0.0
2017-09-03 03:00:00+05:30,33.340626717461035,26.150000000000002,0.0
2017-09-03 04:00:00+05:30,32.70528418162863,25.98375,0.0
2017-09-03 05:00:00+05:30,32.106917592316684,25.8575,0.0
2017-09-03 06:00:00+05:30,31.568266614869103,25.9075,6.163843224118152
2017-09-03 07:00:00+05:30,31.326229408471505,26.51625,58.872013814729236
2017-09-03 08:00:00+05:30,31.55619129081144,27.75625,129.57131378591114
2017-09-03 09:00:00+05:30,32.37168992866607,29.45,220.14587743637858
2017-09-03 10:00:00+05:30,33.707071689244955,30.915,309.1255674300223
2017-09-03 11:00:00+05:30,35.516563174485114,31.83,381.37510013012917
2017-09-03 12:00:00+05:30,37.5538692923079,32.44375,414.5206507237467
2017-09-03 13:00:00+05:30,39.55719415199783,32.7875,392.6672932768598
2017-09-03 14:00:00+05:30,41.2126630485037,32.801249999999996,339.42040690924216
2017-09-03 15:00:00+05:30,42.36978075371181,32.54125,263.46878762291925
2017-09-03 16:00:00+05:30,42.952978757535995,32.09125,165.706129381656
2017-09-03 17:00:00+05:30,42.98934698170514,31.549999999999997,73.64312144486776
2017-09-03 18:00:00+05:30,42.50206277574881,30.7025,15.25180498126
2017-09-03 19:00:00+05:30,41.65553141061302,29.857499999999998,0.8844757414511817
2017-09-03 20:00:00+05:30,40.77689727164706,29.46125,0.0
2017-09-03 21:00:00+05:30,39.9165235903362,29.139999999999997,0.0
2017-09-03 22:00:00+05:30,39.05271131799602,28.6025,0.0
2017-09-03 23:00:00+05:30,38.23144022034952,28.08875,0.0
2017-09-04 00:00:00+05:30,37.43179569592879,27.78875,0.0
2017-09-04 01:00:00+05:30,36.63216529186887,27.535000000000004,0.0
2017-09-04 02:00:00+05:30,35.8569351464287,27.13,0.0
2017-09-04 03:00:00+05:30,35.112791926917026,26.71875,0.0
2017-09-04 04:00:00+05:30,34.42812066334078,26.44875,0.0
2017-09-04 05:00:00+05:30,33.78514870978173,26.3075,0.0
2017-09-04 06:00:00+05:30,33.195159214088505,26.357499999999998,6.088824043646039
2017-09-04 07:00:00+05:30,32.89525538687077,26.9725,58.012660830825546
2017-09-04 08:00:00+05:30,33.06518203057046,28.341250000000002,131.41663821256026
2017-09-04 09:00:00+05:30,33.827573675743594,29.878750000000004,222.22343038399188
2017-09-04 10:00:00+05:30,35.066343850521164,30.979999999999997,301.8062277201194
2017-09-04 11:00:00+05:30,36.74248009333525,31.716250000000002,344.7274133042163
2017-09-04 12:00:00+05:30,38.44727862263644,32.209999999999994,327.72904771477215
2017-09-04 13:00:00+05:30,40.03017040839495,32.5975,309.04315487864073
2017-09-04 14:00:00+05:30,41.243120077251206,32.77125,247.74782988936366
2017-09-04 15:00:00+05:30,41.98982303605908,32.65875,183.67772371913813
2017-09-04 16:00:00+05:30,42.24616774009065,32.3425,110.89998682528014
2017-09-04 17:00:00+05:30,42.06205895415904,31.825000000000003,54.26997090357071
2017-09-04 18:00:00+05:30,41.48616948670381,30.887500000000003,10.055731469430395
2017-09-04 19:00:00+05:30,40.72867726496578,30.00375,0.5325705621109054
2017-09-04 20:00:00+05:30,39.93065668522747,29.7175,0.0
2017-09-04 21:00:00+05:30,39.17079941435789,29.7225,0.0
2017-09-04 22:00:00+05:30,38.46116900672999,29.667499999999997,0.0
2017-09-04 23:00:00+05:30,37.77003208124167,29.22375,0.0
2017-09-05 00:00:00+05:30,37.04706929823374,28.64875,0.0
2017-09-05 01:00:00+05:30,36.338229768601124,28.231250000000003,0.0
2017-09-05 02:00:00+05:30,35.666350287302016,28.087500000000002,0.0
2017-09-05 03:00:00+05:30,35.025827849592666,27.91125,0.0
2017-09-05 04:00:00+05:30,34.40099543836859,27.441249999999997,0.0
2017-09-05 05:00:00+05:30,33.799481013491054,27.001250000000002,0.0
2017-09-05 06:00:00+05:30,33.25181139159524,26.8575,5.745284396360951
2017-09-05 07:00:00+05:30,32.97649672389825,27.356250000000003,50.78436250083876
2017-09-05 08:00:00+05:30,33.10475992463821,28.92875,103.3620186215733
2017-09-05 09:00:00+05:30,33.692206580525344,30.477500000000003,166.14075667965764
2017-09-05 10:00:00+05:30,34.603428398739005,31.393749999999997,216.87619215357057
2017-09-05 11:00:00+05:30,35.78156204708768,31.9225,245.4680145416561
2017-09-05 12:00:00+05:30,36.57107727161215,32.22375,243.46963976629564
2017-09-05 13:00:00+05:30,35.6124575491706,32.35375,199.56551437678428
2017-09-05 14:00:00+05:30,34.41791682811199,32.38,132.21870511381135
2017-09-05 15:00:00+05:30,33.38774496952442,32.23625,87.9171878007964
2017-09-05 16:00:00+05:30,32.65100142760994,31.856250000000003,22.4033882165341
2017-09-05 17:00:00+05:30,32.21065545022584,31.33,6.985034946882892
2017-09-05 18:00:00+05:30,31.90214267408289,30.3825,1.4049196705426927
2017-09-05 19:00:00+05:30,31.614012968749307,29.28375,0.08144514584132784
2017-09-05 20:00:00+05:30,31.33649958305902,28.552500000000002,0.0
2017-09-05 21:00:00+05:30,31.064278081461485,28.09375,0.0
2017-09-05 22:00:00+05:30,30.790749011151114,27.7525,0.0
2017-09-05 23:00:00+05:30,30.521182192471844,27.6025,0.0
2017-09-06 00:00:00+05:30,30.265713180525427,27.76125,0.0
2017-09-06 01:00:00+05:30,30.011849310356016,27.682499999999997,0.0
2017-09-06 02:00:00+05:30,29.74290131651307,27.07625,0.0
2017-09-06 03:00:00+05:30,29.47627291265139,26.523750000000003,0.0
2017-09-06 04:00:00+05:30,29.220490436608777,26.182499999999997,0.0
2017-09-06 05:00:00+05:30,28.963656819328488,25.9075,0.0
2017-09-06 06:00:00+05:30,28.723012828907432,25.803749999999997,4.0945525663121405
2017-09-06 07:00:00+05:30,28.651465786407243,26.243750000000002,36.88935766470708
2017-09-06 08:00:00+05:30,28.85499368571983,27.2725,80.29328217496652
2017-09-06 09:00:00+05:30,29.39013524181717,28.58625,128.11541175400933
2017-09-06 10:00:00+05:30,30.23052201069195,29.71875,178.49807331120672
2017-09-06 11:00:00+05:30,31.372306328705964,30.5525,229.42645252815134
2017-09-06 12:00:00+05:30,32.85355685145303,31.104999999999997,305.9036320711541
2017-09-06 13:00:00+05:30,34.47520612213346,31.338749999999997,330.022073243621
2017-09-06 14:00:00+05:30,36.0309236734605,31.22375,295.9600340866633
2017-09-06 15:00:00+05:30,37.233608014536614,30.9675,213.52635593575826
2017-09-06 16:00:00+05:30,37.94486251057905,30.7325,134.74679709039873
2017-09-06 17:00:00+05:30,38.19589599294372,30.65625,61.91403845548024
2017-09-06 18:00:00+05:30,38.00308058815176,30.241249999999997,12.329038525395903
2017-09-06 19:00:00+05:30,37.51180989728015,29.82125,0.0
2017-09-06 20:00:00+05:30,36.92633768106989,29.726250000000004,0.0
2017-09-06 21:00:00+05:30,36.34070859113974,29.517500000000002,0.0
2017-09-06 22:00:00+05:30,35.75331268215406,29.002499999999998,0.0
2017-09-06 23:00:00+05:30,35.177768645589,28.369999999999997,0.0
2017-09-07 00:00:00+05:30,34.6304171183441,27.755000000000003,0.0
2017-09-07 01:00:00+05:30,34.06339093680584,27.111250000000002,0.0
2017-09-07 02:00:00+05:30,33.4853115358187,26.57875,0.0
2017-09-07 03:00:00+05:30,32.91637374327378,26.247500000000002,0.0
2017-09-07 04:00:00+05:30,32.36148709776677,26.012500000000003,0.0
2017-09-07 05:00:00+05:30,31.82224561540732,25.767500000000002,0.0
2017-09-07 06:00:00+05:30,31.31966338748431,25.67,5.65828823595725
2017-09-07 07:00:00+05:30,31.081309256301736,26.26375,51.369825893712004
2017-09-07 08:00:00+05:30,31.241287256422822,27.770000000000003,103.32503496031342
2017-09-07 09:00:00+05:30,31.85185870698809,29.491249999999997,169.77074962235704
2017-09-07 10:00:00+05:30,32.959933690527095,30.75375,272.9988283122013
2017-09-07 11:00:00+05:30,34.58666605995587,31.65875,346.9506567945196
2017-09-07 12:00:00+05:30,36.47919186726314,32.276250000000005,379.68912870725404
2017-09-07 13:00:00+05:30,38.33853209666112,32.61,361.21214058113696
2017-09-07 14:00:00+05:30,39.97756194032934,32.70625,320.32095895880553
2017-09-07 15:00:00+05:30,41.161635078732715,32.6225,240.73625890029524
2017-09-07 16:00:00+05:30,41.77406843974077,32.370000000000005,144.96612649064895
2017-09-07 17:00:00+05:30,41.8600549254169,32.099999999999994,64.00109921211823
2017-09-07 18:00:00+05:30,41.45970812431387,31.5225,11.375225742599994
2017-09-07 19:00:00+05:30,40.733508235687836,30.755,0.0
2017-09-07 20:00:00+05:30,39.93293346060813,30.145,0.0
2017-09-07 21:00:00+05:30,39.14421663016695,29.606249999999996,0.0
2017-09-07 22:00:00+05:30,38.368751901431516,29.074999999999996,0.0
2017-09-07 23:00:00+05:30,37.63318294977437,28.5675,0.0
2017-09-08 00:00:00+05:30,36.914123233804986,28.13625,0.0
2017-09-08 01:00:00+05:30,36.17779877110474,27.77125,0.0
2017-09-08 02:00:00+05:30,35.470012461851844,27.43375,0.0
2017-09-08 03:00:00+05:30,34.788896772573885,27.091250000000002,0.0
2017-09-08 04:00:00+05:30,34.13536314310048,26.76,0.0
2017-09-08 05:00:00+05:30,33.51414545495756,26.47125,0.0
2017-09-08 06:00:00+05:30,32.939842247905574,26.326249999999998,5.871452173908323
2017-09-08 07:00:00+05:30,32.644114803566666,26.625,58.662780033381246
2017-09-08 08:00:00+05:30,32.81552539416176,27.313750000000002,134.73987764554454
2017-09-08 09:00:00+05:30,33.523770544293676,28.685,219.926562875143
2017-09-08 10:00:00+05:30,34.736731843456575,30.154999999999994,302.9416945784761
2017-09-08 11:00:00+05:30,36.4768328042683,31.3375,368.8096366256752
2017-09-08 12:00:00+05:30,38.37048055140544,32.16875,375.9800409943543
2017-09-08 13:00:00+05:30,40.053296916713876,32.63875,318.6107801607885
2017-09-08 14:00:00+05:30,41.390656074078755,32.738749999999996,278.745621148221
2017-09-08 15:00:00+05:30,42.24757841530774,32.66375,203.32120468256568
2017-09-08 16:00:00+05:30,42.621841457646426,32.59875,130.04239332618997
2017-09-08 17:00:00+05:30,42.5348832613941,32.41125,62.19939072230777
2017-09-08 18:00:00+05:30,42.013939380030536,31.603750000000005,12.0853545470456
2017-09-08 19:00:00+05:30,41.25582409371692,30.73625,0.0
2017-09-08 20:00:00+05:30,40.43324492123338,29.970000000000002,0.0
2017-09-08 21:00:00+05:30,39.59461710726017,29.21375,0.0
2017-09-08 22:00:00+05:30,38.785410660599766,28.565,0.0
2017-09-08 23:00:00+05:30,38.00632620137392,28.02125,0.0
2017-09-09 00:00:00+05:30,37.208582137650154,27.5425,0.0
2017-09-09 01:00:00+05:30,36.416717508937154,27.15125,0.0
2017-09-09 02:00:00+05:30,35.65893320101145,26.8325,0.0
2017-09-09 03:00:00+05:30,34.93861525549613,26.53875,0.0
2017-09-09 04:00:00+05:30,34.257275150126546,26.292500000000004,0.0
2017-09-09 05:00:00+05:30,33.61499357303046,26.103749999999998,0.0
2017-09-09 06:00:00+05:30,33.024220745598484,26.090000000000003,5.4901120646220605
2017-09-09 07:00:00+05:30,32.69511441821332,26.60125,53.58923623159345
2017-09-09 08:00:00+05:30,32.80224295329756,27.60875,124.16478703672271
2017-09-09 09:00:00+05:30,33.482699673389746,29.215,217.4934018693619
2017-09-09 10:00:00+05:30,34.60725417938946,30.913750000000004,282.8933313581881
2017-09-09 11:00:00+05:30,36.22767264115977,32.153749999999995,347.87127791875776
2017-09-09 12:00:00+05:30,38.10324373081508,32.83375,392.6645903277808
2017-09-09 13:00:00+05:30,39.97694854246316,33.072500000000005,368.82926065541807
2017-09-09 14:00:00+05:30,41.47640620747277,33.103750000000005,292.1806939710007
2017-09-09 15:00:00+05:30,42.32596094402525,32.9125,186.01740867340484
2017-09-09 16:00:00+05:30,42.571024489687545,32.4625,106.38021828661441
2017-09-09 17:00:00+05:30,42.31973323245888,31.67875,48.984506642443435
2017-09-09 18:00:00+05:30,41.64949086631968,30.492499999999996,9.620247323243612
2017-09-09 19:00:00+05:30,40.794752998304546,29.4775,0.0
2017-09-09 20:00:00+05:30,39.89536304166837,28.919999999999998,0.0
2017-09-09 21:00:00+05:30,39.03848122720453,28.5325,0.0
2017-09-09 22:00:00+05:30,38.223647562829775,28.19625,0.0
2017-09-09 23:00:00+05:30,37.44224615647152,27.904999999999998,0.0
2017-09-10 00:00:00+05:30,36.64336749127739,27.668750000000003,0.0
2017-09-10 01:00:00+05:30,35.86919024212088,27.45875,0.0
2017-09-10 02:00:00+05:30,35.131995209886355,27.27375,0.0
2017-09-10 03:00:00+05:30,34.43525623831216,27.072499999999998,0.0
2017-09-10 04:00:00+05:30,33.78026098380799,26.865000000000002,0.0
2017-09-10 05:00:00+05:30,33.169107453575506,26.7275,0.0
2017-09-10 06:00:00+05:30,32.61728221405571,26.7025,6.053096234321168
2017-09-10 07:00:00+05:30,32.35462045596671,27.091250000000002,59.32791115938015
2017-09-10 08:00:00+05:30,32.49125624404302,27.845,131.54417581750562
2017-09-10 09:00:00+05:30,32.946017222821204,28.816250000000004,207.07325522435485
2017-09-10 10:00:00+05:30,33.77467496810221,29.5475,263.62835075199047
2017-09-10 11:00:00+05:30,35.07437469106033,29.94375,305.6990301874362
2017-09-10 12:00:00+05:30,36.531786491861666,30.17875,331.5359845827748
2017-09-10 13:00:00+05:30,37.93163169098845,30.331249999999997,324.09115430181015
2017-09-10 14:00:00+05:30,39.102048553972935,30.38,286.0380286530615
2017-09-10 15:00:00+05:30,39.748327555235676,30.29875,184.13640374492726
2017-09-10 16:00:00+05:30,39.929014561927936,30.075,114.75398798735569
2017-09-10 17:00:00+05:30,39.672278319280366,29.651250000000005,49.990802621669985
2017-09-10 18:00:00+05:30,39.068058837167094,28.8975,9.303789820002011
2017-09-10 19:00:00+05:30,38.310300828462026,28.2725,0.0
2017-09-10 20:00:00+05:30,37.54860351957919,28.03125,0.0
2017-09-10 21:00:00+05:30,36.83455724747599,27.9525,0.0
2017-09-10 22:00:00+05:30,36.15391043996859,27.86125,0.0
2017-09-10 23:00:00+05:30,35.50060557235691,27.738750000000003,0.0
2017-09-11 00:00:00+05:30,34.84489383519642,27.6525,0.0
2017-09-11 01:00:00+05:30,34.222044544544815,27.573749999999997,0.0
2017-09-11 02:00:00+05:30,33.63692829015122,27.48375,0.0
2017-09-11 03:00:00+05:30,33.08946505541099,27.4125,0.0
2017-09-11 04:00:00+05:30,32.57828283347993,27.35875,0.0
2017-09-11 05:00:00+05:30,32.1037083626449,27.35875,0.0
2017-09-11 06:00:00+05:30,31.68004977767542,27.426250000000003,3.8649910359754482
2017-09-11 07:00:00+05:30,31.41761802859882,27.49125,33.00792852867585
2017-09-11 08:00:00+05:30,31.358652070839877,27.82875,61.480248544629205
2017-09-11 09:00:00+05:30,31.540235883376084,28.62625,97.5696313205293
2017-09-11 10:00:00+05:30,32.012014361115476,29.521250000000002,159.0822722212276
2017-09-11 11:00:00+05:30,32.75974863972729,30.264999999999997,222.0413018062817
2017-09-11 12:00:00+05:30,33.76158846365779,30.8075,247.14309165545046
2017-09-11 13:00:00+05:30,34.76039663196388,31.223750000000003,243.05591947430233
2017-09-11 14:00:00+05:30,35.63638296270658,31.36375,220.12908627977856
2017-09-11 15:00:00+05:30,36.227904195179086,31.072499999999998,162.73420725510252
2017-09-11 16:00:00+05:30,36.47940497701095,30.549999999999997,97.49673506423116
2017-09-11 17:00:00+05:30,36.407926205435416,29.9525,46.951950393086996
2017-09-11 18:00:00+05:30,36.00380835951668,29.27,9.218383236175782
2017-09-11 19:00:00+05:30,35.416826082913744,28.6625,0.0
2017-09-11 20:00:00+05:30,34.84916708911713,28.17875,0.0
2017-09-11 21:00:00+05:30,34.29162032829496,27.7225,0.0
2017-09-11 22:00:00+05:30,33.725769101599205,27.19375,0.0
2017-09-11 23:00:00+05:30,33.113718608668904,26.636249999999997,0.0
2017-09-12 00:00:00+05:30,32.51199020972288,26.17375,0.0
2017-09-12 01:00:00+05:30,31.93257418407272,25.9075,0.0
2017-09-12 02:00:00+05:30,31.382124724542336,25.765,0.0
2017-09-12 03:00:00+05:30,30.8628429094241,25.644999999999996,0.0
2017-09-12 04:00:00+05:30,30.377223776835788,25.525000000000002,0.0
2017-09-12 05:00:00+05:30,29.92434764428999,25.392500000000002,0.0
2017-09-12 06:00:00+05:30,29.511587371156743,25.296249999999997,3.8354066461667555
2017-09-12 07:00:00+05:30,29.287390660633204,25.770000000000003,36.152970722102346
2017-09-12 08:00:00+05:30,29.387410077350147,27.1575,82.94791047230318
2017-09-12 09:00:00+05:30,29.83332827451392,28.96625,127.50472687151867
2017-09-12 10:00:00+05:30,30.52737818983198,30.45375,149.5718906970186
2017-09-12 11:00:00+05:30,31.20271422351544,31.41125,124.98163509347695
2017-09-12 12:00:00+05:30,31.92403202188965,31.84375,139.54791303057704
2017-09-12 13:00:00+05:30,32.65733109347124,31.84875,150.97779099576343
2017-09-12 14:00:00+05:30,33.38763528894065,31.393749999999997,152.41086411904067
2017-09-12 15:00:00+05:30,33.91764198253634,30.625,110.45122966659252
2017-09-12 16:00:00+05:30,34.134144701417,29.853749999999998,60.14527005330782
2017-09-12 17:00:00+05:30,34.07510001993739,29.1675,25.95528027901715
2017-09-12 18:00:00+05:30,33.767108778648634,28.545,4.836573555342077
2017-09-12 19:00:00+05:30,33.360811232627526,28.195,0.0
2017-09-12 20:00:00+05:30,32.96300052942254,28.06375,0.0
2017-09-12 21:00:00+05:30,32.571637307882426,27.948750000000004,0.0
2017-09-12 22:00:00+05:30,32.175189704030814,27.7125,0.0
2017-09-12 23:00:00+05:30,31.745305468311244,27.418750000000003,0.0
2017-09-13 00:00:00+05:30,31.3215123863766,27.15375,0.0
2017-09-13 01:00:00+05:30,30.91573811345262,26.9225,0.0
2017-09-13 02:00:00+05:30,30.53052573695076,26.69625,0.0
2017-09-13 03:00:00+05:30,30.161729567105546,26.485,0.0
2017-09-13 04:00:00+05:30,29.8035715158413,26.297500000000003,0.0
2017-09-13 05:00:00+05:30,29.451456721404192,26.1175,0.0
2017-09-13 06:00:00+05:30,29.11962785862734,25.943749999999998,5.2850159067396625
2017-09-13 07:00:00+05:30,29.01919058758933,26.0425,52.982478790875405
2017-09-13 08:00:00+05:30,29.299898684043207,26.5525,113.08319678979848
2017-09-13 09:00:00+05:30,29.95139500873745,27.456250000000004,165.12686382979803
2017-09-13 10:00:00+05:30,30.844363120216244,28.58125,202.0233569016588
2017-09-13 11:00:00+05:30,31.945387392566406,29.53875,240.9967977473252
2017-09-13 12:00:00+05:30,33.35203970317019,30.275000000000002,308.12511866693785
2017-09-13 13:00:00+05:30,34.84864628663494,30.755,321.2808786854547
2017-09-13 14:00:00+05:30,36.28563761698547,30.85875,307.3062729533401
2017-09-13 15:00:00+05:30,37.35267931917474,30.715,224.40319993498863
2017-09-13 16:00:00+05:30,37.915033969197275,30.440000000000005,134.1126366986677
2017-09-13 17:00:00+05:30,37.95483157826716,29.845,54.08169689034377
2017-09-13 18:00:00+05:30,37.528823698076486,28.6225,8.714508271414438
2017-09-13 19:00:00+05:30,36.80854445296561,27.485,0.0
2017-09-13 20:00:00+05:30,36.05552779758959,26.9275,0.0
2017-09-13 21:00:00+05:30,35.31738381959015,26.6,0.0
2017-09-13 22:00:00+05:30,34.60702941069053,26.24875,0.0
2017-09-13 23:00:00+05:30,33.920425367734374,25.878749999999997,0.0
2017-09-14 00:00:00+05:30,33.20713103643168,25.5525,0.0
2017-09-14 01:00:00+05:30,32.52523175919609,25.315,0.0
2017-09-14 02:00:00+05:30,31.87971179836316,25.19625,0.0
2017-09-14 03:00:00+05:30,31.272559948995017,25.195,0.0
2017-09-14 04:00:00+05:30,30.70983551692211,25.147499999999997,0.0
2017-09-14 05:00:00+05:30,30.187641162578146,25.0975,0.0
2017-09-14 06:00:00+05:30,29.72072261391841,25.18375,5.151335505073996
2017-09-14 07:00:00+05:30,29.524571809915244,25.84,55.87754707542775
2017-09-14 08:00:00+05:30,29.81288618324901,27.025,139.64877543061218
2017-09-14 09:00:00+05:30,30.658598740927598,28.2825,240.66511756131524
2017-09-14 10:00:00+05:30,31.845721992964204,29.2025,284.5248480027791
2017-09-14 11:00:00+05:30,33.374388382820584,29.83,340.76938224299045
2017-09-14 12:00:00+05:30,34.97891191268494,30.32125,350.0302062185112
2017-09-14 13:00:00+05:30,36.554378482795585,30.627499999999998,341.64859920541346
2017-09-14 14:00:00+05:30,37.68536530578483,30.728749999999998,248.3598923020306
2017-09-14 15:00:00+05:30,38.37182845909452,30.63375,188.53073605036084
2017-09-14 16:00:00+05:30,38.5913611967133,30.270000000000003,113.46951205836507
2017-09-14 17:00:00+05:30,38.39957737376083,29.5525,49.727994655052875
2017-09-14 18:00:00+05:30,37.836077063255814,28.455,8.647922421594494
2017-09-14 19:00:00+05:30,37.097614224139434,27.552500000000002,0.0
2017-09-14 20:00:00+05:30,36.314751005892916,27.033749999999998,0.0
2017-09-14 21:00:00+05:30,35.56175539706592,26.62375,0.0
2017-09-14 22:00:00+05:30,34.83975811567795,26.22,0.0
2017-09-14 23:00:00+05:30,34.09916391044612,25.83875,0.0
2017-09-15 00:00:00+05:30,33.34691296908978,25.46875,0.0
2017-09-15 01:00:00+05:30,32.62135624293431,25.17375,0.0
2017-09-15 02:00:00+05:30,31.93653529644172,24.94875,0.0
2017-09-15 03:00:00+05:30,31.289960392821904,24.7575,0.0
2017-09-15 04:00:00+05:30,30.68111439507323,24.57125,0.0
2017-09-15 05:00:00+05:30,30.113543193134067,24.387499999999996,0.0
2017-09-15 06:00:00+05:30,29.59510290587238,24.26375,4.981257369486445
2017-09-15 07:00:00+05:30,29.323953081551153,24.598750000000003,51.03333466084952
2017-09-15 08:00:00+05:30,29.46057632027906,25.6825,112.48679551395142
2017-09-15 09:00:00+05:30,30.02867648493055,27.48125,170.78131143351322
2017-09-15 10:00:00+05:30,30.91201293538611,29.0125,211.12469490435367
2017-09-15 11:00:00+05:30,31.972110833389934,29.9575,223.0765080011427
2017-09-15 12:00:00+05:30,33.08886786926749,30.5125,228.83092559484584
2017-09-15 13:00:00+05:30,34.1865696153783,30.713749999999997,226.63977506733656
2017-09-15 14:00:00+05:30,35.15435444572093,30.671249999999997,185.20900480418214
2017-09-15 15:00:00+05:30,35.724476207315206,30.44875,114.09695524233663
2017-09-15 16:00:00+05:30,35.936698836668306,30.15875,65.31635668226139
2017-09-15 17:00:00+05:30,35.82378554729482,29.675,26.763608317984627
2017-09-15 18:00:00+05:30,35.42413126813759,28.43125,4.736077855732367
2017-09-15 19:00:00+05:30,34.85166636658887,27.33875,0.0
2017-09-15 20:00:00+05:30,34.27305940642977,26.84375,0.0
2017-09-15 21:00:00+05:30,33.709329363719455,26.544999999999998,0.0
2017-09-15 22:00:00+05:30,33.16263419452705,26.23375,0.0
2017-09-15 23:00:00+05:30,32.59504040422456,25.897499999999997,0.0
2017-09-16 00:00:00+05:30,32.02806666125244,25.58875,0.0
2017-09-16 01:00:00+05:30,31.484054328837463,25.3175,0.0
2017-09-16 02:00:00+05:30,30.96068558587522,25.107499999999995,0.0
2017-09-16 03:00:00+05:30,30.466047372276915,24.9775,0.0
2017-09-16 04:00:00+05:30,30.00403180738566,24.896250000000002,0.0
2017-09-16 05:00:00+05:30,29.567527619884174,24.82,0.0
2017-09-16 06:00:00+05:30,29.168022875448393,24.765,4.666847161091891
2017-09-16 07:00:00+05:30,28.986629158403467,25.16875,48.11610034295822
2017-09-16 08:00:00+05:30,29.201224247139056,26.32,113.6611984362143
2017-09-16 09:00:00+05:30,29.83279763955474,28.01625,180.64369867126123
2017-09-16 10:00:00+05:30,30.817979178054816,29.416249999999998,226.1696110391808
2017-09-16 11:00:00+05:30,31.99569753958658,30.2275,239.70007475528985
2017-09-16 12:00:00+05:30,33.31801303809348,30.685000000000002,276.3266660762415
2017-09-16 13:00:00+05:30,34.538577080911104,30.869999999999997,241.63993223265425
2017-09-16 14:00:00+05:30,35.38620638998666,30.84375,157.6983678882646
2017-09-16 15:00:00+05:30,35.942881768583874,30.503749999999997,138.53819747845705
2017-09-16 16:00:00+05:30,36.128921934686886,30.0075,80.6045328695924
2017-09-16 17:00:00+05:30,35.97747999389288,29.03875,33.23834822176425
2017-09-16 18:00:00+05:30,35.52023733993384,27.751250000000002,5.573949629435004
2017-09-16 19:00:00+05:30,34.91276242386044,26.884999999999998,0.0
2017-09-16 20:00:00+05:30,34.29508484420225,26.45375,0.0
2017-09-16 21:00:00+05:30,33.694197729508645,26.16125,0.0
2017-09-16 22:00:00+05:30,33.11320053482971,25.916249999999998,0.0
2017-09-16 23:00:00+05:30,32.5226196327658,25.69875,0.0
2017-09-17 00:00:00+05:30,31.91930439100643,25.46375,0.0
2017-09-17 01:00:00+05:30,31.09818688848538,25.21375,0.0
2017-09-17 02:00:00+05:30,29.982707179932657,25.013749999999998,0.0
2017-09-17 03:00:00+05:30,29.020163799594247,24.86875,0.0
2017-09-17 04:00:00+05:30,28.259117960913606,24.745,0.0
2017-09-17 05:00:00+05:30,27.632966435470312,24.625,0.0
2017-09-17 06:00:00+05:30,27.106583079088562,24.51125,3.653649117736489
2017-09-17 07:00:00+05:30,26.736277764320867,24.61375,38.09739803753388
2017-09-17 08:00:00+05:30,26.565090654908353,24.96875,89.29903002024075
2017-09-17 09:00:00+05:30,26.48280547317951,25.523750000000003,104.39737492966607
2017-09-17 10:00:00+05:30,26.403237281893144,26.19125,93.28821196376622
2017-09-17 11:00:00+05:30,26.28846940675645,26.59375,77.35816931290825
2017-09-17 12:00:00+05:30,26.17273839041138,26.705,70.4780929734454
2017-09-17 13:00:00+05:30,26.047470355821133,26.888749999999998,51.76535922868222
2017-09-17 14:00:00+05:30,25.983455115394168,27.24,51.695837664966035
2017-09-17 15:00:00+05:30,25.915042556047865,27.365000000000002,30.188246923721323
2017-09-17 16:00:00+05:30,25.831536872920296,27.050000000000004,19.37418392080754
2017-09-17 17:00:00+05:30,25.696118748102883,26.395,7.404466744239181
2017-09-17 18:00:00+05:30,25.524076219251867,25.709999999999997,1.1646565829821498
2017-09-17 19:00:00+05:30,25.377194913508678,25.413749999999997,0.0
2017-09-17 20:00:00+05:30,25.294581994937214,25.52375,0.0
2017-09-17 21:00:00+05:30,25.23340438660249,25.74125,0.0
2017-09-17 22:00:00+05:30,25.20100764124058,25.87625,0.0
2017-09-17 23:00:00+05:30,25.22850983503725,25.935,0.0
2017-09-18 00:00:00+05:30,25.255181806148858,25.95,0.0
2017-09-18 01:00:00+05:30,25.25920393390173,25.900000000000002,0.0
2017-09-18 02:00:00+05:30,25.247396126730283,25.776249999999997,0.0
2017-09-18 03:00:00+05:30,25.221187072652892,25.62,0.0
2017-09-18 04:00:00+05:30,25.179850288007692,25.44125,0.0
2017-09-18 05:00:00+05:30,25.133936562218437,25.30125,0.0
2017-09-18 06:00:00+05:30,25.08760388743058,25.197499999999998,4.223103594064167
2017-09-18 07:00:00+05:30,25.19090804093468,25.40375,46.95205525269141
2017-09-18 08:00:00+05:30,25.65140379488439,26.237499999999997,109.05107310430779
2017-09-18 09:00:00+05:30,26.468705094843187,27.706249999999997,163.97725141520996
2017-09-18 10:00:00+05:30,27.54465937221395,29.283749999999998,204.72861602273858
2017-09-18 11:00:00+05:30,28.72109192528527,30.456249999999997,219.5494685415576
2017-09-18 12:00:00+05:30,30.032760930664416,31.18875,254.88101257398947
2017-09-18 13:00:00+05:30,31.416655526298552,31.622500000000002,268.6845035315218
2017-09-18 14:00:00+05:30,32.583707459108766,31.831249999999997,216.34857163809295
2017-09-18 15:00:00+05:30,33.46841732626429,31.5675,169.38370529618177
2017-09-18 16:00:00+05:30,33.98876982874298,31.011249999999997,101.09903936677964
2017-09-18 17:00:00+05:30,34.13177019130232,30.177500000000002,40.70086999224465
2017-09-18 18:00:00+05:30,33.948242000253416,28.7975,6.030819927675862
2017-09-18 19:00:00+05:30,33.54550311703684,27.665,0.0
2017-09-18 20:00:00+05:30,33.051423996362956,27.1125,0.0
2017-09-18 21:00:00+05:30,32.56049464425512,26.745,0.0
2017-09-18 22:00:00+05:30,32.08400081800144,26.40375,0.0
2017-09-18 23:00:00+05:30,31.617665082398883,26.04875,0.0
2017-09-19 00:00:00+05:30,31.124762694581495,25.685,0.0
2017-09-19 01:00:00+05:30,30.625818712774755,25.33125,0.0
2017-09-19 02:00:00+05:30,30.136026067524778,25.025000000000002,0.0
2017-09-19 03:00:00+05:30,29.664366490140665,24.838750000000005,0.0
2017-09-19 04:00:00+05:30,29.210520947436258,24.689999999999998,0.0
2017-09-19 05:00:00+05:30,28.77169546655518,24.517500000000002,0.0
2017-09-19 06:00:00+05:30,28.3630653043273,24.418749999999996,5.495273013643225
2017-09-19 07:00:00+05:30,28.255259798284733,25.21875,79.94594222064828
2017-09-19 08:00:00+05:30,28.68968756469413,26.853749999999998,188.05592652268967
2017-09-19 09:00:00+05:30,29.832339890744443,28.396250000000002,302.73204554532003
2017-09-19 10:00:00+05:30,31.400919739655173,29.572499999999998,381.10641507505073
2017-09-19 11:00:00+05:30,33.35604192565886,30.51375,449.75781423303306
2017-09-19 12:00:00+05:30,35.65889691229361,31.258750000000003,534.3011255445839
2017-09-19 13:00:00+05:30,37.95261953912812,31.81,516.4017441500594
2017-09-19 14:00:00+05:30,39.87976885440514,32.12125,444.691943283413
2017-09-19 15:00:00+05:30,41.29784459589943,32.10625,359.9228792384282
2017-09-19 16:00:00+05:30,42.03885721687438,31.7625,233.96663963244856
2017-09-19 17:00:00+05:30,42.112662885984406,31.2025,101.01545416763034
2017-09-19 18:00:00+05:30,41.58540126713567,30.08875,11.02864972495522
2017-09-19 19:00:00+05:30,40.77390357128274,29.05375,0.0
2017-09-19 20:00:00+05:30,39.90370820611491,28.45625,0.0
2017-09-19 21:00:00+05:30,39.031616567752806,27.98,0.0
2017-09-19 22:00:00+05:30,38.15602418316291,27.518750000000004,0.0
2017-09-19 23:00:00+05:30,37.30909579553848,27.106250000000003,0.0
2017-09-20 00:00:00+05:30,36.42726960522948,26.71,0.0
2017-09-20 01:00:00+05:30,35.57103073476211,26.347499999999997,0.0
2017-09-20 02:00:00+05:30,34.75762780109702,26.026249999999997,0.0
2017-09-20 03:00:00+05:30,33.98591275927444,25.685,0.0
2017-09-20 04:00:00+05:30,33.25504454998497,25.35625,0.0
2017-09-20 05:00:00+05:30,32.5501598131526,24.814999999999998,0.0
2017-09-20 06:00:00+05:30,31.873299691041172,24.259999999999998,6.46012832735077
2017-09-20 07:00:00+05:30,31.51856629250126,24.86125,87.98685032777203
2017-09-20 08:00:00+05:30,31.761694591236385,26.523749999999996,207.59847584992826
2017-09-20 09:00:00+05:30,32.71557708793668,28.389999999999997,326.1531766795077
2017-09-20 10:00:00+05:30,34.281736458072544,29.804999999999996,429.5608971387985
2017-09-20 11:00:00+05:30,36.198863885002716,30.8025,479.3355614397235
2017-09-20 12:00:00+05:30,38.14149750176625,31.74625,453.0556046905807
2017-09-20 13:00:00+05:30,40.04018227384584,32.45375,457.10567259464244
2017-09-20 14:00:00+05:30,41.653553534433534,32.76625,400.589777021638
2017-09-20 15:00:00+05:30,42.81575088820321,32.68625,320.6558698172958
2017-09-20 16:00:00+05:30,43.32664339679945,32.25625,200.096342353537
2017-09-20 17:00:00+05:30,43.17686052459662,31.699999999999996,78.96621829030178
2017-09-20 18:00:00+05:30,42.5167095704215,30.583750000000002,7.70220916094154
2017-09-20 19:00:00+05:30,41.66158141419418,29.54625,0.0
2017-09-20 20:00:00+05:30,40.770978604731546,28.95,0.0
2017-09-20 21:00:00+05:30,39.877283058060684,28.526249999999997,0.0
2017-09-20 22:00:00+05:30,39.00088490103668,28.22375,0.0
2017-09-20 23:00:00+05:30,38.12820174558016,27.87375,0.0
2017-09-21 00:00:00+05:30,37.23070931935094,27.357499999999998,0.0
2017-09-21 01:00:00+05:30,36.360884594289956,26.802500000000002,0.0
2017-09-21 02:00:00+05:30,35.531289839085474,26.35,0.0
2017-09-21 03:00:00+05:30,34.742962009943895,25.9875,0.0
2017-09-21 04:00:00+05:30,33.99861221405517,25.728749999999998,0.0
2017-09-21 05:00:00+05:30,33.30220219845979,25.63125,0.0
2017-09-21 06:00:00+05:30,32.65871450288762,25.595,5.418409239838954
2017-09-21 07:00:00+05:30,32.34951857736374,26.26125,84.61727981871465
2017-09-21 08:00:00+05:30,32.600910193070504,27.845,186.60164999814708
2017-09-21 09:00:00+05:30,33.532101015885715,29.818749999999998,300.65498200095533
2017-09-21 10:00:00+05:30,35.024807978624345,31.154999999999998,392.78306097977793
2017-09-21 11:00:00+05:30,36.81518985462602,31.875,450.7950982600154
2017-09-21 12:00:00+05:30,38.81232939317719,32.3125,501.59829260913796
2017-09-21 13:00:00+05:30,40.76194391453147,32.57749999999999,480.36371704148263
2017-09-21 14:00:00+05:30,42.375988342411844,32.64125,414.89837719930745
2017-09-21 15:00:00+05:30,43.453416103850365,32.480000000000004,325.6267633740935
2017-09-21 16:00:00+05:30,43.90730377409274,32.09625,207.62571335339098
2017-09-21 17:00:00+05:30,43.70447206567896,31.45125,85.24654468511913
2017-09-21 18:00:00+05:30,42.965980691990254,30.31375,8.28553374478982
2017-09-21 19:00:00+05:30,42.049383345866154,29.28125,0.0
2017-09-21 20:00:00+05:30,41.12021869050372,28.7075,0.0
2017-09-21 21:00:00+05:30,40.18498754309584,28.28125,0.0
2017-09-21 22:00:00+05:30,39.26031277630135,27.81375,0.0
2017-09-21 23:00:00+05:30,38.35047508450164,27.38,0.0
2017-09-22 00:00:00+05:30,37.42432243679602,26.9925,0.0
2017-09-22 01:00:00+05:30,36.52905411821955,26.562500000000004,0.0
2017-09-22 02:00:00+05:30,35.686982867586046,26.14625,0.0
2017-09-22 03:00:00+05:30,34.88430025175316,25.743750000000002,0.0
2017-09-22 04:00:00+05:30,34.11555305078359,25.314999999999998,0.0
2017-09-22 05:00:00+05:30,33.38638796366065,24.9,0.0
2017-09-22 06:00:00+05:30,32.704406398403876,24.637499999999996,4.811110626131656
2017-09-22 07:00:00+05:30,32.35593283530309,25.363750000000003,76.89382752782038
2017-09-22 08:00:00+05:30,32.51574222108363,26.79,168.46961242217017
2017-09-22 09:00:00+05:30,33.29597281930589,28.94125,274.2363072937173
2017-09-22 10:00:00+05:30,34.57986324461367,30.60875,350.94688197184445
2017-09-22 11:00:00+05:30,36.198192490979366,31.5525,396.5479094923107
2017-09-22 12:00:00+05:30,37.97302866827832,32.21,433.6701239477173
2017-09-22 13:00:00+05:30,39.823214398176404,32.63875,465.6295076906148
2017-09-22 14:00:00+05:30,41.45907407501731,32.7825,413.4442373759297
2017-09-22 15:00:00+05:30,42.61069514709848,32.52125,317.25171545275373
2017-09-22 16:00:00+05:30,43.10453272728292,32.085,193.32943770983468
2017-09-22 17:00:00+05:30,42.951834176297126,31.645000000000003,74.5672632546266
2017-09-22 18:00:00+05:30,42.28979705312933,30.72375,7.3214175076249495
2017-09-22 19:00:00+05:30,41.44250866868391,29.901249999999997,0.0
2017-09-22 20:00:00+05:30,40.58719856153202,29.354999999999997,0.0
2017-09-22 21:00:00+05:30,39.71420733674722,28.835,0.0
2017-09-22 22:00:00+05:30,38.85071532911859,28.30875,0.0
2017-09-22 23:00:00+05:30,37.999097874878686,27.759999999999998,0.0
2017-09-23 00:00:00+05:30,37.11569523489066,27.21875,0.0
2017-09-23 01:00:00+05:30,36.25335769026973,26.72625,0.0
2017-09-23 02:00:00+05:30,35.42771926215845,26.3625,0.0
2017-09-23 03:00:00+05:30,34.640625282758435,26.06875,0.0
2017-09-23 04:00:00+05:30,33.896656536189546,25.822499999999998,0.0
2017-09-23 05:00:00+05:30,33.20070312160036,25.652500000000003,0.0
2017-09-23 06:00:00+05:30,32.5620716391807,25.6,5.373619606875671
2017-09-23 07:00:00+05:30,32.27653093162791,26.262500000000003,81.25957019424668
2017-09-23 08:00:00+05:30,32.52305756719327,27.591250000000002,173.3500536902051
2017-09-23 09:00:00+05:30,33.39969023320257,29.6625,271.8837472054851
2017-09-23 10:00:00+05:30,34.775149923350156,31.207500000000003,352.0828832565662
2017-09-23 11:00:00+05:30,36.52687999360151,32.027499999999996,431.9939075220963
2017-09-23 12:00:00+05:30,38.50670736322711,32.57125,481.8803524787357
2017-09-23 13:00:00+05:30,40.4072823992509,32.88375,452.0544502095948
2017-09-23 14:00:00+05:30,42.031729961182165,32.963750000000005,407.26718304351124
2017-09-23 15:00:00+05:30,43.17312312304333,32.80375,323.009750340335
2017-09-23 16:00:00+05:30,43.626810190730296,32.435,190.18659253112276
2017-09-23 17:00:00+05:30,43.423414485421574,31.857499999999998,71.44021131886885
2017-09-23 18:00:00+05:30,42.70062202736069,30.697499999999998,6.81524155160686
2017-09-23 19:00:00+05:30,41.79598831326866,29.599999999999998,0.0
2017-09-23 20:00:00+05:30,40.8867269281079,29.026249999999997,0.0
2017-09-23 21:00:00+05:30,39.97589406271401,28.68,0.0
2017-09-23 22:00:00+05:30,39.093652737533844,28.291249999999998,0.0
2017-09-23 23:00:00+05:30,38.212169335891105,27.83,0.0
2017-09-24 00:00:00+05:30,37.315733731834925,27.36875,0.0
2017-09-24 01:00:00+05:30,36.45436151905854,26.95625,0.0
2017-09-24 02:00:00+05:30,35.637072870417754,26.591250000000002,0.0
2017-09-24 03:00:00+05:30,34.86521740571655,26.31625,0.0
2017-09-24 04:00:00+05:30,34.141478575047216,26.130000000000003,0.0
2017-09-24 05:00:00+05:30,33.464750572872454,25.988750000000003,0.0
2017-09-24 06:00:00+05:30,32.8445475256652,25.92125,5.849683719526311
2017-09-24 07:00:00+05:30,32.55591324130469,26.372500000000002,77.19053723613806
2017-09-24 08:00:00+05:30,32.75835684437591,27.225,164.24764076380754
2017-09-24 09:00:00+05:30,33.5335235693108,29.0075,248.74860278738726
2017-09-24 10:00:00+05:30,34.6785533180845,30.413749999999997,302.6456179224213
2017-09-24 11:00:00+05:30,36.154747466443446,30.996249999999996,353.8933123548892
2017-09-24 12:00:00+05:30,37.89995287380943,31.25,433.1540224553103
2017-09-24 13:00:00+05:30,39.945194292716636,31.253749999999997,508.25661289651254
2017-09-24 14:00:00+05:30,41.53314512286574,31.076249999999998,367.8723903411867
2017-09-24 15:00:00+05:30,42.53794524331008,30.8275,275.2281398312091
2017-09-24 16:00:00+05:30,42.87854511474643,30.68,161.50866289602308
2017-09-24 17:00:00+05:30,42.62781306980754,30.65,59.90589073277994
2017-09-24 18:00:00+05:30,41.922972776189006,30.112499999999997,6.401914938776282
2017-09-24 19:00:00+05:30,41.07982122657479,29.527500000000003,0.0
2017-09-24 20:00:00+05:30,40.22839184764885,29.2325,0.0
2017-09-24 21:00:00+05:30,39.387149450435395,28.9625,0.0
2017-09-24 22:00:00+05:30,38.5897477143098,28.7,0.0
2017-09-24 23:00:00+05:30,37.8257819247847,28.447500000000005,0.0
2017-09-25 00:00:00+05:30,37.042465011806115,28.14375,0.0
2017-09-25 01:00:00+05:30,36.285271838024904,27.82625,0.0
2017-09-25 02:00:00+05:30,35.55986956512613,27.44125,0.0
2017-09-25 03:00:00+05:30,34.85898589129288,26.905,0.0
2017-09-25 04:00:00+05:30,34.17850557741535,26.43,0.0
2017-09-25 05:00:00+05:30,33.535883301007374,26.1925,0.0
2017-09-25 06:00:00+05:30,32.94157709806583,26.177500000000002,5.2959199384521805
2017-09-25 07:00:00+05:30,32.60593023957662,26.5875,56.822361096154026
2017-09-25 08:00:00+05:30,32.681460234868005,27.307499999999997,131.4993629865375
2017-09-25 09:00:00+05:30,33.2523858155159,27.9625,220.63740904202953
2017-09-25 10:00:00+05:30,34.033416431394116,28.3675,256.1432924351924
2017-09-25 11:00:00+05:30,35.14558356407362,28.555,319.9354764553068
2017-09-25 12:00:00+05:30,36.52292182595175,28.625000000000004,399.2292801133283
2017-09-25 13:00:00+05:30,37.941462561321536,28.6525,410.81051539730055
2017-09-25 14:00:00+05:30,38.958790222781836,28.5975,313.42197062887647
2017-09-25 15:00:00+05:30,39.36570971073159,28.39125,193.90176530746984
2017-09-25 16:00:00+05:30,39.238946960518895,28.0775,102.44821346451955
2017-09-25 17:00:00+05:30,38.70269970913226,27.65,40.1896286371173
2017-09-25 18:00:00+05:30,37.93398478960923,27.02,4.428984380030635
2017-09-25 19:00:00+05:30,37.10178280048768,26.54375,0.0
2017-09-25 20:00:00+05:30,36.30438722369378,26.36375,0.0
2017-09-25 21:00:00+05:30,35.543411672301986,26.273749999999996,0.0
2017-09-25 22:00:00+05:30,34.80880257720495,26.183749999999996,0.0
2017-09-25 23:00:00+05:30,34.05637455146453,26.1,0.0
2017-09-26 00:00:00+05:30,33.338556699578525,25.995,0.0
2017-09-26 01:00:00+05:30,32.540729192063495,25.88125,0.0
2017-09-26 02:00:00+05:30,31.474999823828966,25.7775,0.0
2017-09-26 03:00:00+05:30,30.678224813666343,25.652500000000003,0.0
2017-09-26 04:00:00+05:30,30.1103828159075,25.50625,0.0
2017-09-26 05:00:00+05:30,29.634747608820227,25.36875,0.0
2017-09-26 06:00:00+05:30,29.227490377951966,25.27625,4.172259278194471
2017-09-26 07:00:00+05:30,29.028129277437614,25.650000000000002,38.24275382195574
2017-09-26 08:00:00+05:30,29.111586789933902,26.577499999999997,77.49858708963708
2017-09-26 09:00:00+05:30,29.492649159606906,27.702499999999997,116.94912775703898
2017-09-26 10:00:00+05:30,30.143192487010822,28.73,167.47559523862125
2017-09-26 11:00:00+05:30,31.10776818679461,29.49,219.9508508718485
2017-09-26 12:00:00+05:30,32.26003663577234,30.02375,235.02289005703386
2017-09-26 13:00:00+05:30,33.31386501077634,30.3875,206.37196078674154
2017-09-26 14:00:00+05:30,34.09961640671297,30.568749999999998,147.47771379666722
2017-09-26 15:00:00+05:30,34.523780340857776,30.291250000000005,94.23063005174531
2017-09-26 16:00:00+05:30,34.65838376494477,29.58125,61.12893845298827
2017-09-26 17:00:00+05:30,34.492411504950056,28.63875,26.243562474691487
2017-09-26 18:00:00+05:30,34.0420477958505,27.5975,3.295338379599749
2017-09-26 19:00:00+05:30,33.52183604499177,26.868750000000002,0.0
2017-09-26 20:00:00+05:30,33.021922870258656,26.46375,0.0
2017-09-26 21:00:00+05:30,32.09874588999504,26.189999999999998,0.0
2017-09-26 22:00:00+05:30,31.011532942452696,26.012500000000003,0.0
2017-09-26 23:00:00+05:30,30.062825476600526,25.935,0.0
2017-09-27 00:00:00+05:30,29.324234052139456,25.957500000000003,0.0
2017-09-27 01:00:00+05:30,28.721825659232948,25.93,0.0
2017-09-27 02:00:00+05:30,28.203282675186607,25.75,0.0
2017-09-27 03:00:00+05:30,27.73826111755555,25.51625,0.0
2017-09-27 04:00:00+05:30,27.318640999025867,25.32375,0.0
2017-09-27 05:00:00+05:30,26.950741764737852,25.21,0.0
2017-09-27 06:00:00+05:30,26.637910552774535,25.161250000000003,3.108325131411512
2017-09-27 07:00:00+05:30,26.424718931050805,25.281249999999996,25.171625663321137
2017-09-27 08:00:00+05:30,26.310389888922117,25.747500000000002,44.82444515744803
2017-09-27 09:00:00+05:30,26.38740993258461,26.47375,65.98392998486617
2017-09-27 10:00:00+05:30,26.632192524941384,27.28875,69.80451854290732
2017-09-27 11:00:00+05:30,27.09597750630552,27.9875,103.87020694751993
2017-09-27 12:00:00+05:30,27.873499420466533,28.395,162.61635925556408
2017-09-27 13:00:00+05:30,28.87066967298459,28.51875,195.5616411692781
2017-09-27 14:00:00+05:30,29.806025413024926,28.4925,163.06361794212717
2017-09-27 15:00:00+05:30,30.57716334064162,28.238749999999996,119.30555818598489
2017-09-27 16:00:00+05:30,31.005769423730094,27.762500000000003,59.60279510982495
2017-09-27 17:00:00+05:30,31.082454032374486,27.1475,18.65097964904213
2017-09-27 18:00:00+05:30,30.911321419682555,26.506249999999998,1.4606345004770491
2017-09-27 19:00:00+05:30,30.57297734560594,26.12625,0.0
2017-09-27 20:00:00+05:30,30.206807274895063,25.965,0.0
2017-09-27 21:00:00+05:30,29.870910009074564,25.90125,0.0
2017-09-27 22:00:00+05:30,29.55295765677651,25.92125,0.0
2017-09-27 23:00:00+05:30,29.246920847788413,25.9525,0.0
2017-09-28 00:00:00+05:30,28.929682940002113,25.941250000000004,0.0
2017-09-28 01:00:00+05:30,28.627140817989556,25.880000000000003,0.0
2017-09-28 02:00:00+05:30,28.34374930958798,25.85,0.0
2017-09-28 03:00:00+05:30,28.08386386764386,25.918750000000003,0.0
2017-09-28 04:00:00+05:30,27.843751629016175,25.96,0.0
2017-09-28 05:00:00+05:30,27.623483808232088,26.0475,0.0
2017-09-28 06:00:00+05:30,27.428628246620566,25.887500000000003,6.444475987186765
2017-09-28 07:00:00+05:30,27.4661181019173,25.97875,59.0897584083509
2017-09-28 08:00:00+05:30,27.861138247848434,26.497500000000002,128.6806660022164
2017-09-28 09:00:00+05:30,28.673257022677767,27.142500000000002,199.37323113233106
2017-09-28 10:00:00+05:30,29.68602033351216,27.777500000000003,233.72085541574398
2017-09-28 11:00:00+05:30,30.948604670067297,28.30375,277.5995958677491
2017-09-28 12:00:00+05:30,32.41862450276693,28.58625,324.55221189568954
2017-09-28 13:00:00+05:30,33.54932319518923,28.668750000000003,228.25378246450487
2017-09-28 14:00:00+05:30,34.25396326260204,28.654999999999998,151.52613295796635
2017-09-28 15:00:00+05:30,34.52707169207065,28.59,82.67285979759599
2017-09-28 16:00:00+05:30,34.537064347404325,28.397499999999997,48.129475382384456
2017-09-28 17:00:00+05:30,34.31148670580676,28.08125,21.290014300379898
2017-09-28 18:00:00+05:30,33.900757511398425,27.56875,2.0627276098422977
2017-09-28 19:00:00+05:30,33.407672411337046,26.908749999999998,0.0
2017-09-28 20:00:00+05:30,32.87839354030793,26.412499999999998,0.0
2017-09-28 21:00:00+05:30,32.381438914606676,26.12,0.0
2017-09-28 22:00:00+05:30,31.908513207680365,25.904999999999998,0.0
2017-09-28 23:00:00+05:30,31.442383258549373,25.717499999999994,0.0
2017-09-29 00:00:00+05:30,30.96895110687005,25.549999999999997,0.0
2017-09-29 01:00:00+05:30,30.511185643275542,25.4275,0.0
2017-09-29 02:00:00+05:30,29.977459510242003,25.346250000000005,0.0
2017-09-29 03:00:00+05:30,29.177750177209454,25.295,0.0
2017-09-29 04:00:00+05:30,28.448284226643157,25.267500000000002,0.0
2017-09-29 05:00:00+05:30,27.886907391929732,25.235,0.0
2017-09-29 06:00:00+05:30,27.443408387772543,25.22,4.330179422271879
2017-09-29 07:00:00+05:30,27.17570267175887,25.601249999999997,34.97175468711927
2017-09-29 08:00:00+05:30,27.07817793590378,26.248749999999998,68.01310368650164
2017-09-29 09:00:00+05:30,27.28472795072338,27.425,112.06462196456079
2017-09-29 10:00:00+05:30,28.031986177068447,28.7675,185.41309825537775
2017-09-29 11:00:00+05:30,29.243497853532897,29.79,267.65536551821606
2017-09-29 12:00:00+05:30,30.814177164896442,30.51375,333.45448874719364
2017-09-29 13:00:00+05:30,32.32151101957609,30.95625,296.77126113611644
2017-09-29 14:00:00+05:30,33.553772551937115,31.24875,215.09978045514265
2017-09-29 15:00:00+05:30,34.478707112976096,31.28125,155.63297986733477
2017-09-29 16:00:00+05:30,34.98947534480719,31.033749999999998,87.5018387588321
2017-09-29 17:00:00+05:30,35.09960837177824,30.45375,31.356426509273465
2017-09-29 18:00:00+05:30,34.877479999507386,29.19875,2.795917838320689
2017-09-29 19:00:00+05:30,34.44494930322411,28.209999999999997,0.0
2017-09-29 20:00:00+05:30,33.908239080694635,27.613750000000003,0.0
2017-09-29 21:00:00+05:30,33.37234497638369,27.025,0.0
2017-09-29 22:00:00+05:30,32.852015540228905,26.49375,0.0
2017-09-29 23:00:00+05:30,32.34822628789311,26.072499999999998,0.0
2017-09-30 00:00:00+05:30,31.829487651345858,25.767500000000002,0.0
2017-09-30 01:00:00+05:30,31.30241931350501,25.557499999999997,0.0
2017-09-30 02:00:00+05:30,30.79539983792878,25.408749999999998,0.0
2017-09-30 03:00:00+05:30,30.310859707048532,25.284999999999997,0.0
2017-09-30 04:00:00+05:30,29.848131233851614,25.1775,0.0
2017-09-30 05:00:00+05:30,29.406920898114887,25.09,0.0
2017-09-30 06:00:00+05:30,29.004119565479648,24.997500000000002,8.249845940437268
2017-09-30 07:00:00+05:30,28.89162345243451,25.4225,69.33047910868652
2017-09-30 08:00:00+05:30,29.18241986003586,26.51875,146.00396769296685
2017-09-30 09:00:00+05:30,29.972631974462153,27.80375,220.61555700046358
2017-09-30 10:00:00+05:30,31.17629367012593,28.936249999999998,324.39357422351793
2017-09-30 11:00:00+05:30,32.746132772639825,29.84875,404.8037905487487
2017-09-30 12:00:00+05:30,34.54364186110252,30.522499999999997,445.52287315861184
2017-09-30 13:00:00+05:30,36.28210946970599,30.915,429.4670366279773
2017-09-30 14:00:00+05:30,37.74219528080946,31.051250000000003,367.8333294619057
2017-09-30 15:00:00+05:30,38.69284530826681,30.919999999999998,261.5712345460262
2017-09-30 16:00:00+05:30,39.047368047451386,30.505,145.26316871587406
2017-09-30 17:00:00+05:30,38.85283570173773,29.728749999999998,48.931504096588704
2017-09-30 18:00:00+05:30,38.25186286059462,28.380000000000003,3.856092658529498
2017-09-30 19:00:00+05:30,37.48224058220059,27.2925,0.0
2017-09-30 20:00:00+05:30,36.693521000248246,26.775000000000002,0.0
2017-09-30 21:00:00+05:30,35.91083835445211,26.440000000000005,0.0
2017-09-30 22:00:00+05:30,35.155163024151406,26.126250000000002,0.0
2017-09-30 23:00:00+05:30,34.421576632255075,25.835,0.0
2017-10-01 00:00:00+05:30,33.667479542483306,25.56125,0.0
2017-10-01 01:00:00+05:30,32.94079445540839,25.291249999999998,0.0
2017-10-01 02:00:00+05:30,32.24116003987978,25.03375,0.0
2017-10-01 03:00:00+05:30,31.57155297533729,24.790000000000003,0.0
2017-10-01 04:00:00+05:30,30.935968106780418,24.549999999999997,0.0
2017-10-01 05:00:00+05:30,30.330402487155112,24.335,0.0
2017-10-01 06:00:00+05:30,29.767648622687354,24.21,8.14512498434505
2017-10-01 07:00:00+05:30,29.521133994993203,24.729999999999997,92.41022453418583
2017-10-01 08:00:00+05:30,29.809516775029937,25.991249999999997,211.40769535810267
2017-10-01 09:00:00+05:30,30.81215808974096,27.8875,333.785185122314
2017-10-01 10:00:00+05:30,32.384841399896416,29.415,432.8678317040816
2017-10-01 11:00:00+05:30,34.27914339451611,30.331250000000004,486.64011400166964
2017-10-01 12:00:00+05:30,36.19076452910194,30.92625,467.197747301532
2017-10-01 13:00:00+05:30,37.920294976806446,31.26625,431.98732065286885
2017-10-01 14:00:00+05:30,39.23062431002618,31.36625,353.142602771853
2017-10-01 15:00:00+05:30,40.02446844043627,31.21375,263.8248431481768
2017-10-01 16:00:00+05:30,40.24534359496,30.77,147.85826757188886
2017-10-01 17:00:00+05:30,39.89540388741842,29.866249999999997,47.685145700607514
2017-10-01 18:00:00+05:30,39.18277437300636,28.375,2.6402324386364153
2017-10-01 19:00:00+05:30,38.3561637146963,27.305,0.0
2017-10-01 20:00:00+05:30,37.488571461115846,26.762500000000003,0.0
2017-10-01 21:00:00+05:30,36.62974647384285,26.314999999999998,0.0
2017-10-01 22:00:00+05:30,35.80095676490681,25.924999999999997,0.0
2017-10-01 23:00:00+05:30,34.94598773883694,25.59625,0.0
2017-10-02 00:00:00+05:30,34.113711003011225,25.292499999999997,0.0
2017-10-02 01:00:00+05:30,33.32044356755049,25.042500000000004,0.0
2017-10-02 02:00:00+05:30,32.56930657432539,24.80375,0.0
2017-10-02 03:00:00+05:30,31.856843239382684,24.56625,0.0
2017-10-02 04:00:00+05:30,31.17991481260717,24.305,0.0
2017-10-02 05:00:00+05:30,30.536141951333967,23.981250000000003,0.0
2017-10-02 06:00:00+05:30,29.942437755960192,23.74375,9.883743193317565
2017-10-02 07:00:00+05:30,29.664073001531577,24.23625,80.66061676906637
2017-10-02 08:00:00+05:30,29.857764301625696,25.488749999999996,182.6055491592759
2017-10-02 09:00:00+05:30,30.740386862038896,27.533749999999998,301.69038069773285
2017-10-02 10:00:00+05:30,32.24782891594079,29.404999999999998,407.95023475746314
2017-10-02 11:00:00+05:30,34.037820456230946,30.665,476.2093377653618
2017-10-02 12:00:00+05:30,36.02422373237443,31.551250000000003,496.61959606928133
2017-10-02 13:00:00+05:30,37.917534180701466,32.14,473.2376703825271
2017-10-02 14:00:00+05:30,39.45854472411586,32.38875,402.81161546762723
2017-10-02 15:00:00+05:30,40.42653024025035,32.255,289.46800982805667
2017-10-02 16:00:00+05:30,40.7213350881586,31.706249999999997,157.32839949257882
2017-10-02 17:00:00+05:30,40.44170241674257,30.727500000000003,49.82815591716966
2017-10-02 18:00:00+05:30,39.74091714483228,29.05625,2.9516187012939534
2017-10-02 19:00:00+05:30,38.89217223464833,27.80375,0.0
2017-10-02 20:00:00+05:30,38.005038303057034,27.193750000000005,0.0
2017-10-02 21:00:00+05:30,37.1242645801031,26.72875,0.0
2017-10-02 22:00:00+05:30,36.27487990562409,26.334999999999997,0.0
2017-10-02 23:00:00+05:30,35.3968756593459,25.9625,0.0
2017-10-03 00:00:00+05:30,34.51085446884811,25.526249999999997,0.0
2017-10-03 01:00:00+05:30,33.65116214486643,25.062500000000004,0.0
2017-10-03 02:00:00+05:30,32.83860485435203,24.658749999999998,0.0
2017-10-03 03:00:00+05:30,32.08126110607909,24.32,0.0
2017-10-03 04:00:00+05:30,31.365248474354548,24.04375,0.0
2017-10-03 05:00:00+05:30,30.692079564700485,23.8375,0.0
2017-10-03 06:00:00+05:30,30.087121501620544,23.7325,14.112316390201762
2017-10-03 07:00:00+05:30,29.86707712341941,24.353749999999998,100.56594010540705
2017-10-03 08:00:00+05:30,30.12117277366977,25.63375,205.14831388310313
2017-10-03 09:00:00+05:30,31.10311576608568,27.72,327.34339187608
2017-10-03 10:00:00+05:30,32.72042595366003,29.912499999999998,434.03534113618105
2017-10-03 11:00:00+05:30,34.637158083807776,31.37625,503.3217589203848
2017-10-03 12:00:00+05:30,36.74772373383938,32.2,528.066961173949
2017-10-03 13:00:00+05:30,38.78295159950984,32.64625,516.9862959470299
2017-10-03 14:00:00+05:30,40.4187213485191,32.776250000000005,429.6796233178624
2017-10-03 15:00:00+05:30,41.46178518581226,32.72375,320.2381962456549
2017-10-03 16:00:00+05:30,41.78965205554785,32.34625,177.59367671764682
2017-10-03 17:00:00+05:30,41.49441817370379,31.38375,59.16426959236427
2017-10-03 18:00:00+05:30,40.73838128443496,29.4925,3.45849910174987
2017-10-03 19:00:00+05:30,39.83779172912361,28.13625,0.0
2017-10-03 20:00:00+05:30,38.92113323235214,27.564999999999998,0.0
2017-10-03 21:00:00+05:30,38.0070098670443,27.025,0.0
2017-10-03 22:00:00+05:30,37.09896480269705,26.40625,0.0
2017-10-03 23:00:00+05:30,36.16011488866823,25.8575,0.0
2017-10-04 00:00:00+05:30,35.228959302629455,25.42625,0.0
2017-10-04 01:00:00+05:30,34.335177983983414,25.092500000000005,0.0
2017-10-04 02:00:00+05:30,33.48426408478364,24.786250000000003,0.0
2017-10-04 03:00:00+05:30,32.677418614997904,24.4575,0.0
2017-10-04 04:00:00+05:30,31.916271035273393,24.130000000000003,0.0
2017-10-04 05:00:00+05:30,31.19987637142289,23.8475,0.0
2017-10-04 06:00:00+05:30,30.549220758069787,23.65625,13.255322014114714
2017-10-04 07:00:00+05:30,30.291604198334827,24.76875,94.38372265935494
2017-10-04 08:00:00+05:30,30.550383398013466,26.526249999999997,201.75822088166507
2017-10-04 09:00:00+05:30,31.558437811666657,28.778750000000002,320.36428586451655
2017-10-04 10:00:00+05:30,33.1956933634566,30.55,420.9270357868169
2017-10-04 11:00:00+05:30,35.09259129402201,31.58,493.8788733531093
2017-10-04 12:00:00+05:30,37.23752511537073,32.31,522.7637707412563
2017-10-04 13:00:00+05:30,39.38404415963518,32.74999999999999,525.7329538516954
2017-10-04 14:00:00+05:30,41.01078120283172,32.88249999999999,394.564259607795
2017-10-04 15:00:00+05:30,41.976309065443196,32.765,281.66818329440235
2017-10-04 16:00:00+05:30,42.26326564080942,32.39625,155.70143428815885
2017-10-04 17:00:00+05:30,41.913292360759485,31.48875,48.10648970086873
2017-10-04 18:00:00+05:30,41.139054093325,29.8,2.599590940504331
2017-10-04 19:00:00+05:30,40.248835235413715,28.85,0.0
2017-10-04 20:00:00+05:30,39.354025248475196,28.61125,0.0
2017-10-04 21:00:00+05:30,38.46281118528516,28.14,0.0
2017-10-04 22:00:00+05:30,37.5799549955359,27.34375,0.0
2017-10-04 23:00:00+05:30,36.67481539235787,26.5725,0.0
2017-10-05 00:00:00+05:30,35.77604890524612,25.991249999999997,0.0
2017-10-05 01:00:00+05:30,34.913297965261776,25.5875,0.0
2017-10-05 02:00:00+05:30,34.0909440635489,25.253749999999997,0.0
2017-10-05 03:00:00+05:30,33.3120471773081,24.94875,0.0
2017-10-05 04:00:00+05:30,32.578584833775025,24.67125,0.0
2017-10-05 05:00:00+05:30,31.88523369830479,24.45125,0.0
2017-10-05 06:00:00+05:30,31.250146563816813,24.28625,10.129717976211595
2017-10-05 07:00:00+05:30,30.941455807299473,24.979999999999997,83.58012137125385
2017-10-05 08:00:00+05:30,31.08069101404344,26.39875,176.84811743593255
2017-10-05 09:00:00+05:30,31.84266157993931,28.348750000000003,281.3489876987954
2017-10-05 10:00:00+05:30,33.26555160836193,29.994999999999997,395.24432655499174
2017-10-05 11:00:00+05:30,34.99803781875728,30.93375,477.01791442849685
2017-10-05 12:00:00+05:30,36.973409731693835,31.475,505.7454469085974
2017-10-05 13:00:00+05:30,38.84999925183864,31.75875,469.2960278430463
2017-10-05 14:00:00+05:30,40.32718327909756,31.786250000000003,381.5572305024848
2017-10-05 15:00:00+05:30,41.1954932453816,31.61,269.878452288193
2017-10-05 16:00:00+05:30,41.40454029263168,31.2325,142.009763650568
2017-10-05 17:00:00+05:30,41.04755024544066,30.51625,47.902665613889745
2017-10-05 18:00:00+05:30,40.29347781010054,29.12125,2.6110307177768437
2017-10-05 19:00:00+05:30,39.43707472681225,28.305,0.0
2017-10-05 20:00:00+05:30,38.569911820591656,27.91875,0.0
2017-10-05 21:00:00+05:30,37.71514082276144,27.600000000000005,0.0
2017-10-05 22:00:00+05:30,36.91887197831083,27.422500000000003,0.0
2017-10-05 23:00:00+05:30,36.11172451974952,27.295,0.0
2017-10-06 00:00:00+05:30,35.29172577080654,26.737500000000004,0.0
2017-10-06 01:00:00+05:30,34.48480783933324,25.9675,0.0
2017-10-06 02:00:00+05:30,33.69688516164179,25.165,0.0
2017-10-06 03:00:00+05:30,32.93243471301813,24.525000000000002,0.0
2017-10-06 04:00:00+05:30,32.20440902745544,24.1925,0.0
2017-10-06 05:00:00+05:30,31.51993776656169,24.14125,0.0
2017-10-06 06:00:00+05:30,30.879607863575508,24.235,0.0
2017-10-06 07:00:00+05:30,30.57907603006172,24.76125,86.43294422575464
2017-10-06 08:00:00+05:30,30.707773176524903,25.73125,168.8402866777048
2017-10-06 09:00:00+05:30,31.487991754546584,27.933750000000003,276.4270957061859
2017-10-06 10:00:00+05:30,32.905974700217385,29.76625,377.5110722596776
2017-10-06 11:00:00+05:30,34.6155078913787,30.72625,437.94871163116045
2017-10-06 12:00:00+05:30,36.34179854156005,31.3175,403.72454390218303
2017-10-06 13:00:00+05:30,37.9300588791038,31.65875,359.89871346633106
2017-10-06 14:00:00+05:30,39.0752101752605,31.785,266.00715594730036
2017-10-06 15:00:00+05:30,39.734197826012505,31.6875,194.07064226422852
2017-10-06 16:00:00+05:30,39.89969638315725,31.345,107.41059302099433
2017-10-06 17:00:00+05:30,39.57310269554827,30.83625,29.095727651230288
2017-10-06 18:00:00+05:30,38.99243329376165,29.98,1.7546575267972302
2017-10-06 19:00:00+05:30,38.28612994463693,29.19625,0.0
2017-10-06 20:00:00+05:30,37.5271081065972,28.5475,0.0
2017-10-06 21:00:00+05:30,36.78196639476451,28.03125,0.0
2017-10-06 22:00:00+05:30,36.07570772475028,27.770000000000003,0.0
2017-10-06 23:00:00+05:30,35.338267843352355,27.634999999999998,0.0
2017-10-07 00:00:00+05:30,34.60757930451165,27.265,0.0
2017-10-07 01:00:00+05:30,33.88871148767143,26.595,0.0
2017-10-07 02:00:00+05:30,33.188244580231526,25.86,0.0
2017-10-07 03:00:00+05:30,32.512954722100496,25.283749999999998,0.0
2017-10-07 04:00:00+05:30,31.87245193941018,24.95,0.0
2017-10-07 05:00:00+05:30,31.27147025792271,24.67875,0.0
2017-10-07 06:00:00+05:30,30.705175601473446,24.5075,0.0
2017-10-07 07:00:00+05:30,30.40617541113467,24.65125,68.6469676765295
2017-10-07 08:00:00+05:30,30.49794377350123,25.472499999999997,148.5767713790431
2017-10-07 09:00:00+05:30,31.137068161059283,26.95,246.20046828144035
2017-10-07 10:00:00+05:30,32.28771007131269,27.992499999999996,330.8934990713308
2017-10-07 11:00:00+05:30,33.75628623498274,28.2775,392.58227475403714
2017-10-07 12:00:00+05:30,35.49803856567625,28.525,452.6172907341692
2017-10-07 13:00:00+05:30,37.18064019652799,28.847500000000004,424.0566805593952
2017-10-07 14:00:00+05:30,38.47394869406866,29.09125,336.8684164630406
2017-10-07 15:00:00+05:30,39.079363439847896,29.176249999999996,204.52361928877247
2017-10-07 16:00:00+05:30,39.16388433779821,28.98,114.16717317065574
2017-10-07 17:00:00+05:30,38.75511941692985,28.472499999999997,37.231972750557276
2017-10-07 18:00:00+05:30,38.05683944090224,27.490000000000002,2.0184636039447277
2017-10-07 19:00:00+05:30,37.26890628049753,26.740000000000002,0.0
2017-10-07 20:00:00+05:30,36.46974760676617,26.44125,0.0
2017-10-07 21:00:00+05:30,35.6932462502034,26.20125,0.0
2017-10-07 22:00:00+05:30,34.957017776547964,25.88125,0.0
2017-10-07 23:00:00+05:30,34.19973601802338,25.512500000000003,0.0
2017-10-08 00:00:00+05:30,33.43753202684181,25.08875,0.0
2017-10-08 01:00:00+05:30,32.69647750847992,24.613749999999996,0.0
2017-10-08 02:00:00+05:30,31.98229193734698,24.1675,0.0
2017-10-08 03:00:00+05:30,31.295809221002823,23.791249999999998,0.0
2017-10-08 04:00:00+05:30,30.64341565288147,23.447499999999998,0.0
2017-10-08 05:00:00+05:30,30.010114625961094,23.1325,0.0
2017-10-08 06:00:00+05:30,29.40100186305842,22.8575,0.0
2017-10-08 07:00:00+05:30,29.150313284467323,23.4225,100.08049297350621
2017-10-08 08:00:00+05:30,29.357674833391794,24.7575,199.7739889382305
2017-10-08 09:00:00+05:30,30.2426310692548,26.8825,319.5507633132275
2017-10-08 10:00:00+05:30,31.768272040854846,28.738749999999996,415.23991542978666
2017-10-08 11:00:00+05:30,33.49477696010368,29.865000000000002,475.8654385820403
2017-10-08 12:00:00+05:30,35.485125638523336,30.57875,507.16330420139855
2017-10-08 13:00:00+05:30,37.329179718626335,30.987500000000004,477.061183606508
2017-10-08 14:00:00+05:30,38.781697167191304,31.15,389.8108696895948
2017-10-08 15:00:00+05:30,39.76541180724148,31.042500000000004,295.2612923477577
2017-10-08 16:00:00+05:30,40.120212785031555,30.61625,169.73368385352325
2017-10-08 17:00:00+05:30,39.83188749375303,30.01,49.199408537971685
2017-10-08 18:00:00+05:30,39.187611871052255,28.8825,2.9743432267160737
2017-10-08 19:00:00+05:30,38.410547044816354,27.962500000000002,0.0
2017-10-08 20:00:00+05:30,37.613889264713094,27.42375,0.0
2017-10-08 21:00:00+05:30,36.81062531406499,26.9525,0.0
2017-10-08 22:00:00+05:30,36.02255533516375,26.48,0.0
2017-10-08 23:00:00+05:30,35.20754112840825,26.025,0.0
2017-10-09 00:00:00+05:30,34.39523348576664,25.628749999999997,0.0
2017-10-09 01:00:00+05:30,33.61353007071261,25.264999999999997,0.0
2017-10-09 02:00:00+05:30,32.86930557471673,24.917499999999997,0.0
2017-10-09 03:00:00+05:30,32.165989789336955,24.665,0.0
2017-10-09 04:00:00+05:30,31.5020166250559,24.49625,0.0
2017-10-09 05:00:00+05:30,30.874491873163926,24.352500000000003,0.0
2017-10-09 06:00:00+05:30,30.277119538556043,24.137500000000003,0.0
2017-10-09 07:00:00+05:30,30.06821905162469,24.6025,111.97053428881006
2017-10-09 08:00:00+05:30,30.345815019647638,25.677500000000002,232.6808889382009
2017-10-09 09:00:00+05:30,31.364119952373684,27.695,374.38430025910344
2017-10-09 10:00:00+05:30,33.0668503144303,29.502499999999998,481.23502457611784
2017-10-09 11:00:00+05:30,34.95659670463061,30.41375,540.8125049335082
2017-10-09 12:00:00+05:30,36.94172114393686,30.93125,538.674145988639
2017-10-09 13:00:00+05:30,38.7293792126333,31.10625,496.55781945695844
2017-10-09 14:00:00+05:30,40.15872342381436,30.985,434.46316414342664
2017-10-09 15:00:00+05:30,41.04152440373685,30.74125,330.5335046697321
2017-10-09 16:00:00+05:30,41.1893458880866,30.35875,181.46721296530094
2017-10-09 17:00:00+05:30,40.72376981668235,29.65875,48.00036508215139
2017-10-09 18:00:00+05:30,39.94551268226688,28.29625,2.830422385493585
2017-10-09 19:00:00+05:30,39.05880087915044,27.3575,0.0
2017-10-09 20:00:00+05:30,38.16212290746061,26.932500000000005,0.0
2017-10-09 21:00:00+05:30,37.25539032640154,26.34625,0.0
2017-10-09 22:00:00+05:30,36.313358137996396,25.4675,0.0
2017-10-09 23:00:00+05:30,35.32369774941631,24.612499999999997,0.0
2017-10-10 00:00:00+05:30,34.35114335777514,23.93875,0.0
2017-10-10 01:00:00+05:30,33.40610136442148,23.39125,0.0
2017-10-10 02:00:00+05:30,32.497556803106406,22.9,0.0
2017-10-10 03:00:00+05:30,31.632042387582093,22.520000000000003,0.0
2017-10-10 04:00:00+05:30,30.825190597707408,22.35,0.0
2017-10-10 05:00:00+05:30,30.081583050684237,22.238750000000003,0.0
2017-10-10 06:00:00+05:30,29.392453844061542,22.052500000000002,0.0
2017-10-10 07:00:00+05:30,29.011396257955383,22.5825,66.36487457508008
2017-10-10 08:00:00+05:30,29.03282938720282,23.8,139.16539880937393
2017-10-10 09:00:00+05:30,29.616284861491096,25.70375,237.91323584707584
2017-10-10 10:00:00+05:30,30.85161751335736,27.94625,361.80075996325536
2017-10-10 11:00:00+05:30,32.407221196727335,29.346249999999998,437.6327260594177
2017-10-10 12:00:00+05:30,33.99106019633027,30.073749999999997,425.90130147713285
2017-10-10 13:00:00+05:30,35.423052096443826,30.34125,379.14320985063364
2017-10-10 14:00:00+05:30,36.5872149203889,30.1725,309.63202743073117
2017-10-10 15:00:00+05:30,37.160416072931156,29.7975,186.26926164518653
2017-10-10 16:00:00+05:30,37.1837083702804,29.065,83.63621462084909
2017-10-10 17:00:00+05:30,36.78596292194902,27.92625,25.727241531747524
2017-10-10 18:00:00+05:30,36.10608945460037,26.50625,1.599707948340591
2017-10-10 19:00:00+05:30,35.32443551787152,25.52125,0.0
2017-10-10 20:00:00+05:30,34.549264765682075,24.9825,0.0
2017-10-10 21:00:00+05:30,33.810116099586764,24.51625,0.0
2017-10-10 22:00:00+05:30,33.0398367535351,24.0775,0.0
2017-10-10 23:00:00+05:30,32.25191297213652,23.7075,0.0
2017-10-11 00:00:00+05:30,31.495675612800564,23.43,0.0
2017-10-11 01:00:00+05:30,30.77131052095329,23.215,0.0
2017-10-11 02:00:00+05:30,30.07959552536984,23.027499999999996,0.0
2017-10-11 03:00:00+05:30,29.42380912642627,22.76625,0.0
2017-10-11 04:00:00+05:30,28.8102801409258,22.475,0.0
2017-10-11 05:00:00+05:30,28.233945307351725,22.21375,0.0
2017-10-11 06:00:00+05:30,27.688190690290153,22.0075,0.0
2017-10-11 07:00:00+05:30,27.447871126068314,22.296250000000004,83.70846436197286
2017-10-11 08:00:00+05:30,27.584883630108635,23.29125,167.65619804798078
2017-10-11 09:00:00+05:30,28.33350442369071,24.99125,294.2422212466048
2017-10-11 10:00:00+05:30,29.859064936900932,26.9675,448.63318453318254
2017-10-11 11:00:00+05:30,31.67868298052343,28.384999999999998,521.7194202953701
2017-10-11 12:00:00+05:30,33.546997776592136,29.14625,512.3398733333531
2017-10-11 13:00:00+05:30,35.35856159949722,29.472500000000004,492.3377857936431
2017-10-11 14:00:00+05:30,36.54607935031357,29.365000000000002,331.1459593028799
2017-10-11 15:00:00+05:30,37.142670141993435,28.835,219.3528908154701
2017-10-11 16:00:00+05:30,37.1429160196923,28.01125,106.4298454854246
2017-10-11 17:00:00+05:30,36.675530282599965,26.788750000000004,28.20330713700352
2017-10-11 18:00:00+05:30,35.918591906217145,24.9725,1.624348435935848
2017-10-11 19:00:00+05:30,35.06348121333593,23.756249999999998,0.0
2017-10-11 20:00:00+05:30,34.20503150381919,23.240000000000002,0.0
2017-10-11 21:00:00+05:30,33.392129536979176,22.889999999999997,0.0
2017-10-11 22:00:00+05:30,32.58918888629306,22.55125,0.0
2017-10-11 23:00:00+05:30,31.77148060644292,22.3325,0.0
2017-10-12 00:00:00+05:30,30.994354451319587,22.26125,0.0
2017-10-12 01:00:00+05:30,30.274902175643888,22.256250000000005,0.0
2017-10-12 02:00:00+05:30,29.609851523912454,22.26625,0.0
2017-10-12 03:00:00+05:30,28.99450118666558,22.22625,0.0
2017-10-12 04:00:00+05:30,28.424172456562673,22.10625,0.0
2017-10-12 05:00:00+05:30,27.89053714839297,21.925000000000004,0.0
2017-10-12 06:00:00+05:30,27.388922016477366,21.762500000000003,0.0
2017-10-12 07:00:00+05:30,27.068238136686826,22.185,37.87560227162292
2017-10-12 08:00:00+05:30,26.994298131291725,23.25125,71.60663482471998
2017-10-12 09:00:00+05:30,27.25941078292475,25.17625,112.51014046710337
2017-10-12 10:00:00+05:30,27.887524407196743,27.2375,161.71354759722402
2017-10-12 11:00:00+05:30,28.816433104985293,28.64375,201.5039679857078
2017-10-12 12:00:00+05:30,30.030797590267056,29.50375,273.53115060240555
2017-10-12 13:00:00+05:30,31.69784858155401,29.97625,384.43360767844194
2017-10-12 14:00:00+05:30,32.543127004433956,30.0625,156.52638224708903
2017-10-12 15:00:00+05:30,33.159348007909685,29.939999999999998,110.65755036953848
2017-10-12 16:00:00+05:30,33.40163142331165,29.43,55.28179892861039
2017-10-12 17:00:00+05:30,33.28270059628096,28.322499999999998,13.906004225530165
2017-10-12 18:00:00+05:30,32.88117730891359,26.63875,0.8454574975500334
2017-10-12 19:00:00+05:30,32.33851790768565,25.52375,0.0
2017-10-12 20:00:00+05:30,31.81921363498112,24.986250000000002,0.0
2017-10-12 21:00:00+05:30,31.31031571962747,24.52875,0.0
2017-10-12 22:00:00+05:30,30.787603356196023,24.128749999999997,0.0
2017-10-12 23:00:00+05:30,30.223902194484072,23.80875,0.0
2017-10-13 00:00:00+05:30,29.63174506843596,23.53125,0.0
2017-10-13 01:00:00+05:30,29.051882260800653,23.27375,0.0
2017-10-13 02:00:00+05:30,28.498172273522655,23.03,0.0
2017-10-13 03:00:00+05:30,27.980073184255986,22.80875,0.0
2017-10-13 04:00:00+05:30,27.49765334693158,22.63625,0.0
2017-10-13 05:00:00+05:30,27.050642321083775,22.517500000000002,0.0
2017-10-13 06:00:00+05:30,26.627634160093773,22.405,0.0
2017-10-13 07:00:00+05:30,26.45188994747781,22.835,59.107671794534795
2017-10-13 08:00:00+05:30,26.599399912847034,23.7825,122.67825746349108
2017-10-13 09:00:00+05:30,27.31595281003148,25.23625,228.36177316120714
2017-10-13 10:00:00+05:30,28.376107450627536,26.80125,286.5163374884507
2017-10-13 11:00:00+05:30,29.897946402230897,27.76,410.91979254300287
2017-10-13 12:00:00+05:30,31.569895790763905,28.112500000000004,443.23982136079377
2017-10-13 13:00:00+05:30,33.095988902877245,28.12375,403.9918563606595
2017-10-13 14:00:00+05:30,34.29430482445859,27.8025,322.7481715175285
2017-10-13 15:00:00+05:30,35.0000327415047,27.255000000000003,218.71921500096136
2017-10-13 16:00:00+05:30,35.19471884880817,26.792500000000004,109.74897404530803
2017-10-13 17:00:00+05:30,34.89981909762639,26.21875,25.21004841278069
2017-10-13 18:00:00+05:30,34.3561927791478,25.228749999999998,1.3804668920821073
2017-10-13 19:00:00+05:30,33.70434860207133,24.55875,0.0
2017-10-13 20:00:00+05:30,33.03919987615969,24.1325,0.0
2017-10-13 21:00:00+05:30,32.355667398358804,23.61,0.0
2017-10-13 22:00:00+05:30,31.697606647925166,23.09375,0.0
2017-10-13 23:00:00+05:30,31.059236093330036,22.747500000000002,0.0
2017-10-14 00:00:00+05:30,30.400235809104224,22.525,0.0
2017-10-14 01:00:00+05:30,29.7708028571976,22.318749999999998,0.0
2017-10-14 02:00:00+05:30,29.171482282472304,22.12125,0.0
2017-10-14 03:00:00+05:30,28.607546111582558,22.00625,0.0
2017-10-14 04:00:00+05:30,28.085242142828797,21.93625,0.0
2017-10-14 05:00:00+05:30,27.59906470087191,21.8475,0.0
2017-10-14 06:00:00+05:30,27.153534577893513,21.70375,0.0
2017-10-14 07:00:00+05:30,26.84728508248034,22.171249999999997,21.760813603839964
2017-10-14 08:00:00+05:30,26.743935218415146,23.29625,46.82791625532741
2017-10-14 09:00:00+05:30,26.913078469731964,24.830000000000005,84.2186952509843
2017-10-14 10:00:00+05:30,27.433974171118695,26.56,148.44838300552885
2017-10-14 11:00:00+05:30,28.42151012292145,27.745,236.40272785229484
2017-10-14 12:00:00+05:30,29.641088513455387,28.353749999999998,281.3200984778289
2017-10-14 13:00:00+05:30,30.825065488402878,28.723750000000003,276.4025588851173
2017-10-14 14:00:00+05:30,32.034304481343746,28.9025,290.1913738232473
2017-10-14 15:00:00+05:30,33.06329446448744,28.74625,254.07632892557234
2017-10-14 16:00:00+05:30,33.59808367066372,28.404999999999998,138.4898386277146
2017-10-14 17:00:00+05:30,33.59533514160398,27.845,37.472545645464976
2017-10-14 18:00:00+05:30,33.25914329774474,26.908749999999998,2.092400855471971
2017-10-14 19:00:00+05:30,32.811303247637746,26.51875,0.0
2017-10-14 20:00:00+05:30,32.335064903009474,26.47375,0.0
2017-10-14 21:00:00+05:30,31.828154748843197,26.033749999999998,0.0
2017-10-14 22:00:00+05:30,31.326050590676687,25.396250000000002,0.0
2017-10-14 23:00:00+05:30,30.802767610363396,24.810000000000002,0.0
2017-10-15 00:00:00+05:30,30.26902435060812,24.34375,0.0
2017-10-15 01:00:00+05:30,29.75159701792151,23.958750000000002,0.0
2017-10-15 02:00:00+05:30,29.231987014515518,23.582500000000003,0.0
2017-10-15 03:00:00+05:30,28.71966311140221,23.15875,0.0
2017-10-15 04:00:00+05:30,28.23057692594747,22.746250000000003,0.0
2017-10-15 05:00:00+05:30,27.765313628271628,22.424999999999997,0.0
2017-10-15 06:00:00+05:30,27.321714430159464,22.195,0.0
2017-10-15 07:00:00+05:30,27.20850165461614,22.83875,88.91882461569709
2017-10-15 08:00:00+05:30,27.453846567430347,24.25125,169.3095160963337
2017-10-15 09:00:00+05:30,28.32271907371143,26.2775,285.0681600184289
2017-10-15 10:00:00+05:30,29.98785900340581,28.008750000000003,458.3359758224526
2017-10-15 11:00:00+05:30,31.92797060792411,29.086250000000003,542.3283639132814
2017-10-15 12:00:00+05:30,34.017279202504916,29.72625,558.5725429423263
2017-10-15 13:00:00+05:30,35.98154231015373,30.009999999999998,530.2286373311331
2017-10-15 14:00:00+05:30,37.54819851486421,29.876250000000002,452.75772260179656
2017-10-15 15:00:00+05:30,38.57986099445713,29.547500000000003,341.4144380223852
2017-10-15 16:00:00+05:30,38.835736783683636,29.0825,181.5899852077199
2017-10-15 17:00:00+05:30,38.4402733256871,28.2675,48.332789910395036
2017-10-15 18:00:00+05:30,37.73696614517443,26.85625,2.655803032701726
2017-10-15 19:00:00+05:30,36.877130095310115,25.817500000000003,0.0
2017-10-15 20:00:00+05:30,36.00857567462015,25.238749999999996,0.0
2017-10-15 21:00:00+05:30,35.12683852455445,24.68375,0.0
2017-10-15 22:00:00+05:30,34.24174604506574,24.07625,0.0
2017-10-15 23:00:00+05:30,33.30564104135673,23.5025,0.0
2017-10-16 00:00:00+05:30,32.37443617411747,22.93125,0.0
2017-10-16 01:00:00+05:30,31.4595236923075,22.24125,0.0
2017-10-16 02:00:00+05:30,30.56419205000399,21.49125,0.0
2017-10-16 03:00:00+05:30,29.693078932623145,20.835,0.0
2017-10-16 04:00:00+05:30,28.84487601072806,20.166249999999998,0.0
2017-10-16 05:00:00+05:30,28.01038532288925,19.531249999999996,0.0
2017-10-16 06:00:00+05:30,27.197456561077747,19.0475,0.0
2017-10-16 07:00:00+05:30,26.837782924471227,19.8525,126.56140898512675
2017-10-16 08:00:00+05:30,26.98062211768361,21.93625,246.99273898928743
2017-10-16 09:00:00+05:30,27.900668937012348,23.98375,393.46824530602015
2017-10-16 10:00:00+05:30,29.710881585618587,26.65125,506.1229329897436
2017-10-16 11:00:00+05:30,31.733755083885875,28.721249999999998,567.57464613599
2017-10-16 12:00:00+05:30,33.77995127156865,29.474999999999998,553.9994241331766
2017-10-16 13:00:00+05:30,35.64493552621952,29.6975,505.9093750042802
2017-10-16 14:00:00+05:30,37.16619349324192,29.662499999999998,440.11465543483837
2017-10-16 15:00:00+05:30,38.06676830621144,29.40375,304.94141866676597
2017-10-16 16:00:00+05:30,38.23268476685063,29.105,158.44757629772846
2017-10-16 17:00:00+05:30,37.77000098717939,28.318749999999998,33.31096967778018
2017-10-16 18:00:00+05:30,37.09385501164408,27.166249999999998,1.7267808739763495
2017-10-16 19:00:00+05:30,36.332017355269976,26.576249999999998,0.0
2017-10-16 20:00:00+05:30,35.53360993063883,26.096249999999998,0.0
2017-10-16 21:00:00+05:30,34.72068213782207,25.36,0.0
2017-10-16 22:00:00+05:30,33.82733700240357,24.353749999999998,0.0
2017-10-16 23:00:00+05:30,32.89890548796281,23.43,0.0
2017-10-17 00:00:00+05:30,31.97862904344982,22.4925,0.0
2017-10-17 01:00:00+05:30,31.06827184117515,21.5475,0.0
2017-10-17 02:00:00+05:30,30.17754058549733,20.74125,0.0
2017-10-17 03:00:00+05:30,29.312351055323187,20.11625,0.0
2017-10-17 04:00:00+05:30,28.477077957133535,19.634999999999998,0.0
2017-10-17 05:00:00+05:30,27.674527501891248,19.251250000000002,0.0
2017-10-17 06:00:00+05:30,26.905539870486567,18.93875,0.0
2017-10-17 07:00:00+05:30,26.525388393973753,19.61125,100.6706526078031
2017-10-17 08:00:00+05:30,26.597753182721707,21.323750000000004,204.13664044805125
2017-10-17 09:00:00+05:30,27.32387434527132,23.144999999999996,326.35447574604393
2017-10-17 10:00:00+05:30,28.861887554991014,26.015,439.4032697117549
2017-10-17 11:00:00+05:30,30.732794294079067,28.49375,500.1702326977687
2017-10-17 12:00:00+05:30,32.58068118090999,29.555,486.60223856805294
2017-10-17 13:00:00+05:30,34.289622302504625,29.89875,429.1926449219279
2017-10-17 14:00:00+05:30,35.4447671630226,29.87,282.1309882171253
2017-10-17 15:00:00+05:30,36.180271994992225,29.591250000000002,204.7845400136017
2017-10-17 16:00:00+05:30,36.40559850502578,29.2975,110.54631156722395
2017-10-17 17:00:00+05:30,36.11396560122307,28.49375,25.449046362748142
2017-10-17 18:00:00+05:30,35.575650695736336,27.2325,1.4357573812696782
2017-10-17 19:00:00+05:30,34.9369122604498,26.68625,0.0
2017-10-17 20:00:00+05:30,34.25875780260471,26.2975,0.0
2017-10-17 21:00:00+05:30,33.555069493310086,25.5175,0.0
2017-10-17 22:00:00+05:30,32.85076328478148,24.755,0.0
2017-10-17 23:00:00+05:30,32.08566189693462,23.749999999999996,0.0
2017-10-18 00:00:00+05:30,31.29580864999903,22.63125,0.0
2017-10-18 01:00:00+05:30,30.516047462395733,21.8925,0.0
2017-10-18 02:00:00+05:30,29.75206461311343,21.439999999999998,0.0
2017-10-18 03:00:00+05:30,29.00590776161299,21.083750000000002,0.0
2017-10-18 04:00:00+05:30,28.284385738507964,20.7475,0.0
2017-10-18 05:00:00+05:30,27.585732035654992,20.345,0.0
2017-10-18 06:00:00+05:30,26.911155734896482,19.973750000000003,0.0
2017-10-18 07:00:00+05:30,26.63719992860772,20.493750000000002,106.20968143260765
2017-10-18 08:00:00+05:30,26.75529291927697,21.8175,205.82922932125683
2017-10-18 09:00:00+05:30,27.555910440974564,23.59875,334.5777546601195
2017-10-18 10:00:00+05:30,29.158480847530235,26.298750000000002,453.4651975164545
2017-10-18 11:00:00+05:30,31.055840102802467,28.46125,524.2401851161403
2017-10-18 12:00:00+05:30,33.109837091356894,29.493750000000002,549.1080538757287
2017-10-18 13:00:00+05:30,35.054960570803345,29.92875,520.0461194834201
2017-10-18 14:00:00+05:30,36.630169513763235,29.986250000000005,441.84421908080645
2017-10-18 15:00:00+05:30,37.670421259257076,29.81625,320.31012404710265
2017-10-18 16:00:00+05:30,37.945055461734,29.58625,165.13814356107972
2017-10-18 17:00:00+05:30,37.609396822467104,29.062499999999996,35.782006582521795
2017-10-18 18:00:00+05:30,37.034226032075836,28.2625,1.7070464321468792
2017-10-18 19:00:00+05:30,36.31914367867145,27.39,0.0
2017-10-18 20:00:00+05:30,35.53567194262448,26.31,0.0
2017-10-18 21:00:00+05:30,34.72778719663404,25.235,0.0
2017-10-18 22:00:00+05:30,33.88206156235052,24.191250000000004,0.0
2017-10-18 23:00:00+05:30,32.95712550005731,23.19625,0.0
2017-10-19 00:00:00+05:30,32.03282324185544,22.333750000000002,0.0
2017-10-19 01:00:00+05:30,31.121766954741034,21.617500000000003,0.0
2017-10-19 02:00:00+05:30,30.23278183830228,21.0325,0.0
2017-10-19 03:00:00+05:30,29.374136755957778,20.54875,0.0
2017-10-19 04:00:00+05:30,28.545931738209703,20.13,0.0
2017-10-19 05:00:00+05:30,27.75126902494325,19.7425,0.0
2017-10-19 06:00:00+05:30,26.991601470457,19.400000000000002,0.0
2017-10-19 07:00:00+05:30,26.647996400102443,20.03625,112.27723651945578
2017-10-19 08:00:00+05:30,26.781067074088416,21.783749999999998,231.90666138799799
2017-10-19 09:00:00+05:30,27.619697581138833,23.71,369.5329267223858
2017-10-19 10:00:00+05:30,29.323886199549282,26.4375,479.2469073381944
2017-10-19 11:00:00+05:30,31.32648888013536,28.91625,559.4564862921932
2017-10-19 12:00:00+05:30,33.52738349395657,30.182499999999997,594.184048243573
2017-10-19 13:00:00+05:30,35.6186376939676,30.746249999999996,567.769068892884
2017-10-19 14:00:00+05:30,37.3223608181663,30.887499999999996,488.2624900000068
2017-10-19 15:00:00+05:30,38.456223142555686,30.74875,362.4285512814135
2017-10-19 16:00:00+05:30,38.839396582779074,30.5075,201.80677319282256
2017-10-19 17:00:00+05:30,38.453268469455,29.509999999999998,45.955936854599905
2017-10-19 18:00:00+05:30,37.77579437068209,28.08875,2.4265955990013373
2017-10-19 19:00:00+05:30,36.979236109243885,27.2475,0.0
2017-10-19 20:00:00+05:30,36.20558580761167,26.89125,0.0
2017-10-19 21:00:00+05:30,35.39962930514692,26.04625,0.0
2017-10-19 22:00:00+05:30,34.524069882466556,25.06875,0.0
2017-10-19 23:00:00+05:30,33.55607990154536,23.90625,0.0
2017-10-20 00:00:00+05:30,32.57912904185262,22.5875,0.0
2017-10-20 01:00:00+05:30,31.611984046917193,21.49375,0.0
2017-10-20 02:00:00+05:30,30.665485843600116,20.705,0.0
2017-10-20 03:00:00+05:30,29.74319693808432,20.09375,0.0
2017-10-20 04:00:00+05:30,28.849259602974726,19.58,0.0
2017-10-20 05:00:00+05:30,27.987743664925702,19.11875,0.0
2017-10-20 06:00:00+05:30,27.16049681140289,18.693749999999998,0.0
2017-10-20 07:00:00+05:30,26.75638273738722,19.19625,117.69555551468562
2017-10-20 08:00:00+05:30,26.825705249249474,20.69,233.10687845095265
2017-10-20 09:00:00+05:30,27.567554744269188,22.612500000000004,353.79571868732535
2017-10-20 10:00:00+05:30,29.136428026330826,25.35125,456.4892696116236
2017-10-20 11:00:00+05:30,30.997053817039035,28.433749999999996,519.4308885522526
2017-10-20 12:00:00+05:30,33.21661440460532,30.35125,596.4100606119271
2017-10-20 13:00:00+05:30,35.38074524102136,31.338749999999997,571.6984541576245
2017-10-20 14:00:00+05:30,37.137074897809676,31.775,478.1218420443846
2017-10-20 15:00:00+05:30,38.31435846896334,31.718750000000004,340.31781984628196
2017-10-20 16:00:00+05:30,38.728354921545595,31.527499999999996,177.3410608548943
2017-10-20 17:00:00+05:30,38.43593453069066,30.40375,40.12009938949672
2017-10-20 18:00:00+05:30,37.81812332451311,28.66375,2.233788545120044
2017-10-20 19:00:00+05:30,37.01449666849288,27.106249999999996,0.0
2017-10-20 20:00:00+05:30,36.143869914058094,25.6075,0.0
2017-10-20 21:00:00+05:30,35.225414873078535,24.130000000000003,0.0
2017-10-20 22:00:00+05:30,34.237615444847926,22.927500000000002,0.0
2017-10-20 23:00:00+05:30,33.18450300984518,22.030000000000005,0.0
2017-10-21 00:00:00+05:30,32.14414324757997,21.317499999999995,0.0
2017-10-21 01:00:00+05:30,31.131703246939477,20.701249999999998,0.0
2017-10-21 02:00:00+05:30,30.154599510009398,20.136249999999997,0.0
2017-10-21 03:00:00+05:30,29.216039393409552,19.58625,0.0
2017-10-21 04:00:00+05:30,28.31702384331792,19.048750000000002,0.0
2017-10-21 05:00:00+05:30,27.453229522105516,18.56875,0.0
2017-10-21 06:00:00+05:30,26.630866916097858,18.15625,0.0
2017-10-21 07:00:00+05:30,26.254857980456514,18.76625,117.56029660975287
2017-10-21 08:00:00+05:30,26.310650522288853,20.326249999999998,219.26781359974916
2017-10-21 09:00:00+05:30,27.061456635774576,22.38375,335.8688320253856
2017-10-21 10:00:00+05:30,28.498406945183078,25.1825,417.08057195283436
2017-10-21 11:00:00+05:30,30.290121615314035,27.997500000000002,495.60243884490455
2017-10-21 12:00:00+05:30,32.38824439785971,29.548750000000002,563.6392187908303
2017-10-21 13:00:00+05:30,34.408078858260254,30.14625,534.3613635752197
2017-10-21 14:00:00+05:30,36.06471563433398,30.35625,455.17224626660504
2017-10-21 15:00:00+05:30,37.206318126900655,30.208750000000002,338.7248398347462
2017-10-21 16:00:00+05:30,37.58529105552801,29.931250000000002,175.4215159370975
2017-10-21 17:00:00+05:30,37.28115254079122,29.017500000000002,41.25618060391689
2017-10-21 18:00:00+05:30,36.67095691990151,27.486250000000002,2.1617396555634723
2017-10-21 19:00:00+05:30,35.920803591171705,26.3225,0.0
2017-10-21 20:00:00+05:30,35.14208796951394,25.55625,0.0
2017-10-21 21:00:00+05:30,34.33933096664222,24.70875,0.0
2017-10-21 22:00:00+05:30,33.46805825792899,23.697499999999998,0.0
2017-10-21 23:00:00+05:30,32.52508996520073,22.700000000000003,0.0
2017-10-22 00:00:00+05:30,31.592286776484748,21.839999999999996,0.0
2017-10-22 01:00:00+05:30,30.67841547298004,21.14,0.0
2017-10-22 02:00:00+05:30,29.791991379816277,20.568749999999998,0.0
2017-10-22 03:00:00+05:30,28.94690417910574,20.126250000000002,0.0
2017-10-22 04:00:00+05:30,28.144365340977686,19.805,0.0
2017-10-22 05:00:00+05:30,27.38453271934226,19.549999999999997,0.0
2017-10-22 06:00:00+05:30,26.662200270794905,19.29125,0.0
2017-10-22 07:00:00+05:30,26.320842790356238,19.72125,99.60034888247021
2017-10-22 08:00:00+05:30,26.37778255608852,21.19,195.0830450419108
2017-10-22 09:00:00+05:30,27.091984968169854,23.061249999999998,317.1500744707482
2017-10-22 10:00:00+05:30,28.514984509255967,25.863750000000003,414.9510677253013
2017-10-22 11:00:00+05:30,30.27546258195045,28.0325,487.6119765965656
2017-10-22 12:00:00+05:30,32.10285911092737,29.04875,498.4842539249113
2017-10-22 13:00:00+05:30,33.806650546070586,29.586249999999996,456.4389844205332
2017-10-22 14:00:00+05:30,35.07897817681132,29.7775,348.432373850389
2017-10-22 15:00:00+05:30,35.8761771845416,29.668750000000003,238.8194646665959
2017-10-22 16:00:00+05:30,36.0678003429931,29.314999999999998,120.57613666813438
2017-10-22 17:00:00+05:30,35.73659137885258,28.25,24.394101533692453
2017-10-22 18:00:00+05:30,35.15726244492774,26.8975,1.2181619549503073
2017-10-22 19:00:00+05:30,34.49538312366932,26.2725,0.0
2017-10-22 20:00:00+05:30,33.823443312664594,26.10875,0.0
2017-10-22 21:00:00+05:30,33.15291572563895,25.728749999999998,0.0
2017-10-22 22:00:00+05:30,32.40683717159861,24.83,0.0
2017-10-22 23:00:00+05:30,31.62947320193658,23.85375,0.0
2017-10-23 00:00:00+05:30,30.84703653034866,22.87,0.0
2017-10-23 01:00:00+05:30,30.06752145518071,21.923750000000002,0.0
2017-10-23 02:00:00+05:30,29.297800102305388,21.20875,0.0
2017-10-23 03:00:00+05:30,28.55339791774101,20.7425,0.0
2017-10-23 04:00:00+05:30,27.83744734925523,20.4125,0.0
2017-10-23 05:00:00+05:30,27.15035691326132,20.14375,0.0
2017-10-23 06:00:00+05:30,26.493530591466502,19.9125,0.0
2017-10-23 07:00:00+05:30,26.263578081987966,20.423750000000002,121.40434005220008
2017-10-23 08:00:00+05:30,26.438599340451226,21.792500000000004,231.82959562126052
2017-10-23 09:00:00+05:30,27.329332561691466,23.849999999999998,370.066235733345
2017-10-23 10:00:00+05:30,29.043374971332746,26.50125,480.8689766149122
2017-10-23 11:00:00+05:30,30.948148722015432,28.38875,544.8634242666269
2017-10-23 12:00:00+05:30,32.881524399884746,29.2675,527.2835961518433
2017-10-23 13:00:00+05:30,34.64549915448503,29.731250000000003,480.0313554051064
2017-10-23 14:00:00+05:30,36.01755018700206,29.926250000000003,395.5093997367558
2017-10-23 15:00:00+05:30,36.84098370034448,29.9225,272.9424623611592
2017-10-23 16:00:00+05:30,37.01217565360112,29.443749999999998,138.47731375559286
2017-10-23 17:00:00+05:30,36.572900157006465,28.08875,25.25408396669718
2017-10-23 18:00:00+05:30,35.88857528694096,26.13375,1.2347935157749168
2017-10-23 19:00:00+05:30,35.1095881617624,25.04375,0.0
2017-10-23 20:00:00+05:30,34.323900445415674,24.71,0.0
2017-10-23 21:00:00+05:30,33.54556544607536,24.4075,0.0
2017-10-23 22:00:00+05:30,32.71177643839585,23.886250000000004,0.0
2017-10-23 23:00:00+05:30,31.84707928023585,23.125,0.0
2017-10-24 00:00:00+05:30,30.992085989519055,22.272499999999997,0.0
2017-10-24 01:00:00+05:30,30.159756466422106,21.537499999999994,0.0
2017-10-24 02:00:00+05:30,29.359074352772303,21.015,0.0
2017-10-24 03:00:00+05:30,28.592459608667713,20.650000000000002,0.0
2017-10-24 04:00:00+05:30,27.860337313741972,20.355,0.0
2017-10-24 05:00:00+05:30,27.164528748775826,20.125,0.0
2017-10-24 06:00:00+05:30,26.513448184366855,20.0125,0.0
2017-10-24 07:00:00+05:30,26.267225840863198,20.415,119.98325580941871
2017-10-24 08:00:00+05:30,26.468486998001925,21.501250000000002,239.53360135536894
2017-10-24 09:00:00+05:30,27.44417082454782,23.675000000000004,381.5538568421941
2017-10-24 10:00:00+05:30,29.196417418877715,26.16125,483.00182442458976
2017-10-24 11:00:00+05:30,31.082212467129523,27.79375,531.7350267289453
2017-10-24 12:00:00+05:30,32.900354847899344,28.72125,478.71119907268593
2017-10-24 13:00:00+05:30,34.4867742118691,29.278750000000002,426.07284265631546
2017-10-24 14:00:00+05:30,35.85460078110464,29.458750000000002,390.82014360146036
2017-10-24 15:00:00+05:30,36.72527741323257,29.344999999999995,279.7717637565219
2017-10-24 16:00:00+05:30,36.968749141320906,29.00125,152.19959478992922
2017-10-24 17:00:00+05:30,36.64955976350457,28.19625,35.32913106176567
2017-10-24 18:00:00+05:30,36.069679743581574,26.7725,1.5394201646344434
2017-10-24 19:00:00+05:30,35.37507615576173,25.875,0.0
2017-10-24 20:00:00+05:30,34.649583014282385,25.51,0.0
2017-10-24 21:00:00+05:30,33.92575154187902,25.17125,0.0
2017-10-24 22:00:00+05:30,33.213758639551564,24.833750000000002,0.0
2017-10-24 23:00:00+05:30,32.46594547002397,24.52875,0.0
2017-10-25 00:00:00+05:30,31.736451592417097,24.2325,0.0
2017-10-25 01:00:00+05:30,31.04118962553042,23.882499999999997,0.0
2017-10-25 02:00:00+05:30,30.373092261024578,23.465,0.0
2017-10-25 03:00:00+05:30,29.730685557212308,22.975,0.0
2017-10-25 04:00:00+05:30,29.11042380863329,22.517500000000002,0.0
2017-10-25 05:00:00+05:30,28.51295263644647,22.147499999999997,0.0
2017-10-25 06:00:00+05:30,27.937446277773486,21.85125,0.0
2017-10-25 07:00:00+05:30,27.79106544761421,22.51875,136.7622341275296
2017-10-25 08:00:00+05:30,28.160072209964607,24.18625,283.11823652899386
2017-10-25 09:00:00+05:30,29.344023556302314,26.02875,419.3591974552771
2017-10-25 10:00:00+05:30,31.132768896512292,27.6375,512.0334854408289
2017-10-25 11:00:00+05:30,33.14313739201326,28.875,575.1278585903358
2017-10-25 12:00:00+05:30,35.20018186237708,29.736250000000002,557.2601408919915
2017-10-25 13:00:00+05:30,37.030450967562906,30.247500000000002,507.4178256464511
2017-10-25 14:00:00+05:30,38.540391892105845,30.40875,450.41363451869887
2017-10-25 15:00:00+05:30,39.5110877068966,30.245,332.7869729265506
2017-10-25 16:00:00+05:30,39.689067290183615,29.77125,169.47862650142912
2017-10-25 17:00:00+05:30,39.2255719808938,28.875,33.29286852459066
2017-10-25 18:00:00+05:30,38.525512504237646,27.370000000000005,1.49416233103323
2017-10-25 19:00:00+05:30,37.67559975513142,26.07875,0.0
2017-10-25 20:00:00+05:30,36.77766718489982,25.225,0.0
2017-10-25 21:00:00+05:30,35.87517304739438,24.64,0.0
2017-10-25 22:00:00+05:30,34.9801726312798,24.30375,0.0
2017-10-25 23:00:00+05:30,34.05136159185596,24.09125,0.0
2017-10-26 00:00:00+05:30,33.15937342236808,23.932499999999997,0.0
2017-10-26 01:00:00+05:30,32.31270120324332,23.6925,0.0
2017-10-26 02:00:00+05:30,31.51829017788772,23.555,0.0
2017-10-26 03:00:00+05:30,30.761288169349267,23.14,0.0
2017-10-26 04:00:00+05:30,30.04300251370757,22.65625,0.0
2017-10-26 05:00:00+05:30,29.3645311161911,22.266250000000003,0.0
2017-10-26 06:00:00+05:30,28.721278994879683,21.876250000000002,0.0
2017-10-26 07:00:00+05:30,28.54606074339297,22.03625,131.15172126752242
2017-10-26 08:00:00+05:30,28.720383272746275,23.1575,225.84936414846592
2017-10-26 09:00:00+05:30,29.62379871475363,25.5825,355.05025430621646
2017-10-26 10:00:00+05:30,31.305695563478896,27.575000000000003,488.31732398845384
2017-10-26 11:00:00+05:30,33.074907695200956,28.593750000000004,536.2179440058882
2017-10-26 12:00:00+05:30,34.94831002749035,29.215,528.5092423333144
2017-10-26 13:00:00+05:30,36.57163101784329,29.5725,466.9187412832871
2017-10-26 14:00:00+05:30,37.87598021127051,29.688750000000002,406.8966954577344
2017-10-26 15:00:00+05:30,38.67440817856272,29.4625,311.92530141634813
2017-10-26 16:00:00+05:30,38.77219130720807,28.8825,168.26916134385465
2017-10-26 17:00:00+05:30,38.23736767858806,27.68875,34.949351935773066
2017-10-26 18:00:00+05:30,37.47668159608311,26.0425,1.7731834327249707
2017-10-26 19:00:00+05:30,36.608271017457724,25.033750000000005,0.0
2017-10-26 20:00:00+05:30,35.73476854156841,24.53875,0.0
2017-10-26 21:00:00+05:30,34.865078406413566,24.132499999999997,0.0
2017-10-26 22:00:00+05:30,33.97674878380266,23.8275,0.0
2017-10-26 23:00:00+05:30,33.08549920335098,23.661250000000003,0.0
2017-10-27 00:00:00+05:30,32.23758860099312,23.55125,0.0
2017-10-27 01:00:00+05:30,31.43500877660223,23.30375,0.0
2017-10-27 02:00:00+05:30,30.672561936111162,22.861250000000002,0.0
2017-10-27 03:00:00+05:30,29.949889593207743,22.419999999999998,0.0
2017-10-27 04:00:00+05:30,29.268115824210298,22.1075,0.0
2017-10-27 05:00:00+05:30,28.623298777719903,21.872500000000002,0.0
2017-10-27 06:00:00+05:30,28.0208150160331,21.683750000000003,0.0
2017-10-27 07:00:00+05:30,27.811738716164246,21.845000000000002,124.72344518226899
2017-10-27 08:00:00+05:30,28.05069182623799,22.68,251.12760770706592
2017-10-27 09:00:00+05:30,28.937072408775542,24.181250000000002,372.7352636084779
2017-10-27 10:00:00+05:30,30.3271210866083,25.717499999999998,419.57518367400286
2017-10-27 11:00:00+05:30,31.680811031117116,26.962500000000002,390.2836117959486
2017-10-27 12:00:00+05:30,32.85880696375529,28.052500000000002,298.23778878674955
2017-10-27 13:00:00+05:30,33.806902407753434,28.900000000000002,224.14393347998086
2017-10-27 14:00:00+05:30,34.36345886331404,29.2575,145.80413034996215
2017-10-27 15:00:00+05:30,34.63227330283417,29.21,93.2626358028162
2017-10-27 16:00:00+05:30,34.60589712371939,28.7125,47.328100178327894
2017-10-27 17:00:00+05:30,34.324220134196736,27.7375,12.186083882275195
2017-10-27 18:00:00+05:30,33.87383318010849,26.310000000000002,0.6624893572505147
2017-10-27 19:00:00+05:30,33.3306646896325,25.341250000000002,0.0
2017-10-27 20:00:00+05:30,32.748104337350355,24.82625,0.0
2017-10-27 21:00:00+05:30,32.162476430048244,24.393749999999997,0.0
2017-10-27 22:00:00+05:30,31.57954731042118,24.014999999999997,0.0
2017-10-27 23:00:00+05:30,30.9552992943944,23.661250000000003,0.0
2017-10-28 00:00:00+05:30,30.331338039369243,23.31125,0.0
2017-10-28 01:00:00+05:30,29.727540133037955,22.98,0.0
2017-10-28 02:00:00+05:30,29.136525663175334,22.628749999999997,0.0
2017-10-28 03:00:00+05:30,28.559863112798347,22.27125,0.0
2017-10-28 04:00:00+05:30,28.000476587597106,21.9525,0.0
2017-10-28 05:00:00+05:30,27.460942009837133,21.6775,0.0
2017-10-28 06:00:00+05:30,26.94399308463306,21.455,0.0
2017-10-28 07:00:00+05:30,26.762861083947456,21.99875,96.62771713623079
2017-10-28 08:00:00+05:30,26.884565151746806,23.645,140.99248098388802
2017-10-28 09:00:00+05:30,27.17996328621454,25.64125,117.87909010827582
2017-10-28 10:00:00+05:30,27.810819100771113,27.1675,140.6487855986191
2017-10-28 11:00:00+05:30,28.868031777120404,28.240000000000002,241.03365476620553
2017-10-28 12:00:00+05:30,30.32045913224986,28.91875,368.2564750635245
2017-10-28 13:00:00+05:30,32.20938291311777,29.3725,495.20167273830566
2017-10-28 14:00:00+05:30,33.63028723939772,29.617500000000003,391.2421569295131
2017-10-28 15:00:00+05:30,34.79471452286005,29.595,334.3650903528762
2017-10-28 16:00:00+05:30,35.401253792132934,29.299999999999997,205.47738872861964
2017-10-28 17:00:00+05:30,35.285831084597845,28.6875,56.828552975503605
2017-10-28 18:00:00+05:30,34.8580695051956,27.71625,3.1836583903184184
2017-10-28 19:00:00+05:30,34.34027139320977,27.018750000000004,0.0
2017-10-28 20:00:00+05:30,33.77566649052878,26.450000000000003,0.0
2017-10-28 21:00:00+05:30,33.179839195194,25.822499999999998,0.0
2017-10-28 22:00:00+05:30,32.56355449723358,25.27125,0.0
2017-10-28 23:00:00+05:30,31.893187801265647,24.805,0.0
2017-10-29 00:00:00+05:30,31.2215870643073,24.315,0.0
2017-10-29 01:00:00+05:30,30.561361498222688,23.75125,0.0
2017-10-29 02:00:00+05:30,29.916975796222857,23.186250000000005,0.0
2017-10-29 03:00:00+05:30,29.295412080156677,22.786250000000003,0.0
2017-10-29 04:00:00+05:30,28.702986086156642,22.60125,0.0
2017-10-29 05:00:00+05:30,28.135955495511933,22.45375,0.0
2017-10-29 06:00:00+05:30,27.59329345026844,22.215,0.0
2017-10-29 07:00:00+05:30,27.4491854907102,22.347499999999997,139.52350442889093
2017-10-29 08:00:00+05:30,27.930922869773887,23.327499999999997,327.9597252976428
2017-10-29 09:00:00+05:30,29.24155512293268,25.405,484.64469451555897
2017-10-29 10:00:00+05:30,31.274057432526206,27.612500000000004,587.3522834980512
2017-10-29 11:00:00+05:30,33.140355571380304,29.057499999999997,584.291217072217
2017-10-29 12:00:00+05:30,35.175562339222225,29.97625,594.600115837276
2017-10-29 13:00:00+05:30,37.07409915148911,30.555,557.5615159133581
2017-10-29 14:00:00+05:30,38.632656280144296,30.788749999999997,491.5074303717858
2017-10-29 15:00:00+05:30,39.629876557397026,30.64875,365.6624572372598
2017-10-29 16:00:00+05:30,39.83252181389038,30.14,196.40858971066203
2017-10-29 17:00:00+05:30,39.328402815154234,29.206249999999997,38.248017207406974
2017-10-29 18:00:00+05:30,38.65030662061467,28.10875,1.9145997039133849
2017-10-29 19:00:00+05:30,37.91803397308471,27.53125,0.0
2017-10-29 20:00:00+05:30,37.15764209614323,27.367499999999996,0.0
2017-10-29 21:00:00+05:30,36.397556864780746,27.105,0.0
2017-10-29 22:00:00+05:30,35.61228267840992,26.52,0.0
2017-10-29 23:00:00+05:30,34.740011742765056,25.6375,0.0
2017-10-30 00:00:00+05:30,33.86630885272557,24.695,0.0
2017-10-30 01:00:00+05:30,32.99669809562168,23.737500000000004,0.0
2017-10-30 02:00:00+05:30,32.13154952276274,22.82625,0.0
2017-10-30 03:00:00+05:30,31.281332850333897,22.099999999999998,0.0
2017-10-30 04:00:00+05:30,30.451539913737307,21.55375,0.0
2017-10-30 05:00:00+05:30,29.644918821739775,21.107499999999998,0.0
2017-10-30 06:00:00+05:30,28.86284568841007,20.70625,0.0
2017-10-30 07:00:00+05:30,28.50334025347812,21.1225,132.08172822584993
2017-10-30 08:00:00+05:30,28.73359154609519,22.6725,301.0302710425907
2017-10-30 09:00:00+05:30,29.700533035157832,24.875,458.94450142901286
2017-10-30 10:00:00+05:30,31.55710810870984,27.61625,577.67540121672
2017-10-30 11:00:00+05:30,33.65341436822296,29.4175,654.8616141371147
2017-10-30 12:00:00+05:30,35.780208682780916,30.155,672.9416837382834
2017-10-30 13:00:00+05:30,37.755936993300644,30.5125,633.1006570364568
2017-10-30 14:00:00+05:30,39.3529403607315,30.603750000000005,554.2143466858291
2017-10-30 15:00:00+05:30,40.31288057626685,30.40625,408.3621035258046
2017-10-30 16:00:00+05:30,40.45218464050453,29.9025,223.40797448985887
2017-10-30 17:00:00+05:30,39.79053110131289,28.782500000000002,37.73567980538776
2017-10-30 18:00:00+05:30,38.94603900305115,27.425000000000004,1.4978090158982884
2017-10-30 19:00:00+05:30,38.05749297216665,26.4925,0.0
2017-10-30 20:00:00+05:30,37.15266407339351,25.61125,0.0
2017-10-30 21:00:00+05:30,36.20112114737165,24.465,0.0
2017-10-30 22:00:00+05:30,35.12361591740106,23.262499999999996,0.0
2017-10-30 23:00:00+05:30,34.038393687940804,22.369999999999997,0.0
2017-10-31 00:00:00+05:30,32.98775962060882,21.80625,0.0
2017-10-31 01:00:00+05:30,31.97828657114177,21.404999999999998,0.0
2017-10-31 02:00:00+05:30,31.01346161148254,21.051250000000003,0.0
2017-10-31 03:00:00+05:30,30.09455666256096,20.695,0.0
2017-10-31 04:00:00+05:30,29.222041518216827,20.32875,0.0
2017-10-31 05:00:00+05:30,28.394449965922497,19.98375,0.0
2017-10-31 06:00:00+05:30,27.607768274677817,19.6725,0.0
2017-10-31 07:00:00+05:30,27.247941791658395,20.07875,139.65251613451122
2017-10-31 08:00:00+05:30,27.535790721235003,21.67125,329.4548982841544
2017-10-31 09:00:00+05:30,28.580361547152513,23.771250000000002,488.54168627992794
2017-10-31 10:00:00+05:30,30.552348123739854,26.795,608.4944980478565
2017-10-31 11:00:00+05:30,32.76255660041656,29.555,680.413730146158
2017-10-31 12:00:00+05:30,34.99830741352981,30.8475,701.5778041338315
2017-10-31 13:00:00+05:30,37.11526594001535,31.366249999999997,668.9518980864287
2017-10-31 14:00:00+05:30,38.82091335783109,31.56375,582.1865466431357
2017-10-31 15:00:00+05:30,39.90136865083249,31.42125,434.68108045115247
2017-10-31 16:00:00+05:30,40.12801208735187,30.9075,240.83070284422473
2017-10-31 17:00:00+05:30,39.50560415076005,29.216250000000002,43.09084438894262
2017-10-31 18:00:00+05:30,38.63417403277496,27.043750000000003,2.0727478208341408
2017-10-31 19:00:00+05:30,37.66266894215313,25.560000000000002,0.0
2017-10-31 20:00:00+05:30,36.67909709057908,24.433750000000003,0.0
2017-10-31 21:00:00+05:30,35.69956948454783,23.466250000000002,0.0
2017-10-31 22:00:00+05:30,34.60356726218519,22.7775,0.0
2017-10-31 23:00:00+05:30,33.51379457187532,22.2975,0.0
2017-11-01 00:00:00+05:30,32.463407948153574,21.908749999999998,0.0
2017-11-01 01:00:00+05:30,31.47078402801364,21.5325,0.0
2017-11-01 02:00:00+05:30,30.533415785407325,21.152500000000003,0.0
2017-11-01 03:00:00+05:30,29.64412675779563,20.75375,0.0
2017-11-01 04:00:00+05:30,28.794938686487594,20.3375,0.0
2017-11-01 05:00:00+05:30,27.982919799867165,19.91125,0.0
2017-11-01 06:00:00+05:30,27.203011717313508,19.493750000000002,0.0
2017-11-01 07:00:00+05:30,26.791992568653832,19.765,106.52415706420672
2017-11-01 08:00:00+05:30,26.860215718732555,21.4325,227.09695998768905
2017-11-01 09:00:00+05:30,27.57460981217411,23.4425,366.88355447637616
2017-11-01 10:00:00+05:30,29.094050510568955,25.939999999999998,486.20888993831403
2017-11-01 11:00:00+05:30,31.032349091351666,28.93875,552.0109039756569
2017-11-01 12:00:00+05:30,32.74106198640874,30.9525,509.4843079117114
2017-11-01 13:00:00+05:30,34.32333746240623,31.788750000000004,454.41891722641157
2017-11-01 14:00:00+05:30,35.58639205222817,31.93,369.8976043647018
2017-11-01 15:00:00+05:30,36.30422862097516,31.574999999999996,240.514776945359
2017-11-01 16:00:00+05:30,36.401534423509446,30.74875,115.92834872016836
2017-11-01 17:00:00+05:30,35.92616097273808,28.27625,16.06472172204363
2017-11-01 18:00:00+05:30,35.203934560938826,25.57625,0.7532303718610142
2017-11-01 19:00:00+05:30,34.378240449849315,24.11625,0.0
2017-11-01 20:00:00+05:30,33.53084487561934,23.16625,0.0
2017-11-01 21:00:00+05:30,32.63472278882085,22.25375,0.0
2017-11-01 22:00:00+05:30,31.666224595304026,21.41375,0.0
2017-11-01 23:00:00+05:30,30.701462963834047,20.64125,0.0
2017-11-02 00:00:00+05:30,29.751546380335352,19.9225,0.0
2017-11-02 01:00:00+05:30,28.82876744918774,19.285,0.0
2017-11-02 02:00:00+05:30,27.939299607183187,18.735,0.0
2017-11-02 03:00:00+05:30,27.08532358332683,18.29,0.0
2017-11-02 04:00:00+05:30,26.272755283711696,18.00875,0.0
2017-11-02 05:00:00+05:30,25.505974464036555,17.923750000000002,0.0
2017-11-02 06:00:00+05:30,24.783778048012948,17.92,0.0
2017-11-02 07:00:00+05:30,24.434461668435368,18.15125,106.46785694811035
2017-11-02 08:00:00+05:30,24.52754766551208,19.67125,210.90717350991898
2017-11-02 09:00:00+05:30,25.25039469710586,21.600000000000005,341.0200933437338
2017-11-02 10:00:00+05:30,26.75521880017036,24.528750000000002,441.829721621239
2017-11-02 11:00:00+05:30,28.673162963356024,27.59,521.6652387036975
2017-11-02 12:00:00+05:30,30.684071770451606,29.147499999999997,568.309201741058
2017-11-02 13:00:00+05:30,32.5350465450907,29.738750000000003,525.6171713773937
2017-11-02 14:00:00+05:30,33.9661806621263,29.98125,416.4116429227744
2017-11-02 15:00:00+05:30,34.85193023763007,29.805000000000003,281.04323030174993
2017-11-02 16:00:00+05:30,35.04960053583203,29.388749999999998,130.17822319697595
2017-11-02 17:00:00+05:30,34.673077070903176,27.938750000000002,17.081806444665865
2017-11-02 18:00:00+05:30,34.091031295717954,26.288750000000004,0.7637043419778559
2017-11-02 19:00:00+05:30,33.396185903484586,25.191250000000004,0.0
2017-11-02 20:00:00+05:30,32.663640137010795,24.3125,0.0
2017-11-02 21:00:00+05:30,31.91914178236446,23.63375,0.0
2017-11-02 22:00:00+05:30,31.10870232738934,23.345,0.0
2017-11-02 23:00:00+05:30,30.316038164491893,23.0625,0.0
2017-11-03 00:00:00+05:30,29.514666409560476,22.188750000000002,0.0
2017-11-03 01:00:00+05:30,28.722644542582742,21.125,0.0
2017-11-03 02:00:00+05:30,27.945152908438835,20.125,0.0
2017-11-03 03:00:00+05:30,27.181670320528394,19.2875,0.0
2017-11-03 04:00:00+05:30,26.441845085995958,18.74125,0.0
2017-11-03 05:00:00+05:30,25.731103186492806,18.43625,0.0
2017-11-03 06:00:00+05:30,25.049205573677707,18.2875,0.0
2017-11-03 07:00:00+05:30,24.648085772671454,18.481250000000003,79.14272434900155
2017-11-03 08:00:00+05:30,24.690658494082697,19.932499999999997,177.0315612037538
2017-11-03 09:00:00+05:30,25.204335667380263,21.5575,266.46315913876725
2017-11-03 10:00:00+05:30,26.338386647770612,23.734999999999996,356.482235843838
2017-11-03 11:00:00+05:30,27.948666840603373,26.546249999999997,430.68991810315094
2017-11-03 12:00:00+05:30,29.874479698485366,28.405,538.4927755864268
2017-11-03 13:00:00+05:30,31.623412486844217,29.12,496.69193633509144
2017-11-03 14:00:00+05:30,32.93948259944365,29.27625,381.49605789008496
2017-11-03 15:00:00+05:30,33.77840198178367,29.0675,258.86601982368427
2017-11-03 16:00:00+05:30,33.9755827342596,28.415,121.85257976354481
2017-11-03 17:00:00+05:30,33.637756595015695,27.375,17.175520213800322
2017-11-03 18:00:00+05:30,33.12778566457513,26.28375,0.7006095376727826
2017-11-03 19:00:00+05:30,32.512650781157255,25.477500000000003,0.0
2017-11-03 20:00:00+05:30,31.87818142902493,24.886249999999997,0.0
2017-11-03 21:00:00+05:30,31.222375384628418,24.348750000000003,0.0
2017-11-03 22:00:00+05:30,30.469401146757907,23.79375,0.0
2017-11-03 23:00:00+05:30,29.723393685915457,23.16125,0.0
2017-11-04 00:00:00+05:30,28.974282541974656,22.14125,0.0
2017-11-04 01:00:00+05:30,28.224460066051115,21.0925,0.0
2017-11-04 02:00:00+05:30,27.472404561636893,20.015,0.0
2017-11-04 03:00:00+05:30,26.71425117043762,18.904999999999998,0.0
2017-11-04 04:00:00+05:30,25.958891201657206,17.96875,0.0
2017-11-04 05:00:00+05:30,25.22076842891431,17.2875,0.0
2017-11-04 06:00:00+05:30,24.505182513894432,16.813750000000002,0.0
2017-11-04 07:00:00+05:30,24.013860199933394,16.92875,62.03909056995376
2017-11-04 08:00:00+05:30,23.96879840800998,18.615000000000002,157.5171725140762
2017-11-04 09:00:00+05:30,24.36058800243273,20.5425,242.43908366514498
2017-11-04 10:00:00+05:30,25.444948703597788,22.99375,367.4382986038944
2017-11-04 11:00:00+05:30,27.10730751837974,25.931250000000002,437.01120814840476
2017-11-04 12:00:00+05:30,28.724780746657437,27.542499999999997,458.6369445812214
2017-11-04 13:00:00+05:30,30.240936735653186,28.075000000000003,417.4696548984333
2017-11-04 14:00:00+05:30,31.444190993017067,28.291249999999998,332.43388730676696
2017-11-04 15:00:00+05:30,32.16551045191022,28.215,211.56383515098435
2017-11-04 16:00:00+05:30,32.32415675782769,27.79,93.07276296732664
2017-11-04 17:00:00+05:30,32.0440969442374,26.6675,12.8000703701236
2017-11-04 18:00:00+05:30,31.603559118168448,25.551250000000003,0.6085930317359594
2017-11-04 19:00:00+05:30,31.06877588824077,24.841250000000002,0.0
2017-11-04 20:00:00+05:30,30.481302954357812,23.98875,0.0
2017-11-04 21:00:00+05:30,29.862904099214813,23.184999999999995,0.0
2017-11-04 22:00:00+05:30,29.180235886902317,22.654999999999998,0.0
2017-11-04 23:00:00+05:30,28.50032262598652,22.252499999999998,0.0
2017-11-05 00:00:00+05:30,27.83387092218531,21.835,0.0
2017-11-05 01:00:00+05:30,27.190599228470052,21.495,0.0
2017-11-05 02:00:00+05:30,26.578373699643116,21.296249999999997,0.0
2017-11-05 03:00:00+05:30,25.991966322569308,20.996250000000003,0.0
2017-11-05 04:00:00+05:30,25.420558291861127,20.4625,0.0
2017-11-05 05:00:00+05:30,24.854901056659223,19.62375,0.0
2017-11-05 06:00:00+05:30,24.294065730477584,18.853749999999998,0.0
2017-11-05 07:00:00+05:30,23.91198153779048,18.59125,55.169375056412534
2017-11-05 08:00:00+05:30,23.928765746918767,19.5675,142.17365553553458
2017-11-05 09:00:00+05:30,24.42263252726247,21.335,236.86512355172482
2017-11-05 10:00:00+05:30,25.57845103290478,23.689999999999998,353.96643061044057
2017-11-05 11:00:00+05:30,27.202671727890692,26.279999999999998,420.8578274284396
2017-11-05 12:00:00+05:30,28.766134150473654,27.95875,430.24357638430996
2017-11-05 13:00:00+05:30,30.29708735252184,28.7525,403.96419918160876
2017-11-05 14:00:00+05:30,31.591507450624214,29.063750000000002,342.046652890976
2017-11-05 15:00:00+05:30,32.41539345660881,28.932499999999997,227.05451375349094
2017-11-05 16:00:00+05:30,32.70033752006182,28.26375,114.01500302008388
2017-11-05 17:00:00+05:30,32.45959131999473,26.86125,16.493311860787003
2017-11-05 18:00:00+05:30,32.017447749780956,25.232499999999998,0.664057399889143
2017-11-05 19:00:00+05:30,31.44883895403868,24.18375,0.0
2017-11-05 20:00:00+05:30,30.859322443729077,23.541249999999998,0.0
2017-11-05 21:00:00+05:30,30.262222664902744,23.0075,0.0
2017-11-05 22:00:00+05:30,29.633205742432725,22.570000000000004,0.0
2017-11-05 23:00:00+05:30,28.977663228747506,22.169999999999998,0.0
2017-11-06 00:00:00+05:30,28.32990283921341,21.75125,0.0
2017-11-06 01:00:00+05:30,27.69918827043042,21.29625,0.0
2017-11-06 02:00:00+05:30,27.085300443531608,20.8075,0.0
2017-11-06 03:00:00+05:30,26.486043750752636,20.345,0.0
2017-11-06 04:00:00+05:30,25.900739994002087,19.91125,0.0
2017-11-06 05:00:00+05:30,25.3270500054979,19.4875,0.0
2017-11-06 06:00:00+05:30,24.767852100393576,19.142500000000002,0.0
2017-11-06 07:00:00+05:30,24.506756848868392,19.404999999999998,92.85099866232551
2017-11-06 08:00:00+05:30,24.722306650477154,20.82375,222.8284819011979
2017-11-06 09:00:00+05:30,25.65330108827165,22.93375,378.18712796779516
2017-11-06 10:00:00+05:30,27.45646205723616,25.68875,501.3886873606042
2017-11-06 11:00:00+05:30,29.344797496032022,27.865,544.1751656849929
2017-11-06 12:00:00+05:30,30.94646325732674,28.9675,450.5251470425311
2017-11-06 13:00:00+05:30,32.37850338372332,29.5225,376.23678939388174
2017-11-06 14:00:00+05:30,33.58777307614702,29.74875,322.8492819797984
2017-11-06 15:00:00+05:30,34.26427748304495,29.6025,201.94380983330527
2017-11-06 16:00:00+05:30,34.451380146708615,29.096249999999998,106.30065646046603
2017-11-06 17:00:00+05:30,34.139375309995934,28.11625,13.892421970165278
2017-11-06 18:00:00+05:30,33.68769425521081,26.995,0.6300478605829175
2017-11-06 19:00:00+05:30,33.137988723647965,26.165,0.0
2017-11-06 20:00:00+05:30,32.539955270186795,25.52875,0.0
2017-11-06 21:00:00+05:30,31.919833534867998,24.975,0.0
2017-11-06 22:00:00+05:30,31.230373792949237,24.505000000000003,0.0
2017-11-06 23:00:00+05:30,30.5300217237138,24.02125,0.0
2017-11-07 00:00:00+05:30,29.836923444574985,23.41125,0.0
2017-11-07 01:00:00+05:30,29.141211852575285,22.49125,0.0
2017-11-07 02:00:00+05:30,28.448212122685042,21.55875,0.0
2017-11-07 03:00:00+05:30,27.76126524638614,20.6775,0.0
2017-11-07 04:00:00+05:30,27.078831585418882,19.87125,0.0
2017-11-07 05:00:00+05:30,26.40768402904054,19.240000000000002,0.0
2017-11-07 06:00:00+05:30,25.75077825372176,18.767500000000002,0.0
2017-11-07 07:00:00+05:30,25.367897927152775,18.96,80.95760246290294
2017-11-07 08:00:00+05:30,25.453841368598216,20.40125,194.87373933918656
2017-11-07 09:00:00+05:30,26.04618155280072,22.565,299.67568328595746
2017-11-07 10:00:00+05:30,27.398243035247525,25.626250000000002,396.1889248511812
2017-11-07 11:00:00+05:30,28.96229851783061,27.7875,416.5579140680979
2017-11-07 12:00:00+05:30,30.145818902795963,28.552500000000002,322.9697673390229
2017-11-07 13:00:00+05:30,31.460003657890855,28.92875,330.1324106154811
2017-11-07 14:00:00+05:30,32.54466364968314,29.11625,275.0751517598294
2017-11-07 15:00:00+05:30,33.22752790212343,29.124999999999996,184.57866854418705
2017-11-07 16:00:00+05:30,33.43512195500226,28.82875,91.84081156049722
2017-11-07 17:00:00+05:30,33.1766895878168,27.87875,12.032821294014163
2017-11-07 18:00:00+05:30,32.76814590791777,26.49125,0.0
2017-11-07 19:00:00+05:30,32.24292840075792,25.458750000000002,0.0
2017-11-07 20:00:00+05:30,31.65370801977185,24.576249999999998,0.0
2017-11-07 21:00:00+05:30,31.03031978600771,23.701249999999998,0.0
2017-11-07 22:00:00+05:30,30.341801482769473,22.99,0.0
2017-11-07 23:00:00+05:30,29.641175347762584,22.4,0.0
2017-11-08 00:00:00+05:30,28.94704644940423,21.84,0.0
2017-11-08 01:00:00+05:30,28.264465928897668,21.248749999999998,0.0
2017-11-08 02:00:00+05:30,27.596694341432713,20.657500000000002,0.0
2017-11-08 03:00:00+05:30,26.947724009300217,20.13375,0.0
2017-11-08 04:00:00+05:30,26.31984114012267,19.68125,0.0
2017-11-08 05:00:00+05:30,25.71356285763475,19.2825,0.0
2017-11-08 06:00:00+05:30,25.127742836501874,18.9275,0.0
2017-11-08 07:00:00+05:30,24.775880993573434,19.087500000000002,65.5961673868202
2017-11-08 08:00:00+05:30,24.837764516420712,20.416249999999998,151.25753499726602
2017-11-08 09:00:00+05:30,25.356002742673283,22.3475,243.20847724515116
2017-11-08 10:00:00+05:30,26.473472082169387,25.3525,316.693550442637
2017-11-08 11:00:00+05:30,28.004846180134003,27.60375,394.433545606833
2017-11-08 12:00:00+05:30,29.42644446158742,28.59625,383.8280991991048
2017-11-08 13:00:00+05:30,30.86553414919827,29.12,363.24943499719836
2017-11-08 14:00:00+05:30,31.964736278770054,29.31375,275.25457897315994
2017-11-08 15:00:00+05:30,32.6288914346654,29.18375,172.37631067661476
2017-11-08 16:00:00+05:30,32.804322166066406,28.727500000000003,66.53871402430786
2017-11-08 17:00:00+05:30,32.62370311543302,27.7225,10.471483832775286
2017-11-08 18:00:00+05:30,32.27256928725375,26.8,0.0
2017-11-08 19:00:00+05:30,31.82342514129071,26.248749999999998,0.0
2017-11-08 20:00:00+05:30,31.326189752299317,25.78625,0.0
2017-11-08 21:00:00+05:30,30.80674889547396,25.27875,0.0
2017-11-08 22:00:00+05:30,30.241536736394792,24.729999999999997,0.0
2017-11-08 23:00:00+05:30,29.635493875761984,24.0575,0.0
2017-11-09 00:00:00+05:30,29.017652064045787,23.211250000000003,0.0
2017-11-09 01:00:00+05:30,28.405983748799304,22.57625,0.0
2017-11-09 02:00:00+05:30,27.8009507819137,21.987499999999997,0.0
2017-11-09 03:00:00+05:30,27.19662965894153,21.377499999999998,0.0
2017-11-09 04:00:00+05:30,26.611307293001104,20.841250000000002,0.0
2017-11-09 05:00:00+05:30,26.03186464980206,20.33125,0.0
2017-11-09 06:00:00+05:30,25.460384688619,19.802500000000002,0.0
2017-11-09 07:00:00+05:30,25.06416717198431,19.54375,52.00496082413726
2017-11-09 08:00:00+05:30,25.027796180483136,20.534999999999997,124.6934612381556
2017-11-09 09:00:00+05:30,25.448224951574193,22.474999999999998,216.80796520987366
2017-11-09 10:00:00+05:30,26.484753126096777,25.63875,300.00959692146955
2017-11-09 11:00:00+05:30,27.937998416451123,27.847499999999997,368.2110243478421
2017-11-09 12:00:00+05:30,29.608391209960843,28.695000000000004,450.86413922985435
2017-11-09 13:00:00+05:30,31.102582004863585,29.145,398.14487981109636
2017-11-09 14:00:00+05:30,32.32887035418055,29.323749999999997,319.6629125043109
2017-11-09 15:00:00+05:30,33.06733664219467,29.262500000000003,200.06396712932056
2017-11-09 16:00:00+05:30,33.284886126969795,28.791249999999998,83.0507281567219
2017-11-09 17:00:00+05:30,33.0646099410801,27.665000000000003,12.353612543437313
2017-11-09 18:00:00+05:30,32.653155737645854,26.32125,0.0
2017-11-09 19:00:00+05:30,32.103623558555626,25.2175,0.0
2017-11-09 20:00:00+05:30,31.499892694160998,24.33125,0.0
2017-11-09 21:00:00+05:30,30.873506630462174,23.41375,0.0
2017-11-09 22:00:00+05:30,30.180975581787486,22.5,0.0
2017-11-09 23:00:00+05:30,29.445808937532867,21.657500000000006,0.0
2017-11-10 00:00:00+05:30,28.706885146860476,20.937500000000004,0.0
2017-11-10 01:00:00+05:30,27.979478448012745,20.396250000000002,0.0
2017-11-10 02:00:00+05:30,27.271674758554973,19.98875,0.0
2017-11-10 03:00:00+05:30,26.587948498173205,19.64375,0.0
2017-11-10 04:00:00+05:30,25.929785157116576,19.301250000000003,0.0
2017-11-10 05:00:00+05:30,25.298133755041682,18.970000000000002,0.0
2017-11-10 06:00:00+05:30,24.69247500237257,18.66875,0.0
2017-11-10 07:00:00+05:30,24.313935647685643,18.935,61.60893196096836
2017-11-10 08:00:00+05:30,24.356584820644727,20.50375,154.09599742927844
2017-11-10 09:00:00+05:30,24.874888247408908,22.61,248.79829132712482
2017-11-10 10:00:00+05:30,26.042822242357268,25.508750000000003,340.1745203338829
2017-11-10 11:00:00+05:30,27.647337861466497,27.792500000000004,405.4224593818577
2017-11-10 12:00:00+05:30,29.160545813525314,28.85,412.87050350483776
2017-11-10 13:00:00+05:30,30.59618988866771,29.37,372.217301345725
2017-11-10 14:00:00+05:30,31.811867172534445,29.551250000000003,310.5119033976533
2017-11-10 15:00:00+05:30,32.53289678121486,29.3825,192.74414277655256
2017-11-10 16:00:00+05:30,32.75113609493854,28.91375,79.38724515483351
2017-11-10 17:00:00+05:30,32.5459215031827,27.8,11.31534278930745
2017-11-10 18:00:00+05:30,32.16214107215676,26.67875,0.0
2017-11-10 19:00:00+05:30,31.67549997444883,26.0675,0.0
2017-11-10 20:00:00+05:30,31.149344991596635,25.497500000000002,0.0
2017-11-10 21:00:00+05:30,30.603040751865997,24.881249999999998,0.0
2017-11-10 22:00:00+05:30,29.994427348610436,24.26,0.0
2017-11-10 23:00:00+05:30,29.35188918595135,23.40125,0.0
2017-11-11 00:00:00+05:30,28.700564266661786,22.580000000000002,0.0
2017-11-11 01:00:00+05:30,28.042956472527983,21.685,0.0
2017-11-11 02:00:00+05:30,27.376324711850692,20.728749999999998,0.0
2017-11-11 03:00:00+05:30,26.71357026278998,19.9925,0.0
2017-11-11 04:00:00+05:30,26.06825023221934,19.56625,0.0
2017-11-11 05:00:00+05:30,25.444672801402756,19.30625,0.0
2017-11-11 06:00:00+05:30,24.841251703567206,19.06375,0.0
2017-11-11 07:00:00+05:30,24.510284699832035,19.013749999999998,83.0638763180828
2017-11-11 08:00:00+05:30,24.608458589895257,20.215,192.61557853828464
2017-11-11 09:00:00+05:30,25.34100834229628,22.03875,339.5816118465591
2017-11-11 10:00:00+05:30,26.86598888553037,24.96,446.89842646511727
2017-11-11 11:00:00+05:30,28.697687589870164,27.2975,495.5755394149368
2017-11-11 12:00:00+05:30,30.052638847040704,28.35875,395.9156713480855
2017-11-11 13:00:00+05:30,31.331529357501672,28.908750000000005,338.063363436317
2017-11-11 14:00:00+05:30,32.28602837047748,29.119999999999997,256.34144567479
2017-11-11 15:00:00+05:30,32.85426183647293,28.9875,163.72588967634402
2017-11-11 16:00:00+05:30,32.900633639612934,28.508750000000003,64.21663920700041
2017-11-11 17:00:00+05:30,32.62925066360679,27.398750000000003,9.472034794114826
2017-11-11 18:00:00+05:30,32.213720818009676,26.463749999999997,0.0
2017-11-11 19:00:00+05:30,31.71979469490784,25.9075,0.0
2017-11-11 20:00:00+05:30,31.188476879369354,25.345000000000002,0.0
2017-11-11 21:00:00+05:30,30.587841146875338,24.569999999999997,0.0
2017-11-11 22:00:00+05:30,29.899181349957164,23.465,0.0
2017-11-11 23:00:00+05:30,29.189408603987204,22.2375,0.0
2017-11-12 00:00:00+05:30,28.464143945153943,21.036250000000003,0.0
2017-11-12 01:00:00+05:30,27.73125284040492,20.002499999999998,0.0
2017-11-12 02:00:00+05:30,27.003594611087756,19.25,0.0
2017-11-12 03:00:00+05:30,26.289595611037228,18.70375,0.0
2017-11-12 04:00:00+05:30,25.589494796167767,18.27,0.0
2017-11-12 05:00:00+05:30,24.90844945020843,17.90125,0.0
2017-11-12 06:00:00+05:30,24.25131540018244,17.57,0.0
2017-11-12 07:00:00+05:30,23.827289550689173,17.725,64.80248096550736
2017-11-12 08:00:00+05:30,23.835974785341275,19.42125,159.08333016841684
2017-11-12 09:00:00+05:30,24.36933893051448,21.627499999999998,268.56111116055837
2017-11-12 10:00:00+05:30,25.647888990389802,24.874999999999996,377.24149905542754
2017-11-12 11:00:00+05:30,27.336138446927194,27.40375,434.49455531503173
2017-11-12 12:00:00+05:30,28.87663798309037,28.51125,427.9679449211592
2017-11-12 13:00:00+05:30,30.344924926675006,29.08125,388.41974680815633
2017-11-12 14:00:00+05:30,31.534840711377658,29.3,314.5566435809996
2017-11-12 15:00:00+05:30,32.240629668902855,29.136249999999997,202.7026556593578
2017-11-12 16:00:00+05:30,32.41762235583899,28.5075,86.6777334945914
2017-11-12 17:00:00+05:30,32.11911786320321,26.80625,10.914645707761375
2017-11-12 18:00:00+05:30,31.618959469049834,25.05125,0.0
2017-11-12 19:00:00+05:30,31.017269542863012,23.96875,0.0
2017-11-12 20:00:00+05:30,30.372383185171973,23.043750000000003,0.0
2017-11-12 21:00:00+05:30,29.665344173242474,21.93,0.0
2017-11-12 22:00:00+05:30,28.869505162428645,20.767500000000002,0.0
2017-11-12 23:00:00+05:30,28.0610092154293,19.821250000000003,0.0
2017-11-13 00:00:00+05:30,27.256681185254045,19.0975,0.0
2017-11-13 01:00:00+05:30,26.48385898671343,18.50625,0.0
2017-11-13 02:00:00+05:30,25.74781582245645,18.00625,0.0
2017-11-13 03:00:00+05:30,25.040629549903198,17.5675,0.0
2017-11-13 04:00:00+05:30,24.363411776881343,17.19125,0.0
2017-11-13 05:00:00+05:30,23.713182329776988,16.85375,0.0
2017-11-13 06:00:00+05:30,23.084891213598645,16.53,0.0
2017-11-13 07:00:00+05:30,22.715799325938434,16.716250000000002,73.99953650045157
2017-11-13 08:00:00+05:30,22.750412831286383,18.5125,160.1674647795012
2017-11-13 09:00:00+05:30,23.24788060549036,20.7175,253.66025155608727
2017-11-13 10:00:00+05:30,24.42161767949127,23.64125,356.9723818032984
2017-11-13 11:00:00+05:30,26.12127342213818,26.637499999999996,439.39370515550297
2017-11-13 12:00:00+05:30,27.955934409233315,28.3125,508.53282742876104
2017-11-13 13:00:00+05:30,29.748641677030562,29.072499999999998,487.3364887354823
2017-11-13 14:00:00+05:30,31.09357163887463,29.377499999999998,375.6651843300059
2017-11-13 15:00:00+05:30,31.9820592214885,29.13,256.1059682672772
2017-11-13 16:00:00+05:30,32.2353303143089,28.349999999999998,115.96151128958627
2017-11-13 17:00:00+05:30,31.94483236139838,26.79,13.726261752310194
2017-11-13 18:00:00+05:30,31.47799592394267,25.22,0.0
2017-11-13 19:00:00+05:30,30.878139462909562,24.191249999999997,0.0
2017-11-13 20:00:00+05:30,30.245245603735036,23.38625,0.0
2017-11-13 21:00:00+05:30,29.56771717643809,22.4775,0.0
2017-11-13 22:00:00+05:30,28.784316968554293,21.385,0.0
2017-11-13 23:00:00+05:30,27.979888032536444,20.18125,0.0
2017-11-14 00:00:00+05:30,27.166373457337095,19.07,0.0
2017-11-14 01:00:00+05:30,26.356233234530603,18.18625,0.0
2017-11-14 02:00:00+05:30,25.568109570604356,17.515,0.0
2017-11-14 03:00:00+05:30,24.802376383749326,16.99,0.0
2017-11-14 04:00:00+05:30,24.065168984234774,16.597499999999997,0.0
2017-11-14 05:00:00+05:30,23.36232736008028,16.357499999999998,0.0
2017-11-14 06:00:00+05:30,22.693426727831373,16.240000000000002,0.0
2017-11-14 07:00:00+05:30,22.294351182696328,16.35375,78.61379276319111
2017-11-14 08:00:00+05:30,22.345406806295884,17.92125,182.84837954938996
2017-11-14 09:00:00+05:30,22.816789714507813,20.07875,257.1256528319443
2017-11-14 10:00:00+05:30,23.982009890908486,23.40875,350.67864657236805
2017-11-14 11:00:00+05:30,25.701799060058093,26.44375,431.0064464173543
2017-11-14 12:00:00+05:30,27.65399331779477,27.965,542.7066157190134
2017-11-14 13:00:00+05:30,29.4169636283939,28.7025,496.4373826478359
2017-11-14 14:00:00+05:30,30.80249958460084,28.995000000000005,395.42242752468223
2017-11-14 15:00:00+05:30,31.711170073925935,28.9275,272.95007354716876
2017-11-14 16:00:00+05:30,31.991508143375032,28.21,127.14747458982222
2017-11-14 17:00:00+05:30,31.642370807883644,25.82625,16.216844632302887
2017-11-14 18:00:00+05:30,31.055236157813617,23.311249999999998,0.0
2017-11-14 19:00:00+05:30,30.332701520711844,21.8575,0.0
2017-11-14 20:00:00+05:30,29.581258582211767,20.7975,0.0
2017-11-14 21:00:00+05:30,28.75645472763427,19.7875,0.0
2017-11-14 22:00:00+05:30,27.861648767745557,18.907500000000002,0.0
2017-11-14 23:00:00+05:30,26.964119362327125,18.1625,0.0
2017-11-15 00:00:00+05:30,26.080383945586725,17.525000000000002,0.0
2017-11-15 01:00:00+05:30,25.220890713651468,16.95,0.0
2017-11-15 02:00:00+05:30,24.390216027401333,16.42125,0.0
2017-11-15 03:00:00+05:30,23.59033989863162,15.94875,0.0
2017-11-15 04:00:00+05:30,22.82277974333581,15.536249999999999,0.0
2017-11-15 05:00:00+05:30,22.08653481891771,15.158749999999998,0.0
2017-11-15 06:00:00+05:30,21.378908491060308,14.8075,0.0
2017-11-15 07:00:00+05:30,20.967595578158754,15.02375,85.75901006954848
2017-11-15 08:00:00+05:30,21.017864979486085,17.11125,190.24271231660452
2017-11-15 09:00:00+05:30,21.530788297658262,19.615,270.7154565324204
2017-11-15 10:00:00+05:30,22.832796403857547,22.72125,389.454255940306
2017-11-15 11:00:00+05:30,24.71452341025044,25.87125,479.74005720472655
2017-11-15 12:00:00+05:30,26.7150904899191,27.727500000000003,559.1673248054485
2017-11-15 13:00:00+05:30,28.543706713895048,28.6125,519.4345059874693
2017-11-15 14:00:00+05:30,29.98988228811413,28.91625,412.9922885948906
2017-11-15 15:00:00+05:30,30.89791910481756,28.59375,278.1975025847398
2017-11-15 16:00:00+05:30,31.24935011323406,27.51125,148.7968866500972
2017-11-15 17:00:00+05:30,30.87823856386217,25.058749999999996,17.02959151258433
2017-11-15 18:00:00+05:30,30.323759831692414,22.94375,0.0
2017-11-15 19:00:00+05:30,29.642791223246643,21.76375,0.0
2017-11-15 20:00:00+05:30,28.925757694066014,20.7125,0.0
2017-11-15 21:00:00+05:30,28.13534527489537,19.6,0.0
2017-11-15 22:00:00+05:30,27.27017431296436,18.6175,0.0
2017-11-15 23:00:00+05:30,26.414080288546742,17.88,0.0
2017-11-16 00:00:00+05:30,25.576256944404534,17.34625,0.0
2017-11-16 01:00:00+05:30,24.765693342612412,16.919999999999998,0.0
2017-11-16 02:00:00+05:30,23.99129905211627,16.5325,0.0
2017-11-16 03:00:00+05:30,23.256017422419458,16.17125,0.0
2017-11-16 04:00:00+05:30,22.55382704102932,15.846249999999998,0.0
2017-11-16 05:00:00+05:30,21.88516199515967,15.567499999999999,0.0
2017-11-16 06:00:00+05:30,21.246241127226202,15.30125,0.0
2017-11-16 07:00:00+05:30,20.892480842375676,15.4875,84.0032650083794
2017-11-16 08:00:00+05:30,20.99492366454917,17.272499999999997,193.00940151147125
2017-11-16 09:00:00+05:30,21.589297888398654,19.68375,291.10642516709333
2017-11-16 10:00:00+05:30,23.002308453894052,22.956249999999997,400.1348112171048
2017-11-16 11:00:00+05:30,24.83316749560103,26.2125,467.62576191969737
2017-11-16 12:00:00+05:30,26.80394365174386,28.131249999999998,542.8169684831851
2017-11-16 13:00:00+05:30,28.60106981555257,29.0925,485.3467589391105
2017-11-16 14:00:00+05:30,30.00014694289136,29.48875,380.2752815042684
2017-11-16 15:00:00+05:30,30.916976560587365,29.27875,249.8475239015961
2017-11-16 16:00:00+05:30,31.217735649886812,28.32875,113.13006505740492
2017-11-16 17:00:00+05:30,30.938979778979245,25.922500000000003,12.976179208742526
2017-11-16 18:00:00+05:30,30.455820519879985,23.909999999999997,0.0
2017-11-16 19:00:00+05:30,29.8507159765428,23.0,0.0
2017-11-16 20:00:00+05:30,29.205214695578945,22.203750000000003,0.0
2017-11-16 21:00:00+05:30,28.49691089621939,21.03875,0.0
2017-11-16 22:00:00+05:30,27.684266498617646,19.74,0.0
2017-11-16 23:00:00+05:30,26.865421070880465,18.716250000000002,0.0
2017-11-17 00:00:00+05:30,26.055107916205152,18.02125,0.0
2017-11-17 01:00:00+05:30,25.26477916851835,17.53125,0.0
2017-11-17 02:00:00+05:30,24.498959089157815,17.11375,0.0
2017-11-17 03:00:00+05:30,23.757013263240495,16.67875,0.0
2017-11-17 04:00:00+05:30,23.038693400165272,16.21,0.0
2017-11-17 05:00:00+05:30,22.342279921930533,15.71125,0.0
2017-11-17 06:00:00+05:30,21.66620961283347,15.27,0.0
2017-11-17 07:00:00+05:30,21.215150088985986,15.376249999999999,72.06629449479854
2017-11-17 08:00:00+05:30,21.363304922429762,17.154999999999998,214.11836178515136
2017-11-17 09:00:00+05:30,22.014535903180093,19.59875,335.3918010181635
2017-11-17 10:00:00+05:30,23.48802236448929,22.8675,447.1162153957421
2017-11-17 11:00:00+05:30,25.436521837212556,26.10625,525.5667200384403
2017-11-17 12:00:00+05:30,27.32738784146246,27.99625,557.3419592408125
2017-11-17 13:00:00+05:30,29.065271191092446,28.8675,510.4706564748022
2017-11-17 14:00:00+05:30,30.453977914059564,29.181250000000002,416.817295374477
2017-11-17 15:00:00+05:30,31.35157424831911,28.94875,282.5224794010726
2017-11-17 16:00:00+05:30,31.578671577691086,27.880000000000003,128.63786658474197
2017-11-17 17:00:00+05:30,31.20053716792834,25.24625,14.437825218597027
2017-11-17 18:00:00+05:30,30.61865389601183,22.952499999999997,0.0
2017-11-17 19:00:00+05:30,29.934587389057647,21.8925,0.0
2017-11-17 20:00:00+05:30,29.224461383020227,21.142500000000002,0.0
2017-11-17 21:00:00+05:30,28.424031907750216,20.293750000000003,0.0
2017-11-17 22:00:00+05:30,27.575497768165114,19.384999999999998,0.0
2017-11-17 23:00:00+05:30,26.733728347471676,18.565,0.0
2017-11-18 00:00:00+05:30,25.909821045506465,17.905,0.0
2017-11-18 01:00:00+05:30,25.112004287420515,17.355,0.0
2017-11-18 02:00:00+05:30,24.343233566507706,16.86,0.0
2017-11-18 03:00:00+05:30,23.603279175873823,16.38625,0.0
2017-11-18 04:00:00+05:30,22.890657895542123,15.89125,0.0
2017-11-18 05:00:00+05:30,22.203559782586236,15.3875,0.0
2017-11-18 06:00:00+05:30,21.53978588213086,14.924999999999999,0.0
2017-11-18 07:00:00+05:30,21.084733258009777,14.95375,64.75000556767196
2017-11-18 08:00:00+05:30,21.18298317989875,16.395000000000003,190.41395937014477
2017-11-18 09:00:00+05:30,21.690371517362117,18.540000000000003,283.78452722018693
2017-11-18 10:00:00+05:30,22.886630320664494,21.5875,384.23780688217335
2017-11-18 11:00:00+05:30,24.635581623413607,24.823750000000004,453.1046238720696
2017-11-18 12:00:00+05:30,26.272266750005418,26.847499999999997,466.95484490468885
2017-11-18 13:00:00+05:30,27.840084554765646,27.8425,431.7770777301197
2017-11-18 14:00:00+05:30,29.112641679898235,28.2075,345.8993247114936
2017-11-18 15:00:00+05:30,29.853299241451055,27.847500000000004,211.43215598884694
2017-11-18 16:00:00+05:30,30.060628552266806,26.925,85.89988998732163
2017-11-18 17:00:00+05:30,29.824967066309544,25.395,10.564873480058548
2017-11-18 18:00:00+05:30,29.428547477053236,24.126249999999995,0.0
2017-11-18 19:00:00+05:30,28.926676466509097,23.2825,0.0
2017-11-18 20:00:00+05:30,28.38624912723817,22.621249999999996,0.0
2017-11-18 21:00:00+05:30,27.778555918198116,21.849999999999998,0.0
2017-11-18 22:00:00+05:30,27.08177895687274,20.6325,0.0
2017-11-18 23:00:00+05:30,26.357984981023414,19.29375,0.0
2017-11-19 00:00:00+05:30,25.626532413219586,18.21625,0.0
2017-11-19 01:00:00+05:30,24.90161173687048,17.459999999999997,0.0
2017-11-19 02:00:00+05:30,24.19061527764311,16.9075,0.0
2017-11-19 03:00:00+05:30,23.496119075558788,16.42625,0.0
2017-11-19 04:00:00+05:30,22.819685303078632,15.9625,0.0
2017-11-19 05:00:00+05:30,22.162356549512346,15.5025,0.0
2017-11-19 06:00:00+05:30,21.52360310291705,15.04875,0.0
2017-11-19 07:00:00+05:30,21.020937560930143,14.98,37.26462255089001
2017-11-19 08:00:00+05:30,20.905969534046918,16.158749999999998,109.48970308910162
2017-11-19 09:00:00+05:30,21.14171765758166,18.123749999999998,174.81725854848602
2017-11-19 10:00:00+05:30,21.956809233775143,21.0875,279.27769765364707
2017-11-19 11:00:00+05:30,23.335166958872318,24.04375,338.16381095359276
2017-11-19 12:00:00+05:30,24.609835196038443,25.392500000000002,337.3588739356495
2017-11-19 13:00:00+05:30,25.786665479932292,25.834999999999997,307.4847233436727
2017-11-19 14:00:00+05:30,26.7799901587144,25.976250000000004,245.4084279205003
2017-11-19 15:00:00+05:30,27.349115251967273,25.948749999999997,138.56299701547857
2017-11-19 16:00:00+05:30,27.51143626758042,25.255000000000003,55.13235248574039
2017-11-19 17:00:00+05:30,27.270429016912253,22.9125,7.722598140409409
2017-11-19 18:00:00+05:30,26.775995188763545,20.45,0.0
2017-11-19 19:00:00+05:30,26.18607557769895,19.145,0.0
2017-11-19 20:00:00+05:30,25.597530991271086,18.37375,0.0
2017-11-19 21:00:00+05:30,24.918910130307346,17.675,0.0
2017-11-19 22:00:00+05:30,24.18951621238695,16.982499999999998,0.0
2017-11-19 23:00:00+05:30,23.450345849714964,16.30125,0.0
2017-11-20 00:00:00+05:30,22.71449025012688,15.649999999999999,0.0
2017-11-20 01:00:00+05:30,21.990307130276317,15.04125,0.0
2017-11-20 02:00:00+05:30,21.282036620049528,14.48875,0.0
2017-11-20 03:00:00+05:30,20.59098552681155,13.98375,0.0
2017-11-20 04:00:00+05:30,19.917324414854992,13.500000000000002,0.0
2017-11-20 05:00:00+05:30,19.26009744997574,13.026250000000001,0.0
2017-11-20 06:00:00+05:30,18.619076273748888,12.5875,0.0
2017-11-20 07:00:00+05:30,18.145400637972603,12.479999999999999,52.72792530663763
2017-11-20 08:00:00+05:30,18.167199687516558,13.84125,152.49169506764423
2017-11-20 09:00:00+05:30,18.597740108613007,15.458750000000002,253.01474638371346
2017-11-20 10:00:00+05:30,19.6305942968749,17.71875,343.90722274605264
2017-11-20 11:00:00+05:30,21.16227251475771,20.64875,392.5356018842998
2017-11-20 12:00:00+05:30,22.555713551412122,22.5075,389.74226455761635
2017-11-20 13:00:00+05:30,23.881196451198747,23.25,357.9641182519158
2017-11-20 14:00:00+05:30,24.942060401451222,23.455,281.2178166629085
2017-11-20 15:00:00+05:30,25.583109812364867,23.33875,175.33985632578978
2017-11-20 16:00:00+05:30,25.68260804182941,22.5225,66.06241261218086
2017-11-20 17:00:00+05:30,25.41981040877446,20.755,8.95323395206618
2017-11-20 18:00:00+05:30,24.988194581266246,19.4475,0.0
2017-11-20 19:00:00+05:30,24.497773792400128,18.82125,0.0
2017-11-20 20:00:00+05:30,23.976961415577925,18.33,0.0
2017-11-20 21:00:00+05:30,23.389800891199965,17.924999999999997,0.0
2017-11-20 22:00:00+05:30,22.785423278889525,17.44625,0.0
2017-11-20 23:00:00+05:30,22.174662966581263,16.7775,0.0
2017-11-21 00:00:00+05:30,21.559295439945515,16.04375,0.0
2017-11-21 01:00:00+05:30,20.94590411303407,15.370000000000001,0.0
2017-11-21 02:00:00+05:30,20.32483807454094,14.717500000000001,0.0
2017-11-21 03:00:00+05:30,19.703241685996357,14.0075,0.0
2017-11-21 04:00:00+05:30,19.080770646081262,13.217500000000001,0.0
2017-11-21 05:00:00+05:30,18.457949756564286,12.44125,0.0
2017-11-21 06:00:00+05:30,17.83694209881306,11.759999999999998,0.0
2017-11-21 07:00:00+05:30,17.392624972433357,11.41375,63.034569557205444
2017-11-21 08:00:00+05:30,17.461812430567818,12.818749999999998,177.9477976521618
2017-11-21 09:00:00+05:30,18.020668113745202,14.85,300.4833445965229
2017-11-21 10:00:00+05:30,19.338744546539544,17.596249999999998,423.7546203862586
2017-11-21 11:00:00+05:30,21.12537245975574,20.629999999999995,472.901704591273
2017-11-21 12:00:00+05:30,22.582140707525966,22.403750000000002,433.6772936138086
2017-11-21 13:00:00+05:30,23.968575522869358,23.251250000000002,390.24709731348713
2017-11-21 14:00:00+05:30,25.039092246616292,23.685000000000002,295.73232453995456
2017-11-21 15:00:00+05:30,25.641410493723782,23.6025,177.7399894766098
2017-11-21 16:00:00+05:30,25.722549857161574,22.7275,62.41269008065341
2017-11-21 17:00:00+05:30,25.47014096123897,20.92,8.692295243690715
2017-11-21 18:00:00+05:30,25.043533443871624,19.45375,0.0
2017-11-21 19:00:00+05:30,24.53729302471855,18.603749999999998,0.0
2017-11-21 20:00:00+05:30,23.982062462680446,17.705,0.0
2017-11-21 21:00:00+05:30,23.29595954862652,16.5425,0.0
2017-11-21 22:00:00+05:30,22.559116906851365,15.33875,0.0
2017-11-21 23:00:00+05:30,21.810918504392074,14.38125,0.0
2017-11-22 00:00:00+05:30,21.06454304734395,13.707500000000001,0.0
2017-11-22 01:00:00+05:30,20.331453178054065,13.215,0.0
2017-11-22 02:00:00+05:30,19.618274191655402,12.8,0.0
2017-11-22 03:00:00+05:30,18.927277623223873,12.38125,0.0
2017-11-22 04:00:00+05:30,18.25906688547402,11.945,0.0
2017-11-22 05:00:00+05:30,17.61419336560609,11.542499999999999,0.0
2017-11-22 06:00:00+05:30,16.992965305522148,11.20625,0.0
2017-11-22 07:00:00+05:30,16.548491093422466,11.24625,53.36701169974829
2017-11-22 08:00:00+05:30,16.58423294685624,12.9525,156.4243981346825
2017-11-22 09:00:00+05:30,17.117132752033612,15.20125,277.62341118457925
2017-11-22 10:00:00+05:30,18.469139957202973,17.87,415.0491615826295
2017-11-22 11:00:00+05:30,20.29574891198265,20.77875,466.6814800208931
2017-11-22 12:00:00+05:30,21.715013154219427,22.75875,406.16230384705443
2017-11-22 13:00:00+05:30,23.103952585962485,23.759999999999998,366.4278850042467
2017-11-22 14:00:00+05:30,24.202280717155503,24.18625,281.6198054150521
2017-11-22 15:00:00+05:30,24.93466236537879,24.12375,181.83020457583262
2017-11-22 16:00:00+05:30,25.14125803914206,23.38,62.80692368146197
2017-11-22 17:00:00+05:30,24.997324763996513,21.8525,8.647955650160847
2017-11-22 18:00:00+05:30,24.676731153572437,20.53875,0.0
2017-11-22 19:00:00+05:30,24.27239272955409,20.0225,0.0
2017-11-22 20:00:00+05:30,23.838454321206143,19.6275,0.0
2017-11-22 21:00:00+05:30,23.29981776984096,18.665,0.0
2017-11-22 22:00:00+05:30,22.665223186660413,17.41875,0.0
2017-11-22 23:00:00+05:30,22.003325685566217,15.9875,0.0
2017-11-23 00:00:00+05:30,21.314357293892265,14.67875,0.0
2017-11-23 01:00:00+05:30,20.616892920747247,13.7775,0.0
2017-11-23 02:00:00+05:30,19.922205224711956,13.15625,0.0
2017-11-23 03:00:00+05:30,19.2381932696079,12.6875,0.0
2017-11-23 04:00:00+05:30,18.571573130413142,12.298749999999998,0.0
2017-11-23 05:00:00+05:30,17.925577459208682,11.9475,0.0
2017-11-23 06:00:00+05:30,17.302053833084546,11.6325,0.0
2017-11-23 07:00:00+05:30,16.867448558555708,11.695,59.18905875990442
2017-11-23 08:00:00+05:30,16.964610790722418,13.506250000000001,179.88339784851553
2017-11-23 09:00:00+05:30,17.600247595167723,15.83625,313.2767644801689
2017-11-23 10:00:00+05:30,19.063333243792727,18.63875,432.16614457992137
2017-11-23 11:00:00+05:30,20.94695068497778,21.775,482.07286577285424
2017-11-23 12:00:00+05:30,22.54129117428907,23.71125,453.617970048281
2017-11-23 13:00:00+05:30,24.099991623056237,24.58,422.19109743622886
2017-11-23 14:00:00+05:30,25.399761290073478,24.945,348.2655154859614
2017-11-23 15:00:00+05:30,26.184936463595626,24.7575,215.75443457690525
2017-11-23 16:00:00+05:30,26.43988260570011,23.75625,91.05484392863033
2017-11-23 17:00:00+05:30,26.214815065015156,21.812500000000004,10.731885887782036
2017-11-23 18:00:00+05:30,25.83163642012864,20.475,0.0
2017-11-23 19:00:00+05:30,25.364849494912903,20.00875,0.0
2017-11-23 20:00:00+05:30,24.868551157376487,19.681250000000002,0.0
2017-11-23 21:00:00+05:30,24.29420941639419,18.9875,0.0
2017-11-23 22:00:00+05:30,23.630989367661154,18.068749999999998,0.0
2017-11-23 23:00:00+05:30,22.950718824282028,16.951249999999998,0.0
2017-11-24 00:00:00+05:30,22.250121664843444,15.752500000000001,0.0
2017-11-24 01:00:00+05:30,21.557394060125457,14.785,0.0
2017-11-24 02:00:00+05:30,20.880299925014114,14.101250000000002,0.0
2017-11-24 03:00:00+05:30,20.214086758017082,13.57375,0.0
2017-11-24 04:00:00+05:30,19.56605614840143,13.115000000000002,0.0
2017-11-24 05:00:00+05:30,18.93287106105369,12.69375,0.0
2017-11-24 06:00:00+05:30,18.314983346309035,12.30875,0.0
2017-11-24 07:00:00+05:30,17.907352538865528,12.31375,71.47272627948504
2017-11-24 08:00:00+05:30,18.057493401195092,13.98125,200.33820444219901
2017-11-24 09:00:00+05:30,18.696888481415513,16.286250000000003,326.91346523129386
2017-11-24 10:00:00+05:30,20.140024140673262,19.39375,439.23389791177055
2017-11-24 11:00:00+05:30,22.03793849443577,22.76375,504.217486498658
2017-11-24 12:00:00+05:30,23.686586735840358,24.80375,477.56122513340205
2017-11-24 13:00:00+05:30,25.304862566755567,25.791249999999998,444.7903511881028
2017-11-24 14:00:00+05:30,26.648579477196638,26.24875,367.78705232559884
2017-11-24 15:00:00+05:30,27.474767845660907,26.150000000000002,236.0707266327044
2017-11-24 16:00:00+05:30,27.816354719366934,25.098749999999995,122.62320165231222
2017-11-24 17:00:00+05:30,27.538207145468437,22.60875,14.69469346611471
2017-11-24 18:00:00+05:30,27.04472998270307,20.35,0.0
2017-11-24 19:00:00+05:30,26.431046099237594,19.015,0.0
2017-11-24 20:00:00+05:30,25.763869677741802,18.00375,0.0
2017-11-24 21:00:00+05:30,25.018169249929482,17.13375,0.0
2017-11-24 22:00:00+05:30,24.21838424422585,16.39875,0.0
2017-11-24 23:00:00+05:30,23.418114150534628,15.727500000000003,0.0
2017-11-25 00:00:00+05:30,22.6302684523737,15.142499999999998,0.0
2017-11-25 01:00:00+05:30,21.866185473319998,14.671249999999999,0.0
2017-11-25 02:00:00+05:30,21.13116035085231,14.285,0.0
2017-11-25 03:00:00+05:30,20.425767356532464,13.95,0.0
2017-11-25 04:00:00+05:30,19.74970267658775,13.64875,0.0
2017-11-25 05:00:00+05:30,19.10149465959831,13.346249999999998,0.0
2017-11-25 06:00:00+05:30,18.476921010203476,13.0175,0.0
2017-11-25 07:00:00+05:30,18.045627088166665,13.015,68.24298945923205
2017-11-25 08:00:00+05:30,18.26136029862888,14.796249999999999,232.82746582901365
2017-11-25 09:00:00+05:30,19.0476981559633,17.08875,374.08408134264835
2017-11-25 10:00:00+05:30,20.66562620141478,19.86875,499.4462592816082
2017-11-25 11:00:00+05:30,22.842099305694113,23.048750000000002,595.8932304389692
2017-11-25 12:00:00+05:30,24.729602558646622,25.39875,574.459915747811
2017-11-25 13:00:00+05:30,26.57091576212581,26.750000000000004,540.9820607409242
2017-11-25 14:00:00+05:30,27.99045747302663,27.34625,423.15933149375223
2017-11-25 15:00:00+05:30,28.9420783832493,27.245,295.93592334801946
2017-11-25 16:00:00+05:30,29.249494463565995,26.116249999999997,139.6284265782668
2017-11-25 17:00:00+05:30,28.906001214345093,23.62,15.957391912977657
2017-11-25 18:00:00+05:30,28.37502203255312,21.255,0.0
2017-11-25 19:00:00+05:30,27.693114899185634,19.62625,0.0
2017-11-25 20:00:00+05:30,26.950262637495157,18.4525,0.0
2017-11-25 21:00:00+05:30,26.127958783869932,17.62625,0.0
2017-11-25 22:00:00+05:30,25.242543958207225,16.95375,0.0
2017-11-25 23:00:00+05:30,24.3707855808829,16.22875,0.0
2017-11-26 00:00:00+05:30,23.51240076618823,15.50875,0.0
2017-11-26 01:00:00+05:30,22.68189258571926,14.887500000000001,0.0
2017-11-26 02:00:00+05:30,21.879339130036453,14.307500000000001,0.0
2017-11-26 03:00:00+05:30,21.100643554372898,13.708750000000002,0.0
2017-11-26 04:00:00+05:30,20.343874744722804,13.098749999999999,0.0
2017-11-26 05:00:00+05:30,19.608581700170717,12.53875,0.0
2017-11-26 06:00:00+05:30,18.89324444023312,12.04,0.0
2017-11-26 07:00:00+05:30,18.370297158133255,11.959999999999997,65.66847705022944
2017-11-26 08:00:00+05:30,18.432833811978767,13.669999999999998,199.99931647899808
2017-11-26 09:00:00+05:30,18.941515779714063,16.122500000000002,313.7566398697195
2017-11-26 10:00:00+05:30,20.291560658711063,19.14375,446.9217893594996
2017-11-26 11:00:00+05:30,22.33873220556916,22.6175,539.0946351348211
2017-11-26 12:00:00+05:30,23.893728079916322,25.28,459.2911620111042
2017-11-26 13:00:00+05:30,25.415823739161098,26.596249999999998,421.4943130749051
2017-11-26 14:00:00+05:30,26.678640797124157,26.987499999999997,340.442296408438
2017-11-26 15:00:00+05:30,27.438360758319014,26.765,214.1464611480146
2017-11-26 16:00:00+05:30,27.701278500095395,25.6125,93.35617098423725
2017-11-26 17:00:00+05:30,27.44544871804972,23.07,10.715527025266443
2017-11-26 18:00:00+05:30,26.990495341448316,20.98125,0.0
2017-11-26 19:00:00+05:30,26.426687572419052,19.7925,0.0
2017-11-26 20:00:00+05:30,25.787143931443488,18.5725,0.0
2017-11-26 21:00:00+05:30,25.014415087504737,17.35125,0.0
2017-11-26 22:00:00+05:30,24.20810391703876,16.43875,0.0
2017-11-26 23:00:00+05:30,23.408141099062114,15.775000000000002,0.0
2017-11-27 00:00:00+05:30,22.621506507710723,15.231250000000001,0.0
2017-11-27 01:00:00+05:30,21.856269574561534,14.75875,0.0
2017-11-27 02:00:00+05:30,21.115173211982842,14.315,0.0
2017-11-27 03:00:00+05:30,20.39639052859448,13.85625,0.0
2017-11-27 04:00:00+05:30,19.694549618169994,13.3425,0.0
2017-11-27 05:00:00+05:30,19.01054842931517,12.771249999999998,0.0
2017-11-27 06:00:00+05:30,18.338079320556353,12.15625,0.0
2017-11-27 07:00:00+05:30,17.864734971781836,11.92625,76.21667871519236
2017-11-27 08:00:00+05:30,18.111556187666455,13.373750000000001,268.77993896896834
2017-11-27 09:00:00+05:30,18.870626409672887,15.540000000000001,402.877724103635
2017-11-27 10:00:00+05:30,20.56349369026066,18.6825,537.2438367742025
2017-11-27 11:00:00+05:30,22.718887866279495,22.25,604.4992148427857
2017-11-27 12:00:00+05:30,24.562311276957285,24.315,572.0858057940173
2017-11-27 13:00:00+05:30,26.244705253914738,25.1175,507.2287909248948
2017-11-27 14:00:00+05:30,27.571223259318323,25.3575,411.28927800248925
2017-11-27 15:00:00+05:30,28.489074520476244,25.154999999999998,300.2409860776984
2017-11-27 16:00:00+05:30,28.679586123317883,24.395,127.99613050480694
2017-11-27 17:00:00+05:30,28.324235988271024,22.945,14.647581802147979
2017-11-27 18:00:00+05:30,27.850173557150228,21.881249999999998,0.0
2017-11-27 19:00:00+05:30,27.30713948266383,21.21125,0.0
2017-11-27 20:00:00+05:30,26.706482766832593,20.31625,0.0
2017-11-27 21:00:00+05:30,25.980414658121017,19.08,0.0
2017-11-27 22:00:00+05:30,25.15831371448204,17.682499999999997,0.0
2017-11-27 23:00:00+05:30,24.301304090324656,16.150000000000002,0.0
2017-11-28 00:00:00+05:30,23.428788812971643,14.787500000000001,0.0
2017-11-28 01:00:00+05:30,22.55910595443301,13.84875,0.0
2017-11-28 02:00:00+05:30,21.70253840297316,13.185,0.0
2017-11-28 03:00:00+05:30,20.866124921746255,12.666250000000002,0.0
2017-11-28 04:00:00+05:30,20.053802129577978,12.239999999999998,0.0
2017-11-28 05:00:00+05:30,19.276050145473643,11.94,0.0
2017-11-28 06:00:00+05:30,18.54520532118051,11.9375,0.0
2017-11-28 07:00:00+05:30,18.035936400370943,12.1775,71.86445718284757
2017-11-28 08:00:00+05:30,18.203652811452162,13.57125,246.22435391475517
2017-11-28 09:00:00+05:30,18.874742831693887,15.59625,381.34031698316625
2017-11-28 10:00:00+05:30,20.471203322964477,18.3625,529.1139836125747
2017-11-28 11:00:00+05:30,22.619085280767525,21.963749999999997,592.4031655612829
2017-11-28 12:00:00+05:30,24.327285609034877,24.4875,518.2101422686876
2017-11-28 13:00:00+05:30,25.89166815618367,25.533749999999998,464.1799878278987
2017-11-28 14:00:00+05:30,27.203545544118096,25.85125,385.11168142092095
2017-11-28 15:00:00+05:30,28.09271756231097,25.7375,274.4821441533565
2017-11-28 16:00:00+05:30,28.275366321585455,25.00875,109.23320955569719
2017-11-28 17:00:00+05:30,27.989321271514655,23.617500000000003,11.35077928002559
2017-11-28 18:00:00+05:30,27.549789691873148,21.835,0.0
2017-11-28 19:00:00+05:30,26.998344804798567,20.49875,0.0
2017-11-28 20:00:00+05:30,26.39077347126319,19.57,0.0
2017-11-28 21:00:00+05:30,25.672005613854395,18.9025,0.0
2017-11-28 22:00:00+05:30,24.90028030262614,18.21875,0.0
2017-11-28 23:00:00+05:30,24.13598915167443,17.4675,0.0
2017-11-29 00:00:00+05:30,23.3626952579575,16.3025,0.0
2017-11-29 01:00:00+05:30,22.562639481622774,14.945,0.0
2017-11-29 02:00:00+05:30,21.755483167953166,13.85,0.0
2017-11-29 03:00:00+05:30,20.95199316126766,13.09,0.0
2017-11-29 04:00:00+05:30,20.161191797952338,12.49375,0.0
2017-11-29 05:00:00+05:30,19.3887802566915,12.004999999999999,0.0
2017-11-29 06:00:00+05:30,18.650606522211817,11.808749999999998,0.0
2017-11-29 07:00:00+05:30,18.12490012277476,12.177500000000002,67.18301869616488
2017-11-29 08:00:00+05:30,18.23248592757395,13.7225,220.31955009323337
2017-11-29 09:00:00+05:30,18.766319935237316,15.735,327.6238028632267
2017-11-29 10:00:00+05:30,20.072967077745115,18.7075,441.31708805614136
2017-11-29 11:00:00+05:30,22.04715059494844,22.38125,520.873454107219
2017-11-29 12:00:00+05:30,23.691733555945582,24.467499999999998,477.5405196902953
2017-11-29 13:00:00+05:30,25.22128797446169,25.19875,448.3209615935652
2017-11-29 14:00:00+05:30,26.498786186462304,25.427500000000002,371.37831943444775
2017-11-29 15:00:00+05:30,27.337085246570688,25.21875,257.9309158193222
2017-11-29 16:00:00+05:30,27.464677208226192,24.38625,92.54511590446731
2017-11-29 17:00:00+05:30,27.169913740929704,22.53875,10.391122841918705
2017-11-29 18:00:00+05:30,26.72540203084713,20.805,0.0
2017-11-29 19:00:00+05:30,26.17189449219068,19.605,0.0
2017-11-29 20:00:00+05:30,25.551600568066284,18.599999999999998,0.0
2017-11-29 21:00:00+05:30,24.79548198378272,17.54,0.0
2017-11-29 22:00:00+05:30,23.992987246325246,16.4325,0.0
2017-11-29 23:00:00+05:30,23.18723333083501,15.420000000000002,0.0
2017-11-30 00:00:00+05:30,22.388177443402483,14.51625,0.0
2017-11-30 01:00:00+05:30,21.582066213224024,13.608749999999999,0.0
2017-11-30 02:00:00+05:30,20.767936704010456,12.76625,0.0
2017-11-30 03:00:00+05:30,19.96265408975578,12.03875,0.0
2017-11-30 04:00:00+05:30,19.169725133910756,11.354999999999999,0.0
2017-11-30 05:00:00+05:30,18.396154764229852,10.71875,0.0
2017-11-30 06:00:00+05:30,17.64381961817903,10.158750000000001,0.0
2017-11-30 07:00:00+05:30,17.072322247942754,9.9725,61.80542947086223
2017-11-30 08:00:00+05:30,17.068202179873083,11.592500000000001,188.76020361450986
2017-11-30 09:00:00+05:30,17.401495498220047,13.77875,274.3577076527599
2017-11-30 10:00:00+05:30,18.46054152384421,16.535,389.9003198961092
2017-11-30 11:00:00+05:30,20.171209847770616,20.28125,461.92889936497807
2017-11-30 12:00:00+05:30,22.011464613543204,23.175,510.22502240683195
2017-11-30 13:00:00+05:30,23.595461681830752,24.48125,467.351888407813
2017-11-30 14:00:00+05:30,24.915620838443182,24.9075,383.852599962982
2017-11-30 15:00:00+05:30,25.758596713964792,24.45875,251.0140758288575
2017-11-30 16:00:00+05:30,25.9530605168247,23.00875,100.43801907791467
2017-11-30 17:00:00+05:30,25.69312105362356,21.27375,11.720611814070136
2017-11-30 18:00:00+05:30,25.29878227666405,19.82125,0.0
2017-11-30 19:00:00+05:30,24.776461408641175,18.667499999999997,0.0
2017-11-30 20:00:00+05:30,24.19725484216864,17.595000000000002,0.0
2017-11-30 21:00:00+05:30,23.510186607373605,16.508750000000003,0.0
2017-11-30 22:00:00+05:30,22.760447214082898,15.406250000000002,0.0
2017-11-30 23:00:00+05:30,21.996815554138088,14.38375,0.0
2017-12-01 00:00:00+05:30,21.22241169114719,13.52,0.0
2017-12-01 01:00:00+05:30,20.45204426161399,12.78875,0.0
2017-12-01 02:00:00+05:30,19.678785855534475,12.142499999999998,0.0
2017-12-01 03:00:00+05:30,18.9150950493118,11.56625,0.0
2017-12-01 04:00:00+05:30,18.168989592445847,11.028749999999999,0.0
2017-12-01 05:00:00+05:30,17.4451092335867,10.5175,0.0
2017-12-01 06:00:00+05:30,16.743355394334014,10.06125,0.0
2017-12-01 07:00:00+05:30,16.222393236401036,9.950000000000001,60.628166996575544
2017-12-01 08:00:00+05:30,16.241664421051656,11.611250000000002,181.06720358380738
2017-12-01 09:00:00+05:30,16.733264140530913,13.8775,303.54115197514227
2017-12-01 10:00:00+05:30,18.007988171878072,16.80625,419.04988014715525
2017-12-01 11:00:00+05:30,20.03560476045294,20.74375,524.1646596271837
2017-12-01 12:00:00+05:30,21.757935576066828,23.311249999999994,495.0318537076563
2017-12-01 13:00:00+05:30,23.328422560636145,24.299999999999997,453.84937464582663
2017-12-01 14:00:00+05:30,24.653586386682157,24.69,370.1657906575367
2017-12-01 15:00:00+05:30,25.54455889439126,24.542500000000004,254.9438421428209
2017-12-01 16:00:00+05:30,25.77450593947563,23.606249999999996,101.54349419458586
2017-12-01 17:00:00+05:30,25.563428218050205,21.88625,11.159921448538187
2017-12-01 18:00:00+05:30,25.207882320058054,20.283749999999998,0.0
2017-12-01 19:00:00+05:30,24.725837838705544,18.97,0.0
2017-12-01 20:00:00+05:30,24.17084873415635,17.627499999999998,0.0
2017-12-01 21:00:00+05:30,23.518218651387535,16.37875,0.0
2017-12-01 22:00:00+05:30,22.79291819654071,15.315,0.0
2017-12-01 23:00:00+05:30,22.058194391926193,14.39,0.0
2017-12-02 00:00:00+05:30,21.320373351419697,13.56625,0.0
2017-12-02 01:00:00+05:30,20.588696340677032,12.844999999999999,0.0
2017-12-02 02:00:00+05:30,19.836550750136233,12.196250000000001,0.0
2017-12-02 03:00:00+05:30,19.083609584087878,11.6225,0.0
2017-12-02 04:00:00+05:30,18.355463481364108,11.11375,0.0
2017-12-02 05:00:00+05:30,17.641602384234993,10.667499999999999,0.0
2017-12-02 06:00:00+05:30,16.943681493996436,10.26625,0.0
2017-12-02 07:00:00+05:30,16.432092474387296,10.195,66.63800067722032
2017-12-02 08:00:00+05:30,16.558916353568222,11.9775,227.2525118249486
2017-12-02 09:00:00+05:30,17.246568041940193,14.42625,381.53840679272696
2017-12-02 10:00:00+05:30,18.876604170305402,17.651249999999997,521.1340435536979
2017-12-02 11:00:00+05:30,21.036069727236953,21.49875,588.0261422350815
2017-12-02 12:00:00+05:30,22.867752142030305,23.79375,553.3163632180608
2017-12-02 13:00:00+05:30,24.624029921138035,24.7,523.936165415543
2017-12-02 14:00:00+05:30,26.061050239052683,25.065,427.2945769434669
2017-12-02 15:00:00+05:30,26.957587665902423,24.965,283.57787243601985
2017-12-02 16:00:00+05:30,27.20658370503862,24.303749999999997,116.09193807210445
2017-12-02 17:00:00+05:30,26.993585237748157,23.113749999999996,13.842123253734734
2017-12-02 18:00:00+05:30,26.659640932051584,21.99375,0.0
2017-12-02 19:00:00+05:30,26.224870842745368,21.2925,0.0
2017-12-02 20:00:00+05:30,25.74030377130012,20.79625,0.0
2017-12-02 21:00:00+05:30,25.22918571376923,20.32,0.0
2017-12-02 22:00:00+05:30,24.623778623119364,19.7025,0.0
2017-12-02 23:00:00+05:30,23.98672497798085,18.9525,0.0
2017-12-03 00:00:00+05:30,23.3402973710488,18.01,0.0
2017-12-03 01:00:00+05:30,22.661274539640104,16.7825,0.0
2017-12-03 02:00:00+05:30,21.998475303820182,15.767500000000002,0.0
2017-12-03 03:00:00+05:30,21.339941862213628,14.853750000000002,0.0
2017-12-03 04:00:00+05:30,20.682090712407533,13.89625,0.0
2017-12-03 05:00:00+05:30,20.017208127229715,13.02125,0.0
2017-12-03 06:00:00+05:30,19.345413170508504,12.278750000000002,0.0
2017-12-03 07:00:00+05:30,18.861702554108945,11.838750000000001,73.6866000899239
2017-12-03 08:00:00+05:30,18.953397777395345,13.423749999999998,216.4634913503093
2017-12-03 09:00:00+05:30,19.56065958108205,15.833750000000002,360.79019952430804
2017-12-03 10:00:00+05:30,21.00608225237672,18.563750000000002,498.37911344026827
2017-12-03 11:00:00+05:30,23.05102183079965,22.137500000000003,578.3635514751152
2017-12-03 12:00:00+05:30,24.90212259846973,25.325,568.3071549249473
2017-12-03 13:00:00+05:30,26.696434792347972,26.978750000000005,536.9013492736485
2017-12-03 14:00:00+05:30,28.129382678689034,27.525,430.9705133775919
2017-12-03 15:00:00+05:30,29.02269813249973,27.29875,284.56002704128696
2017-12-03 16:00:00+05:30,29.27716040010559,26.031250000000004,120.20039074524637
2017-12-03 17:00:00+05:30,29.01090614985391,23.908749999999998,15.124919473491431
2017-12-03 18:00:00+05:30,28.586505527550017,22.07,0.0
2017-12-03 19:00:00+05:30,28.030264719908494,20.725,0.0
2017-12-03 20:00:00+05:30,27.3594278254876,19.34125,0.0
2017-12-03 21:00:00+05:30,26.618704710319737,17.814999999999998,0.0
2017-12-03 22:00:00+05:30,25.765577363181016,16.4675,0.0
2017-12-03 23:00:00+05:30,24.871921525719813,15.4725,0.0
2017-12-04 00:00:00+05:30,23.9688494092753,14.71875,0.0
2017-12-04 01:00:00+05:30,23.070003633772423,14.11625,0.0
2017-12-04 02:00:00+05:30,22.189107680823234,13.622499999999999,0.0
2017-12-04 03:00:00+05:30,21.336532415451074,13.2125,0.0
2017-12-04 04:00:00+05:30,20.516943813451107,12.838749999999997,0.0
2017-12-04 05:00:00+05:30,19.733393831409014,12.475000000000001,0.0
2017-12-04 06:00:00+05:30,18.98377952516443,12.10875,0.0
2017-12-04 07:00:00+05:30,18.452795665505494,12.095,82.03256627788402
2017-12-04 08:00:00+05:30,18.819816599757736,14.11375,347.0107426054765
2017-12-04 09:00:00+05:30,19.89291718692592,16.93,528.5281954387675
2017-12-04 10:00:00+05:30,21.96474110194493,20.451249999999998,670.8427434270707
2017-12-04 11:00:00+05:30,24.50140477915864,24.6825,754.450919826752
2017-12-04 12:00:00+05:30,26.90666091901986,27.2725,768.5658199784018
2017-12-04 13:00:00+05:30,29.224187576162254,28.36875,750.4089522683041
2017-12-04 14:00:00+05:30,31.196258010446826,28.811249999999998,673.5772366084877
2017-12-04 15:00:00+05:30,32.53051045103798,28.57125,526.0722062868554
2017-12-04 16:00:00+05:30,32.97399973933698,27.155,298.9959137512489
2017-12-04 17:00:00+05:30,32.3107404169686,23.563750000000006,49.9862818725363
2017-12-04 18:00:00+05:30,31.40743147897296,20.3375,0.0
2017-12-04 19:00:00+05:30,30.427273860104545,18.8675,0.0
2017-12-04 20:00:00+05:30,29.434598386884872,18.03625,0.0
2017-12-04 21:00:00+05:30,28.350824624057676,17.29625,0.0
2017-12-04 22:00:00+05:30,27.217606266856656,16.611250000000002,0.0
2017-12-04 23:00:00+05:30,26.111507908681304,15.997499999999999,0.0
2017-12-05 00:00:00+05:30,25.06161113012884,15.473749999999999,0.0
2017-12-05 01:00:00+05:30,24.066338598699044,14.99,0.0
2017-12-05 02:00:00+05:30,23.12202408217189,14.4975,0.0
2017-12-05 03:00:00+05:30,22.22157783275627,13.96625,0.0
2017-12-05 04:00:00+05:30,21.359279908003046,13.397499999999999,0.0
2017-12-05 05:00:00+05:30,20.52996752067592,12.8175,0.0
2017-12-05 06:00:00+05:30,19.73134942490873,12.256250000000001,0.0
2017-12-05 07:00:00+05:30,19.151301370689445,12.14375,82.80283075274895
2017-12-05 08:00:00+05:30,19.448219093462335,13.91875,342.3563904123408
2017-12-05 09:00:00+05:30,20.45289198462187,16.74375,531.5162872255959
2017-12-05 10:00:00+05:30,22.461891466726318,20.47625,673.2480274481284
2017-12-05 11:00:00+05:30,24.96955197274583,24.307499999999997,753.4222817180839
2017-12-05 12:00:00+05:30,27.24440767184638,26.450000000000003,748.1962033280186
2017-12-05 13:00:00+05:30,29.361504270956328,27.24875,718.1120093750314
2017-12-05 14:00:00+05:30,31.117409959066173,27.44,633.2031404971266
2017-12-05 15:00:00+05:30,32.2369602009462,27.07125,476.3193110455502
2017-12-05 16:00:00+05:30,32.485990765949495,25.8625,255.4470545639238
2017-12-05 17:00:00+05:30,31.76522011212539,22.6575,33.131370960710896
2017-12-05 18:00:00+05:30,30.862869922986864,19.69625,0.0
2017-12-05 19:00:00+05:30,29.886882728327006,18.22875,0.0
2017-12-05 20:00:00+05:30,28.8989080118804,17.275,0.0
2017-12-05 21:00:00+05:30,27.80027928270869,16.42375,0.0
2017-12-05 22:00:00+05:30,26.66231835418612,15.682500000000001,0.0
2017-12-05 23:00:00+05:30,25.56257660303943,15.013749999999998,0.0
2017-12-06 00:00:00+05:30,24.50836948315884,14.42,0.0
2017-12-06 01:00:00+05:30,23.501805767479638,13.87875,0.0
2017-12-06 02:00:00+05:30,22.541929153530262,13.36125,0.0
2017-12-06 03:00:00+05:30,21.625097605170325,12.8575,0.0
2017-12-06 04:00:00+05:30,20.747206810349642,12.338750000000001,0.0
2017-12-06 05:00:00+05:30,19.90401232425398,11.8275,0.0
2017-12-06 06:00:00+05:30,19.093277032932782,11.358749999999999,0.0
2017-12-06 07:00:00+05:30,18.501750530337887,11.35875,79.79525969398232
2017-12-06 08:00:00+05:30,18.791839284350562,13.40375,339.77660138441394
2017-12-06 09:00:00+05:30,19.787247810739387,16.37625,524.3849118124779
2017-12-06 10:00:00+05:30,21.789730976474566,20.3225,665.1156144745382
2017-12-06 11:00:00+05:30,24.21535415759517,23.508750000000003,728.2000812924247
2017-12-06 12:00:00+05:30,26.38947124293541,25.090000000000003,722.0293820610228
2017-12-06 13:00:00+05:30,28.563825314974153,25.903750000000002,728.2800773431375
2017-12-06 14:00:00+05:30,30.30510973098083,26.227500000000003,625.9326478743199
2017-12-06 15:00:00+05:30,31.43650023700554,25.9925,475.42841536982456
2017-12-06 16:00:00+05:30,31.715331577767635,24.8325,262.201192693085
2017-12-06 17:00:00+05:30,30.98064757257051,21.55875,35.31354774439961
2017-12-06 18:00:00+05:30,30.04413958671539,18.525,0.0
2017-12-06 19:00:00+05:30,29.043337061297983,17.02,0.0
2017-12-06 20:00:00+05:30,28.035962337019505,16.06125,0.0
2017-12-06 21:00:00+05:30,26.9026168143147,15.2325,0.0
2017-12-06 22:00:00+05:30,25.739167075233127,14.49625,0.0
2017-12-06 23:00:00+05:30,24.62141729993936,13.8425,0.0
2017-12-07 00:00:00+05:30,23.553345865528772,13.303749999999999,0.0
2017-12-07 01:00:00+05:30,22.54124699976842,12.876249999999999,0.0
2017-12-07 02:00:00+05:30,21.585749827445127,12.5175,0.0
2017-12-07 03:00:00+05:30,20.683777090050775,12.19,0.0
2017-12-07 04:00:00+05:30,19.82898145675405,11.82,0.0
2017-12-07 05:00:00+05:30,19.012786003818192,11.3575,0.0
2017-12-07 06:00:00+05:30,18.23029774020481,10.8825,0.0
2017-12-07 07:00:00+05:30,17.58189727804733,10.747500000000002,51.29710291968951
2017-12-07 08:00:00+05:30,17.965794538732272,12.826250000000002,347.93226163083136
2017-12-07 09:00:00+05:30,18.974428287708495,15.684999999999999,525.3434905423867
2017-12-07 10:00:00+05:30,20.960057038782267,19.085,666.1657060721327
2017-12-07 11:00:00+05:30,23.41351832918272,22.42125,735.5132744464686
2017-12-07 12:00:00+05:30,25.592402171491358,24.306250000000002,710.3708261307602
2017-12-07 13:00:00+05:30,27.55964996858757,25.17875,667.2427770599314
2017-12-07 14:00:00+05:30,29.17230165304544,25.561249999999998,568.4246537539634
2017-12-07 15:00:00+05:30,30.18442764201263,25.371249999999996,413.9065128816586
2017-12-07 16:00:00+05:30,30.440209046529695,24.45375,214.59198351726874
2017-12-07 17:00:00+05:30,29.86313791448371,22.45625,24.74926145239317
2017-12-07 18:00:00+05:30,29.186763396466514,20.5925,0.0
2017-12-07 19:00:00+05:30,28.43188904126474,19.286250000000003,0.0
2017-12-07 20:00:00+05:30,27.61162683779938,18.04625,0.0
2017-12-07 21:00:00+05:30,26.68054012750821,16.97625,0.0
2017-12-07 22:00:00+05:30,25.704170656664324,16.16375,0.0
2017-12-07 23:00:00+05:30,24.734364897064825,15.47125,0.0
2017-12-08 00:00:00+05:30,23.80205018473207,14.857500000000002,0.0
2017-12-08 01:00:00+05:30,22.907327245679042,14.24,0.0
2017-12-08 02:00:00+05:30,22.04164195222789,13.66875,0.0
2017-12-08 03:00:00+05:30,21.20896858943477,13.088750000000001,0.0
2017-12-08 04:00:00+05:30,20.40924410202896,12.56,0.0
2017-12-08 05:00:00+05:30,19.638711902765206,11.98625,0.0
2017-12-08 06:00:00+05:30,18.906575379091898,11.656250000000002,0.0
2017-12-08 07:00:00+05:30,18.313173358961855,11.85625,43.709780389325104
2017-12-08 08:00:00+05:30,18.476572365738708,13.434999999999999,232.42443302833829
2017-12-08 09:00:00+05:30,19.01568630650824,15.23375,352.52279686806475
2017-12-08 10:00:00+05:30,20.276675190244248,17.550000000000004,460.07265811475946
2017-12-08 11:00:00+05:30,22.10670374456481,20.45625,527.8880727763935
2017-12-08 12:00:00+05:30,23.69918875405868,22.6075,499.35874986177026
2017-12-08 13:00:00+05:30,25.147329496350878,23.57375,455.0674102535951
2017-12-08 14:00:00+05:30,26.313206995707883,23.817500000000003,366.74024248163323
2017-12-08 15:00:00+05:30,26.938392985495366,23.7025,225.91009991326723
2017-12-08 16:00:00+05:30,27.146059683861505,23.119999999999997,116.9450327477399
2017-12-08 17:00:00+05:30,26.818967486420817,21.52625,13.74404248871258
2017-12-08 18:00:00+05:30,26.35607382593662,20.025000000000002,0.0
2017-12-08 19:00:00+05:30,25.827365618942338,19.14625,0.0
2017-12-08 20:00:00+05:30,25.25798820943609,18.548750000000002,0.0
2017-12-08 21:00:00+05:30,24.603217580812668,18.075000000000003,0.0
2017-12-08 22:00:00+05:30,23.90720491543997,17.6725,0.0
2017-12-08 23:00:00+05:30,23.23089653799923,17.255000000000003,0.0
2017-12-09 00:00:00+05:30,22.574026431626628,16.7525,0.0
2017-12-09 01:00:00+05:30,21.936786720196068,16.1625,0.0
2017-12-09 02:00:00+05:30,21.310882250619184,15.44875,0.0
2017-12-09 03:00:00+05:30,20.695891348828322,14.79125,0.0
2017-12-09 04:00:00+05:30,20.10964940225283,14.451250000000002,0.0
2017-12-09 05:00:00+05:30,19.546309263468423,14.192499999999999,0.0
2017-12-09 06:00:00+05:30,18.992148044997524,13.792499999999999,0.0
2017-12-09 07:00:00+05:30,18.508630062956016,13.47,31.835645518078113
2017-12-09 08:00:00+05:30,18.53733895251238,14.523750000000001,151.26398726291933
2017-12-09 09:00:00+05:30,18.949281644930146,16.497500000000002,259.7798448501073
2017-12-09 10:00:00+05:30,19.981054346886754,19.995,347.9655122658289
2017-12-09 11:00:00+05:30,21.620595139641424,22.9925,404.8296385530488
2017-12-09 12:00:00+05:30,22.583078538601384,24.56,271.56587297068955
2017-12-09 13:00:00+05:30,23.78754524754168,25.42875,295.1901548077058
2017-12-09 14:00:00+05:30,24.755649679313308,25.755,237.2241816484248
2017-12-09 15:00:00+05:30,25.36502527732639,25.45625,147.51948055529144
2017-12-09 16:00:00+05:30,25.505053074283296,24.231250000000003,53.25370480917876
2017-12-09 17:00:00+05:30,25.24976304887449,21.145,7.419491462269833
2017-12-09 18:00:00+05:30,24.75805267095946,18.37875,0.0
2017-12-09 19:00:00+05:30,24.169773581635376,17.11,0.0
2017-12-09 20:00:00+05:30,23.50171870694315,16.353749999999998,0.0
2017-12-09 21:00:00+05:30,22.7447181545287,15.611249999999998,0.0
2017-12-09 22:00:00+05:30,21.96384796941943,14.84875,0.0
2017-12-09 23:00:00+05:30,21.175880604096026,14.06625,0.0
2017-12-10 00:00:00+05:30,20.39009118926745,13.245,0.0
2017-12-10 01:00:00+05:30,19.60061660449617,12.38625,0.0
2017-12-10 02:00:00+05:30,18.82314836863465,11.55375,0.0
2017-12-10 03:00:00+05:30,18.04801892533065,10.7875,0.0
2017-12-10 04:00:00+05:30,17.309016817978247,10.0475,0.0
2017-12-10 05:00:00+05:30,16.627107115231922,9.351249999999999,0.0
2017-12-10 06:00:00+05:30,15.97840411347971,8.712499999999999,0.0
2017-12-10 07:00:00+05:30,15.431742433213556,8.39875,46.88898203145942
2017-12-10 08:00:00+05:30,15.603259185231867,9.7125,229.93420153791976
2017-12-10 09:00:00+05:30,16.16763076976619,12.011249999999999,372.96389564293196
2017-12-10 10:00:00+05:30,17.587675085125575,15.381250000000001,511.3916075292366
2017-12-10 11:00:00+05:30,19.763575681004422,19.45125,617.3854768004828
2017-12-10 12:00:00+05:30,21.602325555882373,21.8875,592.4027616877563
2017-12-10 13:00:00+05:30,23.39105004942232,22.963750000000005,578.3290969722218
2017-12-10 14:00:00+05:30,24.884108315307707,23.508750000000003,494.7375975475393
2017-12-10 15:00:00+05:30,25.78508570219074,23.39625,338.3326964626491
2017-12-10 16:00:00+05:30,26.057455134350693,22.231250000000003,177.80662155805223
2017-12-10 17:00:00+05:30,25.561432843823823,19.2075,19.82621846722128
2017-12-10 18:00:00+05:30,24.897805880572918,16.522499999999997,0.0
2017-12-10 19:00:00+05:30,24.137761702359974,15.06125,0.0
2017-12-10 20:00:00+05:30,23.31364988219305,13.9925,0.0
2017-12-10 21:00:00+05:30,22.353262358195888,13.084999999999997,0.0
2017-12-10 22:00:00+05:30,21.378532239152086,12.32,0.0
2017-12-10 23:00:00+05:30,20.41887825144857,11.61875,0.0
2017-12-11 00:00:00+05:30,19.480630542425544,10.941249999999998,0.0
2017-12-11 01:00:00+05:30,18.56739723963439,10.30875,0.0
2017-12-11 02:00:00+05:30,17.68357730356995,9.72375,0.0
2017-12-11 03:00:00+05:30,16.82855239713148,9.14125,0.0
2017-12-11 04:00:00+05:30,15.9997540173967,8.513749999999998,0.0
2017-12-11 05:00:00+05:30,15.192128302671215,7.838750000000001,0.0
2017-12-11 06:00:00+05:30,14.400653126979165,7.1425,0.0
2017-12-11 07:00:00+05:30,13.725578959641869,6.817500000000001,50.07240766536339
2017-12-11 08:00:00+05:30,13.980466126169778,8.08,315.7601912468807
2017-12-11 09:00:00+05:30,14.823794410298355,10.6725,503.1150461260943
2017-12-11 10:00:00+05:30,16.679834411113937,14.666250000000002,654.5134416634253
2017-12-11 11:00:00+05:30,19.16577367931429,18.785000000000004,740.0093524374372
2017-12-11 12:00:00+05:30,21.51757957825493,21.09125,751.8717971323077
2017-12-11 13:00:00+05:30,23.639631420165106,22.1325,723.3824056766694
2017-12-11 14:00:00+05:30,25.395080473019725,22.60875,622.1999143125352
2017-12-11 15:00:00+05:30,26.531718378419782,22.466250000000002,462.2906728233769
2017-12-11 16:00:00+05:30,26.84776277741151,21.345000000000002,239.48089505732125
2017-12-11 17:00:00+05:30,26.24442048851585,18.372500000000002,31.395526630752816
2017-12-11 18:00:00+05:30,25.489189820108813,15.677500000000002,0.0
2017-12-11 19:00:00+05:30,24.62974316701054,14.13875,0.0
2017-12-11 20:00:00+05:30,23.711344336750255,12.9825,0.0
2017-12-11 21:00:00+05:30,22.65799897763634,11.945,0.0
2017-12-11 22:00:00+05:30,21.549067614851474,11.044999999999998,0.0
2017-12-11 23:00:00+05:30,20.45900666492388,10.286249999999999,0.0
2017-12-12 00:00:00+05:30,19.404159391749307,9.601249999999999,0.0
2017-12-12 01:00:00+05:30,18.387177389526624,8.943749999999998,0.0
2017-12-12 02:00:00+05:30,17.40547809230057,8.26875,0.0
2017-12-12 03:00:00+05:30,16.46579458821813,7.57875,0.0
2017-12-12 04:00:00+05:30,15.573604793100415,6.901249999999999,0.0
2017-12-12 05:00:00+05:30,14.718542515703499,6.2875000000000005,0.0
2017-12-12 06:00:00+05:30,13.887200973386353,5.76375,0.0
2017-12-12 07:00:00+05:30,13.184716410731305,5.655,49.9731091877336
2017-12-12 08:00:00+05:30,13.428730534624117,7.65625,315.0982639042641
2017-12-12 09:00:00+05:30,14.289281987961768,10.573749999999999,511.9642281316932
2017-12-12 10:00:00+05:30,16.147545395974902,14.195,663.1525993708422
2017-12-12 11:00:00+05:30,18.61825112011084,18.07125,743.7027557192879
2017-12-12 12:00:00+05:30,20.93205302569327,20.576249999999998,744.1380111338
2017-12-12 13:00:00+05:30,23.003087103913217,21.915,710.1216308447317
2017-12-12 14:00:00+05:30,24.71399949804845,22.6075,607.4586668226029
2017-12-12 15:00:00+05:30,25.790164733933608,22.5675,441.8079303512875
2017-12-12 16:00:00+05:30,26.06085457600345,21.258750000000003,221.36789347865894
2017-12-12 17:00:00+05:30,25.44658316030629,17.681250000000002,27.785120710299385
2017-12-12 18:00:00+05:30,24.667767465240146,14.591250000000002,0.0
2017-12-12 19:00:00+05:30,23.81605468649409,13.076249999999998,0.0
2017-12-12 20:00:00+05:30,22.88410278110318,11.985,0.0
2017-12-12 21:00:00+05:30,21.815966839640613,10.9925,0.0
2017-12-12 22:00:00+05:30,20.716715072413898,10.190000000000001,0.0
2017-12-12 23:00:00+05:30,19.63726662883834,9.532499999999999,0.0
2017-12-13 00:00:00+05:30,18.591463325277125,8.937500000000002,0.0
2017-12-13 01:00:00+05:30,17.586592286665486,8.357500000000002,0.0
2017-12-13 02:00:00+05:30,16.61842950510761,7.765,0.0
2017-12-13 03:00:00+05:30,15.686675620568812,7.18375,0.0
2017-12-13 04:00:00+05:30,14.79351720391236,6.6450000000000005,0.0
2017-12-13 05:00:00+05:30,13.93735408776532,6.1625,0.0
2017-12-13 06:00:00+05:30,13.12364408405567,5.75875,0.0
2017-12-13 07:00:00+05:30,12.449990221629747,5.7075,50.52902462829909
2017-12-13 08:00:00+05:30,12.632603243914492,7.366249999999999,276.83013537919413
2017-12-13 09:00:00+05:30,13.377410312995442,10.1175,461.99884815989265
2017-12-13 10:00:00+05:30,15.090243116658254,13.865,604.9068428693178
2017-12-13 11:00:00+05:30,17.46526983127858,18.001250000000002,700.6199872734121
2017-12-13 12:00:00+05:30,19.83878372722996,21.145,724.9272261584464
2017-12-13 13:00:00+05:30,21.970438944543766,22.86375,699.2953647059044
2017-12-13 14:00:00+05:30,23.741006908904048,23.603749999999998,596.5543959052267
2017-12-13 15:00:00+05:30,24.926434475814183,23.54875,441.3369624405549
2017-12-13 16:00:00+05:30,25.292176858204673,21.97875,224.0202097655647
2017-12-13 17:00:00+05:30,24.749281688323727,18.00125,27.850731783230867
2017-12-13 18:00:00+05:30,24.016135845780013,14.58625,0.0
2017-12-13 19:00:00+05:30,23.167822327590873,13.0225,0.0
2017-12-13 20:00:00+05:30,22.25030428597385,12.071250000000003,0.0
2017-12-13 21:00:00+05:30,21.196630397680234,11.173750000000002,0.0
2017-12-13 22:00:00+05:30,20.122403435843957,10.4025,0.0
2017-12-13 23:00:00+05:30,19.09077693306004,9.74625,0.0
2017-12-14 00:00:00+05:30,18.099969693360975,9.1975,0.0
2017-12-14 01:00:00+05:30,17.153829535245908,8.77875,0.0
2017-12-14 02:00:00+05:30,16.255884955566998,8.39625,0.0
2017-12-14 03:00:00+05:30,15.398315964331097,7.8999999999999995,0.0
2017-12-14 04:00:00+05:30,14.582535968636284,7.29625,0.0
2017-12-14 05:00:00+05:30,13.800053299841194,6.6850000000000005,0.0
2017-12-14 06:00:00+05:30,13.04213775467183,6.109999999999999,0.0
2017-12-14 07:00:00+05:30,12.407143287013007,5.8875,51.20319138727756
2017-12-14 08:00:00+05:30,12.732556154581257,7.54875,330.6712172145974
2017-12-14 09:00:00+05:30,13.71444724892957,10.3125,531.5143765782752
2017-12-14 10:00:00+05:30,15.704470916813612,13.9325,682.8462160312439
2017-12-14 11:00:00+05:30,18.232698262117594,17.58875,766.2273025159441
2017-12-14 12:00:00+05:30,20.56917413460015,20.62875,750.6836187104307
2017-12-14 13:00:00+05:30,22.745392779413397,22.34625,723.2830552109274
2017-12-14 14:00:00+05:30,24.564421366284996,22.89625,625.569577146055
2017-12-14 15:00:00+05:30,25.739707796190384,22.69625,459.81734399014783
2017-12-14 16:00:00+05:30,26.07083836953008,21.11375,230.74686568422254
2017-12-14 17:00:00+05:30,25.535651281631516,18.2075,31.007771219275643
2017-12-14 18:00:00+05:30,24.857097034919995,15.919999999999998,0.0
2017-12-14 19:00:00+05:30,24.072930542303457,14.62125,0.0
2017-12-14 20:00:00+05:30,23.226535694406632,13.63875,0.0
2017-12-14 21:00:00+05:30,22.265397297927937,12.70875,0.0
2017-12-14 22:00:00+05:30,21.255194373866196,11.709999999999999,0.0
2017-12-14 23:00:00+05:30,20.236389334989056,10.53875,0.0
2017-12-15 00:00:00+05:30,19.225982098010864,9.3825,0.0
2017-12-15 01:00:00+05:30,18.231260859216338,8.495000000000001,0.0
2017-12-15 02:00:00+05:30,17.27109362967019,7.8412500000000005,0.0
2017-12-15 03:00:00+05:30,16.339801129522773,7.27625,0.0
2017-12-15 04:00:00+05:30,15.444914171203617,6.7575,0.0
2017-12-15 05:00:00+05:30,14.59945611951014,6.288750000000001,0.0
2017-12-15 06:00:00+05:30,13.79376868524366,5.8637500000000005,0.0
2017-12-15 07:00:00+05:30,13.121675423557948,5.76,48.88992559616721
2017-12-15 08:00:00+05:30,13.311675180601906,7.733750000000001,270.7746650458384
2017-12-15 09:00:00+05:30,14.064313414253816,10.5125,457.46065864130196
2017-12-15 10:00:00+05:30,15.771322246149396,13.7675,599.7777010832111
2017-12-15 11:00:00+05:30,18.062542159301344,17.096249999999998,679.6682612501986
2017-12-15 12:00:00+05:30,20.086601731631312,20.020000000000003,634.9229191745211
2017-12-15 13:00:00+05:30,21.956880403642806,21.75125,602.5881216820973
2017-12-15 14:00:00+05:30,23.497269752219186,22.416249999999998,504.5231444955907
2017-12-15 15:00:00+05:30,24.388215824800973,22.18875,327.6398370403291
2017-12-15 16:00:00+05:30,24.609287146255106,20.65375,144.30585872606184
2017-12-15 17:00:00+05:30,24.24063715383209,18.08875,18.8087466514577
2017-12-15 18:00:00+05:30,23.74262340260771,16.195,0.0
2017-12-15 19:00:00+05:30,23.142657098567316,15.19375,0.0
2017-12-15 20:00:00+05:30,22.477327582691117,14.49,0.0
2017-12-15 21:00:00+05:30,21.777666395254514,14.0625,0.0
2017-12-15 22:00:00+05:30,21.011345210584963,13.73125,0.0
2017-12-15 23:00:00+05:30,20.22357699947939,13.0875,0.0
2017-12-16 00:00:00+05:30,19.46668366487433,11.955,0.0
2017-12-16 01:00:00+05:30,18.709964609059895,10.59125,0.0
2017-12-16 02:00:00+05:30,17.902647248836814,9.332500000000001,0.0
2017-12-16 03:00:00+05:30,17.087049753251556,8.358749999999999,0.0
2017-12-16 04:00:00+05:30,16.29274955428659,7.639999999999999,0.0
2017-12-16 05:00:00+05:30,15.510846406902964,7.0687500000000005,0.0
2017-12-16 06:00:00+05:30,14.745294742273943,6.56375,0.0
2017-12-16 07:00:00+05:30,14.079578457664697,6.311249999999999,42.66414326826178
2017-12-16 08:00:00+05:30,14.179827313031772,7.87625,228.59384971772022
2017-12-16 09:00:00+05:30,14.65553336009934,10.196250000000001,370.90296476353996
2017-12-16 10:00:00+05:30,16.014384594122973,12.8725,520.2000920804627
2017-12-16 11:00:00+05:30,18.07707412441554,16.17125,605.4281895586159
2017-12-16 12:00:00+05:30,19.85908187587576,19.5675,563.0519678733937
2017-12-16 13:00:00+05:30,21.512743192391397,21.626250000000002,526.6285958654281
2017-12-16 14:00:00+05:30,22.790323148369925,22.3225,412.1875194244901
2017-12-16 15:00:00+05:30,23.580862488988828,21.949999999999996,276.62272154365894
2017-12-16 16:00:00+05:30,23.749396142337048,20.199999999999996,113.61417762654472
2017-12-16 17:00:00+05:30,23.452701073783185,18.22375,14.372942509129809
2017-12-16 18:00:00+05:30,23.056650246157197,16.89125,0.0
2017-12-16 19:00:00+05:30,22.555928535176626,15.815000000000001,0.0
2017-12-16 20:00:00+05:30,21.972216238810987,14.6475,0.0
2017-12-16 21:00:00+05:30,21.301695994344023,13.40875,0.0
2017-12-16 22:00:00+05:30,20.540805707835077,12.3025,0.0
2017-12-16 23:00:00+05:30,19.780103188242297,11.469999999999999,0.0
2017-12-17 00:00:00+05:30,19.045307441691932,10.8,0.0
2017-12-17 01:00:00+05:30,18.3258253964032,10.16625,0.0
2017-12-17 02:00:00+05:30,17.567816363776615,9.5425,0.0
2017-12-17 03:00:00+05:30,16.833177719241863,8.928749999999999,0.0
2017-12-17 04:00:00+05:30,16.158786686791448,8.3375,0.0
2017-12-17 05:00:00+05:30,15.50704391640758,7.795,0.0
2017-12-17 06:00:00+05:30,14.884002211218215,7.325,0.0
2017-12-17 07:00:00+05:30,14.341298700506904,7.06,33.0876489891856
2017-12-17 08:00:00+05:30,14.380791591138259,8.425,166.57908434894483
2017-12-17 09:00:00+05:30,14.726067460804096,10.911249999999999,280.6820206545554
2017-12-17 10:00:00+05:30,15.79734211198554,14.03375,401.6549996801315
2017-12-17 11:00:00+05:30,17.533289513452836,17.3075,489.69093413444443
2017-12-17 12:00:00+05:30,19.29095843199571,20.4125,516.1781013368338
2017-12-17 13:00:00+05:30,20.865344662076627,22.51625,471.88378178844084
2017-12-17 14:00:00+05:30,22.19430242123654,23.365000000000002,392.50063610026154
2017-12-17 15:00:00+05:30,23.089031966263093,23.205000000000002,263.86074697757084
2017-12-17 16:00:00+05:30,23.35437076792259,21.985000000000003,107.98180028938872
2017-12-17 17:00:00+05:30,23.196100083836548,20.03875,13.259466557823846
2017-12-17 18:00:00+05:30,22.89755451158837,18.30875,0.0
2017-12-17 19:00:00+05:30,22.458066164993348,17.10625,0.0
2017-12-17 20:00:00+05:30,21.93320423248464,16.00125,0.0
2017-12-17 21:00:00+05:30,21.332778280605446,15.157500000000002,0.0
2017-12-17 22:00:00+05:30,20.67309418875252,14.666249999999998,0.0
2017-12-17 23:00:00+05:30,20.02191630738929,14.27,0.0
2017-12-18 00:00:00+05:30,19.39026578550729,13.688749999999999,0.0
2017-12-18 01:00:00+05:30,18.748677046747893,12.7925,0.0
2017-12-18 02:00:00+05:30,18.072203625000327,11.809999999999999,0.0
2017-12-18 03:00:00+05:30,17.41341261430765,10.924999999999999,0.0
2017-12-18 04:00:00+05:30,16.779211151169473,10.15375,0.0
2017-12-18 05:00:00+05:30,16.15807261804101,9.4925,0.0
2017-12-18 06:00:00+05:30,15.563497507680523,8.885000000000002,0.0
2017-12-18 07:00:00+05:30,15.030029744575053,8.21625,30.274221418576122
2017-12-18 08:00:00+05:30,15.03585217694247,9.25625,157.67623104619645
2017-12-18 09:00:00+05:30,15.38640464147031,11.496249999999998,279.4438935970658
2017-12-18 10:00:00+05:30,16.456348245101623,14.30125,405.2642593599761
2017-12-18 11:00:00+05:30,18.23775744994304,17.6475,506.432701140724
2017-12-18 12:00:00+05:30,19.92934065567138,20.64125,509.12576376957276
2017-12-18 13:00:00+05:30,21.366486883567795,22.262499999999996,456.70241359094973
2017-12-18 14:00:00+05:30,22.587455950842287,22.817500000000003,378.1160378403431
2017-12-18 15:00:00+05:30,23.38019385796732,22.705,247.36320607037032
2017-12-18 16:00:00+05:30,23.595195485556438,21.40125,103.08741498734724
2017-12-18 17:00:00+05:30,23.37500633938146,19.1375,12.814503529228217
2017-12-18 18:00:00+05:30,23.008822492725766,17.3125,0.0
2017-12-18 19:00:00+05:30,22.542287008708566,16.44875,0.0
2017-12-18 20:00:00+05:30,22.034409492084976,15.731250000000001,0.0
2017-12-18 21:00:00+05:30,21.44914193156962,15.013749999999998,0.0
2017-12-18 22:00:00+05:30,20.77241473668172,14.395,0.0
2017-12-18 23:00:00+05:30,20.09998905855502,13.81375,0.0
2017-12-19 00:00:00+05:30,19.435838823012087,13.18125,0.0
2017-12-19 01:00:00+05:30,18.754654649408398,12.68625,0.0
2017-12-19 02:00:00+05:30,18.11688515272307,12.32125,0.0
2017-12-19 03:00:00+05:30,17.520802331699592,12.05875,0.0
2017-12-19 04:00:00+05:30,16.940551135332008,11.5425,0.0
2017-12-19 05:00:00+05:30,16.38694811222682,10.442499999999999,0.0
2017-12-19 06:00:00+05:30,15.829134397348216,9.37125,0.0
2017-12-19 07:00:00+05:30,15.312611181192953,8.655,28.77944240289586
2017-12-19 08:00:00+05:30,15.302138940570511,9.5925,142.47554312048078
2017-12-19 09:00:00+05:30,15.652747206370842,11.89625,254.21309568829986
2017-12-19 10:00:00+05:30,16.667952267229296,14.847499999999998,370.28017077122286
2017-12-19 11:00:00+05:30,18.28763761592949,18.38375,437.77975391246184
2017-12-19 12:00:00+05:30,19.738466015044864,20.8525,423.1326719255829
2017-12-19 13:00:00+05:30,21.03349329999577,21.865000000000002,384.92025165856876
2017-12-19 14:00:00+05:30,22.188784418382166,22.15875,329.5315070850571
2017-12-19 15:00:00+05:30,22.863950175476,22.15625,203.35390864818538
2017-12-19 16:00:00+05:30,23.060726604778143,21.2175,77.40259231985353
2017-12-19 17:00:00+05:30,22.888370960772466,19.38875,10.991858282327717
2017-12-19 18:00:00+05:30,22.55462871407564,17.7075,0.0
2017-12-19 19:00:00+05:30,22.11607955580325,16.635,0.0
2017-12-19 20:00:00+05:30,21.620726271178818,15.945,0.0
2017-12-19 21:00:00+05:30,21.037505470617532,15.526250000000001,0.0
2017-12-19 22:00:00+05:30,20.437619783122635,15.21,0.0
2017-12-19 23:00:00+05:30,19.854337107932345,14.8025,0.0
2017-12-20 00:00:00+05:30,19.289882811896387,14.47375,0.0
2017-12-20 01:00:00+05:30,18.71257311397987,13.73625,0.0
2017-12-20 02:00:00+05:30,18.1495414999679,12.8625,0.0
2017-12-20 03:00:00+05:30,17.619965416736203,12.120000000000001,0.0
2017-12-20 04:00:00+05:30,17.112318963718046,11.64375,0.0
2017-12-20 05:00:00+05:30,16.62822627552192,11.26375,0.0
2017-12-20 06:00:00+05:30,16.151774598249602,10.766250000000001,0.0
2017-12-20 07:00:00+05:30,15.725707413534892,10.30375,26.252195793133712
2017-12-20 08:00:00+05:30,15.756246944505545,10.5,136.3150741024056
2017-12-20 09:00:00+05:30,16.08269008597734,11.91625,236.53141780603437
2017-12-20 10:00:00+05:30,17.073136154835595,14.708750000000002,353.31853516531464
2017-12-20 11:00:00+05:30,18.627994064087005,17.8875,412.4423499902636
2017-12-20 12:00:00+05:30,19.686750131461352,20.48125,319.9991360715968
2017-12-20 13:00:00+05:30,20.865929964697184,22.5025,307.4512831603284
2017-12-20 14:00:00+05:30,21.892091310191397,23.7125,250.10751514841965
2017-12-20 15:00:00+05:30,22.553593256638493,23.81375,163.93128577155642
2017-12-20 16:00:00+05:30,22.809606382882123,22.552500000000002,71.29895707670731
2017-12-20 17:00:00+05:30,22.64024562854783,20.07,9.333155541643825
2017-12-20 18:00:00+05:30,22.306343747806718,18.17125,0.0
2017-12-20 19:00:00+05:30,21.895705714475916,17.22375,0.0
2017-12-20 20:00:00+05:30,21.40894566419974,16.568749999999998,0.0
2017-12-20 21:00:00+05:30,20.809710030006876,15.989999999999998,0.0
2017-12-20 22:00:00+05:30,20.205673821307695,15.4675,0.0
2017-12-20 23:00:00+05:30,19.604932368343732,14.892499999999998,0.0
2017-12-21 00:00:00+05:30,19.003105027755215,14.19125,0.0
2017-12-21 01:00:00+05:30,18.398168228409766,13.3975,0.0
2017-12-21 02:00:00+05:30,17.797034352535213,12.540000000000001,0.0
2017-12-21 03:00:00+05:30,17.196107592762832,11.66,0.0
2017-12-21 04:00:00+05:30,16.58424733693872,10.84875,0.0
2017-12-21 05:00:00+05:30,15.967840841187037,10.203750000000001,0.0
2017-12-21 06:00:00+05:30,15.366315145849832,9.8775,0.0
2017-12-21 07:00:00+05:30,14.844767134670711,9.991249999999999,29.630792359943786
2017-12-21 08:00:00+05:30,14.92290827884701,10.8625,183.91600791826932
2017-12-21 09:00:00+05:30,15.414314451569865,12.313750000000002,317.3991453638519
2017-12-21 10:00:00+05:30,16.538101833046568,14.5725,414.01741736797015
2017-12-21 11:00:00+05:30,18.256352755551802,17.845,476.2465216403554
2017-12-21 12:00:00+05:30,19.805637165267143,21.10375,441.0175125769939
2017-12-21 13:00:00+05:30,21.254390038463832,22.99,420.51451007417074
2017-12-21 14:00:00+05:30,22.518494800347007,23.67125,361.3774506783757
2017-12-21 15:00:00+05:30,23.43026230950758,23.584999999999997,266.81452290057933
2017-12-21 16:00:00+05:30,23.67178742068954,22.19375,108.51200017243897
2017-12-21 17:00:00+05:30,23.46175432330186,20.32125,13.684616088232488
2017-12-21 18:00:00+05:30,23.10637524394094,18.71875,0.0
2017-12-21 19:00:00+05:30,22.670052543889028,17.903750000000002,0.0
2017-12-21 20:00:00+05:30,22.187723431360542,17.28125,0.0
2017-12-21 21:00:00+05:30,21.5814126287134,16.4875,0.0
2017-12-21 22:00:00+05:30,20.93611722871895,15.680000000000001,0.0
2017-12-21 23:00:00+05:30,20.283253403966896,14.936250000000001,0.0
2017-12-22 00:00:00+05:30,19.64626404924306,14.23875,0.0
2017-12-22 01:00:00+05:30,19.013974693150693,13.486249999999998,0.0
2017-12-22 02:00:00+05:30,18.35526310838459,12.608749999999999,0.0
2017-12-22 03:00:00+05:30,17.690911198898174,11.66,0.0
2017-12-22 04:00:00+05:30,17.03179983644177,10.76875,0.0
2017-12-22 05:00:00+05:30,16.379579150932045,10.00625,0.0
2017-12-22 06:00:00+05:30,15.732645540981318,9.42125,0.0
2017-12-22 07:00:00+05:30,15.151323934705491,8.9175,37.79391640681153
2017-12-22 08:00:00+05:30,15.274897543697591,10.1175,215.92296378410066
2017-12-22 09:00:00+05:30,15.812187445965158,12.462499999999999,362.91490003658504
2017-12-22 10:00:00+05:30,17.213039511418778,15.27,508.18434036491396
2017-12-22 11:00:00+05:30,19.258567811235437,18.71,583.9993704277581
2017-12-22 12:00:00+05:30,21.161189219650105,22.03375,573.1872192562679
2017-12-22 13:00:00+05:30,22.922329804112877,23.831249999999997,546.409340503651
2017-12-22 14:00:00+05:30,24.412223255123713,24.347500000000004,463.2216910324673
2017-12-22 15:00:00+05:30,25.403155622208068,24.08625,332.0977075462122
2017-12-22 16:00:00+05:30,25.751300160937834,22.873749999999998,161.48284658754326
2017-12-22 17:00:00+05:30,25.430726978010412,20.72,19.76109823050372
2017-12-22 18:00:00+05:30,24.975575490939374,18.92125,0.0
2017-12-22 19:00:00+05:30,24.39045115168441,17.562499999999996,0.0
2017-12-22 20:00:00+05:30,23.727380412993256,16.366249999999997,0.0
2017-12-22 21:00:00+05:30,22.948671174019974,15.5375,0.0
2017-12-22 22:00:00+05:30,22.13475133030268,15.14625,0.0
2017-12-22 23:00:00+05:30,21.354612874230398,14.99125,0.0
2017-12-23 00:00:00+05:30,20.619848596365298,14.81875,0.0
2017-12-23 01:00:00+05:30,19.93921007112582,14.471250000000001,0.0
2017-12-23 02:00:00+05:30,19.306084683385315,14.034999999999998,0.0
2017-12-23 03:00:00+05:30,18.692081254058902,13.4075,0.0
2017-12-23 04:00:00+05:30,18.07640356167375,12.38625,0.0
2017-12-23 05:00:00+05:30,17.448020994471335,11.23375,0.0
2017-12-23 06:00:00+05:30,16.81187050559473,10.29125,0.0
2017-12-23 07:00:00+05:30,16.25109868556678,9.773750000000001,36.125835666732875
2017-12-23 08:00:00+05:30,16.321094289815807,11.087499999999999,178.6008545251247
2017-12-23 09:00:00+05:30,16.71061517129864,13.41875,284.7511966449001
2017-12-23 10:00:00+05:30,17.887545803018924,16.4125,403.1412312901119
2017-12-23 11:00:00+05:30,19.72918260259327,20.055,478.19288908495855
2017-12-23 12:00:00+05:30,20.918650569641333,22.9175,339.00255879207583
2017-12-23 13:00:00+05:30,22.08506688427387,24.461250000000003,298.0641642970209
2017-12-23 14:00:00+05:30,23.161658682860413,25.151249999999997,250.22196839095392
2017-12-23 15:00:00+05:30,23.897007528727332,25.2075,170.94825978020313
2017-12-23 16:00:00+05:30,24.180276372004393,24.115,63.47139735108256
2017-12-23 17:00:00+05:30,24.082538983373716,21.306249999999995,9.06877194164831
2017-12-23 18:00:00+05:30,23.75060597840343,18.74625,0.0
2017-12-23 19:00:00+05:30,23.314234638993234,17.425,0.0
2017-12-23 20:00:00+05:30,22.810964318949306,16.61125,0.0
2017-12-23 21:00:00+05:30,22.1989154267549,15.929999999999998,0.0
2017-12-23 22:00:00+05:30,21.55820496371706,15.346250000000001,0.0
2017-12-23 23:00:00+05:30,20.927263454354904,14.83375,0.0
2017-12-24 00:00:00+05:30,20.319817060156108,14.38125,0.0
2017-12-24 01:00:00+05:30,19.751214584767773,13.963750000000001,0.0
2017-12-24 02:00:00+05:30,19.21559011158503,13.56625,0.0
2017-12-24 03:00:00+05:30,18.739439656130116,13.2075,0.0
2017-12-24 04:00:00+05:30,18.33714589621503,13.23,0.0
2017-12-24 05:00:00+05:30,17.99081031095242,13.776250000000001,0.0
2017-12-24 06:00:00+05:30,17.647712287745033,13.81875,0.0
2017-12-24 07:00:00+05:30,17.333587599512143,13.661249999999999,7.894026323490589
2017-12-24 08:00:00+05:30,17.21806674777127,14.35625,39.12736258047527
2017-12-24 09:00:00+05:30,17.321379149398123,15.786249999999999,76.20818971794827
2017-12-24 10:00:00+05:30,17.730933079708723,18.02125,117.47847790777952
2017-12-24 11:00:00+05:30,18.624834387827583,20.487499999999997,178.33323232299983
2017-12-24 12:00:00+05:30,19.244668046430554,22.580000000000002,112.43516914121189
2017-12-24 13:00:00+05:30,19.9002638570118,23.9125,96.71891368574592
2017-12-24 14:00:00+05:30,20.47327797968005,24.38,67.61816252336806
2017-12-24 15:00:00+05:30,20.862677410923602,23.97125,29.929716022981204
2017-12-24 16:00:00+05:30,21.103082494901894,22.54,12.297497209046062
2017-12-24 17:00:00+05:30,21.187931143774975,20.69375,2.694748971587574
2017-12-24 18:00:00+05:30,21.108724707784198,19.456249999999997,0.0
2017-12-24 19:00:00+05:30,20.91580809651542,18.51125,0.0
2017-12-24 20:00:00+05:30,20.65814297722124,17.6775,0.0
2017-12-24 21:00:00+05:30,20.392457812801844,17.018749999999997,0.0
2017-12-24 22:00:00+05:30,20.092472995241693,16.53375,0.0
2017-12-24 23:00:00+05:30,19.78414760438816,16.18625,0.0
2017-12-25 00:00:00+05:30,19.472267450634416,15.92625,0.0
2017-12-25 01:00:00+05:30,19.16700219844312,15.665,0.0
2017-12-25 02:00:00+05:30,18.860141131204117,15.45375,0.0
2017-12-25 03:00:00+05:30,18.560724839510733,15.327499999999999,0.0
2017-12-25 04:00:00+05:30,18.297956103746408,15.22125,0.0
2017-12-25 05:00:00+05:30,18.04720069220101,14.96125,0.0
2017-12-25 06:00:00+05:30,17.805310620886356,14.96125,0.0
2017-12-25 07:00:00+05:30,17.61036331105947,15.1275,10.412415168777876
2017-12-25 08:00:00+05:30,17.62458199248991,15.548750000000002,50.266679336060875
2017-12-25 09:00:00+05:30,17.84071173445952,16.326249999999998,96.2779773047503
2017-12-25 10:00:00+05:30,18.456348696286067,17.735,153.28556166547276
2017-12-25 11:00:00+05:30,19.364733321922152,20.26125,186.3415202106275
2017-12-25 12:00:00+05:30,20.093608974098796,22.990000000000002,134.8770940566815
2017-12-25 13:00:00+05:30,21.00722547315878,24.64375,142.58084691191726
2017-12-25 14:00:00+05:30,21.751991136241795,25.34125,102.89416034693365
2017-12-25 15:00:00+05:30,22.326499209872928,25.30375,60.22506123095972
2017-12-25 16:00:00+05:30,22.69544733925504,24.479999999999997,27.396713000877995
2017-12-25 17:00:00+05:30,22.841634454675496,22.32875,6.696342314168634
2017-12-25 18:00:00+05:30,22.732140193698363,20.302500000000002,0.0
2017-12-25 19:00:00+05:30,22.498279349939605,19.19125,0.0
2017-12-25 20:00:00+05:30,22.231993235003223,18.505000000000003,0.0
2017-12-25 21:00:00+05:30,21.963218793264737,18.1175,0.0
2017-12-25 22:00:00+05:30,21.690856477792153,18.095,0.0
2017-12-25 23:00:00+05:30,21.3894958250449,18.10875,0.0
2017-12-26 00:00:00+05:30,21.065567828331275,17.99625,0.0
2017-12-26 01:00:00+05:30,20.734201405827832,17.87125,0.0
2017-12-26 02:00:00+05:30,20.420203354010077,17.786250000000003,0.0
2017-12-26 03:00:00+05:30,20.125254071284317,17.61625,0.0
2017-12-26 04:00:00+05:30,19.83861310760937,17.31125,0.0
2017-12-26 05:00:00+05:30,19.54538669232473,17.01125,0.0
2017-12-26 06:00:00+05:30,19.240566797709086,16.77875,0.0
2017-12-26 07:00:00+05:30,18.95720561760405,16.68125,14.22989398385651
2017-12-26 08:00:00+05:30,18.954627119727025,17.182499999999997,77.47183256834211
2017-12-26 09:00:00+05:30,19.22160152062783,18.8775,145.48757166513758
2017-12-26 10:00:00+05:30,20.136526881896216,21.966250000000002,245.50023643081255
2017-12-26 11:00:00+05:30,21.439376476378925,24.426250000000003,290.2922399086447
2017-12-26 12:00:00+05:30,22.43907968320881,25.6525,248.0497564350967
2017-12-26 13:00:00+05:30,23.463072225792118,26.346249999999998,228.97415413593856
2017-12-26 14:00:00+05:30,24.370458571141736,26.66625,192.8746857470803
2017-12-26 15:00:00+05:30,24.938862577926223,26.605,109.81358737768187
2017-12-26 16:00:00+05:30,25.239905257097455,25.8675,47.10859520913518
2017-12-26 17:00:00+05:30,25.223894132342345,24.132499999999997,7.829507873012167
2017-12-26 18:00:00+05:30,25.033612128182522,22.842499999999998,0.0
2017-12-26 19:00:00+05:30,24.75671809693399,22.1375,0.0
2017-12-26 20:00:00+05:30,24.435195179351155,21.633750000000003,0.0
2017-12-26 21:00:00+05:30,24.02125370544827,21.33,0.0
2017-12-26 22:00:00+05:30,23.596930912060017,21.0275,0.0
2017-12-26 23:00:00+05:30,23.16798841808943,20.4875,0.0
2017-12-27 00:00:00+05:30,22.727132922614537,19.54,0.0
2017-12-27 01:00:00+05:30,22.285942528242618,18.52,0.0
2017-12-27 02:00:00+05:30,21.86524768221188,17.8475,0.0
2017-12-27 03:00:00+05:30,21.453351337578862,17.228749999999998,0.0
2017-12-27 04:00:00+05:30,21.068234133636825,16.97625,0.0
2017-12-27 05:00:00+05:30,20.693062317192116,16.71125,0.0
2017-12-27 06:00:00+05:30,20.267008464309757,15.9875,0.0
2017-12-27 07:00:00+05:30,19.835104028309363,15.10625,22.024256987688407
2017-12-27 08:00:00+05:30,19.79615072470586,15.98,108.7660752478019
2017-12-27 09:00:00+05:30,20.09252315894946,18.275,207.60053455973087
2017-12-27 10:00:00+05:30,21.003853721709824,21.451249999999998,305.0426735287112
2017-12-27 11:00:00+05:30,22.578543798818345,25.04625,381.7301165114934
2017-12-27 12:00:00+05:30,24.00386982899354,27.25,378.56107536103076
2017-12-27 13:00:00+05:30,25.355367053411122,28.0975,355.77532921414434
2017-12-27 14:00:00+05:30,26.43526771809264,28.3375,271.4884691828012
2017-12-27 15:00:00+05:30,27.173330580771974,28.091249999999995,170.98967128723936
2017-12-27 16:00:00+05:30,27.49676277240456,27.31125,70.60030499932387
2017-12-27 17:00:00+05:30,27.49476192907066,25.88375,11.733769441329663
2017-12-27 18:00:00+05:30,27.300921297527907,24.081249999999997,0.600990066994839
2017-12-27 19:00:00+05:30,26.956791279412776,22.63625,0.0
2017-12-27 20:00:00+05:30,26.549689557788966,21.44625,0.0
2017-12-27 21:00:00+05:30,26.10118084897097,20.318749999999998,0.0
2017-12-27 22:00:00+05:30,25.576293697251284,19.3475,0.0
2017-12-27 23:00:00+05:30,25.00982892531406,18.535,0.0
2017-12-28 00:00:00+05:30,24.41648745764028,17.84375,0.0
2017-12-28 01:00:00+05:30,23.81601900048197,17.25625,0.0
2017-12-28 02:00:00+05:30,23.21293171669246,16.74375,0.0
2017-12-28 03:00:00+05:30,22.633272766406723,16.285,0.0
2017-12-28 04:00:00+05:30,22.11674416477831,16.294999999999998,0.0
2017-12-28 05:00:00+05:30,21.680604493695927,16.775,0.0
2017-12-28 06:00:00+05:30,21.281875162791458,16.90625,0.0
2017-12-28 07:00:00+05:30,20.912257907993535,16.76875,2.508075345656237
2017-12-28 08:00:00+05:30,20.644077499290994,17.08875,15.040632866117878
2017-12-28 09:00:00+05:30,20.48389360771995,17.46625,27.44598148495079
2017-12-28 10:00:00+05:30,20.43437959710478,17.816249999999997,40.37380530068227
2017-12-28 11:00:00+05:30,20.54480540350796,18.4325,65.52989025311331
2017-12-28 12:00:00+05:30,20.813708394818818,19.241249999999997,84.81947714951099
2017-12-28 13:00:00+05:30,21.02029113084597,19.785,62.24829016820694
2017-12-28 14:00:00+05:30,20.923428540888505,19.801250000000003,51.7780825179633
2017-12-28 15:00:00+05:30,20.735048436493795,19.3675,37.313571716504185
2017-12-28 16:00:00+05:30,20.530287892795535,18.73125,19.26315188263314
2017-12-28 17:00:00+05:30,20.33150671658445,17.511249999999997,4.348021789551811
2017-12-28 18:00:00+05:30,20.045101096487798,15.873750000000001,0.25218213869373074
2017-12-28 19:00:00+05:30,19.717173034612568,14.833749999999998,0.0
2017-12-28 20:00:00+05:30,19.355754024319317,14.3025,0.0
2017-12-28 21:00:00+05:30,18.96523399408167,13.930000000000001,0.0
2017-12-28 22:00:00+05:30,18.56051846691091,13.716249999999999,0.0
2017-12-28 23:00:00+05:30,18.150825454237843,13.684999999999999,0.0
2017-12-29 00:00:00+05:30,17.757859932872567,13.76875,0.0
2017-12-29 01:00:00+05:30,17.41579074249065,13.866249999999999,0.0
2017-12-29 02:00:00+05:30,17.124651997698518,13.837500000000002,0.0
2017-12-29 03:00:00+05:30,16.85035661130555,13.74375,0.0
2017-12-29 04:00:00+05:30,16.575038924078378,13.6725,0.0
2017-12-29 05:00:00+05:30,16.3238929610913,13.481250000000001,0.0
2017-12-29 06:00:00+05:30,16.10046170652555,13.311250000000001,0.0
2017-12-29 07:00:00+05:30,15.918216927086727,13.182500000000001,7.3759192790786345
2017-12-29 08:00:00+05:30,15.93145160047883,14.430000000000001,31.071385221193054
2017-12-29 09:00:00+05:30,16.135894652711695,16.87875,46.544854375992465
2017-12-29 10:00:00+05:30,16.704095880757496,20.08625,60.54275266448205
2017-12-29 11:00:00+05:30,17.46737283323783,22.9975,72.0078175547794
2017-12-29 12:00:00+05:30,18.229009773018973,24.85,83.23136836497818
2017-12-29 13:00:00+05:30,19.182706880350054,25.82125,115.11507107232904
2017-12-29 14:00:00+05:30,20.05680497707712,26.08,96.4065345591547
2017-12-29 15:00:00+05:30,20.78693934857648,25.729999999999997,65.14641349903424
2017-12-29 16:00:00+05:30,21.29047333656375,24.76375,28.19122308419633
2017-12-29 17:00:00+05:30,21.563779257074582,22.691249999999997,6.653147586258529
2017-12-29 18:00:00+05:30,21.65509994495904,20.726249999999997,0.3925065983372486
2017-12-29 19:00:00+05:30,21.605655374735353,19.748749999999998,0.0
2017-12-29 20:00:00+05:30,21.436607110138993,18.982499999999998,0.0
2017-12-29 21:00:00+05:30,21.087354669176648,17.916249999999998,0.0
2017-12-29 22:00:00+05:30,20.658860375990287,16.62,0.0
2017-12-29 23:00:00+05:30,20.172086906348266,15.410000000000002,0.0
2017-12-30 00:00:00+05:30,19.584230136612675,14.35875,0.0
2017-12-30 01:00:00+05:30,18.96271507010654,13.3925,0.0
2017-12-30 02:00:00+05:30,18.33191681915904,12.52125,0.0
2017-12-30 03:00:00+05:30,17.707135968341582,11.7475,0.0
2017-12-30 04:00:00+05:30,17.10396939499247,11.045,0.0
2017-12-30 05:00:00+05:30,16.487277753575924,10.389999999999999,0.0
2017-12-30 06:00:00+05:30,15.872007285716553,9.7625,0.0
2017-12-30 07:00:00+05:30,15.364210977802589,9.4675,8.589151867924182
2017-12-30 08:00:00+05:30,15.118633549416556,10.49875,35.834065535779686
2017-12-30 09:00:00+05:30,15.121136454977801,12.85875,54.619451287945346
2017-12-30 10:00:00+05:30,15.451920929729356,16.84,69.37685882840988
2017-12-30 11:00:00+05:30,16.1340940839508,19.941249999999997,80.93661004958676
2017-12-30 12:00:00+05:30,16.912646125920027,21.4275,91.29401419298283
2017-12-30 13:00:00+05:30,17.664358515646807,22.28375,110.80383844894692
2017-12-30 14:00:00+05:30,18.408653719448978,22.731250000000003,98.29193592067354
2017-12-30 15:00:00+05:30,19.02739034479568,22.67125,66.43456509696419
2017-12-30 16:00:00+05:30,19.448853263822407,21.8825,31.628540989373466
2017-12-30 17:00:00+05:30,19.636311448447255,19.02625,8.536373206595606
2017-12-30 18:00:00+05:30,19.51657165305683,16.2225,0.5317903501266366
2017-12-30 19:00:00+05:30,19.15408443566568,14.895,0.0
2017-12-30 20:00:00+05:30,18.77496100210347,14.092500000000001,0.0
2017-12-30 21:00:00+05:30,18.379064975386463,13.3625,0.0
2017-12-30 22:00:00+05:30,17.882573165614534,12.65,0.0
2017-12-30 23:00:00+05:30,17.33508116079813,11.94875,0.0
2017-12-31 00:00:00+05:30,16.74943722890974,11.29625,0.0
2017-12-31 01:00:00+05:30,16.207807337774014,10.71,0.0
2017-12-31 02:00:00+05:30,15.702204872885519,10.13125,0.0
2017-12-31 03:00:00+05:30,15.224641691422324,9.57875,0.0
2017-12-31 04:00:00+05:30,14.80095539178755,9.06125,0.0
2017-12-31 05:00:00+05:30,14.409305143905799,8.56375,0.0
2017-12-31 06:00:00+05:30,14.028731924967545,8.0425,0.0
2017-12-31 07:00:00+05:30,13.66933517064634,7.821249999999999,3.863552880530869
2017-12-31 08:00:00+05:30,13.473180181003901,9.31,19.658043454136767
2017-12-31 09:00:00+05:30,13.476470164855767,11.953750000000001,35.174106023073726
2017-12-31 10:00:00+05:30,13.757588206766915,15.856250000000001,55.178257231260176
2017-12-31 11:00:00+05:30,14.364037676262374,18.78875,67.13067360415532
2017-12-31 12:00:00+05:30,15.054265414693868,20.251250000000002,89.95133036611621
2017-12-31 13:00:00+05:30,15.83192621583952,21.2025,146.13168756256027
2017-12-31 14:00:00+05:30,17.43216040235702,21.74125,331.1906919818748
2017-12-31 15:00:00+05:30,18.49910888675198,21.71125,251.15535759475375
2017-12-31 16:00:00+05:30,19.08080799282893,20.87875,127.34941401687482
2017-12-31 17:00:00+05:30,19.264928827312257,18.07125,34.697715151815345
2017-12-31 18:00:00+05:30,19.17423518525319,15.14375,2.0892160900371546
2017-12-31 19:00:00+05:30,18.909227110755612,13.54,0.0
2017-12-31 20:00:00+05:30,18.510570624222325,12.5075,0.0
2017-12-31 21:00:00+05:30,17.994196975278882,11.6525,0.0
2017-12-31 22:00:00+05:30,17.553168087710848,10.91625,0.0
2017-12-31 23:00:00+05:30,17.076921377629745,10.15,0.0
2018-01-01 00:00:00+05:30,16.583114431029973,9.85,0.0
