site,latitude,longitude,zone,length_m,width_m,height_m,orientation_deg,wall_material,wall_thickness_m,roof_material,roof_thickness_m,insulation_material,insulation_thickness_m,window_wall,window_width_m,window_height_m,window_shgc,window_u_w_m2k,hot_mean_c,hot_max_c,hot_comfort_fraction,cold_min_c
Mumbai,19.076,72.8777,warm_humid,3.0,3.0,2.6,0.0,plywood,0.012,concrete,0.2,eps,0.025,east,0.6,1.2,0.85,2.6,34.863,41.12,0.2083,22.424
Mumbai,19.076,72.8777,warm_humid,3.0,3.0,2.6,180.0,puf_sandwich_panel,0.1,puf_sandwich_panel,0.15,eps,0.05,north,1.8,1.5,0.35,2.6,32.56,38.51,0.4583,22.129
Mumbai,19.076,72.8777,warm_humid,3.0,3.0,2.6,180.0,gi_sheet,0.002,brick,0.115,mineral_wool,0.1,south,1.5,0.9,0.55,5.8,33.102,38.233,0.3393,22.572
Mumbai,19.076,72.8777,warm_humid,3.0,3.0,2.6,135.0,gi_sheet,0.002,rcc_slab,0.2,eps,0.025,north,0.6,1.5,0.45,2.6,34.638,40.89,0.2202,21.825
Mumbai,19.076,72.8777,warm_humid,3.0,3.0,2.6,0.0,brick,0.23,rcc_slab,0.1,mineral_wool,0.1,west,0.9,0.9,0.45,2.6,31.59,34.461,0.4405,23.912
Mumbai,19.076,72.8777,warm_humid,3.0,3.0,2.6,0.0,gi_sheet,0.002,gi_sheet,0.002,eps,0.025,west,1.8,0.9,0.35,5.8,35.135,45.636,0.369,19.2
Mumbai,19.076,72.8777,warm_humid,3.0,3.0,2.6,135.0,gi_sheet,0.002,gi_sheet,0.002,mineral_wool,0.05,south,1.8,1.5,0.45,2.6,34.53,43.385,0.369,19.988
Mumbai,19.076,72.8777,warm_humid,3.0,3.0,2.6,135.0,plywood,0.03,rcc_slab,0.2,eps,0.025,south,1.8,0.9,0.35,2.6,34.381,40.133,0.2202,22.389
Mumbai,19.076,72.8777,warm_humid,3.0,3.0,2.6,90.0,gi_sheet,0.002,puf_sandwich_panel,0.1,eps,0.025,north,1.8,1.2,0.65,2.6,34.858,44.275,0.375,19.533
Mumbai,19.076,72.8777,warm_humid,3.0,3.0,2.6,90.0,gi_sheet,0.002,puf_sandwich_panel,0.075,eps,0.05,south,0.9,0.6,0.55,2.6,33.145,39.955,0.4226,21.035
Mumbai,19.076,72.8777,warm_humid,3.0,3.0,2.6,90.0,rammed_earth,0.45,gi_sheet,0.002,none,0.0,south,1.2,0.6,0.35,5.8,35.982,41.257,0.1488,23.908
Mumbai,19.076,72.8777,warm_humid,3.0,3.0,2.6,0.0,concrete,0.2,puf_sandwich_panel,0.1,eps,0.025,north,1.8,1.5,0.55,3.5,33.584,38.026,0.2738,23.914
Mumbai,19.076,72.8777,warm_humid,3.0,3.0,2.6,0.0,plywood,0.05,rcc_slab,0.1,mineral_wool,0.1,east,0.9,1.5,0.75,2.6,33.335,37.944,0.2738,23.868
Mumbai,19.076,72.8777,warm_humid,3.0,3.0,2.6,45.0,gi_sheet,0.002,rcc_slab,0.1,eps,0.1,west,1.2,1.5,0.65,5.8,33.831,39.738,0.3036,22.332
Mumbai,19.076,72.8777,warm_humid,3.0,3.0,2.6,45.0,brick,0.115,gi_sheet,0.002,eps,0.025,north,0.6,0.6,0.45,5.8,34.263,39.321,0.1905,23.435
Mumbai,19.076,72.8777,warm_humid,3.0,3.0,2.6,180.0,gi_sheet,0.002,brick,0.115,none,0.0,north,0.9,0.6,0.75,2.6,37.552,52.691,0.3512,16.212
Mumbai,19.076,72.8777,warm_humid,3.0,3.0,2.6,135.0,plywood,0.019,rcc_slab,0.1,mineral_wool,0.05,east,0.6,0.6,0.65,5.8,33.433,38.755,0.3214,22.765
Mumbai,19.076,72.8777,warm_humid,3.0,3.0,2.6,90.0,plywood,0.05,gi_sheet,0.002,eps,0.025,south,0.9,0.9,0.45,5.8,34.346,42.37,0.3631,20.873
Mumbai,19.076,72.8777,warm_humid,3.0,3.0,2.6,90.0,gi_sheet,0.002,gi_sheet,0.002,eps,0.025,south,0.9,0.9,0.85,3.5,35.194,45.555,0.3631,19.42
Mumbai,19.076,72.8777,warm_humid,3.0,3.0,2.6,90.0,puf_sandwich_panel,0.15,concrete,0.15,mineral_wool,0.05,west,1.8,1.5,0.55,5.8,33.087,37.899,0.3155,23.32
Mumbai,19.076,72.8777,warm_humid,3.0,3.0,2.6,45.0,brick,0.115,puf_sandwich_panel,0.15,eps,0.025,north,1.8,1.5,0.35,2.6,33.855,38.939,0.2083,22.885
Mumbai,19.076,72.8777,warm_humid,3.0,3.0,2.6,0.0,concrete,0.2,puf_sandwich_panel,0.075,mineral_wool,0.1,north,1.5,1.2,0.85,2.6,32.435,35.984,0.3631,23.914
Mumbai,19.076,72.8777,warm_humid,3.0,3.0,2.6,90.0,gi_sheet,0.002,gi_sheet,0.002,mineral_wool,0.1,east,0.9,1.5,0.35,3.5,32.934,39.038,0.4167,21.57
Mumbai,19.076,72.8777,warm_humid,3.0,3.0,2.6,90.0,plywood,0.019,brick,0.115,eps,0.1,east,1.8,0.9,0.75,5.8,33.731,39.394,0.3036,23.687
Mumbai,19.076,72.8777,warm_humid,3.0,3.0,2.6,45.0,concrete,0.1,gi_sheet,0.002,eps,0.05,north,0.6,1.5,0.55,5.8,33.422,37.809,0.2381,23.766
Mumbai,19.076,72.8777,warm_humid,3.0,3.0,2.6,180.0,gi_sheet,0.002,brick,0.23,eps,0.1,east,0.9,1.2,0.65,5.8,33.371,37.879,0.256,23.862
Mumbai,19.076,72.8777,warm_humid,3.0,3.0,2.6,0.0,concrete,0.3,gi_sheet,0.002,eps,0.025,east,0.6,0.6,0.65,2.6,33.026,36.753,0.3274,23.909
Mumbai,19.076,72.8777,warm_humid,3.0,3.0,2.6,45.0,concrete,0.3,rcc_slab,0.25,mineral_wool,0.025,west,0.6,0.9,0.35,3.5,32.594,36.077,0.3631,23.908
Mumbai,19.076,72.8777,warm_humid,3.0,3.0,2.6,135.0,brick,0.23,concrete,0.2,none,0.0,south,1.2,0.6,0.75,3.5,36.63,42.573,0.119,23.911
Mumbai,19.076,72.8777,warm_humid,3.0,3.0,2.6,90.0,rammed_earth,0.15,gi_sheet,0.002,mineral_wool,0.05,west,1.8,1.5,0.85,2.6,34.135,39.228,0.2083,23.794
Mumbai,19.076,72.8777,warm_humid,3.0,3.0,2.6,135.0,gi_sheet,0.002,puf_sandwich_panel,0.075,mineral_wool,0.05,east,0.6,0.9,0.55,3.5,33.251,39.962,0.3988,21.108
Mumbai,19.076,72.8777,warm_humid,3.0,3.0,2.6,45.0,plywood,0.012,concrete,0.1,none,0.0,south,1.5,1.5,0.35,5.8,38.095,53.21,0.3274,16.893
Mumbai,19.076,72.8777,warm_humid,3.0,3.0,2.6,45.0,plywood,0.012,puf_sandwich_panel,0.075,eps,0.05,west,1.5,1.5,0.55,5.8,34.155,42.802,0.3988,20.528
Mumbai,19.076,72.8777,warm_humid,3.0,3.0,2.6,90.0,puf_sandwich_panel,0.15,gi_sheet,0.002,mineral_wool,0.1,south,1.8,1.2,0.35,2.6,32.659,38.433,0.4464,22.628
Mumbai,19.076,72.8777,warm_humid,3.0,3.0,2.6,90.0,concrete,0.2,concrete,0.2,eps,0.05,south,0.6,0.6,0.75,5.8,32.205,35.49,0.369,23.911
Mumbai,19.076,72.8777,warm_humid,3.0,3.0,2.6,45.0,gi_sheet,0.002,puf_sandwich_panel,0.05,eps,0.1,west,1.2,0.6,0.45,3.5,32.692,38.67,0.4345,21.724
Mumbai,19.076,72.8777,warm_humid,3.0,3.0,2.6,135.0,concrete,0.15,rcc_slab,0.2,mineral_wool,0.05,north,1.5,1.2,0.75,3.5,33.836,37.941,0.256,23.913
Mumbai,19.076,72.8777,warm_humid,3.0,3.0,2.6,45.0,gi_sheet,0.002,rcc_slab,0.15,mineral_wool,0.1,east,0.6,0.6,0.45,5.8,32.506,36.573,0.375,23.453
Mumbai,19.076,72.8777,warm_humid,3.0,3.0,2.6,90.0,puf_sandwich_panel,0.075,rcc_slab,0.25,none,0.0,west,1.8,0.9,0.35,5.8,35.572,41.835,0.1607,22.952
Mumbai,19.076,72.8777,warm_humid,3.0,3.0,2.6,45.0,concrete,0.15,rcc_slab,0.25,mineral_wool,0.1,west,1.8,0.9,0.55,5.8,32.319,35.66,0.369,23.912
Mumbai,19.076,72.8777,warm_humid,3.0,3.0,2.6,45.0,rammed_earth,0.45,puf_sandwich_panel,0.15,mineral_wool,0.05,east,0.6,0.9,0.65,3.5,30.54,33.1,0.6071,23.908
Mumbai,19.076,72.8777,warm_humid,3.0,3.0,2.6,45.0,plywood,0.012,concrete,0.15,mineral_wool,0.025,west,1.2,0.9,0.45,5.8,34.753,41.549,0.2381,21.538
Mumbai,19.076,72.8777,warm_humid,3.0,3.0,2.6,135.0,rammed_earth,0.45,concrete,0.15,mineral_wool,0.1,west,0.9,1.5,0.65,5.8,30.758,33.567,0.5417,23.907
Mumbai,19.076,72.8777,warm_humid,3.0,3.0,2.6,135.0,plywood,0.03,concrete,0.15,mineral_wool,0.05,west,1.8,0.9,0.55,2.6,33.736,38.988,0.2679,22.819
Mumbai,19.076,72.8777,warm_humid,3.0,3.0,2.6,180.0,gi_sheet,0.002,brick,0.115,eps,0.025,west,1.2,0.6,0.65,3.5,34.947,42.576,0.2798,20.746
Mumbai,19.076,72.8777,warm_humid,3.0,3.0,2.6,180.0,rammed_earth,0.3,rcc_slab,0.2,mineral_wool,0.1,south,1.8,1.5,0.85,2.6,32.419,35.935,0.369,23.91
Mumbai,19.076,72.8777,warm_humid,3.0,3.0,2.6,45.0,brick,0.345,puf_sandwich_panel,0.15,eps,0.1,east,1.8,1.2,0.65,5.8,32.122,35.23,0.369,23.91
Mumbai,19.076,72.8777,warm_humid,3.0,3.0,2.6,45.0,rammed_earth,0.3,concrete,0.15,mineral_wool,0.05,east,0.6,0.9,0.35,5.8,31.623,34.567,0.4464,23.91
Mumbai,19.076,72.8777,warm_humid,3.0,3.0,2.6,180.0,brick,0.345,brick,0.23,eps,0.1,east,0.6,0.9,0.55,2.6,30.623,33.226,0.5714,23.908
Mumbai,19.076,72.8777,warm_humid,3.0,3.0,2.6,45.0,concrete,0.15,concrete,0.1,eps,0.025,east,0.9,1.5,0.65,2.6,34.644,39.426,0.1786,23.915
Mumbai,19.076,72.8777,warm_humid,3.0,3.0,2.6,135.0,puf_sandwich_panel,0.15,puf_sandwich_panel,0.15,eps,0.05,west,1.2,0.6,0.45,2.6,31.142,34.788,0.619,23.51
Mumbai,19.076,72.8777,warm_humid,3.0,3.0,2.6,90.0,plywood,0.012,concrete,0.15,eps,0.05,west,1.2,1.5,0.55,2.6,33.77,39.561,0.2917,22.292
Mumbai,19.076,72.8777,warm_humid,3.0,3.0,2.6,0.0,gi_sheet,0.002,concrete,0.15,mineral_wool,0.025,west,0.6,0.9,0.35,5.8,34.674,41.445,0.244,21.491
Mumbai,19.076,72.8777,warm_humid,3.0,3.0,2.6,180.0,plywood,0.012,puf_sandwich_panel,0.15,eps,0.1,west,1.8,0.6,0.85,2.6,33.342,39.672,0.4107,22.018
Mumbai,19.076,72.8777,warm_humid,3.0,3.0,2.6,90.0,plywood,0.03,gi_sheet,0.002,none,0.0,west,1.5,1.2,0.65,5.8,38.063,54.822,0.381,16.919
Mumbai,19.076,72.8777,warm_humid,3.0,3.0,2.6,45.0,rammed_earth,0.45,brick,0.23,mineral_wool,0.025,north,0.6,1.2,0.45,2.6,31.696,34.851,0.4762,23.907
Mumbai,19.076,72.8777,warm_humid,3.0,3.0,2.6,0.0,puf_sandwich_panel,0.15,rcc_slab,0.15,eps,0.025,south,1.5,0.9,0.55,5.8,33.46,38.148,0.2917,23.94
Mumbai,19.076,72.8777,warm_humid,3.0,3.0,2.6,135.0,brick,0.115,brick,0.115,eps,0.025,west,0.6,0.6,0.55,2.6,34.213,38.95,0.1964,23.92
Mumbai,19.076,72.8777,warm_humid,3.0,3.0,2.6,180.0,brick,0.23,rcc_slab,0.15,eps,0.1,south,1.8,1.2,0.35,3.5,31.722,34.852,0.4226,23.912
Mumbai,19.076,72.8777,warm_humid,3.0,3.0,2.6,45.0,brick,0.345,gi_sheet,0.002,mineral_wool,0.05,south,1.8,0.6,0.45,2.6,32.046,35.181,0.381,23.91
Mumbai,19.076,72.8777,warm_humid,3.0,3.0,2.6,180.0,gi_sheet,0.002,rcc_slab,0.1,mineral_wool,0.1,east,1.8,1.5,0.55,2.6,34.613,41.249,0.244,22.499
Mumbai,19.076,72.8777,warm_humid,3.0,3.0,2.6,135.0,brick,0.345,brick,0.23,mineral_wool,0.025,east,1.8,1.5,0.45,5.8,33.525,37.411,0.2857,23.909
Mumbai,19.076,72.8777,warm_humid,3.0,3.0,2.6,0.0,puf_sandwich_panel,0.05,puf_sandwich_panel,0.075,mineral_wool,0.025,west,1.8,1.2,0.85,2.6,34.828,44.332,0.3631,21.867
Mumbai,19.076,72.8777,warm_humid,3.0,3.0,2.6,45.0,gi_sheet,0.002,puf_sandwich_panel,0.075,eps,0.1,west,0.9,1.2,0.75,3.5,33.291,40.109,0.4048,21.595
Mumbai,19.076,72.8777,warm_humid,3.0,3.0,2.6,45.0,gi_sheet,0.002,rcc_slab,0.25,none,0.0,north,1.2,1.5,0.85,3.5,37.738,50.497,0.2679,17.114
Mumbai,19.076,72.8777,warm_humid,3.0,3.0,2.6,180.0,gi_sheet,0.002,gi_sheet,0.002,eps,0.025,east,1.8,1.2,0.65,3.5,35.971,47.662,0.3512,19.116
Mumbai,19.076,72.8777,warm_humid,3.0,3.0,2.6,45.0,puf_sandwich_panel,0.1,gi_sheet,0.002,mineral_wool,0.025,west,0.6,1.2,0.85,5.8,33.513,40.4,0.3929,22.216
Mumbai,19.076,72.8777,warm_humid,3.0,3.0,2.6,135.0,concrete,0.15,gi_sheet,0.002,mineral_wool,0.05,east,1.5,0.9,0.75,3.5,33.902,38.187,0.2202,23.917
Mumbai,19.076,72.8777,warm_humid,3.0,3.0,2.6,90.0,rammed_earth,0.15,puf_sandwich_panel,0.05,mineral_wool,0.025,south,0.9,0.9,0.65,3.5,33.361,37.678,0.244,23.921
Mumbai,19.076,72.8777,warm_humid,3.0,3.0,2.6,90.0,concrete,0.1,brick,0.23,eps,0.1,east,1.2,1.2,0.85,3.5,33.118,36.968,0.2857,23.917
Mumbai,19.076,72.8777,warm_humid,3.0,3.0,2.6,45.0,rammed_earth,0.3,gi_sheet,0.002,eps,0.05,east,1.2,0.9,0.65,3.5,32.453,35.805,0.3631,23.912
Mumbai,19.076,72.8777,warm_humid,3.0,3.0,2.6,180.0,gi_sheet,0.002,concrete,0.2,mineral_wool,0.1,south,1.8,0.9,0.55,2.6,33.021,37.523,0.2976,23.296
Mumbai,19.076,72.8777,warm_humid,3.0,3.0,2.6,180.0,gi_sheet,0.002,rcc_slab,0.1,mineral_wool,0.025,west,0.9,0.9,0.45,2.6,34.842,42.347,0.2798,20.712
Mumbai,19.076,72.8777,warm_humid,3.0,3.0,2.6,135.0,plywood,0.05,gi_sheet,0.002,eps,0.025,north,1.2,0.6,0.45,5.8,34.298,41.999,0.369,20.893
Mumbai,19.076,72.8777,warm_humid,3.0,3.0,2.6,180.0,plywood,0.019,puf_sandwich_panel,0.075,none,0.0,north,0.9,1.5,0.55,5.8,35.858,48.391,0.3988,17.613
Mumbai,19.076,72.8777,warm_humid,3.0,3.0,2.6,135.0,puf_sandwich_panel,0.075,brick,0.115,mineral_wool,0.1,east,1.8,0.6,0.85,2.6,32.981,37.49,0.3393,23.949
Mumbai,19.076,72.8777,warm_humid,3.0,3.0,2.6,90.0,concrete,0.15,puf_sandwich_panel,0.05,mineral_wool,0.1,north,1.8,0.6,0.55,3.5,32.051,35.329,0.3869,23.917
Mumbai,19.076,72.8777,warm_humid,3.0,3.0,2.6,135.0,gi_sheet,0.002,puf_sandwich_panel,0.05,eps,0.1,east,0.9,0.9,0.65,5.8,33.071,39.393,0.4107,21.813
Mumbai,19.076,72.8777,warm_humid,3.0,3.0,2.6,45.0,brick,0.345,rcc_slab,0.25,eps,0.05,south,0.9,0.6,0.85,3.5,31.606,34.65,0.4762,23.908
Mumbai,19.076,72.8777,warm_humid,3.0,3.0,2.6,180.0,plywood,0.05,concrete,0.1,eps,0.025,north,1.5,1.5,0.65,5.8,35.362,42.867,0.2321,22.308
Mumbai,19.076,72.8777,warm_humid,3.0,3.0,2.6,135.0,gi_sheet,0.002,gi_sheet,0.002,mineral_wool,0.025,north,1.8,1.2,0.85,2.6,36.185,47.292,0.3512,19.213
Mumbai,19.076,72.8777,warm_humid,3.0,3.0,2.6,0.0,gi_sheet,0.002,rcc_slab,0.1,eps,0.1,east,1.2,0.6,0.85,5.8,33.368,38.417,0.3155,23.084
Mumbai,19.076,72.8777,warm_humid,3.0,3.0,2.6,135.0,plywood,0.012,brick,0.115,eps,0.025,west,0.6,1.2,0.45,2.6,34.672,42.031,0.2857,20.999
Mumbai,19.076,72.8777,warm_humid,3.0,3.0,2.6,45.0,concrete,0.1,brick,0.115,eps,0.05,north,1.8,0.9,0.35,5.8,33.432,37.721,0.25,23.914
Mumbai,19.076,72.8777,warm_humid,3.0,3.0,2.6,90.0,brick,0.115,puf_sandwich_panel,0.05,mineral_wool,0.025,north,1.5,1.2,0.45,5.8,33.986,39.002,0.2024,23.435
Mumbai,19.076,72.8777,warm_humid,3.0,3.0,2.6,180.0,puf_sandwich_panel,0.1,puf_sandwich_panel,0.075,none,0.0,south,1.2,0.6,0.75,3.5,31.861,36.687,0.5238,22.874
Mumbai,19.076,72.8777,warm_humid,3.0,3.0,2.6,180.0,brick,0.23,rcc_slab,0.25,mineral_wool,0.025,south,0.9,1.2,0.85,5.8,33.433,37.421,0.2917,23.911
Mumbai,19.076,72.8777,warm_humid,3.0,3.0,2.6,45.0,gi_sheet,0.002,puf_sandwich_panel,0.075,eps,0.05,east,1.5,0.9,0.55,2.6,33.816,41.23,0.3988,20.733
Mumbai,19.076,72.8777,warm_humid,3.0,3.0,2.6,0.0,rammed_earth,0.15,gi_sheet,0.002,eps,0.05,north,1.5,1.2,0.85,5.8,33.703,38.315,0.2321,23.921
Mumbai,19.076,72.8777,warm_humid,3.0,3.0,2.6,135.0,puf_sandwich_panel,0.05,puf_sandwich_panel,0.15,eps,0.1,north,0.9,0.6,0.45,5.8,31.318,35.171,0.5893,23.338
Mumbai,19.076,72.8777,warm_humid,3.0,3.0,2.6,45.0,rammed_earth,0.45,puf_sandwich_panel,0.075,mineral_wool,0.1,south,0.6,1.5,0.55,2.6,30.461,33.01,0.6548,23.908
Mumbai,19.076,72.8777,warm_humid,3.0,3.0,2.6,0.0,puf_sandwich_panel,0.15,puf_sandwich_panel,0.15,mineral_wool,0.1,west,0.6,0.6,0.65,5.8,30.989,34.39,0.6607,23.982
Mumbai,19.076,72.8777,warm_humid,3.0,3.0,2.6,45.0,brick,0.23,rcc_slab,0.15,mineral_wool,0.1,east,1.5,1.5,0.85,3.5,33.454,37.167,0.2738,23.912
Mumbai,19.076,72.8777,warm_humid,3.0,3.0,2.6,180.0,rammed_earth,0.45,rcc_slab,0.15,mineral_wool,0.025,south,1.8,1.2,0.45,3.5,32.395,35.835,0.369,23.908
Mumbai,19.076,72.8777,warm_humid,3.0,3.0,2.6,0.0,rammed_earth,0.15,puf_sandwich_panel,0.05,none,0.0,north,0.6,1.2,0.65,3.5,35.022,41.419,0.1786,21.813
Mumbai,19.076,72.8777,warm_humid,3.0,3.0,2.6,180.0,plywood,0.012,brick,0.23,mineral_wool,0.025,west,1.2,0.6,0.45,5.8,34.406,40.351,0.2202,22.327
Mumbai,19.076,72.8777,warm_humid,3.0,3.0,2.6,45.0,brick,0.345,puf_sandwich_panel,0.075,eps,0.1,west,1.8,0.6,0.55,5.8,30.956,33.591,0.5119,23.91
Mumbai,19.076,72.8777,warm_humid,3.0,3.0,2.6,0.0,plywood,0.019,puf_sandwich_panel,0.1,none,0.0,west,0.6,1.2,0.35,2.6,35.576,47.55,0.4048,17.688
Mumbai,19.076,72.8777,warm_humid,3.0,3.0,2.6,0.0,rammed_earth,0.45,rcc_slab,0.1,mineral_wool,0.025,north,1.5,0.9,0.45,5.8,32.221,35.548,0.375,23.908
Mumbai,19.076,72.8777,warm_humid,3.0,3.0,2.6,180.0,concrete,0.15,concrete,0.2,mineral_wool,0.1,east,0.9,1.2,0.35,3.5,31.92,35.023,0.3929,23.913
Mumbai,19.076,72.8777,warm_humid,3.0,3.0,2.6,135.0,concrete,0.2,concrete,0.1,eps,0.025,south,1.2,0.9,0.45,3.5,33.85,38.111,0.256,23.912
Mumbai,19.076,72.8777,warm_humid,3.0,3.0,2.6,135.0,puf_sandwich_panel,0.1,gi_sheet,0.002,eps,0.05,north,1.5,1.5,0.35,5.8,33.12,39.365,0.4286,21.881
Mumbai,19.076,72.8777,warm_humid,3.0,3.0,2.6,90.0,concrete,0.1,puf_sandwich_panel,0.075,mineral_wool,0.025,south,1.2,0.6,0.55,5.8,33.671,38.468,0.2262,23.551
Mumbai,19.076,72.8777,warm_humid,3.0,3.0,2.6,135.0,plywood,0.05,rcc_slab,0.15,eps,0.025,north,1.5,1.2,0.75,5.8,35.258,41.733,0.1905,22.865
Mumbai,19.076,72.8777,warm_humid,3.0,3.0,2.6,135.0,gi_sheet,0.002,brick,0.23,mineral_wool,0.025,south,0.9,1.5,0.45,2.6,34.654,41.025,0.2202,21.621
Mumbai,19.076,72.8777,warm_humid,3.0,3.0,2.6,90.0,concrete,0.2,gi_sheet,0.002,eps,0.1,north,1.2,1.5,0.75,3.5,32.905,36.502,0.3036,23.914
Mumbai,19.076,72.8777,warm_humid,3.0,3.0,2.6,180.0,brick,0.115,concrete,0.1,eps,0.025,west,1.8,0.9,0.35,5.8,34.542,39.606,0.1845,23.872
Mumbai,19.076,72.8777,warm_humid,3.0,3.0,2.6,90.0,rammed_earth,0.3,gi_sheet,0.002,eps,0.025,north,0.9,1.5,0.35,2.6,33.122,36.964,0.2976,23.912
Mumbai,19.076,72.8777,warm_humid,3.0,3.0,2.6,90.0,gi_sheet,0.002,puf_sandwich_panel,0.05,eps,0.05,south,1.8,1.5,0.65,3.5,35.148,45.479,0.3512,20.209
Mumbai,19.076,72.8777,warm_humid,3.0,3.0,2.6,0.0,concrete,0.3,brick,0.23,eps,0.05,south,0.6,1.5,0.35,5.8,31.706,34.766,0.4524,23.908
Mumbai,19.076,72.8777,warm_humid,3.0,3.0,2.6,45.0,plywood,0.012,puf_sandwich_panel,0.05,mineral_wool,0.05,south,0.6,0.9,0.35,2.6,33.079,39.808,0.4345,21.305
Mumbai,19.076,72.8777,warm_humid,3.0,3.0,2.6,180.0,plywood,0.03,rcc_slab,0.1,mineral_wool,0.05,west,0.9,0.6,0.35,2.6,33.189,38.184,0.3214,22.871
Mumbai,19.076,72.8777,warm_humid,3.0,3.0,2.6,90.0,puf_sandwich_panel,0.1,brick,0.23,mineral_wool,0.05,north,1.5,1.5,0.55,5.8,33.415,37.773,0.244,23.934
Mumbai,19.076,72.8777,warm_humid,3.0,3.0,2.6,0.0,plywood,0.019,gi_sheet,0.002,eps,0.05,east,1.8,1.5,0.85,5.8,35.89,45.804,0.3274,20.523
Mumbai,19.076,72.8777,warm_humid,3.0,3.0,2.6,180.0,gi_sheet,0.002,rcc_slab,0.15,eps,0.1,south,1.5,1.2,0.75,3.5,33.508,38.771,0.2798,22.845
Mumbai,19.076,72.8777,warm_humid,3.0,3.0,2.6,90.0,concrete,0.1,concrete,0.1,eps,0.025,north,1.5,0.6,0.75,2.6,34.676,39.837,0.1726,23.904
Mumbai,19.076,72.8777,warm_humid,3.0,3.0,2.6,0.0,puf_sandwich_panel,0.05,gi_sheet,0.002,mineral_wool,0.05,north,1.8,0.9,0.85,3.5,33.434,40.474,0.3988,21.888
Mumbai,19.076,72.8777,warm_humid,3.0,3.0,2.6,0.0,rammed_earth,0.15,gi_sheet,0.002,mineral_wool,0.1,east,0.9,0.9,0.35,3.5,31.934,35.125,0.3869,23.92
Mumbai,19.076,72.8777,warm_humid,3.0,3.0,2.6,45.0,concrete,0.1,puf_sandwich_panel,0.1,mineral_wool,0.025,east,1.8,1.2,0.65,2.6,34.712,40.179,0.1726,23.617
Mumbai,19.076,72.8777,warm_humid,3.0,3.0,2.6,45.0,rammed_earth,0.45,concrete,0.2,eps,0.1,east,1.8,1.2,0.55,5.8,31.392,34.41,0.5,23.907
Mumbai,19.076,72.8777,warm_humid,3.0,3.0,2.6,0.0,concrete,0.3,gi_sheet,0.002,eps,0.1,south,0.9,0.6,0.75,3.5,31.129,33.847,0.506,23.909
Mumbai,19.076,72.8777,warm_humid,3.0,3.0,2.6,0.0,puf_sandwich_panel,0.05,puf_sandwich_panel,0.075,mineral_wool,0.1,east,1.8,0.6,0.75,5.8,32.415,37.354,0.4405,23.032
Mumbai,19.076,72.8777,warm_humid,3.0,3.0,2.6,180.0,rammed_earth,0.15,puf_sandwich_panel,0.15,eps,0.05,east,0.6,0.9,0.45,2.6,32.135,35.538,0.3512,23.921
Mumbai,19.076,72.8777,warm_humid,3.0,3.0,2.6,135.0,puf_sandwich_panel,0.1,brick,0.115,mineral_wool,0.1,west,1.2,0.6,0.35,5.8,31.442,34.666,0.5655,23.948
Mumbai,19.076,72.8777,warm_humid,3.0,3.0,2.6,0.0,brick,0.115,puf_sandwich_panel,0.1,eps,0.05,west,1.5,1.5,0.65,5.8,34.417,39.369,0.1786,23.925
Mumbai,19.076,72.8777,warm_humid,3.0,3.0,2.6,135.0,brick,0.345,brick,0.23,none,0.0,north,1.8,1.2,0.45,2.6,35.201,40.044,0.1905,23.909
Mumbai,19.076,72.8777,warm_humid,3.0,3.0,2.6,45.0,rammed_earth,0.45,puf_sandwich_panel,0.075,mineral_wool,0.1,east,0.9,0.9,0.45,3.5,30.206,32.632,0.7262,23.908
Mumbai,19.076,72.8777,warm_humid,3.0,3.0,2.6,0.0,brick,0.23,rcc_slab,0.2,eps,0.025,south,1.8,1.2,0.55,3.5,34.108,38.427,0.25,23.911
Mumbai,19.076,72.8777,warm_humid,3.0,3.0,2.6,90.0,brick,0.345,rcc_slab,0.15,mineral_wool,0.025,east,1.2,0.6,0.65,2.6,32.717,36.222,0.3631,23.909
Mumbai,19.076,72.8777,warm_humid,3.0,3.0,2.6,180.0,plywood,0.03,brick,0.23,mineral_wool,0.1,north,0.6,0.6,0.45,3.5,31.995,35.397,0.4464,23.932
Mumbai,19.076,72.8777,warm_humid,3.0,3.0,2.6,0.0,concrete,0.15,gi_sheet,0.002,mineral_wool,0.025,north,0.9,0.9,0.55,2.6,34.14,38.873,0.2083,23.917
Mumbai,19.076,72.8777,warm_humid,3.0,3.0,2.6,45.0,puf_sandwich_panel,0.15,concrete,0.2,none,0.0,south,0.6,0.6,0.75,5.8,36.029,42.558,0.1369,23.504
Mumbai,19.076,72.8777,warm_humid,3.0,3.0,2.6,90.0,brick,0.23,puf_sandwich_panel,0.05,none,0.0,west,1.5,1.5,0.75,2.6,35.064,40.644,0.1726,23.862
Mumbai,19.076,72.8777,warm_humid,3.0,3.0,2.6,45.0,concrete,0.15,brick,0.115,mineral_wool,0.025,east,1.2,1.2,0.65,3.5,34.676,39.468,0.1786,23.915
Mumbai,19.076,72.8777,warm_humid,3.0,3.0,2.6,135.0,plywood,0.03,puf_sandwich_panel,0.05,eps,0.05,west,1.8,0.9,0.65,3.5,33.638,40.63,0.3869,21.26
Mumbai,19.076,72.8777,warm_humid,3.0,3.0,2.6,90.0,plywood,0.019,brick,0.23,mineral_wool,0.05,south,0.9,0.9,0.35,2.6,33.19,37.765,0.2857,23.403
Mumbai,19.076,72.8777,warm_humid,3.0,3.0,2.6,135.0,rammed_earth,0.3,gi_sheet,0.002,eps,0.05,south,1.5,1.2,0.55,2.6,32.703,36.26,0.3274,23.912
Mumbai,19.076,72.8777,warm_humid,3.0,3.0,2.6,90.0,concrete,0.2,brick,0.115,mineral_wool,0.05,north,1.5,0.9,0.75,3.5,33.226,37.023,0.2917,23.912
Mumbai,19.076,72.8777,warm_humid,3.0,3.0,2.6,45.0,plywood,0.012,gi_sheet,0.002,eps,0.1,east,1.8,0.6,0.65,3.5,33.361,39.788,0.3988,21.852
Mumbai,19.076,72.8777,warm_humid,3.0,3.0,2.6,90.0,concrete,0.15,gi_sheet,0.002,none,0.0,east,0.9,0.9,0.55,5.8,37.868,47.332,0.1369,20.193
Mumbai,19.076,72.8777,warm_humid,3.0,3.0,2.6,135.0,plywood,0.05,rcc_slab,0.2,eps,0.05,west,0.9,0.9,0.75,3.5,33.201,37.524,0.2679,23.846
Mumbai,19.076,72.8777,warm_humid,3.0,3.0,2.6,90.0,gi_sheet,0.002,puf_sandwich_panel,0.15,mineral_wool,0.025,west,1.5,0.6,0.35,2.6,33.645,41.516,0.4167,19.863
Mumbai,19.076,72.8777,warm_humid,3.0,3.0,2.6,0.0,rammed_earth,0.15,concrete,0.15,mineral_wool,0.05,east,0.6,0.6,0.35,2.6,32.457,35.915,0.3214,23.916
Mumbai,19.076,72.8777,warm_humid,3.0,3.0,2.6,180.0,puf_sandwich_panel,0.15,brick,0.23,mineral_wool,0.05,north,0.9,0.9,0.35,2.6,31.807,34.989,0.4702,23.934
Mumbai,19.076,72.8777,warm_humid,3.0,3.0,2.6,135.0,rammed_earth,0.3,concrete,0.2,none,0.0,south,0.9,1.5,0.35,2.6,35.829,41.184,0.1429,23.91
Mumbai,19.076,72.8777,warm_humid,3.0,3.0,2.6,90.0,plywood,0.05,brick,0.23,mineral_wool,0.1,north,1.5,0.9,0.35,3.5,32.287,35.921,0.3988,23.93
Mumbai,19.076,72.8777,warm_humid,3.0,3.0,2.6,90.0,puf_sandwich_panel,0.1,concrete,0.1,mineral_wool,0.05,east,0.6,1.5,0.35,3.5,32.236,36.209,0.4286,23.949
Mumbai,19.076,72.8777,warm_humid,3.0,3.0,2.6,135.0,brick,0.345,brick,0.115,none,0.0,south,1.2,1.5,0.65,3.5,36.19,41.568,0.1429,23.909
Mumbai,19.076,72.8777,warm_humid,3.0,3.0,2.6,0.0,plywood,0.05,rcc_slab,0.25,mineral_wool,0.05,south,0.6,1.2,0.35,2.6,32.782,36.689,0.3036,23.926
Mumbai,19.076,72.8777,warm_humid,3.0,3.0,2.6,90.0,rammed_earth,0.3,rcc_slab,0.1,mineral_wool,0.05,south,0.6,0.6,0.85,3.5,31.832,34.866,0.4107,23.91
Mumbai,19.076,72.8777,warm_humid,3.0,3.0,2.6,180.0,gi_sheet,0.002,brick,0.115,none,0.0,west,0.6,1.5,0.75,2.6,37.633,52.772,0.3512,16.209
Mumbai,19.076,72.8777,warm_humid,3.0,3.0,2.6,135.0,brick,0.23,puf_sandwich_panel,0.075,eps,0.05,east,1.2,1.5,0.65,5.8,33.207,36.961,0.2798,23.914
Mumbai,19.076,72.8777,warm_humid,3.0,3.0,2.6,180.0,puf_sandwich_panel,0.075,brick,0.115,eps,0.1,north,0.9,1.5,0.85,2.6,33.082,37.815,0.3452,23.951
Mumbai,19.076,72.8777,warm_humid,3.0,3.0,2.6,90.0,concrete,0.3,brick,0.115,mineral_wool,0.025,south,0.9,1.5,0.45,3.5,33.323,37.193,0.2976,23.909
Mumbai,19.076,72.8777,warm_humid,3.0,3.0,2.6,0.0,gi_sheet,0.002,brick,0.115,eps,0.025,east,0.9,0.9,0.45,2.6,34.898,42.582,0.2857,20.737
Mumbai,19.076,72.8777,warm_humid,3.0,3.0,2.6,90.0,gi_sheet,0.002,gi_sheet,0.002,mineral_wool,0.05,south,0.9,1.5,0.45,2.6,34.048,42.169,0.3869,20.54
Mumbai,19.076,72.8777,warm_humid,3.0,3.0,2.6,135.0,gi_sheet,0.002,brick,0.23,mineral_wool,0.05,north,0.6,0.6,0.55,3.5,33.319,38.029,0.2679,23.061
Mumbai,19.076,72.8777,warm_humid,3.0,3.0,2.6,180.0,plywood,0.05,puf_sandwich_panel,0.075,none,0.0,north,1.8,0.6,0.85,2.6,35.073,44.853,0.3571,19.54
Mumbai,19.076,72.8777,warm_humid,3.0,3.0,2.6,45.0,brick,0.115,rcc_slab,0.1,mineral_wool,0.1,west,1.5,0.9,0.85,2.6,33.178,37.047,0.2738,23.92
Mumbai,19.076,72.8777,warm_humid,3.0,3.0,2.6,135.0,gi_sheet,0.002,puf_sandwich_panel,0.075,eps,0.05,east,1.8,0.9,0.55,5.8,34.078,42.347,0.3929,20.66
Mumbai,19.076,72.8777,warm_humid,3.0,3.0,2.6,45.0,concrete,0.2,rcc_slab,0.2,mineral_wool,0.05,north,1.8,1.2,0.35,5.8,32.728,36.368,0.3333,23.911
Mumbai,19.076,72.8777,warm_humid,3.0,3.0,2.6,135.0,plywood,0.012,rcc_slab,0.1,mineral_wool,0.025,west,0.9,1.5,0.85,2.6,35.334,43.41,0.2619,20.843
Mumbai,19.076,72.8777,warm_humid,3.0,3.0,2.6,0.0,rammed_earth,0.15,gi_sheet,0.002,none,0.0,south,1.5,0.6,0.65,5.8,37.65,46.995,0.1488,20.341
Mumbai,19.076,72.8777,warm_humid,3.0,3.0,2.6,90.0,brick,0.115,puf_sandwich_panel,0.1,mineral_wool,0.1,east,0.9,1.5,0.75,5.8,32.82,36.683,0.2917,23.924
Mumbai,19.076,72.8777,warm_humid,3.0,3.0,2.6,90.0,plywood,0.019,puf_sandwich_panel,0.075,eps,0.1,north,0.9,0.6,0.55,5.8,32.224,37.303,0.4762,22.391
Mumbai,19.076,72.8777,warm_humid,3.0,3.0,2.6,90.0,puf_sandwich_panel,0.15,brick,0.23,mineral_wool,0.025,south,1.2,0.6,0.75,2.6,33.002,36.87,0.2798,23.934
Mumbai,19.076,72.8777,warm_humid,3.0,3.0,2.6,0.0,gi_sheet,0.002,gi_sheet,0.002,mineral_wool,0.025,north,1.8,0.9,0.35,3.5,34.875,44.81,0.369,19.203
Mumbai,19.076,72.8777,warm_humid,3.0,3.0,2.6,45.0,plywood,0.012,rcc_slab,0.2,none,0.0,south,1.5,0.9,0.35,2.6,37.566,49.755,0.256,17.979
Mumbai,19.076,72.8777,warm_humid,3.0,3.0,2.6,45.0,concrete,0.1,rcc_slab,0.1,eps,0.025,east,1.2,0.6,0.55,3.5,34.557,39.592,0.1786,23.894
Mumbai,19.076,72.8777,warm_humid,3.0,3.0,2.6,0.0,brick,0.23,gi_sheet,0.002,none,0.0,east,1.5,0.9,0.75,5.8,37.7,45.07,0.1071,22.838
Mumbai,19.076,72.8777,warm_humid,3.0,3.0,2.6,0.0,gi_sheet,0.002,brick,0.115,eps,0.025,south,0.9,0.9,0.35,3.5,34.81,42.515,0.2857,20.782
Mumbai,19.076,72.8777,warm_humid,3.0,3.0,2.6,0.0,brick,0.345,rcc_slab,0.2,eps,0.05,west,1.8,0.6,0.65,3.5,32.071,35.281,0.375,23.908
Mumbai,19.076,72.8777,warm_humid,3.0,3.0,2.6,135.0,puf_sandwich_panel,0.075,rcc_slab,0.25,mineral_wool,0.05,north,1.8,0.9,0.65,5.8,33.185,37.131,0.2262,23.929
Mumbai,19.076,72.8777,warm_humid,3.0,3.0,2.6,135.0,brick,0.115,puf_sandwich_panel,0.15,mineral_wool,0.025,north,0.9,0.6,0.85,2.6,33.602,38.138,0.2143,23.924
Mumbai,19.076,72.8777,warm_humid,3.0,3.0,2.6,90.0,brick,0.115,rcc_slab,0.1,mineral_wool,0.05,west,0.6,1.5,0.65,3.5,33.14,37.232,0.2857,23.92
Mumbai,19.076,72.8777,warm_humid,3.0,3.0,2.6,180.0,brick,0.23,concrete,0.2,none,0.0,west,1.2,0.9,0.55,2.6,36.576,42.541,0.119,23.911
Mumbai,19.076,72.8777,warm_humid,3.0,3.0,2.6,180.0,plywood,0.019,brick,0.23,mineral_wool,0.025,north,1.2,1.2,0.55,2.6,34.707,40.909,0.2143,22.788
Mumbai,19.076,72.8777,warm_humid,3.0,3.0,2.6,0.0,gi_sheet,0.002,puf_sandwich_panel,0.15,mineral_wool,0.05,east,0.9,0.6,0.65,2.6,33.33,40.055,0.3929,21.221
Mumbai,19.076,72.8777,warm_humid,3.0,3.0,2.6,180.0,plywood,0.012,brick,0.115,none,0.0,north,0.9,1.2,0.35,3.5,37.492,51.571,0.3393,17.172
Mumbai,19.076,72.8777,warm_humid,3.0,3.0,2.6,90.0,puf_sandwich_panel,0.05,gi_sheet,0.002,mineral_wool,0.025,west,1.8,0.6,0.75,3.5,33.668,41.102,0.3988,21.505
Mumbai,19.076,72.8777,warm_humid,3.0,3.0,2.6,135.0,rammed_earth,0.45,rcc_slab,0.2,eps,0.025,east,1.5,0.6,0.65,5.8,32.232,35.607,0.375,23.907
Mumbai,19.076,72.8777,warm_humid,3.0,3.0,2.6,0.0,brick,0.115,rcc_slab,0.15,mineral_wool,0.025,south,0.9,1.5,0.45,2.6,34.512,39.432,0.1905,23.918
Mumbai,19.076,72.8777,warm_humid,3.0,3.0,2.6,135.0,concrete,0.1,puf_sandwich_panel,0.05,eps,0.025,west,1.5,0.6,0.75,5.8,33.949,38.921,0.2024,23.272
Mumbai,19.076,72.8777,warm_humid,3.0,3.0,2.6,45.0,gi_sheet,0.002,concrete,0.2,eps,0.025,east,1.5,1.2,0.85,5.8,35.719,42.859,0.1845,21.989
Mumbai,19.076,72.8777,warm_humid,3.0,3.0,2.6,0.0,concrete,0.15,brick,0.23,mineral_wool,0.1,east,1.5,1.2,0.65,5.8,32.932,36.493,0.2976,23.913
Mumbai,19.076,72.8777,warm_humid,3.0,3.0,2.6,90.0,gi_sheet,0.002,brick,0.23,eps,0.1,north,0.9,0.9,0.75,5.8,32.88,37.134,0.3155,23.635
Mumbai,19.076,72.8777,warm_humid,3.0,3.0,2.6,180.0,concrete,0.2,concrete,0.1,eps,0.025,east,1.5,1.5,0.35,5.8,34.234,38.733,0.2262,23.912
Mumbai,19.076,72.8777,warm_humid,3.0,3.0,2.6,45.0,puf_sandwich_panel,0.15,puf_sandwich_panel,0.1,mineral_wool,0.025,east,1.2,0.6,0.65,3.5,31.688,35.8,0.5179,23.514
Mumbai,19.076,72.8777,warm_humid,3.0,3.0,2.6,180.0,gi_sheet,0.002,rcc_slab,0.2,eps,0.025,east,1.2,0.6,0.35,3.5,34.554,40.729,0.2202,21.916
Mumbai,19.076,72.8777,warm_humid,3.0,3.0,2.6,90.0,concrete,0.2,gi_sheet,0.002,mineral_wool,0.025,west,1.8,1.5,0.35,5.8,33.95,38.613,0.2381,23.914
Mumbai,19.076,72.8777,warm_humid,3.0,3.0,2.6,45.0,concrete,0.15,rcc_slab,0.15,mineral_wool,0.025,east,0.6,0.9,0.55,3.5,33.985,38.35,0.244,23.914
Mumbai,19.076,72.8777,warm_humid,3.0,3.0,2.6,135.0,plywood,0.012,brick,0.23,mineral_wool,0.05,south,1.8,1.5,0.85,2.6,35.369,41.91,0.1667,22.663
Mumbai,19.076,72.8777,warm_humid,3.0,3.0,2.6,180.0,rammed_earth,0.15,gi_sheet,0.002,eps,0.05,north,0.9,0.9,0.35,2.6,32.787,36.611,0.2976,23.921
Mumbai,19.076,72.8777,warm_humid,3.0,3.0,2.6,45.0,concrete,0.1,gi_sheet,0.002,mineral_wool,0.025,east,1.8,1.2,0.75,3.5,35.685,41.896,0.1429,23.35
Mumbai,19.076,72.8777,warm_humid,3.0,3.0,2.6,0.0,rammed_earth,0.3,gi_sheet,0.002,eps,0.1,east,0.9,0.6,0.75,5.8,31.193,33.865,0.5,23.912
Mumbai,19.076,72.8777,warm_humid,3.0,3.0,2.6,90.0,brick,0.115,gi_sheet,0.002,eps,0.05,east,0.9,1.5,0.85,5.8,34.099,38.907,0.1905,23.925
Mumbai,19.076,72.8777,warm_humid,3.0,3.0,2.6,135.0,plywood,0.012,puf_sandwich_panel,0.075,eps,0.05,north,0.6,1.5,0.85,2.6,33.739,41.015,0.4048,21.213
Mumbai,19.076,72.8777,warm_humid,3.0,3.0,2.6,45.0,brick,0.23,gi_sheet,0.002,mineral_wool,0.025,west,1.5,1.2,0.55,2.6,34.173,38.645,0.2262,23.914
Mumbai,19.076,72.8777,warm_humid,3.0,3.0,2.6,180.0,rammed_earth,0.45,rcc_slab,0.2,mineral_wool,0.1,north,1.5,0.9,0.75,2.6,30.994,33.951,0.5119,23.907
Mumbai,19.076,72.8777,warm_humid,3.0,3.0,2.6,45.0,concrete,0.3,concrete,0.1,mineral_wool,0.025,east,0.9,1.2,0.55,5.8,33.346,37.195,0.3036,23.909
Mumbai,19.076,72.8777,warm_humid,3.0,3.0,2.6,135.0,rammed_earth,0.45,concrete,0.2,mineral_wool,0.05,south,0.6,1.2,0.55,5.8,30.975,33.893,0.5179,23.907
Mumbai,19.076,72.8777,warm_humid,3.0,3.0,2.6,180.0,concrete,0.15,gi_sheet,0.002,mineral_wool,0.1,north,0.9,1.2,0.55,3.5,32.38,35.794,0.3274,23.917
Mumbai,19.076,72.8777,warm_humid,3.0,3.0,2.6,45.0,rammed_earth,0.15,concrete,0.1,eps,0.1,east,0.6,1.5,0.85,3.5,32.488,35.852,0.3214,23.918
Mumbai,19.076,72.8777,warm_humid,3.0,3.0,2.6,180.0,plywood,0.03,gi_sheet,0.002,eps,0.05,north,1.5,1.2,0.75,2.6,34.68,43.204,0.3571,21.261
Mumbai,19.076,72.8777,warm_humid,3.0,3.0,2.6,90.0,rammed_earth,0.3,gi_sheet,0.002,mineral_wool,0.1,west,1.5,1.2,0.75,3.5,31.858,35.078,0.4167,23.912
Mumbai,19.076,72.8777,warm_humid,3.0,3.0,2.6,135.0,puf_sandwich_panel,0.15,puf_sandwich_panel,0.1,mineral_wool,0.05,west,0.9,0.9,0.55,2.6,31.408,35.324,0.5655,23.432
Mumbai,19.076,72.8777,warm_humid,3.0,3.0,2.6,90.0,puf_sandwich_panel,0.15,concrete,0.15,mineral_wool,0.05,south,1.2,0.6,0.35,5.8,31.974,35.351,0.4464,23.939
Mumbai,19.076,72.8777,warm_humid,3.0,3.0,2.6,0.0,puf_sandwich_panel,0.15,concrete,0.1,mineral_wool,0.05,south,1.8,1.2,0.55,5.8,33.49,38.683,0.3155,23.948
Mumbai,19.076,72.8777,warm_humid,3.0,3.0,2.6,0.0,plywood,0.03,concrete,0.15,eps,0.05,south,0.9,0.9,0.35,3.5,33.241,38.001,0.3036,23.438
Mumbai,19.076,72.8777,warm_humid,3.0,3.0,2.6,180.0,puf_sandwich_panel,0.15,brick,0.115,eps,0.1,north,0.6,0.6,0.85,3.5,31.464,34.624,0.5714,23.95
Mumbai,19.076,72.8777,warm_humid,3.0,3.0,2.6,135.0,brick,0.23,brick,0.115,mineral_wool,0.05,east,1.8,1.5,0.45,2.6,33.652,37.659,0.2619,23.913
Mumbai,19.076,72.8777,warm_humid,3.0,3.0,2.6,180.0,rammed_earth,0.15,puf_sandwich_panel,0.1,mineral_wool,0.025,east,0.6,0.6,0.45,2.6,32.796,36.746,0.2976,23.921
Mumbai,19.076,72.8777,warm_humid,3.0,3.0,2.6,90.0,plywood,0.012,concrete,0.15,eps,0.05,west,1.8,1.5,0.55,2.6,34.102,40.4,0.2679,21.943
Mumbai,19.076,72.8777,warm_humid,3.0,3.0,2.6,90.0,rammed_earth,0.3,gi_sheet,0.002,mineral_wool,0.1,south,1.8,0.9,0.75,5.8,32.515,35.801,0.3393,23.912
Mumbai,19.076,72.8777,warm_humid,3.0,3.0,2.6,135.0,concrete,0.1,rcc_slab,0.15,eps,0.025,south,1.8,0.9,0.75,5.8,35.037,40.356,0.1548,23.731
Mumbai,19.076,72.8777,warm_humid,3.0,3.0,2.6,135.0,rammed_earth,0.45,puf_sandwich_panel,0.05,eps,0.025,south,1.5,0.6,0.45,3.5,31.315,34.214,0.5,23.908
Mumbai,19.076,72.8777,warm_humid,3.0,3.0,2.6,90.0,brick,0.345,concrete,0.15,eps,0.025,west,1.5,0.6,0.85,2.6,32.773,36.359,0.3631,23.909
Mumbai,19.076,72.8777,warm_humid,3.0,3.0,2.6,135.0,rammed_earth,0.15,gi_sheet,0.002,mineral_wool,0.025,north,0.6,0.6,0.45,2.6,33.792,38.338,0.2083,23.863
Mumbai,19.076,72.8777,warm_humid,3.0,3.0,2.6,0.0,plywood,0.012,brick,0.23,mineral_wool,0.1,south,1.5,1.5,0.75,3.5,34.346,39.695,0.1845,23.933
Mumbai,19.076,72.8777,warm_humid,3.0,3.0,2.6,0.0,plywood,0.05,gi_sheet,0.002,eps,0.05,east,1.8,0.9,0.75,5.8,34.427,41.661,0.3274,21.628
Mumbai,19.076,72.8777,warm_humid,3.0,3.0,2.6,135.0,puf_sandwich_panel,0.1,gi_sheet,0.002,eps,0.1,east,1.8,0.9,0.55,3.5,32.979,39.238,0.4286,22.897
Mumbai,19.076,72.8777,warm_humid,3.0,3.0,2.6,45.0,gi_sheet,0.002,brick,0.23,eps,0.025,south,1.2,1.2,0.75,5.8,35.376,42.408,0.1905,22.168
Mumbai,19.076,72.8777,warm_humid,3.0,3.0,2.6,45.0,plywood,0.012,brick,0.115,mineral_wool,0.025,north,1.8,0.9,0.55,3.5,35.095,43.026,0.2738,20.74
Mumbai,19.076,72.8777,warm_humid,3.0,3.0,2.6,45.0,puf_sandwich_panel,0.1,gi_sheet,0.002,eps,0.025,north,1.2,1.5,0.35,5.8,33.409,40.297,0.4226,21.511
Mumbai,19.076,72.8777,warm_humid,3.0,3.0,2.6,90.0,concrete,0.1,concrete,0.1,mineral_wool,0.05,south,0.9,1.2,0.55,5.8,33.54,37.807,0.244,23.919
Mumbai,19.076,72.8777,warm_humid,3.0,3.0,2.6,135.0,rammed_earth,0.45,gi_sheet,0.002,mineral_wool,0.025,west,1.5,0.9,0.55,2.6,32.469,35.881,0.3631,23.908
Mumbai,19.076,72.8777,warm_humid,3.0,3.0,2.6,0.0,gi_sheet,0.002,rcc_slab,0.2,eps,0.1,west,1.2,1.5,0.65,3.5,34.132,39.235,0.1964,23.836
Mumbai,19.076,72.8777,warm_humid,3.0,3.0,2.6,90.0,plywood,0.019,rcc_slab,0.25,eps,0.1,south,1.8,0.6,0.35,5.8,32.367,36.07,0.3631,23.928
Mumbai,19.076,72.8777,warm_humid,3.0,3.0,2.6,180.0,brick,0.115,brick,0.23,mineral_wool,0.05,west,0.9,1.5,0.55,3.5,33.435,37.438,0.2679,23.917
Mumbai,19.076,72.8777,warm_humid,3.0,3.0,2.6,0.0,puf_sandwich_panel,0.1,puf_sandwich_panel,0.15,eps,0.05,west,0.6,1.2,0.55,5.8,31.646,36.152,0.5476,23.389
Mumbai,19.076,72.8777,warm_humid,3.0,3.0,2.6,45.0,puf_sandwich_panel,0.15,puf_sandwich_panel,0.1,none,0.0,south,0.9,1.5,0.45,3.5,32.233,37.594,0.4881,22.985
Mumbai,19.076,72.8777,warm_humid,3.0,3.0,2.6,45.0,rammed_earth,0.3,puf_sandwich_panel,0.15,mineral_wool,0.1,north,1.5,1.2,0.85,5.8,32.058,35.238,0.381,23.912
Mumbai,19.076,72.8777,warm_humid,3.0,3.0,2.6,180.0,brick,0.345,brick,0.23,mineral_wool,0.05,east,1.8,1.5,0.85,2.6,34.073,38.102,0.2321,23.909
Mumbai,19.076,72.8777,warm_humid,3.0,3.0,2.6,135.0,brick,0.115,rcc_slab,0.15,eps,0.1,east,1.8,0.9,0.65,3.5,33.269,37.095,0.2738,23.918
Mumbai,19.076,72.8777,warm_humid,3.0,3.0,2.6,180.0,plywood,0.012,puf_sandwich_panel,0.075,eps,0.025,west,1.2,1.5,0.35,5.8,34.138,42.668,0.4048,19.864
Mumbai,19.076,72.8777,warm_humid,3.0,3.0,2.6,45.0,concrete,0.2,gi_sheet,0.002,eps,0.025,north,1.5,0.9,0.75,5.8,34.273,38.853,0.2143,23.914
Mumbai,19.076,72.8777,warm_humid,3.0,3.0,2.6,45.0,gi_sheet,0.002,gi_sheet,0.002,eps,0.05,west,1.8,0.6,0.55,5.8,34.047,42.097,0.3869,20.549
Mumbai,19.076,72.8777,warm_humid,3.0,3.0,2.6,135.0,brick,0.23,brick,0.115,eps,0.025,east,1.2,0.6,0.85,2.6,33.915,38.036,0.25,23.912
Mumbai,19.076,72.8777,warm_humid,3.0,3.0,2.6,135.0,brick,0.345,puf_sandwich_panel,0.05,mineral_wool,0.025,south,1.2,1.5,0.85,2.6,33.14,36.879,0.3036,23.91
Mumbai,19.076,72.8777,warm_humid,3.0,3.0,2.6,45.0,gi_sheet,0.002,rcc_slab,0.2,mineral_wool,0.025,south,0.6,0.6,0.65,2.6,34.585,40.703,0.2202,22.035
Mumbai,19.076,72.8777,warm_humid,3.0,3.0,2.6,45.0,gi_sheet,0.002,gi_sheet,0.002,mineral_wool,0.1,north,1.8,0.6,0.45,5.8,33.018,39.041,0.4048,21.596
Mumbai,19.076,72.8777,warm_humid,3.0,3.0,2.6,90.0,plywood,0.012,gi_sheet,0.002,eps,0.05,north,1.2,0.6,0.75,5.8,33.848,41.406,0.3869,20.984
Mumbai,19.076,72.8777,warm_humid,3.0,3.0,2.6,135.0,plywood,0.03,brick,0.115,eps,0.05,south,1.8,0.9,0.45,2.6,33.805,39.64,0.2976,22.261
Mumbai,19.076,72.8777,warm_humid,3.0,3.0,2.6,0.0,brick,0.115,puf_sandwich_panel,0.075,mineral_wool,0.05,south,1.2,1.2,0.45,2.6,33.157,37.365,0.244,23.925
Mumbai,19.076,72.8777,warm_humid,3.0,3.0,2.6,90.0,plywood,0.012,gi_sheet,0.002,mineral_wool,0.025,south,1.2,0.9,0.35,2.6,34.763,44.52,0.375,19.623
Mumbai,19.076,72.8777,warm_humid,3.0,3.0,2.6,90.0,rammed_earth,0.3,concrete,0.2,mineral_wool,0.05,south,1.8,1.2,0.75,3.5,33.455,37.216,0.2798,23.91
Mumbai,19.076,72.8777,warm_humid,3.0,3.0,2.6,45.0,brick,0.23,rcc_slab,0.25,eps,0.05,east,0.9,1.5,0.75,5.8,32.928,36.467,0.3214,23.911
Mumbai,19.076,72.8777,warm_humid,3.0,3.0,2.6,180.0,concrete,0.15,puf_sandwich_panel,0.15,eps,0.025,south,1.8,1.5,0.75,3.5,34.176,39.228,0.2024,23.876
Mumbai,19.076,72.8777,warm_humid,3.0,3.0,2.6,0.0,puf_sandwich_panel,0.15,rcc_slab,0.2,mineral_wool,0.025,east,1.8,1.2,0.35,2.6,33.337,37.709,0.2619,23.877
Mumbai,19.076,72.8777,warm_humid,3.0,3.0,2.6,135.0,puf_sandwich_panel,0.15,concrete,0.2,mineral_wool,0.05,south,1.8,1.5,0.35,2.6,32.85,37.011,0.3095,23.576
Mumbai,19.076,72.8777,warm_humid,3.0,3.0,2.6,180.0,puf_sandwich_panel,0.075,rcc_slab,0.1,eps,0.025,north,0.6,0.6,0.45,5.8,32.965,37.631,0.3512,23.609
Mumbai,19.076,72.8777,warm_humid,3.0,3.0,2.6,0.0,concrete,0.3,gi_sheet,0.002,eps,0.05,west,1.5,1.5,0.55,5.8,33.256,36.995,0.2917,23.91
Mumbai,19.076,72.8777,warm_humid,3.0,3.0,2.6,180.0,gi_sheet,0.002,brick,0.23,eps,0.05,east,1.2,1.5,0.65,3.5,34.679,40.503,0.2024,23.033
Mumbai,19.076,72.8777,warm_humid,3.0,3.0,2.6,0.0,rammed_earth,0.3,gi_sheet,0.002,eps,0.1,east,0.9,1.5,0.45,5.8,31.568,34.463,0.4464,23.912
Mumbai,19.076,72.8777,warm_humid,3.0,3.0,2.6,45.0,plywood,0.05,gi_sheet,0.002,mineral_wool,0.025,east,1.5,0.6,0.45,2.6,34.39,42.191,0.3571,20.857
Mumbai,19.076,72.8777,warm_humid,3.0,3.0,2.6,45.0,plywood,0.03,brick,0.23,mineral_wool,0.025,west,0.9,0.9,0.75,5.8,34.411,40.034,0.2024,22.803
Mumbai,19.076,72.8777,warm_humid,3.0,3.0,2.6,45.0,gi_sheet,0.002,concrete,0.15,mineral_wool,0.05,south,1.5,1.5,0.55,2.6,34.803,41.409,0.2202,22.541
Mumbai,19.076,72.8777,warm_humid,3.0,3.0,2.6,135.0,plywood,0.03,rcc_slab,0.15,mineral_wool,0.1,south,1.8,1.2,0.45,2.6,33.147,37.782,0.3095,23.187
Mumbai,19.076,72.8777,warm_humid,3.0,3.0,2.6,180.0,plywood,0.019,concrete,0.2,eps,0.025,south,1.8,1.5,0.55,3.5,34.902,41.626,0.2143,21.836
Mumbai,19.076,72.8777,warm_humid,3.0,3.0,2.6,135.0,puf_sandwich_panel,0.075,concrete,0.2,mineral_wool,0.025,west,0.6,1.5,0.75,2.6,33.247,37.522,0.2619,23.934
Mumbai,19.076,72.8777,warm_humid,3.0,3.0,2.6,90.0,concrete,0.3,puf_sandwich_panel,0.075,mineral_wool,0.025,west,1.8,1.5,0.45,2.6,32.726,36.543,0.3631,23.91
Mumbai,19.076,72.8777,warm_humid,3.0,3.0,2.6,180.0,rammed_earth,0.3,rcc_slab,0.1,eps,0.025,east,1.5,0.6,0.65,5.8,33.317,37.129,0.2857,23.911
Mumbai,19.076,72.8777,warm_humid,3.0,3.0,2.6,90.0,concrete,0.1,concrete,0.15,mineral_wool,0.1,west,1.5,1.5,0.75,3.5,33.075,37.235,0.2857,23.918
Mumbai,19.076,72.8777,warm_humid,3.0,3.0,2.6,135.0,rammed_earth,0.15,concrete,0.2,eps,0.1,west,1.5,0.6,0.85,3.5,32.038,35.226,0.381,23.915
Mumbai,19.076,72.8777,warm_humid,3.0,3.0,2.6,135.0,concrete,0.2,puf_sandwich_panel,0.05,eps,0.05,east,1.5,1.5,0.35,5.8,32.876,36.623,0.3036,23.914
Mumbai,19.076,72.8777,warm_humid,3.0,3.0,2.6,90.0,plywood,0.05,brick,0.23,eps,0.1,east,1.5,0.9,0.85,5.8,33.239,37.493,0.25,23.931
Mumbai,19.076,72.8777,warm_humid,3.0,3.0,2.6,180.0,gi_sheet,0.002,puf_sandwich_panel,0.075,mineral_wool,0.1,east,1.8,1.5,0.75,2.6,35.359,44.979,0.3214,21.182
Mumbai,19.076,72.8777,warm_humid,3.0,3.0,2.6,90.0,brick,0.345,puf_sandwich_panel,0.15,mineral_wool,0.1,west,1.5,0.9,0.35,5.8,30.571,33.082,0.5714,23.91
Mumbai,19.076,72.8777,warm_humid,3.0,3.0,2.6,90.0,concrete,0.3,rcc_slab,0.15,mineral_wool,0.025,east,0.6,0.9,0.75,5.8,32.93,36.604,0.3571,23.908
Mumbai,19.076,72.8777,warm_humid,3.0,3.0,2.6,90.0,brick,0.115,rcc_slab,0.2,eps,0.05,south,1.5,0.6,0.35,5.8,32.916,36.701,0.2976,23.917
Mumbai,19.076,72.8777,warm_humid,3.0,3.0,2.6,180.0,gi_sheet,0.002,rcc_slab,0.25,eps,0.1,east,1.5,0.6,0.45,2.6,32.796,36.761,0.2917,23.928
Mumbai,19.076,72.8777,warm_humid,3.0,3.0,2.6,180.0,rammed_earth,0.3,gi_sheet,0.002,eps,0.025,north,0.9,1.2,0.35,2.6,33.042,36.837,0.3036,23.912
Mumbai,19.076,72.8777,warm_humid,3.0,3.0,2.6,90.0,rammed_earth,0.15,puf_sandwich_panel,0.1,mineral_wool,0.05,south,0.6,1.2,0.55,3.5,32.345,35.899,0.3274,23.921
Mumbai,19.076,72.8777,warm_humid,3.0,3.0,2.6,135.0,plywood,0.03,brick,0.115,mineral_wool,0.05,south,1.2,1.2,0.65,5.8,34.056,40.027,0.2798,22.44
Mumbai,19.076,72.8777,warm_humid,3.0,3.0,2.6,45.0,rammed_earth,0.45,rcc_slab,0.15,mineral_wool,0.05,south,1.8,1.5,0.85,3.5,33.616,37.549,0.2857,23.908
Mumbai,19.076,72.8777,warm_humid,3.0,3.0,2.6,45.0,brick,0.345,rcc_slab,0.1,mineral_wool,0.05,north,1.5,1.2,0.85,2.6,32.761,36.263,0.3571,23.909
Mumbai,19.076,72.8777,warm_humid,3.0,3.0,2.6,0.0,rammed_earth,0.45,gi_sheet,0.002,mineral_wool,0.025,south,0.9,1.5,0.45,3.5,32.451,35.854,0.369,23.908
Mumbai,19.076,72.8777,warm_humid,3.0,3.0,2.6,45.0,plywood,0.012,gi_sheet,0.002,mineral_wool,0.1,north,1.2,0.9,0.65,5.8,33.125,39.302,0.3929,21.861
Mumbai,19.076,72.8777,warm_humid,3.0,3.0,2.6,45.0,puf_sandwich_panel,0.075,concrete,0.1,none,0.0,north,1.8,1.5,0.55,2.6,37.613,48.784,0.2381,20.187
Mumbai,19.076,72.8777,warm_humid,3.0,3.0,2.6,180.0,brick,0.345,gi_sheet,0.002,eps,0.1,south,1.2,0.9,0.55,2.6,30.998,33.67,0.5119,23.91
Mumbai,19.076,72.8777,warm_humid,3.0,3.0,2.6,180.0,plywood,0.012,concrete,0.15,none,0.0,east,0.9,0.9,0.65,5.8,37.821,51.41,0.2976,17.465
Mumbai,19.076,72.8777,warm_humid,3.0,3.0,2.6,90.0,concrete,0.3,rcc_slab,0.2,eps,0.1,north,0.9,1.5,0.75,3.5,31.542,34.514,0.494,23.908
Mumbai,19.076,72.8777,warm_humid,3.0,3.0,2.6,135.0,plywood,0.03,puf_sandwich_panel,0.075,eps,0.025,east,1.2,0.6,0.45,5.8,33.606,40.991,0.3988,20.876
Mumbai,19.076,72.8777,warm_humid,3.0,3.0,2.6,90.0,rammed_earth,0.3,puf_sandwich_panel,0.075,mineral_wool,0.025,south,1.5,0.6,0.65,5.8,32.379,35.789,0.3631,23.912
Mumbai,19.076,72.8777,warm_humid,3.0,3.0,2.6,180.0,plywood,0.019,brick,0.23,eps,0.025,east,0.6,1.5,0.45,5.8,34.427,40.285,0.2202,22.581
Mumbai,19.076,72.8777,warm_humid,3.0,3.0,2.6,135.0,concrete,0.1,rcc_slab,0.25,mineral_wool,0.05,east,0.9,1.5,0.85,2.6,34.044,38.31,0.2143,23.915
Mumbai,19.076,72.8777,warm_humid,3.0,3.0,2.6,135.0,gi_sheet,0.002,brick,0.115,none,0.0,west,0.6,1.2,0.85,2.6,37.695,52.709,0.3512,16.197
Mumbai,19.076,72.8777,warm_humid,3.0,3.0,2.6,0.0,gi_sheet,0.002,gi_sheet,0.002,eps,0.05,south,1.5,1.2,0.75,3.5,35.003,44.528,0.3452,20.503
Mumbai,19.076,72.8777,warm_humid,3.0,3.0,2.6,0.0,gi_sheet,0.002,puf_sandwich_panel,0.05,eps,0.05,north,1.2,1.2,0.55,3.5,33.678,41.426,0.3988,20.606
Mumbai,19.076,72.8777,warm_humid,3.0,3.0,2.6,180.0,gi_sheet,0.002,rcc_slab,0.25,eps,0.025,south,1.8,0.6,0.85,3.5,34.735,40.85,0.1845,22.265
Mumbai,19.076,72.8777,warm_humid,3.0,3.0,2.6,180.0,brick,0.23,puf_sandwich_panel,0.15,eps,0.1,west,0.6,1.5,0.45,5.8,31.315,34.09,0.4702,23.914
Mumbai,19.076,72.8777,warm_humid,3.0,3.0,2.6,180.0,plywood,0.03,brick,0.23,mineral_wool,0.1,south,0.9,1.2,0.75,5.8,32.576,36.565,0.3452,23.932
Mumbai,19.076,72.8777,warm_humid,3.0,3.0,2.6,0.0,gi_sheet,0.002,rcc_slab,0.1,eps,0.1,east,1.5,0.6,0.35,5.8,32.958,37.761,0.3393,22.868
Mumbai,19.076,72.8777,warm_humid,3.0,3.0,2.6,0.0,plywood,0.03,concrete,0.15,none,0.0,west,1.8,0.6,0.75,2.6,37.769,49.847,0.244,18.857
Mumbai,19.076,72.8777,warm_humid,3.0,3.0,2.6,90.0,rammed_earth,0.15,rcc_slab,0.2,mineral_wool,0.1,north,1.5,0.9,0.75,3.5,32.505,35.889,0.3274,23.915
Mumbai,19.076,72.8777,warm_humid,3.0,3.0,2.6,135.0,plywood,0.012,gi_sheet,0.002,mineral_wool,0.025,north,1.8,1.5,0.65,2.6,36.056,47.181,0.3452,19.311
Mumbai,19.076,72.8777,warm_humid,3.0,3.0,2.6,0.0,brick,0.115,concrete,0.2,eps,0.025,south,1.2,1.2,0.45,5.8,34.431,39.227,0.1905,23.917
Mumbai,19.076,72.8777,warm_humid,3.0,3.0,2.6,45.0,plywood,0.05,rcc_slab,0.1,none,0.0,west,0.9,0.6,0.85,5.8,37.736,49.721,0.25,19.103
Mumbai,19.076,72.8777,warm_humid,3.0,3.0,2.6,180.0,puf_sandwich_panel,0.05,concrete,0.15,mineral_wool,0.1,north,1.2,0.6,0.85,5.8,32.144,35.704,0.4107,23.939
Mumbai,19.076,72.8777,warm_humid,3.0,3.0,2.6,135.0,gi_sheet,0.002,puf_sandwich_panel,0.15,eps,0.1,north,1.2,1.2,0.85,2.6,33.854,40.786,0.375,21.649
Mumbai,19.076,72.8777,warm_humid,3.0,3.0,2.6,45.0,gi_sheet,0.002,concrete,0.1,eps,0.025,east,0.6,1.2,0.85,3.5,35.148,42.95,0.2679,20.765
Mumbai,19.076,72.8777,warm_humid,3.0,3.0,2.6,90.0,puf_sandwich_panel,0.05,brick,0.23,none,0.0,west,1.2,0.9,0.65,5.8,34.961,41.052,0.1905,23.038
Mumbai,19.076,72.8777,warm_humid,3.0,3.0,2.6,0.0,brick,0.23,gi_sheet,0.002,mineral_wool,0.025,east,1.5,1.5,0.55,5.8,34.458,39.057,0.2024,23.914
Mumbai,19.076,72.8777,warm_humid,3.0,3.0,2.6,0.0,puf_sandwich_panel,0.1,rcc_slab,0.1,eps,0.1,south,1.8,0.6,0.35,2.6,31.746,35.307,0.5119,23.949
Mumbai,19.076,72.8777,warm_humid,3.0,3.0,2.6,180.0,plywood,0.012,concrete,0.1,none,0.0,east,1.2,1.5,0.75,3.5,38.448,54.23,0.3214,16.941
Mumbai,19.076,72.8777,warm_humid,3.0,3.0,2.6,45.0,plywood,0.019,puf_sandwich_panel,0.05,mineral_wool,0.05,north,0.9,1.5,0.55,5.8,33.461,40.397,0.3988,21.136
Mumbai,19.076,72.8777,warm_humid,3.0,3.0,2.6,0.0,rammed_earth,0.3,brick,0.23,eps,0.05,south,1.2,0.9,0.85,2.6,32.359,35.65,0.3631,23.91
Mumbai,19.076,72.8777,warm_humid,3.0,3.0,2.6,135.0,concrete,0.15,brick,0.23,mineral_wool,0.05,north,1.8,1.2,0.75,3.5,34.116,38.362,0.2381,23.913
Mumbai,19.076,72.8777,warm_humid,3.0,3.0,2.6,135.0,gi_sheet,0.002,brick,0.23,mineral_wool,0.025,south,1.8,0.9,0.55,5.8,34.888,41.485,0.2143,21.573
Mumbai,19.076,72.8777,warm_humid,3.0,3.0,2.6,0.0,rammed_earth,0.45,puf_sandwich_panel,0.1,none,0.0,west,1.2,0.6,0.35,2.6,32.149,35.515,0.375,23.908
Mumbai,19.076,72.8777,warm_humid,3.0,3.0,2.6,90.0,plywood,0.019,gi_sheet,0.002,eps,0.1,north,0.6,1.2,0.85,3.5,32.987,38.808,0.4048,22.236
Mumbai,19.076,72.8777,warm_humid,3.0,3.0,2.6,90.0,rammed_earth,0.3,puf_sandwich_panel,0.05,eps,0.05,east,0.6,0.9,0.65,2.6,31.419,34.316,0.4702,23.912
Mumbai,19.076,72.8777,warm_humid,3.0,3.0,2.6,45.0,concrete,0.15,concrete,0.1,mineral_wool,0.05,south,1.2,1.2,0.45,3.5,33.382,37.352,0.2738,23.915
Mumbai,19.076,72.8777,warm_humid,3.0,3.0,2.6,45.0,concrete,0.2,concrete,0.2,mineral_wool,0.1,south,0.6,1.5,0.45,2.6,31.581,34.489,0.4464,23.911
Mumbai,19.076,72.8777,warm_humid,3.0,3.0,2.6,180.0,gi_sheet,0.002,brick,0.115,eps,0.05,west,1.5,0.9,0.35,2.6,33.897,39.99,0.3095,21.71
Mumbai,19.076,72.8777,warm_humid,3.0,3.0,2.6,180.0,rammed_earth,0.15,gi_sheet,0.002,eps,0.025,west,0.9,0.9,0.55,5.8,34.06,38.804,0.2083,23.889
Mumbai,19.076,72.8777,warm_humid,3.0,3.0,2.6,45.0,brick,0.345,rcc_slab,0.1,none,0.0,north,1.8,0.6,0.75,2.6,36.585,42.177,0.125,23.909
Mumbai,19.076,72.8777,warm_humid,3.0,3.0,2.6,135.0,gi_sheet,0.002,puf_sandwich_panel,0.05,eps,0.025,east,0.6,0.9,0.85,5.8,34.313,43.14,0.381,19.863
Mumbai,19.076,72.8777,warm_humid,3.0,3.0,2.6,90.0,gi_sheet,0.002,brick,0.23,mineral_wool,0.05,north,1.5,1.2,0.85,5.8,34.691,40.556,0.1905,22.858
Mumbai,19.076,72.8777,warm_humid,3.0,3.0,2.6,135.0,rammed_earth,0.15,rcc_slab,0.15,mineral_wool,0.025,west,0.9,0.6,0.75,3.5,33.806,38.143,0.2381,23.916
Mumbai,19.076,72.8777,warm_humid,3.0,3.0,2.6,90.0,gi_sheet,0.002,gi_sheet,0.002,mineral_wool,0.1,west,1.8,0.6,0.55,5.8,32.834,38.874,0.4107,21.59
Mumbai,19.076,72.8777,warm_humid,3.0,3.0,2.6,90.0,concrete,0.3,brick,0.115,mineral_wool,0.025,north,0.9,0.9,0.55,2.6,33.069,36.808,0.3333,23.909
Mumbai,19.076,72.8777,warm_humid,3.0,3.0,2.6,90.0,concrete,0.1,brick,0.23,mineral_wool,0.1,west,1.2,0.9,0.75,5.8,32.243,35.745,0.369,23.916
Mumbai,19.076,72.8777,warm_humid,3.0,3.0,2.6,45.0,rammed_earth,0.3,concrete,0.2,eps,0.05,north,1.2,0.9,0.35,3.5,31.72,34.749,0.4345,23.91
Mumbai,19.076,72.8777,warm_humid,3.0,3.0,2.6,0.0,gi_sheet,0.002,puf_sandwich_panel,0.075,eps,0.05,east,1.5,1.2,0.85,5.8,34.823,43.355,0.3571,20.636
Mumbai,19.076,72.8777,warm_humid,3.0,3.0,2.6,0.0,brick,0.115,puf_sandwich_panel,0.15,eps,0.025,east,1.5,1.5,0.55,3.5,34.376,39.595,0.1845,23.587
Mumbai,19.076,72.8777,warm_humid,3.0,3.0,2.6,45.0,plywood,0.019,rcc_slab,0.1,eps,0.1,north,1.2,1.5,0.45,3.5,33.062,38.088,0.3393,22.662
Mumbai,19.076,72.8777,warm_humid,3.0,3.0,2.6,180.0,plywood,0.03,gi_sheet,0.002,eps,0.1,east,1.5,1.2,0.85,2.6,34.688,42.983,0.3393,22.149
Mumbai,19.076,72.8777,warm_humid,3.0,3.0,2.6,45.0,gi_sheet,0.002,puf_sandwich_panel,0.15,eps,0.05,east,1.8,0.9,0.75,3.5,34.322,42.198,0.369,20.763
Mumbai,19.076,72.8777,warm_humid,3.0,3.0,2.6,0.0,brick,0.23,concrete,0.15,eps,0.05,west,1.5,1.5,0.65,3.5,33.903,37.926,0.244,23.912
Mumbai,19.076,72.8777,warm_humid,3.0,3.0,2.6,90.0,rammed_earth,0.45,rcc_slab,0.25,none,0.0,west,1.8,0.9,0.35,5.8,34.549,39.057,0.2381,23.907
Mumbai,19.076,72.8777,warm_humid,3.0,3.0,2.6,90.0,gi_sheet,0.002,gi_sheet,0.002,eps,0.1,east,0.6,0.9,0.45,5.8,32.623,38.33,0.4464,21.842
Mumbai,19.076,72.8777,warm_humid,3.0,3.0,2.6,180.0,rammed_earth,0.15,concrete,0.1,mineral_wool,0.05,west,1.5,1.2,0.85,3.5,34.19,38.572,0.1964,23.918
Mumbai,19.076,72.8777,warm_humid,3.0,3.0,2.6,135.0,rammed_earth,0.45,concrete,0.1,eps,0.025,north,1.5,0.6,0.75,2.6,32.479,35.866,0.3631,23.908
Mumbai,19.076,72.8777,warm_humid,3.0,3.0,2.6,180.0,gi_sheet,0.002,rcc_slab,0.1,mineral_wool,0.05,west,0.6,1.2,0.55,3.5,33.817,39.645,0.3036,22.061
Mumbai,19.076,72.8777,warm_humid,3.0,3.0,2.6,135.0,brick,0.115,brick,0.23,eps,0.1,west,1.5,0.9,0.35,5.8,32.097,35.403,0.381,23.917
Mumbai,19.076,72.8777,warm_humid,3.0,3.0,2.6,135.0,gi_sheet,0.002,puf_sandwich_panel,0.075,mineral_wool,0.025,west,0.6,1.2,0.55,5.8,33.989,42.09,0.3869,19.849
Mumbai,19.076,72.8777,warm_humid,3.0,3.0,2.6,90.0,gi_sheet,0.002,concrete,0.2,mineral_wool,0.025,west,0.6,1.5,0.35,5.8,34.334,40.488,0.244,21.747
Mumbai,19.076,72.8777,warm_humid,3.0,3.0,2.6,135.0,concrete,0.3,brick,0.23,eps,0.05,south,1.5,0.9,0.85,2.6,32.46,35.872,0.369,23.908
Mumbai,19.076,72.8777,warm_humid,3.0,3.0,2.6,0.0,puf_sandwich_panel,0.1,rcc_slab,0.2,eps,0.025,south,1.2,1.5,0.55,5.8,33.738,38.47,0.2262,23.934
Mumbai,19.076,72.8777,warm_humid,3.0,3.0,2.6,180.0,puf_sandwich_panel,0.05,puf_sandwich_panel,0.075,mineral_wool,0.1,north,0.9,0.9,0.75,2.6,32.029,36.794,0.4881,23.379
Mumbai,19.076,72.8777,warm_humid,3.0,3.0,2.6,180.0,concrete,0.2,puf_sandwich_panel,0.1,mineral_wool,0.025,north,1.8,1.2,0.35,2.6,33.284,37.412,0.2857,23.914
Mumbai,19.076,72.8777,warm_humid,3.0,3.0,2.6,180.0,rammed_earth,0.45,puf_sandwich_panel,0.05,mineral_wool,0.1,east,1.2,1.5,0.45,2.6,31.096,33.888,0.5119,23.908
Mumbai,19.076,72.8777,warm_humid,3.0,3.0,2.6,90.0,concrete,0.3,gi_sheet,0.002,mineral_wool,0.05,south,1.5,1.2,0.75,5.8,33.251,36.974,0.2976,23.91
Mumbai,19.076,72.8777,warm_humid,3.0,3.0,2.6,45.0,gi_sheet,0.002,rcc_slab,0.1,mineral_wool,0.05,east,1.8,1.5,0.45,3.5,34.651,41.566,0.2679,21.43
Mumbai,19.076,72.8777,warm_humid,3.0,3.0,2.6,135.0,brick,0.23,gi_sheet,0.002,mineral_wool,0.1,east,1.5,0.9,0.35,3.5,31.845,34.909,0.4048,23.914
Mumbai,19.076,72.8777,warm_humid,3.0,3.0,2.6,45.0,concrete,0.15,concrete,0.1,eps,0.05,north,0.6,0.6,0.75,2.6,32.77,36.401,0.3036,23.915
Mumbai,19.076,72.8777,warm_humid,3.0,3.0,2.6,45.0,concrete,0.3,gi_sheet,0.002,none,0.0,south,1.8,1.5,0.45,5.8,37.457,44.271,0.1071,23.342
Mumbai,19.076,72.8777,warm_humid,3.0,3.0,2.6,0.0,gi_sheet,0.002,gi_sheet,0.002,mineral_wool,0.025,west,0.6,1.5,0.65,2.6,35.252,45.736,0.3512,19.429
Mumbai,19.076,72.8777,warm_humid,3.0,3.0,2.6,90.0,rammed_earth,0.45,puf_sandwich_panel,0.075,eps,0.1,south,1.5,0.6,0.65,2.6,30.561,33.155,0.5952,23.908
Mumbai,19.076,72.8777,warm_humid,3.0,3.0,2.6,0.0,gi_sheet,0.002,puf_sandwich_panel,0.05,eps,0.025,north,1.8,1.2,0.65,2.6,34.695,44.428,0.375,19.386
Mumbai,19.076,72.8777,warm_humid,3.0,3.0,2.6,0.0,plywood,0.03,brick,0.115,mineral_wool,0.1,west,1.8,0.6,0.85,5.8,33.629,38.807,0.2798,23.884
Mumbai,19.076,72.8777,warm_humid,3.0,3.0,2.6,45.0,brick,0.115,concrete,0.15,mineral_wool,0.1,east,0.9,0.6,0.65,2.6,32.111,35.311,0.3631,23.918
Mumbai,19.076,72.8777,warm_humid,3.0,3.0,2.6,135.0,plywood,0.012,brick,0.115,mineral_wool,0.05,west,0.6,1.2,0.65,2.6,33.682,39.473,0.3095,22.229
Mumbai,19.076,72.8777,warm_humid,3.0,3.0,2.6,90.0,brick,0.23,puf_sandwich_panel,0.1,eps,0.025,east,0.6,1.5,0.85,2.6,32.998,36.807,0.3036,23.914
Mumbai,19.076,72.8777,warm_humid,3.0,3.0,2.6,90.0,plywood,0.012,gi_sheet,0.002,mineral_wool,0.05,south,0.6,0.9,0.65,2.6,33.685,41.218,0.3988,21.114
Mumbai,19.076,72.8777,warm_humid,3.0,3.0,2.6,135.0,concrete,0.1,gi_sheet,0.002,mineral_wool,0.1,south,1.8,1.2,0.35,5.8,32.86,36.904,0.2738,23.677
Mumbai,19.076,72.8777,warm_humid,3.0,3.0,2.6,0.0,rammed_earth,0.3,puf_sandwich_panel,0.075,none,0.0,north,0.6,1.5,0.45,2.6,33.428,37.717,0.2798,23.912
Mumbai,19.076,72.8777,warm_humid,3.0,3.0,2.6,0.0,gi_sheet,0.002,puf_sandwich_panel,0.15,eps,0.1,north,1.8,1.5,0.85,3.5,34.301,42.831,0.369,20.91
Mumbai,19.076,72.8777,warm_humid,3.0,3.0,2.6,0.0,gi_sheet,0.002,concrete,0.15,eps,0.1,north,0.6,1.5,0.55,5.8,32.881,37.405,0.3333,23.238
Mumbai,19.076,72.8777,warm_humid,3.0,3.0,2.6,180.0,puf_sandwich_panel,0.05,brick,0.115,eps,0.1,north,1.5,1.2,0.85,2.6,33.735,39.187,0.2976,23.951
Mumbai,19.076,72.8777,warm_humid,3.0,3.0,2.6,135.0,rammed_earth,0.45,puf_sandwich_panel,0.075,none,0.0,south,1.8,1.5,0.75,3.5,33.739,37.883,0.2738,23.909
Mumbai,19.076,72.8777,warm_humid,3.0,3.0,2.6,45.0,brick,0.115,gi_sheet,0.002,eps,0.05,east,1.2,1.2,0.35,3.5,33.475,37.87,0.2262,23.925
Mumbai,19.076,72.8777,warm_humid,3.0,3.0,2.6,45.0,puf_sandwich_panel,0.075,puf_sandwich_panel,0.15,mineral_wool,0.1,east,1.5,1.5,0.65,5.8,33.41,39.563,0.3929,22.651
Mumbai,19.076,72.8777,warm_humid,3.0,3.0,2.6,135.0,puf_sandwich_panel,0.1,brick,0.115,eps,0.1,south,0.6,0.9,0.35,3.5,31.38,34.547,0.5833,23.95
Mumbai,19.076,72.8777,warm_humid,3.0,3.0,2.6,90.0,gi_sheet,0.002,puf_sandwich_panel,0.15,eps,0.025,south,1.8,0.6,0.65,5.8,34.3,43.314,0.3929,19.832
Mumbai,19.076,72.8777,warm_humid,3.0,3.0,2.6,135.0,gi_sheet,0.002,gi_sheet,0.002,eps,0.025,west,1.8,0.9,0.75,2.6,35.387,45.671,0.3571,19.199
Mumbai,19.076,72.8777,warm_humid,3.0,3.0,2.6,45.0,brick,0.345,rcc_slab,0.25,mineral_wool,0.025,north,1.8,1.5,0.65,2.6,33.54,37.49,0.2976,23.908
Mumbai,19.076,72.8777,warm_humid,3.0,3.0,2.6,180.0,plywood,0.05,gi_sheet,0.002,mineral_wool,0.025,east,0.9,0.9,0.35,5.8,34.258,42.078,0.3631,20.894
Mumbai,19.076,72.8777,warm_humid,3.0,3.0,2.6,135.0,puf_sandwich_panel,0.15,gi_sheet,0.002,mineral_wool,0.1,west,0.9,0.9,0.75,5.8,31.903,36.207,0.5,23.463
Mumbai,19.076,72.8777,warm_humid,3.0,3.0,2.6,180.0,puf_sandwich_panel,0.05,concrete,0.2,eps,0.025,east,1.8,1.5,0.75,2.6,35.661,42.103,0.1488,23.934
Mumbai,19.076,72.8777,warm_humid,3.0,3.0,2.6,180.0,plywood,0.03,brick,0.23,none,0.0,west,0.9,1.2,0.65,3.5,36.624,45.891,0.2143,19.991
Mumbai,19.076,72.8777,warm_humid,3.0,3.0,2.6,180.0,concrete,0.2,gi_sheet,0.002,mineral_wool,0.05,north,1.8,0.6,0.65,3.5,33.025,36.781,0.2976,23.913
Mumbai,19.076,72.8777,warm_humid,3.0,3.0,2.6,180.0,plywood,0.012,puf_sandwich_panel,0.075,mineral_wool,0.1,west,1.8,1.2,0.65,2.6,34.038,41.253,0.3631,21.492
Mumbai,19.076,72.8777,warm_humid,3.0,3.0,2.6,90.0,puf_sandwich_panel,0.075,rcc_slab,0.1,eps,0.05,north,0.6,1.2,0.65,2.6,32.577,36.777,0.375,23.837
Mumbai,19.076,72.8777,warm_humid,3.0,3.0,2.6,45.0,brick,0.23,brick,0.23,eps,0.05,west,0.9,0.9,0.35,2.6,32.099,35.298,0.369,23.911
Mumbai,19.076,72.8777,warm_humid,3.0,3.0,2.6,180.0,rammed_earth,0.3,brick,0.23,mineral_wool,0.1,south,0.9,1.2,0.85,5.8,31.213,33.996,0.506,23.91
Mumbai,19.076,72.8777,warm_humid,3.0,3.0,2.6,180.0,rammed_earth,0.45,concrete,0.1,eps,0.1,south,1.5,1.2,0.85,3.5,31.232,34.261,0.506,23.908
Mumbai,19.076,72.8777,warm_humid,3.0,3.0,2.6,90.0,concrete,0.3,puf_sandwich_panel,0.05,mineral_wool,0.025,west,1.2,1.5,0.75,3.5,32.838,36.656,0.3571,23.91
Mumbai,19.076,72.8777,warm_humid,3.0,3.0,2.6,45.0,brick,0.115,concrete,0.2,none,0.0,south,1.2,0.9,0.85,5.8,37.825,46.039,0.119,21.978
Mumbai,19.076,72.8777,warm_humid,3.0,3.0,2.6,45.0,plywood,0.05,rcc_slab,0.15,mineral_wool,0.05,south,1.5,1.5,0.65,2.6,34.782,40.7,0.1786,23.935
Mumbai,19.076,72.8777,warm_humid,3.0,3.0,2.6,45.0,concrete,0.3,gi_sheet,0.002,eps,0.1,north,0.6,1.2,0.85,5.8,31.217,33.978,0.506,23.909
Mumbai,19.076,72.8777,warm_humid,3.0,3.0,2.6,180.0,puf_sandwich_panel,0.15,gi_sheet,0.002,eps,0.1,east,0.9,1.2,0.45,3.5,32.082,36.989,0.494,23.261
Mumbai,19.076,72.8777,warm_humid,3.0,3.0,2.6,90.0,gi_sheet,0.002,puf_sandwich_panel,0.1,mineral_wool,0.05,north,1.2,0.6,0.85,3.5,33.434,40.257,0.3988,21.066
Mumbai,19.076,72.8777,warm_humid,3.0,3.0,2.6,180.0,gi_sheet,0.002,rcc_slab,0.25,mineral_wool,0.05,west,1.5,0.6,0.65,3.5,33.734,38.49,0.2083,23.436
Mumbai,19.076,72.8777,warm_humid,3.0,3.0,2.6,135.0,puf_sandwich_panel,0.075,rcc_slab,0.1,eps,0.1,west,0.9,1.5,0.45,5.8,32.041,35.914,0.4464,23.658
Mumbai,19.076,72.8777,warm_humid,3.0,3.0,2.6,90.0,rammed_earth,0.45,gi_sheet,0.002,none,0.0,north,1.8,0.9,0.75,2.6,36.549,42.108,0.131,23.908
Mumbai,19.076,72.8777,warm_humid,3.0,3.0,2.6,0.0,brick,0.115,concrete,0.1,none,0.0,south,0.9,1.5,0.75,5.8,38.184,47.783,0.131,20.904
Mumbai,19.076,72.8777,warm_humid,3.0,3.0,2.6,135.0,puf_sandwich_panel,0.075,concrete,0.1,mineral_wool,0.025,north,0.9,0.9,0.65,5.8,33.545,38.674,0.3036,23.48
Mumbai,19.076,72.8777,warm_humid,3.0,3.0,2.6,90.0,rammed_earth,0.3,rcc_slab,0.25,eps,0.05,north,1.2,1.5,0.35,3.5,31.988,35.159,0.3988,23.909
Mumbai,19.076,72.8777,warm_humid,3.0,3.0,2.6,0.0,rammed_earth,0.3,rcc_slab,0.15,eps,0.1,south,0.9,0.9,0.65,3.5,31.193,33.886,0.506,23.91
Mumbai,19.076,72.8777,warm_humid,3.0,3.0,2.6,0.0,concrete,0.1,brick,0.23,eps,0.025,south,1.8,0.6,0.65,2.6,34.516,39.381,0.1905,23.917
Mumbai,19.076,72.8777,warm_humid,3.0,3.0,2.6,45.0,rammed_earth,0.3,rcc_slab,0.15,none,0.0,east,1.8,0.6,0.55,3.5,36.287,41.881,0.125,23.91
Mumbai,19.076,72.8777,warm_humid,3.0,3.0,2.6,180.0,rammed_earth,0.45,puf_sandwich_panel,0.05,eps,0.025,north,1.8,0.6,0.35,5.8,31.311,34.189,0.5,23.908
Mumbai,19.076,72.8777,warm_humid,3.0,3.0,2.6,135.0,puf_sandwich_panel,0.05,puf_sandwich_panel,0.15,mineral_wool,0.025,west,1.8,1.2,0.85,3.5,33.716,40.933,0.3988,21.802
Mumbai,19.076,72.8777,warm_humid,3.0,3.0,2.6,0.0,brick,0.115,brick,0.115,none,0.0,west,0.9,0.9,0.35,2.6,37.4,46.017,0.131,21.145
Mumbai,19.076,72.8777,warm_humid,3.0,3.0,2.6,90.0,plywood,0.019,rcc_slab,0.1,eps,0.05,east,1.5,1.2,0.85,5.8,34.838,41.883,0.2619,22.818
Mumbai,19.076,72.8777,warm_humid,3.0,3.0,2.6,135.0,gi_sheet,0.002,brick,0.115,eps,0.05,west,0.9,1.2,0.65,5.8,33.973,40.184,0.3036,21.745
Mumbai,19.076,72.8777,warm_humid,3.0,3.0,2.6,135.0,puf_sandwich_panel,0.05,brick,0.115,eps,0.05,north,1.5,0.6,0.35,3.5,32.532,36.859,0.4048,23.501
Mumbai,19.076,72.8777,warm_humid,3.0,3.0,2.6,0.0,concrete,0.3,brick,0.115,eps,0.025,east,1.5,1.5,0.75,5.8,34.311,38.601,0.2381,23.909
Mumbai,19.076,72.8777,warm_humid,3.0,3.0,2.6,45.0,puf_sandwich_panel,0.075,brick,0.23,none,0.0,west,1.8,0.9,0.55,5.8,35.237,41.353,0.1667,23.119
Mumbai,19.076,72.8777,warm_humid,3.0,3.0,2.6,0.0,plywood,0.019,gi_sheet,0.002,mineral_wool,0.025,north,1.8,1.5,0.35,5.8,34.822,44.658,0.375,19.37
Mumbai,19.076,72.8777,warm_humid,3.0,3.0,2.6,0.0,plywood,0.03,puf_sandwich_panel,0.05,mineral_wool,0.05,south,0.6,1.2,0.75,2.6,33.262,39.778,0.4048,21.942
Mumbai,19.076,72.8777,warm_humid,3.0,3.0,2.6,0.0,rammed_earth,0.45,rcc_slab,0.2,eps,0.1,west,1.2,0.9,0.55,5.8,30.66,33.45,0.5655,23.907
Mumbai,19.076,72.8777,warm_humid,3.0,3.0,2.6,180.0,puf_sandwich_panel,0.05,concrete,0.2,none,0.0,west,1.8,1.2,0.45,2.6,36.588,44.332,0.1548,22.011
Mumbai,19.076,72.8777,warm_humid,3.0,3.0,2.6,180.0,rammed_earth,0.3,concrete,0.1,mineral_wool,0.05,north,0.6,1.5,0.75,2.6,32.272,35.54,0.3631,23.911
Mumbai,19.076,72.8777,warm_humid,3.0,3.0,2.6,180.0,concrete,0.2,rcc_slab,0.15,eps,0.05,east,0.9,1.5,0.45,2.6,32.888,36.505,0.3155,23.912
Mumbai,19.076,72.8777,warm_humid,3.0,3.0,2.6,135.0,rammed_earth,0.15,rcc_slab,0.2,eps,0.1,east,1.2,1.5,0.35,2.6,32.254,35.578,0.3452,23.915
Mumbai,19.076,72.8777,warm_humid,3.0,3.0,2.6,45.0,concrete,0.15,brick,0.115,eps,0.05,east,0.6,0.9,0.55,5.8,32.891,36.568,0.3036,23.915
Mumbai,19.076,72.8777,warm_humid,3.0,3.0,2.6,45.0,rammed_earth,0.45,brick,0.115,mineral_wool,0.1,north,0.6,0.9,0.85,2.6,30.331,32.942,0.6667,23.907
Mumbai,19.076,72.8777,warm_humid,3.0,3.0,2.6,135.0,plywood,0.019,concrete,0.2,eps,0.05,south,1.8,0.9,0.75,2.6,34.241,39.646,0.2024,23.097
Mumbai,19.076,72.8777,warm_humid,3.0,3.0,2.6,45.0,plywood,0.019,brick,0.23,mineral_wool,0.1,south,0.6,1.2,0.55,2.6,32.586,36.448,0.3512,23.933
Mumbai,19.076,72.8777,warm_humid,3.0,3.0,2.6,180.0,rammed_earth,0.45,concrete,0.15,eps,0.05,west,1.5,1.2,0.65,5.8,32.029,35.247,0.3988,23.908
Mumbai,19.076,72.8777,warm_humid,3.0,3.0,2.6,180.0,brick,0.23,puf_sandwich_panel,0.05,mineral_wool,0.1,south,0.9,1.2,0.45,2.6,31.333,34.21,0.4762,23.914
Mumbai,19.076,72.8777,warm_humid,3.0,3.0,2.6,0.0,puf_sandwich_panel,0.1,brick,0.23,mineral_wool,0.1,north,1.5,0.9,0.35,5.8,31.496,34.668,0.5417,23.934
Mumbai,19.076,72.8777,warm_humid,3.0,3.0,2.6,90.0,brick,0.115,rcc_slab,0.1,eps,0.1,east,0.6,0.6,0.75,2.6,31.948,35.157,0.3988,23.92
Mumbai,19.076,72.8777,warm_humid,3.0,3.0,2.6,0.0,puf_sandwich_panel,0.05,brick,0.115,none,0.0,south,0.9,0.6,0.55,5.8,36.2,45.167,0.244,21.587
Mumbai,19.076,72.8777,warm_humid,3.0,3.0,2.6,45.0,plywood,0.012,concrete,0.2,mineral_wool,0.05,east,1.5,0.9,0.55,3.5,33.932,39.05,0.2262,23.322
Mumbai,19.076,72.8777,warm_humid,3.0,3.0,2.6,45.0,gi_sheet,0.002,brick,0.115,eps,0.025,west,1.8,1.5,0.35,5.8,35.151,43.584,0.2738,20.067
Mumbai,19.076,72.8777,warm_humid,3.0,3.0,2.6,135.0,brick,0.115,concrete,0.2,mineral_wool,0.1,south,0.6,1.5,0.35,3.5,31.911,35.068,0.3929,23.917
Mumbai,19.076,72.8777,warm_humid,3.0,3.0,2.6,0.0,concrete,0.3,gi_sheet,0.002,eps,0.025,north,0.9,1.5,0.35,3.5,33.138,37.015,0.3155,23.91
Mumbai,19.076,72.8777,warm_humid,3.0,3.0,2.6,0.0,concrete,0.1,brick,0.115,mineral_wool,0.05,north,1.8,1.5,0.55,3.5,34.037,38.917,0.2024,23.837
Mumbai,19.076,72.8777,warm_humid,3.0,3.0,2.6,180.0,concrete,0.3,puf_sandwich_panel,0.15,none,0.0,south,1.2,0.6,0.65,5.8,34.473,39.421,0.2381,23.909
Mumbai,19.076,72.8777,warm_humid,3.0,3.0,2.6,0.0,puf_sandwich_panel,0.05,brick,0.115,mineral_wool,0.025,west,0.6,1.5,0.65,2.6,33.849,39.576,0.2976,23.225
Mumbai,19.076,72.8777,warm_humid,3.0,3.0,2.6,45.0,puf_sandwich_panel,0.15,concrete,0.2,mineral_wool,0.025,west,1.2,0.9,0.65,5.8,33.195,37.327,0.2619,23.933
Mumbai,19.076,72.8777,warm_humid,3.0,3.0,2.6,45.0,rammed_earth,0.3,puf_sandwich_panel,0.05,eps,0.05,south,0.6,0.6,0.55,2.6,31.321,34.13,0.5,23.912
Mumbai,19.076,72.8777,warm_humid,3.0,3.0,2.6,135.0,gi_sheet,0.002,concrete,0.2,none,0.0,north,0.9,1.2,0.55,2.6,37.648,51.098,0.3036,16.704
Mumbai,19.076,72.8777,warm_humid,3.0,3.0,2.6,90.0,plywood,0.03,gi_sheet,0.002,mineral_wool,0.1,south,1.8,1.5,0.55,5.8,34.421,42.585,0.3512,21.688
Mumbai,19.076,72.8777,warm_humid,3.0,3.0,2.6,135.0,plywood,0.019,gi_sheet,0.002,eps,0.025,east,1.2,0.6,0.75,3.5,35.007,44.808,0.369,19.991
Mumbai,19.076,72.8777,warm_humid,3.0,3.0,2.6,180.0,rammed_earth,0.45,concrete,0.1,mineral_wool,0.1,west,0.6,1.5,0.75,3.5,30.722,33.464,0.5536,23.908
Mumbai,19.076,72.8777,warm_humid,3.0,3.0,2.6,0.0,puf_sandwich_panel,0.05,brick,0.23,eps,0.025,south,1.8,1.5,0.85,2.6,35.405,41.679,0.1607,23.935
Mumbai,19.076,72.8777,warm_humid,3.0,3.0,2.6,180.0,plywood,0.019,puf_sandwich_panel,0.075,mineral_wool,0.025,south,1.8,1.5,0.55,2.6,34.355,43.488,0.3869,19.81
Mumbai,19.076,72.8777,warm_humid,3.0,3.0,2.6,180.0,rammed_earth,0.45,gi_sheet,0.002,eps,0.025,north,1.5,0.9,0.55,3.5,32.573,36.029,0.3631,23.908
Mumbai,19.076,72.8777,warm_humid,3.0,3.0,2.6,180.0,gi_sheet,0.002,concrete,0.15,eps,0.025,south,0.6,0.6,0.45,2.6,34.518,41.117,0.256,21.425
Mumbai,19.076,72.8777,warm_humid,3.0,3.0,2.6,0.0,brick,0.23,brick,0.115,mineral_wool,0.1,north,0.6,0.6,0.85,2.6,31.255,33.993,0.5,23.912
Mumbai,19.076,72.8777,warm_humid,3.0,3.0,2.6,0.0,gi_sheet,0.002,gi_sheet,0.002,eps,0.1,north,0.6,1.5,0.65,2.6,33.154,39.619,0.4107,21.662
Mumbai,19.076,72.8777,warm_humid,3.0,3.0,2.6,90.0,gi_sheet,0.002,brick,0.23,eps,0.1,west,1.5,0.6,0.35,2.6,32.346,36.404,0.3929,23.274
Mumbai,19.076,72.8777,warm_humid,3.0,3.0,2.6,0.0,brick,0.23,gi_sheet,0.002,mineral_wool,0.1,east,1.8,0.9,0.75,5.8,32.771,36.21,0.3095,23.914
Mumbai,19.076,72.8777,warm_humid,3.0,3.0,2.6,0.0,concrete,0.3,brick,0.115,eps,0.05,west,1.8,1.2,0.85,3.5,33.896,37.834,0.25,23.909
Mumbai,19.076,72.8777,warm_humid,3.0,3.0,2.6,45.0,rammed_earth,0.45,concrete,0.1,mineral_wool,0.1,east,1.2,1.5,0.35,5.8,30.865,33.587,0.5179,23.908
Mumbai,19.076,72.8777,warm_humid,3.0,3.0,2.6,90.0,gi_sheet,0.002,gi_sheet,0.002,eps,0.1,west,0.6,0.6,0.45,5.8,32.429,37.91,0.4643,21.867
Mumbai,19.076,72.8777,warm_humid,3.0,3.0,2.6,135.0,rammed_earth,0.3,concrete,0.15,mineral_wool,0.05,south,0.6,1.2,0.35,3.5,31.672,34.66,0.4345,23.91
Mumbai,19.076,72.8777,warm_humid,3.0,3.0,2.6,90.0,rammed_earth,0.3,gi_sheet,0.002,eps,0.1,south,1.2,0.6,0.65,3.5,31.323,34.076,0.5,23.912
Mumbai,19.076,72.8777,warm_humid,3.0,3.0,2.6,45.0,gi_sheet,0.002,brick,0.115,mineral_wool,0.05,west,1.5,0.6,0.55,5.8,33.897,40.021,0.2976,21.875
Mumbai,19.076,72.8777,warm_humid,3.0,3.0,2.6,0.0,plywood,0.03,concrete,0.2,eps,0.025,west,0.9,0.6,0.75,3.5,34.432,40.023,0.2024,23.076
Mumbai,19.076,72.8777,warm_humid,3.0,3.0,2.6,180.0,brick,0.345,gi_sheet,0.002,mineral_wool,0.1,east,1.2,1.2,0.45,3.5,31.489,34.32,0.4702,23.91
Mumbai,19.076,72.8777,warm_humid,3.0,3.0,2.6,180.0,plywood,0.03,rcc_slab,0.15,eps,0.1,west,0.9,1.5,0.65,5.8,33.165,37.57,0.2857,23.856
Mumbai,19.076,72.8777,warm_humid,3.0,3.0,2.6,135.0,puf_sandwich_panel,0.075,rcc_slab,0.25,eps,0.05,north,1.8,0.6,0.55,3.5,32.488,36.009,0.3571,23.929
Mumbai,19.076,72.8777,warm_humid,3.0,3.0,2.6,135.0,plywood,0.012,gi_sheet,0.002,eps,0.025,east,0.6,1.2,0.65,2.6,35.015,45.04,0.369,19.723
Mumbai,19.076,72.8777,warm_humid,3.0,3.0,2.6,0.0,gi_sheet,0.002,puf_sandwich_panel,0.075,mineral_wool,0.1,north,0.9,1.2,0.75,2.6,33.107,39.467,0.4048,21.755
Mumbai,19.076,72.8777,warm_humid,3.0,3.0,2.6,180.0,concrete,0.2,brick,0.115,mineral_wool,0.025,west,0.6,1.5,0.35,3.5,33.689,37.847,0.2679,23.912
Mumbai,19.076,72.8777,warm_humid,3.0,3.0,2.6,0.0,rammed_earth,0.3,concrete,0.15,mineral_wool,0.05,south,1.8,1.5,0.35,3.5,32.61,36.147,0.3631,23.911
Mumbai,19.076,72.8777,warm_humid,3.0,3.0,2.6,45.0,puf_sandwich_panel,0.05,brick,0.115,eps,0.1,north,0.6,0.6,0.45,2.6,31.478,34.776,0.5655,23.951
Mumbai,19.076,72.8777,warm_humid,3.0,3.0,2.6,0.0,rammed_earth,0.15,puf_sandwich_panel,0.15,none,0.0,east,1.8,1.5,0.65,3.5,35.72,42.721,0.1726,21.671
Mumbai,19.076,72.8777,warm_humid,3.0,3.0,2.6,135.0,plywood,0.05,brick,0.115,mineral_wool,0.025,east,1.2,1.5,0.35,2.6,34.605,41.303,0.256,22.038
Mumbai,19.076,72.8777,warm_humid,3.0,3.0,2.6,90.0,rammed_earth,0.15,gi_sheet,0.002,eps,0.05,east,1.8,0.6,0.55,2.6,33.087,37.132,0.2738,23.921
Mumbai,19.076,72.8777,warm_humid,3.0,3.0,2.6,135.0,concrete,0.3,gi_sheet,0.002,mineral_wool,0.025,south,0.9,1.5,0.45,5.8,33.337,37.264,0.2917,23.91
Mumbai,19.076,72.8777,warm_humid,3.0,3.0,2.6,90.0,brick,0.345,gi_sheet,0.002,mineral_wool,0.1,south,0.6,0.6,0.65,5.8,30.666,33.176,0.5536,23.91
Mumbai,19.076,72.8777,warm_humid,3.0,3.0,2.6,180.0,rammed_earth,0.45,gi_sheet,0.002,mineral_wool,0.1,east,0.6,1.5,0.45,2.6,30.579,33.171,0.5833,23.908
Mumbai,19.076,72.8777,warm_humid,3.0,3.0,2.6,90.0,concrete,0.3,rcc_slab,0.25,mineral_wool,0.05,north,1.5,1.2,0.75,2.6,32.636,36.06,0.3631,23.908
Mumbai,19.076,72.8777,warm_humid,3.0,3.0,2.6,90.0,puf_sandwich_panel,0.075,gi_sheet,0.002,mineral_wool,0.05,south,1.2,1.5,0.45,3.5,33.391,40.369,0.4167,22.089
Mumbai,19.076,72.8777,warm_humid,3.0,3.0,2.6,0.0,plywood,0.03,brick,0.23,eps,0.025,west,0.6,0.6,0.45,5.8,34.007,39.309,0.2381,23.051
Mumbai,19.076,72.8777,warm_humid,3.0,3.0,2.6,0.0,plywood,0.012,brick,0.115,eps,0.05,north,1.8,0.9,0.75,2.6,34.254,41.027,0.2917,21.901
Mumbai,19.076,72.8777,warm_humid,3.0,3.0,2.6,45.0,puf_sandwich_panel,0.05,brick,0.23,eps,0.05,north,1.8,1.5,0.55,3.5,33.539,38.361,0.256,23.355
Mumbai,19.076,72.8777,warm_humid,3.0,3.0,2.6,90.0,rammed_earth,0.15,rcc_slab,0.15,eps,0.1,north,0.6,0.6,0.35,5.8,31.354,34.209,0.4524,23.916
Mumbai,19.076,72.8777,warm_humid,3.0,3.0,2.6,180.0,gi_sheet,0.002,brick,0.23,mineral_wool,0.025,west,1.2,1.5,0.65,2.6,35.228,42.029,0.1964,21.747
Mumbai,19.076,72.8777,warm_humid,3.0,3.0,2.6,45.0,puf_sandwich_panel,0.15,brick,0.115,mineral_wool,0.05,west,0.6,1.5,0.65,2.6,32.527,36.62,0.3988,23.949
Mumbai,19.076,72.8777,warm_humid,3.0,3.0,2.6,90.0,concrete,0.1,concrete,0.2,none,0.0,east,1.8,1.2,0.55,3.5,37.728,46.969,0.1369,20.555
Mumbai,19.076,72.8777,warm_humid,3.0,3.0,2.6,0.0,puf_sandwich_panel,0.1,puf_sandwich_panel,0.075,mineral_wool,0.1,north,1.5,0.9,0.75,2.6,32.019,36.968,0.5,23.027
Mumbai,19.076,72.8777,warm_humid,3.0,3.0,2.6,45.0,rammed_earth,0.45,rcc_slab,0.1,eps,0.1,west,1.2,1.5,0.35,3.5,30.802,33.528,0.5238,23.908
Mumbai,19.076,72.8777,warm_humid,3.0,3.0,2.6,180.0,brick,0.345,concrete,0.1,mineral_wool,0.025,west,0.9,0.9,0.65,2.6,32.939,36.527,0.3452,23.909
Mumbai,19.076,72.8777,warm_humid,3.0,3.0,2.6,180.0,rammed_earth,0.3,puf_sandwich_panel,0.05,eps,0.05,north,0.9,0.9,0.65,5.8,31.705,34.731,0.4226,23.912
Mumbai,19.076,72.8777,warm_humid,3.0,3.0,2.6,45.0,rammed_earth,0.3,rcc_slab,0.2,mineral_wool,0.05,south,1.8,0.9,0.55,3.5,32.555,35.93,0.3631,23.91
Mumbai,19.076,72.8777,warm_humid,3.0,3.0,2.6,90.0,rammed_earth,0.45,gi_sheet,0.002,eps,0.025,west,1.2,1.5,0.45,5.8,32.407,35.874,0.369,23.908
Mumbai,19.076,72.8777,warm_humid,3.0,3.0,2.6,180.0,brick,0.345,rcc_slab,0.25,mineral_wool,0.1,west,0.9,0.6,0.45,3.5,30.4,32.956,0.6667,23.908
Mumbai,19.076,72.8777,warm_humid,3.0,3.0,2.6,90.0,gi_sheet,0.002,concrete,0.2,mineral_wool,0.025,south,1.5,0.9,0.75,3.5,35.247,42.097,0.1964,21.985
Mumbai,19.076,72.8777,warm_humid,3.0,3.0,2.6,180.0,rammed_earth,0.3,puf_sandwich_panel,0.05,none,0.0,east,1.2,0.6,0.45,5.8,33.608,37.933,0.2738,23.912
Mumbai,19.076,72.8777,warm_humid,3.0,3.0,2.6,135.0,plywood,0.019,rcc_slab,0.15,eps,0.1,south,1.2,0.6,0.45,2.6,32.404,36.385,0.3929,23.594
Mumbai,19.076,72.8777,warm_humid,3.0,3.0,2.6,135.0,plywood,0.05,rcc_slab,0.15,none,0.0,south,0.6,1.2,0.55,2.6,37.284,47.523,0.2083,19.897
Mumbai,19.076,72.8777,warm_humid,3.0,3.0,2.6,90.0,concrete,0.3,brick,0.115,mineral_wool,0.025,west,1.8,1.5,0.45,2.6,33.454,37.565,0.2917,23.909
Mumbai,19.076,72.8777,warm_humid,3.0,3.0,2.6,45.0,rammed_earth,0.3,gi_sheet,0.002,eps,0.1,south,1.2,0.9,0.45,3.5,31.456,34.285,0.4583,23.912
Mumbai,19.076,72.8777,warm_humid,3.0,3.0,2.6,90.0,concrete,0.1,puf_sandwich_panel,0.15,none,0.0,east,1.2,1.5,0.55,5.8,36.44,45.639,0.2143,19.638
Mumbai,19.076,72.8777,warm_humid,3.0,3.0,2.6,180.0,gi_sheet,0.002,rcc_slab,0.15,mineral_wool,0.1,north,1.5,1.2,0.85,5.8,34.281,39.871,0.2202,23.937
Mumbai,19.076,72.8777,warm_humid,3.0,3.0,2.6,180.0,concrete,0.15,concrete,0.15,mineral_wool,0.1,north,1.2,0.6,0.65,2.6,31.998,35.139,0.3869,23.914
Mumbai,19.076,72.8777,warm_humid,3.0,3.0,2.6,180.0,plywood,0.019,puf_sandwich_panel,0.1,eps,0.05,south,1.2,0.9,0.85,5.8,33.358,40.351,0.4107,21.329
Mumbai,19.076,72.8777,warm_humid,3.0,3.0,2.6,135.0,gi_sheet,0.002,gi_sheet,0.002,eps,0.1,east,0.9,1.2,0.85,3.5,33.898,41.28,0.3631,21.751
Mumbai,19.076,72.8777,warm_humid,3.0,3.0,2.6,0.0,rammed_earth,0.15,puf_sandwich_panel,0.1,mineral_wool,0.05,north,1.2,1.5,0.65,3.5,32.89,36.994,0.2976,23.921
Mumbai,19.076,72.8777,warm_humid,3.0,3.0,2.6,0.0,puf_sandwich_panel,0.05,puf_sandwich_panel,0.15,mineral_wool,0.05,north,0.9,0.9,0.55,5.8,31.643,36.179,0.5357,22.83
Mumbai,19.076,72.8777,warm_humid,3.0,3.0,2.6,0.0,rammed_earth,0.45,gi_sheet,0.002,mineral_wool,0.1,south,1.8,0.9,0.55,2.6,31.176,34.002,0.506,23.908
Mumbai,19.076,72.8777,warm_humid,3.0,3.0,2.6,180.0,rammed_earth,0.3,concrete,0.2,none,0.0,north,1.8,0.9,0.45,5.8,35.945,41.399,0.1429,23.91
Mumbai,19.076,72.8777,warm_humid,3.0,3.0,2.6,135.0,concrete,0.15,puf_sandwich_panel,0.15,none,0.0,south,0.6,0.6,0.45,3.5,35.821,42.755,0.1607,21.472
Mumbai,19.076,72.8777,warm_humid,3.0,3.0,2.6,135.0,rammed_earth,0.15,gi_sheet,0.002,none,0.0,west,1.2,0.9,0.65,5.8,37.707,47.064,0.1488,20.11
Mumbai,19.076,72.8777,warm_humid,3.0,3.0,2.6,180.0,concrete,0.3,concrete,0.1,none,0.0,west,0.6,1.2,0.75,5.8,36.885,43.017,0.119,23.909
Mumbai,19.076,72.8777,warm_humid,3.0,3.0,2.6,45.0,concrete,0.2,rcc_slab,0.15,mineral_wool,0.025,south,1.8,0.9,0.65,2.6,34.463,38.949,0.2083,23.912
Mumbai,19.076,72.8777,warm_humid,3.0,3.0,2.6,0.0,plywood,0.012,gi_sheet,0.002,eps,0.05,south,1.5,0.6,0.75,5.8,34.179,42.524,0.3988,20.996
Mumbai,19.076,72.8777,warm_humid,3.0,3.0,2.6,135.0,plywood,0.05,rcc_slab,0.25,eps,0.05,south,0.6,1.2,0.85,2.6,33.193,37.34,0.2381,23.927
Mumbai,19.076,72.8777,warm_humid,3.0,3.0,2.6,45.0,plywood,0.019,brick,0.23,none,0.0,south,0.6,0.9,0.35,5.8,36.718,46.871,0.25,19.057
Mumbai,19.076,72.8777,warm_humid,3.0,3.0,2.6,45.0,brick,0.115,concrete,0.15,mineral_wool,0.025,north,1.5,0.9,0.75,2.6,34.75,39.798,0.1667,23.918
Mumbai,19.076,72.8777,warm_humid,3.0,3.0,2.6,135.0,concrete,0.1,brick,0.23,eps,0.1,north,1.8,0.9,0.35,2.6,32.45,35.945,0.3214,23.917
Mumbai,19.076,72.8777,warm_humid,3.0,3.0,2.6,90.0,rammed_earth,0.15,gi_sheet,0.002,mineral_wool,0.1,south,1.5,0.6,0.55,2.6,32.204,35.554,0.3452,23.92
Mumbai,19.076,72.8777,warm_humid,3.0,3.0,2.6,180.0,gi_sheet,0.002,gi_sheet,0.002,eps,0.025,south,0.6,0.9,0.45,3.5,34.693,43.961,0.369,19.477
Mumbai,19.076,72.8777,warm_humid,3.0,3.0,2.6,90.0,plywood,0.03,brick,0.115,mineral_wool,0.025,north,1.5,0.6,0.75,5.8,34.782,41.752,0.2619,21.739
Mumbai,19.076,72.8777,warm_humid,3.0,3.0,2.6,45.0,puf_sandwich_panel,0.1,brick,0.23,mineral_wool,0.025,east,0.6,0.6,0.45,3.5,32.392,35.936,0.3631,23.935
Mumbai,19.076,72.8777,warm_humid,3.0,3.0,2.6,0.0,plywood,0.03,concrete,0.1,eps,0.1,west,1.5,0.6,0.85,5.8,33.355,38.31,0.2976,23.845
Mumbai,19.076,72.8777,warm_humid,3.0,3.0,2.6,45.0,brick,0.345,gi_sheet,0.002,eps,0.05,west,1.2,0.6,0.85,3.5,32.018,35.135,0.3869,23.91
Mumbai,19.076,72.8777,warm_humid,3.0,3.0,2.6,135.0,gi_sheet,0.002,puf_sandwich_panel,0.1,eps,0.1,west,0.9,1.2,0.35,5.8,32.566,38.197,0.4524,21.576
Mumbai,19.076,72.8777,warm_humid,3.0,3.0,2.6,45.0,concrete,0.15,rcc_slab,0.25,eps,0.025,east,0.6,1.5,0.55,5.8,33.943,38.231,0.256,23.912
Mumbai,19.076,72.8777,warm_humid,3.0,3.0,2.6,135.0,rammed_earth,0.3,gi_sheet,0.002,eps,0.025,east,1.2,0.6,0.55,5.8,33.146,36.926,0.2917,23.912
Mumbai,19.076,72.8777,warm_humid,3.0,3.0,2.6,0.0,plywood,0.012,concrete,0.15,eps,0.025,north,1.2,0.6,0.75,5.8,34.714,41.515,0.244,21.741
Mumbai,19.076,72.8777,warm_humid,3.0,3.0,2.6,45.0,gi_sheet,0.002,rcc_slab,0.15,none,0.0,west,0.6,0.6,0.75,3.5,37.741,52.11,0.3274,16.345
Mumbai,19.076,72.8777,warm_humid,3.0,3.0,2.6,90.0,plywood,0.012,gi_sheet,0.002,mineral_wool,0.05,north,1.5,1.2,0.35,5.8,33.882,41.617,0.3929,20.555
Mumbai,19.076,72.8777,warm_humid,3.0,3.0,2.6,180.0,brick,0.115,gi_sheet,0.002,mineral_wool,0.05,west,0.6,1.5,0.35,5.8,33.217,37.388,0.25,23.924
Mumbai,19.076,72.8777,warm_humid,3.0,3.0,2.6,0.0,brick,0.115,concrete,0.1,none,0.0,north,1.5,0.6,0.45,3.5,37.848,47.103,0.1369,20.717
Mumbai,19.076,72.8777,warm_humid,3.0,3.0,2.6,45.0,puf_sandwich_panel,0.05,brick,0.23,none,0.0,west,1.5,1.5,0.75,3.5,36.118,43.298,0.1548,22.668
Mumbai,19.076,72.8777,warm_humid,3.0,3.0,2.6,90.0,gi_sheet,0.002,puf_sandwich_panel,0.075,mineral_wool,0.025,south,1.8,1.5,0.45,3.5,34.842,45.043,0.369,19.327
Mumbai,19.076,72.8777,warm_humid,3.0,3.0,2.6,0.0,brick,0.345,puf_sandwich_panel,0.1,mineral_wool,0.1,west,0.6,1.2,0.75,3.5,30.979,33.618,0.5119,23.91
Mumbai,19.076,72.8777,warm_humid,3.0,3.0,2.6,180.0,puf_sandwich_panel,0.05,gi_sheet,0.002,mineral_wool,0.05,south,1.8,0.6,0.55,2.6,32.653,38.489,0.4583,22.183
Mumbai,19.076,72.8777,warm_humid,3.0,3.0,2.6,45.0,plywood,0.03,gi_sheet,0.002,eps,0.05,south,0.9,1.5,0.55,3.5,34.136,42.08,0.3631,21.315
Mumbai,19.076,72.8777,warm_humid,3.0,3.0,2.6,90.0,brick,0.23,concrete,0.1,eps,0.05,west,0.6,1.5,0.85,3.5,32.525,36.038,0.3631,23.912
Mumbai,19.076,72.8777,warm_humid,3.0,3.0,2.6,45.0,puf_sandwich_panel,0.075,puf_sandwich_panel,0.05,mineral_wool,0.1,north,1.5,0.6,0.75,5.8,31.908,36.409,0.5119,23.196
Mumbai,19.076,72.8777,warm_humid,3.0,3.0,2.6,90.0,puf_sandwich_panel,0.05,brick,0.23,eps,0.05,east,1.5,0.6,0.35,3.5,32.225,35.848,0.3988,23.935
Mumbai,19.076,72.8777,warm_humid,3.0,3.0,2.6,180.0,brick,0.23,rcc_slab,0.25,mineral_wool,0.025,west,1.5,1.5,0.65,5.8,34.25,38.548,0.244,23.911
Mumbai,19.076,72.8777,warm_humid,3.0,3.0,2.6,90.0,brick,0.23,gi_sheet,0.002,eps,0.025,west,0.6,0.9,0.75,2.6,33.458,37.547,0.2798,23.914
Mumbai,19.076,72.8777,warm_humid,3.0,3.0,2.6,180.0,concrete,0.2,gi_sheet,0.002,eps,0.05,north,1.5,1.5,0.65,3.5,33.859,38.101,0.256,23.914
Mumbai,19.076,72.8777,warm_humid,3.0,3.0,2.6,45.0,gi_sheet,0.002,concrete,0.1,eps,0.1,west,1.5,0.6,0.85,5.8,33.364,38.619,0.3095,22.747
Mumbai,19.076,72.8777,warm_humid,3.0,3.0,2.6,135.0,puf_sandwich_panel,0.15,concrete,0.15,mineral_wool,0.1,east,1.2,1.2,0.55,3.5,32.481,36.193,0.369,23.938
Mumbai,19.076,72.8777,warm_humid,3.0,3.0,2.6,0.0,concrete,0.3,brick,0.115,mineral_wool,0.025,north,0.6,0.9,0.75,5.8,32.984,36.691,0.3333,23.909
Mumbai,19.076,72.8777,warm_humid,3.0,3.0,2.6,135.0,puf_sandwich_panel,0.1,puf_sandwich_panel,0.05,mineral_wool,0.05,north,1.2,1.5,0.35,3.5,32.279,37.363,0.4643,22.48
Mumbai,19.076,72.8777,warm_humid,3.0,3.0,2.6,180.0,puf_sandwich_panel,0.1,concrete,0.1,mineral_wool,0.05,west,1.8,1.2,0.55,3.5,33.599,38.748,0.2976,23.292
Mumbai,19.076,72.8777,warm_humid,3.0,3.0,2.6,90.0,puf_sandwich_panel,0.1,gi_sheet,0.002,eps,0.05,north,1.5,1.2,0.85,3.5,34.207,41.424,0.3631,22.244
Mumbai,19.076,72.8777,warm_humid,3.0,3.0,2.6,90.0,plywood,0.03,rcc_slab,0.2,mineral_wool,0.1,north,0.6,0.9,0.35,2.6,31.945,35.366,0.4464,23.931
Mumbai,19.076,72.8777,warm_humid,3.0,3.0,2.6,90.0,gi_sheet,0.002,puf_sandwich_panel,0.05,mineral_wool,0.1,east,1.5,1.2,0.55,2.6,33.426,40.3,0.3929,21.506
Mumbai,19.076,72.8777,warm_humid,3.0,3.0,2.6,90.0,concrete,0.1,brick,0.115,mineral_wool,0.1,north,0.9,1.2,0.85,5.8,32.939,36.687,0.2857,23.919
Mumbai,19.076,72.8777,warm_humid,3.0,3.0,2.6,0.0,plywood,0.05,concrete,0.15,eps,0.1,west,0.9,1.5,0.65,2.6,33.276,37.641,0.2679,23.935
Mumbai,19.076,72.8777,warm_humid,3.0,3.0,2.6,45.0,puf_sandwich_panel,0.075,gi_sheet,0.002,eps,0.1,east,0.6,0.6,0.75,5.8,31.667,35.783,0.5357,23.465
Mumbai,19.076,72.8777,warm_humid,3.0,3.0,2.6,45.0,rammed_earth,0.3,puf_sandwich_panel,0.15,mineral_wool,0.1,south,1.2,1.5,0.85,3.5,32.743,36.102,0.3214,23.912
Mumbai,19.076,72.8777,warm_humid,3.0,3.0,2.6,180.0,brick,0.23,puf_sandwich_panel,0.05,eps,0.025,south,0.6,0.6,0.45,3.5,32.443,35.969,0.3452,23.914
Mumbai,19.076,72.8777,warm_humid,3.0,3.0,2.6,90.0,plywood,0.012,gi_sheet,0.002,mineral_wool,0.1,east,1.5,0.6,0.85,2.6,33.259,39.716,0.3988,22.197
Mumbai,19.076,72.8777,warm_humid,3.0,3.0,2.6,0.0,puf_sandwich_panel,0.15,concrete,0.2,mineral_wool,0.1,west,0.9,0.6,0.65,3.5,31.448,34.283,0.5476,23.933
Mumbai,19.076,72.8777,warm_humid,3.0,3.0,2.6,45.0,concrete,0.2,concrete,0.15,eps,0.05,west,0.9,1.2,0.65,3.5,32.821,36.422,0.3214,23.911
Mumbai,19.076,72.8777,warm_humid,3.0,3.0,2.6,0.0,concrete,0.2,brick,0.23,mineral_wool,0.025,east,0.6,0.9,0.85,2.6,33.569,37.582,0.2679,23.911
Mumbai,19.076,72.8777,warm_humid,3.0,3.0,2.6,135.0,puf_sandwich_panel,0.1,puf_sandwich_panel,0.15,eps,0.025,west,1.8,1.2,0.35,5.8,32.113,37.24,0.494,22.167
Mumbai,19.076,72.8777,warm_humid,3.0,3.0,2.6,135.0,puf_sandwich_panel,0.1,rcc_slab,0.2,eps,0.1,south,1.8,1.2,0.55,5.8,32.765,36.773,0.3214,23.934
Mumbai,19.076,72.8777,warm_humid,3.0,3.0,2.6,45.0,brick,0.23,gi_sheet,0.002,mineral_wool,0.05,east,0.6,1.2,0.45,5.8,32.462,35.864,0.3333,23.914
Mumbai,19.076,72.8777,warm_humid,3.0,3.0,2.6,135.0,puf_sandwich_panel,0.075,brick,0.23,none,0.0,east,1.5,0.6,0.45,5.8,34.876,40.54,0.1667,23.687
Mumbai,19.076,72.8777,warm_humid,3.0,3.0,2.6,90.0,concrete,0.15,concrete,0.15,eps,0.1,south,0.9,0.6,0.65,2.6,31.789,34.851,0.4107,23.914
Mumbai,19.076,72.8777,warm_humid,3.0,3.0,2.6,0.0,puf_sandwich_panel,0.15,rcc_slab,0.2,eps,0.1,south,1.8,0.9,0.65,2.6,32.571,36.292,0.3452,23.933
Mumbai,19.076,72.8777,warm_humid,3.0,3.0,2.6,45.0,plywood,0.012,brick,0.23,eps,0.1,east,0.9,0.9,0.35,5.8,32.468,36.356,0.3571,23.896
Mumbai,19.076,72.8777,warm_humid,3.0,3.0,2.6,180.0,rammed_earth,0.45,gi_sheet,0.002,eps,0.1,west,1.5,0.6,0.45,5.8,30.508,33.051,0.6369,23.908
Mumbai,19.076,72.8777,warm_humid,3.0,3.0,2.6,90.0,brick,0.23,puf_sandwich_panel,0.05,mineral_wool,0.025,south,0.9,1.5,0.45,5.8,33.077,36.939,0.2917,23.914
Mumbai,19.076,72.8777,warm_humid,3.0,3.0,2.6,0.0,puf_sandwich_panel,0.1,brick,0.115,eps,0.1,west,0.6,0.9,0.45,3.5,31.567,34.844,0.5238,23.95
Mumbai,19.076,72.8777,warm_humid,3.0,3.0,2.6,135.0,rammed_earth,0.15,rcc_slab,0.25,none,0.0,east,1.8,1.2,0.45,5.8,36.869,43.789,0.1131,22.649
Mumbai,19.076,72.8777,warm_humid,3.0,3.0,2.6,90.0,plywood,0.03,brick,0.23,mineral_wool,0.1,south,0.9,1.2,0.65,5.8,32.91,36.956,0.2917,23.932
Mumbai,19.076,72.8777,warm_humid,3.0,3.0,2.6,135.0,puf_sandwich_panel,0.15,brick,0.115,eps,0.025,east,0.6,0.9,0.85,3.5,33.299,38.102,0.3095,23.95
Mumbai,19.076,72.8777,warm_humid,3.0,3.0,2.6,45.0,puf_sandwich_panel,0.075,gi_sheet,0.002,mineral_wool,0.1,west,1.5,1.2,0.55,5.8,32.824,38.761,0.4226,22.502
Mumbai,19.076,72.8777,warm_humid,3.0,3.0,2.6,135.0,brick,0.345,gi_sheet,0.002,mineral_wool,0.05,south,1.2,1.2,0.35,2.6,31.96,35.11,0.3988,23.91
Mumbai,19.076,72.8777,warm_humid,3.0,3.0,2.6,180.0,plywood,0.03,puf_sandwich_panel,0.05,mineral_wool,0.1,north,1.5,0.6,0.75,5.8,32.827,38.35,0.4167,22.8
Mumbai,19.076,72.8777,warm_humid,3.0,3.0,2.6,135.0,gi_sheet,0.002,gi_sheet,0.002,eps,0.05,west,1.8,1.2,0.55,3.5,34.402,42.832,0.3631,20.147
Mumbai,19.076,72.8777,warm_humid,3.0,3.0,2.6,90.0,gi_sheet,0.002,brick,0.115,none,0.0,north,1.2,1.5,0.65,2.6,37.75,53.014,0.3512,16.206
Mumbai,19.076,72.8777,warm_humid,3.0,3.0,2.6,45.0,brick,0.23,puf_sandwich_panel,0.1,none,0.0,west,1.2,1.2,0.35,5.8,34.52,39.56,0.1964,23.833
Mumbai,19.076,72.8777,warm_humid,3.0,3.0,2.6,180.0,gi_sheet,0.002,puf_sandwich_panel,0.15,mineral_wool,0.1,south,0.6,0.6,0.75,5.8,32.397,37.547,0.4524,22.171
Mumbai,19.076,72.8777,warm_humid,3.0,3.0,2.6,180.0,brick,0.345,rcc_slab,0.2,eps,0.025,east,1.2,1.2,0.65,2.6,33.282,37.007,0.3036,23.908
Mumbai,19.076,72.8777,warm_humid,3.0,3.0,2.6,180.0,plywood,0.019,concrete,0.2,eps,0.025,east,1.8,1.5,0.55,5.8,35.637,42.776,0.1845,22.299
Mumbai,19.076,72.8777,warm_humid,3.0,3.0,2.6,90.0,brick,0.115,rcc_slab,0.1,mineral_wool,0.05,north,1.2,1.5,0.65,3.5,34.041,38.55,0.2024,23.92
Mumbai,19.076,72.8777,warm_humid,3.0,3.0,2.6,90.0,puf_sandwich_panel,0.05,gi_sheet,0.002,eps,0.025,west,0.6,1.2,0.55,3.5,33.29,40.212,0.4226,21.665
Mumbai,19.076,72.8777,warm_humid,3.0,3.0,2.6,45.0,plywood,0.03,brick,0.23,mineral_wool,0.025,east,1.8,1.2,0.65,5.8,35.242,41.612,0.1786,22.845
Mumbai,19.076,72.8777,warm_humid,3.0,3.0,2.6,0.0,gi_sheet,0.002,concrete,0.1,eps,0.05,north,1.2,1.2,0.75,3.5,34.248,40.916,0.2857,21.762
Mumbai,19.076,72.8777,warm_humid,3.0,3.0,2.6,135.0,puf_sandwich_panel,0.15,puf_sandwich_panel,0.075,none,0.0,east,1.5,1.5,0.35,3.5,32.72,39.018,0.4643,22.276
Mumbai,19.076,72.8777,warm_humid,3.0,3.0,2.6,90.0,brick,0.115,rcc_slab,0.1,mineral_wool,0.05,north,0.6,0.6,0.65,5.8,32.951,36.798,0.2857,23.92
Mumbai,19.076,72.8777,warm_humid,3.0,3.0,2.6,45.0,plywood,0.019,gi_sheet,0.002,eps,0.1,west,1.2,1.5,0.75,2.6,33.996,41.697,0.3631,21.601
Mumbai,19.076,72.8777,warm_humid,3.0,3.0,2.6,180.0,gi_sheet,0.002,brick,0.23,mineral_wool,0.05,north,1.8,0.9,0.35,3.5,33.748,38.971,0.256,22.992
Mumbai,19.076,72.8777,warm_humid,3.0,3.0,2.6,180.0,plywood,0.019,puf_sandwich_panel,0.05,eps,0.05,east,1.5,0.6,0.35,2.6,33.145,39.848,0.4167,21.335
Mumbai,19.076,72.8777,warm_humid,3.0,3.0,2.6,180.0,brick,0.23,gi_sheet,0.002,eps,0.1,north,1.2,1.5,0.45,3.5,32.234,35.537,0.3631,23.914
Mumbai,19.076,72.8777,warm_humid,3.0,3.0,2.6,90.0,puf_sandwich_panel,0.15,gi_sheet,0.002,eps,0.05,east,1.5,0.9,0.85,2.6,33.524,40.255,0.3929,22.966
Mumbai,19.076,72.8777,warm_humid,3.0,3.0,2.6,180.0,concrete,0.3,concrete,0.15,eps,0.025,west,1.8,0.9,0.85,5.8,33.908,37.994,0.2679,23.909
Mumbai,19.076,72.8777,warm_humid,3.0,3.0,2.6,90.0,rammed_earth,0.3,concrete,0.1,eps,0.025,east,0.6,0.6,0.85,3.5,32.875,36.503,0.3274,23.91
Mumbai,19.076,72.8777,warm_humid,3.0,3.0,2.6,45.0,puf_sandwich_panel,0.05,brick,0.115,mineral_wool,0.025,west,1.2,1.5,0.85,5.8,34.808,41.678,0.25,22.628
Mumbai,19.076,72.8777,warm_humid,3.0,3.0,2.6,90.0,plywood,0.05,rcc_slab,0.2,mineral_wool,0.025,east,1.2,0.6,0.45,3.5,33.935,39.033,0.2202,23.498
Mumbai,19.076,72.8777,warm_humid,3.0,3.0,2.6,90.0,puf_sandwich_panel,0.075,puf_sandwich_panel,0.1,none,0.0,west,1.5,1.5,0.75,5.8,33.173,40.266,0.4345,21.727
Mumbai,19.076,72.8777,warm_humid,3.0,3.0,2.6,90.0,concrete,0.2,puf_sandwich_panel,0.1,eps,0.1,east,1.2,0.9,0.65,2.6,31.778,34.879,0.4167,23.914
Mumbai,19.076,72.8777,warm_humid,3.0,3.0,2.6,90.0,plywood,0.05,brick,0.115,mineral_wool,0.025,south,1.2,0.6,0.45,5.8,34.241,40.364,0.2738,22.357
Mumbai,19.076,72.8777,warm_humid,3.0,3.0,2.6,0.0,concrete,0.3,puf_sandwich_panel,0.15,mineral_wool,0.025,east,1.8,0.6,0.75,2.6,32.645,36.177,0.3631,23.909
Mumbai,19.076,72.8777,warm_humid,3.0,3.0,2.6,0.0,concrete,0.3,puf_sandwich_panel,0.075,mineral_wool,0.1,south,1.8,0.9,0.35,5.8,31.241,34.031,0.506,23.91
Mumbai,19.076,72.8777,warm_humid,3.0,3.0,2.6,135.0,concrete,0.3,gi_sheet,0.002,mineral_wool,0.1,west,0.9,0.6,0.85,3.5,30.997,33.662,0.5119,23.909
Mumbai,19.076,72.8777,warm_humid,3.0,3.0,2.6,90.0,rammed_earth,0.45,brick,0.23,eps,0.025,east,0.6,1.2,0.45,2.6,31.706,34.868,0.4702,23.907
Mumbai,19.076,72.8777,warm_humid,3.0,3.0,2.6,180.0,puf_sandwich_panel,0.15,gi_sheet,0.002,eps,0.025,east,0.6,1.5,0.85,5.8,33.922,41.387,0.381,22.438
Mumbai,19.076,72.8777,warm_humid,3.0,3.0,2.6,180.0,concrete,0.2,gi_sheet,0.002,eps,0.025,east,1.5,0.9,0.65,3.5,34.43,39.025,0.1964,23.914
Mumbai,19.076,72.8777,warm_humid,3.0,3.0,2.6,180.0,gi_sheet,0.002,rcc_slab,0.2,mineral_wool,0.1,west,0.6,0.6,0.75,2.6,32.585,36.458,0.3512,23.931
Mumbai,19.076,72.8777,warm_humid,3.0,3.0,2.6,135.0,gi_sheet,0.002,puf_sandwich_panel,0.15,mineral_wool,0.1,west,0.6,1.2,0.35,3.5,32.352,37.55,0.4524,21.908
Mumbai,19.076,72.8777,warm_humid,3.0,3.0,2.6,45.0,rammed_earth,0.45,gi_sheet,0.002,eps,0.1,south,1.5,0.6,0.35,3.5,30.471,33.007,0.6488,23.908
Mumbai,19.076,72.8777,warm_humid,3.0,3.0,2.6,180.0,gi_sheet,0.002,gi_sheet,0.002,none,0.0,north,1.2,1.2,0.85,3.5,38.188,56.312,0.4107,15.569
Mumbai,19.076,72.8777,warm_humid,3.0,3.0,2.6,0.0,puf_sandwich_panel,0.15,concrete,0.1,mineral_wool,0.05,west,0.6,0.9,0.85,2.6,32.482,36.442,0.3988,23.948
Mumbai,19.076,72.8777,warm_humid,3.0,3.0,2.6,135.0,gi_sheet,0.002,puf_sandwich_panel,0.075,eps,0.1,east,1.2,0.9,0.35,3.5,32.782,38.773,0.4345,21.638
Mumbai,19.076,72.8777,warm_humid,3.0,3.0,2.6,180.0,brick,0.345,puf_sandwich_panel,0.05,eps,0.05,west,0.6,0.6,0.55,3.5,31.056,33.718,0.506,23.91
Mumbai,19.076,72.8777,warm_humid,3.0,3.0,2.6,90.0,brick,0.23,gi_sheet,0.002,none,0.0,north,0.9,1.5,0.45,3.5,37.446,44.681,0.1071,22.73
Mumbai,19.076,72.8777,warm_humid,3.0,3.0,2.6,90.0,rammed_earth,0.45,concrete,0.2,mineral_wool,0.05,west,0.9,0.9,0.45,5.8,30.824,33.685,0.5179,23.907
Mumbai,19.076,72.8777,warm_humid,3.0,3.0,2.6,90.0,concrete,0.15,brick,0.23,mineral_wool,0.05,west,0.6,0.6,0.85,2.6,32.39,35.865,0.3631,23.913
Mumbai,19.076,72.8777,warm_humid,3.0,3.0,2.6,45.0,brick,0.115,rcc_slab,0.15,mineral_wool,0.1,north,1.8,0.6,0.85,5.8,32.653,36.208,0.3095,23.918
Mumbai,19.076,72.8777,warm_humid,3.0,3.0,2.6,45.0,brick,0.115,puf_sandwich_panel,0.15,eps,0.05,north,0.6,1.5,0.65,3.5,32.829,36.789,0.2798,23.924
Mumbai,19.076,72.8777,warm_humid,3.0,3.0,2.6,90.0,plywood,0.05,puf_sandwich_panel,0.15,eps,0.05,south,1.5,1.5,0.85,3.5,35.114,44.115,0.3155,21.889
Mumbai,19.076,72.8777,warm_humid,3.0,3.0,2.6,0.0,gi_sheet,0.002,puf_sandwich_panel,0.1,mineral_wool,0.05,south,1.2,0.6,0.75,3.5,33.609,40.951,0.3929,21.178
Mumbai,19.076,72.8777,warm_humid,3.0,3.0,2.6,135.0,brick,0.115,brick,0.23,eps,0.1,north,1.2,0.9,0.55,3.5,32.375,35.724,0.3274,23.917
Mumbai,19.076,72.8777,warm_humid,3.0,3.0,2.6,0.0,plywood,0.012,gi_sheet,0.002,mineral_wool,0.05,north,1.5,0.9,0.85,2.6,34.259,42.689,0.3869,20.755
Mumbai,19.076,72.8777,warm_humid,3.0,3.0,2.6,45.0,rammed_earth,0.15,concrete,0.15,mineral_wool,0.05,south,1.2,1.2,0.85,5.8,33.987,38.187,0.2143,23.916
Mumbai,19.076,72.8777,warm_humid,3.0,3.0,2.6,180.0,rammed_earth,0.3,gi_sheet,0.002,mineral_wool,0.05,south,0.6,1.5,0.65,3.5,32.021,35.261,0.3869,23.912
Mumbai,19.076,72.8777,warm_humid,3.0,3.0,2.6,45.0,concrete,0.3,rcc_slab,0.15,mineral_wool,0.025,west,0.6,0.6,0.55,2.6,32.814,36.402,0.3631,23.908
Mumbai,19.076,72.8777,warm_humid,3.0,3.0,2.6,135.0,gi_sheet,0.002,rcc_slab,0.25,mineral_wool,0.025,east,0.6,1.2,0.55,2.6,34.585,40.395,0.1845,22.455
Mumbai,19.076,72.8777,warm_humid,3.0,3.0,2.6,0.0,plywood,0.012,concrete,0.2,none,0.0,north,1.8,1.5,0.35,3.5,37.436,49.62,0.2619,17.902
Mumbai,19.076,72.8777,warm_humid,3.0,3.0,2.6,135.0,brick,0.115,concrete,0.2,mineral_wool,0.05,east,1.5,0.9,0.55,3.5,33.568,37.637,0.25,23.917
Mumbai,19.076,72.8777,warm_humid,3.0,3.0,2.6,180.0,gi_sheet,0.002,rcc_slab,0.2,eps,0.05,east,1.5,1.5,0.65,3.5,35.024,41.166,0.1726,23.01
Mumbai,19.076,72.8777,warm_humid,3.0,3.0,2.6,45.0,brick,0.345,brick,0.23,none,0.0,east,1.2,1.2,0.75,3.5,35.333,40.184,0.1905,23.908
Mumbai,19.076,72.8777,warm_humid,3.0,3.0,2.6,45.0,puf_sandwich_panel,0.15,concrete,0.1,none,0.0,south,1.8,0.9,0.45,2.6,37.45,48.115,0.2262,21.142
Mumbai,19.076,72.8777,warm_humid,3.0,3.0,2.6,0.0,puf_sandwich_panel,0.15,rcc_slab,0.15,mineral_wool,0.05,west,0.9,0.6,0.45,5.8,31.941,35.261,0.4524,23.939
Mumbai,19.076,72.8777,warm_humid,3.0,3.0,2.6,90.0,puf_sandwich_panel,0.1,rcc_slab,0.1,mineral_wool,0.025,west,0.9,0.9,0.35,3.5,32.905,37.583,0.3571,23.365
Mumbai,19.076,72.8777,warm_humid,3.0,3.0,2.6,45.0,brick,0.345,gi_sheet,0.002,mineral_wool,0.025,south,0.6,0.6,0.85,5.8,32.829,36.37,0.3333,23.91
Mumbai,19.076,72.8777,warm_humid,3.0,3.0,2.6,90.0,brick,0.23,gi_sheet,0.002,eps,0.025,east,0.6,0.6,0.45,3.5,33.341,37.326,0.2798,23.914
Mumbai,19.076,72.8777,warm_humid,3.0,3.0,2.6,180.0,rammed_earth,0.15,puf_sandwich_panel,0.15,eps,0.025,west,0.6,0.9,0.35,5.8,32.74,36.678,0.2976,23.921
Mumbai,19.076,72.8777,warm_humid,3.0,3.0,2.6,45.0,concrete,0.2,rcc_slab,0.15,mineral_wool,0.1,west,1.2,0.6,0.85,5.8,31.761,34.758,0.4226,23.911
Mumbai,19.076,72.8777,warm_humid,3.0,3.0,2.6,0.0,puf_sandwich_panel,0.1,puf_sandwich_panel,0.075,eps,0.05,east,1.8,0.9,0.75,2.6,33.101,38.991,0.4226,22.683
Mumbai,19.076,72.8777,warm_humid,3.0,3.0,2.6,0.0,gi_sheet,0.002,rcc_slab,0.2,mineral_wool,0.05,west,1.8,0.6,0.65,3.5,34.189,39.532,0.2143,23.206
Mumbai,19.076,72.8777,warm_humid,3.0,3.0,2.6,90.0,plywood,0.019,concrete,0.15,eps,0.025,north,1.5,1.5,0.45,2.6,35.009,42.03,0.2381,21.49
Mumbai,19.076,72.8777,warm_humid,3.0,3.0,2.6,0.0,puf_sandwich_panel,0.05,puf_sandwich_panel,0.075,eps,0.1,north,0.9,1.5,0.45,3.5,31.768,36.572,0.5357,22.619
Mumbai,19.076,72.8777,warm_humid,3.0,3.0,2.6,90.0,puf_sandwich_panel,0.05,brick,0.23,eps,0.025,west,1.5,0.9,0.35,5.8,32.906,37.224,0.3214,23.569
Mumbai,19.076,72.8777,warm_humid,3.0,3.0,2.6,90.0,rammed_earth,0.15,concrete,0.2,mineral_wool,0.1,north,1.2,0.6,0.55,3.5,31.655,34.642,0.4226,23.915
Mumbai,19.076,72.8777,warm_humid,3.0,3.0,2.6,45.0,rammed_earth,0.45,gi_sheet,0.002,mineral_wool,0.1,west,1.2,0.6,0.45,5.8,30.344,32.855,0.6786,23.908
Mumbai,19.076,72.8777,warm_humid,3.0,3.0,2.6,45.0,brick,0.115,rcc_slab,0.2,mineral_wool,0.1,east,0.9,1.2,0.85,5.8,32.82,36.334,0.2976,23.917
Mumbai,19.076,72.8777,warm_humid,3.0,3.0,2.6,135.0,plywood,0.012,concrete,0.1,mineral_wool,0.05,east,1.5,1.5,0.75,3.5,35.466,43.391,0.244,22.391
Mumbai,19.076,72.8777,warm_humid,3.0,3.0,2.6,0.0,concrete,0.3,puf_sandwich_panel,0.1,mineral_wool,0.025,south,0.9,1.2,0.55,3.5,32.47,35.963,0.3631,23.91
Mumbai,19.076,72.8777,warm_humid,3.0,3.0,2.6,180.0,concrete,0.3,puf_sandwich_panel,0.15,eps,0.025,south,0.9,1.5,0.75,2.6,32.492,36.077,0.3631,23.91
Mumbai,19.076,72.8777,warm_humid,3.0,3.0,2.6,45.0,brick,0.23,puf_sandwich_panel,0.1,mineral_wool,0.025,north,1.8,0.9,0.55,2.6,33.06,36.948,0.2917,23.914
Mumbai,19.076,72.8777,warm_humid,3.0,3.0,2.6,180.0,gi_sheet,0.002,brick,0.115,mineral_wool,0.1,south,0.6,0.6,0.45,3.5,32.566,36.975,0.381,23.051
Mumbai,19.076,72.8777,warm_humid,3.0,3.0,2.6,45.0,plywood,0.019,puf_sandwich_panel,0.1,eps,0.1,north,1.5,1.2,0.65,2.6,33.306,39.858,0.4048,21.681
Mumbai,19.076,72.8777,warm_humid,3.0,3.0,2.6,90.0,brick,0.23,rcc_slab,0.1,mineral_wool,0.05,south,1.2,0.6,0.85,5.8,32.764,36.255,0.3155,23.912
Mumbai,19.076,72.8777,warm_humid,3.0,3.0,2.6,180.0,rammed_earth,0.45,puf_sandwich_panel,0.05,eps,0.05,east,0.6,1.2,0.45,2.6,30.752,33.403,0.5238,23.908
Mumbai,19.076,72.8777,warm_humid,3.0,3.0,2.6,135.0,brick,0.115,gi_sheet,0.002,none,0.0,south,0.9,0.9,0.55,2.6,38.199,49.092,0.1786,19.27
Mumbai,19.076,72.8777,warm_humid,3.0,3.0,2.6,135.0,rammed_earth,0.3,rcc_slab,0.1,eps,0.05,west,1.8,0.9,0.75,2.6,32.693,36.21,0.3571,23.911
Mumbai,19.076,72.8777,warm_humid,3.0,3.0,2.6,135.0,puf_sandwich_panel,0.075,gi_sheet,0.002,eps,0.025,north,1.2,1.5,0.45,5.8,33.946,41.42,0.3869,21.449
Mumbai,19.076,72.8777,warm_humid,3.0,3.0,2.6,45.0,plywood,0.05,rcc_slab,0.15,mineral_wool,0.05,north,0.9,0.6,0.45,2.6,32.919,37.197,0.3214,23.574
Mumbai,19.076,72.8777,warm_humid,3.0,3.0,2.6,45.0,gi_sheet,0.002,concrete,0.15,none,0.0,south,1.8,1.2,0.85,3.5,38.319,53.718,0.3214,16.369
Mumbai,19.076,72.8777,warm_humid,3.0,3.0,2.6,0.0,concrete,0.2,puf_sandwich_panel,0.05,mineral_wool,0.1,east,1.8,1.5,0.35,5.8,32.476,35.944,0.3333,23.914
Mumbai,19.076,72.8777,warm_humid,3.0,3.0,2.6,180.0,rammed_earth,0.45,concrete,0.2,mineral_wool,0.025,north,1.2,1.5,0.45,5.8,32.393,35.805,0.369,23.907
Mumbai,19.076,72.8777,warm_humid,3.0,3.0,2.6,45.0,puf_sandwich_panel,0.1,gi_sheet,0.002,eps,0.025,east,1.8,1.5,0.85,5.8,35.894,45.675,0.3393,21.358
Mumbai,19.076,72.8777,warm_humid,3.0,3.0,2.6,0.0,puf_sandwich_panel,0.1,rcc_slab,0.25,mineral_wool,0.1,north,0.6,0.9,0.55,5.8,31.089,33.799,0.619,23.928
Mumbai,19.076,72.8777,warm_humid,3.0,3.0,2.6,0.0,brick,0.345,gi_sheet,0.002,mineral_wool,0.025,north,1.5,0.6,0.75,2.6,32.925,36.615,0.3333,23.91
Mumbai,19.076,72.8777,warm_humid,3.0,3.0,2.6,45.0,gi_sheet,0.002,brick,0.23,mineral_wool,0.025,east,1.5,1.2,0.45,3.5,34.913,41.489,0.2202,21.705
Mumbai,19.076,72.8777,warm_humid,3.0,3.0,2.6,90.0,gi_sheet,0.002,concrete,0.1,eps,0.1,east,1.5,1.2,0.65,5.8,33.748,39.6,0.3036,23.027
Mumbai,19.076,72.8777,warm_humid,3.0,3.0,2.6,0.0,gi_sheet,0.002,rcc_slab,0.25,mineral_wool,0.025,north,0.9,0.6,0.75,3.5,34.507,40.305,0.1905,22.472
Mumbai,19.076,72.8777,warm_humid,3.0,3.0,2.6,45.0,gi_sheet,0.002,concrete,0.1,mineral_wool,0.05,north,1.5,0.9,0.45,5.8,33.895,40.009,0.2976,21.682
Mumbai,19.076,72.8777,warm_humid,3.0,3.0,2.6,0.0,rammed_earth,0.15,puf_sandwich_panel,0.075,mineral_wool,0.025,south,0.9,0.6,0.85,5.8,33.186,37.372,0.256,23.921
Mumbai,19.076,72.8777,warm_humid,3.0,3.0,2.6,0.0,concrete,0.1,concrete,0.2,mineral_wool,0.1,north,1.8,1.5,0.35,5.8,32.666,36.477,0.3095,23.917
Mumbai,19.076,72.8777,warm_humid,3.0,3.0,2.6,90.0,concrete,0.2,gi_sheet,0.002,eps,0.025,west,1.8,0.9,0.55,3.5,33.94,38.492,0.25,23.914
Mumbai,19.076,72.8777,warm_humid,3.0,3.0,2.6,180.0,gi_sheet,0.002,puf_sandwich_panel,0.075,none,0.0,west,1.8,0.6,0.55,5.8,36.47,50.762,0.4167,16.054
Mumbai,19.076,72.8777,warm_humid,3.0,3.0,2.6,0.0,gi_sheet,0.002,rcc_slab,0.15,eps,0.05,west,0.9,1.2,0.35,2.6,33.844,39.413,0.2738,22.529
Mumbai,19.076,72.8777,warm_humid,3.0,3.0,2.6,0.0,concrete,0.2,concrete,0.15,eps,0.025,west,1.5,1.2,0.35,3.5,34.007,38.333,0.25,23.912
Mumbai,19.076,72.8777,warm_humid,3.0,3.0,2.6,180.0,concrete,0.1,puf_sandwich_panel,0.05,mineral_wool,0.1,south,1.5,1.2,0.85,3.5,33.127,37.414,0.2679,23.924
Mumbai,19.076,72.8777,warm_humid,3.0,3.0,2.6,135.0,puf_sandwich_panel,0.15,concrete,0.1,eps,0.05,east,1.5,0.6,0.55,3.5,32.576,36.74,0.3869,23.949
Mumbai,19.076,72.8777,warm_humid,3.0,3.0,2.6,45.0,concrete,0.3,concrete,0.1,mineral_wool,0.025,north,0.6,0.6,0.35,5.8,32.855,36.474,0.3571,23.909
Mumbai,19.076,72.8777,warm_humid,3.0,3.0,2.6,45.0,rammed_earth,0.15,puf_sandwich_panel,0.075,none,0.0,south,1.8,0.9,0.45,2.6,35.303,41.878,0.1726,21.797
Mumbai,19.076,72.8777,warm_humid,3.0,3.0,2.6,135.0,gi_sheet,0.002,rcc_slab,0.15,eps,0.05,north,0.6,1.5,0.45,5.8,33.675,39.031,0.2917,22.471
Mumbai,19.076,72.8777,warm_humid,3.0,3.0,2.6,0.0,gi_sheet,0.002,brick,0.115,mineral_wool,0.1,west,0.9,1.5,0.85,3.5,34.351,40.605,0.256,23.156
Mumbai,19.076,72.8777,warm_humid,3.0,3.0,2.6,135.0,gi_sheet,0.002,concrete,0.2,eps,0.025,east,0.6,0.9,0.45,5.8,34.536,40.673,0.2202,21.937
Mumbai,19.076,72.8777,warm_humid,3.0,3.0,2.6,180.0,puf_sandwich_panel,0.15,rcc_slab,0.2,mineral_wool,0.05,west,0.6,0.6,0.45,5.8,31.604,34.571,0.5119,23.933
Mumbai,19.076,72.8777,warm_humid,3.0,3.0,2.6,135.0,puf_sandwich_panel,0.15,concrete,0.1,eps,0.025,west,1.8,1.2,0.75,2.6,34.416,40.555,0.2619,22.903
Mumbai,19.076,72.8777,warm_humid,3.0,3.0,2.6,90.0,concrete,0.15,gi_sheet,0.002,mineral_wool,0.025,west,1.8,0.6,0.75,3.5,34.228,39.116,0.2024,23.917
Mumbai,19.076,72.8777,warm_humid,3.0,3.0,2.6,45.0,brick,0.115,puf_sandwich_panel,0.15,eps,0.05,south,1.8,1.2,0.35,2.6,33.315,37.683,0.2321,23.925
Mumbai,19.076,72.8777,warm_humid,3.0,3.0,2.6,45.0,brick,0.345,concrete,0.15,eps,0.05,east,1.5,1.2,0.45,5.8,32.243,35.472,0.369,23.909
Mumbai,19.076,72.8777,warm_humid,3.0,3.0,2.6,90.0,rammed_earth,0.15,gi_sheet,0.002,mineral_wool,0.05,east,0.6,1.2,0.65,5.8,32.924,36.834,0.2917,23.921
Mumbai,19.076,72.8777,warm_humid,3.0,3.0,2.6,135.0,brick,0.345,brick,0.23,eps,0.05,north,1.5,1.2,0.75,2.6,32.698,36.085,0.3571,23.909
Mumbai,19.076,72.8777,warm_humid,3.0,3.0,2.6,180.0,concrete,0.3,concrete,0.1,mineral_wool,0.1,south,1.2,1.2,0.75,3.5,31.456,34.415,0.5,23.909
Mumbai,19.076,72.8777,warm_humid,3.0,3.0,2.6,90.0,brick,0.115,brick,0.23,mineral_wool,0.1,east,1.8,1.5,0.45,3.5,33.072,36.993,0.2857,23.917
Mumbai,19.076,72.8777,warm_humid,3.0,3.0,2.6,135.0,rammed_earth,0.15,rcc_slab,0.15,eps,0.025,south,1.8,1.5,0.85,2.6,35.476,40.895,0.1369,23.917
Mumbai,19.076,72.8777,warm_humid,3.0,3.0,2.6,45.0,rammed_earth,0.45,concrete,0.1,eps,0.025,north,0.6,1.2,0.85,2.6,32.274,35.614,0.369,23.908
Mumbai,19.076,72.8777,warm_humid,3.0,3.0,2.6,180.0,plywood,0.05,brick,0.23,eps,0.025,south,1.2,0.9,0.45,3.5,33.844,38.997,0.2381,23.105
Mumbai,19.076,72.8777,warm_humid,3.0,3.0,2.6,0.0,concrete,0.3,concrete,0.1,mineral_wool,0.025,east,0.9,0.9,0.55,3.5,33.186,36.964,0.3095,23.909
Mumbai,19.076,72.8777,warm_humid,3.0,3.0,2.6,90.0,rammed_earth,0.45,gi_sheet,0.002,mineral_wool,0.05,west,1.5,1.2,0.45,2.6,31.498,34.493,0.494,23.908
Mumbai,19.076,72.8777,warm_humid,3.0,3.0,2.6,90.0,concrete,0.15,rcc_slab,0.2,mineral_wool,0.025,east,1.2,1.2,0.55,2.6,34.167,38.709,0.2321,23.913
Mumbai,19.076,72.8777,warm_humid,3.0,3.0,2.6,0.0,plywood,0.05,concrete,0.2,eps,0.025,west,1.5,1.5,0.85,3.5,36.013,42.819,0.1429,23.544
Mumbai,19.076,72.8777,warm_humid,3.0,3.0,2.6,135.0,puf_sandwich_panel,0.05,gi_sheet,0.002,eps,0.1,east,1.5,1.5,0.35,3.5,32.927,39.453,0.4405,22.1
Mumbai,19.076,72.8777,warm_humid,3.0,3.0,2.6,90.0,rammed_earth,0.45,concrete,0.15,mineral_wool,0.025,east,1.2,0.6,0.65,3.5,32.075,35.362,0.3869,23.907
Mumbai,19.076,72.8777,warm_humid,3.0,3.0,2.6,180.0,brick,0.115,puf_sandwich_panel,0.1,none,0.0,west,0.6,0.6,0.35,2.6,35.659,43.092,0.1845,21.182
Mumbai,19.076,72.8777,warm_humid,3.0,3.0,2.6,180.0,puf_sandwich_panel,0.075,rcc_slab,0.2,eps,0.1,south,1.5,1.5,0.65,2.6,32.605,36.779,0.3512,23.914
Mumbai,19.076,72.8777,warm_humid,3.0,3.0,2.6,180.0,brick,0.345,concrete,0.2,mineral_wool,0.025,north,1.5,0.9,0.65,5.8,33.048,36.712,0.3393,23.908
Mumbai,19.076,72.8777,warm_humid,3.0,3.0,2.6,135.0,rammed_earth,0.3,gi_sheet,0.002,mineral_wool,0.1,north,0.6,1.5,0.85,2.6,31.678,34.574,0.4286,23.912
Mumbai,19.076,72.8777,warm_humid,3.0,3.0,2.6,135.0,plywood,0.019,gi_sheet,0.002,mineral_wool,0.1,east,1.2,1.2,0.45,5.8,33.25,39.686,0.4048,22.031
Mumbai,19.076,72.8777,warm_humid,3.0,3.0,2.6,135.0,concrete,0.3,rcc_slab,0.2,eps,0.025,west,0.6,0.6,0.45,3.5,32.64,36.146,0.3631,23.908
Mumbai,19.076,72.8777,warm_humid,3.0,3.0,2.6,180.0,gi_sheet,0.002,puf_sandwich_panel,0.075,none,0.0,west,1.2,0.9,0.75,2.6,36.575,50.999,0.4167,16.054
Mumbai,19.076,72.8777,warm_humid,3.0,3.0,2.6,135.0,brick,0.23,gi_sheet,0.002,mineral_wool,0.1,south,1.2,0.9,0.55,5.8,31.815,34.866,0.4107,23.914
Mumbai,19.076,72.8777,warm_humid,3.0,3.0,2.6,135.0,puf_sandwich_panel,0.15,gi_sheet,0.002,mineral_wool,0.1,east,0.9,0.6,0.45,5.8,31.502,35.445,0.5774,23.77
Mumbai,19.076,72.8777,warm_humid,3.0,3.0,2.6,0.0,rammed_earth,0.45,rcc_slab,0.25,mineral_wool,0.1,west,1.2,0.6,0.35,5.8,30.07,32.64,0.756,23.907
Mumbai,19.076,72.8777,warm_humid,3.0,3.0,2.6,135.0,gi_sheet,0.002,concrete,0.15,eps,0.1,west,1.5,0.6,0.35,3.5,32.59,36.868,0.3631,23.031
Mumbai,19.076,72.8777,warm_humid,3.0,3.0,2.6,135.0,concrete,0.15,gi_sheet,0.002,eps,0.1,north,0.9,0.9,0.45,2.6,32.044,35.278,0.3869,23.917
Mumbai,19.076,72.8777,warm_humid,3.0,3.0,2.6,135.0,brick,0.115,gi_sheet,0.002,mineral_wool,0.025,south,0.6,1.2,0.75,3.5,34.6,39.913,0.1786,23.38
Mumbai,19.076,72.8777,warm_humid,3.0,3.0,2.6,90.0,plywood,0.05,puf_sandwich_panel,0.1,mineral_wool,0.1,north,1.2,1.5,0.65,2.6,33.3,38.953,0.369,22.536
Mumbai,19.076,72.8777,warm_humid,3.0,3.0,2.6,180.0,concrete,0.1,puf_sandwich_panel,0.1,none,0.0,south,0.9,1.5,0.45,5.8,36.249,45.244,0.2143,19.536
Mumbai,19.076,72.8777,warm_humid,3.0,3.0,2.6,180.0,rammed_earth,0.3,concrete,0.2,mineral_wool,0.05,east,1.2,0.6,0.45,3.5,31.739,34.731,0.4286,23.91
Mumbai,19.076,72.8777,warm_humid,3.0,3.0,2.6,180.0,gi_sheet,0.002,gi_sheet,0.002,eps,0.025,south,1.8,1.2,0.65,2.6,35.297,45.861,0.3571,19.071
Mumbai,19.076,72.8777,warm_humid,3.0,3.0,2.6,135.0,gi_sheet,0.002,gi_sheet,0.002,mineral_wool,0.05,south,1.2,0.9,0.55,3.5,33.982,41.714,0.3869,20.602
Mumbai,19.076,72.8777,warm_humid,3.0,3.0,2.6,0.0,puf_sandwich_panel,0.15,brick,0.115,none,0.0,west,0.9,1.2,0.55,5.8,36.449,45.22,0.2202,22.177
Mumbai,19.076,72.8777,warm_humid,3.0,3.0,2.6,135.0,rammed_earth,0.45,brick,0.115,eps,0.1,north,1.8,0.9,0.55,5.8,31.148,34.005,0.506,23.908
Mumbai,19.076,72.8777,warm_humid,3.0,3.0,2.6,45.0,concrete,0.2,gi_sheet,0.002,mineral_wool,0.1,north,0.9,1.5,0.45,3.5,31.932,35.113,0.3929,23.913
Mumbai,19.076,72.8777,warm_humid,3.0,3.0,2.6,0.0,plywood,0.03,rcc_slab,0.1,mineral_wool,0.05,south,0.6,1.2,0.45,3.5,33.396,38.633,0.3155,23.023
Mumbai,19.076,72.8777,warm_humid,3.0,3.0,2.6,90.0,gi_sheet,0.002,rcc_slab,0.15,mineral_wool,0.025,north,1.8,0.9,0.35,2.6,34.718,41.695,0.256,21.055
Mumbai,19.076,72.8777,warm_humid,3.0,3.0,2.6,90.0,puf_sandwich_panel,0.1,gi_sheet,0.002,mineral_wool,0.1,north,0.9,0.9,0.45,5.8,31.768,35.928,0.5179,23.312
Mumbai,19.076,72.8777,warm_humid,3.0,3.0,2.6,180.0,brick,0.115,gi_sheet,0.002,eps,0.05,south,0.9,1.2,0.75,3.5,33.495,37.984,0.2262,23.924
Mumbai,19.076,72.8777,warm_humid,3.0,3.0,2.6,0.0,brick,0.23,gi_sheet,0.002,none,0.0,north,1.2,1.5,0.45,2.6,37.385,44.717,0.1131,22.513
Mumbai,19.076,72.8777,warm_humid,3.0,3.0,2.6,45.0,rammed_earth,0.3,rcc_slab,0.1,mineral_wool,0.1,west,1.5,0.9,0.75,2.6,31.828,34.84,0.4167,23.911
Mumbai,19.076,72.8777,warm_humid,3.0,3.0,2.6,45.0,plywood,0.05,puf_sandwich_panel,0.15,eps,0.1,west,1.5,0.9,0.65,3.5,32.804,38.373,0.4107,22.626
Mumbai,19.076,72.8777,warm_humid,3.0,3.0,2.6,180.0,concrete,0.2,brick,0.23,mineral_wool,0.05,north,0.6,0.6,0.65,2.6,32.184,35.438,0.369,23.911
Mumbai,19.076,72.8777,warm_humid,3.0,3.0,2.6,180.0,puf_sandwich_panel,0.15,gi_sheet,0.002,eps,0.05,west,1.5,1.2,0.55,3.5,33.298,39.443,0.3929,22.35
Mumbai,19.076,72.8777,warm_humid,3.0,3.0,2.6,45.0,brick,0.115,concrete,0.15,eps,0.05,west,1.5,1.5,0.55,3.5,34.005,38.522,0.2083,23.919
Mumbai,19.076,72.8777,warm_humid,3.0,3.0,2.6,0.0,concrete,0.2,brick,0.23,mineral_wool,0.025,east,0.9,0.9,0.45,3.5,33.473,37.469,0.2857,23.911
Mumbai,19.076,72.8777,warm_humid,3.0,3.0,2.6,135.0,gi_sheet,0.002,concrete,0.15,eps,0.025,east,0.6,1.2,0.45,3.5,34.725,41.534,0.25,21.369
Mumbai,19.076,72.8777,warm_humid,3.0,3.0,2.6,135.0,gi_sheet,0.002,gi_sheet,0.002,eps,0.1,north,1.5,1.2,0.35,5.8,33.297,39.765,0.3988,21.2
Mumbai,19.076,72.8777,warm_humid,3.0,3.0,2.6,90.0,concrete,0.3,concrete,0.2,eps,0.05,north,0.9,0.9,0.65,3.5,31.824,34.927,0.4345,23.908
Mumbai,19.076,72.8777,warm_humid,3.0,3.0,2.6,135.0,puf_sandwich_panel,0.15,concrete,0.2,eps,0.05,north,1.2,0.6,0.35,3.5,31.819,34.964,0.4702,23.934
Mumbai,19.076,72.8777,warm_humid,3.0,3.0,2.6,45.0,plywood,0.012,brick,0.115,mineral_wool,0.1,south,1.5,0.6,0.75,3.5,33.365,38.549,0.3036,23.502
Mumbai,19.076,72.8777,warm_humid,3.0,3.0,2.6,0.0,brick,0.345,puf_sandwich_panel,0.15,eps,0.1,west,0.9,0.9,0.75,2.6,31.066,33.738,0.5119,23.91
Mumbai,19.076,72.8777,warm_humid,3.0,3.0,2.6,180.0,brick,0.23,concrete,0.15,eps,0.025,west,1.2,0.9,0.35,2.6,33.441,37.399,0.2798,23.912
Mumbai,19.076,72.8777,warm_humid,3.0,3.0,2.6,180.0,plywood,0.019,rcc_slab,0.25,eps,0.1,north,0.6,0.6,0.65,2.6,32.143,35.584,0.4048,23.928
Mumbai,19.076,72.8777,warm_humid,3.0,3.0,2.6,180.0,puf_sandwich_panel,0.1,concrete,0.2,eps,0.025,east,1.8,1.2,0.35,3.5,33.612,38.229,0.2321,23.831
Mumbai,19.076,72.8777,warm_humid,3.0,3.0,2.6,135.0,concrete,0.15,gi_sheet,0.002,mineral_wool,0.1,east,1.5,0.6,0.85,2.6,32.708,36.213,0.3036,23.917
Mumbai,19.076,72.8777,warm_humid,3.0,3.0,2.6,0.0,concrete,0.15,puf_sandwich_panel,0.15,none,0.0,west,1.5,1.5,0.85,3.5,36.713,44.503,0.1369,21.681
Mumbai,19.076,72.8777,warm_humid,3.0,3.0,2.6,90.0,puf_sandwich_panel,0.075,puf_sandwich_panel,0.05,mineral_wool,0.05,east,0.9,1.2,0.65,5.8,32.384,37.792,0.4762,22.964
Mumbai,19.076,72.8777,warm_humid,3.0,3.0,2.6,0.0,gi_sheet,0.002,brick,0.115,eps,0.025,north,1.5,0.6,0.65,2.6,34.922,42.767,0.2857,20.691
Mumbai,19.076,72.8777,warm_humid,3.0,3.0,2.6,135.0,gi_sheet,0.002,puf_sandwich_panel,0.05,none,0.0,east,0.6,1.2,0.65,3.5,36.632,50.98,0.4107,16.038
Mumbai,19.076,72.8777,warm_humid,3.0,3.0,2.6,90.0,concrete,0.15,rcc_slab,0.1,mineral_wool,0.025,north,1.2,0.6,0.85,2.6,34.277,38.879,0.2083,23.915
Mumbai,19.076,72.8777,warm_humid,3.0,3.0,2.6,180.0,gi_sheet,0.002,concrete,0.2,mineral_wool,0.05,south,0.6,1.2,0.45,2.6,33.402,38.242,0.2679,22.952
Mumbai,19.076,72.8777,warm_humid,3.0,3.0,2.6,90.0,plywood,0.05,gi_sheet,0.002,mineral_wool,0.1,west,0.6,1.2,0.65,2.6,32.27,37.011,0.4524,22.92
Mumbai,19.076,72.8777,warm_humid,3.0,3.0,2.6,90.0,rammed_earth,0.15,puf_sandwich_panel,0.15,mineral_wool,0.025,west,1.8,0.9,0.65,5.8,33.259,37.76,0.2619,23.718
Mumbai,19.076,72.8777,warm_humid,3.0,3.0,2.6,180.0,plywood,0.03,brick,0.115,eps,0.05,east,1.2,0.6,0.45,3.5,33.468,38.781,0.3155,22.83
Mumbai,19.076,72.8777,warm_humid,3.0,3.0,2.6,180.0,puf_sandwich_panel,0.1,concrete,0.1,none,0.0,west,0.6,0.6,0.75,5.8,37.091,46.983,0.2202,21.298
Mumbai,19.076,72.8777,warm_humid,3.0,3.0,2.6,135.0,plywood,0.012,rcc_slab,0.1,eps,0.05,west,1.8,1.2,0.45,3.5,34.09,40.567,0.2976,21.559
Mumbai,19.076,72.8777,warm_humid,3.0,3.0,2.6,135.0,gi_sheet,0.002,gi_sheet,0.002,mineral_wool,0.025,north,1.2,0.6,0.75,2.6,35.048,44.593,0.3631,19.474
Mumbai,19.076,72.8777,warm_humid,3.0,3.0,2.6,45.0,gi_sheet,0.002,brick,0.23,eps,0.1,north,0.9,0.9,0.55,5.8,32.725,36.898,0.3452,23.399
Mumbai,19.076,72.8777,warm_humid,3.0,3.0,2.6,180.0,puf_sandwich_panel,0.075,puf_sandwich_panel,0.1,eps,0.05,south,0.6,1.5,0.85,5.8,31.911,36.831,0.5238,22.939
Mumbai,19.076,72.8777,warm_humid,3.0,3.0,2.6,45.0,plywood,0.019,brick,0.23,eps,0.025,east,1.8,0.9,0.55,3.5,34.871,41.121,0.2083,22.451
Mumbai,19.076,72.8777,warm_humid,3.0,3.0,2.6,90.0,concrete,0.3,puf_sandwich_panel,0.05,mineral_wool,0.05,north,1.2,0.9,0.45,3.5,31.623,34.639,0.4583,23.909
Mumbai,19.076,72.8777,warm_humid,3.0,3.0,2.6,135.0,puf_sandwich_panel,0.075,rcc_slab,0.1,mineral_wool,0.1,east,0.9,1.2,0.55,2.6,32.331,36.277,0.4048,23.948
Mumbai,19.076,72.8777,warm_humid,3.0,3.0,2.6,90.0,brick,0.345,gi_sheet,0.002,mineral_wool,0.025,east,1.5,0.6,0.65,5.8,33.012,36.702,0.3214,23.91
Mumbai,19.076,72.8777,warm_humid,3.0,3.0,2.6,0.0,rammed_earth,0.15,puf_sandwich_panel,0.075,eps,0.05,north,0.9,0.9,0.55,3.5,32.308,35.914,0.3452,23.921
Mumbai,19.076,72.8777,warm_humid,3.0,3.0,2.6,45.0,concrete,0.2,concrete,0.2,none,0.0,east,0.9,1.2,0.55,5.8,37.06,43.789,0.1131,23.096
Mumbai,19.076,72.8777,warm_humid,3.0,3.0,2.6,45.0,brick,0.345,rcc_slab,0.25,mineral_wool,0.025,south,0.6,0.6,0.75,5.8,32.378,35.731,0.369,23.908
Mumbai,19.076,72.8777,warm_humid,3.0,3.0,2.6,180.0,gi_sheet,0.002,gi_sheet,0.002,mineral_wool,0.025,west,1.5,0.6,0.65,3.5,35.08,44.714,0.3631,19.441
Mumbai,19.076,72.8777,warm_humid,3.0,3.0,2.6,45.0,gi_sheet,0.002,rcc_slab,0.2,mineral_wool,0.025,east,0.9,1.2,0.45,5.8,34.743,41.069,0.2143,21.827
Mumbai,19.076,72.8777,warm_humid,3.0,3.0,2.6,135.0,plywood,0.012,brick,0.115,mineral_wool,0.05,west,0.6,0.6,0.65,3.5,33.45,38.961,0.3274,22.385
Mumbai,19.076,72.8777,warm_humid,3.0,3.0,2.6,0.0,rammed_earth,0.3,puf_sandwich_panel,0.05,eps,0.05,west,1.5,1.5,0.45,3.5,32.631,36.112,0.3274,23.912
Mumbai,19.076,72.8777,warm_humid,3.0,3.0,2.6,135.0,concrete,0.2,concrete,0.2,eps,0.025,west,0.6,0.9,0.65,5.8,33.471,37.473,0.2857,23.911
Mumbai,19.076,72.8777,warm_humid,3.0,3.0,2.6,0.0,plywood,0.019,rcc_slab,0.25,mineral_wool,0.1,east,0.6,1.2,0.85,2.6,32.752,36.5,0.2917,23.928
Mumbai,19.076,72.8777,warm_humid,3.0,3.0,2.6,135.0,gi_sheet,0.002,gi_sheet,0.002,mineral_wool,0.05,west,1.8,0.9,0.55,5.8,34.155,42.061,0.3571,20.393
Mumbai,19.076,72.8777,warm_humid,3.0,3.0,2.6,0.0,concrete,0.1,puf_sandwich_panel,0.075,none,0.0,east,1.2,0.6,0.45,5.8,36.259,45.154,0.2143,19.618
Mumbai,19.076,72.8777,warm_humid,3.0,3.0,2.6,45.0,puf_sandwich_panel,0.1,concrete,0.15,eps,0.025,east,1.5,1.2,0.75,3.5,34.48,39.913,0.2143,23.941
Mumbai,19.076,72.8777,warm_humid,3.0,3.0,2.6,0.0,concrete,0.15,rcc_slab,0.15,none,0.0,north,0.9,0.9,0.75,3.5,37.444,45.418,0.131,21.678
Mumbai,19.076,72.8777,warm_humid,3.0,3.0,2.6,90.0,rammed_earth,0.3,puf_sandwich_panel,0.1,none,0.0,east,1.2,0.9,0.65,3.5,33.727,38.132,0.2738,23.912
Mumbai,19.076,72.8777,warm_humid,3.0,3.0,2.6,180.0,puf_sandwich_panel,0.15,brick,0.23,eps,0.1,south,0.9,0.6,0.55,2.6,31.103,33.862,0.6369,23.934
Mumbai,19.076,72.8777,warm_humid,3.0,3.0,2.6,45.0,puf_sandwich_panel,0.15,gi_sheet,0.002,eps,0.05,north,1.2,1.2,0.45,3.5,32.566,37.975,0.4524,22.483
Mumbai,19.076,72.8777,warm_humid,3.0,3.0,2.6,0.0,rammed_earth,0.15,rcc_slab,0.25,eps,0.025,south,1.8,1.2,0.65,3.5,34.568,39.306,0.1905,23.914
Mumbai,19.076,72.8777,warm_humid,3.0,3.0,2.6,180.0,concrete,0.1,gi_sheet,0.002,eps,0.05,south,1.2,1.5,0.65,5.8,33.827,38.697,0.2143,23.626
Mumbai,19.076,72.8777,warm_humid,3.0,3.0,2.6,0.0,concrete,0.1,rcc_slab,0.15,mineral_wool,0.1,north,1.2,1.2,0.75,3.5,32.809,36.606,0.3036,23.918
Mumbai,19.076,72.8777,warm_humid,3.0,3.0,2.6,45.0,rammed_earth,0.45,puf_sandwich_panel,0.1,mineral_wool,0.05,south,1.5,0.9,0.75,2.6,31.634,34.671,0.4583,23.908
Mumbai,19.076,72.8777,warm_humid,3.0,3.0,2.6,45.0,brick,0.345,rcc_slab,0.1,none,0.0,south,1.5,0.9,0.35,3.5,36.466,42.004,0.131,23.909
Mumbai,19.076,72.8777,warm_humid,3.0,3.0,2.6,45.0,concrete,0.2,puf_sandwich_panel,0.1,mineral_wool,0.05,south,0.6,0.6,0.65,5.8,31.965,35.149,0.3869,23.913
Mumbai,19.076,72.8777,warm_humid,3.0,3.0,2.6,135.0,gi_sheet,0.002,puf_sandwich_panel,0.1,eps,0.05,south,0.9,1.2,0.45,5.8,33.335,40.29,0.3988,20.798
Mumbai,19.076,72.8777,warm_humid,3.0,3.0,2.6,90.0,brick,0.115,puf_sandwich_panel,0.075,eps,0.1,east,1.8,0.6,0.55,5.8,32.284,35.852,0.3571,23.925
Mumbai,19.076,72.8777,warm_humid,3.0,3.0,2.6,90.0,puf_sandwich_panel,0.15,puf_sandwich_panel,0.075,mineral_wool,0.1,west,0.9,1.5,0.45,5.8,31.471,35.662,0.5595,23.145
Mumbai,19.076,72.8777,warm_humid,3.0,3.0,2.6,135.0,concrete,0.2,gi_sheet,0.002,none,0.0,south,0.6,0.6,0.45,5.8,37.594,45.457,0.125,21.571
Mumbai,19.076,72.8777,warm_humid,3.0,3.0,2.6,0.0,gi_sheet,0.002,concrete,0.15,eps,0.025,north,1.2,0.6,0.85,3.5,34.856,41.888,0.244,21.396
Mumbai,19.076,72.8777,warm_humid,3.0,3.0,2.6,90.0,concrete,0.3,gi_sheet,0.002,eps,0.025,north,1.2,0.9,0.45,2.6,33.192,37.049,0.3095,23.909
Mumbai,19.076,72.8777,warm_humid,3.0,3.0,2.6,135.0,plywood,0.03,gi_sheet,0.002,mineral_wool,0.05,east,0.6,0.6,0.85,5.8,33.479,40.117,0.3929,21.801
Mumbai,19.076,72.8777,warm_humid,3.0,3.0,2.6,180.0,plywood,0.012,rcc_slab,0.1,none,0.0,north,1.2,1.2,0.85,5.8,38.318,53.98,0.3274,16.978
Mumbai,19.076,72.8777,warm_humid,3.0,3.0,2.6,135.0,rammed_earth,0.3,puf_sandwich_panel,0.1,none,0.0,north,1.8,0.9,0.35,5.8,33.675,38.044,0.2679,23.912
Mumbai,19.076,72.8777,warm_humid,3.0,3.0,2.6,0.0,rammed_earth,0.3,concrete,0.1,mineral_wool,0.025,north,0.9,1.5,0.75,3.5,33.319,37.271,0.2917,23.911
Mumbai,19.076,72.8777,warm_humid,3.0,3.0,2.6,45.0,plywood,0.03,puf_sandwich_panel,0.075,mineral_wool,0.05,west,0.6,1.5,0.55,3.5,33.062,39.364,0.4107,21.717
Mumbai,19.076,72.8777,warm_humid,3.0,3.0,2.6,0.0,plywood,0.019,rcc_slab,0.2,mineral_wool,0.05,east,0.6,0.9,0.45,3.5,33.246,37.734,0.2679,23.632
Mumbai,19.076,72.8777,warm_humid,3.0,3.0,2.6,90.0,brick,0.23,brick,0.115,eps,0.1,west,1.8,1.2,0.85,2.6,32.592,36.232,0.3631,23.913
Mumbai,19.076,72.8777,warm_humid,3.0,3.0,2.6,180.0,rammed_earth,0.45,brick,0.115,mineral_wool,0.05,south,0.6,0.6,0.85,5.8,30.913,33.755,0.5179,23.907
Mumbai,19.076,72.8777,warm_humid,3.0,3.0,2.6,0.0,brick,0.23,gi_sheet,0.002,eps,0.025,west,1.2,0.9,0.45,5.8,33.823,38.045,0.256,23.914
Mumbai,19.076,72.8777,warm_humid,3.0,3.0,2.6,135.0,rammed_earth,0.15,puf_sandwich_panel,0.15,mineral_wool,0.1,west,0.6,0.9,0.55,3.5,31.416,34.351,0.494,23.92
Mumbai,19.076,72.8777,warm_humid,3.0,3.0,2.6,90.0,brick,0.345,concrete,0.2,mineral_wool,0.05,east,1.5,0.6,0.55,5.8,31.621,34.637,0.4762,23.908
Mumbai,19.076,72.8777,warm_humid,3.0,3.0,2.6,45.0,plywood,0.012,puf_sandwich_panel,0.05,mineral_wool,0.05,south,0.6,0.6,0.35,3.5,32.982,39.529,0.4345,21.386
Mumbai,19.076,72.8777,warm_humid,3.0,3.0,2.6,45.0,plywood,0.019,brick,0.23,none,0.0,east,0.6,0.9,0.65,2.6,36.822,47.024,0.25,19.072
Mumbai,19.076,72.8777,warm_humid,3.0,3.0,2.6,0.0,brick,0.345,gi_sheet,0.002,eps,0.025,west,0.6,1.2,0.35,2.6,32.764,36.316,0.3452,23.91
Mumbai,19.076,72.8777,warm_humid,3.0,3.0,2.6,45.0,brick,0.115,concrete,0.15,mineral_wool,0.1,east,1.2,1.2,0.65,2.6,32.954,36.607,0.2857,23.918
Mumbai,19.076,72.8777,warm_humid,3.0,3.0,2.6,180.0,plywood,0.05,concrete,0.1,mineral_wool,0.1,east,0.9,0.9,0.45,5.8,32.429,36.37,0.369,23.941
Mumbai,19.076,72.8777,warm_humid,3.0,3.0,2.6,45.0,puf_sandwich_panel,0.15,gi_sheet,0.002,mineral_wool,0.1,west,0.6,0.9,0.75,3.5,31.665,35.78,0.5298,23.672
Mumbai,19.076,72.8777,warm_humid,3.0,3.0,2.6,180.0,concrete,0.1,brick,0.23,eps,0.1,north,1.2,1.2,0.35,3.5,32.4,35.864,0.3274,23.917
Mumbai,19.076,72.8777,warm_humid,3.0,3.0,2.6,135.0,rammed_earth,0.45,puf_sandwich_panel,0.15,eps,0.025,west,1.8,1.2,0.85,2.6,32.4,35.788,0.369,23.909
Mumbai,19.076,72.8777,warm_humid,3.0,3.0,2.6,180.0,brick,0.115,gi_sheet,0.002,mineral_wool,0.1,west,0.6,1.2,0.65,5.8,32.472,35.977,0.3155,23.924
Mumbai,19.076,72.8777,warm_humid,3.0,3.0,2.6,135.0,concrete,0.1,concrete,0.15,none,0.0,south,0.9,0.9,0.45,5.8,37.794,47.263,0.1429,19.952
Mumbai,19.076,72.8777,warm_humid,3.0,3.0,2.6,0.0,brick,0.23,brick,0.23,eps,0.05,south,0.6,1.2,0.85,2.6,32.495,35.857,0.3631,23.911
Mumbai,19.076,72.8777,warm_humid,3.0,3.0,2.6,45.0,gi_sheet,0.002,concrete,0.1,eps,0.05,south,1.2,0.6,0.65,3.5,34.0,40.208,0.2976,22.151
Mumbai,19.076,72.8777,warm_humid,3.0,3.0,2.6,180.0,concrete,0.15,rcc_slab,0.1,eps,0.05,north,0.6,1.2,0.45,3.5,32.886,36.597,0.3036,23.915
Mumbai,19.076,72.8777,warm_humid,3.0,3.0,2.6,90.0,puf_sandwich_panel,0.075,puf_sandwich_panel,0.1,eps,0.025,south,1.8,0.6,0.35,3.5,31.949,37.024,0.5119,22.683
Mumbai,19.076,72.8777,warm_humid,3.0,3.0,2.6,90.0,plywood,0.019,puf_sandwich_panel,0.05,mineral_wool,0.05,west,1.2,1.2,0.35,3.5,32.993,39.589,0.4405,21.073
Mumbai,19.076,72.8777,warm_humid,3.0,3.0,2.6,135.0,plywood,0.019,rcc_slab,0.15,mineral_wool,0.1,west,0.9,1.2,0.35,3.5,32.415,36.427,0.369,23.455
Mumbai,19.076,72.8777,warm_humid,3.0,3.0,2.6,45.0,plywood,0.019,gi_sheet,0.002,eps,0.025,west,0.6,1.2,0.35,5.8,34.585,43.75,0.375,19.937
Mumbai,19.076,72.8777,warm_humid,3.0,3.0,2.6,0.0,gi_sheet,0.002,rcc_slab,0.2,mineral_wool,0.025,west,0.9,1.2,0.35,2.6,34.727,41.084,0.2202,21.924
Mumbai,19.076,72.8777,warm_humid,3.0,3.0,2.6,45.0,plywood,0.05,puf_sandwich_panel,0.1,none,0.0,west,1.2,1.5,0.55,5.8,35.021,44.839,0.3571,19.301
Mumbai,19.076,72.8777,warm_humid,3.0,3.0,2.6,180.0,rammed_earth,0.45,gi_sheet,0.002,mineral_wool,0.1,north,0.9,1.5,0.55,5.8,30.948,33.685,0.5119,23.908
Mumbai,19.076,72.8777,warm_humid,3.0,3.0,2.6,0.0,rammed_earth,0.3,concrete,0.1,mineral_wool,0.025,north,1.5,0.6,0.55,3.5,32.965,36.694,0.3155,23.911
Mumbai,19.076,72.8777,warm_humid,3.0,3.0,2.6,45.0,plywood,0.019,brick,0.115,eps,0.1,north,0.9,0.6,0.65,2.6,32.538,36.895,0.3869,23.318
Mumbai,19.076,72.8777,warm_humid,3.0,3.0,2.6,90.0,concrete,0.2,rcc_slab,0.15,mineral_wool,0.1,north,0.9,0.6,0.35,5.8,31.16,33.911,0.506,23.911
Mumbai,19.076,72.8777,warm_humid,3.0,3.0,2.6,135.0,gi_sheet,0.002,puf_sandwich_panel,0.075,mineral_wool,0.025,north,1.2,0.6,0.35,2.6,33.912,41.91,0.3988,19.859
Mumbai,19.076,72.8777,warm_humid,3.0,3.0,2.6,135.0,puf_sandwich_panel,0.1,rcc_slab,0.25,mineral_wool,0.025,west,1.2,1.5,0.65,2.6,33.565,37.943,0.2083,23.929
Mumbai,19.076,72.8777,warm_humid,3.0,3.0,2.6,45.0,gi_sheet,0.002,brick,0.23,mineral_wool,0.05,east,1.8,0.9,0.55,3.5,34.158,39.58,0.2262,22.926
Mumbai,19.076,72.8777,warm_humid,3.0,3.0,2.6,135.0,concrete,0.3,brick,0.23,eps,0.1,west,1.2,1.2,0.75,3.5,31.47,34.436,0.494,23.908
Mumbai,19.076,72.8777,warm_humid,3.0,3.0,2.6,0.0,concrete,0.15,brick,0.115,none,0.0,east,1.5,0.9,0.35,5.8,37.236,45.236,0.1369,21.457
Mumbai,19.076,72.8777,warm_humid,3.0,3.0,2.6,180.0,rammed_earth,0.15,rcc_slab,0.1,eps,0.025,south,1.2,0.9,0.85,2.6,34.185,38.94,0.2024,23.918
Mumbai,19.076,72.8777,warm_humid,3.0,3.0,2.6,135.0,puf_sandwich_panel,0.15,concrete,0.15,mineral_wool,0.05,north,1.8,1.5,0.75,3.5,34.671,40.111,0.1845,23.939
Mumbai,19.076,72.8777,warm_humid,3.0,3.0,2.6,90.0,gi_sheet,0.002,brick,0.23,eps,0.1,north,1.8,1.2,0.85,2.6,34.421,39.816,0.1964,23.457
Mumbai,19.076,72.8777,warm_humid,3.0,3.0,2.6,0.0,concrete,0.3,gi_sheet,0.002,mineral_wool,0.05,west,1.2,0.9,0.65,2.6,32.532,35.908,0.3631,23.909
Mumbai,19.076,72.8777,warm_humid,3.0,3.0,2.6,135.0,plywood,0.05,brick,0.115,eps,0.1,west,1.5,0.6,0.65,2.6,32.532,36.686,0.375,23.652
Mumbai,19.076,72.8777,warm_humid,3.0,3.0,2.6,0.0,concrete,0.1,concrete,0.1,mineral_wool,0.025,west,0.9,0.9,0.65,3.5,34.779,39.941,0.1786,23.919
Mumbai,19.076,72.8777,warm_humid,3.0,3.0,2.6,180.0,gi_sheet,0.002,puf_sandwich_panel,0.075,mineral_wool,0.025,west,0.9,1.5,0.45,3.5,34.265,42.753,0.381,19.716
Mumbai,19.076,72.8777,warm_humid,3.0,3.0,2.6,180.0,rammed_earth,0.45,gi_sheet,0.002,mineral_wool,0.1,south,1.2,1.5,0.75,2.6,31.186,34.096,0.506,23.908
Mumbai,19.076,72.8777,warm_humid,3.0,3.0,2.6,180.0,concrete,0.2,rcc_slab,0.1,mineral_wool,0.05,south,0.6,0.9,0.45,2.6,32.337,35.723,0.3631,23.912
Mumbai,19.076,72.8777,warm_humid,3.0,3.0,2.6,135.0,rammed_earth,0.3,puf_sandwich_panel,0.05,mineral_wool,0.1,east,0.6,0.9,0.35,5.8,30.681,33.146,0.5833,23.912
Mumbai,19.076,72.8777,warm_humid,3.0,3.0,2.6,45.0,plywood,0.012,concrete,0.1,none,0.0,west,1.8,1.5,0.75,5.8,38.608,54.35,0.3214,16.885
Mumbai,19.076,72.8777,warm_humid,3.0,3.0,2.6,45.0,rammed_earth,0.15,concrete,0.15,eps,0.05,south,1.8,1.2,0.55,2.6,33.917,38.182,0.2202,23.917
Mumbai,19.076,72.8777,warm_humid,3.0,3.0,2.6,90.0,puf_sandwich_panel,0.05,concrete,0.2,eps,0.025,south,1.8,1.5,0.35,2.6,34.055,39.27,0.2262,23.308
Mumbai,19.076,72.8777,warm_humid,3.0,3.0,2.6,45.0,puf_sandwich_panel,0.075,gi_sheet,0.002,mineral_wool,0.025,south,1.2,0.9,0.55,5.8,33.78,41.364,0.3929,21.909
Mumbai,19.076,72.8777,warm_humid,3.0,3.0,2.6,90.0,puf_sandwich_panel,0.1,rcc_slab,0.15,mineral_wool,0.1,south,0.9,0.9,0.75,3.5,32.172,35.62,0.3929,23.939
Mumbai,19.076,72.8777,warm_humid,3.0,3.0,2.6,90.0,concrete,0.2,rcc_slab,0.2,mineral_wool,0.1,south,1.5,1.2,0.45,2.6,32.126,35.34,0.369,23.911
Mumbai,19.076,72.8777,warm_humid,3.0,3.0,2.6,45.0,gi_sheet,0.002,gi_sheet,0.002,none,0.0,south,0.9,0.6,0.65,5.8,38.044,55.32,0.4107,15.57
Mumbai,19.076,72.8777,warm_humid,3.0,3.0,2.6,0.0,rammed_earth,0.3,brick,0.23,mineral_wool,0.1,north,1.2,1.5,0.55,5.8,31.403,34.326,0.5,23.91
Mumbai,19.076,72.8777,warm_humid,3.0,3.0,2.6,135.0,gi_sheet,0.002,gi_sheet,0.002,eps,0.05,east,0.6,1.5,0.45,3.5,33.9,41.656,0.3869,20.671
Mumbai,19.076,72.8777,warm_humid,3.0,3.0,2.6,180.0,gi_sheet,0.002,concrete,0.2,eps,0.1,north,0.6,0.6,0.35,5.8,32.397,36.213,0.381,23.907
Mumbai,19.076,72.8777,warm_humid,3.0,3.0,2.6,90.0,concrete,0.1,puf_sandwich_panel,0.05,eps,0.05,south,1.8,1.2,0.55,2.6,33.988,38.835,0.2024,23.925
Mumbai,19.076,72.8777,warm_humid,3.0,3.0,2.6,45.0,plywood,0.03,brick,0.115,eps,0.05,east,1.2,0.9,0.65,5.8,33.923,39.623,0.2798,22.773
Mumbai,19.076,72.8777,warm_humid,3.0,3.0,2.6,180.0,puf_sandwich_panel,0.05,gi_sheet,0.002,eps,0.025,west,1.5,0.9,0.85,3.5,34.525,42.669,0.369,21.44
Mumbai,19.076,72.8777,warm_humid,3.0,3.0,2.6,135.0,gi_sheet,0.002,gi_sheet,0.002,eps,0.025,west,1.2,0.6,0.35,2.6,34.694,43.969,0.369,19.403
Mumbai,19.076,72.8777,warm_humid,3.0,3.0,2.6,90.0,concrete,0.1,gi_sheet,0.002,mineral_wool,0.1,east,1.5,1.2,0.85,2.6,33.776,38.274,0.2083,23.924
Mumbai,19.076,72.8777,warm_humid,3.0,3.0,2.6,45.0,concrete,0.3,rcc_slab,0.1,eps,0.025,south,0.9,0.9,0.35,5.8,33.078,36.809,0.3274,23.909
Mumbai,19.076,72.8777,warm_humid,3.0,3.0,2.6,0.0,plywood,0.012,brick,0.23,mineral_wool,0.025,east,0.6,0.6,0.75,2.6,34.429,40.333,0.2143,22.514
Mumbai,19.076,72.8777,warm_humid,3.0,3.0,2.6,135.0,gi_sheet,0.002,rcc_slab,0.25,eps,0.025,west,1.2,1.5,0.45,2.6,34.693,40.783,0.1905,21.903
Mumbai,19.076,72.8777,warm_humid,3.0,3.0,2.6,0.0,rammed_earth,0.15,rcc_slab,0.2,mineral_wool,0.1,west,1.8,0.9,0.55,5.8,32.7,36.155,0.3036,23.915
Mumbai,19.076,72.8777,warm_humid,3.0,3.0,2.6,90.0,concrete,0.1,gi_sheet,0.002,eps,0.1,east,1.5,0.6,0.75,3.5,32.692,36.508,0.2976,23.923
Mumbai,19.076,72.8777,warm_humid,3.0,3.0,2.6,135.0,rammed_earth,0.45,gi_sheet,0.002,eps,0.1,east,0.6,1.2,0.85,5.8,30.826,33.548,0.5179,23.908
Mumbai,19.076,72.8777,warm_humid,3.0,3.0,2.6,0.0,puf_sandwich_panel,0.1,brick,0.115,mineral_wool,0.025,south,1.5,0.6,0.35,5.8,33.047,37.816,0.3452,23.65
Mumbai,19.076,72.8777,warm_humid,3.0,3.0,2.6,45.0,concrete,0.3,concrete,0.1,mineral_wool,0.05,west,0.9,1.5,0.75,3.5,32.563,35.982,0.3631,23.909
Mumbai,19.076,72.8777,warm_humid,3.0,3.0,2.6,45.0,plywood,0.012,puf_sandwich_panel,0.075,eps,0.1,north,1.2,0.9,0.75,3.5,33.017,39.263,0.4226,21.846
Mumbai,19.076,72.8777,warm_humid,3.0,3.0,2.6,135.0,concrete,0.15,brick,0.115,none,0.0,south,0.6,0.6,0.55,3.5,37.307,45.147,0.131,21.506
Mumbai,19.076,72.8777,warm_humid,3.0,3.0,2.6,135.0,brick,0.23,concrete,0.15,none,0.0,west,0.9,0.6,0.65,3.5,36.806,42.93,0.1131,23.912
Mumbai,19.076,72.8777,warm_humid,3.0,3.0,2.6,180.0,gi_sheet,0.002,gi_sheet,0.002,eps,0.1,east,1.8,1.5,0.55,3.5,34.747,43.64,0.3571,20.916
Mumbai,19.076,72.8777,warm_humid,3.0,3.0,2.6,180.0,gi_sheet,0.002,brick,0.23,eps,0.05,east,0.6,1.5,0.75,5.8,34.076,39.337,0.2262,23.191
Mumbai,19.076,72.8777,warm_humid,3.0,3.0,2.6,90.0,gi_sheet,0.002,puf_sandwich_panel,0.1,eps,0.05,east,1.5,1.2,0.75,5.8,34.278,42.783,0.3929,20.717
Mumbai,19.076,72.8777,warm_humid,3.0,3.0,2.6,45.0,plywood,0.019,gi_sheet,0.002,eps,0.05,west,1.8,1.5,0.85,5.8,35.663,46.241,0.3333,20.369
Mumbai,19.076,72.8777,warm_humid,3.0,3.0,2.6,180.0,rammed_earth,0.15,puf_sandwich_panel,0.05,eps,0.1,north,1.8,0.6,0.75,2.6,32.415,35.887,0.3155,23.921
Mumbai,19.076,72.8777,warm_humid,3.0,3.0,2.6,180.0,puf_sandwich_panel,0.05,concrete,0.2,eps,0.1,west,0.6,0.6,0.65,2.6,31.425,34.342,0.5536,23.934
Mumbai,19.076,72.8777,warm_humid,3.0,3.0,2.6,135.0,rammed_earth,0.15,brick,0.23,eps,0.05,north,0.9,0.9,0.65,5.8,32.809,36.418,0.2976,23.915
Mumbai,19.076,72.8777,warm_humid,3.0,3.0,2.6,45.0,plywood,0.05,brick,0.23,eps,0.05,south,0.9,0.9,0.55,5.8,33.229,37.544,0.256,23.931
Mumbai,19.076,72.8777,warm_humid,3.0,3.0,2.6,45.0,rammed_earth,0.3,brick,0.23,eps,0.1,south,1.8,0.9,0.85,5.8,32.498,35.767,0.3631,23.91
Mumbai,19.076,72.8777,warm_humid,3.0,3.0,2.6,0.0,plywood,0.019,gi_sheet,0.002,eps,0.025,east,1.5,0.6,0.75,5.8,35.061,44.589,0.369,19.948
Mumbai,19.076,72.8777,warm_humid,3.0,3.0,2.6,0.0,puf_sandwich_panel,0.15,brick,0.115,eps,0.025,west,0.9,1.5,0.35,2.6,33.316,38.374,0.3155,23.468
Mumbai,19.076,72.8777,warm_humid,3.0,3.0,2.6,90.0,brick,0.23,rcc_slab,0.25,mineral_wool,0.025,west,0.9,1.2,0.65,2.6,33.251,37.16,0.2976,23.911
Mumbai,19.076,72.8777,warm_humid,3.0,3.0,2.6,180.0,gi_sheet,0.002,rcc_slab,0.25,mineral_wool,0.05,north,0.9,1.2,0.65,3.5,33.847,38.757,0.2083,23.918
Mumbai,19.076,72.8777,warm_humid,3.0,3.0,2.6,135.0,puf_sandwich_panel,0.1,gi_sheet,0.002,eps,0.025,west,1.5,1.2,0.75,3.5,34.243,42.11,0.369,21.562
Mumbai,19.076,72.8777,warm_humid,3.0,3.0,2.6,135.0,plywood,0.019,rcc_slab,0.2,eps,0.025,east,1.2,1.2,0.45,5.8,34.777,40.948,0.2083,22.529
Mumbai,19.076,72.8777,warm_humid,3.0,3.0,2.6,90.0,brick,0.23,concrete,0.1,eps,0.1,west,1.8,1.5,0.45,5.8,32.141,35.585,0.375,23.913
Mumbai,19.076,72.8777,warm_humid,3.0,3.0,2.6,45.0,concrete,0.1,puf_sandwich_panel,0.15,none,0.0,east,0.6,1.2,0.75,3.5,36.465,45.37,0.2024,19.64
Mumbai,19.076,72.8777,warm_humid,3.0,3.0,2.6,180.0,brick,0.345,gi_sheet,0.002,eps,0.05,east,1.5,0.9,0.45,5.8,32.222,35.447,0.369,23.91
Mumbai,19.076,72.8777,warm_humid,3.0,3.0,2.6,90.0,brick,0.23,brick,0.115,eps,0.025,east,0.9,0.9,0.35,2.6,33.392,37.355,0.2798,23.912
Mumbai,19.076,72.8777,warm_humid,3.0,3.0,2.6,90.0,puf_sandwich_panel,0.05,concrete,0.1,mineral_wool,0.025,north,1.2,1.2,0.45,2.6,33.792,39.416,0.3036,22.716
Mumbai,19.076,72.8777,warm_humid,3.0,3.0,2.6,0.0,puf_sandwich_panel,0.15,rcc_slab,0.15,mineral_wool,0.05,south,1.5,1.5,0.85,5.8,34.407,39.826,0.2024,23.939
Mumbai,19.076,72.8777,warm_humid,3.0,3.0,2.6,45.0,gi_sheet,0.002,rcc_slab,0.1,eps,0.025,east,0.9,1.5,0.65,2.6,35.345,43.428,0.2619,20.603
Mumbai,19.076,72.8777,warm_humid,3.0,3.0,2.6,0.0,plywood,0.019,rcc_slab,0.25,eps,0.025,south,0.9,0.9,0.85,5.8,34.677,40.366,0.1786,23.561
Mumbai,19.076,72.8777,warm_humid,3.0,3.0,2.6,180.0,concrete,0.1,puf_sandwich_panel,0.1,eps,0.025,east,1.5,0.6,0.75,2.6,34.093,39.076,0.1964,23.807
Mumbai,19.076,72.8777,warm_humid,3.0,3.0,2.6,180.0,puf_sandwich_panel,0.15,brick,0.23,mineral_wool,0.025,south,1.2,0.6,0.55,3.5,32.414,36.062,0.3631,23.934
Mumbai,19.076,72.8777,warm_humid,3.0,3.0,2.6,0.0,gi_sheet,0.002,puf_sandwich_panel,0.15,none,0.0,north,1.8,0.6,0.45,5.8,36.341,50.469,0.4167,16.074
Mumbai,19.076,72.8777,warm_humid,3.0,3.0,2.6,180.0,rammed_earth,0.15,gi_sheet,0.002,eps,0.1,west,0.6,0.9,0.65,2.6,31.967,35.139,0.3869,23.921
Mumbai,19.076,72.8777,warm_humid,3.0,3.0,2.6,45.0,gi_sheet,0.002,puf_sandwich_panel,0.05,mineral_wool,0.05,west,0.6,0.6,0.45,5.8,33.13,39.753,0.4167,21.084
Mumbai,19.076,72.8777,warm_humid,3.0,3.0,2.6,45.0,rammed_earth,0.45,gi_sheet,0.002,mineral_wool,0.1,south,1.2,0.6,0.75,5.8,30.728,33.411,0.5417,23.908
Mumbai,19.076,72.8777,warm_humid,3.0,3.0,2.6,45.0,rammed_earth,0.3,rcc_slab,0.2,eps,0.025,south,1.8,0.6,0.35,3.5,32.856,36.459,0.3333,23.91
Mumbai,19.076,72.8777,warm_humid,3.0,3.0,2.6,45.0,puf_sandwich_panel,0.05,concrete,0.15,mineral_wool,0.05,west,0.9,0.9,0.85,5.8,32.87,37.068,0.3214,23.94
Mumbai,19.076,72.8777,warm_humid,3.0,3.0,2.6,135.0,brick,0.23,brick,0.23,none,0.0,north,0.6,0.9,0.45,5.8,35.7,41.078,0.1429,23.911
Mumbai,19.076,72.8777,warm_humid,3.0,3.0,2.6,45.0,gi_sheet,0.002,rcc_slab,0.25,eps,0.05,west,1.5,1.5,0.65,2.6,34.519,40.107,0.1845,22.754
Mumbai,19.076,72.8777,warm_humid,3.0,3.0,2.6,0.0,brick,0.345,rcc_slab,0.25,mineral_wool,0.05,south,1.2,1.2,0.35,3.5,31.66,34.702,0.4643,23.908
Mumbai,19.076,72.8777,warm_humid,3.0,3.0,2.6,45.0,concrete,0.1,rcc_slab,0.25,eps,0.1,east,1.2,1.5,0.35,5.8,32.485,35.971,0.3214,23.915
Mumbai,19.076,72.8777,warm_humid,3.0,3.0,2.6,45.0,rammed_earth,0.3,rcc_slab,0.2,mineral_wool,0.025,east,1.2,0.6,0.45,2.6,32.736,36.267,0.3571,23.91
Mumbai,19.076,72.8777,warm_humid,3.0,3.0,2.6,135.0,brick,0.345,puf_sandwich_panel,0.15,eps,0.1,north,1.5,0.9,0.65,2.6,31.348,34.089,0.5,23.91
Mumbai,19.076,72.8777,warm_humid,3.0,3.0,2.6,135.0,brick,0.115,rcc_slab,0.1,mineral_wool,0.1,south,0.6,1.5,0.65,5.8,32.43,35.89,0.3155,23.92
Mumbai,19.076,72.8777,warm_humid,3.0,3.0,2.6,45.0,concrete,0.15,concrete,0.15,mineral_wool,0.025,north,1.2,1.5,0.55,2.6,34.411,39.125,0.2024,23.914
Mumbai,19.076,72.8777,warm_humid,3.0,3.0,2.6,0.0,gi_sheet,0.002,concrete,0.1,none,0.0,south,1.5,1.5,0.35,3.5,37.845,53.629,0.3571,16.079
Mumbai,19.076,72.8777,warm_humid,3.0,3.0,2.6,0.0,brick,0.345,rcc_slab,0.2,mineral_wool,0.025,south,1.8,0.9,0.35,2.6,32.78,36.348,0.3631,23.908
Mumbai,19.076,72.8777,warm_humid,3.0,3.0,2.6,135.0,puf_sandwich_panel,0.1,concrete,0.2,mineral_wool,0.1,east,0.6,1.2,0.65,2.6,31.793,34.878,0.4583,23.933
Mumbai,19.076,72.8777,warm_humid,3.0,3.0,2.6,0.0,rammed_earth,0.15,brick,0.23,mineral_wool,0.025,east,0.9,0.9,0.75,5.8,33.878,38.175,0.2381,23.915
Mumbai,19.076,72.8777,warm_humid,3.0,3.0,2.6,45.0,puf_sandwich_panel,0.15,brick,0.115,eps,0.025,west,1.2,1.5,0.35,2.6,33.357,38.554,0.3214,23.034
Mumbai,19.076,72.8777,warm_humid,3.0,3.0,2.6,45.0,plywood,0.03,brick,0.23,mineral_wool,0.1,north,1.8,1.5,0.75,3.5,34.058,39.159,0.1905,23.463
Mumbai,19.076,72.8777,warm_humid,3.0,3.0,2.6,90.0,gi_sheet,0.002,rcc_slab,0.15,mineral_wool,0.1,south,0.6,0.6,0.85,2.6,32.593,36.788,0.3571,23.504
Mumbai,19.076,72.8777,warm_humid,3.0,3.0,2.6,135.0,brick,0.345,gi_sheet,0.002,eps,0.025,east,1.2,0.9,0.75,3.5,33.444,37.274,0.2857,23.91
Mumbai,19.076,72.8777,warm_humid,3.0,3.0,2.6,45.0,plywood,0.05,brick,0.115,none,0.0,east,0.6,1.5,0.45,5.8,37.045,47.794,0.25,19.535
Mumbai,19.076,72.8777,warm_humid,3.0,3.0,2.6,90.0,plywood,0.019,gi_sheet,0.002,none,0.0,east,0.6,1.5,0.65,2.6,38.109,55.633,0.3929,16.555
Mumbai,19.076,72.8777,warm_humid,3.0,3.0,2.6,180.0,gi_sheet,0.002,gi_sheet,0.002,mineral_wool,0.025,west,1.2,0.9,0.35,5.8,34.846,44.255,0.369,19.371
Mumbai,19.076,72.8777,warm_humid,3.0,3.0,2.6,0.0,gi_sheet,0.002,puf_sandwich_panel,0.1,eps,0.05,north,0.9,1.2,0.55,3.5,33.427,40.718,0.4048,20.841
Mumbai,19.076,72.8777,warm_humid,3.0,3.0,2.6,0.0,concrete,0.15,brick,0.115,none,0.0,north,0.6,0.9,0.55,5.8,37.206,45.105,0.1369,21.592
Mumbai,19.076,72.8777,warm_humid,3.0,3.0,2.6,180.0,gi_sheet,0.002,puf_sandwich_panel,0.1,mineral_wool,0.05,west,0.9,0.6,0.45,5.8,33.141,39.484,0.4107,21.138
Mumbai,19.076,72.8777,warm_humid,3.0,3.0,2.6,90.0,rammed_earth,0.45,brick,0.23,mineral_wool,0.1,west,1.8,0.9,0.65,2.6,30.684,33.534,0.5536,23.907
Mumbai,19.076,72.8777,warm_humid,3.0,3.0,2.6,135.0,gi_sheet,0.002,gi_sheet,0.002,eps,0.05,south,1.5,0.9,0.85,5.8,34.589,43.284,0.3571,20.467
Mumbai,19.076,72.8777,warm_humid,3.0,3.0,2.6,45.0,rammed_earth,0.45,brick,0.23,eps,0.025,south,0.6,1.5,0.45,3.5,31.916,35.153,0.4167,23.907
Mumbai,19.076,72.8777,warm_humid,3.0,3.0,2.6,180.0,rammed_earth,0.45,puf_sandwich_panel,0.15,eps,0.025,north,0.6,0.6,0.65,5.8,30.855,33.56,0.5179,23.908
Mumbai,19.076,72.8777,warm_humid,3.0,3.0,2.6,45.0,gi_sheet,0.002,concrete,0.1,eps,0.05,west,1.8,1.2,0.45,2.6,34.316,41.168,0.2917,21.345
Mumbai,19.076,72.8777,warm_humid,3.0,3.0,2.6,0.0,puf_sandwich_panel,0.1,rcc_slab,0.1,eps,0.05,north,0.6,0.9,0.55,5.8,32.033,35.848,0.4405,23.926
Mumbai,19.076,72.8777,warm_humid,3.0,3.0,2.6,90.0,brick,0.23,brick,0.115,none,0.0,north,0.6,1.2,0.85,3.5,36.704,42.818,0.1131,23.912
Mumbai,19.076,72.8777,warm_humid,3.0,3.0,2.6,180.0,plywood,0.019,concrete,0.1,eps,0.1,east,0.9,1.2,0.65,3.5,33.311,38.334,0.3095,23.432
Mumbai,19.076,72.8777,warm_humid,3.0,3.0,2.6,45.0,brick,0.23,rcc_slab,0.25,eps,0.05,west,0.9,0.6,0.85,3.5,32.187,35.394,0.369,23.91
Mumbai,19.076,72.8777,warm_humid,3.0,3.0,2.6,0.0,puf_sandwich_panel,0.15,gi_sheet,0.002,mineral_wool,0.1,east,0.6,0.9,0.85,5.8,31.81,35.838,0.5119,23.735
Mumbai,19.076,72.8777,warm_humid,3.0,3.0,2.6,0.0,brick,0.115,puf_sandwich_panel,0.075,mineral_wool,0.025,south,1.8,1.5,0.65,3.5,34.942,40.708,0.1726,23.926
Mumbai,19.076,72.8777,warm_humid,3.0,3.0,2.6,0.0,gi_sheet,0.002,rcc_slab,0.25,mineral_wool,0.05,south,0.9,0.6,0.75,2.6,33.616,38.308,0.2143,23.901
Mumbai,19.076,72.8777,warm_humid,3.0,3.0,2.6,135.0,concrete,0.1,concrete,0.2,mineral_wool,0.05,west,1.5,0.6,0.75,5.8,33.27,37.265,0.2798,23.916
Mumbai,19.076,72.8777,warm_humid,3.0,3.0,2.6,180.0,puf_sandwich_panel,0.15,rcc_slab,0.15,mineral_wool,0.1,west,0.6,0.6,0.45,3.5,31.081,33.777,0.6607,23.938
Mumbai,19.076,72.8777,warm_humid,3.0,3.0,2.6,45.0,brick,0.23,puf_sandwich_panel,0.075,mineral_wool,0.05,north,0.6,0.9,0.35,3.5,31.68,34.715,0.4226,23.914
Mumbai,19.076,72.8777,warm_humid,3.0,3.0,2.6,0.0,puf_sandwich_panel,0.15,brick,0.115,mineral_wool,0.1,south,0.9,0.6,0.45,5.8,31.368,34.46,0.5893,23.948
Mumbai,19.076,72.8777,warm_humid,3.0,3.0,2.6,90.0,rammed_earth,0.15,gi_sheet,0.002,mineral_wool,0.05,west,1.2,1.2,0.55,5.8,33.013,37.16,0.2917,23.921
Mumbai,19.076,72.8777,warm_humid,3.0,3.0,2.6,90.0,gi_sheet,0.002,concrete,0.2,eps,0.05,east,1.2,1.2,0.55,3.5,33.869,39.238,0.2381,23.221
Mumbai,19.076,72.8777,warm_humid,3.0,3.0,2.6,135.0,brick,0.345,rcc_slab,0.25,none,0.0,north,0.9,0.9,0.35,3.5,35.322,40.192,0.1905,23.908
Mumbai,19.076,72.8777,warm_humid,3.0,3.0,2.6,135.0,gi_sheet,0.002,puf_sandwich_panel,0.075,mineral_wool,0.025,north,0.9,1.5,0.85,3.5,34.862,44.009,0.3631,19.766
Mumbai,19.076,72.8777,warm_humid,3.0,3.0,2.6,45.0,gi_sheet,0.002,brick,0.115,mineral_wool,0.025,east,0.9,1.5,0.35,3.5,34.908,42.614,0.2798,20.542
Mumbai,19.076,72.8777,warm_humid,3.0,3.0,2.6,0.0,plywood,0.012,rcc_slab,0.15,eps,0.1,west,0.9,0.9,0.35,5.8,32.685,36.901,0.369,23.638
Mumbai,19.076,72.8777,warm_humid,3.0,3.0,2.6,90.0,plywood,0.05,gi_sheet,0.002,mineral_wool,0.05,east,0.6,1.5,0.35,5.8,33.16,39.163,0.3929,21.996
Mumbai,19.076,72.8777,warm_humid,3.0,3.0,2.6,0.0,brick,0.23,gi_sheet,0.002,none,0.0,east,0.6,1.2,0.75,2.6,37.482,44.637,0.1071,22.934
Mumbai,19.076,72.8777,warm_humid,3.0,3.0,2.6,135.0,brick,0.115,gi_sheet,0.002,mineral_wool,0.025,south,1.2,1.2,0.55,2.6,34.779,40.33,0.1726,23.101
Mumbai,19.076,72.8777,warm_humid,3.0,3.0,2.6,180.0,rammed_earth,0.3,gi_sheet,0.002,mineral_wool,0.05,south,0.6,1.5,0.85,2.6,32.155,35.467,0.369,23.912
Mumbai,19.076,72.8777,warm_humid,3.0,3.0,2.6,45.0,puf_sandwich_panel,0.075,gi_sheet,0.002,mineral_wool,0.1,east,1.2,1.5,0.85,3.5,33.866,40.377,0.375,22.836
Mumbai,19.076,72.8777,warm_humid,3.0,3.0,2.6,45.0,puf_sandwich_panel,0.075,gi_sheet,0.002,eps,0.025,west,1.2,1.5,0.65,2.6,34.301,42.699,0.3869,21.381
Mumbai,19.076,72.8777,warm_humid,3.0,3.0,2.6,180.0,plywood,0.019,brick,0.115,mineral_wool,0.1,east,0.9,1.5,0.35,3.5,32.933,37.636,0.3452,23.169
Mumbai,19.076,72.8777,warm_humid,3.0,3.0,2.6,180.0,concrete,0.3,gi_sheet,0.002,mineral_wool,0.1,south,0.9,1.2,0.55,2.6,31.14,33.902,0.506,23.909
Mumbai,19.076,72.8777,warm_humid,3.0,3.0,2.6,180.0,gi_sheet,0.002,gi_sheet,0.002,mineral_wool,0.025,south,1.8,0.6,0.75,5.8,35.021,44.868,0.369,19.363
Mumbai,19.076,72.8777,warm_humid,3.0,3.0,2.6,45.0,puf_sandwich_panel,0.075,brick,0.115,mineral_wool,0.025,west,1.8,1.2,0.35,3.5,33.687,39.443,0.3095,22.526
Mumbai,19.076,72.8777,warm_humid,3.0,3.0,2.6,90.0,concrete,0.2,concrete,0.2,none,0.0,north,1.5,0.9,0.75,5.8,37.162,44.004,0.1071,23.234
Mumbai,19.076,72.8777,warm_humid,3.0,3.0,2.6,0.0,brick,0.23,puf_sandwich_panel,0.1,eps,0.05,north,1.5,0.9,0.85,2.6,32.456,36.013,0.3512,23.914
Mumbai,19.076,72.8777,warm_humid,3.0,3.0,2.6,45.0,rammed_earth,0.15,brick,0.115,none,0.0,south,1.2,1.2,0.65,5.8,37.249,45.004,0.131,21.996
Mumbai,19.076,72.8777,warm_humid,3.0,3.0,2.6,0.0,gi_sheet,0.002,brick,0.115,eps,0.05,west,1.2,0.6,0.55,2.6,34.018,40.319,0.2976,22.14
Mumbai,19.076,72.8777,warm_humid,3.0,3.0,2.6,135.0,concrete,0.2,rcc_slab,0.2,mineral_wool,0.025,east,1.2,0.9,0.35,3.5,33.598,37.673,0.2738,23.911
Mumbai,19.076,72.8777,warm_humid,3.0,3.0,2.6,135.0,puf_sandwich_panel,0.05,rcc_slab,0.15,mineral_wool,0.1,south,1.5,1.2,0.45,3.5,32.448,36.432,0.381,23.707
Mumbai,19.076,72.8777,warm_humid,3.0,3.0,2.6,0.0,brick,0.23,brick,0.115,mineral_wool,0.025,south,0.6,0.9,0.35,5.8,33.36,37.266,0.2798,23.912
Mumbai,19.076,72.8777,warm_humid,3.0,3.0,2.6,45.0,rammed_earth,0.45,gi_sheet,0.002,eps,0.05,east,0.6,0.6,0.85,2.6,31.11,33.91,0.506,23.908
Mumbai,19.076,72.8777,warm_humid,3.0,3.0,2.6,45.0,concrete,0.3,rcc_slab,0.25,eps,0.05,south,0.6,0.9,0.55,5.8,31.61,34.675,0.4762,23.908
Mumbai,19.076,72.8777,warm_humid,3.0,3.0,2.6,0.0,gi_sheet,0.002,rcc_slab,0.25,eps,0.1,north,1.8,1.2,0.55,3.5,33.283,37.929,0.25,23.391
Mumbai,19.076,72.8777,warm_humid,3.0,3.0,2.6,45.0,gi_sheet,0.002,puf_sandwich_panel,0.075,eps,0.05,west,0.6,1.2,0.75,3.5,33.517,40.798,0.3929,20.935
Mumbai,19.076,72.8777,warm_humid,3.0,3.0,2.6,135.0,gi_sheet,0.002,concrete,0.15,eps,0.1,south,0.9,0.9,0.75,3.5,33.003,37.555,0.3095,23.161
Mumbai,19.076,72.8777,warm_humid,3.0,3.0,2.6,180.0,gi_sheet,0.002,gi_sheet,0.002,mineral_wool,0.05,north,1.5,0.6,0.75,3.5,34.196,42.065,0.3869,20.832
Mumbai,19.076,72.8777,warm_humid,3.0,3.0,2.6,45.0,brick,0.115,rcc_slab,0.25,eps,0.05,east,0.6,0.6,0.65,5.8,32.775,36.366,0.3036,23.915
Mumbai,19.076,72.8777,warm_humid,3.0,3.0,2.6,135.0,puf_sandwich_panel,0.05,brick,0.23,eps,0.05,south,0.6,1.5,0.85,3.5,32.844,36.85,0.3155,23.935
Mumbai,19.076,72.8777,warm_humid,3.0,3.0,2.6,135.0,gi_sheet,0.002,rcc_slab,0.1,mineral_wool,0.025,north,1.5,1.2,0.65,2.6,35.538,43.815,0.256,20.535
Mumbai,19.076,72.8777,warm_humid,3.0,3.0,2.6,0.0,brick,0.115,concrete,0.15,mineral_wool,0.025,west,0.9,1.2,0.85,3.5,35.03,40.12,0.1548,23.918
Mumbai,19.076,72.8777,warm_humid,3.0,3.0,2.6,180.0,rammed_earth,0.15,concrete,0.1,eps,0.1,south,1.2,1.5,0.35,5.8,32.066,35.467,0.3869,23.918
Mumbai,19.076,72.8777,warm_humid,3.0,3.0,2.6,180.0,rammed_earth,0.3,brick,0.115,mineral_wool,0.1,north,0.9,0.6,0.45,5.8,30.871,33.413,0.5119,23.91
Mumbai,19.076,72.8777,warm_humid,3.0,3.0,2.6,180.0,rammed_earth,0.15,brick,0.23,mineral_wool,0.025,west,0.6,0.6,0.45,3.5,33.39,37.445,0.2798,23.915
Mumbai,19.076,72.8777,warm_humid,3.0,3.0,2.6,135.0,puf_sandwich_panel,0.075,rcc_slab,0.15,eps,0.025,east,1.5,0.6,0.65,2.6,33.598,38.386,0.2798,23.941
Mumbai,19.076,72.8777,warm_humid,3.0,3.0,2.6,90.0,brick,0.345,rcc_slab,0.2,mineral_wool,0.1,west,1.5,0.9,0.55,3.5,30.843,33.574,0.5179,23.908
Mumbai,19.076,72.8777,warm_humid,3.0,3.0,2.6,0.0,rammed_earth,0.3,gi_sheet,0.002,mineral_wool,0.025,north,0.6,1.5,0.55,5.8,33.008,36.809,0.3095,23.912
Mumbai,19.076,72.8777,warm_humid,3.0,3.0,2.6,0.0,puf_sandwich_panel,0.15,puf_sandwich_panel,0.15,mineral_wool,0.05,east,0.6,1.5,0.85,2.6,32.054,36.432,0.4881,23.552
Mumbai,19.076,72.8777,warm_humid,3.0,3.0,2.6,180.0,puf_sandwich_panel,0.15,puf_sandwich_panel,0.1,mineral_wool,0.1,south,0.6,1.2,0.65,2.6,31.169,34.866,0.6131,23.679
Mumbai,19.076,72.8777,warm_humid,3.0,3.0,2.6,180.0,concrete,0.2,brick,0.23,eps,0.025,north,0.9,0.9,0.45,5.8,33.43,37.426,0.2857,23.911
Mumbai,19.076,72.8777,warm_humid,3.0,3.0,2.6,0.0,concrete,0.15,gi_sheet,0.002,none,0.0,north,1.2,0.6,0.65,3.5,37.836,47.277,0.1429,20.138
Mumbai,19.076,72.8777,warm_humid,3.0,3.0,2.6,135.0,rammed_earth,0.3,gi_sheet,0.002,none,0.0,south,1.2,1.5,0.75,2.6,37.307,43.936,0.1071,23.238
Mumbai,19.076,72.8777,warm_humid,3.0,3.0,2.6,0.0,plywood,0.012,gi_sheet,0.002,mineral_wool,0.05,north,0.6,1.5,0.35,5.8,33.586,41.063,0.3988,20.929
Mumbai,19.076,72.8777,warm_humid,3.0,3.0,2.6,135.0,brick,0.23,rcc_slab,0.2,eps,0.1,south,1.5,1.5,0.85,5.8,33.1,36.746,0.2976,23.911
Mumbai,19.076,72.8777,warm_humid,3.0,3.0,2.6,0.0,rammed_earth,0.3,puf_sandwich_panel,0.05,eps,0.1,south,1.8,1.5,0.75,5.8,33.177,36.9,0.2917,23.912
Mumbai,19.076,72.8777,warm_humid,3.0,3.0,2.6,45.0,brick,0.345,puf_sandwich_panel,0.1,eps,0.025,south,1.5,0.6,0.85,5.8,32.418,35.742,0.369,23.91
Mumbai,19.076,72.8777,warm_humid,3.0,3.0,2.6,45.0,gi_sheet,0.002,rcc_slab,0.2,mineral_wool,0.025,west,0.6,0.6,0.35,3.5,34.428,40.437,0.2321,21.894
Mumbai,19.076,72.8777,warm_humid,3.0,3.0,2.6,135.0,brick,0.115,concrete,0.15,eps,0.05,west,0.6,0.6,0.65,2.6,32.886,36.629,0.2857,23.918
Mumbai,19.076,72.8777,warm_humid,3.0,3.0,2.6,90.0,brick,0.115,puf_sandwich_panel,0.1,mineral_wool,0.05,east,1.8,0.9,0.45,5.8,33.054,37.28,0.25,23.925
Mumbai,19.076,72.8777,warm_humid,3.0,3.0,2.6,45.0,puf_sandwich_panel,0.1,concrete,0.2,mineral_wool,0.025,north,0.6,1.2,0.55,2.6,32.817,36.726,0.3155,23.934
Mumbai,19.076,72.8777,warm_humid,3.0,3.0,2.6,180.0,plywood,0.03,rcc_slab,0.15,mineral_wool,0.025,south,0.9,0.6,0.45,3.5,34.171,40.046,0.244,22.369
Mumbai,19.076,72.8777,warm_humid,3.0,3.0,2.6,90.0,concrete,0.2,gi_sheet,0.002,eps,0.05,north,1.5,0.9,0.65,2.6,33.144,36.974,0.2857,23.914
Mumbai,19.076,72.8777,warm_humid,3.0,3.0,2.6,45.0,concrete,0.2,rcc_slab,0.1,eps,0.1,west,0.6,0.6,0.85,3.5,31.471,34.326,0.4583,23.912
Mumbai,19.076,72.8777,warm_humid,3.0,3.0,2.6,45.0,brick,0.23,puf_sandwich_panel,0.1,eps,0.05,south,1.8,1.2,0.55,5.8,33.218,37.008,0.2798,23.915
Mumbai,19.076,72.8777,warm_humid,3.0,3.0,2.6,45.0,puf_sandwich_panel,0.15,gi_sheet,0.002,eps,0.1,west,1.2,0.9,0.65,3.5,32.219,37.238,0.4881,23.176
Mumbai,19.076,72.8777,warm_humid,3.0,3.0,2.6,45.0,puf_sandwich_panel,0.075,concrete,0.2,mineral_wool,0.1,south,0.6,0.6,0.65,5.8,31.371,34.208,0.5714,23.933
Mumbai,19.076,72.8777,warm_humid,3.0,3.0,2.6,135.0,concrete,0.1,brick,0.115,eps,0.1,north,1.2,1.2,0.75,5.8,33.305,37.225,0.2679,23.92
Mumbai,19.076,72.8777,warm_humid,3.0,3.0,2.6,180.0,plywood,0.012,gi_sheet,0.002,eps,0.1,south,1.8,0.6,0.75,2.6,33.097,39.511,0.4167,21.774
Mumbai,19.076,72.8777,warm_humid,3.0,3.0,2.6,0.0,concrete,0.3,brick,0.23,mineral_wool,0.025,west,0.6,1.2,0.85,3.5,33.105,36.795,0.3274,23.908
Mumbai,19.076,72.8777,warm_humid,3.0,3.0,2.6,135.0,concrete,0.15,rcc_slab,0.15,none,0.0,east,1.8,1.2,0.85,2.6,38.226,46.731,0.1131,21.905
Mumbai,19.076,72.8777,warm_humid,3.0,3.0,2.6,135.0,plywood,0.019,gi_sheet,0.002,mineral_wool,0.025,south,0.6,1.2,0.75,3.5,34.862,44.299,0.3631,19.976
Mumbai,19.076,72.8777,warm_humid,3.0,3.0,2.6,135.0,plywood,0.03,gi_sheet,0.002,mineral_wool,0.025,south,1.8,1.2,0.65,2.6,35.443,45.681,0.3333,19.847
Mumbai,19.076,72.8777,warm_humid,3.0,3.0,2.6,90.0,rammed_earth,0.3,rcc_slab,0.1,mineral_wool,0.1,west,1.8,1.5,0.55,3.5,31.967,35.284,0.4048,23.911
Mumbai,19.076,72.8777,warm_humid,3.0,3.0,2.6,90.0,concrete,0.15,puf_sandwich_panel,0.1,eps,0.05,south,0.6,1.2,0.65,5.8,32.554,36.173,0.3214,23.917
Mumbai,19.076,72.8777,warm_humid,3.0,3.0,2.6,45.0,concrete,0.3,rcc_slab,0.25,eps,0.025,south,1.5,1.5,0.65,5.8,33.992,38.109,0.2619,23.908
Mumbai,19.076,72.8777,warm_humid,3.0,3.0,2.6,45.0,rammed_earth,0.15,rcc_slab,0.15,none,0.0,west,0.9,1.5,0.35,2.6,37.058,44.55,0.131,21.757
Mumbai,19.076,72.8777,warm_humid,3.0,3.0,2.6,45.0,puf_sandwich_panel,0.1,concrete,0.1,eps,0.05,north,0.9,0.6,0.35,2.6,31.974,35.68,0.4643,23.904
Mumbai,19.076,72.8777,warm_humid,3.0,3.0,2.6,45.0,rammed_earth,0.45,brick,0.115,eps,0.025,west,1.8,0.6,0.35,2.6,32.128,35.4,0.375,23.908
Mumbai,19.076,72.8777,warm_humid,3.0,3.0,2.6,45.0,rammed_earth,0.15,gi_sheet,0.002,eps,0.1,east,0.9,1.2,0.35,2.6,32.064,35.361,0.3571,23.921
Mumbai,19.076,72.8777,warm_humid,3.0,3.0,2.6,135.0,puf_sandwich_panel,0.1,brick,0.115,eps,0.025,west,1.5,1.5,0.75,2.6,34.535,40.928,0.256,22.719
Mumbai,19.076,72.8777,warm_humid,3.0,3.0,2.6,45.0,plywood,0.05,gi_sheet,0.002,none,0.0,east,0.9,1.2,0.45,2.6,37.916,53.411,0.3452,17.569
Mumbai,19.076,72.8777,warm_humid,3.0,3.0,2.6,45.0,puf_sandwich_panel,0.075,concrete,0.1,eps,0.025,east,0.9,1.5,0.55,5.8,33.851,39.363,0.2917,23.206
Mumbai,19.076,72.8777,warm_humid,3.0,3.0,2.6,90.0,plywood,0.05,concrete,0.15,mineral_wool,0.05,north,1.5,1.5,0.75,3.5,34.703,40.416,0.1786,23.34
Mumbai,19.076,72.8777,warm_humid,3.0,3.0,2.6,90.0,concrete,0.1,concrete,0.15,eps,0.025,west,1.5,1.2,0.85,2.6,34.825,40.247,0.1726,23.72
Mumbai,19.076,72.8777,warm_humid,3.0,3.0,2.6,180.0,puf_sandwich_panel,0.15,puf_sandwich_panel,0.05,mineral_wool,0.05,north,1.5,1.5,0.45,2.6,32.741,38.694,0.4583,22.576
Mumbai,19.076,72.8777,warm_humid,3.0,3.0,2.6,0.0,brick,0.345,puf_sandwich_panel,0.15,mineral_wool,0.05,east,0.9,1.5,0.45,2.6,31.513,34.41,0.4762,23.91
Mumbai,19.076,72.8777,warm_humid,3.0,3.0,2.6,90.0,plywood,0.019,puf_sandwich_panel,0.15,mineral_wool,0.025,west,1.2,1.2,0.65,3.5,33.864,42.025,0.4048,20.305
Mumbai,19.076,72.8777,warm_humid,3.0,3.0,2.6,0.0,puf_sandwich_panel,0.075,gi_sheet,0.002,none,0.0,west,1.8,0.9,0.65,2.6,38.154,54.841,0.3452,18.623
Mumbai,19.076,72.8777,warm_humid,3.0,3.0,2.6,90.0,gi_sheet,0.002,rcc_slab,0.25,eps,0.025,west,1.8,1.5,0.65,5.8,34.993,41.688,0.1845,21.755
Mumbai,19.076,72.8777,warm_humid,3.0,3.0,2.6,45.0,plywood,0.019,brick,0.23,mineral_wool,0.025,north,1.8,1.5,0.45,3.5,34.839,41.333,0.2143,21.792
Mumbai,19.076,72.8777,warm_humid,3.0,3.0,2.6,0.0,rammed_earth,0.3,concrete,0.1,eps,0.1,east,0.6,1.5,0.85,3.5,31.601,34.444,0.4524,23.911
Mumbai,19.076,72.8777,warm_humid,3.0,3.0,2.6,90.0,gi_sheet,0.002,concrete,0.15,none,0.0,west,1.2,1.2,0.35,5.8,37.607,52.023,0.3393,16.357
Mumbai,19.076,72.8777,warm_humid,3.0,3.0,2.6,0.0,plywood,0.012,concrete,0.15,mineral_wool,0.025,south,1.5,1.2,0.45,3.5,35.044,42.256,0.244,21.712
Mumbai,19.076,72.8777,warm_humid,3.0,3.0,2.6,90.0,gi_sheet,0.002,rcc_slab,0.2,mineral_wool,0.025,south,1.2,0.6,0.35,2.6,34.421,40.561,0.2321,21.879
Mumbai,19.076,72.8777,warm_humid,3.0,3.0,2.6,90.0,plywood,0.03,brick,0.115,eps,0.1,north,0.9,0.6,0.35,3.5,32.17,36.155,0.4345,23.556
Mumbai,19.076,72.8777,warm_humid,3.0,3.0,2.6,135.0,plywood,0.05,brick,0.115,eps,0.1,south,1.5,0.6,0.45,2.6,32.381,36.414,0.4048,23.602
Mumbai,19.076,72.8777,warm_humid,3.0,3.0,2.6,135.0,brick,0.23,puf_sandwich_panel,0.075,eps,0.05,south,1.2,0.6,0.55,2.6,31.946,35.114,0.3929,23.914
Mumbai,19.076,72.8777,warm_humid,3.0,3.0,2.6,90.0,puf_sandwich_panel,0.075,rcc_slab,0.2,none,0.0,east,0.6,1.2,0.65,5.8,36.218,43.266,0.1429,23.138
Mumbai,19.076,72.8777,warm_humid,3.0,3.0,2.6,180.0,concrete,0.1,concrete,0.15,mineral_wool,0.1,north,0.9,1.5,0.55,2.6,32.75,36.391,0.2976,23.918
Mumbai,19.076,72.8777,warm_humid,3.0,3.0,2.6,180.0,concrete,0.15,rcc_slab,0.15,mineral_wool,0.05,west,0.6,1.2,0.85,3.5,33.114,36.86,0.2857,23.914
Mumbai,19.076,72.8777,warm_humid,3.0,3.0,2.6,45.0,gi_sheet,0.002,brick,0.115,none,0.0,north,1.5,1.2,0.75,5.8,37.861,53.081,0.3452,16.203
Mumbai,19.076,72.8777,warm_humid,3.0,3.0,2.6,90.0,plywood,0.05,brick,0.115,mineral_wool,0.025,north,0.9,0.6,0.35,3.5,34.024,39.932,0.2798,22.35
Mumbai,19.076,72.8777,warm_humid,3.0,3.0,2.6,45.0,puf_sandwich_panel,0.05,concrete,0.15,mineral_wool,0.025,east,1.8,1.2,0.55,5.8,34.391,40.05,0.244,23.363
Mumbai,19.076,72.8777,warm_humid,3.0,3.0,2.6,45.0,plywood,0.019,concrete,0.1,mineral_wool,0.025,south,1.2,0.9,0.55,5.8,35.019,42.638,0.2619,21.376
Mumbai,19.076,72.8777,warm_humid,3.0,3.0,2.6,0.0,gi_sheet,0.002,puf_sandwich_panel,0.1,none,0.0,west,1.8,1.5,0.55,3.5,36.756,51.646,0.4107,16.06
Mumbai,19.076,72.8777,warm_humid,3.0,3.0,2.6,180.0,concrete,0.2,concrete,0.2,mineral_wool,0.025,east,1.5,0.9,0.45,3.5,33.845,38.037,0.2619,23.911
Mumbai,19.076,72.8777,warm_humid,3.0,3.0,2.6,180.0,concrete,0.1,concrete,0.2,mineral_wool,0.05,east,1.5,1.2,0.45,3.5,33.738,37.972,0.2321,23.917
Mumbai,19.076,72.8777,warm_humid,3.0,3.0,2.6,0.0,concrete,0.15,rcc_slab,0.15,eps,0.05,south,1.2,0.6,0.65,3.5,33.009,36.739,0.2976,23.914
Mumbai,19.076,72.8777,warm_humid,3.0,3.0,2.6,180.0,rammed_earth,0.45,concrete,0.1,eps,0.025,south,0.6,0.9,0.45,5.8,31.905,35.099,0.4226,23.908
Mumbai,19.076,72.8777,warm_humid,3.0,3.0,2.6,180.0,plywood,0.05,brick,0.115,eps,0.05,west,0.6,1.2,0.35,5.8,33.102,37.889,0.3214,23.128
Mumbai,19.076,72.8777,warm_humid,3.0,3.0,2.6,45.0,concrete,0.2,gi_sheet,0.002,eps,0.05,north,1.8,1.2,0.45,2.6,33.179,37.129,0.2917,23.914
Mumbai,19.076,72.8777,warm_humid,3.0,3.0,2.6,45.0,brick,0.23,puf_sandwich_panel,0.15,none,0.0,south,0.6,0.9,0.45,3.5,34.383,39.257,0.2024,23.914
Mumbai,19.076,72.8777,warm_humid,3.0,3.0,2.6,45.0,puf_sandwich_panel,0.05,rcc_slab,0.2,eps,0.025,east,1.2,1.2,0.45,5.8,33.556,38.166,0.25,23.934
Mumbai,19.076,72.8777,warm_humid,3.0,3.0,2.6,135.0,puf_sandwich_panel,0.15,brick,0.23,eps,0.05,east,1.8,1.5,0.85,3.5,35.383,41.196,0.1369,23.935
Mumbai,19.076,72.8777,warm_humid,3.0,3.0,2.6,135.0,concrete,0.3,rcc_slab,0.1,eps,0.1,south,1.8,1.5,0.35,2.6,31.79,34.892,0.4286,23.909
Mumbai,19.076,72.8777,warm_humid,3.0,3.0,2.6,0.0,puf_sandwich_panel,0.075,gi_sheet,0.002,eps,0.05,west,1.2,0.9,0.75,3.5,33.421,40.323,0.4048,22.529
Mumbai,19.076,72.8777,warm_humid,3.0,3.0,2.6,90.0,gi_sheet,0.002,gi_sheet,0.002,none,0.0,west,0.9,0.9,0.65,3.5,37.931,55.443,0.4107,15.57
Mumbai,19.076,72.8777,warm_humid,3.0,3.0,2.6,0.0,brick,0.345,puf_sandwich_panel,0.15,mineral_wool,0.025,east,1.5,0.9,0.85,3.5,32.644,36.089,0.3571,23.91
Mumbai,19.076,72.8777,warm_humid,3.0,3.0,2.6,45.0,plywood,0.05,gi_sheet,0.002,mineral_wool,0.1,west,1.8,0.9,0.85,2.6,33.801,40.359,0.3452,22.476
Mumbai,19.076,72.8777,warm_humid,3.0,3.0,2.6,135.0,rammed_earth,0.15,puf_sandwich_panel,0.075,mineral_wool,0.05,south,1.5,1.5,0.75,2.6,33.828,38.361,0.2143,23.922
Mumbai,19.076,72.8777,warm_humid,3.0,3.0,2.6,180.0,puf_sandwich_panel,0.05,puf_sandwich_panel,0.075,mineral_wool,0.025,west,1.2,1.2,0.65,3.5,33.013,39.097,0.4226,22.139
Mumbai,19.076,72.8777,warm_humid,3.0,3.0,2.6,0.0,gi_sheet,0.002,concrete,0.1,mineral_wool,0.05,north,1.2,0.6,0.85,3.5,33.918,40.013,0.2976,22.108
Mumbai,19.076,72.8777,warm_humid,3.0,3.0,2.6,135.0,concrete,0.3,brick,0.23,eps,0.05,east,0.6,1.2,0.65,2.6,31.877,35.014,0.4226,23.908
Mumbai,19.076,72.8777,warm_humid,3.0,3.0,2.6,180.0,rammed_earth,0.45,puf_sandwich_panel,0.075,eps,0.05,west,0.6,0.9,0.75,2.6,30.677,33.292,0.5536,23.908
Mumbai,19.076,72.8777,warm_humid,3.0,3.0,2.6,0.0,puf_sandwich_panel,0.1,gi_sheet,0.002,mineral_wool,0.05,east,0.6,1.5,0.35,2.6,32.292,37.287,0.4762,22.721
Mumbai,19.076,72.8777,warm_humid,3.0,3.0,2.6,45.0,rammed_earth,0.45,puf_sandwich_panel,0.05,none,0.0,east,0.9,0.6,0.55,2.6,32.385,35.833,0.369,23.908
Mumbai,19.076,72.8777,warm_humid,3.0,3.0,2.6,0.0,brick,0.23,brick,0.23,eps,0.1,south,0.9,0.9,0.75,3.5,31.646,34.548,0.4405,23.911
Mumbai,19.076,72.8777,warm_humid,3.0,3.0,2.6,135.0,plywood,0.05,rcc_slab,0.2,eps,0.05,south,1.2,0.9,0.65,5.8,33.401,37.896,0.25,23.723
Mumbai,19.076,72.8777,warm_humid,3.0,3.0,2.6,45.0,rammed_earth,0.45,brick,0.115,eps,0.025,east,1.5,0.9,0.55,2.6,32.552,35.952,0.3631,23.908
Mumbai,19.076,72.8777,warm_humid,3.0,3.0,2.6,180.0,rammed_earth,0.3,brick,0.23,eps,0.05,west,0.9,1.2,0.75,3.5,32.238,35.445,0.369,23.91
Mumbai,19.076,72.8777,warm_humid,3.0,3.0,2.6,45.0,gi_sheet,0.002,concrete,0.15,none,0.0,south,0.6,0.9,0.35,5.8,37.696,51.999,0.3333,16.343
Mumbai,19.076,72.8777,warm_humid,3.0,3.0,2.6,135.0,rammed_earth,0.15,gi_sheet,0.002,none,0.0,east,1.8,1.2,0.45,2.6,37.859,47.599,0.1488,20.031
Mumbai,19.076,72.8777,warm_humid,3.0,3.0,2.6,45.0,rammed_earth,0.45,puf_sandwich_panel,0.15,eps,0.05,south,1.8,0.9,0.45,3.5,31.263,34.126,0.506,23.908
Mumbai,19.076,72.8777,warm_humid,3.0,3.0,2.6,135.0,brick,0.23,rcc_slab,0.1,none,0.0,east,1.8,1.2,0.45,5.8,37.477,44.247,0.1071,23.741
Mumbai,19.076,72.8777,warm_humid,3.0,3.0,2.6,135.0,plywood,0.019,rcc_slab,0.2,eps,0.1,west,1.2,1.5,0.45,3.5,32.84,37.085,0.3214,23.451
Mumbai,19.076,72.8777,warm_humid,3.0,3.0,2.6,45.0,concrete,0.2,puf_sandwich_panel,0.05,eps,0.025,west,0.6,0.9,0.65,5.8,33.022,36.889,0.2976,23.913
Mumbai,19.076,72.8777,warm_humid,3.0,3.0,2.6,45.0,plywood,0.019,gi_sheet,0.002,eps,0.1,north,0.6,1.2,0.55,3.5,32.665,38.246,0.4405,22.163
Mumbai,19.076,72.8777,warm_humid,3.0,3.0,2.6,45.0,brick,0.115,gi_sheet,0.002,mineral_wool,0.1,south,0.9,0.9,0.55,5.8,32.541,36.116,0.3036,23.924
Mumbai,19.076,72.8777,warm_humid,3.0,3.0,2.6,0.0,puf_sandwich_panel,0.05,concrete,0.1,none,0.0,west,1.8,0.9,0.35,3.5,37.299,48.37,0.244,20.351
Mumbai,19.076,72.8777,warm_humid,3.0,3.0,2.6,90.0,gi_sheet,0.002,puf_sandwich_panel,0.15,eps,0.025,east,1.5,0.6,0.55,5.8,33.946,42.259,0.4107,19.896
Mumbai,19.076,72.8777,warm_humid,3.0,3.0,2.6,180.0,rammed_earth,0.15,rcc_slab,0.2,eps,0.05,south,0.6,1.2,0.35,5.8,32.392,35.866,0.3452,23.915
Mumbai,19.076,72.8777,warm_humid,3.0,3.0,2.6,180.0,concrete,0.1,brick,0.23,eps,0.1,east,1.2,1.2,0.55,2.6,32.943,36.59,0.2857,23.917
Mumbai,19.076,72.8777,warm_humid,3.0,3.0,2.6,0.0,gi_sheet,0.002,rcc_slab,0.2,mineral_wool,0.1,east,1.2,1.2,0.55,2.6,33.386,37.881,0.25,23.721
Mumbai,19.076,72.8777,warm_humid,3.0,3.0,2.6,180.0,puf_sandwich_panel,0.05,rcc_slab,0.2,eps,0.05,south,1.8,1.5,0.65,3.5,33.472,38.462,0.2679,23.37
Mumbai,19.076,72.8777,warm_humid,3.0,3.0,2.6,45.0,gi_sheet,0.002,gi_sheet,0.002,none,0.0,west,1.5,0.9,0.85,3.5,38.245,55.664,0.4107,15.569
Mumbai,19.076,72.8777,warm_humid,3.0,3.0,2.6,135.0,plywood,0.019,brick,0.23,none,0.0,west,1.8,0.6,0.55,5.8,36.842,47.123,0.25,18.988
Mumbai,19.076,72.8777,warm_humid,3.0,3.0,2.6,45.0,rammed_earth,0.15,concrete,0.1,mineral_wool,0.025,east,1.8,1.5,0.45,3.5,34.747,39.81,0.1667,23.918
Mumbai,19.076,72.8777,warm_humid,3.0,3.0,2.6,180.0,rammed_earth,0.3,concrete,0.15,none,0.0,south,1.2,1.5,0.35,3.5,36.067,41.696,0.1369,23.91
Mumbai,19.076,72.8777,warm_humid,3.0,3.0,2.6,0.0,rammed_earth,0.3,concrete,0.1,mineral_wool,0.1,south,0.6,0.9,0.75,3.5,31.075,33.702,0.506,23.91
Mumbai,19.076,72.8777,warm_humid,3.0,3.0,2.6,135.0,plywood,0.019,gi_sheet,0.002,eps,0.05,north,1.8,1.2,0.45,3.5,34.318,42.409,0.375,20.621
Mumbai,19.076,72.8777,warm_humid,3.0,3.0,2.6,180.0,rammed_earth,0.15,concrete,0.2,mineral_wool,0.025,west,0.6,1.5,0.85,3.5,34.111,38.528,0.2202,23.915
Mumbai,19.076,72.8777,warm_humid,3.0,3.0,2.6,90.0,rammed_earth,0.45,gi_sheet,0.002,none,0.0,north,1.2,0.9,0.35,2.6,36.024,41.34,0.1488,23.908
Mumbai,19.076,72.8777,warm_humid,3.0,3.0,2.6,45.0,brick,0.23,gi_sheet,0.002,mineral_wool,0.1,south,0.6,1.2,0.45,2.6,31.575,34.464,0.4405,23.914
Mumbai,19.076,72.8777,warm_humid,3.0,3.0,2.6,135.0,plywood,0.03,gi_sheet,0.002,none,0.0,west,1.2,0.9,0.45,3.5,37.979,54.388,0.381,16.973
Mumbai,19.076,72.8777,warm_humid,3.0,3.0,2.6,135.0,gi_sheet,0.002,gi_sheet,0.002,none,0.0,south,0.9,1.5,0.55,5.8,38.093,55.342,0.4107,15.569
Mumbai,19.076,72.8777,warm_humid,3.0,3.0,2.6,180.0,rammed_earth,0.3,gi_sheet,0.002,mineral_wool,0.025,west,0.6,1.2,0.55,2.6,33.056,36.809,0.2976,23.912
Mumbai,19.076,72.8777,warm_humid,3.0,3.0,2.6,0.0,brick,0.345,puf_sandwich_panel,0.05,mineral_wool,0.05,east,1.2,1.5,0.85,5.8,32.757,36.182,0.3571,23.91
Mumbai,19.076,72.8777,warm_humid,3.0,3.0,2.6,90.0,brick,0.345,brick,0.23,mineral_wool,0.1,east,1.5,0.6,0.35,3.5,30.578,33.156,0.5833,23.908
Mumbai,19.076,72.8777,warm_humid,3.0,3.0,2.6,180.0,gi_sheet,0.002,gi_sheet,0.002,eps,0.05,west,1.5,1.5,0.65,3.5,35.017,43.954,0.3512,20.23
Mumbai,19.076,72.8777,warm_humid,3.0,3.0,2.6,180.0,brick,0.345,rcc_slab,0.15,mineral_wool,0.025,north,0.6,1.5,0.45,3.5,32.693,36.191,0.3631,23.909
Mumbai,19.076,72.8777,warm_humid,3.0,3.0,2.6,180.0,plywood,0.012,puf_sandwich_panel,0.05,mineral_wool,0.1,north,1.5,1.2,0.65,3.5,33.745,40.986,0.3929,21.798
Mumbai,19.076,72.8777,warm_humid,3.0,3.0,2.6,45.0,puf_sandwich_panel,0.15,brick,0.115,eps,0.05,north,1.2,1.2,0.85,2.6,33.266,38.138,0.3036,23.691
Mumbai,19.076,72.8777,warm_humid,3.0,3.0,2.6,90.0,gi_sheet,0.002,brick,0.23,mineral_wool,0.05,north,0.6,1.2,0.35,3.5,33.256,38.055,0.2917,22.878
Mumbai,19.076,72.8777,warm_humid,3.0,3.0,2.6,45.0,rammed_earth,0.3,brick,0.115,eps,0.025,south,1.2,0.6,0.45,2.6,32.991,36.649,0.3155,23.911
Mumbai,19.076,72.8777,warm_humid,3.0,3.0,2.6,45.0,brick,0.345,puf_sandwich_panel,0.05,none,0.0,west,1.8,0.9,0.65,3.5,33.979,38.32,0.256,23.91
Mumbai,19.076,72.8777,warm_humid,3.0,3.0,2.6,180.0,brick,0.23,concrete,0.15,eps,0.025,south,1.8,0.9,0.35,2.6,33.45,37.512,0.2798,23.912
Mumbai,19.076,72.8777,warm_humid,3.0,3.0,2.6,90.0,brick,0.115,gi_sheet,0.002,mineral_wool,0.025,north,1.8,1.2,0.65,3.5,35.302,41.267,0.1488,23.2
Mumbai,19.076,72.8777,warm_humid,3.0,3.0,2.6,180.0,brick,0.115,brick,0.115,eps,0.05,north,0.6,0.6,0.35,5.8,32.944,36.758,0.2857,23.92
Mumbai,19.076,72.8777,warm_humid,3.0,3.0,2.6,180.0,rammed_earth,0.3,gi_sheet,0.002,eps,0.1,north,1.8,1.5,0.35,2.6,32.083,35.352,0.375,23.912
Mumbai,19.076,72.8777,warm_humid,3.0,3.0,2.6,180.0,concrete,0.3,puf_sandwich_panel,0.15,eps,0.025,east,0.9,0.9,0.55,2.6,32.309,35.694,0.369,23.909
Mumbai,19.076,72.8777,warm_humid,3.0,3.0,2.6,135.0,rammed_earth,0.15,puf_sandwich_panel,0.15,eps,0.05,east,0.6,0.9,0.85,5.8,32.452,35.996,0.3095,23.921
Mumbai,19.076,72.8777,warm_humid,3.0,3.0,2.6,45.0,puf_sandwich_panel,0.15,brick,0.23,mineral_wool,0.1,south,1.2,0.9,0.45,2.6,31.793,34.916,0.4702,23.933
Mumbai,19.076,72.8777,warm_humid,3.0,3.0,2.6,180.0,brick,0.23,brick,0.23,none,0.0,south,0.9,1.2,0.75,3.5,35.801,41.366,0.1369,23.911
Mumbai,19.076,72.8777,warm_humid,3.0,3.0,2.6,0.0,puf_sandwich_panel,0.05,brick,0.23,eps,0.025,east,1.5,0.9,0.55,5.8,33.508,38.069,0.244,23.902
Mumbai,19.076,72.8777,warm_humid,3.0,3.0,2.6,180.0,puf_sandwich_panel,0.075,brick,0.23,eps,0.05,east,1.8,1.5,0.45,2.6,33.742,38.523,0.2262,23.935
Mumbai,19.076,72.8777,warm_humid,3.0,3.0,2.6,180.0,gi_sheet,0.002,rcc_slab,0.15,eps,0.05,south,0.9,1.5,0.45,5.8,33.704,39.268,0.2917,22.227
Mumbai,19.076,72.8777,warm_humid,3.0,3.0,2.6,90.0,rammed_earth,0.45,brick,0.23,eps,0.1,east,0.6,0.9,0.85,5.8,30.237,32.873,0.6905,23.907
Mumbai,19.076,72.8777,warm_humid,3.0,3.0,2.6,90.0,brick,0.115,puf_sandwich_panel,0.1,mineral_wool,0.025,north,0.6,0.9,0.55,3.5,33.354,37.835,0.2321,23.912
Mumbai,19.076,72.8777,warm_humid,3.0,3.0,2.6,45.0,brick,0.115,rcc_slab,0.25,eps,0.025,west,1.2,1.2,0.85,3.5,34.818,39.712,0.1607,23.916
Mumbai,19.076,72.8777,warm_humid,3.0,3.0,2.6,0.0,concrete,0.15,concrete,0.15,mineral_wool,0.025,east,1.5,1.5,0.45,2.6,34.582,39.364,0.1905,23.914
Mumbai,19.076,72.8777,warm_humid,3.0,3.0,2.6,90.0,plywood,0.019,gi_sheet,0.002,eps,0.05,east,1.2,1.5,0.75,3.5,34.694,43.628,0.375,20.909
Mumbai,19.076,72.8777,warm_humid,3.0,3.0,2.6,45.0,puf_sandwich_panel,0.1,gi_sheet,0.002,eps,0.025,south,0.9,0.9,0.55,5.8,33.444,40.437,0.4107,22.212
Mumbai,19.076,72.8777,warm_humid,3.0,3.0,2.6,0.0,rammed_earth,0.3,brick,0.23,eps,0.1,west,1.5,0.6,0.35,5.8,30.958,33.574,0.5119,23.91
Mumbai,19.076,72.8777,warm_humid,3.0,3.0,2.6,0.0,gi_sheet,0.002,gi_sheet,0.002,mineral_wool,0.1,north,0.6,0.6,0.65,5.8,32.81,38.61,0.4286,22.076
Mumbai,19.076,72.8777,warm_humid,3.0,3.0,2.6,180.0,plywood,0.03,puf_sandwich_panel,0.1,mineral_wool,0.05,west,1.8,0.6,0.55,2.6,33.182,39.299,0.3988,21.725
Mumbai,19.076,72.8777,warm_humid,3.0,3.0,2.6,135.0,puf_sandwich_panel,0.075,concrete,0.15,eps,0.025,east,1.5,0.9,0.65,2.6,34.067,39.341,0.2381,23.941
Mumbai,19.076,72.8777,warm_humid,3.0,3.0,2.6,135.0,gi_sheet,0.002,concrete,0.1,mineral_wool,0.05,south,1.2,1.2,0.75,5.8,34.429,41.051,0.2738,21.718
Mumbai,19.076,72.8777,warm_humid,3.0,3.0,2.6,180.0,brick,0.23,puf_sandwich_panel,0.1,mineral_wool,0.025,north,1.2,0.6,0.65,5.8,32.708,36.354,0.3214,23.914
Mumbai,19.076,72.8777,warm_humid,3.0,3.0,2.6,90.0,plywood,0.019,rcc_slab,0.2,eps,0.025,east,0.6,1.2,0.85,2.6,34.622,40.669,0.2083,22.918
Mumbai,19.076,72.8777,warm_humid,3.0,3.0,2.6,45.0,rammed_earth,0.3,gi_sheet,0.002,none,0.0,east,0.6,0.9,0.75,5.8,36.888,43.126,0.1131,23.65
Mumbai,19.076,72.8777,warm_humid,3.0,3.0,2.6,90.0,concrete,0.3,brick,0.23,mineral_wool,0.05,south,0.9,0.9,0.65,5.8,31.891,35.055,0.4167,23.908
Mumbai,19.076,72.8777,warm_humid,3.0,3.0,2.6,90.0,plywood,0.05,gi_sheet,0.002,eps,0.025,north,1.8,1.2,0.35,2.6,34.599,42.887,0.3452,20.328
Mumbai,19.076,72.8777,warm_humid,3.0,3.0,2.6,45.0,gi_sheet,0.002,gi_sheet,0.002,none,0.0,west,1.5,0.6,0.65,3.5,38.076,55.302,0.4107,15.57
Mumbai,19.076,72.8777,warm_humid,3.0,3.0,2.6,180.0,concrete,0.3,gi_sheet,0.002,eps,0.025,south,1.8,1.5,0.45,5.8,33.583,37.794,0.2857,23.91
Mumbai,19.076,72.8777,warm_humid,3.0,3.0,2.6,90.0,rammed_earth,0.45,rcc_slab,0.2,none,0.0,west,1.5,0.9,0.65,3.5,35.002,39.73,0.2202,23.907
Mumbai,19.076,72.8777,warm_humid,3.0,3.0,2.6,90.0,brick,0.345,concrete,0.15,none,0.0,east,1.8,1.2,0.35,5.8,36.118,41.535,0.1429,23.909
Mumbai,19.076,72.8777,warm_humid,3.0,3.0,2.6,90.0,gi_sheet,0.002,gi_sheet,0.002,mineral_wool,0.05,south,1.2,0.9,0.75,5.8,34.363,42.851,0.369,20.691
Mumbai,19.076,72.8777,warm_humid,3.0,3.0,2.6,45.0,gi_sheet,0.002,puf_sandwich_panel,0.1,mineral_wool,0.025,east,1.8,0.9,0.65,3.5,34.732,43.726,0.369,19.699
Mumbai,19.076,72.8777,warm_humid,3.0,3.0,2.6,0.0,gi_sheet,0.002,gi_sheet,0.002,mineral_wool,0.1,south,0.6,0.9,0.75,2.6,33.16,39.355,0.4048,22.123
Mumbai,19.076,72.8777,warm_humid,3.0,3.0,2.6,90.0,rammed_earth,0.3,concrete,0.15,eps,0.05,north,1.2,0.9,0.65,2.6,32.196,35.417,0.369,23.91
Mumbai,19.076,72.8777,warm_humid,3.0,3.0,2.6,180.0,concrete,0.3,rcc_slab,0.2,eps,0.05,east,0.9,0.9,0.55,2.6,31.899,35.041,0.4107,23.908
Mumbai,19.076,72.8777,warm_humid,3.0,3.0,2.6,135.0,brick,0.345,gi_sheet,0.002,mineral_wool,0.05,east,1.2,1.2,0.85,3.5,33.014,36.55,0.3155,23.91
Mumbai,19.076,72.8777,warm_humid,3.0,3.0,2.6,0.0,plywood,0.03,concrete,0.2,eps,0.025,west,0.6,0.6,0.75,3.5,34.266,39.725,0.2143,23.081
Mumbai,19.076,72.8777,warm_humid,3.0,3.0,2.6,180.0,brick,0.23,brick,0.115,none,0.0,east,1.2,0.6,0.65,3.5,36.65,42.744,0.1131,23.912
Mumbai,19.076,72.8777,warm_humid,3.0,3.0,2.6,45.0,brick,0.345,rcc_slab,0.25,mineral_wool,0.1,south,1.2,0.6,0.45,2.6,30.594,33.236,0.5833,23.908
Mumbai,19.076,72.8777,warm_humid,3.0,3.0,2.6,135.0,gi_sheet,0.002,concrete,0.1,mineral_wool,0.025,north,1.5,0.6,0.65,3.5,35.05,42.753,0.2679,20.713
Mumbai,19.076,72.8777,warm_humid,3.0,3.0,2.6,45.0,rammed_earth,0.3,puf_sandwich_panel,0.075,eps,0.025,west,1.8,0.9,0.55,2.6,32.635,36.227,0.3333,23.912
Mumbai,19.076,72.8777,warm_humid,3.0,3.0,2.6,135.0,rammed_earth,0.15,rcc_slab,0.25,eps,0.05,west,1.8,1.2,0.65,2.6,33.422,37.465,0.2738,23.914
Mumbai,19.076,72.8777,warm_humid,3.0,3.0,2.6,45.0,puf_sandwich_panel,0.15,brick,0.23,mineral_wool,0.1,west,0.9,0.9,0.55,5.8,31.503,34.469,0.5238,23.933
Mumbai,19.076,72.8777,warm_humid,3.0,3.0,2.6,180.0,puf_sandwich_panel,0.1,rcc_slab,0.25,mineral_wool,0.05,north,1.2,0.6,0.35,2.6,31.797,34.914,0.4524,23.929
Mumbai,19.076,72.8777,warm_humid,3.0,3.0,2.6,180.0,plywood,0.019,puf_sandwich_panel,0.075,eps,0.025,north,1.8,0.6,0.55,5.8,34.014,42.237,0.4048,20.399
Mumbai,19.076,72.8777,warm_humid,3.0,3.0,2.6,180.0,brick,0.115,puf_sandwich_panel,0.075,mineral_wool,0.1,south,1.5,0.9,0.85,5.8,32.646,36.527,0.3036,23.924
Mumbai,19.076,72.8777,warm_humid,3.0,3.0,2.6,45.0,rammed_earth,0.45,rcc_slab,0.2,mineral_wool,0.1,west,0.6,0.6,0.35,2.6,29.851,32.305,0.875,23.907
Mumbai,19.076,72.8777,warm_humid,3.0,3.0,2.6,45.0,gi_sheet,0.002,rcc_slab,0.15,none,0.0,north,1.2,0.6,0.45,3.5,37.719,52.03,0.3333,16.344
Mumbai,19.076,72.8777,warm_humid,3.0,3.0,2.6,180.0,brick,0.23,gi_sheet,0.002,mineral_wool,0.025,east,0.9,1.5,0.65,2.6,34.265,38.688,0.2083,23.914
Mumbai,19.076,72.8777,warm_humid,3.0,3.0,2.6,0.0,plywood,0.03,rcc_slab,0.2,eps,0.025,west,0.6,0.9,0.45,5.8,34.211,39.667,0.2143,22.977
Mumbai,19.076,72.8777,warm_humid,3.0,3.0,2.6,0.0,brick,0.345,concrete,0.1,mineral_wool,0.025,east,1.5,0.6,0.45,5.8,32.835,36.39,0.3571,23.909
Mumbai,19.076,72.8777,warm_humid,3.0,3.0,2.6,45.0,plywood,0.019,gi_sheet,0.002,mineral_wool,0.1,east,1.2,1.5,0.45,3.5,33.392,39.682,0.3929,21.778
Mumbai,19.076,72.8777,warm_humid,3.0,3.0,2.6,45.0,rammed_earth,0.3,brick,0.23,eps,0.05,east,1.8,1.2,0.55,5.8,32.78,36.276,0.3571,23.91
Mumbai,19.076,72.8777,warm_humid,3.0,3.0,2.6,0.0,plywood,0.019,brick,0.115,mineral_wool,0.1,south,0.9,1.2,0.55,2.6,33.035,37.838,0.3274,23.707
Mumbai,19.076,72.8777,warm_humid,3.0,3.0,2.6,90.0,concrete,0.3,gi_sheet,0.002,eps,0.05,east,1.2,1.2,0.35,3.5,32.101,35.386,0.375,23.91
Mumbai,19.076,72.8777,warm_humid,3.0,3.0,2.6,0.0,concrete,0.15,puf_sandwich_panel,0.1,mineral_wool,0.1,east,0.6,1.5,0.65,3.5,32.18,35.423,0.3512,23.917
Mumbai,19.076,72.8777,warm_humid,3.0,3.0,2.6,180.0,brick,0.115,rcc_slab,0.25,none,0.0,north,0.6,0.9,0.85,5.8,37.229,44.773,0.125,22.476
Mumbai,19.076,72.8777,warm_humid,3.0,3.0,2.6,0.0,plywood,0.012,gi_sheet,0.002,eps,0.1,east,1.2,0.9,0.35,3.5,32.944,39.081,0.4286,21.8
Mumbai,19.076,72.8777,warm_humid,3.0,3.0,2.6,45.0,plywood,0.019,rcc_slab,0.2,mineral_wool,0.025,south,1.8,1.2,0.55,3.5,35.369,42.167,0.1905,22.606
Mumbai,19.076,72.8777,warm_humid,3.0,3.0,2.6,180.0,gi_sheet,0.002,brick,0.115,eps,0.1,east,0.6,0.9,0.85,5.8,33.192,38.113,0.3274,23.118
Mumbai,19.076,72.8777,warm_humid,3.0,3.0,2.6,90.0,concrete,0.2,concrete,0.2,eps,0.025,north,1.2,1.5,0.65,3.5,34.195,38.583,0.244,23.911
Mumbai,19.076,72.8777,warm_humid,3.0,3.0,2.6,180.0,concrete,0.2,gi_sheet,0.002,eps,0.05,north,1.8,1.2,0.45,2.6,33.342,37.346,0.2798,23.914
Mumbai,19.076,72.8777,warm_humid,3.0,3.0,2.6,180.0,gi_sheet,0.002,gi_sheet,0.002,eps,0.025,east,0.9,0.6,0.85,3.5,35.08,44.98,0.369,19.505
Mumbai,19.076,72.8777,warm_humid,3.0,3.0,2.6,45.0,brick,0.23,gi_sheet,0.002,eps,0.05,north,0.6,0.9,0.55,3.5,32.348,35.708,0.3571,23.914
Mumbai,19.076,72.8777,warm_humid,3.0,3.0,2.6,45.0,plywood,0.012,brick,0.115,none,0.0,north,1.5,1.2,0.35,3.5,37.596,51.566,0.3333,17.118
Mumbai,19.076,72.8777,warm_humid,3.0,3.0,2.6,135.0,gi_sheet,0.002,concrete,0.15,eps,0.1,east,1.5,0.9,0.85,2.6,34.024,39.315,0.2262,23.833
Mumbai,19.076,72.8777,warm_humid,3.0,3.0,2.6,180.0,gi_sheet,0.002,concrete,0.2,eps,0.05,north,0.6,0.9,0.65,3.5,33.571,38.48,0.256,23.33
Mumbai,19.076,72.8777,warm_humid,3.0,3.0,2.6,180.0,plywood,0.05,brick,0.23,eps,0.05,north,1.5,1.5,0.35,2.6,33.497,38.273,0.256,23.927
Mumbai,19.076,72.8777,warm_humid,3.0,3.0,2.6,135.0,puf_sandwich_panel,0.1,concrete,0.1,mineral_wool,0.1,west,0.9,0.6,0.35,3.5,31.298,34.371,0.6131,23.948
Mumbai,19.076,72.8777,warm_humid,3.0,3.0,2.6,0.0,plywood,0.012,rcc_slab,0.25,mineral_wool,0.05,east,0.9,1.2,0.55,2.6,33.687,38.363,0.2083,23.74
Mumbai,19.076,72.8777,warm_humid,3.0,3.0,2.6,0.0,concrete,0.3,brick,0.23,eps,0.1,south,0.6,1.5,0.75,5.8,31.243,34.127,0.506,23.908
Mumbai,19.076,72.8777,warm_humid,3.0,3.0,2.6,45.0,puf_sandwich_panel,0.15,rcc_slab,0.2,eps,0.1,east,0.9,1.2,0.85,5.8,32.407,35.812,0.369,23.933
Mumbai,19.076,72.8777,warm_humid,3.0,3.0,2.6,90.0,puf_sandwich_panel,0.05,brick,0.115,mineral_wool,0.025,north,1.8,1.5,0.55,5.8,34.784,41.478,0.2619,22.249
Mumbai,19.076,72.8777,warm_humid,3.0,3.0,2.6,180.0,brick,0.23,gi_sheet,0.002,mineral_wool,0.05,south,1.5,1.5,0.75,2.6,33.39,37.533,0.2798,23.914
Mumbai,19.076,72.8777,warm_humid,3.0,3.0,2.6,135.0,concrete,0.2,concrete,0.2,eps,0.05,north,1.5,1.2,0.65,3.5,33.303,37.102,0.2917,23.911
Mumbai,19.076,72.8777,warm_humid,3.0,3.0,2.6,45.0,brick,0.23,concrete,0.2,mineral_wool,0.05,south,0.9,1.5,0.55,3.5,32.823,36.339,0.3155,23.911
Mumbai,19.076,72.8777,warm_humid,3.0,3.0,2.6,45.0,gi_sheet,0.002,concrete,0.2,eps,0.025,south,1.2,0.6,0.85,5.8,34.998,41.515,0.1964,22.142
Mumbai,19.076,72.8777,warm_humid,3.0,3.0,2.6,0.0,gi_sheet,0.002,rcc_slab,0.2,none,0.0,south,1.5,0.9,0.35,2.6,37.457,50.803,0.3036,16.716
Mumbai,19.076,72.8777,warm_humid,3.0,3.0,2.6,0.0,concrete,0.1,gi_sheet,0.002,mineral_wool,0.1,east,1.8,1.2,0.55,5.8,33.619,37.925,0.2143,23.924
Mumbai,19.076,72.8777,warm_humid,3.0,3.0,2.6,180.0,brick,0.115,puf_sandwich_panel,0.15,eps,0.025,south,0.6,1.2,0.75,2.6,33.455,38.059,0.2321,23.872
Mumbai,19.076,72.8777,warm_humid,3.0,3.0,2.6,0.0,rammed_earth,0.45,concrete,0.15,eps,0.1,south,1.8,0.6,0.65,3.5,30.722,33.512,0.5417,23.907
Mumbai,19.076,72.8777,warm_humid,3.0,3.0,2.6,45.0,puf_sandwich_panel,0.15,concrete,0.2,mineral_wool,0.1,east,0.9,1.2,0.75,5.8,32.21,35.495,0.3988,23.933
Mumbai,19.076,72.8777,warm_humid,3.0,3.0,2.6,90.0,brick,0.345,puf_sandwich_panel,0.15,eps,0.1,east,0.6,0.6,0.55,2.6,30.24,32.554,0.75,23.91
Mumbai,19.076,72.8777,warm_humid,3.0,3.0,2.6,180.0,puf_sandwich_panel,0.05,concrete,0.1,mineral_wool,0.025,west,0.6,1.2,0.75,5.8,33.677,39.038,0.3036,23.135
Mumbai,19.076,72.8777,warm_humid,3.0,3.0,2.6,90.0,brick,0.345,brick,0.115,eps,0.05,north,1.8,1.2,0.65,2.6,32.925,36.463,0.3512,23.909
Mumbai,19.076,72.8777,warm_humid,3.0,3.0,2.6,135.0,concrete,0.3,puf_sandwich_panel,0.1,mineral_wool,0.1,north,1.8,0.6,0.85,5.8,31.499,34.322,0.494,23.909
Mumbai,19.076,72.8777,warm_humid,3.0,3.0,2.6,180.0,plywood,0.019,concrete,0.2,eps,0.1,south,1.2,0.6,0.55,3.5,32.299,36.067,0.3929,23.933
Mumbai,19.076,72.8777,warm_humid,3.0,3.0,2.6,180.0,plywood,0.03,concrete,0.15,eps,0.1,north,0.9,0.9,0.45,2.6,32.406,36.303,0.369,23.937
Mumbai,19.076,72.8777,warm_humid,3.0,3.0,2.6,90.0,puf_sandwich_panel,0.075,brick,0.23,none,0.0,west,0.6,0.9,0.35,2.6,34.446,39.797,0.1964,23.551
Mumbai,19.076,72.8777,warm_humid,3.0,3.0,2.6,90.0,rammed_earth,0.3,puf_sandwich_panel,0.1,eps,0.1,east,1.2,1.2,0.85,3.5,31.969,35.076,0.3929,23.912
Mumbai,19.076,72.8777,warm_humid,3.0,3.0,2.6,180.0,gi_sheet,0.002,gi_sheet,0.002,eps,0.05,west,1.8,0.9,0.45,2.6,34.222,42.166,0.369,20.402
Mumbai,19.076,72.8777,warm_humid,3.0,3.0,2.6,0.0,puf_sandwich_panel,0.1,puf_sandwich_panel,0.15,eps,0.025,east,0.6,0.6,0.75,3.5,31.327,35.144,0.5952,23.496
Mumbai,19.076,72.8777,warm_humid,3.0,3.0,2.6,90.0,rammed_earth,0.45,rcc_slab,0.1,eps,0.05,east,1.5,1.5,0.55,5.8,32.19,35.475,0.369,23.908
Mumbai,19.076,72.8777,warm_humid,3.0,3.0,2.6,135.0,brick,0.115,gi_sheet,0.002,mineral_wool,0.1,south,0.9,0.6,0.55,2.6,32.14,35.517,0.3631,23.923
Mumbai,19.076,72.8777,warm_humid,3.0,3.0,2.6,135.0,brick,0.345,concrete,0.1,eps,0.025,east,0.6,1.5,0.65,5.8,33.122,36.779,0.3155,23.909
Mumbai,19.076,72.8777,warm_humid,3.0,3.0,2.6,45.0,concrete,0.2,concrete,0.15,eps,0.025,north,1.8,0.6,0.35,3.5,33.628,37.761,0.2679,23.911
Mumbai,19.076,72.8777,warm_humid,3.0,3.0,2.6,135.0,plywood,0.03,gi_sheet,0.002,eps,0.025,west,1.2,1.5,0.55,5.8,34.948,44.175,0.3571,19.934
Mumbai,19.076,72.8777,warm_humid,3.0,3.0,2.6,90.0,concrete,0.1,gi_sheet,0.002,none,0.0,east,0.6,0.6,0.35,2.6,38.03,49.732,0.2083,18.332
Mumbai,19.076,72.8777,warm_humid,3.0,3.0,2.6,0.0,plywood,0.019,concrete,0.15,mineral_wool,0.1,north,1.5,1.2,0.75,5.8,33.326,38.287,0.2857,23.358
Mumbai,19.076,72.8777,warm_humid,3.0,3.0,2.6,180.0,puf_sandwich_panel,0.1,brick,0.115,mineral_wool,0.025,south,1.5,0.6,0.85,5.8,33.336,38.478,0.3274,23.461
Mumbai,19.076,72.8777,warm_humid,3.0,3.0,2.6,90.0,brick,0.345,rcc_slab,0.25,eps,0.025,east,1.8,1.2,0.65,5.8,33.426,37.295,0.3036,23.908
Mumbai,19.076,72.8777,warm_humid,3.0,3.0,2.6,180.0,gi_sheet,0.002,puf_sandwich_panel,0.1,mineral_wool,0.025,south,0.6,1.5,0.45,5.8,33.903,42.003,0.4048,19.849
Mumbai,19.076,72.8777,warm_humid,3.0,3.0,2.6,90.0,plywood,0.012,gi_sheet,0.002,none,0.0,north,1.2,0.9,0.55,5.8,38.142,55.831,0.4048,16.221
Mumbai,19.076,72.8777,warm_humid,3.0,3.0,2.6,90.0,rammed_earth,0.15,concrete,0.1,eps,0.05,west,1.8,0.6,0.45,2.6,32.711,36.5,0.3095,23.918
Mumbai,19.076,72.8777,warm_humid,3.0,3.0,2.6,0.0,concrete,0.1,gi_sheet,0.002,eps,0.025,south,0.6,0.6,0.45,5.8,34.394,39.624,0.1845,23.47
Mumbai,19.076,72.8777,warm_humid,3.0,3.0,2.6,45.0,gi_sheet,0.002,concrete,0.1,mineral_wool,0.05,south,1.5,0.9,0.35,5.8,33.953,40.206,0.2976,21.883
Mumbai,19.076,72.8777,warm_humid,3.0,3.0,2.6,45.0,concrete,0.2,puf_sandwich_panel,0.1,eps,0.1,east,1.5,1.5,0.35,3.5,32.163,35.469,0.3631,23.914
Mumbai,19.076,72.8777,warm_humid,3.0,3.0,2.6,90.0,puf_sandwich_panel,0.05,puf_sandwich_panel,0.075,mineral_wool,0.1,north,0.6,1.5,0.35,2.6,31.545,35.646,0.5417,23.062
Mumbai,19.076,72.8777,warm_humid,3.0,3.0,2.6,180.0,concrete,0.15,gi_sheet,0.002,eps,0.05,west,0.6,1.5,0.75,2.6,33.372,37.367,0.2679,23.917
Mumbai,19.076,72.8777,warm_humid,3.0,3.0,2.6,45.0,gi_sheet,0.002,brick,0.115,eps,0.05,east,1.8,1.5,0.45,5.8,34.679,41.712,0.2798,21.351
Mumbai,19.076,72.8777,warm_humid,3.0,3.0,2.6,180.0,brick,0.345,concrete,0.2,mineral_wool,0.1,west,1.8,0.9,0.65,3.5,31.577,34.515,0.494,23.908
Mumbai,19.076,72.8777,warm_humid,3.0,3.0,2.6,135.0,brick,0.345,concrete,0.1,eps,0.05,north,1.5,0.9,0.35,3.5,31.912,34.994,0.4048,23.909
Mumbai,19.076,72.8777,warm_humid,3.0,3.0,2.6,180.0,gi_sheet,0.002,rcc_slab,0.25,eps,0.1,east,1.5,0.9,0.65,5.8,33.518,37.928,0.2202,23.928
Mumbai,19.076,72.8777,warm_humid,3.0,3.0,2.6,135.0,gi_sheet,0.002,brick,0.115,none,0.0,east,0.9,0.6,0.45,5.8,37.595,52.525,0.3512,16.19
Mumbai,19.076,72.8777,warm_humid,3.0,3.0,2.6,0.0,brick,0.23,rcc_slab,0.15,none,0.0,east,1.2,0.9,0.75,2.6,37.02,43.308,0.1131,23.912
Mumbai,19.076,72.8777,warm_humid,3.0,3.0,2.6,90.0,brick,0.115,gi_sheet,0.002,mineral_wool,0.05,east,1.8,0.9,0.35,5.8,33.395,37.853,0.2321,23.924
Mumbai,19.076,72.8777,warm_humid,3.0,3.0,2.6,90.0,gi_sheet,0.002,brick,0.23,eps,0.1,north,0.6,0.6,0.65,5.8,32.358,36.264,0.3929,23.675
Mumbai,19.076,72.8777,warm_humid,3.0,3.0,2.6,135.0,concrete,0.15,rcc_slab,0.2,mineral_wool,0.025,west,1.8,1.2,0.65,3.5,34.566,39.336,0.1964,23.913
Mumbai,19.076,72.8777,warm_humid,3.0,3.0,2.6,180.0,concrete,0.2,concrete,0.2,none,0.0,south,1.8,1.2,0.75,2.6,37.166,44.185,0.1131,22.975
Mumbai,19.076,72.8777,warm_humid,3.0,3.0,2.6,90.0,puf_sandwich_panel,0.15,rcc_slab,0.1,mineral_wool,0.025,north,0.6,0.9,0.45,2.6,32.869,37.261,0.3571,23.82
Mumbai,19.076,72.8777,warm_humid,3.0,3.0,2.6,45.0,gi_sheet,0.002,rcc_slab,0.2,eps,0.1,south,1.5,0.9,0.55,3.5,33.371,37.958,0.256,23.847
Mumbai,19.076,72.8777,warm_humid,3.0,3.0,2.6,90.0,puf_sandwich_panel,0.1,concrete,0.1,mineral_wool,0.025,west,1.5,1.2,0.45,3.5,33.408,38.832,0.3274,22.819
Mumbai,19.076,72.8777,warm_humid,3.0,3.0,2.6,180.0,rammed_earth,0.15,rcc_slab,0.2,eps,0.05,west,1.8,1.5,0.85,3.5,34.786,39.392,0.1726,23.916
Mumbai,19.076,72.8777,warm_humid,3.0,3.0,2.6,135.0,rammed_earth,0.45,rcc_slab,0.15,eps,0.025,south,1.5,1.5,0.45,2.6,32.693,36.216,0.3631,23.908
Mumbai,19.076,72.8777,warm_humid,3.0,3.0,2.6,0.0,concrete,0.2,brick,0.23,eps,0.025,west,1.2,1.5,0.85,2.6,34.805,39.383,0.1905,23.911
Mumbai,19.076,72.8777,warm_humid,3.0,3.0,2.6,180.0,puf_sandwich_panel,0.05,puf_sandwich_panel,0.05,eps,0.025,west,1.2,1.5,0.35,5.8,32.669,38.582,0.4524,21.755
Mumbai,19.076,72.8777,warm_humid,3.0,3.0,2.6,90.0,puf_sandwich_panel,0.1,gi_sheet,0.002,mineral_wool,0.1,north,1.2,1.2,0.45,5.8,32.302,37.087,0.4524,22.888
Mumbai,19.076,72.8777,warm_humid,3.0,3.0,2.6,180.0,rammed_earth,0.15,gi_sheet,0.002,eps,0.1,south,1.5,1.5,0.75,5.8,33.063,37.245,0.2857,23.921
Mumbai,19.076,72.8777,warm_humid,3.0,3.0,2.6,135.0,rammed_earth,0.3,puf_sandwich_panel,0.15,mineral_wool,0.025,west,1.2,1.5,0.85,5.8,32.977,36.746,0.3095,23.912
Mumbai,19.076,72.8777,warm_humid,3.0,3.0,2.6,135.0,plywood,0.05,gi_sheet,0.002,eps,0.1,east,1.5,1.5,0.75,2.6,34.746,42.757,0.3274,22.575
Mumbai,19.076,72.8777,warm_humid,3.0,3.0,2.6,135.0,concrete,0.15,concrete,0.2,eps,0.1,east,0.6,1.2,0.45,3.5,31.758,34.782,0.4167,23.913
Mumbai,19.076,72.8777,warm_humid,3.0,3.0,2.6,180.0,rammed_earth,0.45,gi_sheet,0.002,eps,0.05,west,1.5,0.9,0.35,2.6,31.408,34.294,0.5,23.908
Mumbai,19.076,72.8777,warm_humid,3.0,3.0,2.6,90.0,gi_sheet,0.002,brick,0.23,eps,0.1,north,1.2,1.2,0.35,2.6,32.75,37.036,0.3333,23.233
Mumbai,19.076,72.8777,warm_humid,3.0,3.0,2.6,135.0,plywood,0.05,gi_sheet,0.002,eps,0.05,west,0.9,1.5,0.55,3.5,33.609,40.145,0.375,21.61
Mumbai,19.076,72.8777,warm_humid,3.0,3.0,2.6,90.0,puf_sandwich_panel,0.1,puf_sandwich_panel,0.1,mineral_wool,0.05,south,1.8,0.9,0.65,2.6,33.084,39.63,0.4286,22.853
Mumbai,19.076,72.8777,warm_humid,3.0,3.0,2.6,0.0,plywood,0.05,brick,0.115,mineral_wool,0.025,west,1.5,1.2,0.45,5.8,34.853,41.846,0.244,22.049
Mumbai,19.076,72.8777,warm_humid,3.0,3.0,2.6,90.0,brick,0.345,gi_sheet,0.002,mineral_wool,0.025,south,0.9,1.2,0.65,3.5,33.268,37.043,0.2976,23.91
Mumbai,19.076,72.8777,warm_humid,3.0,3.0,2.6,90.0,rammed_earth,0.15,puf_sandwich_panel,0.075,eps,0.1,east,1.8,0.6,0.85,3.5,32.42,35.933,0.3095,23.921
Mumbai,19.076,72.8777,warm_humid,3.0,3.0,2.6,0.0,brick,0.115,puf_sandwich_panel,0.075,none,0.0,south,1.2,0.9,0.85,3.5,36.157,44.139,0.1667,21.316
Mumbai,19.076,72.8777,warm_humid,3.0,3.0,2.6,0.0,plywood,0.019,concrete,0.1,mineral_wool,0.1,south,1.2,0.6,0.65,5.8,32.824,37.35,0.3512,23.864
Mumbai,19.076,72.8777,warm_humid,3.0,3.0,2.6,45.0,rammed_earth,0.3,concrete,0.2,mineral_wool,0.025,west,0.6,0.9,0.45,5.8,32.619,36.1,0.3631,23.91
Mumbai,19.076,72.8777,warm_humid,3.0,3.0,2.6,135.0,rammed_earth,0.3,rcc_slab,0.2,eps,0.05,west,0.9,1.5,0.85,5.8,32.411,35.76,0.3631,23.91
Mumbai,19.076,72.8777,warm_humid,3.0,3.0,2.6,135.0,gi_sheet,0.002,concrete,0.2,mineral_wool,0.05,south,1.8,1.2,0.55,3.5,34.283,39.953,0.2083,22.406
Mumbai,19.076,72.8777,warm_humid,3.0,3.0,2.6,90.0,gi_sheet,0.002,rcc_slab,0.25,none,0.0,east,1.2,0.6,0.75,2.6,37.407,49.951,0.2798,17.151
Mumbai,19.076,72.8777,warm_humid,3.0,3.0,2.6,0.0,puf_sandwich_panel,0.15,rcc_slab,0.1,mineral_wool,0.025,north,1.2,0.9,0.45,5.8,32.997,37.751,0.3452,23.411
Mumbai,19.076,72.8777,warm_humid,3.0,3.0,2.6,135.0,gi_sheet,0.002,rcc_slab,0.15,eps,0.1,north,1.5,1.5,0.55,2.6,33.892,39.228,0.256,23.062
Mumbai,19.076,72.8777,warm_humid,3.0,3.0,2.6,45.0,plywood,0.03,concrete,0.2,mineral_wool,0.05,east,0.9,1.5,0.55,3.5,33.715,38.488,0.2202,23.764
Mumbai,19.076,72.8777,warm_humid,3.0,3.0,2.6,45.0,concrete,0.2,gi_sheet,0.002,mineral_wool,0.025,east,0.6,1.2,0.85,2.6,34.102,38.495,0.2381,23.913
Mumbai,19.076,72.8777,warm_humid,3.0,3.0,2.6,90.0,puf_sandwich_panel,0.05,gi_sheet,0.002,none,0.0,east,0.9,1.2,0.35,2.6,37.456,53.081,0.369,18.564
Mumbai,19.076,72.8777,warm_humid,3.0,3.0,2.6,90.0,gi_sheet,0.002,rcc_slab,0.2,none,0.0,west,0.6,1.5,0.45,2.6,37.452,50.787,0.3036,16.713
Mumbai,19.076,72.8777,warm_humid,3.0,3.0,2.6,45.0,gi_sheet,0.002,concrete,0.2,mineral_wool,0.025,west,1.8,1.2,0.65,3.5,35.408,42.524,0.1964,21.472
Mumbai,19.076,72.8777,warm_humid,3.0,3.0,2.6,180.0,brick,0.115,puf_sandwich_panel,0.1,eps,0.05,west,0.9,1.5,0.75,2.6,33.546,37.861,0.2202,23.925
Mumbai,19.076,72.8777,warm_humid,3.0,3.0,2.6,45.0,brick,0.345,concrete,0.15,mineral_wool,0.025,west,1.8,1.5,0.75,2.6,34.186,38.419,0.244,23.909
Mumbai,19.076,72.8777,warm_humid,3.0,3.0,2.6,90.0,concrete,0.3,rcc_slab,0.15,mineral_wool,0.05,east,1.8,0.6,0.35,5.8,31.776,34.86,0.4345,23.908
Mumbai,19.076,72.8777,warm_humid,3.0,3.0,2.6,90.0,concrete,0.15,rcc_slab,0.15,none,0.0,east,1.5,0.9,0.85,3.5,37.736,45.952,0.119,21.969
Mumbai,19.076,72.8777,warm_humid,3.0,3.0,2.6,180.0,concrete,0.3,puf_sandwich_panel,0.075,eps,0.025,east,1.5,0.6,0.35,3.5,32.259,35.643,0.369,23.909
Mumbai,19.076,72.8777,warm_humid,3.0,3.0,2.6,45.0,plywood,0.012,gi_sheet,0.002,eps,0.05,east,1.2,0.6,0.45,2.6,33.705,41.148,0.3988,20.965
Mumbai,19.076,72.8777,warm_humid,3.0,3.0,2.6,180.0,plywood,0.03,rcc_slab,0.2,mineral_wool,0.05,south,1.8,0.6,0.85,3.5,33.511,38.316,0.244,23.573
Mumbai,19.076,72.8777,warm_humid,3.0,3.0,2.6,45.0,puf_sandwich_panel,0.1,concrete,0.15,eps,0.05,south,0.6,0.6,0.65,3.5,32.042,35.46,0.4405,23.94
Mumbai,19.076,72.8777,warm_humid,3.0,3.0,2.6,135.0,concrete,0.2,gi_sheet,0.002,eps,0.1,north,0.9,1.5,0.65,3.5,32.41,35.744,0.3571,23.914
Mumbai,19.076,72.8777,warm_humid,3.0,3.0,2.6,45.0,puf_sandwich_panel,0.1,puf_sandwich_panel,0.15,mineral_wool,0.1,north,0.6,0.6,0.55,3.5,30.897,34.158,0.6905,23.831
Mumbai,19.076,72.8777,warm_humid,3.0,3.0,2.6,180.0,rammed_earth,0.45,rcc_slab,0.1,mineral_wool,0.1,north,1.2,0.6,0.65,2.6,30.443,33.086,0.6429,23.908
Mumbai,19.076,72.8777,warm_humid,3.0,3.0,2.6,45.0,brick,0.115,puf_sandwich_panel,0.1,eps,0.05,east,1.2,1.2,0.75,3.5,33.683,38.084,0.2083,23.925
Mumbai,19.076,72.8777,warm_humid,3.0,3.0,2.6,45.0,plywood,0.012,gi_sheet,0.002,eps,0.025,east,0.9,1.5,0.75,2.6,35.5,45.805,0.3571,19.597
Mumbai,19.076,72.8777,warm_humid,3.0,3.0,2.6,135.0,rammed_earth,0.3,concrete,0.1,eps,0.025,east,0.9,1.2,0.75,5.8,33.6,37.531,0.2619,23.911
Mumbai,19.076,72.8777,warm_humid,3.0,3.0,2.6,0.0,puf_sandwich_panel,0.075,brick,0.115,none,0.0,north,1.8,1.5,0.35,5.8,36.159,45.493,0.2619,20.838
Mumbai,19.076,72.8777,warm_humid,3.0,3.0,2.6,135.0,puf_sandwich_panel,0.1,gi_sheet,0.002,none,0.0,south,1.5,0.6,0.85,2.6,37.811,53.367,0.3512,18.901
Mumbai,19.076,72.8777,warm_humid,3.0,3.0,2.6,0.0,gi_sheet,0.002,concrete,0.2,eps,0.05,south,0.9,0.6,0.85,5.8,33.788,38.831,0.244,23.544
Mumbai,19.076,72.8777,warm_humid,3.0,3.0,2.6,135.0,gi_sheet,0.002,concrete,0.1,mineral_wool,0.05,north,0.9,1.2,0.75,2.6,34.259,40.525,0.2679,22.051
Mumbai,19.076,72.8777,warm_humid,3.0,3.0,2.6,45.0,puf_sandwich_panel,0.05,puf_sandwich_panel,0.05,mineral_wool,0.05,west,1.8,1.5,0.35,2.6,32.873,39.45,0.4524,21.485
Mumbai,19.076,72.8777,warm_humid,3.0,3.0,2.6,90.0,gi_sheet,0.002,brick,0.23,eps,0.025,west,0.9,1.5,0.85,3.5,34.758,41.466,0.2202,21.678
Mumbai,19.076,72.8777,warm_humid,3.0,3.0,2.6,135.0,concrete,0.2,concrete,0.15,mineral_wool,0.025,south,1.2,0.6,0.45,5.8,33.593,37.68,0.2679,23.911
Mumbai,19.076,72.8777,warm_humid,3.0,3.0,2.6,90.0,gi_sheet,0.002,brick,0.115,mineral_wool,0.1,west,1.8,1.2,0.65,3.5,33.46,39.298,0.3214,22.156
Mumbai,19.076,72.8777,warm_humid,3.0,3.0,2.6,45.0,concrete,0.1,brick,0.23,none,0.0,east,1.2,1.5,0.75,5.8,37.528,46.23,0.131,20.775
Mumbai,19.076,72.8777,warm_humid,3.0,3.0,2.6,0.0,rammed_earth,0.15,concrete,0.1,mineral_wool,0.05,east,1.2,0.6,0.55,2.6,32.9,36.618,0.2857,23.917
Mumbai,19.076,72.8777,warm_humid,3.0,3.0,2.6,135.0,rammed_earth,0.45,concrete,0.15,mineral_wool,0.025,south,0.9,1.5,0.65,3.5,32.504,35.98,0.369,23.907
Mumbai,19.076,72.8777,warm_humid,3.0,3.0,2.6,180.0,brick,0.23,brick,0.23,eps,0.05,east,1.8,1.2,0.65,2.6,33.681,37.583,0.256,23.912
Mumbai,19.076,72.8777,warm_humid,3.0,3.0,2.6,90.0,brick,0.115,brick,0.115,none,0.0,west,1.5,1.2,0.55,5.8,37.527,46.47,0.1369,20.922
Mumbai,19.076,72.8777,warm_humid,3.0,3.0,2.6,0.0,brick,0.345,concrete,0.2,eps,0.025,east,1.2,1.5,0.55,2.6,33.205,36.929,0.3155,23.908
Mumbai,19.076,72.8777,warm_humid,3.0,3.0,2.6,180.0,puf_sandwich_panel,0.15,puf_sandwich_panel,0.075,mineral_wool,0.025,south,1.8,1.2,0.35,2.6,31.941,37.017,0.5179,22.276
Mumbai,19.076,72.8777,warm_humid,3.0,3.0,2.6,180.0,plywood,0.019,brick,0.23,eps,0.025,west,0.6,1.2,0.85,5.8,34.605,40.546,0.2143,22.652
Mumbai,19.076,72.8777,warm_humid,3.0,3.0,2.6,45.0,puf_sandwich_panel,0.075,brick,0.115,mineral_wool,0.05,east,1.2,1.5,0.55,2.6,33.459,38.52,0.3155,23.569
Mumbai,19.076,72.8777,warm_humid,3.0,3.0,2.6,0.0,puf_sandwich_panel,0.075,concrete,0.2,eps,0.1,west,0.9,0.9,0.65,3.5,32.003,35.263,0.4345,23.934
Mumbai,19.076,72.8777,warm_humid,3.0,3.0,2.6,180.0,brick,0.345,rcc_slab,0.25,mineral_wool,0.05,south,0.9,0.6,0.45,5.8,31.177,34.042,0.506,23.908
Mumbai,19.076,72.8777,warm_humid,3.0,3.0,2.6,180.0,gi_sheet,0.002,rcc_slab,0.2,eps,0.1,south,0.9,0.6,0.35,5.8,32.406,36.286,0.381,23.669
Mumbai,19.076,72.8777,warm_humid,3.0,3.0,2.6,45.0,puf_sandwich_panel,0.15,gi_sheet,0.002,eps,0.025,south,1.2,0.9,0.55,2.6,33.598,40.737,0.3929,22.323
Mumbai,19.076,72.8777,warm_humid,3.0,3.0,2.6,0.0,concrete,0.15,brick,0.115,mineral_wool,0.1,north,0.9,1.5,0.35,5.8,32.058,35.347,0.3869,23.915
Mumbai,19.076,72.8777,warm_humid,3.0,3.0,2.6,45.0,puf_sandwich_panel,0.15,puf_sandwich_panel,0.05,mineral_wool,0.1,north,1.2,0.9,0.55,5.8,31.643,35.786,0.5357,23.327
Mumbai,19.076,72.8777,warm_humid,3.0,3.0,2.6,90.0,puf_sandwich_panel,0.15,rcc_slab,0.2,eps,0.05,south,1.8,0.9,0.55,3.5,33.089,37.098,0.2738,23.934
Mumbai,19.076,72.8777,warm_humid,3.0,3.0,2.6,90.0,gi_sheet,0.002,rcc_slab,0.1,mineral_wool,0.05,south,1.2,0.9,0.75,5.8,34.293,40.828,0.2976,22.076
Mumbai,19.076,72.8777,warm_humid,3.0,3.0,2.6,0.0,plywood,0.05,concrete,0.1,eps,0.025,east,1.2,0.9,0.45,2.6,34.415,40.723,0.2619,22.131
Mumbai,19.076,72.8777,warm_humid,3.0,3.0,2.6,180.0,puf_sandwich_panel,0.15,concrete,0.2,mineral_wool,0.05,south,1.2,1.5,0.65,2.6,32.657,36.708,0.3452,23.933
Mumbai,19.076,72.8777,warm_humid,3.0,3.0,2.6,45.0,puf_sandwich_panel,0.05,concrete,0.1,mineral_wool,0.1,south,1.5,0.6,0.45,2.6,32.057,35.795,0.4643,23.948
Mumbai,19.076,72.8777,warm_humid,3.0,3.0,2.6,0.0,puf_sandwich_panel,0.075,brick,0.23,mineral_wool,0.05,north,1.2,1.5,0.45,5.8,32.466,36.448,0.375,23.82
Mumbai,19.076,72.8777,warm_humid,3.0,3.0,2.6,0.0,concrete,0.3,rcc_slab,0.1,mineral_wool,0.05,west,1.8,1.2,0.55,5.8,33.104,36.748,0.3095,23.909
Mumbai,19.076,72.8777,warm_humid,3.0,3.0,2.6,0.0,plywood,0.012,puf_sandwich_panel,0.15,mineral_wool,0.025,west,0.6,1.2,0.75,3.5,34.199,43.063,0.3988,20.332
Mumbai,19.076,72.8777,warm_humid,3.0,3.0,2.6,135.0,rammed_earth,0.15,puf_sandwich_panel,0.15,mineral_wool,0.1,south,0.9,0.6,0.55,5.8,31.464,34.416,0.4821,23.92
Mumbai,19.076,72.8777,warm_humid,3.0,3.0,2.6,0.0,rammed_earth,0.3,gi_sheet,0.002,eps,0.1,south,0.6,1.2,0.65,5.8,31.29,34.04,0.5,23.912
Mumbai,19.076,72.8777,warm_humid,3.0,3.0,2.6,180.0,concrete,0.2,gi_sheet,0.002,eps,0.05,south,0.9,1.5,0.65,5.8,32.918,36.734,0.3095,23.914
Mumbai,19.076,72.8777,warm_humid,3.0,3.0,2.6,90.0,plywood,0.03,brick,0.115,mineral_wool,0.025,east,1.5,0.6,0.65,5.8,34.666,41.648,0.2798,21.915
Mumbai,19.076,72.8777,warm_humid,3.0,3.0,2.6,135.0,plywood,0.05,rcc_slab,0.15,eps,0.05,south,1.8,1.2,0.75,5.8,34.533,40.284,0.2024,23.047
Mumbai,19.076,72.8777,warm_humid,3.0,3.0,2.6,180.0,concrete,0.15,gi_sheet,0.002,none,0.0,west,0.6,0.6,0.65,3.5,37.818,47.155,0.1369,20.212
Mumbai,19.076,72.8777,warm_humid,3.0,3.0,2.6,180.0,brick,0.115,gi_sheet,0.002,mineral_wool,0.05,east,1.2,0.6,0.75,3.5,33.618,37.958,0.2143,23.924
Mumbai,19.076,72.8777,warm_humid,3.0,3.0,2.6,0.0,plywood,0.03,puf_sandwich_panel,0.075,eps,0.1,south,1.8,1.2,0.85,5.8,34.484,42.578,0.3631,22.256
Mumbai,19.076,72.8777,warm_humid,3.0,3.0,2.6,180.0,rammed_earth,0.45,rcc_slab,0.1,none,0.0,west,1.2,1.5,0.35,2.6,35.765,40.854,0.1667,23.908
Mumbai,19.076,72.8777,warm_humid,3.0,3.0,2.6,90.0,gi_sheet,0.002,gi_sheet,0.002,eps,0.05,south,0.6,0.6,0.35,5.8,33.413,40.508,0.3988,20.851
Mumbai,19.076,72.8777,warm_humid,3.0,3.0,2.6,180.0,concrete,0.1,rcc_slab,0.1,mineral_wool,0.025,west,1.8,1.5,0.75,2.6,35.889,41.852,0.1369,23.747
Mumbai,19.076,72.8777,warm_humid,3.0,3.0,2.6,90.0,plywood,0.012,rcc_slab,0.25,mineral_wool,0.025,south,1.8,0.9,0.35,2.6,34.563,40.394,0.1905,22.553
Mumbai,19.076,72.8777,warm_humid,3.0,3.0,2.6,45.0,concrete,0.2,gi_sheet,0.002,none,0.0,west,1.8,1.2,0.85,2.6,38.195,46.726,0.1131,21.314
Mumbai,19.076,72.8777,warm_humid,3.0,3.0,2.6,0.0,plywood,0.03,concrete,0.2,mineral_wool,0.05,east,1.8,0.6,0.65,3.5,33.67,38.376,0.2321,23.763
Mumbai,19.076,72.8777,warm_humid,3.0,3.0,2.6,90.0,rammed_earth,0.3,puf_sandwich_panel,0.05,eps,0.1,south,1.8,1.2,0.55,3.5,32.357,35.622,0.3571,23.912
Mumbai,19.076,72.8777,warm_humid,3.0,3.0,2.6,135.0,gi_sheet,0.002,puf_sandwich_panel,0.1,none,0.0,north,0.6,1.2,0.45,3.5,36.481,50.423,0.4107,16.063
Mumbai,19.076,72.8777,warm_humid,3.0,3.0,2.6,0.0,brick,0.23,brick,0.23,mineral_wool,0.05,west,1.8,0.6,0.75,3.5,32.908,36.424,0.3095,23.911
Mumbai,19.076,72.8777,warm_humid,3.0,3.0,2.6,45.0,puf_sandwich_panel,0.1,concrete,0.15,eps,0.025,east,1.2,1.2,0.75,2.6,34.113,39.223,0.2262,23.941
Mumbai,19.076,72.8777,warm_humid,3.0,3.0,2.6,0.0,puf_sandwich_panel,0.075,concrete,0.1,mineral_wool,0.05,west,0.9,1.2,0.55,5.8,32.947,37.589,0.3571,23.795
Mumbai,19.076,72.8777,warm_humid,3.0,3.0,2.6,45.0,plywood,0.019,gi_sheet,0.002,eps,0.1,south,1.8,1.2,0.55,5.8,34.157,42.312,0.3631,21.616
Mumbai,19.076,72.8777,warm_humid,3.0,3.0,2.6,180.0,gi_sheet,0.002,puf_sandwich_panel,0.05,mineral_wool,0.025,west,0.6,0.6,0.55,2.6,33.976,42.025,0.3929,19.941
Mumbai,19.076,72.8777,warm_humid,3.0,3.0,2.6,135.0,rammed_earth,0.45,brick,0.115,eps,0.05,west,1.2,1.5,0.55,2.6,31.763,34.875,0.4464,23.908
Mumbai,19.076,72.8777,warm_humid,3.0,3.0,2.6,90.0,gi_sheet,0.002,concrete,0.15,mineral_wool,0.05,east,1.8,1.2,0.75,5.8,34.834,41.474,0.2202,22.981
Mumbai,19.076,72.8777,warm_humid,3.0,3.0,2.6,0.0,brick,0.23,gi_sheet,0.002,none,0.0,south,1.8,1.5,0.35,5.8,37.483,44.993,0.1131,22.595
Mumbai,19.076,72.8777,warm_humid,3.0,3.0,2.6,180.0,puf_sandwich_panel,0.1,rcc_slab,0.25,mineral_wool,0.025,south,0.6,0.9,0.35,2.6,32.362,35.857,0.375,23.929
Mumbai,19.076,72.8777,warm_humid,3.0,3.0,2.6,180.0,rammed_earth,0.15,concrete,0.2,mineral_wool,0.05,east,0.9,1.2,0.55,3.5,33.018,36.737,0.2917,23.915
Mumbai,19.076,72.8777,warm_humid,3.0,3.0,2.6,0.0,plywood,0.019,gi_sheet,0.002,eps,0.05,west,0.9,1.5,0.75,3.5,34.71,43.833,0.3631,21.016
Mumbai,19.076,72.8777,warm_humid,3.0,3.0,2.6,180.0,rammed_earth,0.45,rcc_slab,0.2,eps,0.05,south,1.2,0.9,0.35,2.6,30.909,33.776,0.5179,23.907
Mumbai,19.076,72.8777,warm_humid,3.0,3.0,2.6,180.0,puf_sandwich_panel,0.05,rcc_slab,0.1,eps,0.025,north,0.6,1.2,0.35,2.6,33.259,38.389,0.3393,23.148
Mumbai,19.076,72.8777,warm_humid,3.0,3.0,2.6,135.0,rammed_earth,0.15,rcc_slab,0.1,eps,0.1,west,1.8,1.2,0.55,2.6,32.745,36.466,0.3036,23.918
Mumbai,19.076,72.8777,warm_humid,3.0,3.0,2.6,0.0,plywood,0.05,concrete,0.1,mineral_wool,0.05,west,1.5,0.6,0.45,5.8,33.4,38.406,0.2976,23.238
Mumbai,19.076,72.8777,warm_humid,3.0,3.0,2.6,90.0,plywood,0.012,gi_sheet,0.002,mineral_wool,0.1,east,1.5,1.2,0.85,2.6,34.285,42.227,0.375,21.865
Mumbai,19.076,72.8777,warm_humid,3.0,3.0,2.6,135.0,rammed_earth,0.3,brick,0.23,eps,0.025,north,1.5,0.9,0.35,2.6,32.793,36.376,0.3452,23.91
Mumbai,19.076,72.8777,warm_humid,3.0,3.0,2.6,45.0,gi_sheet,0.002,gi_sheet,0.002,mineral_wool,0.025,west,0.6,0.6,0.45,3.5,34.714,44.118,0.3631,19.522
Mumbai,19.076,72.8777,warm_humid,3.0,3.0,2.6,180.0,gi_sheet,0.002,brick,0.115,mineral_wool,0.05,south,1.5,1.2,0.55,2.6,34.084,40.612,0.3036,21.549
Mumbai,19.076,72.8777,warm_humid,3.0,3.0,2.6,180.0,brick,0.345,gi_sheet,0.002,eps,0.05,south,0.6,1.2,0.85,2.6,31.81,34.889,0.4286,23.91
Mumbai,19.076,72.8777,warm_humid,3.0,3.0,2.6,90.0,plywood,0.05,rcc_slab,0.15,mineral_wool,0.05,south,1.2,1.5,0.45,3.5,33.805,38.882,0.244,23.381
Mumbai,19.076,72.8777,warm_humid,3.0,3.0,2.6,45.0,rammed_earth,0.45,puf_sandwich_panel,0.15,mineral_wool,0.05,west,1.8,1.5,0.75,5.8,32.481,35.918,0.369,23.909
Mumbai,19.076,72.8777,warm_humid,3.0,3.0,2.6,180.0,brick,0.23,brick,0.115,none,0.0,west,1.2,0.6,0.35,2.6,36.444,42.445,0.119,23.912
Mumbai,19.076,72.8777,warm_humid,3.0,3.0,2.6,0.0,puf_sandwich_panel,0.05,brick,0.115,eps,0.05,south,1.5,0.6,0.75,5.8,33.046,37.872,0.3512,23.952
Mumbai,19.076,72.8777,warm_humid,3.0,3.0,2.6,180.0,gi_sheet,0.002,gi_sheet,0.002,eps,0.025,north,0.9,1.2,0.85,3.5,35.387,45.771,0.369,19.42
Mumbai,19.076,72.8777,warm_humid,3.0,3.0,2.6,45.0,puf_sandwich_panel,0.1,brick,0.115,mineral_wool,0.1,west,1.8,0.6,0.75,3.5,32.39,36.384,0.4048,23.948
Mumbai,19.076,72.8777,warm_humid,3.0,3.0,2.6,0.0,concrete,0.15,gi_sheet,0.002,mineral_wool,0.05,east,1.5,0.9,0.85,2.6,33.963,38.253,0.2202,23.917
Mumbai,19.076,72.8777,warm_humid,3.0,3.0,2.6,45.0,rammed_earth,0.45,brick,0.115,mineral_wool,0.05,west,1.2,0.6,0.45,2.6,31.095,33.971,0.5119,23.908
Mumbai,19.076,72.8777,warm_humid,3.0,3.0,2.6,90.0,puf_sandwich_panel,0.05,brick,0.115,eps,0.025,north,1.8,1.2,0.65,5.8,34.738,41.289,0.2619,22.516
Mumbai,19.076,72.8777,warm_humid,3.0,3.0,2.6,180.0,gi_sheet,0.002,puf_sandwich_panel,0.05,eps,0.1,south,0.9,1.5,0.45,2.6,32.87,38.983,0.4286,21.414
Mumbai,19.076,72.8777,warm_humid,3.0,3.0,2.6,135.0,brick,0.23,rcc_slab,0.25,eps,0.025,west,0.9,1.2,0.35,3.5,33.161,36.963,0.2976,23.911
Mumbai,19.076,72.8777,warm_humid,3.0,3.0,2.6,135.0,rammed_earth,0.3,brick,0.115,eps,0.1,west,0.6,0.9,0.75,3.5,30.981,33.577,0.5119,23.911
Mumbai,19.076,72.8777,warm_humid,3.0,3.0,2.6,135.0,rammed_earth,0.15,brick,0.115,mineral_wool,0.1,west,1.5,0.9,0.45,3.5,32.108,35.421,0.381,23.918
Mumbai,19.076,72.8777,warm_humid,3.0,3.0,2.6,180.0,plywood,0.012,gi_sheet,0.002,mineral_wool,0.05,south,0.6,0.9,0.35,3.5,33.428,40.406,0.4107,21.089
Mumbai,19.076,72.8777,warm_humid,3.0,3.0,2.6,0.0,plywood,0.019,concrete,0.2,mineral_wool,0.1,east,0.9,0.9,0.75,2.6,32.844,36.795,0.2976,23.932
Mumbai,19.076,72.8777,warm_humid,3.0,3.0,2.6,135.0,concrete,0.1,rcc_slab,0.25,mineral_wool,0.025,south,0.6,1.2,0.35,5.8,34.005,38.516,0.2321,23.915
Mumbai,19.076,72.8777,warm_humid,3.0,3.0,2.6,45.0,concrete,0.2,gi_sheet,0.002,mineral_wool,0.025,east,0.9,1.5,0.65,3.5,34.341,38.89,0.2143,23.914
Mumbai,19.076,72.8777,warm_humid,3.0,3.0,2.6,90.0,brick,0.115,gi_sheet,0.002,eps,0.05,east,1.5,1.2,0.35,3.5,33.471,38.01,0.2321,23.925
Mumbai,19.076,72.8777,warm_humid,3.0,3.0,2.6,180.0,concrete,0.3,puf_sandwich_panel,0.1,mineral_wool,0.025,south,0.9,0.9,0.35,2.6,32.033,35.344,0.3929,23.909
Mumbai,19.076,72.8777,warm_humid,3.0,3.0,2.6,180.0,concrete,0.2,rcc_slab,0.15,eps,0.1,south,1.2,1.5,0.65,5.8,32.129,35.467,0.375,23.912
Mumbai,19.076,72.8777,warm_humid,3.0,3.0,2.6,90.0,puf_sandwich_panel,0.1,gi_sheet,0.002,eps,0.05,east,1.8,1.5,0.75,5.8,34.806,43.798,0.369,21.99
Mumbai,19.076,72.8777,warm_humid,3.0,3.0,2.6,45.0,puf_sandwich_panel,0.1,puf_sandwich_panel,0.05,mineral_wool,0.05,west,0.6,0.6,0.45,2.6,31.283,35.182,0.5833,23.423
Mumbai,19.076,72.8777,warm_humid,3.0,3.0,2.6,0.0,plywood,0.019,concrete,0.1,eps,0.1,south,1.8,0.9,0.45,3.5,33.205,38.315,0.3274,23.384
Mumbai,19.076,72.8777,warm_humid,3.0,3.0,2.6,90.0,concrete,0.3,gi_sheet,0.002,mineral_wool,0.05,south,1.2,1.2,0.45,3.5,32.37,35.734,0.369,23.91
Mumbai,19.076,72.8777,warm_humid,3.0,3.0,2.6,0.0,puf_sandwich_panel,0.05,gi_sheet,0.002,eps,0.05,west,1.8,0.6,0.55,2.6,33.141,39.804,0.4226,22.224
Mumbai,19.076,72.8777,warm_humid,3.0,3.0,2.6,90.0,gi_sheet,0.002,concrete,0.1,eps,0.1,west,1.8,1.2,0.65,2.6,33.447,39.322,0.3214,22.103
Mumbai,19.076,72.8777,warm_humid,3.0,3.0,2.6,180.0,rammed_earth,0.45,rcc_slab,0.25,eps,0.1,west,0.6,0.6,0.35,3.5,29.8,32.249,0.8988,23.907
Mumbai,19.076,72.8777,warm_humid,3.0,3.0,2.6,90.0,puf_sandwich_panel,0.075,rcc_slab,0.25,mineral_wool,0.05,south,1.2,1.2,0.85,2.6,33.695,37.887,0.2024,23.929
Mumbai,19.076,72.8777,warm_humid,3.0,3.0,2.6,45.0,plywood,0.019,concrete,0.15,eps,0.1,west,1.5,1.2,0.65,2.6,33.546,38.549,0.2679,23.209
Mumbai,19.076,72.8777,warm_humid,3.0,3.0,2.6,0.0,gi_sheet,0.002,brick,0.23,eps,0.1,west,1.8,0.9,0.55,2.6,33.743,38.604,0.2321,23.693
Mumbai,19.076,72.8777,warm_humid,3.0,3.0,2.6,0.0,gi_sheet,0.002,gi_sheet,0.002,eps,0.025,south,1.8,0.6,0.45,3.5,35.022,45.115,0.369,19.364
Mumbai,19.076,72.8777,warm_humid,3.0,3.0,2.6,135.0,puf_sandwich_panel,0.075,concrete,0.2,eps,0.025,south,1.5,0.9,0.65,5.8,33.618,38.211,0.2321,23.875
Mumbai,19.076,72.8777,warm_humid,3.0,3.0,2.6,0.0,plywood,0.019,rcc_slab,0.1,mineral_wool,0.05,east,0.9,0.9,0.65,3.5,33.815,39.503,0.2857,22.597
Mumbai,19.076,72.8777,warm_humid,3.0,3.0,2.6,180.0,brick,0.115,brick,0.23,mineral_wool,0.1,south,0.6,0.9,0.35,3.5,31.719,34.757,0.4107,23.917
Mumbai,19.076,72.8777,warm_humid,3.0,3.0,2.6,180.0,concrete,0.2,rcc_slab,0.2,eps,0.1,east,1.2,1.2,0.65,5.8,32.402,35.658,0.3631,23.911
Mumbai,19.076,72.8777,warm_humid,3.0,3.0,2.6,0.0,puf_sandwich_panel,0.05,gi_sheet,0.002,eps,0.05,west,1.5,0.9,0.75,3.5,33.89,41.653,0.381,22.131
Mumbai,19.076,72.8777,warm_humid,3.0,3.0,2.6,0.0,rammed_earth,0.45,rcc_slab,0.15,mineral_wool,0.025,west,0.6,0.6,0.35,5.8,31.764,34.924,0.4464,23.907
Mumbai,19.076,72.8777,warm_humid,3.0,3.0,2.6,180.0,plywood,0.012,puf_sandwich_panel,0.075,eps,0.05,west,1.5,0.6,0.45,5.8,33.249,39.991,0.4286,21.161
Mumbai,19.076,72.8777,warm_humid,3.0,3.0,2.6,90.0,brick,0.23,rcc_slab,0.2,mineral_wool,0.05,south,0.9,1.2,0.75,5.8,32.834,36.345,0.3214,23.911
Mumbai,19.076,72.8777,warm_humid,3.0,3.0,2.6,180.0,plywood,0.05,brick,0.23,mineral_wool,0.05,south,1.8,1.2,0.75,3.5,33.865,39.051,0.2262,23.419
Mumbai,19.076,72.8777,warm_humid,3.0,3.0,2.6,135.0,plywood,0.03,brick,0.23,eps,0.05,west,0.6,0.6,0.75,2.6,33.004,37.278,0.2917,23.688
Mumbai,19.076,72.8777,warm_humid,3.0,3.0,2.6,135.0,puf_sandwich_panel,0.15,gi_sheet,0.002,eps,0.1,north,0.6,1.5,0.85,2.6,32.445,37.262,0.4464,23.503
Mumbai,19.076,72.8777,warm_humid,3.0,3.0,2.6,45.0,plywood,0.03,puf_sandwich_panel,0.15,eps,0.05,north,1.5,1.2,0.35,2.6,33.031,39.342,0.4107,21.273
Mumbai,19.076,72.8777,warm_humid,3.0,3.0,2.6,0.0,gi_sheet,0.002,puf_sandwich_panel,0.15,mineral_wool,0.025,north,1.5,1.2,0.45,3.5,34.156,42.97,0.3988,19.617
Mumbai,19.076,72.8777,warm_humid,3.0,3.0,2.6,0.0,plywood,0.03,rcc_slab,0.1,mineral_wool,0.1,north,1.8,1.5,0.85,5.8,34.105,40.342,0.256,22.73
Mumbai,19.076,72.8777,warm_humid,3.0,3.0,2.6,135.0,gi_sheet,0.002,gi_sheet,0.002,eps,0.05,west,0.6,1.2,0.55,5.8,33.73,41.019,0.3929,20.693
Mumbai,19.076,72.8777,warm_humid,3.0,3.0,2.6,180.0,plywood,0.05,concrete,0.1,eps,0.1,north,1.8,1.2,0.65,5.8,33.814,39.202,0.2738,23.943
Mumbai,19.076,72.8777,warm_humid,3.0,3.0,2.6,135.0,concrete,0.1,brick,0.115,none,0.0,south,0.6,1.2,0.75,3.5,37.758,47.485,0.1548,19.752
Mumbai,19.076,72.8777,warm_humid,3.0,3.0,2.6,45.0,plywood,0.012,gi_sheet,0.002,eps,0.05,west,1.2,0.6,0.75,5.8,33.928,41.852,0.3988,20.946
Mumbai,19.076,72.8777,warm_humid,3.0,3.0,2.6,45.0,rammed_earth,0.3,rcc_slab,0.25,mineral_wool,0.025,east,0.6,1.2,0.65,3.5,32.769,36.295,0.3571,23.909
Mumbai,19.076,72.8777,warm_humid,3.0,3.0,2.6,0.0,puf_sandwich_panel,0.15,gi_sheet,0.002,mineral_wool,0.025,west,1.8,1.2,0.75,2.6,35.296,45.014,0.3512,21.79
Mumbai,19.076,72.8777,warm_humid,3.0,3.0,2.6,180.0,rammed_earth,0.3,brick,0.23,mineral_wool,0.025,south,1.5,1.2,0.85,2.6,33.303,37.264,0.3036,23.91
Mumbai,19.076,72.8777,warm_humid,3.0,3.0,2.6,0.0,puf_sandwich_panel,0.075,puf_sandwich_panel,0.05,mineral_wool,0.05,north,1.5,1.2,0.35,5.8,31.996,37.138,0.5179,22.221
Mumbai,19.076,72.8777,warm_humid,3.0,3.0,2.6,90.0,plywood,0.019,rcc_slab,0.25,eps,0.1,north,1.5,1.2,0.45,3.5,32.883,36.931,0.3036,23.928
Mumbai,19.076,72.8777,warm_humid,3.0,3.0,2.6,135.0,plywood,0.019,concrete,0.15,none,0.0,north,1.5,0.9,0.85,5.8,38.075,51.03,0.2679,18.039
Mumbai,19.076,72.8777,warm_humid,3.0,3.0,2.6,135.0,rammed_earth,0.15,concrete,0.2,mineral_wool,0.05,east,1.2,1.2,0.65,3.5,33.464,37.405,0.2679,23.915
Mumbai,19.076,72.8777,warm_humid,3.0,3.0,2.6,0.0,plywood,0.03,concrete,0.1,mineral_wool,0.05,west,1.8,0.9,0.55,2.6,34.288,40.575,0.2738,22.701
Mumbai,19.076,72.8777,warm_humid,3.0,3.0,2.6,90.0,puf_sandwich_panel,0.15,gi_sheet,0.002,none,0.0,north,0.9,1.2,0.85,3.5,37.964,53.346,0.3452,19.044
Mumbai,19.076,72.8777,warm_humid,3.0,3.0,2.6,135.0,concrete,0.1,brick,0.23,eps,0.05,north,1.8,0.9,0.85,2.6,34.229,38.656,0.2024,23.917
Mumbai,19.076,72.8777,warm_humid,3.0,3.0,2.6,90.0,rammed_earth,0.3,gi_sheet,0.002,eps,0.05,north,1.5,0.9,0.35,5.8,32.126,35.395,0.369,23.912
Mumbai,19.076,72.8777,warm_humid,3.0,3.0,2.6,135.0,gi_sheet,0.002,brick,0.115,mineral_wool,0.025,north,1.5,1.5,0.65,2.6,35.763,44.34,0.2619,20.449
Mumbai,19.076,72.8777,warm_humid,3.0,3.0,2.6,0.0,concrete,0.2,brick,0.23,mineral_wool,0.025,east,1.5,1.2,0.65,5.8,34.218,38.575,0.244,23.911
Mumbai,19.076,72.8777,warm_humid,3.0,3.0,2.6,45.0,concrete,0.2,puf_sandwich_panel,0.15,eps,0.025,west,0.9,1.5,0.45,2.6,33.094,37.05,0.2917,23.914
Mumbai,19.076,72.8777,warm_humid,3.0,3.0,2.6,0.0,brick,0.115,puf_sandwich_panel,0.075,mineral_wool,0.025,south,1.2,0.6,0.75,3.5,33.79,38.531,0.2143,23.924
Mumbai,19.076,72.8777,warm_humid,3.0,3.0,2.6,135.0,brick,0.115,gi_sheet,0.002,mineral_wool,0.025,west,0.6,1.5,0.75,2.6,34.639,40.006,0.1726,23.331
Mumbai,19.076,72.8777,warm_humid,3.0,3.0,2.6,90.0,plywood,0.012,rcc_slab,0.15,eps,0.05,west,1.2,1.2,0.85,5.8,33.974,39.898,0.2679,22.501
Mumbai,19.076,72.8777,warm_humid,3.0,3.0,2.6,45.0,concrete,0.2,concrete,0.15,eps,0.025,west,1.5,0.9,0.55,5.8,33.978,38.28,0.25,23.912
Mumbai,19.076,72.8777,warm_humid,3.0,3.0,2.6,135.0,rammed_earth,0.3,gi_sheet,0.002,mineral_wool,0.05,south,0.6,0.6,0.55,5.8,31.735,34.757,0.4167,23.911
Mumbai,19.076,72.8777,warm_humid,3.0,3.0,2.6,90.0,rammed_earth,0.3,rcc_slab,0.2,eps,0.1,north,0.9,0.6,0.35,2.6,30.582,33.036,0.5774,23.91
Mumbai,19.076,72.8777,warm_humid,3.0,3.0,2.6,45.0,concrete,0.3,brick,0.115,mineral_wool,0.025,south,0.6,1.2,0.85,2.6,33.406,37.246,0.2976,23.909
Mumbai,19.076,72.8777,warm_humid,3.0,3.0,2.6,180.0,plywood,0.019,rcc_slab,0.15,eps,0.1,south,0.6,1.5,0.55,3.5,32.493,36.622,0.369,23.614
Mumbai,19.076,72.8777,warm_humid,3.0,3.0,2.6,180.0,plywood,0.019,rcc_slab,0.1,eps,0.025,west,1.8,0.9,0.75,2.6,35.495,43.448,0.25,21.123
Mumbai,19.076,72.8777,warm_humid,3.0,3.0,2.6,135.0,brick,0.23,concrete,0.15,eps,0.05,west,0.9,0.9,0.55,2.6,32.316,35.634,0.3631,23.912
Mumbai,19.076,72.8777,warm_humid,3.0,3.0,2.6,135.0,rammed_earth,0.3,puf_sandwich_panel,0.075,eps,0.05,south,0.6,1.5,0.65,2.6,31.676,34.689,0.4286,23.912
Mumbai,19.076,72.8777,warm_humid,3.0,3.0,2.6,180.0,concrete,0.3,concrete,0.15,eps,0.025,west,1.2,0.9,0.55,2.6,33.189,36.967,0.3155,23.908
Mumbai,19.076,72.8777,warm_humid,3.0,3.0,2.6,180.0,gi_sheet,0.002,rcc_slab,0.2,mineral_wool,0.025,south,1.5,0.6,0.75,2.6,34.698,41.098,0.2202,21.849
Mumbai,19.076,72.8777,warm_humid,3.0,3.0,2.6,0.0,rammed_earth,0.3,concrete,0.1,none,0.0,east,1.5,0.9,0.85,2.6,36.944,42.97,0.1131,23.911
Mumbai,19.076,72.8777,warm_humid,3.0,3.0,2.6,45.0,gi_sheet,0.002,gi_sheet,0.002,none,0.0,south,1.2,0.6,0.75,2.6,38.112,55.527,0.4107,15.57
Mumbai,19.076,72.8777,warm_humid,3.0,3.0,2.6,0.0,gi_sheet,0.002,concrete,0.15,eps,0.1,north,0.9,1.2,0.55,2.6,32.97,37.602,0.3214,23.157
Mumbai,19.076,72.8777,warm_humid,3.0,3.0,2.6,0.0,rammed_earth,0.45,gi_sheet,0.002,eps,0.05,west,1.2,0.9,0.45,2.6,31.488,34.455,0.5,23.908
Mumbai,19.076,72.8777,warm_humid,3.0,3.0,2.6,135.0,concrete,0.15,brick,0.23,eps,0.025,north,0.9,1.2,0.45,3.5,33.915,38.239,0.256,23.913
Mumbai,19.076,72.8777,warm_humid,3.0,3.0,2.6,90.0,gi_sheet,0.002,concrete,0.15,eps,0.025,east,1.8,0.6,0.85,3.5,35.117,42.46,0.244,21.599
Mumbai,19.076,72.8777,warm_humid,3.0,3.0,2.6,90.0,concrete,0.3,concrete,0.1,eps,0.1,east,0.6,0.9,0.55,3.5,30.769,33.4,0.5179,23.909
Mumbai,19.076,72.8777,warm_humid,3.0,3.0,2.6,180.0,gi_sheet,0.002,rcc_slab,0.1,eps,0.05,east,0.6,0.6,0.35,2.6,33.535,39.135,0.3214,22.142
Mumbai,19.076,72.8777,warm_humid,3.0,3.0,2.6,0.0,plywood,0.03,rcc_slab,0.2,eps,0.05,east,0.9,0.9,0.85,5.8,33.674,38.355,0.2262,23.88
Mumbai,19.076,72.8777,warm_humid,3.0,3.0,2.6,45.0,rammed_earth,0.3,rcc_slab,0.15,eps,0.05,north,0.6,0.9,0.35,3.5,31.583,34.521,0.4583,23.91
Mumbai,19.076,72.8777,warm_humid,3.0,3.0,2.6,0.0,rammed_earth,0.45,puf_sandwich_panel,0.15,eps,0.05,south,1.2,1.5,0.65,5.8,31.611,34.615,0.4762,23.908
Mumbai,19.076,72.8777,warm_humid,3.0,3.0,2.6,135.0,puf_sandwich_panel,0.075,rcc_slab,0.25,eps,0.025,north,0.6,0.9,0.65,5.8,32.836,36.568,0.2798,23.929
Mumbai,19.076,72.8777,warm_humid,3.0,3.0,2.6,45.0,plywood,0.05,puf_sandwich_panel,0.1,eps,0.025,east,0.6,0.6,0.85,5.8,33.209,39.324,0.3929,21.718
Mumbai,19.076,72.8777,warm_humid,3.0,3.0,2.6,180.0,rammed_earth,0.15,gi_sheet,0.002,mineral_wool,0.05,west,1.8,0.6,0.85,3.5,33.566,37.738,0.2262,23.921
Mumbai,19.076,72.8777,warm_humid,3.0,3.0,2.6,180.0,brick,0.345,concrete,0.15,eps,0.025,north,1.2,1.5,0.65,5.8,33.462,37.342,0.2917,23.909
Mumbai,19.076,72.8777,warm_humid,3.0,3.0,2.6,45.0,brick,0.345,concrete,0.15,eps,0.1,west,0.9,0.6,0.55,3.5,30.608,33.174,0.5714,23.909
Mumbai,19.076,72.8777,warm_humid,3.0,3.0,2.6,45.0,brick,0.115,brick,0.23,mineral_wool,0.05,south,1.5,1.5,0.85,2.6,35.098,39.922,0.1429,23.917
Mumbai,19.076,72.8777,warm_humid,3.0,3.0,2.6,45.0,gi_sheet,0.002,gi_sheet,0.002,mineral_wool,0.05,south,0.9,1.2,0.85,3.5,34.674,43.601,0.3631,20.76
Mumbai,19.076,72.8777,warm_humid,3.0,3.0,2.6,180.0,concrete,0.3,rcc_slab,0.25,mineral_wool,0.025,west,1.8,0.6,0.35,5.8,32.77,36.354,0.3631,23.908
Mumbai,19.076,72.8777,warm_humid,3.0,3.0,2.6,0.0,concrete,0.3,concrete,0.15,mineral_wool,0.025,east,1.5,0.9,0.55,2.6,33.356,37.214,0.3036,23.908
Mumbai,19.076,72.8777,warm_humid,3.0,3.0,2.6,135.0,rammed_earth,0.45,brick,0.115,eps,0.1,west,1.5,1.5,0.55,5.8,31.334,34.277,0.5,23.908
Mumbai,19.076,72.8777,warm_humid,3.0,3.0,2.6,45.0,plywood,0.012,rcc_slab,0.2,mineral_wool,0.1,south,0.9,0.6,0.75,5.8,32.686,36.616,0.3214,23.932
Mumbai,19.076,72.8777,warm_humid,3.0,3.0,2.6,90.0,gi_sheet,0.002,brick,0.115,mineral_wool,0.1,east,0.6,0.6,0.75,5.8,32.578,37.113,0.3929,23.206
Mumbai,19.076,72.8777,warm_humid,3.0,3.0,2.6,180.0,gi_sheet,0.002,concrete,0.2,mineral_wool,0.025,east,1.8,0.9,0.35,2.6,34.821,41.306,0.2143,21.737
Mumbai,19.076,72.8777,warm_humid,3.0,3.0,2.6,90.0,gi_sheet,0.002,concrete,0.15,eps,0.025,west,1.8,0.6,0.55,5.8,34.616,41.571,0.256,21.165
Mumbai,19.076,72.8777,warm_humid,3.0,3.0,2.6,0.0,gi_sheet,0.002,brick,0.115,eps,0.05,north,0.6,1.5,0.35,5.8,33.7,39.698,0.3214,21.919
Mumbai,19.076,72.8777,warm_humid,3.0,3.0,2.6,135.0,rammed_earth,0.45,rcc_slab,0.15,eps,0.1,west,0.6,0.6,0.45,3.5,29.933,32.385,0.8393,23.907
Mumbai,19.076,72.8777,warm_humid,3.0,3.0,2.6,0.0,puf_sandwich_panel,0.1,brick,0.23,eps,0.025,west,1.2,0.9,0.55,5.8,33.215,37.37,0.2738,23.935
Mumbai,19.076,72.8777,warm_humid,3.0,3.0,2.6,180.0,puf_sandwich_panel,0.05,concrete,0.2,mineral_wool,0.025,north,1.2,1.2,0.45,5.8,33.495,38.143,0.256,23.934
Mumbai,19.076,72.8777,warm_humid,3.0,3.0,2.6,0.0,rammed_earth,0.45,brick,0.23,mineral_wool,0.1,east,0.6,0.9,0.35,3.5,29.99,32.487,0.8036,23.907
Mumbai,19.076,72.8777,warm_humid,3.0,3.0,2.6,135.0,concrete,0.2,brick,0.115,mineral_wool,0.025,north,1.5,0.6,0.45,2.6,33.793,37.985,0.256,23.912
Mumbai,19.076,72.8777,warm_humid,3.0,3.0,2.6,135.0,concrete,0.1,concrete,0.2,eps,0.05,east,1.8,0.9,0.45,5.8,33.596,37.772,0.244,23.917
Mumbai,19.076,72.8777,warm_humid,3.0,3.0,2.6,90.0,gi_sheet,0.002,concrete,0.15,eps,0.05,east,0.6,0.9,0.65,5.8,33.497,38.788,0.2976,22.756
Mumbai,19.076,72.8777,warm_humid,3.0,3.0,2.6,90.0,puf_sandwich_panel,0.05,puf_sandwich_panel,0.05,none,0.0,west,1.8,0.6,0.55,5.8,32.609,38.754,0.4643,21.742
Mumbai,19.076,72.8777,warm_humid,3.0,3.0,2.6,135.0,rammed_earth,0.3,concrete,0.1,eps,0.1,south,1.5,0.6,0.85,2.6,31.486,34.319,0.4643,23.911
Mumbai,19.076,72.8777,warm_humid,3.0,3.0,2.6,180.0,gi_sheet,0.002,concrete,0.2,mineral_wool,0.05,east,0.6,0.9,0.55,3.5,33.567,38.407,0.25,23.178
Mumbai,19.076,72.8777,warm_humid,3.0,3.0,2.6,0.0,gi_sheet,0.002,gi_sheet,0.002,eps,0.025,south,1.5,1.2,0.75,3.5,35.782,47.048,0.3631,19.254
Mumbai,19.076,72.8777,warm_humid,3.0,3.0,2.6,135.0,concrete,0.15,concrete,0.1,mineral_wool,0.025,west,0.6,0.6,0.75,5.8,33.997,38.426,0.2381,23.915
Mumbai,19.076,72.8777,warm_humid,3.0,3.0,2.6,180.0,plywood,0.03,puf_sandwich_panel,0.075,mineral_wool,0.05,north,0.6,1.5,0.85,2.6,33.458,40.114,0.3929,21.962
Mumbai,19.076,72.8777,warm_humid,3.0,3.0,2.6,135.0,plywood,0.019,concrete,0.15,none,0.0,north,0.6,1.2,0.45,3.5,37.647,50.181,0.2679,18.039
Mumbai,19.076,72.8777,warm_humid,3.0,3.0,2.6,45.0,puf_sandwich_panel,0.1,rcc_slab,0.2,mineral_wool,0.025,west,0.9,0.9,0.85,5.8,33.286,37.488,0.25,23.934
Mumbai,19.076,72.8777,warm_humid,3.0,3.0,2.6,0.0,plywood,0.03,rcc_slab,0.15,none,0.0,south,0.6,1.2,0.45,5.8,37.4,48.945,0.25,18.873
Mumbai,19.076,72.8777,warm_humid,3.0,3.0,2.6,180.0,puf_sandwich_panel,0.05,brick,0.115,mineral_wool,0.05,north,1.5,1.2,0.45,2.6,33.229,38.385,0.3393,23.512
Mumbai,19.076,72.8777,warm_humid,3.0,3.0,2.6,135.0,plywood,0.05,rcc_slab,0.15,none,0.0,north,0.9,1.5,0.35,3.5,37.266,47.544,0.2202,19.789
Mumbai,19.076,72.8777,warm_humid,3.0,3.0,2.6,90.0,brick,0.23,concrete,0.1,mineral_wool,0.025,north,0.9,1.2,0.55,3.5,33.74,37.859,0.256,23.912
Mumbai,19.076,72.8777,warm_humid,3.0,3.0,2.6,0.0,concrete,0.15,concrete,0.15,mineral_wool,0.1,south,1.2,0.6,0.45,3.5,31.893,34.985,0.3929,23.914
Mumbai,19.076,72.8777,warm_humid,3.0,3.0,2.6,90.0,concrete,0.1,gi_sheet,0.002,eps,0.05,east,1.8,0.9,0.65,3.5,33.99,38.847,0.2024,23.924
Mumbai,19.076,72.8777,warm_humid,3.0,3.0,2.6,0.0,puf_sandwich_panel,0.05,rcc_slab,0.2,none,0.0,east,0.6,0.9,0.65,5.8,36.193,43.297,0.1488,22.606
Mumbai,19.076,72.8777,warm_humid,3.0,3.0,2.6,45.0,puf_sandwich_panel,0.1,puf_sandwich_panel,0.15,mineral_wool,0.05,east,1.5,1.2,0.45,5.8,32.368,37.438,0.4583,22.704
Mumbai,19.076,72.8777,warm_humid,3.0,3.0,2.6,90.0,gi_sheet,0.002,brick,0.115,eps,0.025,north,0.9,1.2,0.75,2.6,35.125,43.062,0.2738,20.639
Mumbai,19.076,72.8777,warm_humid,3.0,3.0,2.6,135.0,puf_sandwich_panel,0.075,rcc_slab,0.15,none,0.0,west,1.5,0.9,0.45,5.8,36.634,45.126,0.1905,21.669
Mumbai,19.076,72.8777,warm_humid,3.0,3.0,2.6,180.0,brick,0.115,brick,0.115,none,0.0,west,0.6,0.9,0.35,5.8,37.365,45.914,0.131,21.183
Mumbai,19.076,72.8777,warm_humid,3.0,3.0,2.6,135.0,rammed_earth,0.45,rcc_slab,0.2,none,0.0,north,0.9,0.6,0.45,3.5,34.809,39.351,0.2202,23.907
Mumbai,19.076,72.8777,warm_humid,3.0,3.0,2.6,0.0,rammed_earth,0.3,rcc_slab,0.2,eps,0.025,north,1.2,0.6,0.45,2.6,32.607,36.127,0.3631,23.91
Mumbai,19.076,72.8777,warm_humid,3.0,3.0,2.6,135.0,plywood,0.012,puf_sandwich_panel,0.075,mineral_wool,0.1,south,0.6,0.9,0.35,5.8,32.21,37.307,0.4762,22.235
Mumbai,19.076,72.8777,warm_humid,3.0,3.0,2.6,0.0,puf_sandwich_panel,0.075,concrete,0.2,mineral_wool,0.1,west,1.2,1.5,0.55,3.5,32.892,36.79,0.3036,23.933
Mumbai,19.076,72.8777,warm_humid,3.0,3.0,2.6,135.0,rammed_earth,0.45,gi_sheet,0.002,mineral_wool,0.1,north,1.8,1.2,0.75,5.8,32.117,35.257,0.375,23.908
Mumbai,19.076,72.8777,warm_humid,3.0,3.0,2.6,0.0,concrete,0.2,puf_sandwich_panel,0.1,mineral_wool,0.025,west,1.2,1.5,0.55,3.5,33.747,37.991,0.2619,23.914
Mumbai,19.076,72.8777,warm_humid,3.0,3.0,2.6,0.0,plywood,0.03,concrete,0.2,eps,0.025,north,1.8,0.6,0.55,2.6,34.298,40.011,0.2262,22.695
Mumbai,19.076,72.8777,warm_humid,3.0,3.0,2.6,180.0,brick,0.115,brick,0.115,mineral_wool,0.05,east,0.9,0.6,0.75,2.6,33.374,37.381,0.25,23.92
Mumbai,19.076,72.8777,warm_humid,3.0,3.0,2.6,45.0,gi_sheet,0.002,rcc_slab,0.2,eps,0.025,east,0.9,0.6,0.65,3.5,34.663,40.868,0.2143,21.95
Mumbai,19.076,72.8777,warm_humid,3.0,3.0,2.6,135.0,plywood,0.05,gi_sheet,0.002,eps,0.05,east,0.6,0.6,0.55,5.8,33.121,38.974,0.3988,22.197
Mumbai,19.076,72.8777,warm_humid,3.0,3.0,2.6,90.0,gi_sheet,0.002,rcc_slab,0.2,mineral_wool,0.05,west,1.2,0.6,0.65,5.8,33.345,38.261,0.2679,22.851
Mumbai,19.076,72.8777,warm_humid,3.0,3.0,2.6,45.0,rammed_earth,0.45,rcc_slab,0.25,mineral_wool,0.025,north,1.8,0.6,0.75,3.5,32.117,35.49,0.3869,23.907
Mumbai,19.076,72.8777,warm_humid,3.0,3.0,2.6,90.0,gi_sheet,0.002,puf_sandwich_panel,0.05,mineral_wool,0.025,south,1.2,1.2,0.65,2.6,34.716,44.474,0.381,19.632
Mumbai,19.076,72.8777,warm_humid,3.0,3.0,2.6,135.0,rammed_earth,0.45,puf_sandwich_panel,0.15,mineral_wool,0.025,east,1.5,1.5,0.85,3.5,33.157,36.81,0.3155,23.909
Mumbai,19.076,72.8777,warm_humid,3.0,3.0,2.6,180.0,concrete,0.15,gi_sheet,0.002,eps,0.05,north,0.9,0.9,0.55,5.8,33.094,36.993,0.2857,23.917
Mumbai,19.076,72.8777,warm_humid,3.0,3.0,2.6,90.0,gi_sheet,0.002,gi_sheet,0.002,mineral_wool,0.05,west,1.8,0.9,0.55,5.8,33.893,41.804,0.3869,20.381
Mumbai,19.076,72.8777,warm_humid,3.0,3.0,2.6,90.0,brick,0.345,concrete,0.2,eps,0.05,east,0.9,1.2,0.45,5.8,31.639,34.654,0.4643,23.908
Mumbai,19.076,72.8777,warm_humid,3.0,3.0,2.6,135.0,concrete,0.2,brick,0.115,eps,0.1,west,1.5,1.5,0.85,3.5,33.134,36.903,0.2976,23.912
Mumbai,19.076,72.8777,warm_humid,3.0,3.0,2.6,180.0,brick,0.115,concrete,0.15,eps,0.05,south,0.6,0.6,0.45,2.6,32.805,36.52,0.2976,23.918
Mumbai,19.076,72.8777,warm_humid,3.0,3.0,2.6,180.0,concrete,0.3,concrete,0.15,mineral_wool,0.05,east,1.5,1.5,0.55,3.5,33.03,36.639,0.3274,23.909
Mumbai,19.076,72.8777,warm_humid,3.0,3.0,2.6,135.0,plywood,0.012,rcc_slab,0.25,mineral_wool,0.05,west,0.9,0.9,0.65,5.8,33.408,37.95,0.2321,23.505
Mumbai,19.076,72.8777,warm_humid,3.0,3.0,2.6,90.0,concrete,0.2,rcc_slab,0.15,eps,0.05,east,1.5,1.5,0.45,3.5,33.115,36.974,0.3036,23.912
Mumbai,19.076,72.8777,warm_humid,3.0,3.0,2.6,135.0,puf_sandwich_panel,0.075,brick,0.115,mineral_wool,0.025,east,1.2,1.5,0.55,5.8,34.339,40.637,0.2798,23.343
Mumbai,19.076,72.8777,warm_humid,3.0,3.0,2.6,90.0,gi_sheet,0.002,rcc_slab,0.25,none,0.0,north,0.9,0.6,0.55,3.5,37.324,49.728,0.2798,17.131
Mumbai,19.076,72.8777,warm_humid,3.0,3.0,2.6,180.0,plywood,0.019,puf_sandwich_panel,0.075,none,0.0,south,1.2,0.9,0.85,2.6,35.841,48.34,0.3988,17.634
Mumbai,19.076,72.8777,warm_humid,3.0,3.0,2.6,45.0,plywood,0.05,gi_sheet,0.002,eps,0.025,north,1.5,0.9,0.85,3.5,34.969,43.507,0.3274,20.635
Mumbai,19.076,72.8777,warm_humid,3.0,3.0,2.6,0.0,puf_sandwich_panel,0.075,puf_sandwich_panel,0.15,none,0.0,east,0.9,0.6,0.65,3.5,31.795,36.291,0.5179,22.92
Mumbai,19.076,72.8777,warm_humid,3.0,3.0,2.6,90.0,rammed_earth,0.45,gi_sheet,0.002,mineral_wool,0.025,west,1.5,0.6,0.45,3.5,32.065,35.306,0.3869,23.908
Mumbai,19.076,72.8777,warm_humid,3.0,3.0,2.6,45.0,concrete,0.3,puf_sandwich_panel,0.05,mineral_wool,0.025,west,1.8,0.9,0.85,5.8,33.292,37.17,0.2976,23.91
Mumbai,19.076,72.8777,warm_humid,3.0,3.0,2.6,135.0,gi_sheet,0.002,gi_sheet,0.002,mineral_wool,0.025,north,1.5,1.2,0.55,3.5,35.379,45.496,0.3571,19.22
Mumbai,19.076,72.8777,warm_humid,3.0,3.0,2.6,135.0,brick,0.115,concrete,0.15,none,0.0,north,0.9,1.2,0.35,5.8,37.669,46.199,0.131,21.186
Mumbai,19.076,72.8777,warm_humid,3.0,3.0,2.6,0.0,concrete,0.15,brick,0.23,mineral_wool,0.05,east,1.8,0.6,0.45,3.5,32.92,36.59,0.3036,23.913
Mumbai,19.076,72.8777,warm_humid,3.0,3.0,2.6,135.0,gi_sheet,0.002,concrete,0.15,none,0.0,north,0.6,0.6,0.45,3.5,37.701,51.986,0.3333,16.346
Mumbai,19.076,72.8777,warm_humid,3.0,3.0,2.6,180.0,gi_sheet,0.002,brick,0.115,mineral_wool,0.025,west,0.9,1.5,0.85,3.5,35.558,43.78,0.256,20.654
Mumbai,19.076,72.8777,warm_humid,3.0,3.0,2.6,135.0,rammed_earth,0.3,rcc_slab,0.1,mineral_wool,0.025,east,1.5,1.5,0.75,5.8,34.596,39.005,0.2083,23.911
Mumbai,19.076,72.8777,warm_humid,3.0,3.0,2.6,0.0,puf_sandwich_panel,0.1,gi_sheet,0.002,eps,0.025,south,1.8,1.5,0.55,3.5,34.666,43.772,0.375,21.29
Mumbai,19.076,72.8777,warm_humid,3.0,3.0,2.6,135.0,gi_sheet,0.002,gi_sheet,0.002,mineral_wool,0.025,south,1.5,1.5,0.55,5.8,35.457,46.172,0.3631,19.046
Mumbai,19.076,72.8777,warm_humid,3.0,3.0,2.6,0.0,gi_sheet,0.002,gi_sheet,0.002,mineral_wool,0.05,north,1.8,1.2,0.35,2.6,34.012,42.238,0.3869,20.196
Mumbai,19.076,72.8777,warm_humid,3.0,3.0,2.6,0.0,rammed_earth,0.15,puf_sandwich_panel,0.1,none,0.0,east,1.5,0.6,0.35,3.5,34.871,41.107,0.1786,21.846
Mumbai,19.076,72.8777,warm_humid,3.0,3.0,2.6,135.0,plywood,0.03,puf_sandwich_panel,0.075,mineral_wool,0.05,east,0.9,1.2,0.55,2.6,33.356,40.059,0.4048,21.763
Mumbai,19.076,72.8777,warm_humid,3.0,3.0,2.6,90.0,puf_sandwich_panel,0.05,brick,0.115,mineral_wool,0.025,west,0.6,0.9,0.85,5.8,33.291,38.47,0.3393,23.191
Mumbai,19.076,72.8777,warm_humid,3.0,3.0,2.6,135.0,concrete,0.15,gi_sheet,0.002,mineral_wool,0.1,west,1.2,0.9,0.45,3.5,32.078,35.388,0.381,23.917
Mumbai,19.076,72.8777,warm_humid,3.0,3.0,2.6,180.0,gi_sheet,0.002,concrete,0.2,eps,0.05,south,1.8,1.2,0.85,3.5,34.475,40.531,0.2083,22.513
Mumbai,19.076,72.8777,warm_humid,3.0,3.0,2.6,0.0,rammed_earth,0.45,puf_sandwich_panel,0.05,eps,0.1,east,0.6,1.5,0.35,2.6,30.221,32.637,0.7262,23.908
Mumbai,19.076,72.8777,warm_humid,3.0,3.0,2.6,135.0,plywood,0.012,concrete,0.1,mineral_wool,0.1,west,0.6,1.2,0.35,2.6,32.446,36.782,0.3929,23.084
Mumbai,19.076,72.8777,warm_humid,3.0,3.0,2.6,135.0,rammed_earth,0.3,concrete,0.2,mineral_wool,0.1,north,1.8,0.9,0.65,5.8,31.841,34.822,0.4167,23.91
Mumbai,19.076,72.8777,warm_humid,3.0,3.0,2.6,0.0,brick,0.23,puf_sandwich_panel,0.05,eps,0.025,south,1.5,0.6,0.65,5.8,33.004,36.81,0.2976,23.914
Mumbai,19.076,72.8777,warm_humid,3.0,3.0,2.6,135.0,gi_sheet,0.002,rcc_slab,0.25,eps,0.025,north,1.2,1.2,0.55,3.5,34.869,40.964,0.1786,22.3
Mumbai,19.076,72.8777,warm_humid,3.0,3.0,2.6,135.0,rammed_earth,0.15,gi_sheet,0.002,mineral_wool,0.05,west,1.2,0.6,0.35,5.8,32.677,36.438,0.2976,23.921
Mumbai,19.076,72.8777,warm_humid,3.0,3.0,2.6,0.0,rammed_earth,0.45,rcc_slab,0.25,mineral_wool,0.1,south,0.6,1.2,0.55,2.6,30.168,32.796,0.7083,23.907
Mumbai,19.076,72.8777,warm_humid,3.0,3.0,2.6,135.0,rammed_earth,0.15,gi_sheet,0.002,none,0.0,east,0.9,1.2,0.35,3.5,37.605,46.866,0.1488,20.153
Mumbai,19.076,72.8777,warm_humid,3.0,3.0,2.6,0.0,concrete,0.2,concrete,0.2,eps,0.05,east,1.2,0.6,0.35,3.5,32.313,35.64,0.3631,23.911
Mumbai,19.076,72.8777,warm_humid,3.0,3.0,2.6,0.0,puf_sandwich_panel,0.05,brick,0.23,eps,0.025,north,0.9,0.6,0.45,5.8,32.682,36.668,0.3393,23.935
Mumbai,19.076,72.8777,warm_humid,3.0,3.0,2.6,0.0,concrete,0.1,gi_sheet,0.002,eps,0.05,south,1.2,0.9,0.35,3.5,33.448,37.854,0.2321,23.924
Mumbai,19.076,72.8777,warm_humid,3.0,3.0,2.6,0.0,gi_sheet,0.002,puf_sandwich_panel,0.05,none,0.0,north,1.2,1.5,0.85,3.5,36.695,51.561,0.4167,16.037
Mumbai,19.076,72.8777,warm_humid,3.0,3.0,2.6,45.0,concrete,0.2,concrete,0.1,eps,0.1,south,0.9,0.9,0.75,5.8,32.055,35.163,0.369,23.912
Mumbai,19.076,72.8777,warm_humid,3.0,3.0,2.6,0.0,plywood,0.012,rcc_slab,0.1,eps,0.025,south,1.8,1.2,0.55,3.5,35.506,44.169,0.2738,20.899
Mumbai,19.076,72.8777,warm_humid,3.0,3.0,2.6,90.0,brick,0.115,rcc_slab,0.2,eps,0.05,east,1.2,0.6,0.85,3.5,33.197,37.112,0.2798,23.917
Mumbai,19.076,72.8777,warm_humid,3.0,3.0,2.6,45.0,plywood,0.019,concrete,0.15,eps,0.1,west,0.9,1.2,0.35,2.6,32.527,36.664,0.375,23.388
Mumbai,19.076,72.8777,warm_humid,3.0,3.0,2.6,135.0,plywood,0.012,gi_sheet,0.002,eps,0.1,south,1.2,1.5,0.65,3.5,33.8,41.269,0.3869,21.382
Mumbai,19.076,72.8777,warm_humid,3.0,3.0,2.6,135.0,rammed_earth,0.3,rcc_slab,0.25,mineral_wool,0.1,east,1.5,0.9,0.35,5.8,31.096,33.802,0.506,23.909
Mumbai,19.076,72.8777,warm_humid,3.0,3.0,2.6,90.0,concrete,0.3,rcc_slab,0.2,eps,0.1,north,0.6,1.5,0.55,2.6,30.905,33.637,0.5179,23.908
Mumbai,19.076,72.8777,warm_humid,3.0,3.0,2.6,90.0,puf_sandwich_panel,0.1,concrete,0.2,eps,0.1,east,0.6,1.2,0.85,3.5,31.888,35.084,0.4464,23.934
Mumbai,19.076,72.8777,warm_humid,3.0,3.0,2.6,0.0,plywood,0.03,rcc_slab,0.15,none,0.0,north,0.6,0.9,0.45,3.5,37.331,48.767,0.25,18.863
Mumbai,19.076,72.8777,warm_humid,3.0,3.0,2.6,45.0,rammed_earth,0.15,brick,0.23,mineral_wool,0.1,east,1.2,1.5,0.75,2.6,33.108,36.755,0.2857,23.915
Mumbai,19.076,72.8777,warm_humid,3.0,3.0,2.6,90.0,rammed_earth,0.3,puf_sandwich_panel,0.1,none,0.0,north,1.5,0.6,0.65,3.5,33.641,37.971,0.2738,23.912
Mumbai,19.076,72.8777,warm_humid,3.0,3.0,2.6,45.0,concrete,0.2,gi_sheet,0.002,mineral_wool,0.025,east,0.9,0.6,0.65,2.6,33.842,38.114,0.256,23.913
Mumbai,19.076,72.8777,warm_humid,3.0,3.0,2.6,180.0,gi_sheet,0.002,brick,0.23,mineral_wool,0.1,north,0.6,0.9,0.35,2.6,32.491,36.385,0.3571,23.914
Mumbai,19.076,72.8777,warm_humid,3.0,3.0,2.6,180.0,plywood,0.05,rcc_slab,0.25,mineral_wool,0.025,west,0.6,0.6,0.85,3.5,33.853,38.555,0.1964,23.865
Mumbai,19.076,72.8777,warm_humid,3.0,3.0,2.6,90.0,gi_sheet,0.002,rcc_slab,0.15,mineral_wool,0.025,north,0.6,1.5,0.45,3.5,34.63,41.426,0.256,21.276
Mumbai,19.076,72.8777,warm_humid,3.0,3.0,2.6,90.0,gi_sheet,0.002,rcc_slab,0.2,eps,0.025,east,0.9,1.2,0.45,2.6,34.579,40.942,0.2202,21.944
Mumbai,19.076,72.8777,warm_humid,3.0,3.0,2.6,90.0,plywood,0.03,gi_sheet,0.002,eps,0.05,east,0.6,0.6,0.55,2.6,33.193,39.609,0.4048,21.711
Mumbai,19.076,72.8777,warm_humid,3.0,3.0,2.6,180.0,puf_sandwich_panel,0.05,concrete,0.2,mineral_wool,0.1,east,0.6,1.2,0.45,2.6,31.693,34.806,0.494,23.933
Mumbai,19.076,72.8777,warm_humid,3.0,3.0,2.6,45.0,rammed_earth,0.45,brick,0.23,eps,0.05,west,1.2,0.6,0.45,3.5,30.893,33.764,0.5179,23.907
Mumbai,19.076,72.8777,warm_humid,3.0,3.0,2.6,135.0,plywood,0.05,brick,0.23,eps,0.1,east,1.2,0.6,0.45,5.8,32.175,35.66,0.4107,23.931
Mumbai,19.076,72.8777,warm_humid,3.0,3.0,2.6,90.0,brick,0.345,concrete,0.2,eps,0.05,north,0.9,0.6,0.65,2.6,31.44,34.366,0.5,23.908
Mumbai,19.076,72.8777,warm_humid,3.0,3.0,2.6,180.0,rammed_earth,0.15,concrete,0.2,eps,0.05,west,0.9,0.6,0.75,2.6,32.668,36.198,0.3155,23.915
Mumbai,19.076,72.8777,warm_humid,3.0,3.0,2.6,90.0,concrete,0.3,brick,0.115,mineral_wool,0.1,west,0.9,1.5,0.45,3.5,31.032,33.804,0.5119,23.909
Mumbai,19.076,72.8777,warm_humid,3.0,3.0,2.6,90.0,brick,0.115,rcc_slab,0.2,eps,0.05,east,1.2,0.9,0.45,5.8,33.048,36.935,0.2857,23.917
Mumbai,19.076,72.8777,warm_humid,3.0,3.0,2.6,135.0,brick,0.345,brick,0.23,eps,0.05,east,0.9,1.2,0.65,3.5,32.027,35.203,0.3869,23.908
Mumbai,19.076,72.8777,warm_humid,3.0,3.0,2.6,90.0,puf_sandwich_panel,0.15,gi_sheet,0.002,none,0.0,west,0.6,1.2,0.75,5.8,37.48,52.395,0.3571,19.082
Mumbai,19.076,72.8777,warm_humid,3.0,3.0,2.6,135.0,plywood,0.012,puf_sandwich_panel,0.1,mineral_wool,0.05,east,1.8,1.5,0.75,5.8,35.531,46.397,0.3452,20.646
Mumbai,19.076,72.8777,warm_humid,3.0,3.0,2.6,0.0,gi_sheet,0.002,puf_sandwich_panel,0.05,eps,0.05,west,1.8,0.9,0.35,2.6,33.83,41.96,0.3988,20.565
Mumbai,19.076,72.8777,warm_humid,3.0,3.0,2.6,135.0,puf_sandwich_panel,0.075,rcc_slab,0.15,eps,0.025,south,1.5,0.9,0.35,2.6,33.236,37.88,0.3095,23.357
Mumbai,19.076,72.8777,warm_humid,3.0,3.0,2.6,45.0,plywood,0.012,concrete,0.2,eps,0.025,south,1.8,1.2,0.55,3.5,35.463,42.535,0.1905,22.331
Mumbai,19.076,72.8777,warm_humid,3.0,3.0,2.6,90.0,brick,0.23,concrete,0.15,eps,0.1,west,0.9,1.2,0.85,3.5,31.641,34.677,0.4464,23.912
Mumbai,19.076,72.8777,warm_humid,3.0,3.0,2.6,90.0,concrete,0.3,brick,0.115,mineral_wool,0.1,north,1.8,1.2,0.45,2.6,31.781,34.815,0.4345,23.909
Mumbai,19.076,72.8777,warm_humid,3.0,3.0,2.6,0.0,plywood,0.03,puf_sandwich_panel,0.075,mineral_wool,0.1,east,0.9,1.2,0.45,2.6,32.559,37.721,0.4286,22.495
Mumbai,19.076,72.8777,warm_humid,3.0,3.0,2.6,180.0,puf_sandwich_panel,0.05,puf_sandwich_panel,0.05,eps,0.05,south,0.9,1.2,0.75,5.8,32.286,37.813,0.4821,22.435
Mumbai,19.076,72.8777,warm_humid,3.0,3.0,2.6,0.0,plywood,0.012,brick,0.23,eps,0.05,east,1.2,0.9,0.75,3.5,34.054,39.259,0.2262,23.372
Mumbai,19.076,72.8777,warm_humid,3.0,3.0,2.6,135.0,plywood,0.05,rcc_slab,0.25,none,0.0,east,0.6,0.9,0.55,5.8,36.665,44.594,0.1488,21.46
Mumbai,19.076,72.8777,warm_humid,3.0,3.0,2.6,45.0,gi_sheet,0.002,puf_sandwich_panel,0.05,none,0.0,east,0.6,1.5,0.45,5.8,36.557,50.644,0.4167,16.037
Mumbai,19.076,72.8777,warm_humid,3.0,3.0,2.6,90.0,rammed_earth,0.3,puf_sandwich_panel,0.1,eps,0.025,south,1.2,1.5,0.65,2.6,33.12,36.882,0.2917,23.912
Mumbai,19.076,72.8777,warm_humid,3.0,3.0,2.6,45.0,plywood,0.019,puf_sandwich_panel,0.05,eps,0.025,north,1.2,1.5,0.55,3.5,34.334,42.965,0.3869,20.018
Mumbai,19.076,72.8777,warm_humid,3.0,3.0,2.6,135.0,gi_sheet,0.002,brick,0.23,mineral_wool,0.05,south,1.5,0.6,0.35,2.6,33.407,38.281,0.2679,22.727
Mumbai,19.076,72.8777,warm_humid,3.0,3.0,2.6,90.0,plywood,0.012,brick,0.115,mineral_wool,0.025,north,0.9,1.2,0.65,5.8,35.012,42.727,0.2798,20.998
Mumbai,19.076,72.8777,warm_humid,3.0,3.0,2.6,45.0,rammed_earth,0.15,brick,0.115,eps,0.1,east,1.8,1.5,0.85,2.6,34.525,38.958,0.1786,23.918
Mumbai,19.076,72.8777,warm_humid,3.0,3.0,2.6,90.0,gi_sheet,0.002,brick,0.115,mineral_wool,0.1,north,0.9,0.6,0.75,2.6,32.778,37.442,0.3571,22.978
Mumbai,19.076,72.8777,warm_humid,3.0,3.0,2.6,135.0,gi_sheet,0.002,puf_sandwich_panel,0.1,eps,0.05,west,1.8,1.5,0.35,2.6,33.661,41.238,0.4048,20.15
Mumbai,19.076,72.8777,warm_humid,3.0,3.0,2.6,90.0,puf_sandwich_panel,0.15,puf_sandwich_panel,0.075,eps,0.1,south,0.6,1.5,0.35,5.8,31.371,35.469,0.5833,23.478
Mumbai,19.076,72.8777,warm_humid,3.0,3.0,2.6,90.0,concrete,0.3,brick,0.23,none,0.0,east,1.5,1.2,0.85,2.6,36.186,41.864,0.1429,23.908
Mumbai,19.076,72.8777,warm_humid,3.0,3.0,2.6,45.0,gi_sheet,0.002,gi_sheet,0.002,mineral_wool,0.05,east,1.5,0.9,0.35,2.6,33.94,41.589,0.3869,20.524
Mumbai,19.076,72.8777,warm_humid,3.0,3.0,2.6,90.0,puf_sandwich_panel,0.05,concrete,0.1,eps,0.05,north,1.8,1.5,0.35,2.6,33.405,38.758,0.3274,22.51
Mumbai,19.076,72.8777,warm_humid,3.0,3.0,2.6,45.0,concrete,0.15,concrete,0.15,eps,0.025,west,1.5,0.6,0.75,3.5,34.286,38.841,0.2083,23.914
Mumbai,19.076,72.8777,warm_humid,3.0,3.0,2.6,180.0,puf_sandwich_panel,0.075,brick,0.115,mineral_wool,0.05,west,0.9,1.2,0.85,3.5,33.307,38.076,0.3214,23.814
Mumbai,19.076,72.8777,warm_humid,3.0,3.0,2.6,0.0,rammed_earth,0.45,rcc_slab,0.2,eps,0.1,west,1.8,0.9,0.45,5.8,30.928,33.798,0.5179,23.907
Mumbai,19.076,72.8777,warm_humid,3.0,3.0,2.6,0.0,puf_sandwich_panel,0.05,puf_sandwich_panel,0.075,mineral_wool,0.05,south,0.6,0.6,0.35,3.5,31.439,35.625,0.5655,23.082
Mumbai,19.076,72.8777,warm_humid,3.0,3.0,2.6,180.0,gi_sheet,0.002,concrete,0.15,eps,0.05,south,1.2,0.6,0.85,5.8,33.734,39.211,0.2738,22.526
Mumbai,19.076,72.8777,warm_humid,3.0,3.0,2.6,0.0,concrete,0.2,rcc_slab,0.2,mineral_wool,0.05,east,0.6,0.9,0.75,2.6,32.464,35.833,0.3631,23.911
Mumbai,19.076,72.8777,warm_humid,3.0,3.0,2.6,45.0,rammed_earth,0.45,gi_sheet,0.002,none,0.0,north,1.8,0.6,0.75,2.6,36.253,41.671,0.1429,23.908
Mumbai,19.076,72.8777,warm_humid,3.0,3.0,2.6,90.0,gi_sheet,0.002,concrete,0.1,none,0.0,north,1.2,0.9,0.65,2.6,37.937,53.731,0.3571,16.082
Mumbai,19.076,72.8777,warm_humid,3.0,3.0,2.6,45.0,puf_sandwich_panel,0.1,brick,0.115,eps,0.1,north,1.8,1.2,0.85,3.5,33.59,38.875,0.2917,23.432
Mumbai,19.076,72.8777,warm_humid,3.0,3.0,2.6,0.0,rammed_earth,0.15,puf_sandwich_panel,0.1,mineral_wool,0.025,west,0.6,0.6,0.85,2.6,33.029,37.086,0.2798,23.921
Mumbai,19.076,72.8777,warm_humid,3.0,3.0,2.6,45.0,gi_sheet,0.002,rcc_slab,0.15,mineral_wool,0.05,south,1.8,1.2,0.55,3.5,34.748,41.283,0.2202,22.552
Mumbai,19.076,72.8777,warm_humid,3.0,3.0,2.6,0.0,gi_sheet,0.002,concrete,0.2,mineral_wool,0.1,west,1.5,1.2,0.45,2.6,33.579,38.3,0.2381,23.63
Mumbai,19.076,72.8777,warm_humid,3.0,3.0,2.6,180.0,concrete,0.3,rcc_slab,0.2,eps,0.025,east,0.9,1.5,0.55,3.5,33.329,37.158,0.3036,23.908
Mumbai,19.076,72.8777,warm_humid,3.0,3.0,2.6,180.0,gi_sheet,0.002,gi_sheet,0.002,mineral_wool,0.025,south,1.2,1.2,0.85,3.5,35.257,45.557,0.3631,19.275
Mumbai,19.076,72.8777,warm_humid,3.0,3.0,2.6,180.0,concrete,0.1,brick,0.115,none,0.0,east,0.6,0.6,0.35,3.5,37.5,47.061,0.1607,19.871
Mumbai,19.076,72.8777,warm_humid,3.0,3.0,2.6,135.0,concrete,0.15,puf_sandwich_panel,0.15,eps,0.05,east,0.6,1.2,0.45,2.6,32.384,35.89,0.3274,23.917
Mumbai,19.076,72.8777,warm_humid,3.0,3.0,2.6,0.0,brick,0.115,brick,0.23,eps,0.025,south,0.9,1.5,0.35,5.8,34.168,38.816,0.2024,23.917
Mumbai,19.076,72.8777,warm_humid,3.0,3.0,2.6,90.0,gi_sheet,0.002,gi_sheet,0.002,none,0.0,south,1.5,1.5,0.85,2.6,38.489,56.921,0.4107,15.568
Mumbai,19.076,72.8777,warm_humid,3.0,3.0,2.6,135.0,rammed_earth,0.45,puf_sandwich_panel,0.15,eps,0.1,north,1.2,1.2,0.75,2.6,31.116,33.893,0.506,23.908
Mumbai,19.076,72.8777,warm_humid,3.0,3.0,2.6,45.0,plywood,0.019,concrete,0.2,mineral_wool,0.025,north,1.8,0.9,0.45,2.6,34.622,40.733,0.2143,22.125
Mumbai,19.076,72.8777,warm_humid,3.0,3.0,2.6,180.0,puf_sandwich_panel,0.075,puf_sandwich_panel,0.075,none,0.0,west,0.9,1.2,0.65,2.6,32.623,38.203,0.4464,22.419
Mumbai,19.076,72.8777,warm_humid,3.0,3.0,2.6,180.0,rammed_earth,0.3,rcc_slab,0.1,none,0.0,south,1.8,1.5,0.55,3.5,36.74,42.93,0.1131,23.897
Mumbai,19.076,72.8777,warm_humid,3.0,3.0,2.6,180.0,brick,0.23,puf_sandwich_panel,0.15,eps,0.1,east,0.6,0.6,0.85,5.8,31.175,33.833,0.506,23.914
Mumbai,19.076,72.8777,warm_humid,3.0,3.0,2.6,135.0,puf_sandwich_panel,0.075,concrete,0.1,eps,0.025,south,1.8,1.2,0.35,5.8,33.724,39.525,0.3095,22.457
Mumbai,19.076,72.8777,warm_humid,3.0,3.0,2.6,90.0,rammed_earth,0.15,rcc_slab,0.25,mineral_wool,0.025,north,0.9,1.5,0.35,5.8,33.621,37.847,0.2619,23.914
Mumbai,19.076,72.8777,warm_humid,3.0,3.0,2.6,0.0,gi_sheet,0.002,brick,0.23,eps,0.025,north,1.8,1.2,0.65,5.8,35.04,42.053,0.2143,21.535
Mumbai,19.076,72.8777,warm_humid,3.0,3.0,2.6,45.0,concrete,0.1,rcc_slab,0.2,mineral_wool,0.025,east,0.6,0.6,0.45,3.5,34.106,38.685,0.2143,23.916
Mumbai,19.076,72.8777,warm_humid,3.0,3.0,2.6,45.0,brick,0.23,gi_sheet,0.002,mineral_wool,0.025,south,0.9,1.2,0.45,2.6,33.829,38.042,0.256,23.914
Mumbai,19.076,72.8777,warm_humid,3.0,3.0,2.6,135.0,plywood,0.05,concrete,0.2,mineral_wool,0.025,south,1.8,0.9,0.85,2.6,35.019,40.952,0.1667,23.011
Mumbai,19.076,72.8777,warm_humid,3.0,3.0,2.6,180.0,brick,0.345,rcc_slab,0.1,mineral_wool,0.05,south,1.5,1.5,0.65,5.8,32.482,35.984,0.3631,23.909
Mumbai,19.076,72.8777,warm_humid,3.0,3.0,2.6,135.0,rammed_earth,0.15,concrete,0.15,eps,0.025,north,0.6,1.5,0.55,3.5,33.981,38.405,0.2202,23.916
Mumbai,19.076,72.8777,warm_humid,3.0,3.0,2.6,135.0,gi_sheet,0.002,puf_sandwich_panel,0.15,mineral_wool,0.05,north,0.6,1.5,0.35,2.6,33.118,39.512,0.4107,20.999
Mumbai,19.076,72.8777,warm_humid,3.0,3.0,2.6,0.0,gi_sheet,0.002,brick,0.115,none,0.0,west,1.8,0.9,0.65,3.5,37.771,53.267,0.3512,16.211
Mumbai,19.076,72.8777,warm_humid,3.0,3.0,2.6,135.0,brick,0.345,gi_sheet,0.002,eps,0.05,south,0.6,1.2,0.35,5.8,31.629,34.586,0.4524,23.91
Mumbai,19.076,72.8777,warm_humid,3.0,3.0,2.6,0.0,rammed_earth,0.15,gi_sheet,0.002,eps,0.05,north,0.6,0.9,0.65,5.8,32.765,36.584,0.2976,23.921
Mumbai,19.076,72.8777,warm_humid,3.0,3.0,2.6,0.0,brick,0.115,concrete,0.15,eps,0.1,west,0.9,1.2,0.35,5.8,32.34,35.696,0.3214,23.918
Mumbai,19.076,72.8777,warm_humid,3.0,3.0,2.6,135.0,concrete,0.15,puf_sandwich_panel,0.15,eps,0.025,west,0.6,0.9,0.65,5.8,33.136,37.223,0.2857,23.917
Mumbai,19.076,72.8777,warm_humid,3.0,3.0,2.6,90.0,puf_sandwich_panel,0.1,brick,0.23,eps,0.05,west,0.6,0.9,0.65,2.6,31.827,35.1,0.4702,23.935
Mumbai,19.076,72.8777,warm_humid,3.0,3.0,2.6,180.0,gi_sheet,0.002,puf_sandwich_panel,0.1,eps,0.05,east,1.2,0.6,0.75,2.6,33.655,40.944,0.3929,21.056
Mumbai,19.076,72.8777,warm_humid,3.0,3.0,2.6,0.0,concrete,0.3,concrete,0.15,mineral_wool,0.025,south,1.5,1.5,0.85,5.8,34.377,38.745,0.2381,23.909
Mumbai,19.076,72.8777,warm_humid,3.0,3.0,2.6,90.0,concrete,0.15,brick,0.115,eps,0.05,west,1.2,0.6,0.35,2.6,32.608,36.263,0.3214,23.915
Mumbai,19.076,72.8777,warm_humid,3.0,3.0,2.6,135.0,rammed_earth,0.45,concrete,0.1,none,0.0,east,1.5,0.6,0.85,3.5,36.025,41.147,0.1607,23.908
Mumbai,19.076,72.8777,warm_humid,3.0,3.0,2.6,90.0,brick,0.115,puf_sandwich_panel,0.1,eps,0.1,west,1.2,0.6,0.55,2.6,31.769,35.079,0.4643,23.924
Mumbai,19.076,72.8777,warm_humid,3.0,3.0,2.6,90.0,gi_sheet,0.002,rcc_slab,0.15,mineral_wool,0.05,west,1.2,0.6,0.45,2.6,33.328,38.529,0.3036,22.441
Mumbai,19.076,72.8777,warm_humid,3.0,3.0,2.6,45.0,plywood,0.012,brick,0.23,mineral_wool,0.025,south,0.6,1.2,0.65,5.8,34.677,40.801,0.2083,22.504
Mumbai,19.076,72.8777,warm_humid,3.0,3.0,2.6,180.0,rammed_earth,0.3,rcc_slab,0.1,mineral_wool,0.05,north,0.9,1.5,0.75,2.6,32.678,36.152,0.3571,23.911
Mumbai,19.076,72.8777,warm_humid,3.0,3.0,2.6,0.0,plywood,0.019,brick,0.115,eps,0.05,east,0.9,1.5,0.45,2.6,33.912,39.875,0.3036,22.257
Mumbai,19.076,72.8777,warm_humid,3.0,3.0,2.6,180.0,brick,0.345,rcc_slab,0.15,eps,0.05,east,0.9,1.5,0.85,5.8,32.736,36.189,0.3631,23.909
Mumbai,19.076,72.8777,warm_humid,3.0,3.0,2.6,45.0,gi_sheet,0.002,brick,0.115,eps,0.05,west,1.2,0.6,0.85,3.5,34.049,40.334,0.2976,21.934
Mumbai,19.076,72.8777,warm_humid,3.0,3.0,2.6,135.0,plywood,0.012,puf_sandwich_panel,0.05,mineral_wool,0.05,south,0.9,0.6,0.85,3.5,33.323,40.232,0.4048,21.295
Mumbai,19.076,72.8777,warm_humid,3.0,3.0,2.6,45.0,concrete,0.3,puf_sandwich_panel,0.05,mineral_wool,0.025,south,1.5,0.9,0.65,5.8,33.032,36.746,0.3155,23.91
Mumbai,19.076,72.8777,warm_humid,3.0,3.0,2.6,135.0,rammed_earth,0.45,puf_sandwich_panel,0.05,mineral_wool,0.1,west,1.8,0.9,0.45,2.6,30.645,33.239,0.5595,23.908
Mumbai,19.076,72.8777,warm_humid,3.0,3.0,2.6,135.0,concrete,0.15,puf_sandwich_panel,0.1,none,0.0,north,0.9,1.2,0.85,5.8,36.246,43.503,0.1488,21.543
Mumbai,19.076,72.8777,warm_humid,3.0,3.0,2.6,135.0,puf_sandwich_panel,0.15,brick,0.23,mineral_wool,0.1,south,1.5,0.6,0.45,5.8,31.453,34.407,0.5476,23.933
Mumbai,19.076,72.8777,warm_humid,3.0,3.0,2.6,180.0,plywood,0.012,rcc_slab,0.25,eps,0.025,west,1.2,0.6,0.35,2.6,34.314,39.839,0.2024,22.739
Mumbai,19.076,72.8777,warm_humid,3.0,3.0,2.6,0.0,plywood,0.019,gi_sheet,0.002,eps,0.025,south,1.2,1.5,0.45,2.6,35.08,45.163,0.369,19.683
Mumbai,19.076,72.8777,warm_humid,3.0,3.0,2.6,135.0,gi_sheet,0.002,gi_sheet,0.002,eps,0.05,west,0.9,1.5,0.65,2.6,34.168,42.123,0.3571,20.453
Mumbai,19.076,72.8777,warm_humid,3.0,3.0,2.6,0.0,plywood,0.05,concrete,0.2,eps,0.05,east,0.9,0.6,0.75,5.8,33.107,37.28,0.2798,23.93
Mumbai,19.076,72.8777,warm_humid,3.0,3.0,2.6,45.0,puf_sandwich_panel,0.075,rcc_slab,0.25,mineral_wool,0.05,west,1.8,0.6,0.65,2.6,32.536,36.152,0.3214,23.929
Mumbai,19.076,72.8777,warm_humid,3.0,3.0,2.6,180.0,brick,0.345,puf_sandwich_panel,0.075,eps,0.1,south,0.9,0.9,0.75,5.8,30.71,33.249,0.5417,23.91
Mumbai,19.076,72.8777,warm_humid,3.0,3.0,2.6,0.0,plywood,0.03,gi_sheet,0.002,none,0.0,west,1.2,0.9,0.55,2.6,38.081,55.032,0.381,16.976
Mumbai,19.076,72.8777,warm_humid,3.0,3.0,2.6,90.0,brick,0.345,concrete,0.2,eps,0.1,south,0.6,0.9,0.65,5.8,30.634,33.263,0.5655,23.908
Mumbai,19.076,72.8777,warm_humid,3.0,3.0,2.6,45.0,gi_sheet,0.002,puf_sandwich_panel,0.075,mineral_wool,0.1,west,1.8,0.9,0.55,5.8,33.37,40.263,0.3988,21.407
Mumbai,19.076,72.8777,warm_humid,3.0,3.0,2.6,0.0,brick,0.115,rcc_slab,0.15,mineral_wool,0.025,south,0.6,1.2,0.75,2.6,34.497,39.329,0.1905,23.918
Mumbai,19.076,72.8777,warm_humid,3.0,3.0,2.6,45.0,brick,0.23,gi_sheet,0.002,mineral_wool,0.025,west,1.2,1.2,0.85,3.5,34.409,38.95,0.2024,23.914
Mumbai,19.076,72.8777,warm_humid,3.0,3.0,2.6,135.0,plywood,0.012,brick,0.115,eps,0.1,north,0.9,1.2,0.35,3.5,32.761,37.458,0.3631,22.94
Mumbai,19.076,72.8777,warm_humid,3.0,3.0,2.6,180.0,plywood,0.012,rcc_slab,0.2,eps,0.025,east,1.5,1.5,0.65,3.5,35.762,43.074,0.1845,22.232
Mumbai,19.076,72.8777,warm_humid,3.0,3.0,2.6,90.0,gi_sheet,0.002,brick,0.115,mineral_wool,0.1,east,0.6,0.9,0.65,2.6,32.694,37.357,0.381,23.175
Mumbai,19.076,72.8777,warm_humid,3.0,3.0,2.6,180.0,rammed_earth,0.15,gi_sheet,0.002,eps,0.1,west,0.6,0.6,0.35,5.8,31.632,34.643,0.4583,23.92
Mumbai,19.076,72.8777,warm_humid,3.0,3.0,2.6,45.0,gi_sheet,0.002,rcc_slab,0.1,eps,0.1,north,0.6,1.5,0.75,3.5,33.145,38.177,0.3214,22.702
Mumbai,19.076,72.8777,warm_humid,3.0,3.0,2.6,45.0,rammed_earth,0.45,puf_sandwich_panel,0.05,eps,0.05,north,0.9,1.5,0.45,5.8,30.995,33.742,0.5119,23.908
Mumbai,19.076,72.8777,warm_humid,3.0,3.0,2.6,135.0,plywood,0.03,concrete,0.1,mineral_wool,0.1,west,1.8,1.5,0.75,5.8,34.215,40.187,0.25,22.643
Mumbai,19.076,72.8777,warm_humid,3.0,3.0,2.6,135.0,plywood,0.019,gi_sheet,0.002,eps,0.025,north,1.2,0.9,0.75,3.5,35.189,44.817,0.3631,19.903
Mumbai,19.076,72.8777,warm_humid,3.0,3.0,2.6,180.0,plywood,0.019,gi_sheet,0.002,none,0.0,north,0.9,1.5,0.65,3.5,38.207,55.973,0.3929,16.533
Mumbai,19.076,72.8777,warm_humid,3.0,3.0,2.6,135.0,puf_sandwich_panel,0.05,puf_sandwich_panel,0.075,mineral_wool,0.025,east,0.6,1.5,0.55,5.8,32.457,38.248,0.4702,22.498
Mumbai,19.076,72.8777,warm_humid,3.0,3.0,2.6,180.0,brick,0.345,concrete,0.15,eps,0.1,north,1.5,1.2,0.75,3.5,32.005,35.135,0.3988,23.909
Mumbai,19.076,72.8777,warm_humid,3.0,3.0,2.6,45.0,rammed_earth,0.45,gi_sheet,0.002,mineral_wool,0.1,north,0.6,0.6,0.75,3.5,30.172,32.631,0.7381,23.908
Mumbai,19.076,72.8777,warm_humid,3.0,3.0,2.6,135.0,plywood,0.03,rcc_slab,0.15,mineral_wool,0.1,west,1.8,0.9,0.85,2.6,33.453,38.194,0.256,23.586
Mumbai,19.076,72.8777,warm_humid,3.0,3.0,2.6,0.0,gi_sheet,0.002,gi_sheet,0.002,eps,0.05,south,0.6,0.6,0.45,5.8,33.702,41.218,0.3869,20.918
Mumbai,19.076,72.8777,warm_humid,3.0,3.0,2.6,180.0,puf_sandwich_panel,0.05,brick,0.115,none,0.0,north,1.8,1.2,0.55,2.6,36.89,47.111,0.2381,21.147
Mumbai,19.076,72.8777,warm_humid,3.0,3.0,2.6,135.0,concrete,0.15,brick,0.115,eps,0.025,west,0.6,1.2,0.45,5.8,34.007,38.47,0.2321,23.915
Mumbai,19.076,72.8777,warm_humid,3.0,3.0,2.6,45.0,puf_sandwich_panel,0.075,rcc_slab,0.25,eps,0.025,west,1.8,1.5,0.65,2.6,34.485,39.643,0.1786,23.716
Mumbai,19.076,72.8777,warm_humid,3.0,3.0,2.6,90.0,rammed_earth,0.45,rcc_slab,0.25,mineral_wool,0.1,south,0.6,1.5,0.85,3.5,30.709,33.596,0.5536,23.907
Mumbai,19.076,72.8777,warm_humid,3.0,3.0,2.6,90.0,plywood,0.03,rcc_slab,0.25,eps,0.1,south,0.9,1.5,0.75,5.8,33.319,37.459,0.2262,23.928
Mumbai,19.076,72.8777,warm_humid,3.0,3.0,2.6,135.0,rammed_earth,0.45,concrete,0.15,none,0.0,north,0.6,0.6,0.45,2.6,35.113,39.804,0.2143,23.907
Mumbai,19.076,72.8777,warm_humid,3.0,3.0,2.6,45.0,concrete,0.2,gi_sheet,0.002,mineral_wool,0.05,east,1.5,0.6,0.35,3.5,32.616,36.162,0.3214,23.913
Mumbai,19.076,72.8777,warm_humid,3.0,3.0,2.6,0.0,brick,0.23,brick,0.115,mineral_wool,0.025,west,1.2,1.5,0.75,3.5,34.759,39.31,0.1786,23.913
Mumbai,19.076,72.8777,warm_humid,3.0,3.0,2.6,45.0,concrete,0.15,brick,0.115,eps,0.025,west,0.9,1.2,0.75,3.5,34.498,39.222,0.1905,23.915
Mumbai,19.076,72.8777,warm_humid,3.0,3.0,2.6,180.0,gi_sheet,0.002,puf_sandwich_panel,0.075,eps,0.05,east,1.5,1.2,0.85,3.5,35.066,44.705,0.3333,20.652
Mumbai,19.076,72.8777,warm_humid,3.0,3.0,2.6,90.0,gi_sheet,0.002,puf_sandwich_panel,0.15,eps,0.025,south,1.8,1.2,0.65,3.5,35.069,45.531,0.3631,19.546
Mumbai,19.076,72.8777,warm_humid,3.0,3.0,2.6,135.0,gi_sheet,0.002,concrete,0.1,eps,0.1,west,1.5,1.2,0.75,2.6,33.782,39.555,0.2917,22.303
Mumbai,19.076,72.8777,warm_humid,3.0,3.0,2.6,90.0,rammed_earth,0.3,puf_sandwich_panel,0.1,mineral_wool,0.05,west,0.6,1.2,0.85,2.6,31.383,34.32,0.5,23.912
Mumbai,19.076,72.8777,warm_humid,3.0,3.0,2.6,90.0,brick,0.23,puf_sandwich_panel,0.15,none,0.0,east,1.2,0.9,0.85,5.8,34.783,39.954,0.1845,23.914
Mumbai,19.076,72.8777,warm_humid,3.0,3.0,2.6,180.0,puf_sandwich_panel,0.075,puf_sandwich_panel,0.075,mineral_wool,0.025,east,1.2,0.9,0.85,5.8,33.076,39.636,0.4286,22.79
Mumbai,19.076,72.8777,warm_humid,3.0,3.0,2.6,90.0,brick,0.345,concrete,0.1,eps,0.05,north,1.5,0.9,0.35,5.8,31.851,34.922,0.4167,23.909
Mumbai,19.076,72.8777,warm_humid,3.0,3.0,2.6,180.0,gi_sheet,0.002,gi_sheet,0.002,eps,0.1,north,1.8,0.9,0.75,5.8,34.122,41.702,0.381,21.563
Mumbai,19.076,72.8777,warm_humid,3.0,3.0,2.6,45.0,gi_sheet,0.002,puf_sandwich_panel,0.1,eps,0.1,north,1.5,1.2,0.85,5.8,33.913,41.243,0.369,21.274
Mumbai,19.076,72.8777,warm_humid,3.0,3.0,2.6,180.0,concrete,0.3,puf_sandwich_panel,0.15,eps,0.1,south,0.9,0.6,0.65,2.6,30.562,33.046,0.5714,23.909
Mumbai,19.076,72.8777,warm_humid,3.0,3.0,2.6,135.0,puf_sandwich_panel,0.05,brick,0.115,eps,0.025,north,0.6,0.9,0.65,3.5,33.404,38.536,0.3274,23.286
Mumbai,19.076,72.8777,warm_humid,3.0,3.0,2.6,135.0,gi_sheet,0.002,rcc_slab,0.15,none,0.0,north,0.9,0.9,0.75,2.6,37.848,52.279,0.3274,16.359
Mumbai,19.076,72.8777,warm_humid,3.0,3.0,2.6,135.0,brick,0.115,rcc_slab,0.2,mineral_wool,0.05,west,1.2,1.5,0.55,3.5,33.496,37.649,0.2619,23.917
Mumbai,19.076,72.8777,warm_humid,3.0,3.0,2.6,90.0,rammed_earth,0.45,gi_sheet,0.002,eps,0.1,west,1.5,0.6,0.35,3.5,30.242,32.704,0.7083,23.908
Mumbai,19.076,72.8777,warm_humid,3.0,3.0,2.6,180.0,rammed_earth,0.3,brick,0.115,eps,0.025,south,0.6,1.2,0.55,3.5,32.846,36.496,0.3333,23.911
Mumbai,19.076,72.8777,warm_humid,3.0,3.0,2.6,180.0,gi_sheet,0.002,gi_sheet,0.002,eps,0.1,east,0.6,1.5,0.55,3.5,33.319,39.755,0.3869,21.707
Mumbai,19.076,72.8777,warm_humid,3.0,3.0,2.6,45.0,brick,0.23,puf_sandwich_panel,0.05,eps,0.025,east,1.5,1.2,0.85,3.5,34.107,38.396,0.2321,23.914
Mumbai,19.076,72.8777,warm_humid,3.0,3.0,2.6,90.0,gi_sheet,0.002,concrete,0.1,eps,0.025,south,0.6,0.6,0.55,5.8,34.625,42.026,0.2857,20.805
Mumbai,19.076,72.8777,warm_humid,3.0,3.0,2.6,135.0,gi_sheet,0.002,gi_sheet,0.002,eps,0.1,west,1.8,0.6,0.65,3.5,33.204,39.503,0.3988,21.506
Mumbai,19.076,72.8777,warm_humid,3.0,3.0,2.6,90.0,puf_sandwich_panel,0.1,rcc_slab,0.1,eps,0.025,west,0.9,1.2,0.65,5.8,33.319,38.496,0.3274,23.243
Mumbai,19.076,72.8777,warm_humid,3.0,3.0,2.6,0.0,rammed_earth,0.45,puf_sandwich_panel,0.075,none,0.0,east,1.2,1.2,0.75,3.5,32.957,36.682,0.3571,23.908
Mumbai,19.076,72.8777,warm_humid,3.0,3.0,2.6,0.0,rammed_earth,0.3,rcc_slab,0.15,mineral_wool,0.025,south,1.5,0.6,0.65,5.8,33.091,36.821,0.3155,23.91
Mumbai,19.076,72.8777,warm_humid,3.0,3.0,2.6,45.0,plywood,0.012,puf_sandwich_panel,0.075,mineral_wool,0.025,south,0.9,0.9,0.85,3.5,34.475,43.765,0.381,20.22
Mumbai,19.076,72.8777,warm_humid,3.0,3.0,2.6,135.0,brick,0.345,puf_sandwich_panel,0.05,eps,0.1,east,1.2,0.6,0.55,3.5,30.812,33.359,0.5179,23.91
Mumbai,19.076,72.8777,warm_humid,3.0,3.0,2.6,135.0,rammed_earth,0.45,gi_sheet,0.002,none,0.0,west,1.8,1.5,0.65,3.5,36.673,42.408,0.125,23.909
Mumbai,19.076,72.8777,warm_humid,3.0,3.0,2.6,0.0,brick,0.115,puf_sandwich_panel,0.05,eps,0.1,east,0.6,1.2,0.45,2.6,32.14,35.495,0.375,23.924
Mumbai,19.076,72.8777,warm_humid,3.0,3.0,2.6,135.0,concrete,0.1,concrete,0.15,none,0.0,south,0.6,0.9,0.85,5.8,37.87,47.37,0.1369,20.002
Mumbai,19.076,72.8777,warm_humid,3.0,3.0,2.6,90.0,plywood,0.019,puf_sandwich_panel,0.15,mineral_wool,0.025,west,1.5,1.2,0.55,3.5,33.883,42.146,0.4107,20.173
Mumbai,19.076,72.8777,warm_humid,3.0,3.0,2.6,180.0,gi_sheet,0.002,concrete,0.1,eps,0.025,west,1.5,1.2,0.35,5.8,35.0,42.833,0.2798,20.387
Mumbai,19.076,72.8777,warm_humid,3.0,3.0,2.6,0.0,plywood,0.012,gi_sheet,0.002,eps,0.025,north,1.5,0.9,0.55,3.5,34.939,44.986,0.375,19.524
Mumbai,19.076,72.8777,warm_humid,3.0,3.0,2.6,135.0,rammed_earth,0.45,brick,0.115,mineral_wool,0.025,north,1.5,1.2,0.65,5.8,32.997,36.573,0.3571,23.908
Mumbai,19.076,72.8777,warm_humid,3.0,3.0,2.6,135.0,concrete,0.15,concrete,0.2,mineral_wool,0.05,south,1.8,1.2,0.55,3.5,33.52,37.592,0.2738,23.913
Mumbai,19.076,72.8777,warm_humid,3.0,3.0,2.6,45.0,brick,0.115,concrete,0.15,eps,0.05,north,1.2,0.6,0.75,2.6,33.224,37.171,0.2798,23.918
Mumbai,19.076,72.8777,warm_humid,3.0,3.0,2.6,135.0,plywood,0.012,puf_sandwich_panel,0.075,eps,0.1,west,0.6,1.2,0.85,3.5,32.722,38.511,0.4345,22.052
Mumbai,19.076,72.8777,warm_humid,3.0,3.0,2.6,180.0,plywood,0.05,rcc_slab,0.2,none,0.0,west,1.2,1.5,0.45,3.5,37.067,46.198,0.1786,20.494
Mumbai,19.076,72.8777,warm_humid,3.0,3.0,2.6,135.0,plywood,0.05,gi_sheet,0.002,mineral_wool,0.1,west,1.2,0.6,0.75,2.6,32.522,37.349,0.4167,22.929
Mumbai,19.076,72.8777,warm_humid,3.0,3.0,2.6,45.0,concrete,0.1,rcc_slab,0.15,eps,0.05,north,1.8,1.5,0.75,3.5,34.568,39.504,0.1786,23.918
Mumbai,19.076,72.8777,warm_humid,3.0,3.0,2.6,0.0,rammed_earth,0.15,gi_sheet,0.002,none,0.0,east,1.2,0.6,0.85,2.6,37.693,46.996,0.1488,20.288
Mumbai,19.076,72.8777,warm_humid,3.0,3.0,2.6,45.0,puf_sandwich_panel,0.075,concrete,0.1,mineral_wool,0.1,east,1.2,0.9,0.65,5.8,32.382,36.281,0.4048,23.948
Mumbai,19.076,72.8777,warm_humid,3.0,3.0,2.6,90.0,puf_sandwich_panel,0.1,brick,0.115,eps,0.05,east,1.5,0.9,0.65,2.6,33.149,38.01,0.3393,23.951
Mumbai,19.076,72.8777,warm_humid,3.0,3.0,2.6,135.0,brick,0.23,concrete,0.2,eps,0.025,south,0.9,0.9,0.35,5.8,33.228,37.053,0.2917,23.911
Mumbai,19.076,72.8777,warm_humid,3.0,3.0,2.6,135.0,plywood,0.012,concrete,0.2,eps,0.025,east,1.2,1.5,0.55,5.8,35.249,42.018,0.1964,22.35
Mumbai,19.076,72.8777,warm_humid,3.0,3.0,2.6,90.0,brick,0.345,gi_sheet,0.002,mineral_wool,0.025,south,0.6,1.2,0.85,5.8,33.152,36.856,0.3095,23.91
Mumbai,19.076,72.8777,warm_humid,3.0,3.0,2.6,90.0,plywood,0.05,brick,0.115,eps,0.025,west,0.6,0.9,0.85,5.8,34.173,40.323,0.2738,22.333
Mumbai,19.076,72.8777,warm_humid,3.0,3.0,2.6,45.0,puf_sandwich_panel,0.15,rcc_slab,0.2,mineral_wool,0.05,east,0.9,0.6,0.75,2.6,32.049,35.259,0.4286,23.933
Mumbai,19.076,72.8777,warm_humid,3.0,3.0,2.6,45.0,brick,0.23,concrete,0.1,none,0.0,east,1.5,0.9,0.45,2.6,37.268,43.833,0.1131,23.763
Mumbai,19.076,72.8777,warm_humid,3.0,3.0,2.6,90.0,plywood,0.03,gi_sheet,0.002,mineral_wool,0.1,west,0.9,0.9,0.75,2.6,32.552,37.909,0.4405,22.495
Mumbai,19.076,72.8777,warm_humid,3.0,3.0,2.6,90.0,puf_sandwich_panel,0.05,rcc_slab,0.25,mineral_wool,0.05,east,0.6,0.9,0.85,3.5,32.333,35.803,0.381,23.929
Mumbai,19.076,72.8777,warm_humid,3.0,3.0,2.6,90.0,rammed_earth,0.3,rcc_slab,0.25,eps,0.1,west,0.9,0.9,0.45,3.5,30.61,33.142,0.5655,23.909
Mumbai,19.076,72.8777,warm_humid,3.0,3.0,2.6,0.0,gi_sheet,0.002,concrete,0.15,eps,0.1,west,0.6,0.9,0.85,5.8,33.175,37.72,0.3036,23.671
Mumbai,19.076,72.8777,warm_humid,3.0,3.0,2.6,90.0,rammed_earth,0.3,concrete,0.15,mineral_wool,0.05,south,1.8,0.9,0.45,5.8,32.4,35.738,0.369,23.91
Mumbai,19.076,72.8777,warm_humid,3.0,3.0,2.6,135.0,plywood,0.05,rcc_slab,0.25,eps,0.05,south,1.8,0.6,0.45,2.6,33.034,37.147,0.244,23.927
Mumbai,19.076,72.8777,warm_humid,3.0,3.0,2.6,0.0,plywood,0.012,brick,0.23,eps,0.05,east,1.8,1.2,0.35,3.5,33.912,39.226,0.2321,22.786
Mumbai,19.076,72.8777,warm_humid,3.0,3.0,2.6,135.0,gi_sheet,0.002,concrete,0.2,eps,0.1,south,1.8,0.6,0.85,2.6,33.291,37.846,0.2679,23.436
Mumbai,19.076,72.8777,warm_humid,3.0,3.0,2.6,0.0,gi_sheet,0.002,gi_sheet,0.002,none,0.0,east,0.9,1.2,0.85,2.6,38.106,55.74,0.4107,15.57
Mumbai,19.076,72.8777,warm_humid,3.0,3.0,2.6,45.0,concrete,0.2,gi_sheet,0.002,mineral_wool,0.1,east,0.9,0.9,0.55,3.5,31.833,34.884,0.4107,23.913
Mumbai,19.076,72.8777,warm_humid,3.0,3.0,2.6,135.0,concrete,0.2,puf_sandwich_panel,0.1,eps,0.025,east,0.6,0.9,0.45,3.5,32.817,36.573,0.3155,23.913
Mumbai,19.076,72.8777,warm_humid,3.0,3.0,2.6,90.0,concrete,0.2,gi_sheet,0.002,mineral_wool,0.025,west,0.9,0.9,0.65,3.5,33.718,38.062,0.2679,23.913
Mumbai,19.076,72.8777,warm_humid,3.0,3.0,2.6,45.0,rammed_earth,0.45,gi_sheet,0.002,none,0.0,east,0.9,1.2,0.85,3.5,36.44,41.902,0.1429,23.908
Mumbai,19.076,72.8777,warm_humid,3.0,3.0,2.6,180.0,rammed_earth,0.45,puf_sandwich_panel,0.15,mineral_wool,0.05,north,1.8,0.6,0.45,5.8,30.745,33.388,0.5298,23.908
Mumbai,19.076,72.8777,warm_humid,3.0,3.0,2.6,180.0,plywood,0.019,concrete,0.15,eps,0.1,south,1.5,0.6,0.45,3.5,32.408,36.465,0.375,23.594
Mumbai,19.076,72.8777,warm_humid,3.0,3.0,2.6,45.0,brick,0.115,gi_sheet,0.002,eps,0.025,south,1.5,1.5,0.65,2.6,35.69,41.891,0.1488,23.756
Mumbai,19.076,72.8777,warm_humid,3.0,3.0,2.6,90.0,brick,0.115,concrete,0.2,eps,0.1,east,1.5,1.2,0.35,3.5,32.332,35.817,0.3333,23.917
Mumbai,19.076,72.8777,warm_humid,3.0,3.0,2.6,90.0,brick,0.115,rcc_slab,0.1,mineral_wool,0.05,east,1.8,0.9,0.55,5.8,33.704,38.101,0.2321,23.92
Mumbai,19.076,72.8777,warm_humid,3.0,3.0,2.6,135.0,gi_sheet,0.002,puf_sandwich_panel,0.075,eps,0.05,south,1.5,1.2,0.75,2.6,34.332,42.809,0.381,20.5
Mumbai,19.076,72.8777,warm_humid,3.0,3.0,2.6,90.0,plywood,0.03,gi_sheet,0.002,none,0.0,west,0.6,1.2,0.75,3.5,37.948,54.504,0.381,17.003
Mumbai,19.076,72.8777,warm_humid,3.0,3.0,2.6,135.0,puf_sandwich_panel,0.1,concrete,0.1,mineral_wool,0.025,east,1.5,1.2,0.85,5.8,35.191,42.176,0.2202,23.91
Mumbai,19.076,72.8777,warm_humid,3.0,3.0,2.6,45.0,brick,0.23,brick,0.23,eps,0.1,west,1.2,1.2,0.85,5.8,32.334,35.583,0.369,23.911
Mumbai,19.076,72.8777,warm_humid,3.0,3.0,2.6,180.0,brick,0.115,brick,0.115,mineral_wool,0.1,east,1.2,0.6,0.85,5.8,32.741,36.247,0.2976,23.92
Mumbai,19.076,72.8777,warm_humid,3.0,3.0,2.6,90.0,plywood,0.03,puf_sandwich_panel,0.15,mineral_wool,0.025,south,0.9,0.6,0.35,5.8,33.222,40.016,0.4048,21.058
Mumbai,19.076,72.8777,warm_humid,3.0,3.0,2.6,0.0,rammed_earth,0.45,concrete,0.15,eps,0.05,east,0.6,1.5,0.55,5.8,31.234,34.189,0.506,23.907
Mumbai,19.076,72.8777,warm_humid,3.0,3.0,2.6,90.0,puf_sandwich_panel,0.075,gi_sheet,0.002,eps,0.05,west,0.6,1.5,0.65,5.8,32.5,38.087,0.4643,22.491
Mumbai,19.076,72.8777,warm_humid,3.0,3.0,2.6,135.0,brick,0.23,concrete,0.2,mineral_wool,0.05,west,1.5,0.9,0.65,2.6,32.636,36.124,0.3571,23.911
Mumbai,19.076,72.8777,warm_humid,3.0,3.0,2.6,90.0,gi_sheet,0.002,brick,0.23,mineral_wool,0.05,north,1.8,1.2,0.85,2.6,35.001,41.128,0.1726,22.792
Mumbai,19.076,72.8777,warm_humid,3.0,3.0,2.6,180.0,plywood,0.019,puf_sandwich_panel,0.15,mineral_wool,0.05,north,1.8,1.2,0.35,2.6,33.433,40.549,0.4107,21.012
Mumbai,19.076,72.8777,warm_humid,3.0,3.0,2.6,0.0,plywood,0.019,gi_sheet,0.002,eps,0.1,east,1.2,0.9,0.65,3.5,33.299,39.482,0.3929,22.065
Mumbai,19.076,72.8777,warm_humid,3.0,3.0,2.6,45.0,brick,0.23,brick,0.23,none,0.0,west,0.6,0.6,0.85,5.8,35.748,41.143,0.1429,23.911
Mumbai,19.076,72.8777,warm_humid,3.0,3.0,2.6,90.0,plywood,0.019,brick,0.115,eps,0.05,west,0.6,0.9,0.45,5.8,33.23,38.612,0.3333,22.484
Mumbai,19.076,72.8777,warm_humid,3.0,3.0,2.6,135.0,brick,0.23,concrete,0.15,eps,0.05,west,0.9,1.5,0.75,2.6,32.868,36.475,0.3214,23.912
Mumbai,19.076,72.8777,warm_humid,3.0,3.0,2.6,180.0,brick,0.23,puf_sandwich_panel,0.05,eps,0.1,south,1.2,1.5,0.65,5.8,32.005,35.314,0.3929,23.914
Mumbai,19.076,72.8777,warm_humid,3.0,3.0,2.6,180.0,puf_sandwich_panel,0.15,concrete,0.15,eps,0.05,east,0.6,1.5,0.55,2.6,32.46,36.173,0.375,23.94
Mumbai,19.076,72.8777,warm_humid,3.0,3.0,2.6,45.0,brick,0.345,gi_sheet,0.002,eps,0.1,north,0.9,0.9,0.65,5.8,31.005,33.639,0.5119,23.91
Mumbai,19.076,72.8777,warm_humid,3.0,3.0,2.6,90.0,plywood,0.03,rcc_slab,0.1,mineral_wool,0.1,south,1.5,1.5,0.55,3.5,33.938,39.662,0.2738,23.241
Mumbai,19.076,72.8777,warm_humid,3.0,3.0,2.6,180.0,gi_sheet,0.002,brick,0.23,eps,0.025,west,0.6,1.5,0.35,2.6,34.471,40.628,0.2262,21.836
Mumbai,19.076,72.8777,warm_humid,3.0,3.0,2.6,90.0,plywood,0.019,gi_sheet,0.002,eps,0.1,north,1.5,0.6,0.55,5.8,32.812,38.516,0.4286,22.1
Mumbai,19.076,72.8777,warm_humid,3.0,3.0,2.6,180.0,puf_sandwich_panel,0.1,brick,0.23,mineral_wool,0.025,north,0.6,0.6,0.35,5.8,32.314,35.839,0.3929,23.935
Mumbai,19.076,72.8777,warm_humid,3.0,3.0,2.6,0.0,concrete,0.2,concrete,0.2,none,0.0,north,0.9,0.9,0.85,3.5,36.938,43.681,0.1131,23.157
Mumbai,19.076,72.8777,warm_humid,3.0,3.0,2.6,90.0,brick,0.115,concrete,0.2,eps,0.05,north,1.5,0.9,0.45,3.5,33.199,37.15,0.2798,23.917
Mumbai,19.076,72.8777,warm_humid,3.0,3.0,2.6,135.0,brick,0.345,brick,0.23,mineral_wool,0.1,south,0.9,1.5,0.35,5.8,30.844,33.529,0.5179,23.908
Mumbai,19.076,72.8777,warm_humid,3.0,3.0,2.6,0.0,brick,0.115,gi_sheet,0.002,mineral_wool,0.05,east,1.2,0.6,0.75,5.8,33.556,37.86,0.2143,23.924
Mumbai,19.076,72.8777,warm_humid,3.0,3.0,2.6,180.0,rammed_earth,0.45,concrete,0.1,eps,0.05,south,1.8,0.9,0.65,2.6,31.604,34.712,0.494,23.908
Mumbai,19.076,72.8777,warm_humid,3.0,3.0,2.6,45.0,concrete,0.3,gi_sheet,0.002,none,0.0,east,1.2,0.9,0.85,3.5,37.389,44.005,0.1131,23.666
Mumbai,19.076,72.8777,warm_humid,3.0,3.0,2.6,135.0,gi_sheet,0.002,rcc_slab,0.15,eps,0.05,north,1.5,0.9,0.55,3.5,34.061,39.763,0.25,22.436
Mumbai,19.076,72.8777,warm_humid,3.0,3.0,2.6,0.0,puf_sandwich_panel,0.15,brick,0.23,none,0.0,south,1.5,0.9,0.55,2.6,35.002,40.698,0.1607,23.935
Mumbai,19.076,72.8777,warm_humid,3.0,3.0,2.6,0.0,puf_sandwich_panel,0.075,rcc_slab,0.2,eps,0.05,south,0.6,0.6,0.85,2.6,32.065,35.412,0.4286,23.934
Mumbai,19.076,72.8777,warm_humid,3.0,3.0,2.6,45.0,gi_sheet,0.002,concrete,0.2,mineral_wool,0.025,east,1.5,1.2,0.85,5.8,35.715,42.832,0.1786,22.013
Mumbai,19.076,72.8777,warm_humid,3.0,3.0,2.6,0.0,gi_sheet,0.002,gi_sheet,0.002,mineral_wool,0.1,east,1.8,0.9,0.75,3.5,34.238,41.421,0.3333,21.522
Mumbai,19.076,72.8777,warm_humid,3.0,3.0,2.6,180.0,rammed_earth,0.45,gi_sheet,0.002,mineral_wool,0.025,east,0.6,1.5,0.65,5.8,32.494,35.869,0.369,23.908
Mumbai,19.076,72.8777,warm_humid,3.0,3.0,2.6,135.0,brick,0.23,concrete,0.15,eps,0.1,west,1.5,1.5,0.85,5.8,32.942,36.569,0.3155,23.912
Mumbai,19.076,72.8777,warm_humid,3.0,3.0,2.6,135.0,gi_sheet,0.002,rcc_slab,0.15,eps,0.05,north,0.9,1.5,0.45,5.8,33.897,39.487,0.256,22.362
Mumbai,19.076,72.8777,warm_humid,3.0,3.0,2.6,135.0,rammed_earth,0.45,brick,0.23,mineral_wool,0.1,east,0.9,1.5,0.65,5.8,31.038,33.994,0.5119,23.907
Mumbai,19.076,72.8777,warm_humid,3.0,3.0,2.6,180.0,gi_sheet,0.002,puf_sandwich_panel,0.1,mineral_wool,0.1,north,1.2,1.2,0.65,3.5,33.5,40.138,0.3869,21.81
Mumbai,19.076,72.8777,warm_humid,3.0,3.0,2.6,180.0,gi_sheet,0.002,gi_sheet,0.002,mineral_wool,0.025,east,0.9,0.6,0.55,3.5,34.877,44.408,0.3631,19.517
Mumbai,19.076,72.8777,warm_humid,3.0,3.0,2.6,180.0,gi_sheet,0.002,gi_sheet,0.002,eps,0.025,south,1.8,0.6,0.75,2.6,35.023,44.929,0.369,19.341
Mumbai,19.076,72.8777,warm_humid,3.0,3.0,2.6,135.0,puf_sandwich_panel,0.15,brick,0.115,none,0.0,west,0.6,1.5,0.35,2.6,35.934,44.069,0.2321,22.08
Mumbai,19.076,72.8777,warm_humid,3.0,3.0,2.6,180.0,rammed_earth,0.45,puf_sandwich_panel,0.1,eps,0.1,west,1.5,0.6,0.85,5.8,30.655,33.274,0.5714,23.908
Mumbai,19.076,72.8777,warm_humid,3.0,3.0,2.6,180.0,puf_sandwich_panel,0.075,puf_sandwich_panel,0.1,mineral_wool,0.1,east,1.5,0.9,0.85,2.6,33.211,39.702,0.4226,23.238
Mumbai,19.076,72.8777,warm_humid,3.0,3.0,2.6,180.0,brick,0.23,rcc_slab,0.15,mineral_wool,0.025,south,0.6,1.5,0.85,3.5,33.573,37.647,0.2738,23.912
Mumbai,19.076,72.8777,warm_humid,3.0,3.0,2.6,0.0,puf_sandwich_panel,0.1,rcc_slab,0.25,eps,0.05,south,0.6,1.2,0.65,2.6,32.135,35.435,0.3929,23.929
Mumbai,19.076,72.8777,warm_humid,3.0,3.0,2.6,0.0,plywood,0.03,gi_sheet,0.002,eps,0.05,north,0.9,1.2,0.75,5.8,33.743,41.02,0.3869,21.331
Mumbai,19.076,72.8777,warm_humid,3.0,3.0,2.6,135.0,concrete,0.15,puf_sandwich_panel,0.15,none,0.0,west,1.2,0.6,0.35,2.6,35.821,42.791,0.1607,21.4
Mumbai,19.076,72.8777,warm_humid,3.0,3.0,2.6,180.0,brick,0.345,rcc_slab,0.2,eps,0.025,south,0.6,1.5,0.45,3.5,32.456,35.866,0.369,23.908
Mumbai,19.076,72.8777,warm_humid,3.0,3.0,2.6,0.0,puf_sandwich_panel,0.05,rcc_slab,0.1,mineral_wool,0.05,west,0.6,0.6,0.85,5.8,32.533,36.724,0.3988,23.908
Mumbai,19.076,72.8777,warm_humid,3.0,3.0,2.6,90.0,gi_sheet,0.002,rcc_slab,0.1,eps,0.1,north,1.5,1.5,0.35,5.8,33.27,38.665,0.3333,22.098
Mumbai,19.076,72.8777,warm_humid,3.0,3.0,2.6,180.0,gi_sheet,0.002,gi_sheet,0.002,eps,0.1,east,0.9,1.5,0.45,5.8,33.489,40.271,0.3869,21.474
Mumbai,19.076,72.8777,warm_humid,3.0,3.0,2.6,45.0,gi_sheet,0.002,gi_sheet,0.002,mineral_wool,0.025,north,0.9,0.9,0.65,3.5,34.956,44.617,0.3631,19.409
Mumbai,19.076,72.8777,warm_humid,3.0,3.0,2.6,135.0,brick,0.345,brick,0.23,mineral_wool,0.025,north,1.8,0.6,0.35,3.5,32.484,35.862,0.3631,23.908
Mumbai,19.076,72.8777,warm_humid,3.0,3.0,2.6,90.0,concrete,0.1,concrete,0.15,mineral_wool,0.1,west,1.5,1.2,0.45,3.5,32.366,36.043,0.3333,23.918
Mumbai,19.076,72.8777,warm_humid,3.0,3.0,2.6,0.0,plywood,0.05,puf_sandwich_panel,0.1,eps,0.1,south,1.2,1.2,0.85,2.6,33.47,39.666,0.369,23.127
Mumbai,19.076,72.8777,warm_humid,3.0,3.0,2.6,180.0,brick,0.115,puf_sandwich_panel,0.15,none,0.0,south,0.9,1.5,0.55,2.6,35.796,43.53,0.1905,20.991
Mumbai,19.076,72.8777,warm_humid,3.0,3.0,2.6,180.0,rammed_earth,0.15,puf_sandwich_panel,0.1,mineral_wool,0.025,south,1.5,1.5,0.65,2.6,33.654,38.475,0.2321,23.562
Mumbai,19.076,72.8777,warm_humid,3.0,3.0,2.6,0.0,brick,0.115,gi_sheet,0.002,mineral_wool,0.1,north,1.2,0.9,0.35,3.5,32.259,35.806,0.3452,23.924
Mumbai,19.076,72.8777,warm_humid,3.0,3.0,2.6,0.0,plywood,0.05,concrete,0.2,mineral_wool,0.05,east,1.2,1.2,0.65,5.8,33.771,38.433,0.2024,23.93
Mumbai,19.076,72.8777,warm_humid,3.0,3.0,2.6,90.0,gi_sheet,0.002,puf_sandwich_panel,0.075,none,0.0,south,1.8,1.2,0.85,5.8,37.059,52.56,0.4048,16.053
Mumbai,19.076,72.8777,warm_humid,3.0,3.0,2.6,45.0,concrete,0.1,concrete,0.15,mineral_wool,0.025,west,1.5,0.6,0.55,2.6,34.476,39.401,0.1905,23.839
Mumbai,19.076,72.8777,warm_humid,3.0,3.0,2.6,45.0,plywood,0.012,puf_sandwich_panel,0.05,mineral_wool,0.025,south,1.5,0.9,0.85,2.6,35.106,45.565,0.369,20.009
Mumbai,19.076,72.8777,warm_humid,3.0,3.0,2.6,180.0,brick,0.23,puf_sandwich_panel,0.15,mineral_wool,0.025,north,1.2,1.2,0.55,2.6,33.018,36.863,0.2976,23.914
Mumbai,19.076,72.8777,warm_humid,3.0,3.0,2.6,45.0,brick,0.345,concrete,0.15,mineral_wool,0.1,north,1.8,1.2,0.35,3.5,31.254,34.063,0.5,23.909
Mumbai,19.076,72.8777,warm_humid,3.0,3.0,2.6,90.0,plywood,0.03,rcc_slab,0.2,none,0.0,north,0.9,0.9,0.35,5.8,37.073,47.158,0.2202,19.565
Mumbai,19.076,72.8777,warm_humid,3.0,3.0,2.6,135.0,rammed_earth,0.3,gi_sheet,0.002,eps,0.1,north,1.5,1.2,0.35,3.5,31.637,34.606,0.4345,23.912
Mumbai,19.076,72.8777,warm_humid,3.0,3.0,2.6,135.0,concrete,0.1,gi_sheet,0.002,eps,0.05,east,0.9,0.6,0.35,3.5,33.155,37.325,0.244,23.923
Mumbai,19.076,72.8777,warm_humid,3.0,3.0,2.6,135.0,concrete,0.3,concrete,0.15,mineral_wool,0.025,north,1.8,0.6,0.55,3.5,33.212,36.993,0.3095,23.908
Mumbai,19.076,72.8777,warm_humid,3.0,3.0,2.6,45.0,brick,0.115,puf_sandwich_panel,0.075,mineral_wool,0.025,south,1.5,0.9,0.75,5.8,34.47,39.638,0.1845,23.925
Mumbai,19.076,72.8777,warm_humid,3.0,3.0,2.6,90.0,puf_sandwich_panel,0.15,gi_sheet,0.002,none,0.0,south,0.9,1.2,0.65,5.8,37.878,53.601,0.3452,18.994
Mumbai,19.076,72.8777,warm_humid,3.0,3.0,2.6,90.0,concrete,0.1,rcc_slab,0.1,mineral_wool,0.05,east,0.6,1.5,0.75,2.6,33.508,37.776,0.25,23.919
Mumbai,19.076,72.8777,warm_humid,3.0,3.0,2.6,135.0,brick,0.345,concrete,0.15,eps,0.025,west,0.6,0.6,0.85,5.8,32.542,35.935,0.3631,23.909
Mumbai,19.076,72.8777,warm_humid,3.0,3.0,2.6,0.0,concrete,0.3,brick,0.115,mineral_wool,0.05,south,0.6,0.6,0.85,2.6,31.851,34.93,0.4226,23.909
Mumbai,19.076,72.8777,warm_humid,3.0,3.0,2.6,135.0,plywood,0.019,gi_sheet,0.002,eps,0.05,south,1.8,0.6,0.45,3.5,33.703,41.126,0.3988,20.996
Mumbai,19.076,72.8777,warm_humid,3.0,3.0,2.6,45.0,plywood,0.012,rcc_slab,0.15,mineral_wool,0.05,north,1.5,0.9,0.45,2.6,33.707,39.113,0.2857,22.488
Mumbai,19.076,72.8777,warm_humid,3.0,3.0,2.6,90.0,puf_sandwich_panel,0.075,concrete,0.2,eps,0.025,west,0.9,0.6,0.45,3.5,32.668,36.556,0.3393,23.934
Mumbai,19.076,72.8777,warm_humid,3.0,3.0,2.6,45.0,puf_sandwich_panel,0.15,concrete,0.2,eps,0.05,south,1.8,0.6,0.75,2.6,32.93,36.74,0.2857,23.934
Mumbai,19.076,72.8777,warm_humid,3.0,3.0,2.6,45.0,puf_sandwich_panel,0.15,concrete,0.2,eps,0.025,north,1.2,1.5,0.45,3.5,33.209,37.526,0.2738,23.858
Mumbai,19.076,72.8777,warm_humid,3.0,3.0,2.6,135.0,puf_sandwich_panel,0.05,concrete,0.2,eps,0.1,west,1.8,0.6,0.85,3.5,32.316,35.917,0.4048,23.934
Mumbai,19.076,72.8777,warm_humid,3.0,3.0,2.6,135.0,concrete,0.3,gi_sheet,0.002,eps,0.05,north,0.9,1.5,0.85,2.6,32.88,36.417,0.3512,23.91
Mumbai,19.076,72.8777,warm_humid,3.0,3.0,2.6,90.0,gi_sheet,0.002,gi_sheet,0.002,eps,0.1,north,1.8,1.2,0.65,3.5,34.164,41.697,0.3571,21.083
Mumbai,19.076,72.8777,warm_humid,3.0,3.0,2.6,45.0,brick,0.23,gi_sheet,0.002,eps,0.05,south,0.6,0.6,0.65,2.6,32.374,35.708,0.3452,23.914
Mumbai,19.076,72.8777,warm_humid,3.0,3.0,2.6,45.0,gi_sheet,0.002,concrete,0.15,mineral_wool,0.1,north,0.9,0.6,0.85,3.5,32.794,37.112,0.3274,23.324
Mumbai,19.076,72.8777,warm_humid,3.0,3.0,2.6,45.0,gi_sheet,0.002,brick,0.23,none,0.0,north,0.9,0.9,0.55,2.6,37.183,49.922,0.3036,16.844
Mumbai,19.076,72.8777,warm_humid,3.0,3.0,2.6,135.0,puf_sandwich_panel,0.075,rcc_slab,0.2,mineral_wool,0.025,east,1.5,1.2,0.75,3.5,34.642,39.941,0.1667,23.934
Mumbai,19.076,72.8777,warm_humid,3.0,3.0,2.6,135.0,plywood,0.03,brick,0.23,eps,0.025,east,0.9,1.5,0.85,2.6,35.213,41.518,0.1667,23.342
Mumbai,19.076,72.8777,warm_humid,3.0,3.0,2.6,135.0,gi_sheet,0.002,puf_sandwich_panel,0.05,eps,0.025,east,0.6,1.5,0.65,2.6,34.437,43.533,0.369,19.759
Mumbai,19.076,72.8777,warm_humid,3.0,3.0,2.6,135.0,puf_sandwich_panel,0.1,gi_sheet,0.002,none,0.0,south,0.9,0.6,0.55,2.6,37.457,52.513,0.3512,18.991
Mumbai,19.076,72.8777,warm_humid,3.0,3.0,2.6,90.0,gi_sheet,0.002,puf_sandwich_panel,0.05,eps,0.025,north,1.2,0.9,0.35,3.5,33.977,42.326,0.4107,19.68
Mumbai,19.076,72.8777,warm_humid,3.0,3.0,2.6,45.0,plywood,0.03,puf_sandwich_panel,0.15,mineral_wool,0.025,west,1.2,1.5,0.85,2.6,34.723,43.704,0.3452,20.562
Mumbai,19.076,72.8777,warm_humid,3.0,3.0,2.6,0.0,concrete,0.15,puf_sandwich_panel,0.1,none,0.0,north,1.8,1.5,0.75,3.5,36.265,44.005,0.1607,21.212
Mumbai,19.076,72.8777,warm_humid,3.0,3.0,2.6,45.0,puf_sandwich_panel,0.15,puf_sandwich_panel,0.15,mineral_wool,0.1,south,0.9,1.5,0.65,3.5,32.471,37.806,0.4583,23.666
Mumbai,19.076,72.8777,warm_humid,3.0,3.0,2.6,90.0,plywood,0.019,puf_sandwich_panel,0.1,eps,0.1,south,1.2,0.9,0.35,3.5,32.44,38.075,0.4643,22.111
Mumbai,19.076,72.8777,warm_humid,3.0,3.0,2.6,90.0,rammed_earth,0.45,puf_sandwich_panel,0.1,mineral_wool,0.05,south,0.9,1.2,0.75,5.8,31.3,34.207,0.506,23.908
Mumbai,19.076,72.8777,warm_humid,3.0,3.0,2.6,45.0,concrete,0.1,gi_sheet,0.002,mineral_wool,0.025,south,0.9,1.5,0.75,3.5,35.295,41.173,0.1607,23.554
Mumbai,19.076,72.8777,warm_humid,3.0,3.0,2.6,135.0,gi_sheet,0.002,concrete,0.15,none,0.0,north,1.8,1.2,0.35,2.6,37.761,52.117,0.3333,16.346
Mumbai,19.076,72.8777,warm_humid,3.0,3.0,2.6,0.0,gi_sheet,0.002,concrete,0.2,none,0.0,west,0.9,1.2,0.85,3.5,37.733,51.522,0.3036,16.732
Mumbai,19.076,72.8777,warm_humid,3.0,3.0,2.6,45.0,puf_sandwich_panel,0.15,rcc_slab,0.15,mineral_wool,0.025,east,1.8,1.5,0.55,2.6,34.517,40.079,0.2143,23.837
Mumbai,19.076,72.8777,warm_humid,3.0,3.0,2.6,45.0,plywood,0.012,puf_sandwich_panel,0.05,eps,0.05,east,0.9,1.2,0.85,3.5,34.044,41.716,0.375,21.091
Mumbai,19.076,72.8777,warm_humid,3.0,3.0,2.6,180.0,rammed_earth,0.3,concrete,0.15,mineral_wool,0.1,west,1.5,0.9,0.65,2.6,31.666,34.563,0.4405,23.91
Mumbai,19.076,72.8777,warm_humid,3.0,3.0,2.6,90.0,gi_sheet,0.002,rcc_slab,0.2,eps,0.05,north,1.5,0.6,0.75,3.5,33.779,38.917,0.2381,22.956
Mumbai,19.076,72.8777,warm_humid,3.0,3.0,2.6,135.0,brick,0.23,concrete,0.1,eps,0.05,north,0.9,1.5,0.65,5.8,33.067,36.719,0.2976,23.913
Mumbai,19.076,72.8777,warm_humid,3.0,3.0,2.6,90.0,rammed_earth,0.3,puf_sandwich_panel,0.15,mineral_wool,0.05,north,1.5,1.5,0.65,2.6,32.727,36.241,0.3333,23.912
Mumbai,19.076,72.8777,warm_humid,3.0,3.0,2.6,135.0,gi_sheet,0.002,gi_sheet,0.002,eps,0.05,east,1.2,0.9,0.75,3.5,34.468,43.091,0.369,20.672
Mumbai,19.076,72.8777,warm_humid,3.0,3.0,2.6,45.0,concrete,0.3,rcc_slab,0.1,mineral_wool,0.025,north,1.2,1.5,0.35,5.8,33.279,37.172,0.3036,23.909
Mumbai,19.076,72.8777,warm_humid,3.0,3.0,2.6,45.0,brick,0.345,brick,0.23,none,0.0,south,1.5,0.6,0.85,2.6,35.188,39.953,0.2024,23.908
Mumbai,19.076,72.8777,warm_humid,3.0,3.0,2.6,180.0,puf_sandwich_panel,0.15,puf_sandwich_panel,0.075,eps,0.1,north,1.8,0.9,0.65,2.6,32.596,38.168,0.4762,23.276
Mumbai,19.076,72.8777,warm_humid,3.0,3.0,2.6,0.0,plywood,0.012,concrete,0.2,eps,0.05,east,1.8,0.6,0.35,3.5,33.528,38.382,0.2619,23.209
Mumbai,19.076,72.8777,warm_humid,3.0,3.0,2.6,45.0,rammed_earth,0.15,concrete,0.2,eps,0.025,west,0.6,0.6,0.65,3.5,33.594,37.753,0.2679,23.915
Mumbai,19.076,72.8777,warm_humid,3.0,3.0,2.6,180.0,concrete,0.2,puf_sandwich_panel,0.075,eps,0.05,south,1.8,0.6,0.65,3.5,32.283,35.752,0.3631,23.914
Mumbai,19.076,72.8777,warm_humid,3.0,3.0,2.6,90.0,concrete,0.3,gi_sheet,0.002,eps,0.025,south,1.8,1.5,0.45,2.6,34.045,38.341,0.256,23.91
Mumbai,19.076,72.8777,warm_humid,3.0,3.0,2.6,135.0,concrete,0.3,puf_sandwich_panel,0.15,mineral_wool,0.025,north,0.6,0.9,0.85,2.6,32.257,35.597,0.369,23.909
Mumbai,19.076,72.8777,warm_humid,3.0,3.0,2.6,180.0,rammed_earth,0.15,gi_sheet,0.002,none,0.0,west,0.6,1.5,0.55,2.6,37.602,46.874,0.1488,20.224
Mumbai,19.076,72.8777,warm_humid,3.0,3.0,2.6,90.0,gi_sheet,0.002,rcc_slab,0.1,none,0.0,south,1.8,0.6,0.85,2.6,38.079,54.224,0.3512,16.085
Mumbai,19.076,72.8777,warm_humid,3.0,3.0,2.6,135.0,plywood,0.019,concrete,0.15,mineral_wool,0.025,south,0.9,1.5,0.75,5.8,35.116,42.088,0.2262,21.762
Mumbai,19.076,72.8777,warm_humid,3.0,3.0,2.6,90.0,puf_sandwich_panel,0.05,brick,0.115,eps,0.05,east,0.6,0.6,0.35,5.8,32.171,36.159,0.4286,23.819
Mumbai,19.076,72.8777,warm_humid,3.0,3.0,2.6,0.0,puf_sandwich_panel,0.05,puf_sandwich_panel,0.15,mineral_wool,0.05,west,0.9,0.6,0.45,3.5,31.6,36.057,0.5536,23.073
Mumbai,19.076,72.8777,warm_humid,3.0,3.0,2.6,45.0,brick,0.23,puf_sandwich_panel,0.1,eps,0.05,west,0.9,0.9,0.55,2.6,31.987,35.175,0.3869,23.914
Mumbai,19.076,72.8777,warm_humid,3.0,3.0,2.6,90.0,concrete,0.2,puf_sandwich_panel,0.1,mineral_wool,0.05,west,0.9,0.9,0.75,5.8,32.031,35.391,0.3869,23.913
Mumbai,19.076,72.8777,warm_humid,3.0,3.0,2.6,135.0,puf_sandwich_panel,0.075,rcc_slab,0.2,mineral_wool,0.1,west,0.9,0.9,0.75,5.8,31.783,34.965,0.4643,23.933
Mumbai,19.076,72.8777,warm_humid,3.0,3.0,2.6,90.0,concrete,0.3,rcc_slab,0.25,eps,0.025,west,1.5,0.9,0.45,3.5,32.758,36.412,0.3631,23.908
Mumbai,19.076,72.8777,warm_humid,3.0,3.0,2.6,45.0,rammed_earth,0.3,rcc_slab,0.25,eps,0.025,east,0.6,0.6,0.55,2.6,32.475,35.864,0.3631,23.909
Mumbai,19.076,72.8777,warm_humid,3.0,3.0,2.6,90.0,rammed_earth,0.3,puf_sandwich_panel,0.075,mineral_wool,0.1,south,0.6,1.5,0.75,3.5,31.399,34.171,0.4762,23.912
Mumbai,19.076,72.8777,warm_humid,3.0,3.0,2.6,90.0,brick,0.115,brick,0.115,mineral_wool,0.025,north,0.6,1.5,0.75,2.6,34.625,39.644,0.1726,23.92
Mumbai,19.076,72.8777,warm_humid,3.0,3.0,2.6,135.0,brick,0.115,concrete,0.1,mineral_wool,0.05,east,1.8,1.5,0.75,2.6,35.391,40.655,0.131,23.921
Mumbai,19.076,72.8777,warm_humid,3.0,3.0,2.6,135.0,rammed_earth,0.15,brick,0.115,mineral_wool,0.05,north,0.6,1.5,0.75,2.6,33.231,37.103,0.2738,23.918
Mumbai,19.076,72.8777,warm_humid,3.0,3.0,2.6,180.0,concrete,0.2,brick,0.115,mineral_wool,0.1,south,0.6,0.9,0.45,5.8,31.359,34.193,0.5,23.912
Mumbai,19.076,72.8777,warm_humid,3.0,3.0,2.6,0.0,rammed_earth,0.3,brick,0.23,eps,0.05,east,1.2,1.5,0.45,2.6,32.316,35.609,0.3631,23.91
Mumbai,19.076,72.8777,warm_humid,3.0,3.0,2.6,135.0,brick,0.23,rcc_slab,0.1,eps,0.025,east,0.9,1.2,0.35,5.8,33.643,37.702,0.2619,23.912
Mumbai,19.076,72.8777,warm_humid,3.0,3.0,2.6,90.0,gi_sheet,0.002,concrete,0.1,eps,0.025,east,0.9,1.2,0.85,3.5,35.233,43.406,0.2679,20.847
Mumbai,19.076,72.8777,warm_humid,3.0,3.0,2.6,90.0,brick,0.345,puf_sandwich_panel,0.1,eps,0.05,east,1.2,0.9,0.85,5.8,31.813,34.859,0.4167,23.91
Mumbai,19.076,72.8777,warm_humid,3.0,3.0,2.6,180.0,concrete,0.3,gi_sheet,0.002,mineral_wool,0.025,south,1.5,0.6,0.85,5.8,33.264,37.187,0.3036,23.909
Mumbai,19.076,72.8777,warm_humid,3.0,3.0,2.6,135.0,brick,0.23,gi_sheet,0.002,mineral_wool,0.05,east,0.6,0.9,0.45,3.5,32.368,35.718,0.3452,23.914
Mumbai,19.076,72.8777,warm_humid,3.0,3.0,2.6,180.0,rammed_earth,0.3,puf_sandwich_panel,0.15,mineral_wool,0.025,west,1.5,0.9,0.45,5.8,32.239,35.615,0.3631,23.912
Mumbai,19.076,72.8777,warm_humid,3.0,3.0,2.6,135.0,plywood,0.019,brick,0.115,eps,0.025,east,0.6,1.5,0.75,5.8,35.116,42.811,0.2619,21.48
Mumbai,19.076,72.8777,warm_humid,3.0,3.0,2.6,90.0,concrete,0.15,rcc_slab,0.15,mineral_wool,0.1,north,1.2,0.6,0.75,2.6,31.954,35.096,0.3929,23.914
Mumbai,19.076,72.8777,warm_humid,3.0,3.0,2.6,0.0,rammed_earth,0.45,rcc_slab,0.1,eps,0.025,east,1.5,1.2,0.75,3.5,33.157,36.808,0.3393,23.908
Mumbai,19.076,72.8777,warm_humid,3.0,3.0,2.6,180.0,brick,0.115,brick,0.23,eps,0.05,south,1.5,0.6,0.75,3.5,33.096,37.013,0.2857,23.917
Mumbai,19.076,72.8777,warm_humid,3.0,3.0,2.6,180.0,plywood,0.019,puf_sandwich_panel,0.1,mineral_wool,0.025,east,1.8,0.6,0.85,3.5,34.563,43.689,0.381,20.472
Mumbai,19.076,72.8777,warm_humid,3.0,3.0,2.6,45.0,concrete,0.15,rcc_slab,0.2,eps,0.025,north,1.5,1.5,0.55,2.6,34.467,39.196,0.2024,23.913
Mumbai,19.076,72.8777,warm_humid,3.0,3.0,2.6,90.0,brick,0.115,brick,0.23,mineral_wool,0.025,west,1.2,1.2,0.75,2.6,34.318,39.185,0.1964,23.917
Mumbai,19.076,72.8777,warm_humid,3.0,3.0,2.6,90.0,brick,0.345,rcc_slab,0.1,eps,0.1,west,1.5,1.5,0.85,5.8,32.002,35.266,0.4048,23.909
Mumbai,19.076,72.8777,warm_humid,3.0,3.0,2.6,90.0,concrete,0.2,gi_sheet,0.002,eps,0.05,west,1.2,0.9,0.35,3.5,32.438,36.013,0.3512,23.914
Mumbai,19.076,72.8777,warm_humid,3.0,3.0,2.6,45.0,brick,0.115,rcc_slab,0.1,eps,0.05,east,1.8,0.6,0.75,5.8,33.799,38.07,0.2143,23.92
Mumbai,19.076,72.8777,warm_humid,3.0,3.0,2.6,0.0,plywood,0.019,gi_sheet,0.002,mineral_wool,0.1,north,1.5,0.9,0.75,2.6,33.229,39.685,0.4048,21.965
Mumbai,19.076,72.8777,warm_humid,3.0,3.0,2.6,0.0,gi_sheet,0.002,concrete,0.15,mineral_wool,0.1,north,0.9,0.6,0.35,5.8,32.587,36.76,0.369,23.436
Mumbai,19.076,72.8777,warm_humid,3.0,3.0,2.6,45.0,brick,0.23,puf_sandwich_panel,0.15,eps,0.05,west,0.9,1.5,0.85,5.8,32.767,36.341,0.3095,23.914
Mumbai,19.076,72.8777,warm_humid,3.0,3.0,2.6,0.0,gi_sheet,0.002,puf_sandwich_panel,0.05,eps,0.025,west,1.5,0.6,0.35,3.5,34.191,43.131,0.4048,19.746
Mumbai,19.076,72.8777,warm_humid,3.0,3.0,2.6,90.0,plywood,0.03,gi_sheet,0.002,eps,0.025,south,1.2,0.6,0.55,3.5,34.605,43.545,0.375,20.334
Mumbai,19.076,72.8777,warm_humid,3.0,3.0,2.6,135.0,gi_sheet,0.002,gi_sheet,0.002,eps,0.05,south,1.8,0.6,0.85,3.5,34.356,42.673,0.375,20.568
Mumbai,19.076,72.8777,warm_humid,3.0,3.0,2.6,0.0,brick,0.345,gi_sheet,0.002,none,0.0,west,1.2,0.9,0.55,3.5,36.87,42.816,0.119,23.91
Mumbai,19.076,72.8777,warm_humid,3.0,3.0,2.6,135.0,puf_sandwich_panel,0.075,rcc_slab,0.2,eps,0.1,west,1.8,1.5,0.65,3.5,33.286,37.752,0.2679,23.807
Mumbai,19.076,72.8777,warm_humid,3.0,3.0,2.6,45.0,brick,0.115,puf_sandwich_panel,0.1,mineral_wool,0.025,south,0.9,0.6,0.65,3.5,33.605,38.174,0.2202,23.924
Mumbai,19.076,72.8777,warm_humid,3.0,3.0,2.6,180.0,concrete,0.3,concrete,0.15,mineral_wool,0.1,south,1.5,1.2,0.75,2.6,31.614,34.679,0.494,23.908
Mumbai,19.076,72.8777,warm_humid,3.0,3.0,2.6,135.0,brick,0.115,puf_sandwich_panel,0.075,eps,0.025,west,0.6,0.9,0.35,5.8,33.34,37.799,0.2381,23.658
Mumbai,19.076,72.8777,warm_humid,3.0,3.0,2.6,0.0,concrete,0.2,concrete,0.1,mineral_wool,0.025,west,0.6,0.6,0.85,3.5,33.809,37.978,0.2619,23.912
Mumbai,19.076,72.8777,warm_humid,3.0,3.0,2.6,0.0,rammed_earth,0.3,rcc_slab,0.15,eps,0.05,west,1.8,0.6,0.45,5.8,32.112,35.287,0.369,23.91
Mumbai,19.076,72.8777,warm_humid,3.0,3.0,2.6,180.0,plywood,0.03,gi_sheet,0.002,eps,0.1,east,1.8,1.5,0.85,2.6,35.813,45.924,0.3095,21.742
Mumbai,19.076,72.8777,warm_humid,3.0,3.0,2.6,180.0,rammed_earth,0.45,rcc_slab,0.2,eps,0.025,south,1.8,1.5,0.85,2.6,33.103,36.932,0.3571,23.907
Mumbai,19.076,72.8777,warm_humid,3.0,3.0,2.6,90.0,gi_sheet,0.002,puf_sandwich_panel,0.1,eps,0.025,south,0.6,1.5,0.65,2.6,34.214,43.086,0.3929,19.837
Mumbai,19.076,72.8777,warm_humid,3.0,3.0,2.6,0.0,rammed_earth,0.45,rcc_slab,0.1,none,0.0,south,1.8,1.2,0.75,5.8,36.416,41.824,0.1488,23.908
Mumbai,19.076,72.8777,warm_humid,3.0,3.0,2.6,45.0,brick,0.115,rcc_slab,0.15,eps,0.05,east,1.2,0.9,0.75,3.5,33.691,37.837,0.2321,23.918
Mumbai,19.076,72.8777,warm_humid,3.0,3.0,2.6,180.0,brick,0.345,puf_sandwich_panel,0.05,mineral_wool,0.025,south,0.9,1.5,0.65,2.6,32.215,35.603,0.369,23.91
Mumbai,19.076,72.8777,warm_humid,3.0,3.0,2.6,135.0,gi_sheet,0.002,rcc_slab,0.15,eps,0.05,west,1.2,1.5,0.35,2.6,33.748,39.373,0.2976,21.95
Mumbai,19.076,72.8777,warm_humid,3.0,3.0,2.6,135.0,plywood,0.012,brick,0.23,none,0.0,east,1.2,1.5,0.35,3.5,37.06,48.436,0.25,18.236
Mumbai,19.076,72.8777,warm_humid,3.0,3.0,2.6,0.0,concrete,0.1,rcc_slab,0.25,mineral_wool,0.05,west,1.8,1.2,0.85,5.8,34.998,39.72,0.1548,23.915
Mumbai,19.076,72.8777,warm_humid,3.0,3.0,2.6,45.0,brick,0.115,gi_sheet,0.002,eps,0.025,north,1.8,1.2,0.45,3.5,34.807,40.51,0.1726,22.79
Mumbai,19.076,72.8777,warm_humid,3.0,3.0,2.6,90.0,puf_sandwich_panel,0.05,gi_sheet,0.002,eps,0.05,east,0.6,0.6,0.75,5.8,32.427,37.909,0.4762,22.683
Mumbai,19.076,72.8777,warm_humid,3.0,3.0,2.6,0.0,brick,0.115,rcc_slab,0.25,none,0.0,north,1.5,1.5,0.75,2.6,37.456,45.437,0.131,22.013
Mumbai,19.076,72.8777,warm_humid,3.0,3.0,2.6,0.0,gi_sheet,0.002,puf_sandwich_panel,0.075,eps,0.1,east,1.8,1.5,0.65,2.6,34.665,42.736,0.3512,20.962
Mumbai,19.076,72.8777,warm_humid,3.0,3.0,2.6,0.0,plywood,0.019,rcc_slab,0.25,eps,0.05,north,1.5,0.6,0.35,2.6,33.104,37.458,0.2619,23.651
Mumbai,19.076,72.8777,warm_humid,3.0,3.0,2.6,180.0,brick,0.345,rcc_slab,0.1,mineral_wool,0.025,east,0.9,1.2,0.75,5.8,33.37,37.137,0.2976,23.909
Mumbai,19.076,72.8777,warm_humid,3.0,3.0,2.6,45.0,plywood,0.05,puf_sandwich_panel,0.1,eps,0.1,east,0.9,0.9,0.55,3.5,32.276,36.905,0.4524,23.005
Mumbai,19.076,72.8777,warm_humid,3.0,3.0,2.6,135.0,concrete,0.3,concrete,0.15,mineral_wool,0.05,west,1.2,1.5,0.75,3.5,32.633,36.119,0.3631,23.909
Mumbai,19.076,72.8777,warm_humid,3.0,3.0,2.6,0.0,concrete,0.3,gi_sheet,0.002,mineral_wool,0.1,east,0.9,1.5,0.75,2.6,31.946,34.976,0.3988,23.909
Mumbai,19.076,72.8777,warm_humid,3.0,3.0,2.6,90.0,rammed_earth,0.15,rcc_slab,0.15,none,0.0,south,0.9,0.9,0.35,5.8,36.965,44.382,0.131,22.003
Mumbai,19.076,72.8777,warm_humid,3.0,3.0,2.6,90.0,concrete,0.3,concrete,0.15,mineral_wool,0.1,north,0.9,0.9,0.85,3.5,31.174,33.991,0.506,23.908
Mumbai,19.076,72.8777,warm_humid,3.0,3.0,2.6,135.0,gi_sheet,0.002,concrete,0.1,eps,0.05,north,1.8,0.9,0.75,5.8,34.712,41.491,0.2619,21.885
Mumbai,19.076,72.8777,warm_humid,3.0,3.0,2.6,45.0,concrete,0.2,concrete,0.15,mineral_wool,0.025,west,0.6,0.9,0.65,2.6,33.646,37.739,0.2679,23.911
Mumbai,19.076,72.8777,warm_humid,3.0,3.0,2.6,45.0,plywood,0.03,puf_sandwich_panel,0.15,mineral_wool,0.025,east,1.2,1.2,0.45,3.5,33.825,41.207,0.3929,20.722
Mumbai,19.076,72.8777,warm_humid,3.0,3.0,2.6,90.0,concrete,0.2,concrete,0.1,none,0.0,north,0.9,0.9,0.35,2.6,37.322,44.569,0.1071,22.561
Mumbai,19.076,72.8777,warm_humid,3.0,3.0,2.6,135.0,gi_sheet,0.002,brick,0.23,eps,0.025,east,1.2,1.2,0.35,2.6,34.659,41.049,0.2202,21.771
Mumbai,19.076,72.8777,warm_humid,3.0,3.0,2.6,180.0,gi_sheet,0.002,puf_sandwich_panel,0.1,eps,0.05,west,1.2,1.2,0.45,2.6,33.631,40.771,0.3929,20.717
Mumbai,19.076,72.8777,warm_humid,3.0,3.0,2.6,135.0,gi_sheet,0.002,rcc_slab,0.15,none,0.0,west,1.5,1.2,0.85,2.6,38.043,52.719,0.3214,16.358
Mumbai,19.076,72.8777,warm_humid,3.0,3.0,2.6,135.0,puf_sandwich_panel,0.05,puf_sandwich_panel,0.1,eps,0.025,west,1.2,1.5,0.45,2.6,32.548,38.351,0.4524,21.858
Mumbai,19.076,72.8777,warm_humid,3.0,3.0,2.6,90.0,brick,0.23,rcc_slab,0.25,mineral_wool,0.025,east,1.2,1.2,0.75,3.5,33.838,37.974,0.2619,23.911
Mumbai,19.076,72.8777,warm_humid,3.0,3.0,2.6,0.0,gi_sheet,0.002,puf_sandwich_panel,0.15,none,0.0,south,1.2,0.9,0.35,2.6,36.322,50.41,0.4167,16.074
Mumbai,19.076,72.8777,warm_humid,3.0,3.0,2.6,90.0,puf_sandwich_panel,0.15,rcc_slab,0.2,eps,0.025,east,1.8,0.9,0.85,3.5,34.199,39.105,0.1786,23.934
Mumbai,19.076,72.8777,warm_humid,3.0,3.0,2.6,90.0,plywood,0.019,gi_sheet,0.002,none,0.0,north,1.8,0.9,0.75,3.5,38.364,55.938,0.3929,16.52
Mumbai,19.076,72.8777,warm_humid,3.0,3.0,2.6,180.0,brick,0.115,puf_sandwich_panel,0.05,eps,0.05,south,1.2,1.2,0.35,5.8,32.807,36.906,0.2917,23.92
Mumbai,19.076,72.8777,warm_humid,3.0,3.0,2.6,135.0,puf_sandwich_panel,0.1,gi_sheet,0.002,eps,0.05,north,1.8,1.5,0.65,3.5,34.551,42.458,0.3631,21.794
Mumbai,19.076,72.8777,warm_humid,3.0,3.0,2.6,0.0,plywood,0.012,rcc_slab,0.1,eps,0.05,south,1.8,0.6,0.75,5.8,34.265,40.703,0.2857,22.589
Mumbai,19.076,72.8777,warm_humid,3.0,3.0,2.6,90.0,puf_sandwich_panel,0.075,rcc_slab,0.15,mineral_wool,0.025,east,0.6,1.2,0.35,2.6,32.943,37.264,0.3214,23.94
Mumbai,19.076,72.8777,warm_humid,3.0,3.0,2.6,180.0,concrete,0.2,rcc_slab,0.15,eps,0.025,south,0.6,1.5,0.55,5.8,33.621,37.777,0.2738,23.911
Mumbai,19.076,72.8777,warm_humid,3.0,3.0,2.6,135.0,gi_sheet,0.002,brick,0.23,eps,0.025,west,1.2,0.6,0.85,5.8,34.656,40.961,0.2202,21.81
Mumbai,19.076,72.8777,warm_humid,3.0,3.0,2.6,45.0,rammed_earth,0.15,puf_sandwich_panel,0.15,mineral_wool,0.05,south,0.9,1.5,0.65,5.8,33.116,37.059,0.2619,23.921
Mumbai,19.076,72.8777,warm_humid,3.0,3.0,2.6,45.0,puf_sandwich_panel,0.15,concrete,0.2,none,0.0,north,0.6,0.6,0.45,5.8,35.806,42.164,0.1488,23.295
Mumbai,19.076,72.8777,warm_humid,3.0,3.0,2.6,90.0,plywood,0.05,concrete,0.2,mineral_wool,0.025,south,0.6,1.2,0.85,5.8,34.411,39.747,0.1845,23.529
Mumbai,19.076,72.8777,warm_humid,3.0,3.0,2.6,45.0,gi_sheet,0.002,brick,0.115,none,0.0,north,1.5,0.6,0.55,3.5,37.636,52.585,0.3512,16.193
Mumbai,19.076,72.8777,warm_humid,3.0,3.0,2.6,180.0,concrete,0.1,gi_sheet,0.002,eps,0.1,south,1.5,1.2,0.65,3.5,33.023,37.227,0.2679,23.924
Mumbai,19.076,72.8777,warm_humid,3.0,3.0,2.6,90.0,brick,0.23,puf_sandwich_panel,0.15,eps,0.05,south,1.8,1.5,0.75,3.5,34.247,38.503,0.1905,23.915
Mumbai,19.076,72.8777,warm_humid,3.0,3.0,2.6,45.0,gi_sheet,0.002,rcc_slab,0.2,mineral_wool,0.025,south,0.9,1.2,0.85,3.5,35.308,42.141,0.1905,22.224
Mumbai,19.076,72.8777,warm_humid,3.0,3.0,2.6,90.0,concrete,0.1,gi_sheet,0.002,mineral_wool,0.025,west,1.2,1.2,0.35,3.5,34.341,39.805,0.1964,22.788
Mumbai,19.076,72.8777,warm_humid,3.0,3.0,2.6,180.0,brick,0.23,gi_sheet,0.002,eps,0.05,east,1.5,1.5,0.65,2.6,34.071,38.263,0.2143,23.914
Mumbai,19.076,72.8777,warm_humid,3.0,3.0,2.6,0.0,puf_sandwich_panel,0.05,concrete,0.2,none,0.0,south,0.6,1.2,0.45,2.6,36.129,43.314,0.1548,22.667
Mumbai,19.076,72.8777,warm_humid,3.0,3.0,2.6,45.0,plywood,0.012,puf_sandwich_panel,0.05,mineral_wool,0.025,east,1.8,0.9,0.45,3.5,34.398,43.176,0.3929,19.89
Mumbai,19.076,72.8777,warm_humid,3.0,3.0,2.6,45.0,concrete,0.2,concrete,0.2,mineral_wool,0.05,north,1.2,1.5,0.75,5.8,33.213,37.039,0.2976,23.911
Mumbai,19.076,72.8777,warm_humid,3.0,3.0,2.6,0.0,gi_sheet,0.002,gi_sheet,0.002,mineral_wool,0.1,east,0.9,0.9,0.85,3.5,33.564,39.941,0.369,21.908
Mumbai,19.076,72.8777,warm_humid,3.0,3.0,2.6,180.0,concrete,0.2,puf_sandwich_panel,0.05,eps,0.05,west,1.8,0.9,0.35,5.8,32.494,36.019,0.3393,23.914
Mumbai,19.076,72.8777,warm_humid,3.0,3.0,2.6,180.0,puf_sandwich_panel,0.15,rcc_slab,0.15,eps,0.025,north,1.8,1.2,0.75,2.6,34.647,40.401,0.2083,23.94
Mumbai,19.076,72.8777,warm_humid,3.0,3.0,2.6,135.0,plywood,0.019,rcc_slab,0.25,mineral_wool,0.1,south,0.9,1.2,0.85,2.6,32.986,37.016,0.2381,23.928
Mumbai,19.076,72.8777,warm_humid,3.0,3.0,2.6,90.0,brick,0.115,brick,0.115,eps,0.025,north,1.5,0.9,0.85,3.5,35.08,40.378,0.1607,23.92
Mumbai,19.076,72.8777,warm_humid,3.0,3.0,2.6,0.0,plywood,0.03,brick,0.115,mineral_wool,0.1,north,0.9,0.6,0.65,5.8,32.36,36.463,0.4048,23.683
Mumbai,19.076,72.8777,warm_humid,3.0,3.0,2.6,0.0,gi_sheet,0.002,gi_sheet,0.002,eps,0.025,west,1.5,0.6,0.55,3.5,35.145,45.515,0.369,19.397
Mumbai,19.076,72.8777,warm_humid,3.0,3.0,2.6,180.0,gi_sheet,0.002,brick,0.23,mineral_wool,0.025,south,1.8,1.5,0.55,2.6,34.973,41.996,0.2262,21.319
Mumbai,19.076,72.8777,warm_humid,3.0,3.0,2.6,45.0,puf_sandwich_panel,0.05,rcc_slab,0.15,mineral_wool,0.05,west,1.8,1.5,0.65,2.6,34.221,39.836,0.2321,23.107
Mumbai,19.076,72.8777,warm_humid,3.0,3.0,2.6,180.0,concrete,0.3,rcc_slab,0.15,mineral_wool,0.025,south,1.5,0.6,0.45,5.8,32.888,36.57,0.3571,23.908
Mumbai,19.076,72.8777,warm_humid,3.0,3.0,2.6,180.0,gi_sheet,0.002,puf_sandwich_panel,0.1,eps,0.025,north,1.5,1.2,0.75,5.8,34.957,44.765,0.369,19.695
Mumbai,19.076,72.8777,warm_humid,3.0,3.0,2.6,180.0,plywood,0.03,concrete,0.15,eps,0.05,north,1.2,1.5,0.35,5.8,33.605,38.83,0.2917,23.17
Mumbai,19.076,72.8777,warm_humid,3.0,3.0,2.6,45.0,gi_sheet,0.002,gi_sheet,0.002,mineral_wool,0.05,west,1.8,1.2,0.35,2.6,34.142,42.482,0.3869,20.169
Mumbai,19.076,72.8777,warm_humid,3.0,3.0,2.6,180.0,puf_sandwich_panel,0.1,rcc_slab,0.2,eps,0.05,west,1.5,0.9,0.55,5.8,32.714,36.509,0.3274,23.934
Mumbai,19.076,72.8777,warm_humid,3.0,3.0,2.6,45.0,brick,0.23,gi_sheet,0.002,eps,0.05,south,1.5,0.9,0.85,3.5,33.669,37.611,0.256,23.914
Mumbai,19.076,72.8777,warm_humid,3.0,3.0,2.6,135.0,rammed_earth,0.45,brick,0.115,mineral_wool,0.025,south,1.8,0.6,0.55,3.5,32.312,35.673,0.369,23.908
Mumbai,19.076,72.8777,warm_humid,3.0,3.0,2.6,135.0,puf_sandwich_panel,0.05,brick,0.23,eps,0.1,south,0.9,0.9,0.45,3.5,31.668,34.85,0.506,23.935
Mumbai,19.076,72.8777,warm_humid,3.0,3.0,2.6,90.0,gi_sheet,0.002,gi_sheet,0.002,mineral_wool,0.025,north,1.5,0.9,0.45,2.6,34.92,44.576,0.369,19.294
Mumbai,19.076,72.8777,warm_humid,3.0,3.0,2.6,90.0,concrete,0.2,gi_sheet,0.002,mineral_wool,0.1,east,0.9,1.2,0.65,3.5,32.029,35.248,0.3869,23.913
Mumbai,19.076,72.8777,warm_humid,3.0,3.0,2.6,45.0,concrete,0.15,concrete,0.2,eps,0.1,east,1.2,1.5,0.75,2.6,33.11,36.757,0.2917,23.913
Mumbai,19.076,72.8777,warm_humid,3.0,3.0,2.6,180.0,plywood,0.03,puf_sandwich_panel,0.05,eps,0.025,north,0.9,0.6,0.35,2.6,33.447,40.568,0.4048,20.883
Mumbai,19.076,72.8777,warm_humid,3.0,3.0,2.6,90.0,brick,0.345,gi_sheet,0.002,mineral_wool,0.025,east,1.5,0.6,0.85,2.6,33.191,36.957,0.3036,23.91
Mumbai,19.076,72.8777,warm_humid,3.0,3.0,2.6,135.0,rammed_earth,0.45,rcc_slab,0.1,eps,0.05,west,1.5,1.2,0.35,2.6,31.459,34.436,0.5,23.908
Mumbai,19.076,72.8777,warm_humid,3.0,3.0,2.6,90.0,gi_sheet,0.002,gi_sheet,0.002,none,0.0,west,0.6,0.9,0.85,5.8,37.932,55.44,0.4107,15.57
Mumbai,19.076,72.8777,warm_humid,3.0,3.0,2.6,0.0,rammed_earth,0.3,concrete,0.1,none,0.0,west,1.2,1.5,0.75,2.6,37.184,43.359,0.1071,23.911
Mumbai,19.076,72.8777,warm_humid,3.0,3.0,2.6,90.0,puf_sandwich_panel,0.075,rcc_slab,0.1,eps,0.025,south,1.8,1.5,0.55,2.6,35.068,42.409,0.244,22.712
Mumbai,19.076,72.8777,warm_humid,3.0,3.0,2.6,0.0,gi_sheet,0.002,rcc_slab,0.2,mineral_wool,0.1,south,1.8,0.9,0.75,3.5,33.895,38.82,0.2083,23.931
Mumbai,19.076,72.8777,warm_humid,3.0,3.0,2.6,135.0,puf_sandwich_panel,0.075,rcc_slab,0.2,none,0.0,east,0.6,0.9,0.45,3.5,36.057,42.909,0.1488,22.986
Mumbai,19.076,72.8777,warm_humid,3.0,3.0,2.6,90.0,concrete,0.15,gi_sheet,0.002,mineral_wool,0.1,east,1.8,0.9,0.65,3.5,32.835,36.576,0.2976,23.917
Mumbai,19.076,72.8777,warm_humid,3.0,3.0,2.6,180.0,rammed_earth,0.15,brick,0.23,none,0.0,north,1.8,1.5,0.85,2.6,37.094,44.391,0.119,23.566
Mumbai,19.076,72.8777,warm_humid,3.0,3.0,2.6,135.0,plywood,0.05,puf_sandwich_panel,0.075,eps,0.025,west,0.9,1.2,0.65,2.6,33.564,40.293,0.3869,21.287
Mumbai,19.076,72.8777,warm_humid,3.0,3.0,2.6,0.0,rammed_earth,0.15,gi_sheet,0.002,none,0.0,south,0.6,1.5,0.35,3.5,37.495,46.704,0.1488,20.244
Mumbai,19.076,72.8777,warm_humid,3.0,3.0,2.6,90.0,gi_sheet,0.002,brick,0.115,eps,0.025,north,0.9,0.6,0.85,5.8,34.827,42.419,0.2798,20.776
Mumbai,19.076,72.8777,warm_humid,3.0,3.0,2.6,45.0,rammed_earth,0.15,rcc_slab,0.25,mineral_wool,0.025,north,1.5,0.6,0.75,2.6,33.803,38.07,0.256,23.914
Mumbai,19.076,72.8777,warm_humid,3.0,3.0,2.6,45.0,rammed_earth,0.15,puf_sandwich_panel,0.1,mineral_wool,0.1,north,1.2,1.5,0.85,5.8,32.958,36.825,0.2857,23.921
Mumbai,19.076,72.8777,warm_humid,3.0,3.0,2.6,90.0,brick,0.345,puf_sandwich_panel,0.075,mineral_wool,0.1,south,1.8,0.9,0.55,5.8,31.573,34.459,0.4524,23.91
Mumbai,19.076,72.8777,warm_humid,3.0,3.0,2.6,45.0,concrete,0.15,concrete,0.1,eps,0.05,east,1.2,1.5,0.55,5.8,33.683,37.812,0.2619,23.915
Mumbai,19.076,72.8777,warm_humid,3.0,3.0,2.6,180.0,brick,0.115,rcc_slab,0.2,none,0.0,east,0.9,1.2,0.35,5.8,37.345,45.33,0.1369,21.774
Mumbai,19.076,72.8777,warm_humid,3.0,3.0,2.6,90.0,gi_sheet,0.002,puf_sandwich_panel,0.05,mineral_wool,0.05,north,0.9,1.5,0.65,3.5,33.84,41.302,0.375,20.725
Mumbai,19.076,72.8777,warm_humid,3.0,3.0,2.6,0.0,rammed_earth,0.3,gi_sheet,0.002,eps,0.1,north,1.5,1.2,0.45,5.8,31.532,34.551,0.4583,23.912
Mumbai,19.076,72.8777,warm_humid,3.0,3.0,2.6,180.0,puf_sandwich_panel,0.075,concrete,0.15,none,0.0,east,0.6,0.9,0.65,5.8,36.68,45.061,0.1786,22.148
Mumbai,19.076,72.8777,warm_humid,3.0,3.0,2.6,135.0,brick,0.23,rcc_slab,0.25,mineral_wool,0.025,south,0.9,0.9,0.75,5.8,33.41,37.292,0.2857,23.911
Mumbai,19.076,72.8777,warm_humid,3.0,3.0,2.6,180.0,rammed_earth,0.3,rcc_slab,0.15,eps,0.025,east,1.8,0.6,0.65,3.5,33.335,37.145,0.2857,23.91
Mumbai,19.076,72.8777,warm_humid,3.0,3.0,2.6,180.0,gi_sheet,0.002,rcc_slab,0.2,mineral_wool,0.025,south,0.9,1.2,0.55,2.6,34.63,40.994,0.2202,21.774
Mumbai,19.076,72.8777,warm_humid,3.0,3.0,2.6,0.0,brick,0.23,rcc_slab,0.15,none,0.0,south,0.9,1.5,0.75,2.6,37.113,43.505,0.1131,23.912
Mumbai,19.076,72.8777,warm_humid,3.0,3.0,2.6,135.0,brick,0.115,concrete,0.1,eps,0.05,north,1.8,1.5,0.35,2.6,33.856,38.384,0.2143,23.921
Mumbai,19.076,72.8777,warm_humid,3.0,3.0,2.6,45.0,puf_sandwich_panel,0.15,concrete,0.2,mineral_wool,0.1,west,1.8,1.5,0.65,5.8,33.457,37.921,0.2202,23.933
Mumbai,19.076,72.8777,warm_humid,3.0,3.0,2.6,0.0,plywood,0.03,puf_sandwich_panel,0.05,eps,0.025,south,0.9,1.2,0.85,5.8,34.337,42.814,0.3929,20.796
Mumbai,19.076,72.8777,warm_humid,3.0,3.0,2.6,90.0,gi_sheet,0.002,gi_sheet,0.002,eps,0.05,south,1.2,0.6,0.85,2.6,34.113,42.267,0.381,20.764
Mumbai,19.076,72.8777,warm_humid,3.0,3.0,2.6,180.0,brick,0.115,gi_sheet,0.002,mineral_wool,0.05,east,1.5,0.9,0.75,2.6,34.267,39.033,0.1845,23.924
Mumbai,19.076,72.8777,warm_humid,3.0,3.0,2.6,135.0,concrete,0.1,gi_sheet,0.002,mineral_wool,0.025,west,0.6,0.9,0.45,2.6,34.357,39.583,0.1964,23.083
Mumbai,19.076,72.8777,warm_humid,3.0,3.0,2.6,135.0,gi_sheet,0.002,brick,0.23,none,0.0,south,1.5,1.5,0.55,2.6,37.376,50.438,0.3036,16.845
Mumbai,19.076,72.8777,warm_humid,3.0,3.0,2.6,45.0,concrete,0.2,puf_sandwich_panel,0.05,mineral_wool,0.025,east,0.6,1.2,0.75,3.5,33.26,37.22,0.2798,23.913
Mumbai,19.076,72.8777,warm_humid,3.0,3.0,2.6,90.0,plywood,0.019,rcc_slab,0.2,eps,0.025,west,0.6,0.6,0.75,2.6,34.188,39.879,0.2321,22.588
Mumbai,19.076,72.8777,warm_humid,3.0,3.0,2.6,45.0,puf_sandwich_panel,0.15,concrete,0.2,mineral_wool,0.025,west,1.2,0.9,0.75,2.6,33.343,37.565,0.244,23.933
Mumbai,19.076,72.8777,warm_humid,3.0,3.0,2.6,135.0,gi_sheet,0.002,concrete,0.15,eps,0.1,north,0.9,0.9,0.65,3.5,32.976,37.445,0.3214,23.417
Mumbai,19.076,72.8777,warm_humid,3.0,3.0,2.6,0.0,concrete,0.3,rcc_slab,0.15,eps,0.05,north,1.2,1.2,0.85,3.5,32.369,35.776,0.369,23.908
Mumbai,19.076,72.8777,warm_humid,3.0,3.0,2.6,90.0,brick,0.23,brick,0.23,none,0.0,south,0.6,0.6,0.65,5.8,35.654,41.036,0.1488,23.911
Mumbai,19.076,72.8777,warm_humid,3.0,3.0,2.6,90.0,concrete,0.3,concrete,0.1,mineral_wool,0.025,south,0.9,0.9,0.55,3.5,33.166,36.951,0.3155,23.909
Mumbai,19.076,72.8777,warm_humid,3.0,3.0,2.6,90.0,gi_sheet,0.002,concrete,0.2,mineral_wool,0.1,south,1.2,1.2,0.75,5.8,33.711,38.522,0.2262,23.825
Mumbai,19.076,72.8777,warm_humid,3.0,3.0,2.6,135.0,puf_sandwich_panel,0.075,rcc_slab,0.15,eps,0.025,west,1.8,1.5,0.75,3.5,34.79,40.962,0.2024,22.895
Mumbai,19.076,72.8777,warm_humid,3.0,3.0,2.6,90.0,gi_sheet,0.002,brick,0.115,eps,0.025,west,0.9,0.9,0.35,2.6,34.528,41.981,0.3036,20.63
Mumbai,19.076,72.8777,warm_humid,3.0,3.0,2.6,0.0,concrete,0.1,brick,0.23,eps,0.05,west,1.8,1.2,0.75,5.8,34.835,39.577,0.1548,23.917
Mumbai,19.076,72.8777,warm_humid,3.0,3.0,2.6,0.0,rammed_earth,0.15,gi_sheet,0.002,none,0.0,south,1.2,1.5,0.75,2.6,37.975,47.796,0.1488,20.327
Mumbai,19.076,72.8777,warm_humid,3.0,3.0,2.6,180.0,concrete,0.15,puf_sandwich_panel,0.075,none,0.0,south,0.9,1.5,0.75,3.5,36.005,43.335,0.1607,21.411
Mumbai,19.076,72.8777,warm_humid,3.0,3.0,2.6,0.0,rammed_earth,0.45,brick,0.115,eps,0.025,north,1.5,1.2,0.75,2.6,32.684,36.249,0.3631,23.908
Mumbai,19.076,72.8777,warm_humid,3.0,3.0,2.6,45.0,brick,0.115,brick,0.115,none,0.0,west,1.8,0.6,0.65,2.6,37.681,46.468,0.131,21.001
Mumbai,19.076,72.8777,warm_humid,3.0,3.0,2.6,0.0,rammed_earth,0.15,gi_sheet,0.002,eps,0.025,east,1.8,0.6,0.35,5.8,34.001,38.761,0.2083,23.731
Mumbai,19.076,72.8777,warm_humid,3.0,3.0,2.6,90.0,gi_sheet,0.002,brick,0.23,mineral_wool,0.025,south,1.2,1.2,0.55,5.8,34.896,41.505,0.2083,21.859
Mumbai,19.076,72.8777,warm_humid,3.0,3.0,2.6,135.0,rammed_earth,0.15,concrete,0.1,mineral_wool,0.1,north,1.8,1.2,0.35,2.6,32.501,36.027,0.3155,23.918
Mumbai,19.076,72.8777,warm_humid,3.0,3.0,2.6,180.0,rammed_earth,0.3,brick,0.23,eps,0.05,north,1.2,1.5,0.85,3.5,33.042,36.675,0.3214,23.91
Mumbai,19.076,72.8777,warm_humid,3.0,3.0,2.6,0.0,puf_sandwich_panel,0.1,concrete,0.2,mineral_wool,0.025,north,0.6,0.9,0.85,2.6,32.771,36.688,0.3155,23.934
Mumbai,19.076,72.8777,warm_humid,3.0,3.0,2.6,90.0,puf_sandwich_panel,0.15,puf_sandwich_panel,0.05,eps,0.1,west,0.6,0.9,0.45,3.5,30.986,34.504,0.6429,23.644
Mumbai,19.076,72.8777,warm_humid,3.0,3.0,2.6,45.0,gi_sheet,0.002,brick,0.23,mineral_wool,0.1,south,0.9,1.2,0.85,2.6,33.655,38.349,0.2262,23.932
Mumbai,19.076,72.8777,warm_humid,3.0,3.0,2.6,45.0,rammed_earth,0.45,concrete,0.15,mineral_wool,0.1,north,1.2,0.6,0.65,3.5,30.285,32.902,0.6786,23.907
Mumbai,19.076,72.8777,warm_humid,3.0,3.0,2.6,0.0,puf_sandwich_panel,0.1,gi_sheet,0.002,eps,0.025,east,0.6,0.6,0.65,3.5,32.989,39.045,0.4405,22.42
Mumbai,19.076,72.8777,warm_humid,3.0,3.0,2.6,135.0,concrete,0.2,concrete,0.2,mineral_wool,0.025,south,1.2,1.5,0.85,5.8,34.501,39.036,0.2202,23.911
Mumbai,19.076,72.8777,warm_humid,3.0,3.0,2.6,45.0,concrete,0.1,concrete,0.15,eps,0.1,south,0.9,0.6,0.35,3.5,32.046,35.282,0.369,23.918
Mumbai,19.076,72.8777,warm_humid,3.0,3.0,2.6,90.0,gi_sheet,0.002,concrete,0.1,mineral_wool,0.05,east,1.5,1.5,0.65,3.5,34.753,41.968,0.2619,22.023
Mumbai,19.076,72.8777,warm_humid,3.0,3.0,2.6,135.0,plywood,0.03,puf_sandwich_panel,0.15,mineral_wool,0.05,north,0.6,1.2,0.75,2.6,33.074,38.989,0.3929,21.996
Mumbai,19.076,72.8777,warm_humid,3.0,3.0,2.6,135.0,puf_sandwich_panel,0.1,rcc_slab,0.2,mineral_wool,0.05,south,1.8,1.5,0.65,3.5,33.964,38.894,0.2024,23.741
Mumbai,19.076,72.8777,warm_humid,3.0,3.0,2.6,90.0,gi_sheet,0.002,gi_sheet,0.002,mineral_wool,0.025,west,0.6,0.6,0.75,5.8,34.593,43.821,0.369,19.531
Mumbai,19.076,72.8777,warm_humid,3.0,3.0,2.6,135.0,rammed_earth,0.15,brick,0.23,mineral_wool,0.025,east,1.8,0.9,0.85,3.5,34.844,39.627,0.1548,23.915
Mumbai,19.076,72.8777,warm_humid,3.0,3.0,2.6,0.0,rammed_earth,0.45,brick,0.115,eps,0.1,south,1.2,1.5,0.65,2.6,31.447,34.467,0.5,23.908
Mumbai,19.076,72.8777,warm_humid,3.0,3.0,2.6,135.0,brick,0.23,rcc_slab,0.1,eps,0.05,west,0.9,0.9,0.45,5.8,32.342,35.685,0.3631,23.912
Mumbai,19.076,72.8777,warm_humid,3.0,3.0,2.6,135.0,gi_sheet,0.002,puf_sandwich_panel,0.15,eps,0.05,west,1.5,1.5,0.85,3.5,34.581,43.168,0.3571,20.42
Mumbai,19.076,72.8777,warm_humid,3.0,3.0,2.6,180.0,concrete,0.3,brick,0.23,mineral_wool,0.05,south,0.9,1.5,0.65,3.5,31.977,35.181,0.4048,23.908
Mumbai,19.076,72.8777,warm_humid,3.0,3.0,2.6,180.0,gi_sheet,0.002,concrete,0.15,none,0.0,south,0.9,1.5,0.75,5.8,37.756,52.388,0.3393,16.363
Mumbai,19.076,72.8777,warm_humid,3.0,3.0,2.6,135.0,puf_sandwich_panel,0.1,brick,0.115,mineral_wool,0.1,west,1.5,0.9,0.65,3.5,32.343,36.378,0.4048,23.866
Mumbai,19.076,72.8777,warm_humid,3.0,3.0,2.6,90.0,rammed_earth,0.3,gi_sheet,0.002,mineral_wool,0.1,east,0.9,0.6,0.75,2.6,31.083,33.748,0.506,23.911
Mumbai,19.076,72.8777,warm_humid,3.0,3.0,2.6,135.0,concrete,0.1,rcc_slab,0.25,none,0.0,east,1.5,0.9,0.75,2.6,37.741,46.392,0.131,21.016
Mumbai,19.076,72.8777,warm_humid,3.0,3.0,2.6,135.0,plywood,0.03,brick,0.115,mineral_wool,0.1,west,1.8,1.2,0.35,5.8,32.881,37.677,0.3512,22.7
Mumbai,19.076,72.8777,warm_humid,3.0,3.0,2.6,45.0,brick,0.345,rcc_slab,0.25,mineral_wool,0.025,north,1.8,0.9,0.45,5.8,32.724,36.254,0.3631,23.908
Mumbai,19.076,72.8777,warm_humid,3.0,3.0,2.6,135.0,concrete,0.3,concrete,0.2,mineral_wool,0.025,north,1.8,0.9,0.55,5.8,33.388,37.253,0.3036,23.908
Mumbai,19.076,72.8777,warm_humid,3.0,3.0,2.6,0.0,concrete,0.1,brick,0.115,eps,0.05,west,0.9,1.5,0.75,2.6,34.337,38.946,0.1786,23.92
Mumbai,19.076,72.8777,warm_humid,3.0,3.0,2.6,0.0,concrete,0.15,gi_sheet,0.002,eps,0.05,west,1.2,0.6,0.85,2.6,33.487,37.509,0.256,23.917
Mumbai,19.076,72.8777,warm_humid,3.0,3.0,2.6,180.0,concrete,0.3,rcc_slab,0.15,none,0.0,west,1.8,1.5,0.35,3.5,36.644,42.713,0.125,23.909
Mumbai,19.076,72.8777,warm_humid,3.0,3.0,2.6,45.0,concrete,0.3,concrete,0.15,mineral_wool,0.025,west,0.9,0.9,0.85,2.6,33.249,37.046,0.3036,23.908
Mumbai,19.076,72.8777,warm_humid,3.0,3.0,2.6,180.0,brick,0.345,concrete,0.2,eps,0.1,west,0.6,1.5,0.85,5.8,31.156,33.969,0.506,23.908
Mumbai,19.076,72.8777,warm_humid,3.0,3.0,2.6,0.0,rammed_earth,0.45,rcc_slab,0.1,mineral_wool,0.05,west,1.5,0.9,0.65,2.6,31.937,35.155,0.4048,23.908
Mumbai,19.076,72.8777,warm_humid,3.0,3.0,2.6,0.0,rammed_earth,0.15,concrete,0.15,eps,0.1,south,1.8,1.2,0.55,5.8,32.979,36.723,0.2857,23.917
Mumbai,19.076,72.8777,warm_humid,3.0,3.0,2.6,45.0,puf_sandwich_panel,0.075,brick,0.23,eps,0.1,south,0.6,0.6,0.35,5.8,31.188,33.954,0.625,23.935
Mumbai,19.076,72.8777,warm_humid,3.0,3.0,2.6,0.0,plywood,0.05,brick,0.23,mineral_wool,0.025,north,1.8,0.6,0.65,2.6,34.024,39.314,0.2202,23.174
Mumbai,19.076,72.8777,warm_humid,3.0,3.0,2.6,135.0,concrete,0.1,gi_sheet,0.002,eps,0.1,north,0.6,0.6,0.35,3.5,32.038,35.386,0.3988,23.923
Mumbai,19.076,72.8777,warm_humid,3.0,3.0,2.6,90.0,concrete,0.15,puf_sandwich_panel,0.075,eps,0.025,north,0.6,1.2,0.55,3.5,33.249,37.442,0.2857,23.917
Mumbai,19.076,72.8777,warm_humid,3.0,3.0,2.6,45.0,gi_sheet,0.002,brick,0.23,eps,0.025,north,0.9,1.5,0.65,3.5,34.856,41.413,0.2143,21.633
Mumbai,19.076,72.8777,warm_humid,3.0,3.0,2.6,180.0,puf_sandwich_panel,0.15,rcc_slab,0.1,eps,0.1,north,1.2,1.2,0.35,3.5,31.896,35.597,0.4762,23.949
Mumbai,19.076,72.8777,warm_humid,3.0,3.0,2.6,45.0,brick,0.115,concrete,0.1,mineral_wool,0.025,south,1.2,0.6,0.35,2.6,34.361,39.211,0.1905,23.92
Mumbai,19.076,72.8777,warm_humid,3.0,3.0,2.6,45.0,rammed_earth,0.45,brick,0.23,eps,0.1,east,0.9,1.2,0.65,3.5,30.686,33.47,0.5655,23.907
