site,latitude,longitude,zone,length_m,width_m,height_m,orientation_deg,wall_material,wall_thickness_m,roof_material,roof_thickness_m,insulation_material,insulation_thickness_m,window_wall,window_width_m,window_height_m,window_shgc,window_u_w_m2k,hot_mean_c,hot_max_c,hot_comfort_fraction,cold_min_c
Dras,34.4306,75.7499,cold,3.0,3.0,2.6,45.0,brick,0.345,concrete,0.2,mineral_wool,0.05,south,1.2,0.9,0.65,1.2,10.348,12.274,0.0,-16.893
Dras,34.4306,75.7499,cold,3.0,3.0,2.6,90.0,concrete,0.15,gi_sheet,0.002,xps,0.1,north,1.5,1.2,0.45,1.6,11.534,14.116,0.0,-16.853
Dras,34.4306,75.7499,cold,3.0,3.0,2.6,135.0,plywood,0.03,gi_sheet,0.002,eps,0.15,north,0.6,0.6,0.45,3.5,9.636,13.3,0.0,-16.601
Dras,34.4306,75.7499,cold,3.0,3.0,2.6,180.0,stone,0.45,mud_brick,0.15,eps,0.2,east,1.5,0.6,0.55,1.2,8.354,9.688,0.0,-16.906
Dras,34.4306,75.7499,cold,3.0,3.0,2.6,90.0,timber,0.1,brick,0.115,xps,0.05,north,1.5,0.6,0.35,3.5,11.018,14.438,0.0,-16.772
Dras,34.4306,75.7499,cold,3.0,3.0,2.6,90.0,plywood,0.05,gi_sheet,0.002,mineral_wool,0.15,north,0.6,0.9,0.65,1.6,9.843,13.222,0.0,-16.655
Dras,34.4306,75.7499,cold,3.0,3.0,2.6,90.0,concrete,0.15,gi_sheet,0.002,none,0.0,east,0.9,1.2,0.55,3.5,17.65,26.52,0.494,-17.6
Dras,34.4306,75.7499,cold,3.0,3.0,2.6,180.0,mud_brick,0.3,aerated_concrete,0.1,xps,0.1,east,1.2,1.2,0.55,1.6,9.511,11.018,0.0,-16.881
Dras,34.4306,75.7499,cold,3.0,3.0,2.6,0.0,concrete,0.15,mud_brick,0.15,eps,0.025,north,0.9,1.5,0.65,2.6,12.954,16.383,0.0,-16.866
Dras,34.4306,75.7499,cold,3.0,3.0,2.6,45.0,gi_sheet,0.002,mud_brick,0.15,sheep_wool,0.1,south,1.5,1.5,0.55,5.8,11.859,16.994,0.0,-16.745
Dras,34.4306,75.7499,cold,3.0,3.0,2.6,180.0,aerated_concrete,0.2,rcc_slab,0.1,eps,0.2,west,0.9,0.9,0.55,3.5,9.592,11.625,0.0,-16.809
Dras,34.4306,75.7499,cold,3.0,3.0,2.6,45.0,gi_sheet,0.002,brick,0.115,xps,0.15,east,1.5,0.9,0.45,2.0,10.941,14.8,0.0,-16.727
Dras,34.4306,75.7499,cold,3.0,3.0,2.6,180.0,timber,0.1,concrete,0.2,mineral_wool,0.1,south,0.6,1.2,0.65,1.6,9.682,11.848,0.0,-16.816
Dras,34.4306,75.7499,cold,3.0,3.0,2.6,90.0,plywood,0.05,gi_sheet,0.002,mineral_wool,0.05,south,1.8,0.6,0.85,5.8,11.786,18.054,0.0119,-16.632
Dras,34.4306,75.7499,cold,3.0,3.0,2.6,135.0,timber,0.15,mud_brick,0.15,sheep_wool,0.15,north,0.6,0.6,0.65,2.6,9.091,11.008,0.0,-16.806
Dras,34.4306,75.7499,cold,3.0,3.0,2.6,90.0,concrete,0.2,puf_sandwich_panel,0.05,mineral_wool,0.05,north,0.9,0.6,0.45,2.6,10.633,12.71,0.0,-16.871
Dras,34.4306,75.7499,cold,3.0,3.0,2.6,180.0,brick,0.345,timber,0.15,eps,0.2,west,1.8,1.5,0.45,3.5,11.345,13.389,0.0,-16.886
Dras,34.4306,75.7499,cold,3.0,3.0,2.6,0.0,aerated_concrete,0.3,timber,0.15,none,0.0,east,1.2,1.2,0.45,3.5,12.281,15.905,0.0,-16.814
Dras,34.4306,75.7499,cold,3.0,3.0,2.6,0.0,timber,0.2,concrete,0.1,xps,0.15,west,1.2,0.9,0.75,3.5,9.323,11.49,0.0,-16.812
Dras,34.4306,75.7499,cold,3.0,3.0,2.6,180.0,timber,0.15,timber,0.1,none,0.0,south,1.2,0.9,0.85,1.2,12.928,18.257,0.0119,-16.758
Dras,34.4306,75.7499,cold,3.0,3.0,2.6,180.0,puf_sandwich_panel,0.15,puf_sandwich_panel,0.1,xps,0.15,east,0.9,1.2,0.75,1.6,8.681,12.51,0.0,-16.549
Dras,34.4306,75.7499,cold,3.0,3.0,2.6,90.0,stone,0.15,puf_sandwich_panel,0.1,xps,0.1,east,0.6,0.6,0.75,5.8,9.453,11.118,0.0,-16.863
Dras,34.4306,75.7499,cold,3.0,3.0,2.6,135.0,timber,0.15,gi_sheet,0.002,xps,0.05,south,1.8,0.6,0.45,1.6,10.444,13.933,0.0,-16.745
Dras,34.4306,75.7499,cold,3.0,3.0,2.6,180.0,concrete,0.1,aerated_concrete,0.2,xps,0.1,north,1.2,1.5,0.45,2.0,11.154,13.947,0.0,-16.834
Dras,34.4306,75.7499,cold,3.0,3.0,2.6,135.0,concrete,0.3,concrete,0.2,eps,0.15,west,0.9,1.5,0.55,2.6,10.022,11.731,0.0,-16.894
Dras,34.4306,75.7499,cold,3.0,3.0,2.6,0.0,mud_brick,0.15,stone,0.3,eps,0.15,west,0.6,1.2,0.65,2.6,8.986,10.335,0.0,-16.876
Dras,34.4306,75.7499,cold,3.0,3.0,2.6,135.0,puf_sandwich_panel,0.1,mud_brick,0.25,mineral_wool,0.05,east,1.5,0.9,0.65,1.2,9.916,12.752,0.0,-16.785
Dras,34.4306,75.7499,cold,3.0,3.0,2.6,135.0,gi_sheet,0.002,stone,0.3,mineral_wool,0.1,east,1.8,1.5,0.35,5.8,11.626,14.843,0.0,-16.833
Dras,34.4306,75.7499,cold,3.0,3.0,2.6,180.0,timber,0.15,concrete,0.15,xps,0.1,south,1.8,1.2,0.65,2.0,10.715,13.416,0.0,-16.811
Dras,34.4306,75.7499,cold,3.0,3.0,2.6,135.0,brick,0.23,mud_brick,0.25,xps,0.1,south,0.9,0.6,0.75,1.6,9.364,10.766,0.0,-16.882
Dras,34.4306,75.7499,cold,3.0,3.0,2.6,135.0,mud_brick,0.45,stone,0.15,eps,0.2,north,1.8,0.6,0.65,3.5,9.008,10.47,0.0,-16.899
Dras,34.4306,75.7499,cold,3.0,3.0,2.6,180.0,puf_sandwich_panel,0.05,mud_brick,0.15,xps,0.05,south,1.2,1.2,0.85,3.5,10.972,14.885,0.0,-16.729
Dras,34.4306,75.7499,cold,3.0,3.0,2.6,0.0,gi_sheet,0.002,mud_brick,0.25,xps,0.05,south,1.2,1.2,0.55,1.6,11.864,16.052,0.0,-16.791
Dras,34.4306,75.7499,cold,3.0,3.0,2.6,45.0,gi_sheet,0.002,brick,0.23,mineral_wool,0.15,south,1.8,1.5,0.55,1.2,11.275,15.045,0.0,-16.79
Dras,34.4306,75.7499,cold,3.0,3.0,2.6,90.0,timber,0.2,puf_sandwich_panel,0.1,eps,0.2,north,0.6,1.2,0.45,1.2,8.788,10.65,0.0,-16.775
Dras,34.4306,75.7499,cold,3.0,3.0,2.6,0.0,aerated_concrete,0.2,concrete,0.2,mineral_wool,0.05,west,1.5,1.5,0.55,3.5,11.301,14.411,0.0,-16.832
Dras,34.4306,75.7499,cold,3.0,3.0,2.6,45.0,rammed_earth,0.45,stone,0.15,mineral_wool,0.15,west,0.6,0.6,0.65,5.8,8.069,9.165,0.0,-16.899
Dras,34.4306,75.7499,cold,3.0,3.0,2.6,0.0,rammed_earth,0.45,mud_brick,0.15,eps,0.1,east,1.5,0.6,0.45,1.6,9.168,10.633,0.0,-16.897
Dras,34.4306,75.7499,cold,3.0,3.0,2.6,0.0,aerated_concrete,0.1,brick,0.115,eps,0.1,east,1.5,1.5,0.65,2.0,13.534,18.061,0.006,-16.767
Dras,34.4306,75.7499,cold,3.0,3.0,2.6,45.0,aerated_concrete,0.2,concrete,0.15,xps,0.15,north,0.9,1.5,0.85,1.6,11.124,13.672,0.0,-16.822
Dras,34.4306,75.7499,cold,3.0,3.0,2.6,180.0,mud_brick,0.45,rcc_slab,0.15,none,0.0,north,0.9,1.5,0.35,3.5,14.174,17.692,0.0,-16.898
Dras,34.4306,75.7499,cold,3.0,3.0,2.6,180.0,stone,0.15,stone,0.3,none,0.0,west,0.9,0.9,0.35,2.0,16.628,22.613,0.4048,-16.885
Dras,34.4306,75.7499,cold,3.0,3.0,2.6,135.0,concrete,0.15,rcc_slab,0.1,eps,0.2,east,0.9,1.2,0.55,3.5,9.813,11.607,0.0,-16.864
Dras,34.4306,75.7499,cold,3.0,3.0,2.6,0.0,brick,0.23,timber,0.1,sheep_wool,0.05,south,1.2,1.2,0.55,3.5,11.191,13.675,0.0,-16.869
Dras,34.4306,75.7499,cold,3.0,3.0,2.6,90.0,puf_sandwich_panel,0.05,timber,0.15,xps,0.05,east,1.5,1.2,0.85,2.6,11.275,17.206,0.0,-16.62
Dras,34.4306,75.7499,cold,3.0,3.0,2.6,45.0,mud_brick,0.3,aerated_concrete,0.2,sheep_wool,0.1,east,0.9,0.9,0.45,5.8,9.538,11.01,0.0,-16.883
Dras,34.4306,75.7499,cold,3.0,3.0,2.6,135.0,brick,0.115,aerated_concrete,0.1,xps,0.1,north,1.5,1.5,0.65,3.5,13.088,16.839,0.0,-16.825
Dras,34.4306,75.7499,cold,3.0,3.0,2.6,45.0,aerated_concrete,0.2,puf_sandwich_panel,0.05,mineral_wool,0.1,west,1.5,1.5,0.45,2.6,9.957,12.909,0.0,-16.765
Dras,34.4306,75.7499,cold,3.0,3.0,2.6,90.0,concrete,0.15,rcc_slab,0.15,sheep_wool,0.1,south,0.9,0.9,0.45,5.8,10.149,12.104,0.0,-16.869
Dras,34.4306,75.7499,cold,3.0,3.0,2.6,180.0,concrete,0.3,puf_sandwich_panel,0.05,eps,0.025,east,1.5,0.6,0.65,1.6,11.406,13.641,0.0,-16.888
Dras,34.4306,75.7499,cold,3.0,3.0,2.6,45.0,plywood,0.05,rcc_slab,0.25,none,0.0,north,0.9,0.9,0.85,2.6,16.34,23.96,0.3988,-16.811
Dras,34.4306,75.7499,cold,3.0,3.0,2.6,0.0,puf_sandwich_panel,0.075,puf_sandwich_panel,0.1,xps,0.05,west,0.6,1.5,0.55,5.8,9.095,13.277,0.0,-16.515
Dras,34.4306,75.7499,cold,3.0,3.0,2.6,135.0,concrete,0.15,concrete,0.2,xps,0.05,south,0.6,1.5,0.65,5.8,11.454,13.937,0.0,-16.872
Dras,34.4306,75.7499,cold,3.0,3.0,2.6,180.0,plywood,0.05,concrete,0.15,eps,0.15,north,0.9,1.2,0.55,2.0,9.809,12.526,0.0,-16.774
Dras,34.4306,75.7499,cold,3.0,3.0,2.6,180.0,gi_sheet,0.002,concrete,0.1,eps,0.15,east,1.2,0.6,0.55,2.6,10.794,14.46,0.0,-16.73
Dras,34.4306,75.7499,cold,3.0,3.0,2.6,135.0,gi_sheet,0.002,mud_brick,0.15,xps,0.1,south,1.8,1.5,0.85,5.8,12.961,18.61,0.0179,-16.746
Dras,34.4306,75.7499,cold,3.0,3.0,2.6,90.0,gi_sheet,0.002,mud_brick,0.15,mineral_wool,0.05,south,1.5,0.9,0.55,5.8,12.142,17.306,0.0,-16.748
Dras,34.4306,75.7499,cold,3.0,3.0,2.6,45.0,stone,0.45,mud_brick,0.15,mineral_wool,0.1,west,1.2,1.2,0.75,2.0,9.17,10.983,0.0,-16.906
Dras,34.4306,75.7499,cold,3.0,3.0,2.6,45.0,stone,0.15,mud_brick,0.25,sheep_wool,0.1,south,0.9,1.5,0.35,3.5,10.08,11.919,0.0,-16.877
Dras,34.4306,75.7499,cold,3.0,3.0,2.6,180.0,concrete,0.3,rcc_slab,0.15,mineral_wool,0.15,north,0.6,0.6,0.55,2.0,8.846,10.149,0.0,-16.894
Dras,34.4306,75.7499,cold,3.0,3.0,2.6,45.0,brick,0.115,brick,0.115,sheep_wool,0.05,south,0.9,1.2,0.75,2.0,12.116,15.513,0.0,-16.84
Dras,34.4306,75.7499,cold,3.0,3.0,2.6,90.0,aerated_concrete,0.2,puf_sandwich_panel,0.05,xps,0.15,north,1.2,0.9,0.45,1.6,9.641,11.991,0.0,-16.767
Dras,34.4306,75.7499,cold,3.0,3.0,2.6,135.0,gi_sheet,0.002,gi_sheet,0.002,eps,0.15,north,1.8,1.2,0.35,2.6,11.998,17.608,0.0,-16.594
Dras,34.4306,75.7499,cold,3.0,3.0,2.6,135.0,aerated_concrete,0.2,stone,0.15,xps,0.1,south,1.8,1.2,0.75,3.5,10.767,13.534,0.0,-16.826
Dras,34.4306,75.7499,cold,3.0,3.0,2.6,45.0,mud_brick,0.45,brick,0.115,xps,0.15,east,1.5,0.9,0.55,1.2,9.158,10.668,0.0,-16.897
Dras,34.4306,75.7499,cold,3.0,3.0,2.6,135.0,timber,0.15,brick,0.23,xps,0.15,south,1.8,1.5,0.85,3.5,11.254,14.34,0.0,-16.823
Dras,34.4306,75.7499,cold,3.0,3.0,2.6,135.0,mud_brick,0.3,rcc_slab,0.25,mineral_wool,0.15,south,0.9,1.2,0.65,5.8,9.058,10.481,0.0,-16.891
Dras,34.4306,75.7499,cold,3.0,3.0,2.6,135.0,brick,0.23,concrete,0.15,sheep_wool,0.05,east,1.2,0.9,0.35,2.6,11.07,13.321,0.0,-16.878
Dras,34.4306,75.7499,cold,3.0,3.0,2.6,45.0,mud_brick,0.15,rcc_slab,0.1,xps,0.05,north,0.9,1.5,0.45,2.0,11.618,14.321,0.0,-16.854
Dras,34.4306,75.7499,cold,3.0,3.0,2.6,45.0,concrete,0.15,concrete,0.2,eps,0.1,west,1.8,0.9,0.65,5.8,10.679,12.86,0.0,-16.871
Dras,34.4306,75.7499,cold,3.0,3.0,2.6,90.0,puf_sandwich_panel,0.1,mud_brick,0.15,xps,0.1,west,0.9,0.6,0.75,2.6,8.695,10.968,0.0,-16.734
Dras,34.4306,75.7499,cold,3.0,3.0,2.6,180.0,rammed_earth,0.15,brick,0.115,mineral_wool,0.1,south,0.9,0.9,0.35,2.0,9.953,11.907,0.0,-16.853
Dras,34.4306,75.7499,cold,3.0,3.0,2.6,0.0,concrete,0.2,stone,0.15,sheep_wool,0.05,south,1.5,0.9,0.75,5.8,11.772,14.407,0.0,-16.88
Dras,34.4306,75.7499,cold,3.0,3.0,2.6,135.0,plywood,0.012,rcc_slab,0.25,mineral_wool,0.1,west,1.5,0.6,0.85,1.2,11.755,14.911,0.0,-16.805
Dras,34.4306,75.7499,cold,3.0,3.0,2.6,90.0,plywood,0.05,puf_sandwich_panel,0.075,sheep_wool,0.05,west,0.6,0.6,0.75,3.5,10.4,14.929,0.0,-16.614
Dras,34.4306,75.7499,cold,3.0,3.0,2.6,135.0,timber,0.1,mud_brick,0.15,eps,0.15,west,1.2,0.9,0.65,1.6,10.4,12.969,0.0,-16.787
Dras,34.4306,75.7499,cold,3.0,3.0,2.6,90.0,rammed_earth,0.45,stone,0.3,eps,0.05,west,1.2,1.5,0.35,1.2,9.617,11.399,0.0,-16.901
Dras,34.4306,75.7499,cold,3.0,3.0,2.6,135.0,concrete,0.15,stone,0.3,xps,0.1,west,1.2,0.9,0.85,1.2,11.278,13.356,0.0,-16.881
Dras,34.4306,75.7499,cold,3.0,3.0,2.6,45.0,rammed_earth,0.3,brick,0.115,none,0.0,east,1.5,1.5,0.75,1.6,16.789,22.095,0.4286,-16.881
Dras,34.4306,75.7499,cold,3.0,3.0,2.6,45.0,rammed_earth,0.45,concrete,0.2,eps,0.2,south,0.6,0.6,0.55,5.8,7.819,8.8,0.0,-16.899
Dras,34.4306,75.7499,cold,3.0,3.0,2.6,45.0,brick,0.115,puf_sandwich_panel,0.075,mineral_wool,0.1,east,0.9,1.5,0.85,2.6,11.97,15.202,0.0,-16.823
Dras,34.4306,75.7499,cold,3.0,3.0,2.6,0.0,aerated_concrete,0.2,puf_sandwich_panel,0.05,eps,0.05,east,0.9,1.5,0.55,5.8,11.508,15.072,0.0,-16.763
Dras,34.4306,75.7499,cold,3.0,3.0,2.6,135.0,timber,0.15,concrete,0.1,none,0.0,west,1.5,1.5,0.55,2.0,17.242,25.961,0.4643,-16.792
Dras,34.4306,75.7499,cold,3.0,3.0,2.6,0.0,timber,0.2,stone,0.15,xps,0.1,south,0.9,0.6,0.45,2.0,8.825,10.516,0.0,-16.831
Dras,34.4306,75.7499,cold,3.0,3.0,2.6,180.0,plywood,0.03,rcc_slab,0.1,none,0.0,south,1.2,1.5,0.75,2.0,17.557,30.403,0.4524,-18.98
Dras,34.4306,75.7499,cold,3.0,3.0,2.6,0.0,rammed_earth,0.3,aerated_concrete,0.2,none,0.0,west,1.8,1.2,0.65,1.6,13.646,17.28,0.0,-16.879
Dras,34.4306,75.7499,cold,3.0,3.0,2.6,180.0,plywood,0.012,aerated_concrete,0.2,mineral_wool,0.15,north,1.5,1.2,0.35,3.5,10.735,15.019,0.0,-16.676
Dras,34.4306,75.7499,cold,3.0,3.0,2.6,135.0,stone,0.3,mud_brick,0.25,mineral_wool,0.1,south,0.9,1.5,0.45,2.6,9.545,11.234,0.0,-16.898
Dras,34.4306,75.7499,cold,3.0,3.0,2.6,135.0,gi_sheet,0.002,aerated_concrete,0.2,eps,0.15,north,0.6,1.5,0.45,2.6,11.03,15.136,0.0,-16.678
Dras,34.4306,75.7499,cold,3.0,3.0,2.6,90.0,puf_sandwich_panel,0.05,aerated_concrete,0.2,sheep_wool,0.05,east,1.5,1.5,0.75,2.0,11.583,17.634,0.0,-16.639
Dras,34.4306,75.7499,cold,3.0,3.0,2.6,45.0,mud_brick,0.15,aerated_concrete,0.1,xps,0.1,south,1.8,1.5,0.45,2.0,10.644,13.243,0.0,-16.841
Dras,34.4306,75.7499,cold,3.0,3.0,2.6,90.0,gi_sheet,0.002,timber,0.15,eps,0.025,west,0.6,1.2,0.85,5.8,13.014,20.205,0.119,-16.655
Dras,34.4306,75.7499,cold,3.0,3.0,2.6,0.0,plywood,0.019,puf_sandwich_panel,0.1,none,0.0,south,1.2,0.6,0.35,5.8,14.94,25.621,0.375,-19.251
Dras,34.4306,75.7499,cold,3.0,3.0,2.6,180.0,rammed_earth,0.45,mud_brick,0.25,sheep_wool,0.15,east,1.5,1.2,0.85,5.8,9.77,11.665,0.0,-16.898
Dras,34.4306,75.7499,cold,3.0,3.0,2.6,90.0,rammed_earth,0.45,stone,0.15,mineral_wool,0.15,west,0.9,0.6,0.55,1.6,8.078,9.172,0.0,-16.899
Dras,34.4306,75.7499,cold,3.0,3.0,2.6,135.0,mud_brick,0.45,timber,0.15,sheep_wool,0.1,east,1.5,0.6,0.85,1.2,9.019,10.533,0.0,-16.897
Dras,34.4306,75.7499,cold,3.0,3.0,2.6,0.0,puf_sandwich_panel,0.075,gi_sheet,0.002,mineral_wool,0.05,west,1.5,1.5,0.75,1.6,11.522,18.702,0.0179,-16.543
Dras,34.4306,75.7499,cold,3.0,3.0,2.6,0.0,timber,0.15,mud_brick,0.25,sheep_wool,0.15,west,1.2,1.5,0.35,5.8,9.59,11.777,0.0,-16.826
Dras,34.4306,75.7499,cold,3.0,3.0,2.6,180.0,aerated_concrete,0.1,concrete,0.2,eps,0.025,west,1.8,0.9,0.55,2.0,13.709,18.248,0.0179,-16.81
Dras,34.4306,75.7499,cold,3.0,3.0,2.6,45.0,puf_sandwich_panel,0.1,stone,0.3,xps,0.05,east,1.5,0.6,0.85,1.6,10.56,13.058,0.0,-16.828
Dras,34.4306,75.7499,cold,3.0,3.0,2.6,0.0,gi_sheet,0.002,rcc_slab,0.25,mineral_wool,0.15,south,0.6,0.6,0.85,1.6,9.794,12.247,0.0,-16.812
Dras,34.4306,75.7499,cold,3.0,3.0,2.6,90.0,rammed_earth,0.15,concrete,0.15,sheep_wool,0.05,west,1.8,1.2,0.65,2.0,12.17,15.204,0.0,-16.856
Dras,34.4306,75.7499,cold,3.0,3.0,2.6,135.0,timber,0.15,aerated_concrete,0.2,eps,0.1,north,0.9,0.9,0.85,2.0,10.531,13.456,0.0,-16.775
Dras,34.4306,75.7499,cold,3.0,3.0,2.6,180.0,timber,0.2,concrete,0.2,xps,0.15,west,1.5,0.9,0.65,1.6,10.834,13.191,0.0,-16.836
Dras,34.4306,75.7499,cold,3.0,3.0,2.6,45.0,rammed_earth,0.45,puf_sandwich_panel,0.05,eps,0.05,west,1.2,1.5,0.75,3.5,10.143,12.061,0.0,-16.893
Dras,34.4306,75.7499,cold,3.0,3.0,2.6,45.0,brick,0.345,timber,0.1,none,0.0,south,1.5,0.9,0.85,2.6,13.819,17.314,0.0,-16.887
Dras,34.4306,75.7499,cold,3.0,3.0,2.6,90.0,rammed_earth,0.15,stone,0.15,eps,0.2,east,1.2,1.5,0.65,2.0,9.95,11.938,0.0,-16.86
Dras,34.4306,75.7499,cold,3.0,3.0,2.6,90.0,timber,0.1,aerated_concrete,0.2,none,0.0,north,0.9,0.6,0.85,1.2,13.336,19.075,0.0476,-16.744
Dras,34.4306,75.7499,cold,3.0,3.0,2.6,45.0,timber,0.1,puf_sandwich_panel,0.05,mineral_wool,0.05,north,0.6,0.6,0.45,2.6,10.022,13.396,0.0,-16.703
Dras,34.4306,75.7499,cold,3.0,3.0,2.6,180.0,stone,0.3,mud_brick,0.25,eps,0.05,south,1.5,1.2,0.65,1.2,11.039,13.255,0.0,-16.897
Dras,34.4306,75.7499,cold,3.0,3.0,2.6,0.0,mud_brick,0.15,gi_sheet,0.002,mineral_wool,0.05,south,1.5,1.2,0.45,3.5,11.542,14.649,0.0,-16.84
Dras,34.4306,75.7499,cold,3.0,3.0,2.6,135.0,aerated_concrete,0.2,aerated_concrete,0.1,eps,0.15,east,1.5,0.6,0.75,1.2,9.274,11.662,0.0,-16.78
Dras,34.4306,75.7499,cold,3.0,3.0,2.6,135.0,stone,0.15,mud_brick,0.25,sheep_wool,0.1,south,1.8,0.9,0.65,1.2,10.816,12.896,0.0,-16.877
Dras,34.4306,75.7499,cold,3.0,3.0,2.6,135.0,gi_sheet,0.002,rcc_slab,0.15,mineral_wool,0.05,west,1.8,0.9,0.65,3.5,13.791,19.025,0.0655,-16.764
Dras,34.4306,75.7499,cold,3.0,3.0,2.6,180.0,mud_brick,0.45,aerated_concrete,0.1,eps,0.1,north,0.6,0.6,0.65,2.6,8.484,9.711,0.0,-16.897
Dras,34.4306,75.7499,cold,3.0,3.0,2.6,0.0,gi_sheet,0.002,aerated_concrete,0.2,eps,0.025,east,1.2,0.6,0.45,1.2,13.041,19.898,0.1071,-16.671
Dras,34.4306,75.7499,cold,3.0,3.0,2.6,45.0,mud_brick,0.45,aerated_concrete,0.1,eps,0.05,south,0.9,0.9,0.65,1.6,9.495,11.153,0.0,-16.896
Dras,34.4306,75.7499,cold,3.0,3.0,2.6,0.0,timber,0.15,mud_brick,0.15,sheep_wool,0.15,north,1.8,0.6,0.85,1.6,9.675,11.919,0.0,-16.804
Dras,34.4306,75.7499,cold,3.0,3.0,2.6,0.0,timber,0.1,brick,0.115,sheep_wool,0.1,south,1.5,0.9,0.55,1.6,10.31,13.498,0.0,-16.772
Dras,34.4306,75.7499,cold,3.0,3.0,2.6,180.0,brick,0.115,mud_brick,0.15,eps,0.1,north,1.5,1.2,0.85,2.0,11.889,15.014,0.0,-16.844
Dras,34.4306,75.7499,cold,3.0,3.0,2.6,90.0,timber,0.15,rcc_slab,0.2,xps,0.1,west,0.9,0.6,0.35,5.8,9.009,10.793,0.0,-16.826
Dras,34.4306,75.7499,cold,3.0,3.0,2.6,90.0,aerated_concrete,0.1,gi_sheet,0.002,mineral_wool,0.1,south,1.5,0.6,0.45,1.6,9.702,13.047,0.0,-16.708
Dras,34.4306,75.7499,cold,3.0,3.0,2.6,90.0,timber,0.2,stone,0.3,xps,0.05,east,1.2,0.9,0.75,2.0,10.299,12.505,0.0,-16.857
Dras,34.4306,75.7499,cold,3.0,3.0,2.6,180.0,aerated_concrete,0.1,aerated_concrete,0.1,mineral_wool,0.05,north,1.2,1.2,0.55,3.5,11.405,16.043,0.0,-16.72
Dras,34.4306,75.7499,cold,3.0,3.0,2.6,180.0,stone,0.15,aerated_concrete,0.2,eps,0.05,north,1.2,1.5,0.45,1.2,11.69,14.393,0.0,-16.865
Dras,34.4306,75.7499,cold,3.0,3.0,2.6,135.0,plywood,0.05,puf_sandwich_panel,0.075,mineral_wool,0.1,east,1.5,1.2,0.85,5.8,11.471,17.51,0.0,-16.631
Dras,34.4306,75.7499,cold,3.0,3.0,2.6,45.0,gi_sheet,0.002,timber,0.1,mineral_wool,0.15,south,0.9,1.5,0.35,2.0,10.18,14.548,0.0,-16.66
Dras,34.4306,75.7499,cold,3.0,3.0,2.6,180.0,timber,0.15,brick,0.23,sheep_wool,0.15,south,1.5,1.5,0.75,3.5,10.932,13.616,0.0,-16.822
Dras,34.4306,75.7499,cold,3.0,3.0,2.6,135.0,rammed_earth,0.3,rcc_slab,0.15,eps,0.1,south,1.2,1.5,0.85,2.0,10.351,12.264,0.0,-16.884
Dras,34.4306,75.7499,cold,3.0,3.0,2.6,135.0,mud_brick,0.3,mud_brick,0.25,eps,0.2,east,1.5,0.6,0.55,2.0,8.47,9.637,0.0,-16.889
Dras,34.4306,75.7499,cold,3.0,3.0,2.6,0.0,brick,0.115,stone,0.15,eps,0.05,west,0.9,0.9,0.85,1.6,11.515,14.407,0.0,-16.852
Dras,34.4306,75.7499,cold,3.0,3.0,2.6,135.0,puf_sandwich_panel,0.05,concrete,0.1,none,0.0,north,1.5,0.6,0.65,2.6,16.146,26.595,0.3988,-16.704
Dras,34.4306,75.7499,cold,3.0,3.0,2.6,135.0,mud_brick,0.15,rcc_slab,0.2,eps,0.2,south,1.8,0.9,0.85,3.5,10.149,12.087,0.0,-16.865
Dras,34.4306,75.7499,cold,3.0,3.0,2.6,0.0,timber,0.1,mud_brick,0.15,eps,0.05,west,1.2,0.6,0.55,1.2,10.549,13.72,0.0,-16.786
Dras,34.4306,75.7499,cold,3.0,3.0,2.6,45.0,plywood,0.03,concrete,0.2,eps,0.2,east,1.5,0.6,0.65,1.2,9.973,12.473,0.0,-16.791
Dras,34.4306,75.7499,cold,3.0,3.0,2.6,45.0,concrete,0.1,mud_brick,0.15,eps,0.025,south,0.9,1.5,0.45,1.2,13.127,17.09,0.0,-16.846
Dras,34.4306,75.7499,cold,3.0,3.0,2.6,45.0,concrete,0.15,timber,0.1,eps,0.15,south,1.2,1.5,0.75,2.6,10.603,13.008,0.0,-16.855
Dras,34.4306,75.7499,cold,3.0,3.0,2.6,90.0,mud_brick,0.15,mud_brick,0.15,mineral_wool,0.05,south,1.8,0.6,0.85,1.6,11.328,14.023,0.0,-16.858
Dras,34.4306,75.7499,cold,3.0,3.0,2.6,45.0,mud_brick,0.45,gi_sheet,0.002,xps,0.1,west,1.5,0.9,0.75,1.6,9.082,10.656,0.0,-16.895
Dras,34.4306,75.7499,cold,3.0,3.0,2.6,45.0,stone,0.45,timber,0.1,eps,0.1,east,1.5,1.5,0.45,1.6,10.006,12.018,0.0,-16.904
Dras,34.4306,75.7499,cold,3.0,3.0,2.6,180.0,puf_sandwich_panel,0.075,concrete,0.15,xps,0.05,east,1.2,0.6,0.45,1.2,9.453,12.251,0.0,-16.751
Dras,34.4306,75.7499,cold,3.0,3.0,2.6,90.0,concrete,0.2,stone,0.15,xps,0.05,south,1.8,1.5,0.55,3.5,11.769,14.4,0.0,-16.879
Dras,34.4306,75.7499,cold,3.0,3.0,2.6,180.0,stone,0.45,brick,0.115,xps,0.05,north,1.8,1.2,0.75,1.6,10.885,13.364,0.0,-16.905
Dras,34.4306,75.7499,cold,3.0,3.0,2.6,45.0,rammed_earth,0.45,timber,0.15,eps,0.15,west,1.5,0.9,0.55,1.6,8.539,9.852,0.0,-16.894
Dras,34.4306,75.7499,cold,3.0,3.0,2.6,135.0,gi_sheet,0.002,stone,0.3,mineral_wool,0.05,north,1.2,1.5,0.85,1.6,14.315,18.765,0.0595,-16.832
Dras,34.4306,75.7499,cold,3.0,3.0,2.6,180.0,puf_sandwich_panel,0.15,brick,0.115,sheep_wool,0.1,east,1.8,1.2,0.85,2.0,10.928,15.567,0.0,-16.709
Dras,34.4306,75.7499,cold,3.0,3.0,2.6,90.0,timber,0.2,puf_sandwich_panel,0.15,xps,0.15,west,1.5,0.6,0.65,5.8,8.934,11.021,0.0,-16.775
Dras,34.4306,75.7499,cold,3.0,3.0,2.6,180.0,puf_sandwich_panel,0.15,aerated_concrete,0.2,eps,0.1,north,1.5,0.6,0.35,2.6,8.444,11.184,0.0,-16.653
Dras,34.4306,75.7499,cold,3.0,3.0,2.6,90.0,stone,0.15,mud_brick,0.25,xps,0.15,east,0.9,0.6,0.45,1.2,8.987,10.291,0.0,-16.878
Dras,34.4306,75.7499,cold,3.0,3.0,2.6,135.0,brick,0.115,timber,0.1,none,0.0,south,0.6,0.9,0.75,1.2,16.1,23.236,0.3869,-16.828
Dras,34.4306,75.7499,cold,3.0,3.0,2.6,0.0,concrete,0.2,stone,0.3,mineral_wool,0.15,east,0.6,0.6,0.35,1.2,8.773,10.014,0.0,-16.889
Dras,34.4306,75.7499,cold,3.0,3.0,2.6,90.0,mud_brick,0.3,concrete,0.15,sheep_wool,0.05,north,1.2,1.5,0.75,2.0,12.869,15.61,0.0,-16.886
Dras,34.4306,75.7499,cold,3.0,3.0,2.6,135.0,aerated_concrete,0.3,brick,0.115,sheep_wool,0.1,north,1.8,0.6,0.45,2.6,10.029,12.24,0.0,-16.829
Dras,34.4306,75.7499,cold,3.0,3.0,2.6,180.0,timber,0.1,rcc_slab,0.1,xps,0.1,north,0.6,0.6,0.55,5.8,9.4,11.822,0.0,-16.776
Dras,34.4306,75.7499,cold,3.0,3.0,2.6,90.0,rammed_earth,0.45,rcc_slab,0.25,eps,0.15,east,1.5,0.6,0.85,3.5,8.663,10.07,0.0,-16.9
Dras,34.4306,75.7499,cold,3.0,3.0,2.6,135.0,aerated_concrete,0.1,concrete,0.15,none,0.0,south,1.8,0.9,0.55,2.0,16.308,24.904,0.3929,-16.792
Dras,34.4306,75.7499,cold,3.0,3.0,2.6,180.0,mud_brick,0.3,gi_sheet,0.002,mineral_wool,0.05,north,1.2,1.2,0.55,2.6,10.793,12.915,0.0,-16.88
Dras,34.4306,75.7499,cold,3.0,3.0,2.6,135.0,gi_sheet,0.002,brick,0.115,none,0.0,south,1.5,1.2,0.65,1.2,17.931,31.755,0.4702,-22.295
Dras,34.4306,75.7499,cold,3.0,3.0,2.6,180.0,rammed_earth,0.15,concrete,0.15,eps,0.15,south,1.5,0.6,0.75,2.6,9.86,11.677,0.0,-16.859
Dras,34.4306,75.7499,cold,3.0,3.0,2.6,90.0,gi_sheet,0.002,mud_brick,0.15,mineral_wool,0.15,west,1.5,1.5,0.85,1.2,11.91,16.084,0.0,-16.755
Dras,34.4306,75.7499,cold,3.0,3.0,2.6,0.0,plywood,0.03,gi_sheet,0.002,sheep_wool,0.1,east,0.9,1.5,0.85,1.2,13.11,19.423,0.1429,-16.592
Dras,34.4306,75.7499,cold,3.0,3.0,2.6,135.0,concrete,0.2,stone,0.15,eps,0.05,east,1.2,0.9,0.75,1.2,11.498,13.9,0.0,-16.881
Dras,34.4306,75.7499,cold,3.0,3.0,2.6,135.0,concrete,0.1,mud_brick,0.15,xps,0.15,east,0.6,0.9,0.55,2.6,9.846,11.776,0.0,-16.849
Dras,34.4306,75.7499,cold,3.0,3.0,2.6,135.0,mud_brick,0.45,concrete,0.2,sheep_wool,0.1,south,0.9,1.2,0.55,5.8,9.068,10.619,0.0,-16.9
Dras,34.4306,75.7499,cold,3.0,3.0,2.6,0.0,aerated_concrete,0.2,mud_brick,0.15,mineral_wool,0.1,west,1.2,0.9,0.35,3.5,9.342,11.443,0.0,-16.817
Dras,34.4306,75.7499,cold,3.0,3.0,2.6,0.0,brick,0.115,concrete,0.1,eps,0.1,south,0.9,0.6,0.75,5.8,10.173,12.472,0.0,-16.842
Dras,34.4306,75.7499,cold,3.0,3.0,2.6,45.0,mud_brick,0.45,gi_sheet,0.002,eps,0.2,west,1.5,0.9,0.65,1.2,8.387,9.669,0.0,-16.895
Dras,34.4306,75.7499,cold,3.0,3.0,2.6,90.0,rammed_earth,0.3,concrete,0.15,mineral_wool,0.15,west,0.6,0.9,0.45,2.0,8.432,9.529,0.0,-16.886
Dras,34.4306,75.7499,cold,3.0,3.0,2.6,0.0,rammed_earth,0.15,rcc_slab,0.15,eps,0.05,west,1.2,0.9,0.75,2.6,11.339,14.078,0.0,-16.858
Dras,34.4306,75.7499,cold,3.0,3.0,2.6,90.0,stone,0.15,stone,0.15,xps,0.1,west,1.2,0.6,0.55,1.2,9.665,11.265,0.0,-16.876
Dras,34.4306,75.7499,cold,3.0,3.0,2.6,0.0,stone,0.3,mud_brick,0.15,mineral_wool,0.15,east,1.5,1.2,0.55,3.5,10.655,12.619,0.0,-16.896
Dras,34.4306,75.7499,cold,3.0,3.0,2.6,135.0,aerated_concrete,0.3,concrete,0.2,sheep_wool,0.1,north,1.5,0.6,0.85,1.6,10.492,12.727,0.0,-16.848
Dras,34.4306,75.7499,cold,3.0,3.0,2.6,135.0,mud_brick,0.3,concrete,0.1,mineral_wool,0.15,east,0.6,0.9,0.75,2.0,8.701,9.908,0.0,-16.886
Dras,34.4306,75.7499,cold,3.0,3.0,2.6,45.0,aerated_concrete,0.3,puf_sandwich_panel,0.1,xps,0.1,west,1.8,0.6,0.65,2.0,9.014,11.0,0.0,-16.804
Dras,34.4306,75.7499,cold,3.0,3.0,2.6,135.0,puf_sandwich_panel,0.075,mud_brick,0.25,eps,0.15,north,1.8,1.5,0.85,2.0,14.07,18.817,0.0714,-16.784
Dras,34.4306,75.7499,cold,3.0,3.0,2.6,45.0,plywood,0.05,brick,0.115,xps,0.05,west,1.2,0.9,0.65,2.6,11.3,15.628,0.0,-16.737
Dras,34.4306,75.7499,cold,3.0,3.0,2.6,90.0,puf_sandwich_panel,0.15,brick,0.23,xps,0.1,south,1.8,0.6,0.45,2.6,8.708,10.795,0.0,-16.779
Dras,34.4306,75.7499,cold,3.0,3.0,2.6,0.0,timber,0.2,brick,0.115,sheep_wool,0.05,west,1.8,0.9,0.55,2.6,10.998,14.219,0.0,-16.808
Dras,34.4306,75.7499,cold,3.0,3.0,2.6,45.0,aerated_concrete,0.1,aerated_concrete,0.1,mineral_wool,0.05,north,0.9,1.5,0.65,1.2,12.207,16.736,0.0,-16.72
Dras,34.4306,75.7499,cold,3.0,3.0,2.6,0.0,puf_sandwich_panel,0.15,mud_brick,0.25,eps,0.025,south,0.6,0.9,0.45,5.8,9.588,12.18,0.0,-16.784
Dras,34.4306,75.7499,cold,3.0,3.0,2.6,45.0,stone,0.15,aerated_concrete,0.1,mineral_wool,0.1,west,1.5,1.5,0.65,5.8,11.15,13.708,0.0,-16.863
Dras,34.4306,75.7499,cold,3.0,3.0,2.6,135.0,plywood,0.012,gi_sheet,0.002,eps,0.05,west,0.9,0.9,0.35,5.8,12.211,18.74,0.0417,-16.549
Dras,34.4306,75.7499,cold,3.0,3.0,2.6,180.0,concrete,0.2,concrete,0.15,eps,0.15,north,1.2,0.9,0.55,2.0,9.857,11.509,0.0,-16.88
Dras,34.4306,75.7499,cold,3.0,3.0,2.6,180.0,aerated_concrete,0.1,brick,0.23,sheep_wool,0.1,east,0.9,0.9,0.85,2.6,10.26,12.923,0.0,-16.809
Dras,34.4306,75.7499,cold,3.0,3.0,2.6,90.0,stone,0.3,puf_sandwich_panel,0.15,mineral_wool,0.15,south,1.5,1.5,0.75,2.6,9.964,11.893,0.0,-16.892
Dras,34.4306,75.7499,cold,3.0,3.0,2.6,45.0,rammed_earth,0.15,mud_brick,0.25,none,0.0,west,1.2,1.5,0.55,3.5,15.469,20.924,0.2381,-16.863
Dras,34.4306,75.7499,cold,3.0,3.0,2.6,180.0,puf_sandwich_panel,0.05,aerated_concrete,0.1,sheep_wool,0.05,north,1.8,0.6,0.75,5.8,10.676,16.209,0.0,-16.583
Dras,34.4306,75.7499,cold,3.0,3.0,2.6,135.0,gi_sheet,0.002,rcc_slab,0.25,sheep_wool,0.1,north,0.9,1.5,0.75,3.5,12.775,16.675,0.0,-16.807
Dras,34.4306,75.7499,cold,3.0,3.0,2.6,90.0,stone,0.45,mud_brick,0.25,xps,0.05,south,0.9,1.2,0.75,5.8,9.78,11.811,0.0,-16.907
Dras,34.4306,75.7499,cold,3.0,3.0,2.6,90.0,puf_sandwich_panel,0.075,mud_brick,0.25,mineral_wool,0.15,south,1.8,0.9,0.55,2.0,9.188,11.504,0.0,-16.789
Dras,34.4306,75.7499,cold,3.0,3.0,2.6,135.0,aerated_concrete,0.3,puf_sandwich_panel,0.05,xps,0.15,west,1.8,0.6,0.55,3.5,9.623,11.66,0.0,-16.805
Dras,34.4306,75.7499,cold,3.0,3.0,2.6,0.0,timber,0.2,mud_brick,0.15,eps,0.05,north,1.2,0.9,0.65,3.5,10.498,13.142,0.0,-16.817
Dras,34.4306,75.7499,cold,3.0,3.0,2.6,180.0,concrete,0.2,aerated_concrete,0.1,xps,0.15,north,1.2,0.9,0.45,5.8,9.883,11.634,0.0,-16.872
Dras,34.4306,75.7499,cold,3.0,3.0,2.6,180.0,puf_sandwich_panel,0.075,concrete,0.15,xps,0.05,north,0.6,0.9,0.75,2.0,9.636,12.565,0.0,-16.751
Dras,34.4306,75.7499,cold,3.0,3.0,2.6,90.0,timber,0.15,puf_sandwich_panel,0.05,xps,0.05,east,1.2,1.5,0.45,1.2,10.302,13.829,0.0,-16.738
Dras,34.4306,75.7499,cold,3.0,3.0,2.6,135.0,brick,0.345,concrete,0.2,eps,0.15,north,1.2,1.5,0.75,1.2,10.893,12.972,0.0,-16.893
Dras,34.4306,75.7499,cold,3.0,3.0,2.6,0.0,stone,0.15,brick,0.23,mineral_wool,0.05,east,0.6,0.9,0.65,2.6,11.326,13.682,0.0,-16.877
Dras,34.4306,75.7499,cold,3.0,3.0,2.6,90.0,timber,0.2,timber,0.1,sheep_wool,0.15,west,1.8,1.2,0.65,2.0,10.333,13.115,0.0,-16.782
Dras,34.4306,75.7499,cold,3.0,3.0,2.6,45.0,gi_sheet,0.002,mud_brick,0.25,sheep_wool,0.15,south,1.5,0.6,0.45,5.8,10.195,13.13,0.0,-16.792
Dras,34.4306,75.7499,cold,3.0,3.0,2.6,135.0,concrete,0.2,concrete,0.15,sheep_wool,0.05,south,0.6,1.5,0.65,2.6,11.538,13.957,0.0,-16.88
Dras,34.4306,75.7499,cold,3.0,3.0,2.6,135.0,mud_brick,0.15,concrete,0.2,mineral_wool,0.15,south,1.5,1.2,0.35,5.8,9.851,11.666,0.0,-16.866
Dras,34.4306,75.7499,cold,3.0,3.0,2.6,90.0,rammed_earth,0.45,rcc_slab,0.1,xps,0.1,east,0.9,0.6,0.35,2.6,8.422,9.628,0.0,-16.897
Dras,34.4306,75.7499,cold,3.0,3.0,2.6,90.0,plywood,0.012,stone,0.3,none,0.0,east,1.8,1.5,0.65,3.5,17.37,26.985,0.4583,-17.771
Dras,34.4306,75.7499,cold,3.0,3.0,2.6,45.0,plywood,0.019,gi_sheet,0.002,eps,0.2,east,0.6,1.2,0.85,5.8,10.507,15.098,0.0,-16.584
Dras,34.4306,75.7499,cold,3.0,3.0,2.6,90.0,brick,0.115,stone,0.3,eps,0.025,south,1.2,0.9,0.55,1.2,12.663,15.896,0.0,-16.869
Dras,34.4306,75.7499,cold,3.0,3.0,2.6,135.0,mud_brick,0.45,brick,0.23,mineral_wool,0.05,west,1.8,0.9,0.65,2.6,10.941,13.126,0.0,-16.899
Dras,34.4306,75.7499,cold,3.0,3.0,2.6,135.0,gi_sheet,0.002,concrete,0.1,eps,0.05,north,0.6,1.2,0.85,1.2,13.095,18.646,0.0476,-16.726
Dras,34.4306,75.7499,cold,3.0,3.0,2.6,45.0,mud_brick,0.3,puf_sandwich_panel,0.075,xps,0.1,north,1.8,1.5,0.55,1.2,11.485,13.631,0.0,-16.878
Dras,34.4306,75.7499,cold,3.0,3.0,2.6,180.0,plywood,0.019,aerated_concrete,0.2,eps,0.15,north,1.2,0.6,0.35,5.8,9.942,13.528,0.0,-16.667
Dras,34.4306,75.7499,cold,3.0,3.0,2.6,45.0,brick,0.115,stone,0.3,eps,0.05,west,0.9,1.5,0.55,2.6,11.367,13.897,0.0,-16.869
Dras,34.4306,75.7499,cold,3.0,3.0,2.6,180.0,timber,0.2,stone,0.15,none,0.0,east,1.5,1.5,0.85,2.0,16.262,23.441,0.3631,-16.827
Dras,34.4306,75.7499,cold,3.0,3.0,2.6,90.0,concrete,0.2,gi_sheet,0.002,eps,0.2,north,1.8,0.9,0.65,1.6,11.309,13.541,0.0,-16.87
Dras,34.4306,75.7499,cold,3.0,3.0,2.6,0.0,plywood,0.019,rcc_slab,0.1,mineral_wool,0.05,north,1.5,1.2,0.65,1.2,12.368,17.687,0.0,-16.722
Dras,34.4306,75.7499,cold,3.0,3.0,2.6,180.0,aerated_concrete,0.1,aerated_concrete,0.2,none,0.0,south,1.8,1.2,0.85,5.8,14.369,21.718,0.256,-16.736
Dras,34.4306,75.7499,cold,3.0,3.0,2.6,180.0,concrete,0.3,rcc_slab,0.1,mineral_wool,0.1,east,0.6,0.9,0.55,1.6,9.458,10.973,0.0,-16.892
Dras,34.4306,75.7499,cold,3.0,3.0,2.6,45.0,stone,0.15,brick,0.115,none,0.0,west,1.2,1.5,0.35,2.0,17.159,24.304,0.4702,-16.869
Dras,34.4306,75.7499,cold,3.0,3.0,2.6,135.0,stone,0.3,gi_sheet,0.002,sheep_wool,0.1,south,1.8,1.2,0.85,3.5,11.007,13.219,0.0,-16.892
Dras,34.4306,75.7499,cold,3.0,3.0,2.6,0.0,plywood,0.03,stone,0.3,sheep_wool,0.05,east,0.9,1.2,0.55,3.5,12.183,15.542,0.0,-16.831
Dras,34.4306,75.7499,cold,3.0,3.0,2.6,0.0,brick,0.115,puf_sandwich_panel,0.05,mineral_wool,0.1,north,1.2,1.5,0.45,1.2,10.335,12.827,0.0,-16.821
Dras,34.4306,75.7499,cold,3.0,3.0,2.6,180.0,plywood,0.03,stone,0.15,sheep_wool,0.1,east,1.8,1.2,0.35,5.8,11.09,14.784,0.0,-16.776
Dras,34.4306,75.7499,cold,3.0,3.0,2.6,0.0,concrete,0.2,aerated_concrete,0.2,eps,0.05,north,1.2,1.5,0.85,1.6,11.756,14.327,0.0,-16.872
Dras,34.4306,75.7499,cold,3.0,3.0,2.6,180.0,rammed_earth,0.45,rcc_slab,0.25,mineral_wool,0.1,north,1.8,1.2,0.45,2.0,9.415,11.117,0.0,-16.899
Dras,34.4306,75.7499,cold,3.0,3.0,2.6,0.0,puf_sandwich_panel,0.15,timber,0.15,eps,0.1,south,1.2,0.6,0.85,2.0,8.875,12.166,0.0,-16.635
Dras,34.4306,75.7499,cold,3.0,3.0,2.6,135.0,aerated_concrete,0.1,brick,0.115,eps,0.15,east,0.6,0.6,0.65,3.5,9.09,11.346,0.0,-16.772
Dras,34.4306,75.7499,cold,3.0,3.0,2.6,180.0,aerated_concrete,0.3,stone,0.15,eps,0.1,west,0.9,1.2,0.35,5.8,9.848,11.796,0.0,-16.844
Dras,34.4306,75.7499,cold,3.0,3.0,2.6,0.0,stone,0.15,timber,0.1,mineral_wool,0.1,west,1.2,0.9,0.65,1.6,10.145,12.176,0.0,-16.865
Dras,34.4306,75.7499,cold,3.0,3.0,2.6,135.0,rammed_earth,0.15,stone,0.3,sheep_wool,0.1,south,1.5,0.9,0.85,1.6,10.55,12.562,0.0,-16.874
Dras,34.4306,75.7499,cold,3.0,3.0,2.6,45.0,concrete,0.1,brick,0.115,sheep_wool,0.15,west,1.2,0.6,0.45,2.6,9.714,11.728,0.0,-16.844
Dras,34.4306,75.7499,cold,3.0,3.0,2.6,135.0,puf_sandwich_panel,0.075,stone,0.3,sheep_wool,0.1,north,1.8,0.9,0.45,2.0,10.189,12.476,0.0,-16.828
Dras,34.4306,75.7499,cold,3.0,3.0,2.6,90.0,brick,0.345,rcc_slab,0.1,mineral_wool,0.15,east,1.2,1.2,0.75,5.8,9.654,11.312,0.0,-16.89
Dras,34.4306,75.7499,cold,3.0,3.0,2.6,180.0,gi_sheet,0.002,aerated_concrete,0.1,mineral_wool,0.15,south,0.9,0.9,0.75,1.6,11.067,15.419,0.0,-16.658
Dras,34.4306,75.7499,cold,3.0,3.0,2.6,135.0,gi_sheet,0.002,brick,0.23,eps,0.15,south,0.6,0.6,0.35,2.6,10.143,12.771,0.0,-16.786
Dras,34.4306,75.7499,cold,3.0,3.0,2.6,90.0,rammed_earth,0.15,brick,0.23,eps,0.15,west,0.9,0.6,0.75,3.5,9.165,10.671,0.0,-16.863
Dras,34.4306,75.7499,cold,3.0,3.0,2.6,90.0,concrete,0.15,brick,0.115,none,0.0,north,1.2,0.6,0.65,1.6,17.239,24.487,0.4762,-16.864
Dras,34.4306,75.7499,cold,3.0,3.0,2.6,45.0,puf_sandwich_panel,0.1,concrete,0.1,xps,0.05,west,1.5,0.6,0.85,2.6,9.974,13.559,0.0,-16.71
Dras,34.4306,75.7499,cold,3.0,3.0,2.6,0.0,gi_sheet,0.002,puf_sandwich_panel,0.1,xps,0.15,north,0.6,0.6,0.65,1.2,9.586,13.774,0.0,-16.59
Dras,34.4306,75.7499,cold,3.0,3.0,2.6,90.0,puf_sandwich_panel,0.05,gi_sheet,0.002,eps,0.05,south,0.9,1.5,0.65,1.2,10.612,16.606,0.0,-16.526
Dras,34.4306,75.7499,cold,3.0,3.0,2.6,135.0,plywood,0.05,aerated_concrete,0.1,sheep_wool,0.1,west,1.5,1.2,0.65,3.5,12.529,17.654,0.0,-16.659
Dras,34.4306,75.7499,cold,3.0,3.0,2.6,135.0,puf_sandwich_panel,0.15,timber,0.1,mineral_wool,0.15,east,0.9,1.5,0.75,2.6,9.369,13.331,0.0,-16.635
Dras,34.4306,75.7499,cold,3.0,3.0,2.6,0.0,aerated_concrete,0.2,puf_sandwich_panel,0.1,eps,0.05,west,0.9,1.5,0.35,2.0,9.655,12.428,0.0,-16.763
Dras,34.4306,75.7499,cold,3.0,3.0,2.6,180.0,rammed_earth,0.45,puf_sandwich_panel,0.15,eps,0.15,north,0.6,0.6,0.75,1.6,8.04,9.057,0.0,-16.894
Dras,34.4306,75.7499,cold,3.0,3.0,2.6,180.0,puf_sandwich_panel,0.075,rcc_slab,0.2,eps,0.15,north,1.5,1.5,0.65,1.6,10.269,13.368,0.0,-16.781
Dras,34.4306,75.7499,cold,3.0,3.0,2.6,90.0,timber,0.2,brick,0.115,xps,0.1,east,0.9,1.2,0.45,1.6,9.318,11.452,0.0,-16.81
Dras,34.4306,75.7499,cold,3.0,3.0,2.6,45.0,timber,0.2,brick,0.115,eps,0.2,east,1.2,0.6,0.85,1.6,9.556,11.634,0.0,-16.812
Dras,34.4306,75.7499,cold,3.0,3.0,2.6,0.0,mud_brick,0.3,stone,0.3,sheep_wool,0.05,south,0.9,0.6,0.55,2.6,9.93,11.655,0.0,-16.894
Dras,34.4306,75.7499,cold,3.0,3.0,2.6,90.0,puf_sandwich_panel,0.075,aerated_concrete,0.2,eps,0.15,north,0.6,1.2,0.55,5.8,9.397,12.417,0.0,-16.65
Dras,34.4306,75.7499,cold,3.0,3.0,2.6,0.0,aerated_concrete,0.1,puf_sandwich_panel,0.075,eps,0.2,east,1.5,1.2,0.85,1.6,13.204,18.15,0.0417,-16.695
Dras,34.4306,75.7499,cold,3.0,3.0,2.6,135.0,brick,0.23,aerated_concrete,0.1,eps,0.025,south,1.8,0.6,0.85,5.8,12.375,15.393,0.0,-16.869
Dras,34.4306,75.7499,cold,3.0,3.0,2.6,180.0,aerated_concrete,0.3,mud_brick,0.15,xps,0.15,south,1.2,0.6,0.55,5.8,8.759,10.304,0.0,-16.837
Dras,34.4306,75.7499,cold,3.0,3.0,2.6,180.0,gi_sheet,0.002,timber,0.1,none,0.0,south,0.9,1.2,0.55,1.6,16.727,29.624,0.4345,-22.307
Dras,34.4306,75.7499,cold,3.0,3.0,2.6,180.0,puf_sandwich_panel,0.1,aerated_concrete,0.1,eps,0.05,east,0.6,0.9,0.75,2.0,9.284,13.227,0.0,-16.591
Dras,34.4306,75.7499,cold,3.0,3.0,2.6,90.0,stone,0.45,timber,0.15,sheep_wool,0.1,north,0.6,1.2,0.55,1.2,9.109,10.736,0.0,-16.905
Dras,34.4306,75.7499,cold,3.0,3.0,2.6,180.0,gi_sheet,0.002,aerated_concrete,0.2,mineral_wool,0.05,east,0.6,1.5,0.85,1.2,12.462,18.381,0.0179,-16.678
Dras,34.4306,75.7499,cold,3.0,3.0,2.6,180.0,gi_sheet,0.002,concrete,0.2,eps,0.025,south,0.6,0.9,0.65,3.5,13.592,19.047,0.0595,-16.788
Dras,34.4306,75.7499,cold,3.0,3.0,2.6,45.0,rammed_earth,0.45,gi_sheet,0.002,mineral_wool,0.05,north,1.5,1.2,0.65,3.5,11.503,13.662,0.0,-16.893
Dras,34.4306,75.7499,cold,3.0,3.0,2.6,45.0,concrete,0.1,rcc_slab,0.25,eps,0.2,south,1.5,1.5,0.85,3.5,11.115,13.726,0.0,-16.861
Dras,34.4306,75.7499,cold,3.0,3.0,2.6,90.0,timber,0.1,brick,0.23,mineral_wool,0.05,east,0.9,0.9,0.55,1.6,10.633,13.524,0.0,-16.812
Dras,34.4306,75.7499,cold,3.0,3.0,2.6,180.0,puf_sandwich_panel,0.1,timber,0.15,xps,0.1,east,0.6,0.9,0.35,5.8,8.4,11.198,0.0,-16.632
Dras,34.4306,75.7499,cold,3.0,3.0,2.6,135.0,mud_brick,0.15,stone,0.3,xps,0.05,south,0.9,1.2,0.75,2.0,10.981,13.189,0.0,-16.876
Dras,34.4306,75.7499,cold,3.0,3.0,2.6,0.0,puf_sandwich_panel,0.1,mud_brick,0.15,mineral_wool,0.15,north,0.9,1.5,0.55,1.2,8.936,11.245,0.0,-16.744
Dras,34.4306,75.7499,cold,3.0,3.0,2.6,135.0,stone,0.45,rcc_slab,0.25,none,0.0,south,0.6,0.9,0.55,2.6,14.851,18.453,0.0417,-16.908
Dras,34.4306,75.7499,cold,3.0,3.0,2.6,135.0,stone,0.3,gi_sheet,0.002,xps,0.15,north,0.6,0.6,0.75,2.6,9.063,10.43,0.0,-16.894
Dras,34.4306,75.7499,cold,3.0,3.0,2.6,180.0,timber,0.1,rcc_slab,0.15,xps,0.1,north,1.5,1.2,0.75,2.0,10.977,14.295,0.0,-16.796
Dras,34.4306,75.7499,cold,3.0,3.0,2.6,0.0,brick,0.345,brick,0.23,eps,0.2,west,1.2,1.2,0.85,3.5,9.209,10.826,0.0,-16.893
Dras,34.4306,75.7499,cold,3.0,3.0,2.6,135.0,rammed_earth,0.45,stone,0.15,eps,0.2,north,1.2,1.5,0.35,5.8,9.266,10.759,0.0,-16.897
Dras,34.4306,75.7499,cold,3.0,3.0,2.6,180.0,aerated_concrete,0.3,concrete,0.15,xps,0.1,north,1.8,1.5,0.45,1.2,10.219,12.599,0.0,-16.838
Dras,34.4306,75.7499,cold,3.0,3.0,2.6,90.0,puf_sandwich_panel,0.05,stone,0.3,mineral_wool,0.1,east,1.2,0.6,0.75,5.8,9.243,11.189,0.0,-16.829
Dras,34.4306,75.7499,cold,3.0,3.0,2.6,180.0,plywood,0.012,rcc_slab,0.25,sheep_wool,0.1,south,1.5,1.5,0.35,2.6,11.323,14.536,0.0,-16.802
Dras,34.4306,75.7499,cold,3.0,3.0,2.6,180.0,puf_sandwich_panel,0.1,brick,0.115,eps,0.05,south,1.8,1.5,0.45,5.8,11.197,15.737,0.0,-16.704
Dras,34.4306,75.7499,cold,3.0,3.0,2.6,90.0,mud_brick,0.15,aerated_concrete,0.1,xps,0.1,north,1.5,0.6,0.75,5.8,11.03,13.471,0.0,-16.845
Dras,34.4306,75.7499,cold,3.0,3.0,2.6,90.0,aerated_concrete,0.3,timber,0.15,xps,0.15,south,0.6,0.6,0.75,5.8,8.365,9.908,0.0,-16.819
Dras,34.4306,75.7499,cold,3.0,3.0,2.6,90.0,concrete,0.15,rcc_slab,0.15,sheep_wool,0.15,south,1.5,1.5,0.85,1.2,11.143,13.609,0.0,-16.867
Dras,34.4306,75.7499,cold,3.0,3.0,2.6,0.0,puf_sandwich_panel,0.1,brick,0.23,mineral_wool,0.15,east,1.2,0.9,0.55,1.6,9.805,12.108,0.0,-16.784
Dras,34.4306,75.7499,cold,3.0,3.0,2.6,135.0,concrete,0.2,rcc_slab,0.15,eps,0.2,west,1.2,1.5,0.85,5.8,12.1,14.496,0.0,-16.879
Dras,34.4306,75.7499,cold,3.0,3.0,2.6,180.0,plywood,0.05,concrete,0.15,sheep_wool,0.1,south,1.8,1.5,0.55,1.6,11.569,15.277,0.0,-16.771
Dras,34.4306,75.7499,cold,3.0,3.0,2.6,135.0,timber,0.2,puf_sandwich_panel,0.1,none,0.0,north,1.8,0.9,0.65,3.5,12.436,16.707,0.0,-16.768
Dras,34.4306,75.7499,cold,3.0,3.0,2.6,135.0,mud_brick,0.45,stone,0.3,xps,0.05,north,1.2,1.5,0.55,5.8,10.721,12.879,0.0,-16.902
Dras,34.4306,75.7499,cold,3.0,3.0,2.6,180.0,gi_sheet,0.002,rcc_slab,0.2,sheep_wool,0.15,west,1.2,0.9,0.45,2.0,11.642,14.94,0.0,-16.789
Dras,34.4306,75.7499,cold,3.0,3.0,2.6,45.0,mud_brick,0.15,timber,0.1,sheep_wool,0.05,east,0.6,1.2,0.75,2.6,11.614,14.497,0.0,-16.845
Dras,34.4306,75.7499,cold,3.0,3.0,2.6,135.0,timber,0.2,concrete,0.1,xps,0.15,west,0.9,0.9,0.45,5.8,9.32,11.227,0.0,-16.813
Dras,34.4306,75.7499,cold,3.0,3.0,2.6,0.0,rammed_earth,0.45,rcc_slab,0.2,none,0.0,south,1.8,1.2,0.55,5.8,14.555,18.337,0.0238,-16.897
Dras,34.4306,75.7499,cold,3.0,3.0,2.6,180.0,plywood,0.019,puf_sandwich_panel,0.15,none,0.0,south,1.8,1.2,0.35,5.8,15.04,25.782,0.381,-19.435
Dras,34.4306,75.7499,cold,3.0,3.0,2.6,90.0,brick,0.345,brick,0.23,mineral_wool,0.1,south,0.9,0.6,0.85,2.0,8.997,10.438,0.0,-16.894
Dras,34.4306,75.7499,cold,3.0,3.0,2.6,135.0,aerated_concrete,0.3,puf_sandwich_panel,0.075,xps,0.05,east,1.8,1.5,0.65,1.2,11.022,14.41,0.0,-16.798
Dras,34.4306,75.7499,cold,3.0,3.0,2.6,90.0,aerated_concrete,0.3,stone,0.15,xps,0.05,south,0.9,0.9,0.65,3.5,9.953,12.122,0.0,-16.844
Dras,34.4306,75.7499,cold,3.0,3.0,2.6,135.0,gi_sheet,0.002,stone,0.15,sheep_wool,0.15,east,0.6,0.6,0.45,1.6,10.303,13.148,0.0,-16.777
Dras,34.4306,75.7499,cold,3.0,3.0,2.6,135.0,concrete,0.2,concrete,0.1,mineral_wool,0.1,north,0.6,0.6,0.55,5.8,10.033,11.748,0.0,-16.878
Dras,34.4306,75.7499,cold,3.0,3.0,2.6,135.0,aerated_concrete,0.3,rcc_slab,0.1,mineral_wool,0.1,east,1.2,1.2,0.85,3.5,10.348,12.903,0.0,-16.831
Dras,34.4306,75.7499,cold,3.0,3.0,2.6,0.0,timber,0.15,mud_brick,0.25,sheep_wool,0.15,east,1.2,0.6,0.75,5.8,10.104,12.269,0.0,-16.828
Dras,34.4306,75.7499,cold,3.0,3.0,2.6,180.0,concrete,0.2,brick,0.23,eps,0.15,south,1.2,1.2,0.85,1.6,10.447,12.234,0.0,-16.881
Dras,34.4306,75.7499,cold,3.0,3.0,2.6,45.0,timber,0.15,brick,0.23,mineral_wool,0.05,south,1.5,1.2,0.35,5.8,10.819,13.751,0.0,-16.823
Dras,34.4306,75.7499,cold,3.0,3.0,2.6,45.0,concrete,0.1,timber,0.15,eps,0.05,east,1.8,0.9,0.75,2.0,13.188,17.08,0.0,-16.832
Dras,34.4306,75.7499,cold,3.0,3.0,2.6,135.0,rammed_earth,0.3,rcc_slab,0.25,eps,0.15,east,1.8,1.5,0.65,5.8,10.59,12.562,0.0,-16.888
Dras,34.4306,75.7499,cold,3.0,3.0,2.6,180.0,mud_brick,0.3,gi_sheet,0.002,mineral_wool,0.15,west,0.9,0.9,0.55,3.5,9.536,10.965,0.0,-16.881
Dras,34.4306,75.7499,cold,3.0,3.0,2.6,0.0,rammed_earth,0.15,concrete,0.15,xps,0.05,north,0.9,0.9,0.45,3.5,10.755,13.133,0.0,-16.858
Dras,34.4306,75.7499,cold,3.0,3.0,2.6,90.0,brick,0.23,timber,0.15,xps,0.15,north,1.8,1.5,0.55,1.6,12.422,15.116,0.0,-16.868
Dras,34.4306,75.7499,cold,3.0,3.0,2.6,135.0,rammed_earth,0.3,puf_sandwich_panel,0.05,eps,0.2,east,0.9,1.2,0.85,3.5,9.194,10.608,0.0,-16.878
Dras,34.4306,75.7499,cold,3.0,3.0,2.6,180.0,timber,0.15,aerated_concrete,0.1,eps,0.1,west,0.9,0.9,0.55,3.5,10.297,13.159,0.0,-16.76
Dras,34.4306,75.7499,cold,3.0,3.0,2.6,0.0,mud_brick,0.45,puf_sandwich_panel,0.075,eps,0.1,north,0.6,0.6,0.85,1.2,8.204,9.33,0.0,-16.896
Dras,34.4306,75.7499,cold,3.0,3.0,2.6,180.0,stone,0.3,concrete,0.15,sheep_wool,0.05,east,0.9,1.5,0.55,5.8,11.165,13.31,0.0,-16.897
Dras,34.4306,75.7499,cold,3.0,3.0,2.6,135.0,concrete,0.15,brick,0.23,sheep_wool,0.15,west,1.8,0.6,0.85,3.5,11.349,13.565,0.0,-16.872
Dras,34.4306,75.7499,cold,3.0,3.0,2.6,135.0,puf_sandwich_panel,0.05,concrete,0.2,eps,0.2,north,0.9,0.9,0.55,2.6,9.084,11.149,0.0,-16.782
Dras,34.4306,75.7499,cold,3.0,3.0,2.6,45.0,mud_brick,0.15,stone,0.15,xps,0.05,east,0.6,0.9,0.35,5.8,10.702,12.968,0.0,-16.863
Dras,34.4306,75.7499,cold,3.0,3.0,2.6,180.0,puf_sandwich_panel,0.1,puf_sandwich_panel,0.075,mineral_wool,0.1,south,0.6,0.9,0.45,1.2,8.115,10.915,0.0,-16.552
Dras,34.4306,75.7499,cold,3.0,3.0,2.6,135.0,stone,0.3,timber,0.1,xps,0.1,north,1.2,0.6,0.75,1.6,9.925,11.616,0.0,-16.894
Dras,34.4306,75.7499,cold,3.0,3.0,2.6,45.0,gi_sheet,0.002,mud_brick,0.25,eps,0.1,west,0.6,0.6,0.35,3.5,10.115,12.928,0.0,-16.792
Dras,34.4306,75.7499,cold,3.0,3.0,2.6,135.0,plywood,0.03,puf_sandwich_panel,0.15,mineral_wool,0.1,east,0.9,0.6,0.75,2.0,9.896,14.007,0.0,-16.604
Dras,34.4306,75.7499,cold,3.0,3.0,2.6,45.0,mud_brick,0.15,mud_brick,0.15,xps,0.05,east,1.5,1.2,0.55,5.8,12.337,15.452,0.0,-16.856
Dras,34.4306,75.7499,cold,3.0,3.0,2.6,0.0,plywood,0.03,puf_sandwich_panel,0.075,mineral_wool,0.05,west,1.5,1.5,0.55,5.8,11.836,18.885,0.0298,-16.582
Dras,34.4306,75.7499,cold,3.0,3.0,2.6,90.0,brick,0.345,puf_sandwich_panel,0.05,eps,0.1,north,1.2,1.2,0.75,1.2,11.076,13.014,0.0,-16.886
Dras,34.4306,75.7499,cold,3.0,3.0,2.6,0.0,concrete,0.15,mud_brick,0.15,sheep_wool,0.15,north,1.8,1.5,0.85,2.6,11.748,14.369,0.0,-16.864
Dras,34.4306,75.7499,cold,3.0,3.0,2.6,180.0,plywood,0.03,rcc_slab,0.1,xps,0.1,west,1.2,1.2,0.35,3.5,11.261,15.03,0.0,-16.729
Dras,34.4306,75.7499,cold,3.0,3.0,2.6,90.0,stone,0.45,aerated_concrete,0.1,xps,0.15,west,1.5,1.5,0.45,1.6,8.841,10.423,0.0,-16.904
Dras,34.4306,75.7499,cold,3.0,3.0,2.6,45.0,concrete,0.2,brick,0.115,sheep_wool,0.05,south,0.9,0.6,0.85,5.8,11.339,13.776,0.0,-16.877
Dras,34.4306,75.7499,cold,3.0,3.0,2.6,180.0,gi_sheet,0.002,brick,0.115,eps,0.05,west,1.8,1.2,0.65,2.6,15.22,22.103,0.3214,-16.721
Dras,34.4306,75.7499,cold,3.0,3.0,2.6,45.0,aerated_concrete,0.3,timber,0.15,xps,0.05,east,1.2,1.2,0.55,1.2,10.918,13.703,0.0,-16.815
Dras,34.4306,75.7499,cold,3.0,3.0,2.6,135.0,puf_sandwich_panel,0.05,brick,0.23,eps,0.1,south,1.8,1.5,0.75,1.2,11.045,14.607,0.0,-16.775
Dras,34.4306,75.7499,cold,3.0,3.0,2.6,90.0,plywood,0.019,brick,0.23,sheep_wool,0.1,south,0.6,1.5,0.65,1.6,10.479,13.637,0.0,-16.781
Dras,34.4306,75.7499,cold,3.0,3.0,2.6,90.0,stone,0.3,concrete,0.1,eps,0.025,north,1.5,1.5,0.35,1.6,12.795,15.515,0.0,-16.894
Dras,34.4306,75.7499,cold,3.0,3.0,2.6,45.0,rammed_earth,0.3,timber,0.15,eps,0.025,south,1.5,0.9,0.35,2.6,11.054,13.304,0.0,-16.879
Dras,34.4306,75.7499,cold,3.0,3.0,2.6,135.0,gi_sheet,0.002,puf_sandwich_panel,0.05,eps,0.025,north,1.8,1.2,0.65,3.5,14.891,24.079,0.3869,-16.566
Dras,34.4306,75.7499,cold,3.0,3.0,2.6,0.0,concrete,0.3,aerated_concrete,0.2,sheep_wool,0.05,east,1.5,1.5,0.65,3.5,13.007,15.777,0.0,-16.888
Dras,34.4306,75.7499,cold,3.0,3.0,2.6,45.0,aerated_concrete,0.2,aerated_concrete,0.2,eps,0.05,west,1.5,0.9,0.45,2.0,10.192,13.021,0.0,-16.789
Dras,34.4306,75.7499,cold,3.0,3.0,2.6,0.0,puf_sandwich_panel,0.05,stone,0.15,sheep_wool,0.15,north,0.9,1.5,0.75,5.8,9.892,12.648,0.0,-16.766
Dras,34.4306,75.7499,cold,3.0,3.0,2.6,180.0,timber,0.1,puf_sandwich_panel,0.15,mineral_wool,0.15,east,0.6,0.6,0.65,3.5,8.674,11.041,0.0,-16.718
Dras,34.4306,75.7499,cold,3.0,3.0,2.6,45.0,plywood,0.05,rcc_slab,0.2,mineral_wool,0.1,east,1.2,0.6,0.35,2.6,9.875,12.331,0.0,-16.799
Dras,34.4306,75.7499,cold,3.0,3.0,2.6,90.0,puf_sandwich_panel,0.1,puf_sandwich_panel,0.05,sheep_wool,0.05,north,1.8,1.5,0.55,2.0,13.267,21.036,0.2262,-16.512
Dras,34.4306,75.7499,cold,3.0,3.0,2.6,45.0,rammed_earth,0.45,aerated_concrete,0.2,eps,0.2,north,1.5,1.2,0.45,2.6,9.324,10.804,0.0,-16.894
Dras,34.4306,75.7499,cold,3.0,3.0,2.6,90.0,gi_sheet,0.002,stone,0.3,mineral_wool,0.05,south,0.9,0.9,0.65,5.8,11.665,14.982,0.0,-16.832
Dras,34.4306,75.7499,cold,3.0,3.0,2.6,180.0,concrete,0.3,timber,0.1,xps,0.05,east,0.6,0.6,0.35,1.2,10.089,11.744,0.0,-16.89
Dras,34.4306,75.7499,cold,3.0,3.0,2.6,0.0,brick,0.115,timber,0.15,eps,0.15,east,0.9,0.9,0.35,2.0,9.73,11.764,0.0,-16.832
Dras,34.4306,75.7499,cold,3.0,3.0,2.6,45.0,plywood,0.03,concrete,0.1,sheep_wool,0.05,east,0.9,0.9,0.65,2.6,12.294,17.33,0.0,-16.727
Dras,34.4306,75.7499,cold,3.0,3.0,2.6,90.0,brick,0.23,rcc_slab,0.25,none,0.0,east,1.5,1.5,0.55,2.6,16.024,21.137,0.3155,-16.882
Dras,34.4306,75.7499,cold,3.0,3.0,2.6,90.0,concrete,0.2,puf_sandwich_panel,0.1,eps,0.1,south,1.8,1.5,0.85,2.0,11.535,14.198,0.0,-16.867
Dras,34.4306,75.7499,cold,3.0,3.0,2.6,180.0,puf_sandwich_panel,0.1,brick,0.115,mineral_wool,0.05,west,0.9,1.2,0.85,3.5,12.047,16.473,0.0,-16.709
Dras,34.4306,75.7499,cold,3.0,3.0,2.6,135.0,concrete,0.3,puf_sandwich_panel,0.05,mineral_wool,0.05,south,1.2,0.9,0.85,1.2,10.625,12.543,0.0,-16.888
Dras,34.4306,75.7499,cold,3.0,3.0,2.6,0.0,puf_sandwich_panel,0.15,concrete,0.1,sheep_wool,0.15,south,1.8,1.5,0.35,2.6,9.656,13.018,0.0,-16.715
Dras,34.4306,75.7499,cold,3.0,3.0,2.6,180.0,rammed_earth,0.3,brick,0.23,mineral_wool,0.1,north,1.8,1.5,0.85,5.8,11.695,14.182,0.0,-16.885
Dras,34.4306,75.7499,cold,3.0,3.0,2.6,45.0,timber,0.1,gi_sheet,0.002,sheep_wool,0.05,south,0.9,0.9,0.35,1.2,10.842,15.171,0.0,-16.703
Dras,34.4306,75.7499,cold,3.0,3.0,2.6,0.0,rammed_earth,0.3,gi_sheet,0.002,sheep_wool,0.15,east,1.8,1.5,0.55,3.5,12.351,14.973,0.0,-16.875
Dras,34.4306,75.7499,cold,3.0,3.0,2.6,135.0,gi_sheet,0.002,timber,0.15,mineral_wool,0.1,west,1.2,0.6,0.35,1.6,11.081,15.285,0.0,-16.672
Dras,34.4306,75.7499,cold,3.0,3.0,2.6,135.0,aerated_concrete,0.2,gi_sheet,0.002,sheep_wool,0.15,west,0.6,0.9,0.85,3.5,9.748,12.172,0.0,-16.771
Dras,34.4306,75.7499,cold,3.0,3.0,2.6,0.0,stone,0.45,aerated_concrete,0.2,sheep_wool,0.1,west,0.9,1.5,0.35,3.5,8.875,10.454,0.0,-16.905
Dras,34.4306,75.7499,cold,3.0,3.0,2.6,180.0,plywood,0.019,gi_sheet,0.002,mineral_wool,0.05,south,1.5,1.2,0.85,1.6,13.133,20.651,0.1726,-16.575
Dras,34.4306,75.7499,cold,3.0,3.0,2.6,90.0,aerated_concrete,0.3,stone,0.15,eps,0.15,east,1.2,1.5,0.75,5.8,10.317,12.723,0.0,-16.843
Dras,34.4306,75.7499,cold,3.0,3.0,2.6,135.0,gi_sheet,0.002,aerated_concrete,0.2,xps,0.15,north,1.8,1.2,0.55,5.8,12.858,18.45,0.0417,-16.679
Dras,34.4306,75.7499,cold,3.0,3.0,2.6,180.0,timber,0.1,stone,0.15,sheep_wool,0.15,north,0.6,0.6,0.45,5.8,8.978,10.9,0.0,-16.806
Dras,34.4306,75.7499,cold,3.0,3.0,2.6,45.0,gi_sheet,0.002,rcc_slab,0.1,xps,0.1,south,1.2,0.9,0.75,3.5,11.036,15.493,0.0,-16.729
Dras,34.4306,75.7499,cold,3.0,3.0,2.6,45.0,stone,0.3,puf_sandwich_panel,0.15,mineral_wool,0.15,east,0.6,0.9,0.65,2.6,8.818,10.141,0.0,-16.894
Dras,34.4306,75.7499,cold,3.0,3.0,2.6,0.0,gi_sheet,0.002,timber,0.15,sheep_wool,0.05,north,1.2,0.6,0.45,3.5,11.673,17.421,0.0,-16.656
Dras,34.4306,75.7499,cold,3.0,3.0,2.6,180.0,plywood,0.05,mud_brick,0.25,sheep_wool,0.1,east,1.5,0.9,0.45,1.2,10.244,13.0,0.0,-16.798
Dras,34.4306,75.7499,cold,3.0,3.0,2.6,0.0,timber,0.15,puf_sandwich_panel,0.075,eps,0.1,north,0.9,1.2,0.85,1.6,9.768,12.623,0.0,-16.742
Dras,34.4306,75.7499,cold,3.0,3.0,2.6,0.0,puf_sandwich_panel,0.1,rcc_slab,0.15,mineral_wool,0.15,north,0.9,1.5,0.35,5.8,8.949,11.195,0.0,-16.762
Dras,34.4306,75.7499,cold,3.0,3.0,2.6,0.0,aerated_concrete,0.3,puf_sandwich_panel,0.05,sheep_wool,0.1,west,0.6,0.9,0.35,2.0,8.573,10.319,0.0,-16.805
Dras,34.4306,75.7499,cold,3.0,3.0,2.6,0.0,rammed_earth,0.3,timber,0.15,eps,0.15,south,1.8,0.6,0.35,1.2,8.606,9.755,0.0,-16.88
Dras,34.4306,75.7499,cold,3.0,3.0,2.6,135.0,brick,0.23,concrete,0.15,xps,0.05,east,1.5,0.6,0.75,5.8,11.055,13.306,0.0,-16.878
Dras,34.4306,75.7499,cold,3.0,3.0,2.6,0.0,rammed_earth,0.45,aerated_concrete,0.2,xps,0.1,east,0.6,1.2,0.65,2.0,9.167,10.602,0.0,-16.895
Dras,34.4306,75.7499,cold,3.0,3.0,2.6,0.0,timber,0.2,mud_brick,0.25,eps,0.15,south,0.9,1.2,0.65,2.0,9.143,10.968,0.0,-16.837
Dras,34.4306,75.7499,cold,3.0,3.0,2.6,135.0,plywood,0.03,stone,0.3,mineral_wool,0.05,south,1.2,0.6,0.35,1.2,10.986,13.742,0.0,-16.832
Dras,34.4306,75.7499,cold,3.0,3.0,2.6,135.0,plywood,0.03,stone,0.3,eps,0.025,east,1.2,1.2,0.45,1.6,12.781,16.78,0.0,-16.831
Dras,34.4306,75.7499,cold,3.0,3.0,2.6,135.0,gi_sheet,0.002,brick,0.23,sheep_wool,0.1,west,0.9,1.2,0.85,1.6,12.65,16.549,0.0,-16.785
Dras,34.4306,75.7499,cold,3.0,3.0,2.6,0.0,puf_sandwich_panel,0.075,rcc_slab,0.2,mineral_wool,0.1,east,1.8,0.9,0.45,1.2,10.624,13.362,0.0,-16.784
Dras,34.4306,75.7499,cold,3.0,3.0,2.6,135.0,gi_sheet,0.002,timber,0.1,eps,0.05,north,0.9,0.9,0.55,1.2,12.568,18.684,0.0417,-16.632
Dras,34.4306,75.7499,cold,3.0,3.0,2.6,45.0,puf_sandwich_panel,0.075,rcc_slab,0.25,none,0.0,north,1.8,1.2,0.65,1.6,15.982,22.558,0.3393,-16.799
Dras,34.4306,75.7499,cold,3.0,3.0,2.6,45.0,rammed_earth,0.15,mud_brick,0.25,mineral_wool,0.1,west,1.8,0.9,0.65,5.8,10.468,12.645,0.0,-16.864
Dras,34.4306,75.7499,cold,3.0,3.0,2.6,90.0,mud_brick,0.3,mud_brick,0.25,eps,0.05,north,1.2,1.5,0.35,1.6,10.876,12.798,0.0,-16.888
Dras,34.4306,75.7499,cold,3.0,3.0,2.6,90.0,mud_brick,0.3,aerated_concrete,0.2,eps,0.2,south,1.5,1.2,0.35,1.6,8.594,9.786,0.0,-16.882
Dras,34.4306,75.7499,cold,3.0,3.0,2.6,45.0,gi_sheet,0.002,gi_sheet,0.002,mineral_wool,0.05,east,1.8,1.2,0.75,2.0,14.625,23.378,0.3333,-16.594
Dras,34.4306,75.7499,cold,3.0,3.0,2.6,0.0,stone,0.15,timber,0.15,mineral_wool,0.05,east,0.9,0.9,0.55,1.2,11.398,13.898,0.0,-16.866
Dras,34.4306,75.7499,cold,3.0,3.0,2.6,90.0,concrete,0.2,concrete,0.1,mineral_wool,0.1,west,1.8,1.5,0.85,2.6,11.838,14.329,0.0,-16.875
Dras,34.4306,75.7499,cold,3.0,3.0,2.6,45.0,aerated_concrete,0.2,puf_sandwich_panel,0.1,eps,0.025,west,1.8,1.5,0.55,2.0,11.34,15.383,0.0,-16.758
Dras,34.4306,75.7499,cold,3.0,3.0,2.6,90.0,stone,0.15,timber,0.1,mineral_wool,0.15,south,0.6,1.5,0.55,5.8,9.625,11.362,0.0,-16.866
Dras,34.4306,75.7499,cold,3.0,3.0,2.6,135.0,brick,0.115,gi_sheet,0.002,eps,0.05,east,0.6,1.5,0.35,5.8,11.705,15.043,0.0,-16.823
Dras,34.4306,75.7499,cold,3.0,3.0,2.6,0.0,gi_sheet,0.002,concrete,0.15,sheep_wool,0.1,north,0.6,1.2,0.75,3.5,10.915,14.63,0.0,-16.763
Dras,34.4306,75.7499,cold,3.0,3.0,2.6,180.0,mud_brick,0.3,stone,0.15,mineral_wool,0.1,west,0.9,0.9,0.45,5.8,9.701,11.18,0.0,-16.888
Dras,34.4306,75.7499,cold,3.0,3.0,2.6,45.0,concrete,0.2,rcc_slab,0.1,eps,0.025,west,1.8,0.9,0.65,2.6,13.048,16.367,0.0,-16.876
Dras,34.4306,75.7499,cold,3.0,3.0,2.6,0.0,timber,0.15,puf_sandwich_panel,0.05,eps,0.1,west,1.8,1.2,0.55,5.8,10.554,14.493,0.0,-16.738
Dras,34.4306,75.7499,cold,3.0,3.0,2.6,0.0,plywood,0.03,rcc_slab,0.15,sheep_wool,0.15,north,1.2,0.9,0.35,1.2,9.512,12.108,0.0,-16.765
Dras,34.4306,75.7499,cold,3.0,3.0,2.6,45.0,brick,0.23,brick,0.23,mineral_wool,0.15,north,1.8,1.5,0.35,2.6,10.595,12.447,0.0,-16.879
Dras,34.4306,75.7499,cold,3.0,3.0,2.6,135.0,timber,0.15,puf_sandwich_panel,0.075,sheep_wool,0.1,south,0.6,0.6,0.45,3.5,8.883,11.185,0.0,-16.744
Dras,34.4306,75.7499,cold,3.0,3.0,2.6,0.0,mud_brick,0.15,stone,0.3,xps,0.15,south,1.2,1.2,0.85,2.6,9.94,11.748,0.0,-16.876
Dras,34.4306,75.7499,cold,3.0,3.0,2.6,45.0,concrete,0.15,brick,0.115,eps,0.025,east,1.2,1.2,0.55,1.2,13.738,17.578,0.0,-16.863
Dras,34.4306,75.7499,cold,3.0,3.0,2.6,135.0,brick,0.23,rcc_slab,0.1,sheep_wool,0.15,west,1.5,1.5,0.35,3.5,10.727,12.701,0.0,-16.873
Dras,34.4306,75.7499,cold,3.0,3.0,2.6,45.0,aerated_concrete,0.3,mud_brick,0.15,eps,0.2,south,1.8,0.9,0.45,2.0,8.913,10.652,0.0,-16.835
Dras,34.4306,75.7499,cold,3.0,3.0,2.6,90.0,aerated_concrete,0.2,timber,0.15,xps,0.05,north,0.6,0.9,0.35,5.8,9.963,12.566,0.0,-16.786
Dras,34.4306,75.7499,cold,3.0,3.0,2.6,0.0,gi_sheet,0.002,mud_brick,0.25,eps,0.15,north,1.8,1.2,0.45,2.6,10.741,13.888,0.0,-16.792
Dras,34.4306,75.7499,cold,3.0,3.0,2.6,135.0,brick,0.115,concrete,0.15,sheep_wool,0.15,north,1.8,0.9,0.45,1.6,11.079,13.538,0.0,-16.848
Dras,34.4306,75.7499,cold,3.0,3.0,2.6,45.0,aerated_concrete,0.1,rcc_slab,0.1,sheep_wool,0.1,west,0.6,0.6,0.75,1.2,9.661,12.309,0.0,-16.772
Dras,34.4306,75.7499,cold,3.0,3.0,2.6,90.0,timber,0.2,puf_sandwich_panel,0.05,sheep_wool,0.15,west,1.5,0.6,0.35,3.5,8.683,10.665,0.0,-16.773
Dras,34.4306,75.7499,cold,3.0,3.0,2.6,180.0,stone,0.45,stone,0.3,mineral_wool,0.05,west,1.2,1.5,0.55,3.5,11.095,13.594,0.0,-16.908
Dras,34.4306,75.7499,cold,3.0,3.0,2.6,135.0,timber,0.1,gi_sheet,0.002,sheep_wool,0.1,west,0.6,1.2,0.75,5.8,10.811,14.49,0.0,-16.706
Dras,34.4306,75.7499,cold,3.0,3.0,2.6,180.0,concrete,0.2,timber,0.15,sheep_wool,0.05,south,1.5,0.9,0.35,2.6,11.271,13.633,0.0,-16.872
Dras,34.4306,75.7499,cold,3.0,3.0,2.6,0.0,mud_brick,0.15,aerated_concrete,0.1,xps,0.05,north,0.9,0.6,0.45,3.5,10.464,12.831,0.0,-16.846
Dras,34.4306,75.7499,cold,3.0,3.0,2.6,45.0,timber,0.2,brick,0.115,none,0.0,west,0.6,1.5,0.85,1.2,14.875,21.087,0.2083,-16.809
Dras,34.4306,75.7499,cold,3.0,3.0,2.6,135.0,gi_sheet,0.002,gi_sheet,0.002,eps,0.025,west,0.6,1.5,0.65,5.8,14.352,23.139,0.3393,-16.585
Dras,34.4306,75.7499,cold,3.0,3.0,2.6,45.0,plywood,0.019,mud_brick,0.15,none,0.0,north,1.8,0.6,0.55,1.6,16.78,27.498,0.4524,-18.892
Dras,34.4306,75.7499,cold,3.0,3.0,2.6,180.0,plywood,0.019,concrete,0.15,eps,0.1,east,0.9,0.6,0.65,1.2,10.441,13.665,0.0,-16.759
Dras,34.4306,75.7499,cold,3.0,3.0,2.6,135.0,timber,0.2,gi_sheet,0.002,sheep_wool,0.1,west,1.8,0.9,0.65,2.0,11.589,14.908,0.0,-16.772
Dras,34.4306,75.7499,cold,3.0,3.0,2.6,0.0,brick,0.345,aerated_concrete,0.1,none,0.0,south,0.9,0.6,0.35,2.0,13.221,16.422,0.0,-16.888
Dras,34.4306,75.7499,cold,3.0,3.0,2.6,45.0,mud_brick,0.15,timber,0.15,eps,0.2,north,0.9,1.2,0.85,1.6,10.505,12.588,0.0,-16.848
Dras,34.4306,75.7499,cold,3.0,3.0,2.6,180.0,aerated_concrete,0.3,rcc_slab,0.1,eps,0.025,east,1.5,1.5,0.75,1.2,12.519,16.425,0.0,-16.827
Dras,34.4306,75.7499,cold,3.0,3.0,2.6,90.0,concrete,0.1,puf_sandwich_panel,0.075,eps,0.1,west,0.9,1.5,0.45,3.5,10.34,12.804,0.0,-16.824
Dras,34.4306,75.7499,cold,3.0,3.0,2.6,0.0,mud_brick,0.15,rcc_slab,0.2,eps,0.05,north,1.5,1.5,0.65,2.0,11.925,14.723,0.0,-16.863
Dras,34.4306,75.7499,cold,3.0,3.0,2.6,135.0,brick,0.345,brick,0.115,sheep_wool,0.15,west,1.5,0.6,0.35,2.6,9.105,10.432,0.0,-16.89
Dras,34.4306,75.7499,cold,3.0,3.0,2.6,180.0,plywood,0.019,stone,0.3,eps,0.15,south,0.9,1.5,0.85,1.6,10.709,13.152,0.0,-16.831
Dras,34.4306,75.7499,cold,3.0,3.0,2.6,0.0,rammed_earth,0.3,concrete,0.15,sheep_wool,0.1,west,1.8,1.5,0.45,3.5,10.332,12.216,0.0,-16.883
Dras,34.4306,75.7499,cold,3.0,3.0,2.6,90.0,rammed_earth,0.15,concrete,0.2,eps,0.025,south,1.8,0.6,0.75,5.8,12.651,16.058,0.0,-16.863
Dras,34.4306,75.7499,cold,3.0,3.0,2.6,45.0,timber,0.1,puf_sandwich_panel,0.1,sheep_wool,0.15,east,1.5,0.9,0.55,3.5,10.49,14.054,0.0,-16.7
Dras,34.4306,75.7499,cold,3.0,3.0,2.6,180.0,brick,0.345,timber,0.15,sheep_wool,0.05,east,1.2,0.9,0.65,2.6,10.412,12.244,0.0,-16.888
Dras,34.4306,75.7499,cold,3.0,3.0,2.6,0.0,brick,0.345,aerated_concrete,0.2,eps,0.2,north,0.9,1.5,0.45,2.0,8.552,9.758,0.0,-16.888
Dras,34.4306,75.7499,cold,3.0,3.0,2.6,0.0,aerated_concrete,0.1,stone,0.3,eps,0.05,north,0.9,0.9,0.45,2.6,10.502,12.91,0.0,-16.843
Dras,34.4306,75.7499,cold,3.0,3.0,2.6,135.0,concrete,0.2,gi_sheet,0.002,eps,0.05,north,0.6,1.2,0.55,1.2,11.609,14.137,0.0,-16.871
Dras,34.4306,75.7499,cold,3.0,3.0,2.6,45.0,mud_brick,0.3,concrete,0.2,sheep_wool,0.15,east,0.9,0.9,0.85,1.6,9.593,11.126,0.0,-16.889
Dras,34.4306,75.7499,cold,3.0,3.0,2.6,180.0,stone,0.15,rcc_slab,0.25,xps,0.1,north,1.8,1.5,0.55,3.5,11.521,13.984,0.0,-16.878
Dras,34.4306,75.7499,cold,3.0,3.0,2.6,45.0,aerated_concrete,0.1,gi_sheet,0.002,eps,0.1,west,0.9,0.6,0.65,1.6,9.62,12.909,0.0,-16.7
Dras,34.4306,75.7499,cold,3.0,3.0,2.6,0.0,stone,0.3,rcc_slab,0.1,xps,0.15,west,1.5,0.6,0.35,2.0,8.583,9.885,0.0,-16.896
Dras,34.4306,75.7499,cold,3.0,3.0,2.6,135.0,rammed_earth,0.15,brick,0.115,eps,0.05,north,1.5,0.6,0.55,2.6,11.801,14.692,0.0,-16.852
Dras,34.4306,75.7499,cold,3.0,3.0,2.6,135.0,gi_sheet,0.002,brick,0.23,eps,0.05,west,1.8,1.2,0.85,1.2,15.189,20.685,0.2202,-16.784
Dras,34.4306,75.7499,cold,3.0,3.0,2.6,180.0,stone,0.15,stone,0.15,eps,0.025,south,1.8,1.5,0.85,5.8,14.247,18.152,0.0119,-16.873
Dras,34.4306,75.7499,cold,3.0,3.0,2.6,90.0,aerated_concrete,0.1,rcc_slab,0.1,mineral_wool,0.05,south,1.2,1.5,0.75,3.5,12.014,16.6,0.0,-16.771
Dras,34.4306,75.7499,cold,3.0,3.0,2.6,90.0,concrete,0.3,puf_sandwich_panel,0.05,eps,0.15,east,1.5,0.6,0.45,1.6,8.733,9.99,0.0,-16.888
Dras,34.4306,75.7499,cold,3.0,3.0,2.6,45.0,puf_sandwich_panel,0.05,concrete,0.2,eps,0.05,west,1.2,1.2,0.45,1.6,10.152,13.117,0.0,-16.778
Dras,34.4306,75.7499,cold,3.0,3.0,2.6,45.0,rammed_earth,0.45,mud_brick,0.25,none,0.0,east,1.5,1.2,0.45,1.2,13.281,16.21,0.0,-16.898
Dras,34.4306,75.7499,cold,3.0,3.0,2.6,90.0,timber,0.15,timber,0.15,eps,0.05,south,1.2,0.9,0.55,1.2,10.213,13.358,0.0,-16.767
Dras,34.4306,75.7499,cold,3.0,3.0,2.6,135.0,concrete,0.1,mud_brick,0.15,sheep_wool,0.15,west,1.8,0.6,0.35,1.2,10.537,12.696,0.0,-16.848
Dras,34.4306,75.7499,cold,3.0,3.0,2.6,90.0,stone,0.3,timber,0.15,xps,0.05,south,0.9,0.9,0.45,1.6,9.882,11.608,0.0,-16.894
Dras,34.4306,75.7499,cold,3.0,3.0,2.6,45.0,puf_sandwich_panel,0.1,gi_sheet,0.002,none,0.0,north,0.6,0.9,0.55,2.0,16.032,30.117,0.4048,-16.532
Dras,34.4306,75.7499,cold,3.0,3.0,2.6,90.0,plywood,0.012,concrete,0.1,eps,0.15,north,1.8,1.2,0.55,1.2,12.79,17.448,0.0,-16.717
Dras,34.4306,75.7499,cold,3.0,3.0,2.6,135.0,aerated_concrete,0.2,stone,0.3,mineral_wool,0.1,west,1.5,1.5,0.65,2.6,12.083,14.764,0.0,-16.856
Dras,34.4306,75.7499,cold,3.0,3.0,2.6,90.0,plywood,0.012,brick,0.23,eps,0.1,south,0.9,0.6,0.45,5.8,10.131,13.053,0.0,-16.779
Dras,34.4306,75.7499,cold,3.0,3.0,2.6,45.0,rammed_earth,0.3,concrete,0.1,eps,0.05,west,1.5,0.9,0.45,1.2,10.463,12.381,0.0,-16.882
Dras,34.4306,75.7499,cold,3.0,3.0,2.6,0.0,mud_brick,0.45,brick,0.115,eps,0.025,west,1.2,0.6,0.75,1.6,10.676,12.778,0.0,-16.898
Dras,34.4306,75.7499,cold,3.0,3.0,2.6,135.0,concrete,0.1,stone,0.15,xps,0.1,east,0.6,1.2,0.85,2.0,10.648,12.939,0.0,-16.855
Dras,34.4306,75.7499,cold,3.0,3.0,2.6,0.0,stone,0.3,timber,0.15,sheep_wool,0.05,north,0.9,0.6,0.85,5.8,10.32,12.178,0.0,-16.895
Dras,34.4306,75.7499,cold,3.0,3.0,2.6,45.0,brick,0.345,mud_brick,0.25,xps,0.15,north,1.2,1.5,0.65,5.8,10.556,12.416,0.0,-16.893
Dras,34.4306,75.7499,cold,3.0,3.0,2.6,90.0,timber,0.2,rcc_slab,0.1,xps,0.05,west,1.2,0.9,0.75,2.6,10.629,13.406,0.0,-16.811
Dras,34.4306,75.7499,cold,3.0,3.0,2.6,180.0,timber,0.15,brick,0.115,eps,0.025,south,0.6,0.9,0.65,5.8,11.613,15.385,0.0,-16.794
Dras,34.4306,75.7499,cold,3.0,3.0,2.6,180.0,stone,0.45,puf_sandwich_panel,0.15,sheep_wool,0.1,west,0.9,0.6,0.65,3.5,9.116,10.708,0.0,-16.905
Dras,34.4306,75.7499,cold,3.0,3.0,2.6,45.0,stone,0.45,mud_brick,0.25,sheep_wool,0.1,east,1.8,0.6,0.85,2.6,9.81,11.83,0.0,-16.907
Dras,34.4306,75.7499,cold,3.0,3.0,2.6,90.0,concrete,0.15,concrete,0.15,xps,0.05,west,1.5,1.5,0.85,3.5,12.54,15.573,0.0,-16.867
Dras,34.4306,75.7499,cold,3.0,3.0,2.6,135.0,gi_sheet,0.002,rcc_slab,0.25,eps,0.025,east,0.6,0.9,0.85,5.8,13.557,18.697,0.0357,-16.806
Dras,34.4306,75.7499,cold,3.0,3.0,2.6,45.0,puf_sandwich_panel,0.15,mud_brick,0.15,mineral_wool,0.15,south,1.5,0.6,0.85,1.6,8.846,11.34,0.0,-16.747
Dras,34.4306,75.7499,cold,3.0,3.0,2.6,0.0,gi_sheet,0.002,aerated_concrete,0.2,mineral_wool,0.05,north,0.6,0.9,0.55,2.0,11.415,16.643,0.0,-16.678
Dras,34.4306,75.7499,cold,3.0,3.0,2.6,45.0,timber,0.2,gi_sheet,0.002,sheep_wool,0.15,north,1.5,0.6,0.55,5.8,9.839,12.306,0.0,-16.776
Dras,34.4306,75.7499,cold,3.0,3.0,2.6,135.0,stone,0.3,timber,0.15,sheep_wool,0.1,east,0.9,1.2,0.35,1.2,9.492,11.055,0.0,-16.894
Dras,34.4306,75.7499,cold,3.0,3.0,2.6,90.0,rammed_earth,0.45,mud_brick,0.15,none,0.0,south,1.8,1.5,0.65,5.8,14.014,17.542,0.0,-16.895
Dras,34.4306,75.7499,cold,3.0,3.0,2.6,0.0,timber,0.15,mud_brick,0.15,eps,0.05,east,1.8,0.6,0.35,2.6,10.864,13.8,0.0,-16.803
Dras,34.4306,75.7499,cold,3.0,3.0,2.6,90.0,timber,0.15,stone,0.3,none,0.0,west,0.6,1.5,0.45,1.6,14.516,19.476,0.0714,-16.851
Dras,34.4306,75.7499,cold,3.0,3.0,2.6,90.0,timber,0.1,concrete,0.1,mineral_wool,0.05,west,0.9,1.5,0.35,5.8,11.0,14.572,0.0,-16.775
Dras,34.4306,75.7499,cold,3.0,3.0,2.6,0.0,brick,0.115,concrete,0.1,sheep_wool,0.15,north,0.6,0.9,0.35,1.2,9.323,11.14,0.0,-16.843
Dras,34.4306,75.7499,cold,3.0,3.0,2.6,45.0,concrete,0.2,brick,0.23,sheep_wool,0.1,north,1.5,1.5,0.75,2.6,12.679,15.341,0.0,-16.88
Dras,34.4306,75.7499,cold,3.0,3.0,2.6,180.0,timber,0.1,mud_brick,0.25,xps,0.05,west,0.9,0.9,0.55,2.0,11.104,13.982,0.0,-16.815
Dras,34.4306,75.7499,cold,3.0,3.0,2.6,90.0,concrete,0.2,concrete,0.1,mineral_wool,0.05,south,1.8,1.5,0.45,1.2,11.715,14.363,0.0,-16.874
Dras,34.4306,75.7499,cold,3.0,3.0,2.6,135.0,rammed_earth,0.3,concrete,0.1,mineral_wool,0.05,south,1.5,1.5,0.85,5.8,11.896,14.493,0.0,-16.881
Dras,34.4306,75.7499,cold,3.0,3.0,2.6,135.0,puf_sandwich_panel,0.075,brick,0.115,sheep_wool,0.1,south,1.2,0.9,0.45,2.0,9.207,12.176,0.0,-16.705
Dras,34.4306,75.7499,cold,3.0,3.0,2.6,45.0,aerated_concrete,0.1,mud_brick,0.25,sheep_wool,0.05,south,1.2,1.5,0.55,3.5,11.528,15.062,0.0,-16.812
Dras,34.4306,75.7499,cold,3.0,3.0,2.6,45.0,plywood,0.05,puf_sandwich_panel,0.1,mineral_wool,0.05,south,1.5,1.2,0.65,2.0,11.384,17.333,0.0,-16.62
Dras,34.4306,75.7499,cold,3.0,3.0,2.6,135.0,aerated_concrete,0.3,rcc_slab,0.2,mineral_wool,0.05,east,1.5,1.5,0.35,3.5,10.59,13.089,0.0,-16.847
Dras,34.4306,75.7499,cold,3.0,3.0,2.6,135.0,rammed_earth,0.45,mud_brick,0.15,mineral_wool,0.1,north,1.8,1.5,0.45,1.6,10.702,12.745,0.0,-16.895
Dras,34.4306,75.7499,cold,3.0,3.0,2.6,90.0,plywood,0.012,aerated_concrete,0.1,sheep_wool,0.1,east,1.2,1.2,0.45,5.8,11.051,16.699,0.0,-16.604
Dras,34.4306,75.7499,cold,3.0,3.0,2.6,45.0,rammed_earth,0.45,concrete,0.1,mineral_wool,0.1,south,1.8,0.9,0.35,2.6,9.014,10.484,0.0,-16.896
Dras,34.4306,75.7499,cold,3.0,3.0,2.6,90.0,stone,0.15,stone,0.3,sheep_wool,0.15,north,1.2,0.9,0.85,2.6,11.059,13.038,0.0,-16.885
Dras,34.4306,75.7499,cold,3.0,3.0,2.6,135.0,concrete,0.3,mud_brick,0.25,sheep_wool,0.15,south,1.8,0.9,0.75,2.0,9.771,11.576,0.0,-16.894
Dras,34.4306,75.7499,cold,3.0,3.0,2.6,135.0,puf_sandwich_panel,0.075,puf_sandwich_panel,0.05,sheep_wool,0.15,south,1.2,1.5,0.35,2.6,8.941,12.868,0.0,-16.522
Dras,34.4306,75.7499,cold,3.0,3.0,2.6,45.0,aerated_concrete,0.1,gi_sheet,0.002,sheep_wool,0.1,north,1.2,0.6,0.85,2.6,10.918,14.725,0.0,-16.699
Dras,34.4306,75.7499,cold,3.0,3.0,2.6,180.0,stone,0.15,mud_brick,0.15,none,0.0,south,0.6,1.5,0.35,5.8,16.334,22.726,0.375,-16.872
Dras,34.4306,75.7499,cold,3.0,3.0,2.6,180.0,gi_sheet,0.002,rcc_slab,0.1,mineral_wool,0.05,south,0.9,1.5,0.75,3.5,13.062,18.694,0.0417,-16.729
Dras,34.4306,75.7499,cold,3.0,3.0,2.6,0.0,stone,0.15,rcc_slab,0.1,none,0.0,east,1.5,1.2,0.45,3.5,17.581,25.27,0.494,-16.869
Dras,34.4306,75.7499,cold,3.0,3.0,2.6,90.0,timber,0.2,aerated_concrete,0.2,mineral_wool,0.1,north,1.8,0.9,0.45,1.2,10.75,13.443,0.0,-16.797
Dras,34.4306,75.7499,cold,3.0,3.0,2.6,0.0,plywood,0.05,timber,0.15,xps,0.15,north,1.2,0.6,0.85,2.6,9.444,12.592,0.0,-16.689
Dras,34.4306,75.7499,cold,3.0,3.0,2.6,0.0,concrete,0.3,rcc_slab,0.25,none,0.0,south,0.9,0.9,0.75,5.8,15.726,20.269,0.2381,-16.896
Dras,34.4306,75.7499,cold,3.0,3.0,2.6,0.0,rammed_earth,0.45,puf_sandwich_panel,0.075,mineral_wool,0.1,south,1.2,1.5,0.85,2.0,9.784,11.618,0.0,-16.893
Dras,34.4306,75.7499,cold,3.0,3.0,2.6,0.0,rammed_earth,0.3,timber,0.15,eps,0.2,south,1.8,0.6,0.85,1.2,9.02,10.38,0.0,-16.88
Dras,34.4306,75.7499,cold,3.0,3.0,2.6,180.0,puf_sandwich_panel,0.15,rcc_slab,0.1,xps,0.1,south,0.6,1.5,0.85,2.0,9.177,11.884,0.0,-16.715
Dras,34.4306,75.7499,cold,3.0,3.0,2.6,135.0,rammed_earth,0.15,puf_sandwich_panel,0.1,mineral_wool,0.1,east,1.8,0.9,0.35,1.2,9.894,12.015,0.0,-16.837
Dras,34.4306,75.7499,cold,3.0,3.0,2.6,45.0,gi_sheet,0.002,concrete,0.1,xps,0.05,east,1.8,1.5,0.45,1.2,13.623,19.717,0.1131,-16.725
Dras,34.4306,75.7499,cold,3.0,3.0,2.6,90.0,aerated_concrete,0.2,aerated_concrete,0.1,xps,0.05,west,1.8,0.6,0.75,2.6,10.587,13.702,0.0,-16.778
Dras,34.4306,75.7499,cold,3.0,3.0,2.6,135.0,plywood,0.03,timber,0.15,none,0.0,south,1.8,0.6,0.85,1.2,15.262,25.213,0.3869,-17.556
Dras,34.4306,75.7499,cold,3.0,3.0,2.6,135.0,gi_sheet,0.002,rcc_slab,0.15,xps,0.05,north,0.6,1.5,0.35,1.2,12.249,16.644,0.0,-16.763
Dras,34.4306,75.7499,cold,3.0,3.0,2.6,135.0,mud_brick,0.3,rcc_slab,0.2,eps,0.025,north,0.6,0.9,0.85,3.5,11.774,14.157,0.0,-16.889
Dras,34.4306,75.7499,cold,3.0,3.0,2.6,45.0,mud_brick,0.15,gi_sheet,0.002,none,0.0,west,0.9,0.6,0.85,5.8,17.108,25.257,0.4583,-16.842
Dras,34.4306,75.7499,cold,3.0,3.0,2.6,0.0,timber,0.2,timber,0.15,mineral_wool,0.1,east,0.9,0.6,0.75,2.0,9.757,12.033,0.0,-16.795
Dras,34.4306,75.7499,cold,3.0,3.0,2.6,0.0,timber,0.1,concrete,0.2,mineral_wool,0.15,east,1.5,1.2,0.65,2.6,12.035,15.133,0.0,-16.817
Dras,34.4306,75.7499,cold,3.0,3.0,2.6,0.0,plywood,0.019,puf_sandwich_panel,0.05,sheep_wool,0.15,west,0.6,1.2,0.85,2.0,9.887,14.779,0.0,-16.559
Dras,34.4306,75.7499,cold,3.0,3.0,2.6,135.0,mud_brick,0.45,stone,0.3,mineral_wool,0.1,north,0.9,1.5,0.85,2.6,10.157,12.19,0.0,-16.902
Dras,34.4306,75.7499,cold,3.0,3.0,2.6,90.0,puf_sandwich_panel,0.075,timber,0.15,eps,0.15,north,1.5,1.5,0.85,2.6,14.437,21.743,0.2857,-16.63
Dras,34.4306,75.7499,cold,3.0,3.0,2.6,0.0,puf_sandwich_panel,0.15,stone,0.15,eps,0.15,east,0.6,0.6,0.85,2.6,8.687,10.566,0.0,-16.77
Dras,34.4306,75.7499,cold,3.0,3.0,2.6,90.0,stone,0.45,gi_sheet,0.002,sheep_wool,0.15,south,1.2,0.6,0.65,1.2,8.417,9.792,0.0,-16.905
Dras,34.4306,75.7499,cold,3.0,3.0,2.6,0.0,timber,0.1,rcc_slab,0.15,xps,0.15,south,0.9,1.5,0.35,5.8,9.399,11.727,0.0,-16.798
Dras,34.4306,75.7499,cold,3.0,3.0,2.6,180.0,puf_sandwich_panel,0.075,rcc_slab,0.1,xps,0.1,north,1.8,1.5,0.45,2.0,10.346,14.31,0.0,-16.711
Dras,34.4306,75.7499,cold,3.0,3.0,2.6,0.0,brick,0.23,stone,0.3,eps,0.15,east,0.9,0.9,0.35,5.8,9.141,10.453,0.0,-16.888
Dras,34.4306,75.7499,cold,3.0,3.0,2.6,135.0,rammed_earth,0.3,puf_sandwich_panel,0.075,none,0.0,south,1.5,1.2,0.35,1.6,12.817,15.977,0.0,-16.876
Dras,34.4306,75.7499,cold,3.0,3.0,2.6,45.0,puf_sandwich_panel,0.1,gi_sheet,0.002,xps,0.05,east,1.8,0.6,0.45,2.0,10.274,15.075,0.0,-16.538
Dras,34.4306,75.7499,cold,3.0,3.0,2.6,0.0,timber,0.1,mud_brick,0.15,eps,0.1,east,1.2,1.2,0.45,3.5,11.03,14.091,0.0,-16.785
Dras,34.4306,75.7499,cold,3.0,3.0,2.6,135.0,brick,0.115,concrete,0.1,eps,0.05,south,1.5,1.2,0.35,2.0,11.891,15.038,0.0,-16.84
Dras,34.4306,75.7499,cold,3.0,3.0,2.6,180.0,stone,0.15,rcc_slab,0.25,eps,0.05,east,1.2,1.5,0.85,5.8,12.408,15.315,0.0,-16.879
Dras,34.4306,75.7499,cold,3.0,3.0,2.6,45.0,aerated_concrete,0.1,puf_sandwich_panel,0.075,eps,0.1,south,1.5,1.5,0.45,2.6,10.378,14.68,0.0,-16.688
Dras,34.4306,75.7499,cold,3.0,3.0,2.6,180.0,stone,0.15,aerated_concrete,0.2,mineral_wool,0.15,east,1.8,1.2,0.55,2.0,10.782,13.019,0.0,-16.866
Dras,34.4306,75.7499,cold,3.0,3.0,2.6,180.0,puf_sandwich_panel,0.05,aerated_concrete,0.1,mineral_wool,0.15,south,0.9,0.6,0.45,2.0,8.438,11.192,0.0,-16.622
Dras,34.4306,75.7499,cold,3.0,3.0,2.6,0.0,gi_sheet,0.002,gi_sheet,0.002,eps,0.2,north,1.5,0.9,0.85,2.0,10.848,16.084,0.0,-16.601
Dras,34.4306,75.7499,cold,3.0,3.0,2.6,0.0,rammed_earth,0.15,brick,0.23,xps,0.15,west,0.9,0.6,0.35,2.0,8.75,10.122,0.0,-16.863
Dras,34.4306,75.7499,cold,3.0,3.0,2.6,45.0,timber,0.15,stone,0.15,sheep_wool,0.1,east,1.5,1.2,0.55,1.2,11.327,14.283,0.0,-16.818
Dras,34.4306,75.7499,cold,3.0,3.0,2.6,0.0,timber,0.1,aerated_concrete,0.2,none,0.0,east,0.6,1.5,0.75,1.6,13.774,19.788,0.1131,-16.743
Dras,34.4306,75.7499,cold,3.0,3.0,2.6,135.0,concrete,0.2,brick,0.23,sheep_wool,0.15,east,1.8,0.6,0.35,5.8,9.716,11.281,0.0,-16.882
Dras,34.4306,75.7499,cold,3.0,3.0,2.6,90.0,mud_brick,0.45,brick,0.23,sheep_wool,0.1,east,1.2,0.6,0.85,1.2,8.868,10.358,0.0,-16.9
Dras,34.4306,75.7499,cold,3.0,3.0,2.6,180.0,stone,0.3,puf_sandwich_panel,0.075,eps,0.15,south,0.6,1.2,0.85,2.0,9.214,10.676,0.0,-16.893
Dras,34.4306,75.7499,cold,3.0,3.0,2.6,135.0,plywood,0.019,gi_sheet,0.002,sheep_wool,0.1,south,0.9,1.5,0.55,2.0,11.103,16.678,0.0,-16.569
Dras,34.4306,75.7499,cold,3.0,3.0,2.6,90.0,puf_sandwich_panel,0.075,stone,0.15,sheep_wool,0.1,north,1.5,1.5,0.85,2.6,14.463,19.413,0.1429,-16.765
Dras,34.4306,75.7499,cold,3.0,3.0,2.6,135.0,puf_sandwich_panel,0.15,brick,0.115,sheep_wool,0.05,west,1.8,0.6,0.55,2.0,10.622,14.214,0.0,-16.707
Dras,34.4306,75.7499,cold,3.0,3.0,2.6,45.0,stone,0.3,puf_sandwich_panel,0.15,sheep_wool,0.1,north,0.9,0.9,0.55,5.8,9.58,11.13,0.0,-16.893
Dras,34.4306,75.7499,cold,3.0,3.0,2.6,0.0,concrete,0.15,timber,0.15,eps,0.2,south,0.9,1.2,0.55,3.5,9.478,11.266,0.0,-16.859
Dras,34.4306,75.7499,cold,3.0,3.0,2.6,180.0,aerated_concrete,0.3,stone,0.3,eps,0.025,north,0.6,1.2,0.75,3.5,10.877,13.287,0.0,-16.864
Dras,34.4306,75.7499,cold,3.0,3.0,2.6,0.0,puf_sandwich_panel,0.05,rcc_slab,0.2,xps,0.15,west,0.9,0.6,0.65,3.5,8.478,10.386,0.0,-16.781
Dras,34.4306,75.7499,cold,3.0,3.0,2.6,90.0,stone,0.3,timber,0.15,mineral_wool,0.1,south,0.6,0.6,0.55,1.6,8.883,10.262,0.0,-16.895
Dras,34.4306,75.7499,cold,3.0,3.0,2.6,45.0,stone,0.15,concrete,0.1,sheep_wool,0.15,south,1.5,1.2,0.45,3.5,10.123,12.1,0.0,-16.869
Dras,34.4306,75.7499,cold,3.0,3.0,2.6,90.0,puf_sandwich_panel,0.075,rcc_slab,0.1,eps,0.2,east,1.2,1.5,0.55,1.6,9.41,12.571,0.0,-16.714
Dras,34.4306,75.7499,cold,3.0,3.0,2.6,180.0,timber,0.2,brick,0.23,sheep_wool,0.1,north,0.9,1.2,0.65,3.5,9.867,12.086,0.0,-16.834
Dras,34.4306,75.7499,cold,3.0,3.0,2.6,45.0,concrete,0.15,rcc_slab,0.1,mineral_wool,0.15,west,0.9,0.6,0.75,2.0,9.343,10.941,0.0,-16.866
Dras,34.4306,75.7499,cold,3.0,3.0,2.6,135.0,concrete,0.1,brick,0.115,mineral_wool,0.15,east,1.2,1.2,0.35,2.0,10.285,12.493,0.0,-16.845
Dras,34.4306,75.7499,cold,3.0,3.0,2.6,135.0,concrete,0.1,aerated_concrete,0.2,mineral_wool,0.15,east,1.2,0.9,0.45,1.6,10.154,12.349,0.0,-16.838
Dras,34.4306,75.7499,cold,3.0,3.0,2.6,135.0,plywood,0.05,timber,0.15,sheep_wool,0.15,north,0.9,1.5,0.35,1.6,10.211,13.701,0.0,-16.685
Dras,34.4306,75.7499,cold,3.0,3.0,2.6,45.0,plywood,0.012,gi_sheet,0.002,eps,0.1,east,1.5,1.5,0.85,5.8,14.316,22.986,0.3155,-16.554
Dras,34.4306,75.7499,cold,3.0,3.0,2.6,180.0,brick,0.345,gi_sheet,0.002,xps,0.15,east,0.9,0.6,0.75,3.5,8.714,9.936,0.0,-16.887
Dras,34.4306,75.7499,cold,3.0,3.0,2.6,90.0,mud_brick,0.45,gi_sheet,0.002,mineral_wool,0.05,east,1.2,0.9,0.55,1.6,9.769,11.508,0.0,-16.896
Dras,34.4306,75.7499,cold,3.0,3.0,2.6,0.0,mud_brick,0.45,gi_sheet,0.002,eps,0.05,south,0.6,1.5,0.35,1.6,9.485,11.092,0.0,-16.896
Dras,34.4306,75.7499,cold,3.0,3.0,2.6,180.0,aerated_concrete,0.1,aerated_concrete,0.2,sheep_wool,0.15,south,0.9,1.2,0.65,1.6,9.782,12.61,0.0,-16.742
Dras,34.4306,75.7499,cold,3.0,3.0,2.6,135.0,aerated_concrete,0.1,rcc_slab,0.2,sheep_wool,0.05,west,0.6,1.2,0.45,5.8,11.367,14.554,0.0,-16.811
Dras,34.4306,75.7499,cold,3.0,3.0,2.6,45.0,stone,0.15,brick,0.115,sheep_wool,0.15,south,1.5,1.5,0.65,3.5,10.864,13.237,0.0,-16.868
Dras,34.4306,75.7499,cold,3.0,3.0,2.6,45.0,puf_sandwich_panel,0.05,timber,0.15,xps,0.15,north,1.8,0.9,0.85,1.6,11.858,16.312,0.0,-16.631
Dras,34.4306,75.7499,cold,3.0,3.0,2.6,135.0,stone,0.3,mud_brick,0.25,mineral_wool,0.15,west,1.8,0.6,0.45,3.5,9.477,11.067,0.0,-16.898
Dras,34.4306,75.7499,cold,3.0,3.0,2.6,135.0,aerated_concrete,0.1,stone,0.15,mineral_wool,0.15,north,1.2,0.9,0.55,5.8,10.341,12.878,0.0,-16.808
Dras,34.4306,75.7499,cold,3.0,3.0,2.6,0.0,plywood,0.019,brick,0.115,eps,0.05,south,1.5,0.6,0.55,3.5,11.722,16.835,0.0,-16.715
Dras,34.4306,75.7499,cold,3.0,3.0,2.6,180.0,mud_brick,0.45,timber,0.15,eps,0.15,south,1.8,0.6,0.85,2.6,8.824,10.246,0.0,-16.896
Dras,34.4306,75.7499,cold,3.0,3.0,2.6,90.0,puf_sandwich_panel,0.075,aerated_concrete,0.1,xps,0.05,south,1.5,1.2,0.35,5.8,10.103,14.967,0.0,-16.589
Dras,34.4306,75.7499,cold,3.0,3.0,2.6,90.0,plywood,0.03,concrete,0.1,sheep_wool,0.05,west,0.9,1.2,0.85,3.5,12.188,17.292,0.0,-16.726
Dras,34.4306,75.7499,cold,3.0,3.0,2.6,90.0,puf_sandwich_panel,0.05,timber,0.1,eps,0.15,east,0.9,0.9,0.65,2.0,8.914,12.422,0.0,-16.599
Dras,34.4306,75.7499,cold,3.0,3.0,2.6,90.0,mud_brick,0.45,brick,0.115,eps,0.025,south,1.8,1.5,0.55,2.0,11.553,14.002,0.0,-16.896
Dras,34.4306,75.7499,cold,3.0,3.0,2.6,45.0,mud_brick,0.15,rcc_slab,0.1,sheep_wool,0.1,north,1.8,0.9,0.75,1.2,12.063,14.817,0.0,-16.854
Dras,34.4306,75.7499,cold,3.0,3.0,2.6,0.0,plywood,0.012,timber,0.1,sheep_wool,0.15,west,0.9,1.2,0.75,2.6,10.446,15.612,0.0,-16.612
Dras,34.4306,75.7499,cold,3.0,3.0,2.6,135.0,plywood,0.03,brick,0.115,eps,0.05,east,1.2,0.9,0.65,5.8,12.009,17.177,0.0,-16.723
Dras,34.4306,75.7499,cold,3.0,3.0,2.6,180.0,concrete,0.2,rcc_slab,0.1,mineral_wool,0.1,west,1.5,1.2,0.85,2.0,13.423,16.479,0.0,-16.876
Dras,34.4306,75.7499,cold,3.0,3.0,2.6,0.0,mud_brick,0.3,aerated_concrete,0.1,sheep_wool,0.05,east,1.8,1.2,0.35,2.0,11.459,13.745,0.0,-16.88
Dras,34.4306,75.7499,cold,3.0,3.0,2.6,180.0,timber,0.1,concrete,0.15,mineral_wool,0.1,west,0.6,0.6,0.85,2.6,10.038,12.457,0.0,-16.801
Dras,34.4306,75.7499,cold,3.0,3.0,2.6,45.0,puf_sandwich_panel,0.15,puf_sandwich_panel,0.075,sheep_wool,0.1,south,0.9,0.9,0.45,3.5,8.343,11.684,0.0,-16.533
Dras,34.4306,75.7499,cold,3.0,3.0,2.6,90.0,rammed_earth,0.45,concrete,0.2,mineral_wool,0.05,south,0.6,1.5,0.45,1.6,9.555,11.262,0.0,-16.899
Dras,34.4306,75.7499,cold,3.0,3.0,2.6,0.0,timber,0.1,brick,0.115,sheep_wool,0.1,south,1.5,1.5,0.35,5.8,10.733,14.331,0.0,-16.77
Dras,34.4306,75.7499,cold,3.0,3.0,2.6,45.0,plywood,0.012,stone,0.15,sheep_wool,0.05,east,0.6,1.2,0.75,3.5,12.462,17.113,0.0,-16.768
Dras,34.4306,75.7499,cold,3.0,3.0,2.6,180.0,aerated_concrete,0.1,concrete,0.1,mineral_wool,0.05,north,1.2,0.9,0.55,1.6,11.288,15.114,0.0,-16.773
Dras,34.4306,75.7499,cold,3.0,3.0,2.6,90.0,gi_sheet,0.002,stone,0.15,eps,0.1,east,0.9,1.5,0.55,2.0,11.003,14.634,0.0,-16.776
Dras,34.4306,75.7499,cold,3.0,3.0,2.6,90.0,gi_sheet,0.002,concrete,0.2,mineral_wool,0.15,south,0.9,0.9,0.45,1.6,9.914,12.541,0.0,-16.795
Dras,34.4306,75.7499,cold,3.0,3.0,2.6,180.0,brick,0.23,timber,0.15,xps,0.15,east,1.8,1.5,0.65,2.6,10.805,13.063,0.0,-16.868
Dras,34.4306,75.7499,cold,3.0,3.0,2.6,135.0,puf_sandwich_panel,0.05,stone,0.3,sheep_wool,0.1,west,1.2,0.6,0.75,5.8,9.947,12.041,0.0,-16.827
Dras,34.4306,75.7499,cold,3.0,3.0,2.6,0.0,concrete,0.1,brick,0.23,eps,0.1,south,1.2,1.2,0.45,3.5,10.551,12.917,0.0,-16.856
Dras,34.4306,75.7499,cold,3.0,3.0,2.6,45.0,concrete,0.2,puf_sandwich_panel,0.075,none,0.0,west,0.6,1.5,0.65,1.2,15.408,20.495,0.2202,-16.87
Dras,34.4306,75.7499,cold,3.0,3.0,2.6,135.0,timber,0.1,rcc_slab,0.25,mineral_wool,0.1,south,1.8,0.6,0.35,3.5,9.583,11.65,0.0,-16.828
Dras,34.4306,75.7499,cold,3.0,3.0,2.6,0.0,stone,0.3,mud_brick,0.15,eps,0.2,east,0.9,0.6,0.35,5.8,8.57,9.818,0.0,-16.897
Dras,34.4306,75.7499,cold,3.0,3.0,2.6,45.0,stone,0.45,concrete,0.2,eps,0.15,east,1.8,0.6,0.75,1.6,9.164,10.894,0.0,-16.907
Dras,34.4306,75.7499,cold,3.0,3.0,2.6,90.0,timber,0.1,mud_brick,0.15,mineral_wool,0.1,north,1.2,0.6,0.55,1.6,10.168,12.74,0.0,-16.79
Dras,34.4306,75.7499,cold,3.0,3.0,2.6,180.0,gi_sheet,0.002,gi_sheet,0.002,sheep_wool,0.1,west,1.8,1.5,0.35,1.6,13.487,20.306,0.2202,-16.587
Dras,34.4306,75.7499,cold,3.0,3.0,2.6,0.0,brick,0.23,brick,0.115,mineral_wool,0.15,south,1.2,0.6,0.35,5.8,8.957,10.299,0.0,-16.876
Dras,34.4306,75.7499,cold,3.0,3.0,2.6,180.0,timber,0.1,mud_brick,0.15,sheep_wool,0.1,south,1.8,1.2,0.65,1.6,11.135,14.403,0.0,-16.784
Dras,34.4306,75.7499,cold,3.0,3.0,2.6,180.0,rammed_earth,0.3,aerated_concrete,0.2,eps,0.05,south,1.8,1.5,0.85,1.6,12.021,14.536,0.0,-16.878
Dras,34.4306,75.7499,cold,3.0,3.0,2.6,135.0,stone,0.45,timber,0.1,mineral_wool,0.15,east,1.5,1.5,0.55,2.6,9.355,11.178,0.0,-16.904
Dras,34.4306,75.7499,cold,3.0,3.0,2.6,180.0,timber,0.2,rcc_slab,0.2,sheep_wool,0.05,west,0.9,1.5,0.65,2.0,12.16,15.297,0.0,-16.834
Dras,34.4306,75.7499,cold,3.0,3.0,2.6,45.0,timber,0.2,mud_brick,0.25,eps,0.2,west,1.8,1.5,0.75,1.6,10.399,12.839,0.0,-16.835
Dras,34.4306,75.7499,cold,3.0,3.0,2.6,135.0,gi_sheet,0.002,stone,0.15,mineral_wool,0.15,west,1.5,0.9,0.55,1.2,11.675,14.971,0.0,-16.783
Dras,34.4306,75.7499,cold,3.0,3.0,2.6,45.0,concrete,0.3,puf_sandwich_panel,0.05,sheep_wool,0.15,west,1.2,1.2,0.65,1.2,9.259,10.8,0.0,-16.887
Dras,34.4306,75.7499,cold,3.0,3.0,2.6,135.0,brick,0.345,stone,0.3,sheep_wool,0.15,north,1.8,0.6,0.85,5.8,10.104,11.94,0.0,-16.897
Dras,34.4306,75.7499,cold,3.0,3.0,2.6,0.0,stone,0.3,puf_sandwich_panel,0.05,xps,0.05,north,1.8,1.5,0.85,5.8,11.765,14.11,0.0,-16.891
Dras,34.4306,75.7499,cold,3.0,3.0,2.6,90.0,concrete,0.15,stone,0.3,sheep_wool,0.1,east,0.9,1.5,0.45,1.6,10.116,11.905,0.0,-16.881
Dras,34.4306,75.7499,cold,3.0,3.0,2.6,90.0,stone,0.45,timber,0.15,eps,0.1,north,1.8,0.6,0.75,5.8,9.971,11.933,0.0,-16.905
Dras,34.4306,75.7499,cold,3.0,3.0,2.6,135.0,concrete,0.2,aerated_concrete,0.1,none,0.0,west,1.5,1.5,0.85,2.0,17.313,23.47,0.4821,-16.87
Dras,34.4306,75.7499,cold,3.0,3.0,2.6,180.0,mud_brick,0.3,brick,0.23,sheep_wool,0.15,south,0.6,0.9,0.75,3.5,8.815,10.074,0.0,-16.889
Dras,34.4306,75.7499,cold,3.0,3.0,2.6,135.0,puf_sandwich_panel,0.1,timber,0.15,eps,0.1,north,1.5,0.6,0.75,2.0,9.993,13.736,0.0,-16.629
Dras,34.4306,75.7499,cold,3.0,3.0,2.6,0.0,mud_brick,0.45,brick,0.23,eps,0.025,north,1.2,0.6,0.85,5.8,10.549,12.629,0.0,-16.9
Dras,34.4306,75.7499,cold,3.0,3.0,2.6,90.0,timber,0.15,gi_sheet,0.002,eps,0.1,east,0.9,0.9,0.75,5.8,9.907,13.061,0.0,-16.747
Dras,34.4306,75.7499,cold,3.0,3.0,2.6,180.0,stone,0.3,aerated_concrete,0.1,eps,0.1,north,1.5,0.6,0.85,5.8,10.068,11.845,0.0,-16.894
Dras,34.4306,75.7499,cold,3.0,3.0,2.6,45.0,concrete,0.2,stone,0.3,none,0.0,south,0.9,0.6,0.85,1.2,16.573,22.001,0.3929,-16.889
Dras,34.4306,75.7499,cold,3.0,3.0,2.6,90.0,gi_sheet,0.002,rcc_slab,0.2,eps,0.2,south,1.5,1.5,0.85,1.6,11.523,15.381,0.0,-16.79
Dras,34.4306,75.7499,cold,3.0,3.0,2.6,180.0,mud_brick,0.3,brick,0.115,eps,0.15,north,1.8,0.9,0.65,5.8,9.9,11.565,0.0,-16.884
Dras,34.4306,75.7499,cold,3.0,3.0,2.6,90.0,brick,0.115,mud_brick,0.15,eps,0.15,west,1.8,1.5,0.55,1.6,10.841,13.268,0.0,-16.843
Dras,34.4306,75.7499,cold,3.0,3.0,2.6,135.0,concrete,0.2,concrete,0.2,xps,0.1,east,1.2,1.2,0.75,3.5,10.61,12.587,0.0,-16.882
Dras,34.4306,75.7499,cold,3.0,3.0,2.6,180.0,timber,0.2,brick,0.23,eps,0.05,west,0.6,0.6,0.35,1.6,9.885,12.027,0.0,-16.834
Dras,34.4306,75.7499,cold,3.0,3.0,2.6,135.0,timber,0.2,gi_sheet,0.002,mineral_wool,0.05,south,1.5,0.9,0.75,3.5,10.998,14.59,0.0,-16.775
Dras,34.4306,75.7499,cold,3.0,3.0,2.6,90.0,gi_sheet,0.002,brick,0.115,xps,0.05,west,0.6,0.6,0.45,3.5,11.479,16.138,0.0,-16.723
Dras,34.4306,75.7499,cold,3.0,3.0,2.6,135.0,stone,0.15,concrete,0.1,eps,0.1,south,1.8,0.9,0.45,2.0,10.608,12.692,0.0,-16.87
Dras,34.4306,75.7499,cold,3.0,3.0,2.6,45.0,plywood,0.03,timber,0.15,mineral_wool,0.15,north,1.5,1.2,0.55,3.5,11.508,15.735,0.0,-16.68
Dras,34.4306,75.7499,cold,3.0,3.0,2.6,45.0,mud_brick,0.15,puf_sandwich_panel,0.1,xps,0.05,north,1.5,0.6,0.45,5.8,10.722,13.135,0.0,-16.841
Dras,34.4306,75.7499,cold,3.0,3.0,2.6,135.0,puf_sandwich_panel,0.05,concrete,0.1,xps,0.1,south,0.6,1.2,0.35,1.2,8.782,11.347,0.0,-16.71
Dras,34.4306,75.7499,cold,3.0,3.0,2.6,90.0,aerated_concrete,0.1,brick,0.23,eps,0.2,east,1.5,1.5,0.55,2.0,10.139,12.798,0.0,-16.809
Dras,34.4306,75.7499,cold,3.0,3.0,2.6,135.0,rammed_earth,0.15,stone,0.3,mineral_wool,0.05,north,1.8,0.9,0.35,2.0,11.507,13.947,0.0,-16.874
Dras,34.4306,75.7499,cold,3.0,3.0,2.6,180.0,puf_sandwich_panel,0.075,aerated_concrete,0.1,mineral_wool,0.15,west,1.5,0.9,0.75,2.0,11.483,15.971,0.0,-16.624
Dras,34.4306,75.7499,cold,3.0,3.0,2.6,135.0,concrete,0.15,aerated_concrete,0.2,mineral_wool,0.1,west,1.2,0.9,0.35,5.8,10.689,12.835,0.0,-16.86
Dras,34.4306,75.7499,cold,3.0,3.0,2.6,135.0,plywood,0.019,stone,0.3,xps,0.15,west,1.2,0.9,0.35,5.8,10.148,12.298,0.0,-16.831
Dras,34.4306,75.7499,cold,3.0,3.0,2.6,180.0,brick,0.345,brick,0.23,mineral_wool,0.1,north,1.8,0.6,0.55,5.8,9.563,11.159,0.0,-16.893
Dras,34.4306,75.7499,cold,3.0,3.0,2.6,45.0,concrete,0.1,gi_sheet,0.002,sheep_wool,0.15,south,1.5,0.9,0.85,1.6,10.741,13.602,0.0,-16.825
Dras,34.4306,75.7499,cold,3.0,3.0,2.6,0.0,plywood,0.03,aerated_concrete,0.2,mineral_wool,0.15,north,1.5,1.5,0.35,5.8,10.373,14.363,0.0,-16.693
Dras,34.4306,75.7499,cold,3.0,3.0,2.6,45.0,mud_brick,0.3,aerated_concrete,0.2,none,0.0,south,1.2,1.5,0.55,2.0,13.091,16.317,0.0,-16.881
Dras,34.4306,75.7499,cold,3.0,3.0,2.6,180.0,aerated_concrete,0.3,puf_sandwich_panel,0.075,mineral_wool,0.1,west,1.8,1.2,0.45,2.6,11.362,14.243,0.0,-16.803
Dras,34.4306,75.7499,cold,3.0,3.0,2.6,90.0,stone,0.15,concrete,0.1,xps,0.05,south,1.5,0.6,0.85,2.0,11.302,13.808,0.0,-16.871
Dras,34.4306,75.7499,cold,3.0,3.0,2.6,90.0,stone,0.45,timber,0.15,eps,0.15,north,1.2,1.2,0.55,2.0,9.516,11.3,0.0,-16.905
Dras,34.4306,75.7499,cold,3.0,3.0,2.6,90.0,mud_brick,0.3,brick,0.115,sheep_wool,0.05,south,1.8,1.2,0.35,2.0,10.739,12.793,0.0,-16.883
Dras,34.4306,75.7499,cold,3.0,3.0,2.6,0.0,plywood,0.03,gi_sheet,0.002,mineral_wool,0.15,east,1.2,0.6,0.35,2.6,9.749,13.424,0.0,-16.626
Dras,34.4306,75.7499,cold,3.0,3.0,2.6,180.0,puf_sandwich_panel,0.15,puf_sandwich_panel,0.15,eps,0.2,east,1.8,0.6,0.55,2.0,8.285,11.61,0.0,-16.553
Dras,34.4306,75.7499,cold,3.0,3.0,2.6,0.0,gi_sheet,0.002,stone,0.3,sheep_wool,0.05,north,1.8,0.9,0.85,2.0,12.635,16.449,0.0,-16.831
Dras,34.4306,75.7499,cold,3.0,3.0,2.6,0.0,stone,0.3,aerated_concrete,0.1,mineral_wool,0.15,south,1.5,1.2,0.85,3.5,10.132,12.081,0.0,-16.893
Dras,34.4306,75.7499,cold,3.0,3.0,2.6,90.0,brick,0.345,mud_brick,0.25,eps,0.025,east,1.5,0.9,0.75,3.5,11.587,13.882,0.0,-16.893
Dras,34.4306,75.7499,cold,3.0,3.0,2.6,0.0,plywood,0.03,rcc_slab,0.2,xps,0.15,south,1.5,1.5,0.85,1.6,11.483,15.31,0.0,-16.79
Dras,34.4306,75.7499,cold,3.0,3.0,2.6,135.0,aerated_concrete,0.1,aerated_concrete,0.1,mineral_wool,0.15,north,0.6,0.9,0.75,2.6,9.783,12.615,0.0,-16.733
Dras,34.4306,75.7499,cold,3.0,3.0,2.6,180.0,timber,0.15,mud_brick,0.15,none,0.0,north,1.2,0.9,0.75,2.6,14.182,20.044,0.125,-16.803
Dras,34.4306,75.7499,cold,3.0,3.0,2.6,0.0,timber,0.1,gi_sheet,0.002,sheep_wool,0.15,south,0.9,1.2,0.45,1.6,9.392,12.525,0.0,-16.707
Dras,34.4306,75.7499,cold,3.0,3.0,2.6,135.0,brick,0.115,stone,0.3,eps,0.2,north,0.9,1.2,0.55,1.6,10.092,11.875,0.0,-16.87
Dras,34.4306,75.7499,cold,3.0,3.0,2.6,135.0,stone,0.45,brick,0.115,eps,0.1,east,0.9,1.2,0.75,5.8,9.409,11.237,0.0,-16.906
Dras,34.4306,75.7499,cold,3.0,3.0,2.6,90.0,plywood,0.012,rcc_slab,0.1,mineral_wool,0.15,west,1.5,0.9,0.75,2.6,10.641,14.294,0.0,-16.728
Dras,34.4306,75.7499,cold,3.0,3.0,2.6,0.0,rammed_earth,0.45,mud_brick,0.15,mineral_wool,0.05,west,1.2,1.5,0.85,2.6,10.618,12.802,0.0,-16.896
Dras,34.4306,75.7499,cold,3.0,3.0,2.6,90.0,gi_sheet,0.002,aerated_concrete,0.2,eps,0.1,east,0.6,0.9,0.55,3.5,10.434,14.659,0.0,-16.675
Dras,34.4306,75.7499,cold,3.0,3.0,2.6,90.0,timber,0.15,aerated_concrete,0.1,eps,0.025,east,1.8,1.5,0.35,2.0,11.776,16.388,0.0,-16.752
Dras,34.4306,75.7499,cold,3.0,3.0,2.6,45.0,rammed_earth,0.45,gi_sheet,0.002,xps,0.1,west,1.2,1.2,0.75,1.2,9.222,10.832,0.0,-16.893
Dras,34.4306,75.7499,cold,3.0,3.0,2.6,0.0,puf_sandwich_panel,0.1,rcc_slab,0.2,mineral_wool,0.1,north,1.5,1.2,0.65,2.0,9.918,12.469,0.0,-16.784
Dras,34.4306,75.7499,cold,3.0,3.0,2.6,135.0,aerated_concrete,0.1,gi_sheet,0.002,eps,0.05,south,1.5,1.5,0.55,5.8,12.063,17.789,0.0,-16.692
Dras,34.4306,75.7499,cold,3.0,3.0,2.6,135.0,timber,0.1,brick,0.23,sheep_wool,0.15,west,1.2,1.5,0.75,1.2,12.062,15.138,0.0,-16.811
Dras,34.4306,75.7499,cold,3.0,3.0,2.6,45.0,puf_sandwich_panel,0.15,brick,0.23,eps,0.05,south,1.5,0.6,0.45,2.0,9.263,11.717,0.0,-16.777
Dras,34.4306,75.7499,cold,3.0,3.0,2.6,90.0,stone,0.3,stone,0.15,sheep_wool,0.1,north,1.8,0.9,0.85,1.2,11.808,14.221,0.0,-16.897
Dras,34.4306,75.7499,cold,3.0,3.0,2.6,0.0,concrete,0.2,puf_sandwich_panel,0.1,mineral_wool,0.1,east,1.2,1.5,0.75,5.8,12.499,15.301,0.0,-16.869
Dras,34.4306,75.7499,cold,3.0,3.0,2.6,90.0,plywood,0.019,timber,0.1,eps,0.025,south,1.5,0.9,0.45,2.6,12.733,20.203,0.119,-16.614
Dras,34.4306,75.7499,cold,3.0,3.0,2.6,135.0,aerated_concrete,0.3,rcc_slab,0.15,eps,0.025,east,0.6,0.9,0.75,2.0,11.067,13.881,0.0,-16.84
Dras,34.4306,75.7499,cold,3.0,3.0,2.6,45.0,rammed_earth,0.15,concrete,0.2,mineral_wool,0.05,north,0.9,1.2,0.85,5.8,12.289,15.174,0.0,-16.863
Dras,34.4306,75.7499,cold,3.0,3.0,2.6,0.0,brick,0.345,brick,0.23,eps,0.025,north,1.2,1.5,0.35,1.6,11.356,13.515,0.0,-16.892
Dras,34.4306,75.7499,cold,3.0,3.0,2.6,90.0,brick,0.23,puf_sandwich_panel,0.15,mineral_wool,0.1,east,1.2,0.9,0.85,1.6,9.82,11.622,0.0,-16.868
Dras,34.4306,75.7499,cold,3.0,3.0,2.6,0.0,plywood,0.019,mud_brick,0.25,eps,0.05,west,0.9,1.5,0.55,1.6,11.551,15.487,0.0,-16.787
Dras,34.4306,75.7499,cold,3.0,3.0,2.6,90.0,plywood,0.012,rcc_slab,0.25,sheep_wool,0.05,west,1.5,1.2,0.65,1.2,12.449,16.549,0.0,-16.802
Dras,34.4306,75.7499,cold,3.0,3.0,2.6,180.0,brick,0.23,gi_sheet,0.002,mineral_wool,0.1,east,0.9,0.9,0.35,1.2,9.617,11.28,0.0,-16.869
Dras,34.4306,75.7499,cold,3.0,3.0,2.6,180.0,stone,0.3,aerated_concrete,0.1,eps,0.05,south,1.2,0.9,0.85,1.2,10.94,13.003,0.0,-16.894
Dras,34.4306,75.7499,cold,3.0,3.0,2.6,0.0,aerated_concrete,0.1,concrete,0.1,mineral_wool,0.15,north,1.8,0.9,0.45,1.6,9.625,12.11,0.0,-16.778
Dras,34.4306,75.7499,cold,3.0,3.0,2.6,90.0,rammed_earth,0.15,stone,0.15,xps,0.05,east,0.9,1.2,0.75,5.8,11.284,13.952,0.0,-16.86
Dras,34.4306,75.7499,cold,3.0,3.0,2.6,45.0,mud_brick,0.3,timber,0.1,mineral_wool,0.15,east,0.6,1.5,0.45,1.6,8.983,10.222,0.0,-16.882
Dras,34.4306,75.7499,cold,3.0,3.0,2.6,90.0,mud_brick,0.45,brick,0.115,xps,0.1,south,1.5,1.2,0.85,3.5,9.76,11.674,0.0,-16.897
Dras,34.4306,75.7499,cold,3.0,3.0,2.6,0.0,brick,0.23,puf_sandwich_panel,0.1,eps,0.2,east,1.5,0.6,0.65,1.2,9.663,11.258,0.0,-16.868
Dras,34.4306,75.7499,cold,3.0,3.0,2.6,90.0,stone,0.15,mud_brick,0.15,xps,0.15,south,1.5,1.2,0.45,1.2,9.709,11.422,0.0,-16.871
Dras,34.4306,75.7499,cold,3.0,3.0,2.6,45.0,timber,0.2,brick,0.23,sheep_wool,0.05,south,0.9,0.6,0.85,2.6,10.271,12.708,0.0,-16.834
Dras,34.4306,75.7499,cold,3.0,3.0,2.6,180.0,puf_sandwich_panel,0.1,puf_sandwich_panel,0.1,mineral_wool,0.15,west,1.5,1.5,0.65,1.2,12.803,19.408,0.125,-16.568
Dras,34.4306,75.7499,cold,3.0,3.0,2.6,45.0,stone,0.3,mud_brick,0.25,none,0.0,north,0.9,1.5,0.35,1.6,15.301,19.436,0.1429,-16.898
Dras,34.4306,75.7499,cold,3.0,3.0,2.6,90.0,rammed_earth,0.3,gi_sheet,0.002,eps,0.05,east,1.2,1.2,0.35,2.6,10.491,12.52,0.0,-16.877
Dras,34.4306,75.7499,cold,3.0,3.0,2.6,90.0,concrete,0.1,puf_sandwich_panel,0.15,eps,0.2,south,0.6,0.6,0.45,3.5,8.932,10.656,0.0,-16.828
Dras,34.4306,75.7499,cold,3.0,3.0,2.6,45.0,concrete,0.3,stone,0.3,sheep_wool,0.1,east,1.2,1.5,0.75,2.0,11.225,13.52,0.0,-16.897
Dras,34.4306,75.7499,cold,3.0,3.0,2.6,45.0,rammed_earth,0.15,gi_sheet,0.002,eps,0.05,west,0.6,0.6,0.45,2.0,10.79,13.425,0.0,-16.839
Dras,34.4306,75.7499,cold,3.0,3.0,2.6,135.0,stone,0.45,mud_brick,0.15,sheep_wool,0.15,north,1.8,1.2,0.65,1.2,10.491,12.77,0.0,-16.905
Dras,34.4306,75.7499,cold,3.0,3.0,2.6,180.0,aerated_concrete,0.3,stone,0.15,none,0.0,east,0.6,1.2,0.85,1.2,15.132,20.808,0.1905,-16.844
Dras,34.4306,75.7499,cold,3.0,3.0,2.6,90.0,timber,0.2,brick,0.115,sheep_wool,0.05,south,1.5,0.6,0.75,1.2,10.665,13.624,0.0,-16.81
Dras,34.4306,75.7499,cold,3.0,3.0,2.6,45.0,gi_sheet,0.002,aerated_concrete,0.2,eps,0.025,west,1.8,0.6,0.85,2.0,13.239,20.581,0.1548,-16.671
Dras,34.4306,75.7499,cold,3.0,3.0,2.6,45.0,stone,0.3,aerated_concrete,0.2,eps,0.1,east,1.5,1.5,0.65,1.2,11.414,13.675,0.0,-16.893
Dras,34.4306,75.7499,cold,3.0,3.0,2.6,0.0,aerated_concrete,0.3,mud_brick,0.15,mineral_wool,0.15,north,1.5,1.2,0.35,1.6,8.983,10.63,0.0,-16.837
Dras,34.4306,75.7499,cold,3.0,3.0,2.6,180.0,stone,0.45,brick,0.115,sheep_wool,0.1,east,0.9,1.2,0.45,2.0,9.172,10.874,0.0,-16.906
Dras,34.4306,75.7499,cold,3.0,3.0,2.6,0.0,concrete,0.2,rcc_slab,0.15,mineral_wool,0.05,east,1.5,0.6,0.75,2.6,11.964,14.512,0.0,-16.88
Dras,34.4306,75.7499,cold,3.0,3.0,2.6,90.0,aerated_concrete,0.3,concrete,0.1,eps,0.025,north,1.5,1.2,0.65,3.5,13.647,17.713,0.0,-16.828
Dras,34.4306,75.7499,cold,3.0,3.0,2.6,45.0,plywood,0.019,mud_brick,0.15,eps,0.2,north,1.8,0.6,0.75,5.8,10.936,14.282,0.0,-16.744
Dras,34.4306,75.7499,cold,3.0,3.0,2.6,90.0,stone,0.45,mud_brick,0.25,eps,0.1,east,0.6,0.6,0.45,5.8,8.434,9.825,0.0,-16.908
Dras,34.4306,75.7499,cold,3.0,3.0,2.6,135.0,brick,0.345,puf_sandwich_panel,0.05,eps,0.1,south,1.5,0.6,0.55,2.0,9.073,10.431,0.0,-16.887
Dras,34.4306,75.7499,cold,3.0,3.0,2.6,180.0,mud_brick,0.45,concrete,0.1,eps,0.05,north,0.6,0.6,0.45,1.6,9.369,10.963,0.0,-16.898
Dras,34.4306,75.7499,cold,3.0,3.0,2.6,0.0,brick,0.23,puf_sandwich_panel,0.15,mineral_wool,0.15,east,0.9,0.9,0.55,1.2,9.442,10.955,0.0,-16.869
Dras,34.4306,75.7499,cold,3.0,3.0,2.6,90.0,plywood,0.05,timber,0.15,sheep_wool,0.05,east,0.9,0.9,0.45,2.6,10.879,15.447,0.0,-16.681
Dras,34.4306,75.7499,cold,3.0,3.0,2.6,180.0,plywood,0.012,stone,0.3,xps,0.05,north,1.2,1.2,0.45,5.8,11.896,15.317,0.0,-16.829
Dras,34.4306,75.7499,cold,3.0,3.0,2.6,45.0,rammed_earth,0.45,stone,0.15,eps,0.2,south,1.2,0.9,0.35,3.5,8.085,9.19,0.0,-16.898
Dras,34.4306,75.7499,cold,3.0,3.0,2.6,135.0,concrete,0.2,gi_sheet,0.002,mineral_wool,0.1,north,0.9,1.5,0.85,5.8,12.08,14.764,0.0,-16.87
Dras,34.4306,75.7499,cold,3.0,3.0,2.6,0.0,gi_sheet,0.002,timber,0.15,mineral_wool,0.1,north,0.9,0.9,0.65,2.0,10.656,15.179,0.0,-16.672
Dras,34.4306,75.7499,cold,3.0,3.0,2.6,0.0,puf_sandwich_panel,0.05,timber,0.15,eps,0.1,west,1.5,1.5,0.45,1.2,9.821,14.248,0.0,-16.623
Dras,34.4306,75.7499,cold,3.0,3.0,2.6,180.0,plywood,0.019,brick,0.115,eps,0.15,north,0.9,1.5,0.45,2.0,10.446,14.09,0.0,-16.719
Dras,34.4306,75.7499,cold,3.0,3.0,2.6,45.0,gi_sheet,0.002,aerated_concrete,0.1,xps,0.1,east,1.5,1.5,0.45,1.2,12.276,18.12,0.0119,-16.633
Dras,34.4306,75.7499,cold,3.0,3.0,2.6,45.0,mud_brick,0.15,stone,0.3,mineral_wool,0.05,north,1.5,1.5,0.55,1.6,12.521,15.272,0.0,-16.875
Dras,34.4306,75.7499,cold,3.0,3.0,2.6,45.0,stone,0.3,puf_sandwich_panel,0.15,sheep_wool,0.05,south,0.6,0.6,0.65,1.6,9.756,11.414,0.0,-16.894
Dras,34.4306,75.7499,cold,3.0,3.0,2.6,180.0,gi_sheet,0.002,stone,0.15,eps,0.15,south,1.5,0.6,0.45,1.2,10.681,13.673,0.0,-16.777
Dras,34.4306,75.7499,cold,3.0,3.0,2.6,45.0,puf_sandwich_panel,0.05,mud_brick,0.25,mineral_wool,0.05,north,1.5,1.2,0.35,3.5,10.834,13.865,0.0,-16.783
Dras,34.4306,75.7499,cold,3.0,3.0,2.6,180.0,rammed_earth,0.3,rcc_slab,0.15,xps,0.1,south,1.8,1.5,0.45,1.6,10.15,11.858,0.0,-16.883
Dras,34.4306,75.7499,cold,3.0,3.0,2.6,45.0,plywood,0.05,puf_sandwich_panel,0.075,xps,0.15,east,0.9,0.6,0.85,3.5,9.728,13.318,0.0,-16.627
Dras,34.4306,75.7499,cold,3.0,3.0,2.6,180.0,plywood,0.05,timber,0.15,sheep_wool,0.1,north,1.5,0.6,0.85,2.0,10.627,14.88,0.0,-16.683
Dras,34.4306,75.7499,cold,3.0,3.0,2.6,180.0,puf_sandwich_panel,0.15,puf_sandwich_panel,0.05,xps,0.05,north,0.6,1.2,0.45,2.6,8.495,11.951,0.0,-16.528
Dras,34.4306,75.7499,cold,3.0,3.0,2.6,45.0,mud_brick,0.15,concrete,0.15,mineral_wool,0.15,north,0.9,0.6,0.55,5.8,9.38,10.965,0.0,-16.863
Dras,34.4306,75.7499,cold,3.0,3.0,2.6,135.0,rammed_earth,0.3,aerated_concrete,0.2,mineral_wool,0.15,east,0.6,0.9,0.65,2.0,8.675,9.821,0.0,-16.882
Dras,34.4306,75.7499,cold,3.0,3.0,2.6,45.0,aerated_concrete,0.3,brick,0.23,sheep_wool,0.1,north,1.5,1.5,0.85,1.2,13.186,16.403,0.0,-16.845
Dras,34.4306,75.7499,cold,3.0,3.0,2.6,135.0,brick,0.23,gi_sheet,0.002,eps,0.05,south,0.6,0.6,0.35,5.8,10.692,12.861,0.0,-16.869
Dras,34.4306,75.7499,cold,3.0,3.0,2.6,90.0,mud_brick,0.3,mud_brick,0.15,mineral_wool,0.1,east,1.5,1.2,0.65,5.8,10.241,12.055,0.0,-16.885
Dras,34.4306,75.7499,cold,3.0,3.0,2.6,90.0,timber,0.15,mud_brick,0.25,xps,0.1,west,1.8,0.6,0.65,2.6,9.57,11.582,0.0,-16.827
Dras,34.4306,75.7499,cold,3.0,3.0,2.6,0.0,aerated_concrete,0.2,puf_sandwich_panel,0.1,mineral_wool,0.15,south,1.2,1.2,0.75,2.6,9.795,12.646,0.0,-16.772
Dras,34.4306,75.7499,cold,3.0,3.0,2.6,0.0,puf_sandwich_panel,0.075,brick,0.23,xps,0.1,north,1.2,1.5,0.75,1.6,10.172,12.925,0.0,-16.777
Dras,34.4306,75.7499,cold,3.0,3.0,2.6,0.0,rammed_earth,0.3,puf_sandwich_panel,0.15,mineral_wool,0.15,south,1.8,1.2,0.55,2.0,9.577,11.204,0.0,-16.877
Dras,34.4306,75.7499,cold,3.0,3.0,2.6,0.0,plywood,0.012,concrete,0.1,eps,0.1,west,0.6,0.9,0.75,3.5,10.372,14.306,0.0,-16.715
Dras,34.4306,75.7499,cold,3.0,3.0,2.6,90.0,aerated_concrete,0.3,timber,0.1,xps,0.1,north,0.6,0.6,0.35,3.5,8.756,10.455,0.0,-16.814
Dras,34.4306,75.7499,cold,3.0,3.0,2.6,90.0,gi_sheet,0.002,mud_brick,0.25,none,0.0,west,1.8,0.9,0.45,2.0,16.855,27.837,0.4464,-21.273
Dras,34.4306,75.7499,cold,3.0,3.0,2.6,90.0,mud_brick,0.45,concrete,0.1,eps,0.2,west,1.5,1.5,0.85,2.0,9.611,11.47,0.0,-16.897
Dras,34.4306,75.7499,cold,3.0,3.0,2.6,45.0,concrete,0.3,timber,0.1,eps,0.2,west,0.9,0.6,0.75,2.6,8.467,9.668,0.0,-16.89
Dras,34.4306,75.7499,cold,3.0,3.0,2.6,45.0,mud_brick,0.15,brick,0.115,sheep_wool,0.1,west,0.9,1.5,0.75,1.6,10.523,12.822,0.0,-16.854
Dras,34.4306,75.7499,cold,3.0,3.0,2.6,135.0,aerated_concrete,0.2,gi_sheet,0.002,eps,0.025,north,1.2,0.9,0.45,1.2,12.194,16.611,0.0,-16.766
Dras,34.4306,75.7499,cold,3.0,3.0,2.6,45.0,gi_sheet,0.002,brick,0.23,eps,0.15,east,0.9,1.2,0.75,5.8,11.45,14.986,0.0,-16.786
Dras,34.4306,75.7499,cold,3.0,3.0,2.6,135.0,gi_sheet,0.002,puf_sandwich_panel,0.1,xps,0.15,east,0.9,1.5,0.75,2.6,11.228,16.897,0.0,-16.588
Dras,34.4306,75.7499,cold,3.0,3.0,2.6,180.0,mud_brick,0.3,brick,0.23,sheep_wool,0.1,north,0.9,1.2,0.75,1.2,9.736,11.38,0.0,-16.888
Dras,34.4306,75.7499,cold,3.0,3.0,2.6,180.0,stone,0.15,gi_sheet,0.002,xps,0.05,south,0.9,1.5,0.55,1.6,11.761,14.476,0.0,-16.862
Dras,34.4306,75.7499,cold,3.0,3.0,2.6,180.0,mud_brick,0.45,rcc_slab,0.25,xps,0.15,north,1.5,1.2,0.85,1.6,9.371,11.17,0.0,-16.9
Dras,34.4306,75.7499,cold,3.0,3.0,2.6,180.0,rammed_earth,0.15,rcc_slab,0.25,eps,0.025,south,1.2,1.5,0.45,2.0,12.708,15.935,0.0,-16.867
Dras,34.4306,75.7499,cold,3.0,3.0,2.6,45.0,mud_brick,0.3,gi_sheet,0.002,none,0.0,south,0.6,0.6,0.65,1.6,15.913,21.103,0.2798,-16.881
Dras,34.4306,75.7499,cold,3.0,3.0,2.6,90.0,stone,0.45,timber,0.15,sheep_wool,0.05,south,1.8,0.9,0.35,1.2,9.712,11.635,0.0,-16.905
Dras,34.4306,75.7499,cold,3.0,3.0,2.6,90.0,puf_sandwich_panel,0.1,timber,0.1,sheep_wool,0.1,west,1.5,0.9,0.35,3.5,9.1,12.571,0.0,-16.599
Dras,34.4306,75.7499,cold,3.0,3.0,2.6,0.0,plywood,0.012,concrete,0.1,mineral_wool,0.1,north,1.8,1.5,0.75,3.5,12.436,17.725,0.0,-16.722
Dras,34.4306,75.7499,cold,3.0,3.0,2.6,90.0,gi_sheet,0.002,aerated_concrete,0.2,mineral_wool,0.1,east,1.2,1.2,0.85,5.8,11.733,17.305,0.0,-16.685
Dras,34.4306,75.7499,cold,3.0,3.0,2.6,90.0,puf_sandwich_panel,0.15,gi_sheet,0.002,none,0.0,east,0.9,1.2,0.75,2.6,16.195,31.014,0.4107,-16.541
Dras,34.4306,75.7499,cold,3.0,3.0,2.6,45.0,concrete,0.3,rcc_slab,0.15,xps,0.15,east,1.8,1.5,0.75,1.2,12.21,14.761,0.0,-16.891
Dras,34.4306,75.7499,cold,3.0,3.0,2.6,135.0,gi_sheet,0.002,aerated_concrete,0.1,eps,0.025,south,1.2,1.2,0.55,2.0,13.688,21.718,0.2381,-16.627
Dras,34.4306,75.7499,cold,3.0,3.0,2.6,45.0,brick,0.345,aerated_concrete,0.2,eps,0.1,west,0.6,0.6,0.35,2.6,8.645,9.85,0.0,-16.889
Dras,34.4306,75.7499,cold,3.0,3.0,2.6,45.0,stone,0.45,mud_brick,0.25,eps,0.05,north,0.9,0.9,0.85,2.6,10.193,12.342,0.0,-16.907
Dras,34.4306,75.7499,cold,3.0,3.0,2.6,0.0,aerated_concrete,0.2,mud_brick,0.15,eps,0.05,east,1.8,0.9,0.55,2.0,12.198,15.595,0.0,-16.813
Dras,34.4306,75.7499,cold,3.0,3.0,2.6,90.0,gi_sheet,0.002,brick,0.115,eps,0.1,west,0.6,0.6,0.55,3.5,10.426,14.103,0.0,-16.725
Dras,34.4306,75.7499,cold,3.0,3.0,2.6,180.0,mud_brick,0.45,mud_brick,0.25,eps,0.2,east,1.8,1.5,0.45,5.8,9.352,11.035,0.0,-16.899
Dras,34.4306,75.7499,cold,3.0,3.0,2.6,0.0,mud_brick,0.15,mud_brick,0.25,xps,0.15,north,1.2,0.6,0.65,2.0,9.003,10.416,0.0,-16.867
Dras,34.4306,75.7499,cold,3.0,3.0,2.6,180.0,rammed_earth,0.3,stone,0.15,eps,0.2,south,0.9,1.2,0.85,1.2,9.076,10.449,0.0,-16.886
Dras,34.4306,75.7499,cold,3.0,3.0,2.6,90.0,plywood,0.03,timber,0.15,sheep_wool,0.05,east,0.9,0.6,0.85,2.6,11.28,16.506,0.0,-16.658
Dras,34.4306,75.7499,cold,3.0,3.0,2.6,180.0,rammed_earth,0.15,concrete,0.2,eps,0.025,west,0.6,1.2,0.65,2.6,13.029,16.433,0.0,-16.863
Dras,34.4306,75.7499,cold,3.0,3.0,2.6,180.0,brick,0.23,mud_brick,0.15,eps,0.05,west,1.5,0.6,0.55,2.0,11.509,13.871,0.0,-16.877
Dras,34.4306,75.7499,cold,3.0,3.0,2.6,180.0,stone,0.3,concrete,0.15,mineral_wool,0.15,east,0.9,1.5,0.65,2.6,9.568,11.279,0.0,-16.897
Dras,34.4306,75.7499,cold,3.0,3.0,2.6,135.0,aerated_concrete,0.2,puf_sandwich_panel,0.05,mineral_wool,0.15,east,1.2,0.6,0.85,2.6,9.099,11.421,0.0,-16.774
Dras,34.4306,75.7499,cold,3.0,3.0,2.6,0.0,timber,0.15,rcc_slab,0.15,sheep_wool,0.15,north,1.2,1.5,0.85,1.6,10.527,13.107,0.0,-16.812
Dras,34.4306,75.7499,cold,3.0,3.0,2.6,0.0,rammed_earth,0.15,stone,0.3,eps,0.05,east,0.6,0.6,0.75,1.2,10.831,12.985,0.0,-16.875
Dras,34.4306,75.7499,cold,3.0,3.0,2.6,135.0,concrete,0.1,mud_brick,0.25,eps,0.1,south,1.8,1.5,0.75,1.6,12.059,15.01,0.0,-16.856
Dras,34.4306,75.7499,cold,3.0,3.0,2.6,90.0,concrete,0.1,gi_sheet,0.002,sheep_wool,0.15,west,0.9,1.2,0.35,5.8,10.024,12.331,0.0,-16.826
Dras,34.4306,75.7499,cold,3.0,3.0,2.6,45.0,gi_sheet,0.002,timber,0.1,eps,0.15,north,1.2,1.5,0.35,1.2,11.042,15.565,0.0,-16.639
Dras,34.4306,75.7499,cold,3.0,3.0,2.6,135.0,mud_brick,0.15,aerated_concrete,0.1,eps,0.05,west,0.6,0.9,0.55,5.8,11.204,13.823,0.0,-16.845
Dras,34.4306,75.7499,cold,3.0,3.0,2.6,180.0,timber,0.2,concrete,0.2,eps,0.05,west,1.5,0.6,0.45,2.0,10.731,13.23,0.0,-16.835
Dras,34.4306,75.7499,cold,3.0,3.0,2.6,180.0,brick,0.345,stone,0.3,eps,0.05,west,1.8,0.6,0.55,1.6,10.815,12.864,0.0,-16.897
Dras,34.4306,75.7499,cold,3.0,3.0,2.6,90.0,puf_sandwich_panel,0.15,mud_brick,0.15,mineral_wool,0.1,north,1.2,1.5,0.65,2.6,12.018,15.847,0.0,-16.741
Dras,34.4306,75.7499,cold,3.0,3.0,2.6,45.0,brick,0.345,puf_sandwich_panel,0.075,sheep_wool,0.1,west,0.6,1.2,0.35,3.5,8.814,10.067,0.0,-16.887
Dras,34.4306,75.7499,cold,3.0,3.0,2.6,45.0,concrete,0.2,gi_sheet,0.002,sheep_wool,0.15,north,1.2,1.5,0.55,3.5,11.118,13.31,0.0,-16.869
Dras,34.4306,75.7499,cold,3.0,3.0,2.6,0.0,stone,0.15,timber,0.15,eps,0.2,east,0.6,0.6,0.55,5.8,9.168,10.651,0.0,-16.867
Dras,34.4306,75.7499,cold,3.0,3.0,2.6,45.0,mud_brick,0.15,brick,0.115,sheep_wool,0.05,north,1.5,1.5,0.55,2.6,13.185,16.626,0.0,-16.852
Dras,34.4306,75.7499,cold,3.0,3.0,2.6,180.0,rammed_earth,0.15,aerated_concrete,0.2,eps,0.2,west,0.6,0.9,0.35,2.6,9.261,10.882,0.0,-16.847
Dras,34.4306,75.7499,cold,3.0,3.0,2.6,45.0,stone,0.45,brick,0.115,mineral_wool,0.05,east,0.6,0.6,0.75,3.5,9.818,11.78,0.0,-16.906
Dras,34.4306,75.7499,cold,3.0,3.0,2.6,90.0,timber,0.2,stone,0.3,sheep_wool,0.15,south,0.6,1.5,0.35,1.6,8.521,9.841,0.0,-16.857
Dras,34.4306,75.7499,cold,3.0,3.0,2.6,0.0,mud_brick,0.45,gi_sheet,0.002,eps,0.05,west,1.8,1.5,0.35,5.8,10.456,12.359,0.0,-16.894
Dras,34.4306,75.7499,cold,3.0,3.0,2.6,45.0,mud_brick,0.3,puf_sandwich_panel,0.05,sheep_wool,0.15,north,0.6,1.5,0.65,2.6,9.421,10.795,0.0,-16.88
Dras,34.4306,75.7499,cold,3.0,3.0,2.6,135.0,gi_sheet,0.002,mud_brick,0.25,xps,0.05,east,1.2,0.9,0.35,2.6,11.848,15.727,0.0,-16.791
Dras,34.4306,75.7499,cold,3.0,3.0,2.6,0.0,mud_brick,0.45,brick,0.23,eps,0.05,north,0.6,0.6,0.85,2.0,9.268,10.887,0.0,-16.9
Dras,34.4306,75.7499,cold,3.0,3.0,2.6,45.0,mud_brick,0.15,stone,0.3,none,0.0,east,0.9,0.6,0.75,5.8,16.106,21.515,0.3155,-16.876
Dras,34.4306,75.7499,cold,3.0,3.0,2.6,45.0,puf_sandwich_panel,0.1,mud_brick,0.25,eps,0.025,west,0.9,1.2,0.75,1.6,10.351,13.422,0.0,-16.782
Dras,34.4306,75.7499,cold,3.0,3.0,2.6,180.0,plywood,0.05,aerated_concrete,0.2,sheep_wool,0.05,east,1.2,0.6,0.35,1.6,10.806,15.076,0.0,-16.694
Dras,34.4306,75.7499,cold,3.0,3.0,2.6,90.0,plywood,0.012,rcc_slab,0.2,mineral_wool,0.1,north,1.2,0.6,0.65,2.6,11.06,14.206,0.0,-16.786
Dras,34.4306,75.7499,cold,3.0,3.0,2.6,135.0,rammed_earth,0.45,rcc_slab,0.1,none,0.0,south,1.5,0.6,0.65,3.5,14.981,18.991,0.0655,-16.896
Dras,34.4306,75.7499,cold,3.0,3.0,2.6,90.0,brick,0.345,brick,0.23,mineral_wool,0.05,south,0.6,0.6,0.75,2.0,9.845,11.554,0.0,-16.894
Dras,34.4306,75.7499,cold,3.0,3.0,2.6,0.0,aerated_concrete,0.2,timber,0.15,eps,0.025,south,1.8,0.9,0.65,1.2,11.489,15.377,0.0,-16.783
Dras,34.4306,75.7499,cold,3.0,3.0,2.6,180.0,gi_sheet,0.002,aerated_concrete,0.2,sheep_wool,0.1,south,1.8,1.5,0.35,1.6,11.956,17.057,0.0,-16.672
Dras,34.4306,75.7499,cold,3.0,3.0,2.6,90.0,aerated_concrete,0.1,rcc_slab,0.2,eps,0.2,west,1.5,0.6,0.45,5.8,8.978,10.828,0.0,-16.813
Dras,34.4306,75.7499,cold,3.0,3.0,2.6,0.0,stone,0.45,gi_sheet,0.002,eps,0.1,east,1.2,0.6,0.75,1.6,9.399,11.142,0.0,-16.905
Dras,34.4306,75.7499,cold,3.0,3.0,2.6,180.0,mud_brick,0.45,aerated_concrete,0.2,eps,0.05,south,1.2,0.9,0.75,1.2,9.621,11.344,0.0,-16.897
Dras,34.4306,75.7499,cold,3.0,3.0,2.6,45.0,gi_sheet,0.002,aerated_concrete,0.1,eps,0.2,west,0.6,0.9,0.85,5.8,9.884,14.06,0.0,-16.642
Dras,34.4306,75.7499,cold,3.0,3.0,2.6,90.0,rammed_earth,0.15,puf_sandwich_panel,0.1,sheep_wool,0.15,east,0.6,0.9,0.35,1.2,8.842,10.441,0.0,-16.838
Dras,34.4306,75.7499,cold,3.0,3.0,2.6,180.0,aerated_concrete,0.3,concrete,0.1,eps,0.05,west,1.2,1.5,0.85,2.0,13.823,17.741,0.0,-16.828
Dras,34.4306,75.7499,cold,3.0,3.0,2.6,0.0,brick,0.23,concrete,0.1,sheep_wool,0.05,south,0.6,0.9,0.45,3.5,10.816,13.02,0.0,-16.875
Dras,34.4306,75.7499,cold,3.0,3.0,2.6,180.0,aerated_concrete,0.1,aerated_concrete,0.2,mineral_wool,0.05,east,0.9,1.5,0.35,2.0,10.677,14.403,0.0,-16.742
Dras,34.4306,75.7499,cold,3.0,3.0,2.6,135.0,concrete,0.3,concrete,0.1,mineral_wool,0.15,north,0.6,1.5,0.55,3.5,9.643,11.192,0.0,-16.892
Dras,34.4306,75.7499,cold,3.0,3.0,2.6,180.0,puf_sandwich_panel,0.075,stone,0.15,eps,0.2,south,1.8,1.2,0.65,1.2,9.812,12.378,0.0,-16.768
Dras,34.4306,75.7499,cold,3.0,3.0,2.6,180.0,mud_brick,0.3,timber,0.15,eps,0.2,south,1.5,0.9,0.85,1.2,9.319,10.763,0.0,-16.882
Dras,34.4306,75.7499,cold,3.0,3.0,2.6,90.0,plywood,0.03,aerated_concrete,0.1,sheep_wool,0.1,west,1.5,0.6,0.35,2.0,10.073,14.174,0.0,-16.634
Dras,34.4306,75.7499,cold,3.0,3.0,2.6,0.0,brick,0.23,mud_brick,0.15,eps,0.2,south,1.8,0.9,0.75,1.6,9.713,11.416,0.0,-16.876
Dras,34.4306,75.7499,cold,3.0,3.0,2.6,180.0,mud_brick,0.45,puf_sandwich_panel,0.075,xps,0.1,west,1.5,1.2,0.85,3.5,11.655,13.939,0.0,-16.895
Dras,34.4306,75.7499,cold,3.0,3.0,2.6,180.0,rammed_earth,0.15,aerated_concrete,0.2,sheep_wool,0.15,south,0.9,1.5,0.75,2.6,10.412,12.595,0.0,-16.845
Dras,34.4306,75.7499,cold,3.0,3.0,2.6,45.0,concrete,0.1,brick,0.115,mineral_wool,0.05,south,0.9,0.9,0.65,1.2,11.7,14.811,0.0,-16.844
Dras,34.4306,75.7499,cold,3.0,3.0,2.6,90.0,brick,0.115,puf_sandwich_panel,0.15,mineral_wool,0.15,west,0.6,1.5,0.35,2.0,9.169,10.99,0.0,-16.826
Dras,34.4306,75.7499,cold,3.0,3.0,2.6,0.0,gi_sheet,0.002,stone,0.3,xps,0.05,south,0.9,0.6,0.55,2.0,11.241,14.327,0.0,-16.832
Dras,34.4306,75.7499,cold,3.0,3.0,2.6,90.0,concrete,0.3,stone,0.15,none,0.0,north,1.2,1.5,0.35,1.2,16.5,21.612,0.381,-16.893
Dras,34.4306,75.7499,cold,3.0,3.0,2.6,90.0,gi_sheet,0.002,mud_brick,0.15,sheep_wool,0.1,east,1.8,1.5,0.55,1.2,12.098,17.099,0.0,-16.745
Dras,34.4306,75.7499,cold,3.0,3.0,2.6,90.0,rammed_earth,0.45,gi_sheet,0.002,xps,0.15,north,1.8,0.9,0.35,2.6,9.281,10.703,0.0,-16.893
Dras,34.4306,75.7499,cold,3.0,3.0,2.6,135.0,stone,0.15,rcc_slab,0.1,sheep_wool,0.1,south,1.5,1.2,0.85,2.6,11.522,14.045,0.0,-16.869
Dras,34.4306,75.7499,cold,3.0,3.0,2.6,180.0,timber,0.1,brick,0.23,mineral_wool,0.05,north,0.9,0.9,0.65,3.5,10.873,13.906,0.0,-16.812
Dras,34.4306,75.7499,cold,3.0,3.0,2.6,45.0,plywood,0.019,timber,0.15,sheep_wool,0.05,north,1.8,0.9,0.75,2.0,13.502,19.934,0.1488,-16.642
Dras,34.4306,75.7499,cold,3.0,3.0,2.6,0.0,mud_brick,0.45,puf_sandwich_panel,0.05,eps,0.1,east,1.8,1.5,0.85,5.8,13.442,16.184,0.0,-16.894
Dras,34.4306,75.7499,cold,3.0,3.0,2.6,135.0,stone,0.15,puf_sandwich_panel,0.05,sheep_wool,0.1,south,1.5,1.2,0.75,1.6,11.136,13.568,0.0,-16.86
Dras,34.4306,75.7499,cold,3.0,3.0,2.6,45.0,timber,0.1,concrete,0.1,mineral_wool,0.15,north,1.2,0.9,0.45,2.0,9.795,12.185,0.0,-16.782
Dras,34.4306,75.7499,cold,3.0,3.0,2.6,45.0,plywood,0.03,gi_sheet,0.002,eps,0.2,west,1.8,1.5,0.45,3.5,10.473,15.663,0.0,-16.601
Dras,34.4306,75.7499,cold,3.0,3.0,2.6,180.0,puf_sandwich_panel,0.1,brick,0.23,sheep_wool,0.1,east,1.8,1.2,0.75,2.0,10.587,13.992,0.0,-16.776
Dras,34.4306,75.7499,cold,3.0,3.0,2.6,0.0,puf_sandwich_panel,0.05,mud_brick,0.15,none,0.0,south,1.2,1.2,0.65,2.6,13.737,20.882,0.1726,-16.727
Dras,34.4306,75.7499,cold,3.0,3.0,2.6,135.0,aerated_concrete,0.3,gi_sheet,0.002,sheep_wool,0.15,south,0.6,1.5,0.35,1.6,8.682,10.453,0.0,-16.807
Dras,34.4306,75.7499,cold,3.0,3.0,2.6,180.0,brick,0.345,stone,0.3,mineral_wool,0.15,west,0.9,0.6,0.55,5.8,8.897,10.251,0.0,-16.898
Dras,34.4306,75.7499,cold,3.0,3.0,2.6,90.0,concrete,0.2,mud_brick,0.15,mineral_wool,0.1,north,0.9,0.9,0.55,2.0,10.312,12.115,0.0,-16.879
Dras,34.4306,75.7499,cold,3.0,3.0,2.6,180.0,mud_brick,0.3,concrete,0.15,mineral_wool,0.1,east,1.8,0.6,0.85,3.5,9.764,11.421,0.0,-16.887
Dras,34.4306,75.7499,cold,3.0,3.0,2.6,90.0,aerated_concrete,0.3,timber,0.1,eps,0.025,south,1.5,1.2,0.35,2.6,10.685,13.672,0.0,-16.809
Dras,34.4306,75.7499,cold,3.0,3.0,2.6,90.0,mud_brick,0.3,stone,0.15,none,0.0,west,1.8,0.9,0.55,3.5,15.477,20.061,0.1905,-16.887
Dras,34.4306,75.7499,cold,3.0,3.0,2.6,0.0,brick,0.23,stone,0.3,eps,0.2,north,0.6,1.5,0.45,2.6,8.494,9.656,0.0,-16.888
Dras,34.4306,75.7499,cold,3.0,3.0,2.6,90.0,puf_sandwich_panel,0.1,puf_sandwich_panel,0.1,xps,0.1,south,1.8,0.9,0.65,2.0,9.389,14.136,0.0,-16.529
Dras,34.4306,75.7499,cold,3.0,3.0,2.6,90.0,gi_sheet,0.002,brick,0.23,xps,0.05,east,0.6,1.5,0.35,5.8,11.538,15.498,0.0,-16.785
Dras,34.4306,75.7499,cold,3.0,3.0,2.6,180.0,aerated_concrete,0.1,gi_sheet,0.002,eps,0.15,east,1.2,1.5,0.75,1.6,10.663,15.004,0.0,-16.699
Dras,34.4306,75.7499,cold,3.0,3.0,2.6,135.0,plywood,0.012,concrete,0.1,eps,0.025,south,1.2,1.2,0.85,3.5,14.167,21.699,0.2381,-16.712
Dras,34.4306,75.7499,cold,3.0,3.0,2.6,90.0,concrete,0.15,mud_brick,0.15,eps,0.05,east,0.9,0.9,0.75,2.0,11.368,13.957,0.0,-16.866
Dras,34.4306,75.7499,cold,3.0,3.0,2.6,45.0,gi_sheet,0.002,brick,0.23,mineral_wool,0.15,south,0.9,1.5,0.45,3.5,10.323,13.369,0.0,-16.791
Dras,34.4306,75.7499,cold,3.0,3.0,2.6,180.0,stone,0.3,brick,0.23,eps,0.05,north,1.5,1.2,0.35,5.8,10.923,12.974,0.0,-16.897
Dras,34.4306,75.7499,cold,3.0,3.0,2.6,0.0,gi_sheet,0.002,timber,0.1,mineral_wool,0.05,west,1.8,1.5,0.55,1.2,12.719,20.267,0.119,-16.637
Dras,34.4306,75.7499,cold,3.0,3.0,2.6,135.0,gi_sheet,0.002,mud_brick,0.15,eps,0.05,west,1.5,0.6,0.75,3.5,13.079,18.158,0.0119,-16.745
Dras,34.4306,75.7499,cold,3.0,3.0,2.6,180.0,brick,0.23,gi_sheet,0.002,mineral_wool,0.1,south,1.5,0.6,0.35,3.5,9.756,11.459,0.0,-16.869
Dras,34.4306,75.7499,cold,3.0,3.0,2.6,180.0,gi_sheet,0.002,concrete,0.2,mineral_wool,0.05,north,0.6,0.9,0.85,5.8,12.382,16.688,0.0,-16.79
Dras,34.4306,75.7499,cold,3.0,3.0,2.6,90.0,rammed_earth,0.45,gi_sheet,0.002,xps,0.15,north,0.6,1.5,0.45,3.5,8.85,10.133,0.0,-16.894
Dras,34.4306,75.7499,cold,3.0,3.0,2.6,0.0,brick,0.115,rcc_slab,0.1,xps,0.15,south,1.2,1.2,0.35,2.0,9.598,11.613,0.0,-16.842
Dras,34.4306,75.7499,cold,3.0,3.0,2.6,135.0,puf_sandwich_panel,0.1,mud_brick,0.25,eps,0.2,north,1.5,1.5,0.75,1.6,12.297,16.007,0.0,-16.786
Dras,34.4306,75.7499,cold,3.0,3.0,2.6,45.0,stone,0.15,brick,0.115,sheep_wool,0.05,north,1.2,0.6,0.35,2.0,11.465,14.0,0.0,-16.87
Dras,34.4306,75.7499,cold,3.0,3.0,2.6,45.0,stone,0.15,stone,0.15,none,0.0,south,0.6,1.2,0.85,1.6,17.363,24.508,0.4702,-16.876
Dras,34.4306,75.7499,cold,3.0,3.0,2.6,180.0,rammed_earth,0.3,concrete,0.2,mineral_wool,0.05,south,1.8,0.9,0.35,1.2,10.434,12.242,0.0,-16.887
Dras,34.4306,75.7499,cold,3.0,3.0,2.6,90.0,aerated_concrete,0.3,rcc_slab,0.25,sheep_wool,0.1,north,0.6,1.2,0.85,1.6,10.306,12.325,0.0,-16.855
Dras,34.4306,75.7499,cold,3.0,3.0,2.6,180.0,puf_sandwich_panel,0.05,puf_sandwich_panel,0.05,sheep_wool,0.15,north,1.8,1.2,0.35,5.8,9.837,14.851,0.0,-16.517
Dras,34.4306,75.7499,cold,3.0,3.0,2.6,90.0,puf_sandwich_panel,0.05,gi_sheet,0.002,none,0.0,east,0.6,1.2,0.55,2.6,16.036,30.78,0.4048,-17.099
Dras,34.4306,75.7499,cold,3.0,3.0,2.6,90.0,timber,0.2,concrete,0.1,xps,0.1,north,1.5,1.2,0.65,1.6,12.168,15.403,0.0,-16.81
Dras,34.4306,75.7499,cold,3.0,3.0,2.6,45.0,concrete,0.2,concrete,0.1,mineral_wool,0.05,north,0.9,0.9,0.85,2.6,11.865,14.391,0.0,-16.877
Dras,34.4306,75.7499,cold,3.0,3.0,2.6,0.0,timber,0.1,timber,0.15,xps,0.1,north,1.5,1.2,0.55,1.6,10.186,13.416,0.0,-16.736
Dras,34.4306,75.7499,cold,3.0,3.0,2.6,0.0,concrete,0.15,timber,0.15,xps,0.15,east,0.9,1.2,0.55,2.0,10.423,12.471,0.0,-16.859
Dras,34.4306,75.7499,cold,3.0,3.0,2.6,135.0,stone,0.45,puf_sandwich_panel,0.1,eps,0.15,south,1.2,0.6,0.55,1.6,8.297,9.58,0.0,-16.905
Dras,34.4306,75.7499,cold,3.0,3.0,2.6,45.0,brick,0.115,mud_brick,0.25,xps,0.15,west,1.8,0.9,0.45,1.2,9.558,11.356,0.0,-16.856
Dras,34.4306,75.7499,cold,3.0,3.0,2.6,135.0,mud_brick,0.3,gi_sheet,0.002,eps,0.05,west,1.8,0.9,0.85,2.6,12.536,15.191,0.0,-16.879
Dras,34.4306,75.7499,cold,3.0,3.0,2.6,135.0,puf_sandwich_panel,0.05,mud_brick,0.15,eps,0.2,north,0.6,0.9,0.85,1.6,9.106,11.499,0.0,-16.735
Dras,34.4306,75.7499,cold,3.0,3.0,2.6,135.0,brick,0.23,mud_brick,0.25,xps,0.15,east,0.6,0.9,0.35,3.5,8.744,9.893,0.0,-16.882
Dras,34.4306,75.7499,cold,3.0,3.0,2.6,135.0,brick,0.115,concrete,0.15,xps,0.1,north,0.6,0.9,0.65,1.6,10.49,12.675,0.0,-16.85
Dras,34.4306,75.7499,cold,3.0,3.0,2.6,90.0,gi_sheet,0.002,mud_brick,0.25,mineral_wool,0.1,south,1.2,1.2,0.75,2.6,11.228,14.8,0.0,-16.794
Dras,34.4306,75.7499,cold,3.0,3.0,2.6,180.0,timber,0.1,brick,0.23,eps,0.15,east,0.6,0.6,0.75,3.5,8.932,10.793,0.0,-16.812
Dras,34.4306,75.7499,cold,3.0,3.0,2.6,45.0,rammed_earth,0.3,aerated_concrete,0.1,sheep_wool,0.05,west,1.8,1.2,0.85,2.0,11.58,14.067,0.0,-16.877
Dras,34.4306,75.7499,cold,3.0,3.0,2.6,135.0,aerated_concrete,0.3,gi_sheet,0.002,eps,0.05,west,0.9,1.5,0.75,3.5,11.997,15.351,0.0,-16.804
Dras,34.4306,75.7499,cold,3.0,3.0,2.6,45.0,gi_sheet,0.002,brick,0.115,sheep_wool,0.05,south,0.6,1.5,0.85,1.6,12.509,18.403,0.0179,-16.722
Dras,34.4306,75.7499,cold,3.0,3.0,2.6,135.0,rammed_earth,0.45,rcc_slab,0.25,none,0.0,east,0.6,1.2,0.55,1.2,13.83,17.107,0.0,-16.9
Dras,34.4306,75.7499,cold,3.0,3.0,2.6,180.0,mud_brick,0.3,brick,0.23,mineral_wool,0.05,west,0.6,0.9,0.85,3.5,10.732,12.597,0.0,-16.889
Dras,34.4306,75.7499,cold,3.0,3.0,2.6,135.0,concrete,0.15,stone,0.15,eps,0.1,east,1.5,0.9,0.85,5.8,11.17,13.586,0.0,-16.87
Dras,34.4306,75.7499,cold,3.0,3.0,2.6,0.0,concrete,0.1,puf_sandwich_panel,0.05,xps,0.15,north,1.2,1.5,0.55,1.2,10.225,12.636,0.0,-16.823
Dras,34.4306,75.7499,cold,3.0,3.0,2.6,180.0,aerated_concrete,0.3,brick,0.115,mineral_wool,0.15,north,1.5,0.9,0.65,2.6,9.551,11.628,0.0,-16.832
Dras,34.4306,75.7499,cold,3.0,3.0,2.6,90.0,timber,0.2,timber,0.1,xps,0.15,east,1.8,1.5,0.75,2.0,11.256,15.029,0.0,-16.782
Dras,34.4306,75.7499,cold,3.0,3.0,2.6,180.0,concrete,0.1,brick,0.23,xps,0.15,south,1.8,1.5,0.85,1.2,12.31,15.172,0.0,-16.854
Dras,34.4306,75.7499,cold,3.0,3.0,2.6,45.0,mud_brick,0.15,timber,0.15,xps,0.1,south,0.6,0.6,0.55,3.5,9.247,10.975,0.0,-16.849
Dras,34.4306,75.7499,cold,3.0,3.0,2.6,180.0,gi_sheet,0.002,brick,0.23,sheep_wool,0.05,south,0.6,1.5,0.55,1.6,12.519,16.9,0.0,-16.784
Dras,34.4306,75.7499,cold,3.0,3.0,2.6,90.0,brick,0.115,concrete,0.2,mineral_wool,0.15,west,1.8,0.9,0.75,2.6,10.436,12.541,0.0,-16.857
Dras,34.4306,75.7499,cold,3.0,3.0,2.6,45.0,timber,0.2,brick,0.23,mineral_wool,0.05,east,0.9,0.9,0.35,1.2,10.186,12.478,0.0,-16.834
Dras,34.4306,75.7499,cold,3.0,3.0,2.6,90.0,brick,0.345,concrete,0.1,sheep_wool,0.05,east,0.6,0.6,0.55,2.6,10.178,11.922,0.0,-16.891
Dras,34.4306,75.7499,cold,3.0,3.0,2.6,90.0,rammed_earth,0.15,concrete,0.2,sheep_wool,0.1,east,1.8,0.6,0.45,1.6,9.956,11.89,0.0,-16.863
Dras,34.4306,75.7499,cold,3.0,3.0,2.6,0.0,puf_sandwich_panel,0.15,brick,0.23,mineral_wool,0.15,north,1.2,0.6,0.55,3.5,8.356,10.078,0.0,-16.785
Dras,34.4306,75.7499,cold,3.0,3.0,2.6,180.0,concrete,0.15,rcc_slab,0.15,sheep_wool,0.05,south,1.8,1.2,0.55,3.5,12.551,15.607,0.0,-16.867
Dras,34.4306,75.7499,cold,3.0,3.0,2.6,90.0,gi_sheet,0.002,timber,0.15,eps,0.15,east,1.2,0.6,0.55,2.0,10.089,14.117,0.0,-16.663
Dras,34.4306,75.7499,cold,3.0,3.0,2.6,0.0,brick,0.115,gi_sheet,0.002,mineral_wool,0.15,north,1.2,0.6,0.35,1.2,9.288,11.223,0.0,-16.827
Dras,34.4306,75.7499,cold,3.0,3.0,2.6,45.0,concrete,0.1,gi_sheet,0.002,eps,0.05,west,1.5,0.9,0.75,1.6,12.119,15.75,0.0,-16.825
Dras,34.4306,75.7499,cold,3.0,3.0,2.6,45.0,concrete,0.15,aerated_concrete,0.1,none,0.0,east,1.2,1.5,0.85,1.2,17.422,24.678,0.494,-16.855
Dras,34.4306,75.7499,cold,3.0,3.0,2.6,0.0,rammed_earth,0.3,puf_sandwich_panel,0.075,eps,0.1,south,1.8,0.9,0.65,5.8,10.008,11.835,0.0,-16.877
Dras,34.4306,75.7499,cold,3.0,3.0,2.6,135.0,brick,0.115,concrete,0.2,xps,0.1,east,0.9,1.2,0.45,1.2,10.228,12.31,0.0,-16.856
Dras,34.4306,75.7499,cold,3.0,3.0,2.6,90.0,timber,0.15,timber,0.1,sheep_wool,0.15,west,0.9,0.9,0.45,1.6,8.907,11.091,0.0,-16.762
Dras,34.4306,75.7499,cold,3.0,3.0,2.6,90.0,concrete,0.3,puf_sandwich_panel,0.1,sheep_wool,0.05,west,0.9,1.2,0.75,2.0,10.426,12.248,0.0,-16.888
Dras,34.4306,75.7499,cold,3.0,3.0,2.6,0.0,mud_brick,0.3,concrete,0.2,eps,0.05,south,1.8,0.9,0.75,2.6,10.959,13.047,0.0,-16.888
Dras,34.4306,75.7499,cold,3.0,3.0,2.6,0.0,concrete,0.15,timber,0.1,eps,0.2,west,0.6,0.9,0.85,3.5,9.185,10.828,0.0,-16.858
Dras,34.4306,75.7499,cold,3.0,3.0,2.6,135.0,plywood,0.05,timber,0.15,xps,0.15,east,1.2,1.2,0.65,5.8,10.349,14.524,0.0,-16.688
Dras,34.4306,75.7499,cold,3.0,3.0,2.6,45.0,stone,0.15,aerated_concrete,0.2,xps,0.05,west,1.5,0.6,0.75,1.2,10.894,13.223,0.0,-16.867
Dras,34.4306,75.7499,cold,3.0,3.0,2.6,45.0,puf_sandwich_panel,0.075,timber,0.15,eps,0.05,north,1.8,0.9,0.45,1.2,10.658,14.761,0.0,-16.622
Dras,34.4306,75.7499,cold,3.0,3.0,2.6,90.0,gi_sheet,0.002,brick,0.115,sheep_wool,0.15,east,1.2,1.2,0.85,1.2,11.369,15.985,0.0,-16.725
Dras,34.4306,75.7499,cold,3.0,3.0,2.6,135.0,aerated_concrete,0.1,aerated_concrete,0.2,eps,0.05,east,1.8,1.2,0.55,2.6,11.625,16.341,0.0,-16.737
Dras,34.4306,75.7499,cold,3.0,3.0,2.6,180.0,timber,0.1,mud_brick,0.15,sheep_wool,0.05,south,0.6,1.2,0.65,1.6,10.925,14.215,0.0,-16.785
Dras,34.4306,75.7499,cold,3.0,3.0,2.6,45.0,stone,0.45,puf_sandwich_panel,0.075,sheep_wool,0.1,south,0.9,0.9,0.85,1.2,8.809,10.387,0.0,-16.905
Dras,34.4306,75.7499,cold,3.0,3.0,2.6,180.0,timber,0.15,aerated_concrete,0.1,eps,0.15,west,0.9,1.2,0.45,1.2,9.949,12.526,0.0,-16.76
Dras,34.4306,75.7499,cold,3.0,3.0,2.6,0.0,puf_sandwich_panel,0.075,concrete,0.2,mineral_wool,0.15,west,0.9,1.2,0.85,1.2,9.157,11.478,0.0,-16.787
Dras,34.4306,75.7499,cold,3.0,3.0,2.6,0.0,stone,0.15,gi_sheet,0.002,eps,0.2,west,0.6,0.6,0.65,1.2,8.877,10.307,0.0,-16.864
Dras,34.4306,75.7499,cold,3.0,3.0,2.6,45.0,gi_sheet,0.002,puf_sandwich_panel,0.075,eps,0.1,north,1.5,1.2,0.65,5.8,12.621,18.788,0.0417,-16.576
Dras,34.4306,75.7499,cold,3.0,3.0,2.6,135.0,stone,0.45,gi_sheet,0.002,mineral_wool,0.15,south,0.9,1.5,0.75,5.8,9.173,10.902,0.0,-16.905
Dras,34.4306,75.7499,cold,3.0,3.0,2.6,0.0,gi_sheet,0.002,puf_sandwich_panel,0.05,xps,0.1,north,1.8,0.6,0.55,2.6,10.595,15.817,0.0,-16.579
Dras,34.4306,75.7499,cold,3.0,3.0,2.6,90.0,stone,0.15,concrete,0.1,xps,0.05,east,0.6,1.2,0.75,5.8,11.206,13.671,0.0,-16.871
Dras,34.4306,75.7499,cold,3.0,3.0,2.6,135.0,rammed_earth,0.3,aerated_concrete,0.2,eps,0.15,south,0.6,1.2,0.65,3.5,8.837,10.049,0.0,-16.881
Dras,34.4306,75.7499,cold,3.0,3.0,2.6,45.0,puf_sandwich_panel,0.1,aerated_concrete,0.2,eps,0.05,south,0.6,1.2,0.65,5.8,9.343,13.0,0.0,-16.645
Dras,34.4306,75.7499,cold,3.0,3.0,2.6,0.0,concrete,0.3,gi_sheet,0.002,xps,0.15,east,1.2,0.6,0.55,1.6,9.246,10.62,0.0,-16.889
Dras,34.4306,75.7499,cold,3.0,3.0,2.6,90.0,stone,0.3,rcc_slab,0.2,mineral_wool,0.1,north,1.5,1.5,0.45,5.8,11.163,13.257,0.0,-16.897
Dras,34.4306,75.7499,cold,3.0,3.0,2.6,0.0,gi_sheet,0.002,aerated_concrete,0.2,xps,0.15,south,1.5,1.2,0.35,3.5,10.453,14.947,0.0,-16.679
Dras,34.4306,75.7499,cold,3.0,3.0,2.6,0.0,gi_sheet,0.002,stone,0.3,none,0.0,south,1.8,0.6,0.75,1.2,17.382,27.906,0.4702,-20.525
Dras,34.4306,75.7499,cold,3.0,3.0,2.6,0.0,concrete,0.3,mud_brick,0.15,sheep_wool,0.05,east,1.5,1.5,0.85,2.0,14.048,17.18,0.0,-16.891
Dras,34.4306,75.7499,cold,3.0,3.0,2.6,135.0,plywood,0.03,puf_sandwich_panel,0.05,sheep_wool,0.15,west,1.5,0.9,0.35,2.6,10.446,14.607,0.0,-16.582
Dras,34.4306,75.7499,cold,3.0,3.0,2.6,180.0,plywood,0.019,mud_brick,0.15,eps,0.025,east,0.6,0.6,0.35,1.2,12.77,18.336,0.0179,-16.739
Dras,34.4306,75.7499,cold,3.0,3.0,2.6,135.0,puf_sandwich_panel,0.1,mud_brick,0.25,xps,0.15,north,0.9,1.5,0.85,3.5,10.995,14.021,0.0,-16.786
Dras,34.4306,75.7499,cold,3.0,3.0,2.6,180.0,concrete,0.2,mud_brick,0.15,eps,0.2,east,1.5,0.9,0.55,1.6,9.689,11.278,0.0,-16.878
Dras,34.4306,75.7499,cold,3.0,3.0,2.6,135.0,concrete,0.15,aerated_concrete,0.1,eps,0.15,south,0.9,0.9,0.35,1.6,9.629,11.368,0.0,-16.857
Dras,34.4306,75.7499,cold,3.0,3.0,2.6,180.0,stone,0.3,brick,0.23,xps,0.15,south,0.6,0.6,0.55,5.8,8.8,10.143,0.0,-16.899
Dras,34.4306,75.7499,cold,3.0,3.0,2.6,0.0,plywood,0.019,stone,0.3,sheep_wool,0.15,east,1.8,1.2,0.75,5.8,13.532,17.289,0.0,-16.83
Dras,34.4306,75.7499,cold,3.0,3.0,2.6,180.0,timber,0.1,aerated_concrete,0.1,none,0.0,south,1.2,0.9,0.75,2.6,13.797,20.862,0.1786,-16.721
Dras,34.4306,75.7499,cold,3.0,3.0,2.6,180.0,brick,0.115,rcc_slab,0.25,mineral_wool,0.15,south,1.2,1.2,0.35,3.5,10.013,11.871,0.0,-16.862
Dras,34.4306,75.7499,cold,3.0,3.0,2.6,0.0,plywood,0.05,puf_sandwich_panel,0.1,sheep_wool,0.05,north,0.6,1.2,0.35,2.0,10.299,14.766,0.0,-16.614
Dras,34.4306,75.7499,cold,3.0,3.0,2.6,180.0,puf_sandwich_panel,0.075,brick,0.23,eps,0.05,south,0.9,1.5,0.35,2.6,9.77,12.446,0.0,-16.775
Dras,34.4306,75.7499,cold,3.0,3.0,2.6,135.0,puf_sandwich_panel,0.075,concrete,0.1,eps,0.05,east,1.8,1.2,0.65,2.0,11.235,16.17,0.0,-16.707
Dras,34.4306,75.7499,cold,3.0,3.0,2.6,90.0,concrete,0.3,puf_sandwich_panel,0.1,mineral_wool,0.1,west,1.2,1.2,0.85,3.5,9.983,11.719,0.0,-16.888
Dras,34.4306,75.7499,cold,3.0,3.0,2.6,180.0,rammed_earth,0.3,timber,0.15,eps,0.1,south,1.8,1.5,0.55,5.8,10.841,12.909,0.0,-16.878
Dras,34.4306,75.7499,cold,3.0,3.0,2.6,0.0,concrete,0.3,puf_sandwich_panel,0.1,eps,0.2,south,0.9,0.6,0.55,2.0,8.305,9.414,0.0,-16.889
Dras,34.4306,75.7499,cold,3.0,3.0,2.6,45.0,gi_sheet,0.002,aerated_concrete,0.2,mineral_wool,0.1,south,1.8,0.9,0.85,5.8,11.793,17.762,0.0,-16.685
Dras,34.4306,75.7499,cold,3.0,3.0,2.6,45.0,gi_sheet,0.002,mud_brick,0.25,eps,0.1,north,0.6,1.5,0.85,1.6,11.628,15.05,0.0,-16.791
Dras,34.4306,75.7499,cold,3.0,3.0,2.6,135.0,stone,0.45,aerated_concrete,0.2,xps,0.1,west,0.6,0.9,0.45,5.8,8.822,10.309,0.0,-16.906
Dras,34.4306,75.7499,cold,3.0,3.0,2.6,0.0,timber,0.2,rcc_slab,0.25,xps,0.15,south,0.9,1.2,0.45,1.6,8.723,10.263,0.0,-16.845
Dras,34.4306,75.7499,cold,3.0,3.0,2.6,0.0,gi_sheet,0.002,mud_brick,0.15,sheep_wool,0.1,west,1.2,0.9,0.65,5.8,11.153,15.527,0.0,-16.746
Dras,34.4306,75.7499,cold,3.0,3.0,2.6,90.0,rammed_earth,0.45,stone,0.3,sheep_wool,0.05,east,0.6,0.6,0.85,5.8,9.518,11.252,0.0,-16.902
Dras,34.4306,75.7499,cold,3.0,3.0,2.6,135.0,aerated_concrete,0.1,timber,0.15,sheep_wool,0.1,south,1.2,1.2,0.45,1.2,10.074,13.368,0.0,-16.731
Dras,34.4306,75.7499,cold,3.0,3.0,2.6,90.0,mud_brick,0.3,rcc_slab,0.2,sheep_wool,0.15,north,1.5,0.9,0.45,5.8,9.929,11.481,0.0,-16.889
Dras,34.4306,75.7499,cold,3.0,3.0,2.6,90.0,plywood,0.019,concrete,0.1,eps,0.15,east,1.8,1.2,0.75,1.6,11.453,16.191,0.0,-16.722
Dras,34.4306,75.7499,cold,3.0,3.0,2.6,0.0,mud_brick,0.3,puf_sandwich_panel,0.05,mineral_wool,0.1,south,1.2,1.2,0.55,2.0,9.404,10.902,0.0,-16.88
Dras,34.4306,75.7499,cold,3.0,3.0,2.6,135.0,puf_sandwich_panel,0.075,mud_brick,0.25,none,0.0,north,1.8,0.9,0.65,2.0,13.566,18.7,0.0476,-16.781
Dras,34.4306,75.7499,cold,3.0,3.0,2.6,0.0,timber,0.2,timber,0.15,sheep_wool,0.15,north,0.9,1.2,0.85,1.6,9.511,11.767,0.0,-16.791
Dras,34.4306,75.7499,cold,3.0,3.0,2.6,180.0,puf_sandwich_panel,0.15,timber,0.15,eps,0.025,north,1.2,0.9,0.75,1.2,9.913,14.272,0.0,-16.629
Dras,34.4306,75.7499,cold,3.0,3.0,2.6,180.0,rammed_earth,0.3,stone,0.15,sheep_wool,0.1,north,1.5,0.6,0.65,2.0,9.627,11.157,0.0,-16.886
Dras,34.4306,75.7499,cold,3.0,3.0,2.6,90.0,aerated_concrete,0.3,rcc_slab,0.2,mineral_wool,0.15,west,1.8,0.9,0.45,5.8,9.405,11.154,0.0,-16.849
Dras,34.4306,75.7499,cold,3.0,3.0,2.6,90.0,concrete,0.3,mud_brick,0.15,sheep_wool,0.1,west,1.2,1.5,0.35,3.5,9.788,11.432,0.0,-16.891
Dras,34.4306,75.7499,cold,3.0,3.0,2.6,45.0,rammed_earth,0.45,rcc_slab,0.25,sheep_wool,0.15,west,1.5,1.5,0.35,1.6,8.687,10.114,0.0,-16.899
Dras,34.4306,75.7499,cold,3.0,3.0,2.6,45.0,timber,0.15,mud_brick,0.25,eps,0.05,east,1.8,1.5,0.65,2.6,13.585,17.672,0.0,-16.825
Dras,34.4306,75.7499,cold,3.0,3.0,2.6,45.0,gi_sheet,0.002,mud_brick,0.25,xps,0.1,south,1.8,0.6,0.55,5.8,10.687,13.978,0.0,-16.792
Dras,34.4306,75.7499,cold,3.0,3.0,2.6,45.0,stone,0.45,aerated_concrete,0.1,mineral_wool,0.05,north,1.8,1.2,0.35,1.6,10.429,12.553,0.0,-16.904
Dras,34.4306,75.7499,cold,3.0,3.0,2.6,180.0,brick,0.345,brick,0.115,eps,0.1,west,0.9,1.2,0.85,1.2,10.999,12.96,0.0,-16.89
Dras,34.4306,75.7499,cold,3.0,3.0,2.6,0.0,brick,0.345,gi_sheet,0.002,none,0.0,north,1.2,0.6,0.35,5.8,15.87,20.854,0.2738,-16.887
Dras,34.4306,75.7499,cold,3.0,3.0,2.6,90.0,puf_sandwich_panel,0.075,concrete,0.15,eps,0.05,west,1.8,0.6,0.45,3.5,9.926,12.964,0.0,-16.75
Dras,34.4306,75.7499,cold,3.0,3.0,2.6,135.0,rammed_earth,0.3,rcc_slab,0.1,none,0.0,north,0.9,1.5,0.35,2.6,16.037,21.155,0.2976,-16.882
Dras,34.4306,75.7499,cold,3.0,3.0,2.6,0.0,mud_brick,0.15,concrete,0.15,sheep_wool,0.15,north,1.5,1.2,0.75,3.5,10.523,12.665,0.0,-16.859
Dras,34.4306,75.7499,cold,3.0,3.0,2.6,135.0,puf_sandwich_panel,0.1,gi_sheet,0.002,xps,0.05,west,1.2,0.6,0.75,2.6,10.413,15.011,0.0,-16.538
Dras,34.4306,75.7499,cold,3.0,3.0,2.6,45.0,concrete,0.15,gi_sheet,0.002,sheep_wool,0.1,east,1.8,1.2,0.85,1.2,13.559,17.209,0.0,-16.852
Dras,34.4306,75.7499,cold,3.0,3.0,2.6,45.0,aerated_concrete,0.1,mud_brick,0.25,mineral_wool,0.05,west,0.9,1.5,0.45,3.5,10.86,13.845,0.0,-16.814
Dras,34.4306,75.7499,cold,3.0,3.0,2.6,90.0,gi_sheet,0.002,brick,0.115,mineral_wool,0.1,west,1.5,0.6,0.55,2.6,10.789,14.656,0.0,-16.731
Dras,34.4306,75.7499,cold,3.0,3.0,2.6,45.0,mud_brick,0.15,stone,0.15,xps,0.1,east,0.6,0.9,0.45,2.0,9.55,11.242,0.0,-16.863
Dras,34.4306,75.7499,cold,3.0,3.0,2.6,135.0,timber,0.1,concrete,0.2,mineral_wool,0.1,south,1.2,0.9,0.45,1.6,9.659,11.875,0.0,-16.816
Dras,34.4306,75.7499,cold,3.0,3.0,2.6,90.0,rammed_earth,0.15,gi_sheet,0.002,xps,0.1,south,0.6,0.9,0.35,2.0,9.389,11.27,0.0,-16.839
Dras,34.4306,75.7499,cold,3.0,3.0,2.6,45.0,concrete,0.3,timber,0.15,eps,0.025,east,0.9,1.5,0.65,2.6,12.407,15.044,0.0,-16.889
Dras,34.4306,75.7499,cold,3.0,3.0,2.6,135.0,brick,0.23,aerated_concrete,0.1,eps,0.025,south,1.2,1.2,0.35,1.2,11.977,14.778,0.0,-16.869
Dras,34.4306,75.7499,cold,3.0,3.0,2.6,180.0,puf_sandwich_panel,0.1,puf_sandwich_panel,0.05,sheep_wool,0.05,south,0.6,0.9,0.35,3.5,8.554,11.932,0.0,-16.514
Dras,34.4306,75.7499,cold,3.0,3.0,2.6,0.0,brick,0.345,concrete,0.2,xps,0.1,north,0.9,0.6,0.35,2.0,8.634,9.894,0.0,-16.894
Dras,34.4306,75.7499,cold,3.0,3.0,2.6,135.0,brick,0.23,stone,0.15,xps,0.15,east,0.9,1.2,0.45,1.6,9.096,10.427,0.0,-16.879
Dras,34.4306,75.7499,cold,3.0,3.0,2.6,135.0,puf_sandwich_panel,0.05,mud_brick,0.15,sheep_wool,0.05,north,0.9,1.2,0.45,1.6,10.69,14.321,0.0,-16.729
Dras,34.4306,75.7499,cold,3.0,3.0,2.6,90.0,aerated_concrete,0.2,aerated_concrete,0.2,xps,0.05,west,0.6,1.2,0.55,2.0,9.829,12.35,0.0,-16.79
Dras,34.4306,75.7499,cold,3.0,3.0,2.6,90.0,timber,0.1,gi_sheet,0.002,xps,0.05,west,1.5,1.2,0.65,2.0,11.579,16.344,0.0,-16.701
Dras,34.4306,75.7499,cold,3.0,3.0,2.6,45.0,brick,0.23,brick,0.23,mineral_wool,0.1,north,1.8,0.9,0.65,2.0,11.156,13.218,0.0,-16.88
Dras,34.4306,75.7499,cold,3.0,3.0,2.6,135.0,plywood,0.012,puf_sandwich_panel,0.075,sheep_wool,0.1,west,0.9,1.2,0.65,2.6,11.768,17.183,0.0,-16.536
Dras,34.4306,75.7499,cold,3.0,3.0,2.6,45.0,brick,0.345,concrete,0.2,none,0.0,east,1.8,1.2,0.45,1.6,15.8,20.243,0.256,-16.892
Dras,34.4306,75.7499,cold,3.0,3.0,2.6,45.0,aerated_concrete,0.1,gi_sheet,0.002,sheep_wool,0.15,east,0.9,0.6,0.85,2.0,9.958,13.215,0.0,-16.702
Dras,34.4306,75.7499,cold,3.0,3.0,2.6,90.0,concrete,0.3,brick,0.23,xps,0.05,east,0.6,1.2,0.75,1.6,10.295,12.185,0.0,-16.894
Dras,34.4306,75.7499,cold,3.0,3.0,2.6,90.0,mud_brick,0.15,concrete,0.15,mineral_wool,0.05,east,0.6,0.9,0.35,2.6,10.687,12.997,0.0,-16.861
Dras,34.4306,75.7499,cold,3.0,3.0,2.6,135.0,mud_brick,0.45,concrete,0.2,eps,0.15,south,0.6,1.5,0.55,5.8,8.444,9.733,0.0,-16.9
Dras,34.4306,75.7499,cold,3.0,3.0,2.6,90.0,puf_sandwich_panel,0.1,aerated_concrete,0.1,sheep_wool,0.05,north,1.5,0.9,0.45,5.8,11.02,15.825,0.0,-16.59
Dras,34.4306,75.7499,cold,3.0,3.0,2.6,90.0,mud_brick,0.45,brick,0.115,mineral_wool,0.15,south,1.8,0.9,0.65,1.6,8.864,10.387,0.0,-16.897
Dras,34.4306,75.7499,cold,3.0,3.0,2.6,90.0,brick,0.23,rcc_slab,0.15,xps,0.1,east,0.6,0.9,0.65,1.6,9.277,10.715,0.0,-16.879
Dras,34.4306,75.7499,cold,3.0,3.0,2.6,180.0,timber,0.15,puf_sandwich_panel,0.075,eps,0.2,south,1.5,0.9,0.65,3.5,9.458,12.047,0.0,-16.744
Dras,34.4306,75.7499,cold,3.0,3.0,2.6,180.0,gi_sheet,0.002,brick,0.23,eps,0.025,west,0.9,1.2,0.45,5.8,14.046,19.762,0.1131,-16.784
Dras,34.4306,75.7499,cold,3.0,3.0,2.6,90.0,stone,0.3,puf_sandwich_panel,0.05,mineral_wool,0.05,south,1.5,1.2,0.55,2.0,10.455,12.406,0.0,-16.892
Dras,34.4306,75.7499,cold,3.0,3.0,2.6,90.0,brick,0.345,aerated_concrete,0.2,xps,0.1,west,1.2,1.2,0.65,2.6,9.497,11.055,0.0,-16.888
Dras,34.4306,75.7499,cold,3.0,3.0,2.6,90.0,concrete,0.1,puf_sandwich_panel,0.05,mineral_wool,0.05,east,1.8,0.9,0.45,5.8,11.584,14.948,0.0,-16.823
Dras,34.4306,75.7499,cold,3.0,3.0,2.6,45.0,brick,0.115,rcc_slab,0.15,eps,0.1,north,0.6,1.2,0.55,2.0,10.423,12.603,0.0,-16.85
Dras,34.4306,75.7499,cold,3.0,3.0,2.6,180.0,stone,0.45,mud_brick,0.15,mineral_wool,0.15,south,0.6,0.6,0.75,1.6,8.363,9.681,0.0,-16.907
Dras,34.4306,75.7499,cold,3.0,3.0,2.6,0.0,gi_sheet,0.002,timber,0.1,eps,0.15,west,0.9,1.5,0.35,1.6,10.166,14.779,0.0,-16.639
Dras,34.4306,75.7499,cold,3.0,3.0,2.6,90.0,timber,0.1,aerated_concrete,0.2,xps,0.05,south,0.9,1.2,0.65,1.2,10.531,14.19,0.0,-16.744
Dras,34.4306,75.7499,cold,3.0,3.0,2.6,135.0,concrete,0.2,puf_sandwich_panel,0.1,mineral_wool,0.15,west,1.8,1.2,0.65,1.2,11.949,14.371,0.0,-16.869
Dras,34.4306,75.7499,cold,3.0,3.0,2.6,135.0,gi_sheet,0.002,puf_sandwich_panel,0.05,xps,0.1,west,1.5,0.6,0.55,1.6,11.477,16.445,0.0,-16.58
Dras,34.4306,75.7499,cold,3.0,3.0,2.6,135.0,mud_brick,0.45,brick,0.23,eps,0.025,north,1.5,0.6,0.35,1.6,10.543,12.581,0.0,-16.9
Dras,34.4306,75.7499,cold,3.0,3.0,2.6,180.0,brick,0.345,rcc_slab,0.25,none,0.0,west,1.8,1.5,0.45,1.2,15.913,20.279,0.2798,-16.893
Dras,34.4306,75.7499,cold,3.0,3.0,2.6,180.0,plywood,0.03,concrete,0.2,mineral_wool,0.15,west,1.5,0.9,0.55,1.6,11.377,14.388,0.0,-16.795
Dras,34.4306,75.7499,cold,3.0,3.0,2.6,90.0,rammed_earth,0.15,puf_sandwich_panel,0.075,none,0.0,east,0.6,0.6,0.55,1.6,14.224,19.466,0.0774,-16.838
Dras,34.4306,75.7499,cold,3.0,3.0,2.6,0.0,plywood,0.019,stone,0.15,eps,0.1,north,1.8,0.9,0.35,1.6,10.328,13.414,0.0,-16.772
Dras,34.4306,75.7499,cold,3.0,3.0,2.6,90.0,plywood,0.03,aerated_concrete,0.2,sheep_wool,0.15,west,1.5,0.6,0.75,1.2,9.881,13.404,0.0,-16.678
Dras,34.4306,75.7499,cold,3.0,3.0,2.6,135.0,concrete,0.3,stone,0.3,eps,0.025,west,1.8,0.9,0.85,3.5,13.361,16.157,0.0,-16.897
Dras,34.4306,75.7499,cold,3.0,3.0,2.6,180.0,stone,0.15,puf_sandwich_panel,0.1,none,0.0,south,1.5,0.6,0.75,2.6,15.684,21.732,0.2976,-16.862
Dras,34.4306,75.7499,cold,3.0,3.0,2.6,180.0,timber,0.2,gi_sheet,0.002,mineral_wool,0.1,east,1.5,1.5,0.35,2.6,9.962,12.876,0.0,-16.775
Dras,34.4306,75.7499,cold,3.0,3.0,2.6,90.0,gi_sheet,0.002,gi_sheet,0.002,eps,0.025,north,0.9,1.5,0.85,1.2,15.288,24.89,0.3988,-16.584
Dras,34.4306,75.7499,cold,3.0,3.0,2.6,135.0,timber,0.15,puf_sandwich_panel,0.15,none,0.0,south,1.2,1.5,0.65,3.5,11.903,16.724,0.0,-16.737
Dras,34.4306,75.7499,cold,3.0,3.0,2.6,90.0,brick,0.115,rcc_slab,0.2,none,0.0,west,0.6,0.6,0.85,1.6,16.946,24.164,0.4405,-16.856
Dras,34.4306,75.7499,cold,3.0,3.0,2.6,45.0,concrete,0.2,stone,0.3,eps,0.2,south,1.5,0.9,0.35,2.6,8.837,10.157,0.0,-16.888
Dras,34.4306,75.7499,cold,3.0,3.0,2.6,45.0,puf_sandwich_panel,0.1,stone,0.15,eps,0.1,west,1.2,0.9,0.45,2.6,8.882,11.122,0.0,-16.767
Dras,34.4306,75.7499,cold,3.0,3.0,2.6,180.0,plywood,0.03,gi_sheet,0.002,sheep_wool,0.15,east,1.8,1.5,0.55,3.5,11.564,17.913,0.0,-16.594
Dras,34.4306,75.7499,cold,3.0,3.0,2.6,90.0,timber,0.1,aerated_concrete,0.1,mineral_wool,0.05,north,1.2,0.9,0.35,1.2,11.039,14.867,0.0,-16.726
Dras,34.4306,75.7499,cold,3.0,3.0,2.6,135.0,gi_sheet,0.002,stone,0.15,mineral_wool,0.15,west,1.2,1.2,0.65,1.6,12.126,15.63,0.0,-16.783
Dras,34.4306,75.7499,cold,3.0,3.0,2.6,135.0,timber,0.2,timber,0.1,eps,0.1,east,0.6,0.6,0.65,2.0,8.944,11.024,0.0,-16.787
Dras,34.4306,75.7499,cold,3.0,3.0,2.6,135.0,puf_sandwich_panel,0.05,gi_sheet,0.002,eps,0.05,south,1.8,0.9,0.75,1.6,11.014,17.282,0.0,-16.526
Dras,34.4306,75.7499,cold,3.0,3.0,2.6,90.0,stone,0.3,timber,0.1,eps,0.1,north,1.5,0.9,0.65,1.2,10.719,12.66,0.0,-16.893
Dras,34.4306,75.7499,cold,3.0,3.0,2.6,0.0,stone,0.15,gi_sheet,0.002,xps,0.1,west,1.5,1.2,0.75,3.5,10.936,13.445,0.0,-16.861
Dras,34.4306,75.7499,cold,3.0,3.0,2.6,0.0,gi_sheet,0.002,brick,0.23,sheep_wool,0.15,west,1.2,0.6,0.55,1.6,10.077,13.01,0.0,-16.786
Dras,34.4306,75.7499,cold,3.0,3.0,2.6,90.0,rammed_earth,0.45,brick,0.115,none,0.0,west,1.2,1.5,0.65,5.8,14.493,18.214,0.0238,-16.895
Dras,34.4306,75.7499,cold,3.0,3.0,2.6,45.0,timber,0.2,timber,0.15,eps,0.15,south,0.9,1.2,0.45,1.6,8.835,10.874,0.0,-16.792
Dras,34.4306,75.7499,cold,3.0,3.0,2.6,0.0,brick,0.115,rcc_slab,0.2,eps,0.1,west,0.6,1.5,0.35,1.2,9.82,11.78,0.0,-16.856
Dras,34.4306,75.7499,cold,3.0,3.0,2.6,90.0,rammed_earth,0.3,concrete,0.2,none,0.0,north,0.6,1.5,0.35,2.0,15.148,19.517,0.1071,-16.887
Dras,34.4306,75.7499,cold,3.0,3.0,2.6,0.0,aerated_concrete,0.3,brick,0.115,none,0.0,west,0.6,0.9,0.35,1.2,14.117,19.265,0.0655,-16.83
Dras,34.4306,75.7499,cold,3.0,3.0,2.6,135.0,brick,0.345,rcc_slab,0.1,eps,0.1,south,1.2,1.5,0.45,1.2,9.58,11.196,0.0,-16.889
Dras,34.4306,75.7499,cold,3.0,3.0,2.6,45.0,mud_brick,0.15,timber,0.1,sheep_wool,0.1,north,1.8,1.5,0.35,5.8,11.685,14.53,0.0,-16.841
Dras,34.4306,75.7499,cold,3.0,3.0,2.6,45.0,gi_sheet,0.002,stone,0.15,none,0.0,north,1.2,1.2,0.35,2.6,17.855,30.843,0.4881,-22.258
Dras,34.4306,75.7499,cold,3.0,3.0,2.6,135.0,aerated_concrete,0.1,timber,0.15,eps,0.05,west,1.8,0.6,0.65,1.2,11.738,15.791,0.0,-16.731
Dras,34.4306,75.7499,cold,3.0,3.0,2.6,45.0,puf_sandwich_panel,0.1,timber,0.1,eps,0.025,north,0.9,0.6,0.65,3.5,10.146,14.408,0.0,-16.592
Dras,34.4306,75.7499,cold,3.0,3.0,2.6,90.0,puf_sandwich_panel,0.05,aerated_concrete,0.1,sheep_wool,0.05,north,1.8,0.9,0.75,2.0,13.072,19.465,0.1548,-16.583
Dras,34.4306,75.7499,cold,3.0,3.0,2.6,135.0,timber,0.2,aerated_concrete,0.2,mineral_wool,0.05,south,1.2,0.6,0.35,1.2,9.561,11.898,0.0,-16.796
Dras,34.4306,75.7499,cold,3.0,3.0,2.6,0.0,stone,0.3,timber,0.15,mineral_wool,0.1,west,0.9,1.5,0.55,1.2,9.414,11.059,0.0,-16.894
Dras,34.4306,75.7499,cold,3.0,3.0,2.6,90.0,aerated_concrete,0.2,brick,0.23,eps,0.1,west,1.8,0.6,0.35,3.5,9.337,11.233,0.0,-16.831
Dras,34.4306,75.7499,cold,3.0,3.0,2.6,0.0,puf_sandwich_panel,0.1,aerated_concrete,0.2,mineral_wool,0.15,north,1.2,1.2,0.45,5.8,9.182,12.255,0.0,-16.67
Dras,34.4306,75.7499,cold,3.0,3.0,2.6,90.0,gi_sheet,0.002,gi_sheet,0.002,eps,0.025,west,1.2,0.6,0.65,5.8,13.487,22.131,0.2321,-16.585
Dras,34.4306,75.7499,cold,3.0,3.0,2.6,0.0,mud_brick,0.3,concrete,0.2,none,0.0,east,0.9,1.2,0.55,1.2,15.32,19.618,0.131,-16.889
Dras,34.4306,75.7499,cold,3.0,3.0,2.6,45.0,plywood,0.012,timber,0.15,eps,0.05,west,0.9,1.5,0.85,1.6,12.106,18.509,0.0119,-16.633
Dras,34.4306,75.7499,cold,3.0,3.0,2.6,180.0,aerated_concrete,0.1,gi_sheet,0.002,mineral_wool,0.05,east,1.8,1.2,0.45,1.6,11.671,16.923,0.0,-16.697
Dras,34.4306,75.7499,cold,3.0,3.0,2.6,135.0,timber,0.15,brick,0.115,mineral_wool,0.05,west,0.6,1.2,0.75,2.6,11.297,14.504,0.0,-16.795
Dras,34.4306,75.7499,cold,3.0,3.0,2.6,180.0,stone,0.3,aerated_concrete,0.1,mineral_wool,0.1,south,0.9,0.9,0.35,2.6,9.449,10.967,0.0,-16.894
Dras,34.4306,75.7499,cold,3.0,3.0,2.6,90.0,plywood,0.012,aerated_concrete,0.2,mineral_wool,0.05,east,1.2,1.5,0.65,5.8,12.369,19.034,0.0476,-16.658
Dras,34.4306,75.7499,cold,3.0,3.0,2.6,135.0,concrete,0.3,puf_sandwich_panel,0.05,xps,0.05,south,1.5,1.2,0.45,2.6,10.517,12.343,0.0,-16.887
Dras,34.4306,75.7499,cold,3.0,3.0,2.6,0.0,concrete,0.3,brick,0.23,sheep_wool,0.1,west,1.2,1.5,0.75,1.6,10.24,12.253,0.0,-16.893
Dras,34.4306,75.7499,cold,3.0,3.0,2.6,180.0,concrete,0.2,concrete,0.15,sheep_wool,0.1,east,0.9,1.5,0.35,1.2,10.281,12.123,0.0,-16.879
Dras,34.4306,75.7499,cold,3.0,3.0,2.6,0.0,gi_sheet,0.002,stone,0.3,eps,0.15,east,1.8,0.9,0.45,1.2,11.274,14.015,0.0,-16.832
Dras,34.4306,75.7499,cold,3.0,3.0,2.6,135.0,stone,0.15,aerated_concrete,0.2,sheep_wool,0.15,east,1.8,0.9,0.55,5.8,10.626,12.821,0.0,-16.866
Dras,34.4306,75.7499,cold,3.0,3.0,2.6,45.0,aerated_concrete,0.3,aerated_concrete,0.1,eps,0.15,east,1.5,1.5,0.75,2.6,12.534,16.133,0.0,-16.809
Dras,34.4306,75.7499,cold,3.0,3.0,2.6,45.0,brick,0.23,concrete,0.1,sheep_wool,0.1,south,1.5,1.5,0.35,1.6,10.176,12.107,0.0,-16.873
Dras,34.4306,75.7499,cold,3.0,3.0,2.6,135.0,mud_brick,0.3,rcc_slab,0.15,eps,0.05,south,0.9,0.6,0.55,1.6,10.081,11.746,0.0,-16.887
Dras,34.4306,75.7499,cold,3.0,3.0,2.6,135.0,rammed_earth,0.45,timber,0.15,eps,0.1,north,1.2,1.2,0.45,2.0,9.578,11.165,0.0,-16.894
Dras,34.4306,75.7499,cold,3.0,3.0,2.6,45.0,timber,0.15,rcc_slab,0.1,eps,0.1,west,1.8,0.9,0.35,3.5,9.756,12.288,0.0,-16.794
Dras,34.4306,75.7499,cold,3.0,3.0,2.6,135.0,rammed_earth,0.15,mud_brick,0.25,eps,0.025,south,0.6,0.6,0.45,2.0,11.953,14.838,0.0,-16.864
Dras,34.4306,75.7499,cold,3.0,3.0,2.6,0.0,timber,0.15,rcc_slab,0.15,xps,0.15,north,0.9,0.9,0.65,1.6,8.916,10.715,0.0,-16.814
Dras,34.4306,75.7499,cold,3.0,3.0,2.6,180.0,mud_brick,0.3,aerated_concrete,0.1,xps,0.05,north,1.5,1.5,0.75,1.6,11.455,13.887,0.0,-16.88
Dras,34.4306,75.7499,cold,3.0,3.0,2.6,90.0,aerated_concrete,0.2,puf_sandwich_panel,0.1,xps,0.05,north,1.2,1.2,0.65,2.6,11.775,15.336,0.0,-16.763
Dras,34.4306,75.7499,cold,3.0,3.0,2.6,45.0,plywood,0.012,mud_brick,0.15,mineral_wool,0.15,west,1.2,1.5,0.35,2.6,10.055,13.315,0.0,-16.747
Dras,34.4306,75.7499,cold,3.0,3.0,2.6,135.0,mud_brick,0.15,rcc_slab,0.2,none,0.0,west,0.9,0.9,0.65,1.2,16.555,22.606,0.3929,-16.865
Dras,34.4306,75.7499,cold,3.0,3.0,2.6,90.0,concrete,0.3,rcc_slab,0.2,eps,0.15,south,0.6,1.5,0.85,5.8,9.206,10.765,0.0,-16.894
Dras,34.4306,75.7499,cold,3.0,3.0,2.6,135.0,aerated_concrete,0.3,rcc_slab,0.2,sheep_wool,0.05,north,0.6,0.6,0.55,1.2,10.032,12.123,0.0,-16.848
Dras,34.4306,75.7499,cold,3.0,3.0,2.6,135.0,puf_sandwich_panel,0.075,timber,0.15,none,0.0,west,1.5,1.2,0.75,2.0,13.232,19.467,0.125,-16.618
Dras,34.4306,75.7499,cold,3.0,3.0,2.6,90.0,mud_brick,0.45,timber,0.1,xps,0.05,south,1.5,0.6,0.85,3.5,9.574,11.294,0.0,-16.896
Dras,34.4306,75.7499,cold,3.0,3.0,2.6,180.0,timber,0.1,aerated_concrete,0.2,xps,0.05,north,0.9,1.5,0.75,1.6,11.165,15.284,0.0,-16.743
Dras,34.4306,75.7499,cold,3.0,3.0,2.6,135.0,rammed_earth,0.15,gi_sheet,0.002,eps,0.2,south,1.5,1.5,0.35,3.5,9.879,12.002,0.0,-16.836
Dras,34.4306,75.7499,cold,3.0,3.0,2.6,180.0,puf_sandwich_panel,0.05,aerated_concrete,0.2,sheep_wool,0.15,east,1.8,0.6,0.35,1.6,8.678,11.672,0.0,-16.646
Dras,34.4306,75.7499,cold,3.0,3.0,2.6,90.0,rammed_earth,0.3,brick,0.23,sheep_wool,0.15,east,0.9,0.6,0.35,1.2,8.462,9.581,0.0,-16.887
Dras,34.4306,75.7499,cold,3.0,3.0,2.6,90.0,rammed_earth,0.15,rcc_slab,0.15,eps,0.1,south,1.5,0.9,0.55,1.2,10.067,12.119,0.0,-16.858
Dras,34.4306,75.7499,cold,3.0,3.0,2.6,135.0,stone,0.45,mud_brick,0.15,eps,0.025,north,1.2,0.6,0.55,1.6,11.207,13.645,0.0,-16.906
Dras,34.4306,75.7499,cold,3.0,3.0,2.6,45.0,aerated_concrete,0.1,stone,0.3,none,0.0,east,1.2,1.2,0.85,5.8,16.475,23.08,0.4048,-16.843
Dras,34.4306,75.7499,cold,3.0,3.0,2.6,180.0,concrete,0.15,stone,0.3,sheep_wool,0.1,north,1.2,0.9,0.85,3.5,10.927,13.052,0.0,-16.881
Dras,34.4306,75.7499,cold,3.0,3.0,2.6,45.0,stone,0.45,brick,0.23,mineral_wool,0.1,south,1.5,0.6,0.75,2.0,8.864,10.51,0.0,-16.907
Dras,34.4306,75.7499,cold,3.0,3.0,2.6,90.0,plywood,0.012,mud_brick,0.25,eps,0.2,west,0.9,1.2,0.35,3.5,9.425,11.731,0.0,-16.788
Dras,34.4306,75.7499,cold,3.0,3.0,2.6,45.0,stone,0.45,gi_sheet,0.002,eps,0.05,east,1.5,1.2,0.75,2.6,11.489,14.045,0.0,-16.904
Dras,34.4306,75.7499,cold,3.0,3.0,2.6,0.0,puf_sandwich_panel,0.15,concrete,0.2,eps,0.2,south,1.8,0.6,0.85,1.6,8.976,11.199,0.0,-16.784
Dras,34.4306,75.7499,cold,3.0,3.0,2.6,135.0,puf_sandwich_panel,0.05,timber,0.1,eps,0.2,east,1.8,0.9,0.85,2.0,10.034,14.994,0.0,-16.603
Dras,34.4306,75.7499,cold,3.0,3.0,2.6,180.0,brick,0.23,puf_sandwich_panel,0.05,mineral_wool,0.05,south,1.2,0.9,0.45,2.6,10.538,12.599,0.0,-16.868
Dras,34.4306,75.7499,cold,3.0,3.0,2.6,45.0,concrete,0.3,stone,0.15,eps,0.2,east,0.9,0.6,0.45,1.6,8.472,9.662,0.0,-16.894
Dras,34.4306,75.7499,cold,3.0,3.0,2.6,180.0,aerated_concrete,0.3,brick,0.115,eps,0.1,north,1.8,0.6,0.55,1.2,9.465,11.506,0.0,-16.829
Dras,34.4306,75.7499,cold,3.0,3.0,2.6,180.0,stone,0.3,gi_sheet,0.002,eps,0.15,west,1.8,1.5,0.65,1.6,12.868,15.431,0.0,-16.891
Dras,34.4306,75.7499,cold,3.0,3.0,2.6,90.0,gi_sheet,0.002,mud_brick,0.15,sheep_wool,0.1,east,1.2,1.5,0.55,1.6,11.504,15.967,0.0,-16.746
Dras,34.4306,75.7499,cold,3.0,3.0,2.6,180.0,rammed_earth,0.3,gi_sheet,0.002,mineral_wool,0.15,north,1.2,0.9,0.35,1.6,8.904,10.171,0.0,-16.879
Dras,34.4306,75.7499,cold,3.0,3.0,2.6,90.0,timber,0.1,aerated_concrete,0.2,eps,0.05,south,1.8,1.5,0.45,5.8,11.553,16.362,0.0,-16.74
Dras,34.4306,75.7499,cold,3.0,3.0,2.6,45.0,brick,0.115,mud_brick,0.15,none,0.0,east,1.2,0.6,0.45,1.6,16.734,23.894,0.4226,-16.845
Dras,34.4306,75.7499,cold,3.0,3.0,2.6,90.0,puf_sandwich_panel,0.1,mud_brick,0.15,xps,0.1,south,1.8,0.6,0.55,3.5,9.083,11.801,0.0,-16.734
Dras,34.4306,75.7499,cold,3.0,3.0,2.6,45.0,mud_brick,0.15,aerated_concrete,0.2,sheep_wool,0.05,south,1.5,0.9,0.75,2.6,11.495,14.436,0.0,-16.848
Dras,34.4306,75.7499,cold,3.0,3.0,2.6,0.0,plywood,0.03,gi_sheet,0.002,eps,0.1,west,1.8,1.5,0.35,2.6,10.901,16.715,0.0,-16.59
Dras,34.4306,75.7499,cold,3.0,3.0,2.6,0.0,gi_sheet,0.002,brick,0.23,xps,0.05,west,0.6,1.2,0.55,3.5,11.523,15.558,0.0,-16.785
Dras,34.4306,75.7499,cold,3.0,3.0,2.6,0.0,stone,0.45,brick,0.115,sheep_wool,0.1,south,0.6,0.6,0.75,1.2,8.709,10.225,0.0,-16.906
Dras,34.4306,75.7499,cold,3.0,3.0,2.6,45.0,plywood,0.019,mud_brick,0.25,xps,0.05,north,1.2,1.2,0.75,5.8,12.923,17.223,0.0,-16.787
Dras,34.4306,75.7499,cold,3.0,3.0,2.6,135.0,plywood,0.03,gi_sheet,0.002,eps,0.025,west,0.6,0.6,0.65,2.0,13.12,20.702,0.1726,-16.588
Dras,34.4306,75.7499,cold,3.0,3.0,2.6,90.0,puf_sandwich_panel,0.075,brick,0.115,sheep_wool,0.15,north,0.9,0.9,0.85,3.5,10.48,13.763,0.0,-16.707
Dras,34.4306,75.7499,cold,3.0,3.0,2.6,0.0,mud_brick,0.3,concrete,0.15,mineral_wool,0.15,north,1.5,1.5,0.35,5.8,9.478,10.963,0.0,-16.886
Dras,34.4306,75.7499,cold,3.0,3.0,2.6,90.0,plywood,0.03,gi_sheet,0.002,xps,0.05,east,1.8,1.2,0.45,2.0,11.966,18.869,0.0357,-16.588
Dras,34.4306,75.7499,cold,3.0,3.0,2.6,45.0,gi_sheet,0.002,stone,0.3,mineral_wool,0.05,south,1.5,0.6,0.55,2.6,11.626,14.929,0.0,-16.832
Dras,34.4306,75.7499,cold,3.0,3.0,2.6,90.0,gi_sheet,0.002,timber,0.1,sheep_wool,0.1,south,0.6,1.2,0.85,3.5,10.991,16.264,0.0,-16.635
Dras,34.4306,75.7499,cold,3.0,3.0,2.6,90.0,mud_brick,0.45,timber,0.15,eps,0.05,east,1.2,0.9,0.75,1.2,9.628,11.369,0.0,-16.896
Dras,34.4306,75.7499,cold,3.0,3.0,2.6,90.0,aerated_concrete,0.3,stone,0.15,eps,0.025,north,1.5,0.6,0.35,2.6,11.285,14.072,0.0,-16.843
Dras,34.4306,75.7499,cold,3.0,3.0,2.6,180.0,timber,0.2,rcc_slab,0.25,xps,0.1,south,0.6,0.9,0.65,2.0,8.959,10.541,0.0,-16.845
Dras,34.4306,75.7499,cold,3.0,3.0,2.6,0.0,rammed_earth,0.45,mud_brick,0.15,mineral_wool,0.1,north,1.8,1.5,0.55,2.6,9.92,11.787,0.0,-16.895
Dras,34.4306,75.7499,cold,3.0,3.0,2.6,180.0,mud_brick,0.3,mud_brick,0.15,xps,0.15,south,0.6,1.5,0.65,1.2,8.811,10.058,0.0,-16.886
Dras,34.4306,75.7499,cold,3.0,3.0,2.6,45.0,rammed_earth,0.3,brick,0.115,eps,0.2,east,0.9,0.6,0.35,5.8,8.456,9.508,0.0,-16.884
Dras,34.4306,75.7499,cold,3.0,3.0,2.6,0.0,rammed_earth,0.45,mud_brick,0.25,eps,0.1,east,1.5,0.6,0.55,2.0,9.285,10.829,0.0,-16.899
Dras,34.4306,75.7499,cold,3.0,3.0,2.6,45.0,gi_sheet,0.002,brick,0.115,xps,0.15,west,0.6,0.9,0.65,2.0,9.869,13.192,0.0,-16.728
Dras,34.4306,75.7499,cold,3.0,3.0,2.6,45.0,puf_sandwich_panel,0.15,puf_sandwich_panel,0.075,eps,0.1,east,1.8,0.6,0.55,1.2,9.367,13.102,0.0,-16.534
Dras,34.4306,75.7499,cold,3.0,3.0,2.6,90.0,plywood,0.05,rcc_slab,0.25,sheep_wool,0.15,south,0.6,1.5,0.35,5.8,9.35,11.48,0.0,-16.813
Dras,34.4306,75.7499,cold,3.0,3.0,2.6,90.0,plywood,0.03,mud_brick,0.25,sheep_wool,0.05,north,0.6,0.9,0.65,1.2,11.646,15.249,0.0,-16.791
Dras,34.4306,75.7499,cold,3.0,3.0,2.6,180.0,timber,0.2,mud_brick,0.25,none,0.0,east,1.2,0.9,0.65,3.5,12.719,16.684,0.0,-16.836
Dras,34.4306,75.7499,cold,3.0,3.0,2.6,45.0,aerated_concrete,0.3,gi_sheet,0.002,sheep_wool,0.1,east,1.2,0.6,0.45,5.8,9.676,11.933,0.0,-16.807
Dras,34.4306,75.7499,cold,3.0,3.0,2.6,45.0,plywood,0.019,stone,0.3,sheep_wool,0.05,south,1.2,1.2,0.55,2.0,11.819,15.247,0.0,-16.83
Dras,34.4306,75.7499,cold,3.0,3.0,2.6,45.0,rammed_earth,0.3,gi_sheet,0.002,xps,0.15,south,1.5,1.2,0.65,2.6,9.627,11.274,0.0,-16.877
Dras,34.4306,75.7499,cold,3.0,3.0,2.6,135.0,concrete,0.3,stone,0.15,eps,0.1,south,0.9,0.6,0.35,1.2,9.192,10.634,0.0,-16.894
Dras,34.4306,75.7499,cold,3.0,3.0,2.6,90.0,rammed_earth,0.3,concrete,0.15,eps,0.025,west,1.2,1.5,0.85,5.8,12.561,15.409,0.0,-16.884
Dras,34.4306,75.7499,cold,3.0,3.0,2.6,90.0,stone,0.45,gi_sheet,0.002,eps,0.05,east,1.2,1.5,0.55,5.8,10.477,12.645,0.0,-16.904
Dras,34.4306,75.7499,cold,3.0,3.0,2.6,180.0,plywood,0.05,aerated_concrete,0.2,eps,0.15,east,1.8,0.6,0.75,2.6,10.028,13.701,0.0,-16.699
Dras,34.4306,75.7499,cold,3.0,3.0,2.6,135.0,gi_sheet,0.002,puf_sandwich_panel,0.1,eps,0.2,west,1.8,1.2,0.85,2.6,14.187,20.782,0.3095,-16.587
Dras,34.4306,75.7499,cold,3.0,3.0,2.6,180.0,concrete,0.15,aerated_concrete,0.2,eps,0.025,west,1.8,1.5,0.45,1.2,14.397,18.433,0.0298,-16.856
Dras,34.4306,75.7499,cold,3.0,3.0,2.6,45.0,mud_brick,0.45,rcc_slab,0.1,mineral_wool,0.05,east,0.6,0.6,0.65,2.0,9.588,11.26,0.0,-16.898
Dras,34.4306,75.7499,cold,3.0,3.0,2.6,90.0,mud_brick,0.15,puf_sandwich_panel,0.1,none,0.0,north,0.9,1.5,0.55,2.0,14.73,19.827,0.125,-16.839
Dras,34.4306,75.7499,cold,3.0,3.0,2.6,180.0,stone,0.15,timber,0.1,mineral_wool,0.1,east,0.9,1.2,0.55,2.6,10.578,12.717,0.0,-16.865
Dras,34.4306,75.7499,cold,3.0,3.0,2.6,90.0,stone,0.3,rcc_slab,0.25,sheep_wool,0.05,north,0.9,1.2,0.45,2.0,10.937,13.053,0.0,-16.899
Dras,34.4306,75.7499,cold,3.0,3.0,2.6,135.0,mud_brick,0.45,stone,0.3,mineral_wool,0.1,east,0.9,1.5,0.35,2.0,8.616,10.014,0.0,-16.902
Dras,34.4306,75.7499,cold,3.0,3.0,2.6,45.0,brick,0.115,puf_sandwich_panel,0.1,eps,0.05,east,0.9,0.6,0.45,1.2,10.85,13.594,0.0,-16.822
Dras,34.4306,75.7499,cold,3.0,3.0,2.6,135.0,stone,0.45,timber,0.15,sheep_wool,0.15,west,1.5,1.5,0.45,2.0,9.941,11.885,0.0,-16.904
Dras,34.4306,75.7499,cold,3.0,3.0,2.6,135.0,concrete,0.3,gi_sheet,0.002,sheep_wool,0.05,north,0.9,0.6,0.55,2.0,11.061,13.108,0.0,-16.889
Dras,34.4306,75.7499,cold,3.0,3.0,2.6,135.0,aerated_concrete,0.1,gi_sheet,0.002,xps,0.05,east,1.8,0.9,0.75,1.6,11.877,17.393,0.0,-16.695
Dras,34.4306,75.7499,cold,3.0,3.0,2.6,90.0,brick,0.345,puf_sandwich_panel,0.05,sheep_wool,0.1,north,1.2,1.5,0.55,1.6,10.975,12.894,0.0,-16.885
Dras,34.4306,75.7499,cold,3.0,3.0,2.6,135.0,brick,0.115,stone,0.15,xps,0.15,north,0.9,0.6,0.45,2.6,9.689,11.468,0.0,-16.853
Dras,34.4306,75.7499,cold,3.0,3.0,2.6,135.0,puf_sandwich_panel,0.15,concrete,0.2,sheep_wool,0.1,east,0.6,1.5,0.75,2.6,9.136,11.485,0.0,-16.782
Dras,34.4306,75.7499,cold,3.0,3.0,2.6,180.0,gi_sheet,0.002,aerated_concrete,0.1,eps,0.05,south,0.6,1.2,0.55,5.8,12.307,18.432,0.0179,-16.629
Dras,34.4306,75.7499,cold,3.0,3.0,2.6,180.0,stone,0.45,rcc_slab,0.1,eps,0.2,east,1.8,1.2,0.75,5.8,9.716,11.732,0.0,-16.905
Dras,34.4306,75.7499,cold,3.0,3.0,2.6,90.0,puf_sandwich_panel,0.15,timber,0.1,xps,0.1,west,0.6,0.9,0.35,5.8,8.305,11.056,0.0,-16.61
Dras,34.4306,75.7499,cold,3.0,3.0,2.6,0.0,plywood,0.019,aerated_concrete,0.2,xps,0.1,west,1.8,0.6,0.65,1.6,10.318,14.769,0.0,-16.665
Dras,34.4306,75.7499,cold,3.0,3.0,2.6,135.0,timber,0.2,mud_brick,0.15,xps,0.05,west,0.9,0.9,0.45,1.2,10.331,12.779,0.0,-16.818
Dras,34.4306,75.7499,cold,3.0,3.0,2.6,90.0,concrete,0.15,puf_sandwich_panel,0.15,sheep_wool,0.15,east,0.9,0.9,0.45,2.0,9.319,11.011,0.0,-16.854
Dras,34.4306,75.7499,cold,3.0,3.0,2.6,0.0,stone,0.45,aerated_concrete,0.2,eps,0.025,south,1.2,0.6,0.65,3.5,10.525,12.73,0.0,-16.905
Dras,34.4306,75.7499,cold,3.0,3.0,2.6,0.0,mud_brick,0.3,concrete,0.15,eps,0.1,north,1.2,1.5,0.45,2.6,9.592,11.137,0.0,-16.886
Dras,34.4306,75.7499,cold,3.0,3.0,2.6,90.0,rammed_earth,0.15,gi_sheet,0.002,xps,0.15,north,0.9,1.2,0.85,2.0,11.297,13.854,0.0,-16.838
Dras,34.4306,75.7499,cold,3.0,3.0,2.6,180.0,timber,0.2,rcc_slab,0.1,xps,0.1,north,0.6,0.9,0.35,2.6,8.925,10.792,0.0,-16.813
Dras,34.4306,75.7499,cold,3.0,3.0,2.6,90.0,timber,0.15,aerated_concrete,0.2,sheep_wool,0.05,west,1.5,1.5,0.45,5.8,11.165,14.866,0.0,-16.77
Dras,34.4306,75.7499,cold,3.0,3.0,2.6,0.0,aerated_concrete,0.3,mud_brick,0.25,xps,0.05,south,0.6,1.5,0.65,2.0,9.878,11.955,0.0,-16.849
Dras,34.4306,75.7499,cold,3.0,3.0,2.6,180.0,stone,0.15,gi_sheet,0.002,eps,0.025,east,0.6,1.5,0.55,2.0,13.064,16.634,0.0,-16.862
Dras,34.4306,75.7499,cold,3.0,3.0,2.6,135.0,plywood,0.05,brick,0.115,xps,0.1,east,0.6,1.5,0.85,1.6,10.403,13.972,0.0,-16.739
Dras,34.4306,75.7499,cold,3.0,3.0,2.6,135.0,gi_sheet,0.002,stone,0.15,mineral_wool,0.15,north,0.6,0.6,0.35,5.8,10.315,13.051,0.0,-16.783
Dras,34.4306,75.7499,cold,3.0,3.0,2.6,0.0,gi_sheet,0.002,concrete,0.15,sheep_wool,0.15,east,1.2,0.6,0.35,1.6,10.345,13.483,0.0,-16.764
Dras,34.4306,75.7499,cold,3.0,3.0,2.6,180.0,concrete,0.15,timber,0.1,sheep_wool,0.1,west,0.9,1.2,0.75,5.8,12.199,15.046,0.0,-16.856
Dras,34.4306,75.7499,cold,3.0,3.0,2.6,45.0,concrete,0.1,timber,0.15,eps,0.025,north,1.8,0.9,0.85,1.2,14.505,19.093,0.0595,-16.831
Dras,34.4306,75.7499,cold,3.0,3.0,2.6,90.0,rammed_earth,0.15,concrete,0.1,eps,0.025,north,1.8,1.5,0.35,3.5,13.884,18.021,0.006,-16.849
Dras,34.4306,75.7499,cold,3.0,3.0,2.6,135.0,concrete,0.2,aerated_concrete,0.2,eps,0.2,south,1.5,1.2,0.55,1.6,9.813,11.486,0.0,-16.873
Dras,34.4306,75.7499,cold,3.0,3.0,2.6,180.0,gi_sheet,0.002,stone,0.3,mineral_wool,0.1,east,1.5,1.5,0.35,2.6,11.41,14.375,0.0,-16.833
Dras,34.4306,75.7499,cold,3.0,3.0,2.6,0.0,rammed_earth,0.15,concrete,0.1,mineral_wool,0.15,east,1.2,0.6,0.75,2.6,10.221,12.219,0.0,-16.854
Dras,34.4306,75.7499,cold,3.0,3.0,2.6,0.0,timber,0.1,concrete,0.2,sheep_wool,0.05,west,1.2,0.6,0.55,1.2,10.741,13.697,0.0,-16.813
Dras,34.4306,75.7499,cold,3.0,3.0,2.6,0.0,puf_sandwich_panel,0.1,aerated_concrete,0.1,xps,0.15,north,1.8,0.6,0.85,1.6,9.199,12.646,0.0,-16.605
Dras,34.4306,75.7499,cold,3.0,3.0,2.6,45.0,rammed_earth,0.15,rcc_slab,0.15,sheep_wool,0.15,south,1.8,0.6,0.35,2.0,9.302,10.986,0.0,-16.858
Dras,34.4306,75.7499,cold,3.0,3.0,2.6,0.0,gi_sheet,0.002,mud_brick,0.15,eps,0.2,west,0.6,1.2,0.85,2.0,9.983,13.291,0.0,-16.75
Dras,34.4306,75.7499,cold,3.0,3.0,2.6,90.0,brick,0.115,mud_brick,0.25,sheep_wool,0.1,south,0.6,1.5,0.65,5.8,10.371,12.585,0.0,-16.856
Dras,34.4306,75.7499,cold,3.0,3.0,2.6,180.0,rammed_earth,0.45,puf_sandwich_panel,0.1,eps,0.1,north,0.9,1.2,0.55,1.2,8.764,10.097,0.0,-16.894
Dras,34.4306,75.7499,cold,3.0,3.0,2.6,90.0,timber,0.15,aerated_concrete,0.1,mineral_wool,0.05,north,1.8,1.5,0.85,3.5,16.019,22.316,0.375,-16.755
Dras,34.4306,75.7499,cold,3.0,3.0,2.6,180.0,brick,0.23,puf_sandwich_panel,0.1,sheep_wool,0.05,west,1.5,1.5,0.75,2.6,14.015,17.493,0.0,-16.865
Dras,34.4306,75.7499,cold,3.0,3.0,2.6,90.0,stone,0.45,concrete,0.2,eps,0.2,north,0.6,0.9,0.55,1.2,8.205,9.448,0.0,-16.907
Dras,34.4306,75.7499,cold,3.0,3.0,2.6,45.0,rammed_earth,0.15,concrete,0.15,xps,0.1,south,0.9,1.2,0.45,2.0,9.714,11.601,0.0,-16.858
Dras,34.4306,75.7499,cold,3.0,3.0,2.6,0.0,puf_sandwich_panel,0.1,aerated_concrete,0.2,eps,0.1,west,0.6,0.9,0.65,5.8,8.659,11.649,0.0,-16.649
Dras,34.4306,75.7499,cold,3.0,3.0,2.6,0.0,mud_brick,0.3,concrete,0.2,eps,0.15,north,1.2,1.2,0.75,2.6,9.337,10.871,0.0,-16.888
Dras,34.4306,75.7499,cold,3.0,3.0,2.6,180.0,brick,0.115,concrete,0.2,mineral_wool,0.05,north,1.5,0.9,0.45,5.8,11.911,14.907,0.0,-16.855
Dras,34.4306,75.7499,cold,3.0,3.0,2.6,0.0,mud_brick,0.15,concrete,0.2,mineral_wool,0.05,north,1.8,1.5,0.65,3.5,12.27,15.253,0.0,-16.863
Dras,34.4306,75.7499,cold,3.0,3.0,2.6,90.0,plywood,0.012,mud_brick,0.15,xps,0.15,east,1.2,1.2,0.55,3.5,10.362,13.948,0.0,-16.739
Dras,34.4306,75.7499,cold,3.0,3.0,2.6,135.0,puf_sandwich_panel,0.05,mud_brick,0.25,sheep_wool,0.1,north,1.5,0.9,0.75,1.6,11.165,14.363,0.0,-16.782
Dras,34.4306,75.7499,cold,3.0,3.0,2.6,180.0,stone,0.15,gi_sheet,0.002,xps,0.15,north,1.8,1.2,0.55,2.6,11.006,13.429,0.0,-16.861
Dras,34.4306,75.7499,cold,3.0,3.0,2.6,180.0,mud_brick,0.3,concrete,0.1,xps,0.1,east,1.2,0.6,0.65,1.2,9.14,10.504,0.0,-16.885
Dras,34.4306,75.7499,cold,3.0,3.0,2.6,90.0,mud_brick,0.15,brick,0.115,eps,0.05,south,0.9,1.2,0.75,5.8,11.469,14.32,0.0,-16.854
Dras,34.4306,75.7499,cold,3.0,3.0,2.6,0.0,puf_sandwich_panel,0.15,puf_sandwich_panel,0.05,eps,0.025,south,1.8,0.9,0.65,2.0,9.942,15.259,0.0,-16.521
Dras,34.4306,75.7499,cold,3.0,3.0,2.6,0.0,rammed_earth,0.15,concrete,0.15,xps,0.05,west,0.6,0.9,0.85,2.6,10.802,13.237,0.0,-16.859
Dras,34.4306,75.7499,cold,3.0,3.0,2.6,90.0,aerated_concrete,0.2,puf_sandwich_panel,0.15,mineral_wool,0.1,south,1.2,0.9,0.45,2.0,9.014,11.309,0.0,-16.77
Dras,34.4306,75.7499,cold,3.0,3.0,2.6,45.0,rammed_earth,0.3,aerated_concrete,0.1,eps,0.2,east,1.5,1.5,0.35,2.6,9.852,11.493,0.0,-16.878
Dras,34.4306,75.7499,cold,3.0,3.0,2.6,180.0,mud_brick,0.3,concrete,0.15,eps,0.15,north,1.8,1.5,0.85,3.5,11.193,13.439,0.0,-16.885
Dras,34.4306,75.7499,cold,3.0,3.0,2.6,180.0,plywood,0.019,timber,0.15,eps,0.05,east,1.8,1.5,0.45,1.2,12.356,18.833,0.0357,-16.642
Dras,34.4306,75.7499,cold,3.0,3.0,2.6,90.0,puf_sandwich_panel,0.075,aerated_concrete,0.1,xps,0.15,west,1.5,0.9,0.35,2.0,8.666,11.72,0.0,-16.602
Dras,34.4306,75.7499,cold,3.0,3.0,2.6,45.0,brick,0.345,brick,0.115,xps,0.15,north,0.6,0.9,0.35,2.0,8.447,9.567,0.0,-16.891
Dras,34.4306,75.7499,cold,3.0,3.0,2.6,180.0,concrete,0.15,aerated_concrete,0.1,mineral_wool,0.15,east,1.8,0.9,0.65,5.8,10.881,13.299,0.0,-16.857
Dras,34.4306,75.7499,cold,3.0,3.0,2.6,0.0,mud_brick,0.3,timber,0.1,eps,0.1,south,1.2,0.6,0.55,3.5,9.085,10.417,0.0,-16.882
Dras,34.4306,75.7499,cold,3.0,3.0,2.6,90.0,stone,0.3,concrete,0.15,sheep_wool,0.15,west,1.5,1.5,0.75,2.6,10.202,12.202,0.0,-16.896
Dras,34.4306,75.7499,cold,3.0,3.0,2.6,180.0,rammed_earth,0.3,brick,0.23,sheep_wool,0.05,south,1.8,0.9,0.75,3.5,11.266,13.421,0.0,-16.886
Dras,34.4306,75.7499,cold,3.0,3.0,2.6,135.0,brick,0.115,concrete,0.15,none,0.0,north,1.5,0.6,0.85,2.0,17.881,26.043,0.5119,-16.849
Dras,34.4306,75.7499,cold,3.0,3.0,2.6,90.0,brick,0.115,rcc_slab,0.15,eps,0.1,east,0.6,1.5,0.45,3.5,10.12,12.275,0.0,-16.849
Dras,34.4306,75.7499,cold,3.0,3.0,2.6,90.0,plywood,0.012,rcc_slab,0.15,xps,0.1,north,1.8,1.5,0.85,2.0,16.044,22.215,0.375,-16.756
Dras,34.4306,75.7499,cold,3.0,3.0,2.6,90.0,gi_sheet,0.002,mud_brick,0.15,mineral_wool,0.05,south,0.9,0.6,0.85,2.6,11.799,16.514,0.0,-16.748
Dras,34.4306,75.7499,cold,3.0,3.0,2.6,0.0,mud_brick,0.3,puf_sandwich_panel,0.15,xps,0.1,east,1.5,0.6,0.75,5.8,10.071,11.716,0.0,-16.88
Dras,34.4306,75.7499,cold,3.0,3.0,2.6,45.0,aerated_concrete,0.1,rcc_slab,0.25,xps,0.1,north,1.2,1.2,0.55,1.2,10.807,13.298,0.0,-16.825
Dras,34.4306,75.7499,cold,3.0,3.0,2.6,180.0,gi_sheet,0.002,mud_brick,0.15,none,0.0,west,0.9,0.6,0.75,2.6,17.196,29.797,0.4643,-22.158
Dras,34.4306,75.7499,cold,3.0,3.0,2.6,135.0,puf_sandwich_panel,0.1,gi_sheet,0.002,sheep_wool,0.1,south,1.2,1.5,0.55,3.5,9.932,14.889,0.0,-16.541
Dras,34.4306,75.7499,cold,3.0,3.0,2.6,0.0,plywood,0.05,timber,0.1,sheep_wool,0.1,north,0.9,1.5,0.75,3.5,10.834,15.372,0.0,-16.663
Dras,34.4306,75.7499,cold,3.0,3.0,2.6,135.0,puf_sandwich_panel,0.1,timber,0.1,xps,0.15,north,0.6,0.9,0.85,5.8,9.224,12.499,0.0,-16.61
Dras,34.4306,75.7499,cold,3.0,3.0,2.6,135.0,rammed_earth,0.45,brick,0.115,eps,0.2,north,0.6,1.2,0.85,2.0,8.921,10.3,0.0,-16.897
Dras,34.4306,75.7499,cold,3.0,3.0,2.6,45.0,stone,0.45,rcc_slab,0.25,sheep_wool,0.05,west,1.8,0.9,0.45,2.6,10.03,12.163,0.0,-16.907
Dras,34.4306,75.7499,cold,3.0,3.0,2.6,135.0,timber,0.1,mud_brick,0.15,xps,0.1,east,0.6,1.2,0.65,1.2,9.595,12.074,0.0,-16.787
Dras,34.4306,75.7499,cold,3.0,3.0,2.6,90.0,puf_sandwich_panel,0.075,aerated_concrete,0.2,none,0.0,south,1.8,0.6,0.45,2.0,10.473,15.227,0.0,-16.638
Dras,34.4306,75.7499,cold,3.0,3.0,2.6,0.0,plywood,0.05,brick,0.23,mineral_wool,0.05,east,1.2,0.9,0.85,2.0,12.843,16.911,0.0,-16.793
Dras,34.4306,75.7499,cold,3.0,3.0,2.6,45.0,puf_sandwich_panel,0.15,brick,0.115,mineral_wool,0.1,east,0.9,1.5,0.45,3.5,9.974,13.1,0.0,-16.718
Dras,34.4306,75.7499,cold,3.0,3.0,2.6,90.0,stone,0.15,aerated_concrete,0.2,mineral_wool,0.15,west,1.8,1.5,0.85,1.6,11.536,13.984,0.0,-16.865
Dras,34.4306,75.7499,cold,3.0,3.0,2.6,0.0,plywood,0.03,concrete,0.2,mineral_wool,0.1,south,1.2,1.5,0.35,5.8,10.57,13.755,0.0,-16.792
Dras,34.4306,75.7499,cold,3.0,3.0,2.6,45.0,brick,0.115,puf_sandwich_panel,0.1,eps,0.1,north,0.6,1.2,0.75,2.0,10.522,12.941,0.0,-16.822
Dras,34.4306,75.7499,cold,3.0,3.0,2.6,180.0,rammed_earth,0.45,puf_sandwich_panel,0.05,none,0.0,north,0.9,0.6,0.75,2.0,11.403,13.572,0.0,-16.894
Dras,34.4306,75.7499,cold,3.0,3.0,2.6,135.0,stone,0.3,gi_sheet,0.002,eps,0.05,north,1.8,0.9,0.75,2.0,12.298,14.762,0.0,-16.892
Dras,34.4306,75.7499,cold,3.0,3.0,2.6,0.0,rammed_earth,0.15,puf_sandwich_panel,0.15,eps,0.025,west,1.5,0.9,0.55,1.6,11.618,14.805,0.0,-16.836
Dras,34.4306,75.7499,cold,3.0,3.0,2.6,180.0,concrete,0.3,stone,0.15,sheep_wool,0.15,south,0.9,1.5,0.45,2.6,9.439,10.978,0.0,-16.893
Dras,34.4306,75.7499,cold,3.0,3.0,2.6,45.0,gi_sheet,0.002,brick,0.115,xps,0.05,north,1.8,0.6,0.75,3.5,12.916,18.359,0.0179,-16.723
Dras,34.4306,75.7499,cold,3.0,3.0,2.6,180.0,gi_sheet,0.002,timber,0.1,sheep_wool,0.15,south,1.5,0.6,0.45,1.6,10.919,15.332,0.0,-16.639
Dras,34.4306,75.7499,cold,3.0,3.0,2.6,90.0,stone,0.15,timber,0.15,xps,0.05,west,0.9,0.6,0.65,2.0,10.638,12.814,0.0,-16.866
Dras,34.4306,75.7499,cold,3.0,3.0,2.6,45.0,gi_sheet,0.002,brick,0.115,mineral_wool,0.15,east,1.2,1.5,0.65,2.6,12.331,16.985,0.0,-16.735
Dras,34.4306,75.7499,cold,3.0,3.0,2.6,135.0,rammed_earth,0.45,aerated_concrete,0.2,eps,0.1,west,0.9,1.2,0.55,1.6,9.413,10.935,0.0,-16.895
Dras,34.4306,75.7499,cold,3.0,3.0,2.6,0.0,rammed_earth,0.45,timber,0.1,mineral_wool,0.1,east,0.6,0.9,0.65,3.5,9.056,10.445,0.0,-16.895
Dras,34.4306,75.7499,cold,3.0,3.0,2.6,135.0,gi_sheet,0.002,concrete,0.1,xps,0.1,west,1.5,0.6,0.55,1.6,11.62,15.592,0.0,-16.729
Dras,34.4306,75.7499,cold,3.0,3.0,2.6,45.0,mud_brick,0.3,timber,0.15,eps,0.1,south,1.2,0.9,0.45,1.2,9.062,10.389,0.0,-16.882
Dras,34.4306,75.7499,cold,3.0,3.0,2.6,0.0,aerated_concrete,0.1,concrete,0.1,eps,0.1,west,1.5,0.9,0.45,2.6,10.021,13.026,0.0,-16.771
Dras,34.4306,75.7499,cold,3.0,3.0,2.6,135.0,timber,0.15,mud_brick,0.15,sheep_wool,0.1,west,1.8,0.9,0.85,1.6,12.402,15.771,0.0,-16.803
Dras,34.4306,75.7499,cold,3.0,3.0,2.6,180.0,aerated_concrete,0.3,timber,0.15,eps,0.15,east,1.8,1.5,0.55,1.2,10.117,12.736,0.0,-16.813
Dras,34.4306,75.7499,cold,3.0,3.0,2.6,90.0,brick,0.115,concrete,0.1,mineral_wool,0.1,south,0.9,0.9,0.45,2.6,10.035,12.209,0.0,-16.843
Dras,34.4306,75.7499,cold,3.0,3.0,2.6,45.0,brick,0.345,rcc_slab,0.25,xps,0.15,north,0.6,1.2,0.45,2.6,8.621,9.858,0.0,-16.895
Dras,34.4306,75.7499,cold,3.0,3.0,2.6,135.0,gi_sheet,0.002,gi_sheet,0.002,eps,0.025,west,0.6,0.9,0.65,2.0,14.028,22.561,0.2917,-16.585
Dras,34.4306,75.7499,cold,3.0,3.0,2.6,180.0,rammed_earth,0.45,mud_brick,0.25,eps,0.1,south,1.8,1.2,0.75,2.0,9.949,11.895,0.0,-16.898
Dras,34.4306,75.7499,cold,3.0,3.0,2.6,135.0,gi_sheet,0.002,puf_sandwich_panel,0.15,eps,0.15,south,1.8,1.2,0.45,3.5,11.189,16.595,0.0,-16.584
Dras,34.4306,75.7499,cold,3.0,3.0,2.6,45.0,brick,0.345,aerated_concrete,0.2,mineral_wool,0.1,west,1.8,0.6,0.45,2.6,9.054,10.448,0.0,-16.889
Dras,34.4306,75.7499,cold,3.0,3.0,2.6,180.0,gi_sheet,0.002,brick,0.115,mineral_wool,0.15,east,1.5,1.2,0.85,5.8,12.261,17.395,0.0,-16.736
Dras,34.4306,75.7499,cold,3.0,3.0,2.6,135.0,stone,0.15,brick,0.115,eps,0.05,west,1.2,1.5,0.45,5.8,12.609,15.585,0.0,-16.869
Dras,34.4306,75.7499,cold,3.0,3.0,2.6,135.0,timber,0.15,stone,0.3,sheep_wool,0.15,east,0.6,0.9,0.45,2.0,8.644,10.053,0.0,-16.852
Dras,34.4306,75.7499,cold,3.0,3.0,2.6,0.0,timber,0.2,stone,0.3,eps,0.15,south,0.9,0.9,0.65,1.6,8.74,10.178,0.0,-16.857
Dras,34.4306,75.7499,cold,3.0,3.0,2.6,90.0,mud_brick,0.15,aerated_concrete,0.1,eps,0.2,north,1.5,1.5,0.65,2.6,12.665,15.744,0.0,-16.843
Dras,34.4306,75.7499,cold,3.0,3.0,2.6,180.0,brick,0.115,puf_sandwich_panel,0.1,mineral_wool,0.05,east,0.9,1.2,0.45,5.8,11.284,14.331,0.0,-16.822
Dras,34.4306,75.7499,cold,3.0,3.0,2.6,180.0,stone,0.15,brick,0.115,eps,0.2,south,0.9,1.2,0.55,5.8,10.068,11.852,0.0,-16.87
Dras,34.4306,75.7499,cold,3.0,3.0,2.6,0.0,brick,0.115,puf_sandwich_panel,0.075,xps,0.15,west,0.9,0.6,0.85,5.8,9.383,11.461,0.0,-16.824
Dras,34.4306,75.7499,cold,3.0,3.0,2.6,180.0,aerated_concrete,0.2,mud_brick,0.15,sheep_wool,0.1,east,1.2,0.9,0.85,2.6,10.165,12.758,0.0,-16.815
Dras,34.4306,75.7499,cold,3.0,3.0,2.6,180.0,concrete,0.15,gi_sheet,0.002,sheep_wool,0.15,east,0.9,0.9,0.45,3.5,10.094,12.099,0.0,-16.855
Dras,34.4306,75.7499,cold,3.0,3.0,2.6,90.0,rammed_earth,0.3,stone,0.15,eps,0.2,east,1.2,0.9,0.85,5.8,9.195,10.636,0.0,-16.886
Dras,34.4306,75.7499,cold,3.0,3.0,2.6,135.0,plywood,0.05,stone,0.3,mineral_wool,0.1,south,1.5,0.9,0.75,2.6,10.412,12.818,0.0,-16.837
Dras,34.4306,75.7499,cold,3.0,3.0,2.6,45.0,mud_brick,0.15,concrete,0.15,eps,0.1,south,0.9,1.2,0.45,2.6,9.828,11.742,0.0,-16.86
Dras,34.4306,75.7499,cold,3.0,3.0,2.6,90.0,brick,0.115,aerated_concrete,0.1,eps,0.2,south,1.5,0.9,0.65,2.0,9.796,12.036,0.0,-16.827
Dras,34.4306,75.7499,cold,3.0,3.0,2.6,90.0,plywood,0.05,aerated_concrete,0.1,eps,0.2,south,1.2,1.5,0.85,5.8,10.841,15.973,0.0,-16.667
Dras,34.4306,75.7499,cold,3.0,3.0,2.6,45.0,timber,0.15,mud_brick,0.15,xps,0.15,east,0.6,0.6,0.35,5.8,8.603,10.305,0.0,-16.806
Dras,34.4306,75.7499,cold,3.0,3.0,2.6,135.0,gi_sheet,0.002,stone,0.3,mineral_wool,0.15,east,0.6,1.5,0.85,2.6,10.733,13.297,0.0,-16.835
Dras,34.4306,75.7499,cold,3.0,3.0,2.6,45.0,timber,0.1,puf_sandwich_panel,0.075,xps,0.05,south,1.2,1.2,0.85,5.8,11.207,16.22,0.0,-16.696
Dras,34.4306,75.7499,cold,3.0,3.0,2.6,135.0,rammed_earth,0.3,rcc_slab,0.1,xps,0.1,east,1.5,0.9,0.75,2.6,9.928,11.611,0.0,-16.883
Dras,34.4306,75.7499,cold,3.0,3.0,2.6,180.0,plywood,0.03,timber,0.1,eps,0.2,west,1.2,0.6,0.35,1.6,9.715,12.975,0.0,-16.646
Dras,34.4306,75.7499,cold,3.0,3.0,2.6,180.0,brick,0.23,concrete,0.15,eps,0.05,north,1.5,0.9,0.65,2.6,11.421,13.858,0.0,-16.877
Dras,34.4306,75.7499,cold,3.0,3.0,2.6,180.0,concrete,0.15,timber,0.1,eps,0.1,south,1.8,1.2,0.85,2.0,12.05,14.863,0.0,-16.854
Dras,34.4306,75.7499,cold,3.0,3.0,2.6,90.0,timber,0.15,concrete,0.2,sheep_wool,0.1,east,0.6,1.5,0.55,3.5,9.677,11.873,0.0,-16.825
Dras,34.4306,75.7499,cold,3.0,3.0,2.6,45.0,gi_sheet,0.002,aerated_concrete,0.2,sheep_wool,0.1,east,0.9,1.5,0.55,1.6,11.809,16.93,0.0,-16.674
Dras,34.4306,75.7499,cold,3.0,3.0,2.6,180.0,brick,0.345,rcc_slab,0.15,mineral_wool,0.15,north,1.8,1.5,0.45,1.2,9.736,11.456,0.0,-16.89
Dras,34.4306,75.7499,cold,3.0,3.0,2.6,180.0,plywood,0.03,gi_sheet,0.002,xps,0.1,south,1.8,0.6,0.65,2.6,10.708,15.465,0.0,-16.597
Dras,34.4306,75.7499,cold,3.0,3.0,2.6,180.0,timber,0.1,stone,0.3,eps,0.2,east,0.6,0.6,0.35,3.5,8.306,9.588,0.0,-16.845
Dras,34.4306,75.7499,cold,3.0,3.0,2.6,135.0,mud_brick,0.45,brick,0.23,eps,0.1,east,1.5,0.9,0.55,5.8,9.208,10.814,0.0,-16.899
Dras,34.4306,75.7499,cold,3.0,3.0,2.6,90.0,puf_sandwich_panel,0.05,puf_sandwich_panel,0.15,mineral_wool,0.1,north,1.5,0.6,0.55,1.2,9.669,13.313,0.0,-16.546
Dras,34.4306,75.7499,cold,3.0,3.0,2.6,90.0,timber,0.15,mud_brick,0.25,eps,0.15,south,0.6,0.6,0.55,5.8,8.538,10.093,0.0,-16.828
Dras,34.4306,75.7499,cold,3.0,3.0,2.6,180.0,timber,0.1,aerated_concrete,0.1,sheep_wool,0.05,south,1.8,0.6,0.75,1.6,11.258,15.49,0.0,-16.722
Dras,34.4306,75.7499,cold,3.0,3.0,2.6,90.0,rammed_earth,0.3,brick,0.115,eps,0.2,north,1.5,1.2,0.45,5.8,10.391,12.148,0.0,-16.882
Dras,34.4306,75.7499,cold,3.0,3.0,2.6,90.0,concrete,0.1,gi_sheet,0.002,mineral_wool,0.1,east,0.9,0.6,0.35,3.5,10.066,12.397,0.0,-16.829
Dras,34.4306,75.7499,cold,3.0,3.0,2.6,45.0,brick,0.115,rcc_slab,0.15,sheep_wool,0.05,west,1.8,0.9,0.65,1.2,12.149,15.392,0.0,-16.848
Dras,34.4306,75.7499,cold,3.0,3.0,2.6,135.0,concrete,0.3,concrete,0.1,eps,0.05,south,0.6,1.5,0.65,3.5,10.854,12.829,0.0,-16.891
Dras,34.4306,75.7499,cold,3.0,3.0,2.6,135.0,rammed_earth,0.45,stone,0.15,eps,0.05,east,0.6,0.6,0.45,5.8,9.492,11.117,0.0,-16.898
Dras,34.4306,75.7499,cold,3.0,3.0,2.6,45.0,concrete,0.3,stone,0.15,mineral_wool,0.15,east,1.5,0.6,0.35,1.2,8.883,10.231,0.0,-16.894
Dras,34.4306,75.7499,cold,3.0,3.0,2.6,45.0,gi_sheet,0.002,gi_sheet,0.002,xps,0.1,north,0.9,1.2,0.65,3.5,11.686,17.188,0.0,-16.594
Dras,34.4306,75.7499,cold,3.0,3.0,2.6,90.0,mud_brick,0.15,concrete,0.2,sheep_wool,0.05,south,1.8,0.6,0.65,2.0,11.312,13.902,0.0,-16.865
Dras,34.4306,75.7499,cold,3.0,3.0,2.6,180.0,concrete,0.3,brick,0.23,mineral_wool,0.15,east,1.5,1.2,0.75,3.5,10.099,12.01,0.0,-16.894
Dras,34.4306,75.7499,cold,3.0,3.0,2.6,45.0,brick,0.115,stone,0.15,xps,0.1,west,0.9,1.2,0.45,2.6,9.93,11.954,0.0,-16.852
Dras,34.4306,75.7499,cold,3.0,3.0,2.6,45.0,gi_sheet,0.002,puf_sandwich_panel,0.1,eps,0.2,north,1.5,0.9,0.35,1.2,10.298,14.568,0.0,-16.589
Dras,34.4306,75.7499,cold,3.0,3.0,2.6,90.0,aerated_concrete,0.1,gi_sheet,0.002,mineral_wool,0.15,north,0.9,1.2,0.45,2.6,10.204,13.34,0.0,-16.714
Dras,34.4306,75.7499,cold,3.0,3.0,2.6,135.0,aerated_concrete,0.3,puf_sandwich_panel,0.075,eps,0.2,east,1.5,1.5,0.55,5.8,10.054,12.831,0.0,-16.802
Dras,34.4306,75.7499,cold,3.0,3.0,2.6,45.0,plywood,0.03,rcc_slab,0.25,sheep_wool,0.05,north,0.6,1.2,0.75,3.5,12.064,15.703,0.0,-16.807
Dras,34.4306,75.7499,cold,3.0,3.0,2.6,90.0,mud_brick,0.15,brick,0.23,sheep_wool,0.05,south,0.9,0.6,0.85,2.0,11.019,13.451,0.0,-16.865
Dras,34.4306,75.7499,cold,3.0,3.0,2.6,90.0,puf_sandwich_panel,0.05,gi_sheet,0.002,xps,0.1,north,1.8,0.9,0.75,2.6,12.538,18.985,0.0952,-16.537
Dras,34.4306,75.7499,cold,3.0,3.0,2.6,135.0,stone,0.3,rcc_slab,0.1,eps,0.025,south,0.9,1.2,0.45,2.0,12.083,14.518,0.0,-16.896
Dras,34.4306,75.7499,cold,3.0,3.0,2.6,180.0,brick,0.345,rcc_slab,0.1,sheep_wool,0.1,south,0.9,1.2,0.75,2.0,9.817,11.484,0.0,-16.89
Dras,34.4306,75.7499,cold,3.0,3.0,2.6,45.0,puf_sandwich_panel,0.075,brick,0.23,eps,0.2,south,0.9,0.6,0.35,1.6,7.937,9.531,0.0,-16.778
Dras,34.4306,75.7499,cold,3.0,3.0,2.6,90.0,concrete,0.15,mud_brick,0.15,eps,0.2,east,0.9,1.2,0.45,1.6,9.238,10.786,0.0,-16.867
Dras,34.4306,75.7499,cold,3.0,3.0,2.6,135.0,puf_sandwich_panel,0.1,mud_brick,0.15,sheep_wool,0.15,west,0.6,1.5,0.75,2.6,9.866,12.538,0.0,-16.734
Dras,34.4306,75.7499,cold,3.0,3.0,2.6,135.0,timber,0.2,aerated_concrete,0.1,mineral_wool,0.05,south,1.5,0.6,0.85,2.0,10.395,13.392,0.0,-16.785
Dras,34.4306,75.7499,cold,3.0,3.0,2.6,135.0,aerated_concrete,0.1,puf_sandwich_panel,0.075,xps,0.1,east,0.9,0.9,0.85,5.8,9.98,13.684,0.0,-16.695
Dras,34.4306,75.7499,cold,3.0,3.0,2.6,45.0,stone,0.15,stone,0.15,mineral_wool,0.05,south,1.2,1.5,0.35,1.2,11.245,13.678,0.0,-16.875
Dras,34.4306,75.7499,cold,3.0,3.0,2.6,90.0,concrete,0.15,puf_sandwich_panel,0.05,mineral_wool,0.15,west,0.6,0.6,0.65,2.6,9.097,10.628,0.0,-16.857
Dras,34.4306,75.7499,cold,3.0,3.0,2.6,45.0,brick,0.23,aerated_concrete,0.1,mineral_wool,0.1,south,1.2,1.5,0.45,1.6,9.979,11.865,0.0,-16.869
Dras,34.4306,75.7499,cold,3.0,3.0,2.6,45.0,concrete,0.3,mud_brick,0.15,xps,0.1,west,0.6,1.5,0.45,5.8,9.259,10.752,0.0,-16.892
Dras,34.4306,75.7499,cold,3.0,3.0,2.6,90.0,puf_sandwich_panel,0.075,rcc_slab,0.1,mineral_wool,0.05,north,1.2,0.9,0.75,2.0,11.768,16.022,0.0,-16.712
Dras,34.4306,75.7499,cold,3.0,3.0,2.6,180.0,puf_sandwich_panel,0.1,stone,0.15,eps,0.2,south,1.2,1.2,0.75,2.6,9.348,11.668,0.0,-16.769
Dras,34.4306,75.7499,cold,3.0,3.0,2.6,0.0,rammed_earth,0.15,timber,0.1,xps,0.1,east,0.9,0.9,0.45,2.0,10.085,12.18,0.0,-16.842
Dras,34.4306,75.7499,cold,3.0,3.0,2.6,0.0,concrete,0.1,aerated_concrete,0.1,sheep_wool,0.1,west,1.8,0.6,0.55,3.5,10.614,13.338,0.0,-16.83
Dras,34.4306,75.7499,cold,3.0,3.0,2.6,0.0,stone,0.15,mud_brick,0.25,xps,0.1,north,0.9,0.6,0.65,1.6,9.548,11.101,0.0,-16.878
Dras,34.4306,75.7499,cold,3.0,3.0,2.6,0.0,brick,0.345,stone,0.3,xps,0.1,north,1.5,0.6,0.35,3.5,8.72,10.068,0.0,-16.897
Dras,34.4306,75.7499,cold,3.0,3.0,2.6,180.0,gi_sheet,0.002,stone,0.3,eps,0.025,east,1.5,1.5,0.35,2.6,13.601,18.255,0.0179,-16.831
Dras,34.4306,75.7499,cold,3.0,3.0,2.6,135.0,plywood,0.012,puf_sandwich_panel,0.15,eps,0.05,south,0.9,0.9,0.35,2.6,11.156,16.747,0.0,-16.536
Dras,34.4306,75.7499,cold,3.0,3.0,2.6,135.0,stone,0.15,stone,0.3,eps,0.025,west,1.2,1.2,0.45,5.8,13.156,16.255,0.0,-16.884
Dras,34.4306,75.7499,cold,3.0,3.0,2.6,45.0,mud_brick,0.3,timber,0.1,eps,0.15,south,1.2,0.9,0.55,1.6,8.81,10.069,0.0,-16.882
Dras,34.4306,75.7499,cold,3.0,3.0,2.6,180.0,rammed_earth,0.3,aerated_concrete,0.1,eps,0.025,west,1.5,0.9,0.35,5.8,11.899,14.491,0.0,-16.878
Dras,34.4306,75.7499,cold,3.0,3.0,2.6,135.0,plywood,0.012,timber,0.1,mineral_wool,0.15,south,0.9,0.6,0.65,1.6,10.005,13.818,0.0,-16.639
Dras,34.4306,75.7499,cold,3.0,3.0,2.6,45.0,puf_sandwich_panel,0.15,gi_sheet,0.002,sheep_wool,0.05,east,1.5,0.6,0.35,1.2,9.816,14.244,0.0,-16.544
Dras,34.4306,75.7499,cold,3.0,3.0,2.6,180.0,stone,0.15,concrete,0.2,xps,0.15,south,0.6,0.9,0.55,5.8,9.678,11.225,0.0,-16.878
Dras,34.4306,75.7499,cold,3.0,3.0,2.6,135.0,mud_brick,0.15,brick,0.115,xps,0.15,west,1.5,1.5,0.85,1.2,13.242,16.362,0.0,-16.853
Dras,34.4306,75.7499,cold,3.0,3.0,2.6,0.0,brick,0.115,mud_brick,0.25,mineral_wool,0.15,east,1.8,0.6,0.55,2.6,10.507,12.598,0.0,-16.858
Dras,34.4306,75.7499,cold,3.0,3.0,2.6,45.0,concrete,0.2,brick,0.115,xps,0.15,north,0.9,0.6,0.45,3.5,9.187,10.557,0.0,-16.877
Dras,34.4306,75.7499,cold,3.0,3.0,2.6,180.0,timber,0.15,rcc_slab,0.25,xps,0.1,east,0.6,0.6,0.55,1.6,8.902,10.558,0.0,-16.837
Dras,34.4306,75.7499,cold,3.0,3.0,2.6,0.0,concrete,0.1,aerated_concrete,0.1,mineral_wool,0.1,south,1.5,0.6,0.65,2.0,10.455,13.04,0.0,-16.832
Dras,34.4306,75.7499,cold,3.0,3.0,2.6,135.0,stone,0.15,aerated_concrete,0.1,xps,0.05,west,1.2,1.2,0.55,3.5,12.28,15.112,0.0,-16.863
Dras,34.4306,75.7499,cold,3.0,3.0,2.6,135.0,rammed_earth,0.45,stone,0.15,mineral_wool,0.1,north,1.2,1.5,0.65,5.8,10.721,12.766,0.0,-16.897
Dras,34.4306,75.7499,cold,3.0,3.0,2.6,135.0,puf_sandwich_panel,0.075,timber,0.1,eps,0.1,west,1.2,0.6,0.85,1.2,9.946,13.608,0.0,-16.597
Dras,34.4306,75.7499,cold,3.0,3.0,2.6,135.0,mud_brick,0.45,brick,0.115,mineral_wool,0.15,south,1.2,0.9,0.55,1.2,8.414,9.685,0.0,-16.898
Dras,34.4306,75.7499,cold,3.0,3.0,2.6,180.0,plywood,0.019,mud_brick,0.15,eps,0.1,south,0.6,0.9,0.85,1.6,10.596,13.992,0.0,-16.741
Dras,34.4306,75.7499,cold,3.0,3.0,2.6,90.0,aerated_concrete,0.1,brick,0.23,xps,0.15,east,0.6,1.5,0.75,2.0,9.421,11.614,0.0,-16.811
Dras,34.4306,75.7499,cold,3.0,3.0,2.6,135.0,mud_brick,0.45,mud_brick,0.15,sheep_wool,0.15,east,1.8,1.5,0.45,5.8,9.71,11.475,0.0,-16.897
Dras,34.4306,75.7499,cold,3.0,3.0,2.6,90.0,brick,0.115,gi_sheet,0.002,eps,0.05,east,1.2,0.9,0.65,3.5,11.827,15.342,0.0,-16.822
Dras,34.4306,75.7499,cold,3.0,3.0,2.6,45.0,plywood,0.019,puf_sandwich_panel,0.075,xps,0.1,west,1.5,0.9,0.85,5.8,10.887,16.762,0.0,-16.559
Dras,34.4306,75.7499,cold,3.0,3.0,2.6,90.0,gi_sheet,0.002,timber,0.15,eps,0.1,east,0.6,0.6,0.55,3.5,10.303,14.514,0.0,-16.66
Dras,34.4306,75.7499,cold,3.0,3.0,2.6,0.0,mud_brick,0.3,rcc_slab,0.25,eps,0.025,north,1.2,0.6,0.85,3.5,11.345,13.526,0.0,-16.891
Dras,34.4306,75.7499,cold,3.0,3.0,2.6,180.0,gi_sheet,0.002,mud_brick,0.15,xps,0.1,east,0.6,1.2,0.65,3.5,11.205,15.051,0.0,-16.748
Dras,34.4306,75.7499,cold,3.0,3.0,2.6,135.0,timber,0.1,aerated_concrete,0.2,none,0.0,south,1.2,0.6,0.75,1.6,12.942,18.644,0.0357,-16.743
Dras,34.4306,75.7499,cold,3.0,3.0,2.6,90.0,mud_brick,0.3,brick,0.115,eps,0.05,south,0.6,0.6,0.75,5.8,10.058,11.767,0.0,-16.885
Dras,34.4306,75.7499,cold,3.0,3.0,2.6,135.0,brick,0.23,aerated_concrete,0.1,none,0.0,east,1.2,0.6,0.85,1.6,14.849,19.403,0.0833,-16.87
Dras,34.4306,75.7499,cold,3.0,3.0,2.6,180.0,concrete,0.3,rcc_slab,0.1,xps,0.05,north,1.8,0.9,0.45,3.5,11.005,13.04,0.0,-16.891
Dras,34.4306,75.7499,cold,3.0,3.0,2.6,135.0,aerated_concrete,0.3,brick,0.23,sheep_wool,0.05,south,1.5,1.5,0.85,5.8,11.8,14.949,0.0,-16.845
Dras,34.4306,75.7499,cold,3.0,3.0,2.6,90.0,concrete,0.15,stone,0.3,eps,0.025,east,0.6,0.9,0.55,2.6,12.316,15.174,0.0,-16.881
Dras,34.4306,75.7499,cold,3.0,3.0,2.6,135.0,aerated_concrete,0.1,aerated_concrete,0.2,xps,0.1,south,0.9,1.2,0.55,1.2,9.746,12.687,0.0,-16.742
Dras,34.4306,75.7499,cold,3.0,3.0,2.6,90.0,stone,0.15,brick,0.115,mineral_wool,0.15,south,1.2,0.9,0.85,3.5,10.023,11.894,0.0,-16.871
Dras,34.4306,75.7499,cold,3.0,3.0,2.6,135.0,aerated_concrete,0.2,gi_sheet,0.002,xps,0.1,south,1.2,1.5,0.45,3.5,9.989,12.93,0.0,-16.767
Dras,34.4306,75.7499,cold,3.0,3.0,2.6,90.0,gi_sheet,0.002,puf_sandwich_panel,0.15,mineral_wool,0.05,north,0.6,0.9,0.85,2.6,11.918,17.73,0.0,-16.587
Dras,34.4306,75.7499,cold,3.0,3.0,2.6,135.0,mud_brick,0.15,stone,0.15,xps,0.05,west,0.6,0.6,0.55,1.2,10.817,13.064,0.0,-16.863
Dras,34.4306,75.7499,cold,3.0,3.0,2.6,0.0,plywood,0.019,concrete,0.15,xps,0.05,north,0.6,0.6,0.85,2.0,11.166,15.106,0.0,-16.758
Dras,34.4306,75.7499,cold,3.0,3.0,2.6,90.0,puf_sandwich_panel,0.05,mud_brick,0.15,sheep_wool,0.05,west,1.2,0.6,0.75,2.6,10.176,13.586,0.0,-16.729
Dras,34.4306,75.7499,cold,3.0,3.0,2.6,45.0,concrete,0.1,puf_sandwich_panel,0.05,eps,0.025,west,0.6,1.5,0.75,2.6,12.587,16.549,0.0,-16.824
Dras,34.4306,75.7499,cold,3.0,3.0,2.6,45.0,gi_sheet,0.002,aerated_concrete,0.2,xps,0.15,south,1.8,1.2,0.35,3.5,10.568,15.237,0.0,-16.679
Dras,34.4306,75.7499,cold,3.0,3.0,2.6,45.0,mud_brick,0.3,gi_sheet,0.002,sheep_wool,0.05,east,0.9,1.5,0.85,3.5,12.195,14.849,0.0,-16.88
Dras,34.4306,75.7499,cold,3.0,3.0,2.6,0.0,puf_sandwich_panel,0.075,puf_sandwich_panel,0.15,mineral_wool,0.1,south,1.8,1.5,0.55,2.6,10.475,16.262,0.0,-16.548
Dras,34.4306,75.7499,cold,3.0,3.0,2.6,0.0,puf_sandwich_panel,0.075,rcc_slab,0.2,sheep_wool,0.15,west,0.9,1.2,0.85,2.6,9.343,11.838,0.0,-16.781
Dras,34.4306,75.7499,cold,3.0,3.0,2.6,135.0,rammed_earth,0.15,brick,0.115,mineral_wool,0.05,west,1.8,0.6,0.75,3.5,12.417,15.499,0.0,-16.852
Dras,34.4306,75.7499,cold,3.0,3.0,2.6,90.0,gi_sheet,0.002,gi_sheet,0.002,xps,0.15,south,1.8,0.6,0.75,1.6,10.55,15.756,0.0,-16.601
Dras,34.4306,75.7499,cold,3.0,3.0,2.6,45.0,brick,0.23,rcc_slab,0.25,eps,0.025,south,1.8,0.9,0.45,1.6,12.239,15.017,0.0,-16.882
Dras,34.4306,75.7499,cold,3.0,3.0,2.6,135.0,stone,0.45,mud_brick,0.25,xps,0.15,north,1.8,1.5,0.45,2.6,10.109,12.207,0.0,-16.906
Dras,34.4306,75.7499,cold,3.0,3.0,2.6,45.0,stone,0.45,gi_sheet,0.002,eps,0.15,north,0.9,0.9,0.75,5.8,9.065,10.667,0.0,-16.905
Dras,34.4306,75.7499,cold,3.0,3.0,2.6,90.0,aerated_concrete,0.1,puf_sandwich_panel,0.075,sheep_wool,0.1,south,0.6,0.6,0.55,1.2,9.159,12.11,0.0,-16.694
Dras,34.4306,75.7499,cold,3.0,3.0,2.6,0.0,mud_brick,0.45,aerated_concrete,0.2,mineral_wool,0.05,north,1.5,0.9,0.85,1.6,9.893,11.756,0.0,-16.896
Dras,34.4306,75.7499,cold,3.0,3.0,2.6,0.0,stone,0.15,concrete,0.15,sheep_wool,0.15,north,1.2,1.2,0.85,2.6,10.42,12.367,0.0,-16.874
Dras,34.4306,75.7499,cold,3.0,3.0,2.6,45.0,puf_sandwich_panel,0.075,brick,0.115,mineral_wool,0.15,south,1.2,1.5,0.55,1.2,9.483,12.729,0.0,-16.719
Dras,34.4306,75.7499,cold,3.0,3.0,2.6,180.0,aerated_concrete,0.3,puf_sandwich_panel,0.075,none,0.0,west,1.8,0.6,0.35,1.2,10.727,13.538,0.0,-16.802
Dras,34.4306,75.7499,cold,3.0,3.0,2.6,90.0,stone,0.3,concrete,0.15,eps,0.05,west,1.8,0.9,0.55,2.6,10.776,12.851,0.0,-16.896
Dras,34.4306,75.7499,cold,3.0,3.0,2.6,0.0,gi_sheet,0.002,aerated_concrete,0.1,sheep_wool,0.15,east,0.9,0.9,0.65,1.6,11.201,15.998,0.0,-16.636
Dras,34.4306,75.7499,cold,3.0,3.0,2.6,0.0,timber,0.15,puf_sandwich_panel,0.1,xps,0.15,south,1.2,1.2,0.65,1.2,9.468,12.362,0.0,-16.744
Dras,34.4306,75.7499,cold,3.0,3.0,2.6,45.0,rammed_earth,0.3,aerated_concrete,0.2,xps,0.15,east,0.9,0.6,0.75,3.5,8.968,10.212,0.0,-16.881
Dras,34.4306,75.7499,cold,3.0,3.0,2.6,45.0,mud_brick,0.3,puf_sandwich_panel,0.15,eps,0.05,east,1.2,1.5,0.45,5.8,10.885,12.967,0.0,-16.879
Dras,34.4306,75.7499,cold,3.0,3.0,2.6,0.0,puf_sandwich_panel,0.1,concrete,0.2,xps,0.15,north,1.8,1.2,0.55,3.5,9.79,12.285,0.0,-16.783
Dras,34.4306,75.7499,cold,3.0,3.0,2.6,45.0,aerated_concrete,0.1,concrete,0.1,mineral_wool,0.05,north,1.8,0.6,0.35,2.0,11.299,14.901,0.0,-16.773
Dras,34.4306,75.7499,cold,3.0,3.0,2.6,135.0,gi_sheet,0.002,concrete,0.1,eps,0.1,south,1.2,1.5,0.75,3.5,12.135,17.132,0.0,-16.727
Dras,34.4306,75.7499,cold,3.0,3.0,2.6,0.0,rammed_earth,0.45,puf_sandwich_panel,0.05,none,0.0,west,1.2,1.5,0.75,2.6,12.096,14.613,0.0,-16.893
Dras,34.4306,75.7499,cold,3.0,3.0,2.6,0.0,concrete,0.1,mud_brick,0.25,xps,0.15,west,0.9,1.5,0.45,5.8,9.907,11.926,0.0,-16.858
Dras,34.4306,75.7499,cold,3.0,3.0,2.6,135.0,plywood,0.019,rcc_slab,0.25,mineral_wool,0.1,south,0.6,1.2,0.55,2.0,10.282,12.867,0.0,-16.807
Dras,34.4306,75.7499,cold,3.0,3.0,2.6,90.0,mud_brick,0.3,concrete,0.2,xps,0.15,east,1.2,1.5,0.35,5.8,9.151,10.539,0.0,-16.888
Dras,34.4306,75.7499,cold,3.0,3.0,2.6,135.0,concrete,0.3,concrete,0.1,sheep_wool,0.15,south,0.6,0.6,0.75,1.6,8.961,10.304,0.0,-16.892
Dras,34.4306,75.7499,cold,3.0,3.0,2.6,0.0,aerated_concrete,0.1,brick,0.115,mineral_wool,0.15,east,0.6,0.9,0.85,2.0,10.027,12.59,0.0,-16.778
Dras,34.4306,75.7499,cold,3.0,3.0,2.6,90.0,aerated_concrete,0.3,brick,0.115,eps,0.15,south,1.8,0.9,0.45,1.6,9.139,11.036,0.0,-16.829
Dras,34.4306,75.7499,cold,3.0,3.0,2.6,180.0,brick,0.345,timber,0.1,eps,0.1,north,1.5,0.9,0.65,1.2,9.744,11.379,0.0,-16.887
Dras,34.4306,75.7499,cold,3.0,3.0,2.6,45.0,rammed_earth,0.45,brick,0.23,mineral_wool,0.15,west,0.6,1.2,0.35,3.5,8.116,9.236,0.0,-16.899
Dras,34.4306,75.7499,cold,3.0,3.0,2.6,45.0,timber,0.2,concrete,0.1,xps,0.05,south,1.5,0.6,0.85,5.8,10.69,13.683,0.0,-16.811
Dras,34.4306,75.7499,cold,3.0,3.0,2.6,180.0,puf_sandwich_panel,0.075,timber,0.15,mineral_wool,0.05,south,1.2,1.5,0.55,2.6,10.237,14.464,0.0,-16.63
Dras,34.4306,75.7499,cold,3.0,3.0,2.6,90.0,timber,0.1,timber,0.1,xps,0.05,south,0.9,1.2,0.35,3.5,10.366,14.099,0.0,-16.724
Dras,34.4306,75.7499,cold,3.0,3.0,2.6,45.0,brick,0.115,gi_sheet,0.002,none,0.0,south,0.9,0.6,0.85,5.8,17.889,28.207,0.506,-18.27
Dras,34.4306,75.7499,cold,3.0,3.0,2.6,0.0,timber,0.1,mud_brick,0.25,none,0.0,west,1.2,1.2,0.35,2.6,13.596,18.743,0.0417,-16.814
Dras,34.4306,75.7499,cold,3.0,3.0,2.6,45.0,puf_sandwich_panel,0.15,gi_sheet,0.002,eps,0.15,south,0.9,0.9,0.85,1.6,8.807,12.666,0.0,-16.559
Dras,34.4306,75.7499,cold,3.0,3.0,2.6,180.0,concrete,0.15,aerated_concrete,0.2,eps,0.025,west,1.5,0.6,0.45,5.8,12.902,16.279,0.0,-16.859
Dras,34.4306,75.7499,cold,3.0,3.0,2.6,45.0,timber,0.15,aerated_concrete,0.2,xps,0.1,east,1.5,1.5,0.75,1.6,12.936,17.253,0.0,-16.772
Dras,34.4306,75.7499,cold,3.0,3.0,2.6,180.0,concrete,0.1,brick,0.115,eps,0.2,west,0.6,1.2,0.55,5.8,10.7,12.967,0.0,-16.844
Dras,34.4306,75.7499,cold,3.0,3.0,2.6,45.0,stone,0.45,mud_brick,0.15,eps,0.2,east,1.8,1.5,0.65,2.0,10.682,13.062,0.0,-16.905
Dras,34.4306,75.7499,cold,3.0,3.0,2.6,135.0,aerated_concrete,0.3,puf_sandwich_panel,0.05,eps,0.025,east,0.6,1.2,0.35,2.6,9.663,12.015,0.0,-16.804
Dras,34.4306,75.7499,cold,3.0,3.0,2.6,90.0,mud_brick,0.45,rcc_slab,0.15,sheep_wool,0.05,north,0.9,0.6,0.45,1.2,9.739,11.474,0.0,-16.899
Dras,34.4306,75.7499,cold,3.0,3.0,2.6,135.0,aerated_concrete,0.2,rcc_slab,0.15,eps,0.1,south,0.6,0.6,0.65,1.2,9.091,10.943,0.0,-16.823
Dras,34.4306,75.7499,cold,3.0,3.0,2.6,45.0,concrete,0.2,stone,0.3,eps,0.025,north,0.9,1.2,0.85,5.8,13.19,16.194,0.0,-16.888
Dras,34.4306,75.7499,cold,3.0,3.0,2.6,180.0,puf_sandwich_panel,0.05,puf_sandwich_panel,0.15,sheep_wool,0.05,north,1.5,1.5,0.35,5.8,10.183,15.609,0.0,-16.51
Dras,34.4306,75.7499,cold,3.0,3.0,2.6,0.0,aerated_concrete,0.2,concrete,0.1,sheep_wool,0.1,north,0.6,0.6,0.85,1.6,9.332,11.425,0.0,-16.809
Dras,34.4306,75.7499,cold,3.0,3.0,2.6,135.0,stone,0.3,rcc_slab,0.1,eps,0.1,east,0.9,0.9,0.55,1.6,9.529,11.149,0.0,-16.896
Dras,34.4306,75.7499,cold,3.0,3.0,2.6,45.0,plywood,0.019,puf_sandwich_panel,0.15,mineral_wool,0.05,west,0.6,1.2,0.85,2.0,11.021,16.703,0.0,-16.565
Dras,34.4306,75.7499,cold,3.0,3.0,2.6,180.0,rammed_earth,0.45,rcc_slab,0.2,sheep_wool,0.15,north,0.9,0.9,0.35,1.6,8.333,9.523,0.0,-16.899
Dras,34.4306,75.7499,cold,3.0,3.0,2.6,90.0,puf_sandwich_panel,0.05,brick,0.23,eps,0.05,south,0.9,1.2,0.35,1.6,9.768,12.552,0.0,-16.774
Dras,34.4306,75.7499,cold,3.0,3.0,2.6,135.0,gi_sheet,0.002,mud_brick,0.25,eps,0.05,east,0.9,1.2,0.75,2.6,12.434,16.816,0.0,-16.79
Dras,34.4306,75.7499,cold,3.0,3.0,2.6,135.0,aerated_concrete,0.3,rcc_slab,0.2,eps,0.15,north,0.6,1.2,0.85,1.2,9.591,11.387,0.0,-16.849
Dras,34.4306,75.7499,cold,3.0,3.0,2.6,180.0,gi_sheet,0.002,aerated_concrete,0.1,eps,0.05,south,1.2,0.9,0.35,2.0,12.251,18.289,0.0179,-16.629
Dras,34.4306,75.7499,cold,3.0,3.0,2.6,0.0,mud_brick,0.3,gi_sheet,0.002,xps,0.05,east,1.2,1.2,0.85,1.2,12.468,15.127,0.0,-16.88
Dras,34.4306,75.7499,cold,3.0,3.0,2.6,45.0,gi_sheet,0.002,concrete,0.2,none,0.0,north,1.5,0.6,0.85,1.6,17.945,30.304,0.4881,-21.863
Dras,34.4306,75.7499,cold,3.0,3.0,2.6,180.0,plywood,0.012,stone,0.3,eps,0.05,west,0.6,0.6,0.65,1.2,11.789,14.965,0.0,-16.829
Dras,34.4306,75.7499,cold,3.0,3.0,2.6,180.0,stone,0.15,mud_brick,0.25,mineral_wool,0.15,north,1.5,1.2,0.85,2.0,11.155,13.432,0.0,-16.878
Dras,34.4306,75.7499,cold,3.0,3.0,2.6,90.0,timber,0.1,puf_sandwich_panel,0.1,xps,0.15,east,1.8,0.9,0.45,2.6,9.458,12.689,0.0,-16.702
Dras,34.4306,75.7499,cold,3.0,3.0,2.6,45.0,concrete,0.15,concrete,0.2,sheep_wool,0.05,north,0.6,0.6,0.35,2.6,11.208,13.599,0.0,-16.873
Dras,34.4306,75.7499,cold,3.0,3.0,2.6,135.0,gi_sheet,0.002,concrete,0.2,xps,0.15,north,0.6,0.9,0.65,2.6,10.712,13.566,0.0,-16.79
Dras,34.4306,75.7499,cold,3.0,3.0,2.6,90.0,rammed_earth,0.3,brick,0.23,mineral_wool,0.1,north,0.9,1.2,0.55,5.8,10.23,11.892,0.0,-16.887
Dras,34.4306,75.7499,cold,3.0,3.0,2.6,0.0,aerated_concrete,0.3,concrete,0.1,eps,0.1,east,1.2,0.9,0.75,2.6,11.033,13.587,0.0,-16.83
Dras,34.4306,75.7499,cold,3.0,3.0,2.6,180.0,concrete,0.3,stone,0.3,xps,0.05,south,1.2,1.2,0.75,5.8,10.974,13.122,0.0,-16.898
Dras,34.4306,75.7499,cold,3.0,3.0,2.6,45.0,gi_sheet,0.002,aerated_concrete,0.2,eps,0.15,north,1.2,0.6,0.85,3.5,10.987,15.146,0.0,-16.678
Dras,34.4306,75.7499,cold,3.0,3.0,2.6,45.0,puf_sandwich_panel,0.15,concrete,0.15,sheep_wool,0.15,south,1.5,1.2,0.45,2.6,9.192,11.853,0.0,-16.755
Dras,34.4306,75.7499,cold,3.0,3.0,2.6,135.0,mud_brick,0.15,mud_brick,0.15,eps,0.025,west,1.2,1.5,0.75,3.5,14.243,18.217,0.0179,-16.856
Dras,34.4306,75.7499,cold,3.0,3.0,2.6,0.0,gi_sheet,0.002,brick,0.23,sheep_wool,0.15,north,1.8,0.9,0.75,5.8,11.282,14.905,0.0,-16.786
Dras,34.4306,75.7499,cold,3.0,3.0,2.6,45.0,stone,0.45,puf_sandwich_panel,0.05,eps,0.2,west,1.2,1.5,0.85,3.5,9.038,10.805,0.0,-16.904
Dras,34.4306,75.7499,cold,3.0,3.0,2.6,180.0,gi_sheet,0.002,aerated_concrete,0.2,xps,0.05,east,1.5,0.6,0.55,2.6,12.074,17.61,0.0,-16.673
Dras,34.4306,75.7499,cold,3.0,3.0,2.6,0.0,stone,0.3,mud_brick,0.15,xps,0.05,north,0.6,0.6,0.35,2.0,9.823,11.551,0.0,-16.897
Dras,34.4306,75.7499,cold,3.0,3.0,2.6,90.0,brick,0.115,timber,0.15,mineral_wool,0.15,south,1.8,1.2,0.55,5.8,10.716,13.494,0.0,-16.831
Dras,34.4306,75.7499,cold,3.0,3.0,2.6,180.0,stone,0.45,brick,0.115,xps,0.05,east,1.5,1.5,0.65,3.5,10.737,13.123,0.0,-16.905
Dras,34.4306,75.7499,cold,3.0,3.0,2.6,180.0,rammed_earth,0.45,puf_sandwich_panel,0.075,mineral_wool,0.1,south,0.6,0.6,0.45,2.0,8.287,9.394,0.0,-16.895
Dras,34.4306,75.7499,cold,3.0,3.0,2.6,0.0,stone,0.15,timber,0.15,xps,0.1,south,0.6,1.5,0.75,1.6,10.039,12.01,0.0,-16.866
Dras,34.4306,75.7499,cold,3.0,3.0,2.6,180.0,puf_sandwich_panel,0.1,gi_sheet,0.002,mineral_wool,0.05,east,0.6,1.5,0.55,2.6,9.764,14.531,0.0,-16.549
Dras,34.4306,75.7499,cold,3.0,3.0,2.6,180.0,concrete,0.3,timber,0.1,mineral_wool,0.15,north,1.2,0.6,0.45,1.6,9.036,10.366,0.0,-16.89
Dras,34.4306,75.7499,cold,3.0,3.0,2.6,90.0,brick,0.23,mud_brick,0.25,xps,0.1,north,0.6,1.5,0.35,2.0,9.573,11.048,0.0,-16.881
Dras,34.4306,75.7499,cold,3.0,3.0,2.6,180.0,puf_sandwich_panel,0.05,stone,0.15,xps,0.05,north,1.2,1.2,0.75,5.8,10.978,14.831,0.0,-16.764
Dras,34.4306,75.7499,cold,3.0,3.0,2.6,0.0,gi_sheet,0.002,puf_sandwich_panel,0.15,eps,0.2,north,1.8,0.9,0.85,2.0,11.0,16.427,0.0,-16.59
Dras,34.4306,75.7499,cold,3.0,3.0,2.6,0.0,aerated_concrete,0.2,brick,0.115,xps,0.1,south,1.5,0.9,0.35,1.2,9.391,11.609,0.0,-16.806
Dras,34.4306,75.7499,cold,3.0,3.0,2.6,90.0,aerated_concrete,0.1,puf_sandwich_panel,0.15,sheep_wool,0.05,west,1.5,0.6,0.65,3.5,10.461,14.375,0.0,-16.691
Dras,34.4306,75.7499,cold,3.0,3.0,2.6,90.0,aerated_concrete,0.2,aerated_concrete,0.2,sheep_wool,0.15,west,0.9,0.6,0.65,1.2,8.754,10.631,0.0,-16.792
Dras,34.4306,75.7499,cold,3.0,3.0,2.6,90.0,plywood,0.05,timber,0.1,mineral_wool,0.1,west,1.8,1.2,0.85,3.5,11.806,16.957,0.0,-16.674
Dras,34.4306,75.7499,cold,3.0,3.0,2.6,45.0,aerated_concrete,0.3,concrete,0.2,eps,0.1,west,1.2,1.5,0.45,2.0,9.529,11.416,0.0,-16.847
Dras,34.4306,75.7499,cold,3.0,3.0,2.6,180.0,concrete,0.3,gi_sheet,0.002,xps,0.05,north,0.9,1.5,0.65,5.8,11.227,13.421,0.0,-16.888
Dras,34.4306,75.7499,cold,3.0,3.0,2.6,135.0,stone,0.3,mud_brick,0.25,eps,0.15,north,1.5,0.9,0.65,3.5,10.207,12.09,0.0,-16.898
Dras,34.4306,75.7499,cold,3.0,3.0,2.6,180.0,rammed_earth,0.45,timber,0.15,eps,0.1,west,1.5,0.9,0.85,1.2,10.947,13.001,0.0,-16.894
Dras,34.4306,75.7499,cold,3.0,3.0,2.6,135.0,aerated_concrete,0.2,gi_sheet,0.002,mineral_wool,0.05,south,0.9,0.6,0.85,2.0,10.474,13.693,0.0,-16.771
Dras,34.4306,75.7499,cold,3.0,3.0,2.6,135.0,plywood,0.012,gi_sheet,0.002,mineral_wool,0.1,south,1.2,1.5,0.45,3.5,11.288,16.992,0.0,-16.577
Dras,34.4306,75.7499,cold,3.0,3.0,2.6,180.0,gi_sheet,0.002,concrete,0.15,eps,0.05,north,0.6,1.2,0.65,3.5,12.466,17.24,0.0,-16.762
Dras,34.4306,75.7499,cold,3.0,3.0,2.6,0.0,concrete,0.15,aerated_concrete,0.2,eps,0.15,east,1.8,0.6,0.85,3.5,11.393,13.833,0.0,-16.859
Dras,34.4306,75.7499,cold,3.0,3.0,2.6,180.0,plywood,0.03,concrete,0.1,mineral_wool,0.1,north,1.2,0.6,0.65,1.6,10.468,13.994,0.0,-16.736
Dras,34.4306,75.7499,cold,3.0,3.0,2.6,90.0,timber,0.1,concrete,0.1,eps,0.05,south,1.8,0.9,0.65,2.0,11.506,15.609,0.0,-16.773
Dras,34.4306,75.7499,cold,3.0,3.0,2.6,90.0,gi_sheet,0.002,aerated_concrete,0.2,sheep_wool,0.15,south,1.5,0.9,0.45,3.5,10.496,14.916,0.0,-16.676
Dras,34.4306,75.7499,cold,3.0,3.0,2.6,135.0,rammed_earth,0.3,stone,0.3,mineral_wool,0.15,north,0.6,1.2,0.35,2.6,8.699,9.92,0.0,-16.893
Dras,34.4306,75.7499,cold,3.0,3.0,2.6,135.0,puf_sandwich_panel,0.15,timber,0.1,xps,0.15,north,1.5,0.9,0.65,1.2,10.22,14.172,0.0,-16.615
Dras,34.4306,75.7499,cold,3.0,3.0,2.6,180.0,stone,0.45,aerated_concrete,0.1,eps,0.15,south,1.8,0.9,0.55,1.6,9.019,10.649,0.0,-16.905
Dras,34.4306,75.7499,cold,3.0,3.0,2.6,45.0,rammed_earth,0.15,aerated_concrete,0.2,sheep_wool,0.05,east,0.9,0.6,0.45,2.0,10.91,13.459,0.0,-16.846
Dras,34.4306,75.7499,cold,3.0,3.0,2.6,135.0,stone,0.45,puf_sandwich_panel,0.075,xps,0.1,west,0.6,0.9,0.75,3.5,8.936,10.463,0.0,-16.905
Dras,34.4306,75.7499,cold,3.0,3.0,2.6,135.0,aerated_concrete,0.3,puf_sandwich_panel,0.1,xps,0.1,north,0.9,0.9,0.55,3.5,9.38,11.416,0.0,-16.805
Dras,34.4306,75.7499,cold,3.0,3.0,2.6,90.0,mud_brick,0.15,stone,0.3,xps,0.05,west,1.8,1.5,0.75,1.2,12.069,14.699,0.0,-16.874
Dras,34.4306,75.7499,cold,3.0,3.0,2.6,45.0,gi_sheet,0.002,gi_sheet,0.002,sheep_wool,0.15,west,1.5,0.6,0.45,2.0,10.216,15.03,0.0,-16.595
Dras,34.4306,75.7499,cold,3.0,3.0,2.6,45.0,brick,0.115,mud_brick,0.15,mineral_wool,0.05,north,0.6,1.5,0.85,1.6,12.379,15.546,0.0,-16.846
Dras,34.4306,75.7499,cold,3.0,3.0,2.6,90.0,concrete,0.2,mud_brick,0.15,xps,0.05,north,1.8,1.5,0.35,3.5,12.4,15.164,0.0,-16.876
Dras,34.4306,75.7499,cold,3.0,3.0,2.6,180.0,plywood,0.05,aerated_concrete,0.2,mineral_wool,0.15,east,1.5,1.2,0.85,2.6,11.015,15.526,0.0,-16.711
Dras,34.4306,75.7499,cold,3.0,3.0,2.6,0.0,puf_sandwich_panel,0.15,concrete,0.15,mineral_wool,0.05,south,0.6,0.6,0.65,1.2,9.096,11.604,0.0,-16.756
Dras,34.4306,75.7499,cold,3.0,3.0,2.6,135.0,puf_sandwich_panel,0.05,brick,0.23,mineral_wool,0.15,north,0.9,1.2,0.55,2.6,9.744,12.169,0.0,-16.782
Dras,34.4306,75.7499,cold,3.0,3.0,2.6,0.0,brick,0.115,concrete,0.1,eps,0.2,west,1.8,1.5,0.35,2.0,9.941,12.188,0.0,-16.839
Dras,34.4306,75.7499,cold,3.0,3.0,2.6,90.0,puf_sandwich_panel,0.15,gi_sheet,0.002,xps,0.15,west,1.5,0.6,0.55,5.8,8.729,12.029,0.0,-16.564
Dras,34.4306,75.7499,cold,3.0,3.0,2.6,135.0,brick,0.345,rcc_slab,0.2,eps,0.15,south,0.6,0.6,0.75,2.0,8.45,9.635,0.0,-16.894
Dras,34.4306,75.7499,cold,3.0,3.0,2.6,135.0,plywood,0.05,stone,0.3,none,0.0,north,1.8,0.9,0.55,5.8,16.332,23.38,0.3869,-16.834
Dras,34.4306,75.7499,cold,3.0,3.0,2.6,90.0,brick,0.23,brick,0.115,xps,0.15,west,1.8,0.6,0.85,2.0,9.506,11.009,0.0,-16.875
Dras,34.4306,75.7499,cold,3.0,3.0,2.6,180.0,timber,0.2,gi_sheet,0.002,mineral_wool,0.1,south,1.5,1.5,0.75,3.5,11.217,14.665,0.0,-16.775
Dras,34.4306,75.7499,cold,3.0,3.0,2.6,135.0,puf_sandwich_panel,0.15,mud_brick,0.15,eps,0.15,south,1.2,1.5,0.75,5.8,9.995,13.357,0.0,-16.737
Dras,34.4306,75.7499,cold,3.0,3.0,2.6,45.0,aerated_concrete,0.3,brick,0.115,mineral_wool,0.05,north,1.8,1.2,0.75,1.6,13.289,16.89,0.0,-16.828
Dras,34.4306,75.7499,cold,3.0,3.0,2.6,135.0,timber,0.1,rcc_slab,0.1,mineral_wool,0.05,south,1.8,1.2,0.45,2.6,11.49,15.448,0.0,-16.774
Dras,34.4306,75.7499,cold,3.0,3.0,2.6,0.0,aerated_concrete,0.3,timber,0.15,eps,0.2,east,1.2,1.2,0.55,5.8,10.595,13.03,0.0,-16.817
Dras,34.4306,75.7499,cold,3.0,3.0,2.6,0.0,concrete,0.2,puf_sandwich_panel,0.05,mineral_wool,0.15,east,1.2,1.5,0.55,5.8,11.417,13.755,0.0,-16.87
Dras,34.4306,75.7499,cold,3.0,3.0,2.6,45.0,timber,0.1,concrete,0.2,eps,0.2,south,1.2,0.6,0.75,1.2,8.824,10.674,0.0,-16.815
Dras,34.4306,75.7499,cold,3.0,3.0,2.6,180.0,timber,0.2,stone,0.15,mineral_wool,0.05,west,1.5,0.9,0.75,1.6,12.401,15.66,0.0,-16.83
Dras,34.4306,75.7499,cold,3.0,3.0,2.6,180.0,timber,0.1,rcc_slab,0.1,eps,0.2,north,0.9,0.9,0.35,2.6,8.804,10.845,0.0,-16.777
Dras,34.4306,75.7499,cold,3.0,3.0,2.6,135.0,stone,0.3,mud_brick,0.15,xps,0.15,south,1.8,1.5,0.45,1.2,9.66,11.431,0.0,-16.895
Dras,34.4306,75.7499,cold,3.0,3.0,2.6,90.0,concrete,0.1,stone,0.3,eps,0.1,south,1.8,1.5,0.75,2.6,11.685,14.408,0.0,-16.869
Dras,34.4306,75.7499,cold,3.0,3.0,2.6,45.0,gi_sheet,0.002,aerated_concrete,0.2,eps,0.1,north,1.8,1.2,0.45,3.5,12.242,17.424,0.0,-16.674
Dras,34.4306,75.7499,cold,3.0,3.0,2.6,90.0,gi_sheet,0.002,brick,0.23,mineral_wool,0.05,west,1.8,1.5,0.35,2.6,12.257,16.632,0.0,-16.785
Dras,34.4306,75.7499,cold,3.0,3.0,2.6,45.0,puf_sandwich_panel,0.15,gi_sheet,0.002,eps,0.1,south,0.6,1.5,0.85,1.2,9.217,13.545,0.0,-16.552
Dras,34.4306,75.7499,cold,3.0,3.0,2.6,135.0,gi_sheet,0.002,gi_sheet,0.002,xps,0.05,east,1.8,1.5,0.45,2.6,13.03,21.021,0.1726,-16.584
Dras,34.4306,75.7499,cold,3.0,3.0,2.6,180.0,rammed_earth,0.3,gi_sheet,0.002,xps,0.15,north,0.9,0.6,0.65,2.6,8.777,9.987,0.0,-16.879
Dras,34.4306,75.7499,cold,3.0,3.0,2.6,0.0,gi_sheet,0.002,aerated_concrete,0.1,eps,0.05,east,0.6,1.2,0.45,2.6,12.049,18.168,0.006,-16.629
Dras,34.4306,75.7499,cold,3.0,3.0,2.6,180.0,brick,0.23,brick,0.115,sheep_wool,0.1,north,1.5,0.6,0.65,3.5,10.237,12.141,0.0,-16.875
Dras,34.4306,75.7499,cold,3.0,3.0,2.6,0.0,timber,0.2,puf_sandwich_panel,0.15,mineral_wool,0.1,north,1.2,1.5,0.85,1.6,10.38,13.236,0.0,-16.774
Dras,34.4306,75.7499,cold,3.0,3.0,2.6,0.0,stone,0.45,concrete,0.15,xps,0.05,west,1.2,1.2,0.55,2.0,9.83,11.876,0.0,-16.906
Dras,34.4306,75.7499,cold,3.0,3.0,2.6,90.0,brick,0.115,concrete,0.1,mineral_wool,0.05,north,0.6,1.5,0.45,2.0,11.919,14.99,0.0,-16.842
Dras,34.4306,75.7499,cold,3.0,3.0,2.6,0.0,gi_sheet,0.002,timber,0.15,sheep_wool,0.05,east,1.2,0.9,0.35,2.0,12.175,18.097,0.006,-16.656
Dras,34.4306,75.7499,cold,3.0,3.0,2.6,90.0,timber,0.15,brick,0.115,eps,0.025,north,1.8,0.9,0.65,2.6,13.78,18.566,0.0476,-16.791
Dras,34.4306,75.7499,cold,3.0,3.0,2.6,45.0,stone,0.15,aerated_concrete,0.1,mineral_wool,0.1,south,1.8,1.5,0.85,3.5,12.038,15.142,0.0,-16.862
Dras,34.4306,75.7499,cold,3.0,3.0,2.6,180.0,plywood,0.05,timber,0.15,mineral_wool,0.05,south,1.5,1.5,0.55,2.6,11.924,17.094,0.0,-16.684
Dras,34.4306,75.7499,cold,3.0,3.0,2.6,135.0,puf_sandwich_panel,0.1,mud_brick,0.15,eps,0.1,west,0.6,0.9,0.45,1.2,8.818,11.07,0.0,-16.733
Dras,34.4306,75.7499,cold,3.0,3.0,2.6,45.0,timber,0.2,timber,0.1,xps,0.05,west,1.8,1.5,0.65,3.5,11.509,15.442,0.0,-16.779
Dras,34.4306,75.7499,cold,3.0,3.0,2.6,90.0,concrete,0.2,aerated_concrete,0.2,sheep_wool,0.05,west,0.9,0.9,0.45,2.0,10.786,12.938,0.0,-16.874
Dras,34.4306,75.7499,cold,3.0,3.0,2.6,90.0,stone,0.15,gi_sheet,0.002,sheep_wool,0.15,south,1.8,0.9,0.55,2.6,10.172,12.233,0.0,-16.862
Dras,34.4306,75.7499,cold,3.0,3.0,2.6,180.0,mud_brick,0.45,concrete,0.1,mineral_wool,0.1,west,0.9,1.2,0.45,2.6,9.437,11.011,0.0,-16.898
Dras,34.4306,75.7499,cold,3.0,3.0,2.6,45.0,stone,0.3,puf_sandwich_panel,0.15,mineral_wool,0.15,east,0.9,1.2,0.45,1.6,9.088,10.502,0.0,-16.893
Dras,34.4306,75.7499,cold,3.0,3.0,2.6,135.0,concrete,0.3,puf_sandwich_panel,0.1,mineral_wool,0.15,south,1.5,0.9,0.45,1.2,9.046,10.418,0.0,-16.888
Dras,34.4306,75.7499,cold,3.0,3.0,2.6,45.0,stone,0.3,gi_sheet,0.002,eps,0.05,north,1.5,1.2,0.35,1.6,11.103,13.113,0.0,-16.892
Dras,34.4306,75.7499,cold,3.0,3.0,2.6,180.0,puf_sandwich_panel,0.1,puf_sandwich_panel,0.1,sheep_wool,0.1,south,0.6,1.5,0.65,1.6,8.692,12.094,0.0,-16.524
Dras,34.4306,75.7499,cold,3.0,3.0,2.6,180.0,brick,0.115,timber,0.1,eps,0.05,east,0.6,1.2,0.35,3.5,11.367,14.379,0.0,-16.828
Dras,34.4306,75.7499,cold,3.0,3.0,2.6,45.0,brick,0.115,aerated_concrete,0.2,eps,0.025,east,1.5,1.2,0.55,2.6,13.689,18.018,0.006,-16.831
Dras,34.4306,75.7499,cold,3.0,3.0,2.6,0.0,puf_sandwich_panel,0.1,puf_sandwich_panel,0.075,mineral_wool,0.15,south,1.5,0.9,0.55,5.8,9.264,13.381,0.0,-16.569
Dras,34.4306,75.7499,cold,3.0,3.0,2.6,45.0,aerated_concrete,0.1,gi_sheet,0.002,mineral_wool,0.05,south,0.6,0.6,0.65,1.6,10.741,14.971,0.0,-16.703
Dras,34.4306,75.7499,cold,3.0,3.0,2.6,90.0,timber,0.1,aerated_concrete,0.2,sheep_wool,0.1,west,1.5,0.9,0.35,5.8,9.94,13.011,0.0,-16.744
Dras,34.4306,75.7499,cold,3.0,3.0,2.6,45.0,mud_brick,0.15,stone,0.15,eps,0.025,west,1.5,0.6,0.65,1.6,12.458,15.679,0.0,-16.863
Dras,34.4306,75.7499,cold,3.0,3.0,2.6,135.0,gi_sheet,0.002,timber,0.1,mineral_wool,0.1,west,1.5,0.9,0.65,1.6,12.552,17.821,0.0,-16.65
Dras,34.4306,75.7499,cold,3.0,3.0,2.6,135.0,gi_sheet,0.002,concrete,0.2,xps,0.15,south,1.8,1.5,0.75,2.0,12.149,16.148,0.0,-16.79
Dras,34.4306,75.7499,cold,3.0,3.0,2.6,180.0,stone,0.45,brick,0.115,eps,0.15,west,1.8,0.6,0.65,3.5,9.664,11.514,0.0,-16.906
Dras,34.4306,75.7499,cold,3.0,3.0,2.6,90.0,rammed_earth,0.15,aerated_concrete,0.1,xps,0.1,west,1.5,0.6,0.45,2.0,9.619,11.543,0.0,-16.842
Dras,34.4306,75.7499,cold,3.0,3.0,2.6,90.0,stone,0.15,rcc_slab,0.1,xps,0.15,south,1.8,0.9,0.35,3.5,9.642,11.346,0.0,-16.87
Dras,34.4306,75.7499,cold,3.0,3.0,2.6,90.0,plywood,0.019,concrete,0.2,sheep_wool,0.15,west,1.2,1.5,0.85,1.6,11.144,14.401,0.0,-16.786
Dras,34.4306,75.7499,cold,3.0,3.0,2.6,45.0,stone,0.15,gi_sheet,0.002,eps,0.2,east,0.6,1.2,0.35,5.8,9.341,10.947,0.0,-16.864
Dras,34.4306,75.7499,cold,3.0,3.0,2.6,135.0,plywood,0.05,puf_sandwich_panel,0.15,sheep_wool,0.05,east,1.8,1.2,0.85,5.8,12.475,19.964,0.0952,-16.612
Dras,34.4306,75.7499,cold,3.0,3.0,2.6,45.0,concrete,0.3,stone,0.3,eps,0.05,north,1.8,0.6,0.45,5.8,10.724,12.732,0.0,-16.898
Dras,34.4306,75.7499,cold,3.0,3.0,2.6,45.0,timber,0.2,gi_sheet,0.002,mineral_wool,0.1,south,0.9,1.2,0.45,3.5,9.495,12.048,0.0,-16.779
Dras,34.4306,75.7499,cold,3.0,3.0,2.6,135.0,concrete,0.2,gi_sheet,0.002,xps,0.1,east,1.2,0.9,0.65,2.6,10.328,12.307,0.0,-16.87
Dras,34.4306,75.7499,cold,3.0,3.0,2.6,0.0,mud_brick,0.45,rcc_slab,0.15,mineral_wool,0.15,west,1.2,1.2,0.75,2.0,8.84,10.377,0.0,-16.899
Dras,34.4306,75.7499,cold,3.0,3.0,2.6,180.0,timber,0.2,gi_sheet,0.002,none,0.0,south,0.9,1.2,0.45,2.0,16.086,25.289,0.381,-16.773
Dras,34.4306,75.7499,cold,3.0,3.0,2.6,0.0,concrete,0.2,puf_sandwich_panel,0.15,mineral_wool,0.1,north,1.8,0.9,0.55,3.5,10.071,11.916,0.0,-16.87
Dras,34.4306,75.7499,cold,3.0,3.0,2.6,135.0,puf_sandwich_panel,0.15,timber,0.15,sheep_wool,0.15,east,0.9,1.2,0.65,2.0,8.837,12.2,0.0,-16.637
Dras,34.4306,75.7499,cold,3.0,3.0,2.6,180.0,concrete,0.3,puf_sandwich_panel,0.15,eps,0.1,east,0.9,1.2,0.55,5.8,9.659,11.199,0.0,-16.888
Dras,34.4306,75.7499,cold,3.0,3.0,2.6,0.0,concrete,0.2,timber,0.1,eps,0.2,south,1.5,0.9,0.65,3.5,9.658,11.39,0.0,-16.872
Dras,34.4306,75.7499,cold,3.0,3.0,2.6,180.0,concrete,0.2,gi_sheet,0.002,sheep_wool,0.05,east,0.6,1.2,0.55,3.5,11.541,14.114,0.0,-16.871
Dras,34.4306,75.7499,cold,3.0,3.0,2.6,90.0,rammed_earth,0.15,puf_sandwich_panel,0.15,eps,0.15,east,0.9,1.2,0.45,1.2,9.131,10.901,0.0,-16.837
Dras,34.4306,75.7499,cold,3.0,3.0,2.6,135.0,rammed_earth,0.15,brick,0.115,xps,0.1,south,1.2,0.6,0.45,3.5,9.824,11.744,0.0,-16.852
Dras,34.4306,75.7499,cold,3.0,3.0,2.6,0.0,rammed_earth,0.3,aerated_concrete,0.1,mineral_wool,0.1,west,1.5,1.5,0.45,1.6,9.815,11.524,0.0,-16.878
Dras,34.4306,75.7499,cold,3.0,3.0,2.6,0.0,gi_sheet,0.002,puf_sandwich_panel,0.05,sheep_wool,0.15,west,0.9,0.9,0.75,5.8,10.45,15.9,0.0,-16.58
Dras,34.4306,75.7499,cold,3.0,3.0,2.6,135.0,stone,0.45,gi_sheet,0.002,sheep_wool,0.15,south,1.8,0.9,0.35,5.8,9.019,10.608,0.0,-16.904
Dras,34.4306,75.7499,cold,3.0,3.0,2.6,180.0,puf_sandwich_panel,0.05,gi_sheet,0.002,mineral_wool,0.15,east,1.8,1.2,0.85,5.8,11.171,17.758,0.0,-16.575
Dras,34.4306,75.7499,cold,3.0,3.0,2.6,0.0,stone,0.3,timber,0.1,eps,0.15,south,1.5,0.9,0.55,2.0,9.179,10.712,0.0,-16.893
Dras,34.4306,75.7499,cold,3.0,3.0,2.6,0.0,timber,0.1,timber,0.1,eps,0.15,east,1.5,0.9,0.65,5.8,11.451,15.224,0.0,-16.727
Dras,34.4306,75.7499,cold,3.0,3.0,2.6,180.0,puf_sandwich_panel,0.15,puf_sandwich_panel,0.1,none,0.0,south,1.8,1.2,0.35,1.6,9.231,13.201,0.0,-16.519
Dras,34.4306,75.7499,cold,3.0,3.0,2.6,45.0,gi_sheet,0.002,stone,0.15,mineral_wool,0.1,east,1.5,1.2,0.85,1.6,13.344,18.029,0.0119,-16.78
Dras,34.4306,75.7499,cold,3.0,3.0,2.6,135.0,gi_sheet,0.002,mud_brick,0.25,xps,0.1,south,1.8,0.9,0.65,3.5,11.527,15.098,0.0,-16.792
Dras,34.4306,75.7499,cold,3.0,3.0,2.6,45.0,stone,0.15,rcc_slab,0.25,eps,0.2,west,1.8,0.9,0.65,2.0,9.606,11.206,0.0,-16.88
Dras,34.4306,75.7499,cold,3.0,3.0,2.6,180.0,brick,0.345,concrete,0.2,xps,0.05,east,1.5,1.5,0.45,5.8,10.861,12.876,0.0,-16.892
Dras,34.4306,75.7499,cold,3.0,3.0,2.6,0.0,brick,0.23,rcc_slab,0.25,eps,0.1,east,0.9,1.5,0.35,1.2,10.049,11.702,0.0,-16.883
Dras,34.4306,75.7499,cold,3.0,3.0,2.6,45.0,gi_sheet,0.002,brick,0.115,eps,0.1,west,0.9,0.9,0.65,2.0,10.738,14.837,0.0,-16.724
Dras,34.4306,75.7499,cold,3.0,3.0,2.6,180.0,gi_sheet,0.002,mud_brick,0.25,xps,0.15,south,0.9,1.5,0.65,5.8,11.299,14.535,0.0,-16.793
Dras,34.4306,75.7499,cold,3.0,3.0,2.6,45.0,mud_brick,0.3,concrete,0.2,mineral_wool,0.15,west,1.8,1.5,0.85,1.6,10.379,12.521,0.0,-16.888
Dras,34.4306,75.7499,cold,3.0,3.0,2.6,90.0,aerated_concrete,0.2,rcc_slab,0.15,none,0.0,east,0.6,1.5,0.55,2.6,15.32,21.84,0.2738,-16.821
Dras,34.4306,75.7499,cold,3.0,3.0,2.6,135.0,stone,0.45,timber,0.1,sheep_wool,0.05,east,1.8,0.9,0.45,2.0,10.171,12.253,0.0,-16.904
Dras,34.4306,75.7499,cold,3.0,3.0,2.6,0.0,puf_sandwich_panel,0.15,aerated_concrete,0.1,eps,0.05,north,0.6,1.5,0.65,3.5,9.476,13.315,0.0,-16.598
Dras,34.4306,75.7499,cold,3.0,3.0,2.6,180.0,aerated_concrete,0.3,rcc_slab,0.15,eps,0.025,west,0.9,0.6,0.45,2.0,11.186,13.975,0.0,-16.84
Dras,34.4306,75.7499,cold,3.0,3.0,2.6,0.0,mud_brick,0.15,stone,0.15,eps,0.2,north,1.8,0.9,0.55,5.8,9.711,11.477,0.0,-16.862
Dras,34.4306,75.7499,cold,3.0,3.0,2.6,90.0,plywood,0.05,puf_sandwich_panel,0.075,eps,0.15,west,1.8,0.9,0.35,1.2,9.354,12.851,0.0,-16.62
Dras,34.4306,75.7499,cold,3.0,3.0,2.6,90.0,mud_brick,0.45,mud_brick,0.15,mineral_wool,0.15,east,1.8,1.5,0.65,2.0,9.792,11.723,0.0,-16.897
Dras,34.4306,75.7499,cold,3.0,3.0,2.6,135.0,rammed_earth,0.15,aerated_concrete,0.2,xps,0.05,east,0.9,1.2,0.55,1.2,10.936,13.528,0.0,-16.845
Dras,34.4306,75.7499,cold,3.0,3.0,2.6,135.0,rammed_earth,0.45,aerated_concrete,0.2,xps,0.05,west,0.6,1.2,0.55,2.6,9.68,11.297,0.0,-16.895
Dras,34.4306,75.7499,cold,3.0,3.0,2.6,90.0,brick,0.115,mud_brick,0.15,eps,0.15,west,1.5,0.9,0.45,2.0,9.746,11.675,0.0,-16.845
Dras,34.4306,75.7499,cold,3.0,3.0,2.6,135.0,brick,0.115,gi_sheet,0.002,xps,0.15,west,1.2,1.5,0.35,1.6,10.779,13.243,0.0,-16.822
Dras,34.4306,75.7499,cold,3.0,3.0,2.6,90.0,concrete,0.1,timber,0.15,none,0.0,north,1.8,0.6,0.85,2.0,16.986,25.192,0.4524,-17.46
Dras,34.4306,75.7499,cold,3.0,3.0,2.6,90.0,stone,0.3,timber,0.15,eps,0.1,east,1.5,0.9,0.35,2.6,9.312,10.842,0.0,-16.894
Dras,34.4306,75.7499,cold,3.0,3.0,2.6,0.0,rammed_earth,0.45,brick,0.23,eps,0.15,south,1.8,1.2,0.85,2.6,9.919,11.915,0.0,-16.897
Dras,34.4306,75.7499,cold,3.0,3.0,2.6,45.0,concrete,0.1,mud_brick,0.15,sheep_wool,0.05,west,1.2,0.9,0.45,2.6,11.723,14.783,0.0,-16.847
Dras,34.4306,75.7499,cold,3.0,3.0,2.6,135.0,mud_brick,0.15,stone,0.3,eps,0.15,south,0.9,1.5,0.45,3.5,9.441,10.942,0.0,-16.876
Dras,34.4306,75.7499,cold,3.0,3.0,2.6,135.0,concrete,0.2,timber,0.1,sheep_wool,0.15,north,0.9,0.6,0.85,3.5,10.162,11.96,0.0,-16.873
Dras,34.4306,75.7499,cold,3.0,3.0,2.6,90.0,aerated_concrete,0.1,concrete,0.15,xps,0.1,north,1.2,0.6,0.65,1.2,10.367,12.973,0.0,-16.795
Dras,34.4306,75.7499,cold,3.0,3.0,2.6,0.0,concrete,0.3,mud_brick,0.15,eps,0.15,north,0.6,1.5,0.75,1.2,9.007,10.45,0.0,-16.892
Dras,34.4306,75.7499,cold,3.0,3.0,2.6,0.0,concrete,0.1,puf_sandwich_panel,0.15,eps,0.15,west,0.9,0.9,0.35,1.6,9.299,11.304,0.0,-16.826
Dras,34.4306,75.7499,cold,3.0,3.0,2.6,45.0,stone,0.45,stone,0.3,sheep_wool,0.15,south,1.8,1.5,0.55,1.6,9.197,11.09,0.0,-16.908
Dras,34.4306,75.7499,cold,3.0,3.0,2.6,180.0,mud_brick,0.3,mud_brick,0.15,eps,0.05,north,1.5,1.2,0.35,1.6,10.443,12.326,0.0,-16.885
Dras,34.4306,75.7499,cold,3.0,3.0,2.6,135.0,mud_brick,0.15,brick,0.23,mineral_wool,0.15,east,0.6,0.6,0.55,1.6,9.013,10.425,0.0,-16.867
Dras,34.4306,75.7499,cold,3.0,3.0,2.6,45.0,puf_sandwich_panel,0.05,stone,0.15,eps,0.025,north,1.5,1.2,0.55,2.0,12.68,17.117,0.0,-16.763
Dras,34.4306,75.7499,cold,3.0,3.0,2.6,0.0,puf_sandwich_panel,0.1,mud_brick,0.15,eps,0.025,west,1.2,0.9,0.75,1.2,10.731,14.816,0.0,-16.73
Dras,34.4306,75.7499,cold,3.0,3.0,2.6,90.0,concrete,0.1,concrete,0.2,sheep_wool,0.1,south,1.8,0.6,0.85,5.8,10.95,13.472,0.0,-16.857
Dras,34.4306,75.7499,cold,3.0,3.0,2.6,135.0,puf_sandwich_panel,0.05,aerated_concrete,0.2,sheep_wool,0.15,east,0.9,0.6,0.75,2.0,8.71,11.747,0.0,-16.646
Dras,34.4306,75.7499,cold,3.0,3.0,2.6,90.0,puf_sandwich_panel,0.075,concrete,0.2,sheep_wool,0.15,south,1.2,0.6,0.65,3.5,8.722,10.792,0.0,-16.781
Dras,34.4306,75.7499,cold,3.0,3.0,2.6,135.0,stone,0.3,gi_sheet,0.002,eps,0.1,north,1.8,1.5,0.65,2.6,12.434,14.919,0.0,-16.891
Dras,34.4306,75.7499,cold,3.0,3.0,2.6,180.0,rammed_earth,0.45,aerated_concrete,0.2,xps,0.05,north,0.6,1.5,0.75,5.8,9.766,11.476,0.0,-16.895
Dras,34.4306,75.7499,cold,3.0,3.0,2.6,0.0,plywood,0.03,concrete,0.2,xps,0.05,south,1.8,1.2,0.35,2.6,11.525,15.434,0.0,-16.788
Dras,34.4306,75.7499,cold,3.0,3.0,2.6,0.0,stone,0.45,brick,0.115,sheep_wool,0.15,east,1.8,1.2,0.65,1.2,10.829,13.204,0.0,-16.905
Dras,34.4306,75.7499,cold,3.0,3.0,2.6,135.0,brick,0.115,puf_sandwich_panel,0.15,eps,0.05,west,1.8,1.2,0.45,2.6,12.566,16.034,0.0,-16.818
Dras,34.4306,75.7499,cold,3.0,3.0,2.6,180.0,puf_sandwich_panel,0.05,rcc_slab,0.1,eps,0.15,south,1.8,1.2,0.35,1.2,9.299,12.112,0.0,-16.71
Dras,34.4306,75.7499,cold,3.0,3.0,2.6,90.0,stone,0.45,brick,0.115,sheep_wool,0.1,south,1.8,1.2,0.55,2.6,9.605,11.571,0.0,-16.905
Dras,34.4306,75.7499,cold,3.0,3.0,2.6,135.0,mud_brick,0.15,concrete,0.15,xps,0.15,north,1.2,1.2,0.45,2.0,10.276,12.25,0.0,-16.86
Dras,34.4306,75.7499,cold,3.0,3.0,2.6,45.0,stone,0.15,mud_brick,0.15,eps,0.15,south,1.8,1.5,0.75,3.5,11.311,13.897,0.0,-16.87
Dras,34.4306,75.7499,cold,3.0,3.0,2.6,90.0,aerated_concrete,0.3,rcc_slab,0.15,mineral_wool,0.05,north,1.8,1.2,0.55,5.8,12.8,16.206,0.0,-16.839
Dras,34.4306,75.7499,cold,3.0,3.0,2.6,0.0,puf_sandwich_panel,0.1,rcc_slab,0.15,sheep_wool,0.05,east,0.6,0.9,0.55,2.6,10.069,13.041,0.0,-16.751
Dras,34.4306,75.7499,cold,3.0,3.0,2.6,135.0,aerated_concrete,0.2,brick,0.115,mineral_wool,0.05,west,1.5,0.9,0.65,2.0,11.989,15.356,0.0,-16.806
Dras,34.4306,75.7499,cold,3.0,3.0,2.6,90.0,concrete,0.1,mud_brick,0.15,sheep_wool,0.05,east,0.9,0.9,0.85,2.0,11.96,15.145,0.0,-16.847
Dras,34.4306,75.7499,cold,3.0,3.0,2.6,0.0,rammed_earth,0.15,brick,0.23,mineral_wool,0.05,east,0.6,1.5,0.55,1.6,11.538,14.134,0.0,-16.863
Dras,34.4306,75.7499,cold,3.0,3.0,2.6,90.0,timber,0.15,gi_sheet,0.002,xps,0.05,west,0.6,0.9,0.55,3.5,10.198,13.46,0.0,-16.747
Dras,34.4306,75.7499,cold,3.0,3.0,2.6,135.0,plywood,0.03,timber,0.15,mineral_wool,0.15,north,1.5,0.6,0.55,2.6,10.417,14.055,0.0,-16.682
Dras,34.4306,75.7499,cold,3.0,3.0,2.6,0.0,gi_sheet,0.002,brick,0.115,mineral_wool,0.1,north,1.2,0.9,0.45,5.8,10.873,15.014,0.0,-16.731
Dras,34.4306,75.7499,cold,3.0,3.0,2.6,90.0,puf_sandwich_panel,0.05,puf_sandwich_panel,0.05,mineral_wool,0.1,north,0.6,1.5,0.75,2.0,10.493,14.829,0.0,-16.541
Dras,34.4306,75.7499,cold,3.0,3.0,2.6,135.0,concrete,0.1,rcc_slab,0.15,sheep_wool,0.1,north,1.5,1.2,0.35,2.0,11.634,14.379,0.0,-16.85
Dras,34.4306,75.7499,cold,3.0,3.0,2.6,0.0,aerated_concrete,0.1,aerated_concrete,0.1,eps,0.05,north,1.8,1.2,0.55,5.8,11.813,16.805,0.0,-16.714
Dras,34.4306,75.7499,cold,3.0,3.0,2.6,0.0,stone,0.3,timber,0.15,sheep_wool,0.1,south,1.8,0.6,0.45,1.6,9.365,10.939,0.0,-16.894
Dras,34.4306,75.7499,cold,3.0,3.0,2.6,45.0,puf_sandwich_panel,0.15,rcc_slab,0.1,eps,0.05,south,1.5,0.6,0.85,1.6,9.96,13.641,0.0,-16.712
Dras,34.4306,75.7499,cold,3.0,3.0,2.6,45.0,gi_sheet,0.002,gi_sheet,0.002,xps,0.1,east,0.9,1.5,0.65,2.6,12.075,18.152,0.0119,-16.594
Dras,34.4306,75.7499,cold,3.0,3.0,2.6,45.0,aerated_concrete,0.2,aerated_concrete,0.1,eps,0.2,south,0.9,1.2,0.85,1.6,9.311,11.789,0.0,-16.78
Dras,34.4306,75.7499,cold,3.0,3.0,2.6,135.0,gi_sheet,0.002,aerated_concrete,0.1,eps,0.025,east,1.5,1.5,0.65,3.5,14.288,23.553,0.3095,-16.625
Dras,34.4306,75.7499,cold,3.0,3.0,2.6,90.0,mud_brick,0.15,mud_brick,0.25,eps,0.2,west,0.9,1.2,0.45,5.8,9.088,10.529,0.0,-16.866
Dras,34.4306,75.7499,cold,3.0,3.0,2.6,0.0,mud_brick,0.45,mud_brick,0.15,eps,0.2,south,1.8,0.6,0.45,3.5,8.177,9.331,0.0,-16.898
Dras,34.4306,75.7499,cold,3.0,3.0,2.6,0.0,brick,0.115,aerated_concrete,0.1,sheep_wool,0.05,west,1.5,0.9,0.85,1.2,12.146,15.814,0.0,-16.826
Dras,34.4306,75.7499,cold,3.0,3.0,2.6,0.0,mud_brick,0.15,concrete,0.1,xps,0.05,north,1.8,0.6,0.65,1.6,11.106,13.662,0.0,-16.855
Dras,34.4306,75.7499,cold,3.0,3.0,2.6,45.0,gi_sheet,0.002,aerated_concrete,0.1,mineral_wool,0.15,north,1.5,0.9,0.75,2.0,11.965,16.869,0.0,-16.657
Dras,34.4306,75.7499,cold,3.0,3.0,2.6,135.0,rammed_earth,0.45,rcc_slab,0.1,eps,0.2,west,1.5,1.2,0.85,2.0,10.756,12.816,0.0,-16.896
Dras,34.4306,75.7499,cold,3.0,3.0,2.6,45.0,rammed_earth,0.45,concrete,0.1,sheep_wool,0.15,south,0.9,0.6,0.75,1.2,8.359,9.574,0.0,-16.897
Dras,34.4306,75.7499,cold,3.0,3.0,2.6,45.0,rammed_earth,0.15,puf_sandwich_panel,0.1,xps,0.15,west,1.8,0.9,0.35,1.2,9.105,10.871,0.0,-16.836
Dras,34.4306,75.7499,cold,3.0,3.0,2.6,0.0,puf_sandwich_panel,0.1,aerated_concrete,0.2,xps,0.15,north,0.9,1.5,0.45,1.2,8.644,11.367,0.0,-16.655
Dras,34.4306,75.7499,cold,3.0,3.0,2.6,180.0,stone,0.3,mud_brick,0.25,xps,0.1,west,0.9,0.9,0.65,1.2,10.042,11.839,0.0,-16.898
Dras,34.4306,75.7499,cold,3.0,3.0,2.6,180.0,brick,0.115,stone,0.15,mineral_wool,0.05,south,0.9,0.6,0.75,1.6,11.578,14.335,0.0,-16.853
Dras,34.4306,75.7499,cold,3.0,3.0,2.6,0.0,aerated_concrete,0.3,puf_sandwich_panel,0.05,eps,0.05,east,0.6,1.2,0.55,3.5,10.026,12.39,0.0,-16.804
Dras,34.4306,75.7499,cold,3.0,3.0,2.6,45.0,concrete,0.2,mud_brick,0.15,xps,0.1,east,0.6,0.6,0.75,5.8,9.696,11.292,0.0,-16.879
Dras,34.4306,75.7499,cold,3.0,3.0,2.6,135.0,rammed_earth,0.15,concrete,0.15,sheep_wool,0.05,south,1.8,1.2,0.55,1.6,12.045,15.074,0.0,-16.856
Dras,34.4306,75.7499,cold,3.0,3.0,2.6,45.0,plywood,0.012,brick,0.23,xps,0.05,north,0.9,0.6,0.85,1.2,11.861,15.772,0.0,-16.778
Dras,34.4306,75.7499,cold,3.0,3.0,2.6,135.0,gi_sheet,0.002,stone,0.3,eps,0.2,east,1.2,0.9,0.85,2.0,10.659,13.209,0.0,-16.833
Dras,34.4306,75.7499,cold,3.0,3.0,2.6,135.0,concrete,0.15,concrete,0.1,mineral_wool,0.1,south,0.9,0.6,0.35,3.5,10.096,11.985,0.0,-16.866
Dras,34.4306,75.7499,cold,3.0,3.0,2.6,45.0,timber,0.15,timber,0.15,mineral_wool,0.15,east,0.9,0.6,0.35,1.6,8.73,10.674,0.0,-16.777
Dras,34.4306,75.7499,cold,3.0,3.0,2.6,90.0,aerated_concrete,0.3,stone,0.3,xps,0.1,north,0.6,1.5,0.35,1.6,9.136,10.589,0.0,-16.865
Dras,34.4306,75.7499,cold,3.0,3.0,2.6,180.0,aerated_concrete,0.3,aerated_concrete,0.2,sheep_wool,0.1,south,0.9,1.5,0.55,2.0,9.573,11.649,0.0,-16.818
Dras,34.4306,75.7499,cold,3.0,3.0,2.6,135.0,brick,0.345,rcc_slab,0.25,eps,0.15,east,0.9,0.6,0.35,2.6,8.396,9.558,0.0,-16.895
Dras,34.4306,75.7499,cold,3.0,3.0,2.6,90.0,rammed_earth,0.15,aerated_concrete,0.1,none,0.0,north,1.5,1.2,0.55,1.2,15.98,22.34,0.3571,-16.839
Dras,34.4306,75.7499,cold,3.0,3.0,2.6,180.0,gi_sheet,0.002,rcc_slab,0.2,xps,0.05,west,0.9,0.6,0.65,2.0,12.518,16.637,0.0,-16.788
Dras,34.4306,75.7499,cold,3.0,3.0,2.6,135.0,aerated_concrete,0.3,mud_brick,0.15,mineral_wool,0.1,south,1.8,0.9,0.35,3.5,9.435,11.378,0.0,-16.836
Dras,34.4306,75.7499,cold,3.0,3.0,2.6,135.0,gi_sheet,0.002,timber,0.1,eps,0.025,north,0.6,0.6,0.65,2.6,13.395,20.73,0.1786,-16.632
Dras,34.4306,75.7499,cold,3.0,3.0,2.6,180.0,stone,0.15,puf_sandwich_panel,0.15,eps,0.15,south,1.8,1.5,0.65,1.2,11.363,13.761,0.0,-16.859
Dras,34.4306,75.7499,cold,3.0,3.0,2.6,45.0,rammed_earth,0.15,stone,0.3,eps,0.15,east,1.2,1.5,0.55,1.2,10.646,12.654,0.0,-16.874
Dras,34.4306,75.7499,cold,3.0,3.0,2.6,135.0,plywood,0.019,aerated_concrete,0.1,none,0.0,south,0.6,0.6,0.55,5.8,15.848,27.223,0.4167,-19.593
Dras,34.4306,75.7499,cold,3.0,3.0,2.6,135.0,puf_sandwich_panel,0.05,aerated_concrete,0.2,eps,0.05,west,1.5,1.5,0.85,1.2,13.932,19.904,0.2024,-16.639
Dras,34.4306,75.7499,cold,3.0,3.0,2.6,0.0,puf_sandwich_panel,0.15,mud_brick,0.15,xps,0.05,west,0.6,0.9,0.55,1.2,8.949,11.542,0.0,-16.734
Dras,34.4306,75.7499,cold,3.0,3.0,2.6,180.0,plywood,0.05,mud_brick,0.15,eps,0.15,east,1.5,1.2,0.45,5.8,10.344,13.69,0.0,-16.759
Dras,34.4306,75.7499,cold,3.0,3.0,2.6,90.0,aerated_concrete,0.1,mud_brick,0.15,xps,0.05,east,0.6,1.2,0.75,2.0,10.812,14.184,0.0,-16.783
Dras,34.4306,75.7499,cold,3.0,3.0,2.6,90.0,concrete,0.1,stone,0.15,sheep_wool,0.05,east,0.9,1.2,0.85,5.8,12.24,15.53,0.0,-16.854
Dras,34.4306,75.7499,cold,3.0,3.0,2.6,90.0,gi_sheet,0.002,brick,0.115,xps,0.05,west,1.8,1.5,0.85,1.6,13.695,20.07,0.1429,-16.721
Dras,34.4306,75.7499,cold,3.0,3.0,2.6,0.0,gi_sheet,0.002,gi_sheet,0.002,mineral_wool,0.05,north,0.9,1.2,0.35,2.0,11.865,18.494,0.0179,-16.596
Dras,34.4306,75.7499,cold,3.0,3.0,2.6,90.0,rammed_earth,0.15,concrete,0.2,xps,0.05,east,0.9,0.6,0.45,5.8,10.603,12.853,0.0,-16.864
Dras,34.4306,75.7499,cold,3.0,3.0,2.6,135.0,timber,0.15,aerated_concrete,0.1,eps,0.2,south,1.5,0.9,0.55,3.5,9.259,11.75,0.0,-16.761
Dras,34.4306,75.7499,cold,3.0,3.0,2.6,180.0,gi_sheet,0.002,timber,0.15,mineral_wool,0.05,east,1.2,1.5,0.85,1.2,13.266,20.401,0.1369,-16.661
Dras,34.4306,75.7499,cold,3.0,3.0,2.6,180.0,mud_brick,0.15,puf_sandwich_panel,0.05,xps,0.1,north,1.8,0.9,0.35,1.6,9.956,12.082,0.0,-16.839
Dras,34.4306,75.7499,cold,3.0,3.0,2.6,0.0,rammed_earth,0.15,puf_sandwich_panel,0.1,eps,0.05,south,1.8,1.2,0.45,1.2,11.029,13.892,0.0,-16.834
Dras,34.4306,75.7499,cold,3.0,3.0,2.6,90.0,mud_brick,0.15,aerated_concrete,0.2,mineral_wool,0.05,south,1.2,1.2,0.35,3.5,10.767,13.291,0.0,-16.848
Dras,34.4306,75.7499,cold,3.0,3.0,2.6,180.0,gi_sheet,0.002,concrete,0.15,xps,0.15,west,0.6,1.5,0.75,1.2,12.051,15.755,0.0,-16.766
Dras,34.4306,75.7499,cold,3.0,3.0,2.6,180.0,timber,0.15,rcc_slab,0.15,sheep_wool,0.05,west,1.8,1.5,0.35,2.6,12.648,16.394,0.0,-16.809
Dras,34.4306,75.7499,cold,3.0,3.0,2.6,0.0,plywood,0.05,concrete,0.2,mineral_wool,0.15,east,1.5,0.6,0.35,1.2,9.57,11.748,0.0,-16.801
Dras,34.4306,75.7499,cold,3.0,3.0,2.6,180.0,puf_sandwich_panel,0.075,stone,0.15,none,0.0,east,0.6,0.9,0.55,1.6,14.891,22.67,0.2738,-16.764
Dras,34.4306,75.7499,cold,3.0,3.0,2.6,180.0,aerated_concrete,0.3,brick,0.115,sheep_wool,0.05,east,1.2,0.9,0.75,1.6,10.679,13.411,0.0,-16.829
Dras,34.4306,75.7499,cold,3.0,3.0,2.6,45.0,concrete,0.2,puf_sandwich_panel,0.15,eps,0.15,south,1.2,1.5,0.65,1.6,9.915,11.787,0.0,-16.869
Dras,34.4306,75.7499,cold,3.0,3.0,2.6,0.0,aerated_concrete,0.3,aerated_concrete,0.1,eps,0.15,north,1.5,1.5,0.65,5.8,10.551,13.253,0.0,-16.809
Dras,34.4306,75.7499,cold,3.0,3.0,2.6,90.0,timber,0.1,mud_brick,0.15,mineral_wool,0.1,west,1.5,1.5,0.45,1.6,10.381,13.204,0.0,-16.788
Dras,34.4306,75.7499,cold,3.0,3.0,2.6,180.0,rammed_earth,0.3,rcc_slab,0.25,eps,0.025,north,0.6,1.5,0.55,2.0,11.514,13.839,0.0,-16.889
Dras,34.4306,75.7499,cold,3.0,3.0,2.6,90.0,plywood,0.03,gi_sheet,0.002,eps,0.1,west,1.5,0.9,0.65,1.6,10.737,15.728,0.0,-16.593
Dras,34.4306,75.7499,cold,3.0,3.0,2.6,45.0,brick,0.345,rcc_slab,0.1,eps,0.025,west,0.9,0.9,0.35,1.2,11.432,13.679,0.0,-16.89
Dras,34.4306,75.7499,cold,3.0,3.0,2.6,135.0,stone,0.15,gi_sheet,0.002,xps,0.05,east,1.2,1.2,0.55,1.6,11.732,14.527,0.0,-16.862
Dras,34.4306,75.7499,cold,3.0,3.0,2.6,90.0,gi_sheet,0.002,aerated_concrete,0.2,mineral_wool,0.15,west,0.6,1.2,0.35,2.6,9.863,13.329,0.0,-16.694
Dras,34.4306,75.7499,cold,3.0,3.0,2.6,0.0,stone,0.3,concrete,0.2,sheep_wool,0.15,west,1.2,0.9,0.75,3.5,9.222,10.864,0.0,-16.898
Dras,34.4306,75.7499,cold,3.0,3.0,2.6,180.0,puf_sandwich_panel,0.1,gi_sheet,0.002,eps,0.05,west,1.8,0.6,0.45,1.2,10.602,15.465,0.0,-16.536
Dras,34.4306,75.7499,cold,3.0,3.0,2.6,135.0,stone,0.3,brick,0.115,none,0.0,south,1.2,1.5,0.65,2.6,16.388,21.38,0.3631,-16.895
Dras,34.4306,75.7499,cold,3.0,3.0,2.6,180.0,brick,0.345,gi_sheet,0.002,eps,0.2,east,1.5,1.5,0.65,2.6,9.834,11.578,0.0,-16.885
Dras,34.4306,75.7499,cold,3.0,3.0,2.6,0.0,mud_brick,0.15,concrete,0.15,mineral_wool,0.1,north,1.2,0.6,0.65,3.5,9.77,11.594,0.0,-16.862
Dras,34.4306,75.7499,cold,3.0,3.0,2.6,45.0,rammed_earth,0.3,aerated_concrete,0.2,eps,0.15,south,1.2,1.2,0.65,3.5,9.373,10.863,0.0,-16.88
Dras,34.4306,75.7499,cold,3.0,3.0,2.6,180.0,rammed_earth,0.3,gi_sheet,0.002,sheep_wool,0.1,east,1.8,1.2,0.85,1.2,11.021,13.278,0.0,-16.876
Dras,34.4306,75.7499,cold,3.0,3.0,2.6,135.0,plywood,0.012,timber,0.15,eps,0.05,south,1.8,0.6,0.75,3.5,12.087,18.136,0.0119,-16.633
Dras,34.4306,75.7499,cold,3.0,3.0,2.6,135.0,plywood,0.03,puf_sandwich_panel,0.15,xps,0.1,west,1.8,1.5,0.55,5.8,13.069,19.106,0.1071,-16.583
Dras,34.4306,75.7499,cold,3.0,3.0,2.6,45.0,gi_sheet,0.002,mud_brick,0.25,mineral_wool,0.15,west,1.5,1.5,0.75,2.6,11.339,14.953,0.0,-16.796
Dras,34.4306,75.7499,cold,3.0,3.0,2.6,0.0,rammed_earth,0.3,gi_sheet,0.002,xps,0.15,north,1.8,0.6,0.35,3.5,8.704,9.89,0.0,-16.878
Dras,34.4306,75.7499,cold,3.0,3.0,2.6,90.0,plywood,0.012,gi_sheet,0.002,none,0.0,north,1.5,1.2,0.55,2.0,18.318,34.644,0.381,-21.829
Dras,34.4306,75.7499,cold,3.0,3.0,2.6,0.0,timber,0.15,gi_sheet,0.002,eps,0.05,east,0.6,1.5,0.55,3.5,11.377,15.22,0.0,-16.745
Dras,34.4306,75.7499,cold,3.0,3.0,2.6,0.0,concrete,0.1,stone,0.15,eps,0.05,south,1.2,0.6,0.45,2.0,11.335,14.12,0.0,-16.854
Dras,34.4306,75.7499,cold,3.0,3.0,2.6,45.0,brick,0.115,brick,0.23,eps,0.025,west,0.6,0.6,0.55,3.5,12.583,15.983,0.0,-16.855
Dras,34.4306,75.7499,cold,3.0,3.0,2.6,180.0,brick,0.115,puf_sandwich_panel,0.075,xps,0.05,south,1.2,1.2,0.45,3.5,11.37,14.385,0.0,-16.82
Dras,34.4306,75.7499,cold,3.0,3.0,2.6,180.0,rammed_earth,0.45,brick,0.23,mineral_wool,0.05,south,0.6,0.6,0.65,3.5,9.456,11.092,0.0,-16.899
Dras,34.4306,75.7499,cold,3.0,3.0,2.6,135.0,rammed_earth,0.45,timber,0.15,sheep_wool,0.15,east,0.6,0.9,0.85,1.6,8.447,9.671,0.0,-16.895
Dras,34.4306,75.7499,cold,3.0,3.0,2.6,0.0,rammed_earth,0.3,gi_sheet,0.002,sheep_wool,0.1,west,1.2,0.9,0.65,3.5,9.722,11.388,0.0,-16.878
Dras,34.4306,75.7499,cold,3.0,3.0,2.6,135.0,rammed_earth,0.15,stone,0.3,eps,0.1,west,0.6,1.2,0.55,2.0,10.089,11.821,0.0,-16.875
Dras,34.4306,75.7499,cold,3.0,3.0,2.6,0.0,puf_sandwich_panel,0.1,stone,0.15,mineral_wool,0.1,east,1.2,1.2,0.85,1.6,12.164,15.764,0.0,-16.771
Dras,34.4306,75.7499,cold,3.0,3.0,2.6,135.0,rammed_earth,0.15,brick,0.23,mineral_wool,0.1,north,1.2,0.6,0.65,2.6,10.452,12.5,0.0,-16.864
Dras,34.4306,75.7499,cold,3.0,3.0,2.6,180.0,gi_sheet,0.002,rcc_slab,0.2,none,0.0,east,0.9,1.2,0.35,2.0,17.395,29.63,0.4524,-21.853
Dras,34.4306,75.7499,cold,3.0,3.0,2.6,90.0,plywood,0.03,brick,0.115,none,0.0,west,1.2,1.2,0.85,2.0,16.962,28.686,0.4464,-18.296
Dras,34.4306,75.7499,cold,3.0,3.0,2.6,45.0,aerated_concrete,0.3,stone,0.15,eps,0.1,west,0.6,1.5,0.45,5.8,9.182,10.929,0.0,-16.844
Dras,34.4306,75.7499,cold,3.0,3.0,2.6,90.0,puf_sandwich_panel,0.1,timber,0.1,eps,0.025,east,0.6,0.9,0.85,1.2,9.834,14.345,0.0,-16.592
Dras,34.4306,75.7499,cold,3.0,3.0,2.6,0.0,rammed_earth,0.3,brick,0.115,eps,0.05,south,1.5,0.6,0.85,5.8,10.792,12.9,0.0,-16.883
Dras,34.4306,75.7499,cold,3.0,3.0,2.6,135.0,plywood,0.012,gi_sheet,0.002,none,0.0,south,1.2,0.6,0.55,3.5,17.876,33.699,0.4345,-21.904
Dras,34.4306,75.7499,cold,3.0,3.0,2.6,180.0,aerated_concrete,0.2,timber,0.1,eps,0.05,north,1.5,0.6,0.35,3.5,10.116,13.031,0.0,-16.779
Dras,34.4306,75.7499,cold,3.0,3.0,2.6,45.0,concrete,0.1,aerated_concrete,0.2,eps,0.1,west,1.8,1.5,0.75,5.8,11.97,15.491,0.0,-16.832
Dras,34.4306,75.7499,cold,3.0,3.0,2.6,0.0,plywood,0.019,stone,0.3,xps,0.05,east,0.6,1.5,0.45,5.8,11.59,14.698,0.0,-16.83
Dras,34.4306,75.7499,cold,3.0,3.0,2.6,90.0,stone,0.3,puf_sandwich_panel,0.1,mineral_wool,0.15,east,0.9,0.6,0.65,2.0,8.557,9.812,0.0,-16.894
Dras,34.4306,75.7499,cold,3.0,3.0,2.6,180.0,stone,0.3,puf_sandwich_panel,0.1,xps,0.05,west,1.2,1.5,0.55,1.6,11.697,13.862,0.0,-16.892
Dras,34.4306,75.7499,cold,3.0,3.0,2.6,90.0,gi_sheet,0.002,stone,0.3,none,0.0,east,0.6,0.9,0.55,3.5,17.184,27.523,0.4583,-20.698
Dras,34.4306,75.7499,cold,3.0,3.0,2.6,180.0,brick,0.23,aerated_concrete,0.1,eps,0.15,north,0.9,1.2,0.85,1.6,9.929,11.75,0.0,-16.87
Dras,34.4306,75.7499,cold,3.0,3.0,2.6,45.0,puf_sandwich_panel,0.1,concrete,0.15,eps,0.05,north,0.6,0.6,0.85,3.5,9.81,12.61,0.0,-16.751
Dras,34.4306,75.7499,cold,3.0,3.0,2.6,45.0,brick,0.115,mud_brick,0.25,sheep_wool,0.05,west,0.9,1.5,0.55,1.2,11.612,14.444,0.0,-16.856
Dras,34.4306,75.7499,cold,3.0,3.0,2.6,0.0,timber,0.15,concrete,0.1,sheep_wool,0.15,south,1.5,1.2,0.75,1.6,10.483,13.546,0.0,-16.795
Dras,34.4306,75.7499,cold,3.0,3.0,2.6,90.0,mud_brick,0.3,aerated_concrete,0.2,xps,0.1,east,0.6,1.5,0.65,2.0,9.112,10.464,0.0,-16.883
Dras,34.4306,75.7499,cold,3.0,3.0,2.6,0.0,timber,0.2,concrete,0.2,sheep_wool,0.15,west,1.5,1.2,0.85,2.0,10.278,12.753,0.0,-16.835
Dras,34.4306,75.7499,cold,3.0,3.0,2.6,135.0,plywood,0.019,aerated_concrete,0.2,none,0.0,north,1.2,0.6,0.85,2.0,16.019,26.707,0.4226,-18.985
Dras,34.4306,75.7499,cold,3.0,3.0,2.6,135.0,puf_sandwich_panel,0.075,timber,0.1,none,0.0,north,1.5,1.2,0.55,5.8,12.942,20.307,0.1667,-16.586
Dras,34.4306,75.7499,cold,3.0,3.0,2.6,0.0,puf_sandwich_panel,0.1,aerated_concrete,0.1,eps,0.15,south,1.8,1.2,0.45,5.8,10.006,14.738,0.0,-16.601
Dras,34.4306,75.7499,cold,3.0,3.0,2.6,135.0,puf_sandwich_panel,0.15,gi_sheet,0.002,xps,0.15,south,1.5,0.6,0.65,2.6,8.582,11.989,0.0,-16.564
Dras,34.4306,75.7499,cold,3.0,3.0,2.6,180.0,aerated_concrete,0.2,puf_sandwich_panel,0.15,eps,0.025,south,0.9,1.5,0.85,1.2,10.942,14.355,0.0,-16.763
Dras,34.4306,75.7499,cold,3.0,3.0,2.6,45.0,gi_sheet,0.002,aerated_concrete,0.2,eps,0.025,east,0.9,0.9,0.65,2.0,13.368,20.46,0.1607,-16.671
Dras,34.4306,75.7499,cold,3.0,3.0,2.6,45.0,gi_sheet,0.002,aerated_concrete,0.1,sheep_wool,0.1,south,0.9,0.9,0.85,2.0,11.091,16.65,0.0,-16.632
Dras,34.4306,75.7499,cold,3.0,3.0,2.6,90.0,mud_brick,0.15,brick,0.115,xps,0.05,north,0.6,1.2,0.35,2.6,10.982,13.44,0.0,-16.855
Dras,34.4306,75.7499,cold,3.0,3.0,2.6,135.0,puf_sandwich_panel,0.05,timber,0.15,sheep_wool,0.1,north,1.8,0.6,0.75,3.5,10.787,15.223,0.0,-16.623
Dras,34.4306,75.7499,cold,3.0,3.0,2.6,45.0,plywood,0.03,concrete,0.1,eps,0.05,west,0.9,0.9,0.65,5.8,11.567,16.308,0.0,-16.727
Dras,34.4306,75.7499,cold,3.0,3.0,2.6,135.0,gi_sheet,0.002,concrete,0.1,sheep_wool,0.1,south,1.5,1.2,0.55,1.2,11.839,16.497,0.0,-16.726
Dras,34.4306,75.7499,cold,3.0,3.0,2.6,180.0,puf_sandwich_panel,0.15,stone,0.3,xps,0.1,west,1.5,1.2,0.35,1.2,9.847,11.849,0.0,-16.829
Dras,34.4306,75.7499,cold,3.0,3.0,2.6,135.0,plywood,0.05,mud_brick,0.15,none,0.0,east,0.9,0.6,0.45,1.2,15.183,23.456,0.3333,-16.756
Dras,34.4306,75.7499,cold,3.0,3.0,2.6,90.0,stone,0.15,concrete,0.15,eps,0.025,east,0.6,1.5,0.65,1.6,12.766,16.007,0.0,-16.874
Dras,34.4306,75.7499,cold,3.0,3.0,2.6,45.0,puf_sandwich_panel,0.15,puf_sandwich_panel,0.075,xps,0.05,south,0.6,0.9,0.45,1.2,8.123,11.202,0.0,-16.529
Dras,34.4306,75.7499,cold,3.0,3.0,2.6,0.0,gi_sheet,0.002,puf_sandwich_panel,0.1,eps,0.2,west,1.2,1.5,0.35,2.6,10.093,15.149,0.0,-16.588
Dras,34.4306,75.7499,cold,3.0,3.0,2.6,135.0,brick,0.115,mud_brick,0.25,eps,0.2,south,1.5,1.2,0.35,3.5,9.782,11.628,0.0,-16.856
Dras,34.4306,75.7499,cold,3.0,3.0,2.6,180.0,brick,0.345,gi_sheet,0.002,mineral_wool,0.15,north,1.2,1.5,0.85,1.6,10.185,12.05,0.0,-16.886
Dras,34.4306,75.7499,cold,3.0,3.0,2.6,45.0,aerated_concrete,0.3,puf_sandwich_panel,0.05,eps,0.1,south,1.8,1.2,0.55,3.5,10.148,12.969,0.0,-16.8
Dras,34.4306,75.7499,cold,3.0,3.0,2.6,135.0,rammed_earth,0.45,timber,0.15,eps,0.2,east,0.6,1.5,0.45,1.6,8.115,9.189,0.0,-16.895
Dras,34.4306,75.7499,cold,3.0,3.0,2.6,180.0,stone,0.45,mud_brick,0.15,eps,0.1,south,1.5,0.6,0.85,1.2,9.183,10.921,0.0,-16.906
Dras,34.4306,75.7499,cold,3.0,3.0,2.6,180.0,brick,0.23,puf_sandwich_panel,0.075,sheep_wool,0.15,west,0.9,0.9,0.55,5.8,10.051,11.813,0.0,-16.868
Dras,34.4306,75.7499,cold,3.0,3.0,2.6,180.0,mud_brick,0.3,timber,0.15,mineral_wool,0.15,south,0.6,1.5,0.85,2.0,9.112,10.448,0.0,-16.883
Dras,34.4306,75.7499,cold,3.0,3.0,2.6,135.0,rammed_earth,0.3,rcc_slab,0.15,eps,0.05,east,0.9,1.2,0.55,2.0,10.556,12.484,0.0,-16.885
Dras,34.4306,75.7499,cold,3.0,3.0,2.6,180.0,timber,0.15,gi_sheet,0.002,eps,0.1,west,1.5,1.5,0.65,2.0,13.457,18.173,0.0238,-16.742
Dras,34.4306,75.7499,cold,3.0,3.0,2.6,180.0,aerated_concrete,0.2,concrete,0.1,none,0.0,south,1.8,1.5,0.75,1.2,16.958,25.247,0.4405,-16.803
Dras,34.4306,75.7499,cold,3.0,3.0,2.6,45.0,rammed_earth,0.45,stone,0.3,eps,0.15,south,0.6,0.9,0.65,2.6,8.073,9.217,0.0,-16.902
Dras,34.4306,75.7499,cold,3.0,3.0,2.6,180.0,mud_brick,0.15,gi_sheet,0.002,xps,0.1,north,1.2,0.9,0.35,2.6,9.954,12.06,0.0,-16.842
Dras,34.4306,75.7499,cold,3.0,3.0,2.6,45.0,plywood,0.019,gi_sheet,0.002,mineral_wool,0.1,west,0.9,1.2,0.35,2.0,10.212,14.921,0.0,-16.592
Dras,34.4306,75.7499,cold,3.0,3.0,2.6,135.0,brick,0.115,stone,0.15,eps,0.2,north,1.2,1.5,0.65,2.6,11.691,14.376,0.0,-16.852
Dras,34.4306,75.7499,cold,3.0,3.0,2.6,180.0,timber,0.2,concrete,0.1,eps,0.1,east,1.8,0.9,0.35,1.2,9.493,11.73,0.0,-16.81
Dras,34.4306,75.7499,cold,3.0,3.0,2.6,135.0,aerated_concrete,0.2,aerated_concrete,0.1,xps,0.15,north,1.8,0.6,0.85,1.6,10.706,13.618,0.0,-16.78
Dras,34.4306,75.7499,cold,3.0,3.0,2.6,0.0,gi_sheet,0.002,stone,0.15,sheep_wool,0.1,west,1.2,1.2,0.35,5.8,10.941,14.708,0.0,-16.776
Dras,34.4306,75.7499,cold,3.0,3.0,2.6,45.0,rammed_earth,0.3,stone,0.15,eps,0.15,west,1.8,1.5,0.45,1.6,9.47,11.074,0.0,-16.884
Dras,34.4306,75.7499,cold,3.0,3.0,2.6,180.0,rammed_earth,0.15,aerated_concrete,0.2,sheep_wool,0.1,north,0.9,0.6,0.45,3.5,9.926,11.959,0.0,-16.846
Dras,34.4306,75.7499,cold,3.0,3.0,2.6,90.0,timber,0.1,rcc_slab,0.25,xps,0.1,south,1.8,1.2,0.65,5.8,10.877,13.85,0.0,-16.826
Dras,34.4306,75.7499,cold,3.0,3.0,2.6,0.0,gi_sheet,0.002,rcc_slab,0.15,sheep_wool,0.05,west,1.2,1.2,0.55,1.6,12.363,17.538,0.0,-16.762
Dras,34.4306,75.7499,cold,3.0,3.0,2.6,135.0,plywood,0.05,brick,0.115,sheep_wool,0.15,south,1.5,0.9,0.65,1.6,10.173,13.467,0.0,-16.739
Dras,34.4306,75.7499,cold,3.0,3.0,2.6,90.0,mud_brick,0.45,gi_sheet,0.002,eps,0.05,north,0.9,0.9,0.35,2.0,9.769,11.43,0.0,-16.896
Dras,34.4306,75.7499,cold,3.0,3.0,2.6,180.0,brick,0.23,aerated_concrete,0.2,none,0.0,south,0.6,0.6,0.85,5.8,13.993,17.936,0.0,-16.872
Dras,34.4306,75.7499,cold,3.0,3.0,2.6,0.0,aerated_concrete,0.2,gi_sheet,0.002,eps,0.2,south,0.9,1.5,0.75,5.8,9.884,12.843,0.0,-16.77
Dras,34.4306,75.7499,cold,3.0,3.0,2.6,0.0,brick,0.115,timber,0.1,none,0.0,north,0.6,1.2,0.55,2.6,15.846,22.907,0.3512,-16.828
Dras,34.4306,75.7499,cold,3.0,3.0,2.6,45.0,mud_brick,0.45,aerated_concrete,0.1,eps,0.05,south,1.2,0.9,0.55,2.6,9.614,11.311,0.0,-16.896
Dras,34.4306,75.7499,cold,3.0,3.0,2.6,45.0,concrete,0.3,mud_brick,0.25,eps,0.15,north,0.9,0.9,0.75,3.5,9.474,11.034,0.0,-16.895
Dras,34.4306,75.7499,cold,3.0,3.0,2.6,135.0,mud_brick,0.15,gi_sheet,0.002,eps,0.025,west,1.8,0.6,0.35,1.6,12.895,16.619,0.0,-16.841
Dras,34.4306,75.7499,cold,3.0,3.0,2.6,135.0,mud_brick,0.3,aerated_concrete,0.1,eps,0.025,north,0.6,0.6,0.55,5.8,11.086,13.27,0.0,-16.882
Dras,34.4306,75.7499,cold,3.0,3.0,2.6,135.0,aerated_concrete,0.2,stone,0.3,none,0.0,south,1.8,0.6,0.35,5.8,14.416,19.254,0.0714,-16.855
Dras,34.4306,75.7499,cold,3.0,3.0,2.6,45.0,plywood,0.012,gi_sheet,0.002,mineral_wool,0.15,south,0.6,1.5,0.85,2.6,10.33,15.461,0.0,-16.594
Dras,34.4306,75.7499,cold,3.0,3.0,2.6,135.0,gi_sheet,0.002,gi_sheet,0.002,none,0.0,north,0.9,1.5,0.45,2.6,18.171,33.869,0.4167,-23.171
Dras,34.4306,75.7499,cold,3.0,3.0,2.6,45.0,gi_sheet,0.002,stone,0.15,sheep_wool,0.15,north,0.9,1.5,0.45,3.5,11.06,14.37,0.0,-16.777
Dras,34.4306,75.7499,cold,3.0,3.0,2.6,0.0,concrete,0.1,puf_sandwich_panel,0.075,eps,0.15,north,0.9,1.5,0.55,5.8,10.199,12.65,0.0,-16.824
Dras,34.4306,75.7499,cold,3.0,3.0,2.6,0.0,brick,0.23,gi_sheet,0.002,xps,0.1,south,0.9,0.6,0.65,1.6,9.349,10.939,0.0,-16.869
Dras,34.4306,75.7499,cold,3.0,3.0,2.6,135.0,gi_sheet,0.002,timber,0.15,none,0.0,north,1.8,0.6,0.85,2.0,17.213,29.801,0.4583,-22.197
Dras,34.4306,75.7499,cold,3.0,3.0,2.6,0.0,brick,0.23,mud_brick,0.25,xps,0.15,east,1.8,1.2,0.35,2.6,10.371,12.15,0.0,-16.88
Dras,34.4306,75.7499,cold,3.0,3.0,2.6,45.0,stone,0.3,gi_sheet,0.002,eps,0.15,east,0.6,1.5,0.45,1.6,9.139,10.569,0.0,-16.893
Dras,34.4306,75.7499,cold,3.0,3.0,2.6,135.0,brick,0.345,brick,0.23,eps,0.2,west,1.8,0.9,0.45,1.2,9.436,10.925,0.0,-16.893
Dras,34.4306,75.7499,cold,3.0,3.0,2.6,45.0,brick,0.23,timber,0.15,none,0.0,east,1.2,1.2,0.35,3.5,14.502,18.743,0.0417,-16.87
Dras,34.4306,75.7499,cold,3.0,3.0,2.6,45.0,gi_sheet,0.002,gi_sheet,0.002,mineral_wool,0.05,east,0.6,0.9,0.85,1.6,12.411,19.184,0.0714,-16.597
Dras,34.4306,75.7499,cold,3.0,3.0,2.6,90.0,rammed_earth,0.45,aerated_concrete,0.2,eps,0.2,north,1.8,1.2,0.45,3.5,10.148,11.877,0.0,-16.894
Dras,34.4306,75.7499,cold,3.0,3.0,2.6,90.0,aerated_concrete,0.1,rcc_slab,0.2,eps,0.1,west,1.5,0.9,0.35,1.6,9.707,11.96,0.0,-16.811
Dras,34.4306,75.7499,cold,3.0,3.0,2.6,180.0,puf_sandwich_panel,0.1,puf_sandwich_panel,0.075,mineral_wool,0.05,east,1.2,0.9,0.35,1.6,8.626,12.225,0.0,-16.531
Dras,34.4306,75.7499,cold,3.0,3.0,2.6,45.0,aerated_concrete,0.3,brick,0.23,xps,0.05,north,0.6,1.2,0.45,2.6,10.029,12.072,0.0,-16.847
Dras,34.4306,75.7499,cold,3.0,3.0,2.6,90.0,mud_brick,0.15,brick,0.115,eps,0.1,east,1.8,0.6,0.65,1.2,10.136,12.26,0.0,-16.854
Dras,34.4306,75.7499,cold,3.0,3.0,2.6,45.0,concrete,0.2,aerated_concrete,0.2,mineral_wool,0.15,east,0.6,1.5,0.85,1.6,10.282,12.137,0.0,-16.875
Dras,34.4306,75.7499,cold,3.0,3.0,2.6,0.0,brick,0.115,mud_brick,0.25,mineral_wool,0.05,west,1.2,1.2,0.75,1.2,11.725,14.672,0.0,-16.856
Dras,34.4306,75.7499,cold,3.0,3.0,2.6,90.0,concrete,0.1,stone,0.3,sheep_wool,0.1,west,1.2,1.2,0.45,1.6,10.383,12.364,0.0,-16.87
Dras,34.4306,75.7499,cold,3.0,3.0,2.6,180.0,timber,0.1,stone,0.15,none,0.0,east,1.8,1.5,0.55,2.0,16.472,25.039,0.4167,-16.802
Dras,34.4306,75.7499,cold,3.0,3.0,2.6,135.0,rammed_earth,0.15,timber,0.1,xps,0.1,west,1.8,0.6,0.75,2.0,11.188,13.663,0.0,-16.842
Dras,34.4306,75.7499,cold,3.0,3.0,2.6,135.0,brick,0.345,puf_sandwich_panel,0.1,mineral_wool,0.05,south,1.5,1.5,0.65,1.6,10.646,12.639,0.0,-16.885
Dras,34.4306,75.7499,cold,3.0,3.0,2.6,45.0,rammed_earth,0.3,gi_sheet,0.002,xps,0.15,east,1.5,0.6,0.75,3.5,9.69,11.256,0.0,-16.878
Dras,34.4306,75.7499,cold,3.0,3.0,2.6,45.0,mud_brick,0.45,concrete,0.15,none,0.0,south,1.5,1.2,0.85,1.6,14.922,18.783,0.0655,-16.898
Dras,34.4306,75.7499,cold,3.0,3.0,2.6,180.0,puf_sandwich_panel,0.15,aerated_concrete,0.1,eps,0.1,east,0.6,0.6,0.35,3.5,8.152,10.888,0.0,-16.603
Dras,34.4306,75.7499,cold,3.0,3.0,2.6,90.0,aerated_concrete,0.3,puf_sandwich_panel,0.1,xps,0.05,west,0.9,1.2,0.85,1.2,9.773,12.056,0.0,-16.803
Dras,34.4306,75.7499,cold,3.0,3.0,2.6,180.0,concrete,0.3,puf_sandwich_panel,0.15,eps,0.2,north,0.6,1.2,0.85,2.0,9.019,10.365,0.0,-16.889
Dras,34.4306,75.7499,cold,3.0,3.0,2.6,180.0,stone,0.3,concrete,0.2,xps,0.15,west,0.6,0.6,0.45,2.6,8.903,10.268,0.0,-16.899
Dras,34.4306,75.7499,cold,3.0,3.0,2.6,90.0,mud_brick,0.45,timber,0.1,sheep_wool,0.05,south,1.2,1.2,0.35,2.0,9.548,11.206,0.0,-16.896
Dras,34.4306,75.7499,cold,3.0,3.0,2.6,0.0,puf_sandwich_panel,0.05,timber,0.15,eps,0.2,east,0.6,0.9,0.75,5.8,9.305,12.33,0.0,-16.633
Dras,34.4306,75.7499,cold,3.0,3.0,2.6,45.0,plywood,0.012,gi_sheet,0.002,eps,0.1,north,1.8,1.2,0.45,1.6,12.195,18.109,0.0119,-16.554
Dras,34.4306,75.7499,cold,3.0,3.0,2.6,90.0,puf_sandwich_panel,0.1,puf_sandwich_panel,0.15,mineral_wool,0.05,north,1.5,0.9,0.65,3.5,11.03,15.79,0.0,-16.535
Dras,34.4306,75.7499,cold,3.0,3.0,2.6,90.0,aerated_concrete,0.2,gi_sheet,0.002,xps,0.1,south,1.5,1.5,0.45,2.6,10.199,13.431,0.0,-16.765
Dras,34.4306,75.7499,cold,3.0,3.0,2.6,90.0,gi_sheet,0.002,mud_brick,0.25,sheep_wool,0.05,east,1.5,1.2,0.55,3.5,12.45,17.09,0.0,-16.79
Dras,34.4306,75.7499,cold,3.0,3.0,2.6,135.0,rammed_earth,0.3,aerated_concrete,0.2,sheep_wool,0.15,east,1.2,1.2,0.75,1.2,9.62,11.196,0.0,-16.88
Dras,34.4306,75.7499,cold,3.0,3.0,2.6,0.0,rammed_earth,0.15,stone,0.15,eps,0.15,east,1.5,0.6,0.45,2.0,9.752,11.507,0.0,-16.861
Dras,34.4306,75.7499,cold,3.0,3.0,2.6,0.0,aerated_concrete,0.3,mud_brick,0.15,xps,0.1,north,1.5,0.6,0.55,2.0,9.079,10.795,0.0,-16.836
Dras,34.4306,75.7499,cold,3.0,3.0,2.6,180.0,concrete,0.2,rcc_slab,0.15,eps,0.15,north,1.8,1.5,0.65,1.2,11.247,13.573,0.0,-16.878
Dras,34.4306,75.7499,cold,3.0,3.0,2.6,0.0,concrete,0.15,puf_sandwich_panel,0.075,mineral_wool,0.1,north,1.5,1.2,0.75,1.6,10.815,13.169,0.0,-16.853
Dras,34.4306,75.7499,cold,3.0,3.0,2.6,135.0,concrete,0.3,gi_sheet,0.002,eps,0.025,south,0.6,0.6,0.55,3.5,11.997,14.521,0.0,-16.889
Dras,34.4306,75.7499,cold,3.0,3.0,2.6,90.0,brick,0.23,timber,0.15,mineral_wool,0.15,west,1.2,1.5,0.55,1.2,9.613,11.199,0.0,-16.871
Dras,34.4306,75.7499,cold,3.0,3.0,2.6,0.0,mud_brick,0.45,gi_sheet,0.002,sheep_wool,0.15,north,1.5,1.2,0.85,1.2,9.484,11.225,0.0,-16.895
Dras,34.4306,75.7499,cold,3.0,3.0,2.6,90.0,stone,0.3,aerated_concrete,0.2,eps,0.1,north,0.6,1.5,0.55,2.0,9.82,11.475,0.0,-16.895
Dras,34.4306,75.7499,cold,3.0,3.0,2.6,135.0,rammed_earth,0.45,timber,0.1,mineral_wool,0.1,south,0.9,0.6,0.75,2.6,8.705,10.024,0.0,-16.895
Dras,34.4306,75.7499,cold,3.0,3.0,2.6,180.0,concrete,0.3,concrete,0.15,xps,0.05,south,1.2,0.9,0.35,5.8,10.601,12.46,0.0,-16.893
Dras,34.4306,75.7499,cold,3.0,3.0,2.6,135.0,plywood,0.03,gi_sheet,0.002,eps,0.15,east,1.2,1.5,0.85,3.5,11.441,17.726,0.0,-16.597
Dras,34.4306,75.7499,cold,3.0,3.0,2.6,90.0,aerated_concrete,0.2,concrete,0.15,xps,0.15,west,0.9,1.2,0.75,5.8,9.523,11.548,0.0,-16.823
Dras,34.4306,75.7499,cold,3.0,3.0,2.6,45.0,concrete,0.15,stone,0.15,sheep_wool,0.05,west,1.8,0.6,0.65,1.6,11.593,14.234,0.0,-16.87
Dras,34.4306,75.7499,cold,3.0,3.0,2.6,0.0,gi_sheet,0.002,timber,0.15,mineral_wool,0.15,south,0.9,1.5,0.75,1.6,10.907,15.825,0.0,-16.68
Dras,34.4306,75.7499,cold,3.0,3.0,2.6,135.0,brick,0.115,concrete,0.15,mineral_wool,0.05,south,1.8,1.2,0.65,3.5,12.539,15.956,0.0,-16.848
Dras,34.4306,75.7499,cold,3.0,3.0,2.6,0.0,brick,0.115,brick,0.23,xps,0.05,south,1.2,1.2,0.85,2.0,11.994,15.124,0.0,-16.854
Dras,34.4306,75.7499,cold,3.0,3.0,2.6,0.0,concrete,0.15,brick,0.115,xps,0.05,south,1.2,1.2,0.85,2.0,11.992,15.0,0.0,-16.863
Dras,34.4306,75.7499,cold,3.0,3.0,2.6,45.0,rammed_earth,0.15,gi_sheet,0.002,eps,0.05,south,0.6,1.5,0.55,2.6,11.181,14.088,0.0,-16.838
Dras,34.4306,75.7499,cold,3.0,3.0,2.6,0.0,aerated_concrete,0.2,rcc_slab,0.15,mineral_wool,0.05,west,1.2,0.6,0.45,1.2,10.179,12.682,0.0,-16.823
Dras,34.4306,75.7499,cold,3.0,3.0,2.6,180.0,rammed_earth,0.45,gi_sheet,0.002,sheep_wool,0.15,south,1.8,1.2,0.85,1.6,10.076,12.002,0.0,-16.893
Dras,34.4306,75.7499,cold,3.0,3.0,2.6,90.0,aerated_concrete,0.1,gi_sheet,0.002,mineral_wool,0.15,north,1.5,0.6,0.35,1.6,9.599,12.42,0.0,-16.715
Dras,34.4306,75.7499,cold,3.0,3.0,2.6,45.0,stone,0.15,puf_sandwich_panel,0.15,eps,0.025,north,0.9,0.9,0.45,2.6,11.974,14.834,0.0,-16.862
Dras,34.4306,75.7499,cold,3.0,3.0,2.6,180.0,gi_sheet,0.002,mud_brick,0.25,xps,0.05,north,1.8,0.6,0.85,1.2,12.578,16.973,0.0,-16.791
Dras,34.4306,75.7499,cold,3.0,3.0,2.6,90.0,brick,0.115,brick,0.23,mineral_wool,0.1,east,0.6,0.9,0.35,1.2,9.703,11.563,0.0,-16.856
Dras,34.4306,75.7499,cold,3.0,3.0,2.6,135.0,timber,0.15,stone,0.3,sheep_wool,0.05,north,1.2,1.5,0.35,5.8,11.383,14.113,0.0,-16.85
Dras,34.4306,75.7499,cold,3.0,3.0,2.6,180.0,puf_sandwich_panel,0.05,aerated_concrete,0.1,none,0.0,west,0.9,1.2,0.85,3.5,13.767,21.67,0.2619,-16.578
Dras,34.4306,75.7499,cold,3.0,3.0,2.6,0.0,timber,0.1,mud_brick,0.25,xps,0.05,south,0.9,1.5,0.45,1.6,10.583,13.425,0.0,-16.814
Dras,34.4306,75.7499,cold,3.0,3.0,2.6,135.0,rammed_earth,0.45,rcc_slab,0.2,mineral_wool,0.1,west,1.8,1.5,0.75,1.6,12.064,14.649,0.0,-16.897
Dras,34.4306,75.7499,cold,3.0,3.0,2.6,45.0,plywood,0.03,timber,0.15,xps,0.1,west,1.5,1.5,0.45,1.6,10.548,15.119,0.0,-16.661
Dras,34.4306,75.7499,cold,3.0,3.0,2.6,135.0,plywood,0.012,brick,0.115,sheep_wool,0.1,west,0.6,1.5,0.85,5.8,12.239,16.863,0.0,-16.711
Dras,34.4306,75.7499,cold,3.0,3.0,2.6,90.0,aerated_concrete,0.3,gi_sheet,0.002,xps,0.05,west,0.6,0.9,0.85,1.6,9.949,12.395,0.0,-16.807
Dras,34.4306,75.7499,cold,3.0,3.0,2.6,45.0,concrete,0.1,gi_sheet,0.002,sheep_wool,0.05,west,1.2,0.9,0.35,1.2,11.766,15.176,0.0,-16.825
Dras,34.4306,75.7499,cold,3.0,3.0,2.6,0.0,timber,0.1,stone,0.3,mineral_wool,0.1,east,1.2,0.9,0.75,1.6,11.101,13.551,0.0,-16.846
Dras,34.4306,75.7499,cold,3.0,3.0,2.6,180.0,brick,0.23,concrete,0.2,mineral_wool,0.1,west,0.6,0.6,0.65,2.0,9.754,11.296,0.0,-16.882
Dras,34.4306,75.7499,cold,3.0,3.0,2.6,45.0,mud_brick,0.45,mud_brick,0.15,sheep_wool,0.05,north,1.2,0.6,0.45,1.2,9.759,11.491,0.0,-16.898
Dras,34.4306,75.7499,cold,3.0,3.0,2.6,90.0,gi_sheet,0.002,gi_sheet,0.002,mineral_wool,0.05,south,1.2,1.2,0.35,3.5,12.026,18.892,0.0298,-16.595
Dras,34.4306,75.7499,cold,3.0,3.0,2.6,0.0,timber,0.15,brick,0.23,sheep_wool,0.1,east,1.8,1.2,0.65,5.8,13.057,16.691,0.0,-16.822
Dras,34.4306,75.7499,cold,3.0,3.0,2.6,180.0,stone,0.3,mud_brick,0.15,eps,0.15,east,1.2,1.2,0.65,2.0,9.621,11.344,0.0,-16.896
Dras,34.4306,75.7499,cold,3.0,3.0,2.6,180.0,puf_sandwich_panel,0.1,aerated_concrete,0.2,mineral_wool,0.1,south,0.6,1.2,0.55,3.5,8.703,11.458,0.0,-16.662
Dras,34.4306,75.7499,cold,3.0,3.0,2.6,45.0,aerated_concrete,0.3,puf_sandwich_panel,0.15,xps,0.1,west,1.5,1.5,0.55,2.0,9.716,12.148,0.0,-16.801
Dras,34.4306,75.7499,cold,3.0,3.0,2.6,45.0,timber,0.15,concrete,0.1,sheep_wool,0.05,south,1.2,1.5,0.75,3.5,11.871,15.993,0.0,-16.793
Dras,34.4306,75.7499,cold,3.0,3.0,2.6,45.0,mud_brick,0.15,concrete,0.1,sheep_wool,0.1,east,1.2,1.5,0.55,1.6,11.595,14.305,0.0,-16.853
Dras,34.4306,75.7499,cold,3.0,3.0,2.6,180.0,aerated_concrete,0.2,timber,0.1,eps,0.15,south,1.8,0.6,0.75,1.6,9.493,11.81,0.0,-16.78
Dras,34.4306,75.7499,cold,3.0,3.0,2.6,90.0,plywood,0.019,gi_sheet,0.002,eps,0.1,west,0.9,0.6,0.45,5.8,10.139,14.778,0.0,-16.572
Dras,34.4306,75.7499,cold,3.0,3.0,2.6,45.0,gi_sheet,0.002,mud_brick,0.15,eps,0.025,south,0.9,0.9,0.75,1.6,13.416,19.877,0.0952,-16.745
Dras,34.4306,75.7499,cold,3.0,3.0,2.6,180.0,puf_sandwich_panel,0.05,timber,0.1,xps,0.05,east,1.5,0.9,0.65,1.2,10.218,15.226,0.0,-16.589
Dras,34.4306,75.7499,cold,3.0,3.0,2.6,90.0,mud_brick,0.3,stone,0.3,eps,0.025,west,1.2,1.5,0.65,1.6,11.664,13.971,0.0,-16.893
Dras,34.4306,75.7499,cold,3.0,3.0,2.6,135.0,concrete,0.2,rcc_slab,0.1,eps,0.1,west,1.8,1.5,0.75,3.5,13.672,16.801,0.0,-16.874
Dras,34.4306,75.7499,cold,3.0,3.0,2.6,0.0,concrete,0.2,gi_sheet,0.002,mineral_wool,0.05,east,1.2,1.2,0.45,1.2,11.991,14.693,0.0,-16.87
Dras,34.4306,75.7499,cold,3.0,3.0,2.6,45.0,puf_sandwich_panel,0.075,concrete,0.2,eps,0.05,east,1.5,1.5,0.75,1.2,13.338,17.899,0.0,-16.779
Dras,34.4306,75.7499,cold,3.0,3.0,2.6,180.0,stone,0.45,puf_sandwich_panel,0.075,mineral_wool,0.15,north,0.6,1.2,0.65,2.6,8.534,9.92,0.0,-16.905
Dras,34.4306,75.7499,cold,3.0,3.0,2.6,0.0,puf_sandwich_panel,0.075,stone,0.15,sheep_wool,0.1,east,0.9,0.6,0.85,1.2,9.829,12.364,0.0,-16.766
Dras,34.4306,75.7499,cold,3.0,3.0,2.6,135.0,plywood,0.012,mud_brick,0.25,eps,0.05,west,0.6,1.5,0.45,5.8,12.115,16.07,0.0,-16.785
Dras,34.4306,75.7499,cold,3.0,3.0,2.6,90.0,rammed_earth,0.15,mud_brick,0.15,eps,0.2,east,1.2,0.6,0.65,3.5,9.056,10.632,0.0,-16.856
Dras,34.4306,75.7499,cold,3.0,3.0,2.6,180.0,timber,0.1,concrete,0.1,none,0.0,north,1.8,0.9,0.55,1.6,16.547,26.267,0.4107,-16.772
Dras,34.4306,75.7499,cold,3.0,3.0,2.6,90.0,rammed_earth,0.15,brick,0.23,none,0.0,north,1.5,0.9,0.55,2.6,16.066,21.901,0.3214,-16.862
Dras,34.4306,75.7499,cold,3.0,3.0,2.6,180.0,timber,0.1,concrete,0.1,xps,0.15,north,1.8,0.9,0.35,2.6,9.525,12.072,0.0,-16.776
Dras,34.4306,75.7499,cold,3.0,3.0,2.6,180.0,rammed_earth,0.45,puf_sandwich_panel,0.05,eps,0.15,north,1.2,0.9,0.75,3.5,8.891,10.29,0.0,-16.894
Dras,34.4306,75.7499,cold,3.0,3.0,2.6,0.0,stone,0.15,gi_sheet,0.002,sheep_wool,0.1,east,0.9,1.2,0.55,2.6,11.146,13.529,0.0,-16.862
Dras,34.4306,75.7499,cold,3.0,3.0,2.6,0.0,rammed_earth,0.15,concrete,0.2,mineral_wool,0.05,south,0.6,0.9,0.75,3.5,10.9,13.317,0.0,-16.864
Dras,34.4306,75.7499,cold,3.0,3.0,2.6,90.0,brick,0.115,concrete,0.1,none,0.0,west,1.8,1.2,0.65,2.0,17.935,26.962,0.5,-16.839
Dras,34.4306,75.7499,cold,3.0,3.0,2.6,135.0,concrete,0.3,puf_sandwich_panel,0.075,mineral_wool,0.15,north,1.5,0.9,0.85,2.6,10.837,12.753,0.0,-16.888
Dras,34.4306,75.7499,cold,3.0,3.0,2.6,0.0,mud_brick,0.45,mud_brick,0.25,eps,0.025,north,1.2,0.9,0.45,2.0,10.197,12.155,0.0,-16.9
Dras,34.4306,75.7499,cold,3.0,3.0,2.6,90.0,stone,0.45,concrete,0.1,xps,0.1,south,0.9,0.6,0.75,2.0,8.578,10.044,0.0,-16.906
Dras,34.4306,75.7499,cold,3.0,3.0,2.6,0.0,stone,0.45,stone,0.15,eps,0.15,south,1.5,1.5,0.45,1.6,8.893,10.548,0.0,-16.906
Dras,34.4306,75.7499,cold,3.0,3.0,2.6,90.0,timber,0.2,puf_sandwich_panel,0.15,mineral_wool,0.15,east,0.6,0.6,0.35,3.5,8.09,9.71,0.0,-16.782
Dras,34.4306,75.7499,cold,3.0,3.0,2.6,135.0,stone,0.15,aerated_concrete,0.1,eps,0.025,south,1.5,1.5,0.85,5.8,13.693,17.634,0.0,-16.862
Dras,34.4306,75.7499,cold,3.0,3.0,2.6,45.0,rammed_earth,0.15,concrete,0.1,mineral_wool,0.1,east,1.8,0.6,0.65,3.5,10.897,13.294,0.0,-16.853
Dras,34.4306,75.7499,cold,3.0,3.0,2.6,45.0,puf_sandwich_panel,0.05,rcc_slab,0.15,eps,0.025,west,1.2,0.9,0.85,2.6,11.558,16.011,0.0,-16.748
Dras,34.4306,75.7499,cold,3.0,3.0,2.6,45.0,aerated_concrete,0.1,stone,0.15,eps,0.1,east,1.8,0.9,0.45,5.8,11.075,14.158,0.0,-16.802
Dras,34.4306,75.7499,cold,3.0,3.0,2.6,45.0,stone,0.15,mud_brick,0.25,eps,0.2,east,0.6,1.2,0.35,3.5,9.103,10.451,0.0,-16.878
Dras,34.4306,75.7499,cold,3.0,3.0,2.6,90.0,rammed_earth,0.15,concrete,0.1,xps,0.1,south,1.8,0.9,0.85,3.5,10.838,13.392,0.0,-16.851
Dras,34.4306,75.7499,cold,3.0,3.0,2.6,0.0,aerated_concrete,0.2,concrete,0.1,none,0.0,west,1.2,1.5,0.75,3.5,16.325,24.453,0.3929,-16.805
Dras,34.4306,75.7499,cold,3.0,3.0,2.6,90.0,plywood,0.03,gi_sheet,0.002,xps,0.1,north,0.6,1.5,0.65,5.8,11.297,16.234,0.0,-16.597
Dras,34.4306,75.7499,cold,3.0,3.0,2.6,45.0,timber,0.15,puf_sandwich_panel,0.075,xps,0.1,north,1.2,0.6,0.75,3.5,9.901,12.595,0.0,-16.744
Dras,34.4306,75.7499,cold,3.0,3.0,2.6,135.0,stone,0.45,timber,0.15,sheep_wool,0.15,east,1.5,1.5,0.55,3.5,9.484,11.351,0.0,-16.904
Dras,34.4306,75.7499,cold,3.0,3.0,2.6,135.0,gi_sheet,0.002,puf_sandwich_panel,0.15,eps,0.025,north,0.6,1.5,0.55,2.0,13.274,20.641,0.2024,-16.573
Dras,34.4306,75.7499,cold,3.0,3.0,2.6,135.0,puf_sandwich_panel,0.15,brick,0.23,mineral_wool,0.15,south,1.5,0.9,0.55,5.8,9.085,11.328,0.0,-16.785
Dras,34.4306,75.7499,cold,3.0,3.0,2.6,45.0,puf_sandwich_panel,0.05,puf_sandwich_panel,0.15,sheep_wool,0.1,east,1.8,0.9,0.85,2.0,11.994,18.347,0.0417,-16.516
Dras,34.4306,75.7499,cold,3.0,3.0,2.6,180.0,mud_brick,0.3,concrete,0.15,xps,0.1,west,1.8,1.2,0.75,1.6,12.638,15.192,0.0,-16.886
Dras,34.4306,75.7499,cold,3.0,3.0,2.6,45.0,stone,0.3,brick,0.115,eps,0.05,east,1.2,0.9,0.55,5.8,11.107,13.193,0.0,-16.895
Dras,34.4306,75.7499,cold,3.0,3.0,2.6,90.0,concrete,0.2,concrete,0.15,mineral_wool,0.05,east,0.9,0.9,0.75,3.5,11.164,13.463,0.0,-16.88
Dras,34.4306,75.7499,cold,3.0,3.0,2.6,135.0,plywood,0.05,rcc_slab,0.15,mineral_wool,0.05,south,1.8,0.6,0.85,2.6,11.702,15.769,0.0,-16.774
Dras,34.4306,75.7499,cold,3.0,3.0,2.6,180.0,plywood,0.019,gi_sheet,0.002,sheep_wool,0.1,east,0.9,1.2,0.75,2.0,11.313,17.267,0.0,-16.57
Dras,34.4306,75.7499,cold,3.0,3.0,2.6,45.0,gi_sheet,0.002,mud_brick,0.25,sheep_wool,0.1,east,1.8,0.9,0.35,5.8,11.489,15.137,0.0,-16.791
Dras,34.4306,75.7499,cold,3.0,3.0,2.6,135.0,mud_brick,0.3,puf_sandwich_panel,0.05,eps,0.2,north,1.5,1.5,0.75,2.6,11.76,14.145,0.0,-16.879
Dras,34.4306,75.7499,cold,3.0,3.0,2.6,90.0,rammed_earth,0.15,mud_brick,0.15,mineral_wool,0.15,north,0.9,1.2,0.55,1.6,10.319,12.306,0.0,-16.857
Dras,34.4306,75.7499,cold,3.0,3.0,2.6,90.0,brick,0.23,stone,0.3,xps,0.05,south,1.2,0.6,0.65,2.6,10.277,12.044,0.0,-16.887
Dras,34.4306,75.7499,cold,3.0,3.0,2.6,0.0,brick,0.345,rcc_slab,0.2,eps,0.15,north,0.9,0.9,0.65,3.5,8.691,10.001,0.0,-16.893
Dras,34.4306,75.7499,cold,3.0,3.0,2.6,0.0,brick,0.345,aerated_concrete,0.2,sheep_wool,0.1,west,1.5,1.2,0.55,2.6,9.752,11.444,0.0,-16.887
Dras,34.4306,75.7499,cold,3.0,3.0,2.6,90.0,puf_sandwich_panel,0.05,stone,0.3,eps,0.05,north,0.6,0.9,0.75,1.6,10.297,12.645,0.0,-16.827
Dras,34.4306,75.7499,cold,3.0,3.0,2.6,90.0,brick,0.23,brick,0.23,mineral_wool,0.1,west,0.9,1.5,0.35,3.5,9.608,11.136,0.0,-16.88
Dras,34.4306,75.7499,cold,3.0,3.0,2.6,90.0,concrete,0.2,stone,0.15,eps,0.05,north,0.6,1.5,0.65,3.5,11.729,14.154,0.0,-16.881
Dras,34.4306,75.7499,cold,3.0,3.0,2.6,90.0,stone,0.3,stone,0.3,eps,0.05,south,1.2,0.9,0.35,1.6,10.029,11.94,0.0,-16.901
Dras,34.4306,75.7499,cold,3.0,3.0,2.6,90.0,aerated_concrete,0.3,gi_sheet,0.002,eps,0.15,east,1.2,0.6,0.35,2.6,8.526,10.235,0.0,-16.807
Dras,34.4306,75.7499,cold,3.0,3.0,2.6,45.0,brick,0.23,mud_brick,0.15,none,0.0,north,1.5,1.2,0.85,3.5,16.667,21.971,0.3988,-16.875
Dras,34.4306,75.7499,cold,3.0,3.0,2.6,45.0,rammed_earth,0.3,aerated_concrete,0.2,mineral_wool,0.1,west,1.2,1.5,0.85,2.6,10.204,12.045,0.0,-16.88
Dras,34.4306,75.7499,cold,3.0,3.0,2.6,135.0,aerated_concrete,0.2,gi_sheet,0.002,mineral_wool,0.1,west,0.9,0.6,0.35,1.6,9.352,11.642,0.0,-16.774
Dras,34.4306,75.7499,cold,3.0,3.0,2.6,45.0,aerated_concrete,0.3,puf_sandwich_panel,0.075,mineral_wool,0.05,west,1.2,0.9,0.85,1.2,9.799,12.218,0.0,-16.804
Dras,34.4306,75.7499,cold,3.0,3.0,2.6,180.0,mud_brick,0.15,concrete,0.2,eps,0.15,east,1.8,1.2,0.75,2.0,10.806,13.12,0.0,-16.864
Dras,34.4306,75.7499,cold,3.0,3.0,2.6,90.0,plywood,0.012,timber,0.15,sheep_wool,0.15,north,1.5,1.2,0.75,3.5,13.381,19.338,0.119,-16.639
Dras,34.4306,75.7499,cold,3.0,3.0,2.6,180.0,aerated_concrete,0.3,timber,0.1,xps,0.1,west,1.8,0.9,0.65,2.6,11.725,14.725,0.0,-16.811
Dras,34.4306,75.7499,cold,3.0,3.0,2.6,180.0,plywood,0.012,timber,0.1,mineral_wool,0.1,north,0.9,1.2,0.75,2.6,11.396,16.85,0.0,-16.626
Dras,34.4306,75.7499,cold,3.0,3.0,2.6,135.0,timber,0.2,concrete,0.15,eps,0.025,east,1.2,0.9,0.45,2.6,11.415,14.678,0.0,-16.824
Dras,34.4306,75.7499,cold,3.0,3.0,2.6,0.0,brick,0.115,brick,0.23,mineral_wool,0.05,south,1.2,0.6,0.65,2.6,11.318,14.056,0.0,-16.855
Dras,34.4306,75.7499,cold,3.0,3.0,2.6,135.0,aerated_concrete,0.1,brick,0.115,xps,0.05,east,0.9,1.5,0.65,5.8,11.583,15.817,0.0,-16.768
Dras,34.4306,75.7499,cold,3.0,3.0,2.6,45.0,puf_sandwich_panel,0.1,timber,0.1,none,0.0,north,1.5,0.9,0.85,2.6,13.114,19.822,0.1488,-16.59
Dras,34.4306,75.7499,cold,3.0,3.0,2.6,90.0,gi_sheet,0.002,gi_sheet,0.002,sheep_wool,0.1,north,0.6,1.5,0.35,1.2,11.186,16.432,0.0,-16.59
Dras,34.4306,75.7499,cold,3.0,3.0,2.6,90.0,puf_sandwich_panel,0.15,stone,0.3,xps,0.1,east,0.9,1.5,0.45,2.0,8.795,10.522,0.0,-16.829
Dras,34.4306,75.7499,cold,3.0,3.0,2.6,135.0,gi_sheet,0.002,timber,0.15,sheep_wool,0.15,north,0.9,1.5,0.35,5.8,11.426,16.085,0.0,-16.661
Dras,34.4306,75.7499,cold,3.0,3.0,2.6,180.0,puf_sandwich_panel,0.075,brick,0.115,mineral_wool,0.15,east,1.5,1.2,0.85,2.0,10.282,14.187,0.0,-16.719
Dras,34.4306,75.7499,cold,3.0,3.0,2.6,45.0,aerated_concrete,0.3,concrete,0.1,sheep_wool,0.15,south,0.9,1.2,0.55,2.6,9.112,10.982,0.0,-16.831
Dras,34.4306,75.7499,cold,3.0,3.0,2.6,90.0,aerated_concrete,0.1,puf_sandwich_panel,0.075,sheep_wool,0.1,north,0.6,0.9,0.45,2.6,9.692,12.781,0.0,-16.693
Dras,34.4306,75.7499,cold,3.0,3.0,2.6,135.0,rammed_earth,0.15,mud_brick,0.15,xps,0.05,south,1.5,0.6,0.65,2.0,11.079,13.606,0.0,-16.855
Dras,34.4306,75.7499,cold,3.0,3.0,2.6,180.0,aerated_concrete,0.3,brick,0.115,xps,0.15,east,1.8,0.6,0.75,1.6,9.174,11.068,0.0,-16.83
Dras,34.4306,75.7499,cold,3.0,3.0,2.6,90.0,puf_sandwich_panel,0.075,gi_sheet,0.002,xps,0.1,south,1.2,1.2,0.75,2.6,9.944,15.176,0.0,-16.542
Dras,34.4306,75.7499,cold,3.0,3.0,2.6,180.0,brick,0.23,timber,0.1,eps,0.2,south,0.9,0.6,0.65,3.5,8.913,10.208,0.0,-16.871
Dras,34.4306,75.7499,cold,3.0,3.0,2.6,0.0,gi_sheet,0.002,brick,0.23,mineral_wool,0.1,west,1.5,1.2,0.85,2.6,11.781,15.993,0.0,-16.788
Dras,34.4306,75.7499,cold,3.0,3.0,2.6,45.0,gi_sheet,0.002,gi_sheet,0.002,sheep_wool,0.05,north,0.6,0.9,0.85,1.2,12.622,19.564,0.0833,-16.587
Dras,34.4306,75.7499,cold,3.0,3.0,2.6,45.0,brick,0.23,mud_brick,0.15,eps,0.05,south,1.8,1.5,0.85,1.6,12.547,15.629,0.0,-16.874
Dras,34.4306,75.7499,cold,3.0,3.0,2.6,135.0,brick,0.23,aerated_concrete,0.1,none,0.0,north,1.5,1.5,0.45,5.8,15.39,20.331,0.2083,-16.867
Dras,34.4306,75.7499,cold,3.0,3.0,2.6,0.0,concrete,0.2,stone,0.15,mineral_wool,0.15,east,0.6,1.5,0.45,3.5,9.718,11.258,0.0,-16.882
Dras,34.4306,75.7499,cold,3.0,3.0,2.6,45.0,gi_sheet,0.002,stone,0.3,mineral_wool,0.05,west,1.5,1.2,0.75,2.6,12.328,16.046,0.0,-16.832
Dras,34.4306,75.7499,cold,3.0,3.0,2.6,90.0,rammed_earth,0.3,mud_brick,0.15,eps,0.05,north,1.8,0.9,0.85,1.2,12.841,15.598,0.0,-16.883
Dras,34.4306,75.7499,cold,3.0,3.0,2.6,45.0,aerated_concrete,0.1,timber,0.1,none,0.0,north,0.6,1.2,0.35,2.0,13.788,20.747,0.1726,-16.718
Dras,34.4306,75.7499,cold,3.0,3.0,2.6,135.0,plywood,0.03,gi_sheet,0.002,sheep_wool,0.05,south,1.2,0.6,0.55,2.0,11.778,17.994,0.0,-16.589
Dras,34.4306,75.7499,cold,3.0,3.0,2.6,90.0,aerated_concrete,0.1,gi_sheet,0.002,xps,0.1,west,1.2,1.5,0.85,3.5,11.256,15.689,0.0,-16.698
Dras,34.4306,75.7499,cold,3.0,3.0,2.6,0.0,puf_sandwich_panel,0.15,stone,0.3,sheep_wool,0.15,north,1.8,1.2,0.75,1.6,10.007,12.135,0.0,-16.829
Dras,34.4306,75.7499,cold,3.0,3.0,2.6,0.0,plywood,0.05,timber,0.15,xps,0.15,west,1.8,0.9,0.35,2.6,9.464,12.899,0.0,-16.688
Dras,34.4306,75.7499,cold,3.0,3.0,2.6,180.0,puf_sandwich_panel,0.075,puf_sandwich_panel,0.15,mineral_wool,0.05,south,1.2,1.5,0.75,3.5,10.313,15.228,0.0,-16.53
Dras,34.4306,75.7499,cold,3.0,3.0,2.6,90.0,timber,0.2,mud_brick,0.15,sheep_wool,0.1,east,1.2,0.9,0.35,2.0,9.329,11.398,0.0,-16.818
Dras,34.4306,75.7499,cold,3.0,3.0,2.6,135.0,gi_sheet,0.002,gi_sheet,0.002,eps,0.025,south,0.6,0.9,0.35,1.6,13.623,21.983,0.25,-16.585
Dras,34.4306,75.7499,cold,3.0,3.0,2.6,45.0,mud_brick,0.3,mud_brick,0.15,mineral_wool,0.05,south,0.9,1.2,0.75,3.5,10.535,12.456,0.0,-16.886
Dras,34.4306,75.7499,cold,3.0,3.0,2.6,135.0,rammed_earth,0.15,concrete,0.1,mineral_wool,0.05,south,0.9,0.9,0.65,5.8,11.38,14.121,0.0,-16.853
Dras,34.4306,75.7499,cold,3.0,3.0,2.6,180.0,aerated_concrete,0.2,concrete,0.1,eps,0.2,north,1.2,1.5,0.85,5.8,10.718,13.776,0.0,-16.808
Dras,34.4306,75.7499,cold,3.0,3.0,2.6,45.0,aerated_concrete,0.2,puf_sandwich_panel,0.075,eps,0.2,south,1.8,0.9,0.85,1.2,9.859,12.899,0.0,-16.766
Dras,34.4306,75.7499,cold,3.0,3.0,2.6,135.0,aerated_concrete,0.1,puf_sandwich_panel,0.1,mineral_wool,0.05,north,1.5,0.6,0.75,2.6,11.379,15.683,0.0,-16.696
Dras,34.4306,75.7499,cold,3.0,3.0,2.6,0.0,stone,0.3,stone,0.15,eps,0.15,east,0.6,0.6,0.65,3.5,8.793,10.151,0.0,-16.898
Dras,34.4306,75.7499,cold,3.0,3.0,2.6,135.0,brick,0.345,stone,0.3,xps,0.1,east,0.6,1.2,0.75,5.8,9.115,10.631,0.0,-16.897
Dras,34.4306,75.7499,cold,3.0,3.0,2.6,45.0,concrete,0.3,timber,0.15,eps,0.15,west,1.2,1.5,0.55,1.2,9.281,10.851,0.0,-16.889
Dras,34.4306,75.7499,cold,3.0,3.0,2.6,0.0,mud_brick,0.45,aerated_concrete,0.1,xps,0.1,west,1.5,0.9,0.55,2.0,8.843,10.289,0.0,-16.896
Dras,34.4306,75.7499,cold,3.0,3.0,2.6,0.0,aerated_concrete,0.1,brick,0.115,mineral_wool,0.05,west,0.6,0.6,0.85,2.0,10.766,14.268,0.0,-16.772
Dras,34.4306,75.7499,cold,3.0,3.0,2.6,135.0,plywood,0.03,gi_sheet,0.002,eps,0.025,east,0.6,1.5,0.55,2.6,13.169,21.264,0.2024,-16.587
Dras,34.4306,75.7499,cold,3.0,3.0,2.6,90.0,concrete,0.1,puf_sandwich_panel,0.1,xps,0.05,west,0.9,1.5,0.45,1.2,11.0,13.829,0.0,-16.824
Dras,34.4306,75.7499,cold,3.0,3.0,2.6,45.0,stone,0.3,rcc_slab,0.25,eps,0.05,north,0.9,1.2,0.55,3.5,10.838,12.931,0.0,-16.899
Dras,34.4306,75.7499,cold,3.0,3.0,2.6,135.0,mud_brick,0.3,timber,0.15,mineral_wool,0.05,south,1.2,0.9,0.55,2.6,10.123,11.861,0.0,-16.882
Dras,34.4306,75.7499,cold,3.0,3.0,2.6,135.0,mud_brick,0.3,mud_brick,0.25,xps,0.1,south,1.8,0.9,0.75,1.2,9.68,11.394,0.0,-16.889
Dras,34.4306,75.7499,cold,3.0,3.0,2.6,135.0,plywood,0.03,aerated_concrete,0.1,eps,0.1,south,1.5,0.6,0.35,3.5,10.178,14.285,0.0,-16.635
Dras,34.4306,75.7499,cold,3.0,3.0,2.6,180.0,puf_sandwich_panel,0.15,mud_brick,0.25,mineral_wool,0.05,east,1.5,0.9,0.65,1.6,9.711,12.383,0.0,-16.786
Dras,34.4306,75.7499,cold,3.0,3.0,2.6,45.0,stone,0.3,timber,0.15,xps,0.15,east,1.8,1.5,0.85,5.8,12.748,15.366,0.0,-16.892
Dras,34.4306,75.7499,cold,3.0,3.0,2.6,90.0,gi_sheet,0.002,aerated_concrete,0.1,xps,0.15,west,1.5,1.5,0.85,2.6,12.016,17.749,0.0,-16.638
Dras,34.4306,75.7499,cold,3.0,3.0,2.6,135.0,brick,0.345,mud_brick,0.25,eps,0.05,north,1.2,0.9,0.45,1.2,10.491,12.375,0.0,-16.893
Dras,34.4306,75.7499,cold,3.0,3.0,2.6,135.0,timber,0.15,timber,0.15,mineral_wool,0.05,west,0.6,0.6,0.65,5.8,10.186,13.031,0.0,-16.771
Dras,34.4306,75.7499,cold,3.0,3.0,2.6,90.0,rammed_earth,0.15,mud_brick,0.25,mineral_wool,0.05,east,0.6,0.6,0.65,2.6,10.539,12.732,0.0,-16.865
Dras,34.4306,75.7499,cold,3.0,3.0,2.6,180.0,timber,0.15,puf_sandwich_panel,0.1,sheep_wool,0.05,south,0.9,0.6,0.45,5.8,9.638,12.463,0.0,-16.742
Dras,34.4306,75.7499,cold,3.0,3.0,2.6,0.0,mud_brick,0.45,timber,0.15,eps,0.05,north,0.9,1.2,0.45,2.0,9.303,10.873,0.0,-16.896
Dras,34.4306,75.7499,cold,3.0,3.0,2.6,135.0,stone,0.45,concrete,0.2,xps,0.15,south,1.5,1.5,0.35,1.2,8.669,10.196,0.0,-16.906
Dras,34.4306,75.7499,cold,3.0,3.0,2.6,135.0,concrete,0.15,concrete,0.15,none,0.0,south,1.5,1.2,0.75,2.0,17.722,25.269,0.5119,-16.867
Dras,34.4306,75.7499,cold,3.0,3.0,2.6,180.0,brick,0.345,timber,0.15,eps,0.15,east,1.2,1.5,0.55,2.6,9.452,11.014,0.0,-16.887
Dras,34.4306,75.7499,cold,3.0,3.0,2.6,0.0,stone,0.45,concrete,0.2,eps,0.05,east,1.8,1.2,0.85,3.5,12.541,15.544,0.0,-16.906
Dras,34.4306,75.7499,cold,3.0,3.0,2.6,0.0,mud_brick,0.15,concrete,0.1,mineral_wool,0.1,north,1.2,1.2,0.75,2.6,10.559,12.787,0.0,-16.855
Dras,34.4306,75.7499,cold,3.0,3.0,2.6,90.0,puf_sandwich_panel,0.05,timber,0.1,xps,0.05,west,1.8,0.9,0.65,2.6,10.582,15.474,0.0,-16.589
Dras,34.4306,75.7499,cold,3.0,3.0,2.6,90.0,stone,0.3,puf_sandwich_panel,0.075,none,0.0,north,1.2,1.5,0.75,3.5,15.52,19.803,0.1845,-16.892
Dras,34.4306,75.7499,cold,3.0,3.0,2.6,135.0,puf_sandwich_panel,0.1,gi_sheet,0.002,mineral_wool,0.1,west,0.9,1.5,0.35,1.6,9.607,13.277,0.0,-16.567
Dras,34.4306,75.7499,cold,3.0,3.0,2.6,135.0,plywood,0.03,puf_sandwich_panel,0.1,xps,0.05,south,0.6,0.9,0.45,2.0,10.53,15.303,0.0,-16.578
Dras,34.4306,75.7499,cold,3.0,3.0,2.6,180.0,timber,0.2,mud_brick,0.25,xps,0.1,east,0.9,1.2,0.35,1.6,8.985,10.699,0.0,-16.837
Dras,34.4306,75.7499,cold,3.0,3.0,2.6,180.0,brick,0.345,rcc_slab,0.25,mineral_wool,0.1,north,0.9,0.6,0.85,1.6,9.15,10.639,0.0,-16.895
Dras,34.4306,75.7499,cold,3.0,3.0,2.6,0.0,concrete,0.2,rcc_slab,0.15,sheep_wool,0.15,north,1.8,0.9,0.35,2.6,9.553,11.087,0.0,-16.879
Dras,34.4306,75.7499,cold,3.0,3.0,2.6,0.0,brick,0.115,aerated_concrete,0.1,eps,0.05,north,1.8,0.6,0.55,5.8,11.512,14.702,0.0,-16.827
Dras,34.4306,75.7499,cold,3.0,3.0,2.6,90.0,concrete,0.3,concrete,0.1,eps,0.1,north,1.8,1.5,0.65,2.6,12.955,15.598,0.0,-16.89
Dras,34.4306,75.7499,cold,3.0,3.0,2.6,90.0,puf_sandwich_panel,0.15,gi_sheet,0.002,sheep_wool,0.1,east,1.8,0.6,0.45,1.2,8.944,12.837,0.0,-16.55
Dras,34.4306,75.7499,cold,3.0,3.0,2.6,90.0,stone,0.3,rcc_slab,0.15,sheep_wool,0.1,south,1.5,1.5,0.65,1.6,10.32,12.397,0.0,-16.896
Dras,34.4306,75.7499,cold,3.0,3.0,2.6,180.0,concrete,0.15,aerated_concrete,0.1,eps,0.1,west,1.8,1.5,0.35,5.8,12.506,15.572,0.0,-16.853
Dras,34.4306,75.7499,cold,3.0,3.0,2.6,135.0,aerated_concrete,0.3,rcc_slab,0.1,sheep_wool,0.1,north,1.5,0.9,0.35,2.6,9.998,12.193,0.0,-16.83
Dras,34.4306,75.7499,cold,3.0,3.0,2.6,135.0,concrete,0.1,gi_sheet,0.002,none,0.0,west,1.2,0.9,0.85,1.6,18.583,29.882,0.506,-19.886
Dras,34.4306,75.7499,cold,3.0,3.0,2.6,45.0,stone,0.15,puf_sandwich_panel,0.075,eps,0.05,south,0.9,0.9,0.35,2.0,10.518,12.728,0.0,-16.862
Dras,34.4306,75.7499,cold,3.0,3.0,2.6,45.0,timber,0.1,puf_sandwich_panel,0.1,sheep_wool,0.15,west,1.5,1.2,0.55,1.6,9.7,13.131,0.0,-16.698
Dras,34.4306,75.7499,cold,3.0,3.0,2.6,180.0,puf_sandwich_panel,0.05,puf_sandwich_panel,0.075,mineral_wool,0.05,south,1.5,1.5,0.85,3.5,11.48,17.676,0.0,-16.52
Dras,34.4306,75.7499,cold,3.0,3.0,2.6,90.0,plywood,0.012,mud_brick,0.15,mineral_wool,0.15,north,1.8,0.6,0.75,1.6,11.611,15.28,0.0,-16.747
Dras,34.4306,75.7499,cold,3.0,3.0,2.6,90.0,timber,0.15,rcc_slab,0.15,sheep_wool,0.05,south,1.8,1.2,0.35,3.5,11.07,14.328,0.0,-16.81
Dras,34.4306,75.7499,cold,3.0,3.0,2.6,0.0,concrete,0.1,concrete,0.2,sheep_wool,0.15,east,0.9,0.9,0.35,5.8,10.095,12.101,0.0,-16.858
Dras,34.4306,75.7499,cold,3.0,3.0,2.6,0.0,concrete,0.15,stone,0.15,mineral_wool,0.05,north,1.5,1.5,0.45,5.8,11.846,14.642,0.0,-16.869
Dras,34.4306,75.7499,cold,3.0,3.0,2.6,90.0,brick,0.23,brick,0.23,mineral_wool,0.1,north,0.6,1.2,0.65,3.5,10.155,11.862,0.0,-16.881
Dras,34.4306,75.7499,cold,3.0,3.0,2.6,0.0,brick,0.23,aerated_concrete,0.2,sheep_wool,0.05,west,0.6,1.2,0.75,3.5,10.684,12.858,0.0,-16.872
Dras,34.4306,75.7499,cold,3.0,3.0,2.6,135.0,concrete,0.15,rcc_slab,0.1,mineral_wool,0.1,south,1.2,1.2,0.65,1.6,10.822,13.066,0.0,-16.864
Dras,34.4306,75.7499,cold,3.0,3.0,2.6,180.0,timber,0.2,aerated_concrete,0.2,eps,0.1,east,0.6,0.9,0.75,1.2,9.058,11.148,0.0,-16.796
Dras,34.4306,75.7499,cold,3.0,3.0,2.6,180.0,mud_brick,0.45,concrete,0.15,eps,0.05,north,1.2,1.5,0.85,1.6,10.699,12.941,0.0,-16.898
Dras,34.4306,75.7499,cold,3.0,3.0,2.6,180.0,concrete,0.15,aerated_concrete,0.2,mineral_wool,0.1,east,1.8,0.6,0.35,5.8,10.434,12.563,0.0,-16.86
Dras,34.4306,75.7499,cold,3.0,3.0,2.6,45.0,timber,0.1,brick,0.115,mineral_wool,0.05,north,0.6,1.5,0.75,3.5,11.865,15.676,0.0,-16.774
Dras,34.4306,75.7499,cold,3.0,3.0,2.6,135.0,rammed_earth,0.45,rcc_slab,0.25,eps,0.1,north,1.2,0.6,0.55,5.8,9.133,10.639,0.0,-16.9
Dras,34.4306,75.7499,cold,3.0,3.0,2.6,135.0,brick,0.345,mud_brick,0.25,sheep_wool,0.05,south,1.8,0.6,0.75,1.2,10.481,12.457,0.0,-16.893
Dras,34.4306,75.7499,cold,3.0,3.0,2.6,90.0,aerated_concrete,0.1,timber,0.1,eps,0.025,west,1.8,0.9,0.45,5.8,12.064,17.316,0.0,-16.716
Dras,34.4306,75.7499,cold,3.0,3.0,2.6,135.0,plywood,0.05,mud_brick,0.15,eps,0.05,west,0.9,1.2,0.55,3.5,11.976,16.081,0.0,-16.757
Dras,34.4306,75.7499,cold,3.0,3.0,2.6,90.0,rammed_earth,0.45,concrete,0.15,sheep_wool,0.1,west,1.2,0.6,0.35,1.2,8.637,9.949,0.0,-16.898
Dras,34.4306,75.7499,cold,3.0,3.0,2.6,135.0,plywood,0.019,aerated_concrete,0.2,sheep_wool,0.15,west,1.2,1.5,0.75,2.6,12.857,17.926,0.0,-16.665
Dras,34.4306,75.7499,cold,3.0,3.0,2.6,45.0,rammed_earth,0.15,brick,0.23,none,0.0,west,1.8,0.9,0.65,1.2,15.966,21.819,0.3095,-16.861
Dras,34.4306,75.7499,cold,3.0,3.0,2.6,180.0,stone,0.15,rcc_slab,0.1,eps,0.15,north,1.8,0.6,0.35,2.0,9.949,11.727,0.0,-16.871
Dras,34.4306,75.7499,cold,3.0,3.0,2.6,180.0,mud_brick,0.15,mud_brick,0.15,xps,0.05,south,1.2,0.9,0.75,3.5,11.37,13.964,0.0,-16.857
Dras,34.4306,75.7499,cold,3.0,3.0,2.6,90.0,puf_sandwich_panel,0.05,aerated_concrete,0.2,mineral_wool,0.15,west,1.8,0.6,0.65,5.8,9.33,12.529,0.0,-16.667
Dras,34.4306,75.7499,cold,3.0,3.0,2.6,0.0,rammed_earth,0.15,gi_sheet,0.002,sheep_wool,0.1,south,1.2,0.9,0.55,3.5,10.303,12.738,0.0,-16.838
Dras,34.4306,75.7499,cold,3.0,3.0,2.6,0.0,gi_sheet,0.002,timber,0.15,eps,0.05,north,1.8,1.2,0.75,1.2,12.836,19.574,0.0774,-16.655
Dras,34.4306,75.7499,cold,3.0,3.0,2.6,45.0,plywood,0.012,concrete,0.2,mineral_wool,0.1,south,1.8,0.6,0.65,5.8,10.757,14.146,0.0,-16.786
Dras,34.4306,75.7499,cold,3.0,3.0,2.6,0.0,mud_brick,0.3,aerated_concrete,0.1,sheep_wool,0.05,west,0.6,1.2,0.45,1.6,10.021,11.76,0.0,-16.882
Dras,34.4306,75.7499,cold,3.0,3.0,2.6,180.0,puf_sandwich_panel,0.1,aerated_concrete,0.1,eps,0.2,east,0.6,1.5,0.45,1.2,8.228,11.119,0.0,-16.606
Dras,34.4306,75.7499,cold,3.0,3.0,2.6,135.0,gi_sheet,0.002,rcc_slab,0.2,mineral_wool,0.15,north,1.2,0.6,0.35,3.5,10.596,13.375,0.0,-16.795
Dras,34.4306,75.7499,cold,3.0,3.0,2.6,0.0,plywood,0.019,gi_sheet,0.002,mineral_wool,0.15,north,1.8,0.9,0.45,3.5,10.271,14.863,0.0,-16.606
Dras,34.4306,75.7499,cold,3.0,3.0,2.6,90.0,puf_sandwich_panel,0.1,gi_sheet,0.002,sheep_wool,0.05,east,0.9,0.6,0.45,5.8,9.642,14.28,0.0,-16.535
Dras,34.4306,75.7499,cold,3.0,3.0,2.6,135.0,mud_brick,0.15,brick,0.115,sheep_wool,0.05,north,0.9,0.9,0.35,2.6,11.534,14.274,0.0,-16.854
Dras,34.4306,75.7499,cold,3.0,3.0,2.6,45.0,rammed_earth,0.3,puf_sandwich_panel,0.05,eps,0.05,south,0.9,0.9,0.45,2.6,9.781,11.447,0.0,-16.878
Dras,34.4306,75.7499,cold,3.0,3.0,2.6,135.0,stone,0.45,puf_sandwich_panel,0.15,sheep_wool,0.05,east,1.2,1.2,0.55,3.5,9.877,11.843,0.0,-16.904
Dras,34.4306,75.7499,cold,3.0,3.0,2.6,180.0,timber,0.2,puf_sandwich_panel,0.05,mineral_wool,0.1,east,0.6,1.5,0.45,2.0,8.996,11.21,0.0,-16.776
Dras,34.4306,75.7499,cold,3.0,3.0,2.6,45.0,puf_sandwich_panel,0.075,puf_sandwich_panel,0.15,sheep_wool,0.05,south,0.6,1.2,0.65,3.5,8.903,12.875,0.0,-16.515
Dras,34.4306,75.7499,cold,3.0,3.0,2.6,90.0,aerated_concrete,0.1,stone,0.3,mineral_wool,0.1,west,0.9,0.6,0.85,1.2,9.455,11.268,0.0,-16.845
Dras,34.4306,75.7499,cold,3.0,3.0,2.6,90.0,mud_brick,0.45,stone,0.3,eps,0.025,south,1.2,1.2,0.85,2.0,10.891,13.264,0.0,-16.902
Dras,34.4306,75.7499,cold,3.0,3.0,2.6,90.0,gi_sheet,0.002,puf_sandwich_panel,0.15,eps,0.2,west,0.9,1.5,0.55,5.8,10.381,15.054,0.0,-16.591
Dras,34.4306,75.7499,cold,3.0,3.0,2.6,180.0,aerated_concrete,0.2,gi_sheet,0.002,eps,0.1,east,1.8,0.9,0.75,5.8,10.753,14.399,0.0,-16.767
Dras,34.4306,75.7499,cold,3.0,3.0,2.6,45.0,rammed_earth,0.3,aerated_concrete,0.2,eps,0.15,east,1.8,0.9,0.85,1.2,11.118,13.232,0.0,-16.88
Dras,34.4306,75.7499,cold,3.0,3.0,2.6,90.0,plywood,0.019,concrete,0.15,xps,0.1,west,0.6,0.9,0.55,2.6,9.906,12.789,0.0,-16.76
Dras,34.4306,75.7499,cold,3.0,3.0,2.6,90.0,timber,0.15,gi_sheet,0.002,sheep_wool,0.1,north,1.2,1.5,0.75,5.8,13.164,17.86,0.0,-16.743
Dras,34.4306,75.7499,cold,3.0,3.0,2.6,0.0,stone,0.3,aerated_concrete,0.2,xps,0.05,east,1.5,1.5,0.85,2.0,13.483,16.298,0.0,-16.893
Dras,34.4306,75.7499,cold,3.0,3.0,2.6,180.0,rammed_earth,0.45,brick,0.115,eps,0.2,east,0.9,0.9,0.55,1.6,8.196,9.327,0.0,-16.896
Dras,34.4306,75.7499,cold,3.0,3.0,2.6,45.0,timber,0.2,aerated_concrete,0.1,xps,0.15,west,1.8,1.2,0.85,1.2,10.459,13.542,0.0,-16.783
Dras,34.4306,75.7499,cold,3.0,3.0,2.6,135.0,gi_sheet,0.002,brick,0.23,mineral_wool,0.05,north,0.9,1.5,0.55,1.6,13.115,17.705,0.0,-16.786
Dras,34.4306,75.7499,cold,3.0,3.0,2.6,90.0,plywood,0.03,stone,0.3,sheep_wool,0.05,north,1.2,1.5,0.75,1.6,13.959,18.046,0.0119,-16.831
Dras,34.4306,75.7499,cold,3.0,3.0,2.6,180.0,gi_sheet,0.002,aerated_concrete,0.2,xps,0.1,east,0.6,1.5,0.65,2.0,11.286,15.922,0.0,-16.677
Dras,34.4306,75.7499,cold,3.0,3.0,2.6,45.0,mud_brick,0.15,mud_brick,0.25,mineral_wool,0.1,north,1.2,0.9,0.45,2.6,10.174,12.049,0.0,-16.866
Dras,34.4306,75.7499,cold,3.0,3.0,2.6,180.0,aerated_concrete,0.1,puf_sandwich_panel,0.075,xps,0.15,south,0.9,1.2,0.35,1.6,9.047,11.715,0.0,-16.697
Dras,34.4306,75.7499,cold,3.0,3.0,2.6,45.0,aerated_concrete,0.2,gi_sheet,0.002,eps,0.025,east,0.6,0.6,0.35,1.6,11.425,15.388,0.0,-16.769
Dras,34.4306,75.7499,cold,3.0,3.0,2.6,180.0,rammed_earth,0.15,aerated_concrete,0.2,none,0.0,north,0.6,1.2,0.85,1.2,14.8,20.315,0.1607,-16.846
Dras,34.4306,75.7499,cold,3.0,3.0,2.6,45.0,gi_sheet,0.002,rcc_slab,0.15,mineral_wool,0.1,west,0.6,1.2,0.35,1.2,10.333,13.559,0.0,-16.768
Dras,34.4306,75.7499,cold,3.0,3.0,2.6,180.0,plywood,0.03,gi_sheet,0.002,eps,0.2,west,0.6,1.5,0.75,1.6,11.147,15.582,0.0,-16.604
Dras,34.4306,75.7499,cold,3.0,3.0,2.6,45.0,plywood,0.05,gi_sheet,0.002,eps,0.025,east,1.5,0.6,0.85,3.5,13.664,21.455,0.244,-16.623
Dras,34.4306,75.7499,cold,3.0,3.0,2.6,45.0,rammed_earth,0.3,rcc_slab,0.15,eps,0.025,south,0.6,1.2,0.45,3.5,11.526,13.93,0.0,-16.885
Dras,34.4306,75.7499,cold,3.0,3.0,2.6,135.0,brick,0.115,mud_brick,0.25,sheep_wool,0.1,north,1.8,0.9,0.75,5.8,12.563,15.687,0.0,-16.856
Dras,34.4306,75.7499,cold,3.0,3.0,2.6,90.0,timber,0.1,brick,0.23,eps,0.025,west,0.9,0.6,0.75,3.5,11.683,15.236,0.0,-16.81
Dras,34.4306,75.7499,cold,3.0,3.0,2.6,180.0,puf_sandwich_panel,0.15,concrete,0.1,xps,0.15,east,0.6,1.2,0.45,3.5,8.252,10.448,0.0,-16.718
Dras,34.4306,75.7499,cold,3.0,3.0,2.6,0.0,puf_sandwich_panel,0.15,brick,0.23,xps,0.05,west,0.9,0.9,0.65,2.0,9.298,11.769,0.0,-16.778
Dras,34.4306,75.7499,cold,3.0,3.0,2.6,180.0,mud_brick,0.45,puf_sandwich_panel,0.1,eps,0.2,south,1.2,0.9,0.45,1.6,8.063,9.116,0.0,-16.895
Dras,34.4306,75.7499,cold,3.0,3.0,2.6,0.0,aerated_concrete,0.3,stone,0.3,mineral_wool,0.1,west,1.2,1.2,0.55,1.2,9.276,10.888,0.0,-16.865
Dras,34.4306,75.7499,cold,3.0,3.0,2.6,0.0,rammed_earth,0.45,aerated_concrete,0.2,eps,0.025,north,1.8,0.6,0.45,5.8,10.321,12.16,0.0,-16.895
Dras,34.4306,75.7499,cold,3.0,3.0,2.6,45.0,stone,0.45,aerated_concrete,0.1,mineral_wool,0.1,north,0.9,0.6,0.65,1.2,8.85,10.38,0.0,-16.905
Dras,34.4306,75.7499,cold,3.0,3.0,2.6,135.0,concrete,0.15,gi_sheet,0.002,mineral_wool,0.1,north,1.8,0.9,0.75,3.5,12.517,15.612,0.0,-16.854
Dras,34.4306,75.7499,cold,3.0,3.0,2.6,45.0,rammed_earth,0.15,stone,0.15,xps,0.15,east,1.8,0.9,0.85,1.6,11.674,14.294,0.0,-16.86
Dras,34.4306,75.7499,cold,3.0,3.0,2.6,0.0,gi_sheet,0.002,brick,0.115,eps,0.05,west,1.5,1.2,0.45,1.2,12.256,17.989,0.0,-16.722
Dras,34.4306,75.7499,cold,3.0,3.0,2.6,135.0,gi_sheet,0.002,timber,0.1,eps,0.025,east,1.2,1.2,0.45,2.0,13.547,21.475,0.2083,-16.63
Dras,34.4306,75.7499,cold,3.0,3.0,2.6,180.0,brick,0.23,concrete,0.1,eps,0.2,south,1.5,0.6,0.75,1.6,9.256,10.639,0.0,-16.875
Dras,34.4306,75.7499,cold,3.0,3.0,2.6,45.0,mud_brick,0.45,timber,0.15,sheep_wool,0.1,east,1.2,1.2,0.55,2.6,9.781,11.493,0.0,-16.896
Dras,34.4306,75.7499,cold,3.0,3.0,2.6,180.0,stone,0.3,aerated_concrete,0.1,sheep_wool,0.05,north,1.8,1.2,0.55,2.6,11.498,13.726,0.0,-16.892
Dras,34.4306,75.7499,cold,3.0,3.0,2.6,90.0,timber,0.2,aerated_concrete,0.1,sheep_wool,0.15,north,1.8,1.5,0.45,5.8,12.341,16.097,0.0,-16.78
Dras,34.4306,75.7499,cold,3.0,3.0,2.6,0.0,mud_brick,0.3,stone,0.15,eps,0.025,west,0.9,0.6,0.45,1.2,11.109,13.265,0.0,-16.888
Dras,34.4306,75.7499,cold,3.0,3.0,2.6,135.0,gi_sheet,0.002,puf_sandwich_panel,0.05,eps,0.1,south,0.9,0.9,0.85,1.6,11.199,16.578,0.0,-16.577
Dras,34.4306,75.7499,cold,3.0,3.0,2.6,135.0,aerated_concrete,0.2,mud_brick,0.15,eps,0.15,north,0.9,0.6,0.65,5.8,9.349,11.306,0.0,-16.816
Dras,34.4306,75.7499,cold,3.0,3.0,2.6,135.0,gi_sheet,0.002,stone,0.3,none,0.0,south,1.8,1.2,0.35,2.6,17.495,27.846,0.4821,-20.543
Dras,34.4306,75.7499,cold,3.0,3.0,2.6,180.0,aerated_concrete,0.2,stone,0.15,eps,0.15,north,1.5,0.6,0.45,3.5,8.999,10.791,0.0,-16.828
Dras,34.4306,75.7499,cold,3.0,3.0,2.6,180.0,plywood,0.019,puf_sandwich_panel,0.15,sheep_wool,0.05,north,0.6,1.2,0.35,2.0,11.108,16.665,0.0,-16.553
Dras,34.4306,75.7499,cold,3.0,3.0,2.6,45.0,puf_sandwich_panel,0.1,puf_sandwich_panel,0.15,xps,0.05,south,0.9,0.9,0.85,5.8,9.133,13.442,0.0,-16.524
Dras,34.4306,75.7499,cold,3.0,3.0,2.6,45.0,concrete,0.15,concrete,0.15,eps,0.15,east,1.8,0.9,0.45,5.8,10.708,12.869,0.0,-16.868
Dras,34.4306,75.7499,cold,3.0,3.0,2.6,90.0,stone,0.45,mud_brick,0.15,sheep_wool,0.1,south,0.9,1.2,0.35,2.6,8.809,10.371,0.0,-16.906
Dras,34.4306,75.7499,cold,3.0,3.0,2.6,180.0,rammed_earth,0.15,stone,0.15,eps,0.025,west,1.5,0.9,0.35,5.8,13.036,16.559,0.0,-16.86
Dras,34.4306,75.7499,cold,3.0,3.0,2.6,45.0,mud_brick,0.3,mud_brick,0.25,eps,0.1,east,0.9,1.2,0.35,1.6,9.28,10.687,0.0,-16.889
Dras,34.4306,75.7499,cold,3.0,3.0,2.6,0.0,stone,0.45,brick,0.115,xps,0.1,north,1.2,0.6,0.75,2.0,8.722,10.257,0.0,-16.906
Dras,34.4306,75.7499,cold,3.0,3.0,2.6,45.0,plywood,0.05,rcc_slab,0.1,eps,0.025,south,1.2,0.9,0.85,1.6,13.129,19.233,0.0476,-16.739
Dras,34.4306,75.7499,cold,3.0,3.0,2.6,45.0,rammed_earth,0.3,mud_brick,0.15,sheep_wool,0.15,south,0.9,0.9,0.85,1.6,9.055,10.436,0.0,-16.884
Dras,34.4306,75.7499,cold,3.0,3.0,2.6,0.0,concrete,0.15,mud_brick,0.15,sheep_wool,0.05,west,0.9,0.9,0.65,2.0,11.424,14.075,0.0,-16.866
Dras,34.4306,75.7499,cold,3.0,3.0,2.6,90.0,puf_sandwich_panel,0.15,concrete,0.2,sheep_wool,0.05,west,1.5,0.6,0.55,1.2,9.531,12.002,0.0,-16.781
Dras,34.4306,75.7499,cold,3.0,3.0,2.6,180.0,timber,0.2,rcc_slab,0.1,xps,0.05,south,1.2,1.5,0.35,1.2,10.408,13.079,0.0,-16.809
Dras,34.4306,75.7499,cold,3.0,3.0,2.6,90.0,brick,0.23,rcc_slab,0.2,sheep_wool,0.1,north,1.2,0.9,0.55,1.6,10.574,12.448,0.0,-16.881
Dras,34.4306,75.7499,cold,3.0,3.0,2.6,180.0,puf_sandwich_panel,0.05,rcc_slab,0.25,sheep_wool,0.05,north,1.8,0.9,0.85,5.8,11.501,15.25,0.0,-16.799
Dras,34.4306,75.7499,cold,3.0,3.0,2.6,0.0,gi_sheet,0.002,rcc_slab,0.2,eps,0.025,west,0.9,1.2,0.65,2.6,13.435,19.195,0.0476,-16.787
Dras,34.4306,75.7499,cold,3.0,3.0,2.6,90.0,concrete,0.1,mud_brick,0.25,xps,0.05,south,0.6,0.6,0.35,2.0,10.79,13.171,0.0,-16.859
Dras,34.4306,75.7499,cold,3.0,3.0,2.6,0.0,concrete,0.3,concrete,0.2,eps,0.15,north,0.9,0.9,0.85,2.6,9.016,10.491,0.0,-16.895
Dras,34.4306,75.7499,cold,3.0,3.0,2.6,180.0,gi_sheet,0.002,brick,0.115,sheep_wool,0.1,east,0.9,1.2,0.75,1.6,11.91,16.69,0.0,-16.723
Dras,34.4306,75.7499,cold,3.0,3.0,2.6,180.0,concrete,0.15,stone,0.15,none,0.0,south,0.6,1.5,0.75,1.2,17.322,24.559,0.4702,-16.87
Dras,34.4306,75.7499,cold,3.0,3.0,2.6,45.0,aerated_concrete,0.1,concrete,0.15,eps,0.05,north,1.8,1.5,0.35,3.5,12.466,16.438,0.0,-16.792
Dras,34.4306,75.7499,cold,3.0,3.0,2.6,135.0,timber,0.15,aerated_concrete,0.1,mineral_wool,0.1,north,1.5,1.2,0.55,3.5,11.492,15.137,0.0,-16.762
Dras,34.4306,75.7499,cold,3.0,3.0,2.6,135.0,gi_sheet,0.002,puf_sandwich_panel,0.15,eps,0.1,west,1.5,0.9,0.65,5.8,12.394,18.026,0.006,-16.58
Dras,34.4306,75.7499,cold,3.0,3.0,2.6,45.0,mud_brick,0.3,aerated_concrete,0.2,sheep_wool,0.1,north,0.9,0.6,0.55,1.2,9.228,10.537,0.0,-16.883
Dras,34.4306,75.7499,cold,3.0,3.0,2.6,45.0,concrete,0.3,mud_brick,0.15,mineral_wool,0.15,west,1.8,1.5,0.45,2.6,9.673,11.412,0.0,-16.891
Dras,34.4306,75.7499,cold,3.0,3.0,2.6,180.0,mud_brick,0.45,brick,0.23,eps,0.2,south,0.9,0.6,0.85,5.8,8.155,9.299,0.0,-16.9
Dras,34.4306,75.7499,cold,3.0,3.0,2.6,45.0,stone,0.15,aerated_concrete,0.2,xps,0.05,north,0.9,0.9,0.35,1.2,10.807,13.034,0.0,-16.867
Dras,34.4306,75.7499,cold,3.0,3.0,2.6,180.0,gi_sheet,0.002,timber,0.1,xps,0.15,east,0.9,1.2,0.45,3.5,10.887,15.429,0.0,-16.643
Dras,34.4306,75.7499,cold,3.0,3.0,2.6,0.0,stone,0.15,timber,0.15,sheep_wool,0.15,north,0.9,1.2,0.75,1.6,9.912,11.737,0.0,-16.866
Dras,34.4306,75.7499,cold,3.0,3.0,2.6,0.0,timber,0.2,stone,0.15,sheep_wool,0.15,south,0.6,1.5,0.55,2.0,8.979,10.769,0.0,-16.83
Dras,34.4306,75.7499,cold,3.0,3.0,2.6,180.0,mud_brick,0.45,puf_sandwich_panel,0.075,eps,0.025,east,0.6,1.5,0.75,3.5,9.845,11.621,0.0,-16.895
Dras,34.4306,75.7499,cold,3.0,3.0,2.6,45.0,timber,0.15,aerated_concrete,0.1,eps,0.15,north,0.9,1.5,0.65,1.6,10.663,13.561,0.0,-16.76
Dras,34.4306,75.7499,cold,3.0,3.0,2.6,180.0,timber,0.2,aerated_concrete,0.2,sheep_wool,0.15,west,0.6,0.6,0.85,5.8,9.297,11.316,0.0,-16.797
Dras,34.4306,75.7499,cold,3.0,3.0,2.6,0.0,concrete,0.1,puf_sandwich_panel,0.075,eps,0.2,south,1.8,0.9,0.45,2.6,9.872,12.244,0.0,-16.824
Dras,34.4306,75.7499,cold,3.0,3.0,2.6,90.0,timber,0.1,brick,0.23,eps,0.025,west,0.6,0.6,0.35,1.2,11.359,14.721,0.0,-16.811
Dras,34.4306,75.7499,cold,3.0,3.0,2.6,135.0,mud_brick,0.45,mud_brick,0.15,sheep_wool,0.1,west,1.5,1.5,0.75,1.6,11.496,13.87,0.0,-16.897
Dras,34.4306,75.7499,cold,3.0,3.0,2.6,90.0,brick,0.23,concrete,0.2,eps,0.05,north,1.5,0.6,0.85,5.8,11.955,14.449,0.0,-16.881
Dras,34.4306,75.7499,cold,3.0,3.0,2.6,45.0,gi_sheet,0.002,brick,0.115,xps,0.15,west,1.5,0.9,0.75,2.6,10.685,14.742,0.0,-16.727
Dras,34.4306,75.7499,cold,3.0,3.0,2.6,180.0,puf_sandwich_panel,0.1,timber,0.1,xps,0.15,east,0.6,0.9,0.35,3.5,8.09,10.745,0.0,-16.61
Dras,34.4306,75.7499,cold,3.0,3.0,2.6,135.0,gi_sheet,0.002,rcc_slab,0.25,eps,0.025,south,0.6,0.6,0.75,5.8,13.386,18.334,0.0179,-16.806
Dras,34.4306,75.7499,cold,3.0,3.0,2.6,45.0,stone,0.45,aerated_concrete,0.1,xps,0.05,west,0.6,1.2,0.75,2.6,9.537,11.408,0.0,-16.905
Dras,34.4306,75.7499,cold,3.0,3.0,2.6,135.0,gi_sheet,0.002,stone,0.3,sheep_wool,0.15,west,0.9,0.9,0.85,1.2,11.437,14.127,0.0,-16.832
Dras,34.4306,75.7499,cold,3.0,3.0,2.6,90.0,mud_brick,0.3,brick,0.23,eps,0.2,north,0.6,1.2,0.45,2.6,8.655,9.806,0.0,-16.889
Dras,34.4306,75.7499,cold,3.0,3.0,2.6,90.0,gi_sheet,0.002,brick,0.23,sheep_wool,0.1,north,1.8,1.2,0.85,2.6,14.909,20.135,0.1905,-16.784
Dras,34.4306,75.7499,cold,3.0,3.0,2.6,135.0,mud_brick,0.3,aerated_concrete,0.2,mineral_wool,0.1,east,1.2,1.2,0.45,2.0,9.397,10.838,0.0,-16.883
Dras,34.4306,75.7499,cold,3.0,3.0,2.6,135.0,mud_brick,0.3,gi_sheet,0.002,sheep_wool,0.1,west,1.2,1.2,0.55,5.8,10.767,12.709,0.0,-16.88
Dras,34.4306,75.7499,cold,3.0,3.0,2.6,135.0,rammed_earth,0.15,puf_sandwich_panel,0.15,none,0.0,east,1.8,0.6,0.65,2.0,14.622,20.121,0.131,-16.836
Dras,34.4306,75.7499,cold,3.0,3.0,2.6,45.0,timber,0.1,aerated_concrete,0.1,mineral_wool,0.1,south,1.5,1.5,0.45,2.6,10.515,14.479,0.0,-16.728
Dras,34.4306,75.7499,cold,3.0,3.0,2.6,0.0,plywood,0.03,rcc_slab,0.2,eps,0.2,east,1.2,0.9,0.75,1.6,11.005,13.883,0.0,-16.791
Dras,34.4306,75.7499,cold,3.0,3.0,2.6,45.0,brick,0.345,concrete,0.2,mineral_wool,0.05,south,1.8,1.2,0.85,2.6,11.478,13.89,0.0,-16.892
Dras,34.4306,75.7499,cold,3.0,3.0,2.6,45.0,puf_sandwich_panel,0.05,mud_brick,0.15,none,0.0,south,0.6,0.6,0.75,2.0,13.024,19.335,0.0655,-16.727
Dras,34.4306,75.7499,cold,3.0,3.0,2.6,180.0,concrete,0.3,aerated_concrete,0.2,sheep_wool,0.1,west,1.2,1.5,0.45,2.6,11.126,13.086,0.0,-16.889
Dras,34.4306,75.7499,cold,3.0,3.0,2.6,90.0,gi_sheet,0.002,timber,0.15,mineral_wool,0.15,south,1.5,0.9,0.45,2.6,10.348,14.587,0.0,-16.68
Dras,34.4306,75.7499,cold,3.0,3.0,2.6,135.0,timber,0.1,stone,0.15,sheep_wool,0.1,south,1.2,0.9,0.85,3.5,10.388,13.15,0.0,-16.805
Dras,34.4306,75.7499,cold,3.0,3.0,2.6,90.0,timber,0.15,brick,0.115,xps,0.1,north,0.6,0.6,0.45,2.6,9.239,11.326,0.0,-16.796
Dras,34.4306,75.7499,cold,3.0,3.0,2.6,0.0,gi_sheet,0.002,brick,0.115,eps,0.05,north,1.2,0.9,0.85,3.5,12.44,18.066,0.006,-16.722
Dras,34.4306,75.7499,cold,3.0,3.0,2.6,180.0,aerated_concrete,0.1,mud_brick,0.25,eps,0.1,east,0.9,1.2,0.35,3.5,9.734,12.034,0.0,-16.813
Dras,34.4306,75.7499,cold,3.0,3.0,2.6,0.0,concrete,0.1,puf_sandwich_panel,0.05,sheep_wool,0.05,south,0.6,0.9,0.65,5.8,11.242,14.367,0.0,-16.825
Dras,34.4306,75.7499,cold,3.0,3.0,2.6,180.0,aerated_concrete,0.2,mud_brick,0.15,mineral_wool,0.05,north,0.6,1.2,0.45,3.5,10.254,12.855,0.0,-16.816
Dras,34.4306,75.7499,cold,3.0,3.0,2.6,45.0,timber,0.1,brick,0.23,xps,0.1,south,0.9,0.6,0.45,2.6,9.204,11.251,0.0,-16.812
Dras,34.4306,75.7499,cold,3.0,3.0,2.6,90.0,brick,0.115,timber,0.15,mineral_wool,0.15,west,1.8,0.9,0.35,1.6,9.674,11.686,0.0,-16.832
Dras,34.4306,75.7499,cold,3.0,3.0,2.6,45.0,stone,0.15,aerated_concrete,0.1,none,0.0,west,1.8,0.6,0.35,3.5,16.25,22.744,0.3869,-16.864
Dras,34.4306,75.7499,cold,3.0,3.0,2.6,180.0,gi_sheet,0.002,stone,0.15,eps,0.05,east,1.8,1.2,0.85,1.2,13.647,19.336,0.0655,-16.774
Dras,34.4306,75.7499,cold,3.0,3.0,2.6,135.0,concrete,0.1,puf_sandwich_panel,0.05,sheep_wool,0.15,west,0.6,1.2,0.85,1.2,11.02,13.549,0.0,-16.826
