site,latitude,longitude,zone,length_m,width_m,height_m,orientation_deg,wall_material,wall_thickness_m,roof_material,roof_thickness_m,insulation_material,insulation_thickness_m,window_wall,window_width_m,window_height_m,window_shgc,window_u_w_m2k,hot_mean_c,hot_max_c,hot_comfort_fraction,cold_min_c
Kargil,34.5584,76.1334,cold,3.0,3.0,2.6,180.0,puf_sandwich_panel,0.15,rcc_slab,0.2,xps,0.1,south,1.5,0.6,0.45,2.6,9.322,11.279,0.0,-16.859
Kargil,34.5584,76.1334,cold,3.0,3.0,2.6,45.0,brick,0.115,stone,0.3,eps,0.2,south,0.6,0.6,0.65,1.6,9.538,10.841,0.0,-16.949
Kargil,34.5584,76.1334,cold,3.0,3.0,2.6,90.0,aerated_concrete,0.1,mud_brick,0.15,sheep_wool,0.05,west,0.6,1.5,0.35,2.6,11.696,15.223,0.0,-16.859
Kargil,34.5584,76.1334,cold,3.0,3.0,2.6,180.0,timber,0.15,timber,0.15,eps,0.025,east,1.8,0.9,0.85,1.2,12.789,17.835,0.0,-16.841
Kargil,34.5584,76.1334,cold,3.0,3.0,2.6,45.0,mud_brick,0.45,timber,0.15,xps,0.1,north,1.8,1.2,0.65,5.8,11.934,13.848,0.0,-16.974
Kargil,34.5584,76.1334,cold,3.0,3.0,2.6,135.0,puf_sandwich_panel,0.15,timber,0.15,mineral_wool,0.05,north,0.6,1.5,0.55,1.2,10.445,14.071,0.0,-16.712
Kargil,34.5584,76.1334,cold,3.0,3.0,2.6,45.0,plywood,0.012,timber,0.15,mineral_wool,0.1,north,0.6,1.2,0.45,1.2,11.253,15.622,0.0,-16.725
Kargil,34.5584,76.1334,cold,3.0,3.0,2.6,45.0,gi_sheet,0.002,mud_brick,0.25,eps,0.2,north,1.2,1.5,0.35,1.6,11.423,14.344,0.0,-16.87
Kargil,34.5584,76.1334,cold,3.0,3.0,2.6,135.0,aerated_concrete,0.3,aerated_concrete,0.1,xps,0.15,east,1.5,1.5,0.55,1.2,10.691,13.541,0.0,-16.887
Kargil,34.5584,76.1334,cold,3.0,3.0,2.6,135.0,puf_sandwich_panel,0.05,aerated_concrete,0.1,eps,0.05,north,0.6,0.9,0.55,2.6,10.797,15.286,0.0,-16.656
Kargil,34.5584,76.1334,cold,3.0,3.0,2.6,45.0,timber,0.2,timber,0.15,xps,0.1,east,0.6,1.5,0.45,1.2,10.282,12.571,0.0,-16.868
Kargil,34.5584,76.1334,cold,3.0,3.0,2.6,135.0,timber,0.1,concrete,0.1,xps,0.15,north,1.2,1.5,0.35,2.0,11.062,13.866,0.0,-16.852
Kargil,34.5584,76.1334,cold,3.0,3.0,2.6,45.0,brick,0.23,stone,0.15,xps,0.15,east,1.5,0.6,0.65,3.5,10.57,12.082,0.0,-16.958
Kargil,34.5584,76.1334,cold,3.0,3.0,2.6,0.0,rammed_earth,0.15,brick,0.23,xps,0.05,south,0.6,1.2,0.75,5.8,11.868,14.464,0.0,-16.941
Kargil,34.5584,76.1334,cold,3.0,3.0,2.6,45.0,brick,0.345,mud_brick,0.15,eps,0.025,east,0.6,1.5,0.75,2.6,13.096,15.59,0.0,-16.97
Kargil,34.5584,76.1334,cold,3.0,3.0,2.6,180.0,puf_sandwich_panel,0.15,rcc_slab,0.1,eps,0.15,west,0.6,1.2,0.55,1.6,9.863,12.324,0.0,-16.791
Kargil,34.5584,76.1334,cold,3.0,3.0,2.6,180.0,plywood,0.05,puf_sandwich_panel,0.075,xps,0.05,north,0.9,1.5,0.65,5.8,12.14,18.13,0.0119,-16.686
Kargil,34.5584,76.1334,cold,3.0,3.0,2.6,0.0,brick,0.23,puf_sandwich_panel,0.075,none,0.0,south,0.6,1.5,0.45,2.6,14.679,18.773,0.0298,-16.946
Kargil,34.5584,76.1334,cold,3.0,3.0,2.6,0.0,gi_sheet,0.002,aerated_concrete,0.2,eps,0.05,south,1.5,1.5,0.45,2.0,13.158,20.094,0.0893,-16.745
Kargil,34.5584,76.1334,cold,3.0,3.0,2.6,180.0,gi_sheet,0.002,mud_brick,0.15,eps,0.1,south,0.9,0.9,0.45,2.6,12.025,15.874,0.0,-16.822
Kargil,34.5584,76.1334,cold,3.0,3.0,2.6,135.0,rammed_earth,0.3,aerated_concrete,0.2,none,0.0,south,1.5,0.6,0.35,3.5,14.093,17.552,0.0,-16.959
Kargil,34.5584,76.1334,cold,3.0,3.0,2.6,0.0,plywood,0.012,rcc_slab,0.15,sheep_wool,0.15,south,1.5,0.9,0.35,3.5,10.95,14.493,0.0,-16.832
Kargil,34.5584,76.1334,cold,3.0,3.0,2.6,0.0,aerated_concrete,0.1,aerated_concrete,0.1,none,0.0,east,0.6,1.2,0.45,3.5,15.114,22.966,0.3214,-16.791
Kargil,34.5584,76.1334,cold,3.0,3.0,2.6,135.0,rammed_earth,0.15,rcc_slab,0.2,eps,0.025,south,0.6,1.5,0.85,5.8,13.788,17.438,0.0,-16.942
Kargil,34.5584,76.1334,cold,3.0,3.0,2.6,0.0,gi_sheet,0.002,concrete,0.2,sheep_wool,0.15,south,0.9,1.2,0.35,5.8,11.134,14.494,0.0,-16.866
Kargil,34.5584,76.1334,cold,3.0,3.0,2.6,180.0,mud_brick,0.3,concrete,0.15,xps,0.1,east,1.8,0.6,0.65,2.6,10.391,11.849,0.0,-16.966
Kargil,34.5584,76.1334,cold,3.0,3.0,2.6,90.0,aerated_concrete,0.1,aerated_concrete,0.2,sheep_wool,0.15,south,0.6,0.9,0.85,3.5,10.05,13.055,0.0,-16.819
Kargil,34.5584,76.1334,cold,3.0,3.0,2.6,135.0,stone,0.15,timber,0.15,xps,0.1,south,1.8,0.6,0.45,5.8,11.163,13.211,0.0,-16.944
Kargil,34.5584,76.1334,cold,3.0,3.0,2.6,0.0,mud_brick,0.45,aerated_concrete,0.1,none,0.0,north,0.9,1.5,0.65,2.0,13.308,15.891,0.0,-16.975
Kargil,34.5584,76.1334,cold,3.0,3.0,2.6,45.0,timber,0.15,rcc_slab,0.1,eps,0.2,east,1.2,0.9,0.65,1.6,10.733,13.134,0.0,-16.874
Kargil,34.5584,76.1334,cold,3.0,3.0,2.6,0.0,concrete,0.1,timber,0.15,eps,0.025,south,1.2,1.5,0.55,2.6,14.053,18.654,0.0357,-16.909
Kargil,34.5584,76.1334,cold,3.0,3.0,2.6,135.0,brick,0.115,gi_sheet,0.002,mineral_wool,0.05,north,0.9,0.9,0.35,1.2,12.761,16.184,0.0,-16.901
Kargil,34.5584,76.1334,cold,3.0,3.0,2.6,45.0,plywood,0.019,brick,0.23,eps,0.1,north,0.6,1.5,0.35,3.5,11.234,14.309,0.0,-16.858
Kargil,34.5584,76.1334,cold,3.0,3.0,2.6,0.0,brick,0.345,rcc_slab,0.25,eps,0.2,north,1.8,1.2,0.85,3.5,10.767,12.392,0.0,-16.973
Kargil,34.5584,76.1334,cold,3.0,3.0,2.6,0.0,rammed_earth,0.3,aerated_concrete,0.1,eps,0.05,east,1.8,1.2,0.35,1.6,12.392,14.7,0.0,-16.956
Kargil,34.5584,76.1334,cold,3.0,3.0,2.6,0.0,gi_sheet,0.002,mud_brick,0.25,eps,0.1,north,0.9,1.2,0.75,1.2,11.704,15.228,0.0,-16.868
Kargil,34.5584,76.1334,cold,3.0,3.0,2.6,45.0,gi_sheet,0.002,gi_sheet,0.002,sheep_wool,0.1,south,0.9,0.6,0.75,2.0,11.659,17.818,0.0,-16.663
Kargil,34.5584,76.1334,cold,3.0,3.0,2.6,45.0,mud_brick,0.15,stone,0.15,eps,0.025,south,1.5,1.5,0.75,5.8,14.567,19.001,0.0476,-16.939
Kargil,34.5584,76.1334,cold,3.0,3.0,2.6,135.0,gi_sheet,0.002,rcc_slab,0.2,mineral_wool,0.15,west,0.9,0.6,0.35,1.2,11.191,13.864,0.0,-16.872
Kargil,34.5584,76.1334,cold,3.0,3.0,2.6,45.0,concrete,0.15,puf_sandwich_panel,0.05,sheep_wool,0.05,north,1.5,1.2,0.85,1.2,14.365,17.86,0.0,-16.93
Kargil,34.5584,76.1334,cold,3.0,3.0,2.6,90.0,mud_brick,0.45,aerated_concrete,0.2,none,0.0,north,1.2,1.2,0.85,2.6,14.171,16.88,0.0,-16.975
Kargil,34.5584,76.1334,cold,3.0,3.0,2.6,45.0,brick,0.345,brick,0.23,sheep_wool,0.05,east,0.9,0.6,0.65,5.8,11.53,13.327,0.0,-16.972
Kargil,34.5584,76.1334,cold,3.0,3.0,2.6,180.0,mud_brick,0.15,gi_sheet,0.002,xps,0.05,west,1.2,0.9,0.35,1.2,12.421,15.305,0.0,-16.919
Kargil,34.5584,76.1334,cold,3.0,3.0,2.6,45.0,concrete,0.2,puf_sandwich_panel,0.1,mineral_wool,0.15,east,1.5,1.5,0.45,5.8,11.991,14.292,0.0,-16.947
Kargil,34.5584,76.1334,cold,3.0,3.0,2.6,0.0,stone,0.3,mud_brick,0.15,mineral_wool,0.15,east,1.2,0.9,0.35,3.5,10.224,11.563,0.0,-16.976
Kargil,34.5584,76.1334,cold,3.0,3.0,2.6,90.0,timber,0.15,aerated_concrete,0.2,sheep_wool,0.05,west,1.8,1.5,0.75,5.8,13.056,17.628,0.0,-16.845
Kargil,34.5584,76.1334,cold,3.0,3.0,2.6,135.0,gi_sheet,0.002,brick,0.23,eps,0.025,south,1.5,0.9,0.85,1.2,14.996,21.366,0.2381,-16.86
Kargil,34.5584,76.1334,cold,3.0,3.0,2.6,0.0,mud_brick,0.3,stone,0.3,eps,0.15,south,1.8,0.6,0.55,1.6,9.601,10.73,0.0,-16.973
Kargil,34.5584,76.1334,cold,3.0,3.0,2.6,90.0,puf_sandwich_panel,0.05,puf_sandwich_panel,0.075,xps,0.1,west,1.8,1.2,0.45,1.6,10.255,14.621,0.0,-16.588
Kargil,34.5584,76.1334,cold,3.0,3.0,2.6,180.0,concrete,0.15,timber,0.15,sheep_wool,0.1,north,1.8,0.9,0.45,3.5,11.916,14.449,0.0,-16.935
Kargil,34.5584,76.1334,cold,3.0,3.0,2.6,90.0,timber,0.1,timber,0.1,eps,0.1,west,1.2,0.6,0.85,1.2,10.49,13.633,0.0,-16.802
Kargil,34.5584,76.1334,cold,3.0,3.0,2.6,0.0,brick,0.345,timber,0.1,mineral_wool,0.15,north,1.2,1.2,0.35,1.6,9.581,10.711,0.0,-16.966
Kargil,34.5584,76.1334,cold,3.0,3.0,2.6,180.0,aerated_concrete,0.1,puf_sandwich_panel,0.05,sheep_wool,0.15,north,0.6,1.2,0.45,2.6,9.994,13.096,0.0,-16.769
Kargil,34.5584,76.1334,cold,3.0,3.0,2.6,90.0,puf_sandwich_panel,0.05,mud_brick,0.15,eps,0.05,east,1.2,0.9,0.65,5.8,11.354,15.497,0.0,-16.804
Kargil,34.5584,76.1334,cold,3.0,3.0,2.6,0.0,plywood,0.012,rcc_slab,0.15,eps,0.2,north,1.5,1.5,0.45,2.6,11.097,14.522,0.0,-16.834
Kargil,34.5584,76.1334,cold,3.0,3.0,2.6,45.0,rammed_earth,0.3,concrete,0.2,mineral_wool,0.1,east,1.5,0.9,0.45,5.8,11.043,12.684,0.0,-16.966
Kargil,34.5584,76.1334,cold,3.0,3.0,2.6,90.0,gi_sheet,0.002,puf_sandwich_panel,0.05,xps,0.1,east,1.5,0.6,0.45,1.2,11.109,16.235,0.0,-16.651
Kargil,34.5584,76.1334,cold,3.0,3.0,2.6,90.0,puf_sandwich_panel,0.15,timber,0.15,eps,0.15,east,0.6,0.9,0.75,5.8,9.167,12.192,0.0,-16.713
Kargil,34.5584,76.1334,cold,3.0,3.0,2.6,135.0,puf_sandwich_panel,0.1,brick,0.23,eps,0.1,south,1.2,1.5,0.45,1.2,10.024,12.673,0.0,-16.853
Kargil,34.5584,76.1334,cold,3.0,3.0,2.6,45.0,rammed_earth,0.15,stone,0.15,xps,0.05,south,0.6,1.2,0.35,2.6,11.533,13.97,0.0,-16.939
Kargil,34.5584,76.1334,cold,3.0,3.0,2.6,135.0,gi_sheet,0.002,aerated_concrete,0.2,eps,0.2,west,0.6,1.5,0.75,1.6,12.172,16.168,0.0,-16.755
Kargil,34.5584,76.1334,cold,3.0,3.0,2.6,0.0,plywood,0.05,timber,0.15,xps,0.15,north,0.9,0.9,0.65,5.8,10.196,13.567,0.0,-16.764
Kargil,34.5584,76.1334,cold,3.0,3.0,2.6,135.0,mud_brick,0.45,brick,0.115,none,0.0,south,1.5,1.2,0.45,2.0,15.274,18.914,0.1071,-16.976
Kargil,34.5584,76.1334,cold,3.0,3.0,2.6,180.0,aerated_concrete,0.1,aerated_concrete,0.1,none,0.0,south,1.5,1.2,0.75,3.5,15.549,24.051,0.3571,-16.788
Kargil,34.5584,76.1334,cold,3.0,3.0,2.6,45.0,puf_sandwich_panel,0.075,brick,0.115,xps,0.1,south,0.9,0.6,0.85,3.5,9.807,13.011,0.0,-16.782
Kargil,34.5584,76.1334,cold,3.0,3.0,2.6,45.0,aerated_concrete,0.2,mud_brick,0.25,eps,0.2,west,1.5,0.6,0.35,2.0,9.113,10.568,0.0,-16.913
Kargil,34.5584,76.1334,cold,3.0,3.0,2.6,0.0,brick,0.115,mud_brick,0.25,none,0.0,west,1.2,1.5,0.65,5.8,17.349,24.412,0.4762,-16.933
Kargil,34.5584,76.1334,cold,3.0,3.0,2.6,45.0,concrete,0.15,mud_brick,0.15,none,0.0,north,1.8,0.9,0.45,1.2,18.21,25.422,0.5476,-16.944
Kargil,34.5584,76.1334,cold,3.0,3.0,2.6,135.0,stone,0.45,puf_sandwich_panel,0.1,eps,0.025,west,0.6,0.9,0.35,2.6,11.289,13.144,0.0,-16.984
Kargil,34.5584,76.1334,cold,3.0,3.0,2.6,90.0,gi_sheet,0.002,concrete,0.2,sheep_wool,0.05,west,1.2,1.2,0.55,2.6,13.189,17.803,0.0,-16.864
Kargil,34.5584,76.1334,cold,3.0,3.0,2.6,180.0,brick,0.23,concrete,0.15,xps,0.15,north,1.2,1.5,0.85,3.5,11.621,13.744,0.0,-16.956
Kargil,34.5584,76.1334,cold,3.0,3.0,2.6,135.0,rammed_earth,0.3,concrete,0.15,eps,0.15,east,0.6,1.5,0.75,1.6,10.026,11.346,0.0,-16.964
Kargil,34.5584,76.1334,cold,3.0,3.0,2.6,135.0,stone,0.15,timber,0.15,xps,0.1,west,1.2,1.5,0.85,2.0,13.699,16.509,0.0,-16.943
Kargil,34.5584,76.1334,cold,3.0,3.0,2.6,45.0,plywood,0.03,puf_sandwich_panel,0.15,xps,0.05,west,1.2,1.2,0.55,1.6,11.656,17.676,0.0,-16.65
Kargil,34.5584,76.1334,cold,3.0,3.0,2.6,0.0,plywood,0.05,aerated_concrete,0.2,xps,0.15,north,1.5,0.9,0.65,1.6,10.493,13.911,0.0,-16.775
Kargil,34.5584,76.1334,cold,3.0,3.0,2.6,90.0,mud_brick,0.15,aerated_concrete,0.1,eps,0.025,west,1.5,1.5,0.75,2.0,14.066,18.083,0.0119,-16.919
Kargil,34.5584,76.1334,cold,3.0,3.0,2.6,90.0,rammed_earth,0.45,stone,0.3,mineral_wool,0.1,west,0.6,1.5,0.85,1.6,9.781,11.061,0.0,-16.981
Kargil,34.5584,76.1334,cold,3.0,3.0,2.6,180.0,rammed_earth,0.15,gi_sheet,0.002,none,0.0,east,1.8,1.2,0.45,5.8,18.359,28.235,0.5119,-17.611
Kargil,34.5584,76.1334,cold,3.0,3.0,2.6,180.0,gi_sheet,0.002,puf_sandwich_panel,0.15,xps,0.15,east,1.8,1.5,0.35,3.5,12.26,18.561,0.0179,-16.659
Kargil,34.5584,76.1334,cold,3.0,3.0,2.6,0.0,stone,0.15,gi_sheet,0.002,xps,0.15,east,0.6,1.5,0.75,5.8,11.674,13.878,0.0,-16.942
Kargil,34.5584,76.1334,cold,3.0,3.0,2.6,45.0,mud_brick,0.15,stone,0.3,eps,0.025,east,1.8,0.9,0.75,1.2,14.748,18.32,0.0238,-16.954
Kargil,34.5584,76.1334,cold,3.0,3.0,2.6,180.0,brick,0.23,brick,0.23,mineral_wool,0.15,east,1.2,0.6,0.45,2.0,9.96,11.251,0.0,-16.96
Kargil,34.5584,76.1334,cold,3.0,3.0,2.6,0.0,aerated_concrete,0.1,concrete,0.1,mineral_wool,0.15,south,1.8,0.9,0.85,1.2,11.46,15.028,0.0,-16.854
Kargil,34.5584,76.1334,cold,3.0,3.0,2.6,0.0,plywood,0.05,aerated_concrete,0.1,sheep_wool,0.05,east,1.8,1.2,0.45,1.2,14.04,20.183,0.1964,-16.729
Kargil,34.5584,76.1334,cold,3.0,3.0,2.6,0.0,stone,0.3,concrete,0.2,eps,0.1,west,0.6,1.5,0.55,3.5,10.288,11.677,0.0,-16.977
Kargil,34.5584,76.1334,cold,3.0,3.0,2.6,135.0,mud_brick,0.15,rcc_slab,0.1,xps,0.1,north,1.2,0.6,0.75,2.6,11.449,13.63,0.0,-16.934
Kargil,34.5584,76.1334,cold,3.0,3.0,2.6,45.0,gi_sheet,0.002,brick,0.115,xps,0.1,east,1.5,0.9,0.35,3.5,12.01,16.451,0.0,-16.8
Kargil,34.5584,76.1334,cold,3.0,3.0,2.6,90.0,concrete,0.1,brick,0.115,mineral_wool,0.1,south,0.6,1.2,0.65,1.6,11.175,13.647,0.0,-16.923
Kargil,34.5584,76.1334,cold,3.0,3.0,2.6,45.0,concrete,0.3,aerated_concrete,0.2,eps,0.1,east,1.5,1.2,0.75,5.8,12.545,14.719,0.0,-16.968
Kargil,34.5584,76.1334,cold,3.0,3.0,2.6,135.0,plywood,0.05,mud_brick,0.25,mineral_wool,0.1,south,0.9,1.2,0.55,1.2,10.807,13.541,0.0,-16.878
Kargil,34.5584,76.1334,cold,3.0,3.0,2.6,45.0,plywood,0.05,aerated_concrete,0.2,mineral_wool,0.05,north,1.8,0.9,0.55,5.8,13.178,18.337,0.0179,-16.772
Kargil,34.5584,76.1334,cold,3.0,3.0,2.6,0.0,stone,0.45,puf_sandwich_panel,0.15,mineral_wool,0.1,east,1.8,0.6,0.35,1.2,9.803,11.087,0.0,-16.984
Kargil,34.5584,76.1334,cold,3.0,3.0,2.6,0.0,gi_sheet,0.002,gi_sheet,0.002,mineral_wool,0.15,south,1.8,0.9,0.35,1.2,11.202,16.621,0.0,-16.695
Kargil,34.5584,76.1334,cold,3.0,3.0,2.6,135.0,mud_brick,0.3,puf_sandwich_panel,0.05,eps,0.05,west,1.5,0.6,0.55,1.2,11.197,12.932,0.0,-16.959
Kargil,34.5584,76.1334,cold,3.0,3.0,2.6,90.0,plywood,0.05,aerated_concrete,0.1,eps,0.05,south,0.6,1.2,0.85,1.6,11.972,17.66,0.0,-16.733
Kargil,34.5584,76.1334,cold,3.0,3.0,2.6,180.0,rammed_earth,0.45,mud_brick,0.25,mineral_wool,0.1,south,1.2,1.5,0.85,2.0,10.733,12.404,0.0,-16.977
Kargil,34.5584,76.1334,cold,3.0,3.0,2.6,135.0,puf_sandwich_panel,0.075,brick,0.115,mineral_wool,0.1,east,1.8,0.6,0.55,3.5,10.218,13.735,0.0,-16.789
Kargil,34.5584,76.1334,cold,3.0,3.0,2.6,0.0,timber,0.1,concrete,0.2,mineral_wool,0.05,east,1.8,1.2,0.75,1.6,15.399,19.877,0.2143,-16.89
Kargil,34.5584,76.1334,cold,3.0,3.0,2.6,90.0,gi_sheet,0.002,rcc_slab,0.15,sheep_wool,0.05,south,1.2,1.2,0.75,3.5,13.618,19.6,0.0595,-16.838
Kargil,34.5584,76.1334,cold,3.0,3.0,2.6,45.0,puf_sandwich_panel,0.1,stone,0.3,eps,0.025,south,0.9,1.5,0.85,3.5,12.179,15.715,0.0,-16.905
Kargil,34.5584,76.1334,cold,3.0,3.0,2.6,0.0,puf_sandwich_panel,0.1,puf_sandwich_panel,0.15,xps,0.1,north,0.9,1.2,0.35,2.0,8.924,12.061,0.0,-16.604
Kargil,34.5584,76.1334,cold,3.0,3.0,2.6,90.0,plywood,0.03,mud_brick,0.25,sheep_wool,0.1,east,1.2,1.5,0.55,2.6,11.785,15.345,0.0,-16.868
Kargil,34.5584,76.1334,cold,3.0,3.0,2.6,45.0,plywood,0.03,rcc_slab,0.25,eps,0.2,north,0.9,0.6,0.85,2.0,10.381,12.516,0.0,-16.886
Kargil,34.5584,76.1334,cold,3.0,3.0,2.6,90.0,aerated_concrete,0.2,puf_sandwich_panel,0.075,eps,0.025,east,1.5,1.5,0.65,1.2,12.448,16.983,0.0,-16.835
Kargil,34.5584,76.1334,cold,3.0,3.0,2.6,0.0,plywood,0.012,gi_sheet,0.002,xps,0.05,east,1.5,1.2,0.75,5.8,15.362,23.676,0.3869,-16.622
Kargil,34.5584,76.1334,cold,3.0,3.0,2.6,45.0,brick,0.115,rcc_slab,0.25,none,0.0,east,1.2,0.9,0.35,5.8,18.173,25.596,0.5417,-16.939
Kargil,34.5584,76.1334,cold,3.0,3.0,2.6,180.0,puf_sandwich_panel,0.15,mud_brick,0.15,sheep_wool,0.1,north,0.9,1.5,0.35,5.8,10.039,13.029,0.0,-16.81
Kargil,34.5584,76.1334,cold,3.0,3.0,2.6,0.0,rammed_earth,0.15,timber,0.15,xps,0.1,north,1.8,1.2,0.65,1.2,11.508,14.027,0.0,-16.919
Kargil,34.5584,76.1334,cold,3.0,3.0,2.6,135.0,rammed_earth,0.15,brick,0.115,eps,0.15,north,0.6,0.6,0.75,2.0,10.444,12.203,0.0,-16.931
Kargil,34.5584,76.1334,cold,3.0,3.0,2.6,180.0,stone,0.3,concrete,0.1,eps,0.2,east,0.6,0.9,0.45,2.6,9.666,10.788,0.0,-16.975
Kargil,34.5584,76.1334,cold,3.0,3.0,2.6,135.0,stone,0.3,puf_sandwich_panel,0.05,eps,0.2,south,1.5,1.5,0.65,1.6,10.675,12.188,0.0,-16.971
Kargil,34.5584,76.1334,cold,3.0,3.0,2.6,180.0,gi_sheet,0.002,gi_sheet,0.002,eps,0.05,west,0.9,0.9,0.45,1.2,13.797,20.709,0.2321,-16.659
Kargil,34.5584,76.1334,cold,3.0,3.0,2.6,0.0,stone,0.45,timber,0.1,sheep_wool,0.1,west,0.9,1.5,0.65,1.2,10.209,11.658,0.0,-16.984
Kargil,34.5584,76.1334,cold,3.0,3.0,2.6,135.0,timber,0.2,concrete,0.1,mineral_wool,0.15,south,0.9,1.5,0.85,1.6,10.494,12.994,0.0,-16.892
Kargil,34.5584,76.1334,cold,3.0,3.0,2.6,135.0,puf_sandwich_panel,0.15,gi_sheet,0.002,mineral_wool,0.15,south,1.2,0.9,0.65,2.6,9.52,13.378,0.0,-16.663
Kargil,34.5584,76.1334,cold,3.0,3.0,2.6,45.0,gi_sheet,0.002,mud_brick,0.15,eps,0.1,north,0.9,0.6,0.55,5.8,11.614,15.487,0.0,-16.823
Kargil,34.5584,76.1334,cold,3.0,3.0,2.6,90.0,timber,0.15,aerated_concrete,0.1,sheep_wool,0.05,south,1.2,0.9,0.35,1.2,11.12,14.699,0.0,-16.833
Kargil,34.5584,76.1334,cold,3.0,3.0,2.6,90.0,gi_sheet,0.002,mud_brick,0.25,eps,0.15,south,1.2,0.9,0.35,1.6,10.712,13.599,0.0,-16.869
Kargil,34.5584,76.1334,cold,3.0,3.0,2.6,180.0,puf_sandwich_panel,0.15,brick,0.23,sheep_wool,0.05,west,1.8,0.6,0.55,5.8,11.723,14.906,0.0,-16.854
Kargil,34.5584,76.1334,cold,3.0,3.0,2.6,135.0,mud_brick,0.45,rcc_slab,0.25,xps,0.1,south,1.5,0.6,0.55,2.6,9.562,10.687,0.0,-16.98
Kargil,34.5584,76.1334,cold,3.0,3.0,2.6,0.0,concrete,0.15,rcc_slab,0.25,mineral_wool,0.15,south,1.2,0.9,0.85,3.5,10.927,12.831,0.0,-16.955
Kargil,34.5584,76.1334,cold,3.0,3.0,2.6,0.0,timber,0.2,concrete,0.15,eps,0.025,east,1.8,1.5,0.35,2.0,14.141,18.239,0.0179,-16.899
Kargil,34.5584,76.1334,cold,3.0,3.0,2.6,135.0,gi_sheet,0.002,timber,0.15,sheep_wool,0.05,west,1.5,0.9,0.35,2.0,13.517,19.536,0.0774,-16.729
Kargil,34.5584,76.1334,cold,3.0,3.0,2.6,90.0,aerated_concrete,0.1,brick,0.115,sheep_wool,0.05,south,1.8,1.2,0.35,5.8,12.598,17.497,0.0,-16.842
Kargil,34.5584,76.1334,cold,3.0,3.0,2.6,90.0,brick,0.115,timber,0.15,sheep_wool,0.15,west,1.8,1.5,0.65,5.8,12.293,15.455,0.0,-16.905
Kargil,34.5584,76.1334,cold,3.0,3.0,2.6,90.0,gi_sheet,0.002,rcc_slab,0.25,none,0.0,south,0.9,1.5,0.55,1.2,18.55,30.795,0.494,-21.325
Kargil,34.5584,76.1334,cold,3.0,3.0,2.6,90.0,rammed_earth,0.3,brick,0.115,eps,0.15,east,1.2,1.2,0.65,1.6,10.319,11.794,0.0,-16.961
Kargil,34.5584,76.1334,cold,3.0,3.0,2.6,180.0,concrete,0.1,rcc_slab,0.1,mineral_wool,0.1,west,0.6,1.5,0.55,5.8,12.59,15.371,0.0,-16.923
Kargil,34.5584,76.1334,cold,3.0,3.0,2.6,0.0,rammed_earth,0.15,mud_brick,0.15,sheep_wool,0.05,east,1.8,0.6,0.55,1.6,12.979,16.015,0.0,-16.933
Kargil,34.5584,76.1334,cold,3.0,3.0,2.6,90.0,aerated_concrete,0.2,mud_brick,0.15,mineral_wool,0.05,north,0.6,1.2,0.45,3.5,11.542,14.336,0.0,-16.893
Kargil,34.5584,76.1334,cold,3.0,3.0,2.6,135.0,mud_brick,0.45,puf_sandwich_panel,0.15,none,0.0,east,0.6,0.9,0.45,3.5,11.515,13.356,0.0,-16.975
Kargil,34.5584,76.1334,cold,3.0,3.0,2.6,180.0,brick,0.23,rcc_slab,0.2,eps,0.1,south,0.6,1.2,0.85,2.6,10.773,12.363,0.0,-16.96
Kargil,34.5584,76.1334,cold,3.0,3.0,2.6,0.0,brick,0.345,gi_sheet,0.002,mineral_wool,0.15,south,0.6,1.2,0.35,2.6,9.393,10.45,0.0,-16.967
Kargil,34.5584,76.1334,cold,3.0,3.0,2.6,0.0,gi_sheet,0.002,puf_sandwich_panel,0.15,eps,0.025,north,1.5,0.6,0.55,5.8,13.341,21.213,0.1964,-16.645
Kargil,34.5584,76.1334,cold,3.0,3.0,2.6,180.0,mud_brick,0.3,aerated_concrete,0.2,xps,0.05,west,0.6,1.5,0.65,5.8,11.815,13.769,0.0,-16.962
Kargil,34.5584,76.1334,cold,3.0,3.0,2.6,0.0,brick,0.23,concrete,0.2,xps,0.1,west,1.5,0.9,0.75,5.8,11.115,13.105,0.0,-16.959
Kargil,34.5584,76.1334,cold,3.0,3.0,2.6,45.0,puf_sandwich_panel,0.075,gi_sheet,0.002,sheep_wool,0.1,north,1.5,1.2,0.75,3.5,13.051,18.624,0.0774,-16.607
Kargil,34.5584,76.1334,cold,3.0,3.0,2.6,0.0,stone,0.45,aerated_concrete,0.2,mineral_wool,0.1,east,1.5,1.5,0.75,2.0,12.656,15.24,0.0,-16.984
Kargil,34.5584,76.1334,cold,3.0,3.0,2.6,180.0,gi_sheet,0.002,stone,0.15,mineral_wool,0.1,west,0.6,1.2,0.55,2.0,12.614,16.221,0.0,-16.857
Kargil,34.5584,76.1334,cold,3.0,3.0,2.6,45.0,concrete,0.2,stone,0.3,eps,0.2,west,0.9,1.2,0.35,1.6,9.519,10.646,0.0,-16.967
Kargil,34.5584,76.1334,cold,3.0,3.0,2.6,135.0,plywood,0.03,gi_sheet,0.002,eps,0.1,south,1.8,0.9,0.55,3.5,11.77,17.622,0.0,-16.665
Kargil,34.5584,76.1334,cold,3.0,3.0,2.6,90.0,brick,0.115,concrete,0.1,sheep_wool,0.1,east,0.9,1.2,0.45,2.6,11.298,13.823,0.0,-16.919
Kargil,34.5584,76.1334,cold,3.0,3.0,2.6,45.0,mud_brick,0.15,concrete,0.15,eps,0.15,south,0.6,1.5,0.45,1.6,9.993,11.655,0.0,-16.939
Kargil,34.5584,76.1334,cold,3.0,3.0,2.6,0.0,concrete,0.15,timber,0.1,xps,0.05,west,0.9,1.5,0.65,5.8,12.419,15.59,0.0,-16.934
Kargil,34.5584,76.1334,cold,3.0,3.0,2.6,45.0,brick,0.23,rcc_slab,0.1,xps,0.1,west,1.5,0.9,0.55,5.8,10.845,12.721,0.0,-16.953
Kargil,34.5584,76.1334,cold,3.0,3.0,2.6,90.0,concrete,0.3,rcc_slab,0.15,eps,0.1,south,1.5,1.2,0.55,1.2,10.818,12.403,0.0,-16.971
Kargil,34.5584,76.1334,cold,3.0,3.0,2.6,180.0,rammed_earth,0.45,aerated_concrete,0.1,eps,0.1,south,0.9,1.2,0.85,2.0,10.224,11.602,0.0,-16.973
Kargil,34.5584,76.1334,cold,3.0,3.0,2.6,180.0,aerated_concrete,0.3,puf_sandwich_panel,0.15,eps,0.05,north,0.6,0.9,0.85,3.5,10.052,12.276,0.0,-16.882
Kargil,34.5584,76.1334,cold,3.0,3.0,2.6,45.0,aerated_concrete,0.1,gi_sheet,0.002,xps,0.1,west,1.8,1.2,0.45,1.2,11.049,15.365,0.0,-16.771
Kargil,34.5584,76.1334,cold,3.0,3.0,2.6,90.0,timber,0.15,aerated_concrete,0.2,xps,0.05,north,1.2,1.5,0.85,2.0,14.754,19.336,0.119,-16.848
Kargil,34.5584,76.1334,cold,3.0,3.0,2.6,0.0,concrete,0.1,gi_sheet,0.002,none,0.0,north,0.6,1.2,0.65,2.0,19.194,30.969,0.5357,-19.904
Kargil,34.5584,76.1334,cold,3.0,3.0,2.6,90.0,plywood,0.03,timber,0.15,mineral_wool,0.1,south,0.9,1.2,0.75,2.0,11.253,16.187,0.0,-16.747
Kargil,34.5584,76.1334,cold,3.0,3.0,2.6,135.0,mud_brick,0.45,aerated_concrete,0.2,eps,0.15,west,0.9,1.2,0.45,3.5,9.789,10.952,0.0,-16.976
Kargil,34.5584,76.1334,cold,3.0,3.0,2.6,90.0,stone,0.3,mud_brick,0.25,sheep_wool,0.1,west,1.2,1.2,0.75,3.5,10.866,12.537,0.0,-16.977
Kargil,34.5584,76.1334,cold,3.0,3.0,2.6,0.0,plywood,0.03,timber,0.15,mineral_wool,0.1,east,1.8,0.6,0.45,1.6,11.643,15.868,0.0,-16.747
Kargil,34.5584,76.1334,cold,3.0,3.0,2.6,180.0,mud_brick,0.15,puf_sandwich_panel,0.05,mineral_wool,0.15,west,1.8,1.2,0.85,2.0,15.072,18.672,0.0833,-16.918
Kargil,34.5584,76.1334,cold,3.0,3.0,2.6,45.0,mud_brick,0.3,rcc_slab,0.25,xps,0.15,east,0.6,1.5,0.85,2.6,10.508,11.925,0.0,-16.97
Kargil,34.5584,76.1334,cold,3.0,3.0,2.6,90.0,puf_sandwich_panel,0.05,puf_sandwich_panel,0.075,sheep_wool,0.05,south,0.6,1.5,0.65,2.0,10.196,15.435,0.0,-16.575
Kargil,34.5584,76.1334,cold,3.0,3.0,2.6,180.0,brick,0.23,rcc_slab,0.15,sheep_wool,0.1,north,1.8,1.2,0.45,5.8,11.817,14.08,0.0,-16.955
Kargil,34.5584,76.1334,cold,3.0,3.0,2.6,90.0,rammed_earth,0.3,aerated_concrete,0.1,mineral_wool,0.05,west,1.2,1.2,0.75,2.0,11.677,13.755,0.0,-16.957
Kargil,34.5584,76.1334,cold,3.0,3.0,2.6,90.0,rammed_earth,0.3,mud_brick,0.25,sheep_wool,0.1,north,1.2,0.6,0.45,1.6,10.409,11.803,0.0,-16.967
Kargil,34.5584,76.1334,cold,3.0,3.0,2.6,135.0,plywood,0.019,puf_sandwich_panel,0.05,sheep_wool,0.1,east,1.2,0.6,0.85,2.6,11.533,17.378,0.0,-16.624
Kargil,34.5584,76.1334,cold,3.0,3.0,2.6,45.0,puf_sandwich_panel,0.15,mud_brick,0.25,xps,0.15,south,1.8,1.5,0.45,1.6,10.376,13.391,0.0,-16.863
Kargil,34.5584,76.1334,cold,3.0,3.0,2.6,0.0,mud_brick,0.3,stone,0.3,eps,0.2,south,0.6,1.2,0.35,3.5,8.992,9.87,0.0,-16.973
Kargil,34.5584,76.1334,cold,3.0,3.0,2.6,45.0,gi_sheet,0.002,gi_sheet,0.002,mineral_wool,0.15,south,0.9,0.9,0.55,3.5,11.014,16.27,0.0,-16.697
Kargil,34.5584,76.1334,cold,3.0,3.0,2.6,45.0,brick,0.23,rcc_slab,0.1,mineral_wool,0.15,north,1.5,0.6,0.85,1.2,11.009,12.672,0.0,-16.955
Kargil,34.5584,76.1334,cold,3.0,3.0,2.6,0.0,rammed_earth,0.15,stone,0.3,eps,0.15,east,0.6,0.6,0.45,5.8,9.859,11.183,0.0,-16.954
Kargil,34.5584,76.1334,cold,3.0,3.0,2.6,45.0,rammed_earth,0.45,brick,0.115,eps,0.025,west,1.5,0.6,0.35,1.2,11.825,13.738,0.0,-16.975
Kargil,34.5584,76.1334,cold,3.0,3.0,2.6,45.0,brick,0.115,stone,0.3,sheep_wool,0.15,west,0.9,0.6,0.35,5.8,10.059,11.592,0.0,-16.949
Kargil,34.5584,76.1334,cold,3.0,3.0,2.6,45.0,stone,0.15,stone,0.3,sheep_wool,0.15,east,1.2,1.5,0.65,3.5,12.21,14.342,0.0,-16.963
Kargil,34.5584,76.1334,cold,3.0,3.0,2.6,135.0,puf_sandwich_panel,0.05,concrete,0.2,none,0.0,north,1.8,1.2,0.35,2.0,16.615,24.56,0.4167,-16.854
Kargil,34.5584,76.1334,cold,3.0,3.0,2.6,90.0,mud_brick,0.15,gi_sheet,0.002,xps,0.1,south,1.5,0.6,0.75,2.0,10.799,13.149,0.0,-16.92
Kargil,34.5584,76.1334,cold,3.0,3.0,2.6,45.0,gi_sheet,0.002,mud_brick,0.15,mineral_wool,0.05,north,1.5,1.5,0.85,2.6,15.859,22.145,0.369,-16.823
Kargil,34.5584,76.1334,cold,3.0,3.0,2.6,180.0,rammed_earth,0.15,puf_sandwich_panel,0.05,mineral_wool,0.1,north,1.2,0.9,0.55,2.6,11.033,13.365,0.0,-16.916
Kargil,34.5584,76.1334,cold,3.0,3.0,2.6,90.0,rammed_earth,0.3,mud_brick,0.15,none,0.0,east,0.6,1.5,0.65,2.0,15.531,19.804,0.1905,-16.963
Kargil,34.5584,76.1334,cold,3.0,3.0,2.6,90.0,puf_sandwich_panel,0.1,brick,0.115,mineral_wool,0.1,east,1.8,1.5,0.45,5.8,11.57,16.193,0.0,-16.79
Kargil,34.5584,76.1334,cold,3.0,3.0,2.6,180.0,aerated_concrete,0.2,aerated_concrete,0.1,mineral_wool,0.05,east,1.8,1.2,0.45,3.5,11.915,16.055,0.0,-16.853
Kargil,34.5584,76.1334,cold,3.0,3.0,2.6,90.0,mud_brick,0.3,brick,0.115,xps,0.05,north,1.8,1.2,0.35,2.0,12.366,14.554,0.0,-16.962
Kargil,34.5584,76.1334,cold,3.0,3.0,2.6,45.0,gi_sheet,0.002,gi_sheet,0.002,eps,0.15,south,0.6,0.6,0.45,2.0,10.559,15.351,0.0,-16.67
Kargil,34.5584,76.1334,cold,3.0,3.0,2.6,180.0,mud_brick,0.15,gi_sheet,0.002,sheep_wool,0.15,east,1.8,0.6,0.65,1.2,10.834,13.126,0.0,-16.92
Kargil,34.5584,76.1334,cold,3.0,3.0,2.6,135.0,plywood,0.05,rcc_slab,0.15,eps,0.025,north,1.8,0.6,0.55,5.8,14.273,19.876,0.0952,-16.848
Kargil,34.5584,76.1334,cold,3.0,3.0,2.6,45.0,rammed_earth,0.3,brick,0.115,sheep_wool,0.05,east,1.2,0.9,0.45,5.8,12.119,14.366,0.0,-16.961
Kargil,34.5584,76.1334,cold,3.0,3.0,2.6,45.0,mud_brick,0.15,mud_brick,0.15,none,0.0,north,0.6,1.5,0.85,1.6,17.345,23.581,0.4821,-16.936
Kargil,34.5584,76.1334,cold,3.0,3.0,2.6,90.0,timber,0.1,aerated_concrete,0.1,sheep_wool,0.15,west,0.6,1.2,0.65,3.5,10.038,12.885,0.0,-16.802
Kargil,34.5584,76.1334,cold,3.0,3.0,2.6,45.0,rammed_earth,0.45,mud_brick,0.15,mineral_wool,0.1,south,1.8,1.5,0.55,3.5,11.082,12.771,0.0,-16.975
Kargil,34.5584,76.1334,cold,3.0,3.0,2.6,45.0,plywood,0.019,gi_sheet,0.002,mineral_wool,0.1,east,1.2,1.5,0.45,2.0,12.571,18.408,0.0298,-16.663
Kargil,34.5584,76.1334,cold,3.0,3.0,2.6,180.0,gi_sheet,0.002,timber,0.1,mineral_wool,0.15,north,1.8,1.2,0.45,2.6,12.537,18.059,0.006,-16.732
Kargil,34.5584,76.1334,cold,3.0,3.0,2.6,90.0,rammed_earth,0.45,timber,0.15,eps,0.15,east,0.6,0.9,0.45,3.5,9.041,9.947,0.0,-16.975
Kargil,34.5584,76.1334,cold,3.0,3.0,2.6,0.0,mud_brick,0.3,concrete,0.15,mineral_wool,0.15,south,1.2,0.9,0.55,1.6,9.746,10.915,0.0,-16.966
Kargil,34.5584,76.1334,cold,3.0,3.0,2.6,45.0,rammed_earth,0.15,aerated_concrete,0.1,xps,0.1,east,0.9,0.9,0.45,1.6,10.799,12.941,0.0,-16.92
Kargil,34.5584,76.1334,cold,3.0,3.0,2.6,90.0,aerated_concrete,0.2,puf_sandwich_panel,0.05,none,0.0,south,1.2,1.5,0.85,1.2,13.373,19.096,0.0417,-16.836
Kargil,34.5584,76.1334,cold,3.0,3.0,2.6,135.0,stone,0.15,puf_sandwich_panel,0.05,mineral_wool,0.05,west,1.8,1.2,0.85,2.0,14.958,18.461,0.0298,-16.938
Kargil,34.5584,76.1334,cold,3.0,3.0,2.6,45.0,rammed_earth,0.3,rcc_slab,0.25,eps,0.15,south,0.6,0.6,0.35,2.6,9.167,10.133,0.0,-16.969
Kargil,34.5584,76.1334,cold,3.0,3.0,2.6,90.0,stone,0.3,puf_sandwich_panel,0.075,eps,0.1,east,1.8,1.5,0.55,2.6,11.319,13.126,0.0,-16.97
Kargil,34.5584,76.1334,cold,3.0,3.0,2.6,0.0,concrete,0.3,stone,0.15,eps,0.05,south,1.8,0.9,0.65,3.5,12.111,14.246,0.0,-16.972
Kargil,34.5584,76.1334,cold,3.0,3.0,2.6,0.0,plywood,0.03,timber,0.15,none,0.0,west,1.2,0.6,0.55,1.2,15.759,25.977,0.375,-17.585
Kargil,34.5584,76.1334,cold,3.0,3.0,2.6,0.0,timber,0.1,aerated_concrete,0.2,eps,0.1,east,1.2,0.6,0.65,2.0,11.136,14.251,0.0,-16.822
Kargil,34.5584,76.1334,cold,3.0,3.0,2.6,45.0,mud_brick,0.15,stone,0.15,xps,0.1,south,1.2,1.2,0.65,2.0,11.094,13.359,0.0,-16.941
Kargil,34.5584,76.1334,cold,3.0,3.0,2.6,0.0,stone,0.3,concrete,0.1,mineral_wool,0.15,north,0.9,0.9,0.45,3.5,9.714,10.893,0.0,-16.975
Kargil,34.5584,76.1334,cold,3.0,3.0,2.6,90.0,plywood,0.05,rcc_slab,0.15,xps,0.05,north,1.5,0.6,0.45,5.8,12.422,16.364,0.0,-16.849
Kargil,34.5584,76.1334,cold,3.0,3.0,2.6,180.0,brick,0.115,timber,0.15,eps,0.2,west,0.9,0.9,0.65,3.5,11.536,13.839,0.0,-16.91
Kargil,34.5584,76.1334,cold,3.0,3.0,2.6,180.0,mud_brick,0.45,mud_brick,0.25,sheep_wool,0.15,north,1.5,0.9,0.85,2.0,10.146,11.593,0.0,-16.979
Kargil,34.5584,76.1334,cold,3.0,3.0,2.6,0.0,aerated_concrete,0.2,rcc_slab,0.2,sheep_wool,0.15,north,1.2,1.5,0.55,1.6,10.457,12.52,0.0,-16.91
Kargil,34.5584,76.1334,cold,3.0,3.0,2.6,45.0,concrete,0.3,puf_sandwich_panel,0.075,eps,0.15,north,1.5,0.9,0.75,1.6,11.179,12.808,0.0,-16.967
Kargil,34.5584,76.1334,cold,3.0,3.0,2.6,135.0,stone,0.3,brick,0.115,sheep_wool,0.15,south,1.8,1.2,0.35,2.6,10.546,12.013,0.0,-16.974
Kargil,34.5584,76.1334,cold,3.0,3.0,2.6,45.0,stone,0.45,concrete,0.1,xps,0.05,north,1.2,1.2,0.75,1.6,11.916,14.134,0.0,-16.985
Kargil,34.5584,76.1334,cold,3.0,3.0,2.6,90.0,rammed_earth,0.15,gi_sheet,0.002,xps,0.15,west,1.8,1.5,0.75,3.5,12.094,14.939,0.0,-16.912
Kargil,34.5584,76.1334,cold,3.0,3.0,2.6,180.0,mud_brick,0.45,puf_sandwich_panel,0.05,eps,0.025,east,1.8,0.6,0.75,1.6,11.036,12.673,0.0,-16.974
Kargil,34.5584,76.1334,cold,3.0,3.0,2.6,180.0,stone,0.45,timber,0.1,xps,0.1,north,1.2,1.5,0.35,1.6,10.137,11.605,0.0,-16.984
Kargil,34.5584,76.1334,cold,3.0,3.0,2.6,90.0,gi_sheet,0.002,rcc_slab,0.1,mineral_wool,0.1,east,1.5,1.2,0.65,2.6,12.533,17.617,0.0,-16.809
Kargil,34.5584,76.1334,cold,3.0,3.0,2.6,135.0,stone,0.15,aerated_concrete,0.1,mineral_wool,0.15,east,1.2,0.9,0.65,1.6,11.028,13.057,0.0,-16.944
Kargil,34.5584,76.1334,cold,3.0,3.0,2.6,180.0,puf_sandwich_panel,0.15,brick,0.23,mineral_wool,0.05,east,1.8,0.9,0.75,3.5,11.385,15.218,0.0,-16.856
Kargil,34.5584,76.1334,cold,3.0,3.0,2.6,180.0,puf_sandwich_panel,0.05,gi_sheet,0.002,eps,0.15,north,1.8,1.2,0.55,3.5,11.138,17.058,0.0,-16.611
Kargil,34.5584,76.1334,cold,3.0,3.0,2.6,45.0,plywood,0.03,stone,0.15,xps,0.05,west,1.2,1.5,0.45,2.6,12.36,16.703,0.0,-16.852
Kargil,34.5584,76.1334,cold,3.0,3.0,2.6,180.0,timber,0.15,gi_sheet,0.002,eps,0.05,east,0.6,1.5,0.85,1.2,11.801,16.208,0.0,-16.821
Kargil,34.5584,76.1334,cold,3.0,3.0,2.6,90.0,plywood,0.03,concrete,0.15,sheep_wool,0.1,west,0.9,1.2,0.75,2.6,11.487,14.97,0.0,-16.84
Kargil,34.5584,76.1334,cold,3.0,3.0,2.6,0.0,aerated_concrete,0.2,timber,0.1,sheep_wool,0.1,south,1.8,1.2,0.85,5.8,12.609,17.17,0.0,-16.852
Kargil,34.5584,76.1334,cold,3.0,3.0,2.6,180.0,puf_sandwich_panel,0.075,rcc_slab,0.15,eps,0.05,north,1.5,0.9,0.35,3.5,10.852,14.308,0.0,-16.826
Kargil,34.5584,76.1334,cold,3.0,3.0,2.6,180.0,plywood,0.012,mud_brick,0.25,eps,0.15,south,0.6,1.2,0.85,5.8,11.283,14.17,0.0,-16.863
Kargil,34.5584,76.1334,cold,3.0,3.0,2.6,45.0,rammed_earth,0.45,rcc_slab,0.15,xps,0.05,south,0.9,1.2,0.45,2.6,10.69,12.22,0.0,-16.977
Kargil,34.5584,76.1334,cold,3.0,3.0,2.6,90.0,brick,0.345,puf_sandwich_panel,0.05,xps,0.1,west,0.6,0.9,0.85,2.6,9.692,10.874,0.0,-16.966
Kargil,34.5584,76.1334,cold,3.0,3.0,2.6,0.0,aerated_concrete,0.3,rcc_slab,0.2,none,0.0,west,0.6,0.9,0.75,1.6,15.603,20.991,0.2321,-16.926
Kargil,34.5584,76.1334,cold,3.0,3.0,2.6,45.0,aerated_concrete,0.2,puf_sandwich_panel,0.05,eps,0.2,east,1.8,0.9,0.55,2.0,11.207,14.107,0.0,-16.842
Kargil,34.5584,76.1334,cold,3.0,3.0,2.6,180.0,mud_brick,0.15,aerated_concrete,0.2,eps,0.05,south,1.2,0.6,0.55,5.8,11.761,14.334,0.0,-16.927
Kargil,34.5584,76.1334,cold,3.0,3.0,2.6,0.0,gi_sheet,0.002,puf_sandwich_panel,0.05,eps,0.05,west,1.2,1.5,0.65,1.2,13.061,21.779,0.1548,-16.64
Kargil,34.5584,76.1334,cold,3.0,3.0,2.6,90.0,puf_sandwich_panel,0.05,puf_sandwich_panel,0.075,none,0.0,south,1.5,1.5,0.65,5.8,12.368,20.946,0.1012,-16.567
Kargil,34.5584,76.1334,cold,3.0,3.0,2.6,180.0,rammed_earth,0.15,brick,0.115,eps,0.1,south,0.6,1.2,0.65,2.6,11.033,13.134,0.0,-16.93
Kargil,34.5584,76.1334,cold,3.0,3.0,2.6,45.0,mud_brick,0.3,concrete,0.2,xps,0.15,west,1.2,1.5,0.65,2.6,10.2,11.561,0.0,-16.967
Kargil,34.5584,76.1334,cold,3.0,3.0,2.6,180.0,brick,0.345,brick,0.23,xps,0.1,south,0.9,0.6,0.85,1.2,9.985,11.242,0.0,-16.973
Kargil,34.5584,76.1334,cold,3.0,3.0,2.6,45.0,aerated_concrete,0.2,rcc_slab,0.15,sheep_wool,0.15,west,0.6,0.6,0.55,1.2,9.386,11.088,0.0,-16.901
Kargil,34.5584,76.1334,cold,3.0,3.0,2.6,180.0,aerated_concrete,0.1,aerated_concrete,0.1,eps,0.025,east,0.6,0.9,0.45,1.2,12.507,17.733,0.0,-16.792
Kargil,34.5584,76.1334,cold,3.0,3.0,2.6,0.0,puf_sandwich_panel,0.05,gi_sheet,0.002,eps,0.1,west,1.5,1.2,0.45,5.8,10.922,17.044,0.0,-16.604
Kargil,34.5584,76.1334,cold,3.0,3.0,2.6,90.0,stone,0.3,mud_brick,0.15,xps,0.15,south,0.9,1.2,0.35,5.8,9.778,10.986,0.0,-16.976
Kargil,34.5584,76.1334,cold,3.0,3.0,2.6,180.0,gi_sheet,0.002,mud_brick,0.15,xps,0.15,south,1.2,1.2,0.55,3.5,12.019,15.737,0.0,-16.825
Kargil,34.5584,76.1334,cold,3.0,3.0,2.6,90.0,timber,0.15,gi_sheet,0.002,xps,0.05,north,1.5,1.5,0.75,5.8,15.441,21.172,0.3512,-16.817
Kargil,34.5584,76.1334,cold,3.0,3.0,2.6,135.0,timber,0.15,gi_sheet,0.002,sheep_wool,0.05,north,0.9,0.9,0.55,2.6,12.144,16.262,0.0,-16.821
Kargil,34.5584,76.1334,cold,3.0,3.0,2.6,180.0,aerated_concrete,0.2,brick,0.23,sheep_wool,0.15,north,0.6,0.6,0.35,2.6,9.41,10.992,0.0,-16.91
Kargil,34.5584,76.1334,cold,3.0,3.0,2.6,90.0,gi_sheet,0.002,aerated_concrete,0.2,xps,0.1,east,1.2,0.6,0.45,2.6,11.122,15.474,0.0,-16.751
Kargil,34.5584,76.1334,cold,3.0,3.0,2.6,0.0,stone,0.45,stone,0.3,mineral_wool,0.1,east,0.6,1.2,0.35,1.6,9.696,11.003,0.0,-16.988
Kargil,34.5584,76.1334,cold,3.0,3.0,2.6,45.0,puf_sandwich_panel,0.05,stone,0.15,eps,0.025,west,0.9,1.2,0.65,5.8,12.24,16.732,0.0,-16.839
Kargil,34.5584,76.1334,cold,3.0,3.0,2.6,0.0,puf_sandwich_panel,0.15,mud_brick,0.25,sheep_wool,0.05,east,1.2,0.9,0.35,5.8,10.871,13.581,0.0,-16.861
Kargil,34.5584,76.1334,cold,3.0,3.0,2.6,45.0,concrete,0.1,stone,0.3,mineral_wool,0.1,south,1.5,0.6,0.35,3.5,10.827,12.757,0.0,-16.95
Kargil,34.5584,76.1334,cold,3.0,3.0,2.6,90.0,aerated_concrete,0.2,timber,0.15,eps,0.2,north,0.6,0.9,0.65,2.6,9.859,11.816,0.0,-16.866
Kargil,34.5584,76.1334,cold,3.0,3.0,2.6,180.0,mud_brick,0.15,gi_sheet,0.002,eps,0.1,north,1.2,1.5,0.55,2.6,11.797,14.568,0.0,-16.918
Kargil,34.5584,76.1334,cold,3.0,3.0,2.6,45.0,concrete,0.2,mud_brick,0.25,eps,0.025,south,0.9,0.9,0.75,5.8,13.351,16.381,0.0,-16.961
Kargil,34.5584,76.1334,cold,3.0,3.0,2.6,0.0,brick,0.115,mud_brick,0.25,mineral_wool,0.15,east,1.5,0.9,0.45,1.2,11.395,13.509,0.0,-16.936
Kargil,34.5584,76.1334,cold,3.0,3.0,2.6,90.0,puf_sandwich_panel,0.075,rcc_slab,0.25,sheep_wool,0.15,south,0.9,0.6,0.35,2.6,9.002,10.727,0.0,-16.878
Kargil,34.5584,76.1334,cold,3.0,3.0,2.6,45.0,rammed_earth,0.15,puf_sandwich_panel,0.1,mineral_wool,0.1,west,1.2,1.2,0.75,2.0,10.997,13.515,0.0,-16.915
Kargil,34.5584,76.1334,cold,3.0,3.0,2.6,45.0,rammed_earth,0.3,concrete,0.15,mineral_wool,0.1,south,1.8,0.6,0.45,3.5,10.277,11.725,0.0,-16.964
Kargil,34.5584,76.1334,cold,3.0,3.0,2.6,90.0,concrete,0.1,brick,0.23,eps,0.1,west,1.2,0.6,0.85,1.2,11.168,13.331,0.0,-16.935
Kargil,34.5584,76.1334,cold,3.0,3.0,2.6,0.0,aerated_concrete,0.2,brick,0.23,xps,0.05,south,0.9,0.6,0.45,1.2,10.745,13.111,0.0,-16.909
Kargil,34.5584,76.1334,cold,3.0,3.0,2.6,90.0,gi_sheet,0.002,mud_brick,0.25,sheep_wool,0.15,south,1.2,0.9,0.55,2.0,11.118,14.348,0.0,-16.869
Kargil,34.5584,76.1334,cold,3.0,3.0,2.6,135.0,brick,0.23,timber,0.15,sheep_wool,0.1,north,0.6,1.2,0.85,5.8,11.589,13.631,0.0,-16.95
Kargil,34.5584,76.1334,cold,3.0,3.0,2.6,45.0,brick,0.115,rcc_slab,0.25,sheep_wool,0.1,south,0.9,1.2,0.85,2.6,11.652,14.229,0.0,-16.939
Kargil,34.5584,76.1334,cold,3.0,3.0,2.6,135.0,stone,0.3,rcc_slab,0.2,none,0.0,north,1.8,1.5,0.55,3.5,18.143,23.614,0.5952,-16.976
Kargil,34.5584,76.1334,cold,3.0,3.0,2.6,180.0,mud_brick,0.3,concrete,0.15,xps,0.15,south,1.2,1.2,0.55,2.6,10.024,11.311,0.0,-16.966
Kargil,34.5584,76.1334,cold,3.0,3.0,2.6,135.0,stone,0.45,stone,0.15,xps,0.05,west,0.9,0.9,0.35,5.8,10.893,12.67,0.0,-16.986
Kargil,34.5584,76.1334,cold,3.0,3.0,2.6,90.0,stone,0.15,aerated_concrete,0.2,xps,0.1,south,1.8,1.2,0.35,2.6,11.087,13.269,0.0,-16.943
Kargil,34.5584,76.1334,cold,3.0,3.0,2.6,90.0,gi_sheet,0.002,brick,0.115,sheep_wool,0.15,west,1.5,1.5,0.65,1.2,12.246,16.698,0.0,-16.799
Kargil,34.5584,76.1334,cold,3.0,3.0,2.6,45.0,rammed_earth,0.15,brick,0.23,eps,0.05,north,1.8,0.9,0.65,2.0,13.41,16.429,0.0,-16.94
Kargil,34.5584,76.1334,cold,3.0,3.0,2.6,180.0,stone,0.45,stone,0.15,sheep_wool,0.05,north,0.9,1.5,0.85,1.2,11.706,13.912,0.0,-16.986
Kargil,34.5584,76.1334,cold,3.0,3.0,2.6,0.0,timber,0.15,mud_brick,0.25,xps,0.05,north,0.9,1.5,0.85,2.0,11.719,14.558,0.0,-16.904
Kargil,34.5584,76.1334,cold,3.0,3.0,2.6,90.0,rammed_earth,0.15,gi_sheet,0.002,mineral_wool,0.1,west,1.5,0.6,0.75,1.6,10.895,13.13,0.0,-16.917
Kargil,34.5584,76.1334,cold,3.0,3.0,2.6,45.0,concrete,0.1,timber,0.15,xps,0.15,east,0.9,1.2,0.35,1.6,10.741,12.963,0.0,-16.912
Kargil,34.5584,76.1334,cold,3.0,3.0,2.6,135.0,puf_sandwich_panel,0.1,brick,0.115,eps,0.1,south,1.5,0.9,0.75,5.8,10.716,14.702,0.0,-16.782
Kargil,34.5584,76.1334,cold,3.0,3.0,2.6,0.0,gi_sheet,0.002,mud_brick,0.25,xps,0.15,south,1.8,0.6,0.65,1.6,11.135,14.411,0.0,-16.87
Kargil,34.5584,76.1334,cold,3.0,3.0,2.6,180.0,concrete,0.2,concrete,0.15,mineral_wool,0.1,east,0.9,0.9,0.35,2.6,10.898,12.604,0.0,-16.959
Kargil,34.5584,76.1334,cold,3.0,3.0,2.6,90.0,plywood,0.019,brick,0.23,mineral_wool,0.05,west,0.9,0.6,0.85,1.2,12.243,16.132,0.0,-16.859
Kargil,34.5584,76.1334,cold,3.0,3.0,2.6,135.0,stone,0.3,aerated_concrete,0.2,eps,0.2,north,1.5,1.2,0.45,1.6,10.905,12.492,0.0,-16.973
Kargil,34.5584,76.1334,cold,3.0,3.0,2.6,90.0,mud_brick,0.15,stone,0.15,eps,0.2,south,1.2,0.9,0.65,5.8,10.215,11.986,0.0,-16.941
Kargil,34.5584,76.1334,cold,3.0,3.0,2.6,180.0,brick,0.115,rcc_slab,0.15,sheep_wool,0.05,east,0.6,0.9,0.85,3.5,12.904,16.192,0.0,-16.928
Kargil,34.5584,76.1334,cold,3.0,3.0,2.6,90.0,aerated_concrete,0.1,brick,0.115,mineral_wool,0.15,east,0.6,0.9,0.65,2.0,9.888,12.296,0.0,-16.854
Kargil,34.5584,76.1334,cold,3.0,3.0,2.6,135.0,rammed_earth,0.15,stone,0.3,xps,0.1,west,0.9,1.2,0.45,2.0,11.064,12.798,0.0,-16.953
Kargil,34.5584,76.1334,cold,3.0,3.0,2.6,180.0,concrete,0.1,concrete,0.15,mineral_wool,0.15,north,1.2,0.6,0.35,3.5,10.964,12.991,0.0,-16.932
Kargil,34.5584,76.1334,cold,3.0,3.0,2.6,180.0,rammed_earth,0.15,concrete,0.15,sheep_wool,0.15,east,0.9,1.2,0.35,1.6,10.468,12.304,0.0,-16.936
Kargil,34.5584,76.1334,cold,3.0,3.0,2.6,90.0,aerated_concrete,0.2,concrete,0.2,eps,0.05,east,0.9,0.9,0.55,1.2,11.208,13.821,0.0,-16.911
Kargil,34.5584,76.1334,cold,3.0,3.0,2.6,45.0,rammed_earth,0.3,gi_sheet,0.002,sheep_wool,0.15,south,1.5,0.9,0.55,3.5,10.298,11.908,0.0,-16.956
Kargil,34.5584,76.1334,cold,3.0,3.0,2.6,135.0,concrete,0.15,stone,0.15,mineral_wool,0.05,west,0.9,1.5,0.45,1.2,13.07,15.832,0.0,-16.949
Kargil,34.5584,76.1334,cold,3.0,3.0,2.6,45.0,brick,0.23,concrete,0.1,eps,0.2,north,0.6,0.6,0.65,1.6,9.513,10.638,0.0,-16.955
Kargil,34.5584,76.1334,cold,3.0,3.0,2.6,45.0,mud_brick,0.15,stone,0.3,sheep_wool,0.1,south,0.9,1.5,0.45,3.5,10.898,12.808,0.0,-16.954
Kargil,34.5584,76.1334,cold,3.0,3.0,2.6,180.0,brick,0.345,timber,0.1,sheep_wool,0.15,south,1.8,1.5,0.45,1.6,10.699,12.235,0.0,-16.964
Kargil,34.5584,76.1334,cold,3.0,3.0,2.6,90.0,plywood,0.05,aerated_concrete,0.1,eps,0.1,east,1.2,0.9,0.55,1.2,10.895,15.237,0.0,-16.735
Kargil,34.5584,76.1334,cold,3.0,3.0,2.6,90.0,rammed_earth,0.3,rcc_slab,0.15,mineral_wool,0.15,north,1.5,0.9,0.75,1.2,11.674,13.451,0.0,-16.964
Kargil,34.5584,76.1334,cold,3.0,3.0,2.6,180.0,timber,0.15,aerated_concrete,0.1,eps,0.15,west,1.8,1.2,0.65,1.2,13.806,17.827,0.0,-16.833
Kargil,34.5584,76.1334,cold,3.0,3.0,2.6,135.0,plywood,0.05,stone,0.3,sheep_wool,0.15,north,1.2,0.9,0.45,2.0,10.861,12.986,0.0,-16.913
Kargil,34.5584,76.1334,cold,3.0,3.0,2.6,0.0,aerated_concrete,0.1,puf_sandwich_panel,0.1,sheep_wool,0.15,south,0.9,0.9,0.35,1.6,9.616,12.573,0.0,-16.77
Kargil,34.5584,76.1334,cold,3.0,3.0,2.6,90.0,timber,0.1,aerated_concrete,0.1,mineral_wool,0.15,west,0.6,0.6,0.55,1.2,9.411,11.764,0.0,-16.814
Kargil,34.5584,76.1334,cold,3.0,3.0,2.6,45.0,brick,0.23,concrete,0.15,mineral_wool,0.1,south,0.9,1.5,0.45,1.2,10.643,12.38,0.0,-16.957
Kargil,34.5584,76.1334,cold,3.0,3.0,2.6,90.0,mud_brick,0.3,rcc_slab,0.2,eps,0.025,east,0.9,1.5,0.35,2.0,12.39,14.736,0.0,-16.967
Kargil,34.5584,76.1334,cold,3.0,3.0,2.6,180.0,rammed_earth,0.15,concrete,0.1,xps,0.1,west,0.9,1.2,0.55,3.5,12.029,14.42,0.0,-16.93
Kargil,34.5584,76.1334,cold,3.0,3.0,2.6,90.0,aerated_concrete,0.3,stone,0.15,eps,0.2,south,1.5,0.6,0.45,2.0,9.143,10.566,0.0,-16.923
Kargil,34.5584,76.1334,cold,3.0,3.0,2.6,0.0,rammed_earth,0.3,timber,0.1,mineral_wool,0.1,north,0.6,0.9,0.55,2.0,9.836,11.099,0.0,-16.959
Kargil,34.5584,76.1334,cold,3.0,3.0,2.6,90.0,gi_sheet,0.002,aerated_concrete,0.2,eps,0.1,east,1.2,1.5,0.75,1.6,12.616,18.587,0.0357,-16.748
Kargil,34.5584,76.1334,cold,3.0,3.0,2.6,45.0,aerated_concrete,0.2,mud_brick,0.25,mineral_wool,0.1,north,1.2,1.2,0.85,3.5,12.529,15.254,0.0,-16.913
Kargil,34.5584,76.1334,cold,3.0,3.0,2.6,45.0,stone,0.45,aerated_concrete,0.2,eps,0.025,east,1.5,1.5,0.45,1.6,12.661,15.061,0.0,-16.984
Kargil,34.5584,76.1334,cold,3.0,3.0,2.6,0.0,gi_sheet,0.002,brick,0.23,sheep_wool,0.1,west,0.6,1.5,0.65,3.5,11.794,15.824,0.0,-16.862
Kargil,34.5584,76.1334,cold,3.0,3.0,2.6,135.0,concrete,0.15,timber,0.1,sheep_wool,0.05,east,0.9,0.6,0.45,2.6,12.349,15.149,0.0,-16.936
Kargil,34.5584,76.1334,cold,3.0,3.0,2.6,90.0,gi_sheet,0.002,timber,0.15,eps,0.1,west,1.5,0.9,0.55,1.6,11.668,16.494,0.0,-16.733
Kargil,34.5584,76.1334,cold,3.0,3.0,2.6,135.0,rammed_earth,0.3,stone,0.3,sheep_wool,0.1,north,1.8,1.5,0.65,1.6,13.187,15.581,0.0,-16.97
Kargil,34.5584,76.1334,cold,3.0,3.0,2.6,0.0,plywood,0.019,brick,0.115,sheep_wool,0.15,south,1.5,1.5,0.75,1.2,12.538,17.976,0.0,-16.792
Kargil,34.5584,76.1334,cold,3.0,3.0,2.6,90.0,timber,0.1,timber,0.15,mineral_wool,0.05,north,1.8,1.5,0.45,2.6,14.114,19.073,0.0774,-16.81
Kargil,34.5584,76.1334,cold,3.0,3.0,2.6,45.0,concrete,0.15,aerated_concrete,0.1,mineral_wool,0.15,east,0.9,1.5,0.45,5.8,11.38,13.611,0.0,-16.936
Kargil,34.5584,76.1334,cold,3.0,3.0,2.6,135.0,puf_sandwich_panel,0.05,aerated_concrete,0.2,xps,0.1,east,1.5,1.2,0.85,3.5,11.586,17.668,0.0,-16.719
Kargil,34.5584,76.1334,cold,3.0,3.0,2.6,90.0,timber,0.15,puf_sandwich_panel,0.15,eps,0.05,north,1.8,0.6,0.55,1.6,11.573,14.864,0.0,-16.817
Kargil,34.5584,76.1334,cold,3.0,3.0,2.6,45.0,plywood,0.05,aerated_concrete,0.1,mineral_wool,0.05,north,1.8,0.9,0.75,3.5,14.029,19.985,0.1488,-16.737
Kargil,34.5584,76.1334,cold,3.0,3.0,2.6,180.0,concrete,0.1,timber,0.15,xps,0.1,north,0.6,1.5,0.65,2.0,11.735,14.418,0.0,-16.912
Kargil,34.5584,76.1334,cold,3.0,3.0,2.6,0.0,brick,0.345,timber,0.1,eps,0.15,west,1.8,0.6,0.85,3.5,10.164,11.57,0.0,-16.966
Kargil,34.5584,76.1334,cold,3.0,3.0,2.6,0.0,stone,0.15,gi_sheet,0.002,xps,0.1,north,1.2,0.6,0.55,1.2,10.656,12.578,0.0,-16.942
Kargil,34.5584,76.1334,cold,3.0,3.0,2.6,0.0,mud_brick,0.15,aerated_concrete,0.1,none,0.0,north,1.8,1.5,0.85,3.5,16.92,23.521,0.4286,-16.918
Kargil,34.5584,76.1334,cold,3.0,3.0,2.6,180.0,puf_sandwich_panel,0.05,stone,0.3,xps,0.05,west,1.8,1.5,0.45,3.5,13.55,16.944,0.0,-16.905
Kargil,34.5584,76.1334,cold,3.0,3.0,2.6,90.0,rammed_earth,0.45,timber,0.15,mineral_wool,0.05,south,0.6,0.6,0.65,2.0,10.137,11.46,0.0,-16.975
Kargil,34.5584,76.1334,cold,3.0,3.0,2.6,45.0,plywood,0.05,puf_sandwich_panel,0.1,eps,0.025,north,0.9,0.6,0.35,5.8,12.145,17.711,0.0,-16.686
Kargil,34.5584,76.1334,cold,3.0,3.0,2.6,180.0,gi_sheet,0.002,mud_brick,0.25,xps,0.05,south,1.5,0.9,0.85,1.6,13.597,18.024,0.006,-16.867
Kargil,34.5584,76.1334,cold,3.0,3.0,2.6,180.0,puf_sandwich_panel,0.075,stone,0.15,none,0.0,east,1.8,1.2,0.45,2.6,16.689,26.064,0.4167,-16.84
Kargil,34.5584,76.1334,cold,3.0,3.0,2.6,0.0,puf_sandwich_panel,0.05,gi_sheet,0.002,mineral_wool,0.15,south,0.9,1.5,0.85,2.0,10.796,16.052,0.0,-16.648
Kargil,34.5584,76.1334,cold,3.0,3.0,2.6,45.0,gi_sheet,0.002,timber,0.15,eps,0.025,west,1.5,0.6,0.55,1.2,13.818,21.485,0.2143,-16.729
Kargil,34.5584,76.1334,cold,3.0,3.0,2.6,135.0,plywood,0.03,aerated_concrete,0.2,eps,0.2,east,0.9,0.6,0.85,2.6,10.207,13.723,0.0,-16.757
Kargil,34.5584,76.1334,cold,3.0,3.0,2.6,45.0,puf_sandwich_panel,0.15,stone,0.3,xps,0.15,east,1.5,0.6,0.35,5.8,9.436,10.984,0.0,-16.907
Kargil,34.5584,76.1334,cold,3.0,3.0,2.6,135.0,gi_sheet,0.002,timber,0.15,eps,0.15,north,0.9,0.6,0.35,5.8,11.359,15.377,0.0,-16.737
Kargil,34.5584,76.1334,cold,3.0,3.0,2.6,135.0,stone,0.15,rcc_slab,0.2,xps,0.1,north,0.6,1.5,0.65,3.5,11.769,13.793,0.0,-16.956
Kargil,34.5584,76.1334,cold,3.0,3.0,2.6,90.0,gi_sheet,0.002,rcc_slab,0.2,eps,0.1,east,1.8,1.2,0.65,3.5,12.752,17.156,0.0,-16.865
Kargil,34.5584,76.1334,cold,3.0,3.0,2.6,180.0,timber,0.15,stone,0.3,mineral_wool,0.05,west,1.2,1.5,0.85,2.0,14.672,18.191,0.0238,-16.929
Kargil,34.5584,76.1334,cold,3.0,3.0,2.6,90.0,rammed_earth,0.3,brick,0.115,xps,0.15,north,0.6,0.9,0.85,1.6,10.202,11.496,0.0,-16.962
Kargil,34.5584,76.1334,cold,3.0,3.0,2.6,0.0,concrete,0.3,rcc_slab,0.15,mineral_wool,0.05,south,0.9,0.9,0.85,1.2,11.707,13.636,0.0,-16.972
Kargil,34.5584,76.1334,cold,3.0,3.0,2.6,135.0,gi_sheet,0.002,brick,0.115,eps,0.1,west,1.8,1.5,0.75,3.5,15.834,21.818,0.3929,-16.798
Kargil,34.5584,76.1334,cold,3.0,3.0,2.6,135.0,mud_brick,0.3,aerated_concrete,0.1,xps,0.1,north,1.5,1.2,0.45,5.8,11.545,13.446,0.0,-16.959
Kargil,34.5584,76.1334,cold,3.0,3.0,2.6,45.0,aerated_concrete,0.2,puf_sandwich_panel,0.1,eps,0.2,west,1.2,1.5,0.45,5.8,10.159,13.066,0.0,-16.842
Kargil,34.5584,76.1334,cold,3.0,3.0,2.6,45.0,gi_sheet,0.002,timber,0.1,eps,0.025,west,1.5,0.6,0.55,3.5,13.984,22.138,0.256,-16.704
Kargil,34.5584,76.1334,cold,3.0,3.0,2.6,0.0,brick,0.345,aerated_concrete,0.2,eps,0.05,north,0.9,0.9,0.75,2.0,10.946,12.578,0.0,-16.968
Kargil,34.5584,76.1334,cold,3.0,3.0,2.6,45.0,plywood,0.019,aerated_concrete,0.2,mineral_wool,0.05,east,0.9,0.9,0.65,1.6,12.743,18.272,0.0119,-16.741
Kargil,34.5584,76.1334,cold,3.0,3.0,2.6,180.0,stone,0.3,rcc_slab,0.1,eps,0.15,east,1.5,1.2,0.35,5.8,10.668,12.18,0.0,-16.974
Kargil,34.5584,76.1334,cold,3.0,3.0,2.6,0.0,aerated_concrete,0.1,puf_sandwich_panel,0.05,eps,0.025,south,1.5,0.6,0.55,1.6,12.095,17.285,0.0,-16.763
Kargil,34.5584,76.1334,cold,3.0,3.0,2.6,180.0,rammed_earth,0.45,brick,0.23,xps,0.1,north,0.6,1.5,0.45,1.2,9.649,10.805,0.0,-16.978
Kargil,34.5584,76.1334,cold,3.0,3.0,2.6,45.0,rammed_earth,0.3,stone,0.3,sheep_wool,0.1,east,0.6,0.9,0.65,1.2,10.272,11.617,0.0,-16.972
Kargil,34.5584,76.1334,cold,3.0,3.0,2.6,45.0,concrete,0.1,gi_sheet,0.002,mineral_wool,0.05,east,0.6,1.2,0.65,1.2,13.008,16.654,0.0,-16.905
Kargil,34.5584,76.1334,cold,3.0,3.0,2.6,135.0,puf_sandwich_panel,0.075,timber,0.1,mineral_wool,0.05,north,1.5,0.6,0.85,5.8,11.884,16.954,0.0,-16.674
Kargil,34.5584,76.1334,cold,3.0,3.0,2.6,135.0,puf_sandwich_panel,0.15,gi_sheet,0.002,eps,0.2,north,1.2,0.9,0.65,1.6,10.418,14.263,0.0,-16.636
Kargil,34.5584,76.1334,cold,3.0,3.0,2.6,90.0,rammed_earth,0.45,brick,0.115,sheep_wool,0.05,east,0.9,0.9,0.35,5.8,10.891,12.506,0.0,-16.976
Kargil,34.5584,76.1334,cold,3.0,3.0,2.6,135.0,plywood,0.019,rcc_slab,0.1,eps,0.15,south,1.5,0.6,0.75,2.0,11.004,14.666,0.0,-16.798
Kargil,34.5584,76.1334,cold,3.0,3.0,2.6,180.0,stone,0.45,gi_sheet,0.002,mineral_wool,0.1,north,1.5,0.6,0.35,2.6,9.973,11.352,0.0,-16.984
Kargil,34.5584,76.1334,cold,3.0,3.0,2.6,0.0,brick,0.345,rcc_slab,0.25,eps,0.05,south,1.5,1.2,0.85,1.6,12.193,14.307,0.0,-16.973
Kargil,34.5584,76.1334,cold,3.0,3.0,2.6,0.0,plywood,0.05,stone,0.3,none,0.0,east,1.2,0.6,0.35,3.5,16.855,23.984,0.4345,-16.912
Kargil,34.5584,76.1334,cold,3.0,3.0,2.6,135.0,stone,0.15,stone,0.3,eps,0.05,west,1.2,1.5,0.75,2.0,14.017,16.838,0.0,-16.963
Kargil,34.5584,76.1334,cold,3.0,3.0,2.6,0.0,stone,0.45,stone,0.15,eps,0.15,north,1.8,0.9,0.55,3.5,9.79,11.144,0.0,-16.986
Kargil,34.5584,76.1334,cold,3.0,3.0,2.6,180.0,puf_sandwich_panel,0.1,gi_sheet,0.002,eps,0.15,south,1.5,1.5,0.35,1.2,9.812,13.65,0.0,-16.62
Kargil,34.5584,76.1334,cold,3.0,3.0,2.6,45.0,timber,0.15,stone,0.3,sheep_wool,0.15,west,0.9,1.5,0.85,5.8,10.712,12.896,0.0,-16.929
Kargil,34.5584,76.1334,cold,3.0,3.0,2.6,180.0,plywood,0.019,brick,0.115,eps,0.15,south,1.2,0.9,0.75,5.8,11.535,15.36,0.0,-16.794
Kargil,34.5584,76.1334,cold,3.0,3.0,2.6,90.0,gi_sheet,0.002,gi_sheet,0.002,mineral_wool,0.1,south,0.6,0.6,0.45,5.8,11.187,16.242,0.0,-16.684
Kargil,34.5584,76.1334,cold,3.0,3.0,2.6,90.0,timber,0.15,puf_sandwich_panel,0.075,none,0.0,north,0.6,0.6,0.45,1.2,11.993,16.145,0.0,-16.817
Kargil,34.5584,76.1334,cold,3.0,3.0,2.6,90.0,gi_sheet,0.002,puf_sandwich_panel,0.05,xps,0.15,north,0.9,0.9,0.45,1.6,11.208,15.616,0.0,-16.659
Kargil,34.5584,76.1334,cold,3.0,3.0,2.6,135.0,timber,0.2,timber,0.1,xps,0.05,north,1.5,1.5,0.75,3.5,14.388,19.051,0.0774,-16.857
Kargil,34.5584,76.1334,cold,3.0,3.0,2.6,45.0,stone,0.3,mud_brick,0.25,sheep_wool,0.1,east,1.5,0.6,0.65,1.2,10.849,12.468,0.0,-16.978
Kargil,34.5584,76.1334,cold,3.0,3.0,2.6,0.0,plywood,0.012,puf_sandwich_panel,0.1,mineral_wool,0.15,south,0.6,1.5,0.85,2.0,10.956,16.359,0.0,-16.653
Kargil,34.5584,76.1334,cold,3.0,3.0,2.6,90.0,plywood,0.05,aerated_concrete,0.2,eps,0.2,east,1.2,0.9,0.85,2.0,10.554,14.264,0.0,-16.776
Kargil,34.5584,76.1334,cold,3.0,3.0,2.6,90.0,rammed_earth,0.45,mud_brick,0.15,xps,0.15,north,1.8,1.5,0.65,2.0,12.974,15.413,0.0,-16.974
Kargil,34.5584,76.1334,cold,3.0,3.0,2.6,0.0,brick,0.23,concrete,0.15,xps,0.05,south,0.9,1.2,0.35,2.6,11.493,13.608,0.0,-16.957
Kargil,34.5584,76.1334,cold,3.0,3.0,2.6,90.0,timber,0.1,brick,0.115,eps,0.2,north,1.8,1.2,0.65,3.5,13.657,17.503,0.0,-16.849
Kargil,34.5584,76.1334,cold,3.0,3.0,2.6,45.0,aerated_concrete,0.2,mud_brick,0.15,xps,0.05,north,1.2,1.5,0.35,1.2,11.938,14.875,0.0,-16.89
Kargil,34.5584,76.1334,cold,3.0,3.0,2.6,0.0,stone,0.15,rcc_slab,0.15,sheep_wool,0.05,west,1.5,0.9,0.65,2.6,12.749,15.731,0.0,-16.952
Kargil,34.5584,76.1334,cold,3.0,3.0,2.6,0.0,timber,0.15,timber,0.1,eps,0.1,west,1.8,0.9,0.75,3.5,11.371,15.5,0.0,-16.835
Kargil,34.5584,76.1334,cold,3.0,3.0,2.6,90.0,timber,0.1,rcc_slab,0.15,xps,0.05,north,1.8,0.6,0.75,1.6,13.165,16.914,0.0,-16.873
Kargil,34.5584,76.1334,cold,3.0,3.0,2.6,135.0,concrete,0.2,timber,0.1,eps,0.1,north,0.9,0.6,0.55,2.6,11.064,12.872,0.0,-16.951
Kargil,34.5584,76.1334,cold,3.0,3.0,2.6,135.0,puf_sandwich_panel,0.15,puf_sandwich_panel,0.1,xps,0.05,south,1.2,0.9,0.55,2.6,9.34,13.335,0.0,-16.601
Kargil,34.5584,76.1334,cold,3.0,3.0,2.6,45.0,puf_sandwich_panel,0.1,concrete,0.15,sheep_wool,0.1,west,1.2,0.9,0.65,3.5,10.137,13.119,0.0,-16.828
Kargil,34.5584,76.1334,cold,3.0,3.0,2.6,90.0,aerated_concrete,0.1,mud_brick,0.15,mineral_wool,0.05,west,0.9,1.5,0.55,5.8,12.116,15.902,0.0,-16.86
Kargil,34.5584,76.1334,cold,3.0,3.0,2.6,180.0,aerated_concrete,0.1,gi_sheet,0.002,eps,0.05,east,0.6,1.5,0.75,2.6,12.239,17.673,0.0,-16.771
Kargil,34.5584,76.1334,cold,3.0,3.0,2.6,90.0,rammed_earth,0.45,timber,0.1,sheep_wool,0.15,east,0.9,1.2,0.55,1.6,9.553,10.673,0.0,-16.974
Kargil,34.5584,76.1334,cold,3.0,3.0,2.6,90.0,gi_sheet,0.002,brick,0.23,mineral_wool,0.05,south,0.9,1.2,0.65,2.6,12.897,17.584,0.0,-16.863
Kargil,34.5584,76.1334,cold,3.0,3.0,2.6,90.0,gi_sheet,0.002,rcc_slab,0.2,eps,0.05,south,1.5,1.5,0.65,1.6,13.69,19.182,0.0417,-16.864
Kargil,34.5584,76.1334,cold,3.0,3.0,2.6,0.0,puf_sandwich_panel,0.15,gi_sheet,0.002,xps,0.15,north,0.9,0.6,0.35,1.6,8.592,11.368,0.0,-16.636
Kargil,34.5584,76.1334,cold,3.0,3.0,2.6,0.0,plywood,0.05,concrete,0.15,mineral_wool,0.1,south,1.5,1.2,0.55,1.2,11.504,15.116,0.0,-16.853
Kargil,34.5584,76.1334,cold,3.0,3.0,2.6,180.0,puf_sandwich_panel,0.15,puf_sandwich_panel,0.1,sheep_wool,0.15,east,1.5,1.5,0.45,1.2,9.853,15.026,0.0,-16.609
Kargil,34.5584,76.1334,cold,3.0,3.0,2.6,45.0,concrete,0.1,puf_sandwich_panel,0.1,mineral_wool,0.1,south,0.9,0.6,0.45,2.0,10.571,12.943,0.0,-16.906
Kargil,34.5584,76.1334,cold,3.0,3.0,2.6,180.0,timber,0.15,gi_sheet,0.002,sheep_wool,0.1,east,0.6,1.5,0.45,5.8,10.621,13.963,0.0,-16.822
Kargil,34.5584,76.1334,cold,3.0,3.0,2.6,90.0,rammed_earth,0.3,timber,0.1,sheep_wool,0.1,north,0.6,1.5,0.65,2.0,11.172,12.879,0.0,-16.958
Kargil,34.5584,76.1334,cold,3.0,3.0,2.6,90.0,gi_sheet,0.002,brick,0.115,eps,0.15,east,1.2,1.5,0.75,2.6,12.32,17.327,0.0,-16.801
Kargil,34.5584,76.1334,cold,3.0,3.0,2.6,180.0,brick,0.23,brick,0.115,mineral_wool,0.05,north,0.9,0.9,0.55,1.6,11.979,14.307,0.0,-16.954
Kargil,34.5584,76.1334,cold,3.0,3.0,2.6,45.0,aerated_concrete,0.3,rcc_slab,0.2,sheep_wool,0.15,west,0.9,0.9,0.55,1.6,9.503,11.031,0.0,-16.926
Kargil,34.5584,76.1334,cold,3.0,3.0,2.6,0.0,aerated_concrete,0.2,brick,0.23,xps,0.1,east,0.9,1.2,0.45,1.2,10.892,13.024,0.0,-16.909
Kargil,34.5584,76.1334,cold,3.0,3.0,2.6,45.0,timber,0.15,concrete,0.15,mineral_wool,0.1,north,0.6,1.2,0.45,1.2,10.414,12.568,0.0,-16.892
Kargil,34.5584,76.1334,cold,3.0,3.0,2.6,90.0,gi_sheet,0.002,concrete,0.1,sheep_wool,0.15,north,0.9,0.9,0.45,5.8,11.647,15.452,0.0,-16.804
Kargil,34.5584,76.1334,cold,3.0,3.0,2.6,180.0,gi_sheet,0.002,mud_brick,0.25,mineral_wool,0.1,east,1.2,1.2,0.55,5.8,12.548,16.534,0.0,-16.871
Kargil,34.5584,76.1334,cold,3.0,3.0,2.6,0.0,stone,0.3,stone,0.3,xps,0.05,north,0.9,1.5,0.65,5.8,11.443,13.321,0.0,-16.98
Kargil,34.5584,76.1334,cold,3.0,3.0,2.6,0.0,stone,0.3,gi_sheet,0.002,mineral_wool,0.1,east,0.9,1.5,0.45,2.0,11.212,12.869,0.0,-16.972
Kargil,34.5584,76.1334,cold,3.0,3.0,2.6,90.0,gi_sheet,0.002,gi_sheet,0.002,mineral_wool,0.15,north,0.9,1.2,0.65,5.8,12.553,17.678,0.0,-16.696
Kargil,34.5584,76.1334,cold,3.0,3.0,2.6,0.0,stone,0.45,mud_brick,0.15,none,0.0,west,1.5,0.9,0.75,1.2,15.879,19.672,0.2798,-16.985
Kargil,34.5584,76.1334,cold,3.0,3.0,2.6,45.0,aerated_concrete,0.3,stone,0.3,mineral_wool,0.05,south,0.6,1.2,0.35,3.5,10.515,12.358,0.0,-16.943
Kargil,34.5584,76.1334,cold,3.0,3.0,2.6,45.0,stone,0.15,aerated_concrete,0.2,sheep_wool,0.05,north,0.6,1.5,0.85,2.0,12.954,15.769,0.0,-16.945
Kargil,34.5584,76.1334,cold,3.0,3.0,2.6,90.0,aerated_concrete,0.1,aerated_concrete,0.1,sheep_wool,0.1,north,1.8,0.9,0.65,3.5,13.335,17.903,0.0,-16.792
Kargil,34.5584,76.1334,cold,3.0,3.0,2.6,90.0,aerated_concrete,0.2,concrete,0.2,eps,0.1,north,1.8,1.5,0.35,1.6,12.409,15.161,0.0,-16.909
Kargil,34.5584,76.1334,cold,3.0,3.0,2.6,45.0,stone,0.15,timber,0.15,xps,0.05,east,1.8,1.2,0.85,1.2,14.786,18.409,0.0298,-16.942
Kargil,34.5584,76.1334,cold,3.0,3.0,2.6,180.0,aerated_concrete,0.3,aerated_concrete,0.2,eps,0.2,north,1.2,1.2,0.85,2.0,10.579,13.0,0.0,-16.897
Kargil,34.5584,76.1334,cold,3.0,3.0,2.6,0.0,rammed_earth,0.3,gi_sheet,0.002,eps,0.025,north,1.5,0.9,0.55,1.2,12.892,15.688,0.0,-16.956
Kargil,34.5584,76.1334,cold,3.0,3.0,2.6,0.0,plywood,0.05,stone,0.15,mineral_wool,0.15,south,1.8,0.6,0.45,2.0,10.178,12.716,0.0,-16.867
Kargil,34.5584,76.1334,cold,3.0,3.0,2.6,45.0,aerated_concrete,0.3,mud_brick,0.25,sheep_wool,0.1,south,0.9,0.9,0.35,1.2,9.748,11.403,0.0,-16.927
Kargil,34.5584,76.1334,cold,3.0,3.0,2.6,180.0,aerated_concrete,0.2,puf_sandwich_panel,0.15,eps,0.15,west,0.9,1.5,0.55,2.6,11.391,14.158,0.0,-16.842
Kargil,34.5584,76.1334,cold,3.0,3.0,2.6,45.0,stone,0.45,gi_sheet,0.002,eps,0.15,east,0.6,1.2,0.65,2.6,9.751,11.041,0.0,-16.984
Kargil,34.5584,76.1334,cold,3.0,3.0,2.6,90.0,aerated_concrete,0.3,timber,0.15,xps,0.15,west,0.9,0.9,0.35,2.0,9.097,10.625,0.0,-16.895
Kargil,34.5584,76.1334,cold,3.0,3.0,2.6,135.0,mud_brick,0.3,rcc_slab,0.2,eps,0.15,east,1.2,1.2,0.65,3.5,10.357,11.799,0.0,-16.968
Kargil,34.5584,76.1334,cold,3.0,3.0,2.6,0.0,aerated_concrete,0.3,brick,0.115,xps,0.1,west,1.8,0.9,0.35,3.5,10.283,12.549,0.0,-16.906
Kargil,34.5584,76.1334,cold,3.0,3.0,2.6,180.0,stone,0.15,stone,0.15,mineral_wool,0.1,east,1.5,1.2,0.45,2.0,11.711,13.934,0.0,-16.954
Kargil,34.5584,76.1334,cold,3.0,3.0,2.6,90.0,mud_brick,0.3,puf_sandwich_panel,0.05,eps,0.025,west,1.8,0.9,0.75,3.5,12.163,14.463,0.0,-16.958
Kargil,34.5584,76.1334,cold,3.0,3.0,2.6,0.0,plywood,0.03,mud_brick,0.15,eps,0.05,east,0.6,1.5,0.75,3.5,13.427,18.32,0.0179,-16.822
Kargil,34.5584,76.1334,cold,3.0,3.0,2.6,135.0,puf_sandwich_panel,0.1,mud_brick,0.15,mineral_wool,0.05,south,1.2,1.2,0.45,1.2,10.521,13.931,0.0,-16.81
Kargil,34.5584,76.1334,cold,3.0,3.0,2.6,90.0,rammed_earth,0.3,rcc_slab,0.25,sheep_wool,0.1,south,1.2,0.9,0.65,5.8,10.612,12.161,0.0,-16.968
Kargil,34.5584,76.1334,cold,3.0,3.0,2.6,90.0,mud_brick,0.3,brick,0.23,mineral_wool,0.05,west,1.8,1.5,0.35,3.5,11.651,13.611,0.0,-16.966
Kargil,34.5584,76.1334,cold,3.0,3.0,2.6,0.0,brick,0.23,timber,0.1,mineral_wool,0.15,south,1.2,0.6,0.85,5.8,10.256,11.883,0.0,-16.95
Kargil,34.5584,76.1334,cold,3.0,3.0,2.6,180.0,gi_sheet,0.002,aerated_concrete,0.2,eps,0.15,north,1.2,0.6,0.35,1.6,11.388,15.39,0.0,-16.752
Kargil,34.5584,76.1334,cold,3.0,3.0,2.6,180.0,plywood,0.05,timber,0.15,xps,0.15,east,1.2,1.2,0.55,2.0,10.735,14.869,0.0,-16.762
Kargil,34.5584,76.1334,cold,3.0,3.0,2.6,45.0,concrete,0.15,timber,0.1,mineral_wool,0.05,south,0.6,0.6,0.45,5.8,11.78,14.383,0.0,-16.936
Kargil,34.5584,76.1334,cold,3.0,3.0,2.6,0.0,gi_sheet,0.002,puf_sandwich_panel,0.075,xps,0.15,east,1.8,0.6,0.75,3.5,12.628,18.183,0.0119,-16.66
Kargil,34.5584,76.1334,cold,3.0,3.0,2.6,90.0,gi_sheet,0.002,timber,0.1,xps,0.15,east,1.2,1.2,0.75,2.0,11.801,17.279,0.0,-16.716
Kargil,34.5584,76.1334,cold,3.0,3.0,2.6,0.0,aerated_concrete,0.1,stone,0.3,eps,0.025,west,1.8,0.6,0.45,3.5,12.849,16.423,0.0,-16.921
Kargil,34.5584,76.1334,cold,3.0,3.0,2.6,45.0,mud_brick,0.15,puf_sandwich_panel,0.075,mineral_wool,0.15,north,0.9,0.6,0.85,1.6,10.352,12.133,0.0,-16.922
Kargil,34.5584,76.1334,cold,3.0,3.0,2.6,90.0,stone,0.45,stone,0.3,sheep_wool,0.1,south,1.2,0.9,0.75,2.0,10.041,11.516,0.0,-16.988
Kargil,34.5584,76.1334,cold,3.0,3.0,2.6,90.0,aerated_concrete,0.3,puf_sandwich_panel,0.075,xps,0.05,east,1.8,1.5,0.45,1.6,11.273,14.383,0.0,-16.875
Kargil,34.5584,76.1334,cold,3.0,3.0,2.6,0.0,stone,0.3,rcc_slab,0.15,mineral_wool,0.05,south,1.2,1.2,0.65,1.2,11.851,13.832,0.0,-16.976
Kargil,34.5584,76.1334,cold,3.0,3.0,2.6,45.0,aerated_concrete,0.2,gi_sheet,0.002,sheep_wool,0.15,west,0.9,0.9,0.65,5.8,10.069,12.778,0.0,-16.846
Kargil,34.5584,76.1334,cold,3.0,3.0,2.6,135.0,timber,0.15,stone,0.3,eps,0.2,south,0.6,0.9,0.45,2.0,9.016,10.223,0.0,-16.93
Kargil,34.5584,76.1334,cold,3.0,3.0,2.6,135.0,stone,0.45,gi_sheet,0.002,none,0.0,east,0.6,1.5,0.45,1.2,17.271,22.017,0.5179,-16.984
Kargil,34.5584,76.1334,cold,3.0,3.0,2.6,180.0,aerated_concrete,0.2,mud_brick,0.15,eps,0.025,north,1.2,1.2,0.35,1.6,12.352,15.97,0.0,-16.891
Kargil,34.5584,76.1334,cold,3.0,3.0,2.6,90.0,stone,0.45,brick,0.23,xps,0.05,north,1.8,1.2,0.55,1.6,12.321,14.766,0.0,-16.986
Kargil,34.5584,76.1334,cold,3.0,3.0,2.6,180.0,plywood,0.05,mud_brick,0.25,sheep_wool,0.05,south,0.6,0.9,0.85,2.6,12.024,15.47,0.0,-16.874
Kargil,34.5584,76.1334,cold,3.0,3.0,2.6,0.0,timber,0.1,timber,0.1,sheep_wool,0.05,south,1.8,1.5,0.55,2.0,12.983,18.738,0.0417,-16.794
Kargil,34.5584,76.1334,cold,3.0,3.0,2.6,90.0,brick,0.115,puf_sandwich_panel,0.05,sheep_wool,0.15,west,1.8,0.9,0.65,2.6,11.126,13.663,0.0,-16.897
Kargil,34.5584,76.1334,cold,3.0,3.0,2.6,45.0,puf_sandwich_panel,0.1,aerated_concrete,0.1,xps,0.1,north,0.6,0.6,0.85,2.6,9.638,12.787,0.0,-16.672
Kargil,34.5584,76.1334,cold,3.0,3.0,2.6,180.0,puf_sandwich_panel,0.1,puf_sandwich_panel,0.075,eps,0.15,south,1.8,1.2,0.85,3.5,11.338,16.543,0.0,-16.602
Kargil,34.5584,76.1334,cold,3.0,3.0,2.6,180.0,rammed_earth,0.3,gi_sheet,0.002,none,0.0,east,1.8,1.2,0.55,1.6,17.801,24.258,0.5298,-16.955
Kargil,34.5584,76.1334,cold,3.0,3.0,2.6,45.0,brick,0.23,rcc_slab,0.1,xps,0.15,north,1.2,0.6,0.85,2.6,10.623,12.159,0.0,-16.954
Kargil,34.5584,76.1334,cold,3.0,3.0,2.6,180.0,concrete,0.3,mud_brick,0.15,mineral_wool,0.05,north,1.5,0.6,0.75,3.5,11.937,13.925,0.0,-16.971
Kargil,34.5584,76.1334,cold,3.0,3.0,2.6,180.0,concrete,0.3,puf_sandwich_panel,0.1,eps,0.025,east,1.8,1.5,0.65,5.8,13.428,16.469,0.0,-16.965
Kargil,34.5584,76.1334,cold,3.0,3.0,2.6,90.0,brick,0.345,puf_sandwich_panel,0.15,xps,0.1,north,0.6,0.9,0.85,1.2,10.21,11.507,0.0,-16.966
Kargil,34.5584,76.1334,cold,3.0,3.0,2.6,180.0,concrete,0.15,aerated_concrete,0.2,sheep_wool,0.15,east,0.6,0.6,0.65,3.5,10.655,12.477,0.0,-16.939
Kargil,34.5584,76.1334,cold,3.0,3.0,2.6,180.0,plywood,0.05,mud_brick,0.15,xps,0.05,south,0.9,1.5,0.65,2.0,12.348,16.522,0.0,-16.833
Kargil,34.5584,76.1334,cold,3.0,3.0,2.6,90.0,timber,0.1,brick,0.23,eps,0.1,east,0.6,1.5,0.55,2.0,10.51,12.972,0.0,-16.888
Kargil,34.5584,76.1334,cold,3.0,3.0,2.6,180.0,plywood,0.03,gi_sheet,0.002,xps,0.1,east,1.5,0.6,0.45,5.8,11.212,16.333,0.0,-16.67
Kargil,34.5584,76.1334,cold,3.0,3.0,2.6,45.0,rammed_earth,0.45,timber,0.1,mineral_wool,0.15,north,1.5,0.9,0.85,1.6,11.02,12.65,0.0,-16.974
Kargil,34.5584,76.1334,cold,3.0,3.0,2.6,45.0,plywood,0.03,timber,0.15,none,0.0,west,1.8,1.5,0.45,5.8,16.194,26.943,0.4048,-18.394
Kargil,34.5584,76.1334,cold,3.0,3.0,2.6,180.0,aerated_concrete,0.3,puf_sandwich_panel,0.15,eps,0.2,west,1.8,0.6,0.65,2.6,10.856,13.017,0.0,-16.883
Kargil,34.5584,76.1334,cold,3.0,3.0,2.6,0.0,stone,0.45,timber,0.15,mineral_wool,0.05,west,1.2,1.5,0.55,1.6,10.997,12.759,0.0,-16.984
Kargil,34.5584,76.1334,cold,3.0,3.0,2.6,135.0,stone,0.15,puf_sandwich_panel,0.075,eps,0.15,west,0.6,0.6,0.55,2.6,10.44,12.038,0.0,-16.942
Kargil,34.5584,76.1334,cold,3.0,3.0,2.6,180.0,stone,0.15,gi_sheet,0.002,none,0.0,north,0.6,0.9,0.35,2.6,18.609,27.568,0.5536,-18.011
Kargil,34.5584,76.1334,cold,3.0,3.0,2.6,0.0,stone,0.3,puf_sandwich_panel,0.1,eps,0.1,north,0.6,0.6,0.45,2.0,9.627,10.78,0.0,-16.973
Kargil,34.5584,76.1334,cold,3.0,3.0,2.6,180.0,aerated_concrete,0.1,mud_brick,0.25,sheep_wool,0.05,east,0.9,1.5,0.75,5.8,12.569,16.558,0.0,-16.89
Kargil,34.5584,76.1334,cold,3.0,3.0,2.6,135.0,timber,0.2,aerated_concrete,0.2,xps,0.05,north,1.8,1.5,0.55,1.6,13.736,17.825,0.0,-16.867
Kargil,34.5584,76.1334,cold,3.0,3.0,2.6,45.0,mud_brick,0.3,brick,0.23,eps,0.025,east,1.5,1.2,0.35,5.8,13.003,15.584,0.0,-16.967
Kargil,34.5584,76.1334,cold,3.0,3.0,2.6,135.0,plywood,0.012,timber,0.15,eps,0.05,south,1.2,0.6,0.35,1.2,12.309,17.906,0.0,-16.706
Kargil,34.5584,76.1334,cold,3.0,3.0,2.6,180.0,aerated_concrete,0.1,aerated_concrete,0.2,none,0.0,east,1.5,1.5,0.35,5.8,14.442,21.869,0.244,-16.811
Kargil,34.5584,76.1334,cold,3.0,3.0,2.6,135.0,brick,0.23,stone,0.3,xps,0.15,north,0.9,0.6,0.65,3.5,10.069,11.327,0.0,-16.967
Kargil,34.5584,76.1334,cold,3.0,3.0,2.6,45.0,gi_sheet,0.002,stone,0.15,sheep_wool,0.15,west,1.2,1.2,0.65,2.0,11.461,15.25,0.0,-16.853
Kargil,34.5584,76.1334,cold,3.0,3.0,2.6,0.0,mud_brick,0.45,mud_brick,0.25,eps,0.1,north,0.6,0.9,0.65,2.0,9.383,10.437,0.0,-16.98
Kargil,34.5584,76.1334,cold,3.0,3.0,2.6,45.0,timber,0.1,timber,0.15,eps,0.2,east,0.6,1.5,0.45,1.2,9.977,12.503,0.0,-16.817
Kargil,34.5584,76.1334,cold,3.0,3.0,2.6,180.0,aerated_concrete,0.2,mud_brick,0.15,xps,0.05,north,1.8,0.9,0.45,2.0,11.556,14.626,0.0,-16.891
Kargil,34.5584,76.1334,cold,3.0,3.0,2.6,0.0,plywood,0.019,puf_sandwich_panel,0.15,xps,0.15,west,0.9,1.2,0.85,5.8,11.017,17.197,0.0,-16.643
Kargil,34.5584,76.1334,cold,3.0,3.0,2.6,90.0,mud_brick,0.15,brick,0.115,eps,0.15,east,0.9,1.5,0.85,2.6,11.146,13.437,0.0,-16.932
Kargil,34.5584,76.1334,cold,3.0,3.0,2.6,45.0,concrete,0.2,timber,0.1,xps,0.05,east,1.8,1.2,0.85,5.8,14.711,18.253,0.0238,-16.948
Kargil,34.5584,76.1334,cold,3.0,3.0,2.6,135.0,stone,0.45,mud_brick,0.15,eps,0.15,west,1.8,0.9,0.75,1.2,11.066,13.0,0.0,-16.985
Kargil,34.5584,76.1334,cold,3.0,3.0,2.6,180.0,gi_sheet,0.002,concrete,0.1,eps,0.2,west,0.6,0.6,0.65,1.2,11.481,14.778,0.0,-16.807
Kargil,34.5584,76.1334,cold,3.0,3.0,2.6,90.0,rammed_earth,0.3,concrete,0.15,mineral_wool,0.05,east,1.2,1.5,0.35,3.5,11.581,13.623,0.0,-16.963
Kargil,34.5584,76.1334,cold,3.0,3.0,2.6,90.0,concrete,0.15,concrete,0.1,xps,0.15,south,0.6,1.2,0.55,5.8,10.292,12.022,0.0,-16.943
Kargil,34.5584,76.1334,cold,3.0,3.0,2.6,180.0,aerated_concrete,0.2,rcc_slab,0.25,none,0.0,north,1.5,1.2,0.55,1.2,16.183,22.191,0.3333,-16.919
Kargil,34.5584,76.1334,cold,3.0,3.0,2.6,180.0,plywood,0.03,stone,0.3,xps,0.15,north,0.6,1.2,0.45,1.6,10.17,12.087,0.0,-16.911
Kargil,34.5584,76.1334,cold,3.0,3.0,2.6,45.0,stone,0.15,gi_sheet,0.002,eps,0.025,west,1.2,1.2,0.45,2.6,13.933,17.808,0.0,-16.94
Kargil,34.5584,76.1334,cold,3.0,3.0,2.6,90.0,brick,0.23,stone,0.15,eps,0.05,west,0.6,1.5,0.75,5.8,11.876,14.081,0.0,-16.958
Kargil,34.5584,76.1334,cold,3.0,3.0,2.6,135.0,mud_brick,0.45,timber,0.15,eps,0.025,north,0.9,1.2,0.75,3.5,12.067,14.079,0.0,-16.975
Kargil,34.5584,76.1334,cold,3.0,3.0,2.6,90.0,aerated_concrete,0.3,mud_brick,0.15,eps,0.15,east,0.6,1.2,0.45,5.8,9.528,11.177,0.0,-16.914
Kargil,34.5584,76.1334,cold,3.0,3.0,2.6,0.0,plywood,0.05,mud_brick,0.15,xps,0.05,west,0.6,1.2,0.75,2.0,11.826,16.076,0.0,-16.833
Kargil,34.5584,76.1334,cold,3.0,3.0,2.6,90.0,aerated_concrete,0.3,mud_brick,0.15,sheep_wool,0.15,north,1.8,1.5,0.35,2.0,12.028,14.539,0.0,-16.91
Kargil,34.5584,76.1334,cold,3.0,3.0,2.6,135.0,gi_sheet,0.002,gi_sheet,0.002,none,0.0,west,1.2,0.6,0.45,5.8,19.243,35.028,0.381,-24.149
Kargil,34.5584,76.1334,cold,3.0,3.0,2.6,90.0,rammed_earth,0.3,puf_sandwich_panel,0.075,sheep_wool,0.15,north,0.9,1.5,0.85,5.8,12.259,14.325,0.0,-16.956
Kargil,34.5584,76.1334,cold,3.0,3.0,2.6,180.0,puf_sandwich_panel,0.05,concrete,0.15,mineral_wool,0.1,north,0.6,1.2,0.65,5.8,10.192,13.043,0.0,-16.832
Kargil,34.5584,76.1334,cold,3.0,3.0,2.6,180.0,brick,0.23,timber,0.1,eps,0.025,south,0.9,1.5,0.75,1.6,13.284,16.319,0.0,-16.948
Kargil,34.5584,76.1334,cold,3.0,3.0,2.6,90.0,stone,0.45,mud_brick,0.25,xps,0.05,north,0.9,1.2,0.75,1.2,11.504,13.628,0.0,-16.987
Kargil,34.5584,76.1334,cold,3.0,3.0,2.6,0.0,aerated_concrete,0.2,rcc_slab,0.25,eps,0.05,west,1.8,0.6,0.65,2.0,11.444,14.197,0.0,-16.92
Kargil,34.5584,76.1334,cold,3.0,3.0,2.6,180.0,gi_sheet,0.002,puf_sandwich_panel,0.15,sheep_wool,0.15,south,1.5,1.5,0.75,1.2,13.046,18.979,0.0655,-16.653
Kargil,34.5584,76.1334,cold,3.0,3.0,2.6,45.0,puf_sandwich_panel,0.15,concrete,0.1,sheep_wool,0.15,north,0.9,1.2,0.65,5.8,10.817,13.83,0.0,-16.791
Kargil,34.5584,76.1334,cold,3.0,3.0,2.6,90.0,brick,0.115,timber,0.1,eps,0.1,south,0.9,1.5,0.75,3.5,11.681,14.834,0.0,-16.904
Kargil,34.5584,76.1334,cold,3.0,3.0,2.6,90.0,brick,0.23,stone,0.15,xps,0.05,south,1.8,1.2,0.75,1.6,12.66,15.465,0.0,-16.957
Kargil,34.5584,76.1334,cold,3.0,3.0,2.6,90.0,gi_sheet,0.002,timber,0.1,mineral_wool,0.05,north,0.6,1.2,0.75,3.5,13.409,19.664,0.0833,-16.713
Kargil,34.5584,76.1334,cold,3.0,3.0,2.6,45.0,stone,0.3,stone,0.3,xps,0.1,north,1.8,1.5,0.65,1.6,12.54,14.865,0.0,-16.979
Kargil,34.5584,76.1334,cold,3.0,3.0,2.6,135.0,plywood,0.019,brick,0.115,eps,0.025,south,1.2,1.2,0.45,2.0,14.43,21.619,0.244,-16.789
Kargil,34.5584,76.1334,cold,3.0,3.0,2.6,0.0,rammed_earth,0.45,mud_brick,0.15,eps,0.05,west,1.5,1.5,0.35,2.0,11.033,12.665,0.0,-16.975
Kargil,34.5584,76.1334,cold,3.0,3.0,2.6,90.0,gi_sheet,0.002,mud_brick,0.15,none,0.0,north,0.6,1.2,0.75,2.0,18.41,31.502,0.494,-22.372
Kargil,34.5584,76.1334,cold,3.0,3.0,2.6,135.0,puf_sandwich_panel,0.15,aerated_concrete,0.1,xps,0.1,south,0.9,0.6,0.75,2.6,9.188,12.514,0.0,-16.678
Kargil,34.5584,76.1334,cold,3.0,3.0,2.6,90.0,rammed_earth,0.15,puf_sandwich_panel,0.05,mineral_wool,0.1,north,1.5,0.9,0.65,1.2,12.315,14.94,0.0,-16.915
Kargil,34.5584,76.1334,cold,3.0,3.0,2.6,45.0,concrete,0.2,concrete,0.1,mineral_wool,0.05,west,0.9,1.5,0.45,5.8,12.251,14.818,0.0,-16.955
Kargil,34.5584,76.1334,cold,3.0,3.0,2.6,135.0,timber,0.2,mud_brick,0.15,sheep_wool,0.05,north,1.8,0.6,0.45,3.5,11.854,14.839,0.0,-16.895
Kargil,34.5584,76.1334,cold,3.0,3.0,2.6,90.0,brick,0.23,timber,0.15,sheep_wool,0.1,south,0.9,0.9,0.45,1.2,10.339,11.988,0.0,-16.95
Kargil,34.5584,76.1334,cold,3.0,3.0,2.6,135.0,plywood,0.05,mud_brick,0.25,none,0.0,east,0.6,1.2,0.65,5.8,15.721,22.9,0.3393,-16.874
Kargil,34.5584,76.1334,cold,3.0,3.0,2.6,135.0,mud_brick,0.45,aerated_concrete,0.1,eps,0.025,west,1.8,0.6,0.85,5.8,12.512,14.63,0.0,-16.975
Kargil,34.5584,76.1334,cold,3.0,3.0,2.6,0.0,concrete,0.2,brick,0.115,sheep_wool,0.15,east,1.2,0.9,0.75,1.6,11.883,13.932,0.0,-16.955
Kargil,34.5584,76.1334,cold,3.0,3.0,2.6,135.0,puf_sandwich_panel,0.1,timber,0.1,eps,0.1,north,0.9,0.9,0.55,2.6,10.198,13.848,0.0,-16.672
Kargil,34.5584,76.1334,cold,3.0,3.0,2.6,135.0,brick,0.345,stone,0.15,eps,0.05,west,1.5,1.5,0.35,3.5,12.292,14.337,0.0,-16.97
Kargil,34.5584,76.1334,cold,3.0,3.0,2.6,90.0,gi_sheet,0.002,puf_sandwich_panel,0.05,eps,0.15,south,1.2,0.6,0.85,5.8,11.125,16.737,0.0,-16.655
Kargil,34.5584,76.1334,cold,3.0,3.0,2.6,180.0,rammed_earth,0.15,brick,0.115,sheep_wool,0.15,north,1.8,1.2,0.65,2.6,12.054,14.825,0.0,-16.928
Kargil,34.5584,76.1334,cold,3.0,3.0,2.6,45.0,timber,0.1,brick,0.115,eps,0.05,east,1.8,1.2,0.85,5.8,15.351,21.115,0.2857,-16.846
Kargil,34.5584,76.1334,cold,3.0,3.0,2.6,90.0,concrete,0.3,mud_brick,0.25,sheep_wool,0.1,east,1.2,0.6,0.45,1.6,10.178,11.539,0.0,-16.974
Kargil,34.5584,76.1334,cold,3.0,3.0,2.6,45.0,rammed_earth,0.3,mud_brick,0.25,sheep_wool,0.05,north,1.8,1.2,0.45,2.6,12.57,14.811,0.0,-16.965
Kargil,34.5584,76.1334,cold,3.0,3.0,2.6,135.0,stone,0.45,gi_sheet,0.002,none,0.0,north,1.2,0.6,0.55,3.5,17.355,22.105,0.5357,-16.984
Kargil,34.5584,76.1334,cold,3.0,3.0,2.6,135.0,timber,0.2,timber,0.1,mineral_wool,0.1,west,1.5,1.2,0.45,3.5,11.657,14.564,0.0,-16.863
Kargil,34.5584,76.1334,cold,3.0,3.0,2.6,180.0,concrete,0.2,rcc_slab,0.1,sheep_wool,0.1,west,1.2,0.6,0.45,3.5,11.607,13.567,0.0,-16.956
Kargil,34.5584,76.1334,cold,3.0,3.0,2.6,180.0,timber,0.2,timber,0.15,sheep_wool,0.05,south,0.6,0.9,0.55,3.5,10.594,13.244,0.0,-16.868
Kargil,34.5584,76.1334,cold,3.0,3.0,2.6,180.0,puf_sandwich_panel,0.15,gi_sheet,0.002,eps,0.1,north,1.2,0.9,0.45,5.8,9.941,14.282,0.0,-16.623
Kargil,34.5584,76.1334,cold,3.0,3.0,2.6,90.0,plywood,0.012,aerated_concrete,0.1,eps,0.15,north,1.8,0.9,0.85,3.5,14.307,20.64,0.2857,-16.682
Kargil,34.5584,76.1334,cold,3.0,3.0,2.6,135.0,timber,0.2,timber,0.15,sheep_wool,0.1,east,1.8,0.9,0.85,3.5,11.595,15.373,0.0,-16.866
Kargil,34.5584,76.1334,cold,3.0,3.0,2.6,0.0,stone,0.3,timber,0.15,none,0.0,south,0.9,1.2,0.85,2.0,16.035,20.406,0.2857,-16.973
Kargil,34.5584,76.1334,cold,3.0,3.0,2.6,135.0,plywood,0.03,rcc_slab,0.2,eps,0.025,south,1.8,1.5,0.55,3.5,14.646,20.77,0.1786,-16.864
Kargil,34.5584,76.1334,cold,3.0,3.0,2.6,135.0,plywood,0.05,mud_brick,0.15,mineral_wool,0.05,north,1.5,1.2,0.85,1.6,14.968,20.482,0.2202,-16.834
Kargil,34.5584,76.1334,cold,3.0,3.0,2.6,90.0,puf_sandwich_panel,0.1,brick,0.23,eps,0.025,east,1.2,0.6,0.85,2.0,11.444,15.044,0.0,-16.852
Kargil,34.5584,76.1334,cold,3.0,3.0,2.6,45.0,plywood,0.05,stone,0.15,eps,0.15,west,0.6,1.2,0.35,1.6,9.726,12.01,0.0,-16.862
Kargil,34.5584,76.1334,cold,3.0,3.0,2.6,180.0,stone,0.15,gi_sheet,0.002,eps,0.2,east,1.2,1.2,0.75,1.2,11.398,13.684,0.0,-16.941
Kargil,34.5584,76.1334,cold,3.0,3.0,2.6,45.0,timber,0.15,stone,0.3,sheep_wool,0.05,north,1.8,1.5,0.45,2.0,13.319,16.377,0.0,-16.928
Kargil,34.5584,76.1334,cold,3.0,3.0,2.6,0.0,aerated_concrete,0.1,brick,0.23,mineral_wool,0.15,south,1.5,1.2,0.45,2.6,10.654,13.247,0.0,-16.89
Kargil,34.5584,76.1334,cold,3.0,3.0,2.6,90.0,brick,0.23,timber,0.1,xps,0.1,south,1.5,1.2,0.35,5.8,10.828,12.816,0.0,-16.947
Kargil,34.5584,76.1334,cold,3.0,3.0,2.6,45.0,mud_brick,0.15,puf_sandwich_panel,0.075,xps,0.05,west,1.8,1.2,0.55,2.0,11.916,14.945,0.0,-16.916
Kargil,34.5584,76.1334,cold,3.0,3.0,2.6,180.0,brick,0.115,puf_sandwich_panel,0.075,sheep_wool,0.15,west,0.6,0.9,0.35,2.0,10.738,12.861,0.0,-16.901
Kargil,34.5584,76.1334,cold,3.0,3.0,2.6,135.0,mud_brick,0.3,rcc_slab,0.15,xps,0.05,west,1.2,1.5,0.85,1.2,13.496,15.973,0.0,-16.965
Kargil,34.5584,76.1334,cold,3.0,3.0,2.6,90.0,gi_sheet,0.002,brick,0.23,eps,0.025,west,1.2,0.9,0.65,3.5,14.279,20.089,0.1012,-16.86
Kargil,34.5584,76.1334,cold,3.0,3.0,2.6,0.0,mud_brick,0.15,aerated_concrete,0.1,eps,0.15,north,0.9,0.9,0.55,3.5,10.074,11.88,0.0,-16.924
Kargil,34.5584,76.1334,cold,3.0,3.0,2.6,45.0,plywood,0.05,brick,0.23,xps,0.05,west,0.9,0.6,0.65,2.0,11.566,14.973,0.0,-16.869
Kargil,34.5584,76.1334,cold,3.0,3.0,2.6,90.0,aerated_concrete,0.2,mud_brick,0.15,eps,0.15,east,1.8,1.5,0.35,2.6,10.718,13.329,0.0,-16.89
Kargil,34.5584,76.1334,cold,3.0,3.0,2.6,180.0,concrete,0.3,aerated_concrete,0.2,sheep_wool,0.15,south,0.9,1.5,0.45,1.6,10.308,11.682,0.0,-16.969
Kargil,34.5584,76.1334,cold,3.0,3.0,2.6,45.0,mud_brick,0.15,timber,0.15,eps,0.1,north,0.9,1.2,0.55,5.8,11.462,13.778,0.0,-16.925
Kargil,34.5584,76.1334,cold,3.0,3.0,2.6,180.0,rammed_earth,0.3,puf_sandwich_panel,0.15,sheep_wool,0.1,south,1.5,1.5,0.85,3.5,11.738,13.783,0.0,-16.955
Kargil,34.5584,76.1334,cold,3.0,3.0,2.6,90.0,brick,0.23,mud_brick,0.15,mineral_wool,0.15,east,1.5,1.5,0.65,1.2,11.216,13.209,0.0,-16.954
Kargil,34.5584,76.1334,cold,3.0,3.0,2.6,90.0,aerated_concrete,0.1,aerated_concrete,0.2,eps,0.2,north,1.5,0.9,0.65,3.5,11.978,15.279,0.0,-16.819
Kargil,34.5584,76.1334,cold,3.0,3.0,2.6,45.0,rammed_earth,0.3,mud_brick,0.15,sheep_wool,0.15,south,0.6,1.5,0.55,2.6,9.839,11.112,0.0,-16.963
Kargil,34.5584,76.1334,cold,3.0,3.0,2.6,45.0,gi_sheet,0.002,timber,0.15,eps,0.2,south,0.9,1.2,0.85,1.6,11.237,16.529,0.0,-16.74
Kargil,34.5584,76.1334,cold,3.0,3.0,2.6,45.0,plywood,0.019,puf_sandwich_panel,0.1,xps,0.1,north,1.8,0.9,0.45,2.0,11.853,16.827,0.0,-16.631
Kargil,34.5584,76.1334,cold,3.0,3.0,2.6,135.0,gi_sheet,0.002,brick,0.23,xps,0.1,west,1.5,0.9,0.85,2.6,13.772,17.765,0.0,-16.862
Kargil,34.5584,76.1334,cold,3.0,3.0,2.6,180.0,gi_sheet,0.002,mud_brick,0.25,mineral_wool,0.05,west,0.6,1.2,0.45,3.5,13.382,17.6,0.0,-16.869
Kargil,34.5584,76.1334,cold,3.0,3.0,2.6,90.0,brick,0.345,gi_sheet,0.002,mineral_wool,0.15,west,1.8,1.5,0.45,1.6,10.443,11.908,0.0,-16.964
Kargil,34.5584,76.1334,cold,3.0,3.0,2.6,90.0,stone,0.3,puf_sandwich_panel,0.1,mineral_wool,0.1,south,1.5,0.6,0.45,1.6,9.885,11.131,0.0,-16.973
Kargil,34.5584,76.1334,cold,3.0,3.0,2.6,90.0,concrete,0.15,brick,0.23,none,0.0,south,0.6,0.6,0.75,2.0,17.532,24.099,0.4881,-16.951
Kargil,34.5584,76.1334,cold,3.0,3.0,2.6,45.0,puf_sandwich_panel,0.1,brick,0.23,eps,0.05,south,1.5,1.5,0.45,2.0,11.279,14.984,0.0,-16.852
Kargil,34.5584,76.1334,cold,3.0,3.0,2.6,0.0,plywood,0.03,brick,0.115,eps,0.1,south,0.9,1.2,0.65,1.2,11.362,15.568,0.0,-16.8
Kargil,34.5584,76.1334,cold,3.0,3.0,2.6,135.0,rammed_earth,0.15,aerated_concrete,0.1,eps,0.05,north,1.2,0.6,0.35,1.2,12.015,14.784,0.0,-16.919
Kargil,34.5584,76.1334,cold,3.0,3.0,2.6,135.0,stone,0.15,mud_brick,0.15,mineral_wool,0.1,north,0.6,1.2,0.55,2.6,11.514,13.507,0.0,-16.952
Kargil,34.5584,76.1334,cold,3.0,3.0,2.6,90.0,aerated_concrete,0.1,gi_sheet,0.002,mineral_wool,0.05,east,0.6,1.5,0.35,2.0,11.68,16.328,0.0,-16.776
Kargil,34.5584,76.1334,cold,3.0,3.0,2.6,90.0,timber,0.1,aerated_concrete,0.2,sheep_wool,0.1,north,1.2,0.9,0.45,3.5,11.386,14.665,0.0,-16.821
Kargil,34.5584,76.1334,cold,3.0,3.0,2.6,0.0,brick,0.115,puf_sandwich_panel,0.05,sheep_wool,0.1,south,0.6,0.6,0.75,1.6,10.661,13.122,0.0,-16.9
Kargil,34.5584,76.1334,cold,3.0,3.0,2.6,45.0,brick,0.345,brick,0.115,xps,0.1,south,1.8,0.6,0.45,3.5,10.155,11.472,0.0,-16.969
Kargil,34.5584,76.1334,cold,3.0,3.0,2.6,135.0,brick,0.115,gi_sheet,0.002,eps,0.1,west,1.5,1.2,0.55,2.0,13.033,16.226,0.0,-16.898
Kargil,34.5584,76.1334,cold,3.0,3.0,2.6,135.0,timber,0.15,timber,0.1,sheep_wool,0.1,west,0.6,1.5,0.65,3.5,11.3,14.337,0.0,-16.836
Kargil,34.5584,76.1334,cold,3.0,3.0,2.6,180.0,plywood,0.05,stone,0.3,eps,0.05,south,0.9,1.5,0.55,5.8,12.248,15.342,0.0,-16.912
Kargil,34.5584,76.1334,cold,3.0,3.0,2.6,45.0,brick,0.23,gi_sheet,0.002,eps,0.05,east,1.2,0.6,0.45,1.2,11.948,14.342,0.0,-16.947
Kargil,34.5584,76.1334,cold,3.0,3.0,2.6,45.0,concrete,0.2,concrete,0.2,xps,0.15,south,1.2,1.2,0.65,2.6,10.627,12.346,0.0,-16.961
Kargil,34.5584,76.1334,cold,3.0,3.0,2.6,90.0,timber,0.1,brick,0.115,sheep_wool,0.15,west,0.6,1.5,0.55,5.8,10.288,12.914,0.0,-16.85
Kargil,34.5584,76.1334,cold,3.0,3.0,2.6,180.0,stone,0.15,aerated_concrete,0.2,eps,0.1,south,0.9,1.5,0.35,1.6,11.255,13.24,0.0,-16.945
Kargil,34.5584,76.1334,cold,3.0,3.0,2.6,135.0,rammed_earth,0.3,gi_sheet,0.002,eps,0.025,north,0.6,0.9,0.65,2.0,13.011,15.785,0.0,-16.957
Kargil,34.5584,76.1334,cold,3.0,3.0,2.6,180.0,puf_sandwich_panel,0.1,aerated_concrete,0.2,eps,0.15,north,1.5,0.9,0.75,2.6,10.326,14.377,0.0,-16.725
Kargil,34.5584,76.1334,cold,3.0,3.0,2.6,45.0,timber,0.2,aerated_concrete,0.2,eps,0.2,north,1.5,0.9,0.75,2.6,11.421,13.94,0.0,-16.873
Kargil,34.5584,76.1334,cold,3.0,3.0,2.6,45.0,brick,0.23,mud_brick,0.15,eps,0.1,west,1.8,0.6,0.35,1.2,10.292,11.842,0.0,-16.955
Kargil,34.5584,76.1334,cold,3.0,3.0,2.6,45.0,concrete,0.1,concrete,0.1,xps,0.05,east,0.9,1.5,0.65,2.6,13.635,17.264,0.0,-16.921
Kargil,34.5584,76.1334,cold,3.0,3.0,2.6,135.0,puf_sandwich_panel,0.075,timber,0.1,none,0.0,south,1.5,1.5,0.55,2.0,12.887,20.543,0.1071,-16.658
Kargil,34.5584,76.1334,cold,3.0,3.0,2.6,135.0,gi_sheet,0.002,aerated_concrete,0.2,mineral_wool,0.15,south,0.9,0.9,0.45,3.5,11.271,15.233,0.0,-16.768
Kargil,34.5584,76.1334,cold,3.0,3.0,2.6,135.0,puf_sandwich_panel,0.15,puf_sandwich_panel,0.1,eps,0.2,east,1.8,1.5,0.45,1.2,10.169,15.734,0.0,-16.618
Kargil,34.5584,76.1334,cold,3.0,3.0,2.6,90.0,plywood,0.05,gi_sheet,0.002,mineral_wool,0.15,west,1.8,0.6,0.55,2.6,10.341,14.008,0.0,-16.727
Kargil,34.5584,76.1334,cold,3.0,3.0,2.6,90.0,aerated_concrete,0.1,gi_sheet,0.002,none,0.0,east,1.2,0.9,0.65,1.6,18.237,32.283,0.4524,-18.28
Kargil,34.5584,76.1334,cold,3.0,3.0,2.6,135.0,rammed_earth,0.15,brick,0.115,sheep_wool,0.05,north,1.8,0.6,0.75,3.5,13.601,16.999,0.0,-16.929
Kargil,34.5584,76.1334,cold,3.0,3.0,2.6,0.0,timber,0.1,puf_sandwich_panel,0.15,sheep_wool,0.15,east,0.6,0.9,0.65,1.6,10.168,12.988,0.0,-16.779
Kargil,34.5584,76.1334,cold,3.0,3.0,2.6,45.0,concrete,0.2,stone,0.3,eps,0.05,south,1.2,1.2,0.45,5.8,12.053,14.315,0.0,-16.967
Kargil,34.5584,76.1334,cold,3.0,3.0,2.6,135.0,stone,0.15,timber,0.15,eps,0.1,north,1.5,1.2,0.65,3.5,13.165,15.945,0.0,-16.943
Kargil,34.5584,76.1334,cold,3.0,3.0,2.6,0.0,timber,0.1,stone,0.3,none,0.0,west,0.9,1.2,0.35,5.8,16.096,22.264,0.3274,-16.922
Kargil,34.5584,76.1334,cold,3.0,3.0,2.6,90.0,concrete,0.1,stone,0.3,mineral_wool,0.05,west,1.2,0.9,0.85,3.5,12.586,15.286,0.0,-16.949
Kargil,34.5584,76.1334,cold,3.0,3.0,2.6,135.0,puf_sandwich_panel,0.15,gi_sheet,0.002,eps,0.2,north,1.8,1.5,0.65,1.2,13.66,20.821,0.2381,-16.634
Kargil,34.5584,76.1334,cold,3.0,3.0,2.6,45.0,rammed_earth,0.3,concrete,0.15,eps,0.2,west,1.5,0.9,0.55,2.6,9.65,10.825,0.0,-16.964
Kargil,34.5584,76.1334,cold,3.0,3.0,2.6,90.0,puf_sandwich_panel,0.05,concrete,0.1,xps,0.05,east,1.8,0.6,0.65,3.5,11.309,15.667,0.0,-16.781
Kargil,34.5584,76.1334,cold,3.0,3.0,2.6,135.0,stone,0.3,brick,0.23,eps,0.2,south,1.8,0.9,0.45,2.6,10.022,11.314,0.0,-16.977
Kargil,34.5584,76.1334,cold,3.0,3.0,2.6,135.0,aerated_concrete,0.1,concrete,0.15,mineral_wool,0.05,north,1.2,1.5,0.45,3.5,13.221,17.323,0.0,-16.871
Kargil,34.5584,76.1334,cold,3.0,3.0,2.6,45.0,brick,0.345,timber,0.15,sheep_wool,0.15,north,0.9,1.5,0.55,1.6,10.644,12.083,0.0,-16.967
Kargil,34.5584,76.1334,cold,3.0,3.0,2.6,90.0,mud_brick,0.15,puf_sandwich_panel,0.1,sheep_wool,0.15,north,1.2,0.6,0.55,2.6,10.534,12.395,0.0,-16.92
Kargil,34.5584,76.1334,cold,3.0,3.0,2.6,135.0,mud_brick,0.3,mud_brick,0.15,none,0.0,south,0.6,1.5,0.65,2.0,15.268,19.257,0.1012,-16.965
Kargil,34.5584,76.1334,cold,3.0,3.0,2.6,135.0,rammed_earth,0.45,puf_sandwich_panel,0.075,mineral_wool,0.05,west,0.6,0.6,0.75,5.8,10.275,11.626,0.0,-16.974
Kargil,34.5584,76.1334,cold,3.0,3.0,2.6,0.0,rammed_earth,0.15,gi_sheet,0.002,mineral_wool,0.1,north,1.2,0.6,0.35,1.6,10.423,12.507,0.0,-16.918
Kargil,34.5584,76.1334,cold,3.0,3.0,2.6,0.0,concrete,0.2,gi_sheet,0.002,mineral_wool,0.1,east,0.9,1.2,0.65,1.6,11.995,14.22,0.0,-16.949
Kargil,34.5584,76.1334,cold,3.0,3.0,2.6,135.0,gi_sheet,0.002,stone,0.3,sheep_wool,0.1,west,1.2,1.2,0.55,1.2,12.976,16.078,0.0,-16.909
Kargil,34.5584,76.1334,cold,3.0,3.0,2.6,180.0,concrete,0.3,puf_sandwich_panel,0.05,none,0.0,west,0.6,0.9,0.85,2.6,15.591,19.651,0.1845,-16.967
Kargil,34.5584,76.1334,cold,3.0,3.0,2.6,180.0,mud_brick,0.15,brick,0.23,mineral_wool,0.15,north,0.9,0.9,0.45,1.6,10.213,11.787,0.0,-16.945
Kargil,34.5584,76.1334,cold,3.0,3.0,2.6,45.0,mud_brick,0.15,stone,0.15,xps,0.1,south,0.9,1.2,0.35,1.2,10.351,12.155,0.0,-16.941
Kargil,34.5584,76.1334,cold,3.0,3.0,2.6,0.0,brick,0.345,rcc_slab,0.1,xps,0.15,north,1.8,0.6,0.35,5.8,9.608,10.766,0.0,-16.969
Kargil,34.5584,76.1334,cold,3.0,3.0,2.6,45.0,gi_sheet,0.002,puf_sandwich_panel,0.1,xps,0.1,north,1.5,0.9,0.75,3.5,12.901,18.625,0.0417,-16.653
Kargil,34.5584,76.1334,cold,3.0,3.0,2.6,135.0,aerated_concrete,0.2,brick,0.23,sheep_wool,0.1,north,0.9,1.5,0.75,1.6,12.305,15.153,0.0,-16.909
Kargil,34.5584,76.1334,cold,3.0,3.0,2.6,180.0,aerated_concrete,0.1,stone,0.3,sheep_wool,0.15,north,1.2,1.5,0.65,1.2,11.164,13.572,0.0,-16.921
Kargil,34.5584,76.1334,cold,3.0,3.0,2.6,90.0,mud_brick,0.15,gi_sheet,0.002,none,0.0,south,1.5,0.9,0.45,2.0,18.35,27.406,0.5357,-16.918
Kargil,34.5584,76.1334,cold,3.0,3.0,2.6,90.0,puf_sandwich_panel,0.1,mud_brick,0.15,mineral_wool,0.1,east,1.2,0.6,0.45,5.8,9.636,12.249,0.0,-16.815
Kargil,34.5584,76.1334,cold,3.0,3.0,2.6,45.0,concrete,0.2,timber,0.1,eps,0.05,north,1.8,0.6,0.75,2.0,12.834,15.473,0.0,-16.95
Kargil,34.5584,76.1334,cold,3.0,3.0,2.6,135.0,stone,0.45,brick,0.23,mineral_wool,0.15,north,1.2,1.2,0.85,1.2,11.072,13.097,0.0,-16.986
Kargil,34.5584,76.1334,cold,3.0,3.0,2.6,45.0,concrete,0.1,mud_brick,0.25,sheep_wool,0.05,south,1.8,1.5,0.35,3.5,13.063,16.594,0.0,-16.934
Kargil,34.5584,76.1334,cold,3.0,3.0,2.6,45.0,plywood,0.012,puf_sandwich_panel,0.05,mineral_wool,0.15,south,1.8,0.9,0.35,2.6,10.767,16.174,0.0,-16.649
Kargil,34.5584,76.1334,cold,3.0,3.0,2.6,0.0,timber,0.1,brick,0.115,eps,0.1,south,1.8,0.6,0.55,1.6,10.77,13.872,0.0,-16.849
Kargil,34.5584,76.1334,cold,3.0,3.0,2.6,180.0,brick,0.23,brick,0.115,sheep_wool,0.15,east,0.9,0.6,0.75,1.6,10.256,11.77,0.0,-16.954
Kargil,34.5584,76.1334,cold,3.0,3.0,2.6,45.0,brick,0.115,brick,0.23,eps,0.15,east,0.6,1.5,0.35,2.0,10.502,12.355,0.0,-16.933
Kargil,34.5584,76.1334,cold,3.0,3.0,2.6,180.0,plywood,0.019,puf_sandwich_panel,0.15,xps,0.1,west,1.2,0.9,0.75,5.8,12.979,18.541,0.0655,-16.634
Kargil,34.5584,76.1334,cold,3.0,3.0,2.6,135.0,puf_sandwich_panel,0.15,aerated_concrete,0.2,mineral_wool,0.15,west,1.2,0.9,0.85,1.2,10.991,14.141,0.0,-16.749
Kargil,34.5584,76.1334,cold,3.0,3.0,2.6,135.0,plywood,0.03,concrete,0.15,mineral_wool,0.1,west,0.6,1.5,0.85,1.6,12.354,15.845,0.0,-16.845
Kargil,34.5584,76.1334,cold,3.0,3.0,2.6,180.0,rammed_earth,0.3,mud_brick,0.15,mineral_wool,0.05,west,0.6,1.5,0.65,2.6,12.192,14.302,0.0,-16.963
Kargil,34.5584,76.1334,cold,3.0,3.0,2.6,0.0,brick,0.345,stone,0.15,mineral_wool,0.1,south,1.5,0.6,0.75,3.5,10.339,11.75,0.0,-16.972
Kargil,34.5584,76.1334,cold,3.0,3.0,2.6,135.0,puf_sandwich_panel,0.075,timber,0.1,eps,0.15,west,1.5,0.6,0.65,1.2,10.294,13.628,0.0,-16.674
Kargil,34.5584,76.1334,cold,3.0,3.0,2.6,0.0,gi_sheet,0.002,puf_sandwich_panel,0.05,eps,0.1,south,1.5,0.6,0.85,5.8,11.88,18.444,0.0179,-16.648
Kargil,34.5584,76.1334,cold,3.0,3.0,2.6,135.0,aerated_concrete,0.3,timber,0.1,xps,0.1,south,1.2,1.2,0.65,1.2,10.359,12.795,0.0,-16.889
Kargil,34.5584,76.1334,cold,3.0,3.0,2.6,0.0,timber,0.2,timber,0.15,eps,0.2,south,0.6,1.2,0.55,5.8,9.436,11.462,0.0,-16.87
Kargil,34.5584,76.1334,cold,3.0,3.0,2.6,0.0,timber,0.15,stone,0.3,eps,0.2,east,0.9,1.5,0.45,1.2,10.533,12.228,0.0,-16.93
Kargil,34.5584,76.1334,cold,3.0,3.0,2.6,180.0,stone,0.15,mud_brick,0.25,mineral_wool,0.15,south,1.8,1.5,0.75,1.6,12.392,14.658,0.0,-16.955
Kargil,34.5584,76.1334,cold,3.0,3.0,2.6,135.0,concrete,0.15,aerated_concrete,0.2,sheep_wool,0.05,west,1.8,0.6,0.75,1.6,13.452,16.489,0.0,-16.937
Kargil,34.5584,76.1334,cold,3.0,3.0,2.6,90.0,stone,0.15,brick,0.23,xps,0.05,west,0.9,1.2,0.55,3.5,11.948,14.249,0.0,-16.955
Kargil,34.5584,76.1334,cold,3.0,3.0,2.6,0.0,stone,0.3,gi_sheet,0.002,xps,0.05,north,0.9,0.6,0.55,1.6,11.084,12.771,0.0,-16.973
Kargil,34.5584,76.1334,cold,3.0,3.0,2.6,135.0,aerated_concrete,0.2,brick,0.23,eps,0.025,south,1.2,1.5,0.55,2.6,12.775,16.462,0.0,-16.907
Kargil,34.5584,76.1334,cold,3.0,3.0,2.6,180.0,rammed_earth,0.15,timber,0.1,mineral_wool,0.1,south,1.5,0.9,0.45,1.2,11.054,13.26,0.0,-16.92
Kargil,34.5584,76.1334,cold,3.0,3.0,2.6,45.0,stone,0.15,concrete,0.1,sheep_wool,0.15,south,1.5,1.5,0.85,2.6,12.287,15.193,0.0,-16.947
Kargil,34.5584,76.1334,cold,3.0,3.0,2.6,0.0,stone,0.3,puf_sandwich_panel,0.1,eps,0.025,east,1.2,1.5,0.75,1.6,14.025,16.733,0.0,-16.971
Kargil,34.5584,76.1334,cold,3.0,3.0,2.6,45.0,gi_sheet,0.002,gi_sheet,0.002,eps,0.15,north,0.6,1.2,0.45,3.5,11.183,16.02,0.0,-16.67
Kargil,34.5584,76.1334,cold,3.0,3.0,2.6,180.0,gi_sheet,0.002,gi_sheet,0.002,sheep_wool,0.1,north,1.5,1.5,0.85,2.6,14.372,23.065,0.2976,-16.66
Kargil,34.5584,76.1334,cold,3.0,3.0,2.6,180.0,aerated_concrete,0.2,rcc_slab,0.25,sheep_wool,0.05,west,1.2,0.9,0.75,1.2,12.994,16.033,0.0,-16.92
Kargil,34.5584,76.1334,cold,3.0,3.0,2.6,45.0,stone,0.3,timber,0.1,eps,0.1,south,1.8,0.9,0.75,1.2,11.003,12.685,0.0,-16.972
Kargil,34.5584,76.1334,cold,3.0,3.0,2.6,135.0,concrete,0.2,concrete,0.1,eps,0.025,west,1.8,1.5,0.45,1.6,15.274,19.073,0.0952,-16.953
Kargil,34.5584,76.1334,cold,3.0,3.0,2.6,45.0,timber,0.2,puf_sandwich_panel,0.1,xps,0.15,north,1.8,1.5,0.35,5.8,11.713,14.826,0.0,-16.845
Kargil,34.5584,76.1334,cold,3.0,3.0,2.6,0.0,concrete,0.15,aerated_concrete,0.2,none,0.0,north,1.8,0.6,0.65,3.5,16.97,23.526,0.4345,-16.937
Kargil,34.5584,76.1334,cold,3.0,3.0,2.6,180.0,gi_sheet,0.002,rcc_slab,0.25,mineral_wool,0.1,west,0.6,0.9,0.85,2.6,12.723,16.006,0.0,-16.887
Kargil,34.5584,76.1334,cold,3.0,3.0,2.6,135.0,concrete,0.3,timber,0.1,eps,0.15,north,1.2,1.5,0.45,2.6,11.282,12.963,0.0,-16.967
Kargil,34.5584,76.1334,cold,3.0,3.0,2.6,135.0,timber,0.2,timber,0.1,eps,0.025,south,1.2,0.6,0.85,1.6,11.7,15.307,0.0,-16.861
Kargil,34.5584,76.1334,cold,3.0,3.0,2.6,90.0,puf_sandwich_panel,0.1,aerated_concrete,0.2,mineral_wool,0.1,west,1.2,0.9,0.35,2.0,9.324,12.153,0.0,-16.735
Kargil,34.5584,76.1334,cold,3.0,3.0,2.6,135.0,plywood,0.05,gi_sheet,0.002,mineral_wool,0.15,north,0.9,0.6,0.85,2.6,10.93,14.666,0.0,-16.729
Kargil,34.5584,76.1334,cold,3.0,3.0,2.6,0.0,brick,0.115,mud_brick,0.25,sheep_wool,0.1,south,0.6,1.2,0.75,1.2,11.138,13.422,0.0,-16.935
Kargil,34.5584,76.1334,cold,3.0,3.0,2.6,45.0,rammed_earth,0.45,aerated_concrete,0.1,sheep_wool,0.15,south,1.2,1.5,0.65,3.5,10.387,11.794,0.0,-16.973
Kargil,34.5584,76.1334,cold,3.0,3.0,2.6,0.0,brick,0.23,concrete,0.1,mineral_wool,0.15,north,0.9,0.6,0.45,1.6,9.606,10.825,0.0,-16.955
Kargil,34.5584,76.1334,cold,3.0,3.0,2.6,180.0,rammed_earth,0.45,aerated_concrete,0.1,sheep_wool,0.1,south,1.8,1.2,0.45,3.5,10.605,12.119,0.0,-16.972
Kargil,34.5584,76.1334,cold,3.0,3.0,2.6,135.0,stone,0.15,rcc_slab,0.2,mineral_wool,0.1,north,1.8,1.5,0.75,5.8,14.738,18.057,0.0119,-16.954
Kargil,34.5584,76.1334,cold,3.0,3.0,2.6,0.0,mud_brick,0.3,stone,0.15,xps,0.15,west,1.2,1.2,0.45,5.8,9.964,11.267,0.0,-16.967
Kargil,34.5584,76.1334,cold,3.0,3.0,2.6,0.0,concrete,0.2,puf_sandwich_panel,0.05,eps,0.2,north,0.6,1.2,0.65,5.8,9.889,11.317,0.0,-16.949
Kargil,34.5584,76.1334,cold,3.0,3.0,2.6,45.0,plywood,0.012,puf_sandwich_panel,0.075,mineral_wool,0.05,west,0.6,1.5,0.65,5.8,12.159,18.955,0.0357,-16.616
Kargil,34.5584,76.1334,cold,3.0,3.0,2.6,0.0,gi_sheet,0.002,rcc_slab,0.2,sheep_wool,0.05,north,0.6,0.6,0.75,2.0,12.716,17.186,0.0,-16.865
Kargil,34.5584,76.1334,cold,3.0,3.0,2.6,45.0,timber,0.1,gi_sheet,0.002,mineral_wool,0.05,south,1.5,1.2,0.75,2.0,12.91,19.253,0.0476,-16.779
Kargil,34.5584,76.1334,cold,3.0,3.0,2.6,180.0,plywood,0.019,rcc_slab,0.1,xps,0.05,east,1.5,0.9,0.35,5.8,12.74,18.169,0.006,-16.794
Kargil,34.5584,76.1334,cold,3.0,3.0,2.6,45.0,plywood,0.05,stone,0.3,none,0.0,west,0.9,0.6,0.35,5.8,16.767,23.913,0.4226,-16.912
Kargil,34.5584,76.1334,cold,3.0,3.0,2.6,0.0,concrete,0.2,puf_sandwich_panel,0.15,mineral_wool,0.1,north,1.8,1.5,0.65,1.2,11.71,13.943,0.0,-16.946
Kargil,34.5584,76.1334,cold,3.0,3.0,2.6,45.0,stone,0.15,concrete,0.15,xps,0.15,north,1.2,0.9,0.55,3.5,10.985,12.744,0.0,-16.953
Kargil,34.5584,76.1334,cold,3.0,3.0,2.6,45.0,stone,0.45,stone,0.15,mineral_wool,0.15,south,1.2,0.6,0.55,2.6,9.278,10.349,0.0,-16.987
Kargil,34.5584,76.1334,cold,3.0,3.0,2.6,90.0,mud_brick,0.45,aerated_concrete,0.1,eps,0.2,west,0.6,1.5,0.35,1.2,8.76,9.54,0.0,-16.975
Kargil,34.5584,76.1334,cold,3.0,3.0,2.6,180.0,brick,0.115,aerated_concrete,0.1,mineral_wool,0.05,north,0.6,1.2,0.75,5.8,12.723,16.177,0.0,-16.906
Kargil,34.5584,76.1334,cold,3.0,3.0,2.6,0.0,stone,0.3,brick,0.115,mineral_wool,0.1,south,1.8,0.9,0.55,3.5,10.91,12.555,0.0,-16.974
Kargil,34.5584,76.1334,cold,3.0,3.0,2.6,135.0,gi_sheet,0.002,rcc_slab,0.25,eps,0.2,west,0.6,0.6,0.75,2.6,11.059,13.46,0.0,-16.886
Kargil,34.5584,76.1334,cold,3.0,3.0,2.6,45.0,brick,0.115,puf_sandwich_panel,0.15,xps,0.15,north,1.2,0.9,0.65,1.6,11.148,13.464,0.0,-16.9
Kargil,34.5584,76.1334,cold,3.0,3.0,2.6,90.0,aerated_concrete,0.2,puf_sandwich_panel,0.15,eps,0.05,south,1.8,0.6,0.35,2.0,10.225,13.075,0.0,-16.841
Kargil,34.5584,76.1334,cold,3.0,3.0,2.6,135.0,puf_sandwich_panel,0.075,aerated_concrete,0.1,xps,0.1,south,1.5,0.9,0.55,2.6,10.062,14.395,0.0,-16.668
Kargil,34.5584,76.1334,cold,3.0,3.0,2.6,0.0,timber,0.2,rcc_slab,0.2,mineral_wool,0.15,west,0.6,0.9,0.75,1.6,9.452,11.109,0.0,-16.916
Kargil,34.5584,76.1334,cold,3.0,3.0,2.6,90.0,concrete,0.15,timber,0.15,mineral_wool,0.15,east,0.6,0.6,0.85,2.0,10.082,11.701,0.0,-16.939
Kargil,34.5584,76.1334,cold,3.0,3.0,2.6,135.0,mud_brick,0.45,brick,0.115,mineral_wool,0.1,east,0.6,1.2,0.65,2.6,9.804,10.995,0.0,-16.977
Kargil,34.5584,76.1334,cold,3.0,3.0,2.6,180.0,stone,0.15,rcc_slab,0.2,xps,0.1,west,1.8,0.6,0.75,2.0,12.672,14.954,0.0,-16.956
Kargil,34.5584,76.1334,cold,3.0,3.0,2.6,90.0,stone,0.3,stone,0.3,mineral_wool,0.1,east,1.8,1.5,0.45,5.8,11.241,13.077,0.0,-16.979
Kargil,34.5584,76.1334,cold,3.0,3.0,2.6,135.0,mud_brick,0.3,aerated_concrete,0.1,sheep_wool,0.1,west,1.8,0.6,0.85,1.2,11.634,13.447,0.0,-16.96
Kargil,34.5584,76.1334,cold,3.0,3.0,2.6,180.0,timber,0.1,mud_brick,0.15,sheep_wool,0.15,east,1.5,0.6,0.75,1.6,10.446,13.26,0.0,-16.863
Kargil,34.5584,76.1334,cold,3.0,3.0,2.6,135.0,plywood,0.019,stone,0.15,sheep_wool,0.1,east,0.6,1.2,0.55,1.2,11.395,14.828,0.0,-16.848
Kargil,34.5584,76.1334,cold,3.0,3.0,2.6,0.0,stone,0.15,rcc_slab,0.2,xps,0.05,south,0.6,0.6,0.75,1.2,11.676,13.917,0.0,-16.957
Kargil,34.5584,76.1334,cold,3.0,3.0,2.6,135.0,plywood,0.03,mud_brick,0.15,eps,0.1,south,0.9,1.5,0.45,3.5,11.334,15.043,0.0,-16.823
Kargil,34.5584,76.1334,cold,3.0,3.0,2.6,90.0,puf_sandwich_panel,0.1,gi_sheet,0.002,eps,0.2,north,0.9,0.9,0.35,1.2,9.334,12.32,0.0,-16.628
Kargil,34.5584,76.1334,cold,3.0,3.0,2.6,45.0,brick,0.115,gi_sheet,0.002,mineral_wool,0.15,east,1.8,0.9,0.55,1.6,12.007,14.836,0.0,-16.902
Kargil,34.5584,76.1334,cold,3.0,3.0,2.6,0.0,brick,0.115,timber,0.1,xps,0.05,east,1.2,1.2,0.85,5.8,14.555,18.695,0.0476,-16.904
Kargil,34.5584,76.1334,cold,3.0,3.0,2.6,90.0,brick,0.115,rcc_slab,0.2,eps,0.15,south,0.9,1.2,0.75,1.6,10.733,12.864,0.0,-16.934
Kargil,34.5584,76.1334,cold,3.0,3.0,2.6,45.0,gi_sheet,0.002,mud_brick,0.25,mineral_wool,0.05,east,1.5,0.9,0.45,2.6,13.263,17.726,0.0,-16.869
Kargil,34.5584,76.1334,cold,3.0,3.0,2.6,45.0,concrete,0.2,aerated_concrete,0.1,mineral_wool,0.05,south,1.8,0.6,0.35,2.0,11.791,14.184,0.0,-16.95
Kargil,34.5584,76.1334,cold,3.0,3.0,2.6,180.0,stone,0.45,concrete,0.1,sheep_wool,0.1,north,0.6,0.9,0.65,2.0,10.082,11.543,0.0,-16.986
Kargil,34.5584,76.1334,cold,3.0,3.0,2.6,135.0,puf_sandwich_panel,0.075,brick,0.115,sheep_wool,0.15,east,1.8,1.5,0.75,2.0,12.126,17.972,0.0,-16.781
Kargil,34.5584,76.1334,cold,3.0,3.0,2.6,135.0,stone,0.45,rcc_slab,0.2,mineral_wool,0.1,east,0.9,1.2,0.75,3.5,10.302,11.855,0.0,-16.987
Kargil,34.5584,76.1334,cold,3.0,3.0,2.6,45.0,aerated_concrete,0.2,stone,0.15,none,0.0,east,1.5,0.6,0.55,5.8,17.045,24.334,0.4464,-16.904
Kargil,34.5584,76.1334,cold,3.0,3.0,2.6,0.0,stone,0.15,brick,0.115,xps,0.05,south,1.5,0.9,0.35,2.6,12.086,14.705,0.0,-16.948
Kargil,34.5584,76.1334,cold,3.0,3.0,2.6,180.0,mud_brick,0.3,gi_sheet,0.002,mineral_wool,0.05,east,1.8,1.2,0.75,1.2,12.538,15.242,0.0,-16.958
Kargil,34.5584,76.1334,cold,3.0,3.0,2.6,45.0,plywood,0.05,concrete,0.15,eps,0.15,south,1.5,1.5,0.45,2.0,11.032,14.606,0.0,-16.85
Kargil,34.5584,76.1334,cold,3.0,3.0,2.6,90.0,puf_sandwich_panel,0.15,mud_brick,0.25,eps,0.2,south,1.5,1.5,0.65,2.0,10.579,13.815,0.0,-16.863
Kargil,34.5584,76.1334,cold,3.0,3.0,2.6,180.0,gi_sheet,0.002,rcc_slab,0.1,xps,0.1,west,0.9,1.5,0.85,2.6,14.737,19.999,0.2262,-16.804
Kargil,34.5584,76.1334,cold,3.0,3.0,2.6,0.0,puf_sandwich_panel,0.05,puf_sandwich_panel,0.1,eps,0.025,east,1.8,1.2,0.45,2.6,12.738,18.668,0.0655,-16.573
Kargil,34.5584,76.1334,cold,3.0,3.0,2.6,90.0,mud_brick,0.15,mud_brick,0.25,eps,0.05,east,1.5,1.5,0.35,2.0,12.091,14.729,0.0,-16.943
Kargil,34.5584,76.1334,cold,3.0,3.0,2.6,90.0,timber,0.1,gi_sheet,0.002,xps,0.15,west,1.8,0.9,0.55,2.0,10.442,13.677,0.0,-16.782
Kargil,34.5584,76.1334,cold,3.0,3.0,2.6,90.0,timber,0.1,aerated_concrete,0.2,mineral_wool,0.1,east,0.9,1.2,0.45,2.6,10.438,13.489,0.0,-16.827
Kargil,34.5584,76.1334,cold,3.0,3.0,2.6,0.0,aerated_concrete,0.3,timber,0.15,mineral_wool,0.15,north,1.2,0.6,0.65,1.2,9.361,10.995,0.0,-16.898
Kargil,34.5584,76.1334,cold,3.0,3.0,2.6,0.0,stone,0.45,mud_brick,0.15,eps,0.05,north,0.6,0.6,0.65,3.5,10.52,12.153,0.0,-16.986
Kargil,34.5584,76.1334,cold,3.0,3.0,2.6,45.0,timber,0.15,brick,0.23,mineral_wool,0.1,east,0.6,1.5,0.55,1.2,10.837,13.102,0.0,-16.903
Kargil,34.5584,76.1334,cold,3.0,3.0,2.6,45.0,plywood,0.019,mud_brick,0.25,sheep_wool,0.05,west,1.2,1.2,0.85,3.5,13.142,17.97,0.0,-16.864
Kargil,34.5584,76.1334,cold,3.0,3.0,2.6,135.0,timber,0.2,puf_sandwich_panel,0.15,mineral_wool,0.15,north,0.6,0.6,0.75,3.5,9.45,11.341,0.0,-16.858
Kargil,34.5584,76.1334,cold,3.0,3.0,2.6,45.0,plywood,0.05,gi_sheet,0.002,xps,0.1,south,0.6,0.6,0.85,2.0,10.406,14.694,0.0,-16.706
Kargil,34.5584,76.1334,cold,3.0,3.0,2.6,0.0,stone,0.45,mud_brick,0.15,sheep_wool,0.05,north,0.9,0.9,0.85,2.6,11.043,12.912,0.0,-16.986
Kargil,34.5584,76.1334,cold,3.0,3.0,2.6,45.0,concrete,0.2,stone,0.3,xps,0.15,east,0.6,1.5,0.35,1.6,9.982,11.243,0.0,-16.968
Kargil,34.5584,76.1334,cold,3.0,3.0,2.6,135.0,brick,0.23,concrete,0.2,xps,0.1,west,1.5,1.5,0.45,1.2,12.037,14.027,0.0,-16.958
Kargil,34.5584,76.1334,cold,3.0,3.0,2.6,180.0,plywood,0.03,concrete,0.1,none,0.0,east,1.2,0.6,0.35,1.2,18.232,31.365,0.4881,-18.985
Kargil,34.5584,76.1334,cold,3.0,3.0,2.6,135.0,mud_brick,0.15,rcc_slab,0.15,mineral_wool,0.15,north,0.9,1.5,0.45,5.8,11.338,13.397,0.0,-16.94
Kargil,34.5584,76.1334,cold,3.0,3.0,2.6,45.0,gi_sheet,0.002,stone,0.15,mineral_wool,0.15,east,0.6,1.5,0.75,2.0,11.87,15.284,0.0,-16.86
Kargil,34.5584,76.1334,cold,3.0,3.0,2.6,90.0,puf_sandwich_panel,0.05,rcc_slab,0.2,sheep_wool,0.05,west,1.2,1.5,0.55,1.6,11.588,14.982,0.0,-16.855
Kargil,34.5584,76.1334,cold,3.0,3.0,2.6,180.0,puf_sandwich_panel,0.1,mud_brick,0.15,mineral_wool,0.15,west,1.5,1.5,0.55,2.6,12.975,16.736,0.0,-16.819
Kargil,34.5584,76.1334,cold,3.0,3.0,2.6,0.0,concrete,0.3,gi_sheet,0.002,eps,0.1,west,0.6,0.9,0.85,1.2,10.3,11.714,0.0,-16.968
Kargil,34.5584,76.1334,cold,3.0,3.0,2.6,0.0,puf_sandwich_panel,0.05,gi_sheet,0.002,sheep_wool,0.1,south,1.8,0.9,0.65,2.6,11.223,17.325,0.0,-16.602
Kargil,34.5584,76.1334,cold,3.0,3.0,2.6,180.0,rammed_earth,0.45,aerated_concrete,0.2,mineral_wool,0.15,north,0.9,1.5,0.35,2.0,9.458,10.529,0.0,-16.974
Kargil,34.5584,76.1334,cold,3.0,3.0,2.6,0.0,concrete,0.2,concrete,0.15,xps,0.15,north,0.9,0.9,0.85,1.6,10.211,11.644,0.0,-16.959
Kargil,34.5584,76.1334,cold,3.0,3.0,2.6,135.0,aerated_concrete,0.3,brick,0.23,mineral_wool,0.05,south,1.8,1.5,0.35,5.8,11.749,14.629,0.0,-16.923
Kargil,34.5584,76.1334,cold,3.0,3.0,2.6,90.0,rammed_earth,0.15,aerated_concrete,0.1,sheep_wool,0.05,west,1.5,1.2,0.35,2.6,12.144,15.15,0.0,-16.917
Kargil,34.5584,76.1334,cold,3.0,3.0,2.6,135.0,plywood,0.019,concrete,0.1,eps,0.15,north,1.8,1.5,0.65,2.6,14.687,20.244,0.2321,-16.797
Kargil,34.5584,76.1334,cold,3.0,3.0,2.6,180.0,gi_sheet,0.002,stone,0.3,mineral_wool,0.05,east,1.2,1.2,0.85,5.8,13.822,18.197,0.0119,-16.91
Kargil,34.5584,76.1334,cold,3.0,3.0,2.6,0.0,mud_brick,0.15,rcc_slab,0.2,eps,0.1,north,1.2,1.5,0.75,1.6,11.529,13.75,0.0,-16.943
Kargil,34.5584,76.1334,cold,3.0,3.0,2.6,0.0,timber,0.15,gi_sheet,0.002,mineral_wool,0.05,east,1.2,0.6,0.45,5.8,11.801,15.628,0.0,-16.825
Kargil,34.5584,76.1334,cold,3.0,3.0,2.6,0.0,gi_sheet,0.002,puf_sandwich_panel,0.05,mineral_wool,0.1,east,0.9,0.9,0.75,1.6,12.441,18.067,0.0119,-16.669
Kargil,34.5584,76.1334,cold,3.0,3.0,2.6,0.0,mud_brick,0.15,timber,0.15,mineral_wool,0.05,north,1.5,1.5,0.55,1.6,12.356,15.328,0.0,-16.923
Kargil,34.5584,76.1334,cold,3.0,3.0,2.6,90.0,puf_sandwich_panel,0.05,aerated_concrete,0.2,mineral_wool,0.15,south,1.8,0.9,0.55,2.0,10.154,14.283,0.0,-16.74
Kargil,34.5584,76.1334,cold,3.0,3.0,2.6,0.0,timber,0.2,timber,0.1,eps,0.05,west,1.8,1.5,0.85,2.0,13.232,18.679,0.0179,-16.855
Kargil,34.5584,76.1334,cold,3.0,3.0,2.6,90.0,timber,0.2,aerated_concrete,0.1,xps,0.1,south,1.2,1.5,0.35,3.5,10.41,13.33,0.0,-16.859
Kargil,34.5584,76.1334,cold,3.0,3.0,2.6,45.0,aerated_concrete,0.2,gi_sheet,0.002,mineral_wool,0.05,east,0.9,0.6,0.45,1.2,11.329,14.646,0.0,-16.847
Kargil,34.5584,76.1334,cold,3.0,3.0,2.6,180.0,concrete,0.15,brick,0.23,sheep_wool,0.15,south,1.2,0.6,0.65,5.8,10.996,12.787,0.0,-16.951
Kargil,34.5584,76.1334,cold,3.0,3.0,2.6,0.0,mud_brick,0.3,gi_sheet,0.002,sheep_wool,0.05,east,1.8,1.5,0.65,1.6,14.995,18.261,0.0298,-16.957
Kargil,34.5584,76.1334,cold,3.0,3.0,2.6,45.0,rammed_earth,0.3,concrete,0.15,eps,0.05,east,1.8,0.9,0.85,1.6,13.438,16.081,0.0,-16.963
Kargil,34.5584,76.1334,cold,3.0,3.0,2.6,0.0,brick,0.115,gi_sheet,0.002,xps,0.15,west,0.6,1.2,0.85,5.8,10.64,13.232,0.0,-16.902
Kargil,34.5584,76.1334,cold,3.0,3.0,2.6,45.0,mud_brick,0.3,timber,0.1,eps,0.05,north,1.8,1.5,0.85,1.2,14.922,18.015,0.0119,-16.958
Kargil,34.5584,76.1334,cold,3.0,3.0,2.6,135.0,gi_sheet,0.002,mud_brick,0.15,sheep_wool,0.1,east,1.2,1.2,0.55,5.8,12.661,17.61,0.0,-16.822
Kargil,34.5584,76.1334,cold,3.0,3.0,2.6,135.0,aerated_concrete,0.3,stone,0.3,sheep_wool,0.05,south,0.6,0.9,0.65,2.0,10.687,12.596,0.0,-16.943
Kargil,34.5584,76.1334,cold,3.0,3.0,2.6,0.0,gi_sheet,0.002,stone,0.3,eps,0.15,south,0.6,0.9,0.35,2.6,10.434,12.735,0.0,-16.91
Kargil,34.5584,76.1334,cold,3.0,3.0,2.6,180.0,brick,0.115,brick,0.115,mineral_wool,0.05,west,0.6,1.5,0.85,2.0,14.117,17.771,0.0,-16.919
Kargil,34.5584,76.1334,cold,3.0,3.0,2.6,90.0,brick,0.23,stone,0.3,eps,0.025,north,1.8,0.9,0.35,5.8,13.519,16.345,0.0,-16.966
Kargil,34.5584,76.1334,cold,3.0,3.0,2.6,180.0,mud_brick,0.15,aerated_concrete,0.1,sheep_wool,0.15,south,0.6,0.9,0.85,3.5,10.474,12.349,0.0,-16.924
Kargil,34.5584,76.1334,cold,3.0,3.0,2.6,90.0,brick,0.345,rcc_slab,0.15,mineral_wool,0.1,south,1.8,1.5,0.35,1.6,10.646,12.195,0.0,-16.969
Kargil,34.5584,76.1334,cold,3.0,3.0,2.6,0.0,puf_sandwich_panel,0.05,concrete,0.15,mineral_wool,0.05,east,0.6,1.2,0.45,1.6,11.22,14.535,0.0,-16.828
Kargil,34.5584,76.1334,cold,3.0,3.0,2.6,180.0,timber,0.1,puf_sandwich_panel,0.075,mineral_wool,0.1,east,0.9,0.9,0.55,2.0,10.207,13.548,0.0,-16.784
Kargil,34.5584,76.1334,cold,3.0,3.0,2.6,135.0,brick,0.345,aerated_concrete,0.1,xps,0.15,west,1.8,0.6,0.45,1.2,10.086,11.327,0.0,-16.966
Kargil,34.5584,76.1334,cold,3.0,3.0,2.6,90.0,plywood,0.03,puf_sandwich_panel,0.075,sheep_wool,0.1,west,0.9,1.5,0.75,1.2,11.364,16.427,0.0,-16.65
Kargil,34.5584,76.1334,cold,3.0,3.0,2.6,180.0,mud_brick,0.45,brick,0.23,mineral_wool,0.05,east,1.5,0.9,0.35,2.6,10.605,12.125,0.0,-16.979
Kargil,34.5584,76.1334,cold,3.0,3.0,2.6,135.0,rammed_earth,0.3,puf_sandwich_panel,0.15,xps,0.05,west,1.8,0.6,0.65,3.5,11.522,13.391,0.0,-16.956
Kargil,34.5584,76.1334,cold,3.0,3.0,2.6,180.0,rammed_earth,0.15,rcc_slab,0.15,mineral_wool,0.1,east,1.2,1.5,0.35,2.0,11.226,13.499,0.0,-16.936
Kargil,34.5584,76.1334,cold,3.0,3.0,2.6,45.0,aerated_concrete,0.1,brick,0.115,eps,0.1,east,0.6,0.6,0.65,2.6,10.612,13.42,0.0,-16.847
Kargil,34.5584,76.1334,cold,3.0,3.0,2.6,0.0,aerated_concrete,0.1,puf_sandwich_panel,0.15,eps,0.05,west,0.6,1.5,0.35,1.2,10.676,14.613,0.0,-16.766
Kargil,34.5584,76.1334,cold,3.0,3.0,2.6,180.0,gi_sheet,0.002,stone,0.15,none,0.0,east,1.8,1.5,0.55,2.0,19.117,33.398,0.4762,-22.218
Kargil,34.5584,76.1334,cold,3.0,3.0,2.6,180.0,concrete,0.15,gi_sheet,0.002,eps,0.05,west,0.9,1.2,0.75,1.6,14.076,17.493,0.0,-16.932
Kargil,34.5584,76.1334,cold,3.0,3.0,2.6,135.0,timber,0.15,brick,0.23,xps,0.1,south,0.6,1.2,0.85,5.8,10.423,12.716,0.0,-16.902
Kargil,34.5584,76.1334,cold,3.0,3.0,2.6,90.0,stone,0.3,brick,0.115,eps,0.1,south,1.5,0.6,0.55,2.0,10.313,11.707,0.0,-16.975
Kargil,34.5584,76.1334,cold,3.0,3.0,2.6,45.0,aerated_concrete,0.2,mud_brick,0.15,sheep_wool,0.05,west,1.2,0.9,0.65,2.6,11.616,14.792,0.0,-16.891
Kargil,34.5584,76.1334,cold,3.0,3.0,2.6,90.0,timber,0.2,timber,0.1,eps,0.025,east,1.8,0.6,0.65,1.2,11.891,15.644,0.0,-16.86
Kargil,34.5584,76.1334,cold,3.0,3.0,2.6,180.0,stone,0.15,stone,0.15,xps,0.15,west,0.9,0.9,0.65,2.6,11.556,13.405,0.0,-16.955
Kargil,34.5584,76.1334,cold,3.0,3.0,2.6,0.0,brick,0.115,brick,0.23,sheep_wool,0.1,north,1.8,0.6,0.35,1.2,10.954,13.125,0.0,-16.933
Kargil,34.5584,76.1334,cold,3.0,3.0,2.6,45.0,rammed_earth,0.3,stone,0.15,eps,0.05,east,1.5,0.9,0.45,1.6,11.906,13.951,0.0,-16.965
Kargil,34.5584,76.1334,cold,3.0,3.0,2.6,90.0,concrete,0.2,gi_sheet,0.002,sheep_wool,0.1,south,1.2,0.9,0.85,2.0,11.403,13.662,0.0,-16.949
Kargil,34.5584,76.1334,cold,3.0,3.0,2.6,45.0,stone,0.45,aerated_concrete,0.2,sheep_wool,0.15,south,0.6,1.2,0.35,5.8,9.333,10.408,0.0,-16.985
Kargil,34.5584,76.1334,cold,3.0,3.0,2.6,90.0,plywood,0.03,stone,0.3,xps,0.05,south,0.6,1.2,0.75,2.0,11.853,14.954,0.0,-16.909
Kargil,34.5584,76.1334,cold,3.0,3.0,2.6,90.0,puf_sandwich_panel,0.15,concrete,0.15,eps,0.025,east,0.6,0.9,0.45,3.5,11.092,14.738,0.0,-16.828
Kargil,34.5584,76.1334,cold,3.0,3.0,2.6,0.0,plywood,0.05,gi_sheet,0.002,none,0.0,west,1.5,0.9,0.85,5.8,18.53,34.598,0.4048,-19.961
Kargil,34.5584,76.1334,cold,3.0,3.0,2.6,45.0,mud_brick,0.45,aerated_concrete,0.1,eps,0.15,north,1.2,1.5,0.75,2.0,11.394,13.193,0.0,-16.974
Kargil,34.5584,76.1334,cold,3.0,3.0,2.6,90.0,puf_sandwich_panel,0.05,gi_sheet,0.002,xps,0.05,east,0.6,1.5,0.65,2.0,11.027,16.774,0.0,-16.599
Kargil,34.5584,76.1334,cold,3.0,3.0,2.6,0.0,brick,0.23,puf_sandwich_panel,0.05,eps,0.1,east,1.5,1.2,0.45,1.2,11.859,13.995,0.0,-16.945
Kargil,34.5584,76.1334,cold,3.0,3.0,2.6,0.0,brick,0.115,puf_sandwich_panel,0.1,mineral_wool,0.15,west,0.9,1.2,0.55,3.5,10.464,12.934,0.0,-16.902
Kargil,34.5584,76.1334,cold,3.0,3.0,2.6,135.0,concrete,0.2,concrete,0.1,mineral_wool,0.05,west,0.6,0.6,0.85,3.5,12.396,14.785,0.0,-16.956
Kargil,34.5584,76.1334,cold,3.0,3.0,2.6,90.0,puf_sandwich_panel,0.15,aerated_concrete,0.2,sheep_wool,0.15,north,1.8,1.2,0.35,2.6,11.302,14.916,0.0,-16.728
Kargil,34.5584,76.1334,cold,3.0,3.0,2.6,135.0,puf_sandwich_panel,0.05,concrete,0.15,eps,0.05,south,0.9,1.5,0.55,1.2,11.16,14.884,0.0,-16.825
Kargil,34.5584,76.1334,cold,3.0,3.0,2.6,90.0,rammed_earth,0.45,timber,0.15,xps,0.1,east,0.9,1.2,0.85,2.0,10.093,11.442,0.0,-16.974
Kargil,34.5584,76.1334,cold,3.0,3.0,2.6,45.0,brick,0.115,timber,0.1,sheep_wool,0.05,west,0.6,0.6,0.45,5.8,12.089,15.297,0.0,-16.906
Kargil,34.5584,76.1334,cold,3.0,3.0,2.6,0.0,aerated_concrete,0.1,stone,0.3,sheep_wool,0.15,east,1.2,1.2,0.45,1.6,11.277,13.426,0.0,-16.921
Kargil,34.5584,76.1334,cold,3.0,3.0,2.6,180.0,timber,0.2,aerated_concrete,0.1,sheep_wool,0.05,north,1.2,1.2,0.35,5.8,11.388,14.814,0.0,-16.858
Kargil,34.5584,76.1334,cold,3.0,3.0,2.6,0.0,puf_sandwich_panel,0.15,brick,0.115,eps,0.05,east,0.6,0.9,0.45,3.5,10.51,13.787,0.0,-16.783
Kargil,34.5584,76.1334,cold,3.0,3.0,2.6,90.0,rammed_earth,0.45,timber,0.15,mineral_wool,0.1,east,0.6,1.5,0.55,2.0,9.69,10.866,0.0,-16.974
Kargil,34.5584,76.1334,cold,3.0,3.0,2.6,0.0,mud_brick,0.45,brick,0.23,sheep_wool,0.05,east,1.8,1.5,0.75,1.6,14.442,17.449,0.0,-16.977
Kargil,34.5584,76.1334,cold,3.0,3.0,2.6,0.0,puf_sandwich_panel,0.075,stone,0.3,sheep_wool,0.05,south,1.5,0.6,0.85,3.5,11.055,13.696,0.0,-16.905
Kargil,34.5584,76.1334,cold,3.0,3.0,2.6,45.0,gi_sheet,0.002,stone,0.15,sheep_wool,0.15,west,1.2,1.2,0.65,1.2,11.42,15.167,0.0,-16.853
Kargil,34.5584,76.1334,cold,3.0,3.0,2.6,180.0,concrete,0.2,rcc_slab,0.2,xps,0.15,west,1.5,1.5,0.75,5.8,14.276,17.075,0.0,-16.96
Kargil,34.5584,76.1334,cold,3.0,3.0,2.6,135.0,aerated_concrete,0.1,rcc_slab,0.2,eps,0.1,east,0.6,0.9,0.45,2.6,10.377,12.731,0.0,-16.889
Kargil,34.5584,76.1334,cold,3.0,3.0,2.6,0.0,stone,0.15,gi_sheet,0.002,xps,0.05,south,0.6,0.9,0.55,1.6,11.841,14.432,0.0,-16.942
Kargil,34.5584,76.1334,cold,3.0,3.0,2.6,135.0,stone,0.3,concrete,0.2,sheep_wool,0.15,east,1.5,0.9,0.55,2.0,10.426,11.856,0.0,-16.977
Kargil,34.5584,76.1334,cold,3.0,3.0,2.6,45.0,gi_sheet,0.002,stone,0.15,xps,0.15,south,0.9,1.5,0.85,1.6,11.667,15.767,0.0,-16.854
Kargil,34.5584,76.1334,cold,3.0,3.0,2.6,180.0,plywood,0.019,rcc_slab,0.15,sheep_wool,0.15,north,0.9,0.6,0.75,1.2,10.957,14.075,0.0,-16.836
Kargil,34.5584,76.1334,cold,3.0,3.0,2.6,0.0,brick,0.345,mud_brick,0.15,sheep_wool,0.15,south,1.5,1.2,0.85,3.5,11.121,12.847,0.0,-16.969
Kargil,34.5584,76.1334,cold,3.0,3.0,2.6,45.0,stone,0.15,mud_brick,0.25,sheep_wool,0.15,north,1.5,1.2,0.75,1.2,12.568,14.826,0.0,-16.956
Kargil,34.5584,76.1334,cold,3.0,3.0,2.6,135.0,timber,0.1,mud_brick,0.15,xps,0.1,west,0.6,1.2,0.85,1.6,11.314,14.054,0.0,-16.864
Kargil,34.5584,76.1334,cold,3.0,3.0,2.6,45.0,plywood,0.012,gi_sheet,0.002,xps,0.15,south,1.5,0.6,0.35,1.2,10.335,15.173,0.0,-16.639
Kargil,34.5584,76.1334,cold,3.0,3.0,2.6,0.0,concrete,0.1,timber,0.1,eps,0.05,west,1.2,0.9,0.45,1.6,12.311,15.812,0.0,-16.908
Kargil,34.5584,76.1334,cold,3.0,3.0,2.6,180.0,timber,0.2,mud_brick,0.15,mineral_wool,0.05,south,1.5,0.6,0.45,1.6,10.922,13.46,0.0,-16.896
Kargil,34.5584,76.1334,cold,3.0,3.0,2.6,180.0,concrete,0.1,aerated_concrete,0.1,eps,0.05,east,1.2,0.6,0.85,2.0,12.983,16.615,0.0,-16.908
Kargil,34.5584,76.1334,cold,3.0,3.0,2.6,90.0,aerated_concrete,0.1,concrete,0.2,sheep_wool,0.1,west,0.6,0.6,0.35,3.5,10.218,12.454,0.0,-16.889
Kargil,34.5584,76.1334,cold,3.0,3.0,2.6,90.0,rammed_earth,0.15,puf_sandwich_panel,0.1,xps,0.05,north,0.9,0.6,0.45,1.6,11.196,13.548,0.0,-16.916
Kargil,34.5584,76.1334,cold,3.0,3.0,2.6,0.0,plywood,0.019,rcc_slab,0.1,mineral_wool,0.1,north,1.2,1.2,0.75,1.6,11.832,16.115,0.0,-16.803
Kargil,34.5584,76.1334,cold,3.0,3.0,2.6,90.0,gi_sheet,0.002,rcc_slab,0.1,xps,0.15,north,1.5,0.9,0.85,3.5,13.65,18.222,0.0238,-16.806
Kargil,34.5584,76.1334,cold,3.0,3.0,2.6,0.0,timber,0.2,gi_sheet,0.002,eps,0.15,east,0.9,1.5,0.65,5.8,12.077,15.24,0.0,-16.851
Kargil,34.5584,76.1334,cold,3.0,3.0,2.6,90.0,plywood,0.05,timber,0.1,sheep_wool,0.05,south,0.6,0.6,0.65,1.6,11.615,16.678,0.0,-16.736
Kargil,34.5584,76.1334,cold,3.0,3.0,2.6,45.0,mud_brick,0.45,brick,0.115,none,0.0,south,1.2,1.2,0.85,1.6,15.654,19.508,0.2202,-16.976
Kargil,34.5584,76.1334,cold,3.0,3.0,2.6,180.0,gi_sheet,0.002,timber,0.15,sheep_wool,0.05,west,0.9,0.9,0.85,2.6,14.423,20.918,0.2857,-16.73
Kargil,34.5584,76.1334,cold,3.0,3.0,2.6,45.0,brick,0.23,aerated_concrete,0.2,eps,0.1,east,0.9,1.2,0.35,3.5,10.73,12.464,0.0,-16.95
Kargil,34.5584,76.1334,cold,3.0,3.0,2.6,45.0,rammed_earth,0.45,brick,0.23,eps,0.2,east,1.5,0.9,0.45,1.6,9.747,10.941,0.0,-16.977
Kargil,34.5584,76.1334,cold,3.0,3.0,2.6,90.0,gi_sheet,0.002,aerated_concrete,0.2,eps,0.025,south,1.2,1.5,0.75,3.5,14.51,23.374,0.2738,-16.744
Kargil,34.5584,76.1334,cold,3.0,3.0,2.6,45.0,stone,0.3,mud_brick,0.25,sheep_wool,0.15,west,1.5,1.2,0.85,2.0,10.708,12.296,0.0,-16.977
Kargil,34.5584,76.1334,cold,3.0,3.0,2.6,180.0,puf_sandwich_panel,0.075,puf_sandwich_panel,0.05,sheep_wool,0.15,east,0.6,1.5,0.75,2.0,9.619,14.294,0.0,-16.593
Kargil,34.5584,76.1334,cold,3.0,3.0,2.6,135.0,plywood,0.03,timber,0.15,xps,0.15,east,1.5,0.9,0.75,1.6,11.258,16.181,0.0,-16.741
Kargil,34.5584,76.1334,cold,3.0,3.0,2.6,90.0,gi_sheet,0.002,puf_sandwich_panel,0.05,eps,0.15,north,1.8,1.5,0.35,3.5,13.126,18.832,0.0714,-16.65
Kargil,34.5584,76.1334,cold,3.0,3.0,2.6,0.0,mud_brick,0.45,brick,0.115,eps,0.15,east,1.5,0.9,0.75,1.6,11.157,12.917,0.0,-16.977
Kargil,34.5584,76.1334,cold,3.0,3.0,2.6,0.0,stone,0.3,rcc_slab,0.1,sheep_wool,0.05,east,0.9,1.5,0.35,1.6,12.154,14.169,0.0,-16.975
Kargil,34.5584,76.1334,cold,3.0,3.0,2.6,0.0,stone,0.3,timber,0.15,sheep_wool,0.15,north,1.2,1.2,0.75,5.8,10.633,12.176,0.0,-16.973
Kargil,34.5584,76.1334,cold,3.0,3.0,2.6,45.0,mud_brick,0.3,mud_brick,0.15,eps,0.1,north,0.6,1.2,0.55,1.2,10.305,11.653,0.0,-16.965
Kargil,34.5584,76.1334,cold,3.0,3.0,2.6,0.0,gi_sheet,0.002,timber,0.1,eps,0.15,north,0.9,0.6,0.35,1.6,10.558,15.003,0.0,-16.714
Kargil,34.5584,76.1334,cold,3.0,3.0,2.6,0.0,aerated_concrete,0.1,mud_brick,0.15,sheep_wool,0.15,north,0.9,1.2,0.75,1.6,10.519,13.162,0.0,-16.861
Kargil,34.5584,76.1334,cold,3.0,3.0,2.6,135.0,stone,0.45,mud_brick,0.25,xps,0.1,west,1.8,1.2,0.55,5.8,11.497,13.552,0.0,-16.986
Kargil,34.5584,76.1334,cold,3.0,3.0,2.6,90.0,concrete,0.2,brick,0.115,xps,0.1,north,0.6,0.6,0.75,2.0,10.723,12.342,0.0,-16.956
Kargil,34.5584,76.1334,cold,3.0,3.0,2.6,0.0,plywood,0.012,gi_sheet,0.002,xps,0.15,north,0.9,0.6,0.55,1.6,10.283,14.862,0.0,-16.639
Kargil,34.5584,76.1334,cold,3.0,3.0,2.6,90.0,concrete,0.15,aerated_concrete,0.2,sheep_wool,0.05,west,1.2,1.5,0.75,2.0,12.888,15.914,0.0,-16.936
Kargil,34.5584,76.1334,cold,3.0,3.0,2.6,0.0,plywood,0.03,brick,0.23,sheep_wool,0.1,north,0.6,1.2,0.75,3.5,11.129,14.251,0.0,-16.862
Kargil,34.5584,76.1334,cold,3.0,3.0,2.6,90.0,concrete,0.2,concrete,0.1,eps,0.025,north,0.6,0.9,0.85,1.2,14.076,17.393,0.0,-16.956
Kargil,34.5584,76.1334,cold,3.0,3.0,2.6,90.0,plywood,0.012,puf_sandwich_panel,0.1,sheep_wool,0.15,north,1.5,1.5,0.35,1.2,12.341,17.52,0.0,-16.613
Kargil,34.5584,76.1334,cold,3.0,3.0,2.6,180.0,brick,0.345,stone,0.15,xps,0.15,north,1.5,1.5,0.85,1.2,11.382,13.263,0.0,-16.97
Kargil,34.5584,76.1334,cold,3.0,3.0,2.6,135.0,stone,0.45,gi_sheet,0.002,sheep_wool,0.15,north,1.5,1.2,0.35,3.5,10.483,12.077,0.0,-16.983
Kargil,34.5584,76.1334,cold,3.0,3.0,2.6,180.0,plywood,0.03,brick,0.23,eps,0.025,north,0.6,1.2,0.35,3.5,13.511,18.505,0.0238,-16.861
Kargil,34.5584,76.1334,cold,3.0,3.0,2.6,0.0,stone,0.45,brick,0.23,xps,0.1,north,1.5,0.9,0.45,5.8,9.955,11.366,0.0,-16.986
Kargil,34.5584,76.1334,cold,3.0,3.0,2.6,0.0,rammed_earth,0.3,gi_sheet,0.002,eps,0.2,north,0.6,0.6,0.35,5.8,9.0,9.974,0.0,-16.958
Kargil,34.5584,76.1334,cold,3.0,3.0,2.6,90.0,aerated_concrete,0.2,gi_sheet,0.002,sheep_wool,0.15,north,0.9,0.9,0.45,3.5,10.446,12.936,0.0,-16.846
Kargil,34.5584,76.1334,cold,3.0,3.0,2.6,0.0,aerated_concrete,0.3,brick,0.23,xps,0.1,south,0.9,0.6,0.75,2.6,9.798,11.475,0.0,-16.926
Kargil,34.5584,76.1334,cold,3.0,3.0,2.6,135.0,plywood,0.019,stone,0.3,eps,0.2,west,1.2,0.6,0.65,2.0,10.773,12.783,0.0,-16.909
Kargil,34.5584,76.1334,cold,3.0,3.0,2.6,45.0,brick,0.115,brick,0.115,xps,0.15,south,1.5,1.5,0.65,2.0,11.724,14.814,0.0,-16.917
Kargil,34.5584,76.1334,cold,3.0,3.0,2.6,90.0,concrete,0.1,aerated_concrete,0.2,mineral_wool,0.15,west,1.5,0.9,0.85,3.5,11.355,13.815,0.0,-16.915
Kargil,34.5584,76.1334,cold,3.0,3.0,2.6,135.0,puf_sandwich_panel,0.05,stone,0.15,xps,0.1,east,1.8,0.6,0.55,1.2,10.028,12.832,0.0,-16.842
Kargil,34.5584,76.1334,cold,3.0,3.0,2.6,45.0,plywood,0.019,aerated_concrete,0.2,eps,0.025,east,1.8,1.2,0.85,3.5,16.341,25.057,0.4286,-16.732
Kargil,34.5584,76.1334,cold,3.0,3.0,2.6,180.0,gi_sheet,0.002,brick,0.23,xps,0.05,west,0.9,1.5,0.35,2.0,13.69,18.131,0.0119,-16.861
Kargil,34.5584,76.1334,cold,3.0,3.0,2.6,45.0,concrete,0.1,timber,0.15,xps,0.15,west,1.5,0.9,0.45,3.5,10.653,13.041,0.0,-16.911
Kargil,34.5584,76.1334,cold,3.0,3.0,2.6,45.0,mud_brick,0.15,mud_brick,0.15,mineral_wool,0.1,west,0.9,1.2,0.85,2.0,11.046,13.267,0.0,-16.937
Kargil,34.5584,76.1334,cold,3.0,3.0,2.6,0.0,mud_brick,0.15,puf_sandwich_panel,0.05,sheep_wool,0.05,south,1.5,0.6,0.45,5.8,11.607,14.38,0.0,-16.918
Kargil,34.5584,76.1334,cold,3.0,3.0,2.6,45.0,aerated_concrete,0.2,stone,0.15,sheep_wool,0.1,south,1.2,1.2,0.65,2.6,11.071,13.869,0.0,-16.904
Kargil,34.5584,76.1334,cold,3.0,3.0,2.6,135.0,gi_sheet,0.002,brick,0.115,eps,0.15,north,1.2,0.6,0.65,1.2,12.029,15.882,0.0,-16.801
Kargil,34.5584,76.1334,cold,3.0,3.0,2.6,90.0,rammed_earth,0.15,aerated_concrete,0.2,mineral_wool,0.05,south,0.6,1.2,0.55,3.5,11.541,14.202,0.0,-16.924
Kargil,34.5584,76.1334,cold,3.0,3.0,2.6,0.0,timber,0.1,puf_sandwich_panel,0.1,mineral_wool,0.1,south,1.2,1.2,0.85,2.0,11.327,15.697,0.0,-16.782
Kargil,34.5584,76.1334,cold,3.0,3.0,2.6,135.0,concrete,0.15,brick,0.115,mineral_wool,0.15,west,1.8,0.9,0.55,1.6,12.148,14.369,0.0,-16.943
Kargil,34.5584,76.1334,cold,3.0,3.0,2.6,180.0,puf_sandwich_panel,0.1,timber,0.15,eps,0.2,west,1.8,0.9,0.75,3.5,12.834,17.669,0.0,-16.711
Kargil,34.5584,76.1334,cold,3.0,3.0,2.6,45.0,timber,0.1,concrete,0.15,sheep_wool,0.1,south,1.8,1.2,0.55,2.6,11.758,15.536,0.0,-16.872
Kargil,34.5584,76.1334,cold,3.0,3.0,2.6,180.0,brick,0.115,gi_sheet,0.002,mineral_wool,0.15,north,1.5,1.5,0.85,3.5,13.065,16.839,0.0,-16.9
Kargil,34.5584,76.1334,cold,3.0,3.0,2.6,180.0,plywood,0.03,concrete,0.15,sheep_wool,0.1,west,1.2,0.9,0.75,1.6,13.149,17.101,0.0,-16.84
Kargil,34.5584,76.1334,cold,3.0,3.0,2.6,45.0,gi_sheet,0.002,stone,0.15,mineral_wool,0.1,west,1.2,0.9,0.45,1.2,11.349,14.922,0.0,-16.856
Kargil,34.5584,76.1334,cold,3.0,3.0,2.6,45.0,mud_brick,0.3,puf_sandwich_panel,0.15,xps,0.05,east,1.2,1.2,0.85,1.2,12.365,14.561,0.0,-16.958
Kargil,34.5584,76.1334,cold,3.0,3.0,2.6,180.0,gi_sheet,0.002,gi_sheet,0.002,eps,0.05,west,1.5,0.6,0.35,1.6,13.669,20.515,0.2143,-16.659
Kargil,34.5584,76.1334,cold,3.0,3.0,2.6,90.0,plywood,0.03,aerated_concrete,0.2,sheep_wool,0.15,west,1.2,0.6,0.35,2.6,10.066,13.353,0.0,-16.753
Kargil,34.5584,76.1334,cold,3.0,3.0,2.6,45.0,stone,0.3,stone,0.3,mineral_wool,0.1,south,1.8,1.5,0.35,2.0,10.667,12.224,0.0,-16.979
Kargil,34.5584,76.1334,cold,3.0,3.0,2.6,180.0,rammed_earth,0.3,concrete,0.1,eps,0.15,south,0.9,1.5,0.45,1.6,9.986,11.267,0.0,-16.961
Kargil,34.5584,76.1334,cold,3.0,3.0,2.6,135.0,concrete,0.15,mud_brick,0.25,mineral_wool,0.05,east,0.6,1.2,0.85,5.8,12.52,15.202,0.0,-16.952
Kargil,34.5584,76.1334,cold,3.0,3.0,2.6,45.0,plywood,0.03,brick,0.115,eps,0.15,west,0.9,0.6,0.75,3.5,10.248,13.506,0.0,-16.803
Kargil,34.5584,76.1334,cold,3.0,3.0,2.6,90.0,rammed_earth,0.15,aerated_concrete,0.1,none,0.0,west,1.2,1.2,0.45,2.6,16.194,22.612,0.3571,-16.918
Kargil,34.5584,76.1334,cold,3.0,3.0,2.6,90.0,aerated_concrete,0.3,puf_sandwich_panel,0.1,eps,0.15,north,1.8,0.6,0.45,5.8,10.462,12.57,0.0,-16.882
Kargil,34.5584,76.1334,cold,3.0,3.0,2.6,45.0,mud_brick,0.45,brick,0.115,eps,0.025,east,1.5,1.2,0.55,3.5,13.055,15.389,0.0,-16.976
Kargil,34.5584,76.1334,cold,3.0,3.0,2.6,180.0,timber,0.2,concrete,0.1,eps,0.2,east,1.2,0.9,0.45,2.6,9.544,11.517,0.0,-16.89
Kargil,34.5584,76.1334,cold,3.0,3.0,2.6,0.0,stone,0.3,stone,0.15,sheep_wool,0.05,north,1.2,1.5,0.55,2.0,11.955,13.957,0.0,-16.976
Kargil,34.5584,76.1334,cold,3.0,3.0,2.6,0.0,timber,0.15,concrete,0.15,mineral_wool,0.05,west,1.2,0.9,0.75,1.2,11.743,15.142,0.0,-16.89
Kargil,34.5584,76.1334,cold,3.0,3.0,2.6,90.0,puf_sandwich_panel,0.075,brick,0.23,xps,0.05,west,1.8,0.9,0.85,5.8,11.802,15.351,0.0,-16.852
Kargil,34.5584,76.1334,cold,3.0,3.0,2.6,180.0,puf_sandwich_panel,0.075,mud_brick,0.25,eps,0.05,north,1.5,0.9,0.45,1.2,10.602,13.481,0.0,-16.859
Kargil,34.5584,76.1334,cold,3.0,3.0,2.6,90.0,stone,0.15,puf_sandwich_panel,0.05,eps,0.2,south,0.6,1.2,0.55,5.8,10.011,11.626,0.0,-16.941
Kargil,34.5584,76.1334,cold,3.0,3.0,2.6,180.0,puf_sandwich_panel,0.05,stone,0.15,sheep_wool,0.05,north,0.6,1.5,0.55,3.5,11.132,14.622,0.0,-16.84
Kargil,34.5584,76.1334,cold,3.0,3.0,2.6,45.0,puf_sandwich_panel,0.15,concrete,0.15,eps,0.2,west,0.6,0.9,0.85,1.2,8.802,10.791,0.0,-16.833
Kargil,34.5584,76.1334,cold,3.0,3.0,2.6,180.0,stone,0.15,aerated_concrete,0.1,sheep_wool,0.05,north,0.9,0.9,0.55,3.5,12.631,15.452,0.0,-16.943
Kargil,34.5584,76.1334,cold,3.0,3.0,2.6,135.0,brick,0.345,timber,0.15,eps,0.2,north,1.2,0.6,0.65,2.6,9.899,11.078,0.0,-16.968
Kargil,34.5584,76.1334,cold,3.0,3.0,2.6,0.0,concrete,0.15,aerated_concrete,0.1,none,0.0,south,0.9,1.5,0.45,5.8,17.22,24.376,0.4583,-16.934
Kargil,34.5584,76.1334,cold,3.0,3.0,2.6,180.0,mud_brick,0.3,concrete,0.1,xps,0.05,east,1.8,1.2,0.85,5.8,12.789,15.579,0.0,-16.962
Kargil,34.5584,76.1334,cold,3.0,3.0,2.6,45.0,brick,0.345,gi_sheet,0.002,eps,0.025,south,0.9,0.6,0.45,1.6,12.482,14.905,0.0,-16.966
Kargil,34.5584,76.1334,cold,3.0,3.0,2.6,135.0,timber,0.2,gi_sheet,0.002,eps,0.15,east,1.5,0.9,0.55,1.6,10.181,13.011,0.0,-16.851
Kargil,34.5584,76.1334,cold,3.0,3.0,2.6,135.0,puf_sandwich_panel,0.1,gi_sheet,0.002,xps,0.15,north,1.5,0.9,0.35,3.5,10.15,13.961,0.0,-16.627
Kargil,34.5584,76.1334,cold,3.0,3.0,2.6,0.0,puf_sandwich_panel,0.1,rcc_slab,0.2,mineral_wool,0.05,south,1.2,0.9,0.55,2.0,10.686,13.649,0.0,-16.858
Kargil,34.5584,76.1334,cold,3.0,3.0,2.6,135.0,gi_sheet,0.002,brick,0.115,sheep_wool,0.1,north,1.8,0.9,0.55,3.5,13.692,18.891,0.0595,-16.798
Kargil,34.5584,76.1334,cold,3.0,3.0,2.6,135.0,gi_sheet,0.002,timber,0.1,eps,0.2,south,0.6,1.2,0.65,2.6,11.135,15.41,0.0,-16.718
Kargil,34.5584,76.1334,cold,3.0,3.0,2.6,180.0,brick,0.23,stone,0.15,xps,0.1,west,1.8,0.6,0.45,2.0,11.25,12.979,0.0,-16.958
Kargil,34.5584,76.1334,cold,3.0,3.0,2.6,45.0,mud_brick,0.15,puf_sandwich_panel,0.15,eps,0.15,north,0.9,1.2,0.55,3.5,10.74,12.707,0.0,-16.919
Kargil,34.5584,76.1334,cold,3.0,3.0,2.6,45.0,aerated_concrete,0.3,rcc_slab,0.25,eps,0.025,west,1.5,0.6,0.55,5.8,11.952,14.734,0.0,-16.932
Kargil,34.5584,76.1334,cold,3.0,3.0,2.6,90.0,timber,0.2,stone,0.15,sheep_wool,0.05,west,1.8,0.6,0.35,2.0,11.074,13.608,0.0,-16.907
Kargil,34.5584,76.1334,cold,3.0,3.0,2.6,135.0,stone,0.45,rcc_slab,0.25,none,0.0,south,0.6,0.9,0.75,1.6,16.141,19.971,0.3512,-16.987
Kargil,34.5584,76.1334,cold,3.0,3.0,2.6,180.0,stone,0.3,concrete,0.1,eps,0.2,east,1.8,0.9,0.65,1.6,10.55,11.988,0.0,-16.974
Kargil,34.5584,76.1334,cold,3.0,3.0,2.6,90.0,gi_sheet,0.002,gi_sheet,0.002,xps,0.05,east,1.5,0.9,0.65,5.8,13.249,21.092,0.1964,-16.659
Kargil,34.5584,76.1334,cold,3.0,3.0,2.6,0.0,puf_sandwich_panel,0.15,rcc_slab,0.25,sheep_wool,0.1,west,1.8,0.6,0.35,1.6,9.408,11.429,0.0,-16.879
Kargil,34.5584,76.1334,cold,3.0,3.0,2.6,180.0,concrete,0.3,brick,0.115,eps,0.05,west,0.6,0.9,0.35,2.0,11.739,13.605,0.0,-16.971
Kargil,34.5584,76.1334,cold,3.0,3.0,2.6,135.0,puf_sandwich_panel,0.05,puf_sandwich_panel,0.05,mineral_wool,0.1,west,0.6,0.6,0.35,2.0,9.247,12.48,0.0,-16.612
Kargil,34.5584,76.1334,cold,3.0,3.0,2.6,90.0,aerated_concrete,0.1,brick,0.23,eps,0.2,west,1.8,0.6,0.35,5.8,9.762,11.729,0.0,-16.888
Kargil,34.5584,76.1334,cold,3.0,3.0,2.6,180.0,brick,0.23,concrete,0.1,eps,0.2,north,1.8,0.6,0.55,5.8,10.341,11.877,0.0,-16.954
Kargil,34.5584,76.1334,cold,3.0,3.0,2.6,0.0,aerated_concrete,0.3,aerated_concrete,0.2,xps,0.1,west,1.5,1.5,0.55,2.6,10.977,13.958,0.0,-16.894
Kargil,34.5584,76.1334,cold,3.0,3.0,2.6,0.0,aerated_concrete,0.3,rcc_slab,0.15,eps,0.15,west,0.6,0.6,0.85,2.0,9.255,10.76,0.0,-16.919
Kargil,34.5584,76.1334,cold,3.0,3.0,2.6,135.0,plywood,0.019,gi_sheet,0.002,mineral_wool,0.1,east,0.9,0.9,0.65,1.2,11.52,17.014,0.0,-16.665
Kargil,34.5584,76.1334,cold,3.0,3.0,2.6,45.0,timber,0.1,brick,0.23,sheep_wool,0.1,west,1.8,0.9,0.35,5.8,10.968,13.825,0.0,-16.887
Kargil,34.5584,76.1334,cold,3.0,3.0,2.6,135.0,puf_sandwich_panel,0.075,timber,0.15,sheep_wool,0.1,south,1.8,1.5,0.85,5.8,12.446,19.601,0.0595,-16.698
Kargil,34.5584,76.1334,cold,3.0,3.0,2.6,135.0,stone,0.15,brick,0.115,none,0.0,south,1.2,0.6,0.45,2.6,18.268,25.846,0.5536,-16.949
Kargil,34.5584,76.1334,cold,3.0,3.0,2.6,45.0,brick,0.23,puf_sandwich_panel,0.15,sheep_wool,0.05,south,1.5,0.6,0.65,1.6,11.333,13.537,0.0,-16.946
Kargil,34.5584,76.1334,cold,3.0,3.0,2.6,90.0,brick,0.23,gi_sheet,0.002,mineral_wool,0.15,south,0.9,1.2,0.65,3.5,10.317,12.037,0.0,-16.948
Kargil,34.5584,76.1334,cold,3.0,3.0,2.6,0.0,rammed_earth,0.3,brick,0.23,mineral_wool,0.05,west,1.8,0.9,0.65,1.6,11.753,13.912,0.0,-16.965
Kargil,34.5584,76.1334,cold,3.0,3.0,2.6,45.0,brick,0.115,stone,0.3,eps,0.2,east,0.9,0.9,0.85,5.8,10.996,12.823,0.0,-16.949
Kargil,34.5584,76.1334,cold,3.0,3.0,2.6,0.0,aerated_concrete,0.3,rcc_slab,0.2,mineral_wool,0.1,north,1.5,1.5,0.65,3.5,11.327,13.651,0.0,-16.926
Kargil,34.5584,76.1334,cold,3.0,3.0,2.6,90.0,gi_sheet,0.002,puf_sandwich_panel,0.075,mineral_wool,0.15,west,0.9,0.9,0.55,5.8,10.851,15.326,0.0,-16.685
Kargil,34.5584,76.1334,cold,3.0,3.0,2.6,0.0,aerated_concrete,0.1,stone,0.15,sheep_wool,0.15,east,0.6,1.2,0.35,1.2,10.184,12.344,0.0,-16.881
Kargil,34.5584,76.1334,cold,3.0,3.0,2.6,45.0,rammed_earth,0.15,aerated_concrete,0.1,mineral_wool,0.05,south,1.5,0.6,0.45,2.6,11.801,14.705,0.0,-16.92
Kargil,34.5584,76.1334,cold,3.0,3.0,2.6,0.0,puf_sandwich_panel,0.15,puf_sandwich_panel,0.15,eps,0.15,east,1.8,1.5,0.85,3.5,16.383,27.144,0.4405,-16.615
Kargil,34.5584,76.1334,cold,3.0,3.0,2.6,0.0,puf_sandwich_panel,0.1,brick,0.23,sheep_wool,0.15,north,0.6,1.2,0.55,2.0,9.204,11.129,0.0,-16.854
Kargil,34.5584,76.1334,cold,3.0,3.0,2.6,90.0,puf_sandwich_panel,0.05,stone,0.15,mineral_wool,0.15,west,1.8,0.9,0.45,5.8,10.227,12.819,0.0,-16.849
Kargil,34.5584,76.1334,cold,3.0,3.0,2.6,0.0,rammed_earth,0.3,puf_sandwich_panel,0.05,xps,0.1,north,1.5,0.9,0.85,3.5,10.639,12.252,0.0,-16.956
Kargil,34.5584,76.1334,cold,3.0,3.0,2.6,0.0,timber,0.15,timber,0.15,none,0.0,east,1.8,0.9,0.65,1.2,14.966,20.503,0.2083,-16.841
Kargil,34.5584,76.1334,cold,3.0,3.0,2.6,0.0,aerated_concrete,0.2,rcc_slab,0.15,eps,0.15,west,0.9,0.6,0.55,1.2,9.416,11.196,0.0,-16.901
Kargil,34.5584,76.1334,cold,3.0,3.0,2.6,90.0,timber,0.1,concrete,0.2,sheep_wool,0.1,north,0.6,1.2,0.75,1.6,11.55,14.202,0.0,-16.891
Kargil,34.5584,76.1334,cold,3.0,3.0,2.6,90.0,gi_sheet,0.002,timber,0.15,xps,0.05,south,0.9,1.5,0.45,1.6,12.46,18.692,0.0238,-16.73
Kargil,34.5584,76.1334,cold,3.0,3.0,2.6,180.0,rammed_earth,0.15,stone,0.3,sheep_wool,0.1,west,0.6,1.2,0.35,3.5,11.058,12.836,0.0,-16.954
Kargil,34.5584,76.1334,cold,3.0,3.0,2.6,45.0,puf_sandwich_panel,0.075,mud_brick,0.15,eps,0.15,south,1.2,1.5,0.75,2.6,10.931,15.082,0.0,-16.809
Kargil,34.5584,76.1334,cold,3.0,3.0,2.6,90.0,concrete,0.2,mud_brick,0.25,sheep_wool,0.1,east,1.8,0.6,0.75,1.2,11.115,12.939,0.0,-16.961
Kargil,34.5584,76.1334,cold,3.0,3.0,2.6,90.0,plywood,0.019,aerated_concrete,0.2,sheep_wool,0.05,south,0.9,0.9,0.65,1.2,12.306,18.241,0.0119,-16.734
Kargil,34.5584,76.1334,cold,3.0,3.0,2.6,180.0,aerated_concrete,0.3,rcc_slab,0.15,mineral_wool,0.1,west,1.2,0.9,0.85,5.8,12.306,14.897,0.0,-16.919
Kargil,34.5584,76.1334,cold,3.0,3.0,2.6,180.0,gi_sheet,0.002,stone,0.3,xps,0.1,south,1.5,1.5,0.55,1.2,12.591,15.627,0.0,-16.909
Kargil,34.5584,76.1334,cold,3.0,3.0,2.6,0.0,brick,0.23,timber,0.15,eps,0.1,west,1.2,1.5,0.85,3.5,11.738,14.286,0.0,-16.948
Kargil,34.5584,76.1334,cold,3.0,3.0,2.6,0.0,gi_sheet,0.002,rcc_slab,0.25,xps,0.05,north,1.2,0.9,0.75,2.0,12.769,16.845,0.0,-16.884
Kargil,34.5584,76.1334,cold,3.0,3.0,2.6,45.0,puf_sandwich_panel,0.15,mud_brick,0.25,sheep_wool,0.1,north,0.6,1.5,0.75,1.2,10.594,12.918,0.0,-16.861
Kargil,34.5584,76.1334,cold,3.0,3.0,2.6,135.0,rammed_earth,0.45,mud_brick,0.25,sheep_wool,0.05,east,0.9,1.5,0.45,5.8,11.085,12.764,0.0,-16.978
Kargil,34.5584,76.1334,cold,3.0,3.0,2.6,135.0,timber,0.15,stone,0.3,mineral_wool,0.1,east,1.5,0.6,0.65,5.8,10.497,12.536,0.0,-16.93
Kargil,34.5584,76.1334,cold,3.0,3.0,2.6,135.0,puf_sandwich_panel,0.15,gi_sheet,0.002,sheep_wool,0.15,west,1.5,1.5,0.35,3.5,11.135,15.317,0.0,-16.626
Kargil,34.5584,76.1334,cold,3.0,3.0,2.6,45.0,brick,0.115,brick,0.115,mineral_wool,0.15,east,1.5,1.5,0.45,1.2,12.252,14.981,0.0,-16.919
Kargil,34.5584,76.1334,cold,3.0,3.0,2.6,45.0,brick,0.115,stone,0.15,eps,0.025,east,0.9,1.2,0.45,5.8,14.354,18.475,0.0238,-16.93
Kargil,34.5584,76.1334,cold,3.0,3.0,2.6,180.0,aerated_concrete,0.2,stone,0.15,eps,0.15,north,1.5,1.2,0.85,1.6,11.432,14.245,0.0,-16.904
Kargil,34.5584,76.1334,cold,3.0,3.0,2.6,90.0,timber,0.15,brick,0.23,mineral_wool,0.05,east,1.8,0.6,0.85,2.0,11.877,15.017,0.0,-16.901
Kargil,34.5584,76.1334,cold,3.0,3.0,2.6,0.0,plywood,0.03,aerated_concrete,0.1,eps,0.05,east,1.5,1.5,0.55,3.5,14.813,21.808,0.3393,-16.702
Kargil,34.5584,76.1334,cold,3.0,3.0,2.6,135.0,timber,0.2,gi_sheet,0.002,none,0.0,north,1.5,1.2,0.85,1.2,19.273,30.584,0.5417,-16.847
Kargil,34.5584,76.1334,cold,3.0,3.0,2.6,0.0,puf_sandwich_panel,0.1,timber,0.1,xps,0.15,west,0.6,0.9,0.75,5.8,9.219,12.701,0.0,-16.682
Kargil,34.5584,76.1334,cold,3.0,3.0,2.6,180.0,timber,0.15,puf_sandwich_panel,0.15,sheep_wool,0.15,south,0.9,0.6,0.35,2.0,9.174,11.259,0.0,-16.822
Kargil,34.5584,76.1334,cold,3.0,3.0,2.6,45.0,brick,0.115,gi_sheet,0.002,sheep_wool,0.05,south,1.5,0.6,0.35,2.0,12.558,16.221,0.0,-16.9
Kargil,34.5584,76.1334,cold,3.0,3.0,2.6,0.0,mud_brick,0.15,gi_sheet,0.002,mineral_wool,0.05,north,0.9,0.6,0.65,1.2,11.794,14.584,0.0,-16.921
Kargil,34.5584,76.1334,cold,3.0,3.0,2.6,180.0,timber,0.2,timber,0.1,eps,0.1,north,1.5,0.6,0.55,2.0,10.188,12.704,0.0,-16.862
Kargil,34.5584,76.1334,cold,3.0,3.0,2.6,45.0,timber,0.15,rcc_slab,0.25,eps,0.15,west,0.9,1.2,0.55,3.5,9.89,11.773,0.0,-16.914
Kargil,34.5584,76.1334,cold,3.0,3.0,2.6,0.0,concrete,0.15,timber,0.1,sheep_wool,0.1,east,0.6,1.2,0.85,1.6,12.076,14.564,0.0,-16.935
Kargil,34.5584,76.1334,cold,3.0,3.0,2.6,135.0,puf_sandwich_panel,0.05,rcc_slab,0.15,mineral_wool,0.05,west,0.9,0.6,0.75,5.8,11.361,14.764,0.0,-16.828
Kargil,34.5584,76.1334,cold,3.0,3.0,2.6,45.0,gi_sheet,0.002,timber,0.15,eps,0.15,west,1.2,1.2,0.45,3.5,11.151,16.082,0.0,-16.736
Kargil,34.5584,76.1334,cold,3.0,3.0,2.6,45.0,timber,0.2,stone,0.15,xps,0.1,west,0.6,0.6,0.85,3.5,9.692,11.493,0.0,-16.909
Kargil,34.5584,76.1334,cold,3.0,3.0,2.6,90.0,brick,0.345,rcc_slab,0.25,eps,0.1,north,1.8,1.5,0.45,1.2,12.33,14.413,0.0,-16.972
Kargil,34.5584,76.1334,cold,3.0,3.0,2.6,180.0,mud_brick,0.3,timber,0.1,eps,0.1,north,1.8,0.9,0.75,2.0,11.163,13.026,0.0,-16.96
Kargil,34.5584,76.1334,cold,3.0,3.0,2.6,0.0,plywood,0.019,rcc_slab,0.1,eps,0.05,south,0.9,1.2,0.35,5.8,12.528,17.965,0.0,-16.794
Kargil,34.5584,76.1334,cold,3.0,3.0,2.6,180.0,aerated_concrete,0.1,brick,0.115,eps,0.025,west,0.6,1.5,0.65,3.5,14.234,19.576,0.0774,-16.844
Kargil,34.5584,76.1334,cold,3.0,3.0,2.6,90.0,concrete,0.3,mud_brick,0.15,mineral_wool,0.15,east,0.6,0.9,0.35,2.0,9.455,10.527,0.0,-16.972
Kargil,34.5584,76.1334,cold,3.0,3.0,2.6,0.0,mud_brick,0.45,gi_sheet,0.002,sheep_wool,0.05,north,1.8,1.5,0.75,2.0,12.221,14.345,0.0,-16.973
Kargil,34.5584,76.1334,cold,3.0,3.0,2.6,45.0,aerated_concrete,0.1,rcc_slab,0.25,xps,0.1,east,0.9,0.6,0.55,5.8,10.571,12.784,0.0,-16.903
Kargil,34.5584,76.1334,cold,3.0,3.0,2.6,0.0,rammed_earth,0.45,gi_sheet,0.002,xps,0.15,south,0.9,1.5,0.35,3.5,9.446,10.518,0.0,-16.973
Kargil,34.5584,76.1334,cold,3.0,3.0,2.6,90.0,rammed_earth,0.3,gi_sheet,0.002,mineral_wool,0.05,south,0.6,1.5,0.65,3.5,11.475,13.613,0.0,-16.957
Kargil,34.5584,76.1334,cold,3.0,3.0,2.6,45.0,rammed_earth,0.15,rcc_slab,0.25,eps,0.2,east,0.9,0.6,0.35,2.0,9.554,10.817,0.0,-16.947
Kargil,34.5584,76.1334,cold,3.0,3.0,2.6,135.0,gi_sheet,0.002,aerated_concrete,0.1,eps,0.2,east,0.9,0.9,0.85,1.2,11.506,16.455,0.0,-16.714
Kargil,34.5584,76.1334,cold,3.0,3.0,2.6,180.0,gi_sheet,0.002,brick,0.23,none,0.0,west,1.5,1.5,0.65,5.8,18.795,31.184,0.5179,-21.758
Kargil,34.5584,76.1334,cold,3.0,3.0,2.6,135.0,concrete,0.15,stone,0.3,xps,0.15,south,1.5,1.2,0.65,1.2,11.043,12.824,0.0,-16.959
Kargil,34.5584,76.1334,cold,3.0,3.0,2.6,180.0,puf_sandwich_panel,0.05,brick,0.23,eps,0.1,east,0.6,0.6,0.45,2.0,9.456,11.655,0.0,-16.852
Kargil,34.5584,76.1334,cold,3.0,3.0,2.6,135.0,rammed_earth,0.3,gi_sheet,0.002,eps,0.025,west,1.8,0.6,0.65,1.2,13.567,16.52,0.0,-16.957
Kargil,34.5584,76.1334,cold,3.0,3.0,2.6,0.0,stone,0.45,aerated_concrete,0.1,eps,0.2,north,0.9,0.6,0.75,3.5,9.065,10.027,0.0,-16.985
Kargil,34.5584,76.1334,cold,3.0,3.0,2.6,45.0,rammed_earth,0.3,mud_brick,0.15,eps,0.2,north,1.5,1.2,0.45,5.8,10.882,12.456,0.0,-16.962
Kargil,34.5584,76.1334,cold,3.0,3.0,2.6,135.0,puf_sandwich_panel,0.1,concrete,0.2,sheep_wool,0.15,west,0.9,0.9,0.75,1.2,10.303,12.499,0.0,-16.858
Kargil,34.5584,76.1334,cold,3.0,3.0,2.6,180.0,mud_brick,0.3,stone,0.3,xps,0.15,north,0.9,1.2,0.65,2.0,9.812,11.023,0.0,-16.973
Kargil,34.5584,76.1334,cold,3.0,3.0,2.6,0.0,stone,0.45,brick,0.23,sheep_wool,0.1,west,1.2,1.5,0.35,1.6,10.056,11.473,0.0,-16.986
Kargil,34.5584,76.1334,cold,3.0,3.0,2.6,180.0,concrete,0.2,gi_sheet,0.002,xps,0.1,north,1.8,0.9,0.45,5.8,11.643,13.884,0.0,-16.948
Kargil,34.5584,76.1334,cold,3.0,3.0,2.6,135.0,puf_sandwich_panel,0.075,concrete,0.1,eps,0.15,south,1.2,0.9,0.35,5.8,9.575,12.43,0.0,-16.787
Kargil,34.5584,76.1334,cold,3.0,3.0,2.6,180.0,plywood,0.05,timber,0.1,sheep_wool,0.15,east,0.9,0.6,0.35,3.5,10.104,13.538,0.0,-16.741
Kargil,34.5584,76.1334,cold,3.0,3.0,2.6,45.0,stone,0.3,mud_brick,0.15,xps,0.1,west,1.2,0.9,0.55,1.2,10.154,11.502,0.0,-16.975
Kargil,34.5584,76.1334,cold,3.0,3.0,2.6,90.0,concrete,0.3,timber,0.1,xps,0.1,north,0.9,1.5,0.75,5.8,12.202,14.198,0.0,-16.968
Kargil,34.5584,76.1334,cold,3.0,3.0,2.6,45.0,plywood,0.03,rcc_slab,0.25,sheep_wool,0.1,south,1.8,0.9,0.65,5.8,11.994,15.775,0.0,-16.884
Kargil,34.5584,76.1334,cold,3.0,3.0,2.6,180.0,stone,0.3,timber,0.1,sheep_wool,0.15,south,0.6,0.6,0.45,1.2,9.866,11.071,0.0,-16.974
Kargil,34.5584,76.1334,cold,3.0,3.0,2.6,180.0,timber,0.15,gi_sheet,0.002,xps,0.15,south,0.6,0.9,0.35,2.0,9.324,11.487,0.0,-16.827
Kargil,34.5584,76.1334,cold,3.0,3.0,2.6,90.0,aerated_concrete,0.2,timber,0.1,xps,0.1,south,1.5,1.2,0.85,2.0,11.571,15.596,0.0,-16.854
Kargil,34.5584,76.1334,cold,3.0,3.0,2.6,135.0,plywood,0.012,puf_sandwich_panel,0.075,eps,0.1,east,1.8,1.2,0.85,3.5,13.276,22.237,0.2024,-16.607
Kargil,34.5584,76.1334,cold,3.0,3.0,2.6,45.0,mud_brick,0.3,concrete,0.15,eps,0.1,south,1.8,1.5,0.45,1.2,10.992,12.823,0.0,-16.964
Kargil,34.5584,76.1334,cold,3.0,3.0,2.6,135.0,rammed_earth,0.15,concrete,0.15,eps,0.025,north,0.9,0.9,0.45,3.5,13.868,17.51,0.0,-16.936
Kargil,34.5584,76.1334,cold,3.0,3.0,2.6,90.0,rammed_earth,0.3,rcc_slab,0.1,eps,0.2,south,0.9,0.6,0.75,2.0,9.257,10.27,0.0,-16.963
Kargil,34.5584,76.1334,cold,3.0,3.0,2.6,135.0,mud_brick,0.15,timber,0.15,eps,0.15,north,0.6,0.9,0.45,1.6,10.213,11.911,0.0,-16.926
Kargil,34.5584,76.1334,cold,3.0,3.0,2.6,45.0,brick,0.23,concrete,0.1,eps,0.05,north,1.8,1.5,0.55,1.6,14.117,17.187,0.0,-16.951
Kargil,34.5584,76.1334,cold,3.0,3.0,2.6,180.0,plywood,0.019,brick,0.23,xps,0.05,east,1.5,0.6,0.75,5.8,12.762,17.241,0.0,-16.857
Kargil,34.5584,76.1334,cold,3.0,3.0,2.6,90.0,mud_brick,0.3,rcc_slab,0.25,eps,0.025,north,1.5,0.6,0.45,1.2,12.613,14.902,0.0,-16.97
Kargil,34.5584,76.1334,cold,3.0,3.0,2.6,45.0,timber,0.2,mud_brick,0.15,mineral_wool,0.15,east,1.5,0.9,0.85,5.8,12.198,15.093,0.0,-16.899
Kargil,34.5584,76.1334,cold,3.0,3.0,2.6,90.0,concrete,0.15,aerated_concrete,0.1,none,0.0,east,0.9,1.5,0.35,1.2,17.232,24.272,0.4524,-16.934
Kargil,34.5584,76.1334,cold,3.0,3.0,2.6,45.0,stone,0.3,mud_brick,0.25,sheep_wool,0.05,north,1.8,1.2,0.75,1.6,13.535,16.008,0.0,-16.976
Kargil,34.5584,76.1334,cold,3.0,3.0,2.6,90.0,rammed_earth,0.3,aerated_concrete,0.2,mineral_wool,0.05,north,1.2,0.6,0.55,1.6,11.335,13.16,0.0,-16.96
Kargil,34.5584,76.1334,cold,3.0,3.0,2.6,90.0,plywood,0.012,brick,0.115,sheep_wool,0.1,east,1.8,1.2,0.45,2.0,12.239,17.343,0.0,-16.785
Kargil,34.5584,76.1334,cold,3.0,3.0,2.6,0.0,mud_brick,0.15,stone,0.3,eps,0.05,east,1.2,1.2,0.55,3.5,13.007,15.656,0.0,-16.954
Kargil,34.5584,76.1334,cold,3.0,3.0,2.6,135.0,brick,0.345,concrete,0.15,eps,0.1,south,1.2,0.9,0.85,3.5,10.64,12.135,0.0,-16.971
Kargil,34.5584,76.1334,cold,3.0,3.0,2.6,0.0,brick,0.23,rcc_slab,0.15,mineral_wool,0.1,north,0.6,1.5,0.65,1.6,10.522,12.105,0.0,-16.957
Kargil,34.5584,76.1334,cold,3.0,3.0,2.6,0.0,stone,0.3,gi_sheet,0.002,sheep_wool,0.15,east,1.8,0.9,0.65,1.6,11.913,13.788,0.0,-16.972
Kargil,34.5584,76.1334,cold,3.0,3.0,2.6,135.0,gi_sheet,0.002,puf_sandwich_panel,0.075,sheep_wool,0.1,west,1.5,1.5,0.35,5.8,13.193,19.063,0.0714,-16.645
Kargil,34.5584,76.1334,cold,3.0,3.0,2.6,135.0,timber,0.2,brick,0.115,sheep_wool,0.1,south,1.8,1.5,0.45,1.2,11.225,14.285,0.0,-16.884
Kargil,34.5584,76.1334,cold,3.0,3.0,2.6,180.0,mud_brick,0.45,mud_brick,0.15,xps,0.1,south,0.9,0.9,0.45,1.2,9.454,10.526,0.0,-16.978
Kargil,34.5584,76.1334,cold,3.0,3.0,2.6,0.0,puf_sandwich_panel,0.15,timber,0.15,eps,0.1,east,1.8,0.6,0.35,3.5,10.079,13.232,0.0,-16.708
Kargil,34.5584,76.1334,cold,3.0,3.0,2.6,0.0,stone,0.3,brick,0.115,mineral_wool,0.1,north,1.2,0.9,0.35,2.0,10.203,11.564,0.0,-16.975
Kargil,34.5584,76.1334,cold,3.0,3.0,2.6,135.0,mud_brick,0.45,brick,0.23,none,0.0,south,0.9,1.2,0.85,1.2,14.176,17.123,0.0,-16.979
Kargil,34.5584,76.1334,cold,3.0,3.0,2.6,180.0,gi_sheet,0.002,brick,0.23,mineral_wool,0.15,north,0.9,0.9,0.55,3.5,11.673,14.824,0.0,-16.868
Kargil,34.5584,76.1334,cold,3.0,3.0,2.6,0.0,concrete,0.1,stone,0.15,mineral_wool,0.05,east,1.5,1.5,0.35,3.5,13.703,17.204,0.0,-16.931
Kargil,34.5584,76.1334,cold,3.0,3.0,2.6,135.0,plywood,0.012,rcc_slab,0.15,sheep_wool,0.05,south,1.8,1.2,0.85,1.2,14.352,20.676,0.1548,-16.829
Kargil,34.5584,76.1334,cold,3.0,3.0,2.6,45.0,concrete,0.1,rcc_slab,0.2,mineral_wool,0.15,east,0.9,1.5,0.65,5.8,12.079,14.597,0.0,-16.937
Kargil,34.5584,76.1334,cold,3.0,3.0,2.6,90.0,plywood,0.019,rcc_slab,0.1,eps,0.2,north,0.9,0.6,0.85,2.6,10.963,14.071,0.0,-16.8
Kargil,34.5584,76.1334,cold,3.0,3.0,2.6,135.0,stone,0.3,timber,0.1,xps,0.05,east,1.8,1.5,0.55,3.5,12.476,14.836,0.0,-16.971
Kargil,34.5584,76.1334,cold,3.0,3.0,2.6,45.0,timber,0.2,aerated_concrete,0.1,eps,0.2,north,1.5,1.5,0.45,1.2,11.429,14.063,0.0,-16.859
Kargil,34.5584,76.1334,cold,3.0,3.0,2.6,135.0,brick,0.23,gi_sheet,0.002,eps,0.2,west,0.9,1.5,0.65,5.8,11.492,13.403,0.0,-16.947
Kargil,34.5584,76.1334,cold,3.0,3.0,2.6,90.0,aerated_concrete,0.2,aerated_concrete,0.2,eps,0.05,south,0.9,1.2,0.45,2.6,10.909,13.998,0.0,-16.866
Kargil,34.5584,76.1334,cold,3.0,3.0,2.6,45.0,timber,0.15,brick,0.23,sheep_wool,0.15,north,1.5,0.9,0.75,3.5,11.861,14.416,0.0,-16.901
Kargil,34.5584,76.1334,cold,3.0,3.0,2.6,90.0,puf_sandwich_panel,0.075,aerated_concrete,0.2,xps,0.1,south,1.8,1.5,0.45,1.6,10.778,15.9,0.0,-16.721
Kargil,34.5584,76.1334,cold,3.0,3.0,2.6,0.0,rammed_earth,0.45,timber,0.15,eps,0.025,west,1.8,1.5,0.35,2.0,11.717,13.703,0.0,-16.972
Kargil,34.5584,76.1334,cold,3.0,3.0,2.6,135.0,stone,0.15,aerated_concrete,0.2,xps,0.05,south,0.9,1.5,0.55,2.0,12.228,14.83,0.0,-16.944
Kargil,34.5584,76.1334,cold,3.0,3.0,2.6,0.0,brick,0.23,brick,0.23,eps,0.2,south,1.8,0.9,0.35,5.8,10.119,11.571,0.0,-16.959
Kargil,34.5584,76.1334,cold,3.0,3.0,2.6,135.0,rammed_earth,0.3,brick,0.23,eps,0.025,north,0.9,1.2,0.85,2.0,13.631,16.422,0.0,-16.966
Kargil,34.5584,76.1334,cold,3.0,3.0,2.6,90.0,concrete,0.2,mud_brick,0.25,eps,0.2,south,1.8,0.9,0.35,5.8,10.223,11.7,0.0,-16.961
Kargil,34.5584,76.1334,cold,3.0,3.0,2.6,0.0,gi_sheet,0.002,aerated_concrete,0.2,none,0.0,south,1.8,0.6,0.35,2.6,17.545,30.295,0.4643,-22.689
Kargil,34.5584,76.1334,cold,3.0,3.0,2.6,0.0,plywood,0.03,rcc_slab,0.25,sheep_wool,0.15,north,0.9,0.6,0.65,2.0,10.164,12.444,0.0,-16.885
Kargil,34.5584,76.1334,cold,3.0,3.0,2.6,90.0,mud_brick,0.3,brick,0.23,eps,0.15,east,0.6,1.2,0.55,5.8,9.612,10.756,0.0,-16.968
Kargil,34.5584,76.1334,cold,3.0,3.0,2.6,135.0,stone,0.3,timber,0.1,eps,0.025,north,0.6,1.5,0.85,1.2,13.438,15.995,0.0,-16.973
Kargil,34.5584,76.1334,cold,3.0,3.0,2.6,0.0,timber,0.1,rcc_slab,0.25,sheep_wool,0.05,east,0.6,1.5,0.75,5.8,12.997,16.407,0.0,-16.903
Kargil,34.5584,76.1334,cold,3.0,3.0,2.6,180.0,gi_sheet,0.002,rcc_slab,0.25,sheep_wool,0.05,south,1.8,0.6,0.85,5.8,13.809,18.307,0.0179,-16.883
Kargil,34.5584,76.1334,cold,3.0,3.0,2.6,90.0,rammed_earth,0.45,mud_brick,0.25,mineral_wool,0.1,south,0.6,0.9,0.85,2.6,9.608,10.735,0.0,-16.978
Kargil,34.5584,76.1334,cold,3.0,3.0,2.6,180.0,gi_sheet,0.002,brick,0.115,mineral_wool,0.1,south,0.9,1.2,0.35,3.5,12.16,16.318,0.0,-16.806
Kargil,34.5584,76.1334,cold,3.0,3.0,2.6,90.0,gi_sheet,0.002,aerated_concrete,0.2,sheep_wool,0.1,east,1.2,1.5,0.45,2.0,12.046,17.411,0.0,-16.747
Kargil,34.5584,76.1334,cold,3.0,3.0,2.6,90.0,gi_sheet,0.002,concrete,0.15,eps,0.025,west,0.9,0.9,0.85,2.6,14.495,20.987,0.2202,-16.838
Kargil,34.5584,76.1334,cold,3.0,3.0,2.6,90.0,plywood,0.012,brick,0.115,eps,0.15,south,0.6,0.9,0.75,2.6,10.576,14.228,0.0,-16.789
Kargil,34.5584,76.1334,cold,3.0,3.0,2.6,0.0,timber,0.1,mud_brick,0.15,eps,0.15,south,1.2,0.9,0.85,1.6,10.646,13.515,0.0,-16.864
Kargil,34.5584,76.1334,cold,3.0,3.0,2.6,135.0,plywood,0.03,brick,0.115,eps,0.15,west,1.2,1.2,0.55,1.2,11.977,15.531,0.0,-16.802
Kargil,34.5584,76.1334,cold,3.0,3.0,2.6,45.0,brick,0.23,puf_sandwich_panel,0.075,mineral_wool,0.15,west,1.5,1.5,0.75,2.0,11.101,13.252,0.0,-16.945
Kargil,34.5584,76.1334,cold,3.0,3.0,2.6,90.0,concrete,0.1,stone,0.3,eps,0.15,north,0.9,1.5,0.85,1.6,12.83,15.231,0.0,-16.949
Kargil,34.5584,76.1334,cold,3.0,3.0,2.6,0.0,concrete,0.2,stone,0.3,sheep_wool,0.15,west,0.6,0.6,0.85,1.2,9.868,11.095,0.0,-16.968
Kargil,34.5584,76.1334,cold,3.0,3.0,2.6,135.0,concrete,0.1,puf_sandwich_panel,0.1,none,0.0,east,0.6,1.2,0.65,5.8,17.416,26.011,0.4762,-17.918
Kargil,34.5584,76.1334,cold,3.0,3.0,2.6,135.0,rammed_earth,0.3,mud_brick,0.15,mineral_wool,0.15,north,1.5,0.6,0.85,1.2,10.848,12.362,0.0,-16.964
Kargil,34.5584,76.1334,cold,3.0,3.0,2.6,180.0,mud_brick,0.3,mud_brick,0.25,sheep_wool,0.1,south,1.5,0.9,0.35,1.6,10.204,11.548,0.0,-16.968
Kargil,34.5584,76.1334,cold,3.0,3.0,2.6,90.0,concrete,0.15,rcc_slab,0.1,sheep_wool,0.15,north,1.2,1.5,0.55,1.2,12.585,15.018,0.0,-16.941
Kargil,34.5584,76.1334,cold,3.0,3.0,2.6,0.0,rammed_earth,0.3,concrete,0.15,xps,0.1,south,1.5,1.2,0.85,5.8,11.592,13.667,0.0,-16.963
Kargil,34.5584,76.1334,cold,3.0,3.0,2.6,180.0,brick,0.345,concrete,0.2,mineral_wool,0.05,west,0.6,1.5,0.35,1.2,11.433,13.172,0.0,-16.973
Kargil,34.5584,76.1334,cold,3.0,3.0,2.6,135.0,gi_sheet,0.002,gi_sheet,0.002,mineral_wool,0.15,north,1.2,0.6,0.35,5.8,11.622,16.143,0.0,-16.697
Kargil,34.5584,76.1334,cold,3.0,3.0,2.6,90.0,timber,0.1,stone,0.3,eps,0.025,south,1.5,0.6,0.35,1.2,12.42,15.646,0.0,-16.922
Kargil,34.5584,76.1334,cold,3.0,3.0,2.6,90.0,timber,0.2,brick,0.23,sheep_wool,0.15,north,0.6,1.2,0.55,1.6,10.281,12.094,0.0,-16.912
Kargil,34.5584,76.1334,cold,3.0,3.0,2.6,135.0,plywood,0.05,gi_sheet,0.002,sheep_wool,0.15,east,1.8,1.5,0.45,5.8,12.046,18.56,0.0179,-16.7
Kargil,34.5584,76.1334,cold,3.0,3.0,2.6,90.0,aerated_concrete,0.1,brick,0.23,sheep_wool,0.1,west,1.5,0.6,0.55,2.0,10.671,13.157,0.0,-16.886
Kargil,34.5584,76.1334,cold,3.0,3.0,2.6,90.0,aerated_concrete,0.1,aerated_concrete,0.2,sheep_wool,0.05,west,1.2,1.2,0.55,1.2,11.85,15.939,0.0,-16.814
Kargil,34.5584,76.1334,cold,3.0,3.0,2.6,180.0,brick,0.23,aerated_concrete,0.1,xps,0.1,west,0.6,0.6,0.85,2.6,10.825,12.51,0.0,-16.95
Kargil,34.5584,76.1334,cold,3.0,3.0,2.6,180.0,mud_brick,0.15,brick,0.23,sheep_wool,0.1,south,0.9,0.6,0.55,1.6,10.768,12.594,0.0,-16.944
Kargil,34.5584,76.1334,cold,3.0,3.0,2.6,180.0,plywood,0.05,puf_sandwich_panel,0.1,eps,0.1,east,1.5,0.9,0.55,2.0,10.976,16.012,0.0,-16.69
Kargil,34.5584,76.1334,cold,3.0,3.0,2.6,45.0,mud_brick,0.15,mud_brick,0.25,xps,0.15,north,0.6,1.2,0.45,3.5,10.083,11.56,0.0,-16.945
Kargil,34.5584,76.1334,cold,3.0,3.0,2.6,45.0,puf_sandwich_panel,0.05,mud_brick,0.25,eps,0.025,west,0.6,1.5,0.75,2.6,11.571,15.2,0.0,-16.857
Kargil,34.5584,76.1334,cold,3.0,3.0,2.6,180.0,brick,0.23,mud_brick,0.15,eps,0.1,north,0.6,1.2,0.35,3.5,10.51,12.089,0.0,-16.956
Kargil,34.5584,76.1334,cold,3.0,3.0,2.6,45.0,concrete,0.1,brick,0.23,sheep_wool,0.1,north,0.6,0.9,0.85,1.6,11.678,14.049,0.0,-16.935
Kargil,34.5584,76.1334,cold,3.0,3.0,2.6,135.0,stone,0.15,timber,0.1,none,0.0,south,0.6,1.5,0.85,1.2,17.439,24.367,0.494,-16.943
Kargil,34.5584,76.1334,cold,3.0,3.0,2.6,45.0,stone,0.3,puf_sandwich_panel,0.1,eps,0.05,west,1.2,1.5,0.85,2.6,11.744,13.724,0.0,-16.971
Kargil,34.5584,76.1334,cold,3.0,3.0,2.6,90.0,aerated_concrete,0.1,gi_sheet,0.002,mineral_wool,0.1,south,0.6,0.6,0.45,5.8,10.216,13.518,0.0,-16.785
Kargil,34.5584,76.1334,cold,3.0,3.0,2.6,45.0,plywood,0.05,gi_sheet,0.002,sheep_wool,0.15,south,0.9,1.5,0.75,3.5,11.276,16.951,0.0,-16.703
Kargil,34.5584,76.1334,cold,3.0,3.0,2.6,45.0,rammed_earth,0.45,aerated_concrete,0.2,none,0.0,north,0.9,1.5,0.85,3.5,14.196,17.058,0.0,-16.974
Kargil,34.5584,76.1334,cold,3.0,3.0,2.6,180.0,gi_sheet,0.002,aerated_concrete,0.1,eps,0.025,north,1.8,1.5,0.45,1.6,15.16,24.463,0.3571,-16.697
Kargil,34.5584,76.1334,cold,3.0,3.0,2.6,180.0,concrete,0.1,gi_sheet,0.002,xps,0.1,south,0.6,0.9,0.75,3.5,11.572,14.174,0.0,-16.905
Kargil,34.5584,76.1334,cold,3.0,3.0,2.6,0.0,stone,0.15,concrete,0.15,eps,0.15,north,0.9,0.9,0.35,3.5,10.153,11.684,0.0,-16.953
Kargil,34.5584,76.1334,cold,3.0,3.0,2.6,0.0,plywood,0.012,concrete,0.2,sheep_wool,0.05,west,1.2,1.2,0.35,2.0,12.77,17.478,0.0,-16.858
Kargil,34.5584,76.1334,cold,3.0,3.0,2.6,0.0,brick,0.23,rcc_slab,0.25,xps,0.1,north,1.2,0.9,0.55,1.6,10.326,11.753,0.0,-16.962
Kargil,34.5584,76.1334,cold,3.0,3.0,2.6,135.0,concrete,0.15,stone,0.3,xps,0.05,east,0.6,0.6,0.35,3.5,11.749,13.838,0.0,-16.96
Kargil,34.5584,76.1334,cold,3.0,3.0,2.6,180.0,concrete,0.15,timber,0.15,mineral_wool,0.05,north,0.6,1.5,0.65,2.6,12.509,15.337,0.0,-16.937
Kargil,34.5584,76.1334,cold,3.0,3.0,2.6,135.0,timber,0.2,timber,0.15,mineral_wool,0.15,north,1.5,1.2,0.55,1.2,11.653,14.493,0.0,-16.871
Kargil,34.5584,76.1334,cold,3.0,3.0,2.6,90.0,mud_brick,0.15,rcc_slab,0.15,eps,0.025,east,1.2,0.6,0.55,5.8,13.396,16.876,0.0,-16.939
Kargil,34.5584,76.1334,cold,3.0,3.0,2.6,45.0,mud_brick,0.15,gi_sheet,0.002,eps,0.2,south,1.5,0.9,0.85,2.6,10.808,13.291,0.0,-16.92
Kargil,34.5584,76.1334,cold,3.0,3.0,2.6,180.0,timber,0.1,timber,0.15,mineral_wool,0.1,east,1.8,1.2,0.35,2.6,10.995,14.783,0.0,-16.816
Kargil,34.5584,76.1334,cold,3.0,3.0,2.6,90.0,brick,0.345,mud_brick,0.15,sheep_wool,0.15,north,1.5,0.6,0.45,3.5,10.211,11.512,0.0,-16.97
Kargil,34.5584,76.1334,cold,3.0,3.0,2.6,45.0,rammed_earth,0.15,puf_sandwich_panel,0.1,sheep_wool,0.05,north,1.5,0.6,0.85,2.6,12.535,15.478,0.0,-16.915
Kargil,34.5584,76.1334,cold,3.0,3.0,2.6,45.0,concrete,0.3,timber,0.15,eps,0.15,east,1.8,0.9,0.35,1.6,10.431,11.834,0.0,-16.968
Kargil,34.5584,76.1334,cold,3.0,3.0,2.6,90.0,stone,0.15,aerated_concrete,0.2,none,0.0,south,0.6,0.6,0.85,1.2,16.833,23.193,0.4226,-16.946
Kargil,34.5584,76.1334,cold,3.0,3.0,2.6,135.0,stone,0.45,puf_sandwich_panel,0.1,xps,0.15,south,1.5,1.2,0.75,2.6,10.124,11.587,0.0,-16.983
Kargil,34.5584,76.1334,cold,3.0,3.0,2.6,45.0,brick,0.23,rcc_slab,0.2,sheep_wool,0.1,east,0.9,1.2,0.75,2.6,11.784,13.799,0.0,-16.96
Kargil,34.5584,76.1334,cold,3.0,3.0,2.6,90.0,aerated_concrete,0.2,stone,0.15,xps,0.15,east,0.6,1.5,0.85,5.8,10.269,12.425,0.0,-16.906
Kargil,34.5584,76.1334,cold,3.0,3.0,2.6,0.0,plywood,0.012,stone,0.3,eps,0.2,west,0.6,1.2,0.65,5.8,10.257,12.542,0.0,-16.908
Kargil,34.5584,76.1334,cold,3.0,3.0,2.6,90.0,aerated_concrete,0.1,gi_sheet,0.002,eps,0.05,west,1.2,1.2,0.85,3.5,12.729,18.144,0.006,-16.77
Kargil,34.5584,76.1334,cold,3.0,3.0,2.6,180.0,gi_sheet,0.002,gi_sheet,0.002,sheep_wool,0.05,east,0.6,0.9,0.85,5.8,13.65,21.345,0.2202,-16.659
Kargil,34.5584,76.1334,cold,3.0,3.0,2.6,90.0,concrete,0.3,stone,0.15,eps,0.15,north,0.9,1.5,0.45,1.2,10.661,12.135,0.0,-16.972
Kargil,34.5584,76.1334,cold,3.0,3.0,2.6,135.0,brick,0.115,aerated_concrete,0.2,mineral_wool,0.15,west,0.6,0.6,0.85,2.6,10.762,12.763,0.0,-16.915
Kargil,34.5584,76.1334,cold,3.0,3.0,2.6,90.0,plywood,0.03,stone,0.15,mineral_wool,0.15,north,0.9,0.6,0.75,2.0,10.845,13.418,0.0,-16.86
Kargil,34.5584,76.1334,cold,3.0,3.0,2.6,135.0,stone,0.15,concrete,0.15,sheep_wool,0.15,east,0.9,0.6,0.35,3.5,10.528,12.128,0.0,-16.953
Kargil,34.5584,76.1334,cold,3.0,3.0,2.6,0.0,brick,0.23,brick,0.115,xps,0.15,west,0.6,0.9,0.35,2.0,9.495,10.715,0.0,-16.954
Kargil,34.5584,76.1334,cold,3.0,3.0,2.6,0.0,rammed_earth,0.15,mud_brick,0.15,eps,0.025,west,1.8,0.9,0.75,5.8,13.973,18.2,0.0119,-16.932
Kargil,34.5584,76.1334,cold,3.0,3.0,2.6,180.0,aerated_concrete,0.1,puf_sandwich_panel,0.1,mineral_wool,0.1,east,0.6,0.9,0.85,5.8,10.419,13.97,0.0,-16.779
Kargil,34.5584,76.1334,cold,3.0,3.0,2.6,135.0,puf_sandwich_panel,0.075,brick,0.115,sheep_wool,0.15,east,0.9,1.2,0.35,2.6,9.538,12.471,0.0,-16.782
Kargil,34.5584,76.1334,cold,3.0,3.0,2.6,90.0,gi_sheet,0.002,aerated_concrete,0.1,mineral_wool,0.05,north,0.6,1.2,0.65,3.5,13.278,19.543,0.0714,-16.71
Kargil,34.5584,76.1334,cold,3.0,3.0,2.6,45.0,puf_sandwich_panel,0.15,brick,0.23,mineral_wool,0.05,north,1.2,0.6,0.45,3.5,10.404,12.928,0.0,-16.856
Kargil,34.5584,76.1334,cold,3.0,3.0,2.6,135.0,plywood,0.03,concrete,0.15,none,0.0,east,1.8,1.5,0.85,3.5,19.078,32.541,0.5,-18.054
Kargil,34.5584,76.1334,cold,3.0,3.0,2.6,180.0,gi_sheet,0.002,concrete,0.2,eps,0.15,north,1.8,1.2,0.35,5.8,12.304,16.056,0.0,-16.866
Kargil,34.5584,76.1334,cold,3.0,3.0,2.6,0.0,gi_sheet,0.002,puf_sandwich_panel,0.15,eps,0.2,west,0.6,0.9,0.85,3.5,10.528,15.788,0.0,-16.665
Kargil,34.5584,76.1334,cold,3.0,3.0,2.6,90.0,stone,0.15,aerated_concrete,0.1,sheep_wool,0.1,north,1.2,1.2,0.45,2.0,12.103,14.454,0.0,-16.942
Kargil,34.5584,76.1334,cold,3.0,3.0,2.6,180.0,mud_brick,0.15,timber,0.1,sheep_wool,0.1,west,0.9,0.6,0.55,2.6,11.262,13.454,0.0,-16.924
Kargil,34.5584,76.1334,cold,3.0,3.0,2.6,90.0,brick,0.23,timber,0.1,mineral_wool,0.1,north,1.2,1.2,0.75,1.2,12.704,15.075,0.0,-16.948
Kargil,34.5584,76.1334,cold,3.0,3.0,2.6,180.0,timber,0.2,concrete,0.2,xps,0.05,west,0.9,0.6,0.35,1.6,10.873,13.124,0.0,-16.913
Kargil,34.5584,76.1334,cold,3.0,3.0,2.6,0.0,gi_sheet,0.002,gi_sheet,0.002,xps,0.05,west,1.5,0.6,0.85,2.0,13.003,21.167,0.131,-16.66
Kargil,34.5584,76.1334,cold,3.0,3.0,2.6,180.0,brick,0.23,puf_sandwich_panel,0.05,eps,0.15,north,0.9,1.5,0.65,3.5,10.803,12.665,0.0,-16.946
Kargil,34.5584,76.1334,cold,3.0,3.0,2.6,180.0,rammed_earth,0.15,mud_brick,0.25,eps,0.025,west,0.6,0.9,0.35,5.8,13.156,16.286,0.0,-16.943
Kargil,34.5584,76.1334,cold,3.0,3.0,2.6,135.0,concrete,0.2,puf_sandwich_panel,0.15,eps,0.025,east,0.9,1.5,0.65,5.8,13.212,16.39,0.0,-16.948
Kargil,34.5584,76.1334,cold,3.0,3.0,2.6,0.0,gi_sheet,0.002,puf_sandwich_panel,0.1,none,0.0,north,0.9,0.6,0.45,2.6,17.295,29.997,0.4583,-23.045
Kargil,34.5584,76.1334,cold,3.0,3.0,2.6,0.0,brick,0.345,timber,0.15,sheep_wool,0.1,west,1.2,1.5,0.75,2.6,11.147,13.027,0.0,-16.966
Kargil,34.5584,76.1334,cold,3.0,3.0,2.6,0.0,stone,0.45,mud_brick,0.25,none,0.0,south,1.2,1.2,0.55,2.0,15.295,18.695,0.1429,-16.986
Kargil,34.5584,76.1334,cold,3.0,3.0,2.6,90.0,mud_brick,0.3,timber,0.1,eps,0.025,west,0.6,1.2,0.85,3.5,12.03,14.268,0.0,-16.961
Kargil,34.5584,76.1334,cold,3.0,3.0,2.6,45.0,puf_sandwich_panel,0.1,gi_sheet,0.002,eps,0.2,north,0.6,0.9,0.45,5.8,9.203,12.215,0.0,-16.629
Kargil,34.5584,76.1334,cold,3.0,3.0,2.6,180.0,concrete,0.1,mud_brick,0.25,mineral_wool,0.05,north,1.2,1.5,0.85,1.6,13.91,17.543,0.0,-16.935
Kargil,34.5584,76.1334,cold,3.0,3.0,2.6,0.0,gi_sheet,0.002,mud_brick,0.15,eps,0.2,east,1.5,1.2,0.45,2.0,12.475,16.461,0.0,-16.825
Kargil,34.5584,76.1334,cold,3.0,3.0,2.6,0.0,timber,0.1,timber,0.1,xps,0.15,north,0.9,1.2,0.55,5.8,10.193,13.188,0.0,-16.805
Kargil,34.5584,76.1334,cold,3.0,3.0,2.6,0.0,mud_brick,0.45,concrete,0.15,eps,0.025,east,0.9,1.5,0.55,3.5,12.753,14.991,0.0,-16.978
Kargil,34.5584,76.1334,cold,3.0,3.0,2.6,135.0,puf_sandwich_panel,0.15,gi_sheet,0.002,eps,0.1,east,1.5,0.9,0.85,2.6,10.757,16.835,0.0,-16.623
Kargil,34.5584,76.1334,cold,3.0,3.0,2.6,0.0,aerated_concrete,0.2,gi_sheet,0.002,sheep_wool,0.05,east,0.9,1.5,0.45,1.2,12.622,16.57,0.0,-16.842
Kargil,34.5584,76.1334,cold,3.0,3.0,2.6,90.0,gi_sheet,0.002,gi_sheet,0.002,none,0.0,east,0.9,0.9,0.35,5.8,18.961,35.094,0.3929,-24.151
Kargil,34.5584,76.1334,cold,3.0,3.0,2.6,90.0,rammed_earth,0.3,mud_brick,0.25,sheep_wool,0.05,south,1.2,0.9,0.35,3.5,11.166,12.969,0.0,-16.966
Kargil,34.5584,76.1334,cold,3.0,3.0,2.6,90.0,brick,0.345,puf_sandwich_panel,0.075,sheep_wool,0.05,west,1.8,1.5,0.65,1.2,11.922,13.948,0.0,-16.963
Kargil,34.5584,76.1334,cold,3.0,3.0,2.6,45.0,mud_brick,0.3,puf_sandwich_panel,0.075,xps,0.15,west,1.5,1.5,0.55,5.8,10.595,12.312,0.0,-16.957
Kargil,34.5584,76.1334,cold,3.0,3.0,2.6,90.0,puf_sandwich_panel,0.05,rcc_slab,0.1,eps,0.025,west,1.2,1.5,0.35,1.2,12.254,17.307,0.0,-16.779
Kargil,34.5584,76.1334,cold,3.0,3.0,2.6,0.0,brick,0.115,stone,0.15,xps,0.05,east,0.6,0.6,0.45,5.8,11.991,14.719,0.0,-16.931
Kargil,34.5584,76.1334,cold,3.0,3.0,2.6,90.0,mud_brick,0.3,aerated_concrete,0.1,mineral_wool,0.1,west,1.8,0.6,0.65,1.2,10.199,11.576,0.0,-16.961
Kargil,34.5584,76.1334,cold,3.0,3.0,2.6,0.0,rammed_earth,0.15,mud_brick,0.25,mineral_wool,0.15,west,0.9,1.5,0.55,2.0,10.407,12.292,0.0,-16.943
Kargil,34.5584,76.1334,cold,3.0,3.0,2.6,135.0,rammed_earth,0.15,aerated_concrete,0.2,sheep_wool,0.1,south,0.9,0.9,0.85,3.5,11.166,13.53,0.0,-16.924
Kargil,34.5584,76.1334,cold,3.0,3.0,2.6,90.0,puf_sandwich_panel,0.05,concrete,0.2,mineral_wool,0.1,south,1.8,0.9,0.85,5.8,11.487,15.402,0.0,-16.86
Kargil,34.5584,76.1334,cold,3.0,3.0,2.6,135.0,rammed_earth,0.45,stone,0.3,mineral_wool,0.05,north,1.5,1.5,0.85,5.8,13.505,16.175,0.0,-16.98
Kargil,34.5584,76.1334,cold,3.0,3.0,2.6,45.0,brick,0.115,concrete,0.15,eps,0.1,east,1.5,1.5,0.65,1.6,13.715,17.061,0.0,-16.925
Kargil,34.5584,76.1334,cold,3.0,3.0,2.6,90.0,rammed_earth,0.3,concrete,0.1,mineral_wool,0.1,east,0.6,0.6,0.65,5.8,9.949,11.235,0.0,-16.963
Kargil,34.5584,76.1334,cold,3.0,3.0,2.6,180.0,stone,0.3,gi_sheet,0.002,sheep_wool,0.05,east,1.5,1.2,0.65,1.6,12.591,14.958,0.0,-16.971
Kargil,34.5584,76.1334,cold,3.0,3.0,2.6,90.0,aerated_concrete,0.1,concrete,0.2,eps,0.15,south,0.6,1.5,0.65,1.6,10.093,12.42,0.0,-16.89
Kargil,34.5584,76.1334,cold,3.0,3.0,2.6,0.0,concrete,0.2,aerated_concrete,0.1,xps,0.15,north,0.9,0.6,0.65,2.0,9.875,11.275,0.0,-16.951
Kargil,34.5584,76.1334,cold,3.0,3.0,2.6,90.0,stone,0.45,aerated_concrete,0.1,sheep_wool,0.15,east,0.9,0.6,0.45,1.6,9.221,10.27,0.0,-16.985
Kargil,34.5584,76.1334,cold,3.0,3.0,2.6,180.0,brick,0.345,gi_sheet,0.002,mineral_wool,0.05,south,0.9,1.5,0.45,2.6,11.514,13.399,0.0,-16.965
Kargil,34.5584,76.1334,cold,3.0,3.0,2.6,135.0,gi_sheet,0.002,brick,0.23,xps,0.05,east,0.9,0.6,0.85,3.5,12.965,17.399,0.0,-16.861
Kargil,34.5584,76.1334,cold,3.0,3.0,2.6,135.0,stone,0.45,stone,0.3,sheep_wool,0.15,south,0.6,0.6,0.35,5.8,9.25,10.334,0.0,-16.988
Kargil,34.5584,76.1334,cold,3.0,3.0,2.6,180.0,aerated_concrete,0.1,timber,0.15,mineral_wool,0.1,south,0.6,1.5,0.45,2.0,10.477,13.445,0.0,-16.815
Kargil,34.5584,76.1334,cold,3.0,3.0,2.6,135.0,timber,0.2,aerated_concrete,0.2,xps,0.05,west,1.5,1.2,0.85,5.8,13.795,17.704,0.0,-16.869
Kargil,34.5584,76.1334,cold,3.0,3.0,2.6,135.0,aerated_concrete,0.3,stone,0.3,mineral_wool,0.15,west,1.5,1.2,0.85,1.2,12.439,14.65,0.0,-16.944
Kargil,34.5584,76.1334,cold,3.0,3.0,2.6,0.0,brick,0.115,puf_sandwich_panel,0.15,sheep_wool,0.05,south,0.9,0.9,0.35,2.0,11.61,14.635,0.0,-16.899
Kargil,34.5584,76.1334,cold,3.0,3.0,2.6,90.0,stone,0.15,mud_brick,0.25,xps,0.15,west,0.6,0.6,0.35,3.5,9.72,10.986,0.0,-16.957
Kargil,34.5584,76.1334,cold,3.0,3.0,2.6,45.0,stone,0.15,aerated_concrete,0.2,mineral_wool,0.05,south,0.6,1.5,0.55,1.6,11.882,14.432,0.0,-16.946
Kargil,34.5584,76.1334,cold,3.0,3.0,2.6,135.0,brick,0.23,aerated_concrete,0.1,eps,0.15,south,0.6,1.5,0.75,5.8,10.453,12.133,0.0,-16.949
Kargil,34.5584,76.1334,cold,3.0,3.0,2.6,90.0,stone,0.3,gi_sheet,0.002,mineral_wool,0.15,north,1.5,0.9,0.75,2.6,11.71,13.552,0.0,-16.972
Kargil,34.5584,76.1334,cold,3.0,3.0,2.6,180.0,gi_sheet,0.002,rcc_slab,0.2,xps,0.05,south,0.9,0.9,0.55,1.6,13.042,17.228,0.0,-16.865
Kargil,34.5584,76.1334,cold,3.0,3.0,2.6,180.0,puf_sandwich_panel,0.075,stone,0.3,eps,0.15,south,1.8,1.5,0.75,1.6,11.363,13.819,0.0,-16.906
Kargil,34.5584,76.1334,cold,3.0,3.0,2.6,135.0,concrete,0.3,concrete,0.2,eps,0.1,east,1.2,0.6,0.75,1.2,10.542,11.986,0.0,-16.974
Kargil,34.5584,76.1334,cold,3.0,3.0,2.6,0.0,stone,0.45,rcc_slab,0.2,eps,0.15,south,1.2,0.6,0.45,2.0,9.221,10.28,0.0,-16.987
Kargil,34.5584,76.1334,cold,3.0,3.0,2.6,180.0,brick,0.115,aerated_concrete,0.1,mineral_wool,0.1,north,1.2,1.2,0.75,1.6,12.26,15.391,0.0,-16.906
Kargil,34.5584,76.1334,cold,3.0,3.0,2.6,180.0,stone,0.3,gi_sheet,0.002,sheep_wool,0.1,west,0.6,0.9,0.85,5.8,11.387,13.106,0.0,-16.973
Kargil,34.5584,76.1334,cold,3.0,3.0,2.6,180.0,puf_sandwich_panel,0.15,stone,0.15,xps,0.05,west,1.8,1.5,0.45,5.8,13.578,17.801,0.0,-16.843
Kargil,34.5584,76.1334,cold,3.0,3.0,2.6,180.0,brick,0.23,mud_brick,0.15,mineral_wool,0.15,east,1.8,0.6,0.35,1.6,10.063,11.461,0.0,-16.956
Kargil,34.5584,76.1334,cold,3.0,3.0,2.6,90.0,rammed_earth,0.15,concrete,0.1,eps,0.2,north,1.5,0.6,0.75,2.6,11.214,13.188,0.0,-16.931
Kargil,34.5584,76.1334,cold,3.0,3.0,2.6,45.0,puf_sandwich_panel,0.1,aerated_concrete,0.2,sheep_wool,0.1,south,0.6,0.6,0.75,1.2,9.186,12.258,0.0,-16.721
Kargil,34.5584,76.1334,cold,3.0,3.0,2.6,135.0,mud_brick,0.3,timber,0.1,mineral_wool,0.15,south,1.8,0.6,0.45,1.2,9.612,10.755,0.0,-16.961
Kargil,34.5584,76.1334,cold,3.0,3.0,2.6,135.0,stone,0.45,puf_sandwich_panel,0.05,eps,0.025,west,1.5,0.6,0.55,1.6,11.835,13.898,0.0,-16.984
Kargil,34.5584,76.1334,cold,3.0,3.0,2.6,90.0,brick,0.23,gi_sheet,0.002,mineral_wool,0.05,west,0.9,0.6,0.35,2.6,11.446,13.628,0.0,-16.948
Kargil,34.5584,76.1334,cold,3.0,3.0,2.6,90.0,mud_brick,0.45,gi_sheet,0.002,eps,0.2,south,0.9,1.5,0.85,5.8,10.013,11.267,0.0,-16.975
Kargil,34.5584,76.1334,cold,3.0,3.0,2.6,45.0,concrete,0.3,stone,0.15,sheep_wool,0.15,north,0.9,1.5,0.65,1.2,11.019,12.61,0.0,-16.972
Kargil,34.5584,76.1334,cold,3.0,3.0,2.6,135.0,concrete,0.2,rcc_slab,0.15,xps,0.1,east,1.8,0.6,0.65,3.5,11.212,13.135,0.0,-16.958
Kargil,34.5584,76.1334,cold,3.0,3.0,2.6,45.0,plywood,0.03,rcc_slab,0.15,eps,0.05,east,0.6,0.9,0.45,2.0,12.281,16.473,0.0,-16.839
Kargil,34.5584,76.1334,cold,3.0,3.0,2.6,135.0,concrete,0.1,timber,0.1,xps,0.1,south,1.8,0.6,0.75,1.2,11.7,14.494,0.0,-16.908
Kargil,34.5584,76.1334,cold,3.0,3.0,2.6,45.0,aerated_concrete,0.3,aerated_concrete,0.1,mineral_wool,0.05,south,1.8,1.5,0.65,1.2,12.494,16.625,0.0,-16.885
Kargil,34.5584,76.1334,cold,3.0,3.0,2.6,90.0,plywood,0.05,concrete,0.15,eps,0.025,south,1.2,1.2,0.35,1.2,13.45,18.842,0.0417,-16.847
Kargil,34.5584,76.1334,cold,3.0,3.0,2.6,135.0,stone,0.45,mud_brick,0.15,mineral_wool,0.05,west,1.8,0.6,0.45,1.2,11.218,13.137,0.0,-16.986
Kargil,34.5584,76.1334,cold,3.0,3.0,2.6,180.0,rammed_earth,0.15,stone,0.3,eps,0.2,north,1.5,1.5,0.85,3.5,12.063,14.464,0.0,-16.953
Kargil,34.5584,76.1334,cold,3.0,3.0,2.6,0.0,concrete,0.1,timber,0.1,eps,0.025,east,1.8,1.5,0.75,3.5,17.182,23.001,0.4643,-16.903
Kargil,34.5584,76.1334,cold,3.0,3.0,2.6,135.0,stone,0.15,mud_brick,0.15,xps,0.05,east,1.2,1.2,0.65,2.6,12.748,15.611,0.0,-16.95
Kargil,34.5584,76.1334,cold,3.0,3.0,2.6,0.0,timber,0.15,gi_sheet,0.002,eps,0.05,north,1.8,1.2,0.65,2.6,12.526,17.108,0.0,-16.816
Kargil,34.5584,76.1334,cold,3.0,3.0,2.6,180.0,rammed_earth,0.15,timber,0.15,xps,0.1,west,1.2,1.2,0.45,1.2,12.012,14.456,0.0,-16.921
Kargil,34.5584,76.1334,cold,3.0,3.0,2.6,90.0,concrete,0.1,puf_sandwich_panel,0.075,xps,0.1,south,0.9,0.9,0.65,3.5,10.887,13.474,0.0,-16.903
Kargil,34.5584,76.1334,cold,3.0,3.0,2.6,90.0,stone,0.15,puf_sandwich_panel,0.05,eps,0.1,west,0.6,0.6,0.35,3.5,10.239,11.889,0.0,-16.942
Kargil,34.5584,76.1334,cold,3.0,3.0,2.6,180.0,mud_brick,0.3,timber,0.15,mineral_wool,0.15,north,1.2,1.5,0.35,1.6,9.979,11.276,0.0,-16.961
Kargil,34.5584,76.1334,cold,3.0,3.0,2.6,180.0,aerated_concrete,0.2,aerated_concrete,0.2,xps,0.05,south,1.8,1.5,0.75,1.2,12.664,16.426,0.0,-16.862
Kargil,34.5584,76.1334,cold,3.0,3.0,2.6,45.0,plywood,0.012,mud_brick,0.25,mineral_wool,0.1,east,1.8,0.9,0.35,5.8,12.04,15.59,0.0,-16.866
Kargil,34.5584,76.1334,cold,3.0,3.0,2.6,90.0,stone,0.15,puf_sandwich_panel,0.1,sheep_wool,0.1,north,0.9,0.9,0.75,5.8,11.799,14.02,0.0,-16.941
Kargil,34.5584,76.1334,cold,3.0,3.0,2.6,135.0,mud_brick,0.15,timber,0.1,sheep_wool,0.15,west,1.2,0.6,0.45,2.0,10.571,12.423,0.0,-16.924
Kargil,34.5584,76.1334,cold,3.0,3.0,2.6,135.0,timber,0.2,brick,0.115,mineral_wool,0.15,south,1.2,1.2,0.45,2.0,9.952,12.101,0.0,-16.891
Kargil,34.5584,76.1334,cold,3.0,3.0,2.6,90.0,timber,0.15,concrete,0.15,none,0.0,south,1.5,1.2,0.55,1.2,17.032,25.113,0.4405,-16.887
Kargil,34.5584,76.1334,cold,3.0,3.0,2.6,90.0,rammed_earth,0.3,puf_sandwich_panel,0.15,eps,0.05,north,0.9,0.9,0.35,2.6,10.703,12.3,0.0,-16.957
Kargil,34.5584,76.1334,cold,3.0,3.0,2.6,135.0,stone,0.45,brick,0.23,sheep_wool,0.15,south,1.2,1.2,0.85,2.0,10.173,11.71,0.0,-16.986
Kargil,34.5584,76.1334,cold,3.0,3.0,2.6,0.0,concrete,0.15,brick,0.23,eps,0.05,east,1.5,1.2,0.85,5.8,15.044,18.651,0.0357,-16.949
Kargil,34.5584,76.1334,cold,3.0,3.0,2.6,135.0,gi_sheet,0.002,mud_brick,0.25,xps,0.1,east,0.9,1.5,0.85,2.6,12.618,16.778,0.0,-16.868
Kargil,34.5584,76.1334,cold,3.0,3.0,2.6,180.0,rammed_earth,0.3,brick,0.115,xps,0.1,east,1.8,1.5,0.35,1.6,10.889,12.698,0.0,-16.959
Kargil,34.5584,76.1334,cold,3.0,3.0,2.6,180.0,plywood,0.019,aerated_concrete,0.2,eps,0.1,west,1.5,0.9,0.75,2.0,13.798,19.122,0.0893,-16.737
Kargil,34.5584,76.1334,cold,3.0,3.0,2.6,180.0,puf_sandwich_panel,0.15,mud_brick,0.25,eps,0.1,east,1.5,0.6,0.75,5.8,9.93,12.544,0.0,-16.862
Kargil,34.5584,76.1334,cold,3.0,3.0,2.6,135.0,gi_sheet,0.002,timber,0.15,eps,0.15,west,0.9,0.6,0.35,1.6,11.254,15.099,0.0,-16.737
Kargil,34.5584,76.1334,cold,3.0,3.0,2.6,180.0,gi_sheet,0.002,brick,0.23,eps,0.05,east,1.2,1.2,0.85,1.2,14.014,19.443,0.0655,-16.861
Kargil,34.5584,76.1334,cold,3.0,3.0,2.6,135.0,plywood,0.012,puf_sandwich_panel,0.075,xps,0.15,west,1.5,1.2,0.75,2.6,13.606,19.292,0.1548,-16.621
Kargil,34.5584,76.1334,cold,3.0,3.0,2.6,45.0,mud_brick,0.15,concrete,0.15,eps,0.2,north,1.2,0.9,0.85,5.8,11.436,13.453,0.0,-16.939
Kargil,34.5584,76.1334,cold,3.0,3.0,2.6,0.0,brick,0.115,aerated_concrete,0.2,eps,0.1,south,0.9,0.9,0.85,5.8,11.328,14.08,0.0,-16.911
Kargil,34.5584,76.1334,cold,3.0,3.0,2.6,45.0,gi_sheet,0.002,rcc_slab,0.1,sheep_wool,0.15,east,1.2,1.2,0.65,1.6,12.737,17.354,0.0,-16.804
Kargil,34.5584,76.1334,cold,3.0,3.0,2.6,90.0,plywood,0.05,puf_sandwich_panel,0.05,mineral_wool,0.15,east,1.2,0.9,0.75,2.6,10.63,14.931,0.0,-16.717
Kargil,34.5584,76.1334,cold,3.0,3.0,2.6,45.0,timber,0.15,puf_sandwich_panel,0.075,xps,0.15,east,1.2,1.5,0.45,1.6,11.107,14.181,0.0,-16.818
Kargil,34.5584,76.1334,cold,3.0,3.0,2.6,180.0,concrete,0.3,timber,0.15,eps,0.05,north,0.6,1.5,0.35,3.5,11.381,13.161,0.0,-16.969
Kargil,34.5584,76.1334,cold,3.0,3.0,2.6,90.0,aerated_concrete,0.2,timber,0.15,sheep_wool,0.05,south,1.5,0.9,0.45,2.6,11.217,14.624,0.0,-16.86
Kargil,34.5584,76.1334,cold,3.0,3.0,2.6,45.0,mud_brick,0.3,puf_sandwich_panel,0.15,eps,0.025,south,0.6,1.5,0.45,3.5,11.255,13.198,0.0,-16.959
Kargil,34.5584,76.1334,cold,3.0,3.0,2.6,90.0,timber,0.2,aerated_concrete,0.1,xps,0.05,south,0.9,0.9,0.65,2.6,10.868,14.016,0.0,-16.86
Kargil,34.5584,76.1334,cold,3.0,3.0,2.6,135.0,mud_brick,0.3,timber,0.15,xps,0.15,south,1.5,1.2,0.45,2.6,10.006,11.344,0.0,-16.96
Kargil,34.5584,76.1334,cold,3.0,3.0,2.6,135.0,mud_brick,0.3,puf_sandwich_panel,0.1,mineral_wool,0.1,south,1.2,0.9,0.75,1.2,10.129,11.522,0.0,-16.959
Kargil,34.5584,76.1334,cold,3.0,3.0,2.6,0.0,aerated_concrete,0.2,timber,0.1,xps,0.15,south,1.5,1.5,0.35,2.6,10.376,13.177,0.0,-16.854
Kargil,34.5584,76.1334,cold,3.0,3.0,2.6,0.0,timber,0.1,gi_sheet,0.002,xps,0.05,west,1.8,1.2,0.45,5.8,12.4,18.365,0.0179,-16.774
Kargil,34.5584,76.1334,cold,3.0,3.0,2.6,180.0,timber,0.15,brick,0.115,xps,0.15,east,1.5,0.9,0.75,2.6,10.663,13.647,0.0,-16.872
Kargil,34.5584,76.1334,cold,3.0,3.0,2.6,45.0,puf_sandwich_panel,0.15,rcc_slab,0.25,eps,0.025,north,1.5,1.5,0.45,2.6,13.047,16.713,0.0,-16.878
Kargil,34.5584,76.1334,cold,3.0,3.0,2.6,135.0,mud_brick,0.15,brick,0.23,eps,0.1,west,1.5,1.5,0.85,1.2,14.367,17.443,0.0,-16.941
Kargil,34.5584,76.1334,cold,3.0,3.0,2.6,0.0,puf_sandwich_panel,0.075,timber,0.1,sheep_wool,0.05,north,1.8,0.6,0.65,2.6,10.701,15.225,0.0,-16.663
Kargil,34.5584,76.1334,cold,3.0,3.0,2.6,135.0,mud_brick,0.45,mud_brick,0.15,eps,0.15,west,1.5,0.6,0.85,1.6,10.229,11.607,0.0,-16.978
Kargil,34.5584,76.1334,cold,3.0,3.0,2.6,45.0,rammed_earth,0.3,gi_sheet,0.002,eps,0.025,west,0.6,0.9,0.85,5.8,12.744,15.509,0.0,-16.957
Kargil,34.5584,76.1334,cold,3.0,3.0,2.6,0.0,concrete,0.3,gi_sheet,0.002,mineral_wool,0.05,east,1.5,0.6,0.35,5.8,11.84,13.864,0.0,-16.967
Kargil,34.5584,76.1334,cold,3.0,3.0,2.6,135.0,rammed_earth,0.45,stone,0.3,eps,0.1,west,1.2,0.6,0.55,1.6,9.893,11.16,0.0,-16.981
Kargil,34.5584,76.1334,cold,3.0,3.0,2.6,180.0,aerated_concrete,0.2,timber,0.15,mineral_wool,0.05,east,0.6,0.6,0.35,1.2,10.434,13.073,0.0,-16.865
Kargil,34.5584,76.1334,cold,3.0,3.0,2.6,180.0,rammed_earth,0.45,rcc_slab,0.1,xps,0.15,east,0.6,1.2,0.65,1.2,9.324,10.305,0.0,-16.976
Kargil,34.5584,76.1334,cold,3.0,3.0,2.6,0.0,brick,0.345,gi_sheet,0.002,mineral_wool,0.15,west,1.2,0.6,0.65,1.2,9.559,10.664,0.0,-16.967
Kargil,34.5584,76.1334,cold,3.0,3.0,2.6,135.0,brick,0.23,gi_sheet,0.002,eps,0.15,north,1.2,0.6,0.75,2.6,10.852,12.574,0.0,-16.947
Kargil,34.5584,76.1334,cold,3.0,3.0,2.6,0.0,concrete,0.1,timber,0.15,eps,0.05,north,1.5,1.5,0.65,2.6,13.174,16.955,0.0,-16.908
Kargil,34.5584,76.1334,cold,3.0,3.0,2.6,0.0,gi_sheet,0.002,mud_brick,0.15,xps,0.05,south,1.5,0.6,0.85,2.6,12.947,18.469,0.0179,-16.821
Kargil,34.5584,76.1334,cold,3.0,3.0,2.6,90.0,plywood,0.03,aerated_concrete,0.1,sheep_wool,0.1,east,1.5,1.2,0.35,5.8,11.624,17.012,0.0,-16.706
Kargil,34.5584,76.1334,cold,3.0,3.0,2.6,135.0,gi_sheet,0.002,mud_brick,0.15,none,0.0,north,0.6,1.5,0.65,2.6,18.611,31.639,0.5,-22.37
Kargil,34.5584,76.1334,cold,3.0,3.0,2.6,90.0,mud_brick,0.15,gi_sheet,0.002,sheep_wool,0.1,south,0.9,1.2,0.65,5.8,11.294,13.958,0.0,-16.919
Kargil,34.5584,76.1334,cold,3.0,3.0,2.6,0.0,mud_brick,0.15,mud_brick,0.15,mineral_wool,0.1,east,1.2,1.5,0.35,2.0,11.785,14.094,0.0,-16.936
Kargil,34.5584,76.1334,cold,3.0,3.0,2.6,90.0,gi_sheet,0.002,gi_sheet,0.002,xps,0.05,north,1.2,1.2,0.45,1.2,13.708,20.618,0.2143,-16.659
Kargil,34.5584,76.1334,cold,3.0,3.0,2.6,90.0,puf_sandwich_panel,0.15,aerated_concrete,0.2,eps,0.2,north,1.8,1.5,0.35,1.6,11.73,15.471,0.0,-16.733
Kargil,34.5584,76.1334,cold,3.0,3.0,2.6,135.0,brick,0.345,gi_sheet,0.002,sheep_wool,0.15,north,1.5,1.2,0.45,1.2,11.07,12.664,0.0,-16.965
Kargil,34.5584,76.1334,cold,3.0,3.0,2.6,135.0,concrete,0.2,concrete,0.15,eps,0.1,east,1.2,0.9,0.35,5.8,11.07,12.903,0.0,-16.958
Kargil,34.5584,76.1334,cold,3.0,3.0,2.6,90.0,stone,0.3,mud_brick,0.25,xps,0.15,west,1.8,1.5,0.35,2.6,10.223,11.644,0.0,-16.976
Kargil,34.5584,76.1334,cold,3.0,3.0,2.6,90.0,mud_brick,0.45,puf_sandwich_panel,0.1,eps,0.025,north,1.8,1.5,0.45,5.8,12.85,15.093,0.0,-16.973
Kargil,34.5584,76.1334,cold,3.0,3.0,2.6,135.0,timber,0.15,timber,0.15,xps,0.15,north,0.6,1.5,0.35,2.0,9.887,12.107,0.0,-16.847
Kargil,34.5584,76.1334,cold,3.0,3.0,2.6,45.0,concrete,0.2,mud_brick,0.25,eps,0.15,north,1.2,0.6,0.45,5.8,10.3,11.708,0.0,-16.962
Kargil,34.5584,76.1334,cold,3.0,3.0,2.6,45.0,mud_brick,0.3,aerated_concrete,0.1,none,0.0,east,0.9,0.6,0.55,3.5,14.438,17.967,0.0,-16.961
Kargil,34.5584,76.1334,cold,3.0,3.0,2.6,180.0,timber,0.1,stone,0.15,sheep_wool,0.15,east,1.2,0.9,0.45,2.6,10.216,12.628,0.0,-16.882
Kargil,34.5584,76.1334,cold,3.0,3.0,2.6,180.0,mud_brick,0.15,brick,0.23,eps,0.2,west,1.5,1.2,0.65,1.6,12.808,15.22,0.0,-16.942
Kargil,34.5584,76.1334,cold,3.0,3.0,2.6,90.0,aerated_concrete,0.1,aerated_concrete,0.2,sheep_wool,0.05,west,1.8,0.9,0.35,1.2,11.587,15.518,0.0,-16.813
Kargil,34.5584,76.1334,cold,3.0,3.0,2.6,135.0,concrete,0.2,concrete,0.2,sheep_wool,0.15,west,0.9,0.6,0.85,3.5,10.944,12.514,0.0,-16.962
Kargil,34.5584,76.1334,cold,3.0,3.0,2.6,45.0,concrete,0.15,brick,0.115,sheep_wool,0.1,south,0.6,1.5,0.35,3.5,11.054,13.212,0.0,-16.942
Kargil,34.5584,76.1334,cold,3.0,3.0,2.6,45.0,brick,0.23,stone,0.3,mineral_wool,0.05,north,1.5,1.5,0.45,3.5,12.877,15.262,0.0,-16.965
Kargil,34.5584,76.1334,cold,3.0,3.0,2.6,180.0,stone,0.45,mud_brick,0.25,mineral_wool,0.05,west,0.9,0.9,0.45,1.6,11.056,12.952,0.0,-16.987
Kargil,34.5584,76.1334,cold,3.0,3.0,2.6,180.0,brick,0.345,aerated_concrete,0.2,mineral_wool,0.05,west,1.2,0.9,0.65,2.0,12.108,14.066,0.0,-16.967
Kargil,34.5584,76.1334,cold,3.0,3.0,2.6,0.0,stone,0.3,gi_sheet,0.002,mineral_wool,0.15,west,1.5,1.5,0.75,1.2,11.111,12.908,0.0,-16.971
Kargil,34.5584,76.1334,cold,3.0,3.0,2.6,0.0,mud_brick,0.15,mud_brick,0.25,eps,0.1,east,1.5,1.2,0.45,1.2,12.11,14.404,0.0,-16.943
Kargil,34.5584,76.1334,cold,3.0,3.0,2.6,180.0,puf_sandwich_panel,0.15,puf_sandwich_panel,0.075,xps,0.15,north,1.5,0.6,0.55,3.5,9.136,12.667,0.0,-16.619
Kargil,34.5584,76.1334,cold,3.0,3.0,2.6,0.0,stone,0.3,aerated_concrete,0.1,eps,0.15,east,1.8,1.2,0.55,1.2,12.106,14.064,0.0,-16.972
Kargil,34.5584,76.1334,cold,3.0,3.0,2.6,0.0,concrete,0.15,gi_sheet,0.002,mineral_wool,0.15,north,1.8,0.9,0.75,3.5,11.34,13.66,0.0,-16.933
Kargil,34.5584,76.1334,cold,3.0,3.0,2.6,90.0,aerated_concrete,0.1,concrete,0.2,mineral_wool,0.05,west,1.2,0.9,0.45,1.6,11.686,14.784,0.0,-16.889
Kargil,34.5584,76.1334,cold,3.0,3.0,2.6,45.0,stone,0.15,rcc_slab,0.25,eps,0.1,east,0.6,1.2,0.45,3.5,10.938,12.684,0.0,-16.959
Kargil,34.5584,76.1334,cold,3.0,3.0,2.6,45.0,puf_sandwich_panel,0.075,concrete,0.1,eps,0.1,east,0.6,1.2,0.75,5.8,10.812,14.166,0.0,-16.785
Kargil,34.5584,76.1334,cold,3.0,3.0,2.6,180.0,aerated_concrete,0.2,puf_sandwich_panel,0.1,eps,0.15,east,0.9,0.9,0.75,1.2,9.727,12.282,0.0,-16.844
Kargil,34.5584,76.1334,cold,3.0,3.0,2.6,90.0,mud_brick,0.3,rcc_slab,0.25,none,0.0,south,1.5,1.5,0.65,5.8,16.272,20.94,0.3214,-16.968
Kargil,34.5584,76.1334,cold,3.0,3.0,2.6,90.0,rammed_earth,0.3,rcc_slab,0.1,eps,0.2,south,1.2,0.6,0.85,5.8,9.667,10.878,0.0,-16.962
Kargil,34.5584,76.1334,cold,3.0,3.0,2.6,0.0,timber,0.15,mud_brick,0.25,sheep_wool,0.15,west,0.9,1.2,0.75,3.5,10.36,12.737,0.0,-16.905
Kargil,34.5584,76.1334,cold,3.0,3.0,2.6,0.0,brick,0.23,stone,0.3,xps,0.1,east,1.2,1.5,0.35,1.2,11.159,12.781,0.0,-16.966
Kargil,34.5584,76.1334,cold,3.0,3.0,2.6,180.0,aerated_concrete,0.2,timber,0.1,sheep_wool,0.1,east,0.9,0.6,0.45,3.5,10.058,12.579,0.0,-16.857
Kargil,34.5584,76.1334,cold,3.0,3.0,2.6,45.0,stone,0.15,concrete,0.15,xps,0.15,north,0.6,0.6,0.85,3.5,10.294,11.788,0.0,-16.954
Kargil,34.5584,76.1334,cold,3.0,3.0,2.6,0.0,brick,0.23,aerated_concrete,0.2,eps,0.2,south,1.8,0.6,0.45,2.0,9.673,11.016,0.0,-16.951
Kargil,34.5584,76.1334,cold,3.0,3.0,2.6,135.0,rammed_earth,0.45,mud_brick,0.15,xps,0.15,east,0.9,0.6,0.55,1.2,9.095,9.99,0.0,-16.977
Kargil,34.5584,76.1334,cold,3.0,3.0,2.6,135.0,rammed_earth,0.3,timber,0.1,eps,0.05,east,1.2,1.2,0.75,2.6,11.932,14.298,0.0,-16.957
Kargil,34.5584,76.1334,cold,3.0,3.0,2.6,90.0,concrete,0.2,rcc_slab,0.15,eps,0.1,south,1.5,1.2,0.55,1.6,11.26,13.305,0.0,-16.957
Kargil,34.5584,76.1334,cold,3.0,3.0,2.6,0.0,puf_sandwich_panel,0.075,gi_sheet,0.002,sheep_wool,0.15,east,1.2,1.2,0.45,2.0,11.133,15.399,0.0,-16.613
Kargil,34.5584,76.1334,cold,3.0,3.0,2.6,45.0,rammed_earth,0.45,aerated_concrete,0.1,eps,0.025,west,1.8,0.6,0.35,2.6,11.45,13.255,0.0,-16.973
Kargil,34.5584,76.1334,cold,3.0,3.0,2.6,135.0,brick,0.115,gi_sheet,0.002,sheep_wool,0.15,east,1.2,1.5,0.65,1.2,11.865,15.093,0.0,-16.898
Kargil,34.5584,76.1334,cold,3.0,3.0,2.6,45.0,brick,0.23,rcc_slab,0.1,sheep_wool,0.1,west,1.2,1.5,0.55,2.6,11.246,13.326,0.0,-16.953
Kargil,34.5584,76.1334,cold,3.0,3.0,2.6,90.0,puf_sandwich_panel,0.15,rcc_slab,0.15,xps,0.1,east,1.5,1.5,0.55,1.2,10.797,14.185,0.0,-16.831
Kargil,34.5584,76.1334,cold,3.0,3.0,2.6,0.0,timber,0.1,concrete,0.2,mineral_wool,0.15,west,0.9,0.9,0.45,5.8,9.905,12.054,0.0,-16.895
Kargil,34.5584,76.1334,cold,3.0,3.0,2.6,180.0,gi_sheet,0.002,mud_brick,0.25,xps,0.15,south,0.6,1.5,0.35,1.2,11.242,13.974,0.0,-16.87
Kargil,34.5584,76.1334,cold,3.0,3.0,2.6,180.0,aerated_concrete,0.1,timber,0.1,sheep_wool,0.05,west,0.9,1.2,0.35,2.0,12.279,16.653,0.0,-16.793
Kargil,34.5584,76.1334,cold,3.0,3.0,2.6,90.0,brick,0.115,concrete,0.2,sheep_wool,0.05,east,1.5,0.6,0.55,5.8,12.618,15.705,0.0,-16.934
Kargil,34.5584,76.1334,cold,3.0,3.0,2.6,90.0,plywood,0.05,mud_brick,0.15,mineral_wool,0.15,west,1.8,1.2,0.55,3.5,11.224,14.464,0.0,-16.842
Kargil,34.5584,76.1334,cold,3.0,3.0,2.6,45.0,mud_brick,0.45,mud_brick,0.25,eps,0.2,south,1.2,0.9,0.35,2.0,8.893,9.713,0.0,-16.979
Kargil,34.5584,76.1334,cold,3.0,3.0,2.6,135.0,gi_sheet,0.002,puf_sandwich_panel,0.075,mineral_wool,0.1,east,0.6,1.2,0.65,2.6,11.772,17.166,0.0,-16.671
Kargil,34.5584,76.1334,cold,3.0,3.0,2.6,0.0,brick,0.115,concrete,0.1,sheep_wool,0.15,south,1.8,0.6,0.65,1.2,10.912,13.3,0.0,-16.92
Kargil,34.5584,76.1334,cold,3.0,3.0,2.6,180.0,puf_sandwich_panel,0.075,gi_sheet,0.002,sheep_wool,0.1,east,0.6,0.9,0.45,1.6,9.548,13.628,0.0,-16.608
Kargil,34.5584,76.1334,cold,3.0,3.0,2.6,135.0,aerated_concrete,0.3,stone,0.3,sheep_wool,0.05,east,1.5,0.6,0.85,3.5,11.319,13.636,0.0,-16.943
Kargil,34.5584,76.1334,cold,3.0,3.0,2.6,90.0,stone,0.15,concrete,0.2,eps,0.1,west,0.6,0.6,0.75,1.6,10.515,12.098,0.0,-16.957
Kargil,34.5584,76.1334,cold,3.0,3.0,2.6,45.0,stone,0.45,puf_sandwich_panel,0.075,eps,0.025,north,1.5,1.2,0.75,2.0,12.832,15.273,0.0,-16.983
Kargil,34.5584,76.1334,cold,3.0,3.0,2.6,180.0,stone,0.3,stone,0.15,eps,0.2,east,1.2,0.6,0.85,3.5,10.021,11.286,0.0,-16.977
Kargil,34.5584,76.1334,cold,3.0,3.0,2.6,180.0,rammed_earth,0.3,concrete,0.15,mineral_wool,0.15,east,1.8,0.9,0.35,2.0,9.998,11.296,0.0,-16.964
Kargil,34.5584,76.1334,cold,3.0,3.0,2.6,0.0,puf_sandwich_panel,0.1,aerated_concrete,0.2,sheep_wool,0.15,south,1.8,0.6,0.55,1.2,9.523,12.819,0.0,-16.724
Kargil,34.5584,76.1334,cold,3.0,3.0,2.6,0.0,brick,0.345,rcc_slab,0.1,xps,0.1,north,1.2,0.9,0.45,1.6,9.965,11.22,0.0,-16.969
Kargil,34.5584,76.1334,cold,3.0,3.0,2.6,90.0,mud_brick,0.15,puf_sandwich_panel,0.1,xps,0.05,east,1.5,0.9,0.75,1.2,11.803,14.628,0.0,-16.918
Kargil,34.5584,76.1334,cold,3.0,3.0,2.6,45.0,rammed_earth,0.45,brick,0.23,mineral_wool,0.1,south,0.9,0.6,0.35,5.8,9.52,10.615,0.0,-16.978
Kargil,34.5584,76.1334,cold,3.0,3.0,2.6,135.0,mud_brick,0.45,stone,0.3,eps,0.15,east,1.5,1.5,0.75,5.8,10.822,12.45,0.0,-16.981
Kargil,34.5584,76.1334,cold,3.0,3.0,2.6,90.0,mud_brick,0.45,gi_sheet,0.002,eps,0.15,east,0.9,0.6,0.35,1.6,8.925,9.774,0.0,-16.975
Kargil,34.5584,76.1334,cold,3.0,3.0,2.6,45.0,timber,0.15,puf_sandwich_panel,0.075,eps,0.2,south,1.8,0.6,0.65,3.5,9.848,12.808,0.0,-16.821
Kargil,34.5584,76.1334,cold,3.0,3.0,2.6,45.0,concrete,0.3,mud_brick,0.15,mineral_wool,0.1,north,1.8,1.5,0.45,5.8,12.366,14.45,0.0,-16.97
Kargil,34.5584,76.1334,cold,3.0,3.0,2.6,135.0,mud_brick,0.3,stone,0.3,eps,0.2,east,1.5,1.5,0.85,2.0,11.02,12.736,0.0,-16.972
Kargil,34.5584,76.1334,cold,3.0,3.0,2.6,0.0,timber,0.2,timber,0.15,mineral_wool,0.1,west,0.9,0.6,0.55,1.2,9.656,11.845,0.0,-16.872
Kargil,34.5584,76.1334,cold,3.0,3.0,2.6,90.0,brick,0.23,timber,0.15,eps,0.2,north,0.9,0.6,0.45,3.5,9.686,10.897,0.0,-16.951
Kargil,34.5584,76.1334,cold,3.0,3.0,2.6,0.0,mud_brick,0.15,gi_sheet,0.002,eps,0.2,north,1.8,1.2,0.65,2.0,11.001,13.263,0.0,-16.918
Kargil,34.5584,76.1334,cold,3.0,3.0,2.6,180.0,plywood,0.019,rcc_slab,0.25,mineral_wool,0.05,south,0.6,1.2,0.65,2.0,12.552,16.198,0.0,-16.882
Kargil,34.5584,76.1334,cold,3.0,3.0,2.6,180.0,gi_sheet,0.002,aerated_concrete,0.1,none,0.0,west,1.2,0.6,0.45,2.0,17.857,31.251,0.4702,-23.082
Kargil,34.5584,76.1334,cold,3.0,3.0,2.6,45.0,concrete,0.2,aerated_concrete,0.1,mineral_wool,0.05,east,0.9,0.9,0.45,1.2,12.053,14.447,0.0,-16.951
Kargil,34.5584,76.1334,cold,3.0,3.0,2.6,135.0,plywood,0.012,concrete,0.2,eps,0.2,west,1.2,1.2,0.45,1.6,11.59,14.393,0.0,-16.861
Kargil,34.5584,76.1334,cold,3.0,3.0,2.6,180.0,brick,0.23,concrete,0.1,xps,0.1,north,0.6,1.5,0.75,2.6,10.953,12.772,0.0,-16.954
Kargil,34.5584,76.1334,cold,3.0,3.0,2.6,90.0,aerated_concrete,0.2,gi_sheet,0.002,eps,0.1,east,1.8,0.6,0.45,2.0,10.356,13.177,0.0,-16.844
Kargil,34.5584,76.1334,cold,3.0,3.0,2.6,45.0,gi_sheet,0.002,stone,0.15,mineral_wool,0.1,east,1.5,1.2,0.45,1.2,12.66,16.655,0.0,-16.856
Kargil,34.5584,76.1334,cold,3.0,3.0,2.6,0.0,mud_brick,0.3,gi_sheet,0.002,none,0.0,south,1.5,0.6,0.35,3.5,17.161,22.817,0.4524,-16.959
Kargil,34.5584,76.1334,cold,3.0,3.0,2.6,90.0,brick,0.115,gi_sheet,0.002,none,0.0,west,1.2,0.6,0.65,3.5,18.97,29.894,0.5417,-18.253
Kargil,34.5584,76.1334,cold,3.0,3.0,2.6,45.0,rammed_earth,0.3,gi_sheet,0.002,eps,0.05,west,1.2,1.2,0.45,2.6,11.53,13.685,0.0,-16.956
Kargil,34.5584,76.1334,cold,3.0,3.0,2.6,45.0,brick,0.345,stone,0.3,mineral_wool,0.15,north,1.2,0.6,0.35,1.2,9.378,10.392,0.0,-16.977
Kargil,34.5584,76.1334,cold,3.0,3.0,2.6,0.0,plywood,0.05,concrete,0.2,eps,0.2,east,1.5,1.2,0.35,2.6,11.222,13.824,0.0,-16.874
Kargil,34.5584,76.1334,cold,3.0,3.0,2.6,135.0,concrete,0.3,puf_sandwich_panel,0.15,eps,0.1,west,1.5,1.2,0.85,1.6,12.721,14.868,0.0,-16.966
Kargil,34.5584,76.1334,cold,3.0,3.0,2.6,135.0,timber,0.2,stone,0.3,sheep_wool,0.1,west,0.9,0.9,0.45,1.2,10.332,11.996,0.0,-16.935
Kargil,34.5584,76.1334,cold,3.0,3.0,2.6,45.0,puf_sandwich_panel,0.075,rcc_slab,0.1,xps,0.15,south,1.5,1.5,0.55,1.2,10.628,14.764,0.0,-16.788
Kargil,34.5584,76.1334,cold,3.0,3.0,2.6,90.0,mud_brick,0.3,aerated_concrete,0.1,xps,0.15,west,0.9,1.2,0.45,2.0,9.475,10.597,0.0,-16.96
Kargil,34.5584,76.1334,cold,3.0,3.0,2.6,180.0,stone,0.15,aerated_concrete,0.1,none,0.0,west,1.2,1.2,0.55,1.2,17.619,24.638,0.506,-16.942
Kargil,34.5584,76.1334,cold,3.0,3.0,2.6,135.0,mud_brick,0.3,stone,0.15,xps,0.15,north,0.9,1.2,0.55,2.0,10.31,11.636,0.0,-16.967
Kargil,34.5584,76.1334,cold,3.0,3.0,2.6,45.0,gi_sheet,0.002,timber,0.15,sheep_wool,0.05,south,0.6,1.5,0.75,1.2,12.945,19.901,0.0655,-16.73
Kargil,34.5584,76.1334,cold,3.0,3.0,2.6,0.0,stone,0.45,mud_brick,0.25,sheep_wool,0.1,north,1.8,1.5,0.55,3.5,10.815,12.64,0.0,-16.985
Kargil,34.5584,76.1334,cold,3.0,3.0,2.6,90.0,concrete,0.3,timber,0.1,mineral_wool,0.1,west,1.5,0.9,0.65,1.6,10.607,12.129,0.0,-16.968
Kargil,34.5584,76.1334,cold,3.0,3.0,2.6,135.0,puf_sandwich_panel,0.1,aerated_concrete,0.2,sheep_wool,0.15,south,1.5,0.6,0.35,2.6,9.057,11.905,0.0,-16.724
Kargil,34.5584,76.1334,cold,3.0,3.0,2.6,180.0,puf_sandwich_panel,0.05,concrete,0.15,xps,0.05,south,1.2,1.2,0.35,3.5,10.919,14.267,0.0,-16.825
Kargil,34.5584,76.1334,cold,3.0,3.0,2.6,135.0,aerated_concrete,0.1,timber,0.15,xps,0.1,north,1.5,1.2,0.65,5.8,13.047,17.561,0.0,-16.807
Kargil,34.5584,76.1334,cold,3.0,3.0,2.6,0.0,aerated_concrete,0.2,aerated_concrete,0.2,sheep_wool,0.05,south,0.6,1.2,0.55,1.6,10.897,13.843,0.0,-16.867
Kargil,34.5584,76.1334,cold,3.0,3.0,2.6,45.0,brick,0.23,gi_sheet,0.002,none,0.0,south,0.9,1.2,0.75,2.6,18.432,25.817,0.5655,-16.946
Kargil,34.5584,76.1334,cold,3.0,3.0,2.6,135.0,timber,0.15,rcc_slab,0.1,eps,0.2,east,0.9,0.6,0.55,2.6,9.318,11.235,0.0,-16.875
Kargil,34.5584,76.1334,cold,3.0,3.0,2.6,180.0,brick,0.115,mud_brick,0.25,mineral_wool,0.05,east,1.8,0.6,0.45,2.0,12.451,15.352,0.0,-16.935
Kargil,34.5584,76.1334,cold,3.0,3.0,2.6,180.0,timber,0.1,puf_sandwich_panel,0.1,sheep_wool,0.05,north,1.5,1.5,0.45,2.6,11.936,16.898,0.0,-16.767
Kargil,34.5584,76.1334,cold,3.0,3.0,2.6,180.0,mud_brick,0.15,gi_sheet,0.002,none,0.0,west,1.2,1.5,0.45,3.5,18.803,27.948,0.5595,-16.917
Kargil,34.5584,76.1334,cold,3.0,3.0,2.6,45.0,mud_brick,0.45,mud_brick,0.15,eps,0.15,north,1.8,0.9,0.65,2.6,10.803,12.405,0.0,-16.977
Kargil,34.5584,76.1334,cold,3.0,3.0,2.6,45.0,mud_brick,0.3,concrete,0.15,sheep_wool,0.1,south,1.2,1.5,0.55,1.6,10.871,12.609,0.0,-16.965
Kargil,34.5584,76.1334,cold,3.0,3.0,2.6,180.0,mud_brick,0.45,gi_sheet,0.002,mineral_wool,0.05,east,0.9,1.5,0.75,5.8,11.391,13.178,0.0,-16.974
Kargil,34.5584,76.1334,cold,3.0,3.0,2.6,45.0,brick,0.115,timber,0.1,mineral_wool,0.15,east,1.5,0.6,0.45,1.6,10.742,12.96,0.0,-16.909
Kargil,34.5584,76.1334,cold,3.0,3.0,2.6,90.0,mud_brick,0.15,aerated_concrete,0.1,mineral_wool,0.05,south,1.5,1.2,0.35,2.6,11.968,14.962,0.0,-16.921
Kargil,34.5584,76.1334,cold,3.0,3.0,2.6,0.0,gi_sheet,0.002,brick,0.23,xps,0.05,south,0.9,1.2,0.65,1.6,12.813,17.478,0.0,-16.861
Kargil,34.5584,76.1334,cold,3.0,3.0,2.6,90.0,timber,0.2,concrete,0.2,xps,0.15,south,1.5,0.9,0.75,3.5,10.403,12.718,0.0,-16.913
Kargil,34.5584,76.1334,cold,3.0,3.0,2.6,180.0,puf_sandwich_panel,0.05,timber,0.1,sheep_wool,0.15,east,1.2,0.9,0.65,1.6,9.972,14.447,0.0,-16.669
Kargil,34.5584,76.1334,cold,3.0,3.0,2.6,135.0,puf_sandwich_panel,0.1,rcc_slab,0.15,xps,0.1,north,0.9,0.6,0.75,2.6,10.048,12.542,0.0,-16.829
Kargil,34.5584,76.1334,cold,3.0,3.0,2.6,180.0,plywood,0.03,aerated_concrete,0.2,eps,0.05,west,0.9,0.6,0.45,1.6,12.207,16.995,0.0,-16.748
Kargil,34.5584,76.1334,cold,3.0,3.0,2.6,180.0,gi_sheet,0.002,timber,0.15,eps,0.025,west,0.6,0.6,0.35,1.6,14.051,21.15,0.2381,-16.729
Kargil,34.5584,76.1334,cold,3.0,3.0,2.6,135.0,plywood,0.03,brick,0.23,mineral_wool,0.1,west,1.8,0.6,0.65,5.8,12.27,15.582,0.0,-16.866
Kargil,34.5584,76.1334,cold,3.0,3.0,2.6,45.0,aerated_concrete,0.2,rcc_slab,0.1,eps,0.2,east,1.2,0.9,0.75,3.5,11.082,13.542,0.0,-16.886
Kargil,34.5584,76.1334,cold,3.0,3.0,2.6,180.0,concrete,0.2,rcc_slab,0.15,eps,0.2,west,0.9,1.5,0.35,2.0,11.013,12.601,0.0,-16.958
Kargil,34.5584,76.1334,cold,3.0,3.0,2.6,90.0,aerated_concrete,0.2,puf_sandwich_panel,0.15,mineral_wool,0.1,north,1.2,0.9,0.65,5.8,11.528,14.455,0.0,-16.847
Kargil,34.5584,76.1334,cold,3.0,3.0,2.6,90.0,mud_brick,0.15,brick,0.115,mineral_wool,0.15,east,1.8,0.9,0.65,3.5,11.093,13.348,0.0,-16.933
Kargil,34.5584,76.1334,cold,3.0,3.0,2.6,90.0,plywood,0.03,stone,0.15,none,0.0,west,1.2,1.2,0.35,2.0,18.019,29.353,0.4881,-18.087
Kargil,34.5584,76.1334,cold,3.0,3.0,2.6,0.0,mud_brick,0.15,gi_sheet,0.002,sheep_wool,0.15,north,0.9,0.9,0.65,3.5,10.339,12.314,0.0,-16.92
Kargil,34.5584,76.1334,cold,3.0,3.0,2.6,0.0,concrete,0.1,brick,0.23,eps,0.025,west,1.2,1.2,0.65,5.8,14.293,18.678,0.0298,-16.934
Kargil,34.5584,76.1334,cold,3.0,3.0,2.6,45.0,timber,0.1,rcc_slab,0.1,eps,0.05,south,1.8,0.6,0.65,1.6,12.076,16.27,0.0,-16.85
Kargil,34.5584,76.1334,cold,3.0,3.0,2.6,0.0,gi_sheet,0.002,aerated_concrete,0.2,eps,0.025,east,1.5,0.6,0.35,2.6,13.934,21.184,0.2083,-16.745
Kargil,34.5584,76.1334,cold,3.0,3.0,2.6,180.0,plywood,0.019,timber,0.1,sheep_wool,0.15,west,0.6,0.6,0.35,5.8,10.823,14.709,0.0,-16.697
Kargil,34.5584,76.1334,cold,3.0,3.0,2.6,90.0,plywood,0.012,aerated_concrete,0.2,eps,0.025,north,0.6,1.5,0.75,1.2,14.554,21.838,0.2976,-16.724
Kargil,34.5584,76.1334,cold,3.0,3.0,2.6,135.0,gi_sheet,0.002,gi_sheet,0.002,mineral_wool,0.1,east,0.6,1.5,0.55,2.0,12.113,17.822,0.0,-16.683
Kargil,34.5584,76.1334,cold,3.0,3.0,2.6,135.0,puf_sandwich_panel,0.075,rcc_slab,0.1,eps,0.15,east,0.6,0.9,0.55,3.5,9.233,11.855,0.0,-16.787
Kargil,34.5584,76.1334,cold,3.0,3.0,2.6,90.0,puf_sandwich_panel,0.075,stone,0.15,sheep_wool,0.05,north,1.8,0.9,0.45,5.8,12.52,16.354,0.0,-16.841
Kargil,34.5584,76.1334,cold,3.0,3.0,2.6,0.0,brick,0.345,puf_sandwich_panel,0.1,xps,0.1,south,0.9,1.2,0.75,1.2,10.106,11.429,0.0,-16.965
Kargil,34.5584,76.1334,cold,3.0,3.0,2.6,135.0,timber,0.15,mud_brick,0.15,mineral_wool,0.1,south,1.8,1.5,0.75,3.5,12.277,16.189,0.0,-16.881
Kargil,34.5584,76.1334,cold,3.0,3.0,2.6,90.0,concrete,0.1,brick,0.115,none,0.0,west,1.5,1.5,0.55,1.2,18.917,28.705,0.5536,-17.729
Kargil,34.5584,76.1334,cold,3.0,3.0,2.6,180.0,stone,0.3,concrete,0.15,xps,0.15,north,1.2,0.6,0.55,1.2,9.964,11.233,0.0,-16.977
Kargil,34.5584,76.1334,cold,3.0,3.0,2.6,135.0,timber,0.15,rcc_slab,0.15,sheep_wool,0.1,east,0.9,1.2,0.65,5.8,11.039,13.958,0.0,-16.889
Kargil,34.5584,76.1334,cold,3.0,3.0,2.6,0.0,timber,0.2,timber,0.15,eps,0.1,east,1.5,0.6,0.85,2.0,11.752,14.59,0.0,-16.868
Kargil,34.5584,76.1334,cold,3.0,3.0,2.6,135.0,timber,0.15,puf_sandwich_panel,0.15,xps,0.1,west,0.6,1.5,0.55,3.5,10.521,13.169,0.0,-16.82
Kargil,34.5584,76.1334,cold,3.0,3.0,2.6,90.0,concrete,0.2,puf_sandwich_panel,0.1,mineral_wool,0.1,west,1.5,0.9,0.35,2.6,10.412,12.031,0.0,-16.949
Kargil,34.5584,76.1334,cold,3.0,3.0,2.6,45.0,mud_brick,0.3,concrete,0.2,eps,0.1,east,0.6,0.9,0.55,1.2,10.09,11.364,0.0,-16.968
Kargil,34.5584,76.1334,cold,3.0,3.0,2.6,0.0,gi_sheet,0.002,brick,0.115,xps,0.1,south,1.5,1.5,0.65,1.6,12.833,18.614,0.0298,-16.799
Kargil,34.5584,76.1334,cold,3.0,3.0,2.6,180.0,aerated_concrete,0.3,stone,0.15,mineral_wool,0.05,east,0.9,1.2,0.35,3.5,10.871,13.211,0.0,-16.922
Kargil,34.5584,76.1334,cold,3.0,3.0,2.6,45.0,timber,0.2,puf_sandwich_panel,0.1,xps,0.15,north,1.5,0.6,0.85,3.5,10.795,13.238,0.0,-16.851
Kargil,34.5584,76.1334,cold,3.0,3.0,2.6,0.0,rammed_earth,0.3,brick,0.23,xps,0.15,south,1.8,0.9,0.65,5.8,10.594,12.162,0.0,-16.965
Kargil,34.5584,76.1334,cold,3.0,3.0,2.6,135.0,puf_sandwich_panel,0.15,puf_sandwich_panel,0.075,sheep_wool,0.15,north,0.9,1.5,0.85,2.6,11.82,17.118,0.0,-16.609
Kargil,34.5584,76.1334,cold,3.0,3.0,2.6,0.0,stone,0.15,aerated_concrete,0.1,xps,0.1,east,0.9,1.5,0.55,2.0,12.14,14.536,0.0,-16.942
Kargil,34.5584,76.1334,cold,3.0,3.0,2.6,0.0,stone,0.3,mud_brick,0.25,eps,0.15,west,1.5,1.2,0.65,2.6,10.508,11.963,0.0,-16.977
Kargil,34.5584,76.1334,cold,3.0,3.0,2.6,0.0,brick,0.115,mud_brick,0.15,xps,0.1,east,0.9,1.5,0.35,2.0,11.572,14.006,0.0,-16.923
Kargil,34.5584,76.1334,cold,3.0,3.0,2.6,90.0,puf_sandwich_panel,0.15,rcc_slab,0.15,eps,0.2,north,0.6,0.9,0.55,2.0,9.265,11.144,0.0,-16.833
Kargil,34.5584,76.1334,cold,3.0,3.0,2.6,0.0,timber,0.15,stone,0.15,eps,0.2,north,1.2,1.5,0.55,1.2,10.062,12.042,0.0,-16.896
Kargil,34.5584,76.1334,cold,3.0,3.0,2.6,90.0,puf_sandwich_panel,0.075,rcc_slab,0.1,mineral_wool,0.15,west,0.9,1.2,0.35,3.5,9.393,11.85,0.0,-16.799
Kargil,34.5584,76.1334,cold,3.0,3.0,2.6,0.0,puf_sandwich_panel,0.15,timber,0.15,eps,0.025,west,1.8,0.9,0.55,1.6,10.791,15.973,0.0,-16.701
Kargil,34.5584,76.1334,cold,3.0,3.0,2.6,135.0,gi_sheet,0.002,gi_sheet,0.002,xps,0.1,west,1.8,1.5,0.75,5.8,15.734,23.295,0.4286,-16.663
Kargil,34.5584,76.1334,cold,3.0,3.0,2.6,90.0,mud_brick,0.3,puf_sandwich_panel,0.1,xps,0.1,west,0.9,0.9,0.55,3.5,9.647,10.854,0.0,-16.959
Kargil,34.5584,76.1334,cold,3.0,3.0,2.6,45.0,plywood,0.012,brick,0.23,eps,0.2,south,1.8,1.5,0.75,1.2,12.431,17.194,0.0,-16.857
Kargil,34.5584,76.1334,cold,3.0,3.0,2.6,180.0,mud_brick,0.45,brick,0.115,sheep_wool,0.1,east,0.6,0.6,0.55,5.8,9.662,10.804,0.0,-16.978
Kargil,34.5584,76.1334,cold,3.0,3.0,2.6,135.0,plywood,0.019,timber,0.15,xps,0.15,west,0.6,1.2,0.35,1.6,10.624,14.082,0.0,-16.728
Kargil,34.5584,76.1334,cold,3.0,3.0,2.6,45.0,rammed_earth,0.3,stone,0.15,eps,0.2,east,1.8,0.9,0.35,5.8,10.352,11.764,0.0,-16.965
Kargil,34.5584,76.1334,cold,3.0,3.0,2.6,0.0,stone,0.15,aerated_concrete,0.2,eps,0.2,south,1.2,1.5,0.35,3.5,10.494,12.365,0.0,-16.944
Kargil,34.5584,76.1334,cold,3.0,3.0,2.6,135.0,gi_sheet,0.002,puf_sandwich_panel,0.1,sheep_wool,0.1,east,1.8,1.2,0.55,2.0,12.797,20.067,0.0952,-16.646
Kargil,34.5584,76.1334,cold,3.0,3.0,2.6,45.0,aerated_concrete,0.3,timber,0.1,mineral_wool,0.15,west,0.9,0.6,0.55,5.8,9.336,11.078,0.0,-16.895
Kargil,34.5584,76.1334,cold,3.0,3.0,2.6,135.0,mud_brick,0.3,stone,0.3,eps,0.025,west,0.9,1.2,0.45,2.0,12.588,14.798,0.0,-16.973
Kargil,34.5584,76.1334,cold,3.0,3.0,2.6,90.0,brick,0.23,timber,0.15,xps,0.05,north,1.2,0.6,0.35,2.0,11.328,13.329,0.0,-16.95
Kargil,34.5584,76.1334,cold,3.0,3.0,2.6,180.0,gi_sheet,0.002,timber,0.15,xps,0.1,east,1.2,1.5,0.55,1.2,12.647,18.602,0.0179,-16.734
Kargil,34.5584,76.1334,cold,3.0,3.0,2.6,45.0,mud_brick,0.15,concrete,0.15,eps,0.05,south,0.6,1.2,0.55,3.5,11.928,14.588,0.0,-16.939
Kargil,34.5584,76.1334,cold,3.0,3.0,2.6,0.0,aerated_concrete,0.1,gi_sheet,0.002,xps,0.1,north,1.8,0.9,0.85,1.6,11.633,15.915,0.0,-16.773
Kargil,34.5584,76.1334,cold,3.0,3.0,2.6,90.0,concrete,0.1,rcc_slab,0.15,xps,0.15,east,0.9,0.6,0.85,3.5,10.493,12.437,0.0,-16.93
Kargil,34.5584,76.1334,cold,3.0,3.0,2.6,180.0,gi_sheet,0.002,aerated_concrete,0.2,xps,0.05,west,0.9,1.5,0.75,1.2,14.957,21.372,0.3393,-16.746
Kargil,34.5584,76.1334,cold,3.0,3.0,2.6,180.0,timber,0.2,timber,0.1,none,0.0,east,1.2,1.2,0.35,3.5,12.994,17.835,0.0,-16.858
Kargil,34.5584,76.1334,cold,3.0,3.0,2.6,135.0,aerated_concrete,0.3,puf_sandwich_panel,0.075,sheep_wool,0.15,west,1.8,1.5,0.55,5.8,12.962,16.253,0.0,-16.876
Kargil,34.5584,76.1334,cold,3.0,3.0,2.6,0.0,timber,0.15,rcc_slab,0.15,eps,0.025,south,1.2,0.6,0.85,2.6,12.799,16.795,0.0,-16.889
Kargil,34.5584,76.1334,cold,3.0,3.0,2.6,135.0,plywood,0.012,brick,0.23,mineral_wool,0.05,north,1.5,0.9,0.65,2.0,14.09,18.918,0.0595,-16.856
Kargil,34.5584,76.1334,cold,3.0,3.0,2.6,0.0,aerated_concrete,0.2,aerated_concrete,0.2,eps,0.025,north,1.5,1.5,0.35,5.8,12.143,15.986,0.0,-16.863
Kargil,34.5584,76.1334,cold,3.0,3.0,2.6,45.0,stone,0.45,puf_sandwich_panel,0.1,eps,0.1,east,0.9,1.2,0.75,1.6,10.456,12.087,0.0,-16.984
Kargil,34.5584,76.1334,cold,3.0,3.0,2.6,135.0,rammed_earth,0.15,gi_sheet,0.002,eps,0.05,north,1.2,1.5,0.55,2.0,13.75,17.431,0.0,-16.913
Kargil,34.5584,76.1334,cold,3.0,3.0,2.6,90.0,plywood,0.05,stone,0.15,mineral_wool,0.05,west,0.9,0.9,0.55,5.8,11.932,15.598,0.0,-16.862
Kargil,34.5584,76.1334,cold,3.0,3.0,2.6,180.0,brick,0.23,aerated_concrete,0.1,mineral_wool,0.05,south,1.2,0.6,0.85,1.2,11.845,14.113,0.0,-16.949
Kargil,34.5584,76.1334,cold,3.0,3.0,2.6,0.0,aerated_concrete,0.3,mud_brick,0.15,eps,0.15,west,1.5,0.6,0.65,1.6,9.671,11.508,0.0,-16.914
Kargil,34.5584,76.1334,cold,3.0,3.0,2.6,90.0,rammed_earth,0.45,timber,0.1,sheep_wool,0.15,south,1.2,0.9,0.65,2.0,9.643,10.752,0.0,-16.974
Kargil,34.5584,76.1334,cold,3.0,3.0,2.6,0.0,gi_sheet,0.002,stone,0.3,xps,0.15,west,0.6,1.5,0.75,2.6,10.935,13.654,0.0,-16.91
Kargil,34.5584,76.1334,cold,3.0,3.0,2.6,45.0,brick,0.345,aerated_concrete,0.1,mineral_wool,0.1,south,1.5,1.5,0.45,2.0,10.794,12.498,0.0,-16.965
Kargil,34.5584,76.1334,cold,3.0,3.0,2.6,45.0,concrete,0.15,gi_sheet,0.002,eps,0.025,east,0.9,1.2,0.85,2.6,15.063,19.456,0.0952,-16.932
Kargil,34.5584,76.1334,cold,3.0,3.0,2.6,135.0,stone,0.45,rcc_slab,0.2,mineral_wool,0.15,south,1.2,0.6,0.85,1.6,9.543,10.767,0.0,-16.987
Kargil,34.5584,76.1334,cold,3.0,3.0,2.6,0.0,timber,0.2,brick,0.23,eps,0.05,south,0.6,1.2,0.45,3.5,10.884,13.314,0.0,-16.911
Kargil,34.5584,76.1334,cold,3.0,3.0,2.6,45.0,aerated_concrete,0.3,gi_sheet,0.002,eps,0.025,west,1.8,1.2,0.85,1.2,13.513,18.309,0.0119,-16.878
Kargil,34.5584,76.1334,cold,3.0,3.0,2.6,45.0,rammed_earth,0.15,brick,0.23,mineral_wool,0.15,north,0.6,0.6,0.55,1.2,9.893,11.34,0.0,-16.943
Kargil,34.5584,76.1334,cold,3.0,3.0,2.6,0.0,rammed_earth,0.45,puf_sandwich_panel,0.15,xps,0.1,south,0.6,0.9,0.75,1.6,9.241,10.228,0.0,-16.973
Kargil,34.5584,76.1334,cold,3.0,3.0,2.6,180.0,concrete,0.3,concrete,0.2,eps,0.15,north,0.9,1.2,0.65,2.0,10.385,11.814,0.0,-16.973
Kargil,34.5584,76.1334,cold,3.0,3.0,2.6,135.0,stone,0.15,brick,0.23,eps,0.15,east,0.9,1.5,0.65,3.5,11.258,13.263,0.0,-16.955
Kargil,34.5584,76.1334,cold,3.0,3.0,2.6,180.0,rammed_earth,0.3,puf_sandwich_panel,0.075,sheep_wool,0.15,north,1.2,0.9,0.65,2.0,10.133,11.548,0.0,-16.956
Kargil,34.5584,76.1334,cold,3.0,3.0,2.6,45.0,timber,0.2,gi_sheet,0.002,sheep_wool,0.15,north,1.8,0.9,0.65,1.2,11.889,14.878,0.0,-16.85
Kargil,34.5584,76.1334,cold,3.0,3.0,2.6,45.0,plywood,0.019,puf_sandwich_panel,0.15,mineral_wool,0.1,east,1.8,0.6,0.85,2.6,12.448,18.007,0.006,-16.653
Kargil,34.5584,76.1334,cold,3.0,3.0,2.6,0.0,rammed_earth,0.15,concrete,0.2,eps,0.15,north,0.6,0.6,0.75,3.5,9.799,11.269,0.0,-16.943
Kargil,34.5584,76.1334,cold,3.0,3.0,2.6,0.0,stone,0.15,concrete,0.2,mineral_wool,0.1,north,1.5,1.5,0.65,5.8,12.043,14.416,0.0,-16.955
Kargil,34.5584,76.1334,cold,3.0,3.0,2.6,135.0,puf_sandwich_panel,0.05,concrete,0.15,xps,0.05,north,0.6,0.6,0.55,5.8,10.708,13.85,0.0,-16.825
Kargil,34.5584,76.1334,cold,3.0,3.0,2.6,90.0,mud_brick,0.15,concrete,0.2,mineral_wool,0.05,east,1.2,0.9,0.35,1.2,11.742,14.163,0.0,-16.944
Kargil,34.5584,76.1334,cold,3.0,3.0,2.6,0.0,stone,0.15,timber,0.15,mineral_wool,0.1,east,0.9,1.5,0.35,2.6,11.491,13.649,0.0,-16.944
Kargil,34.5584,76.1334,cold,3.0,3.0,2.6,0.0,plywood,0.012,concrete,0.15,xps,0.15,south,1.5,0.6,0.85,1.6,10.991,14.539,0.0,-16.834
Kargil,34.5584,76.1334,cold,3.0,3.0,2.6,180.0,plywood,0.03,stone,0.3,mineral_wool,0.05,south,0.9,1.5,0.35,2.0,12.155,15.196,0.0,-16.91
Kargil,34.5584,76.1334,cold,3.0,3.0,2.6,180.0,stone,0.15,brick,0.115,sheep_wool,0.1,east,0.9,1.5,0.45,2.0,11.762,14.077,0.0,-16.948
Kargil,34.5584,76.1334,cold,3.0,3.0,2.6,0.0,gi_sheet,0.002,mud_brick,0.15,eps,0.2,north,1.2,1.2,0.65,1.2,11.166,14.813,0.0,-16.825
Kargil,34.5584,76.1334,cold,3.0,3.0,2.6,45.0,gi_sheet,0.002,timber,0.1,eps,0.05,west,0.9,1.5,0.45,5.8,12.789,19.748,0.0536,-16.705
Kargil,34.5584,76.1334,cold,3.0,3.0,2.6,45.0,aerated_concrete,0.1,stone,0.15,mineral_wool,0.1,east,1.8,1.2,0.75,2.0,13.943,17.949,0.0,-16.881
Kargil,34.5584,76.1334,cold,3.0,3.0,2.6,90.0,brick,0.23,stone,0.15,sheep_wool,0.15,west,0.9,0.6,0.45,1.6,9.659,10.853,0.0,-16.959
Kargil,34.5584,76.1334,cold,3.0,3.0,2.6,90.0,timber,0.15,gi_sheet,0.002,mineral_wool,0.1,west,1.5,0.6,0.85,1.6,10.616,13.591,0.0,-16.828
Kargil,34.5584,76.1334,cold,3.0,3.0,2.6,135.0,gi_sheet,0.002,aerated_concrete,0.2,mineral_wool,0.15,west,0.9,0.6,0.75,1.6,11.747,15.566,0.0,-16.769
Kargil,34.5584,76.1334,cold,3.0,3.0,2.6,180.0,puf_sandwich_panel,0.15,brick,0.23,mineral_wool,0.15,east,0.6,1.5,0.85,2.6,9.651,12.107,0.0,-16.862
Kargil,34.5584,76.1334,cold,3.0,3.0,2.6,45.0,rammed_earth,0.45,brick,0.115,eps,0.2,east,0.9,1.5,0.65,2.0,10.376,11.821,0.0,-16.975
Kargil,34.5584,76.1334,cold,3.0,3.0,2.6,0.0,rammed_earth,0.3,gi_sheet,0.002,eps,0.2,north,0.6,0.9,0.85,1.2,9.277,10.327,0.0,-16.958
Kargil,34.5584,76.1334,cold,3.0,3.0,2.6,135.0,brick,0.115,gi_sheet,0.002,mineral_wool,0.1,east,1.2,1.2,0.85,3.5,12.412,15.975,0.0,-16.901
Kargil,34.5584,76.1334,cold,3.0,3.0,2.6,180.0,mud_brick,0.3,stone,0.15,mineral_wool,0.1,east,0.9,0.6,0.85,5.8,10.204,11.538,0.0,-16.968
Kargil,34.5584,76.1334,cold,3.0,3.0,2.6,90.0,stone,0.15,mud_brick,0.25,eps,0.1,north,1.8,0.9,0.55,3.5,12.465,14.741,0.0,-16.956
Kargil,34.5584,76.1334,cold,3.0,3.0,2.6,90.0,stone,0.45,rcc_slab,0.1,mineral_wool,0.1,south,0.6,1.2,0.55,1.6,9.709,10.981,0.0,-16.986
Kargil,34.5584,76.1334,cold,3.0,3.0,2.6,0.0,gi_sheet,0.002,mud_brick,0.25,eps,0.2,east,1.8,0.9,0.75,5.8,13.591,17.584,0.0,-16.87
Kargil,34.5584,76.1334,cold,3.0,3.0,2.6,135.0,timber,0.15,mud_brick,0.15,mineral_wool,0.05,north,0.9,1.2,0.65,2.0,12.416,15.812,0.0,-16.882
Kargil,34.5584,76.1334,cold,3.0,3.0,2.6,135.0,brick,0.115,timber,0.15,xps,0.15,north,1.5,0.6,0.65,5.8,11.546,13.991,0.0,-16.91
Kargil,34.5584,76.1334,cold,3.0,3.0,2.6,45.0,mud_brick,0.45,concrete,0.15,sheep_wool,0.05,west,1.2,1.5,0.65,1.6,11.329,13.129,0.0,-16.977
Kargil,34.5584,76.1334,cold,3.0,3.0,2.6,180.0,gi_sheet,0.002,puf_sandwich_panel,0.1,eps,0.1,east,0.6,0.9,0.55,3.5,11.716,16.881,0.0,-16.651
Kargil,34.5584,76.1334,cold,3.0,3.0,2.6,0.0,rammed_earth,0.45,rcc_slab,0.2,eps,0.15,west,0.9,0.9,0.75,2.0,9.405,10.431,0.0,-16.978
Kargil,34.5584,76.1334,cold,3.0,3.0,2.6,135.0,concrete,0.3,brick,0.115,sheep_wool,0.05,north,1.2,0.6,0.45,3.5,12.13,14.177,0.0,-16.971
Kargil,34.5584,76.1334,cold,3.0,3.0,2.6,180.0,stone,0.45,brick,0.115,mineral_wool,0.15,east,1.5,1.2,0.85,1.6,10.633,12.303,0.0,-16.985
Kargil,34.5584,76.1334,cold,3.0,3.0,2.6,90.0,concrete,0.3,gi_sheet,0.002,xps,0.15,north,0.9,1.5,0.35,5.8,10.628,12.124,0.0,-16.967
Kargil,34.5584,76.1334,cold,3.0,3.0,2.6,135.0,gi_sheet,0.002,aerated_concrete,0.1,eps,0.1,north,1.5,1.5,0.45,5.8,13.826,20.193,0.1964,-16.704
Kargil,34.5584,76.1334,cold,3.0,3.0,2.6,0.0,stone,0.45,mud_brick,0.25,eps,0.1,east,0.9,0.9,0.35,2.6,9.847,11.195,0.0,-16.987
Kargil,34.5584,76.1334,cold,3.0,3.0,2.6,90.0,mud_brick,0.45,aerated_concrete,0.2,xps,0.15,west,0.9,0.6,0.85,3.5,9.058,9.974,0.0,-16.976
Kargil,34.5584,76.1334,cold,3.0,3.0,2.6,0.0,aerated_concrete,0.1,gi_sheet,0.002,eps,0.15,south,0.9,1.5,0.55,2.0,10.574,14.373,0.0,-16.775
Kargil,34.5584,76.1334,cold,3.0,3.0,2.6,45.0,rammed_earth,0.15,puf_sandwich_panel,0.075,eps,0.2,west,1.5,1.2,0.55,2.6,10.378,12.589,0.0,-16.914
Kargil,34.5584,76.1334,cold,3.0,3.0,2.6,90.0,puf_sandwich_panel,0.075,brick,0.23,sheep_wool,0.1,south,1.8,1.5,0.35,1.2,10.586,13.808,0.0,-16.852
Kargil,34.5584,76.1334,cold,3.0,3.0,2.6,180.0,gi_sheet,0.002,puf_sandwich_panel,0.1,eps,0.05,south,1.8,1.5,0.65,1.6,14.059,21.429,0.2679,-16.641
Kargil,34.5584,76.1334,cold,3.0,3.0,2.6,180.0,rammed_earth,0.15,stone,0.15,eps,0.05,east,0.6,0.9,0.65,1.2,11.985,14.588,0.0,-16.939
Kargil,34.5584,76.1334,cold,3.0,3.0,2.6,135.0,rammed_earth,0.45,aerated_concrete,0.1,mineral_wool,0.05,east,1.8,1.5,0.45,3.5,11.65,13.624,0.0,-16.972
Kargil,34.5584,76.1334,cold,3.0,3.0,2.6,45.0,concrete,0.3,concrete,0.1,eps,0.05,east,1.8,0.6,0.35,3.5,11.844,13.81,0.0,-16.97
Kargil,34.5584,76.1334,cold,3.0,3.0,2.6,45.0,gi_sheet,0.002,puf_sandwich_panel,0.15,eps,0.05,south,0.6,0.9,0.65,5.8,12.053,18.604,0.0179,-16.648
Kargil,34.5584,76.1334,cold,3.0,3.0,2.6,135.0,rammed_earth,0.3,puf_sandwich_panel,0.15,eps,0.025,east,1.5,0.6,0.75,1.2,11.746,13.972,0.0,-16.957
Kargil,34.5584,76.1334,cold,3.0,3.0,2.6,0.0,rammed_earth,0.45,mud_brick,0.15,xps,0.15,west,0.9,0.6,0.65,2.6,9.078,9.972,0.0,-16.977
Kargil,34.5584,76.1334,cold,3.0,3.0,2.6,135.0,timber,0.2,aerated_concrete,0.1,eps,0.05,west,0.6,1.2,0.35,1.2,10.911,13.703,0.0,-16.86
Kargil,34.5584,76.1334,cold,3.0,3.0,2.6,180.0,puf_sandwich_panel,0.05,aerated_concrete,0.1,eps,0.05,south,0.6,0.6,0.45,3.5,10.18,14.324,0.0,-16.656
Kargil,34.5584,76.1334,cold,3.0,3.0,2.6,90.0,stone,0.15,rcc_slab,0.1,xps,0.15,west,1.8,1.2,0.45,1.6,10.808,12.598,0.0,-16.948
Kargil,34.5584,76.1334,cold,3.0,3.0,2.6,0.0,timber,0.2,stone,0.15,mineral_wool,0.05,west,0.9,0.9,0.55,5.8,11.128,13.837,0.0,-16.908
Kargil,34.5584,76.1334,cold,3.0,3.0,2.6,135.0,plywood,0.012,mud_brick,0.15,mineral_wool,0.1,east,0.6,0.6,0.45,5.8,11.209,14.73,0.0,-16.819
Kargil,34.5584,76.1334,cold,3.0,3.0,2.6,135.0,gi_sheet,0.002,concrete,0.2,mineral_wool,0.05,north,1.5,1.5,0.35,5.8,14.154,19.152,0.0595,-16.866
Kargil,34.5584,76.1334,cold,3.0,3.0,2.6,45.0,gi_sheet,0.002,concrete,0.2,mineral_wool,0.15,north,0.6,0.6,0.55,1.2,10.678,13.382,0.0,-16.872
Kargil,34.5584,76.1334,cold,3.0,3.0,2.6,90.0,gi_sheet,0.002,puf_sandwich_panel,0.075,eps,0.15,south,1.2,1.2,0.35,1.2,10.824,16.004,0.0,-16.654
Kargil,34.5584,76.1334,cold,3.0,3.0,2.6,135.0,gi_sheet,0.002,mud_brick,0.25,sheep_wool,0.05,south,1.5,0.6,0.45,1.2,13.055,17.386,0.0,-16.867
Kargil,34.5584,76.1334,cold,3.0,3.0,2.6,0.0,mud_brick,0.45,brick,0.23,eps,0.2,north,1.5,1.5,0.65,2.0,9.987,11.367,0.0,-16.978
Kargil,34.5584,76.1334,cold,3.0,3.0,2.6,0.0,concrete,0.3,brick,0.23,mineral_wool,0.15,south,1.8,0.6,0.65,2.0,10.069,11.389,0.0,-16.974
Kargil,34.5584,76.1334,cold,3.0,3.0,2.6,0.0,mud_brick,0.15,stone,0.15,xps,0.1,south,1.2,0.6,0.75,1.6,10.566,12.455,0.0,-16.942
Kargil,34.5584,76.1334,cold,3.0,3.0,2.6,180.0,mud_brick,0.15,timber,0.1,mineral_wool,0.15,south,0.6,1.5,0.65,1.2,10.432,12.25,0.0,-16.926
Kargil,34.5584,76.1334,cold,3.0,3.0,2.6,180.0,stone,0.15,mud_brick,0.15,xps,0.15,west,0.9,1.2,0.45,1.6,11.497,13.372,0.0,-16.951
Kargil,34.5584,76.1334,cold,3.0,3.0,2.6,135.0,timber,0.1,rcc_slab,0.25,mineral_wool,0.15,north,1.8,1.2,0.45,5.8,12.108,14.925,0.0,-16.906
Kargil,34.5584,76.1334,cold,3.0,3.0,2.6,45.0,aerated_concrete,0.1,brick,0.115,eps,0.05,south,1.5,1.5,0.65,2.6,13.211,18.707,0.0298,-16.842
Kargil,34.5584,76.1334,cold,3.0,3.0,2.6,180.0,plywood,0.019,gi_sheet,0.002,xps,0.15,west,1.5,1.2,0.55,3.5,13.438,19.425,0.119,-16.653
Kargil,34.5584,76.1334,cold,3.0,3.0,2.6,45.0,stone,0.3,rcc_slab,0.1,sheep_wool,0.15,north,0.9,0.9,0.75,2.0,10.53,11.98,0.0,-16.975
Kargil,34.5584,76.1334,cold,3.0,3.0,2.6,90.0,concrete,0.3,concrete,0.15,xps,0.15,north,1.8,0.9,0.45,1.2,10.92,12.473,0.0,-16.972
Kargil,34.5584,76.1334,cold,3.0,3.0,2.6,45.0,brick,0.345,stone,0.3,eps,0.2,north,1.2,0.6,0.55,1.2,9.385,10.39,0.0,-16.977
Kargil,34.5584,76.1334,cold,3.0,3.0,2.6,90.0,brick,0.23,concrete,0.1,eps,0.2,south,0.9,0.6,0.65,1.2,9.407,10.57,0.0,-16.955
Kargil,34.5584,76.1334,cold,3.0,3.0,2.6,180.0,plywood,0.03,brick,0.23,eps,0.1,north,1.5,0.6,0.85,3.5,11.686,15.118,0.0,-16.862
Kargil,34.5584,76.1334,cold,3.0,3.0,2.6,135.0,mud_brick,0.15,stone,0.3,eps,0.025,north,1.5,1.2,0.35,2.6,13.849,17.073,0.0,-16.954
Kargil,34.5584,76.1334,cold,3.0,3.0,2.6,180.0,aerated_concrete,0.2,stone,0.15,xps,0.15,north,1.8,1.5,0.55,2.0,11.377,14.182,0.0,-16.903
Kargil,34.5584,76.1334,cold,3.0,3.0,2.6,0.0,concrete,0.1,rcc_slab,0.1,eps,0.1,south,1.2,1.2,0.35,1.2,11.287,13.893,0.0,-16.921
Kargil,34.5584,76.1334,cold,3.0,3.0,2.6,0.0,plywood,0.019,rcc_slab,0.15,mineral_wool,0.15,north,0.6,1.2,0.65,3.5,10.473,13.394,0.0,-16.844
Kargil,34.5584,76.1334,cold,3.0,3.0,2.6,90.0,concrete,0.1,gi_sheet,0.002,xps,0.1,south,0.9,1.2,0.65,1.2,11.317,14.189,0.0,-16.904
Kargil,34.5584,76.1334,cold,3.0,3.0,2.6,90.0,puf_sandwich_panel,0.1,gi_sheet,0.002,eps,0.05,east,1.5,1.5,0.65,5.8,12.453,20.2,0.1071,-16.606
Kargil,34.5584,76.1334,cold,3.0,3.0,2.6,180.0,mud_brick,0.3,stone,0.3,none,0.0,north,1.2,1.5,0.75,3.5,16.322,20.768,0.3393,-16.972
Kargil,34.5584,76.1334,cold,3.0,3.0,2.6,45.0,puf_sandwich_panel,0.075,mud_brick,0.15,eps,0.025,west,0.9,1.2,0.85,3.5,11.932,16.658,0.0,-16.804
Kargil,34.5584,76.1334,cold,3.0,3.0,2.6,90.0,puf_sandwich_panel,0.075,aerated_concrete,0.1,eps,0.15,west,1.2,1.2,0.45,1.6,9.622,13.048,0.0,-16.67
Kargil,34.5584,76.1334,cold,3.0,3.0,2.6,180.0,plywood,0.05,rcc_slab,0.1,eps,0.05,north,1.8,0.9,0.45,2.0,12.62,17.554,0.0,-16.815
Kargil,34.5584,76.1334,cold,3.0,3.0,2.6,90.0,concrete,0.15,concrete,0.2,eps,0.1,north,1.5,0.6,0.45,1.2,11.3,13.216,0.0,-16.951
Kargil,34.5584,76.1334,cold,3.0,3.0,2.6,0.0,brick,0.345,puf_sandwich_panel,0.05,eps,0.05,north,1.5,0.6,0.55,2.0,10.665,12.212,0.0,-16.965
Kargil,34.5584,76.1334,cold,3.0,3.0,2.6,45.0,timber,0.2,concrete,0.15,mineral_wool,0.15,east,0.6,0.6,0.35,2.0,9.268,10.785,0.0,-16.907
Kargil,34.5584,76.1334,cold,3.0,3.0,2.6,45.0,stone,0.3,brick,0.23,none,0.0,west,0.9,1.5,0.55,1.6,16.817,21.518,0.4107,-16.977
Kargil,34.5584,76.1334,cold,3.0,3.0,2.6,0.0,concrete,0.3,rcc_slab,0.2,sheep_wool,0.15,north,0.9,1.2,0.85,1.2,10.235,11.619,0.0,-16.973
Kargil,34.5584,76.1334,cold,3.0,3.0,2.6,0.0,stone,0.45,gi_sheet,0.002,mineral_wool,0.15,south,1.8,0.9,0.35,5.8,9.827,11.132,0.0,-16.984
Kargil,34.5584,76.1334,cold,3.0,3.0,2.6,135.0,concrete,0.2,mud_brick,0.15,xps,0.1,south,1.8,1.2,0.75,5.8,12.172,14.637,0.0,-16.955
Kargil,34.5584,76.1334,cold,3.0,3.0,2.6,90.0,brick,0.345,rcc_slab,0.2,sheep_wool,0.1,north,0.6,1.2,0.35,2.6,10.261,11.603,0.0,-16.973
Kargil,34.5584,76.1334,cold,3.0,3.0,2.6,135.0,brick,0.23,gi_sheet,0.002,mineral_wool,0.1,south,1.5,1.5,0.65,1.2,11.692,14.059,0.0,-16.945
Kargil,34.5584,76.1334,cold,3.0,3.0,2.6,180.0,concrete,0.15,brick,0.115,eps,0.1,west,0.6,1.5,0.85,1.2,12.886,15.463,0.0,-16.942
Kargil,34.5584,76.1334,cold,3.0,3.0,2.6,45.0,puf_sandwich_panel,0.1,concrete,0.1,eps,0.05,north,1.8,0.9,0.85,1.6,13.518,18.196,0.0238,-16.784
Kargil,34.5584,76.1334,cold,3.0,3.0,2.6,90.0,timber,0.1,mud_brick,0.25,sheep_wool,0.1,south,1.8,0.6,0.75,3.5,11.011,13.916,0.0,-16.892
Kargil,34.5584,76.1334,cold,3.0,3.0,2.6,135.0,stone,0.45,timber,0.1,eps,0.05,east,0.6,0.9,0.35,1.6,10.573,12.181,0.0,-16.985
Kargil,34.5584,76.1334,cold,3.0,3.0,2.6,90.0,puf_sandwich_panel,0.05,concrete,0.15,mineral_wool,0.05,north,0.9,0.9,0.45,1.6,11.348,14.711,0.0,-16.828
Kargil,34.5584,76.1334,cold,3.0,3.0,2.6,135.0,concrete,0.3,rcc_slab,0.1,xps,0.05,north,1.5,1.5,0.35,5.8,12.724,15.049,0.0,-16.969
Kargil,34.5584,76.1334,cold,3.0,3.0,2.6,45.0,aerated_concrete,0.2,brick,0.23,sheep_wool,0.1,south,1.8,1.2,0.55,1.2,11.35,14.296,0.0,-16.907
Kargil,34.5584,76.1334,cold,3.0,3.0,2.6,45.0,plywood,0.05,aerated_concrete,0.1,mineral_wool,0.05,south,1.5,0.9,0.55,2.0,12.243,18.226,0.0119,-16.738
Kargil,34.5584,76.1334,cold,3.0,3.0,2.6,135.0,rammed_earth,0.3,puf_sandwich_panel,0.075,eps,0.15,south,0.6,0.9,0.75,1.2,9.45,10.555,0.0,-16.957
Kargil,34.5584,76.1334,cold,3.0,3.0,2.6,90.0,rammed_earth,0.3,concrete,0.2,xps,0.15,east,1.8,1.5,0.65,2.0,11.233,13.078,0.0,-16.965
Kargil,34.5584,76.1334,cold,3.0,3.0,2.6,180.0,gi_sheet,0.002,rcc_slab,0.2,xps,0.1,east,1.2,0.6,0.85,1.2,12.144,15.777,0.0,-16.866
Kargil,34.5584,76.1334,cold,3.0,3.0,2.6,90.0,timber,0.1,stone,0.3,mineral_wool,0.05,east,1.2,1.2,0.75,2.0,12.185,15.206,0.0,-16.922
Kargil,34.5584,76.1334,cold,3.0,3.0,2.6,45.0,concrete,0.3,rcc_slab,0.15,sheep_wool,0.05,east,1.5,1.2,0.75,3.5,13.637,16.272,0.0,-16.971
Kargil,34.5584,76.1334,cold,3.0,3.0,2.6,135.0,plywood,0.019,brick,0.23,eps,0.05,east,0.6,1.2,0.75,3.5,12.719,17.122,0.0,-16.857
Kargil,34.5584,76.1334,cold,3.0,3.0,2.6,180.0,puf_sandwich_panel,0.05,stone,0.15,xps,0.05,west,0.9,1.2,0.45,3.5,11.633,14.961,0.0,-16.84
Kargil,34.5584,76.1334,cold,3.0,3.0,2.6,135.0,concrete,0.3,brick,0.23,mineral_wool,0.15,north,0.6,1.2,0.35,5.8,10.101,11.39,0.0,-16.974
Kargil,34.5584,76.1334,cold,3.0,3.0,2.6,45.0,stone,0.15,timber,0.15,eps,0.2,north,1.2,1.2,0.65,1.6,11.512,13.518,0.0,-16.944
Kargil,34.5584,76.1334,cold,3.0,3.0,2.6,180.0,gi_sheet,0.002,puf_sandwich_panel,0.1,eps,0.05,south,1.5,1.2,0.45,3.5,13.126,19.665,0.0952,-16.643
Kargil,34.5584,76.1334,cold,3.0,3.0,2.6,90.0,aerated_concrete,0.3,puf_sandwich_panel,0.15,eps,0.025,north,0.6,0.6,0.35,1.2,10.028,12.116,0.0,-16.882
Kargil,34.5584,76.1334,cold,3.0,3.0,2.6,45.0,plywood,0.019,stone,0.3,eps,0.025,east,0.6,1.5,0.75,5.8,14.478,19.134,0.0655,-16.907
Kargil,34.5584,76.1334,cold,3.0,3.0,2.6,90.0,aerated_concrete,0.2,stone,0.3,none,0.0,east,1.2,1.5,0.65,3.5,16.281,22.024,0.3274,-16.933
Kargil,34.5584,76.1334,cold,3.0,3.0,2.6,90.0,rammed_earth,0.3,concrete,0.2,eps,0.025,east,0.6,0.6,0.35,3.5,12.208,14.488,0.0,-16.967
Kargil,34.5584,76.1334,cold,3.0,3.0,2.6,135.0,rammed_earth,0.15,gi_sheet,0.002,mineral_wool,0.1,south,1.2,0.6,0.35,3.5,10.721,12.884,0.0,-16.918
Kargil,34.5584,76.1334,cold,3.0,3.0,2.6,90.0,gi_sheet,0.002,rcc_slab,0.1,none,0.0,east,1.5,0.6,0.65,1.2,19.039,34.215,0.4345,-23.056
Kargil,34.5584,76.1334,cold,3.0,3.0,2.6,0.0,rammed_earth,0.3,aerated_concrete,0.2,sheep_wool,0.05,west,0.9,0.9,0.85,2.6,11.316,13.345,0.0,-16.96
Kargil,34.5584,76.1334,cold,3.0,3.0,2.6,45.0,timber,0.1,concrete,0.15,eps,0.025,west,0.9,0.6,0.45,2.6,12.776,17.015,0.0,-16.873
Kargil,34.5584,76.1334,cold,3.0,3.0,2.6,45.0,brick,0.115,mud_brick,0.15,xps,0.05,east,0.9,0.6,0.85,5.8,12.607,15.686,0.0,-16.924
Kargil,34.5584,76.1334,cold,3.0,3.0,2.6,180.0,rammed_earth,0.45,mud_brick,0.15,mineral_wool,0.15,west,0.9,1.5,0.35,2.6,10.099,11.382,0.0,-16.976
Kargil,34.5584,76.1334,cold,3.0,3.0,2.6,45.0,brick,0.345,gi_sheet,0.002,xps,0.15,south,1.2,1.2,0.85,2.0,10.476,12.057,0.0,-16.965
Kargil,34.5584,76.1334,cold,3.0,3.0,2.6,45.0,stone,0.15,gi_sheet,0.002,mineral_wool,0.05,west,1.2,1.2,0.35,2.0,12.205,15.009,0.0,-16.94
Kargil,34.5584,76.1334,cold,3.0,3.0,2.6,180.0,timber,0.2,aerated_concrete,0.2,xps,0.15,south,0.9,0.9,0.55,3.5,9.551,11.47,0.0,-16.874
Kargil,34.5584,76.1334,cold,3.0,3.0,2.6,45.0,rammed_earth,0.45,aerated_concrete,0.2,none,0.0,east,0.6,0.9,0.45,5.8,12.966,15.4,0.0,-16.975
Kargil,34.5584,76.1334,cold,3.0,3.0,2.6,0.0,mud_brick,0.3,stone,0.15,xps,0.05,east,0.9,0.9,0.65,1.2,11.643,13.48,0.0,-16.967
Kargil,34.5584,76.1334,cold,3.0,3.0,2.6,135.0,brick,0.23,rcc_slab,0.1,none,0.0,north,1.8,0.6,0.75,2.6,18.505,25.08,0.6012,-16.953
Kargil,34.5584,76.1334,cold,3.0,3.0,2.6,0.0,timber,0.15,aerated_concrete,0.2,xps,0.15,north,0.9,1.5,0.85,2.0,10.51,13.154,0.0,-16.852
Kargil,34.5584,76.1334,cold,3.0,3.0,2.6,45.0,puf_sandwich_panel,0.075,timber,0.15,eps,0.05,north,1.5,1.5,0.45,1.2,12.194,16.758,0.0,-16.695
Kargil,34.5584,76.1334,cold,3.0,3.0,2.6,90.0,plywood,0.012,gi_sheet,0.002,eps,0.1,east,1.8,1.5,0.45,1.6,12.411,19.582,0.0655,-16.624
Kargil,34.5584,76.1334,cold,3.0,3.0,2.6,0.0,plywood,0.03,timber,0.1,xps,0.15,east,0.9,1.2,0.65,5.8,11.985,16.468,0.0,-16.718
Kargil,34.5584,76.1334,cold,3.0,3.0,2.6,45.0,puf_sandwich_panel,0.05,timber,0.1,sheep_wool,0.1,south,1.2,1.5,0.75,3.5,11.535,18.15,0.006,-16.664
Kargil,34.5584,76.1334,cold,3.0,3.0,2.6,0.0,gi_sheet,0.002,concrete,0.1,eps,0.025,west,1.8,0.9,0.65,2.0,14.942,23.444,0.2917,-16.8
Kargil,34.5584,76.1334,cold,3.0,3.0,2.6,45.0,mud_brick,0.15,concrete,0.15,eps,0.2,east,0.6,0.6,0.35,5.8,9.475,10.788,0.0,-16.94
Kargil,34.5584,76.1334,cold,3.0,3.0,2.6,180.0,stone,0.3,mud_brick,0.15,eps,0.2,east,0.9,1.2,0.75,2.6,10.276,11.625,0.0,-16.976
Kargil,34.5584,76.1334,cold,3.0,3.0,2.6,90.0,puf_sandwich_panel,0.075,timber,0.15,sheep_wool,0.15,south,1.5,0.6,0.75,5.8,9.943,14.123,0.0,-16.703
Kargil,34.5584,76.1334,cold,3.0,3.0,2.6,180.0,plywood,0.012,aerated_concrete,0.1,sheep_wool,0.05,north,0.6,0.9,0.35,2.0,12.728,19.098,0.0536,-16.673
Kargil,34.5584,76.1334,cold,3.0,3.0,2.6,90.0,concrete,0.1,rcc_slab,0.25,sheep_wool,0.1,south,1.5,1.5,0.65,5.8,12.515,15.664,0.0,-16.939
Kargil,34.5584,76.1334,cold,3.0,3.0,2.6,90.0,mud_brick,0.45,puf_sandwich_panel,0.05,sheep_wool,0.1,north,1.5,1.2,0.35,1.6,10.534,11.965,0.0,-16.974
Kargil,34.5584,76.1334,cold,3.0,3.0,2.6,45.0,brick,0.23,timber,0.1,eps,0.05,south,1.2,0.9,0.45,2.0,11.606,13.931,0.0,-16.948
Kargil,34.5584,76.1334,cold,3.0,3.0,2.6,135.0,stone,0.15,stone,0.3,eps,0.15,north,1.2,0.9,0.65,3.5,11.482,13.245,0.0,-16.964
Kargil,34.5584,76.1334,cold,3.0,3.0,2.6,135.0,gi_sheet,0.002,rcc_slab,0.2,xps,0.05,east,0.9,0.9,0.75,1.6,13.133,17.673,0.0,-16.865
Kargil,34.5584,76.1334,cold,3.0,3.0,2.6,0.0,gi_sheet,0.002,brick,0.115,xps,0.15,east,0.6,0.9,0.75,3.5,11.514,15.41,0.0,-16.803
Kargil,34.5584,76.1334,cold,3.0,3.0,2.6,0.0,puf_sandwich_panel,0.1,aerated_concrete,0.2,eps,0.05,south,0.9,1.5,0.85,1.2,11.092,15.951,0.0,-16.718
Kargil,34.5584,76.1334,cold,3.0,3.0,2.6,90.0,stone,0.15,mud_brick,0.15,xps,0.1,south,1.5,0.9,0.35,1.6,10.718,12.562,0.0,-16.951
Kargil,34.5584,76.1334,cold,3.0,3.0,2.6,135.0,puf_sandwich_panel,0.1,mud_brick,0.15,xps,0.15,east,0.6,0.9,0.75,5.8,9.286,11.814,0.0,-16.812
Kargil,34.5584,76.1334,cold,3.0,3.0,2.6,90.0,concrete,0.1,concrete,0.15,sheep_wool,0.1,north,1.8,0.9,0.65,2.6,13.496,16.593,0.0,-16.928
Kargil,34.5584,76.1334,cold,3.0,3.0,2.6,0.0,brick,0.115,brick,0.115,eps,0.1,north,0.9,1.5,0.45,5.8,11.383,13.999,0.0,-16.918
Kargil,34.5584,76.1334,cold,3.0,3.0,2.6,45.0,plywood,0.019,puf_sandwich_panel,0.05,eps,0.05,east,1.5,0.9,0.35,5.8,12.542,18.974,0.0536,-16.618
Kargil,34.5584,76.1334,cold,3.0,3.0,2.6,90.0,mud_brick,0.15,mud_brick,0.25,xps,0.05,south,1.5,1.5,0.45,5.8,12.311,15.229,0.0,-16.943
Kargil,34.5584,76.1334,cold,3.0,3.0,2.6,180.0,aerated_concrete,0.2,timber,0.1,mineral_wool,0.05,east,0.9,0.9,0.65,2.6,11.146,14.486,0.0,-16.857
Kargil,34.5584,76.1334,cold,3.0,3.0,2.6,180.0,gi_sheet,0.002,aerated_concrete,0.1,mineral_wool,0.1,north,1.8,0.6,0.65,1.6,12.548,18.13,0.0119,-16.721
Kargil,34.5584,76.1334,cold,3.0,3.0,2.6,135.0,gi_sheet,0.002,gi_sheet,0.002,xps,0.1,south,0.6,0.9,0.45,2.0,11.61,16.615,0.0,-16.668
Kargil,34.5584,76.1334,cold,3.0,3.0,2.6,90.0,aerated_concrete,0.1,puf_sandwich_panel,0.075,eps,0.2,south,1.8,1.5,0.85,2.6,12.387,18.881,0.0238,-16.766
Kargil,34.5584,76.1334,cold,3.0,3.0,2.6,135.0,timber,0.15,aerated_concrete,0.1,mineral_wool,0.1,south,1.5,0.6,0.75,2.0,10.48,13.475,0.0,-16.841
Kargil,34.5584,76.1334,cold,3.0,3.0,2.6,45.0,brick,0.23,timber,0.15,xps,0.1,south,1.2,1.2,0.65,2.6,10.929,12.97,0.0,-16.949
Kargil,34.5584,76.1334,cold,3.0,3.0,2.6,135.0,puf_sandwich_panel,0.05,aerated_concrete,0.2,xps,0.05,east,0.9,0.9,0.75,3.5,10.641,15.264,0.0,-16.714
Kargil,34.5584,76.1334,cold,3.0,3.0,2.6,135.0,plywood,0.019,gi_sheet,0.002,eps,0.1,west,1.5,1.2,0.65,5.8,13.719,19.867,0.1786,-16.642
Kargil,34.5584,76.1334,cold,3.0,3.0,2.6,180.0,mud_brick,0.45,aerated_concrete,0.1,mineral_wool,0.15,west,0.9,0.6,0.65,1.6,9.613,10.701,0.0,-16.976
Kargil,34.5584,76.1334,cold,3.0,3.0,2.6,135.0,mud_brick,0.45,rcc_slab,0.1,sheep_wool,0.1,east,1.2,0.6,0.55,1.6,9.816,11.012,0.0,-16.977
Kargil,34.5584,76.1334,cold,3.0,3.0,2.6,0.0,puf_sandwich_panel,0.075,aerated_concrete,0.2,sheep_wool,0.05,west,1.8,0.9,0.45,2.6,10.676,15.473,0.0,-16.715
Kargil,34.5584,76.1334,cold,3.0,3.0,2.6,0.0,plywood,0.012,aerated_concrete,0.2,mineral_wool,0.15,west,0.9,0.6,0.75,5.8,10.572,14.855,0.0,-16.751
Kargil,34.5584,76.1334,cold,3.0,3.0,2.6,180.0,timber,0.15,puf_sandwich_panel,0.15,mineral_wool,0.15,north,0.9,0.6,0.35,2.6,9.152,11.212,0.0,-16.831
Kargil,34.5584,76.1334,cold,3.0,3.0,2.6,180.0,stone,0.15,mud_brick,0.15,xps,0.05,south,1.5,0.9,0.65,2.0,12.665,15.286,0.0,-16.95
Kargil,34.5584,76.1334,cold,3.0,3.0,2.6,135.0,concrete,0.15,concrete,0.2,sheep_wool,0.05,west,0.6,1.5,0.75,3.5,13.436,16.348,0.0,-16.951
Kargil,34.5584,76.1334,cold,3.0,3.0,2.6,0.0,concrete,0.15,brick,0.115,xps,0.15,west,0.6,1.2,0.85,5.8,10.59,12.578,0.0,-16.943
Kargil,34.5584,76.1334,cold,3.0,3.0,2.6,135.0,gi_sheet,0.002,mud_brick,0.25,sheep_wool,0.15,west,1.8,1.2,0.65,1.2,14.039,17.927,0.0,-16.868
Kargil,34.5584,76.1334,cold,3.0,3.0,2.6,0.0,gi_sheet,0.002,puf_sandwich_panel,0.05,eps,0.025,south,0.9,1.5,0.55,2.6,13.831,22.714,0.2619,-16.639
Kargil,34.5584,76.1334,cold,3.0,3.0,2.6,180.0,mud_brick,0.45,mud_brick,0.25,eps,0.2,east,1.8,0.9,0.75,1.2,9.808,10.994,0.0,-16.979
Kargil,34.5584,76.1334,cold,3.0,3.0,2.6,90.0,mud_brick,0.15,stone,0.15,eps,0.025,east,1.5,0.6,0.45,2.6,13.303,16.673,0.0,-16.941
Kargil,34.5584,76.1334,cold,3.0,3.0,2.6,180.0,timber,0.15,aerated_concrete,0.2,none,0.0,east,1.5,0.6,0.75,5.8,13.169,18.371,0.0179,-16.848
Kargil,34.5584,76.1334,cold,3.0,3.0,2.6,0.0,timber,0.2,puf_sandwich_panel,0.15,xps,0.15,south,1.2,0.6,0.85,1.2,9.509,11.736,0.0,-16.852
Kargil,34.5584,76.1334,cold,3.0,3.0,2.6,0.0,concrete,0.15,puf_sandwich_panel,0.15,eps,0.1,north,1.5,1.2,0.85,1.6,11.726,14.225,0.0,-16.93
Kargil,34.5584,76.1334,cold,3.0,3.0,2.6,45.0,timber,0.2,concrete,0.2,xps,0.15,west,1.2,0.9,0.45,1.6,9.463,11.108,0.0,-16.914
Kargil,34.5584,76.1334,cold,3.0,3.0,2.6,45.0,gi_sheet,0.002,mud_brick,0.25,xps,0.05,west,0.9,0.6,0.85,5.8,12.371,16.551,0.0,-16.868
Kargil,34.5584,76.1334,cold,3.0,3.0,2.6,45.0,puf_sandwich_panel,0.075,gi_sheet,0.002,eps,0.025,south,0.9,1.5,0.35,5.8,12.022,19.235,0.0476,-16.598
Kargil,34.5584,76.1334,cold,3.0,3.0,2.6,135.0,plywood,0.03,timber,0.15,mineral_wool,0.05,north,1.8,1.2,0.75,2.0,15.226,22.329,0.3631,-16.736
Kargil,34.5584,76.1334,cold,3.0,3.0,2.6,180.0,gi_sheet,0.002,timber,0.1,sheep_wool,0.15,south,1.8,1.5,0.45,2.0,12.727,18.098,0.0119,-16.709
Kargil,34.5584,76.1334,cold,3.0,3.0,2.6,180.0,brick,0.345,stone,0.15,none,0.0,north,1.2,0.6,0.65,1.2,16.698,21.397,0.3929,-16.972
Kargil,34.5584,76.1334,cold,3.0,3.0,2.6,90.0,aerated_concrete,0.3,rcc_slab,0.2,xps,0.15,east,1.2,1.2,0.55,2.6,10.047,11.855,0.0,-16.926
Kargil,34.5584,76.1334,cold,3.0,3.0,2.6,180.0,puf_sandwich_panel,0.075,stone,0.15,xps,0.1,north,0.9,1.5,0.85,2.0,10.845,14.102,0.0,-16.843
Kargil,34.5584,76.1334,cold,3.0,3.0,2.6,180.0,puf_sandwich_panel,0.05,puf_sandwich_panel,0.075,eps,0.05,south,0.9,1.5,0.55,3.5,10.481,15.151,0.0,-16.576
Kargil,34.5584,76.1334,cold,3.0,3.0,2.6,0.0,mud_brick,0.45,brick,0.23,sheep_wool,0.1,west,1.2,1.5,0.45,2.0,10.141,11.471,0.0,-16.978
Kargil,34.5584,76.1334,cold,3.0,3.0,2.6,180.0,gi_sheet,0.002,stone,0.15,none,0.0,east,1.2,1.5,0.75,5.8,18.979,33.225,0.4821,-22.491
Kargil,34.5584,76.1334,cold,3.0,3.0,2.6,135.0,timber,0.2,timber,0.15,eps,0.15,south,1.5,1.5,0.85,3.5,11.595,15.282,0.0,-16.865
Kargil,34.5584,76.1334,cold,3.0,3.0,2.6,135.0,plywood,0.019,aerated_concrete,0.1,mineral_wool,0.15,west,1.8,0.6,0.85,1.2,12.479,16.936,0.0,-16.718
Kargil,34.5584,76.1334,cold,3.0,3.0,2.6,90.0,plywood,0.05,brick,0.115,mineral_wool,0.1,east,1.8,1.2,0.85,5.8,13.002,18.452,0.0238,-16.819
Kargil,34.5584,76.1334,cold,3.0,3.0,2.6,45.0,aerated_concrete,0.3,concrete,0.1,mineral_wool,0.05,south,1.5,1.2,0.35,3.5,11.425,14.35,0.0,-16.907
Kargil,34.5584,76.1334,cold,3.0,3.0,2.6,180.0,brick,0.23,concrete,0.2,sheep_wool,0.1,south,1.8,1.5,0.45,1.2,11.568,13.52,0.0,-16.958
Kargil,34.5584,76.1334,cold,3.0,3.0,2.6,180.0,rammed_earth,0.15,gi_sheet,0.002,xps,0.05,west,1.8,0.9,0.55,1.6,13.79,17.301,0.0,-16.914
Kargil,34.5584,76.1334,cold,3.0,3.0,2.6,45.0,concrete,0.2,aerated_concrete,0.1,eps,0.15,north,1.2,0.6,0.55,1.6,10.426,11.98,0.0,-16.951
Kargil,34.5584,76.1334,cold,3.0,3.0,2.6,135.0,aerated_concrete,0.1,brick,0.23,eps,0.2,west,1.2,1.2,0.75,3.5,12.016,14.699,0.0,-16.887
Kargil,34.5584,76.1334,cold,3.0,3.0,2.6,45.0,mud_brick,0.15,rcc_slab,0.1,sheep_wool,0.15,east,0.9,1.2,0.85,3.5,11.883,14.273,0.0,-16.933
Kargil,34.5584,76.1334,cold,3.0,3.0,2.6,180.0,mud_brick,0.15,puf_sandwich_panel,0.1,sheep_wool,0.05,south,0.9,1.5,0.65,1.2,11.986,14.716,0.0,-16.918
Kargil,34.5584,76.1334,cold,3.0,3.0,2.6,180.0,mud_brick,0.45,concrete,0.15,none,0.0,west,1.8,1.5,0.85,1.2,18.591,23.41,0.7083,-16.976
Kargil,34.5584,76.1334,cold,3.0,3.0,2.6,45.0,timber,0.2,concrete,0.2,eps,0.1,north,1.5,0.9,0.55,2.0,11.303,13.553,0.0,-16.913
Kargil,34.5584,76.1334,cold,3.0,3.0,2.6,0.0,brick,0.345,gi_sheet,0.002,eps,0.025,north,0.9,0.9,0.85,3.5,12.773,15.304,0.0,-16.966
Kargil,34.5584,76.1334,cold,3.0,3.0,2.6,0.0,rammed_earth,0.45,concrete,0.2,mineral_wool,0.15,north,0.9,0.9,0.55,5.8,9.35,10.397,0.0,-16.978
Kargil,34.5584,76.1334,cold,3.0,3.0,2.6,135.0,puf_sandwich_panel,0.1,brick,0.115,sheep_wool,0.1,east,0.6,0.6,0.45,5.8,9.462,12.253,0.0,-16.781
Kargil,34.5584,76.1334,cold,3.0,3.0,2.6,0.0,mud_brick,0.45,rcc_slab,0.15,mineral_wool,0.05,west,1.2,1.2,0.85,1.6,11.294,13.052,0.0,-16.978
Kargil,34.5584,76.1334,cold,3.0,3.0,2.6,0.0,gi_sheet,0.002,timber,0.15,xps,0.05,south,1.5,1.5,0.55,2.0,13.32,20.651,0.1488,-16.729
Kargil,34.5584,76.1334,cold,3.0,3.0,2.6,0.0,brick,0.23,aerated_concrete,0.1,eps,0.15,west,1.2,0.6,0.45,2.6,9.761,11.187,0.0,-16.949
Kargil,34.5584,76.1334,cold,3.0,3.0,2.6,90.0,stone,0.45,mud_brick,0.15,sheep_wool,0.05,south,1.5,0.9,0.55,2.0,11.134,12.993,0.0,-16.985
Kargil,34.5584,76.1334,cold,3.0,3.0,2.6,135.0,puf_sandwich_panel,0.05,brick,0.115,xps,0.15,west,0.9,0.6,0.35,2.6,9.337,11.712,0.0,-16.783
Kargil,34.5584,76.1334,cold,3.0,3.0,2.6,45.0,concrete,0.1,aerated_concrete,0.1,xps,0.1,south,0.6,0.6,0.85,2.6,10.811,13.292,0.0,-16.91
Kargil,34.5584,76.1334,cold,3.0,3.0,2.6,45.0,timber,0.1,timber,0.15,xps,0.1,north,1.5,1.5,0.75,3.5,13.939,18.415,0.0417,-16.811
Kargil,34.5584,76.1334,cold,3.0,3.0,2.6,180.0,mud_brick,0.45,stone,0.3,xps,0.15,north,1.5,1.5,0.85,1.2,10.7,12.5,0.0,-16.981
Kargil,34.5584,76.1334,cold,3.0,3.0,2.6,135.0,puf_sandwich_panel,0.05,gi_sheet,0.002,eps,0.15,north,1.8,0.6,0.85,1.6,11.568,16.545,0.0,-16.612
Kargil,34.5584,76.1334,cold,3.0,3.0,2.6,180.0,rammed_earth,0.3,concrete,0.2,mineral_wool,0.05,north,1.2,0.9,0.75,2.6,11.756,13.789,0.0,-16.966
Kargil,34.5584,76.1334,cold,3.0,3.0,2.6,180.0,gi_sheet,0.002,mud_brick,0.25,eps,0.2,west,1.5,1.5,0.35,2.0,13.024,16.43,0.0,-16.869
Kargil,34.5584,76.1334,cold,3.0,3.0,2.6,0.0,mud_brick,0.15,stone,0.3,mineral_wool,0.15,north,0.9,1.5,0.75,2.0,10.472,12.032,0.0,-16.955
Kargil,34.5584,76.1334,cold,3.0,3.0,2.6,135.0,stone,0.3,stone,0.3,sheep_wool,0.05,west,0.6,0.6,0.45,2.0,11.413,13.243,0.0,-16.981
Kargil,34.5584,76.1334,cold,3.0,3.0,2.6,135.0,aerated_concrete,0.3,timber,0.15,sheep_wool,0.1,north,1.5,1.2,0.55,2.0,11.973,14.829,0.0,-16.892
Kargil,34.5584,76.1334,cold,3.0,3.0,2.6,135.0,mud_brick,0.15,mud_brick,0.25,xps,0.05,east,0.9,0.9,0.65,1.2,11.789,14.222,0.0,-16.944
Kargil,34.5584,76.1334,cold,3.0,3.0,2.6,180.0,plywood,0.03,puf_sandwich_panel,0.15,mineral_wool,0.1,south,1.8,1.2,0.65,5.8,12.268,17.828,0.0,-16.673
Kargil,34.5584,76.1334,cold,3.0,3.0,2.6,180.0,concrete,0.2,rcc_slab,0.25,mineral_wool,0.15,south,0.6,1.5,0.35,3.5,10.341,11.743,0.0,-16.964
Kargil,34.5584,76.1334,cold,3.0,3.0,2.6,0.0,brick,0.345,brick,0.115,xps,0.15,east,1.2,1.2,0.75,1.2,11.712,13.507,0.0,-16.969
Kargil,34.5584,76.1334,cold,3.0,3.0,2.6,90.0,concrete,0.2,aerated_concrete,0.2,eps,0.025,east,1.2,1.5,0.35,3.5,13.089,16.143,0.0,-16.951
Kargil,34.5584,76.1334,cold,3.0,3.0,2.6,180.0,gi_sheet,0.002,brick,0.23,eps,0.2,south,0.6,1.2,0.55,3.5,11.256,14.048,0.0,-16.864
Kargil,34.5584,76.1334,cold,3.0,3.0,2.6,135.0,timber,0.15,timber,0.15,xps,0.15,east,1.5,1.2,0.35,2.6,10.121,12.939,0.0,-16.845
Kargil,34.5584,76.1334,cold,3.0,3.0,2.6,90.0,timber,0.15,rcc_slab,0.25,eps,0.1,south,1.5,0.9,0.35,5.8,10.474,12.735,0.0,-16.913
Kargil,34.5584,76.1334,cold,3.0,3.0,2.6,180.0,stone,0.15,mud_brick,0.15,eps,0.05,west,0.9,0.9,0.45,5.8,12.848,15.518,0.0,-16.951
Kargil,34.5584,76.1334,cold,3.0,3.0,2.6,180.0,stone,0.3,brick,0.115,mineral_wool,0.15,south,1.2,0.6,0.85,5.8,10.365,11.79,0.0,-16.975
Kargil,34.5584,76.1334,cold,3.0,3.0,2.6,90.0,rammed_earth,0.15,aerated_concrete,0.1,mineral_wool,0.05,south,0.6,1.5,0.35,1.6,11.597,14.343,0.0,-16.92
Kargil,34.5584,76.1334,cold,3.0,3.0,2.6,90.0,brick,0.23,brick,0.23,xps,0.1,north,1.5,1.5,0.85,1.2,14.652,17.577,0.0,-16.958
Kargil,34.5584,76.1334,cold,3.0,3.0,2.6,90.0,concrete,0.3,brick,0.23,sheep_wool,0.05,south,1.2,1.2,0.55,5.8,12.002,14.1,0.0,-16.973
Kargil,34.5584,76.1334,cold,3.0,3.0,2.6,135.0,plywood,0.05,mud_brick,0.15,eps,0.2,west,0.6,1.2,0.85,3.5,10.957,13.649,0.0,-16.837
Kargil,34.5584,76.1334,cold,3.0,3.0,2.6,0.0,plywood,0.05,brick,0.115,eps,0.15,east,0.6,0.6,0.85,2.6,10.488,13.368,0.0,-16.816
Kargil,34.5584,76.1334,cold,3.0,3.0,2.6,90.0,stone,0.3,gi_sheet,0.002,eps,0.025,south,0.6,0.9,0.75,3.5,12.885,15.402,0.0,-16.973
Kargil,34.5584,76.1334,cold,3.0,3.0,2.6,45.0,timber,0.15,gi_sheet,0.002,eps,0.15,north,0.9,0.6,0.65,1.6,10.015,12.446,0.0,-16.825
Kargil,34.5584,76.1334,cold,3.0,3.0,2.6,90.0,concrete,0.1,brick,0.23,sheep_wool,0.1,north,1.8,1.5,0.85,2.6,16.503,20.703,0.3631,-16.932
Kargil,34.5584,76.1334,cold,3.0,3.0,2.6,135.0,gi_sheet,0.002,puf_sandwich_panel,0.1,eps,0.1,west,1.2,1.2,0.55,1.6,12.942,18.296,0.0298,-16.649
Kargil,34.5584,76.1334,cold,3.0,3.0,2.6,45.0,gi_sheet,0.002,concrete,0.15,mineral_wool,0.05,east,0.6,1.5,0.35,2.6,12.924,17.749,0.0,-16.841
Kargil,34.5584,76.1334,cold,3.0,3.0,2.6,45.0,rammed_earth,0.45,puf_sandwich_panel,0.1,none,0.0,south,0.9,1.5,0.55,2.6,12.617,14.982,0.0,-16.972
Kargil,34.5584,76.1334,cold,3.0,3.0,2.6,0.0,concrete,0.15,stone,0.15,eps,0.025,east,1.2,1.2,0.55,1.6,14.797,18.621,0.0357,-16.948
Kargil,34.5584,76.1334,cold,3.0,3.0,2.6,180.0,stone,0.15,puf_sandwich_panel,0.075,mineral_wool,0.15,east,1.8,1.5,0.75,2.6,12.71,15.861,0.0,-16.938
Kargil,34.5584,76.1334,cold,3.0,3.0,2.6,180.0,brick,0.115,rcc_slab,0.15,eps,0.15,south,0.6,1.5,0.45,5.8,10.868,12.885,0.0,-16.928
Kargil,34.5584,76.1334,cold,3.0,3.0,2.6,0.0,rammed_earth,0.45,rcc_slab,0.25,sheep_wool,0.1,west,1.2,0.6,0.35,1.6,9.561,10.672,0.0,-16.979
Kargil,34.5584,76.1334,cold,3.0,3.0,2.6,90.0,puf_sandwich_panel,0.05,rcc_slab,0.1,mineral_wool,0.05,north,1.5,1.2,0.85,2.6,15.05,20.778,0.2976,-16.785
Kargil,34.5584,76.1334,cold,3.0,3.0,2.6,180.0,aerated_concrete,0.1,aerated_concrete,0.1,sheep_wool,0.1,east,1.8,0.6,0.45,5.8,11.06,15.056,0.0,-16.793
Kargil,34.5584,76.1334,cold,3.0,3.0,2.6,180.0,stone,0.3,puf_sandwich_panel,0.1,eps,0.025,east,1.8,0.6,0.65,5.8,12.407,14.66,0.0,-16.972
Kargil,34.5584,76.1334,cold,3.0,3.0,2.6,135.0,stone,0.3,timber,0.15,sheep_wool,0.15,west,0.9,0.6,0.75,1.6,10.343,11.703,0.0,-16.974
Kargil,34.5584,76.1334,cold,3.0,3.0,2.6,45.0,brick,0.23,timber,0.15,mineral_wool,0.1,north,0.9,0.6,0.65,3.5,10.59,12.22,0.0,-16.951
Kargil,34.5584,76.1334,cold,3.0,3.0,2.6,180.0,mud_brick,0.45,gi_sheet,0.002,xps,0.05,west,1.5,1.5,0.45,5.8,12.547,14.67,0.0,-16.973
Kargil,34.5584,76.1334,cold,3.0,3.0,2.6,0.0,mud_brick,0.15,stone,0.15,none,0.0,south,0.9,1.2,0.75,1.2,17.961,25.137,0.5298,-16.941
Kargil,34.5584,76.1334,cold,3.0,3.0,2.6,45.0,stone,0.3,rcc_slab,0.2,xps,0.15,west,1.2,0.6,0.75,1.6,9.612,10.758,0.0,-16.978
Kargil,34.5584,76.1334,cold,3.0,3.0,2.6,0.0,aerated_concrete,0.3,aerated_concrete,0.2,eps,0.1,west,0.6,1.5,0.45,2.6,9.78,11.82,0.0,-16.897
Kargil,34.5584,76.1334,cold,3.0,3.0,2.6,180.0,concrete,0.15,timber,0.15,sheep_wool,0.1,south,1.2,1.5,0.65,2.6,12.221,14.776,0.0,-16.935
Kargil,34.5584,76.1334,cold,3.0,3.0,2.6,180.0,aerated_concrete,0.3,mud_brick,0.25,none,0.0,south,0.9,0.9,0.55,2.6,13.221,16.78,0.0,-16.927
Kargil,34.5584,76.1334,cold,3.0,3.0,2.6,180.0,mud_brick,0.15,concrete,0.15,xps,0.1,south,0.9,1.2,0.65,2.0,11.014,12.983,0.0,-16.939
Kargil,34.5584,76.1334,cold,3.0,3.0,2.6,180.0,puf_sandwich_panel,0.1,puf_sandwich_panel,0.075,xps,0.1,south,0.9,0.9,0.65,1.6,9.214,12.608,0.0,-16.599
Kargil,34.5584,76.1334,cold,3.0,3.0,2.6,180.0,mud_brick,0.3,concrete,0.1,sheep_wool,0.15,south,1.5,0.6,0.35,1.6,9.658,10.807,0.0,-16.964
Kargil,34.5584,76.1334,cold,3.0,3.0,2.6,135.0,concrete,0.2,rcc_slab,0.1,mineral_wool,0.15,east,0.6,1.5,0.35,5.8,10.479,12.047,0.0,-16.956
Kargil,34.5584,76.1334,cold,3.0,3.0,2.6,90.0,concrete,0.1,timber,0.15,xps,0.15,north,0.6,0.9,0.45,2.0,10.514,12.509,0.0,-16.913
Kargil,34.5584,76.1334,cold,3.0,3.0,2.6,135.0,plywood,0.012,aerated_concrete,0.1,mineral_wool,0.15,north,1.8,0.9,0.65,3.5,13.165,18.672,0.0595,-16.707
Kargil,34.5584,76.1334,cold,3.0,3.0,2.6,90.0,gi_sheet,0.002,aerated_concrete,0.2,sheep_wool,0.15,east,1.8,0.9,0.75,2.6,12.155,17.643,0.0,-16.75
Kargil,34.5584,76.1334,cold,3.0,3.0,2.6,90.0,rammed_earth,0.3,rcc_slab,0.2,sheep_wool,0.15,west,0.6,0.9,0.85,2.0,9.624,10.772,0.0,-16.967
Kargil,34.5584,76.1334,cold,3.0,3.0,2.6,180.0,puf_sandwich_panel,0.15,mud_brick,0.25,eps,0.15,south,1.5,1.5,0.45,2.6,10.076,12.376,0.0,-16.863
Kargil,34.5584,76.1334,cold,3.0,3.0,2.6,45.0,gi_sheet,0.002,mud_brick,0.15,sheep_wool,0.1,south,1.5,0.6,0.65,2.0,11.799,16.299,0.0,-16.822
Kargil,34.5584,76.1334,cold,3.0,3.0,2.6,90.0,brick,0.23,mud_brick,0.15,eps,0.05,north,1.5,1.5,0.65,1.6,14.536,17.685,0.0,-16.953
Kargil,34.5584,76.1334,cold,3.0,3.0,2.6,90.0,concrete,0.2,concrete,0.2,mineral_wool,0.15,east,1.2,0.9,0.65,3.5,10.473,12.0,0.0,-16.962
Kargil,34.5584,76.1334,cold,3.0,3.0,2.6,180.0,aerated_concrete,0.1,puf_sandwich_panel,0.075,xps,0.15,east,1.8,1.5,0.85,2.0,12.658,19.246,0.0476,-16.765
Kargil,34.5584,76.1334,cold,3.0,3.0,2.6,90.0,brick,0.115,timber,0.15,eps,0.025,north,0.9,0.6,0.75,2.0,13.749,17.694,0.0,-16.909
Kargil,34.5584,76.1334,cold,3.0,3.0,2.6,180.0,timber,0.1,mud_brick,0.15,eps,0.05,south,0.9,1.5,0.35,1.2,11.589,14.924,0.0,-16.861
Kargil,34.5584,76.1334,cold,3.0,3.0,2.6,135.0,concrete,0.15,concrete,0.15,eps,0.1,west,0.9,1.2,0.85,5.8,12.695,15.17,0.0,-16.947
Kargil,34.5584,76.1334,cold,3.0,3.0,2.6,90.0,concrete,0.1,rcc_slab,0.25,sheep_wool,0.05,north,1.8,0.6,0.75,2.6,13.882,17.174,0.0,-16.941
Kargil,34.5584,76.1334,cold,3.0,3.0,2.6,90.0,gi_sheet,0.002,stone,0.15,mineral_wool,0.1,east,1.2,0.9,0.35,5.8,11.486,15.007,0.0,-16.856
Kargil,34.5584,76.1334,cold,3.0,3.0,2.6,45.0,rammed_earth,0.3,puf_sandwich_panel,0.05,eps,0.025,west,1.2,1.5,0.65,5.8,12.411,15.061,0.0,-16.955
Kargil,34.5584,76.1334,cold,3.0,3.0,2.6,180.0,brick,0.23,gi_sheet,0.002,mineral_wool,0.1,east,1.8,1.5,0.75,5.8,12.844,16.072,0.0,-16.944
Kargil,34.5584,76.1334,cold,3.0,3.0,2.6,0.0,rammed_earth,0.15,brick,0.115,eps,0.025,south,0.6,1.5,0.55,1.2,13.575,17.373,0.0,-16.93
Kargil,34.5584,76.1334,cold,3.0,3.0,2.6,180.0,stone,0.3,concrete,0.1,mineral_wool,0.05,north,1.5,0.9,0.85,1.6,12.418,14.579,0.0,-16.975
Kargil,34.5584,76.1334,cold,3.0,3.0,2.6,135.0,concrete,0.2,rcc_slab,0.1,eps,0.2,south,0.6,1.2,0.85,2.6,10.275,11.737,0.0,-16.956
Kargil,34.5584,76.1334,cold,3.0,3.0,2.6,180.0,aerated_concrete,0.2,gi_sheet,0.002,xps,0.05,west,0.6,1.5,0.85,5.8,12.946,16.933,0.0,-16.844
Kargil,34.5584,76.1334,cold,3.0,3.0,2.6,135.0,stone,0.15,mud_brick,0.15,sheep_wool,0.15,west,1.2,1.2,0.75,1.2,12.519,14.773,0.0,-16.95
Kargil,34.5584,76.1334,cold,3.0,3.0,2.6,0.0,gi_sheet,0.002,rcc_slab,0.2,xps,0.15,north,1.5,0.9,0.75,2.6,11.455,14.801,0.0,-16.867
Kargil,34.5584,76.1334,cold,3.0,3.0,2.6,90.0,concrete,0.3,timber,0.1,xps,0.15,north,1.2,0.9,0.75,3.5,11.244,12.895,0.0,-16.968
Kargil,34.5584,76.1334,cold,3.0,3.0,2.6,135.0,stone,0.15,mud_brick,0.25,eps,0.2,west,0.6,1.2,0.55,2.0,10.617,12.088,0.0,-16.957
Kargil,34.5584,76.1334,cold,3.0,3.0,2.6,135.0,puf_sandwich_panel,0.15,stone,0.15,sheep_wool,0.05,west,1.2,1.5,0.65,1.6,12.771,16.426,0.0,-16.843
Kargil,34.5584,76.1334,cold,3.0,3.0,2.6,180.0,aerated_concrete,0.2,brick,0.23,sheep_wool,0.1,north,0.6,1.2,0.85,2.0,10.642,12.925,0.0,-16.909
Kargil,34.5584,76.1334,cold,3.0,3.0,2.6,180.0,timber,0.15,timber,0.1,eps,0.05,east,1.8,1.2,0.55,2.6,12.128,16.79,0.0,-16.831
Kargil,34.5584,76.1334,cold,3.0,3.0,2.6,45.0,rammed_earth,0.15,mud_brick,0.15,sheep_wool,0.1,south,0.9,0.6,0.65,3.5,10.739,12.844,0.0,-16.934
Kargil,34.5584,76.1334,cold,3.0,3.0,2.6,45.0,gi_sheet,0.002,gi_sheet,0.002,eps,0.1,north,0.9,0.9,0.75,2.0,12.349,17.993,0.0,-16.664
Kargil,34.5584,76.1334,cold,3.0,3.0,2.6,45.0,rammed_earth,0.15,concrete,0.1,eps,0.1,east,0.9,1.2,0.85,5.8,12.361,15.076,0.0,-16.93
Kargil,34.5584,76.1334,cold,3.0,3.0,2.6,0.0,stone,0.3,timber,0.1,sheep_wool,0.1,north,0.6,1.2,0.65,2.6,10.318,11.722,0.0,-16.973
Kargil,34.5584,76.1334,cold,3.0,3.0,2.6,45.0,concrete,0.2,concrete,0.15,eps,0.1,east,0.6,1.5,0.75,1.6,11.545,13.502,0.0,-16.958
Kargil,34.5584,76.1334,cold,3.0,3.0,2.6,90.0,brick,0.115,brick,0.115,mineral_wool,0.15,south,0.9,0.6,0.45,3.5,10.145,12.032,0.0,-16.922
Kargil,34.5584,76.1334,cold,3.0,3.0,2.6,135.0,mud_brick,0.3,aerated_concrete,0.1,eps,0.15,east,1.8,1.5,0.35,5.8,10.879,12.748,0.0,-16.958
Kargil,34.5584,76.1334,cold,3.0,3.0,2.6,90.0,rammed_earth,0.3,concrete,0.2,mineral_wool,0.1,north,1.5,1.2,0.55,2.0,12.028,13.939,0.0,-16.966
Kargil,34.5584,76.1334,cold,3.0,3.0,2.6,45.0,stone,0.3,aerated_concrete,0.1,mineral_wool,0.05,north,1.8,1.2,0.75,2.0,13.569,16.037,0.0,-16.972
Kargil,34.5584,76.1334,cold,3.0,3.0,2.6,45.0,puf_sandwich_panel,0.1,gi_sheet,0.002,sheep_wool,0.05,south,1.2,1.2,0.35,1.6,10.772,16.407,0.0,-16.605
Kargil,34.5584,76.1334,cold,3.0,3.0,2.6,45.0,plywood,0.05,mud_brick,0.15,sheep_wool,0.05,south,0.6,0.6,0.85,1.2,11.974,16.224,0.0,-16.833
Kargil,34.5584,76.1334,cold,3.0,3.0,2.6,0.0,puf_sandwich_panel,0.15,mud_brick,0.15,eps,0.2,north,0.9,0.9,0.45,1.6,8.742,10.654,0.0,-16.815
Kargil,34.5584,76.1334,cold,3.0,3.0,2.6,45.0,gi_sheet,0.002,rcc_slab,0.2,eps,0.025,east,1.8,0.6,0.85,5.8,15.377,21.847,0.3036,-16.864
Kargil,34.5584,76.1334,cold,3.0,3.0,2.6,90.0,concrete,0.1,gi_sheet,0.002,eps,0.1,east,0.9,0.9,0.85,3.5,11.564,14.461,0.0,-16.904
Kargil,34.5584,76.1334,cold,3.0,3.0,2.6,0.0,concrete,0.3,rcc_slab,0.2,xps,0.15,south,1.2,1.5,0.35,1.2,9.9,11.147,0.0,-16.973
Kargil,34.5584,76.1334,cold,3.0,3.0,2.6,0.0,puf_sandwich_panel,0.1,stone,0.15,eps,0.025,west,1.8,1.5,0.75,2.0,13.516,19.474,0.0536,-16.841
Kargil,34.5584,76.1334,cold,3.0,3.0,2.6,90.0,concrete,0.3,mud_brick,0.15,xps,0.1,south,0.6,0.9,0.85,3.5,10.147,11.47,0.0,-16.972
Kargil,34.5584,76.1334,cold,3.0,3.0,2.6,0.0,gi_sheet,0.002,rcc_slab,0.1,eps,0.05,west,1.8,1.5,0.85,2.6,14.738,23.375,0.2679,-16.8
Kargil,34.5584,76.1334,cold,3.0,3.0,2.6,135.0,mud_brick,0.15,brick,0.23,mineral_wool,0.15,west,1.5,0.6,0.85,1.2,11.361,13.243,0.0,-16.944
Kargil,34.5584,76.1334,cold,3.0,3.0,2.6,0.0,brick,0.345,gi_sheet,0.002,mineral_wool,0.05,south,1.8,0.6,0.65,1.6,11.522,13.484,0.0,-16.966
Kargil,34.5584,76.1334,cold,3.0,3.0,2.6,135.0,mud_brick,0.15,gi_sheet,0.002,eps,0.05,north,0.9,0.9,0.55,5.8,12.654,15.76,0.0,-16.92
Kargil,34.5584,76.1334,cold,3.0,3.0,2.6,180.0,timber,0.1,timber,0.15,mineral_wool,0.15,west,1.5,1.5,0.85,5.8,15.446,20.703,0.3036,-16.821
Kargil,34.5584,76.1334,cold,3.0,3.0,2.6,0.0,puf_sandwich_panel,0.15,rcc_slab,0.1,mineral_wool,0.1,south,0.6,1.5,0.75,1.6,9.939,13.0,0.0,-16.797
Kargil,34.5584,76.1334,cold,3.0,3.0,2.6,180.0,rammed_earth,0.45,rcc_slab,0.25,sheep_wool,0.1,south,1.2,1.5,0.55,5.8,10.641,12.218,0.0,-16.978
Kargil,34.5584,76.1334,cold,3.0,3.0,2.6,45.0,mud_brick,0.15,gi_sheet,0.002,eps,0.2,west,1.8,0.9,0.75,1.2,10.575,12.823,0.0,-16.919
Kargil,34.5584,76.1334,cold,3.0,3.0,2.6,0.0,concrete,0.3,aerated_concrete,0.2,mineral_wool,0.1,south,1.2,0.9,0.55,3.5,10.453,11.906,0.0,-16.969
Kargil,34.5584,76.1334,cold,3.0,3.0,2.6,0.0,timber,0.15,puf_sandwich_panel,0.15,mineral_wool,0.15,east,1.2,1.2,0.35,2.6,10.551,13.142,0.0,-16.828
Kargil,34.5584,76.1334,cold,3.0,3.0,2.6,90.0,rammed_earth,0.15,brick,0.115,sheep_wool,0.15,south,1.8,0.6,0.55,2.0,10.47,12.504,0.0,-16.93
Kargil,34.5584,76.1334,cold,3.0,3.0,2.6,180.0,concrete,0.15,timber,0.1,xps,0.1,east,0.9,0.6,0.75,2.6,11.174,13.325,0.0,-16.936
Kargil,34.5584,76.1334,cold,3.0,3.0,2.6,90.0,timber,0.2,puf_sandwich_panel,0.075,eps,0.2,north,1.2,0.6,0.75,3.5,10.401,12.653,0.0,-16.852
Kargil,34.5584,76.1334,cold,3.0,3.0,2.6,180.0,mud_brick,0.15,concrete,0.15,eps,0.025,south,0.6,1.5,0.45,2.6,13.489,16.918,0.0,-16.939
Kargil,34.5584,76.1334,cold,3.0,3.0,2.6,180.0,plywood,0.019,puf_sandwich_panel,0.075,mineral_wool,0.15,west,1.2,0.6,0.45,2.6,11.141,15.189,0.0,-16.667
Kargil,34.5584,76.1334,cold,3.0,3.0,2.6,135.0,aerated_concrete,0.1,puf_sandwich_panel,0.075,eps,0.025,west,1.8,1.5,0.45,5.8,14.065,19.99,0.1488,-16.757
Kargil,34.5584,76.1334,cold,3.0,3.0,2.6,90.0,plywood,0.012,gi_sheet,0.002,xps,0.05,east,1.5,1.5,0.45,5.8,13.283,21.574,0.2143,-16.621
Kargil,34.5584,76.1334,cold,3.0,3.0,2.6,90.0,plywood,0.019,mud_brick,0.15,eps,0.05,east,0.9,1.5,0.75,1.2,13.05,18.464,0.0238,-16.815
Kargil,34.5584,76.1334,cold,3.0,3.0,2.6,135.0,mud_brick,0.45,concrete,0.15,none,0.0,east,1.8,0.9,0.45,1.6,15.737,19.625,0.244,-16.977
Kargil,34.5584,76.1334,cold,3.0,3.0,2.6,0.0,aerated_concrete,0.1,mud_brick,0.15,eps,0.025,south,1.8,1.2,0.45,2.6,13.563,18.812,0.0476,-16.857
Kargil,34.5584,76.1334,cold,3.0,3.0,2.6,0.0,rammed_earth,0.3,gi_sheet,0.002,eps,0.1,east,1.8,0.6,0.65,1.2,11.439,13.272,0.0,-16.957
Kargil,34.5584,76.1334,cold,3.0,3.0,2.6,90.0,concrete,0.3,stone,0.3,eps,0.2,west,0.6,1.2,0.45,2.0,9.176,10.153,0.0,-16.977
Kargil,34.5584,76.1334,cold,3.0,3.0,2.6,45.0,puf_sandwich_panel,0.075,puf_sandwich_panel,0.1,eps,0.025,south,0.9,0.9,0.65,5.8,10.132,15.169,0.0,-16.579
Kargil,34.5584,76.1334,cold,3.0,3.0,2.6,135.0,puf_sandwich_panel,0.15,timber,0.1,eps,0.1,south,1.5,1.5,0.85,2.6,11.476,17.615,0.0,-16.678
Kargil,34.5584,76.1334,cold,3.0,3.0,2.6,45.0,timber,0.1,stone,0.15,eps,0.025,south,1.2,1.2,0.85,3.5,13.821,18.995,0.0417,-16.88
Kargil,34.5584,76.1334,cold,3.0,3.0,2.6,135.0,mud_brick,0.45,aerated_concrete,0.1,xps,0.1,south,1.8,1.2,0.35,1.6,9.894,11.123,0.0,-16.974
Kargil,34.5584,76.1334,cold,3.0,3.0,2.6,90.0,gi_sheet,0.002,timber,0.15,eps,0.05,west,1.8,1.2,0.75,5.8,13.674,20.645,0.1845,-16.729
Kargil,34.5584,76.1334,cold,3.0,3.0,2.6,180.0,gi_sheet,0.002,aerated_concrete,0.1,sheep_wool,0.15,south,1.8,1.2,0.55,2.0,12.698,18.051,0.0119,-16.706
Kargil,34.5584,76.1334,cold,3.0,3.0,2.6,135.0,brick,0.115,stone,0.3,xps,0.1,west,0.6,1.2,0.65,5.8,11.462,13.436,0.0,-16.949
Kargil,34.5584,76.1334,cold,3.0,3.0,2.6,90.0,plywood,0.019,aerated_concrete,0.2,eps,0.05,east,0.6,1.5,0.55,1.6,12.142,17.658,0.0,-16.734
Kargil,34.5584,76.1334,cold,3.0,3.0,2.6,135.0,concrete,0.15,gi_sheet,0.002,eps,0.025,west,0.6,0.6,0.85,2.6,14.296,18.204,0.0119,-16.933
Kargil,34.5584,76.1334,cold,3.0,3.0,2.6,45.0,stone,0.45,brick,0.115,sheep_wool,0.1,west,0.9,1.5,0.85,5.8,10.615,12.292,0.0,-16.985
Kargil,34.5584,76.1334,cold,3.0,3.0,2.6,90.0,puf_sandwich_panel,0.1,stone,0.15,mineral_wool,0.15,south,1.2,0.6,0.55,3.5,9.209,11.369,0.0,-16.851
Kargil,34.5584,76.1334,cold,3.0,3.0,2.6,0.0,mud_brick,0.45,mud_brick,0.15,xps,0.1,east,1.2,0.6,0.75,1.2,10.245,11.627,0.0,-16.978
Kargil,34.5584,76.1334,cold,3.0,3.0,2.6,90.0,mud_brick,0.15,puf_sandwich_panel,0.15,xps,0.05,north,0.6,0.9,0.55,2.0,11.237,13.524,0.0,-16.92
Kargil,34.5584,76.1334,cold,3.0,3.0,2.6,0.0,plywood,0.012,mud_brick,0.15,mineral_wool,0.1,east,1.2,0.6,0.55,1.6,11.737,15.563,0.0,-16.818
Kargil,34.5584,76.1334,cold,3.0,3.0,2.6,90.0,brick,0.23,brick,0.23,mineral_wool,0.15,east,0.6,0.6,0.65,2.6,9.57,10.716,0.0,-16.961
Kargil,34.5584,76.1334,cold,3.0,3.0,2.6,180.0,stone,0.3,stone,0.15,eps,0.2,west,1.5,1.5,0.75,2.6,13.311,15.868,0.0,-16.976
Kargil,34.5584,76.1334,cold,3.0,3.0,2.6,0.0,concrete,0.2,puf_sandwich_panel,0.15,sheep_wool,0.1,west,0.6,1.5,0.85,2.6,10.837,12.845,0.0,-16.949
Kargil,34.5584,76.1334,cold,3.0,3.0,2.6,0.0,rammed_earth,0.15,gi_sheet,0.002,sheep_wool,0.15,east,0.9,1.5,0.85,1.6,13.034,15.99,0.0,-16.915
Kargil,34.5584,76.1334,cold,3.0,3.0,2.6,135.0,gi_sheet,0.002,concrete,0.2,eps,0.025,south,1.2,1.5,0.45,1.6,14.825,20.98,0.2143,-16.864
Kargil,34.5584,76.1334,cold,3.0,3.0,2.6,135.0,stone,0.45,aerated_concrete,0.1,mineral_wool,0.05,east,0.6,0.6,0.85,1.2,10.696,12.362,0.0,-16.985
Kargil,34.5584,76.1334,cold,3.0,3.0,2.6,90.0,stone,0.45,rcc_slab,0.1,sheep_wool,0.15,south,0.9,0.9,0.55,1.2,9.417,10.548,0.0,-16.986
Kargil,34.5584,76.1334,cold,3.0,3.0,2.6,180.0,mud_brick,0.15,aerated_concrete,0.1,sheep_wool,0.15,north,1.5,1.2,0.75,1.6,11.805,14.518,0.0,-16.921
Kargil,34.5584,76.1334,cold,3.0,3.0,2.6,180.0,plywood,0.05,timber,0.1,xps,0.15,north,0.6,1.2,0.55,3.5,10.258,13.759,0.0,-16.745
Kargil,34.5584,76.1334,cold,3.0,3.0,2.6,135.0,plywood,0.012,aerated_concrete,0.1,sheep_wool,0.05,north,1.2,0.6,0.75,1.6,13.601,20.384,0.1786,-16.672
Kargil,34.5584,76.1334,cold,3.0,3.0,2.6,45.0,gi_sheet,0.002,brick,0.115,eps,0.025,east,1.8,0.6,0.55,2.0,15.045,22.606,0.3155,-16.796
Kargil,34.5584,76.1334,cold,3.0,3.0,2.6,135.0,timber,0.2,gi_sheet,0.002,eps,0.15,west,1.5,1.2,0.75,1.2,12.634,15.873,0.0,-16.85
Kargil,34.5584,76.1334,cold,3.0,3.0,2.6,135.0,timber,0.15,gi_sheet,0.002,sheep_wool,0.1,north,1.2,1.5,0.35,1.2,11.526,15.002,0.0,-16.819
Kargil,34.5584,76.1334,cold,3.0,3.0,2.6,180.0,puf_sandwich_panel,0.075,brick,0.23,mineral_wool,0.05,west,0.9,1.5,0.85,1.2,13.496,17.391,0.0,-16.853
Kargil,34.5584,76.1334,cold,3.0,3.0,2.6,0.0,stone,0.45,puf_sandwich_panel,0.15,eps,0.05,east,1.8,0.9,0.35,2.0,10.896,12.632,0.0,-16.984
Kargil,34.5584,76.1334,cold,3.0,3.0,2.6,0.0,puf_sandwich_panel,0.15,timber,0.1,xps,0.05,north,0.6,1.5,0.65,1.6,9.939,13.685,0.0,-16.675
Kargil,34.5584,76.1334,cold,3.0,3.0,2.6,0.0,brick,0.23,rcc_slab,0.1,xps,0.15,west,1.2,1.5,0.45,1.2,10.264,11.93,0.0,-16.953
Kargil,34.5584,76.1334,cold,3.0,3.0,2.6,45.0,rammed_earth,0.3,rcc_slab,0.15,none,0.0,west,1.5,0.9,0.65,5.8,16.88,22.086,0.4226,-16.964
Kargil,34.5584,76.1334,cold,3.0,3.0,2.6,135.0,mud_brick,0.3,puf_sandwich_panel,0.05,xps,0.1,south,0.9,1.5,0.85,1.2,10.496,12.083,0.0,-16.959
Kargil,34.5584,76.1334,cold,3.0,3.0,2.6,0.0,gi_sheet,0.002,puf_sandwich_panel,0.05,xps,0.05,south,1.8,0.6,0.65,1.6,12.493,19.726,0.0714,-16.644
Kargil,34.5584,76.1334,cold,3.0,3.0,2.6,135.0,puf_sandwich_panel,0.15,rcc_slab,0.15,sheep_wool,0.1,north,1.2,1.2,0.85,5.8,12.584,16.485,0.0,-16.83
Kargil,34.5584,76.1334,cold,3.0,3.0,2.6,90.0,gi_sheet,0.002,puf_sandwich_panel,0.1,sheep_wool,0.05,south,0.6,1.2,0.65,1.2,12.292,18.992,0.0357,-16.644
Kargil,34.5584,76.1334,cold,3.0,3.0,2.6,45.0,plywood,0.019,gi_sheet,0.002,mineral_wool,0.05,south,0.6,0.9,0.85,1.6,12.553,19.639,0.0655,-16.649
Kargil,34.5584,76.1334,cold,3.0,3.0,2.6,180.0,concrete,0.1,rcc_slab,0.1,mineral_wool,0.05,east,1.8,1.2,0.75,5.8,14.206,18.695,0.0238,-16.92
Kargil,34.5584,76.1334,cold,3.0,3.0,2.6,90.0,plywood,0.03,aerated_concrete,0.2,eps,0.15,west,1.8,0.9,0.85,1.2,11.398,15.574,0.0,-16.753
Kargil,34.5584,76.1334,cold,3.0,3.0,2.6,90.0,plywood,0.03,brick,0.23,mineral_wool,0.1,west,0.6,1.5,0.75,1.2,11.032,13.924,0.0,-16.866
Kargil,34.5584,76.1334,cold,3.0,3.0,2.6,90.0,concrete,0.1,timber,0.15,eps,0.15,west,0.9,1.5,0.45,3.5,10.777,13.032,0.0,-16.911
Kargil,34.5584,76.1334,cold,3.0,3.0,2.6,180.0,aerated_concrete,0.3,stone,0.15,eps,0.2,south,1.5,0.9,0.35,1.6,9.274,10.628,0.0,-16.922
Kargil,34.5584,76.1334,cold,3.0,3.0,2.6,45.0,aerated_concrete,0.2,brick,0.115,xps,0.1,east,1.2,1.5,0.35,1.2,11.178,13.811,0.0,-16.882
Kargil,34.5584,76.1334,cold,3.0,3.0,2.6,135.0,rammed_earth,0.3,timber,0.15,sheep_wool,0.05,east,1.2,0.6,0.35,1.6,11.019,12.826,0.0,-16.959
Kargil,34.5584,76.1334,cold,3.0,3.0,2.6,180.0,stone,0.45,puf_sandwich_panel,0.05,eps,0.2,north,0.6,1.5,0.85,1.6,9.665,10.943,0.0,-16.984
Kargil,34.5584,76.1334,cold,3.0,3.0,2.6,45.0,plywood,0.05,gi_sheet,0.002,sheep_wool,0.15,south,1.8,1.2,0.45,3.5,11.318,17.049,0.0,-16.701
Kargil,34.5584,76.1334,cold,3.0,3.0,2.6,135.0,gi_sheet,0.002,rcc_slab,0.25,eps,0.025,south,0.9,1.2,0.35,3.5,14.424,19.782,0.0714,-16.883
Kargil,34.5584,76.1334,cold,3.0,3.0,2.6,180.0,rammed_earth,0.3,brick,0.23,mineral_wool,0.1,east,1.8,1.5,0.55,2.0,11.48,13.52,0.0,-16.964
Kargil,34.5584,76.1334,cold,3.0,3.0,2.6,45.0,stone,0.3,puf_sandwich_panel,0.075,xps,0.15,west,1.8,1.2,0.45,2.0,10.087,11.423,0.0,-16.971
Kargil,34.5584,76.1334,cold,3.0,3.0,2.6,90.0,aerated_concrete,0.1,aerated_concrete,0.2,sheep_wool,0.05,south,1.2,0.9,0.65,1.6,11.813,16.302,0.0,-16.815
Kargil,34.5584,76.1334,cold,3.0,3.0,2.6,45.0,brick,0.23,aerated_concrete,0.1,eps,0.025,east,1.2,0.6,0.75,2.0,13.392,16.469,0.0,-16.949
Kargil,34.5584,76.1334,cold,3.0,3.0,2.6,135.0,aerated_concrete,0.1,concrete,0.15,xps,0.05,south,1.8,1.5,0.65,5.8,13.222,18.106,0.0119,-16.869
Kargil,34.5584,76.1334,cold,3.0,3.0,2.6,45.0,concrete,0.1,puf_sandwich_panel,0.15,eps,0.1,west,0.9,0.6,0.85,3.5,10.745,13.239,0.0,-16.904
Kargil,34.5584,76.1334,cold,3.0,3.0,2.6,45.0,puf_sandwich_panel,0.05,mud_brick,0.15,xps,0.1,south,1.8,1.2,0.85,5.8,12.244,17.794,0.0,-16.807
Kargil,34.5584,76.1334,cold,3.0,3.0,2.6,135.0,concrete,0.15,rcc_slab,0.2,mineral_wool,0.15,west,1.2,0.6,0.85,2.0,11.385,13.209,0.0,-16.952
Kargil,34.5584,76.1334,cold,3.0,3.0,2.6,135.0,stone,0.45,rcc_slab,0.1,eps,0.05,north,0.9,1.2,0.45,5.8,11.478,13.473,0.0,-16.985
Kargil,34.5584,76.1334,cold,3.0,3.0,2.6,45.0,brick,0.23,rcc_slab,0.1,mineral_wool,0.05,south,0.6,0.9,0.55,3.5,11.673,13.918,0.0,-16.954
Kargil,34.5584,76.1334,cold,3.0,3.0,2.6,45.0,stone,0.3,aerated_concrete,0.1,sheep_wool,0.1,west,0.9,0.6,0.35,3.5,10.094,11.423,0.0,-16.973
Kargil,34.5584,76.1334,cold,3.0,3.0,2.6,0.0,puf_sandwich_panel,0.15,concrete,0.2,eps,0.025,south,0.9,0.9,0.45,2.6,11.16,14.497,0.0,-16.857
Kargil,34.5584,76.1334,cold,3.0,3.0,2.6,45.0,rammed_earth,0.3,puf_sandwich_panel,0.075,eps,0.05,east,0.6,0.6,0.65,1.2,10.629,12.229,0.0,-16.957
Kargil,34.5584,76.1334,cold,3.0,3.0,2.6,180.0,puf_sandwich_panel,0.15,gi_sheet,0.002,eps,0.15,east,1.2,1.2,0.65,1.6,9.979,15.056,0.0,-16.629
Kargil,34.5584,76.1334,cold,3.0,3.0,2.6,135.0,aerated_concrete,0.1,rcc_slab,0.15,mineral_wool,0.05,west,1.8,1.5,0.65,3.5,15.1,19.872,0.1786,-16.87
Kargil,34.5584,76.1334,cold,3.0,3.0,2.6,180.0,aerated_concrete,0.1,brick,0.115,xps,0.1,east,0.9,1.2,0.75,1.6,11.127,14.625,0.0,-16.846
Kargil,34.5584,76.1334,cold,3.0,3.0,2.6,45.0,rammed_earth,0.45,gi_sheet,0.002,none,0.0,south,1.2,0.9,0.85,5.8,16.951,21.918,0.4464,-16.973
Kargil,34.5584,76.1334,cold,3.0,3.0,2.6,45.0,mud_brick,0.15,puf_sandwich_panel,0.15,eps,0.05,east,1.8,0.9,0.45,1.2,12.22,15.027,0.0,-16.917
Kargil,34.5584,76.1334,cold,3.0,3.0,2.6,45.0,concrete,0.2,stone,0.15,xps,0.05,west,0.6,1.2,0.45,2.0,11.561,13.654,0.0,-16.96
Kargil,34.5584,76.1334,cold,3.0,3.0,2.6,135.0,plywood,0.019,gi_sheet,0.002,xps,0.05,north,0.9,0.9,0.35,1.2,12.655,18.955,0.0536,-16.639
Kargil,34.5584,76.1334,cold,3.0,3.0,2.6,0.0,stone,0.15,puf_sandwich_panel,0.1,xps,0.05,north,0.6,1.2,0.65,1.6,11.335,13.596,0.0,-16.941
Kargil,34.5584,76.1334,cold,3.0,3.0,2.6,45.0,aerated_concrete,0.3,mud_brick,0.25,mineral_wool,0.15,west,0.6,1.2,0.75,1.2,9.426,10.89,0.0,-16.929
Kargil,34.5584,76.1334,cold,3.0,3.0,2.6,0.0,stone,0.45,aerated_concrete,0.2,eps,0.1,south,1.8,1.2,0.35,2.6,10.139,11.603,0.0,-16.984
Kargil,34.5584,76.1334,cold,3.0,3.0,2.6,135.0,mud_brick,0.3,mud_brick,0.15,sheep_wool,0.05,north,0.9,1.2,0.65,3.5,12.277,14.452,0.0,-16.965
Kargil,34.5584,76.1334,cold,3.0,3.0,2.6,0.0,plywood,0.012,stone,0.15,mineral_wool,0.1,east,1.5,0.9,0.35,1.6,11.906,15.443,0.0,-16.85
Kargil,34.5584,76.1334,cold,3.0,3.0,2.6,0.0,plywood,0.019,gi_sheet,0.002,eps,0.2,west,1.8,0.9,0.85,3.5,11.645,18.787,0.0179,-16.654
Kargil,34.5584,76.1334,cold,3.0,3.0,2.6,135.0,timber,0.15,rcc_slab,0.1,mineral_wool,0.1,west,1.5,0.6,0.45,1.2,10.732,13.141,0.0,-16.876
Kargil,34.5584,76.1334,cold,3.0,3.0,2.6,0.0,brick,0.23,rcc_slab,0.15,eps,0.1,west,1.8,1.2,0.85,1.2,12.018,14.573,0.0,-16.955
Kargil,34.5584,76.1334,cold,3.0,3.0,2.6,45.0,timber,0.2,gi_sheet,0.002,sheep_wool,0.1,north,1.2,0.6,0.65,5.8,10.965,13.762,0.0,-16.852
Kargil,34.5584,76.1334,cold,3.0,3.0,2.6,90.0,puf_sandwich_panel,0.15,brick,0.115,sheep_wool,0.15,north,0.6,0.6,0.65,2.6,9.37,11.695,0.0,-16.787
Kargil,34.5584,76.1334,cold,3.0,3.0,2.6,45.0,plywood,0.012,gi_sheet,0.002,mineral_wool,0.05,east,0.9,0.9,0.65,1.2,13.283,20.496,0.1667,-16.633
Kargil,34.5584,76.1334,cold,3.0,3.0,2.6,90.0,timber,0.2,timber,0.1,none,0.0,west,0.6,1.2,0.55,1.6,12.813,17.221,0.0,-16.86
Kargil,34.5584,76.1334,cold,3.0,3.0,2.6,90.0,concrete,0.3,concrete,0.15,xps,0.15,south,0.9,1.2,0.65,2.0,9.941,11.172,0.0,-16.972
Kargil,34.5584,76.1334,cold,3.0,3.0,2.6,0.0,aerated_concrete,0.2,gi_sheet,0.002,eps,0.2,east,1.2,0.9,0.85,3.5,11.924,14.934,0.0,-16.847
Kargil,34.5584,76.1334,cold,3.0,3.0,2.6,45.0,mud_brick,0.45,puf_sandwich_panel,0.075,sheep_wool,0.05,south,0.6,0.6,0.75,1.6,9.889,11.116,0.0,-16.975
Kargil,34.5584,76.1334,cold,3.0,3.0,2.6,0.0,timber,0.1,timber,0.15,xps,0.1,west,1.8,0.6,0.35,2.0,10.113,13.219,0.0,-16.814
Kargil,34.5584,76.1334,cold,3.0,3.0,2.6,180.0,timber,0.1,brick,0.115,xps,0.05,north,1.8,1.2,0.45,2.0,12.419,16.76,0.0,-16.846
Kargil,34.5584,76.1334,cold,3.0,3.0,2.6,0.0,aerated_concrete,0.1,gi_sheet,0.002,sheep_wool,0.1,north,0.6,1.5,0.35,5.8,10.718,14.494,0.0,-16.773
Kargil,34.5584,76.1334,cold,3.0,3.0,2.6,45.0,concrete,0.1,stone,0.3,xps,0.05,west,1.8,1.2,0.55,5.8,12.778,15.823,0.0,-16.948
Kargil,34.5584,76.1334,cold,3.0,3.0,2.6,135.0,plywood,0.03,timber,0.1,eps,0.025,east,0.9,1.2,0.65,2.0,13.753,21.475,0.2024,-16.705
Kargil,34.5584,76.1334,cold,3.0,3.0,2.6,45.0,gi_sheet,0.002,concrete,0.1,sheep_wool,0.05,north,0.6,0.9,0.65,2.0,13.293,18.96,0.0417,-16.801
Kargil,34.5584,76.1334,cold,3.0,3.0,2.6,180.0,puf_sandwich_panel,0.15,aerated_concrete,0.2,eps,0.05,west,1.8,0.9,0.35,1.2,10.987,14.639,0.0,-16.722
Kargil,34.5584,76.1334,cold,3.0,3.0,2.6,45.0,rammed_earth,0.45,timber,0.15,xps,0.1,south,1.2,0.6,0.65,3.5,9.622,10.735,0.0,-16.974
Kargil,34.5584,76.1334,cold,3.0,3.0,2.6,45.0,mud_brick,0.3,concrete,0.1,sheep_wool,0.05,west,1.5,1.5,0.85,5.8,12.871,15.639,0.0,-16.962
Kargil,34.5584,76.1334,cold,3.0,3.0,2.6,0.0,stone,0.15,gi_sheet,0.002,mineral_wool,0.05,west,1.5,1.2,0.65,2.0,12.896,16.259,0.0,-16.94
Kargil,34.5584,76.1334,cold,3.0,3.0,2.6,180.0,stone,0.3,puf_sandwich_panel,0.15,mineral_wool,0.1,south,0.9,0.6,0.55,1.2,10.054,11.336,0.0,-16.973
Kargil,34.5584,76.1334,cold,3.0,3.0,2.6,45.0,gi_sheet,0.002,brick,0.23,sheep_wool,0.15,east,1.8,0.9,0.45,1.2,12.121,15.661,0.0,-16.862
Kargil,34.5584,76.1334,cold,3.0,3.0,2.6,90.0,brick,0.345,concrete,0.1,mineral_wool,0.1,north,1.8,0.9,0.85,2.0,12.929,15.146,0.0,-16.969
Kargil,34.5584,76.1334,cold,3.0,3.0,2.6,45.0,rammed_earth,0.45,puf_sandwich_panel,0.05,eps,0.1,north,0.9,1.2,0.35,5.8,9.977,11.228,0.0,-16.973
Kargil,34.5584,76.1334,cold,3.0,3.0,2.6,45.0,puf_sandwich_panel,0.1,brick,0.23,eps,0.15,north,1.8,0.6,0.65,3.5,10.637,13.022,0.0,-16.854
Kargil,34.5584,76.1334,cold,3.0,3.0,2.6,135.0,aerated_concrete,0.2,stone,0.15,sheep_wool,0.15,west,0.6,1.5,0.85,2.0,11.155,13.343,0.0,-16.905
Kargil,34.5584,76.1334,cold,3.0,3.0,2.6,0.0,gi_sheet,0.002,concrete,0.15,xps,0.1,south,1.8,0.9,0.85,5.8,12.754,17.846,0.0,-16.84
Kargil,34.5584,76.1334,cold,3.0,3.0,2.6,90.0,aerated_concrete,0.1,brick,0.115,none,0.0,north,1.5,1.2,0.75,2.6,18.681,28.822,0.5417,-16.842
Kargil,34.5584,76.1334,cold,3.0,3.0,2.6,180.0,aerated_concrete,0.3,concrete,0.15,eps,0.15,south,1.8,1.5,0.35,3.5,10.53,12.579,0.0,-16.916
Kargil,34.5584,76.1334,cold,3.0,3.0,2.6,0.0,puf_sandwich_panel,0.1,gi_sheet,0.002,eps,0.1,west,1.5,1.5,0.45,3.5,10.834,17.009,0.0,-16.613
Kargil,34.5584,76.1334,cold,3.0,3.0,2.6,90.0,puf_sandwich_panel,0.05,puf_sandwich_panel,0.05,eps,0.025,east,0.9,1.2,0.65,5.8,11.083,17.028,0.0,-16.57
Kargil,34.5584,76.1334,cold,3.0,3.0,2.6,0.0,timber,0.1,stone,0.15,xps,0.15,east,1.8,0.9,0.55,2.6,12.018,14.827,0.0,-16.883
Kargil,34.5584,76.1334,cold,3.0,3.0,2.6,0.0,timber,0.1,rcc_slab,0.1,none,0.0,east,1.5,0.9,0.45,2.6,18.069,28.325,0.5,-16.849
Kargil,34.5584,76.1334,cold,3.0,3.0,2.6,90.0,stone,0.45,brick,0.23,eps,0.15,north,1.5,1.5,0.75,1.2,12.243,14.787,0.0,-16.986
Kargil,34.5584,76.1334,cold,3.0,3.0,2.6,45.0,mud_brick,0.15,gi_sheet,0.002,sheep_wool,0.15,north,1.5,0.6,0.45,3.5,10.671,12.684,0.0,-16.92
Kargil,34.5584,76.1334,cold,3.0,3.0,2.6,135.0,aerated_concrete,0.1,aerated_concrete,0.1,xps,0.1,north,0.9,1.5,0.45,5.8,11.714,15.596,0.0,-16.794
Kargil,34.5584,76.1334,cold,3.0,3.0,2.6,0.0,mud_brick,0.45,concrete,0.1,sheep_wool,0.15,south,1.5,1.2,0.75,5.8,10.693,12.306,0.0,-16.976
Kargil,34.5584,76.1334,cold,3.0,3.0,2.6,90.0,brick,0.23,timber,0.1,sheep_wool,0.15,north,1.5,0.6,0.65,2.0,11.05,12.798,0.0,-16.949
Kargil,34.5584,76.1334,cold,3.0,3.0,2.6,0.0,concrete,0.3,puf_sandwich_panel,0.05,none,0.0,north,0.6,0.9,0.55,5.8,15.184,19.13,0.0952,-16.967
Kargil,34.5584,76.1334,cold,3.0,3.0,2.6,180.0,plywood,0.019,mud_brick,0.25,eps,0.05,north,0.6,1.2,0.45,2.6,12.365,16.241,0.0,-16.864
Kargil,34.5584,76.1334,cold,3.0,3.0,2.6,45.0,puf_sandwich_panel,0.05,mud_brick,0.25,eps,0.025,north,0.6,1.5,0.75,2.6,12.387,16.028,0.0,-16.857
Kargil,34.5584,76.1334,cold,3.0,3.0,2.6,45.0,timber,0.15,brick,0.115,mineral_wool,0.05,east,0.6,0.6,0.55,5.8,11.379,14.46,0.0,-16.873
Kargil,34.5584,76.1334,cold,3.0,3.0,2.6,45.0,timber,0.15,aerated_concrete,0.2,eps,0.025,west,1.8,0.9,0.75,2.0,12.445,16.896,0.0,-16.847
Kargil,34.5584,76.1334,cold,3.0,3.0,2.6,135.0,rammed_earth,0.3,brick,0.115,sheep_wool,0.1,east,1.2,0.6,0.65,1.2,10.485,12.025,0.0,-16.962
Kargil,34.5584,76.1334,cold,3.0,3.0,2.6,90.0,mud_brick,0.15,mud_brick,0.15,eps,0.1,north,1.5,0.9,0.65,3.5,12.489,15.011,0.0,-16.935
Kargil,34.5584,76.1334,cold,3.0,3.0,2.6,90.0,timber,0.15,brick,0.115,eps,0.2,south,0.6,0.9,0.55,1.2,9.169,11.049,0.0,-16.873
Kargil,34.5584,76.1334,cold,3.0,3.0,2.6,45.0,plywood,0.03,concrete,0.2,sheep_wool,0.05,north,1.5,0.9,0.85,5.8,14.276,19.056,0.0595,-16.865
Kargil,34.5584,76.1334,cold,3.0,3.0,2.6,135.0,mud_brick,0.45,aerated_concrete,0.2,none,0.0,east,0.9,0.9,0.45,5.8,12.412,14.589,0.0,-16.976
Kargil,34.5584,76.1334,cold,3.0,3.0,2.6,180.0,stone,0.15,brick,0.23,mineral_wool,0.05,west,0.9,0.9,0.45,2.0,12.746,15.268,0.0,-16.956
Kargil,34.5584,76.1334,cold,3.0,3.0,2.6,135.0,concrete,0.3,mud_brick,0.15,sheep_wool,0.15,north,1.5,1.2,0.65,1.2,11.962,13.919,0.0,-16.97
Kargil,34.5584,76.1334,cold,3.0,3.0,2.6,135.0,rammed_earth,0.45,aerated_concrete,0.1,sheep_wool,0.05,south,1.5,0.9,0.35,5.8,10.964,12.609,0.0,-16.973
Kargil,34.5584,76.1334,cold,3.0,3.0,2.6,90.0,rammed_earth,0.3,mud_brick,0.15,xps,0.15,west,1.2,0.6,0.65,5.8,9.619,10.803,0.0,-16.963
Kargil,34.5584,76.1334,cold,3.0,3.0,2.6,90.0,gi_sheet,0.002,mud_brick,0.25,xps,0.05,west,0.6,1.2,0.65,2.6,12.33,16.208,0.0,-16.868
Kargil,34.5584,76.1334,cold,3.0,3.0,2.6,0.0,mud_brick,0.15,concrete,0.1,sheep_wool,0.15,west,0.6,0.6,0.45,2.0,9.817,11.436,0.0,-16.934
Kargil,34.5584,76.1334,cold,3.0,3.0,2.6,0.0,concrete,0.2,timber,0.1,mineral_wool,0.15,east,0.6,0.6,0.45,1.6,9.975,11.378,0.0,-16.953
Kargil,34.5584,76.1334,cold,3.0,3.0,2.6,45.0,puf_sandwich_panel,0.1,mud_brick,0.15,eps,0.1,north,0.6,1.5,0.35,3.5,9.914,12.464,0.0,-16.809
Kargil,34.5584,76.1334,cold,3.0,3.0,2.6,45.0,brick,0.115,puf_sandwich_panel,0.1,none,0.0,north,0.9,1.2,0.65,2.6,17.04,24.337,0.4524,-16.898
Kargil,34.5584,76.1334,cold,3.0,3.0,2.6,180.0,rammed_earth,0.45,rcc_slab,0.2,xps,0.05,south,0.9,0.6,0.45,1.2,10.35,11.781,0.0,-16.978
Kargil,34.5584,76.1334,cold,3.0,3.0,2.6,45.0,concrete,0.15,puf_sandwich_panel,0.15,eps,0.15,east,1.8,0.9,0.65,2.6,12.072,14.565,0.0,-16.931
Kargil,34.5584,76.1334,cold,3.0,3.0,2.6,135.0,stone,0.45,aerated_concrete,0.1,xps,0.15,north,1.2,0.6,0.45,1.2,9.571,10.769,0.0,-16.985
Kargil,34.5584,76.1334,cold,3.0,3.0,2.6,90.0,timber,0.15,gi_sheet,0.002,eps,0.025,south,1.8,1.2,0.35,1.6,12.963,18.586,0.0238,-16.816
Kargil,34.5584,76.1334,cold,3.0,3.0,2.6,0.0,plywood,0.03,aerated_concrete,0.1,eps,0.15,east,1.5,0.6,0.65,2.6,11.586,15.863,0.0,-16.712
Kargil,34.5584,76.1334,cold,3.0,3.0,2.6,90.0,aerated_concrete,0.3,timber,0.15,mineral_wool,0.05,east,0.6,1.2,0.35,2.6,10.259,12.496,0.0,-16.895
Kargil,34.5584,76.1334,cold,3.0,3.0,2.6,135.0,aerated_concrete,0.1,rcc_slab,0.1,xps,0.05,west,1.5,0.9,0.55,2.0,12.923,16.972,0.0,-16.847
Kargil,34.5584,76.1334,cold,3.0,3.0,2.6,45.0,rammed_earth,0.15,puf_sandwich_panel,0.075,eps,0.15,east,0.6,1.5,0.65,1.2,10.763,12.849,0.0,-16.915
Kargil,34.5584,76.1334,cold,3.0,3.0,2.6,180.0,brick,0.115,puf_sandwich_panel,0.075,xps,0.05,east,1.5,1.2,0.75,2.6,13.011,17.044,0.0,-16.896
Kargil,34.5584,76.1334,cold,3.0,3.0,2.6,90.0,mud_brick,0.3,mud_brick,0.25,sheep_wool,0.1,south,0.9,1.2,0.35,2.6,10.031,11.317,0.0,-16.968
Kargil,34.5584,76.1334,cold,3.0,3.0,2.6,45.0,plywood,0.05,rcc_slab,0.15,eps,0.1,north,0.6,0.6,0.65,3.5,10.685,13.477,0.0,-16.85
Kargil,34.5584,76.1334,cold,3.0,3.0,2.6,90.0,concrete,0.1,concrete,0.1,xps,0.1,north,0.6,1.5,0.75,2.6,12.311,14.971,0.0,-16.922
Kargil,34.5584,76.1334,cold,3.0,3.0,2.6,180.0,stone,0.15,brick,0.115,eps,0.15,north,1.8,0.6,0.85,5.8,11.666,13.873,0.0,-16.949
Kargil,34.5584,76.1334,cold,3.0,3.0,2.6,45.0,gi_sheet,0.002,concrete,0.1,sheep_wool,0.15,east,0.6,1.2,0.85,2.0,11.961,16.145,0.0,-16.804
Kargil,34.5584,76.1334,cold,3.0,3.0,2.6,45.0,gi_sheet,0.002,stone,0.3,mineral_wool,0.05,east,1.2,1.2,0.85,3.5,14.366,18.635,0.0417,-16.91
Kargil,34.5584,76.1334,cold,3.0,3.0,2.6,135.0,timber,0.15,puf_sandwich_panel,0.1,xps,0.1,north,1.2,1.5,0.55,5.8,12.157,15.953,0.0,-16.816
Kargil,34.5584,76.1334,cold,3.0,3.0,2.6,0.0,plywood,0.019,stone,0.15,mineral_wool,0.05,west,1.8,1.2,0.75,2.6,13.639,19.535,0.0536,-16.849
Kargil,34.5584,76.1334,cold,3.0,3.0,2.6,0.0,gi_sheet,0.002,aerated_concrete,0.1,sheep_wool,0.05,north,1.5,0.9,0.35,1.6,12.814,19.635,0.0536,-16.701
Kargil,34.5584,76.1334,cold,3.0,3.0,2.6,0.0,gi_sheet,0.002,timber,0.1,mineral_wool,0.15,west,1.5,0.6,0.45,2.6,10.904,15.8,0.0,-16.734
Kargil,34.5584,76.1334,cold,3.0,3.0,2.6,45.0,stone,0.15,stone,0.3,none,0.0,south,1.5,1.5,0.45,1.2,18.287,25.026,0.5714,-16.962
Kargil,34.5584,76.1334,cold,3.0,3.0,2.6,180.0,stone,0.45,gi_sheet,0.002,sheep_wool,0.1,south,1.2,1.2,0.55,3.5,10.533,12.166,0.0,-16.984
Kargil,34.5584,76.1334,cold,3.0,3.0,2.6,180.0,mud_brick,0.3,aerated_concrete,0.1,eps,0.15,north,1.5,1.2,0.85,2.6,11.23,13.132,0.0,-16.959
Kargil,34.5584,76.1334,cold,3.0,3.0,2.6,90.0,timber,0.2,rcc_slab,0.2,mineral_wool,0.05,east,0.9,1.2,0.75,1.2,11.527,14.295,0.0,-16.913
Kargil,34.5584,76.1334,cold,3.0,3.0,2.6,0.0,concrete,0.1,mud_brick,0.15,sheep_wool,0.1,east,0.6,1.5,0.35,1.2,11.562,14.073,0.0,-16.926
Kargil,34.5584,76.1334,cold,3.0,3.0,2.6,0.0,stone,0.45,timber,0.1,sheep_wool,0.15,west,1.5,0.9,0.35,1.6,9.474,10.592,0.0,-16.984
Kargil,34.5584,76.1334,cold,3.0,3.0,2.6,0.0,aerated_concrete,0.1,mud_brick,0.15,eps,0.05,north,0.9,0.6,0.65,1.6,11.515,14.913,0.0,-16.86
Kargil,34.5584,76.1334,cold,3.0,3.0,2.6,180.0,mud_brick,0.3,aerated_concrete,0.1,xps,0.1,south,0.6,0.9,0.45,3.5,9.814,11.041,0.0,-16.961
Kargil,34.5584,76.1334,cold,3.0,3.0,2.6,135.0,brick,0.115,aerated_concrete,0.1,xps,0.05,west,0.6,1.2,0.85,3.5,13.088,16.442,0.0,-16.905
Kargil,34.5584,76.1334,cold,3.0,3.0,2.6,90.0,concrete,0.3,puf_sandwich_panel,0.15,eps,0.05,west,1.5,0.9,0.35,2.0,10.807,12.435,0.0,-16.967
Kargil,34.5584,76.1334,cold,3.0,3.0,2.6,90.0,brick,0.115,gi_sheet,0.002,sheep_wool,0.15,west,1.8,1.5,0.75,1.6,12.419,15.609,0.0,-16.896
Kargil,34.5584,76.1334,cold,3.0,3.0,2.6,90.0,rammed_earth,0.3,mud_brick,0.25,xps,0.1,east,0.6,0.6,0.85,1.6,9.708,10.879,0.0,-16.967
Kargil,34.5584,76.1334,cold,3.0,3.0,2.6,90.0,puf_sandwich_panel,0.075,aerated_concrete,0.1,xps,0.15,east,1.2,1.5,0.35,1.2,9.665,13.43,0.0,-16.674
Kargil,34.5584,76.1334,cold,3.0,3.0,2.6,180.0,timber,0.15,stone,0.15,eps,0.15,west,0.6,1.5,0.75,3.5,11.35,13.709,0.0,-16.897
Kargil,34.5584,76.1334,cold,3.0,3.0,2.6,45.0,aerated_concrete,0.1,rcc_slab,0.15,xps,0.05,north,1.5,0.9,0.85,2.0,13.652,17.691,0.0,-16.87
Kargil,34.5584,76.1334,cold,3.0,3.0,2.6,0.0,concrete,0.3,mud_brick,0.25,eps,0.15,north,0.6,1.5,0.65,2.0,9.798,11.005,0.0,-16.974
Kargil,34.5584,76.1334,cold,3.0,3.0,2.6,135.0,rammed_earth,0.15,rcc_slab,0.2,sheep_wool,0.1,west,0.9,0.9,0.65,1.2,11.577,13.685,0.0,-16.942
Kargil,34.5584,76.1334,cold,3.0,3.0,2.6,90.0,timber,0.15,concrete,0.2,mineral_wool,0.1,south,0.9,0.9,0.75,1.6,10.373,12.685,0.0,-16.905
Kargil,34.5584,76.1334,cold,3.0,3.0,2.6,180.0,aerated_concrete,0.1,puf_sandwich_panel,0.075,mineral_wool,0.15,south,1.2,1.5,0.65,2.6,11.021,14.565,0.0,-16.781
Kargil,34.5584,76.1334,cold,3.0,3.0,2.6,0.0,stone,0.3,aerated_concrete,0.1,sheep_wool,0.05,west,1.5,0.9,0.75,1.2,11.927,14.02,0.0,-16.972
Kargil,34.5584,76.1334,cold,3.0,3.0,2.6,45.0,puf_sandwich_panel,0.05,puf_sandwich_panel,0.075,xps,0.15,west,1.2,1.2,0.35,2.0,9.297,13.199,0.0,-16.599
Kargil,34.5584,76.1334,cold,3.0,3.0,2.6,0.0,rammed_earth,0.45,brick,0.115,eps,0.2,west,1.5,0.9,0.65,2.6,9.607,10.698,0.0,-16.975
Kargil,34.5584,76.1334,cold,3.0,3.0,2.6,135.0,plywood,0.05,concrete,0.2,xps,0.1,east,1.8,0.6,0.65,2.6,11.088,14.18,0.0,-16.873
Kargil,34.5584,76.1334,cold,3.0,3.0,2.6,0.0,plywood,0.03,aerated_concrete,0.1,eps,0.2,north,0.6,1.5,0.45,1.6,9.858,13.378,0.0,-16.716
Kargil,34.5584,76.1334,cold,3.0,3.0,2.6,180.0,rammed_earth,0.15,timber,0.1,sheep_wool,0.05,south,1.2,0.9,0.65,2.0,12.379,15.376,0.0,-16.919
Kargil,34.5584,76.1334,cold,3.0,3.0,2.6,45.0,plywood,0.03,aerated_concrete,0.1,mineral_wool,0.05,south,1.2,0.6,0.85,2.6,12.343,18.676,0.0298,-16.712
Kargil,34.5584,76.1334,cold,3.0,3.0,2.6,45.0,stone,0.3,mud_brick,0.25,sheep_wool,0.05,south,0.6,1.2,0.35,2.0,11.219,12.953,0.0,-16.978
Kargil,34.5584,76.1334,cold,3.0,3.0,2.6,45.0,rammed_earth,0.3,gi_sheet,0.002,eps,0.15,west,0.9,1.2,0.85,1.2,10.056,11.5,0.0,-16.957
Kargil,34.5584,76.1334,cold,3.0,3.0,2.6,45.0,plywood,0.03,puf_sandwich_panel,0.1,eps,0.025,north,0.9,1.5,0.45,1.6,13.344,20.014,0.125,-16.644
Kargil,34.5584,76.1334,cold,3.0,3.0,2.6,0.0,puf_sandwich_panel,0.1,stone,0.15,sheep_wool,0.15,south,1.2,0.9,0.35,2.6,9.34,11.529,0.0,-16.844
Kargil,34.5584,76.1334,cold,3.0,3.0,2.6,90.0,plywood,0.05,gi_sheet,0.002,sheep_wool,0.15,east,1.8,1.2,0.65,1.2,11.829,17.58,0.0,-16.701
Kargil,34.5584,76.1334,cold,3.0,3.0,2.6,180.0,mud_brick,0.3,brick,0.115,eps,0.2,east,0.9,0.6,0.85,5.8,9.562,10.661,0.0,-16.964
Kargil,34.5584,76.1334,cold,3.0,3.0,2.6,90.0,rammed_earth,0.45,brick,0.115,eps,0.2,south,0.6,0.9,0.45,1.2,8.782,9.554,0.0,-16.976
Kargil,34.5584,76.1334,cold,3.0,3.0,2.6,180.0,aerated_concrete,0.1,timber,0.15,eps,0.15,north,0.9,0.6,0.45,1.2,9.778,12.367,0.0,-16.811
Kargil,34.5584,76.1334,cold,3.0,3.0,2.6,135.0,plywood,0.05,timber,0.15,sheep_wool,0.15,south,1.8,1.2,0.65,2.6,11.6,16.534,0.0,-16.758
Kargil,34.5584,76.1334,cold,3.0,3.0,2.6,45.0,stone,0.3,mud_brick,0.25,mineral_wool,0.1,south,0.6,0.6,0.45,2.6,9.835,11.066,0.0,-16.978
Kargil,34.5584,76.1334,cold,3.0,3.0,2.6,90.0,stone,0.45,concrete,0.2,none,0.0,west,0.9,0.6,0.55,2.0,16.158,20.056,0.3571,-16.987
Kargil,34.5584,76.1334,cold,3.0,3.0,2.6,45.0,rammed_earth,0.3,concrete,0.1,eps,0.15,east,1.5,1.5,0.85,5.8,13.446,16.058,0.0,-16.96
Kargil,34.5584,76.1334,cold,3.0,3.0,2.6,180.0,brick,0.115,rcc_slab,0.1,eps,0.15,east,1.8,0.6,0.55,3.5,11.118,13.505,0.0,-16.92
Kargil,34.5584,76.1334,cold,3.0,3.0,2.6,90.0,rammed_earth,0.45,concrete,0.1,mineral_wool,0.15,south,1.8,1.5,0.85,5.8,11.656,13.665,0.0,-16.974
Kargil,34.5584,76.1334,cold,3.0,3.0,2.6,45.0,stone,0.3,brick,0.115,eps,0.15,east,0.9,1.5,0.55,2.6,10.797,12.367,0.0,-16.975
Kargil,34.5584,76.1334,cold,3.0,3.0,2.6,45.0,timber,0.2,puf_sandwich_panel,0.15,xps,0.15,west,1.5,1.5,0.85,3.5,11.329,15.142,0.0,-16.847
Kargil,34.5584,76.1334,cold,3.0,3.0,2.6,135.0,rammed_earth,0.15,stone,0.15,sheep_wool,0.05,west,1.5,1.2,0.35,2.6,13.019,15.976,0.0,-16.938
Kargil,34.5584,76.1334,cold,3.0,3.0,2.6,90.0,brick,0.23,aerated_concrete,0.2,sheep_wool,0.1,west,0.9,0.6,0.45,3.5,10.214,11.728,0.0,-16.951
Kargil,34.5584,76.1334,cold,3.0,3.0,2.6,90.0,gi_sheet,0.002,rcc_slab,0.25,eps,0.05,east,0.6,1.5,0.75,1.6,12.882,17.022,0.0,-16.884
Kargil,34.5584,76.1334,cold,3.0,3.0,2.6,90.0,mud_brick,0.15,puf_sandwich_panel,0.1,sheep_wool,0.05,east,0.6,1.5,0.65,1.6,11.545,14.204,0.0,-16.919
Kargil,34.5584,76.1334,cold,3.0,3.0,2.6,135.0,rammed_earth,0.15,timber,0.1,eps,0.1,north,1.8,0.9,0.35,2.6,11.681,14.163,0.0,-16.918
Kargil,34.5584,76.1334,cold,3.0,3.0,2.6,45.0,plywood,0.05,aerated_concrete,0.2,eps,0.025,north,0.6,0.9,0.75,2.0,13.045,18.558,0.0357,-16.768
Kargil,34.5584,76.1334,cold,3.0,3.0,2.6,180.0,timber,0.15,timber,0.1,eps,0.2,east,1.8,0.9,0.35,3.5,9.94,12.709,0.0,-16.837
Kargil,34.5584,76.1334,cold,3.0,3.0,2.6,90.0,puf_sandwich_panel,0.15,timber,0.1,none,0.0,east,0.6,0.9,0.75,2.6,11.51,17.327,0.0,-16.669
Kargil,34.5584,76.1334,cold,3.0,3.0,2.6,90.0,gi_sheet,0.002,rcc_slab,0.25,sheep_wool,0.15,east,1.2,1.2,0.45,1.2,11.223,14.171,0.0,-16.885
Kargil,34.5584,76.1334,cold,3.0,3.0,2.6,45.0,stone,0.45,puf_sandwich_panel,0.075,mineral_wool,0.15,north,0.6,0.6,0.75,1.6,9.202,10.216,0.0,-16.985
Kargil,34.5584,76.1334,cold,3.0,3.0,2.6,90.0,aerated_concrete,0.2,stone,0.3,mineral_wool,0.05,west,0.9,1.5,0.55,2.0,11.295,13.562,0.0,-16.934
Kargil,34.5584,76.1334,cold,3.0,3.0,2.6,180.0,stone,0.15,gi_sheet,0.002,sheep_wool,0.1,west,0.9,1.5,0.75,1.6,13.619,16.526,0.0,-16.94
Kargil,34.5584,76.1334,cold,3.0,3.0,2.6,135.0,gi_sheet,0.002,timber,0.15,mineral_wool,0.15,north,1.8,0.6,0.75,2.6,12.831,17.617,0.0,-16.754
Kargil,34.5584,76.1334,cold,3.0,3.0,2.6,90.0,concrete,0.2,puf_sandwich_panel,0.05,eps,0.2,south,1.2,0.6,0.45,3.5,9.645,10.971,0.0,-16.949
Kargil,34.5584,76.1334,cold,3.0,3.0,2.6,0.0,brick,0.115,aerated_concrete,0.2,xps,0.1,north,0.6,0.6,0.65,1.6,10.397,12.536,0.0,-16.912
Kargil,34.5584,76.1334,cold,3.0,3.0,2.6,180.0,timber,0.2,aerated_concrete,0.1,sheep_wool,0.1,north,0.6,1.5,0.35,2.6,10.095,12.556,0.0,-16.861
Kargil,34.5584,76.1334,cold,3.0,3.0,2.6,180.0,rammed_earth,0.15,concrete,0.1,sheep_wool,0.15,west,0.9,1.2,0.55,1.2,11.699,13.899,0.0,-16.93
Kargil,34.5584,76.1334,cold,3.0,3.0,2.6,135.0,puf_sandwich_panel,0.075,brick,0.115,xps,0.1,south,1.5,1.5,0.85,5.8,11.978,17.306,0.0,-16.781
Kargil,34.5584,76.1334,cold,3.0,3.0,2.6,90.0,rammed_earth,0.15,aerated_concrete,0.1,sheep_wool,0.1,east,1.5,1.2,0.75,1.2,11.996,14.966,0.0,-16.917
Kargil,34.5584,76.1334,cold,3.0,3.0,2.6,135.0,gi_sheet,0.002,aerated_concrete,0.2,sheep_wool,0.05,south,1.8,0.9,0.55,1.6,13.431,19.958,0.0833,-16.745
Kargil,34.5584,76.1334,cold,3.0,3.0,2.6,135.0,mud_brick,0.45,mud_brick,0.25,xps,0.1,south,1.2,1.2,0.75,2.0,10.059,11.405,0.0,-16.979
Kargil,34.5584,76.1334,cold,3.0,3.0,2.6,90.0,mud_brick,0.45,stone,0.3,eps,0.2,south,1.8,0.9,0.65,3.5,9.627,10.774,0.0,-16.981
Kargil,34.5584,76.1334,cold,3.0,3.0,2.6,0.0,aerated_concrete,0.3,mud_brick,0.15,sheep_wool,0.1,west,1.8,0.9,0.45,3.5,10.614,13.027,0.0,-16.912
Kargil,34.5584,76.1334,cold,3.0,3.0,2.6,135.0,gi_sheet,0.002,brick,0.23,mineral_wool,0.1,east,1.8,1.5,0.75,5.8,13.888,19.533,0.0595,-16.865
Kargil,34.5584,76.1334,cold,3.0,3.0,2.6,180.0,concrete,0.1,rcc_slab,0.2,none,0.0,west,1.2,1.5,0.85,5.8,19.491,28.712,0.5952,-17.338
Kargil,34.5584,76.1334,cold,3.0,3.0,2.6,135.0,plywood,0.012,rcc_slab,0.1,sheep_wool,0.05,east,1.8,1.5,0.85,1.2,15.251,23.923,0.3095,-16.787
Kargil,34.5584,76.1334,cold,3.0,3.0,2.6,45.0,brick,0.115,concrete,0.1,eps,0.15,west,0.6,0.6,0.55,2.0,10.006,11.848,0.0,-16.921
Kargil,34.5584,76.1334,cold,3.0,3.0,2.6,45.0,concrete,0.1,timber,0.1,eps,0.025,north,1.2,1.5,0.55,5.8,14.887,19.701,0.1012,-16.906
Kargil,34.5584,76.1334,cold,3.0,3.0,2.6,45.0,mud_brick,0.15,puf_sandwich_panel,0.1,xps,0.05,east,1.8,1.5,0.85,1.6,15.62,19.969,0.2202,-16.914
Kargil,34.5584,76.1334,cold,3.0,3.0,2.6,45.0,concrete,0.3,concrete,0.2,mineral_wool,0.1,north,1.5,0.9,0.45,2.6,10.939,12.518,0.0,-16.973
Kargil,34.5584,76.1334,cold,3.0,3.0,2.6,90.0,mud_brick,0.3,gi_sheet,0.002,sheep_wool,0.1,north,0.6,1.2,0.75,3.5,11.119,12.8,0.0,-16.96
Kargil,34.5584,76.1334,cold,3.0,3.0,2.6,45.0,aerated_concrete,0.3,rcc_slab,0.25,mineral_wool,0.1,west,0.9,0.9,0.35,2.0,9.644,11.147,0.0,-16.934
Kargil,34.5584,76.1334,cold,3.0,3.0,2.6,90.0,plywood,0.03,stone,0.15,xps,0.15,south,0.9,0.6,0.35,2.0,9.732,12.065,0.0,-16.855
Kargil,34.5584,76.1334,cold,3.0,3.0,2.6,135.0,gi_sheet,0.002,timber,0.1,eps,0.05,west,1.2,0.9,0.35,5.8,13.324,19.525,0.0774,-16.705
Kargil,34.5584,76.1334,cold,3.0,3.0,2.6,90.0,plywood,0.012,puf_sandwich_panel,0.1,mineral_wool,0.15,west,1.8,1.5,0.65,1.6,12.098,17.755,0.0,-16.649
Kargil,34.5584,76.1334,cold,3.0,3.0,2.6,90.0,rammed_earth,0.15,brick,0.115,eps,0.15,east,0.6,1.2,0.85,2.0,10.392,12.298,0.0,-16.931
Kargil,34.5584,76.1334,cold,3.0,3.0,2.6,45.0,timber,0.1,puf_sandwich_panel,0.05,eps,0.2,east,1.8,1.5,0.55,1.2,13.038,17.658,0.0,-16.772
Kargil,34.5584,76.1334,cold,3.0,3.0,2.6,135.0,plywood,0.019,concrete,0.1,mineral_wool,0.05,west,1.8,0.6,0.75,5.8,13.952,19.462,0.0774,-16.798
Kargil,34.5584,76.1334,cold,3.0,3.0,2.6,180.0,stone,0.3,timber,0.15,eps,0.2,west,1.8,0.9,0.55,2.0,11.557,13.351,0.0,-16.973
Kargil,34.5584,76.1334,cold,3.0,3.0,2.6,90.0,rammed_earth,0.3,puf_sandwich_panel,0.15,eps,0.15,north,1.8,0.6,0.35,3.5,9.969,11.241,0.0,-16.957
Kargil,34.5584,76.1334,cold,3.0,3.0,2.6,135.0,rammed_earth,0.15,rcc_slab,0.25,mineral_wool,0.05,west,0.6,1.5,0.35,1.6,12.124,14.551,0.0,-16.946
Kargil,34.5584,76.1334,cold,3.0,3.0,2.6,135.0,rammed_earth,0.45,rcc_slab,0.15,xps,0.15,north,1.5,0.6,0.35,1.2,9.408,10.434,0.0,-16.977
Kargil,34.5584,76.1334,cold,3.0,3.0,2.6,180.0,mud_brick,0.3,timber,0.15,mineral_wool,0.05,south,0.9,1.2,0.75,2.0,11.251,13.056,0.0,-16.961
Kargil,34.5584,76.1334,cold,3.0,3.0,2.6,135.0,plywood,0.03,puf_sandwich_panel,0.075,eps,0.2,west,1.5,1.2,0.85,3.5,13.618,18.933,0.131,-16.661
Kargil,34.5584,76.1334,cold,3.0,3.0,2.6,90.0,brick,0.115,stone,0.15,eps,0.15,west,1.2,1.5,0.35,5.8,10.827,12.913,0.0,-16.93
Kargil,34.5584,76.1334,cold,3.0,3.0,2.6,90.0,plywood,0.012,gi_sheet,0.002,xps,0.1,north,0.9,1.5,0.75,3.5,13.583,19.817,0.1964,-16.63
Kargil,34.5584,76.1334,cold,3.0,3.0,2.6,0.0,plywood,0.05,brick,0.23,xps,0.05,west,1.8,0.9,0.45,2.6,12.066,16.047,0.0,-16.868
Kargil,34.5584,76.1334,cold,3.0,3.0,2.6,0.0,puf_sandwich_panel,0.15,puf_sandwich_panel,0.1,eps,0.05,south,0.6,1.5,0.65,1.6,9.419,13.396,0.0,-16.599
Kargil,34.5584,76.1334,cold,3.0,3.0,2.6,135.0,plywood,0.019,puf_sandwich_panel,0.1,sheep_wool,0.05,east,1.5,1.2,0.65,2.6,13.099,21.139,0.1488,-16.619
Kargil,34.5584,76.1334,cold,3.0,3.0,2.6,0.0,brick,0.115,rcc_slab,0.25,mineral_wool,0.1,north,1.8,0.9,0.85,1.6,11.825,14.252,0.0,-16.94
Kargil,34.5584,76.1334,cold,3.0,3.0,2.6,135.0,puf_sandwich_panel,0.075,concrete,0.2,xps,0.1,west,1.5,1.5,0.65,2.0,12.942,16.31,0.0,-16.857
Kargil,34.5584,76.1334,cold,3.0,3.0,2.6,0.0,timber,0.2,aerated_concrete,0.2,eps,0.2,west,0.6,0.6,0.75,2.0,8.949,10.697,0.0,-16.875
Kargil,34.5584,76.1334,cold,3.0,3.0,2.6,135.0,aerated_concrete,0.1,mud_brick,0.15,sheep_wool,0.1,south,1.8,1.5,0.45,2.0,11.724,15.458,0.0,-16.857
Kargil,34.5584,76.1334,cold,3.0,3.0,2.6,180.0,brick,0.23,rcc_slab,0.15,sheep_wool,0.1,east,1.8,0.6,0.75,5.8,11.397,13.472,0.0,-16.957
Kargil,34.5584,76.1334,cold,3.0,3.0,2.6,0.0,stone,0.3,brick,0.115,mineral_wool,0.05,west,1.5,1.2,0.85,5.8,12.555,14.967,0.0,-16.974
Kargil,34.5584,76.1334,cold,3.0,3.0,2.6,0.0,stone,0.45,concrete,0.1,eps,0.025,east,0.6,1.2,0.75,1.6,12.704,15.118,0.0,-16.986
Kargil,34.5584,76.1334,cold,3.0,3.0,2.6,180.0,rammed_earth,0.15,stone,0.3,sheep_wool,0.05,east,1.8,1.2,0.55,2.6,12.864,15.817,0.0,-16.952
Kargil,34.5584,76.1334,cold,3.0,3.0,2.6,135.0,gi_sheet,0.002,rcc_slab,0.1,mineral_wool,0.15,south,1.8,0.6,0.35,1.2,11.289,14.806,0.0,-16.815
Kargil,34.5584,76.1334,cold,3.0,3.0,2.6,180.0,aerated_concrete,0.2,gi_sheet,0.002,none,0.0,east,0.9,0.9,0.75,3.5,17.61,28.426,0.4583,-16.844
Kargil,34.5584,76.1334,cold,3.0,3.0,2.6,135.0,aerated_concrete,0.3,gi_sheet,0.002,eps,0.025,east,1.2,1.2,0.85,3.5,13.164,17.809,0.0,-16.881
Kargil,34.5584,76.1334,cold,3.0,3.0,2.6,90.0,plywood,0.012,brick,0.23,eps,0.1,east,0.6,1.5,0.35,2.0,11.001,14.123,0.0,-16.855
Kargil,34.5584,76.1334,cold,3.0,3.0,2.6,90.0,timber,0.15,concrete,0.15,none,0.0,south,1.2,0.6,0.75,1.6,16.69,24.342,0.4107,-16.889
Kargil,34.5584,76.1334,cold,3.0,3.0,2.6,135.0,rammed_earth,0.45,concrete,0.1,mineral_wool,0.15,east,0.9,0.9,0.65,1.2,9.462,10.503,0.0,-16.976
Kargil,34.5584,76.1334,cold,3.0,3.0,2.6,0.0,mud_brick,0.3,puf_sandwich_panel,0.1,mineral_wool,0.05,north,1.5,0.9,0.35,5.8,10.676,12.317,0.0,-16.959
Kargil,34.5584,76.1334,cold,3.0,3.0,2.6,135.0,timber,0.15,stone,0.3,none,0.0,east,0.6,0.9,0.65,5.8,15.769,21.275,0.2619,-16.929
Kargil,34.5584,76.1334,cold,3.0,3.0,2.6,45.0,gi_sheet,0.002,concrete,0.2,sheep_wool,0.15,east,0.6,1.2,0.35,3.5,11.042,14.067,0.0,-16.866
Kargil,34.5584,76.1334,cold,3.0,3.0,2.6,45.0,puf_sandwich_panel,0.05,brick,0.23,eps,0.2,north,1.8,1.5,0.55,5.8,12.905,16.404,0.0,-16.854
Kargil,34.5584,76.1334,cold,3.0,3.0,2.6,90.0,timber,0.2,rcc_slab,0.25,eps,0.2,south,0.6,0.6,0.35,3.5,8.786,9.968,0.0,-16.923
Kargil,34.5584,76.1334,cold,3.0,3.0,2.6,45.0,plywood,0.05,rcc_slab,0.25,mineral_wool,0.1,north,0.6,0.9,0.65,1.2,10.826,13.216,0.0,-16.892
Kargil,34.5584,76.1334,cold,3.0,3.0,2.6,90.0,puf_sandwich_panel,0.15,rcc_slab,0.1,eps,0.15,south,1.2,1.5,0.85,5.8,11.254,16.094,0.0,-16.791
Kargil,34.5584,76.1334,cold,3.0,3.0,2.6,45.0,plywood,0.03,concrete,0.15,xps,0.1,south,0.9,0.6,0.45,2.6,10.501,13.548,0.0,-16.841
Kargil,34.5584,76.1334,cold,3.0,3.0,2.6,135.0,gi_sheet,0.002,brick,0.115,mineral_wool,0.05,west,1.5,0.6,0.65,2.6,13.938,19.473,0.0714,-16.801
Kargil,34.5584,76.1334,cold,3.0,3.0,2.6,180.0,gi_sheet,0.002,stone,0.15,xps,0.05,east,1.5,0.6,0.35,2.0,12.936,17.413,0.0,-16.852
Kargil,34.5584,76.1334,cold,3.0,3.0,2.6,90.0,stone,0.3,aerated_concrete,0.1,mineral_wool,0.1,west,0.9,1.2,0.55,5.8,10.463,11.95,0.0,-16.973
Kargil,34.5584,76.1334,cold,3.0,3.0,2.6,180.0,aerated_concrete,0.1,gi_sheet,0.002,eps,0.1,north,1.8,0.9,0.55,1.6,11.484,15.938,0.0,-16.771
Kargil,34.5584,76.1334,cold,3.0,3.0,2.6,0.0,gi_sheet,0.002,rcc_slab,0.25,xps,0.15,west,0.9,0.9,0.75,5.8,11.052,14.221,0.0,-16.886
Kargil,34.5584,76.1334,cold,3.0,3.0,2.6,135.0,aerated_concrete,0.1,timber,0.1,xps,0.1,east,1.2,1.2,0.35,5.8,10.907,14.771,0.0,-16.796
Kargil,34.5584,76.1334,cold,3.0,3.0,2.6,45.0,mud_brick,0.3,puf_sandwich_panel,0.05,sheep_wool,0.05,east,0.6,0.6,0.75,5.8,10.872,12.546,0.0,-16.96
Kargil,34.5584,76.1334,cold,3.0,3.0,2.6,135.0,concrete,0.1,aerated_concrete,0.2,sheep_wool,0.05,north,1.8,1.2,0.55,2.6,14.551,18.681,0.0476,-16.91
Kargil,34.5584,76.1334,cold,3.0,3.0,2.6,90.0,gi_sheet,0.002,brick,0.23,xps,0.1,east,1.2,1.2,0.55,1.6,11.77,15.384,0.0,-16.862
Kargil,34.5584,76.1334,cold,3.0,3.0,2.6,135.0,rammed_earth,0.3,aerated_concrete,0.2,none,0.0,north,0.9,1.2,0.65,2.0,14.812,18.516,0.0298,-16.959
Kargil,34.5584,76.1334,cold,3.0,3.0,2.6,45.0,plywood,0.05,rcc_slab,0.25,eps,0.025,north,1.5,0.9,0.45,1.6,13.935,18.39,0.0179,-16.889
Kargil,34.5584,76.1334,cold,3.0,3.0,2.6,180.0,plywood,0.019,rcc_slab,0.1,mineral_wool,0.1,north,1.8,0.9,0.75,1.2,12.61,17.53,0.0,-16.803
Kargil,34.5584,76.1334,cold,3.0,3.0,2.6,135.0,mud_brick,0.3,concrete,0.1,mineral_wool,0.15,north,0.9,0.9,0.85,2.6,10.675,12.131,0.0,-16.965
Kargil,34.5584,76.1334,cold,3.0,3.0,2.6,45.0,plywood,0.03,concrete,0.15,sheep_wool,0.15,east,1.5,0.9,0.45,1.2,11.369,14.588,0.0,-16.841
Kargil,34.5584,76.1334,cold,3.0,3.0,2.6,90.0,stone,0.45,stone,0.15,eps,0.1,east,1.8,0.6,0.85,2.6,10.193,11.769,0.0,-16.986
Kargil,34.5584,76.1334,cold,3.0,3.0,2.6,90.0,brick,0.23,mud_brick,0.25,xps,0.1,west,1.2,1.5,0.65,2.6,11.002,12.715,0.0,-16.959
Kargil,34.5584,76.1334,cold,3.0,3.0,2.6,0.0,puf_sandwich_panel,0.15,timber,0.15,eps,0.15,north,0.6,0.9,0.75,2.6,8.925,11.56,0.0,-16.713
Kargil,34.5584,76.1334,cold,3.0,3.0,2.6,45.0,stone,0.45,stone,0.3,eps,0.05,east,0.9,1.2,0.35,2.0,10.807,12.628,0.0,-16.988
Kargil,34.5584,76.1334,cold,3.0,3.0,2.6,0.0,plywood,0.03,gi_sheet,0.002,eps,0.05,west,1.5,0.9,0.65,2.6,12.819,20.582,0.1012,-16.66
Kargil,34.5584,76.1334,cold,3.0,3.0,2.6,90.0,aerated_concrete,0.2,brick,0.23,eps,0.1,south,1.5,1.2,0.35,5.8,10.779,13.328,0.0,-16.908
Kargil,34.5584,76.1334,cold,3.0,3.0,2.6,90.0,stone,0.15,mud_brick,0.15,xps,0.15,west,1.8,0.6,0.55,3.5,10.393,11.971,0.0,-16.951
Kargil,34.5584,76.1334,cold,3.0,3.0,2.6,90.0,aerated_concrete,0.2,stone,0.15,xps,0.1,north,0.6,0.6,0.75,3.5,10.236,12.156,0.0,-16.906
Kargil,34.5584,76.1334,cold,3.0,3.0,2.6,0.0,aerated_concrete,0.1,brick,0.115,eps,0.2,north,1.8,1.5,0.75,2.6,11.924,15.486,0.0,-16.845
Kargil,34.5584,76.1334,cold,3.0,3.0,2.6,45.0,rammed_earth,0.15,timber,0.15,mineral_wool,0.05,west,1.5,0.9,0.45,1.2,11.73,14.532,0.0,-16.921
Kargil,34.5584,76.1334,cold,3.0,3.0,2.6,0.0,gi_sheet,0.002,brick,0.23,eps,0.1,south,0.9,1.2,0.85,2.6,12.109,16.197,0.0,-16.862
Kargil,34.5584,76.1334,cold,3.0,3.0,2.6,135.0,brick,0.345,puf_sandwich_panel,0.075,mineral_wool,0.1,north,1.8,0.9,0.35,1.6,10.63,12.09,0.0,-16.965
Kargil,34.5584,76.1334,cold,3.0,3.0,2.6,180.0,puf_sandwich_panel,0.075,stone,0.15,none,0.0,north,1.2,0.6,0.75,1.2,16.441,25.273,0.4107,-16.84
Kargil,34.5584,76.1334,cold,3.0,3.0,2.6,0.0,brick,0.23,concrete,0.1,xps,0.15,east,1.2,1.2,0.35,3.5,10.776,12.421,0.0,-16.953
Kargil,34.5584,76.1334,cold,3.0,3.0,2.6,0.0,stone,0.15,rcc_slab,0.25,sheep_wool,0.05,north,0.9,0.9,0.55,1.2,12.132,14.527,0.0,-16.959
Kargil,34.5584,76.1334,cold,3.0,3.0,2.6,90.0,plywood,0.03,gi_sheet,0.002,xps,0.1,east,0.6,1.5,0.45,1.2,10.753,15.446,0.0,-16.669
Kargil,34.5584,76.1334,cold,3.0,3.0,2.6,0.0,aerated_concrete,0.1,aerated_concrete,0.1,mineral_wool,0.05,east,0.6,0.9,0.75,3.5,12.176,16.493,0.0,-16.797
Kargil,34.5584,76.1334,cold,3.0,3.0,2.6,135.0,stone,0.15,mud_brick,0.25,mineral_wool,0.1,east,1.2,0.6,0.65,5.8,11.202,13.11,0.0,-16.957
Kargil,34.5584,76.1334,cold,3.0,3.0,2.6,180.0,timber,0.15,puf_sandwich_panel,0.15,eps,0.1,west,1.8,1.5,0.85,3.5,16.515,22.722,0.4464,-16.813
Kargil,34.5584,76.1334,cold,3.0,3.0,2.6,180.0,brick,0.23,puf_sandwich_panel,0.075,eps,0.2,east,1.5,0.9,0.35,1.6,9.839,11.264,0.0,-16.946
Kargil,34.5584,76.1334,cold,3.0,3.0,2.6,135.0,stone,0.3,aerated_concrete,0.1,eps,0.05,east,1.5,1.5,0.85,2.0,12.943,15.515,0.0,-16.971
Kargil,34.5584,76.1334,cold,3.0,3.0,2.6,135.0,plywood,0.03,mud_brick,0.15,sheep_wool,0.1,south,1.2,1.5,0.75,1.6,12.247,16.788,0.0,-16.822
Kargil,34.5584,76.1334,cold,3.0,3.0,2.6,90.0,mud_brick,0.15,gi_sheet,0.002,sheep_wool,0.15,south,1.5,1.5,0.75,2.6,11.903,15.115,0.0,-16.917
Kargil,34.5584,76.1334,cold,3.0,3.0,2.6,0.0,gi_sheet,0.002,stone,0.15,xps,0.05,south,0.6,0.6,0.35,1.2,12.162,16.438,0.0,-16.852
Kargil,34.5584,76.1334,cold,3.0,3.0,2.6,180.0,puf_sandwich_panel,0.1,gi_sheet,0.002,xps,0.1,west,0.6,0.6,0.45,1.2,9.376,12.673,0.0,-16.619
Kargil,34.5584,76.1334,cold,3.0,3.0,2.6,0.0,stone,0.15,gi_sheet,0.002,eps,0.025,east,1.5,1.5,0.45,1.6,15.196,19.435,0.1071,-16.938
Kargil,34.5584,76.1334,cold,3.0,3.0,2.6,135.0,plywood,0.05,puf_sandwich_panel,0.05,sheep_wool,0.05,west,1.5,1.5,0.55,2.0,13.92,19.981,0.1786,-16.68
Kargil,34.5584,76.1334,cold,3.0,3.0,2.6,45.0,timber,0.1,brick,0.115,eps,0.05,west,1.5,1.2,0.45,2.6,12.13,16.332,0.0,-16.846
Kargil,34.5584,76.1334,cold,3.0,3.0,2.6,0.0,aerated_concrete,0.2,rcc_slab,0.15,eps,0.15,north,0.6,0.6,0.85,5.8,9.499,11.215,0.0,-16.901
Kargil,34.5584,76.1334,cold,3.0,3.0,2.6,135.0,concrete,0.2,stone,0.3,sheep_wool,0.1,north,1.5,0.6,0.45,3.5,11.265,12.966,0.0,-16.967
Kargil,34.5584,76.1334,cold,3.0,3.0,2.6,90.0,stone,0.15,brick,0.115,xps,0.15,south,0.6,0.9,0.75,3.5,10.2,11.795,0.0,-16.95
Kargil,34.5584,76.1334,cold,3.0,3.0,2.6,0.0,aerated_concrete,0.3,brick,0.23,none,0.0,north,0.9,1.5,0.85,2.6,14.712,19.206,0.0655,-16.924
Kargil,34.5584,76.1334,cold,3.0,3.0,2.6,180.0,puf_sandwich_panel,0.1,gi_sheet,0.002,eps,0.15,west,1.5,1.5,0.35,2.6,11.597,16.108,0.0,-16.62
Kargil,34.5584,76.1334,cold,3.0,3.0,2.6,90.0,timber,0.15,concrete,0.2,mineral_wool,0.1,west,1.8,0.6,0.45,5.8,10.42,12.587,0.0,-16.905
Kargil,34.5584,76.1334,cold,3.0,3.0,2.6,180.0,concrete,0.1,brick,0.115,eps,0.2,west,1.5,0.9,0.75,2.6,13.278,16.17,0.0,-16.921
Kargil,34.5584,76.1334,cold,3.0,3.0,2.6,135.0,rammed_earth,0.3,concrete,0.15,mineral_wool,0.05,west,1.8,1.2,0.75,3.5,13.928,16.676,0.0,-16.963
Kargil,34.5584,76.1334,cold,3.0,3.0,2.6,0.0,concrete,0.3,puf_sandwich_panel,0.1,mineral_wool,0.1,west,1.8,0.6,0.75,2.0,10.397,11.885,0.0,-16.967
Kargil,34.5584,76.1334,cold,3.0,3.0,2.6,180.0,concrete,0.1,gi_sheet,0.002,mineral_wool,0.1,west,1.5,1.2,0.45,2.0,13.413,16.743,0.0,-16.903
Kargil,34.5584,76.1334,cold,3.0,3.0,2.6,180.0,plywood,0.012,brick,0.23,xps,0.15,south,1.5,1.2,0.55,1.2,11.601,14.676,0.0,-16.857
Kargil,34.5584,76.1334,cold,3.0,3.0,2.6,135.0,rammed_earth,0.15,stone,0.3,eps,0.1,east,1.5,0.9,0.45,1.6,10.894,12.756,0.0,-16.953
Kargil,34.5584,76.1334,cold,3.0,3.0,2.6,45.0,brick,0.23,aerated_concrete,0.1,xps,0.15,west,1.5,1.2,0.45,2.6,10.264,11.942,0.0,-16.947
Kargil,34.5584,76.1334,cold,3.0,3.0,2.6,135.0,timber,0.2,aerated_concrete,0.1,xps,0.1,west,0.6,0.6,0.45,1.2,9.722,11.783,0.0,-16.863
Kargil,34.5584,76.1334,cold,3.0,3.0,2.6,135.0,aerated_concrete,0.3,gi_sheet,0.002,xps,0.1,east,0.9,0.6,0.35,1.6,9.555,11.501,0.0,-16.885
Kargil,34.5584,76.1334,cold,3.0,3.0,2.6,135.0,rammed_earth,0.3,stone,0.15,sheep_wool,0.05,north,1.8,0.6,0.75,1.6,12.563,14.846,0.0,-16.965
Kargil,34.5584,76.1334,cold,3.0,3.0,2.6,0.0,brick,0.345,concrete,0.1,xps,0.15,south,1.8,1.2,0.75,2.6,11.063,12.785,0.0,-16.968
Kargil,34.5584,76.1334,cold,3.0,3.0,2.6,180.0,timber,0.15,rcc_slab,0.1,eps,0.15,west,1.2,1.2,0.85,5.8,13.277,16.736,0.0,-16.872
Kargil,34.5584,76.1334,cold,3.0,3.0,2.6,45.0,plywood,0.03,aerated_concrete,0.2,xps,0.15,east,0.6,0.9,0.35,3.5,10.028,13.234,0.0,-16.757
Kargil,34.5584,76.1334,cold,3.0,3.0,2.6,90.0,gi_sheet,0.002,brick,0.23,eps,0.1,north,1.5,1.2,0.65,2.6,14.028,18.29,0.0238,-16.861
Kargil,34.5584,76.1334,cold,3.0,3.0,2.6,180.0,puf_sandwich_panel,0.075,rcc_slab,0.25,mineral_wool,0.1,east,0.9,0.9,0.45,2.0,9.57,11.65,0.0,-16.881
Kargil,34.5584,76.1334,cold,3.0,3.0,2.6,90.0,puf_sandwich_panel,0.05,timber,0.15,eps,0.15,south,1.8,0.6,0.35,1.6,9.304,12.681,0.0,-16.701
Kargil,34.5584,76.1334,cold,3.0,3.0,2.6,0.0,timber,0.2,brick,0.23,mineral_wool,0.05,west,1.5,0.6,0.55,3.5,11.078,13.7,0.0,-16.912
Kargil,34.5584,76.1334,cold,3.0,3.0,2.6,180.0,aerated_concrete,0.3,gi_sheet,0.002,none,0.0,south,1.8,1.5,0.45,2.6,17.613,26.72,0.4762,-16.877
Kargil,34.5584,76.1334,cold,3.0,3.0,2.6,90.0,stone,0.15,brick,0.23,sheep_wool,0.05,east,1.5,0.6,0.35,1.2,12.061,14.461,0.0,-16.955
Kargil,34.5584,76.1334,cold,3.0,3.0,2.6,180.0,plywood,0.03,mud_brick,0.15,xps,0.1,south,0.9,0.9,0.55,2.6,11.02,14.238,0.0,-16.824
