site,latitude,longitude,zone,length_m,width_m,height_m,orientation_deg,wall_material,wall_thickness_m,roof_material,roof_thickness_m,insulation_material,insulation_thickness_m,window_wall,window_width_m,window_height_m,window_shgc,window_u_w_m2k,hot_mean_c,hot_max_c,hot_comfort_fraction,cold_min_c
Kolkata,22.5726,88.3639,warm_humid,3.0,3.0,2.6,90.0,plywood,0.019,puf_sandwich_panel,0.1,xps,0.05,south,1.5,0.9,0.65,5.8,36.05,43.263,0.1905,15.802
Kolkata,22.5726,88.3639,warm_humid,3.0,3.0,2.6,90.0,timber,0.15,stone,0.3,xps,0.05,east,1.5,0.6,0.75,2.6,35.187,37.627,0.0714,15.579
Kolkata,22.5726,88.3639,warm_humid,3.0,3.0,2.6,0.0,mud_brick,0.15,timber,0.1,mineral_wool,0.1,north,0.9,1.5,0.65,3.5,35.079,37.543,0.0714,15.583
Kolkata,22.5726,88.3639,warm_humid,3.0,3.0,2.6,0.0,brick,0.23,rcc_slab,0.25,sheep_wool,0.05,north,1.5,0.6,0.45,1.2,35.223,37.6,0.0774,15.555
Kolkata,22.5726,88.3639,warm_humid,3.0,3.0,2.6,90.0,rammed_earth,0.45,puf_sandwich_panel,0.15,sheep_wool,0.1,south,1.8,0.6,0.35,1.2,33.233,34.955,0.2143,15.547
Kolkata,22.5726,88.3639,warm_humid,3.0,3.0,2.6,0.0,puf_sandwich_panel,0.1,mud_brick,0.25,eps,0.1,west,0.6,0.6,0.65,5.8,33.762,35.835,0.0714,15.629
Kolkata,22.5726,88.3639,warm_humid,3.0,3.0,2.6,135.0,rammed_earth,0.15,rcc_slab,0.1,mineral_wool,0.05,south,1.8,0.6,0.35,2.6,35.798,38.584,0.0655,15.578
Kolkata,22.5726,88.3639,warm_humid,3.0,3.0,2.6,45.0,mud_brick,0.15,gi_sheet,0.002,eps,0.2,west,1.2,0.6,0.55,1.2,33.952,35.834,0.0833,15.585
Kolkata,22.5726,88.3639,warm_humid,3.0,3.0,2.6,0.0,brick,0.115,aerated_concrete,0.1,sheep_wool,0.1,south,1.2,0.6,0.65,2.0,35.161,37.861,0.0655,15.596
Kolkata,22.5726,88.3639,warm_humid,3.0,3.0,2.6,135.0,timber,0.15,stone,0.3,sheep_wool,0.15,east,1.5,1.5,0.35,3.5,34.614,36.839,0.0774,15.579
Kolkata,22.5726,88.3639,warm_humid,3.0,3.0,2.6,90.0,rammed_earth,0.15,aerated_concrete,0.2,eps,0.15,north,1.8,0.9,0.55,1.6,36.002,38.626,0.0595,15.584
Kolkata,22.5726,88.3639,warm_humid,3.0,3.0,2.6,0.0,rammed_earth,0.15,mud_brick,0.25,none,0.0,east,1.8,0.9,0.45,3.5,39.179,44.646,0.0536,15.57
Kolkata,22.5726,88.3639,warm_humid,3.0,3.0,2.6,90.0,rammed_earth,0.3,concrete,0.1,sheep_wool,0.1,south,1.5,1.5,0.35,1.6,34.623,36.77,0.0833,15.556
Kolkata,22.5726,88.3639,warm_humid,3.0,3.0,2.6,90.0,rammed_earth,0.3,gi_sheet,0.002,sheep_wool,0.05,west,1.8,0.6,0.85,1.6,35.493,37.981,0.0774,15.559
Kolkata,22.5726,88.3639,warm_humid,3.0,3.0,2.6,135.0,timber,0.15,rcc_slab,0.2,eps,0.2,east,1.5,0.9,0.85,1.2,34.878,37.373,0.0714,15.597
Kolkata,22.5726,88.3639,warm_humid,3.0,3.0,2.6,90.0,aerated_concrete,0.2,concrete,0.1,sheep_wool,0.15,east,1.8,1.2,0.65,3.5,35.597,38.846,0.0655,15.612
Kolkata,22.5726,88.3639,warm_humid,3.0,3.0,2.6,90.0,gi_sheet,0.002,timber,0.15,eps,0.05,north,0.6,0.9,0.65,1.6,36.515,42.653,0.1071,15.723
Kolkata,22.5726,88.3639,warm_humid,3.0,3.0,2.6,90.0,mud_brick,0.15,aerated_concrete,0.2,mineral_wool,0.05,east,1.8,0.9,0.45,5.8,35.667,38.508,0.0655,15.581
Kolkata,22.5726,88.3639,warm_humid,3.0,3.0,2.6,180.0,mud_brick,0.3,brick,0.23,sheep_wool,0.15,north,1.2,1.2,0.55,3.5,34.133,36.158,0.1369,15.551
Kolkata,22.5726,88.3639,warm_humid,3.0,3.0,2.6,45.0,brick,0.345,brick,0.115,xps,0.1,west,1.2,1.2,0.75,2.0,34.38,36.568,0.1131,15.55
Kolkata,22.5726,88.3639,warm_humid,3.0,3.0,2.6,45.0,brick,0.115,rcc_slab,0.25,xps,0.1,south,0.6,1.5,0.35,5.8,34.571,36.664,0.0774,15.571
Kolkata,22.5726,88.3639,warm_humid,3.0,3.0,2.6,45.0,stone,0.15,mud_brick,0.15,eps,0.1,east,1.2,0.9,0.55,1.6,35.301,37.64,0.0714,15.563
Kolkata,22.5726,88.3639,warm_humid,3.0,3.0,2.6,0.0,stone,0.45,gi_sheet,0.002,sheep_wool,0.1,west,1.5,0.6,0.55,2.6,33.368,35.426,0.2202,15.539
Kolkata,22.5726,88.3639,warm_humid,3.0,3.0,2.6,180.0,brick,0.345,stone,0.3,sheep_wool,0.15,south,1.2,0.9,0.85,1.6,33.799,35.852,0.2024,15.545
Kolkata,22.5726,88.3639,warm_humid,3.0,3.0,2.6,90.0,brick,0.115,stone,0.3,xps,0.05,south,0.9,1.5,0.85,5.8,36.075,38.875,0.0714,15.565
Kolkata,22.5726,88.3639,warm_humid,3.0,3.0,2.6,0.0,rammed_earth,0.15,mud_brick,0.15,none,0.0,east,0.6,0.9,0.55,1.6,39.344,45.381,0.0536,15.575
Kolkata,22.5726,88.3639,warm_humid,3.0,3.0,2.6,45.0,plywood,0.05,rcc_slab,0.15,sheep_wool,0.1,west,1.5,1.5,0.55,1.6,35.884,40.006,0.0595,15.638
Kolkata,22.5726,88.3639,warm_humid,3.0,3.0,2.6,135.0,aerated_concrete,0.3,mud_brick,0.15,eps,0.05,east,1.8,0.9,0.75,3.5,35.863,38.922,0.0655,15.592
Kolkata,22.5726,88.3639,warm_humid,3.0,3.0,2.6,90.0,stone,0.45,rcc_slab,0.15,eps,0.15,south,1.8,1.2,0.65,5.8,33.704,35.996,0.2143,15.538
Kolkata,22.5726,88.3639,warm_humid,3.0,3.0,2.6,135.0,aerated_concrete,0.3,timber,0.1,eps,0.05,west,1.5,0.9,0.75,3.5,36.5,39.765,0.0536,15.609
Kolkata,22.5726,88.3639,warm_humid,3.0,3.0,2.6,135.0,gi_sheet,0.002,aerated_concrete,0.2,mineral_wool,0.15,east,1.8,0.9,0.55,2.0,36.032,41.167,0.0595,15.697
Kolkata,22.5726,88.3639,warm_humid,3.0,3.0,2.6,135.0,plywood,0.03,concrete,0.1,mineral_wool,0.05,east,0.9,1.5,0.75,1.2,36.92,42.602,0.0536,15.669
Kolkata,22.5726,88.3639,warm_humid,3.0,3.0,2.6,0.0,aerated_concrete,0.2,stone,0.3,sheep_wool,0.1,north,1.8,0.9,0.45,1.2,34.645,36.794,0.0774,15.576
Kolkata,22.5726,88.3639,warm_humid,3.0,3.0,2.6,180.0,gi_sheet,0.002,rcc_slab,0.1,none,0.0,north,0.9,0.6,0.35,1.2,40.874,56.782,0.244,11.7
Kolkata,22.5726,88.3639,warm_humid,3.0,3.0,2.6,180.0,gi_sheet,0.002,aerated_concrete,0.2,xps,0.1,east,1.8,0.9,0.55,1.2,36.41,42.121,0.0774,15.709
Kolkata,22.5726,88.3639,warm_humid,3.0,3.0,2.6,135.0,rammed_earth,0.15,puf_sandwich_panel,0.075,eps,0.2,north,1.5,1.2,0.35,2.6,35.189,37.583,0.0655,15.59
Kolkata,22.5726,88.3639,warm_humid,3.0,3.0,2.6,180.0,mud_brick,0.15,puf_sandwich_panel,0.1,eps,0.05,south,1.2,0.6,0.65,3.5,35.289,37.849,0.0655,15.586
Kolkata,22.5726,88.3639,warm_humid,3.0,3.0,2.6,180.0,timber,0.1,concrete,0.15,eps,0.2,north,1.2,1.2,0.65,3.5,34.952,37.737,0.0655,15.618
Kolkata,22.5726,88.3639,warm_humid,3.0,3.0,2.6,0.0,puf_sandwich_panel,0.1,puf_sandwich_panel,0.075,eps,0.2,east,1.8,0.6,0.45,1.6,34.792,38.79,0.1726,15.811
Kolkata,22.5726,88.3639,warm_humid,3.0,3.0,2.6,180.0,rammed_earth,0.15,mud_brick,0.15,xps,0.15,north,0.9,1.5,0.85,3.5,35.324,37.726,0.0714,15.576
Kolkata,22.5726,88.3639,warm_humid,3.0,3.0,2.6,0.0,mud_brick,0.45,stone,0.3,xps,0.05,north,1.8,0.6,0.85,1.6,34.025,36.326,0.2024,15.541
Kolkata,22.5726,88.3639,warm_humid,3.0,3.0,2.6,45.0,aerated_concrete,0.3,rcc_slab,0.15,sheep_wool,0.05,north,1.8,0.9,0.75,1.2,37.037,40.284,0.0536,15.588
Kolkata,22.5726,88.3639,warm_humid,3.0,3.0,2.6,45.0,puf_sandwich_panel,0.1,stone,0.3,mineral_wool,0.05,east,0.9,0.9,0.45,5.8,34.828,37.119,0.0655,15.596
Kolkata,22.5726,88.3639,warm_humid,3.0,3.0,2.6,0.0,brick,0.345,stone,0.15,xps,0.15,east,0.9,0.9,0.65,2.0,33.965,35.976,0.1964,15.548
Kolkata,22.5726,88.3639,warm_humid,3.0,3.0,2.6,45.0,timber,0.2,rcc_slab,0.25,mineral_wool,0.1,north,0.6,1.2,0.85,2.0,35.049,37.238,0.0655,15.583
Kolkata,22.5726,88.3639,warm_humid,3.0,3.0,2.6,0.0,aerated_concrete,0.2,concrete,0.2,sheep_wool,0.15,west,1.2,1.5,0.45,5.8,34.664,37.071,0.0714,15.593
Kolkata,22.5726,88.3639,warm_humid,3.0,3.0,2.6,90.0,timber,0.1,brick,0.23,xps,0.1,north,1.8,1.5,0.85,1.6,39.699,44.434,0.0476,15.61
Kolkata,22.5726,88.3639,warm_humid,3.0,3.0,2.6,90.0,mud_brick,0.15,timber,0.15,sheep_wool,0.05,north,1.5,0.6,0.75,3.5,36.518,39.536,0.0595,15.582
Kolkata,22.5726,88.3639,warm_humid,3.0,3.0,2.6,90.0,plywood,0.019,stone,0.15,eps,0.1,south,1.2,1.5,0.45,5.8,35.547,39.421,0.0595,15.638
Kolkata,22.5726,88.3639,warm_humid,3.0,3.0,2.6,90.0,concrete,0.1,concrete,0.15,eps,0.2,north,1.5,1.2,0.35,5.8,35.444,37.859,0.0655,15.579
Kolkata,22.5726,88.3639,warm_humid,3.0,3.0,2.6,90.0,gi_sheet,0.002,timber,0.15,mineral_wool,0.05,west,1.2,0.6,0.35,3.5,35.965,41.803,0.131,15.719
Kolkata,22.5726,88.3639,warm_humid,3.0,3.0,2.6,135.0,timber,0.2,aerated_concrete,0.2,eps,0.2,west,0.6,1.5,0.85,1.2,35.19,37.704,0.0595,15.619
Kolkata,22.5726,88.3639,warm_humid,3.0,3.0,2.6,90.0,concrete,0.3,concrete,0.2,sheep_wool,0.1,west,1.2,1.5,0.35,1.2,34.249,36.362,0.1369,15.547
Kolkata,22.5726,88.3639,warm_humid,3.0,3.0,2.6,180.0,plywood,0.019,brick,0.23,sheep_wool,0.1,north,0.6,1.2,0.45,1.2,35.479,38.801,0.0595,15.631
Kolkata,22.5726,88.3639,warm_humid,3.0,3.0,2.6,180.0,mud_brick,0.45,stone,0.15,xps,0.15,west,1.2,0.6,0.85,1.2,33.722,35.879,0.2024,15.543
Kolkata,22.5726,88.3639,warm_humid,3.0,3.0,2.6,0.0,aerated_concrete,0.2,concrete,0.1,eps,0.2,south,1.8,1.5,0.35,3.5,34.853,37.678,0.0655,15.612
Kolkata,22.5726,88.3639,warm_humid,3.0,3.0,2.6,180.0,gi_sheet,0.002,rcc_slab,0.1,eps,0.15,east,0.9,1.2,0.35,2.6,35.671,39.751,0.0536,15.669
Kolkata,22.5726,88.3639,warm_humid,3.0,3.0,2.6,45.0,concrete,0.2,mud_brick,0.25,eps,0.15,north,1.8,0.6,0.85,2.6,35.146,37.421,0.0833,15.555
Kolkata,22.5726,88.3639,warm_humid,3.0,3.0,2.6,135.0,plywood,0.012,puf_sandwich_panel,0.075,none,0.0,east,0.9,0.6,0.75,1.2,39.358,52.482,0.2857,13.359
Kolkata,22.5726,88.3639,warm_humid,3.0,3.0,2.6,45.0,timber,0.2,timber,0.1,sheep_wool,0.15,north,1.8,0.6,0.85,2.6,35.793,38.788,0.0536,15.628
Kolkata,22.5726,88.3639,warm_humid,3.0,3.0,2.6,135.0,rammed_earth,0.15,timber,0.15,xps,0.15,south,1.5,1.5,0.75,5.8,35.683,38.528,0.0655,15.586
Kolkata,22.5726,88.3639,warm_humid,3.0,3.0,2.6,135.0,plywood,0.03,aerated_concrete,0.2,xps,0.05,north,1.2,0.9,0.45,5.8,36.429,41.827,0.0774,15.71
Kolkata,22.5726,88.3639,warm_humid,3.0,3.0,2.6,45.0,concrete,0.15,stone,0.15,sheep_wool,0.05,north,0.6,1.5,0.55,1.2,36.266,39.052,0.0655,15.565
Kolkata,22.5726,88.3639,warm_humid,3.0,3.0,2.6,0.0,mud_brick,0.3,timber,0.1,eps,0.2,south,0.9,0.6,0.35,1.6,33.032,34.547,0.2143,15.555
Kolkata,22.5726,88.3639,warm_humid,3.0,3.0,2.6,180.0,rammed_earth,0.3,brick,0.115,sheep_wool,0.1,east,1.2,1.5,0.45,2.6,34.757,36.95,0.0833,15.556
Kolkata,22.5726,88.3639,warm_humid,3.0,3.0,2.6,90.0,timber,0.2,timber,0.15,eps,0.2,north,0.6,0.6,0.85,2.0,34.151,36.184,0.0655,15.621
Kolkata,22.5726,88.3639,warm_humid,3.0,3.0,2.6,0.0,timber,0.2,mud_brick,0.25,mineral_wool,0.15,north,1.8,0.9,0.35,2.6,34.159,36.184,0.0774,15.588
Kolkata,22.5726,88.3639,warm_humid,3.0,3.0,2.6,45.0,aerated_concrete,0.1,concrete,0.2,none,0.0,west,1.8,0.6,0.45,5.8,39.696,47.218,0.0476,15.609
Kolkata,22.5726,88.3639,warm_humid,3.0,3.0,2.6,45.0,plywood,0.05,gi_sheet,0.002,mineral_wool,0.15,west,0.9,1.5,0.75,1.6,35.276,40.101,0.0952,15.726
Kolkata,22.5726,88.3639,warm_humid,3.0,3.0,2.6,135.0,puf_sandwich_panel,0.15,aerated_concrete,0.2,mineral_wool,0.05,south,1.5,1.2,0.35,5.8,34.687,38.816,0.119,15.724
Kolkata,22.5726,88.3639,warm_humid,3.0,3.0,2.6,135.0,concrete,0.1,puf_sandwich_panel,0.1,mineral_wool,0.05,north,1.8,0.9,0.85,2.0,37.95,42.083,0.0476,15.599
Kolkata,22.5726,88.3639,warm_humid,3.0,3.0,2.6,90.0,puf_sandwich_panel,0.075,concrete,0.2,xps,0.15,east,1.8,0.9,0.35,1.2,34.244,36.765,0.0655,15.63
Kolkata,22.5726,88.3639,warm_humid,3.0,3.0,2.6,90.0,puf_sandwich_panel,0.1,mud_brick,0.25,xps,0.15,south,1.8,0.6,0.45,1.6,33.919,36.16,0.0714,15.627
Kolkata,22.5726,88.3639,warm_humid,3.0,3.0,2.6,45.0,plywood,0.05,timber,0.1,eps,0.05,south,1.2,0.6,0.55,1.2,35.772,41.03,0.0893,15.72
Kolkata,22.5726,88.3639,warm_humid,3.0,3.0,2.6,0.0,plywood,0.019,gi_sheet,0.002,none,0.0,south,1.5,0.6,0.35,2.0,40.946,58.281,0.2917,12.539
Kolkata,22.5726,88.3639,warm_humid,3.0,3.0,2.6,180.0,concrete,0.1,stone,0.15,sheep_wool,0.05,east,1.2,1.2,0.55,1.6,36.782,40.165,0.0595,15.577
Kolkata,22.5726,88.3639,warm_humid,3.0,3.0,2.6,90.0,aerated_concrete,0.1,puf_sandwich_panel,0.075,sheep_wool,0.1,north,1.2,0.9,0.85,5.8,36.702,41.348,0.0476,15.698
Kolkata,22.5726,88.3639,warm_humid,3.0,3.0,2.6,45.0,brick,0.115,timber,0.1,eps,0.1,east,0.6,0.9,0.75,2.6,35.329,37.938,0.0655,15.595
Kolkata,22.5726,88.3639,warm_humid,3.0,3.0,2.6,180.0,gi_sheet,0.002,stone,0.3,eps,0.15,east,1.5,1.5,0.65,2.0,36.373,39.788,0.0595,15.593
Kolkata,22.5726,88.3639,warm_humid,3.0,3.0,2.6,180.0,stone,0.3,rcc_slab,0.15,mineral_wool,0.15,east,1.8,0.6,0.65,1.2,33.959,36.056,0.2024,15.544
Kolkata,22.5726,88.3639,warm_humid,3.0,3.0,2.6,45.0,plywood,0.012,timber,0.15,none,0.0,west,0.9,0.9,0.55,2.0,39.593,52.436,0.244,13.49
Kolkata,22.5726,88.3639,warm_humid,3.0,3.0,2.6,90.0,timber,0.2,stone,0.3,eps,0.2,north,0.6,0.6,0.35,1.2,33.283,34.749,0.1548,15.574
Kolkata,22.5726,88.3639,warm_humid,3.0,3.0,2.6,180.0,stone,0.3,aerated_concrete,0.1,none,0.0,south,1.2,1.2,0.45,2.6,38.498,42.638,0.0595,15.547
Kolkata,22.5726,88.3639,warm_humid,3.0,3.0,2.6,135.0,brick,0.23,timber,0.15,eps,0.05,east,0.6,0.6,0.85,2.0,35.119,37.405,0.0774,15.563
Kolkata,22.5726,88.3639,warm_humid,3.0,3.0,2.6,90.0,concrete,0.15,rcc_slab,0.25,xps,0.15,south,1.5,1.2,0.35,1.6,34.37,36.398,0.0833,15.561
Kolkata,22.5726,88.3639,warm_humid,3.0,3.0,2.6,90.0,brick,0.23,aerated_concrete,0.1,eps,0.025,north,1.8,0.9,0.55,3.5,37.381,40.645,0.0595,15.566
Kolkata,22.5726,88.3639,warm_humid,3.0,3.0,2.6,90.0,aerated_concrete,0.3,concrete,0.2,mineral_wool,0.15,east,1.8,1.2,0.75,2.0,35.404,37.992,0.0714,15.581
Kolkata,22.5726,88.3639,warm_humid,3.0,3.0,2.6,135.0,puf_sandwich_panel,0.15,aerated_concrete,0.2,sheep_wool,0.05,north,0.6,0.9,0.45,5.8,34.444,37.826,0.0952,15.729
Kolkata,22.5726,88.3639,warm_humid,3.0,3.0,2.6,90.0,mud_brick,0.3,timber,0.15,xps,0.05,north,1.2,1.2,0.35,5.8,35.114,37.368,0.0774,15.556
Kolkata,22.5726,88.3639,warm_humid,3.0,3.0,2.6,180.0,gi_sheet,0.002,puf_sandwich_panel,0.075,xps,0.05,west,1.8,1.5,0.55,1.2,38.992,47.786,0.1845,15.788
Kolkata,22.5726,88.3639,warm_humid,3.0,3.0,2.6,45.0,mud_brick,0.45,aerated_concrete,0.1,sheep_wool,0.15,north,0.6,0.9,0.65,2.0,33.226,35.025,0.2143,15.545
Kolkata,22.5726,88.3639,warm_humid,3.0,3.0,2.6,90.0,rammed_earth,0.45,concrete,0.1,eps,0.2,west,0.6,0.6,0.45,2.0,32.497,33.963,0.3452,15.545
Kolkata,22.5726,88.3639,warm_humid,3.0,3.0,2.6,90.0,mud_brick,0.15,aerated_concrete,0.1,eps,0.15,west,1.2,0.9,0.75,2.0,34.641,36.838,0.0774,15.583
Kolkata,22.5726,88.3639,warm_humid,3.0,3.0,2.6,135.0,aerated_concrete,0.2,gi_sheet,0.002,sheep_wool,0.05,west,0.6,0.9,0.85,1.6,36.076,39.803,0.0536,15.64
Kolkata,22.5726,88.3639,warm_humid,3.0,3.0,2.6,45.0,aerated_concrete,0.3,timber,0.1,mineral_wool,0.15,east,1.8,1.2,0.65,1.6,36.695,39.972,0.0536,15.607
Kolkata,22.5726,88.3639,warm_humid,3.0,3.0,2.6,45.0,concrete,0.2,concrete,0.1,xps,0.15,north,1.2,1.5,0.75,3.5,36.087,38.685,0.0655,15.56
Kolkata,22.5726,88.3639,warm_humid,3.0,3.0,2.6,45.0,stone,0.45,stone,0.3,eps,0.05,north,1.8,0.6,0.85,3.5,34.595,37.379,0.1964,15.536
Kolkata,22.5726,88.3639,warm_humid,3.0,3.0,2.6,180.0,timber,0.1,brick,0.23,xps,0.05,west,0.9,1.5,0.35,2.0,36.114,39.389,0.0536,15.609
Kolkata,22.5726,88.3639,warm_humid,3.0,3.0,2.6,45.0,mud_brick,0.3,concrete,0.15,eps,0.025,west,1.8,0.6,0.75,1.2,36.081,38.836,0.0714,15.552
Kolkata,22.5726,88.3639,warm_humid,3.0,3.0,2.6,135.0,timber,0.15,puf_sandwich_panel,0.05,eps,0.1,east,1.8,1.5,0.85,2.0,36.747,42.254,0.0536,15.665
Kolkata,22.5726,88.3639,warm_humid,3.0,3.0,2.6,0.0,puf_sandwich_panel,0.1,aerated_concrete,0.1,eps,0.2,east,1.5,0.9,0.55,2.0,35.686,40.015,0.0952,15.761
Kolkata,22.5726,88.3639,warm_humid,3.0,3.0,2.6,180.0,rammed_earth,0.45,concrete,0.2,eps,0.15,south,1.2,1.5,0.55,2.6,33.696,35.687,0.2083,15.544
Kolkata,22.5726,88.3639,warm_humid,3.0,3.0,2.6,45.0,puf_sandwich_panel,0.15,aerated_concrete,0.1,sheep_wool,0.1,east,0.6,0.9,0.35,1.2,34.111,37.481,0.1726,15.764
Kolkata,22.5726,88.3639,warm_humid,3.0,3.0,2.6,135.0,timber,0.1,concrete,0.15,xps,0.1,west,1.8,0.6,0.85,3.5,36.215,39.404,0.0536,15.619
Kolkata,22.5726,88.3639,warm_humid,3.0,3.0,2.6,90.0,aerated_concrete,0.2,aerated_concrete,0.1,sheep_wool,0.15,north,1.5,0.9,0.65,5.8,36.219,39.507,0.0536,15.633
Kolkata,22.5726,88.3639,warm_humid,3.0,3.0,2.6,0.0,gi_sheet,0.002,puf_sandwich_panel,0.15,eps,0.2,east,1.8,0.9,0.65,3.5,37.077,43.433,0.1369,15.773
Kolkata,22.5726,88.3639,warm_humid,3.0,3.0,2.6,90.0,mud_brick,0.3,concrete,0.15,sheep_wool,0.05,east,0.9,0.6,0.55,3.5,34.742,36.983,0.0893,15.552
Kolkata,22.5726,88.3639,warm_humid,3.0,3.0,2.6,90.0,timber,0.2,aerated_concrete,0.1,mineral_wool,0.1,east,0.9,0.9,0.75,2.6,34.685,37.39,0.0655,15.626
Kolkata,22.5726,88.3639,warm_humid,3.0,3.0,2.6,45.0,stone,0.3,rcc_slab,0.1,mineral_wool,0.15,south,1.8,1.2,0.65,2.6,34.483,36.799,0.119,15.546
Kolkata,22.5726,88.3639,warm_humid,3.0,3.0,2.6,135.0,puf_sandwich_panel,0.05,concrete,0.15,xps,0.05,east,0.6,1.5,0.65,2.6,35.274,38.903,0.0595,15.654
Kolkata,22.5726,88.3639,warm_humid,3.0,3.0,2.6,45.0,puf_sandwich_panel,0.15,aerated_concrete,0.2,xps,0.15,south,1.2,1.5,0.45,1.2,34.535,38.507,0.1131,15.722
Kolkata,22.5726,88.3639,warm_humid,3.0,3.0,2.6,135.0,plywood,0.012,rcc_slab,0.25,mineral_wool,0.05,west,1.8,0.6,0.35,5.8,36.62,40.535,0.0536,15.614
Kolkata,22.5726,88.3639,warm_humid,3.0,3.0,2.6,135.0,aerated_concrete,0.3,brick,0.23,sheep_wool,0.1,east,0.6,1.2,0.65,2.0,34.372,36.393,0.0774,15.582
Kolkata,22.5726,88.3639,warm_humid,3.0,3.0,2.6,90.0,puf_sandwich_panel,0.15,mud_brick,0.15,xps,0.05,west,1.2,1.2,0.75,5.8,35.383,39.159,0.0595,15.666
Kolkata,22.5726,88.3639,warm_humid,3.0,3.0,2.6,180.0,gi_sheet,0.002,rcc_slab,0.2,sheep_wool,0.1,north,1.2,1.5,0.55,2.0,36.639,40.943,0.0536,15.626
Kolkata,22.5726,88.3639,warm_humid,3.0,3.0,2.6,45.0,rammed_earth,0.3,gi_sheet,0.002,sheep_wool,0.1,north,1.2,1.5,0.85,2.0,36.55,39.335,0.0655,15.56
Kolkata,22.5726,88.3639,warm_humid,3.0,3.0,2.6,135.0,gi_sheet,0.002,stone,0.3,sheep_wool,0.05,east,0.6,0.9,0.35,1.2,36.368,39.849,0.0595,15.593
Kolkata,22.5726,88.3639,warm_humid,3.0,3.0,2.6,0.0,gi_sheet,0.002,stone,0.15,sheep_wool,0.15,north,0.6,1.2,0.75,5.8,35.137,38.516,0.0595,15.634
Kolkata,22.5726,88.3639,warm_humid,3.0,3.0,2.6,180.0,mud_brick,0.3,aerated_concrete,0.2,eps,0.15,west,0.6,1.2,0.45,5.8,33.92,35.737,0.1607,15.555
Kolkata,22.5726,88.3639,warm_humid,3.0,3.0,2.6,135.0,timber,0.2,timber,0.1,eps,0.1,west,1.8,1.2,0.75,2.0,37.475,41.524,0.0476,15.631
Kolkata,22.5726,88.3639,warm_humid,3.0,3.0,2.6,45.0,concrete,0.3,aerated_concrete,0.1,eps,0.2,south,1.8,1.5,0.55,1.6,34.672,36.947,0.0893,15.552
Kolkata,22.5726,88.3639,warm_humid,3.0,3.0,2.6,0.0,gi_sheet,0.002,stone,0.15,sheep_wool,0.1,north,1.5,0.6,0.55,1.6,35.521,39.322,0.0595,15.635
Kolkata,22.5726,88.3639,warm_humid,3.0,3.0,2.6,0.0,rammed_earth,0.45,concrete,0.15,mineral_wool,0.1,north,1.5,1.5,0.55,3.5,34.228,36.417,0.1726,15.545
Kolkata,22.5726,88.3639,warm_humid,3.0,3.0,2.6,45.0,concrete,0.3,gi_sheet,0.002,sheep_wool,0.05,west,0.6,0.9,0.75,2.0,35.136,37.528,0.0833,15.551
Kolkata,22.5726,88.3639,warm_humid,3.0,3.0,2.6,180.0,puf_sandwich_panel,0.1,concrete,0.15,xps,0.15,south,1.5,0.9,0.35,5.8,34.04,36.562,0.0655,15.65
Kolkata,22.5726,88.3639,warm_humid,3.0,3.0,2.6,0.0,aerated_concrete,0.1,mud_brick,0.15,eps,0.05,south,0.9,0.9,0.45,1.6,35.59,39.171,0.0595,15.63
Kolkata,22.5726,88.3639,warm_humid,3.0,3.0,2.6,135.0,aerated_concrete,0.3,rcc_slab,0.1,xps,0.05,west,1.5,0.6,0.35,5.8,35.191,37.701,0.0655,15.594
Kolkata,22.5726,88.3639,warm_humid,3.0,3.0,2.6,135.0,concrete,0.2,rcc_slab,0.15,sheep_wool,0.05,east,1.2,0.9,0.35,3.5,35.825,38.431,0.0714,15.558
Kolkata,22.5726,88.3639,warm_humid,3.0,3.0,2.6,45.0,stone,0.3,rcc_slab,0.1,none,0.0,east,1.5,1.5,0.35,1.2,40.215,45.376,0.0536,15.546
Kolkata,22.5726,88.3639,warm_humid,3.0,3.0,2.6,0.0,puf_sandwich_panel,0.1,brick,0.115,sheep_wool,0.1,east,1.2,1.2,0.75,3.5,37.044,41.585,0.0476,15.687
Kolkata,22.5726,88.3639,warm_humid,3.0,3.0,2.6,0.0,gi_sheet,0.002,rcc_slab,0.1,eps,0.1,north,1.2,0.6,0.45,1.6,35.361,39.638,0.0536,15.671
Kolkata,22.5726,88.3639,warm_humid,3.0,3.0,2.6,135.0,brick,0.345,stone,0.15,mineral_wool,0.1,east,1.8,0.6,0.55,2.6,34.037,36.095,0.1964,15.548
Kolkata,22.5726,88.3639,warm_humid,3.0,3.0,2.6,135.0,timber,0.2,brick,0.23,mineral_wool,0.1,north,1.2,0.9,0.75,5.8,35.677,38.241,0.0595,15.591
Kolkata,22.5726,88.3639,warm_humid,3.0,3.0,2.6,0.0,rammed_earth,0.15,concrete,0.15,eps,0.025,west,1.8,0.6,0.65,1.6,36.929,40.474,0.0595,15.574
Kolkata,22.5726,88.3639,warm_humid,3.0,3.0,2.6,135.0,stone,0.15,stone,0.15,eps,0.025,north,1.8,0.6,0.75,1.6,37.758,41.227,0.0595,15.561
Kolkata,22.5726,88.3639,warm_humid,3.0,3.0,2.6,90.0,plywood,0.03,puf_sandwich_panel,0.05,eps,0.05,south,1.8,0.6,0.75,1.2,36.053,42.958,0.1786,15.786
Kolkata,22.5726,88.3639,warm_humid,3.0,3.0,2.6,90.0,timber,0.15,puf_sandwich_panel,0.05,none,0.0,south,1.2,1.5,0.35,2.0,36.215,41.421,0.0536,15.665
Kolkata,22.5726,88.3639,warm_humid,3.0,3.0,2.6,90.0,mud_brick,0.3,brick,0.23,mineral_wool,0.05,south,1.8,0.9,0.85,5.8,35.465,38.08,0.0833,15.551
Kolkata,22.5726,88.3639,warm_humid,3.0,3.0,2.6,180.0,aerated_concrete,0.1,timber,0.15,sheep_wool,0.05,south,1.2,0.9,0.75,2.0,36.029,40.609,0.0536,15.668
Kolkata,22.5726,88.3639,warm_humid,3.0,3.0,2.6,135.0,rammed_earth,0.3,brick,0.23,mineral_wool,0.15,north,1.5,1.2,0.55,2.0,35.12,37.427,0.0833,15.552
Kolkata,22.5726,88.3639,warm_humid,3.0,3.0,2.6,135.0,mud_brick,0.3,puf_sandwich_panel,0.15,mineral_wool,0.1,west,0.6,1.2,0.65,2.0,34.177,36.061,0.1131,15.556
Kolkata,22.5726,88.3639,warm_humid,3.0,3.0,2.6,90.0,puf_sandwich_panel,0.15,stone,0.15,eps,0.15,south,1.2,1.5,0.65,5.8,34.879,38.045,0.0655,15.64
Kolkata,22.5726,88.3639,warm_humid,3.0,3.0,2.6,135.0,rammed_earth,0.45,puf_sandwich_panel,0.05,eps,0.2,west,0.6,0.9,0.85,3.5,33.277,35.05,0.2143,15.547
Kolkata,22.5726,88.3639,warm_humid,3.0,3.0,2.6,45.0,mud_brick,0.45,stone,0.3,xps,0.05,east,1.2,0.9,0.55,3.5,34.259,36.65,0.1964,15.541
Kolkata,22.5726,88.3639,warm_humid,3.0,3.0,2.6,135.0,plywood,0.019,timber,0.1,eps,0.15,north,0.6,0.6,0.75,1.2,35.194,39.417,0.1012,15.746
Kolkata,22.5726,88.3639,warm_humid,3.0,3.0,2.6,135.0,timber,0.1,mud_brick,0.15,eps,0.05,west,0.9,1.2,0.75,1.2,36.778,40.714,0.0536,15.628
Kolkata,22.5726,88.3639,warm_humid,3.0,3.0,2.6,90.0,timber,0.15,timber,0.15,mineral_wool,0.1,east,1.2,1.2,0.65,5.8,35.212,38.562,0.0595,15.638
Kolkata,22.5726,88.3639,warm_humid,3.0,3.0,2.6,45.0,rammed_earth,0.3,brick,0.115,eps,0.15,west,1.8,0.6,0.75,3.5,33.975,35.908,0.1429,15.555
Kolkata,22.5726,88.3639,warm_humid,3.0,3.0,2.6,45.0,mud_brick,0.45,timber,0.15,mineral_wool,0.05,east,1.8,0.9,0.45,1.2,34.747,37.078,0.0952,15.545
Kolkata,22.5726,88.3639,warm_humid,3.0,3.0,2.6,135.0,puf_sandwich_panel,0.05,stone,0.15,mineral_wool,0.15,south,1.5,0.9,0.45,3.5,34.306,36.935,0.0655,15.637
Kolkata,22.5726,88.3639,warm_humid,3.0,3.0,2.6,135.0,puf_sandwich_panel,0.075,stone,0.3,sheep_wool,0.1,south,1.2,0.9,0.55,5.8,34.289,36.44,0.0714,15.596
Kolkata,22.5726,88.3639,warm_humid,3.0,3.0,2.6,180.0,rammed_earth,0.15,brick,0.115,sheep_wool,0.15,south,1.8,1.2,0.85,3.5,36.108,38.977,0.0655,15.58
Kolkata,22.5726,88.3639,warm_humid,3.0,3.0,2.6,135.0,stone,0.15,stone,0.3,eps,0.15,west,1.8,0.6,0.45,2.0,34.704,36.801,0.0893,15.554
Kolkata,22.5726,88.3639,warm_humid,3.0,3.0,2.6,135.0,puf_sandwich_panel,0.05,puf_sandwich_panel,0.15,mineral_wool,0.15,north,0.6,0.9,0.35,5.8,33.861,37.127,0.2143,15.791
Kolkata,22.5726,88.3639,warm_humid,3.0,3.0,2.6,135.0,timber,0.15,stone,0.15,sheep_wool,0.15,south,1.8,1.5,0.65,3.5,35.709,38.956,0.0655,15.604
Kolkata,22.5726,88.3639,warm_humid,3.0,3.0,2.6,0.0,rammed_earth,0.45,concrete,0.2,eps,0.15,east,1.5,0.6,0.45,1.6,33.406,35.328,0.2143,15.543
Kolkata,22.5726,88.3639,warm_humid,3.0,3.0,2.6,90.0,timber,0.1,puf_sandwich_panel,0.1,mineral_wool,0.05,south,1.5,0.6,0.55,5.8,35.08,39.195,0.0595,15.69
Kolkata,22.5726,88.3639,warm_humid,3.0,3.0,2.6,90.0,concrete,0.1,puf_sandwich_panel,0.15,sheep_wool,0.05,east,0.9,0.6,0.35,3.5,35.407,38.38,0.0655,15.598
Kolkata,22.5726,88.3639,warm_humid,3.0,3.0,2.6,0.0,stone,0.3,stone,0.3,mineral_wool,0.1,north,1.5,1.5,0.35,1.2,33.997,36.123,0.2024,15.542
Kolkata,22.5726,88.3639,warm_humid,3.0,3.0,2.6,45.0,aerated_concrete,0.3,aerated_concrete,0.1,mineral_wool,0.1,east,0.6,0.9,0.55,2.0,34.437,36.598,0.0655,15.605
Kolkata,22.5726,88.3639,warm_humid,3.0,3.0,2.6,45.0,plywood,0.03,stone,0.15,mineral_wool,0.05,north,0.6,1.5,0.35,2.6,36.156,40.171,0.0536,15.634
Kolkata,22.5726,88.3639,warm_humid,3.0,3.0,2.6,90.0,aerated_concrete,0.3,concrete,0.2,eps,0.025,north,0.6,0.6,0.75,1.2,35.897,38.616,0.0655,15.581
Kolkata,22.5726,88.3639,warm_humid,3.0,3.0,2.6,135.0,brick,0.115,rcc_slab,0.1,xps,0.1,north,1.8,1.5,0.65,1.6,38.036,41.823,0.0536,15.588
Kolkata,22.5726,88.3639,warm_humid,3.0,3.0,2.6,90.0,stone,0.15,puf_sandwich_panel,0.075,eps,0.1,east,1.8,0.6,0.35,2.6,34.482,36.552,0.0774,15.571
Kolkata,22.5726,88.3639,warm_humid,3.0,3.0,2.6,90.0,aerated_concrete,0.1,brick,0.23,eps,0.15,east,1.5,1.5,0.75,1.2,35.951,39.418,0.0595,15.61
Kolkata,22.5726,88.3639,warm_humid,3.0,3.0,2.6,180.0,mud_brick,0.15,rcc_slab,0.15,mineral_wool,0.05,west,1.5,1.2,0.65,3.5,37.725,41.09,0.0536,15.573
Kolkata,22.5726,88.3639,warm_humid,3.0,3.0,2.6,135.0,timber,0.2,puf_sandwich_panel,0.15,none,0.0,west,1.8,0.9,0.35,1.2,35.978,39.826,0.0536,15.641
Kolkata,22.5726,88.3639,warm_humid,3.0,3.0,2.6,180.0,gi_sheet,0.002,stone,0.15,eps,0.025,west,0.6,0.6,0.45,3.5,37.791,43.764,0.0476,15.636
Kolkata,22.5726,88.3639,warm_humid,3.0,3.0,2.6,135.0,aerated_concrete,0.2,puf_sandwich_panel,0.075,mineral_wool,0.1,west,1.5,0.6,0.75,2.0,35.384,38.346,0.0536,15.639
Kolkata,22.5726,88.3639,warm_humid,3.0,3.0,2.6,180.0,timber,0.2,brick,0.115,eps,0.2,south,1.2,0.9,0.35,5.8,33.928,35.946,0.0714,15.608
Kolkata,22.5726,88.3639,warm_humid,3.0,3.0,2.6,180.0,plywood,0.012,rcc_slab,0.2,eps,0.1,east,1.8,1.2,0.75,3.5,36.816,41.444,0.0536,15.63
Kolkata,22.5726,88.3639,warm_humid,3.0,3.0,2.6,90.0,aerated_concrete,0.2,timber,0.1,eps,0.025,north,0.6,0.6,0.45,3.5,35.643,39.123,0.0595,15.632
Kolkata,22.5726,88.3639,warm_humid,3.0,3.0,2.6,135.0,mud_brick,0.15,gi_sheet,0.002,eps,0.15,west,1.5,1.5,0.85,2.0,37.837,41.283,0.0536,15.588
Kolkata,22.5726,88.3639,warm_humid,3.0,3.0,2.6,180.0,brick,0.345,concrete,0.2,none,0.0,west,0.6,1.2,0.45,2.0,38.887,42.918,0.0595,15.547
Kolkata,22.5726,88.3639,warm_humid,3.0,3.0,2.6,180.0,brick,0.115,mud_brick,0.25,mineral_wool,0.05,south,1.5,0.9,0.85,5.8,36.594,39.694,0.0595,15.575
Kolkata,22.5726,88.3639,warm_humid,3.0,3.0,2.6,135.0,brick,0.23,concrete,0.2,xps,0.05,south,0.9,1.2,0.85,2.6,35.599,38.121,0.0774,15.557
Kolkata,22.5726,88.3639,warm_humid,3.0,3.0,2.6,180.0,rammed_earth,0.45,puf_sandwich_panel,0.075,xps,0.1,south,1.8,0.9,0.45,1.2,33.674,35.555,0.2024,15.548
Kolkata,22.5726,88.3639,warm_humid,3.0,3.0,2.6,0.0,puf_sandwich_panel,0.05,gi_sheet,0.002,sheep_wool,0.05,north,1.8,1.5,0.35,1.6,35.934,43.036,0.2262,15.822
Kolkata,22.5726,88.3639,warm_humid,3.0,3.0,2.6,90.0,gi_sheet,0.002,concrete,0.15,xps,0.05,north,1.5,1.2,0.75,2.6,38.551,44.492,0.0476,15.645
Kolkata,22.5726,88.3639,warm_humid,3.0,3.0,2.6,0.0,concrete,0.3,timber,0.15,xps,0.15,east,0.6,1.2,0.55,2.6,33.906,35.829,0.1964,15.55
Kolkata,22.5726,88.3639,warm_humid,3.0,3.0,2.6,180.0,rammed_earth,0.3,gi_sheet,0.002,mineral_wool,0.1,east,0.9,1.2,0.35,3.5,34.191,36.11,0.0893,15.558
Kolkata,22.5726,88.3639,warm_humid,3.0,3.0,2.6,45.0,stone,0.15,gi_sheet,0.002,eps,0.2,north,0.6,0.6,0.65,1.2,34.029,35.839,0.0893,15.569
Kolkata,22.5726,88.3639,warm_humid,3.0,3.0,2.6,0.0,aerated_concrete,0.2,rcc_slab,0.2,xps,0.1,south,1.8,0.6,0.55,2.6,34.578,36.848,0.0714,15.592
Kolkata,22.5726,88.3639,warm_humid,3.0,3.0,2.6,135.0,aerated_concrete,0.2,timber,0.15,mineral_wool,0.15,north,0.9,1.2,0.45,1.6,34.842,37.384,0.0595,15.623
Kolkata,22.5726,88.3639,warm_humid,3.0,3.0,2.6,45.0,mud_brick,0.3,aerated_concrete,0.2,eps,0.1,west,1.8,1.5,0.35,1.2,34.524,36.619,0.0833,15.557
Kolkata,22.5726,88.3639,warm_humid,3.0,3.0,2.6,0.0,rammed_earth,0.15,timber,0.15,eps,0.2,west,1.5,1.2,0.35,3.5,34.379,36.585,0.0774,15.585
Kolkata,22.5726,88.3639,warm_humid,3.0,3.0,2.6,90.0,plywood,0.03,gi_sheet,0.002,sheep_wool,0.15,south,1.2,0.9,0.45,2.0,34.952,39.905,0.1726,15.768
Kolkata,22.5726,88.3639,warm_humid,3.0,3.0,2.6,45.0,rammed_earth,0.3,brick,0.23,eps,0.025,north,1.5,0.9,0.85,1.2,37.046,40.112,0.0655,15.552
Kolkata,22.5726,88.3639,warm_humid,3.0,3.0,2.6,0.0,concrete,0.3,brick,0.115,xps,0.15,east,0.9,0.9,0.65,2.6,34.212,36.284,0.1607,15.549
Kolkata,22.5726,88.3639,warm_humid,3.0,3.0,2.6,45.0,rammed_earth,0.3,puf_sandwich_panel,0.075,mineral_wool,0.05,north,1.2,1.2,0.65,5.8,35.674,38.12,0.0714,15.559
Kolkata,22.5726,88.3639,warm_humid,3.0,3.0,2.6,180.0,timber,0.15,mud_brick,0.15,mineral_wool,0.15,east,0.6,0.9,0.85,5.8,34.224,36.411,0.0714,15.61
Kolkata,22.5726,88.3639,warm_humid,3.0,3.0,2.6,180.0,rammed_earth,0.45,gi_sheet,0.002,eps,0.2,south,1.2,0.9,0.55,1.2,33.226,34.952,0.2143,15.547
Kolkata,22.5726,88.3639,warm_humid,3.0,3.0,2.6,0.0,concrete,0.2,timber,0.1,eps,0.2,east,1.5,1.5,0.35,3.5,35.403,37.725,0.0714,15.565
Kolkata,22.5726,88.3639,warm_humid,3.0,3.0,2.6,180.0,aerated_concrete,0.1,stone,0.15,sheep_wool,0.1,south,1.5,0.6,0.65,2.6,35.12,37.951,0.0655,15.615
Kolkata,22.5726,88.3639,warm_humid,3.0,3.0,2.6,135.0,concrete,0.3,aerated_concrete,0.1,eps,0.05,east,0.9,0.6,0.55,1.2,34.9,37.19,0.0833,15.55
Kolkata,22.5726,88.3639,warm_humid,3.0,3.0,2.6,45.0,mud_brick,0.3,aerated_concrete,0.2,none,0.0,west,0.6,0.6,0.75,5.8,36.662,39.642,0.0655,15.555
Kolkata,22.5726,88.3639,warm_humid,3.0,3.0,2.6,90.0,gi_sheet,0.002,puf_sandwich_panel,0.1,xps,0.05,north,0.6,1.5,0.65,3.5,36.702,43.566,0.1726,15.784
Kolkata,22.5726,88.3639,warm_humid,3.0,3.0,2.6,180.0,stone,0.15,brick,0.23,eps,0.2,north,0.9,0.9,0.55,5.8,34.431,36.407,0.0833,15.559
Kolkata,22.5726,88.3639,warm_humid,3.0,3.0,2.6,45.0,rammed_earth,0.3,brick,0.23,mineral_wool,0.05,west,1.5,1.5,0.65,5.8,35.618,38.21,0.0774,15.553
Kolkata,22.5726,88.3639,warm_humid,3.0,3.0,2.6,90.0,gi_sheet,0.002,puf_sandwich_panel,0.15,mineral_wool,0.1,east,1.2,0.6,0.55,1.6,35.181,40.501,0.1845,15.765
Kolkata,22.5726,88.3639,warm_humid,3.0,3.0,2.6,180.0,aerated_concrete,0.2,brick,0.23,mineral_wool,0.05,west,1.8,0.9,0.55,2.6,36.87,40.144,0.0536,15.594
Kolkata,22.5726,88.3639,warm_humid,3.0,3.0,2.6,135.0,gi_sheet,0.002,timber,0.15,eps,0.1,south,0.9,0.6,0.45,1.6,35.632,40.43,0.0952,15.721
Kolkata,22.5726,88.3639,warm_humid,3.0,3.0,2.6,135.0,plywood,0.019,aerated_concrete,0.1,sheep_wool,0.1,south,0.9,0.6,0.85,3.5,35.625,40.866,0.1369,15.753
Kolkata,22.5726,88.3639,warm_humid,3.0,3.0,2.6,0.0,brick,0.345,timber,0.1,mineral_wool,0.1,north,0.6,1.2,0.85,1.6,33.918,35.869,0.1905,15.551
Kolkata,22.5726,88.3639,warm_humid,3.0,3.0,2.6,135.0,concrete,0.2,concrete,0.1,eps,0.1,north,1.2,1.2,0.55,1.2,35.826,38.338,0.0714,15.56
Kolkata,22.5726,88.3639,warm_humid,3.0,3.0,2.6,180.0,concrete,0.3,stone,0.15,mineral_wool,0.05,west,0.9,1.2,0.65,1.6,35.934,38.643,0.0774,15.547
Kolkata,22.5726,88.3639,warm_humid,3.0,3.0,2.6,0.0,rammed_earth,0.3,timber,0.15,sheep_wool,0.15,west,1.2,0.6,0.35,2.0,33.461,35.13,0.2024,15.557
Kolkata,22.5726,88.3639,warm_humid,3.0,3.0,2.6,0.0,timber,0.1,stone,0.15,xps,0.05,south,1.8,1.2,0.55,5.8,36.252,40.161,0.0595,15.614
Kolkata,22.5726,88.3639,warm_humid,3.0,3.0,2.6,90.0,timber,0.2,mud_brick,0.25,eps,0.15,north,1.8,1.2,0.45,3.5,36.068,38.758,0.0595,15.59
Kolkata,22.5726,88.3639,warm_humid,3.0,3.0,2.6,45.0,plywood,0.05,brick,0.23,eps,0.1,east,1.5,0.6,0.65,5.8,35.676,38.81,0.0595,15.622
Kolkata,22.5726,88.3639,warm_humid,3.0,3.0,2.6,0.0,brick,0.23,timber,0.15,sheep_wool,0.05,north,1.5,1.5,0.75,2.0,36.284,39.147,0.0655,15.566
Kolkata,22.5726,88.3639,warm_humid,3.0,3.0,2.6,90.0,gi_sheet,0.002,rcc_slab,0.1,mineral_wool,0.1,north,0.6,0.9,0.85,2.6,36.121,40.438,0.0476,15.665
Kolkata,22.5726,88.3639,warm_humid,3.0,3.0,2.6,90.0,aerated_concrete,0.1,gi_sheet,0.002,xps,0.05,south,0.6,1.5,0.75,5.8,35.943,41.059,0.0536,15.693
Kolkata,22.5726,88.3639,warm_humid,3.0,3.0,2.6,0.0,gi_sheet,0.002,mud_brick,0.15,mineral_wool,0.05,west,1.2,0.9,0.65,2.6,36.547,42.021,0.0536,15.656
Kolkata,22.5726,88.3639,warm_humid,3.0,3.0,2.6,45.0,plywood,0.019,gi_sheet,0.002,eps,0.05,south,1.5,0.6,0.75,2.0,36.613,44.421,0.1845,15.791
Kolkata,22.5726,88.3639,warm_humid,3.0,3.0,2.6,45.0,concrete,0.3,brick,0.23,xps,0.05,north,1.5,1.2,0.45,1.6,35.585,38.163,0.0774,15.547
Kolkata,22.5726,88.3639,warm_humid,3.0,3.0,2.6,45.0,aerated_concrete,0.3,puf_sandwich_panel,0.1,sheep_wool,0.05,north,1.8,0.6,0.35,2.6,34.78,37.277,0.0595,15.614
Kolkata,22.5726,88.3639,warm_humid,3.0,3.0,2.6,90.0,puf_sandwich_panel,0.15,gi_sheet,0.002,xps,0.05,north,1.2,0.9,0.85,2.6,36.929,43.01,0.1429,15.805
Kolkata,22.5726,88.3639,warm_humid,3.0,3.0,2.6,135.0,aerated_concrete,0.3,puf_sandwich_panel,0.05,mineral_wool,0.05,west,0.9,0.6,0.45,1.6,34.551,36.878,0.0655,15.612
Kolkata,22.5726,88.3639,warm_humid,3.0,3.0,2.6,180.0,concrete,0.15,gi_sheet,0.002,eps,0.025,east,0.9,1.2,0.55,2.0,37.423,41.334,0.0595,15.577
Kolkata,22.5726,88.3639,warm_humid,3.0,3.0,2.6,180.0,timber,0.1,concrete,0.1,sheep_wool,0.15,east,0.9,0.6,0.65,1.2,34.459,37.069,0.0655,15.635
Kolkata,22.5726,88.3639,warm_humid,3.0,3.0,2.6,90.0,timber,0.2,aerated_concrete,0.1,sheep_wool,0.15,north,1.2,1.5,0.55,2.0,36.456,39.854,0.0476,15.63
Kolkata,22.5726,88.3639,warm_humid,3.0,3.0,2.6,90.0,gi_sheet,0.002,timber,0.1,sheep_wool,0.1,south,0.6,0.9,0.55,3.5,35.404,40.702,0.1488,15.739
Kolkata,22.5726,88.3639,warm_humid,3.0,3.0,2.6,0.0,rammed_earth,0.45,timber,0.1,none,0.0,north,0.9,1.5,0.35,2.6,36.249,39.083,0.0714,15.547
Kolkata,22.5726,88.3639,warm_humid,3.0,3.0,2.6,0.0,rammed_earth,0.15,rcc_slab,0.15,eps,0.15,west,0.6,1.2,0.65,2.6,34.206,36.151,0.0833,15.573
Kolkata,22.5726,88.3639,warm_humid,3.0,3.0,2.6,135.0,rammed_earth,0.15,timber,0.15,xps,0.05,north,1.8,0.6,0.85,1.6,36.765,39.93,0.0595,15.584
Kolkata,22.5726,88.3639,warm_humid,3.0,3.0,2.6,90.0,rammed_earth,0.15,puf_sandwich_panel,0.05,mineral_wool,0.15,south,0.9,1.2,0.85,1.2,34.733,37.098,0.0714,15.588
Kolkata,22.5726,88.3639,warm_humid,3.0,3.0,2.6,135.0,brick,0.345,rcc_slab,0.15,eps,0.2,east,1.8,1.2,0.75,3.5,34.614,36.947,0.0952,15.549
Kolkata,22.5726,88.3639,warm_humid,3.0,3.0,2.6,135.0,puf_sandwich_panel,0.075,rcc_slab,0.25,sheep_wool,0.1,east,0.6,0.9,0.75,3.5,34.227,36.493,0.0714,15.616
Kolkata,22.5726,88.3639,warm_humid,3.0,3.0,2.6,45.0,puf_sandwich_panel,0.075,rcc_slab,0.2,mineral_wool,0.1,north,1.2,1.5,0.85,2.6,37.182,40.931,0.0476,15.629
Kolkata,22.5726,88.3639,warm_humid,3.0,3.0,2.6,90.0,mud_brick,0.3,mud_brick,0.25,sheep_wool,0.1,east,0.6,1.2,0.85,2.6,34.016,36.026,0.1667,15.55
Kolkata,22.5726,88.3639,warm_humid,3.0,3.0,2.6,180.0,gi_sheet,0.002,timber,0.15,sheep_wool,0.15,east,1.8,0.9,0.35,5.8,35.95,41.236,0.0952,15.72
Kolkata,22.5726,88.3639,warm_humid,3.0,3.0,2.6,180.0,concrete,0.15,gi_sheet,0.002,xps,0.15,west,0.6,0.9,0.75,2.0,35.308,37.559,0.0655,15.575
Kolkata,22.5726,88.3639,warm_humid,3.0,3.0,2.6,45.0,timber,0.1,brick,0.23,eps,0.15,east,0.6,0.6,0.55,2.0,34.147,36.192,0.0714,15.608
Kolkata,22.5726,88.3639,warm_humid,3.0,3.0,2.6,135.0,rammed_earth,0.45,aerated_concrete,0.1,sheep_wool,0.15,north,1.8,1.2,0.55,1.2,35.106,37.519,0.0893,15.547
Kolkata,22.5726,88.3639,warm_humid,3.0,3.0,2.6,0.0,brick,0.23,concrete,0.15,eps,0.025,east,0.9,1.2,0.65,3.5,37.304,40.527,0.0595,15.559
Kolkata,22.5726,88.3639,warm_humid,3.0,3.0,2.6,180.0,gi_sheet,0.002,puf_sandwich_panel,0.075,xps,0.1,north,1.8,1.2,0.35,3.5,36.256,42.917,0.1786,15.782
Kolkata,22.5726,88.3639,warm_humid,3.0,3.0,2.6,180.0,stone,0.15,gi_sheet,0.002,eps,0.2,west,0.6,0.9,0.45,5.8,34.701,36.707,0.0774,15.569
Kolkata,22.5726,88.3639,warm_humid,3.0,3.0,2.6,90.0,rammed_earth,0.45,timber,0.15,xps,0.05,north,1.5,1.2,0.35,5.8,34.825,37.117,0.0893,15.547
Kolkata,22.5726,88.3639,warm_humid,3.0,3.0,2.6,0.0,puf_sandwich_panel,0.15,aerated_concrete,0.1,mineral_wool,0.1,east,1.8,1.5,0.35,1.6,36.464,41.73,0.1012,15.752
Kolkata,22.5726,88.3639,warm_humid,3.0,3.0,2.6,180.0,stone,0.3,gi_sheet,0.002,mineral_wool,0.05,north,1.8,0.6,0.65,2.6,35.332,37.839,0.0833,15.547
Kolkata,22.5726,88.3639,warm_humid,3.0,3.0,2.6,180.0,stone,0.3,aerated_concrete,0.2,sheep_wool,0.15,east,1.8,0.6,0.85,5.8,34.27,36.459,0.1548,15.546
Kolkata,22.5726,88.3639,warm_humid,3.0,3.0,2.6,135.0,aerated_concrete,0.1,concrete,0.2,xps,0.05,north,0.9,0.9,0.75,1.2,36.374,39.767,0.0536,15.608
Kolkata,22.5726,88.3639,warm_humid,3.0,3.0,2.6,45.0,plywood,0.019,concrete,0.2,eps,0.025,north,0.9,0.6,0.85,1.6,37.713,43.13,0.0476,15.629
Kolkata,22.5726,88.3639,warm_humid,3.0,3.0,2.6,0.0,timber,0.1,timber,0.15,sheep_wool,0.05,west,0.6,0.9,0.65,2.6,35.333,39.252,0.0595,15.664
Kolkata,22.5726,88.3639,warm_humid,3.0,3.0,2.6,135.0,stone,0.45,aerated_concrete,0.2,xps,0.15,south,0.9,1.2,0.85,1.6,33.247,35.321,0.2262,15.538
Kolkata,22.5726,88.3639,warm_humid,3.0,3.0,2.6,45.0,brick,0.345,brick,0.115,eps,0.15,west,1.8,1.5,0.35,1.6,34.185,36.225,0.119,15.551
Kolkata,22.5726,88.3639,warm_humid,3.0,3.0,2.6,0.0,plywood,0.05,puf_sandwich_panel,0.15,xps,0.15,south,1.8,1.5,0.85,1.2,36.814,44.09,0.0952,15.748
Kolkata,22.5726,88.3639,warm_humid,3.0,3.0,2.6,90.0,rammed_earth,0.15,timber,0.1,xps,0.15,east,1.5,1.5,0.45,2.0,35.046,37.631,0.0714,15.587
Kolkata,22.5726,88.3639,warm_humid,3.0,3.0,2.6,135.0,brick,0.345,stone,0.3,eps,0.1,west,1.8,0.9,0.45,5.8,34.525,36.802,0.1369,15.545
Kolkata,22.5726,88.3639,warm_humid,3.0,3.0,2.6,180.0,gi_sheet,0.002,brick,0.115,mineral_wool,0.05,north,0.9,1.2,0.85,2.0,37.448,43.721,0.0476,15.672
Kolkata,22.5726,88.3639,warm_humid,3.0,3.0,2.6,180.0,plywood,0.012,brick,0.23,eps,0.15,south,1.8,0.9,0.65,1.6,35.894,39.513,0.0536,15.632
Kolkata,22.5726,88.3639,warm_humid,3.0,3.0,2.6,135.0,concrete,0.15,aerated_concrete,0.1,none,0.0,east,1.5,0.6,0.55,5.8,39.803,46.671,0.0476,15.575
Kolkata,22.5726,88.3639,warm_humid,3.0,3.0,2.6,180.0,stone,0.3,rcc_slab,0.25,xps,0.1,west,1.8,1.2,0.65,1.6,36.209,39.243,0.0774,15.544
Kolkata,22.5726,88.3639,warm_humid,3.0,3.0,2.6,180.0,gi_sheet,0.002,timber,0.1,mineral_wool,0.05,north,1.5,0.6,0.85,5.8,37.139,44.381,0.1369,15.736
Kolkata,22.5726,88.3639,warm_humid,3.0,3.0,2.6,135.0,timber,0.1,mud_brick,0.15,eps,0.1,south,1.8,1.5,0.35,3.5,35.418,38.969,0.0595,15.629
Kolkata,22.5726,88.3639,warm_humid,3.0,3.0,2.6,180.0,plywood,0.012,concrete,0.2,eps,0.15,south,0.6,1.2,0.55,1.2,35.145,38.088,0.0595,15.629
Kolkata,22.5726,88.3639,warm_humid,3.0,3.0,2.6,135.0,mud_brick,0.45,concrete,0.15,mineral_wool,0.05,north,1.8,1.5,0.55,2.0,36.152,39.059,0.0774,15.544
Kolkata,22.5726,88.3639,warm_humid,3.0,3.0,2.6,90.0,rammed_earth,0.15,gi_sheet,0.002,eps,0.1,north,1.5,1.2,0.45,1.2,36.236,39.184,0.0595,15.59
Kolkata,22.5726,88.3639,warm_humid,3.0,3.0,2.6,135.0,timber,0.15,concrete,0.1,xps,0.15,east,1.8,1.2,0.65,1.2,35.517,38.89,0.0655,15.621
Kolkata,22.5726,88.3639,warm_humid,3.0,3.0,2.6,180.0,stone,0.45,mud_brick,0.15,sheep_wool,0.05,north,1.2,1.5,0.35,5.8,34.523,37.005,0.1964,15.538
Kolkata,22.5726,88.3639,warm_humid,3.0,3.0,2.6,135.0,stone,0.15,brick,0.115,xps,0.1,south,1.2,1.2,0.55,5.8,35.255,37.612,0.0774,15.565
Kolkata,22.5726,88.3639,warm_humid,3.0,3.0,2.6,135.0,mud_brick,0.15,timber,0.15,sheep_wool,0.1,north,1.2,1.5,0.55,2.6,36.406,39.315,0.0595,15.583
Kolkata,22.5726,88.3639,warm_humid,3.0,3.0,2.6,90.0,mud_brick,0.3,stone,0.3,mineral_wool,0.1,north,1.5,0.9,0.85,5.8,35.56,38.251,0.0833,15.547
Kolkata,22.5726,88.3639,warm_humid,3.0,3.0,2.6,45.0,mud_brick,0.45,aerated_concrete,0.2,xps,0.15,south,1.2,0.6,0.75,1.2,32.976,34.696,0.2262,15.545
Kolkata,22.5726,88.3639,warm_humid,3.0,3.0,2.6,180.0,stone,0.15,aerated_concrete,0.2,eps,0.05,north,1.5,1.2,0.45,3.5,36.138,38.965,0.0655,15.568
Kolkata,22.5726,88.3639,warm_humid,3.0,3.0,2.6,45.0,timber,0.15,concrete,0.2,mineral_wool,0.1,north,0.6,0.9,0.75,1.2,34.825,37.075,0.0655,15.596
Kolkata,22.5726,88.3639,warm_humid,3.0,3.0,2.6,90.0,brick,0.345,concrete,0.2,mineral_wool,0.1,west,0.9,0.9,0.75,1.2,33.819,35.805,0.2024,15.547
Kolkata,22.5726,88.3639,warm_humid,3.0,3.0,2.6,135.0,rammed_earth,0.3,aerated_concrete,0.2,eps,0.2,north,1.8,0.9,0.85,1.6,35.821,38.309,0.0714,15.557
Kolkata,22.5726,88.3639,warm_humid,3.0,3.0,2.6,135.0,aerated_concrete,0.1,stone,0.15,eps,0.2,east,1.2,0.6,0.75,2.6,34.333,36.627,0.0714,15.613
Kolkata,22.5726,88.3639,warm_humid,3.0,3.0,2.6,0.0,aerated_concrete,0.2,concrete,0.15,mineral_wool,0.15,east,1.5,1.2,0.55,1.2,36.273,39.147,0.0536,15.599
Kolkata,22.5726,88.3639,warm_humid,3.0,3.0,2.6,45.0,mud_brick,0.3,gi_sheet,0.002,sheep_wool,0.05,west,0.9,1.2,0.85,1.2,35.424,37.893,0.0774,15.557
Kolkata,22.5726,88.3639,warm_humid,3.0,3.0,2.6,0.0,stone,0.45,puf_sandwich_panel,0.15,mineral_wool,0.1,west,0.9,1.5,0.85,1.6,33.548,35.729,0.2202,15.539
Kolkata,22.5726,88.3639,warm_humid,3.0,3.0,2.6,90.0,rammed_earth,0.3,gi_sheet,0.002,xps,0.05,north,0.6,1.2,0.35,2.6,34.92,37.119,0.0774,15.558
Kolkata,22.5726,88.3639,warm_humid,3.0,3.0,2.6,0.0,gi_sheet,0.002,concrete,0.1,sheep_wool,0.05,north,0.9,1.5,0.75,2.6,37.063,43.442,0.0476,15.672
Kolkata,22.5726,88.3639,warm_humid,3.0,3.0,2.6,0.0,aerated_concrete,0.1,gi_sheet,0.002,eps,0.2,west,1.8,1.2,0.55,1.2,35.309,39.866,0.0595,15.691
Kolkata,22.5726,88.3639,warm_humid,3.0,3.0,2.6,135.0,brick,0.115,concrete,0.15,eps,0.2,east,1.5,1.2,0.55,1.2,35.202,37.666,0.0714,15.581
Kolkata,22.5726,88.3639,warm_humid,3.0,3.0,2.6,0.0,mud_brick,0.45,mud_brick,0.25,xps,0.05,south,1.8,1.2,0.55,2.6,34.577,36.964,0.131,15.543
Kolkata,22.5726,88.3639,warm_humid,3.0,3.0,2.6,0.0,concrete,0.1,rcc_slab,0.2,eps,0.2,east,1.5,1.2,0.45,1.6,35.797,38.307,0.0655,15.575
Kolkata,22.5726,88.3639,warm_humid,3.0,3.0,2.6,0.0,aerated_concrete,0.2,brick,0.23,mineral_wool,0.05,north,1.8,0.9,0.45,1.2,35.47,38.318,0.0655,15.594
Kolkata,22.5726,88.3639,warm_humid,3.0,3.0,2.6,180.0,mud_brick,0.15,mud_brick,0.25,sheep_wool,0.05,east,0.9,1.2,0.55,5.8,35.798,38.429,0.0714,15.568
Kolkata,22.5726,88.3639,warm_humid,3.0,3.0,2.6,45.0,gi_sheet,0.002,aerated_concrete,0.2,xps,0.05,north,1.8,0.9,0.55,2.0,37.195,43.771,0.0893,15.712
Kolkata,22.5726,88.3639,warm_humid,3.0,3.0,2.6,180.0,gi_sheet,0.002,brick,0.115,mineral_wool,0.15,north,0.9,1.5,0.45,1.6,35.975,40.267,0.0536,15.665
Kolkata,22.5726,88.3639,warm_humid,3.0,3.0,2.6,0.0,timber,0.15,mud_brick,0.25,eps,0.1,north,1.5,0.9,0.55,1.6,34.763,37.189,0.0714,15.597
Kolkata,22.5726,88.3639,warm_humid,3.0,3.0,2.6,0.0,timber,0.15,timber,0.1,none,0.0,north,0.6,0.9,0.75,1.2,36.928,42.204,0.0536,15.647
Kolkata,22.5726,88.3639,warm_humid,3.0,3.0,2.6,180.0,plywood,0.019,brick,0.23,eps,0.05,east,1.2,0.9,0.35,5.8,36.272,40.461,0.0536,15.631
Kolkata,22.5726,88.3639,warm_humid,3.0,3.0,2.6,45.0,plywood,0.019,rcc_slab,0.1,mineral_wool,0.1,west,0.6,0.6,0.55,1.6,34.959,38.582,0.0595,15.67
Kolkata,22.5726,88.3639,warm_humid,3.0,3.0,2.6,180.0,brick,0.23,timber,0.1,eps,0.15,west,1.8,0.6,0.55,3.5,35.187,37.391,0.0714,15.565
Kolkata,22.5726,88.3639,warm_humid,3.0,3.0,2.6,45.0,aerated_concrete,0.2,aerated_concrete,0.2,none,0.0,south,1.5,1.2,0.35,5.8,36.664,41.341,0.0536,15.627
Kolkata,22.5726,88.3639,warm_humid,3.0,3.0,2.6,135.0,concrete,0.3,puf_sandwich_panel,0.1,xps,0.05,west,1.2,1.5,0.65,1.2,36.096,38.716,0.0714,15.552
Kolkata,22.5726,88.3639,warm_humid,3.0,3.0,2.6,90.0,plywood,0.05,puf_sandwich_panel,0.1,none,0.0,east,1.2,1.2,0.75,1.6,37.906,47.786,0.1905,15.759
Kolkata,22.5726,88.3639,warm_humid,3.0,3.0,2.6,90.0,timber,0.15,mud_brick,0.15,eps,0.025,south,1.8,1.5,0.65,2.6,37.268,42.231,0.0536,15.617
Kolkata,22.5726,88.3639,warm_humid,3.0,3.0,2.6,90.0,rammed_earth,0.15,mud_brick,0.15,sheep_wool,0.15,west,1.5,1.5,0.85,1.2,35.825,38.59,0.0714,15.577
Kolkata,22.5726,88.3639,warm_humid,3.0,3.0,2.6,0.0,timber,0.2,gi_sheet,0.002,sheep_wool,0.05,west,1.5,0.6,0.65,5.8,35.56,39.214,0.0595,15.636
Kolkata,22.5726,88.3639,warm_humid,3.0,3.0,2.6,135.0,puf_sandwich_panel,0.075,mud_brick,0.25,sheep_wool,0.15,south,1.8,0.9,0.35,3.5,34.237,36.747,0.0655,15.629
Kolkata,22.5726,88.3639,warm_humid,3.0,3.0,2.6,180.0,timber,0.1,mud_brick,0.15,xps,0.15,south,1.8,1.5,0.75,2.0,36.194,40.065,0.0595,15.628
Kolkata,22.5726,88.3639,warm_humid,3.0,3.0,2.6,90.0,gi_sheet,0.002,timber,0.1,eps,0.1,west,0.6,1.5,0.75,2.6,35.681,41.224,0.1369,15.739
Kolkata,22.5726,88.3639,warm_humid,3.0,3.0,2.6,180.0,plywood,0.019,aerated_concrete,0.1,sheep_wool,0.15,south,1.5,1.5,0.55,2.6,36.195,42.207,0.1369,15.752
Kolkata,22.5726,88.3639,warm_humid,3.0,3.0,2.6,135.0,concrete,0.2,puf_sandwich_panel,0.075,eps,0.2,east,1.8,0.9,0.85,2.6,35.185,37.54,0.0774,15.565
Kolkata,22.5726,88.3639,warm_humid,3.0,3.0,2.6,45.0,puf_sandwich_panel,0.1,gi_sheet,0.002,sheep_wool,0.1,west,0.6,1.2,0.35,1.6,34.185,38.314,0.2321,15.809
Kolkata,22.5726,88.3639,warm_humid,3.0,3.0,2.6,180.0,stone,0.3,rcc_slab,0.1,eps,0.2,west,1.2,1.2,0.75,1.6,35.426,38.116,0.0833,15.546
Kolkata,22.5726,88.3639,warm_humid,3.0,3.0,2.6,180.0,concrete,0.15,mud_brick,0.15,mineral_wool,0.05,north,0.9,0.9,0.65,2.6,36.117,38.859,0.0655,15.567
Kolkata,22.5726,88.3639,warm_humid,3.0,3.0,2.6,180.0,gi_sheet,0.002,gi_sheet,0.002,xps,0.15,north,1.5,1.2,0.65,1.6,36.645,43.472,0.1488,15.766
Kolkata,22.5726,88.3639,warm_humid,3.0,3.0,2.6,180.0,rammed_earth,0.15,brick,0.115,xps,0.1,north,1.8,0.6,0.45,3.5,35.001,37.294,0.0714,15.578
Kolkata,22.5726,88.3639,warm_humid,3.0,3.0,2.6,135.0,timber,0.2,aerated_concrete,0.1,mineral_wool,0.1,west,1.2,0.9,0.85,5.8,36.036,39.186,0.0536,15.626
Kolkata,22.5726,88.3639,warm_humid,3.0,3.0,2.6,45.0,mud_brick,0.3,puf_sandwich_panel,0.1,sheep_wool,0.1,north,0.6,1.2,0.45,2.0,33.946,35.751,0.1369,15.557
Kolkata,22.5726,88.3639,warm_humid,3.0,3.0,2.6,0.0,rammed_earth,0.3,timber,0.1,sheep_wool,0.1,east,0.9,1.5,0.55,5.8,35.338,37.644,0.0774,15.558
Kolkata,22.5726,88.3639,warm_humid,3.0,3.0,2.6,180.0,stone,0.45,stone,0.15,eps,0.1,west,1.2,1.5,0.65,5.8,35.02,37.951,0.1548,15.538
Kolkata,22.5726,88.3639,warm_humid,3.0,3.0,2.6,135.0,brick,0.23,gi_sheet,0.002,eps,0.05,north,1.5,1.5,0.85,5.8,38.38,42.02,0.0536,15.568
Kolkata,22.5726,88.3639,warm_humid,3.0,3.0,2.6,45.0,brick,0.115,concrete,0.2,sheep_wool,0.1,west,0.6,0.9,0.85,1.2,34.962,37.247,0.0714,15.575
Kolkata,22.5726,88.3639,warm_humid,3.0,3.0,2.6,90.0,brick,0.115,stone,0.3,none,0.0,south,1.8,0.6,0.85,2.6,40.379,46.935,0.0536,15.565
Kolkata,22.5726,88.3639,warm_humid,3.0,3.0,2.6,0.0,timber,0.1,gi_sheet,0.002,none,0.0,east,0.6,1.2,0.85,1.6,41.11,54.463,0.1429,15.486
Kolkata,22.5726,88.3639,warm_humid,3.0,3.0,2.6,90.0,aerated_concrete,0.3,gi_sheet,0.002,mineral_wool,0.05,west,1.2,0.6,0.55,1.2,35.009,37.765,0.0655,15.611
Kolkata,22.5726,88.3639,warm_humid,3.0,3.0,2.6,0.0,brick,0.23,mud_brick,0.15,eps,0.2,west,1.8,1.5,0.75,2.0,35.427,37.97,0.0774,15.561
Kolkata,22.5726,88.3639,warm_humid,3.0,3.0,2.6,180.0,mud_brick,0.3,puf_sandwich_panel,0.15,mineral_wool,0.1,west,1.8,0.9,0.75,2.6,36.146,38.732,0.0655,15.557
Kolkata,22.5726,88.3639,warm_humid,3.0,3.0,2.6,135.0,aerated_concrete,0.1,timber,0.1,mineral_wool,0.15,west,0.9,1.5,0.45,2.6,35.457,38.929,0.0536,15.667
Kolkata,22.5726,88.3639,warm_humid,3.0,3.0,2.6,135.0,mud_brick,0.3,puf_sandwich_panel,0.075,eps,0.2,north,1.2,1.5,0.55,2.6,35.027,37.197,0.0774,15.558
Kolkata,22.5726,88.3639,warm_humid,3.0,3.0,2.6,45.0,timber,0.15,concrete,0.1,mineral_wool,0.15,west,1.5,1.5,0.35,2.6,34.73,37.531,0.0655,15.618
Kolkata,22.5726,88.3639,warm_humid,3.0,3.0,2.6,0.0,puf_sandwich_panel,0.1,aerated_concrete,0.1,sheep_wool,0.05,west,1.2,1.5,0.85,5.8,36.189,42.993,0.1488,15.773
Kolkata,22.5726,88.3639,warm_humid,3.0,3.0,2.6,90.0,timber,0.1,timber,0.1,sheep_wool,0.1,west,1.5,0.6,0.75,1.2,35.096,38.784,0.0595,15.672
Kolkata,22.5726,88.3639,warm_humid,3.0,3.0,2.6,180.0,aerated_concrete,0.2,stone,0.3,none,0.0,north,0.6,1.5,0.75,5.8,38.857,43.744,0.0536,15.576
Kolkata,22.5726,88.3639,warm_humid,3.0,3.0,2.6,135.0,brick,0.115,puf_sandwich_panel,0.15,xps,0.05,east,1.5,1.2,0.35,1.2,35.852,39.138,0.0595,15.603
Kolkata,22.5726,88.3639,warm_humid,3.0,3.0,2.6,135.0,plywood,0.05,aerated_concrete,0.1,eps,0.025,east,1.5,1.2,0.85,2.0,37.778,46.211,0.0952,15.724
Kolkata,22.5726,88.3639,warm_humid,3.0,3.0,2.6,180.0,concrete,0.1,brick,0.23,none,0.0,north,0.6,1.5,0.35,1.2,40.124,47.837,0.0476,15.575
Kolkata,22.5726,88.3639,warm_humid,3.0,3.0,2.6,135.0,stone,0.3,stone,0.3,eps,0.025,south,1.5,0.9,0.75,1.2,36.09,39.018,0.0774,15.542
Kolkata,22.5726,88.3639,warm_humid,3.0,3.0,2.6,90.0,mud_brick,0.3,brick,0.23,mineral_wool,0.1,north,1.5,0.9,0.65,2.0,35.289,37.7,0.0833,15.551
Kolkata,22.5726,88.3639,warm_humid,3.0,3.0,2.6,45.0,gi_sheet,0.002,rcc_slab,0.1,xps,0.1,west,1.5,1.5,0.55,1.6,36.126,41.457,0.0536,15.671
Kolkata,22.5726,88.3639,warm_humid,3.0,3.0,2.6,45.0,puf_sandwich_panel,0.075,stone,0.3,eps,0.15,east,0.6,1.5,0.45,2.0,34.194,36.115,0.0714,15.596
Kolkata,22.5726,88.3639,warm_humid,3.0,3.0,2.6,0.0,rammed_earth,0.3,aerated_concrete,0.2,eps,0.15,east,1.2,1.2,0.75,2.6,35.67,38.085,0.0714,15.557
Kolkata,22.5726,88.3639,warm_humid,3.0,3.0,2.6,180.0,aerated_concrete,0.1,gi_sheet,0.002,xps,0.1,south,0.6,1.5,0.35,5.8,34.818,38.446,0.0655,15.691
Kolkata,22.5726,88.3639,warm_humid,3.0,3.0,2.6,45.0,stone,0.15,brick,0.115,sheep_wool,0.05,south,1.2,1.2,0.45,2.0,36.086,38.926,0.0714,15.565
Kolkata,22.5726,88.3639,warm_humid,3.0,3.0,2.6,45.0,puf_sandwich_panel,0.05,brick,0.115,eps,0.1,west,1.2,1.2,0.85,1.2,35.446,39.814,0.0536,15.688
Kolkata,22.5726,88.3639,warm_humid,3.0,3.0,2.6,135.0,brick,0.23,rcc_slab,0.1,xps,0.1,south,1.8,1.5,0.55,1.2,35.496,38.0,0.0774,15.563
Kolkata,22.5726,88.3639,warm_humid,3.0,3.0,2.6,45.0,brick,0.115,gi_sheet,0.002,mineral_wool,0.1,east,0.6,0.9,0.45,2.6,35.071,37.621,0.0655,15.597
Kolkata,22.5726,88.3639,warm_humid,3.0,3.0,2.6,45.0,brick,0.23,concrete,0.15,eps,0.1,east,1.2,1.2,0.85,3.5,36.186,38.853,0.0714,15.559
Kolkata,22.5726,88.3639,warm_humid,3.0,3.0,2.6,135.0,stone,0.45,brick,0.115,sheep_wool,0.05,west,1.2,0.9,0.75,5.8,35.089,37.935,0.1131,15.538
Kolkata,22.5726,88.3639,warm_humid,3.0,3.0,2.6,180.0,puf_sandwich_panel,0.15,rcc_slab,0.25,eps,0.025,east,1.5,0.9,0.65,3.5,35.834,39.276,0.0595,15.616
Kolkata,22.5726,88.3639,warm_humid,3.0,3.0,2.6,90.0,stone,0.15,mud_brick,0.25,eps,0.025,south,0.6,1.2,0.55,2.0,36.369,39.284,0.0655,15.559
Kolkata,22.5726,88.3639,warm_humid,3.0,3.0,2.6,135.0,puf_sandwich_panel,0.15,mud_brick,0.25,none,0.0,east,0.9,1.5,0.45,3.5,36.601,40.942,0.0595,15.629
Kolkata,22.5726,88.3639,warm_humid,3.0,3.0,2.6,45.0,brick,0.115,aerated_concrete,0.1,eps,0.15,west,1.8,0.6,0.85,5.8,35.032,37.654,0.0714,15.596
Kolkata,22.5726,88.3639,warm_humid,3.0,3.0,2.6,0.0,concrete,0.3,puf_sandwich_panel,0.075,sheep_wool,0.1,north,1.8,0.9,0.35,2.6,34.112,36.081,0.119,15.552
Kolkata,22.5726,88.3639,warm_humid,3.0,3.0,2.6,180.0,puf_sandwich_panel,0.1,rcc_slab,0.25,xps,0.1,north,0.6,1.5,0.55,5.8,34.18,36.416,0.0714,15.616
Kolkata,22.5726,88.3639,warm_humid,3.0,3.0,2.6,90.0,brick,0.23,rcc_slab,0.15,mineral_wool,0.05,south,0.9,1.5,0.45,2.0,35.43,37.909,0.0774,15.559
Kolkata,22.5726,88.3639,warm_humid,3.0,3.0,2.6,0.0,stone,0.15,brick,0.115,eps,0.1,south,1.5,0.6,0.85,3.5,35.066,37.394,0.0774,15.564
Kolkata,22.5726,88.3639,warm_humid,3.0,3.0,2.6,45.0,puf_sandwich_panel,0.05,timber,0.15,sheep_wool,0.1,south,1.5,1.5,0.75,1.2,36.125,42.537,0.1012,15.749
Kolkata,22.5726,88.3639,warm_humid,3.0,3.0,2.6,45.0,aerated_concrete,0.2,puf_sandwich_panel,0.15,eps,0.15,north,1.8,0.9,0.75,3.5,36.314,39.783,0.0476,15.643
Kolkata,22.5726,88.3639,warm_humid,3.0,3.0,2.6,135.0,plywood,0.012,timber,0.1,xps,0.15,north,1.5,0.6,0.45,2.0,35.614,40.37,0.1369,15.752
Kolkata,22.5726,88.3639,warm_humid,3.0,3.0,2.6,90.0,plywood,0.03,brick,0.115,xps,0.05,west,1.8,0.9,0.45,5.8,36.264,41.449,0.0536,15.674
Kolkata,22.5726,88.3639,warm_humid,3.0,3.0,2.6,45.0,puf_sandwich_panel,0.1,stone,0.15,eps,0.05,west,1.8,0.9,0.35,3.5,34.975,38.256,0.0595,15.643
Kolkata,22.5726,88.3639,warm_humid,3.0,3.0,2.6,180.0,puf_sandwich_panel,0.05,aerated_concrete,0.1,mineral_wool,0.05,north,0.6,0.6,0.75,1.6,34.8,39.33,0.1726,15.77
Kolkata,22.5726,88.3639,warm_humid,3.0,3.0,2.6,135.0,timber,0.1,mud_brick,0.15,mineral_wool,0.1,south,1.2,1.2,0.65,3.5,35.336,38.567,0.0595,15.625
Kolkata,22.5726,88.3639,warm_humid,3.0,3.0,2.6,180.0,stone,0.15,concrete,0.1,mineral_wool,0.1,north,0.9,1.2,0.55,5.8,35.312,37.667,0.0714,15.564
Kolkata,22.5726,88.3639,warm_humid,3.0,3.0,2.6,180.0,concrete,0.2,brick,0.23,mineral_wool,0.15,west,1.2,0.9,0.85,2.0,35.928,38.455,0.0714,15.555
Kolkata,22.5726,88.3639,warm_humid,3.0,3.0,2.6,180.0,gi_sheet,0.002,timber,0.1,none,0.0,north,1.2,0.6,0.35,5.8,39.759,54.309,0.2857,11.788
Kolkata,22.5726,88.3639,warm_humid,3.0,3.0,2.6,135.0,stone,0.45,aerated_concrete,0.1,eps,0.025,south,0.6,1.5,0.45,2.6,34.965,37.556,0.0952,15.539
Kolkata,22.5726,88.3639,warm_humid,3.0,3.0,2.6,45.0,gi_sheet,0.002,aerated_concrete,0.2,none,0.0,west,0.6,0.9,0.35,1.6,39.9,53.615,0.2679,11.979
Kolkata,22.5726,88.3639,warm_humid,3.0,3.0,2.6,180.0,mud_brick,0.3,concrete,0.15,xps,0.1,west,1.8,0.6,0.75,2.6,35.255,37.63,0.0833,15.552
Kolkata,22.5726,88.3639,warm_humid,3.0,3.0,2.6,90.0,rammed_earth,0.15,puf_sandwich_panel,0.1,xps,0.1,west,1.2,1.2,0.55,3.5,34.779,37.187,0.0714,15.59
Kolkata,22.5726,88.3639,warm_humid,3.0,3.0,2.6,135.0,timber,0.1,brick,0.115,xps,0.05,east,1.5,1.5,0.65,5.8,36.768,41.692,0.0536,15.639
Kolkata,22.5726,88.3639,warm_humid,3.0,3.0,2.6,180.0,rammed_earth,0.3,brick,0.23,none,0.0,east,1.2,1.2,0.75,1.6,38.343,42.227,0.0595,15.553
Kolkata,22.5726,88.3639,warm_humid,3.0,3.0,2.6,90.0,plywood,0.012,brick,0.23,sheep_wool,0.15,north,1.8,0.6,0.45,2.0,35.652,38.94,0.0536,15.632
Kolkata,22.5726,88.3639,warm_humid,3.0,3.0,2.6,0.0,gi_sheet,0.002,puf_sandwich_panel,0.075,none,0.0,west,1.2,0.9,0.35,3.5,39.458,53.681,0.3095,11.786
Kolkata,22.5726,88.3639,warm_humid,3.0,3.0,2.6,180.0,mud_brick,0.3,puf_sandwich_panel,0.1,eps,0.2,east,1.5,1.2,0.55,2.6,34.142,36.1,0.1071,15.558
Kolkata,22.5726,88.3639,warm_humid,3.0,3.0,2.6,0.0,stone,0.45,aerated_concrete,0.1,sheep_wool,0.05,east,0.9,0.6,0.85,1.6,34.407,36.92,0.1964,15.538
Kolkata,22.5726,88.3639,warm_humid,3.0,3.0,2.6,0.0,brick,0.345,stone,0.15,none,0.0,south,1.2,0.9,0.75,1.6,39.357,43.7,0.0595,15.548
Kolkata,22.5726,88.3639,warm_humid,3.0,3.0,2.6,0.0,stone,0.45,puf_sandwich_panel,0.1,mineral_wool,0.15,east,1.2,0.6,0.65,5.8,33.171,35.185,0.2262,15.539
Kolkata,22.5726,88.3639,warm_humid,3.0,3.0,2.6,90.0,aerated_concrete,0.2,gi_sheet,0.002,xps,0.15,east,1.5,0.9,0.35,1.6,34.328,37.015,0.0655,15.639
Kolkata,22.5726,88.3639,warm_humid,3.0,3.0,2.6,135.0,brick,0.23,mud_brick,0.15,sheep_wool,0.15,north,1.2,0.9,0.75,5.8,35.311,37.602,0.0774,15.56
Kolkata,22.5726,88.3639,warm_humid,3.0,3.0,2.6,90.0,puf_sandwich_panel,0.1,concrete,0.2,eps,0.05,north,1.2,1.2,0.45,2.0,36.058,39.422,0.0536,15.632
Kolkata,22.5726,88.3639,warm_humid,3.0,3.0,2.6,0.0,mud_brick,0.45,stone,0.3,xps,0.1,east,1.8,1.5,0.55,2.0,35.566,38.509,0.0893,15.541
Kolkata,22.5726,88.3639,warm_humid,3.0,3.0,2.6,135.0,plywood,0.019,stone,0.3,mineral_wool,0.05,north,0.9,0.9,0.45,1.2,36.303,39.562,0.0595,15.594
Kolkata,22.5726,88.3639,warm_humid,3.0,3.0,2.6,180.0,puf_sandwich_panel,0.075,mud_brick,0.15,mineral_wool,0.05,west,1.8,0.9,0.75,2.0,37.687,42.533,0.0476,15.666
Kolkata,22.5726,88.3639,warm_humid,3.0,3.0,2.6,90.0,plywood,0.019,concrete,0.2,xps,0.1,east,0.6,0.6,0.75,2.0,34.795,37.655,0.0655,15.627
Kolkata,22.5726,88.3639,warm_humid,3.0,3.0,2.6,45.0,timber,0.2,rcc_slab,0.15,eps,0.15,east,1.8,0.6,0.75,5.8,35.408,37.904,0.0595,15.598
Kolkata,22.5726,88.3639,warm_humid,3.0,3.0,2.6,0.0,puf_sandwich_panel,0.1,aerated_concrete,0.1,mineral_wool,0.05,north,1.2,1.2,0.45,2.0,35.018,39.823,0.1667,15.766
Kolkata,22.5726,88.3639,warm_humid,3.0,3.0,2.6,90.0,plywood,0.03,mud_brick,0.15,mineral_wool,0.15,west,1.8,1.2,0.75,2.0,35.953,40.153,0.0536,15.65
Kolkata,22.5726,88.3639,warm_humid,3.0,3.0,2.6,0.0,rammed_earth,0.15,timber,0.1,mineral_wool,0.15,east,1.2,1.2,0.35,5.8,35.102,37.422,0.0655,15.585
Kolkata,22.5726,88.3639,warm_humid,3.0,3.0,2.6,0.0,puf_sandwich_panel,0.075,concrete,0.2,none,0.0,north,1.2,0.6,0.55,2.0,38.836,45.515,0.0536,15.633
Kolkata,22.5726,88.3639,warm_humid,3.0,3.0,2.6,0.0,brick,0.115,gi_sheet,0.002,xps,0.15,south,1.5,0.6,0.85,2.0,34.951,37.541,0.0714,15.599
Kolkata,22.5726,88.3639,warm_humid,3.0,3.0,2.6,180.0,puf_sandwich_panel,0.075,puf_sandwich_panel,0.075,sheep_wool,0.1,east,1.5,0.6,0.65,2.0,34.369,39.018,0.2262,15.827
Kolkata,22.5726,88.3639,warm_humid,3.0,3.0,2.6,135.0,concrete,0.15,mud_brick,0.15,mineral_wool,0.1,south,1.5,0.9,0.35,1.2,35.067,37.333,0.0774,15.567
Kolkata,22.5726,88.3639,warm_humid,3.0,3.0,2.6,45.0,puf_sandwich_panel,0.075,stone,0.3,sheep_wool,0.15,south,1.5,1.2,0.55,1.6,34.634,37.04,0.0714,15.596
Kolkata,22.5726,88.3639,warm_humid,3.0,3.0,2.6,135.0,plywood,0.05,concrete,0.2,mineral_wool,0.1,west,1.2,1.2,0.45,1.2,35.872,39.04,0.0536,15.618
Kolkata,22.5726,88.3639,warm_humid,3.0,3.0,2.6,90.0,mud_brick,0.15,gi_sheet,0.002,sheep_wool,0.05,north,0.6,0.6,0.85,1.6,36.079,39.035,0.0595,15.585
Kolkata,22.5726,88.3639,warm_humid,3.0,3.0,2.6,45.0,aerated_concrete,0.3,stone,0.15,mineral_wool,0.05,east,1.2,0.9,0.65,1.2,35.899,38.589,0.0655,15.584
Kolkata,22.5726,88.3639,warm_humid,3.0,3.0,2.6,0.0,timber,0.1,gi_sheet,0.002,eps,0.025,west,0.9,0.9,0.35,2.0,36.569,42.467,0.0655,15.689
Kolkata,22.5726,88.3639,warm_humid,3.0,3.0,2.6,135.0,stone,0.45,puf_sandwich_panel,0.1,mineral_wool,0.15,south,1.8,1.2,0.55,2.6,33.635,35.773,0.2143,15.539
Kolkata,22.5726,88.3639,warm_humid,3.0,3.0,2.6,45.0,stone,0.15,gi_sheet,0.002,none,0.0,west,1.2,0.6,0.55,2.0,40.961,49.6,0.0476,15.545
Kolkata,22.5726,88.3639,warm_humid,3.0,3.0,2.6,0.0,concrete,0.3,stone,0.3,xps,0.15,south,0.6,0.6,0.85,2.6,33.016,34.754,0.2262,15.544
Kolkata,22.5726,88.3639,warm_humid,3.0,3.0,2.6,135.0,brick,0.345,rcc_slab,0.25,eps,0.1,south,0.9,1.2,0.45,1.6,33.83,35.821,0.2024,15.546
Kolkata,22.5726,88.3639,warm_humid,3.0,3.0,2.6,90.0,plywood,0.012,rcc_slab,0.25,mineral_wool,0.05,east,1.8,1.5,0.85,2.0,37.801,43.169,0.0536,15.614
Kolkata,22.5726,88.3639,warm_humid,3.0,3.0,2.6,180.0,gi_sheet,0.002,gi_sheet,0.002,xps,0.05,west,1.8,1.2,0.65,3.5,39.263,48.444,0.1726,15.776
Kolkata,22.5726,88.3639,warm_humid,3.0,3.0,2.6,0.0,puf_sandwich_panel,0.075,timber,0.15,sheep_wool,0.15,west,0.9,0.6,0.65,2.6,33.948,37.287,0.1726,15.744
Kolkata,22.5726,88.3639,warm_humid,3.0,3.0,2.6,135.0,rammed_earth,0.15,concrete,0.2,mineral_wool,0.15,south,1.5,0.9,0.35,5.8,34.396,36.378,0.0833,15.569
Kolkata,22.5726,88.3639,warm_humid,3.0,3.0,2.6,180.0,brick,0.345,aerated_concrete,0.1,mineral_wool,0.05,south,0.6,1.5,0.45,2.6,34.689,36.885,0.0893,15.552
Kolkata,22.5726,88.3639,warm_humid,3.0,3.0,2.6,135.0,concrete,0.1,puf_sandwich_panel,0.075,eps,0.2,south,1.2,1.5,0.65,1.6,35.528,38.437,0.0655,15.599
Kolkata,22.5726,88.3639,warm_humid,3.0,3.0,2.6,90.0,puf_sandwich_panel,0.05,puf_sandwich_panel,0.075,sheep_wool,0.1,north,0.6,1.2,0.65,5.8,35.109,39.687,0.1845,15.831
Kolkata,22.5726,88.3639,warm_humid,3.0,3.0,2.6,180.0,aerated_concrete,0.3,concrete,0.15,eps,0.025,south,1.5,0.9,0.85,5.8,36.511,39.842,0.0595,15.588
Kolkata,22.5726,88.3639,warm_humid,3.0,3.0,2.6,90.0,rammed_earth,0.45,gi_sheet,0.002,mineral_wool,0.1,north,0.6,1.5,0.45,2.6,33.917,35.899,0.1964,15.547
Kolkata,22.5726,88.3639,warm_humid,3.0,3.0,2.6,180.0,mud_brick,0.45,gi_sheet,0.002,eps,0.05,west,1.8,1.2,0.45,1.6,35.767,38.423,0.0774,15.547
Kolkata,22.5726,88.3639,warm_humid,3.0,3.0,2.6,45.0,timber,0.2,brick,0.115,xps,0.1,south,0.6,1.2,0.85,2.6,34.647,37.113,0.0714,15.609
Kolkata,22.5726,88.3639,warm_humid,3.0,3.0,2.6,90.0,plywood,0.019,timber,0.1,eps,0.1,south,0.6,0.9,0.45,1.6,34.976,39.681,0.1607,15.75
Kolkata,22.5726,88.3639,warm_humid,3.0,3.0,2.6,180.0,puf_sandwich_panel,0.1,concrete,0.15,mineral_wool,0.05,north,1.2,1.5,0.75,2.6,36.102,40.417,0.0595,15.651
Kolkata,22.5726,88.3639,warm_humid,3.0,3.0,2.6,90.0,aerated_concrete,0.3,mud_brick,0.15,eps,0.15,west,0.6,0.6,0.55,2.6,33.533,35.178,0.0952,15.589
Kolkata,22.5726,88.3639,warm_humid,3.0,3.0,2.6,135.0,concrete,0.1,brick,0.23,none,0.0,east,0.9,0.9,0.35,1.6,40.395,48.15,0.0476,15.575
Kolkata,22.5726,88.3639,warm_humid,3.0,3.0,2.6,180.0,concrete,0.15,stone,0.15,xps,0.05,south,1.5,1.2,0.55,1.6,36.297,39.117,0.0655,15.565
Kolkata,22.5726,88.3639,warm_humid,3.0,3.0,2.6,45.0,stone,0.45,timber,0.15,eps,0.1,west,0.6,0.6,0.65,1.2,32.853,34.702,0.2619,15.538
Kolkata,22.5726,88.3639,warm_humid,3.0,3.0,2.6,180.0,aerated_concrete,0.3,mud_brick,0.25,eps,0.1,south,1.8,0.9,0.65,5.8,34.867,37.138,0.0714,15.581
Kolkata,22.5726,88.3639,warm_humid,3.0,3.0,2.6,90.0,concrete,0.1,brick,0.115,eps,0.025,west,1.2,0.6,0.35,2.0,37.179,41.209,0.0595,15.585
Kolkata,22.5726,88.3639,warm_humid,3.0,3.0,2.6,180.0,rammed_earth,0.45,concrete,0.15,eps,0.15,north,1.8,1.5,0.45,2.0,34.206,36.368,0.1607,15.545
Kolkata,22.5726,88.3639,warm_humid,3.0,3.0,2.6,135.0,plywood,0.019,stone,0.3,sheep_wool,0.1,east,1.8,1.5,0.35,1.6,35.829,39.047,0.0595,15.595
Kolkata,22.5726,88.3639,warm_humid,3.0,3.0,2.6,45.0,mud_brick,0.45,aerated_concrete,0.1,mineral_wool,0.1,east,1.5,0.9,0.55,1.6,34.273,36.457,0.1905,15.545
Kolkata,22.5726,88.3639,warm_humid,3.0,3.0,2.6,135.0,stone,0.45,timber,0.15,eps,0.15,west,1.5,1.2,0.45,2.0,33.95,36.272,0.2024,15.539
Kolkata,22.5726,88.3639,warm_humid,3.0,3.0,2.6,90.0,aerated_concrete,0.2,mud_brick,0.25,sheep_wool,0.15,east,0.6,0.6,0.55,1.6,33.738,35.507,0.0833,15.591
Kolkata,22.5726,88.3639,warm_humid,3.0,3.0,2.6,45.0,timber,0.1,puf_sandwich_panel,0.05,eps,0.15,south,0.6,1.5,0.85,3.5,34.765,38.463,0.0595,15.69
Kolkata,22.5726,88.3639,warm_humid,3.0,3.0,2.6,90.0,gi_sheet,0.002,gi_sheet,0.002,xps,0.05,west,1.2,1.2,0.45,2.0,36.483,44.061,0.1845,15.775
Kolkata,22.5726,88.3639,warm_humid,3.0,3.0,2.6,90.0,aerated_concrete,0.3,puf_sandwich_panel,0.075,eps,0.1,north,0.9,0.6,0.85,2.0,34.785,37.078,0.0595,15.613
Kolkata,22.5726,88.3639,warm_humid,3.0,3.0,2.6,45.0,mud_brick,0.15,rcc_slab,0.15,eps,0.2,west,0.6,0.6,0.45,5.8,33.505,35.112,0.131,15.571
Kolkata,22.5726,88.3639,warm_humid,3.0,3.0,2.6,135.0,puf_sandwich_panel,0.05,timber,0.15,mineral_wool,0.1,north,0.9,1.2,0.35,2.0,34.821,38.669,0.1071,15.736
Kolkata,22.5726,88.3639,warm_humid,3.0,3.0,2.6,135.0,concrete,0.2,puf_sandwich_panel,0.1,mineral_wool,0.1,west,1.8,1.2,0.75,3.5,37.074,40.044,0.0595,15.566
Kolkata,22.5726,88.3639,warm_humid,3.0,3.0,2.6,180.0,stone,0.45,brick,0.23,mineral_wool,0.1,west,1.8,1.5,0.85,2.0,36.872,40.708,0.0774,15.538
Kolkata,22.5726,88.3639,warm_humid,3.0,3.0,2.6,90.0,plywood,0.03,aerated_concrete,0.2,none,0.0,north,0.9,1.5,0.75,5.8,39.54,50.39,0.1786,15.46
Kolkata,22.5726,88.3639,warm_humid,3.0,3.0,2.6,45.0,concrete,0.15,brick,0.23,xps,0.1,west,0.6,0.6,0.35,1.6,34.194,36.114,0.0893,15.563
Kolkata,22.5726,88.3639,warm_humid,3.0,3.0,2.6,135.0,gi_sheet,0.002,aerated_concrete,0.1,eps,0.1,north,0.9,0.6,0.65,1.6,36.199,41.633,0.1131,15.741
Kolkata,22.5726,88.3639,warm_humid,3.0,3.0,2.6,180.0,aerated_concrete,0.3,brick,0.115,mineral_wool,0.1,south,1.2,0.6,0.55,2.0,34.296,36.363,0.0714,15.593
Kolkata,22.5726,88.3639,warm_humid,3.0,3.0,2.6,180.0,aerated_concrete,0.2,aerated_concrete,0.2,eps,0.15,west,0.9,1.5,0.75,1.2,36.53,39.764,0.0476,15.624
Kolkata,22.5726,88.3639,warm_humid,3.0,3.0,2.6,90.0,concrete,0.15,gi_sheet,0.002,mineral_wool,0.05,west,1.2,1.5,0.85,1.6,36.705,40.082,0.0595,15.578
Kolkata,22.5726,88.3639,warm_humid,3.0,3.0,2.6,90.0,aerated_concrete,0.2,timber,0.1,eps,0.1,north,1.8,0.9,0.55,1.6,36.418,39.938,0.0476,15.633
Kolkata,22.5726,88.3639,warm_humid,3.0,3.0,2.6,180.0,aerated_concrete,0.3,mud_brick,0.25,xps,0.1,west,1.8,0.6,0.45,1.2,34.874,36.97,0.0714,15.58
Kolkata,22.5726,88.3639,warm_humid,3.0,3.0,2.6,45.0,rammed_earth,0.3,rcc_slab,0.25,sheep_wool,0.1,north,1.8,1.2,0.75,5.8,36.327,39.102,0.0714,15.551
Kolkata,22.5726,88.3639,warm_humid,3.0,3.0,2.6,135.0,stone,0.15,stone,0.3,eps,0.2,north,0.6,1.2,0.35,1.6,34.057,35.933,0.1369,15.553
Kolkata,22.5726,88.3639,warm_humid,3.0,3.0,2.6,45.0,plywood,0.03,timber,0.15,xps,0.05,east,1.5,1.2,0.85,3.5,38.297,45.586,0.0595,15.723
Kolkata,22.5726,88.3639,warm_humid,3.0,3.0,2.6,180.0,mud_brick,0.3,stone,0.15,sheep_wool,0.15,south,1.8,0.9,0.55,2.0,34.165,36.175,0.125,15.552
Kolkata,22.5726,88.3639,warm_humid,3.0,3.0,2.6,135.0,brick,0.345,brick,0.115,eps,0.2,north,0.9,0.6,0.55,2.0,33.426,35.172,0.2083,15.549
Kolkata,22.5726,88.3639,warm_humid,3.0,3.0,2.6,0.0,stone,0.15,mud_brick,0.25,eps,0.1,south,1.8,1.5,0.65,1.6,35.897,38.619,0.0714,15.561
Kolkata,22.5726,88.3639,warm_humid,3.0,3.0,2.6,180.0,plywood,0.012,timber,0.1,eps,0.2,north,1.5,0.6,0.65,2.6,35.429,40.256,0.125,15.752
Kolkata,22.5726,88.3639,warm_humid,3.0,3.0,2.6,45.0,puf_sandwich_panel,0.05,aerated_concrete,0.1,mineral_wool,0.1,south,1.5,1.5,0.55,2.6,35.614,41.54,0.1607,15.76
Kolkata,22.5726,88.3639,warm_humid,3.0,3.0,2.6,45.0,mud_brick,0.3,puf_sandwich_panel,0.15,sheep_wool,0.15,north,1.2,0.6,0.75,3.5,34.026,35.865,0.1369,15.557
Kolkata,22.5726,88.3639,warm_humid,3.0,3.0,2.6,135.0,concrete,0.1,brick,0.23,sheep_wool,0.1,north,0.9,1.2,0.75,2.0,36.514,39.355,0.0595,15.575
Kolkata,22.5726,88.3639,warm_humid,3.0,3.0,2.6,180.0,stone,0.45,mud_brick,0.15,mineral_wool,0.1,south,0.9,1.2,0.35,3.5,33.322,35.391,0.2202,15.538
Kolkata,22.5726,88.3639,warm_humid,3.0,3.0,2.6,180.0,brick,0.345,brick,0.23,xps,0.15,north,0.9,1.5,0.45,3.5,33.716,35.63,0.2024,15.548
Kolkata,22.5726,88.3639,warm_humid,3.0,3.0,2.6,180.0,mud_brick,0.3,rcc_slab,0.15,sheep_wool,0.05,south,0.6,1.2,0.65,1.2,34.967,37.282,0.0833,15.552
Kolkata,22.5726,88.3639,warm_humid,3.0,3.0,2.6,45.0,timber,0.1,stone,0.3,xps,0.05,south,0.9,0.9,0.85,2.0,35.44,38.1,0.0714,15.584
Kolkata,22.5726,88.3639,warm_humid,3.0,3.0,2.6,135.0,brick,0.115,concrete,0.2,eps,0.05,west,1.2,1.5,0.85,2.6,38.21,41.908,0.0536,15.576
Kolkata,22.5726,88.3639,warm_humid,3.0,3.0,2.6,0.0,plywood,0.012,brick,0.115,eps,0.025,south,1.8,0.6,0.65,1.6,37.792,45.57,0.0774,15.685
Kolkata,22.5726,88.3639,warm_humid,3.0,3.0,2.6,135.0,timber,0.1,brick,0.23,xps,0.1,east,0.6,0.9,0.75,5.8,34.619,37.029,0.0655,15.608
Kolkata,22.5726,88.3639,warm_humid,3.0,3.0,2.6,180.0,plywood,0.03,concrete,0.2,xps,0.05,north,0.9,1.5,0.35,1.6,36.098,40.022,0.0536,15.626
Kolkata,22.5726,88.3639,warm_humid,3.0,3.0,2.6,90.0,concrete,0.1,stone,0.15,xps,0.05,south,1.2,1.2,0.45,3.5,35.97,38.972,0.0655,15.577
Kolkata,22.5726,88.3639,warm_humid,3.0,3.0,2.6,90.0,aerated_concrete,0.3,stone,0.3,eps,0.15,north,1.2,1.5,0.45,1.2,35.28,37.515,0.0714,15.569
Kolkata,22.5726,88.3639,warm_humid,3.0,3.0,2.6,135.0,stone,0.15,timber,0.1,mineral_wool,0.05,west,1.8,1.2,0.85,1.6,38.279,41.882,0.0536,15.57
Kolkata,22.5726,88.3639,warm_humid,3.0,3.0,2.6,0.0,concrete,0.15,rcc_slab,0.1,xps,0.1,north,1.2,1.5,0.85,3.5,35.729,38.365,0.0714,15.57
Kolkata,22.5726,88.3639,warm_humid,3.0,3.0,2.6,0.0,mud_brick,0.15,gi_sheet,0.002,mineral_wool,0.15,east,1.2,1.2,0.85,3.5,36.887,39.838,0.0536,15.585
Kolkata,22.5726,88.3639,warm_humid,3.0,3.0,2.6,0.0,timber,0.15,concrete,0.1,eps,0.05,north,0.9,1.2,0.35,2.0,35.373,38.596,0.0595,15.621
Kolkata,22.5726,88.3639,warm_humid,3.0,3.0,2.6,180.0,gi_sheet,0.002,gi_sheet,0.002,xps,0.05,east,1.2,0.9,0.45,1.6,36.9,44.511,0.1786,15.775
Kolkata,22.5726,88.3639,warm_humid,3.0,3.0,2.6,135.0,gi_sheet,0.002,puf_sandwich_panel,0.05,sheep_wool,0.1,west,0.6,1.5,0.85,1.2,36.946,43.393,0.1667,15.784
Kolkata,22.5726,88.3639,warm_humid,3.0,3.0,2.6,135.0,plywood,0.019,rcc_slab,0.1,eps,0.1,west,0.6,1.5,0.85,1.6,36.643,41.16,0.0476,15.676
Kolkata,22.5726,88.3639,warm_humid,3.0,3.0,2.6,135.0,plywood,0.05,timber,0.1,eps,0.15,south,0.6,0.9,0.75,3.5,34.64,38.302,0.0833,15.715
Kolkata,22.5726,88.3639,warm_humid,3.0,3.0,2.6,180.0,timber,0.15,mud_brick,0.15,sheep_wool,0.05,south,1.5,1.2,0.65,1.6,36.185,39.898,0.0595,15.615
Kolkata,22.5726,88.3639,warm_humid,3.0,3.0,2.6,180.0,aerated_concrete,0.1,rcc_slab,0.2,xps,0.15,west,1.5,1.2,0.75,2.0,37.463,40.946,0.0476,15.608
Kolkata,22.5726,88.3639,warm_humid,3.0,3.0,2.6,180.0,aerated_concrete,0.3,rcc_slab,0.1,mineral_wool,0.05,west,0.9,1.5,0.75,1.6,37.108,40.414,0.0536,15.594
Kolkata,22.5726,88.3639,warm_humid,3.0,3.0,2.6,90.0,plywood,0.012,gi_sheet,0.002,none,0.0,north,1.8,0.6,0.75,1.6,41.535,59.478,0.3095,12.057
Kolkata,22.5726,88.3639,warm_humid,3.0,3.0,2.6,180.0,puf_sandwich_panel,0.15,gi_sheet,0.002,sheep_wool,0.05,west,0.9,0.6,0.55,1.6,35.268,40.208,0.1726,15.807
Kolkata,22.5726,88.3639,warm_humid,3.0,3.0,2.6,45.0,rammed_earth,0.45,stone,0.15,sheep_wool,0.1,south,0.9,0.9,0.45,1.2,33.403,35.279,0.2143,15.544
Kolkata,22.5726,88.3639,warm_humid,3.0,3.0,2.6,0.0,puf_sandwich_panel,0.05,concrete,0.2,xps,0.15,north,1.8,1.2,0.35,2.0,34.516,37.265,0.0655,15.631
Kolkata,22.5726,88.3639,warm_humid,3.0,3.0,2.6,180.0,plywood,0.05,concrete,0.15,xps,0.05,east,1.5,1.5,0.35,2.0,36.219,40.695,0.0536,15.638
Kolkata,22.5726,88.3639,warm_humid,3.0,3.0,2.6,180.0,gi_sheet,0.002,rcc_slab,0.15,mineral_wool,0.1,south,1.2,0.6,0.35,2.0,35.8,39.506,0.0536,15.64
Kolkata,22.5726,88.3639,warm_humid,3.0,3.0,2.6,0.0,gi_sheet,0.002,aerated_concrete,0.2,eps,0.1,north,1.5,0.9,0.65,1.6,35.838,41.334,0.0893,15.71
Kolkata,22.5726,88.3639,warm_humid,3.0,3.0,2.6,0.0,rammed_earth,0.15,mud_brick,0.15,sheep_wool,0.05,west,0.9,1.2,0.75,5.8,36.022,38.99,0.0655,15.576
Kolkata,22.5726,88.3639,warm_humid,3.0,3.0,2.6,45.0,puf_sandwich_panel,0.15,rcc_slab,0.25,eps,0.2,east,1.2,0.9,0.65,1.6,34.824,37.142,0.0595,15.614
Kolkata,22.5726,88.3639,warm_humid,3.0,3.0,2.6,90.0,stone,0.3,concrete,0.1,eps,0.15,south,1.8,0.9,0.85,2.0,34.354,36.642,0.1369,15.546
Kolkata,22.5726,88.3639,warm_humid,3.0,3.0,2.6,135.0,plywood,0.012,mud_brick,0.15,xps,0.15,north,1.2,1.2,0.45,1.6,36.055,40.002,0.0476,15.662
Kolkata,22.5726,88.3639,warm_humid,3.0,3.0,2.6,180.0,stone,0.15,rcc_slab,0.25,mineral_wool,0.1,south,0.6,0.6,0.45,2.6,34.571,36.611,0.0833,15.556
Kolkata,22.5726,88.3639,warm_humid,3.0,3.0,2.6,45.0,timber,0.15,puf_sandwich_panel,0.1,mineral_wool,0.1,north,0.9,1.5,0.75,2.6,36.13,39.767,0.0476,15.656
Kolkata,22.5726,88.3639,warm_humid,3.0,3.0,2.6,0.0,concrete,0.15,puf_sandwich_panel,0.1,mineral_wool,0.05,south,1.8,1.2,0.85,5.8,36.663,40.092,0.0655,15.579
Kolkata,22.5726,88.3639,warm_humid,3.0,3.0,2.6,45.0,gi_sheet,0.002,gi_sheet,0.002,eps,0.15,north,1.5,0.9,0.55,1.6,36.214,42.158,0.1488,15.769
Kolkata,22.5726,88.3639,warm_humid,3.0,3.0,2.6,45.0,puf_sandwich_panel,0.1,aerated_concrete,0.1,mineral_wool,0.15,north,1.5,1.2,0.45,1.2,35.553,39.904,0.0952,15.746
Kolkata,22.5726,88.3639,warm_humid,3.0,3.0,2.6,0.0,mud_brick,0.15,aerated_concrete,0.1,none,0.0,north,1.8,0.6,0.45,1.2,38.598,44.224,0.0536,15.584
Kolkata,22.5726,88.3639,warm_humid,3.0,3.0,2.6,0.0,brick,0.115,timber,0.1,eps,0.15,south,0.6,1.2,0.45,3.5,34.434,36.696,0.0714,15.595
Kolkata,22.5726,88.3639,warm_humid,3.0,3.0,2.6,180.0,brick,0.115,stone,0.15,eps,0.05,east,0.9,0.6,0.85,2.0,36.177,39.106,0.0655,15.578
Kolkata,22.5726,88.3639,warm_humid,3.0,3.0,2.6,90.0,rammed_earth,0.3,brick,0.115,sheep_wool,0.15,west,0.9,0.9,0.45,1.2,33.626,35.377,0.2024,15.555
Kolkata,22.5726,88.3639,warm_humid,3.0,3.0,2.6,135.0,timber,0.2,aerated_concrete,0.1,sheep_wool,0.05,south,0.6,1.5,0.65,3.5,35.335,38.611,0.0595,15.629
Kolkata,22.5726,88.3639,warm_humid,3.0,3.0,2.6,90.0,aerated_concrete,0.1,gi_sheet,0.002,none,0.0,east,0.6,1.2,0.35,1.6,40.527,54.078,0.1667,15.0
Kolkata,22.5726,88.3639,warm_humid,3.0,3.0,2.6,45.0,concrete,0.15,aerated_concrete,0.1,eps,0.025,south,1.5,1.5,0.85,1.6,37.872,42.187,0.0595,15.577
Kolkata,22.5726,88.3639,warm_humid,3.0,3.0,2.6,90.0,rammed_earth,0.15,concrete,0.1,xps,0.1,west,1.8,0.9,0.45,5.8,34.921,37.277,0.0714,15.579
Kolkata,22.5726,88.3639,warm_humid,3.0,3.0,2.6,45.0,puf_sandwich_panel,0.05,aerated_concrete,0.2,sheep_wool,0.15,west,1.5,0.9,0.65,1.2,34.744,38.965,0.1012,15.732
Kolkata,22.5726,88.3639,warm_humid,3.0,3.0,2.6,135.0,stone,0.3,stone,0.15,eps,0.15,west,0.9,1.2,0.55,2.0,34.186,36.358,0.1905,15.544
Kolkata,22.5726,88.3639,warm_humid,3.0,3.0,2.6,180.0,timber,0.2,rcc_slab,0.25,xps,0.15,north,1.5,0.9,0.65,2.6,34.543,36.682,0.0774,15.584
Kolkata,22.5726,88.3639,warm_humid,3.0,3.0,2.6,90.0,gi_sheet,0.002,puf_sandwich_panel,0.15,xps,0.1,south,0.9,1.2,0.55,2.0,35.331,41.163,0.1964,15.778
Kolkata,22.5726,88.3639,warm_humid,3.0,3.0,2.6,90.0,rammed_earth,0.15,gi_sheet,0.002,eps,0.15,north,1.2,1.5,0.65,2.6,36.789,39.828,0.0536,15.59
Kolkata,22.5726,88.3639,warm_humid,3.0,3.0,2.6,90.0,brick,0.345,mud_brick,0.15,eps,0.05,east,0.9,1.5,0.65,2.0,35.09,37.523,0.0833,15.549
Kolkata,22.5726,88.3639,warm_humid,3.0,3.0,2.6,90.0,stone,0.3,puf_sandwich_panel,0.05,sheep_wool,0.05,south,0.9,0.9,0.55,1.6,34.508,36.708,0.0952,15.547
Kolkata,22.5726,88.3639,warm_humid,3.0,3.0,2.6,180.0,plywood,0.05,mud_brick,0.15,eps,0.05,east,1.8,0.6,0.65,2.0,36.224,40.735,0.0536,15.649
Kolkata,22.5726,88.3639,warm_humid,3.0,3.0,2.6,180.0,concrete,0.15,brick,0.23,mineral_wool,0.1,south,0.6,1.5,0.75,1.2,35.25,37.567,0.0774,15.563
Kolkata,22.5726,88.3639,warm_humid,3.0,3.0,2.6,0.0,rammed_earth,0.45,brick,0.115,mineral_wool,0.05,west,1.8,0.6,0.55,1.2,34.407,36.681,0.1369,15.545
Kolkata,22.5726,88.3639,warm_humid,3.0,3.0,2.6,90.0,plywood,0.03,timber,0.1,eps,0.1,east,0.6,1.2,0.35,5.8,34.902,39.346,0.131,15.737
Kolkata,22.5726,88.3639,warm_humid,3.0,3.0,2.6,45.0,timber,0.15,puf_sandwich_panel,0.075,xps,0.1,south,0.6,1.2,0.75,2.6,34.465,37.443,0.0655,15.658
Kolkata,22.5726,88.3639,warm_humid,3.0,3.0,2.6,0.0,aerated_concrete,0.2,mud_brick,0.25,none,0.0,south,1.2,0.9,0.75,3.5,37.592,41.973,0.0595,15.592
Kolkata,22.5726,88.3639,warm_humid,3.0,3.0,2.6,45.0,rammed_earth,0.3,puf_sandwich_panel,0.075,eps,0.025,east,1.5,0.6,0.35,3.5,35.253,37.588,0.0774,15.559
Kolkata,22.5726,88.3639,warm_humid,3.0,3.0,2.6,0.0,stone,0.3,brick,0.115,none,0.0,north,0.9,0.6,0.75,2.0,39.386,43.944,0.0595,15.545
Kolkata,22.5726,88.3639,warm_humid,3.0,3.0,2.6,0.0,brick,0.115,mud_brick,0.25,eps,0.1,north,1.2,0.6,0.75,2.6,34.845,37.07,0.0774,15.575
Kolkata,22.5726,88.3639,warm_humid,3.0,3.0,2.6,0.0,concrete,0.15,brick,0.23,sheep_wool,0.05,south,1.8,1.5,0.65,2.0,36.937,40.249,0.0655,15.565
Kolkata,22.5726,88.3639,warm_humid,3.0,3.0,2.6,90.0,gi_sheet,0.002,aerated_concrete,0.2,none,0.0,east,1.8,1.5,0.45,3.5,39.811,54.115,0.2679,11.976
Kolkata,22.5726,88.3639,warm_humid,3.0,3.0,2.6,0.0,mud_brick,0.45,aerated_concrete,0.2,eps,0.15,south,0.6,0.9,0.35,1.2,32.667,34.208,0.2738,15.544
Kolkata,22.5726,88.3639,warm_humid,3.0,3.0,2.6,135.0,puf_sandwich_panel,0.1,concrete,0.2,eps,0.15,west,0.6,1.5,0.35,2.6,34.135,36.32,0.0655,15.63
Kolkata,22.5726,88.3639,warm_humid,3.0,3.0,2.6,0.0,puf_sandwich_panel,0.05,puf_sandwich_panel,0.075,eps,0.1,south,0.9,0.9,0.75,5.8,34.512,39.309,0.2262,15.83
Kolkata,22.5726,88.3639,warm_humid,3.0,3.0,2.6,0.0,aerated_concrete,0.3,rcc_slab,0.25,eps,0.025,east,0.6,0.9,0.35,2.6,35.588,38.122,0.0655,15.576
Kolkata,22.5726,88.3639,warm_humid,3.0,3.0,2.6,180.0,rammed_earth,0.45,rcc_slab,0.1,mineral_wool,0.15,south,1.8,1.2,0.75,1.2,34.367,36.616,0.1429,15.546
Kolkata,22.5726,88.3639,warm_humid,3.0,3.0,2.6,180.0,mud_brick,0.15,aerated_concrete,0.2,sheep_wool,0.15,north,1.2,1.5,0.85,2.0,35.878,38.682,0.0655,15.582
Kolkata,22.5726,88.3639,warm_humid,3.0,3.0,2.6,180.0,stone,0.15,timber,0.1,mineral_wool,0.1,north,0.9,0.9,0.35,2.0,34.964,37.157,0.0714,15.568
Kolkata,22.5726,88.3639,warm_humid,3.0,3.0,2.6,90.0,aerated_concrete,0.2,brick,0.115,eps,0.15,east,1.5,0.9,0.35,5.8,34.351,36.722,0.0714,15.612
Kolkata,22.5726,88.3639,warm_humid,3.0,3.0,2.6,45.0,gi_sheet,0.002,rcc_slab,0.15,eps,0.025,west,0.6,0.9,0.65,2.0,37.545,43.944,0.0476,15.645
Kolkata,22.5726,88.3639,warm_humid,3.0,3.0,2.6,135.0,aerated_concrete,0.2,timber,0.1,sheep_wool,0.05,north,1.5,0.9,0.75,1.6,36.948,41.068,0.0536,15.634
Kolkata,22.5726,88.3639,warm_humid,3.0,3.0,2.6,90.0,plywood,0.019,puf_sandwich_panel,0.05,eps,0.025,south,0.9,1.5,0.55,2.6,36.848,45.572,0.2083,15.807
Kolkata,22.5726,88.3639,warm_humid,3.0,3.0,2.6,0.0,brick,0.23,mud_brick,0.15,none,0.0,north,0.9,0.9,0.45,2.0,38.862,43.393,0.0536,15.56
Kolkata,22.5726,88.3639,warm_humid,3.0,3.0,2.6,180.0,gi_sheet,0.002,aerated_concrete,0.1,eps,0.15,east,1.8,1.2,0.65,3.5,36.8,43.664,0.1012,15.74
Kolkata,22.5726,88.3639,warm_humid,3.0,3.0,2.6,180.0,mud_brick,0.3,aerated_concrete,0.2,xps,0.1,east,0.9,1.2,0.55,1.2,34.068,36.009,0.125,15.555
Kolkata,22.5726,88.3639,warm_humid,3.0,3.0,2.6,90.0,mud_brick,0.3,aerated_concrete,0.1,sheep_wool,0.05,east,1.8,1.5,0.75,1.6,36.376,39.284,0.0714,15.558
Kolkata,22.5726,88.3639,warm_humid,3.0,3.0,2.6,90.0,timber,0.1,aerated_concrete,0.2,eps,0.05,west,0.6,0.9,0.65,2.6,35.185,38.798,0.0595,15.658
Kolkata,22.5726,88.3639,warm_humid,3.0,3.0,2.6,135.0,aerated_concrete,0.2,brick,0.23,sheep_wool,0.15,south,1.2,1.2,0.55,5.8,34.626,36.946,0.0714,15.594
Kolkata,22.5726,88.3639,warm_humid,3.0,3.0,2.6,45.0,gi_sheet,0.002,concrete,0.2,xps,0.15,south,0.9,0.6,0.85,1.2,34.873,37.874,0.0655,15.624
Kolkata,22.5726,88.3639,warm_humid,3.0,3.0,2.6,180.0,brick,0.23,stone,0.15,mineral_wool,0.05,south,1.8,0.6,0.75,1.2,35.666,38.201,0.0774,15.558
Kolkata,22.5726,88.3639,warm_humid,3.0,3.0,2.6,0.0,mud_brick,0.15,rcc_slab,0.15,xps,0.1,east,1.8,1.5,0.45,3.5,36.852,39.803,0.0595,15.574
Kolkata,22.5726,88.3639,warm_humid,3.0,3.0,2.6,0.0,stone,0.45,aerated_concrete,0.2,xps,0.15,north,1.8,1.2,0.75,2.0,33.807,36.075,0.2083,15.539
Kolkata,22.5726,88.3639,warm_humid,3.0,3.0,2.6,180.0,stone,0.3,timber,0.1,sheep_wool,0.05,south,1.2,0.6,0.75,1.2,35.052,37.457,0.0893,15.547
Kolkata,22.5726,88.3639,warm_humid,3.0,3.0,2.6,45.0,brick,0.345,stone,0.15,xps,0.05,south,1.2,0.6,0.75,3.5,34.611,36.905,0.0952,15.548
Kolkata,22.5726,88.3639,warm_humid,3.0,3.0,2.6,180.0,aerated_concrete,0.1,aerated_concrete,0.1,xps,0.1,north,0.9,0.9,0.35,5.8,34.746,38.128,0.0595,15.676
Kolkata,22.5726,88.3639,warm_humid,3.0,3.0,2.6,0.0,stone,0.15,aerated_concrete,0.2,eps,0.05,west,1.8,0.6,0.85,1.2,35.792,38.523,0.0714,15.567
Kolkata,22.5726,88.3639,warm_humid,3.0,3.0,2.6,135.0,rammed_earth,0.3,timber,0.1,xps,0.05,south,1.2,0.6,0.75,2.0,34.798,36.974,0.0833,15.558
Kolkata,22.5726,88.3639,warm_humid,3.0,3.0,2.6,135.0,puf_sandwich_panel,0.15,timber,0.15,xps,0.1,west,1.5,1.5,0.55,2.6,36.546,41.581,0.0714,15.739
Kolkata,22.5726,88.3639,warm_humid,3.0,3.0,2.6,45.0,aerated_concrete,0.1,stone,0.3,sheep_wool,0.05,west,0.9,0.9,0.35,2.0,35.375,38.033,0.0655,15.585
Kolkata,22.5726,88.3639,warm_humid,3.0,3.0,2.6,45.0,aerated_concrete,0.1,rcc_slab,0.2,eps,0.1,north,1.2,0.9,0.35,1.2,35.062,37.685,0.0595,15.608
Kolkata,22.5726,88.3639,warm_humid,3.0,3.0,2.6,0.0,plywood,0.05,stone,0.3,sheep_wool,0.05,west,1.8,1.5,0.35,3.5,36.125,39.604,0.0595,15.591
Kolkata,22.5726,88.3639,warm_humid,3.0,3.0,2.6,90.0,stone,0.45,timber,0.1,eps,0.2,west,0.9,1.2,0.45,1.2,32.711,34.457,0.3036,15.539
Kolkata,22.5726,88.3639,warm_humid,3.0,3.0,2.6,135.0,gi_sheet,0.002,rcc_slab,0.1,mineral_wool,0.05,north,1.5,1.2,0.35,2.0,37.445,43.517,0.0476,15.67
Kolkata,22.5726,88.3639,warm_humid,3.0,3.0,2.6,180.0,timber,0.15,rcc_slab,0.2,mineral_wool,0.15,west,1.2,1.5,0.55,5.8,36.324,39.167,0.0536,15.596
Kolkata,22.5726,88.3639,warm_humid,3.0,3.0,2.6,45.0,gi_sheet,0.002,timber,0.1,eps,0.05,south,1.5,1.5,0.35,2.0,36.599,44.202,0.1667,15.743
Kolkata,22.5726,88.3639,warm_humid,3.0,3.0,2.6,135.0,mud_brick,0.45,puf_sandwich_panel,0.05,eps,0.2,west,1.5,1.5,0.65,5.8,35.145,37.676,0.0893,15.547
Kolkata,22.5726,88.3639,warm_humid,3.0,3.0,2.6,0.0,mud_brick,0.3,concrete,0.1,sheep_wool,0.05,east,0.9,0.9,0.65,1.6,35.616,38.109,0.0774,15.553
Kolkata,22.5726,88.3639,warm_humid,3.0,3.0,2.6,90.0,gi_sheet,0.002,stone,0.3,sheep_wool,0.05,west,1.8,1.2,0.75,3.5,37.051,41.251,0.0595,15.594
Kolkata,22.5726,88.3639,warm_humid,3.0,3.0,2.6,90.0,aerated_concrete,0.2,mud_brick,0.15,mineral_wool,0.05,east,0.9,1.2,0.45,2.6,35.319,38.25,0.0655,15.605
Kolkata,22.5726,88.3639,warm_humid,3.0,3.0,2.6,90.0,timber,0.2,mud_brick,0.25,eps,0.05,south,0.6,1.5,0.45,5.8,34.863,37.282,0.0714,15.59
Kolkata,22.5726,88.3639,warm_humid,3.0,3.0,2.6,90.0,timber,0.2,puf_sandwich_panel,0.05,sheep_wool,0.1,south,1.8,0.6,0.35,1.2,34.29,36.95,0.0655,15.638
Kolkata,22.5726,88.3639,warm_humid,3.0,3.0,2.6,90.0,plywood,0.05,puf_sandwich_panel,0.05,xps,0.15,north,1.8,0.6,0.45,2.6,35.303,39.541,0.1012,15.747
Kolkata,22.5726,88.3639,warm_humid,3.0,3.0,2.6,180.0,aerated_concrete,0.1,brick,0.115,eps,0.025,west,1.2,1.2,0.55,2.0,38.096,43.705,0.0476,15.641
Kolkata,22.5726,88.3639,warm_humid,3.0,3.0,2.6,90.0,stone,0.45,puf_sandwich_panel,0.05,none,0.0,north,1.5,0.9,0.75,1.2,37.703,41.1,0.0655,15.539
Kolkata,22.5726,88.3639,warm_humid,3.0,3.0,2.6,0.0,puf_sandwich_panel,0.1,mud_brick,0.15,mineral_wool,0.15,east,0.6,1.2,0.45,3.5,34.362,36.87,0.0595,15.658
Kolkata,22.5726,88.3639,warm_humid,3.0,3.0,2.6,180.0,gi_sheet,0.002,rcc_slab,0.15,eps,0.1,west,0.9,0.6,0.65,2.0,36.407,40.35,0.0476,15.644
Kolkata,22.5726,88.3639,warm_humid,3.0,3.0,2.6,0.0,mud_brick,0.45,timber,0.1,eps,0.2,east,0.9,0.9,0.55,2.0,33.334,35.184,0.2143,15.545
Kolkata,22.5726,88.3639,warm_humid,3.0,3.0,2.6,135.0,mud_brick,0.15,brick,0.115,eps,0.05,west,1.8,0.9,0.85,1.6,37.78,41.271,0.0536,15.577
Kolkata,22.5726,88.3639,warm_humid,3.0,3.0,2.6,135.0,concrete,0.3,mud_brick,0.25,eps,0.05,south,1.8,0.6,0.55,1.6,34.975,37.386,0.0893,15.547
Kolkata,22.5726,88.3639,warm_humid,3.0,3.0,2.6,90.0,plywood,0.03,gi_sheet,0.002,eps,0.025,north,1.5,1.2,0.55,1.2,38.716,48.365,0.1845,15.777
Kolkata,22.5726,88.3639,warm_humid,3.0,3.0,2.6,180.0,puf_sandwich_panel,0.075,gi_sheet,0.002,eps,0.05,east,0.9,1.5,0.65,1.2,35.657,42.244,0.1964,15.817
Kolkata,22.5726,88.3639,warm_humid,3.0,3.0,2.6,0.0,aerated_concrete,0.2,concrete,0.15,sheep_wool,0.15,west,0.6,1.2,0.85,1.2,34.383,36.619,0.0714,15.6
Kolkata,22.5726,88.3639,warm_humid,3.0,3.0,2.6,90.0,plywood,0.012,concrete,0.15,eps,0.025,south,1.8,0.6,0.85,2.6,37.828,44.639,0.0476,15.652
Kolkata,22.5726,88.3639,warm_humid,3.0,3.0,2.6,180.0,puf_sandwich_panel,0.15,gi_sheet,0.002,sheep_wool,0.05,east,1.2,1.2,0.45,5.8,35.281,41.168,0.2083,15.807
Kolkata,22.5726,88.3639,warm_humid,3.0,3.0,2.6,135.0,concrete,0.2,mud_brick,0.25,eps,0.05,east,1.2,0.9,0.35,1.2,35.437,37.876,0.0774,15.556
Kolkata,22.5726,88.3639,warm_humid,3.0,3.0,2.6,180.0,mud_brick,0.3,gi_sheet,0.002,xps,0.15,north,1.5,1.2,0.35,2.0,34.081,35.957,0.1071,15.558
Kolkata,22.5726,88.3639,warm_humid,3.0,3.0,2.6,90.0,brick,0.345,puf_sandwich_panel,0.05,xps,0.05,east,0.9,0.6,0.35,2.0,33.984,35.902,0.1429,15.552
Kolkata,22.5726,88.3639,warm_humid,3.0,3.0,2.6,90.0,gi_sheet,0.002,aerated_concrete,0.2,xps,0.1,north,1.2,1.2,0.85,3.5,37.812,43.975,0.0476,15.709
Kolkata,22.5726,88.3639,warm_humid,3.0,3.0,2.6,90.0,puf_sandwich_panel,0.05,rcc_slab,0.2,mineral_wool,0.15,east,0.6,0.9,0.85,3.5,34.053,36.304,0.0714,15.627
Kolkata,22.5726,88.3639,warm_humid,3.0,3.0,2.6,0.0,mud_brick,0.45,brick,0.115,mineral_wool,0.1,west,1.8,1.2,0.55,5.8,34.191,36.422,0.1964,15.545
Kolkata,22.5726,88.3639,warm_humid,3.0,3.0,2.6,135.0,aerated_concrete,0.2,stone,0.15,eps,0.15,east,0.6,0.6,0.85,2.0,33.905,35.78,0.0774,15.596
Kolkata,22.5726,88.3639,warm_humid,3.0,3.0,2.6,135.0,puf_sandwich_panel,0.1,mud_brick,0.15,sheep_wool,0.05,east,0.6,1.5,0.45,3.5,34.901,38.37,0.0595,15.668
Kolkata,22.5726,88.3639,warm_humid,3.0,3.0,2.6,135.0,brick,0.23,aerated_concrete,0.2,none,0.0,west,1.2,1.2,0.65,2.0,38.776,43.125,0.0536,15.564
Kolkata,22.5726,88.3639,warm_humid,3.0,3.0,2.6,0.0,rammed_earth,0.15,concrete,0.15,eps,0.025,east,1.8,0.9,0.75,1.2,38.488,42.571,0.0536,15.574
Kolkata,22.5726,88.3639,warm_humid,3.0,3.0,2.6,135.0,stone,0.3,concrete,0.1,xps,0.1,south,0.6,1.2,0.55,2.6,33.904,35.929,0.2024,15.545
Kolkata,22.5726,88.3639,warm_humid,3.0,3.0,2.6,180.0,mud_brick,0.45,rcc_slab,0.15,eps,0.15,south,1.8,1.2,0.85,1.6,34.364,36.692,0.1905,15.544
Kolkata,22.5726,88.3639,warm_humid,3.0,3.0,2.6,180.0,concrete,0.1,concrete,0.2,xps,0.15,west,0.6,0.9,0.65,1.2,35.304,37.558,0.0655,15.573
Kolkata,22.5726,88.3639,warm_humid,3.0,3.0,2.6,180.0,timber,0.2,rcc_slab,0.1,sheep_wool,0.05,west,1.8,1.5,0.45,5.8,37.744,41.924,0.0476,15.611
Kolkata,22.5726,88.3639,warm_humid,3.0,3.0,2.6,0.0,timber,0.2,rcc_slab,0.25,sheep_wool,0.1,east,0.9,0.9,0.55,1.2,35.003,37.192,0.0655,15.584
Kolkata,22.5726,88.3639,warm_humid,3.0,3.0,2.6,135.0,plywood,0.05,mud_brick,0.15,eps,0.025,north,0.9,1.5,0.65,2.6,38.015,43.929,0.0476,15.65
Kolkata,22.5726,88.3639,warm_humid,3.0,3.0,2.6,180.0,gi_sheet,0.002,concrete,0.15,xps,0.05,west,1.2,0.6,0.65,1.6,37.336,42.285,0.0476,15.645
Kolkata,22.5726,88.3639,warm_humid,3.0,3.0,2.6,180.0,concrete,0.3,gi_sheet,0.002,mineral_wool,0.05,east,1.5,1.5,0.45,1.2,35.758,38.374,0.0774,15.552
Kolkata,22.5726,88.3639,warm_humid,3.0,3.0,2.6,90.0,mud_brick,0.3,brick,0.115,eps,0.05,east,1.8,0.6,0.85,2.0,35.314,37.769,0.0774,15.554
Kolkata,22.5726,88.3639,warm_humid,3.0,3.0,2.6,45.0,plywood,0.03,gi_sheet,0.002,eps,0.05,south,1.8,1.5,0.35,2.0,36.682,44.789,0.1905,15.776
Kolkata,22.5726,88.3639,warm_humid,3.0,3.0,2.6,45.0,aerated_concrete,0.1,aerated_concrete,0.1,mineral_wool,0.05,west,1.2,1.5,0.85,2.0,36.666,42.352,0.0536,15.677
Kolkata,22.5726,88.3639,warm_humid,3.0,3.0,2.6,90.0,puf_sandwich_panel,0.15,brick,0.115,sheep_wool,0.15,east,1.2,1.5,0.45,1.2,34.734,38.32,0.0595,15.683
Kolkata,22.5726,88.3639,warm_humid,3.0,3.0,2.6,45.0,puf_sandwich_panel,0.1,stone,0.15,mineral_wool,0.05,east,1.2,0.6,0.65,1.2,35.356,38.473,0.0595,15.641
Kolkata,22.5726,88.3639,warm_humid,3.0,3.0,2.6,135.0,timber,0.1,aerated_concrete,0.1,mineral_wool,0.15,south,0.9,1.2,0.55,5.8,34.663,37.859,0.0595,15.664
Kolkata,22.5726,88.3639,warm_humid,3.0,3.0,2.6,135.0,stone,0.45,gi_sheet,0.002,xps,0.15,east,1.5,1.5,0.75,2.0,34.195,36.658,0.2024,15.54
Kolkata,22.5726,88.3639,warm_humid,3.0,3.0,2.6,45.0,plywood,0.012,timber,0.1,sheep_wool,0.15,north,1.8,1.2,0.65,1.2,37.459,44.089,0.1131,15.757
Kolkata,22.5726,88.3639,warm_humid,3.0,3.0,2.6,0.0,gi_sheet,0.002,stone,0.15,xps,0.1,south,0.6,1.5,0.85,3.5,35.667,39.551,0.0595,15.634
Kolkata,22.5726,88.3639,warm_humid,3.0,3.0,2.6,135.0,puf_sandwich_panel,0.15,brick,0.23,sheep_wool,0.1,west,0.6,1.5,0.75,2.6,35.23,37.969,0.0536,15.633
Kolkata,22.5726,88.3639,warm_humid,3.0,3.0,2.6,135.0,plywood,0.03,rcc_slab,0.1,eps,0.1,north,1.5,0.6,0.45,1.6,35.755,39.695,0.0536,15.67
Kolkata,22.5726,88.3639,warm_humid,3.0,3.0,2.6,180.0,gi_sheet,0.002,brick,0.115,eps,0.05,west,1.2,0.9,0.55,1.2,37.787,43.94,0.0476,15.675
Kolkata,22.5726,88.3639,warm_humid,3.0,3.0,2.6,180.0,rammed_earth,0.3,brick,0.115,sheep_wool,0.05,south,1.2,1.2,0.65,2.0,35.617,38.148,0.0774,15.556
Kolkata,22.5726,88.3639,warm_humid,3.0,3.0,2.6,180.0,puf_sandwich_panel,0.075,gi_sheet,0.002,sheep_wool,0.05,north,0.9,1.2,0.45,2.0,35.328,41.262,0.2202,15.818
Kolkata,22.5726,88.3639,warm_humid,3.0,3.0,2.6,0.0,concrete,0.3,gi_sheet,0.002,xps,0.1,south,1.2,0.9,0.55,2.0,34.164,36.202,0.125,15.551
Kolkata,22.5726,88.3639,warm_humid,3.0,3.0,2.6,180.0,timber,0.15,stone,0.3,mineral_wool,0.15,south,1.2,1.5,0.65,1.2,34.805,37.006,0.0774,15.578
Kolkata,22.5726,88.3639,warm_humid,3.0,3.0,2.6,90.0,stone,0.45,stone,0.15,mineral_wool,0.15,east,1.8,1.5,0.75,5.8,34.288,36.819,0.2024,15.538
Kolkata,22.5726,88.3639,warm_humid,3.0,3.0,2.6,135.0,brick,0.115,aerated_concrete,0.2,xps,0.1,south,1.2,0.9,0.65,5.8,35.326,37.966,0.0655,15.592
Kolkata,22.5726,88.3639,warm_humid,3.0,3.0,2.6,45.0,aerated_concrete,0.2,timber,0.1,mineral_wool,0.15,south,1.8,0.9,0.45,3.5,34.66,37.506,0.0655,15.628
Kolkata,22.5726,88.3639,warm_humid,3.0,3.0,2.6,0.0,concrete,0.15,concrete,0.15,eps,0.025,east,1.8,1.5,0.35,3.5,37.973,41.851,0.0536,15.568
Kolkata,22.5726,88.3639,warm_humid,3.0,3.0,2.6,180.0,brick,0.115,puf_sandwich_panel,0.05,mineral_wool,0.05,north,1.5,0.6,0.85,5.8,36.283,39.702,0.0595,15.6
Kolkata,22.5726,88.3639,warm_humid,3.0,3.0,2.6,135.0,brick,0.23,puf_sandwich_panel,0.1,xps,0.15,south,1.5,0.9,0.85,3.5,34.673,36.79,0.0833,15.567
Kolkata,22.5726,88.3639,warm_humid,3.0,3.0,2.6,135.0,aerated_concrete,0.1,aerated_concrete,0.2,xps,0.05,south,1.2,1.5,0.45,2.0,35.826,40.292,0.0536,15.663
Kolkata,22.5726,88.3639,warm_humid,3.0,3.0,2.6,135.0,mud_brick,0.15,stone,0.15,xps,0.1,south,1.5,0.6,0.75,5.8,34.811,36.977,0.0774,15.57
Kolkata,22.5726,88.3639,warm_humid,3.0,3.0,2.6,135.0,mud_brick,0.15,rcc_slab,0.1,eps,0.05,east,0.6,1.2,0.75,1.2,35.95,38.739,0.0655,15.576
Kolkata,22.5726,88.3639,warm_humid,3.0,3.0,2.6,45.0,brick,0.23,aerated_concrete,0.1,eps,0.2,north,0.9,1.2,0.65,2.0,34.697,36.732,0.0833,15.565
Kolkata,22.5726,88.3639,warm_humid,3.0,3.0,2.6,45.0,timber,0.2,brick,0.23,eps,0.05,east,1.5,1.2,0.45,1.6,36.266,39.332,0.0595,15.593
Kolkata,22.5726,88.3639,warm_humid,3.0,3.0,2.6,45.0,plywood,0.012,rcc_slab,0.15,eps,0.2,east,0.9,0.9,0.75,1.6,35.453,38.8,0.0536,15.648
Kolkata,22.5726,88.3639,warm_humid,3.0,3.0,2.6,90.0,timber,0.1,concrete,0.15,eps,0.1,east,1.2,1.2,0.75,2.6,35.563,38.88,0.0595,15.62
Kolkata,22.5726,88.3639,warm_humid,3.0,3.0,2.6,45.0,mud_brick,0.15,timber,0.15,eps,0.025,north,0.9,1.2,0.45,1.2,36.668,40.006,0.0595,15.582
Kolkata,22.5726,88.3639,warm_humid,3.0,3.0,2.6,90.0,stone,0.45,puf_sandwich_panel,0.075,mineral_wool,0.15,south,1.2,0.9,0.55,3.5,32.888,34.731,0.244,15.539
Kolkata,22.5726,88.3639,warm_humid,3.0,3.0,2.6,180.0,timber,0.2,aerated_concrete,0.1,mineral_wool,0.05,north,0.9,1.2,0.55,2.0,35.322,38.589,0.0595,15.628
Kolkata,22.5726,88.3639,warm_humid,3.0,3.0,2.6,0.0,plywood,0.012,brick,0.115,mineral_wool,0.1,north,1.5,1.2,0.45,5.8,35.763,40.531,0.0536,15.677
Kolkata,22.5726,88.3639,warm_humid,3.0,3.0,2.6,45.0,rammed_earth,0.45,mud_brick,0.25,sheep_wool,0.1,north,1.5,0.6,0.45,1.2,33.662,35.669,0.2083,15.543
Kolkata,22.5726,88.3639,warm_humid,3.0,3.0,2.6,90.0,gi_sheet,0.002,brick,0.115,sheep_wool,0.15,east,0.6,0.9,0.75,1.2,35.17,39.144,0.0595,15.672
Kolkata,22.5726,88.3639,warm_humid,3.0,3.0,2.6,0.0,concrete,0.3,timber,0.15,sheep_wool,0.15,west,1.8,0.9,0.35,2.0,33.895,35.838,0.1607,15.551
Kolkata,22.5726,88.3639,warm_humid,3.0,3.0,2.6,180.0,plywood,0.019,mud_brick,0.25,xps,0.05,east,1.5,1.5,0.85,2.0,37.435,42.68,0.0536,15.626
Kolkata,22.5726,88.3639,warm_humid,3.0,3.0,2.6,135.0,concrete,0.2,concrete,0.2,mineral_wool,0.15,east,1.5,1.5,0.45,1.2,34.925,37.173,0.0833,15.556
Kolkata,22.5726,88.3639,warm_humid,3.0,3.0,2.6,180.0,gi_sheet,0.002,stone,0.3,eps,0.2,north,0.6,1.2,0.65,2.0,35.207,37.7,0.0655,15.592
Kolkata,22.5726,88.3639,warm_humid,3.0,3.0,2.6,45.0,brick,0.345,aerated_concrete,0.1,xps,0.15,east,0.9,0.9,0.55,3.5,33.809,35.67,0.1964,15.551
Kolkata,22.5726,88.3639,warm_humid,3.0,3.0,2.6,45.0,rammed_earth,0.3,timber,0.1,mineral_wool,0.05,north,1.5,1.5,0.75,1.2,37.165,40.219,0.0595,15.559
Kolkata,22.5726,88.3639,warm_humid,3.0,3.0,2.6,45.0,mud_brick,0.15,mud_brick,0.15,eps,0.1,south,1.5,0.6,0.45,2.6,34.601,36.711,0.0774,15.574
Kolkata,22.5726,88.3639,warm_humid,3.0,3.0,2.6,135.0,brick,0.345,timber,0.1,xps,0.1,east,1.2,0.9,0.45,1.6,33.968,35.911,0.1607,15.552
Kolkata,22.5726,88.3639,warm_humid,3.0,3.0,2.6,180.0,stone,0.15,rcc_slab,0.1,xps,0.05,east,1.8,1.5,0.45,5.8,36.553,39.63,0.0655,15.566
Kolkata,22.5726,88.3639,warm_humid,3.0,3.0,2.6,45.0,concrete,0.15,concrete,0.2,sheep_wool,0.1,north,0.9,1.2,0.65,1.6,35.612,38.061,0.0714,15.563
Kolkata,22.5726,88.3639,warm_humid,3.0,3.0,2.6,0.0,mud_brick,0.3,rcc_slab,0.25,eps,0.05,west,1.2,1.2,0.75,2.6,35.153,37.655,0.0833,15.55
Kolkata,22.5726,88.3639,warm_humid,3.0,3.0,2.6,45.0,stone,0.15,rcc_slab,0.15,eps,0.15,east,0.9,0.6,0.35,1.2,34.079,35.936,0.0952,15.561
Kolkata,22.5726,88.3639,warm_humid,3.0,3.0,2.6,135.0,stone,0.3,brick,0.115,eps,0.05,north,0.6,1.5,0.65,3.5,35.532,38.141,0.0833,15.546
Kolkata,22.5726,88.3639,warm_humid,3.0,3.0,2.6,90.0,puf_sandwich_panel,0.15,mud_brick,0.15,eps,0.05,west,0.9,1.5,0.75,1.6,35.368,39.132,0.0595,15.666
Kolkata,22.5726,88.3639,warm_humid,3.0,3.0,2.6,135.0,brick,0.115,stone,0.3,eps,0.05,west,0.9,0.9,0.75,1.2,36.466,39.281,0.0655,15.565
Kolkata,22.5726,88.3639,warm_humid,3.0,3.0,2.6,90.0,brick,0.23,mud_brick,0.25,sheep_wool,0.05,south,0.6,1.2,0.75,2.6,35.257,37.655,0.0774,15.556
Kolkata,22.5726,88.3639,warm_humid,3.0,3.0,2.6,90.0,stone,0.3,mud_brick,0.15,sheep_wool,0.05,east,0.6,0.6,0.55,2.6,34.586,36.884,0.1071,15.545
Kolkata,22.5726,88.3639,warm_humid,3.0,3.0,2.6,90.0,mud_brick,0.15,stone,0.3,none,0.0,east,1.2,0.6,0.75,2.0,39.564,44.799,0.0536,15.56
Kolkata,22.5726,88.3639,warm_humid,3.0,3.0,2.6,180.0,timber,0.15,concrete,0.15,eps,0.1,east,1.5,0.9,0.75,3.5,35.303,38.245,0.0655,15.608
Kolkata,22.5726,88.3639,warm_humid,3.0,3.0,2.6,90.0,brick,0.115,puf_sandwich_panel,0.15,sheep_wool,0.15,west,0.6,0.9,0.75,3.5,34.356,36.569,0.0714,15.599
Kolkata,22.5726,88.3639,warm_humid,3.0,3.0,2.6,180.0,plywood,0.05,concrete,0.15,sheep_wool,0.05,north,1.2,1.2,0.55,3.5,36.55,41.16,0.0536,15.638
Kolkata,22.5726,88.3639,warm_humid,3.0,3.0,2.6,135.0,concrete,0.3,rcc_slab,0.1,eps,0.2,south,1.8,1.5,0.45,1.6,34.471,36.637,0.0952,15.55
Kolkata,22.5726,88.3639,warm_humid,3.0,3.0,2.6,90.0,aerated_concrete,0.3,brick,0.23,sheep_wool,0.05,south,0.9,0.9,0.45,3.5,34.884,37.204,0.0714,15.582
Kolkata,22.5726,88.3639,warm_humid,3.0,3.0,2.6,180.0,plywood,0.019,mud_brick,0.25,xps,0.1,east,0.9,1.5,0.55,3.5,35.642,39.091,0.0595,15.625
Kolkata,22.5726,88.3639,warm_humid,3.0,3.0,2.6,45.0,plywood,0.05,aerated_concrete,0.2,xps,0.1,west,1.8,1.2,0.35,1.6,35.216,39.7,0.0714,15.694
Kolkata,22.5726,88.3639,warm_humid,3.0,3.0,2.6,135.0,plywood,0.05,puf_sandwich_panel,0.15,xps,0.15,north,0.6,0.6,0.45,3.5,34.292,37.626,0.1429,15.743
Kolkata,22.5726,88.3639,warm_humid,3.0,3.0,2.6,0.0,rammed_earth,0.45,brick,0.23,xps,0.1,east,1.2,1.2,0.55,1.6,34.504,36.872,0.1726,15.544
Kolkata,22.5726,88.3639,warm_humid,3.0,3.0,2.6,90.0,gi_sheet,0.002,puf_sandwich_panel,0.15,eps,0.2,west,1.5,0.9,0.65,5.8,35.28,40.706,0.1667,15.772
Kolkata,22.5726,88.3639,warm_humid,3.0,3.0,2.6,45.0,mud_brick,0.45,brick,0.23,eps,0.025,west,0.6,1.5,0.45,3.5,34.738,37.191,0.1071,15.543
Kolkata,22.5726,88.3639,warm_humid,3.0,3.0,2.6,180.0,rammed_earth,0.15,rcc_slab,0.15,eps,0.05,west,0.9,1.5,0.55,1.2,36.921,40.005,0.0595,15.574
Kolkata,22.5726,88.3639,warm_humid,3.0,3.0,2.6,180.0,puf_sandwich_panel,0.05,puf_sandwich_panel,0.075,sheep_wool,0.1,west,0.6,0.9,0.55,5.8,34.593,38.774,0.1964,15.831
Kolkata,22.5726,88.3639,warm_humid,3.0,3.0,2.6,0.0,timber,0.15,rcc_slab,0.15,xps,0.05,west,1.2,0.9,0.65,1.6,35.532,38.672,0.0655,15.608
Kolkata,22.5726,88.3639,warm_humid,3.0,3.0,2.6,180.0,puf_sandwich_panel,0.05,stone,0.3,mineral_wool,0.15,north,1.2,0.9,0.65,1.2,34.262,36.354,0.0774,15.594
Kolkata,22.5726,88.3639,warm_humid,3.0,3.0,2.6,0.0,concrete,0.2,gi_sheet,0.002,xps,0.1,east,0.6,1.2,0.75,5.8,35.235,37.512,0.0714,15.564
Kolkata,22.5726,88.3639,warm_humid,3.0,3.0,2.6,135.0,concrete,0.2,timber,0.15,sheep_wool,0.05,north,0.6,1.5,0.45,2.6,35.932,38.524,0.0655,15.563
Kolkata,22.5726,88.3639,warm_humid,3.0,3.0,2.6,90.0,timber,0.2,puf_sandwich_panel,0.075,eps,0.05,north,1.8,1.2,0.45,1.2,36.638,40.543,0.0476,15.642
Kolkata,22.5726,88.3639,warm_humid,3.0,3.0,2.6,90.0,aerated_concrete,0.1,timber,0.15,sheep_wool,0.05,west,1.8,1.2,0.75,2.0,36.692,42.171,0.0536,15.67
Kolkata,22.5726,88.3639,warm_humid,3.0,3.0,2.6,135.0,puf_sandwich_panel,0.05,concrete,0.15,xps,0.05,east,1.5,0.6,0.65,2.6,35.274,38.903,0.0595,15.654
Kolkata,22.5726,88.3639,warm_humid,3.0,3.0,2.6,0.0,puf_sandwich_panel,0.05,mud_brick,0.25,eps,0.2,east,1.2,0.9,0.85,1.6,35.987,38.916,0.0536,15.628
Kolkata,22.5726,88.3639,warm_humid,3.0,3.0,2.6,0.0,rammed_earth,0.45,gi_sheet,0.002,mineral_wool,0.1,south,1.2,1.2,0.65,2.6,34.078,36.175,0.1905,15.547
Kolkata,22.5726,88.3639,warm_humid,3.0,3.0,2.6,45.0,concrete,0.1,rcc_slab,0.2,eps,0.025,south,1.8,0.6,0.85,2.0,37.609,41.619,0.0595,15.575
Kolkata,22.5726,88.3639,warm_humid,3.0,3.0,2.6,90.0,brick,0.23,brick,0.115,mineral_wool,0.05,west,1.5,0.6,0.65,1.6,35.465,37.934,0.0774,15.561
Kolkata,22.5726,88.3639,warm_humid,3.0,3.0,2.6,135.0,concrete,0.15,puf_sandwich_panel,0.075,sheep_wool,0.05,north,1.5,1.5,0.85,1.2,38.53,42.49,0.0536,15.579
Kolkata,22.5726,88.3639,warm_humid,3.0,3.0,2.6,0.0,gi_sheet,0.002,rcc_slab,0.1,mineral_wool,0.05,south,1.2,1.5,0.85,2.0,37.471,44.327,0.0536,15.67
Kolkata,22.5726,88.3639,warm_humid,3.0,3.0,2.6,0.0,timber,0.15,brick,0.23,mineral_wool,0.05,north,1.2,1.2,0.65,3.5,35.729,38.801,0.0655,15.599
Kolkata,22.5726,88.3639,warm_humid,3.0,3.0,2.6,45.0,puf_sandwich_panel,0.05,mud_brick,0.25,eps,0.1,west,0.9,1.5,0.45,2.6,34.523,37.24,0.0655,15.63
Kolkata,22.5726,88.3639,warm_humid,3.0,3.0,2.6,135.0,concrete,0.1,aerated_concrete,0.2,eps,0.025,north,1.2,1.2,0.65,1.6,38.108,42.594,0.0536,15.591
Kolkata,22.5726,88.3639,warm_humid,3.0,3.0,2.6,45.0,plywood,0.012,stone,0.15,sheep_wool,0.15,east,0.6,0.6,0.35,2.0,34.635,37.495,0.0595,15.639
Kolkata,22.5726,88.3639,warm_humid,3.0,3.0,2.6,45.0,rammed_earth,0.45,puf_sandwich_panel,0.075,eps,0.1,south,1.8,0.9,0.85,1.6,34.255,36.465,0.1488,15.548
Kolkata,22.5726,88.3639,warm_humid,3.0,3.0,2.6,45.0,stone,0.3,puf_sandwich_panel,0.05,eps,0.025,west,1.5,0.6,0.35,2.0,35.231,37.642,0.0833,15.548
Kolkata,22.5726,88.3639,warm_humid,3.0,3.0,2.6,90.0,gi_sheet,0.002,gi_sheet,0.002,xps,0.1,west,1.2,0.6,0.65,1.2,35.455,41.129,0.1667,15.769
Kolkata,22.5726,88.3639,warm_humid,3.0,3.0,2.6,90.0,mud_brick,0.15,timber,0.15,sheep_wool,0.15,south,1.5,0.6,0.75,1.6,34.541,36.706,0.0774,15.581
Kolkata,22.5726,88.3639,warm_humid,3.0,3.0,2.6,135.0,brick,0.345,stone,0.15,mineral_wool,0.15,east,0.9,0.9,0.85,1.6,33.685,35.629,0.2024,15.548
Kolkata,22.5726,88.3639,warm_humid,3.0,3.0,2.6,135.0,plywood,0.012,gi_sheet,0.002,mineral_wool,0.15,east,1.5,1.2,0.85,5.8,36.611,43.819,0.1369,15.771
Kolkata,22.5726,88.3639,warm_humid,3.0,3.0,2.6,0.0,concrete,0.3,timber,0.1,sheep_wool,0.15,west,1.2,0.9,0.75,3.5,34.053,36.105,0.1488,15.551
Kolkata,22.5726,88.3639,warm_humid,3.0,3.0,2.6,0.0,puf_sandwich_panel,0.15,stone,0.3,sheep_wool,0.15,west,1.5,0.6,0.65,2.0,33.856,35.755,0.0774,15.595
Kolkata,22.5726,88.3639,warm_humid,3.0,3.0,2.6,180.0,aerated_concrete,0.2,mud_brick,0.25,sheep_wool,0.15,north,1.8,1.5,0.65,1.6,35.884,38.977,0.0655,15.593
Kolkata,22.5726,88.3639,warm_humid,3.0,3.0,2.6,45.0,aerated_concrete,0.3,gi_sheet,0.002,eps,0.1,west,0.6,0.9,0.55,2.0,34.166,36.358,0.0714,15.611
Kolkata,22.5726,88.3639,warm_humid,3.0,3.0,2.6,135.0,gi_sheet,0.002,gi_sheet,0.002,sheep_wool,0.05,north,1.8,0.9,0.55,5.8,38.089,46.748,0.1786,15.777
Kolkata,22.5726,88.3639,warm_humid,3.0,3.0,2.6,0.0,timber,0.15,brick,0.23,eps,0.2,west,1.5,0.6,0.45,2.6,33.86,35.805,0.0774,15.598
Kolkata,22.5726,88.3639,warm_humid,3.0,3.0,2.6,90.0,stone,0.45,brick,0.115,xps,0.1,east,1.5,1.5,0.55,2.6,33.981,36.29,0.2083,15.539
Kolkata,22.5726,88.3639,warm_humid,3.0,3.0,2.6,180.0,rammed_earth,0.3,mud_brick,0.25,xps,0.1,east,0.9,1.5,0.45,3.5,34.117,36.119,0.131,15.552
Kolkata,22.5726,88.3639,warm_humid,3.0,3.0,2.6,135.0,aerated_concrete,0.3,timber,0.1,xps,0.1,south,1.8,1.2,0.85,1.6,35.78,39.105,0.0655,15.61
Kolkata,22.5726,88.3639,warm_humid,3.0,3.0,2.6,0.0,aerated_concrete,0.3,puf_sandwich_panel,0.05,eps,0.05,south,0.9,1.5,0.55,3.5,34.96,37.799,0.0655,15.615
Kolkata,22.5726,88.3639,warm_humid,3.0,3.0,2.6,90.0,mud_brick,0.3,rcc_slab,0.15,mineral_wool,0.1,east,0.9,0.9,0.45,3.5,33.797,35.676,0.2024,15.552
Kolkata,22.5726,88.3639,warm_humid,3.0,3.0,2.6,0.0,gi_sheet,0.002,rcc_slab,0.2,mineral_wool,0.15,east,0.6,1.5,0.35,1.2,35.245,38.31,0.0595,15.621
Kolkata,22.5726,88.3639,warm_humid,3.0,3.0,2.6,0.0,stone,0.15,puf_sandwich_panel,0.15,sheep_wool,0.1,south,1.8,1.5,0.35,3.5,35.216,37.795,0.0714,15.573
Kolkata,22.5726,88.3639,warm_humid,3.0,3.0,2.6,45.0,mud_brick,0.45,mud_brick,0.25,eps,0.2,west,1.2,1.2,0.45,3.5,32.942,34.674,0.2321,15.543
Kolkata,22.5726,88.3639,warm_humid,3.0,3.0,2.6,180.0,gi_sheet,0.002,brick,0.115,sheep_wool,0.05,north,0.9,1.5,0.35,2.6,37.139,43.305,0.0536,15.675
Kolkata,22.5726,88.3639,warm_humid,3.0,3.0,2.6,180.0,concrete,0.15,brick,0.23,sheep_wool,0.15,east,1.2,1.5,0.35,2.6,35.039,37.295,0.0774,15.564
Kolkata,22.5726,88.3639,warm_humid,3.0,3.0,2.6,0.0,timber,0.2,gi_sheet,0.002,none,0.0,west,1.5,1.2,0.55,5.8,40.4,50.719,0.0476,15.639
Kolkata,22.5726,88.3639,warm_humid,3.0,3.0,2.6,90.0,rammed_earth,0.3,rcc_slab,0.1,mineral_wool,0.1,north,0.6,1.2,0.75,1.2,34.735,36.871,0.0833,15.555
Kolkata,22.5726,88.3639,warm_humid,3.0,3.0,2.6,90.0,aerated_concrete,0.2,rcc_slab,0.15,xps,0.05,north,1.8,1.5,0.35,1.6,36.915,40.525,0.0536,15.603
Kolkata,22.5726,88.3639,warm_humid,3.0,3.0,2.6,90.0,mud_brick,0.45,puf_sandwich_panel,0.075,xps,0.15,east,0.9,0.6,0.35,1.2,32.559,34.026,0.3095,15.545
Kolkata,22.5726,88.3639,warm_humid,3.0,3.0,2.6,180.0,stone,0.15,aerated_concrete,0.1,xps,0.1,east,1.2,0.9,0.55,2.0,35.212,37.536,0.0714,15.569
Kolkata,22.5726,88.3639,warm_humid,3.0,3.0,2.6,45.0,aerated_concrete,0.3,stone,0.3,mineral_wool,0.1,north,1.8,0.9,0.85,1.2,36.258,38.902,0.0655,15.569
Kolkata,22.5726,88.3639,warm_humid,3.0,3.0,2.6,90.0,concrete,0.2,mud_brick,0.25,eps,0.1,north,1.2,0.9,0.45,2.0,34.933,37.115,0.0833,15.555
Kolkata,22.5726,88.3639,warm_humid,3.0,3.0,2.6,90.0,rammed_earth,0.3,stone,0.3,eps,0.15,north,1.2,0.6,0.65,2.0,33.854,35.791,0.1964,15.548
Kolkata,22.5726,88.3639,warm_humid,3.0,3.0,2.6,135.0,aerated_concrete,0.2,gi_sheet,0.002,xps,0.1,south,1.8,1.5,0.75,2.0,36.282,40.825,0.0595,15.644
Kolkata,22.5726,88.3639,warm_humid,3.0,3.0,2.6,0.0,aerated_concrete,0.2,aerated_concrete,0.1,eps,0.2,east,0.9,0.6,0.85,1.2,34.745,37.156,0.0595,15.63
Kolkata,22.5726,88.3639,warm_humid,3.0,3.0,2.6,45.0,timber,0.15,rcc_slab,0.1,eps,0.15,south,0.6,1.5,0.85,2.6,34.673,37.315,0.0655,15.619
Kolkata,22.5726,88.3639,warm_humid,3.0,3.0,2.6,90.0,plywood,0.05,gi_sheet,0.002,xps,0.1,south,0.9,1.2,0.75,1.6,35.413,40.64,0.1131,15.743
Kolkata,22.5726,88.3639,warm_humid,3.0,3.0,2.6,90.0,plywood,0.03,gi_sheet,0.002,none,0.0,north,0.9,1.2,0.75,1.2,41.473,58.507,0.2619,13.138
Kolkata,22.5726,88.3639,warm_humid,3.0,3.0,2.6,180.0,plywood,0.019,timber,0.15,mineral_wool,0.15,west,1.2,0.9,0.55,1.6,36.267,40.871,0.0595,15.714
Kolkata,22.5726,88.3639,warm_humid,3.0,3.0,2.6,0.0,timber,0.1,timber,0.1,eps,0.2,north,1.5,0.6,0.55,3.5,34.229,37.098,0.0655,15.669
Kolkata,22.5726,88.3639,warm_humid,3.0,3.0,2.6,0.0,timber,0.1,concrete,0.2,mineral_wool,0.1,south,0.6,0.6,0.55,5.8,34.318,36.545,0.0714,15.605
Kolkata,22.5726,88.3639,warm_humid,3.0,3.0,2.6,45.0,rammed_earth,0.3,brick,0.115,mineral_wool,0.05,east,0.9,0.9,0.85,2.0,35.728,38.249,0.0714,15.555
Kolkata,22.5726,88.3639,warm_humid,3.0,3.0,2.6,0.0,puf_sandwich_panel,0.1,mud_brick,0.15,eps,0.1,north,0.6,1.5,0.45,3.5,34.195,36.978,0.0655,15.667
Kolkata,22.5726,88.3639,warm_humid,3.0,3.0,2.6,180.0,brick,0.23,gi_sheet,0.002,eps,0.1,north,1.5,0.9,0.75,3.5,35.346,37.745,0.0714,15.566
Kolkata,22.5726,88.3639,warm_humid,3.0,3.0,2.6,135.0,brick,0.23,puf_sandwich_panel,0.15,eps,0.15,north,0.9,1.2,0.75,2.6,35.198,37.415,0.0714,15.566
Kolkata,22.5726,88.3639,warm_humid,3.0,3.0,2.6,0.0,aerated_concrete,0.3,puf_sandwich_panel,0.1,eps,0.2,north,1.5,1.2,0.35,5.8,34.072,36.314,0.0714,15.614
Kolkata,22.5726,88.3639,warm_humid,3.0,3.0,2.6,135.0,gi_sheet,0.002,stone,0.15,sheep_wool,0.05,west,0.6,0.6,0.55,2.0,36.804,41.447,0.0476,15.635
Kolkata,22.5726,88.3639,warm_humid,3.0,3.0,2.6,0.0,mud_brick,0.3,concrete,0.15,mineral_wool,0.05,north,1.5,1.2,0.65,3.5,35.384,37.863,0.0774,15.553
Kolkata,22.5726,88.3639,warm_humid,3.0,3.0,2.6,180.0,concrete,0.15,rcc_slab,0.15,xps,0.1,south,0.6,1.5,0.45,3.5,34.986,37.185,0.0774,15.566
Kolkata,22.5726,88.3639,warm_humid,3.0,3.0,2.6,180.0,gi_sheet,0.002,puf_sandwich_panel,0.15,eps,0.025,south,0.6,1.2,0.65,2.6,37.122,45.317,0.2024,15.785
Kolkata,22.5726,88.3639,warm_humid,3.0,3.0,2.6,90.0,mud_brick,0.45,puf_sandwich_panel,0.15,mineral_wool,0.1,north,0.6,1.2,0.55,2.6,33.447,35.296,0.2083,15.545
Kolkata,22.5726,88.3639,warm_humid,3.0,3.0,2.6,180.0,puf_sandwich_panel,0.075,concrete,0.2,mineral_wool,0.1,north,1.5,0.6,0.65,2.0,34.502,37.104,0.0655,15.629
Kolkata,22.5726,88.3639,warm_humid,3.0,3.0,2.6,0.0,brick,0.345,gi_sheet,0.002,sheep_wool,0.1,north,1.5,1.2,0.85,2.6,35.066,37.446,0.0833,15.553
Kolkata,22.5726,88.3639,warm_humid,3.0,3.0,2.6,90.0,mud_brick,0.3,mud_brick,0.15,mineral_wool,0.1,south,0.6,0.6,0.55,1.6,33.534,35.309,0.2024,15.552
Kolkata,22.5726,88.3639,warm_humid,3.0,3.0,2.6,135.0,aerated_concrete,0.3,brick,0.115,xps,0.1,north,0.9,1.5,0.75,5.8,36.087,38.887,0.0595,15.595
Kolkata,22.5726,88.3639,warm_humid,3.0,3.0,2.6,90.0,concrete,0.2,brick,0.115,eps,0.2,east,1.2,0.9,0.45,1.6,33.965,35.8,0.119,15.56
Kolkata,22.5726,88.3639,warm_humid,3.0,3.0,2.6,0.0,timber,0.15,puf_sandwich_panel,0.075,xps,0.05,south,0.9,1.2,0.75,3.5,35.27,39.045,0.0595,15.661
Kolkata,22.5726,88.3639,warm_humid,3.0,3.0,2.6,45.0,timber,0.1,rcc_slab,0.2,eps,0.2,north,1.2,0.6,0.35,3.5,34.042,36.013,0.0714,15.606
Kolkata,22.5726,88.3639,warm_humid,3.0,3.0,2.6,90.0,plywood,0.019,puf_sandwich_panel,0.075,eps,0.15,north,1.2,0.6,0.85,2.0,35.901,41.109,0.1607,15.794
Kolkata,22.5726,88.3639,warm_humid,3.0,3.0,2.6,45.0,aerated_concrete,0.3,aerated_concrete,0.2,mineral_wool,0.05,east,0.6,1.5,0.75,2.0,35.681,38.461,0.0595,15.602
Kolkata,22.5726,88.3639,warm_humid,3.0,3.0,2.6,90.0,aerated_concrete,0.3,timber,0.15,eps,0.1,north,1.5,1.5,0.35,5.8,35.87,38.786,0.0536,15.607
Kolkata,22.5726,88.3639,warm_humid,3.0,3.0,2.6,0.0,brick,0.23,brick,0.115,mineral_wool,0.1,east,1.2,1.2,0.85,2.6,36.704,39.544,0.0655,15.561
Kolkata,22.5726,88.3639,warm_humid,3.0,3.0,2.6,90.0,aerated_concrete,0.3,gi_sheet,0.002,eps,0.15,west,1.8,1.2,0.35,1.6,34.558,37.132,0.0655,15.614
Kolkata,22.5726,88.3639,warm_humid,3.0,3.0,2.6,45.0,aerated_concrete,0.1,rcc_slab,0.1,sheep_wool,0.05,north,1.8,0.6,0.65,1.2,36.883,41.297,0.0476,15.639
Kolkata,22.5726,88.3639,warm_humid,3.0,3.0,2.6,180.0,aerated_concrete,0.2,puf_sandwich_panel,0.075,sheep_wool,0.05,west,0.9,0.6,0.55,5.8,35.116,38.146,0.0536,15.642
Kolkata,22.5726,88.3639,warm_humid,3.0,3.0,2.6,45.0,brick,0.115,mud_brick,0.15,sheep_wool,0.15,south,1.2,0.6,0.75,5.8,34.703,36.957,0.0774,15.582
Kolkata,22.5726,88.3639,warm_humid,3.0,3.0,2.6,0.0,brick,0.115,puf_sandwich_panel,0.05,xps,0.05,north,0.6,1.2,0.35,2.0,35.292,38.192,0.0655,15.601
Kolkata,22.5726,88.3639,warm_humid,3.0,3.0,2.6,0.0,gi_sheet,0.002,concrete,0.15,mineral_wool,0.1,west,1.5,0.6,0.75,3.5,35.658,39.727,0.0595,15.64
Kolkata,22.5726,88.3639,warm_humid,3.0,3.0,2.6,45.0,rammed_earth,0.3,brick,0.23,eps,0.1,north,1.2,0.6,0.45,1.6,34.04,35.979,0.1488,15.552
Kolkata,22.5726,88.3639,warm_humid,3.0,3.0,2.6,0.0,gi_sheet,0.002,brick,0.115,eps,0.1,south,1.8,0.6,0.75,3.5,35.978,40.974,0.0536,15.673
Kolkata,22.5726,88.3639,warm_humid,3.0,3.0,2.6,45.0,aerated_concrete,0.2,gi_sheet,0.002,none,0.0,south,1.5,0.6,0.35,5.8,40.263,50.421,0.0476,15.641
Kolkata,22.5726,88.3639,warm_humid,3.0,3.0,2.6,45.0,brick,0.345,stone,0.15,xps,0.05,north,1.8,1.2,0.55,1.2,36.065,38.787,0.0774,15.549
Kolkata,22.5726,88.3639,warm_humid,3.0,3.0,2.6,90.0,mud_brick,0.15,stone,0.3,eps,0.2,north,0.6,0.9,0.65,2.0,33.961,35.733,0.125,15.56
Kolkata,22.5726,88.3639,warm_humid,3.0,3.0,2.6,45.0,rammed_earth,0.15,gi_sheet,0.002,mineral_wool,0.15,east,1.5,0.6,0.55,2.0,34.898,37.145,0.0714,15.587
Kolkata,22.5726,88.3639,warm_humid,3.0,3.0,2.6,45.0,timber,0.15,gi_sheet,0.002,xps,0.1,south,1.8,1.5,0.85,1.6,36.823,42.346,0.0536,15.66
Kolkata,22.5726,88.3639,warm_humid,3.0,3.0,2.6,90.0,plywood,0.012,brick,0.115,none,0.0,north,1.2,0.9,0.85,1.2,41.204,55.848,0.2024,13.299
Kolkata,22.5726,88.3639,warm_humid,3.0,3.0,2.6,0.0,timber,0.1,rcc_slab,0.2,xps,0.1,west,1.5,0.6,0.85,2.6,34.923,37.596,0.0655,15.607
Kolkata,22.5726,88.3639,warm_humid,3.0,3.0,2.6,180.0,stone,0.3,rcc_slab,0.1,sheep_wool,0.1,north,0.6,0.9,0.45,3.5,34.071,36.152,0.1964,15.545
Kolkata,22.5726,88.3639,warm_humid,3.0,3.0,2.6,45.0,puf_sandwich_panel,0.05,concrete,0.2,eps,0.15,west,0.6,0.6,0.75,2.6,33.741,35.821,0.0714,15.631
Kolkata,22.5726,88.3639,warm_humid,3.0,3.0,2.6,45.0,aerated_concrete,0.3,mud_brick,0.15,sheep_wool,0.05,east,1.5,1.5,0.85,2.0,38.347,42.337,0.0536,15.592
Kolkata,22.5726,88.3639,warm_humid,3.0,3.0,2.6,90.0,rammed_earth,0.45,puf_sandwich_panel,0.15,eps,0.15,north,1.5,0.6,0.65,5.8,33.782,35.732,0.1964,15.547
Kolkata,22.5726,88.3639,warm_humid,3.0,3.0,2.6,180.0,aerated_concrete,0.1,timber,0.1,mineral_wool,0.05,east,0.6,1.5,0.55,5.8,35.729,40.199,0.0536,15.674
Kolkata,22.5726,88.3639,warm_humid,3.0,3.0,2.6,45.0,plywood,0.019,stone,0.3,none,0.0,north,1.2,1.5,0.45,3.5,40.563,49.447,0.0476,15.595
Kolkata,22.5726,88.3639,warm_humid,3.0,3.0,2.6,90.0,gi_sheet,0.002,puf_sandwich_panel,0.05,eps,0.1,south,0.6,0.6,0.75,2.6,35.121,40.55,0.1964,15.782
Kolkata,22.5726,88.3639,warm_humid,3.0,3.0,2.6,135.0,puf_sandwich_panel,0.05,timber,0.15,sheep_wool,0.15,north,0.6,0.9,0.85,3.5,34.809,38.51,0.1012,15.746
Kolkata,22.5726,88.3639,warm_humid,3.0,3.0,2.6,45.0,plywood,0.05,aerated_concrete,0.2,eps,0.025,south,1.2,0.6,0.85,2.0,36.636,42.647,0.0595,15.696
Kolkata,22.5726,88.3639,warm_humid,3.0,3.0,2.6,135.0,mud_brick,0.15,rcc_slab,0.1,sheep_wool,0.05,west,0.6,1.5,0.65,1.2,36.602,39.61,0.0595,15.576
Kolkata,22.5726,88.3639,warm_humid,3.0,3.0,2.6,90.0,aerated_concrete,0.2,mud_brick,0.25,sheep_wool,0.1,south,0.6,0.9,0.65,2.0,34.303,36.399,0.0774,15.591
Kolkata,22.5726,88.3639,warm_humid,3.0,3.0,2.6,0.0,gi_sheet,0.002,aerated_concrete,0.1,eps,0.15,south,1.5,1.5,0.55,2.6,36.125,42.725,0.1607,15.74
Kolkata,22.5726,88.3639,warm_humid,3.0,3.0,2.6,180.0,timber,0.2,stone,0.15,none,0.0,north,1.2,1.2,0.85,1.6,39.961,46.701,0.0536,15.596
Kolkata,22.5726,88.3639,warm_humid,3.0,3.0,2.6,45.0,puf_sandwich_panel,0.075,aerated_concrete,0.2,xps,0.05,east,0.6,0.9,0.85,1.2,35.155,39.166,0.0893,15.734
Kolkata,22.5726,88.3639,warm_humid,3.0,3.0,2.6,45.0,timber,0.15,aerated_concrete,0.1,eps,0.1,south,0.6,1.5,0.55,2.0,34.716,37.777,0.0595,15.647
Kolkata,22.5726,88.3639,warm_humid,3.0,3.0,2.6,0.0,plywood,0.05,mud_brick,0.25,sheep_wool,0.05,west,1.5,0.6,0.75,3.5,35.993,39.756,0.0595,15.619
Kolkata,22.5726,88.3639,warm_humid,3.0,3.0,2.6,0.0,stone,0.3,brick,0.115,eps,0.2,south,0.9,0.6,0.35,5.8,32.984,34.647,0.2262,15.545
Kolkata,22.5726,88.3639,warm_humid,3.0,3.0,2.6,180.0,gi_sheet,0.002,stone,0.15,none,0.0,north,1.2,1.5,0.45,2.6,40.818,55.296,0.2024,12.13
Kolkata,22.5726,88.3639,warm_humid,3.0,3.0,2.6,135.0,mud_brick,0.15,stone,0.3,eps,0.15,south,1.5,0.6,0.65,1.6,34.17,36.07,0.0893,15.56
Kolkata,22.5726,88.3639,warm_humid,3.0,3.0,2.6,45.0,stone,0.45,mud_brick,0.25,sheep_wool,0.1,north,1.5,0.6,0.85,5.8,33.84,36.262,0.2083,15.537
Kolkata,22.5726,88.3639,warm_humid,3.0,3.0,2.6,45.0,brick,0.345,timber,0.1,mineral_wool,0.05,east,0.6,1.2,0.55,1.2,34.879,37.14,0.0833,15.551
Kolkata,22.5726,88.3639,warm_humid,3.0,3.0,2.6,0.0,brick,0.23,concrete,0.2,mineral_wool,0.15,north,1.5,0.6,0.85,1.2,34.079,36.025,0.125,15.556
Kolkata,22.5726,88.3639,warm_humid,3.0,3.0,2.6,0.0,rammed_earth,0.45,aerated_concrete,0.1,eps,0.2,north,0.9,1.2,0.85,2.6,33.36,35.182,0.2143,15.547
Kolkata,22.5726,88.3639,warm_humid,3.0,3.0,2.6,135.0,gi_sheet,0.002,gi_sheet,0.002,mineral_wool,0.05,south,1.5,1.5,0.85,1.6,37.954,47.521,0.1667,15.77
Kolkata,22.5726,88.3639,warm_humid,3.0,3.0,2.6,0.0,rammed_earth,0.15,gi_sheet,0.002,eps,0.025,west,1.5,0.9,0.55,1.6,37.065,41.216,0.0595,15.59
Kolkata,22.5726,88.3639,warm_humid,3.0,3.0,2.6,135.0,gi_sheet,0.002,stone,0.3,sheep_wool,0.15,west,1.2,1.5,0.55,1.6,36.662,39.866,0.0536,15.593
Kolkata,22.5726,88.3639,warm_humid,3.0,3.0,2.6,135.0,gi_sheet,0.002,aerated_concrete,0.1,eps,0.2,east,1.8,0.9,0.75,5.8,36.303,42.385,0.0893,15.736
Kolkata,22.5726,88.3639,warm_humid,3.0,3.0,2.6,45.0,plywood,0.03,concrete,0.2,sheep_wool,0.05,west,0.6,1.5,0.65,1.6,36.285,40.433,0.0536,15.626
Kolkata,22.5726,88.3639,warm_humid,3.0,3.0,2.6,45.0,concrete,0.15,concrete,0.15,none,0.0,east,0.6,1.5,0.35,5.8,40.787,48.075,0.0476,15.566
Kolkata,22.5726,88.3639,warm_humid,3.0,3.0,2.6,45.0,puf_sandwich_panel,0.075,brick,0.23,eps,0.15,east,1.8,0.6,0.35,3.5,34.404,36.819,0.0595,15.634
Kolkata,22.5726,88.3639,warm_humid,3.0,3.0,2.6,135.0,aerated_concrete,0.2,timber,0.15,xps,0.1,west,1.2,1.2,0.85,1.6,36.66,40.154,0.0476,15.628
Kolkata,22.5726,88.3639,warm_humid,3.0,3.0,2.6,135.0,plywood,0.05,mud_brick,0.25,eps,0.15,north,1.8,0.6,0.75,5.8,35.875,38.889,0.0536,15.618
Kolkata,22.5726,88.3639,warm_humid,3.0,3.0,2.6,45.0,puf_sandwich_panel,0.1,puf_sandwich_panel,0.15,mineral_wool,0.15,east,1.8,1.5,0.65,2.6,37.63,44.402,0.119,15.788
Kolkata,22.5726,88.3639,warm_humid,3.0,3.0,2.6,45.0,brick,0.23,mud_brick,0.25,mineral_wool,0.15,north,1.5,1.5,0.65,2.6,36.083,38.679,0.0714,15.557
Kolkata,22.5726,88.3639,warm_humid,3.0,3.0,2.6,180.0,rammed_earth,0.45,rcc_slab,0.1,sheep_wool,0.05,north,0.9,0.9,0.75,2.0,34.628,36.979,0.1071,15.545
Kolkata,22.5726,88.3639,warm_humid,3.0,3.0,2.6,0.0,concrete,0.2,puf_sandwich_panel,0.15,mineral_wool,0.1,west,0.9,0.9,0.35,3.5,34.08,35.966,0.0893,15.564
Kolkata,22.5726,88.3639,warm_humid,3.0,3.0,2.6,45.0,brick,0.23,concrete,0.1,sheep_wool,0.05,west,1.5,0.6,0.45,1.2,35.539,38.042,0.0714,15.561
Kolkata,22.5726,88.3639,warm_humid,3.0,3.0,2.6,180.0,gi_sheet,0.002,stone,0.15,sheep_wool,0.1,east,0.9,1.2,0.75,1.2,36.428,40.696,0.0536,15.635
Kolkata,22.5726,88.3639,warm_humid,3.0,3.0,2.6,135.0,timber,0.15,rcc_slab,0.1,eps,0.025,west,1.8,1.5,0.35,1.6,37.602,42.479,0.0476,15.623
Kolkata,22.5726,88.3639,warm_humid,3.0,3.0,2.6,180.0,rammed_earth,0.45,rcc_slab,0.15,eps,0.15,south,0.9,1.5,0.35,2.0,33.253,35.027,0.2143,15.544
Kolkata,22.5726,88.3639,warm_humid,3.0,3.0,2.6,135.0,concrete,0.15,mud_brick,0.25,xps,0.15,south,1.5,1.5,0.45,3.5,35.045,37.322,0.0774,15.564
Kolkata,22.5726,88.3639,warm_humid,3.0,3.0,2.6,0.0,mud_brick,0.45,gi_sheet,0.002,none,0.0,west,0.9,0.6,0.85,2.6,38.965,43.086,0.0655,15.545
Kolkata,22.5726,88.3639,warm_humid,3.0,3.0,2.6,90.0,plywood,0.05,puf_sandwich_panel,0.075,none,0.0,south,1.5,0.6,0.65,3.5,37.581,46.939,0.1964,15.758
Kolkata,22.5726,88.3639,warm_humid,3.0,3.0,2.6,180.0,aerated_concrete,0.2,timber,0.15,eps,0.2,west,1.2,1.2,0.45,3.5,35.404,38.167,0.0536,15.627
Kolkata,22.5726,88.3639,warm_humid,3.0,3.0,2.6,135.0,aerated_concrete,0.3,puf_sandwich_panel,0.075,eps,0.05,south,1.5,1.2,0.45,5.8,34.92,37.783,0.0655,15.616
Kolkata,22.5726,88.3639,warm_humid,3.0,3.0,2.6,0.0,gi_sheet,0.002,brick,0.23,eps,0.2,south,1.2,0.9,0.45,5.8,34.862,37.948,0.0655,15.626
Kolkata,22.5726,88.3639,warm_humid,3.0,3.0,2.6,45.0,rammed_earth,0.3,puf_sandwich_panel,0.1,mineral_wool,0.1,east,1.5,1.2,0.85,5.8,36.3,38.988,0.0655,15.559
Kolkata,22.5726,88.3639,warm_humid,3.0,3.0,2.6,135.0,plywood,0.03,timber,0.1,mineral_wool,0.15,north,1.2,1.2,0.35,2.0,35.597,40.022,0.0833,15.72
Kolkata,22.5726,88.3639,warm_humid,3.0,3.0,2.6,180.0,concrete,0.3,rcc_slab,0.15,eps,0.2,east,0.6,1.2,0.65,1.2,33.587,35.463,0.2083,15.547
Kolkata,22.5726,88.3639,warm_humid,3.0,3.0,2.6,45.0,brick,0.345,stone,0.3,mineral_wool,0.1,south,1.5,1.5,0.35,1.2,34.068,36.184,0.1964,15.545
Kolkata,22.5726,88.3639,warm_humid,3.0,3.0,2.6,90.0,puf_sandwich_panel,0.075,gi_sheet,0.002,eps,0.15,west,0.9,0.9,0.75,3.5,34.354,38.553,0.2024,15.806
Kolkata,22.5726,88.3639,warm_humid,3.0,3.0,2.6,0.0,mud_brick,0.3,aerated_concrete,0.1,sheep_wool,0.05,north,1.2,1.2,0.65,1.2,35.24,37.621,0.0774,15.557
Kolkata,22.5726,88.3639,warm_humid,3.0,3.0,2.6,90.0,mud_brick,0.45,concrete,0.15,eps,0.025,south,1.2,1.5,0.85,3.5,35.811,38.728,0.0833,15.544
Kolkata,22.5726,88.3639,warm_humid,3.0,3.0,2.6,45.0,gi_sheet,0.002,mud_brick,0.15,mineral_wool,0.15,north,0.6,1.2,0.75,2.0,35.633,39.302,0.0536,15.649
Kolkata,22.5726,88.3639,warm_humid,3.0,3.0,2.6,180.0,aerated_concrete,0.2,mud_brick,0.15,eps,0.1,west,0.6,0.6,0.85,5.8,34.82,37.125,0.0655,15.605
Kolkata,22.5726,88.3639,warm_humid,3.0,3.0,2.6,180.0,gi_sheet,0.002,brick,0.23,eps,0.1,west,0.9,0.9,0.55,1.2,36.556,40.319,0.0476,15.628
Kolkata,22.5726,88.3639,warm_humid,3.0,3.0,2.6,0.0,aerated_concrete,0.1,timber,0.1,sheep_wool,0.05,south,0.9,0.9,0.85,5.8,36.002,40.828,0.0536,15.677
Kolkata,22.5726,88.3639,warm_humid,3.0,3.0,2.6,0.0,mud_brick,0.15,puf_sandwich_panel,0.15,sheep_wool,0.15,north,1.5,0.9,0.85,2.0,34.925,37.325,0.0714,15.587
Kolkata,22.5726,88.3639,warm_humid,3.0,3.0,2.6,135.0,timber,0.15,gi_sheet,0.002,none,0.0,north,0.9,1.2,0.65,1.6,40.937,52.45,0.0595,15.659
Kolkata,22.5726,88.3639,warm_humid,3.0,3.0,2.6,90.0,timber,0.15,timber,0.1,mineral_wool,0.05,east,0.9,0.9,0.55,3.5,35.237,38.72,0.0595,15.645
Kolkata,22.5726,88.3639,warm_humid,3.0,3.0,2.6,135.0,timber,0.15,stone,0.3,eps,0.05,north,1.8,0.9,0.35,3.5,35.746,38.384,0.0655,15.579
Kolkata,22.5726,88.3639,warm_humid,3.0,3.0,2.6,180.0,aerated_concrete,0.3,stone,0.3,eps,0.1,north,0.6,0.6,0.45,3.5,33.619,35.268,0.125,15.568
Kolkata,22.5726,88.3639,warm_humid,3.0,3.0,2.6,0.0,mud_brick,0.3,mud_brick,0.25,xps,0.15,north,0.9,1.5,0.85,5.8,34.015,36.033,0.1726,15.551
Kolkata,22.5726,88.3639,warm_humid,3.0,3.0,2.6,45.0,puf_sandwich_panel,0.05,aerated_concrete,0.1,mineral_wool,0.15,east,1.2,1.2,0.45,3.5,35.314,39.669,0.1071,15.75
Kolkata,22.5726,88.3639,warm_humid,3.0,3.0,2.6,0.0,puf_sandwich_panel,0.05,aerated_concrete,0.2,eps,0.2,south,1.8,0.6,0.45,1.2,34.127,37.556,0.1369,15.728
Kolkata,22.5726,88.3639,warm_humid,3.0,3.0,2.6,90.0,aerated_concrete,0.2,gi_sheet,0.002,mineral_wool,0.05,east,1.2,1.2,0.45,2.6,35.688,39.581,0.0595,15.641
Kolkata,22.5726,88.3639,warm_humid,3.0,3.0,2.6,45.0,gi_sheet,0.002,puf_sandwich_panel,0.15,sheep_wool,0.15,west,1.8,1.2,0.55,5.8,35.774,42.486,0.2024,15.779
Kolkata,22.5726,88.3639,warm_humid,3.0,3.0,2.6,180.0,timber,0.1,gi_sheet,0.002,eps,0.1,north,1.2,0.6,0.45,3.5,34.844,38.456,0.0595,15.687
Kolkata,22.5726,88.3639,warm_humid,3.0,3.0,2.6,180.0,timber,0.1,mud_brick,0.25,xps,0.15,north,1.2,1.2,0.35,1.2,34.454,36.783,0.0714,15.605
Kolkata,22.5726,88.3639,warm_humid,3.0,3.0,2.6,45.0,gi_sheet,0.002,brick,0.23,eps,0.025,west,1.8,0.9,0.85,2.0,37.974,44.443,0.0476,15.629
Kolkata,22.5726,88.3639,warm_humid,3.0,3.0,2.6,90.0,brick,0.345,rcc_slab,0.25,sheep_wool,0.05,west,1.8,0.6,0.75,5.8,34.952,37.394,0.0893,15.546
Kolkata,22.5726,88.3639,warm_humid,3.0,3.0,2.6,135.0,mud_brick,0.3,concrete,0.1,eps,0.025,north,0.9,0.9,0.45,2.0,36.188,38.933,0.0714,15.554
Kolkata,22.5726,88.3639,warm_humid,3.0,3.0,2.6,180.0,puf_sandwich_panel,0.05,timber,0.15,sheep_wool,0.1,south,1.5,1.5,0.85,1.6,36.245,42.267,0.0893,15.749
Kolkata,22.5726,88.3639,warm_humid,3.0,3.0,2.6,135.0,brick,0.115,aerated_concrete,0.2,mineral_wool,0.1,south,1.8,1.2,0.55,5.8,35.888,38.985,0.0595,15.593
Kolkata,22.5726,88.3639,warm_humid,3.0,3.0,2.6,90.0,stone,0.45,mud_brick,0.15,eps,0.05,north,1.8,1.5,0.75,5.8,36.866,40.442,0.0774,15.539
Kolkata,22.5726,88.3639,warm_humid,3.0,3.0,2.6,45.0,aerated_concrete,0.1,rcc_slab,0.15,eps,0.05,west,0.9,1.2,0.45,1.2,35.767,39.349,0.0595,15.622
Kolkata,22.5726,88.3639,warm_humid,3.0,3.0,2.6,135.0,rammed_earth,0.45,mud_brick,0.25,eps,0.2,west,0.6,1.2,0.45,2.6,32.96,34.696,0.2262,15.543
Kolkata,22.5726,88.3639,warm_humid,3.0,3.0,2.6,0.0,gi_sheet,0.002,puf_sandwich_panel,0.15,eps,0.15,west,0.6,1.2,0.45,1.6,34.819,39.933,0.2143,15.775
Kolkata,22.5726,88.3639,warm_humid,3.0,3.0,2.6,180.0,stone,0.3,puf_sandwich_panel,0.075,none,0.0,east,0.6,0.9,0.65,2.6,37.877,41.615,0.0595,15.547
Kolkata,22.5726,88.3639,warm_humid,3.0,3.0,2.6,0.0,mud_brick,0.45,puf_sandwich_panel,0.1,sheep_wool,0.1,north,1.2,1.5,0.55,3.5,33.797,35.773,0.2024,15.546
Kolkata,22.5726,88.3639,warm_humid,3.0,3.0,2.6,45.0,timber,0.1,timber,0.1,sheep_wool,0.05,east,1.2,1.2,0.55,2.6,36.758,41.738,0.0476,15.674
Kolkata,22.5726,88.3639,warm_humid,3.0,3.0,2.6,0.0,mud_brick,0.3,brick,0.115,eps,0.025,east,1.5,1.2,0.65,3.5,37.571,40.849,0.0595,15.555
Kolkata,22.5726,88.3639,warm_humid,3.0,3.0,2.6,0.0,puf_sandwich_panel,0.15,brick,0.115,sheep_wool,0.05,north,0.9,1.2,0.65,3.5,35.282,39.237,0.0536,15.686
Kolkata,22.5726,88.3639,warm_humid,3.0,3.0,2.6,135.0,puf_sandwich_panel,0.075,stone,0.15,mineral_wool,0.15,west,0.6,1.2,0.65,2.6,34.534,36.938,0.0595,15.636
Kolkata,22.5726,88.3639,warm_humid,3.0,3.0,2.6,0.0,timber,0.15,stone,0.15,eps,0.2,south,1.5,1.2,0.45,2.0,34.53,36.938,0.0714,15.603
Kolkata,22.5726,88.3639,warm_humid,3.0,3.0,2.6,180.0,mud_brick,0.45,stone,0.15,none,0.0,east,1.5,1.5,0.65,1.6,38.741,42.742,0.0655,15.544
Kolkata,22.5726,88.3639,warm_humid,3.0,3.0,2.6,135.0,aerated_concrete,0.1,gi_sheet,0.002,xps,0.15,south,1.8,0.6,0.45,3.5,34.611,38.065,0.0655,15.689
Kolkata,22.5726,88.3639,warm_humid,3.0,3.0,2.6,90.0,puf_sandwich_panel,0.075,puf_sandwich_panel,0.15,mineral_wool,0.05,west,1.2,1.2,0.85,3.5,35.189,40.643,0.1726,15.818
Kolkata,22.5726,88.3639,warm_humid,3.0,3.0,2.6,45.0,plywood,0.03,mud_brick,0.25,eps,0.05,north,0.6,1.2,0.35,3.5,35.89,39.49,0.0536,15.624
Kolkata,22.5726,88.3639,warm_humid,3.0,3.0,2.6,90.0,plywood,0.019,brick,0.115,mineral_wool,0.1,east,0.9,0.6,0.35,5.8,34.983,38.69,0.0595,15.673
Kolkata,22.5726,88.3639,warm_humid,3.0,3.0,2.6,0.0,concrete,0.2,stone,0.3,none,0.0,west,1.2,1.2,0.55,2.0,39.868,45.201,0.0536,15.551
Kolkata,22.5726,88.3639,warm_humid,3.0,3.0,2.6,0.0,aerated_concrete,0.1,puf_sandwich_panel,0.15,sheep_wool,0.1,east,1.5,1.2,0.45,5.8,36.304,40.878,0.0476,15.698
Kolkata,22.5726,88.3639,warm_humid,3.0,3.0,2.6,180.0,rammed_earth,0.45,timber,0.1,mineral_wool,0.15,west,0.6,0.9,0.35,1.2,33.116,34.804,0.2202,15.546
Kolkata,22.5726,88.3639,warm_humid,3.0,3.0,2.6,90.0,stone,0.3,rcc_slab,0.2,xps,0.1,south,0.6,0.6,0.45,3.5,33.309,35.141,0.2143,15.543
Kolkata,22.5726,88.3639,warm_humid,3.0,3.0,2.6,135.0,mud_brick,0.3,concrete,0.15,eps,0.15,west,0.9,1.5,0.35,2.0,34.095,36.021,0.1429,15.552
Kolkata,22.5726,88.3639,warm_humid,3.0,3.0,2.6,135.0,concrete,0.3,brick,0.23,eps,0.025,east,0.6,1.2,0.85,1.2,36.185,39.04,0.0774,15.547
Kolkata,22.5726,88.3639,warm_humid,3.0,3.0,2.6,90.0,timber,0.2,stone,0.3,mineral_wool,0.15,south,0.9,0.9,0.75,1.6,33.919,35.724,0.0893,15.573
Kolkata,22.5726,88.3639,warm_humid,3.0,3.0,2.6,45.0,aerated_concrete,0.3,mud_brick,0.25,eps,0.05,east,1.8,0.6,0.55,5.8,35.514,37.977,0.0655,15.581
Kolkata,22.5726,88.3639,warm_humid,3.0,3.0,2.6,135.0,rammed_earth,0.3,rcc_slab,0.15,eps,0.15,east,1.5,0.9,0.55,5.8,34.074,36.047,0.125,15.554
Kolkata,22.5726,88.3639,warm_humid,3.0,3.0,2.6,90.0,brick,0.345,brick,0.23,sheep_wool,0.1,west,1.2,1.5,0.75,3.5,34.702,37.028,0.0893,15.548
Kolkata,22.5726,88.3639,warm_humid,3.0,3.0,2.6,135.0,brick,0.23,gi_sheet,0.002,mineral_wool,0.15,west,1.2,0.9,0.55,5.8,34.907,37.016,0.0774,15.565
Kolkata,22.5726,88.3639,warm_humid,3.0,3.0,2.6,45.0,mud_brick,0.15,mud_brick,0.25,xps,0.1,south,1.8,0.6,0.45,1.2,34.469,36.52,0.0833,15.568
Kolkata,22.5726,88.3639,warm_humid,3.0,3.0,2.6,180.0,brick,0.345,aerated_concrete,0.1,eps,0.15,west,0.9,1.2,0.55,1.6,34.556,36.663,0.1012,15.552
Kolkata,22.5726,88.3639,warm_humid,3.0,3.0,2.6,45.0,gi_sheet,0.002,gi_sheet,0.002,mineral_wool,0.05,west,1.8,0.9,0.45,1.2,36.694,44.708,0.1905,15.769
Kolkata,22.5726,88.3639,warm_humid,3.0,3.0,2.6,135.0,stone,0.15,rcc_slab,0.2,sheep_wool,0.15,south,1.5,0.6,0.85,1.2,34.806,36.967,0.0833,15.559
Kolkata,22.5726,88.3639,warm_humid,3.0,3.0,2.6,90.0,puf_sandwich_panel,0.15,rcc_slab,0.25,eps,0.1,east,1.2,1.5,0.45,2.6,34.658,37.273,0.0655,15.615
Kolkata,22.5726,88.3639,warm_humid,3.0,3.0,2.6,135.0,timber,0.2,mud_brick,0.25,mineral_wool,0.15,west,0.9,0.6,0.55,1.2,34.071,35.863,0.0774,15.587
Kolkata,22.5726,88.3639,warm_humid,3.0,3.0,2.6,0.0,plywood,0.05,puf_sandwich_panel,0.05,sheep_wool,0.1,east,0.9,0.6,0.85,1.6,35.642,40.382,0.1012,15.753
Kolkata,22.5726,88.3639,warm_humid,3.0,3.0,2.6,135.0,rammed_earth,0.45,concrete,0.2,sheep_wool,0.15,east,0.9,0.9,0.45,1.2,33.086,34.86,0.2262,15.543
Kolkata,22.5726,88.3639,warm_humid,3.0,3.0,2.6,45.0,stone,0.45,stone,0.3,mineral_wool,0.15,north,1.8,1.5,0.45,1.6,34.169,36.708,0.1964,15.537
Kolkata,22.5726,88.3639,warm_humid,3.0,3.0,2.6,135.0,stone,0.45,gi_sheet,0.002,eps,0.15,south,0.9,1.5,0.45,1.6,33.233,35.212,0.2262,15.539
Kolkata,22.5726,88.3639,warm_humid,3.0,3.0,2.6,0.0,stone,0.15,brick,0.23,eps,0.05,south,1.2,1.2,0.55,5.8,35.83,38.504,0.0714,15.56
Kolkata,22.5726,88.3639,warm_humid,3.0,3.0,2.6,135.0,plywood,0.012,rcc_slab,0.2,eps,0.15,east,0.9,0.9,0.55,2.6,35.121,38.148,0.0595,15.629
Kolkata,22.5726,88.3639,warm_humid,3.0,3.0,2.6,45.0,stone,0.15,aerated_concrete,0.1,sheep_wool,0.15,north,1.2,1.5,0.45,1.2,35.518,37.924,0.0655,15.57
Kolkata,22.5726,88.3639,warm_humid,3.0,3.0,2.6,135.0,puf_sandwich_panel,0.05,mud_brick,0.15,sheep_wool,0.1,north,1.5,0.6,0.35,2.0,34.784,37.914,0.0595,15.669
Kolkata,22.5726,88.3639,warm_humid,3.0,3.0,2.6,90.0,stone,0.45,timber,0.1,mineral_wool,0.15,north,0.6,1.2,0.45,1.2,33.009,34.933,0.2321,15.538
Kolkata,22.5726,88.3639,warm_humid,3.0,3.0,2.6,45.0,brick,0.23,mud_brick,0.25,sheep_wool,0.15,east,1.8,1.2,0.55,2.0,35.764,38.257,0.0714,15.557
Kolkata,22.5726,88.3639,warm_humid,3.0,3.0,2.6,45.0,rammed_earth,0.45,concrete,0.15,eps,0.15,north,1.5,1.2,0.45,1.6,34.138,36.278,0.1905,15.545
Kolkata,22.5726,88.3639,warm_humid,3.0,3.0,2.6,0.0,puf_sandwich_panel,0.075,stone,0.15,xps,0.05,west,1.8,1.2,0.75,3.5,36.194,40.633,0.0595,15.643
Kolkata,22.5726,88.3639,warm_humid,3.0,3.0,2.6,45.0,brick,0.115,mud_brick,0.25,sheep_wool,0.15,south,1.2,0.9,0.75,1.2,34.893,37.173,0.0774,15.575
Kolkata,22.5726,88.3639,warm_humid,3.0,3.0,2.6,45.0,brick,0.23,gi_sheet,0.002,eps,0.05,east,0.9,0.6,0.75,3.5,35.748,38.287,0.0714,15.566
Kolkata,22.5726,88.3639,warm_humid,3.0,3.0,2.6,135.0,mud_brick,0.15,timber,0.15,eps,0.05,west,0.9,1.2,0.85,1.6,36.775,39.866,0.0595,15.582
Kolkata,22.5726,88.3639,warm_humid,3.0,3.0,2.6,135.0,concrete,0.15,rcc_slab,0.25,sheep_wool,0.15,west,0.6,0.9,0.75,1.2,34.835,36.938,0.0833,15.56
Kolkata,22.5726,88.3639,warm_humid,3.0,3.0,2.6,180.0,gi_sheet,0.002,brick,0.115,eps,0.2,east,0.6,1.5,0.85,2.6,35.914,40.165,0.0536,15.67
Kolkata,22.5726,88.3639,warm_humid,3.0,3.0,2.6,0.0,puf_sandwich_panel,0.15,brick,0.115,eps,0.025,north,0.6,1.2,0.55,1.6,35.595,39.839,0.0536,15.686
Kolkata,22.5726,88.3639,warm_humid,3.0,3.0,2.6,0.0,aerated_concrete,0.2,concrete,0.2,xps,0.1,north,1.5,1.2,0.45,2.6,34.803,37.234,0.0714,15.593
Kolkata,22.5726,88.3639,warm_humid,3.0,3.0,2.6,135.0,puf_sandwich_panel,0.15,timber,0.15,sheep_wool,0.1,east,0.6,1.2,0.35,1.2,33.895,37.13,0.1726,15.74
Kolkata,22.5726,88.3639,warm_humid,3.0,3.0,2.6,0.0,plywood,0.019,timber,0.15,mineral_wool,0.1,east,1.8,1.2,0.55,3.5,37.631,43.89,0.0595,15.722
Kolkata,22.5726,88.3639,warm_humid,3.0,3.0,2.6,135.0,timber,0.2,concrete,0.1,mineral_wool,0.1,west,1.2,0.6,0.65,2.6,35.027,37.468,0.0595,15.606
Kolkata,22.5726,88.3639,warm_humid,3.0,3.0,2.6,180.0,concrete,0.3,gi_sheet,0.002,none,0.0,north,0.9,1.2,0.65,3.5,40.276,45.855,0.0536,15.551
Kolkata,22.5726,88.3639,warm_humid,3.0,3.0,2.6,90.0,mud_brick,0.15,mud_brick,0.25,mineral_wool,0.15,north,0.9,1.5,0.65,3.5,35.702,38.119,0.0655,15.567
Kolkata,22.5726,88.3639,warm_humid,3.0,3.0,2.6,45.0,gi_sheet,0.002,brick,0.115,xps,0.05,east,1.5,0.6,0.85,1.2,37.332,43.295,0.0476,15.674
Kolkata,22.5726,88.3639,warm_humid,3.0,3.0,2.6,180.0,gi_sheet,0.002,mud_brick,0.15,sheep_wool,0.1,south,1.5,1.2,0.45,2.6,36.454,41.219,0.0476,15.657
Kolkata,22.5726,88.3639,warm_humid,3.0,3.0,2.6,0.0,stone,0.3,concrete,0.1,eps,0.025,north,1.8,1.2,0.85,1.6,36.876,39.995,0.0714,15.546
Kolkata,22.5726,88.3639,warm_humid,3.0,3.0,2.6,45.0,puf_sandwich_panel,0.05,timber,0.15,xps,0.15,south,1.5,0.9,0.35,1.2,34.256,38.066,0.1667,15.742
Kolkata,22.5726,88.3639,warm_humid,3.0,3.0,2.6,90.0,brick,0.345,mud_brick,0.25,eps,0.025,west,1.8,0.6,0.85,3.5,35.673,38.354,0.0833,15.547
Kolkata,22.5726,88.3639,warm_humid,3.0,3.0,2.6,180.0,plywood,0.012,puf_sandwich_panel,0.1,eps,0.15,south,0.6,0.9,0.45,3.5,35.004,39.733,0.1786,15.805
Kolkata,22.5726,88.3639,warm_humid,3.0,3.0,2.6,45.0,puf_sandwich_panel,0.1,gi_sheet,0.002,xps,0.15,west,0.9,0.6,0.55,2.6,33.785,37.301,0.2381,15.798
Kolkata,22.5726,88.3639,warm_humid,3.0,3.0,2.6,45.0,puf_sandwich_panel,0.05,timber,0.1,eps,0.05,west,1.5,1.5,0.65,5.8,36.083,42.803,0.1667,15.775
Kolkata,22.5726,88.3639,warm_humid,3.0,3.0,2.6,180.0,mud_brick,0.3,stone,0.15,eps,0.15,west,0.6,1.2,0.45,2.6,33.828,35.683,0.1964,15.551
Kolkata,22.5726,88.3639,warm_humid,3.0,3.0,2.6,90.0,concrete,0.1,rcc_slab,0.25,sheep_wool,0.05,east,1.8,0.9,0.35,2.0,36.143,39.132,0.0655,15.571
Kolkata,22.5726,88.3639,warm_humid,3.0,3.0,2.6,45.0,mud_brick,0.15,timber,0.1,eps,0.1,west,0.9,0.9,0.65,5.8,34.699,36.956,0.0714,15.583
Kolkata,22.5726,88.3639,warm_humid,3.0,3.0,2.6,45.0,mud_brick,0.45,mud_brick,0.15,sheep_wool,0.05,east,0.9,0.6,0.75,2.0,34.375,36.693,0.1905,15.543
Kolkata,22.5726,88.3639,warm_humid,3.0,3.0,2.6,180.0,brick,0.345,aerated_concrete,0.2,xps,0.1,west,1.8,0.6,0.65,2.6,34.941,37.211,0.0833,15.551
Kolkata,22.5726,88.3639,warm_humid,3.0,3.0,2.6,135.0,timber,0.2,concrete,0.1,eps,0.2,west,0.6,1.5,0.35,2.0,34.151,36.142,0.0714,15.607
Kolkata,22.5726,88.3639,warm_humid,3.0,3.0,2.6,180.0,aerated_concrete,0.1,stone,0.3,sheep_wool,0.05,east,0.9,0.9,0.55,2.6,35.587,38.36,0.0655,15.585
Kolkata,22.5726,88.3639,warm_humid,3.0,3.0,2.6,180.0,stone,0.15,timber,0.1,eps,0.025,north,0.6,0.9,0.55,2.0,36.669,39.844,0.0595,15.568
Kolkata,22.5726,88.3639,warm_humid,3.0,3.0,2.6,0.0,aerated_concrete,0.2,stone,0.15,sheep_wool,0.05,north,0.9,0.6,0.85,2.0,35.324,38.064,0.0655,15.596
Kolkata,22.5726,88.3639,warm_humid,3.0,3.0,2.6,0.0,rammed_earth,0.15,puf_sandwich_panel,0.075,xps,0.15,north,1.2,0.9,0.35,1.6,34.07,36.087,0.0774,15.589
Kolkata,22.5726,88.3639,warm_humid,3.0,3.0,2.6,135.0,concrete,0.15,stone,0.15,eps,0.05,east,0.9,0.9,0.65,3.5,36.024,38.722,0.0714,15.564
Kolkata,22.5726,88.3639,warm_humid,3.0,3.0,2.6,45.0,plywood,0.012,gi_sheet,0.002,eps,0.025,east,1.2,0.9,0.65,5.8,38.373,48.576,0.2083,15.805
Kolkata,22.5726,88.3639,warm_humid,3.0,3.0,2.6,0.0,timber,0.1,brick,0.23,eps,0.025,west,0.6,1.5,0.85,3.5,36.656,40.719,0.0595,15.609
Kolkata,22.5726,88.3639,warm_humid,3.0,3.0,2.6,45.0,gi_sheet,0.002,concrete,0.15,eps,0.15,east,1.5,1.5,0.45,5.8,36.593,41.022,0.0536,15.643
Kolkata,22.5726,88.3639,warm_humid,3.0,3.0,2.6,0.0,rammed_earth,0.45,aerated_concrete,0.1,eps,0.1,west,1.5,1.2,0.35,5.8,33.767,35.722,0.2024,15.547
Kolkata,22.5726,88.3639,warm_humid,3.0,3.0,2.6,135.0,timber,0.1,concrete,0.2,sheep_wool,0.15,north,0.6,0.9,0.45,2.0,34.449,36.628,0.0655,15.606
Kolkata,22.5726,88.3639,warm_humid,3.0,3.0,2.6,45.0,mud_brick,0.45,timber,0.15,sheep_wool,0.05,south,0.6,0.9,0.55,2.6,33.803,35.82,0.2024,15.545
Kolkata,22.5726,88.3639,warm_humid,3.0,3.0,2.6,135.0,aerated_concrete,0.2,gi_sheet,0.002,xps,0.1,north,1.8,1.2,0.55,5.8,36.762,40.825,0.0476,15.643
Kolkata,22.5726,88.3639,warm_humid,3.0,3.0,2.6,135.0,aerated_concrete,0.2,mud_brick,0.15,eps,0.025,north,1.2,1.5,0.65,3.5,37.794,42.129,0.0536,15.607
Kolkata,22.5726,88.3639,warm_humid,3.0,3.0,2.6,0.0,timber,0.2,gi_sheet,0.002,mineral_wool,0.15,south,1.5,0.6,0.55,5.8,34.28,36.768,0.0655,15.63
Kolkata,22.5726,88.3639,warm_humid,3.0,3.0,2.6,0.0,aerated_concrete,0.1,rcc_slab,0.1,none,0.0,north,1.5,0.9,0.55,5.8,40.433,50.886,0.0476,15.64
Kolkata,22.5726,88.3639,warm_humid,3.0,3.0,2.6,45.0,timber,0.15,gi_sheet,0.002,sheep_wool,0.05,south,1.2,1.5,0.35,2.6,35.892,40.447,0.0536,15.66
Kolkata,22.5726,88.3639,warm_humid,3.0,3.0,2.6,135.0,concrete,0.1,mud_brick,0.25,mineral_wool,0.05,west,0.6,1.5,0.75,1.6,36.845,39.912,0.0595,15.573
Kolkata,22.5726,88.3639,warm_humid,3.0,3.0,2.6,0.0,puf_sandwich_panel,0.075,gi_sheet,0.002,eps,0.05,east,0.9,1.2,0.55,5.8,36.234,42.178,0.1667,15.817
Kolkata,22.5726,88.3639,warm_humid,3.0,3.0,2.6,90.0,rammed_earth,0.3,gi_sheet,0.002,eps,0.1,east,1.5,0.9,0.45,1.2,34.342,36.341,0.0893,15.559
Kolkata,22.5726,88.3639,warm_humid,3.0,3.0,2.6,0.0,puf_sandwich_panel,0.05,aerated_concrete,0.2,xps,0.15,east,1.2,0.6,0.85,3.5,35.369,39.12,0.0714,15.728
Kolkata,22.5726,88.3639,warm_humid,3.0,3.0,2.6,45.0,gi_sheet,0.002,gi_sheet,0.002,mineral_wool,0.15,south,1.8,0.6,0.75,1.2,35.586,41.388,0.1607,15.748
Kolkata,22.5726,88.3639,warm_humid,3.0,3.0,2.6,180.0,timber,0.2,mud_brick,0.15,xps,0.15,west,1.2,0.9,0.55,5.8,35.195,37.577,0.0595,15.603
Kolkata,22.5726,88.3639,warm_humid,3.0,3.0,2.6,135.0,brick,0.345,brick,0.23,eps,0.2,south,1.2,0.9,0.55,3.5,33.39,35.19,0.2143,15.548
Kolkata,22.5726,88.3639,warm_humid,3.0,3.0,2.6,45.0,puf_sandwich_panel,0.1,stone,0.3,sheep_wool,0.05,east,0.6,1.2,0.45,2.0,34.837,37.15,0.0655,15.596
Kolkata,22.5726,88.3639,warm_humid,3.0,3.0,2.6,135.0,mud_brick,0.3,concrete,0.2,eps,0.025,south,0.9,0.9,0.75,2.0,35.866,38.553,0.0774,15.551
Kolkata,22.5726,88.3639,warm_humid,3.0,3.0,2.6,90.0,stone,0.15,puf_sandwich_panel,0.075,xps,0.05,north,1.8,1.2,0.45,2.6,36.66,39.645,0.0595,15.572
Kolkata,22.5726,88.3639,warm_humid,3.0,3.0,2.6,90.0,plywood,0.05,aerated_concrete,0.1,mineral_wool,0.15,south,1.2,1.5,0.55,2.0,35.312,40.035,0.0714,15.706
Kolkata,22.5726,88.3639,warm_humid,3.0,3.0,2.6,135.0,mud_brick,0.45,timber,0.15,sheep_wool,0.15,west,1.8,0.6,0.65,3.5,33.924,36.022,0.1964,15.545
Kolkata,22.5726,88.3639,warm_humid,3.0,3.0,2.6,135.0,gi_sheet,0.002,aerated_concrete,0.2,sheep_wool,0.05,east,1.2,0.6,0.45,5.8,36.602,42.795,0.0952,15.712
Kolkata,22.5726,88.3639,warm_humid,3.0,3.0,2.6,45.0,brick,0.345,puf_sandwich_panel,0.15,sheep_wool,0.1,south,0.6,1.2,0.45,1.2,33.573,35.349,0.2024,15.552
Kolkata,22.5726,88.3639,warm_humid,3.0,3.0,2.6,135.0,plywood,0.03,concrete,0.2,none,0.0,south,1.2,0.6,0.55,1.6,40.303,50.412,0.0476,15.626
Kolkata,22.5726,88.3639,warm_humid,3.0,3.0,2.6,135.0,concrete,0.15,rcc_slab,0.25,xps,0.15,east,1.8,1.5,0.85,2.0,36.293,39.174,0.0714,15.562
Kolkata,22.5726,88.3639,warm_humid,3.0,3.0,2.6,0.0,mud_brick,0.45,timber,0.15,xps,0.15,south,0.6,0.6,0.75,5.8,32.652,34.211,0.2857,15.544
Kolkata,22.5726,88.3639,warm_humid,3.0,3.0,2.6,45.0,puf_sandwich_panel,0.1,concrete,0.2,eps,0.15,west,0.9,0.6,0.75,2.0,33.777,35.875,0.0714,15.63
Kolkata,22.5726,88.3639,warm_humid,3.0,3.0,2.6,135.0,aerated_concrete,0.3,stone,0.3,sheep_wool,0.05,west,1.5,1.5,0.35,1.6,35.861,38.426,0.0655,15.57
Kolkata,22.5726,88.3639,warm_humid,3.0,3.0,2.6,0.0,gi_sheet,0.002,puf_sandwich_panel,0.075,xps,0.05,north,0.9,0.9,0.55,5.8,35.859,42.629,0.2024,15.785
Kolkata,22.5726,88.3639,warm_humid,3.0,3.0,2.6,45.0,puf_sandwich_panel,0.15,mud_brick,0.25,eps,0.15,east,0.9,1.2,0.45,2.0,34.471,36.796,0.0655,15.627
Kolkata,22.5726,88.3639,warm_humid,3.0,3.0,2.6,90.0,rammed_earth,0.3,rcc_slab,0.15,none,0.0,south,1.8,0.6,0.55,3.5,39.227,43.745,0.0595,15.554
Kolkata,22.5726,88.3639,warm_humid,3.0,3.0,2.6,45.0,mud_brick,0.3,stone,0.15,mineral_wool,0.05,west,1.2,0.6,0.65,1.6,34.684,36.922,0.0893,15.551
Kolkata,22.5726,88.3639,warm_humid,3.0,3.0,2.6,180.0,timber,0.15,brick,0.115,xps,0.1,south,1.5,1.5,0.65,5.8,35.8,39.303,0.0595,15.623
Kolkata,22.5726,88.3639,warm_humid,3.0,3.0,2.6,180.0,stone,0.15,aerated_concrete,0.1,sheep_wool,0.1,south,1.8,0.6,0.45,1.6,35.274,37.607,0.0714,15.569
Kolkata,22.5726,88.3639,warm_humid,3.0,3.0,2.6,180.0,rammed_earth,0.15,timber,0.1,xps,0.05,east,0.6,1.2,0.35,1.6,35.41,38.071,0.0655,15.586
Kolkata,22.5726,88.3639,warm_humid,3.0,3.0,2.6,90.0,plywood,0.012,mud_brick,0.25,xps,0.1,west,0.6,0.6,0.45,5.8,34.689,37.487,0.0655,15.627
Kolkata,22.5726,88.3639,warm_humid,3.0,3.0,2.6,45.0,brick,0.115,concrete,0.2,eps,0.15,east,0.6,1.2,0.65,5.8,34.872,37.013,0.0714,15.575
Kolkata,22.5726,88.3639,warm_humid,3.0,3.0,2.6,135.0,gi_sheet,0.002,brick,0.23,eps,0.025,south,0.9,1.5,0.65,2.6,37.925,44.059,0.0476,15.629
Kolkata,22.5726,88.3639,warm_humid,3.0,3.0,2.6,135.0,puf_sandwich_panel,0.15,stone,0.15,eps,0.05,south,0.9,0.9,0.65,2.6,34.73,37.659,0.0655,15.641
Kolkata,22.5726,88.3639,warm_humid,3.0,3.0,2.6,45.0,aerated_concrete,0.3,mud_brick,0.15,xps,0.05,south,1.8,0.9,0.35,1.6,35.082,37.683,0.0714,15.592
Kolkata,22.5726,88.3639,warm_humid,3.0,3.0,2.6,0.0,timber,0.2,brick,0.115,mineral_wool,0.15,west,1.2,1.5,0.55,2.0,34.871,37.576,0.0714,15.607
Kolkata,22.5726,88.3639,warm_humid,3.0,3.0,2.6,0.0,concrete,0.1,brick,0.23,none,0.0,south,1.8,1.5,0.45,2.0,40.313,48.411,0.0476,15.577
Kolkata,22.5726,88.3639,warm_humid,3.0,3.0,2.6,135.0,timber,0.1,gi_sheet,0.002,mineral_wool,0.15,east,0.9,1.2,0.55,2.6,34.784,38.277,0.0595,15.677
Kolkata,22.5726,88.3639,warm_humid,3.0,3.0,2.6,135.0,brick,0.23,brick,0.23,xps,0.05,south,1.5,1.2,0.85,1.6,36.095,38.847,0.0714,15.558
Kolkata,22.5726,88.3639,warm_humid,3.0,3.0,2.6,180.0,timber,0.2,concrete,0.1,eps,0.05,north,1.8,0.9,0.35,5.8,35.501,38.659,0.0595,15.61
Kolkata,22.5726,88.3639,warm_humid,3.0,3.0,2.6,180.0,concrete,0.15,timber,0.1,xps,0.1,west,0.6,0.6,0.55,2.6,35.08,37.269,0.0714,15.574
Kolkata,22.5726,88.3639,warm_humid,3.0,3.0,2.6,45.0,concrete,0.2,aerated_concrete,0.1,eps,0.025,east,1.8,1.5,0.65,2.6,38.513,42.44,0.0536,15.566
Kolkata,22.5726,88.3639,warm_humid,3.0,3.0,2.6,135.0,mud_brick,0.15,puf_sandwich_panel,0.15,sheep_wool,0.15,north,0.6,1.2,0.55,2.6,34.707,36.783,0.0714,15.586
Kolkata,22.5726,88.3639,warm_humid,3.0,3.0,2.6,0.0,timber,0.2,stone,0.15,mineral_wool,0.05,south,1.5,1.5,0.75,3.5,36.504,40.088,0.0595,15.596
Kolkata,22.5726,88.3639,warm_humid,3.0,3.0,2.6,180.0,gi_sheet,0.002,rcc_slab,0.2,eps,0.05,east,1.5,1.5,0.75,3.5,37.761,43.427,0.0536,15.626
Kolkata,22.5726,88.3639,warm_humid,3.0,3.0,2.6,135.0,mud_brick,0.3,concrete,0.2,mineral_wool,0.15,west,1.2,1.5,0.35,2.0,34.349,36.387,0.119,15.551
Kolkata,22.5726,88.3639,warm_humid,3.0,3.0,2.6,0.0,gi_sheet,0.002,mud_brick,0.15,sheep_wool,0.1,east,1.5,1.2,0.85,1.2,38.579,44.454,0.0476,15.657
Kolkata,22.5726,88.3639,warm_humid,3.0,3.0,2.6,45.0,brick,0.115,gi_sheet,0.002,sheep_wool,0.1,west,0.9,1.2,0.45,5.8,35.238,38.074,0.0655,15.6
Kolkata,22.5726,88.3639,warm_humid,3.0,3.0,2.6,90.0,mud_brick,0.3,brick,0.115,xps,0.1,south,0.9,1.5,0.35,5.8,33.966,35.883,0.1429,15.554
Kolkata,22.5726,88.3639,warm_humid,3.0,3.0,2.6,45.0,concrete,0.1,aerated_concrete,0.2,eps,0.15,west,1.5,0.6,0.65,1.6,34.716,37.115,0.0714,15.59
Kolkata,22.5726,88.3639,warm_humid,3.0,3.0,2.6,180.0,stone,0.3,mud_brick,0.25,none,0.0,north,1.2,1.2,0.75,1.2,38.718,42.779,0.0595,15.544
Kolkata,22.5726,88.3639,warm_humid,3.0,3.0,2.6,135.0,timber,0.1,stone,0.15,xps,0.15,east,1.2,1.2,0.85,1.6,35.294,38.285,0.0655,15.613
Kolkata,22.5726,88.3639,warm_humid,3.0,3.0,2.6,135.0,mud_brick,0.15,mud_brick,0.25,sheep_wool,0.15,east,1.2,0.6,0.65,3.5,34.372,36.342,0.0833,15.567
Kolkata,22.5726,88.3639,warm_humid,3.0,3.0,2.6,135.0,mud_brick,0.15,concrete,0.1,xps,0.15,west,1.8,1.5,0.55,3.5,36.835,39.759,0.0536,15.578
Kolkata,22.5726,88.3639,warm_humid,3.0,3.0,2.6,45.0,puf_sandwich_panel,0.15,concrete,0.2,mineral_wool,0.15,south,1.8,1.2,0.35,1.6,34.435,37.112,0.0655,15.626
Kolkata,22.5726,88.3639,warm_humid,3.0,3.0,2.6,45.0,gi_sheet,0.002,gi_sheet,0.002,sheep_wool,0.05,west,1.5,0.6,0.55,3.5,36.703,44.696,0.1905,15.776
Kolkata,22.5726,88.3639,warm_humid,3.0,3.0,2.6,0.0,gi_sheet,0.002,concrete,0.1,sheep_wool,0.1,east,1.8,1.5,0.55,1.6,38.41,44.803,0.0417,15.672
Kolkata,22.5726,88.3639,warm_humid,3.0,3.0,2.6,0.0,brick,0.23,timber,0.15,xps,0.1,south,1.8,1.5,0.75,5.8,36.026,38.801,0.0714,15.566
Kolkata,22.5726,88.3639,warm_humid,3.0,3.0,2.6,90.0,timber,0.2,stone,0.15,eps,0.2,west,1.8,1.2,0.55,3.5,34.762,37.18,0.0714,15.595
Kolkata,22.5726,88.3639,warm_humid,3.0,3.0,2.6,0.0,timber,0.2,mud_brick,0.15,mineral_wool,0.1,west,1.2,1.2,0.85,5.8,35.329,38.222,0.0655,15.602
Kolkata,22.5726,88.3639,warm_humid,3.0,3.0,2.6,90.0,rammed_earth,0.3,stone,0.3,none,0.0,east,0.6,1.2,0.65,1.2,38.58,42.535,0.0595,15.548
Kolkata,22.5726,88.3639,warm_humid,3.0,3.0,2.6,45.0,timber,0.2,brick,0.115,none,0.0,west,0.9,0.9,0.45,2.6,38.95,45.005,0.0536,15.61
Kolkata,22.5726,88.3639,warm_humid,3.0,3.0,2.6,0.0,aerated_concrete,0.3,mud_brick,0.15,mineral_wool,0.15,south,0.6,0.9,0.35,2.6,33.572,35.248,0.0893,15.588
Kolkata,22.5726,88.3639,warm_humid,3.0,3.0,2.6,0.0,puf_sandwich_panel,0.075,brick,0.23,eps,0.1,south,1.8,0.6,0.65,2.6,34.686,37.51,0.0655,15.635
Kolkata,22.5726,88.3639,warm_humid,3.0,3.0,2.6,180.0,stone,0.45,concrete,0.15,eps,0.05,west,0.6,0.6,0.85,5.8,34.251,36.792,0.1964,15.537
Kolkata,22.5726,88.3639,warm_humid,3.0,3.0,2.6,90.0,rammed_earth,0.3,aerated_concrete,0.2,sheep_wool,0.05,north,1.5,0.6,0.55,1.6,35.318,37.654,0.0774,15.557
Kolkata,22.5726,88.3639,warm_humid,3.0,3.0,2.6,45.0,plywood,0.05,aerated_concrete,0.1,eps,0.15,west,1.8,1.2,0.85,1.2,36.141,42.026,0.0655,15.719
Kolkata,22.5726,88.3639,warm_humid,3.0,3.0,2.6,0.0,stone,0.45,puf_sandwich_panel,0.1,xps,0.1,north,0.9,1.5,0.65,3.5,33.314,35.322,0.2202,15.539
Kolkata,22.5726,88.3639,warm_humid,3.0,3.0,2.6,45.0,timber,0.2,brick,0.115,mineral_wool,0.15,east,1.5,1.5,0.45,1.6,35.981,39.005,0.0536,15.608
Kolkata,22.5726,88.3639,warm_humid,3.0,3.0,2.6,135.0,puf_sandwich_panel,0.1,gi_sheet,0.002,xps,0.15,west,1.2,0.6,0.65,5.8,34.658,38.559,0.1726,15.798
Kolkata,22.5726,88.3639,warm_humid,3.0,3.0,2.6,0.0,aerated_concrete,0.2,mud_brick,0.25,xps,0.05,south,1.5,0.9,0.55,5.8,35.346,38.088,0.0655,15.592
Kolkata,22.5726,88.3639,warm_humid,3.0,3.0,2.6,135.0,brick,0.345,gi_sheet,0.002,mineral_wool,0.05,south,1.8,0.9,0.55,5.8,35.318,37.757,0.0833,15.553
Kolkata,22.5726,88.3639,warm_humid,3.0,3.0,2.6,180.0,rammed_earth,0.15,aerated_concrete,0.1,eps,0.025,west,1.8,1.2,0.65,2.6,38.736,43.273,0.0476,15.588
Kolkata,22.5726,88.3639,warm_humid,3.0,3.0,2.6,180.0,concrete,0.3,timber,0.15,sheep_wool,0.1,south,0.9,0.6,0.55,1.6,34.105,36.101,0.1488,15.55
Kolkata,22.5726,88.3639,warm_humid,3.0,3.0,2.6,180.0,gi_sheet,0.002,stone,0.3,eps,0.1,east,1.8,1.2,0.75,3.5,36.795,40.533,0.0595,15.593
Kolkata,22.5726,88.3639,warm_humid,3.0,3.0,2.6,45.0,timber,0.1,stone,0.15,eps,0.1,south,0.6,1.2,0.75,5.8,34.804,37.461,0.0655,15.613
Kolkata,22.5726,88.3639,warm_humid,3.0,3.0,2.6,45.0,rammed_earth,0.3,mud_brick,0.15,sheep_wool,0.1,east,1.2,1.5,0.35,3.5,34.902,37.084,0.0833,15.555
Kolkata,22.5726,88.3639,warm_humid,3.0,3.0,2.6,0.0,timber,0.2,timber,0.15,sheep_wool,0.1,west,0.6,0.6,0.35,1.6,33.994,36.191,0.0714,15.623
Kolkata,22.5726,88.3639,warm_humid,3.0,3.0,2.6,90.0,mud_brick,0.15,timber,0.15,xps,0.05,east,1.8,1.5,0.75,1.2,36.869,40.536,0.0595,15.585
Kolkata,22.5726,88.3639,warm_humid,3.0,3.0,2.6,45.0,gi_sheet,0.002,timber,0.1,eps,0.1,north,0.9,1.5,0.85,5.8,37.262,43.768,0.0893,15.739
Kolkata,22.5726,88.3639,warm_humid,3.0,3.0,2.6,0.0,brick,0.23,concrete,0.15,eps,0.2,east,1.2,0.9,0.35,1.2,34.098,35.935,0.1131,15.559
Kolkata,22.5726,88.3639,warm_humid,3.0,3.0,2.6,0.0,stone,0.3,concrete,0.15,sheep_wool,0.15,south,0.9,0.9,0.85,5.8,33.73,35.747,0.2083,15.544
Kolkata,22.5726,88.3639,warm_humid,3.0,3.0,2.6,90.0,timber,0.15,rcc_slab,0.25,eps,0.15,west,0.9,1.5,0.55,3.5,34.405,36.546,0.0774,15.59
Kolkata,22.5726,88.3639,warm_humid,3.0,3.0,2.6,180.0,aerated_concrete,0.1,mud_brick,0.25,sheep_wool,0.1,west,0.9,0.9,0.65,3.5,35.758,38.589,0.0595,15.607
Kolkata,22.5726,88.3639,warm_humid,3.0,3.0,2.6,90.0,rammed_earth,0.45,rcc_slab,0.2,mineral_wool,0.15,west,0.6,1.2,0.85,1.2,33.054,34.841,0.2262,15.543
Kolkata,22.5726,88.3639,warm_humid,3.0,3.0,2.6,135.0,timber,0.15,puf_sandwich_panel,0.05,eps,0.2,south,1.8,1.5,0.45,1.6,35.089,38.896,0.0595,15.662
Kolkata,22.5726,88.3639,warm_humid,3.0,3.0,2.6,180.0,timber,0.15,timber,0.1,sheep_wool,0.1,east,0.6,1.5,0.55,2.0,34.806,37.917,0.0595,15.646
Kolkata,22.5726,88.3639,warm_humid,3.0,3.0,2.6,90.0,puf_sandwich_panel,0.05,gi_sheet,0.002,eps,0.15,west,1.8,1.5,0.65,5.8,35.923,42.54,0.1726,15.81
Kolkata,22.5726,88.3639,warm_humid,3.0,3.0,2.6,135.0,aerated_concrete,0.3,aerated_concrete,0.2,sheep_wool,0.15,east,1.8,0.6,0.35,2.6,34.033,36.099,0.0774,15.602
Kolkata,22.5726,88.3639,warm_humid,3.0,3.0,2.6,45.0,puf_sandwich_panel,0.15,gi_sheet,0.002,sheep_wool,0.05,south,1.8,1.2,0.45,1.2,35.735,42.501,0.2083,15.808
Kolkata,22.5726,88.3639,warm_humid,3.0,3.0,2.6,135.0,concrete,0.1,rcc_slab,0.15,xps,0.15,south,1.2,1.5,0.35,2.6,35.095,37.49,0.0714,15.579
Kolkata,22.5726,88.3639,warm_humid,3.0,3.0,2.6,135.0,brick,0.23,timber,0.15,mineral_wool,0.05,north,0.9,0.9,0.65,1.2,35.778,38.291,0.0714,15.564
Kolkata,22.5726,88.3639,warm_humid,3.0,3.0,2.6,0.0,gi_sheet,0.002,aerated_concrete,0.2,sheep_wool,0.1,north,0.9,0.6,0.55,1.6,35.33,40.189,0.0952,15.71
Kolkata,22.5726,88.3639,warm_humid,3.0,3.0,2.6,90.0,concrete,0.15,timber,0.15,eps,0.15,south,0.9,0.6,0.55,2.0,34.129,36.024,0.0833,15.573
Kolkata,22.5726,88.3639,warm_humid,3.0,3.0,2.6,0.0,timber,0.1,brick,0.23,sheep_wool,0.05,east,1.2,1.5,0.45,3.5,36.998,40.818,0.0536,15.61
Kolkata,22.5726,88.3639,warm_humid,3.0,3.0,2.6,90.0,mud_brick,0.15,gi_sheet,0.002,mineral_wool,0.1,north,0.9,0.6,0.75,1.6,35.197,37.528,0.0655,15.584
Kolkata,22.5726,88.3639,warm_humid,3.0,3.0,2.6,45.0,brick,0.115,puf_sandwich_panel,0.1,eps,0.15,south,1.5,0.9,0.35,2.0,34.543,36.989,0.0714,15.601
Kolkata,22.5726,88.3639,warm_humid,3.0,3.0,2.6,180.0,gi_sheet,0.002,gi_sheet,0.002,mineral_wool,0.05,east,0.6,1.5,0.55,2.6,37.029,44.748,0.1726,15.768
Kolkata,22.5726,88.3639,warm_humid,3.0,3.0,2.6,0.0,rammed_earth,0.3,gi_sheet,0.002,mineral_wool,0.15,north,1.2,0.9,0.75,1.6,34.038,35.928,0.1131,15.558
Kolkata,22.5726,88.3639,warm_humid,3.0,3.0,2.6,135.0,aerated_concrete,0.2,brick,0.115,mineral_wool,0.1,north,1.5,1.5,0.65,1.6,37.298,41.086,0.0536,15.612
Kolkata,22.5726,88.3639,warm_humid,3.0,3.0,2.6,135.0,stone,0.3,stone,0.3,mineral_wool,0.05,north,1.2,0.9,0.65,2.0,35.29,37.943,0.0893,15.542
Kolkata,22.5726,88.3639,warm_humid,3.0,3.0,2.6,90.0,gi_sheet,0.002,mud_brick,0.15,sheep_wool,0.15,west,0.9,1.5,0.45,5.8,35.296,39.219,0.0595,15.656
Kolkata,22.5726,88.3639,warm_humid,3.0,3.0,2.6,180.0,plywood,0.019,mud_brick,0.25,sheep_wool,0.15,south,1.2,0.6,0.65,1.6,35.098,37.975,0.0595,15.625
Kolkata,22.5726,88.3639,warm_humid,3.0,3.0,2.6,45.0,gi_sheet,0.002,timber,0.1,eps,0.2,south,1.8,0.9,0.55,2.6,35.47,41.033,0.1369,15.734
Kolkata,22.5726,88.3639,warm_humid,3.0,3.0,2.6,135.0,brick,0.345,concrete,0.15,xps,0.05,north,1.2,1.5,0.55,1.2,35.952,38.641,0.0774,15.549
Kolkata,22.5726,88.3639,warm_humid,3.0,3.0,2.6,135.0,brick,0.23,puf_sandwich_panel,0.1,mineral_wool,0.15,west,0.9,1.2,0.35,1.6,34.326,36.211,0.0833,15.566
Kolkata,22.5726,88.3639,warm_humid,3.0,3.0,2.6,180.0,stone,0.15,brick,0.115,mineral_wool,0.05,south,1.8,0.6,0.35,5.8,35.972,38.634,0.0655,15.564
Kolkata,22.5726,88.3639,warm_humid,3.0,3.0,2.6,135.0,concrete,0.15,concrete,0.2,xps,0.15,west,1.8,0.6,0.65,5.8,35.34,37.62,0.0714,15.563
Kolkata,22.5726,88.3639,warm_humid,3.0,3.0,2.6,90.0,gi_sheet,0.002,timber,0.15,eps,0.2,south,0.6,0.9,0.55,1.2,34.665,38.742,0.1131,15.716
Kolkata,22.5726,88.3639,warm_humid,3.0,3.0,2.6,0.0,brick,0.115,timber,0.1,sheep_wool,0.15,west,1.2,0.6,0.55,2.0,34.586,36.95,0.0714,15.595
Kolkata,22.5726,88.3639,warm_humid,3.0,3.0,2.6,45.0,puf_sandwich_panel,0.1,aerated_concrete,0.2,mineral_wool,0.1,east,1.5,0.6,0.35,3.5,34.416,37.695,0.0893,15.72
Kolkata,22.5726,88.3639,warm_humid,3.0,3.0,2.6,0.0,plywood,0.03,stone,0.3,xps,0.1,east,0.6,0.6,0.35,1.6,34.453,36.614,0.0714,15.593
Kolkata,22.5726,88.3639,warm_humid,3.0,3.0,2.6,0.0,rammed_earth,0.45,gi_sheet,0.002,eps,0.15,south,1.8,0.6,0.85,3.5,33.676,35.63,0.2083,15.547
Kolkata,22.5726,88.3639,warm_humid,3.0,3.0,2.6,180.0,gi_sheet,0.002,concrete,0.2,mineral_wool,0.05,west,0.6,1.2,0.55,2.6,37.19,41.688,0.0476,15.625
Kolkata,22.5726,88.3639,warm_humid,3.0,3.0,2.6,180.0,plywood,0.05,brick,0.115,sheep_wool,0.15,north,1.2,0.6,0.45,3.5,34.777,37.949,0.0595,15.662
Kolkata,22.5726,88.3639,warm_humid,3.0,3.0,2.6,180.0,rammed_earth,0.45,aerated_concrete,0.1,mineral_wool,0.1,west,1.2,1.2,0.65,1.6,35.096,37.58,0.0893,15.547
Kolkata,22.5726,88.3639,warm_humid,3.0,3.0,2.6,135.0,plywood,0.03,rcc_slab,0.25,none,0.0,south,1.8,1.2,0.55,3.5,40.254,49.573,0.0476,15.612
Kolkata,22.5726,88.3639,warm_humid,3.0,3.0,2.6,135.0,puf_sandwich_panel,0.15,timber,0.1,eps,0.05,west,1.8,1.2,0.45,1.6,36.336,41.793,0.125,15.765
Kolkata,22.5726,88.3639,warm_humid,3.0,3.0,2.6,0.0,timber,0.1,mud_brick,0.15,sheep_wool,0.1,south,1.2,1.2,0.55,2.0,35.335,38.661,0.0595,15.628
Kolkata,22.5726,88.3639,warm_humid,3.0,3.0,2.6,135.0,aerated_concrete,0.2,timber,0.15,eps,0.05,south,1.2,1.2,0.85,3.5,35.877,39.627,0.0595,15.629
Kolkata,22.5726,88.3639,warm_humid,3.0,3.0,2.6,45.0,stone,0.3,brick,0.23,mineral_wool,0.1,south,1.8,1.5,0.75,2.0,35.248,37.92,0.0893,15.545
Kolkata,22.5726,88.3639,warm_humid,3.0,3.0,2.6,135.0,timber,0.15,brick,0.23,eps,0.15,east,1.2,1.2,0.75,5.8,35.028,37.651,0.0714,15.599
Kolkata,22.5726,88.3639,warm_humid,3.0,3.0,2.6,180.0,aerated_concrete,0.2,aerated_concrete,0.1,sheep_wool,0.15,west,1.8,1.2,0.35,2.6,35.97,39.316,0.0536,15.635
Kolkata,22.5726,88.3639,warm_humid,3.0,3.0,2.6,0.0,mud_brick,0.45,timber,0.15,sheep_wool,0.15,east,1.8,1.5,0.75,2.0,36.902,40.204,0.0655,15.546
Kolkata,22.5726,88.3639,warm_humid,3.0,3.0,2.6,180.0,rammed_earth,0.3,concrete,0.15,sheep_wool,0.15,north,0.9,0.9,0.75,2.0,34.0,35.935,0.1488,15.553
Kolkata,22.5726,88.3639,warm_humid,3.0,3.0,2.6,180.0,stone,0.15,gi_sheet,0.002,mineral_wool,0.1,north,1.8,0.6,0.45,3.5,35.278,37.622,0.0714,15.57
Kolkata,22.5726,88.3639,warm_humid,3.0,3.0,2.6,0.0,aerated_concrete,0.3,timber,0.1,xps,0.1,south,1.8,1.5,0.55,2.6,35.665,38.999,0.0655,15.611
Kolkata,22.5726,88.3639,warm_humid,3.0,3.0,2.6,45.0,gi_sheet,0.002,timber,0.1,xps,0.15,east,1.8,0.9,0.75,1.2,37.124,43.419,0.0893,15.734
Kolkata,22.5726,88.3639,warm_humid,3.0,3.0,2.6,135.0,stone,0.45,rcc_slab,0.15,eps,0.05,south,1.5,1.2,0.65,1.6,34.676,37.314,0.1667,15.538
Kolkata,22.5726,88.3639,warm_humid,3.0,3.0,2.6,90.0,concrete,0.1,gi_sheet,0.002,mineral_wool,0.15,north,1.8,0.6,0.35,3.5,35.159,37.685,0.0655,15.595
Kolkata,22.5726,88.3639,warm_humid,3.0,3.0,2.6,90.0,rammed_earth,0.15,rcc_slab,0.2,xps,0.05,south,0.9,1.5,0.45,5.8,35.526,38.127,0.0714,15.57
Kolkata,22.5726,88.3639,warm_humid,3.0,3.0,2.6,90.0,puf_sandwich_panel,0.05,stone,0.3,eps,0.1,north,0.9,1.2,0.45,3.5,34.954,37.234,0.0655,15.596
Kolkata,22.5726,88.3639,warm_humid,3.0,3.0,2.6,90.0,gi_sheet,0.002,concrete,0.2,mineral_wool,0.1,east,1.2,1.5,0.35,2.6,35.591,39.294,0.0595,15.623
Kolkata,22.5726,88.3639,warm_humid,3.0,3.0,2.6,135.0,mud_brick,0.45,brick,0.115,none,0.0,north,1.8,0.6,0.35,1.2,37.974,41.589,0.0655,15.544
Kolkata,22.5726,88.3639,warm_humid,3.0,3.0,2.6,180.0,gi_sheet,0.002,rcc_slab,0.2,xps,0.15,east,1.5,0.6,0.85,1.2,35.86,39.317,0.0536,15.624
Kolkata,22.5726,88.3639,warm_humid,3.0,3.0,2.6,90.0,timber,0.2,concrete,0.2,xps,0.15,north,1.2,0.9,0.65,2.0,35.313,37.604,0.0595,15.59
Kolkata,22.5726,88.3639,warm_humid,3.0,3.0,2.6,45.0,plywood,0.019,brick,0.115,eps,0.1,east,1.2,0.6,0.75,2.0,35.987,40.319,0.0536,15.679
Kolkata,22.5726,88.3639,warm_humid,3.0,3.0,2.6,45.0,concrete,0.3,rcc_slab,0.1,eps,0.1,north,1.2,1.2,0.65,2.0,35.2,37.619,0.0833,15.549
Kolkata,22.5726,88.3639,warm_humid,3.0,3.0,2.6,0.0,aerated_concrete,0.2,concrete,0.2,eps,0.05,north,0.6,1.2,0.85,1.2,35.346,38.028,0.0655,15.592
Kolkata,22.5726,88.3639,warm_humid,3.0,3.0,2.6,90.0,aerated_concrete,0.1,rcc_slab,0.2,xps,0.05,west,1.5,1.5,0.35,2.0,35.824,39.314,0.0595,15.609
Kolkata,22.5726,88.3639,warm_humid,3.0,3.0,2.6,0.0,brick,0.345,stone,0.15,none,0.0,west,1.2,1.2,0.65,2.0,39.367,43.738,0.0595,15.548
Kolkata,22.5726,88.3639,warm_humid,3.0,3.0,2.6,0.0,brick,0.23,timber,0.1,sheep_wool,0.05,east,1.5,1.2,0.65,3.5,37.279,40.415,0.0595,15.566
Kolkata,22.5726,88.3639,warm_humid,3.0,3.0,2.6,0.0,puf_sandwich_panel,0.15,brick,0.23,xps,0.15,west,1.5,0.6,0.55,1.6,33.878,36.097,0.0714,15.631
Kolkata,22.5726,88.3639,warm_humid,3.0,3.0,2.6,90.0,brick,0.345,aerated_concrete,0.1,eps,0.15,south,0.9,1.2,0.85,2.6,33.954,35.96,0.1667,15.552
Kolkata,22.5726,88.3639,warm_humid,3.0,3.0,2.6,180.0,brick,0.115,rcc_slab,0.1,eps,0.1,west,1.8,1.5,0.75,2.0,39.386,43.6,0.0476,15.588
Kolkata,22.5726,88.3639,warm_humid,3.0,3.0,2.6,180.0,brick,0.345,gi_sheet,0.002,mineral_wool,0.05,south,1.2,0.6,0.55,1.2,34.841,37.094,0.0833,15.552
Kolkata,22.5726,88.3639,warm_humid,3.0,3.0,2.6,0.0,stone,0.3,brick,0.23,sheep_wool,0.15,south,0.9,0.9,0.45,1.2,33.4,35.27,0.2143,15.544
Kolkata,22.5726,88.3639,warm_humid,3.0,3.0,2.6,180.0,concrete,0.2,puf_sandwich_panel,0.075,mineral_wool,0.1,east,1.8,0.9,0.45,1.6,35.038,37.3,0.0774,15.565
Kolkata,22.5726,88.3639,warm_humid,3.0,3.0,2.6,180.0,rammed_earth,0.45,concrete,0.2,xps,0.1,east,1.5,0.9,0.75,2.6,33.899,36.056,0.2024,15.544
Kolkata,22.5726,88.3639,warm_humid,3.0,3.0,2.6,45.0,puf_sandwich_panel,0.1,gi_sheet,0.002,sheep_wool,0.15,west,1.8,0.9,0.45,5.8,34.594,39.411,0.2143,15.805
Kolkata,22.5726,88.3639,warm_humid,3.0,3.0,2.6,0.0,rammed_earth,0.15,rcc_slab,0.1,eps,0.2,west,0.6,1.2,0.75,3.5,34.109,36.02,0.0833,15.577
Kolkata,22.5726,88.3639,warm_humid,3.0,3.0,2.6,135.0,concrete,0.15,rcc_slab,0.1,xps,0.05,east,0.9,1.2,0.55,2.0,36.111,38.894,0.0655,15.569
Kolkata,22.5726,88.3639,warm_humid,3.0,3.0,2.6,45.0,plywood,0.05,concrete,0.15,none,0.0,east,1.8,1.2,0.45,3.5,40.846,51.623,0.0476,15.639
Kolkata,22.5726,88.3639,warm_humid,3.0,3.0,2.6,45.0,aerated_concrete,0.2,aerated_concrete,0.1,mineral_wool,0.1,east,1.5,1.2,0.45,3.5,35.898,39.297,0.0536,15.632
Kolkata,22.5726,88.3639,warm_humid,3.0,3.0,2.6,180.0,brick,0.115,aerated_concrete,0.2,xps,0.1,south,0.9,0.9,0.55,1.6,35.161,37.638,0.0655,15.592
Kolkata,22.5726,88.3639,warm_humid,3.0,3.0,2.6,90.0,rammed_earth,0.3,timber,0.1,sheep_wool,0.05,north,0.9,0.6,0.35,3.5,34.791,36.945,0.0833,15.557
Kolkata,22.5726,88.3639,warm_humid,3.0,3.0,2.6,180.0,plywood,0.05,mud_brick,0.15,mineral_wool,0.1,north,0.9,0.9,0.85,2.6,35.445,38.954,0.0595,15.644
Kolkata,22.5726,88.3639,warm_humid,3.0,3.0,2.6,180.0,rammed_earth,0.3,stone,0.3,xps,0.15,north,0.9,0.9,0.75,1.2,33.576,35.439,0.2083,15.548
Kolkata,22.5726,88.3639,warm_humid,3.0,3.0,2.6,90.0,mud_brick,0.45,stone,0.3,xps,0.05,north,1.2,0.6,0.65,1.6,34.117,36.478,0.1964,15.54
Kolkata,22.5726,88.3639,warm_humid,3.0,3.0,2.6,90.0,gi_sheet,0.002,gi_sheet,0.002,xps,0.15,north,1.8,1.5,0.55,5.8,38.186,45.603,0.1429,15.767
Kolkata,22.5726,88.3639,warm_humid,3.0,3.0,2.6,90.0,brick,0.115,stone,0.3,eps,0.05,west,0.9,1.5,0.65,2.0,35.944,38.646,0.0714,15.565
Kolkata,22.5726,88.3639,warm_humid,3.0,3.0,2.6,45.0,aerated_concrete,0.2,rcc_slab,0.1,eps,0.15,south,0.9,0.6,0.55,3.5,33.99,36.066,0.0714,15.61
Kolkata,22.5726,88.3639,warm_humid,3.0,3.0,2.6,0.0,brick,0.23,gi_sheet,0.002,none,0.0,north,1.2,0.9,0.85,2.6,40.613,47.203,0.0536,15.566
Kolkata,22.5726,88.3639,warm_humid,3.0,3.0,2.6,0.0,plywood,0.019,gi_sheet,0.002,none,0.0,west,1.8,0.9,0.35,1.2,40.959,58.32,0.2917,12.489
Kolkata,22.5726,88.3639,warm_humid,3.0,3.0,2.6,90.0,mud_brick,0.3,mud_brick,0.15,none,0.0,north,1.2,0.9,0.35,1.6,38.089,41.764,0.0595,15.553
Kolkata,22.5726,88.3639,warm_humid,3.0,3.0,2.6,90.0,brick,0.345,stone,0.3,sheep_wool,0.1,east,1.8,1.5,0.35,1.2,34.372,36.578,0.125,15.546
Kolkata,22.5726,88.3639,warm_humid,3.0,3.0,2.6,180.0,brick,0.23,mud_brick,0.15,xps,0.1,east,0.6,0.9,0.55,5.8,34.245,36.17,0.0893,15.559
Kolkata,22.5726,88.3639,warm_humid,3.0,3.0,2.6,45.0,rammed_earth,0.3,timber,0.15,mineral_wool,0.1,south,1.8,0.9,0.55,2.6,34.5,36.593,0.0893,15.558
Kolkata,22.5726,88.3639,warm_humid,3.0,3.0,2.6,0.0,concrete,0.15,stone,0.3,eps,0.2,west,0.6,0.9,0.55,1.6,33.582,35.332,0.2024,15.556
Kolkata,22.5726,88.3639,warm_humid,3.0,3.0,2.6,0.0,aerated_concrete,0.3,mud_brick,0.15,xps,0.05,west,0.9,0.6,0.45,3.5,34.581,36.815,0.0714,15.59
Kolkata,22.5726,88.3639,warm_humid,3.0,3.0,2.6,0.0,mud_brick,0.45,brick,0.115,xps,0.05,west,0.6,1.2,0.35,1.2,33.837,35.899,0.2024,15.544
Kolkata,22.5726,88.3639,warm_humid,3.0,3.0,2.6,45.0,brick,0.115,timber,0.1,eps,0.1,west,1.2,0.6,0.65,1.6,34.967,37.529,0.0655,15.596
Kolkata,22.5726,88.3639,warm_humid,3.0,3.0,2.6,135.0,gi_sheet,0.002,aerated_concrete,0.2,xps,0.15,west,0.6,1.5,0.85,2.6,36.573,41.429,0.0476,15.706
Kolkata,22.5726,88.3639,warm_humid,3.0,3.0,2.6,0.0,plywood,0.012,timber,0.1,sheep_wool,0.15,west,0.9,1.5,0.85,5.8,35.873,42.13,0.1548,15.757
Kolkata,22.5726,88.3639,warm_humid,3.0,3.0,2.6,0.0,aerated_concrete,0.1,rcc_slab,0.2,sheep_wool,0.05,south,0.6,1.2,0.35,2.0,35.586,38.791,0.0595,15.609
Kolkata,22.5726,88.3639,warm_humid,3.0,3.0,2.6,180.0,concrete,0.15,concrete,0.2,mineral_wool,0.15,north,1.5,1.2,0.85,2.0,35.864,38.476,0.0714,15.563
Kolkata,22.5726,88.3639,warm_humid,3.0,3.0,2.6,45.0,gi_sheet,0.002,timber,0.1,sheep_wool,0.15,west,0.9,0.9,0.65,1.6,35.241,40.362,0.1488,15.737
Kolkata,22.5726,88.3639,warm_humid,3.0,3.0,2.6,90.0,brick,0.23,concrete,0.2,sheep_wool,0.15,north,0.9,1.2,0.45,1.2,34.584,36.619,0.0833,15.557
Kolkata,22.5726,88.3639,warm_humid,3.0,3.0,2.6,90.0,gi_sheet,0.002,concrete,0.2,xps,0.15,east,1.5,0.6,0.35,1.2,34.757,37.677,0.0655,15.624
Kolkata,22.5726,88.3639,warm_humid,3.0,3.0,2.6,45.0,puf_sandwich_panel,0.1,brick,0.23,xps,0.05,north,1.8,1.5,0.65,2.0,37.899,42.378,0.0476,15.635
Kolkata,22.5726,88.3639,warm_humid,3.0,3.0,2.6,90.0,puf_sandwich_panel,0.1,mud_brick,0.25,xps,0.15,west,0.9,0.9,0.65,5.8,33.895,36.03,0.0714,15.627
Kolkata,22.5726,88.3639,warm_humid,3.0,3.0,2.6,180.0,stone,0.15,brick,0.115,mineral_wool,0.05,west,0.9,1.5,0.35,5.8,36.55,39.418,0.0655,15.565
Kolkata,22.5726,88.3639,warm_humid,3.0,3.0,2.6,90.0,timber,0.1,brick,0.23,eps,0.025,south,1.2,1.5,0.65,5.8,36.984,41.443,0.0595,15.61
Kolkata,22.5726,88.3639,warm_humid,3.0,3.0,2.6,45.0,puf_sandwich_panel,0.05,gi_sheet,0.002,eps,0.15,west,1.5,1.2,0.75,1.6,35.379,41.401,0.2024,15.81
Kolkata,22.5726,88.3639,warm_humid,3.0,3.0,2.6,45.0,gi_sheet,0.002,timber,0.1,mineral_wool,0.05,west,0.6,0.6,0.65,1.2,36.102,42.365,0.1488,15.735
Kolkata,22.5726,88.3639,warm_humid,3.0,3.0,2.6,90.0,brick,0.115,gi_sheet,0.002,sheep_wool,0.1,east,0.6,0.6,0.35,2.6,34.814,37.309,0.0655,15.599
Kolkata,22.5726,88.3639,warm_humid,3.0,3.0,2.6,45.0,plywood,0.012,timber,0.1,mineral_wool,0.15,east,0.9,1.2,0.45,1.6,35.52,40.306,0.1012,15.738
Kolkata,22.5726,88.3639,warm_humid,3.0,3.0,2.6,0.0,mud_brick,0.45,gi_sheet,0.002,eps,0.2,north,0.9,1.2,0.75,5.8,33.198,34.964,0.2202,15.546
Kolkata,22.5726,88.3639,warm_humid,3.0,3.0,2.6,180.0,aerated_concrete,0.2,mud_brick,0.25,eps,0.025,west,0.9,1.2,0.45,1.6,36.402,39.586,0.0595,15.592
Kolkata,22.5726,88.3639,warm_humid,3.0,3.0,2.6,180.0,aerated_concrete,0.2,gi_sheet,0.002,sheep_wool,0.1,north,1.2,0.9,0.75,2.0,35.308,38.711,0.0595,15.641
Kolkata,22.5726,88.3639,warm_humid,3.0,3.0,2.6,0.0,mud_brick,0.15,stone,0.3,eps,0.15,north,1.8,1.5,0.85,3.5,35.734,38.335,0.0774,15.561
Kolkata,22.5726,88.3639,warm_humid,3.0,3.0,2.6,0.0,timber,0.2,brick,0.115,mineral_wool,0.1,north,1.8,0.6,0.85,2.0,35.019,37.673,0.0655,15.608
Kolkata,22.5726,88.3639,warm_humid,3.0,3.0,2.6,45.0,brick,0.345,concrete,0.1,sheep_wool,0.05,east,1.8,0.6,0.65,5.8,35.728,38.342,0.0774,15.55
Kolkata,22.5726,88.3639,warm_humid,3.0,3.0,2.6,90.0,concrete,0.3,gi_sheet,0.002,xps,0.1,west,0.6,1.2,0.45,5.8,33.805,35.685,0.1964,15.551
Kolkata,22.5726,88.3639,warm_humid,3.0,3.0,2.6,90.0,plywood,0.03,timber,0.15,eps,0.2,west,0.6,1.5,0.55,1.2,34.504,38.185,0.0952,15.715
Kolkata,22.5726,88.3639,warm_humid,3.0,3.0,2.6,135.0,aerated_concrete,0.1,timber,0.1,eps,0.05,east,0.9,0.9,0.45,2.0,35.636,40.001,0.0536,15.677
Kolkata,22.5726,88.3639,warm_humid,3.0,3.0,2.6,135.0,stone,0.3,aerated_concrete,0.2,sheep_wool,0.15,north,0.9,0.9,0.85,1.2,34.5,36.734,0.131,15.546
Kolkata,22.5726,88.3639,warm_humid,3.0,3.0,2.6,0.0,concrete,0.15,rcc_slab,0.15,xps,0.05,west,1.8,1.2,0.45,2.6,36.05,38.947,0.0714,15.567
Kolkata,22.5726,88.3639,warm_humid,3.0,3.0,2.6,45.0,brick,0.23,timber,0.1,mineral_wool,0.05,east,1.2,1.5,0.85,1.6,37.464,40.695,0.0595,15.566
Kolkata,22.5726,88.3639,warm_humid,3.0,3.0,2.6,90.0,stone,0.45,puf_sandwich_panel,0.075,sheep_wool,0.1,north,1.5,1.2,0.55,1.2,34.576,37.136,0.1905,15.539
Kolkata,22.5726,88.3639,warm_humid,3.0,3.0,2.6,180.0,brick,0.23,concrete,0.2,eps,0.2,south,0.9,0.6,0.35,1.2,33.488,35.143,0.2024,15.556
Kolkata,22.5726,88.3639,warm_humid,3.0,3.0,2.6,180.0,concrete,0.2,timber,0.1,mineral_wool,0.05,south,1.5,0.9,0.75,1.2,36.105,38.822,0.0655,15.564
Kolkata,22.5726,88.3639,warm_humid,3.0,3.0,2.6,90.0,rammed_earth,0.15,timber,0.1,eps,0.025,east,1.8,0.9,0.45,3.5,36.625,40.346,0.0595,15.587
Kolkata,22.5726,88.3639,warm_humid,3.0,3.0,2.6,90.0,gi_sheet,0.002,puf_sandwich_panel,0.075,none,0.0,east,1.8,0.6,0.65,2.6,39.59,54.087,0.3095,11.788
Kolkata,22.5726,88.3639,warm_humid,3.0,3.0,2.6,0.0,puf_sandwich_panel,0.05,timber,0.1,sheep_wool,0.1,north,1.2,0.6,0.35,2.0,34.266,38.17,0.1845,15.772
Kolkata,22.5726,88.3639,warm_humid,3.0,3.0,2.6,180.0,plywood,0.012,timber,0.1,mineral_wool,0.05,east,0.9,0.9,0.85,3.5,36.775,43.876,0.1429,15.756
Kolkata,22.5726,88.3639,warm_humid,3.0,3.0,2.6,180.0,concrete,0.15,puf_sandwich_panel,0.075,xps,0.1,west,0.6,0.6,0.75,1.6,35.111,37.297,0.0714,15.576
Kolkata,22.5726,88.3639,warm_humid,3.0,3.0,2.6,0.0,brick,0.115,timber,0.15,sheep_wool,0.05,west,0.9,1.2,0.65,5.8,36.133,39.545,0.0595,15.594
Kolkata,22.5726,88.3639,warm_humid,3.0,3.0,2.6,0.0,stone,0.15,puf_sandwich_panel,0.05,mineral_wool,0.15,east,0.6,1.2,0.65,2.0,34.842,36.958,0.0774,15.569
Kolkata,22.5726,88.3639,warm_humid,3.0,3.0,2.6,45.0,mud_brick,0.45,mud_brick,0.25,eps,0.15,south,0.9,1.2,0.65,3.5,33.15,35.025,0.2262,15.542
Kolkata,22.5726,88.3639,warm_humid,3.0,3.0,2.6,45.0,rammed_earth,0.45,timber,0.1,xps,0.1,east,1.5,0.9,0.75,5.8,34.759,37.104,0.1071,15.547
Kolkata,22.5726,88.3639,warm_humid,3.0,3.0,2.6,180.0,mud_brick,0.3,mud_brick,0.15,eps,0.1,west,0.9,1.5,0.55,1.6,35.228,37.553,0.0774,15.553
Kolkata,22.5726,88.3639,warm_humid,3.0,3.0,2.6,135.0,stone,0.45,concrete,0.2,xps,0.15,east,1.5,1.5,0.35,5.8,33.376,35.464,0.2202,15.538
Kolkata,22.5726,88.3639,warm_humid,3.0,3.0,2.6,90.0,puf_sandwich_panel,0.1,aerated_concrete,0.1,eps,0.15,west,0.6,1.5,0.75,5.8,34.349,38.201,0.1607,15.765
Kolkata,22.5726,88.3639,warm_humid,3.0,3.0,2.6,90.0,brick,0.345,mud_brick,0.15,mineral_wool,0.15,south,1.8,1.2,0.65,3.5,34.461,36.718,0.1012,15.55
Kolkata,22.5726,88.3639,warm_humid,3.0,3.0,2.6,180.0,puf_sandwich_panel,0.075,puf_sandwich_panel,0.075,eps,0.05,west,1.2,0.9,0.55,2.6,35.563,40.58,0.1845,15.832
Kolkata,22.5726,88.3639,warm_humid,3.0,3.0,2.6,90.0,gi_sheet,0.002,puf_sandwich_panel,0.15,eps,0.15,west,1.8,1.5,0.65,1.2,36.324,43.483,0.1726,15.779
Kolkata,22.5726,88.3639,warm_humid,3.0,3.0,2.6,135.0,mud_brick,0.3,timber,0.15,eps,0.05,west,0.6,0.9,0.65,3.5,34.809,36.959,0.0833,15.555
Kolkata,22.5726,88.3639,warm_humid,3.0,3.0,2.6,0.0,stone,0.15,puf_sandwich_panel,0.075,sheep_wool,0.1,south,1.2,0.6,0.65,1.2,34.638,36.778,0.0774,15.57
Kolkata,22.5726,88.3639,warm_humid,3.0,3.0,2.6,90.0,brick,0.115,gi_sheet,0.002,sheep_wool,0.15,north,1.5,1.2,0.35,1.2,35.823,38.747,0.0595,15.601
Kolkata,22.5726,88.3639,warm_humid,3.0,3.0,2.6,90.0,brick,0.115,timber,0.15,eps,0.025,east,1.5,0.6,0.75,2.6,36.93,40.941,0.0595,15.594
Kolkata,22.5726,88.3639,warm_humid,3.0,3.0,2.6,45.0,brick,0.115,mud_brick,0.15,mineral_wool,0.1,south,0.9,0.6,0.85,3.5,34.94,37.296,0.0714,15.582
Kolkata,22.5726,88.3639,warm_humid,3.0,3.0,2.6,0.0,puf_sandwich_panel,0.075,aerated_concrete,0.1,eps,0.1,north,1.5,1.2,0.65,5.8,35.323,40.526,0.1488,15.771
Kolkata,22.5726,88.3639,warm_humid,3.0,3.0,2.6,45.0,plywood,0.012,gi_sheet,0.002,none,0.0,north,1.2,0.9,0.65,1.6,41.552,59.169,0.3095,12.056
Kolkata,22.5726,88.3639,warm_humid,3.0,3.0,2.6,180.0,timber,0.15,rcc_slab,0.1,sheep_wool,0.1,north,1.8,1.5,0.65,1.6,36.433,40.572,0.0595,15.623
Kolkata,22.5726,88.3639,warm_humid,3.0,3.0,2.6,45.0,stone,0.15,puf_sandwich_panel,0.075,eps,0.1,east,0.9,1.5,0.65,1.6,35.756,38.27,0.0655,15.571
Kolkata,22.5726,88.3639,warm_humid,3.0,3.0,2.6,0.0,rammed_earth,0.3,brick,0.115,mineral_wool,0.05,west,1.5,1.2,0.65,1.2,35.604,38.185,0.0774,15.556
Kolkata,22.5726,88.3639,warm_humid,3.0,3.0,2.6,135.0,rammed_earth,0.45,gi_sheet,0.002,eps,0.15,west,0.6,1.5,0.55,2.0,33.683,35.585,0.2024,15.547
Kolkata,22.5726,88.3639,warm_humid,3.0,3.0,2.6,180.0,brick,0.115,puf_sandwich_panel,0.15,xps,0.15,east,1.2,1.2,0.45,2.6,35.034,37.618,0.0655,15.601
Kolkata,22.5726,88.3639,warm_humid,3.0,3.0,2.6,0.0,timber,0.2,stone,0.15,xps,0.05,south,1.8,0.6,0.45,2.0,35.079,37.69,0.0655,15.595
Kolkata,22.5726,88.3639,warm_humid,3.0,3.0,2.6,135.0,plywood,0.012,stone,0.3,xps,0.15,west,0.6,0.6,0.65,5.8,34.752,36.951,0.0655,15.595
Kolkata,22.5726,88.3639,warm_humid,3.0,3.0,2.6,180.0,puf_sandwich_panel,0.075,stone,0.15,eps,0.2,east,0.6,0.9,0.85,1.2,33.796,36.009,0.0714,15.64
Kolkata,22.5726,88.3639,warm_humid,3.0,3.0,2.6,0.0,gi_sheet,0.002,mud_brick,0.15,eps,0.1,east,1.8,1.2,0.55,2.6,37.686,43.056,0.0476,15.657
Kolkata,22.5726,88.3639,warm_humid,3.0,3.0,2.6,180.0,concrete,0.3,concrete,0.15,mineral_wool,0.15,north,1.2,1.2,0.35,5.8,33.983,35.977,0.1964,15.548
Kolkata,22.5726,88.3639,warm_humid,3.0,3.0,2.6,135.0,rammed_earth,0.45,puf_sandwich_panel,0.075,mineral_wool,0.15,south,1.5,1.2,0.35,2.6,33.407,35.19,0.2083,15.547
Kolkata,22.5726,88.3639,warm_humid,3.0,3.0,2.6,90.0,plywood,0.05,concrete,0.15,xps,0.1,west,1.2,0.9,0.85,5.8,35.34,38.701,0.0595,15.636
Kolkata,22.5726,88.3639,warm_humid,3.0,3.0,2.6,90.0,brick,0.23,aerated_concrete,0.2,sheep_wool,0.05,east,1.2,0.6,0.65,2.6,35.219,37.584,0.0774,15.563
Kolkata,22.5726,88.3639,warm_humid,3.0,3.0,2.6,90.0,mud_brick,0.15,gi_sheet,0.002,eps,0.025,south,0.9,0.9,0.65,5.8,36.899,40.697,0.0595,15.586
Kolkata,22.5726,88.3639,warm_humid,3.0,3.0,2.6,135.0,concrete,0.1,timber,0.1,eps,0.15,south,0.6,0.6,0.65,3.5,34.769,37.027,0.0655,15.593
Kolkata,22.5726,88.3639,warm_humid,3.0,3.0,2.6,180.0,plywood,0.05,stone,0.3,eps,0.1,south,1.5,0.6,0.55,2.6,34.835,37.176,0.0714,15.591
Kolkata,22.5726,88.3639,warm_humid,3.0,3.0,2.6,0.0,brick,0.23,brick,0.115,xps,0.1,south,1.2,1.5,0.35,2.0,34.637,36.768,0.0833,15.562
Kolkata,22.5726,88.3639,warm_humid,3.0,3.0,2.6,0.0,timber,0.15,mud_brick,0.15,none,0.0,north,0.6,0.9,0.45,1.2,38.022,43.495,0.0536,15.614
Kolkata,22.5726,88.3639,warm_humid,3.0,3.0,2.6,45.0,concrete,0.3,brick,0.115,eps,0.025,east,1.8,1.2,0.65,3.5,37.74,41.123,0.0655,15.55
Kolkata,22.5726,88.3639,warm_humid,3.0,3.0,2.6,180.0,timber,0.15,puf_sandwich_panel,0.05,sheep_wool,0.05,north,1.8,0.6,0.35,5.8,34.997,38.558,0.0595,15.662
Kolkata,22.5726,88.3639,warm_humid,3.0,3.0,2.6,45.0,rammed_earth,0.3,puf_sandwich_panel,0.075,eps,0.2,west,1.5,0.9,0.45,2.6,33.588,35.288,0.1607,15.559
Kolkata,22.5726,88.3639,warm_humid,3.0,3.0,2.6,180.0,rammed_earth,0.45,brick,0.23,eps,0.025,south,1.2,0.6,0.75,5.8,35.01,37.536,0.0893,15.543
Kolkata,22.5726,88.3639,warm_humid,3.0,3.0,2.6,0.0,stone,0.3,puf_sandwich_panel,0.1,xps,0.15,north,1.8,0.9,0.85,3.5,34.215,36.355,0.1429,15.548
Kolkata,22.5726,88.3639,warm_humid,3.0,3.0,2.6,135.0,mud_brick,0.45,puf_sandwich_panel,0.1,mineral_wool,0.15,east,0.6,1.5,0.85,2.6,33.262,35.087,0.2202,15.545
Kolkata,22.5726,88.3639,warm_humid,3.0,3.0,2.6,180.0,rammed_earth,0.45,timber,0.15,eps,0.025,east,1.8,1.5,0.75,2.6,35.992,38.857,0.0774,15.548
Kolkata,22.5726,88.3639,warm_humid,3.0,3.0,2.6,135.0,plywood,0.012,aerated_concrete,0.1,xps,0.15,south,1.5,0.9,0.35,1.6,35.246,40.12,0.1429,15.755
Kolkata,22.5726,88.3639,warm_humid,3.0,3.0,2.6,45.0,brick,0.23,brick,0.23,eps,0.025,north,1.8,1.2,0.85,1.2,38.509,42.19,0.0536,15.558
Kolkata,22.5726,88.3639,warm_humid,3.0,3.0,2.6,0.0,brick,0.115,puf_sandwich_panel,0.15,eps,0.15,south,1.5,0.6,0.35,3.5,34.282,36.529,0.0714,15.6
Kolkata,22.5726,88.3639,warm_humid,3.0,3.0,2.6,180.0,brick,0.115,puf_sandwich_panel,0.05,eps,0.15,east,0.9,0.6,0.65,2.6,34.758,37.083,0.0655,15.6
Kolkata,22.5726,88.3639,warm_humid,3.0,3.0,2.6,0.0,plywood,0.03,rcc_slab,0.2,sheep_wool,0.05,south,0.6,1.2,0.35,5.8,35.96,39.866,0.0595,15.626
Kolkata,22.5726,88.3639,warm_humid,3.0,3.0,2.6,0.0,timber,0.15,gi_sheet,0.002,eps,0.05,east,0.6,0.6,0.85,1.2,35.752,39.516,0.0536,15.656
Kolkata,22.5726,88.3639,warm_humid,3.0,3.0,2.6,90.0,aerated_concrete,0.2,gi_sheet,0.002,sheep_wool,0.1,south,0.9,1.5,0.65,3.5,35.263,38.78,0.0595,15.641
Kolkata,22.5726,88.3639,warm_humid,3.0,3.0,2.6,135.0,stone,0.45,concrete,0.15,xps,0.1,west,1.2,1.5,0.85,3.5,35.067,38.044,0.1488,15.538
Kolkata,22.5726,88.3639,warm_humid,3.0,3.0,2.6,135.0,brick,0.115,rcc_slab,0.2,eps,0.15,north,1.8,1.5,0.55,2.6,37.139,40.254,0.0595,15.577
Kolkata,22.5726,88.3639,warm_humid,3.0,3.0,2.6,45.0,plywood,0.019,concrete,0.1,sheep_wool,0.15,south,1.8,1.5,0.75,1.6,36.739,42.719,0.0536,15.676
Kolkata,22.5726,88.3639,warm_humid,3.0,3.0,2.6,45.0,concrete,0.3,brick,0.23,none,0.0,south,1.8,0.9,0.75,2.6,39.3,43.646,0.0595,15.547
Kolkata,22.5726,88.3639,warm_humid,3.0,3.0,2.6,45.0,stone,0.3,concrete,0.15,xps,0.15,west,0.6,0.6,0.65,2.6,33.038,34.747,0.2262,15.544
Kolkata,22.5726,88.3639,warm_humid,3.0,3.0,2.6,135.0,plywood,0.012,puf_sandwich_panel,0.1,sheep_wool,0.1,east,1.8,0.9,0.85,1.2,36.617,44.461,0.1786,15.813
Kolkata,22.5726,88.3639,warm_humid,3.0,3.0,2.6,0.0,mud_brick,0.45,timber,0.1,sheep_wool,0.1,east,1.2,0.6,0.75,3.5,34.057,36.208,0.1964,15.545
Kolkata,22.5726,88.3639,warm_humid,3.0,3.0,2.6,0.0,gi_sheet,0.002,brick,0.23,none,0.0,west,1.2,1.5,0.35,3.5,40.173,52.918,0.1786,12.695
Kolkata,22.5726,88.3639,warm_humid,3.0,3.0,2.6,90.0,mud_brick,0.15,brick,0.23,xps,0.1,west,0.6,0.6,0.55,2.6,34.094,35.955,0.0833,15.568
Kolkata,22.5726,88.3639,warm_humid,3.0,3.0,2.6,180.0,rammed_earth,0.3,aerated_concrete,0.1,xps,0.05,north,0.6,1.2,0.85,1.2,34.973,37.224,0.0833,15.558
Kolkata,22.5726,88.3639,warm_humid,3.0,3.0,2.6,0.0,plywood,0.019,mud_brick,0.25,eps,0.1,west,0.9,0.9,0.85,2.0,35.319,38.651,0.0595,15.626
Kolkata,22.5726,88.3639,warm_humid,3.0,3.0,2.6,90.0,rammed_earth,0.45,mud_brick,0.25,mineral_wool,0.1,south,1.5,0.9,0.55,1.6,33.6,35.589,0.2083,15.543
Kolkata,22.5726,88.3639,warm_humid,3.0,3.0,2.6,0.0,concrete,0.1,puf_sandwich_panel,0.1,eps,0.15,south,1.8,0.9,0.35,1.2,34.803,37.445,0.0714,15.599
Kolkata,22.5726,88.3639,warm_humid,3.0,3.0,2.6,0.0,puf_sandwich_panel,0.075,aerated_concrete,0.2,mineral_wool,0.15,east,1.8,1.5,0.75,3.5,39.204,45.726,0.0417,15.716
Kolkata,22.5726,88.3639,warm_humid,3.0,3.0,2.6,45.0,brick,0.23,rcc_slab,0.25,eps,0.15,north,0.6,0.9,0.75,2.0,34.01,35.902,0.1429,15.554
Kolkata,22.5726,88.3639,warm_humid,3.0,3.0,2.6,0.0,aerated_concrete,0.3,gi_sheet,0.002,eps,0.1,east,1.5,1.5,0.65,5.8,37.704,41.537,0.0476,15.615
Kolkata,22.5726,88.3639,warm_humid,3.0,3.0,2.6,0.0,aerated_concrete,0.3,stone,0.3,eps,0.05,east,1.8,0.6,0.75,2.0,36.075,38.682,0.0655,15.569
Kolkata,22.5726,88.3639,warm_humid,3.0,3.0,2.6,45.0,plywood,0.03,rcc_slab,0.25,mineral_wool,0.15,west,1.5,0.9,0.35,2.6,34.544,37.059,0.0714,15.608
Kolkata,22.5726,88.3639,warm_humid,3.0,3.0,2.6,180.0,brick,0.345,puf_sandwich_panel,0.15,sheep_wool,0.1,west,1.2,1.5,0.85,5.8,36.743,39.628,0.0655,15.553
Kolkata,22.5726,88.3639,warm_humid,3.0,3.0,2.6,180.0,brick,0.115,stone,0.15,eps,0.025,south,1.2,1.2,0.85,1.2,37.839,41.964,0.0536,15.579
Kolkata,22.5726,88.3639,warm_humid,3.0,3.0,2.6,45.0,stone,0.45,brick,0.115,xps,0.15,east,0.9,1.5,0.85,1.6,34.169,36.721,0.2024,15.538
Kolkata,22.5726,88.3639,warm_humid,3.0,3.0,2.6,135.0,rammed_earth,0.15,rcc_slab,0.15,eps,0.025,east,1.5,1.5,0.85,2.0,38.023,42.291,0.0595,15.575
Kolkata,22.5726,88.3639,warm_humid,3.0,3.0,2.6,45.0,timber,0.1,mud_brick,0.25,mineral_wool,0.15,south,1.5,0.9,0.65,1.2,34.795,37.355,0.0714,15.603
Kolkata,22.5726,88.3639,warm_humid,3.0,3.0,2.6,90.0,aerated_concrete,0.1,aerated_concrete,0.2,eps,0.2,south,0.6,1.2,0.55,1.2,34.107,36.797,0.0655,15.658
Kolkata,22.5726,88.3639,warm_humid,3.0,3.0,2.6,90.0,timber,0.2,puf_sandwich_panel,0.05,xps,0.1,west,1.8,1.2,0.75,2.0,35.63,39.309,0.0595,15.64
Kolkata,22.5726,88.3639,warm_humid,3.0,3.0,2.6,90.0,gi_sheet,0.002,brick,0.115,eps,0.2,east,1.2,0.6,0.85,3.5,35.101,38.959,0.0595,15.67
Kolkata,22.5726,88.3639,warm_humid,3.0,3.0,2.6,0.0,rammed_earth,0.3,aerated_concrete,0.2,mineral_wool,0.05,south,0.6,1.2,0.65,3.5,34.635,36.762,0.0833,15.556
Kolkata,22.5726,88.3639,warm_humid,3.0,3.0,2.6,135.0,brick,0.115,stone,0.15,eps,0.05,west,0.9,1.2,0.75,3.5,37.099,40.355,0.0595,15.578
Kolkata,22.5726,88.3639,warm_humid,3.0,3.0,2.6,180.0,gi_sheet,0.002,gi_sheet,0.002,none,0.0,north,0.6,1.5,0.55,2.0,41.011,58.713,0.3155,11.073
Kolkata,22.5726,88.3639,warm_humid,3.0,3.0,2.6,180.0,gi_sheet,0.002,puf_sandwich_panel,0.05,eps,0.025,north,0.9,1.2,0.85,3.5,37.7,47.051,0.2024,15.789
Kolkata,22.5726,88.3639,warm_humid,3.0,3.0,2.6,90.0,rammed_earth,0.15,aerated_concrete,0.2,xps,0.05,south,1.5,0.6,0.85,1.6,35.554,38.344,0.0655,15.583
Kolkata,22.5726,88.3639,warm_humid,3.0,3.0,2.6,45.0,mud_brick,0.3,concrete,0.1,xps,0.15,west,0.6,1.2,0.65,1.6,33.435,35.165,0.2083,15.553
Kolkata,22.5726,88.3639,warm_humid,3.0,3.0,2.6,135.0,puf_sandwich_panel,0.075,brick,0.23,mineral_wool,0.05,west,1.5,1.2,0.35,2.6,35.775,39.162,0.0536,15.634
Kolkata,22.5726,88.3639,warm_humid,3.0,3.0,2.6,0.0,stone,0.45,mud_brick,0.15,xps,0.1,south,0.9,1.2,0.35,1.2,33.064,35.008,0.2321,15.538
Kolkata,22.5726,88.3639,warm_humid,3.0,3.0,2.6,0.0,plywood,0.012,aerated_concrete,0.2,sheep_wool,0.05,west,1.5,1.2,0.35,3.5,36.342,43.078,0.1429,15.728
Kolkata,22.5726,88.3639,warm_humid,3.0,3.0,2.6,0.0,brick,0.115,stone,0.15,eps,0.2,east,1.2,0.9,0.45,2.6,34.916,37.053,0.0714,15.578
Kolkata,22.5726,88.3639,warm_humid,3.0,3.0,2.6,135.0,brick,0.345,concrete,0.15,sheep_wool,0.05,east,0.9,1.5,0.35,1.6,35.051,37.452,0.0833,15.549
Kolkata,22.5726,88.3639,warm_humid,3.0,3.0,2.6,0.0,timber,0.15,rcc_slab,0.15,eps,0.15,east,1.2,1.5,0.75,5.8,37.296,40.708,0.0476,15.608
Kolkata,22.5726,88.3639,warm_humid,3.0,3.0,2.6,135.0,puf_sandwich_panel,0.15,brick,0.23,mineral_wool,0.15,west,1.8,0.6,0.65,5.8,34.998,37.524,0.0595,15.628
Kolkata,22.5726,88.3639,warm_humid,3.0,3.0,2.6,90.0,brick,0.115,rcc_slab,0.2,eps,0.2,north,1.5,0.9,0.75,3.5,36.183,38.793,0.0595,15.575
Kolkata,22.5726,88.3639,warm_humid,3.0,3.0,2.6,45.0,rammed_earth,0.3,brick,0.23,mineral_wool,0.15,south,0.9,1.2,0.55,1.2,33.703,35.569,0.2024,15.552
Kolkata,22.5726,88.3639,warm_humid,3.0,3.0,2.6,45.0,concrete,0.2,rcc_slab,0.15,eps,0.1,south,1.5,1.5,0.75,1.6,35.72,38.368,0.0774,15.559
Kolkata,22.5726,88.3639,warm_humid,3.0,3.0,2.6,90.0,puf_sandwich_panel,0.075,gi_sheet,0.002,xps,0.05,south,0.6,1.5,0.55,1.2,35.072,40.644,0.2143,15.815
Kolkata,22.5726,88.3639,warm_humid,3.0,3.0,2.6,180.0,timber,0.2,stone,0.15,eps,0.025,east,1.2,1.2,0.55,1.2,36.318,39.822,0.0595,15.596
Kolkata,22.5726,88.3639,warm_humid,3.0,3.0,2.6,135.0,rammed_earth,0.3,aerated_concrete,0.1,eps,0.1,south,1.8,0.9,0.65,5.8,34.74,36.906,0.0833,15.559
Kolkata,22.5726,88.3639,warm_humid,3.0,3.0,2.6,90.0,stone,0.15,puf_sandwich_panel,0.075,eps,0.2,west,1.2,1.5,0.45,3.5,34.484,36.555,0.0774,15.571
Kolkata,22.5726,88.3639,warm_humid,3.0,3.0,2.6,0.0,stone,0.45,gi_sheet,0.002,xps,0.05,south,1.5,1.2,0.45,2.6,34.364,36.73,0.1964,15.539
Kolkata,22.5726,88.3639,warm_humid,3.0,3.0,2.6,45.0,brick,0.345,stone,0.3,eps,0.1,south,1.8,0.9,0.85,2.6,34.466,36.828,0.1369,15.545
Kolkata,22.5726,88.3639,warm_humid,3.0,3.0,2.6,135.0,plywood,0.019,stone,0.15,eps,0.05,north,0.6,0.9,0.55,1.2,36.487,40.75,0.0536,15.638
Kolkata,22.5726,88.3639,warm_humid,3.0,3.0,2.6,45.0,stone,0.15,brick,0.23,eps,0.05,south,1.5,0.9,0.45,1.2,35.687,38.29,0.0714,15.56
Kolkata,22.5726,88.3639,warm_humid,3.0,3.0,2.6,180.0,aerated_concrete,0.1,brick,0.23,xps,0.05,east,1.8,0.9,0.55,5.8,36.044,39.651,0.0595,15.611
Kolkata,22.5726,88.3639,warm_humid,3.0,3.0,2.6,135.0,aerated_concrete,0.2,concrete,0.1,sheep_wool,0.05,west,1.8,1.2,0.65,2.6,37.767,42.011,0.0476,15.613
Kolkata,22.5726,88.3639,warm_humid,3.0,3.0,2.6,45.0,gi_sheet,0.002,brick,0.115,eps,0.05,west,0.6,0.6,0.35,2.0,36.218,41.505,0.0595,15.674
Kolkata,22.5726,88.3639,warm_humid,3.0,3.0,2.6,180.0,concrete,0.15,puf_sandwich_panel,0.05,eps,0.1,east,0.9,1.2,0.65,2.6,35.354,37.81,0.0714,15.577
Kolkata,22.5726,88.3639,warm_humid,3.0,3.0,2.6,180.0,brick,0.23,aerated_concrete,0.1,xps,0.15,west,0.6,0.9,0.75,2.6,34.618,36.6,0.0833,15.564
Kolkata,22.5726,88.3639,warm_humid,3.0,3.0,2.6,135.0,stone,0.15,concrete,0.1,sheep_wool,0.15,north,1.5,0.9,0.75,1.2,36.181,38.82,0.0655,15.565
Kolkata,22.5726,88.3639,warm_humid,3.0,3.0,2.6,180.0,stone,0.3,stone,0.15,mineral_wool,0.15,south,1.5,1.2,0.35,1.2,33.963,36.0,0.1964,15.545
Kolkata,22.5726,88.3639,warm_humid,3.0,3.0,2.6,180.0,rammed_earth,0.45,gi_sheet,0.002,sheep_wool,0.05,east,0.6,0.9,0.65,5.8,34.383,36.589,0.131,15.547
Kolkata,22.5726,88.3639,warm_humid,3.0,3.0,2.6,90.0,puf_sandwich_panel,0.05,aerated_concrete,0.1,mineral_wool,0.05,north,0.9,0.6,0.65,2.0,35.446,40.236,0.1369,15.77
Kolkata,22.5726,88.3639,warm_humid,3.0,3.0,2.6,180.0,aerated_concrete,0.1,rcc_slab,0.1,eps,0.2,south,0.9,1.5,0.45,1.2,34.602,37.345,0.0655,15.637
Kolkata,22.5726,88.3639,warm_humid,3.0,3.0,2.6,180.0,rammed_earth,0.3,timber,0.15,eps,0.025,west,1.5,1.2,0.55,1.2,36.911,39.889,0.0655,15.558
Kolkata,22.5726,88.3639,warm_humid,3.0,3.0,2.6,135.0,aerated_concrete,0.2,brick,0.23,sheep_wool,0.1,west,0.6,1.5,0.65,1.2,35.348,37.81,0.0655,15.593
Kolkata,22.5726,88.3639,warm_humid,3.0,3.0,2.6,45.0,brick,0.115,gi_sheet,0.002,none,0.0,south,0.6,1.5,0.55,2.0,41.4,52.286,0.0476,15.302
Kolkata,22.5726,88.3639,warm_humid,3.0,3.0,2.6,180.0,timber,0.15,aerated_concrete,0.2,mineral_wool,0.1,north,1.2,1.5,0.35,2.0,34.922,38.034,0.0595,15.635
Kolkata,22.5726,88.3639,warm_humid,3.0,3.0,2.6,45.0,stone,0.45,gi_sheet,0.002,mineral_wool,0.05,west,1.5,0.6,0.45,2.0,34.057,36.351,0.2024,15.539
Kolkata,22.5726,88.3639,warm_humid,3.0,3.0,2.6,90.0,concrete,0.1,aerated_concrete,0.2,xps,0.1,west,1.2,0.9,0.75,2.0,35.241,37.907,0.0655,15.59
Kolkata,22.5726,88.3639,warm_humid,3.0,3.0,2.6,135.0,plywood,0.05,concrete,0.1,xps,0.05,south,1.8,0.9,0.35,1.6,36.071,40.739,0.0536,15.662
Kolkata,22.5726,88.3639,warm_humid,3.0,3.0,2.6,90.0,timber,0.15,brick,0.23,eps,0.05,north,1.8,0.9,0.35,2.0,36.133,39.256,0.0595,15.6
Kolkata,22.5726,88.3639,warm_humid,3.0,3.0,2.6,0.0,brick,0.115,gi_sheet,0.002,xps,0.15,east,0.9,1.2,0.85,1.2,36.401,39.397,0.0536,15.599
Kolkata,22.5726,88.3639,warm_humid,3.0,3.0,2.6,90.0,concrete,0.2,puf_sandwich_panel,0.075,eps,0.1,east,0.9,1.5,0.45,5.8,34.577,36.673,0.0833,15.565
Kolkata,22.5726,88.3639,warm_humid,3.0,3.0,2.6,45.0,rammed_earth,0.15,concrete,0.1,none,0.0,south,0.6,0.6,0.75,2.6,40.53,47.972,0.0476,15.577
Kolkata,22.5726,88.3639,warm_humid,3.0,3.0,2.6,135.0,concrete,0.1,puf_sandwich_panel,0.1,xps,0.15,east,1.8,1.5,0.45,2.0,35.823,39.094,0.0595,15.601
Kolkata,22.5726,88.3639,warm_humid,3.0,3.0,2.6,0.0,rammed_earth,0.45,puf_sandwich_panel,0.075,eps,0.1,east,0.9,0.9,0.35,5.8,33.424,35.201,0.2083,15.547
Kolkata,22.5726,88.3639,warm_humid,3.0,3.0,2.6,180.0,mud_brick,0.3,mud_brick,0.25,eps,0.2,south,1.5,1.2,0.45,5.8,33.813,35.692,0.1964,15.551
Kolkata,22.5726,88.3639,warm_humid,3.0,3.0,2.6,180.0,mud_brick,0.45,stone,0.15,sheep_wool,0.05,north,1.2,1.2,0.75,2.0,34.789,37.271,0.1071,15.543
Kolkata,22.5726,88.3639,warm_humid,3.0,3.0,2.6,45.0,stone,0.45,stone,0.15,sheep_wool,0.15,east,1.8,0.6,0.35,2.0,33.079,35.063,0.2321,15.537
Kolkata,22.5726,88.3639,warm_humid,3.0,3.0,2.6,135.0,puf_sandwich_panel,0.1,mud_brick,0.15,mineral_wool,0.15,north,1.2,1.5,0.85,3.5,37.186,41.458,0.0476,15.658
Kolkata,22.5726,88.3639,warm_humid,3.0,3.0,2.6,135.0,rammed_earth,0.3,stone,0.15,none,0.0,south,0.9,1.5,0.65,1.6,39.517,44.206,0.0595,15.553
Kolkata,22.5726,88.3639,warm_humid,3.0,3.0,2.6,180.0,timber,0.1,stone,0.3,eps,0.2,north,0.6,1.2,0.35,3.5,33.712,35.404,0.0833,15.583
Kolkata,22.5726,88.3639,warm_humid,3.0,3.0,2.6,180.0,mud_brick,0.45,stone,0.15,eps,0.025,east,0.9,1.5,0.75,1.2,35.371,38.098,0.0893,15.543
Kolkata,22.5726,88.3639,warm_humid,3.0,3.0,2.6,180.0,plywood,0.03,aerated_concrete,0.2,eps,0.2,south,1.2,1.5,0.55,3.5,35.437,39.825,0.0714,15.705
Kolkata,22.5726,88.3639,warm_humid,3.0,3.0,2.6,0.0,gi_sheet,0.002,brick,0.115,sheep_wool,0.15,east,1.5,1.2,0.35,3.5,36.291,40.991,0.0476,15.673
Kolkata,22.5726,88.3639,warm_humid,3.0,3.0,2.6,90.0,timber,0.15,brick,0.23,sheep_wool,0.05,north,1.8,1.2,0.35,1.2,36.649,40.092,0.0536,15.601
Kolkata,22.5726,88.3639,warm_humid,3.0,3.0,2.6,90.0,brick,0.23,gi_sheet,0.002,eps,0.15,east,1.5,1.5,0.65,2.0,35.301,37.736,0.0774,15.568
Kolkata,22.5726,88.3639,warm_humid,3.0,3.0,2.6,90.0,rammed_earth,0.45,concrete,0.1,sheep_wool,0.05,north,0.6,1.2,0.45,5.8,34.609,36.916,0.1131,15.545
Kolkata,22.5726,88.3639,warm_humid,3.0,3.0,2.6,0.0,concrete,0.3,stone,0.15,mineral_wool,0.1,west,1.5,1.2,0.55,1.6,34.455,36.711,0.1071,15.548
Kolkata,22.5726,88.3639,warm_humid,3.0,3.0,2.6,180.0,puf_sandwich_panel,0.1,rcc_slab,0.1,eps,0.025,north,0.6,1.5,0.85,3.5,36.29,41.322,0.0536,15.685
Kolkata,22.5726,88.3639,warm_humid,3.0,3.0,2.6,90.0,plywood,0.019,aerated_concrete,0.1,mineral_wool,0.15,south,1.5,0.9,0.55,1.2,35.22,40.191,0.1071,15.733
Kolkata,22.5726,88.3639,warm_humid,3.0,3.0,2.6,180.0,timber,0.1,mud_brick,0.15,eps,0.2,south,1.5,1.2,0.55,1.6,34.947,37.833,0.0595,15.627
Kolkata,22.5726,88.3639,warm_humid,3.0,3.0,2.6,90.0,puf_sandwich_panel,0.15,timber,0.15,eps,0.05,west,1.8,1.5,0.55,1.6,35.752,41.269,0.1012,15.743
Kolkata,22.5726,88.3639,warm_humid,3.0,3.0,2.6,180.0,brick,0.345,rcc_slab,0.2,eps,0.2,west,1.8,1.5,0.85,3.5,37.771,41.351,0.0595,15.549
Kolkata,22.5726,88.3639,warm_humid,3.0,3.0,2.6,90.0,mud_brick,0.3,aerated_concrete,0.1,sheep_wool,0.05,south,1.8,1.2,0.35,1.6,35.172,37.549,0.0774,15.557
Kolkata,22.5726,88.3639,warm_humid,3.0,3.0,2.6,0.0,rammed_earth,0.3,gi_sheet,0.002,sheep_wool,0.05,east,1.5,0.6,0.45,5.8,35.516,37.955,0.0714,15.559
Kolkata,22.5726,88.3639,warm_humid,3.0,3.0,2.6,0.0,stone,0.3,rcc_slab,0.25,xps,0.05,north,1.2,0.9,0.75,2.6,34.701,37.114,0.1071,15.543
Kolkata,22.5726,88.3639,warm_humid,3.0,3.0,2.6,180.0,brick,0.23,brick,0.115,eps,0.1,south,0.6,1.5,0.65,2.6,34.738,36.858,0.0833,15.561
Kolkata,22.5726,88.3639,warm_humid,3.0,3.0,2.6,90.0,puf_sandwich_panel,0.05,stone,0.3,eps,0.2,west,1.2,0.9,0.75,1.2,34.102,36.1,0.0774,15.596
Kolkata,22.5726,88.3639,warm_humid,3.0,3.0,2.6,90.0,rammed_earth,0.15,brick,0.23,xps,0.05,east,1.2,0.6,0.55,5.8,35.317,37.756,0.0714,15.57
Kolkata,22.5726,88.3639,warm_humid,3.0,3.0,2.6,45.0,rammed_earth,0.45,timber,0.15,sheep_wool,0.05,east,0.9,0.9,0.35,1.6,34.191,36.291,0.1607,15.546
Kolkata,22.5726,88.3639,warm_humid,3.0,3.0,2.6,135.0,timber,0.2,puf_sandwich_panel,0.05,none,0.0,north,1.5,0.9,0.45,2.0,36.406,40.615,0.0536,15.641
Kolkata,22.5726,88.3639,warm_humid,3.0,3.0,2.6,90.0,rammed_earth,0.45,concrete,0.15,sheep_wool,0.15,west,1.8,0.9,0.55,5.8,33.614,35.558,0.2083,15.545
Kolkata,22.5726,88.3639,warm_humid,3.0,3.0,2.6,0.0,plywood,0.03,concrete,0.15,eps,0.1,north,0.9,1.2,0.65,1.6,35.347,38.927,0.0595,15.644
Kolkata,22.5726,88.3639,warm_humid,3.0,3.0,2.6,45.0,concrete,0.15,aerated_concrete,0.2,xps,0.15,west,1.8,1.2,0.65,2.0,35.229,37.748,0.0714,15.574
Kolkata,22.5726,88.3639,warm_humid,3.0,3.0,2.6,135.0,brick,0.23,brick,0.115,xps,0.05,east,1.5,1.5,0.35,3.5,35.81,38.445,0.0714,15.563
Kolkata,22.5726,88.3639,warm_humid,3.0,3.0,2.6,45.0,aerated_concrete,0.2,gi_sheet,0.002,eps,0.2,west,1.8,0.9,0.55,1.2,34.61,37.551,0.0655,15.64
Kolkata,22.5726,88.3639,warm_humid,3.0,3.0,2.6,135.0,plywood,0.019,gi_sheet,0.002,eps,0.05,east,0.6,0.6,0.55,1.6,36.341,43.214,0.1786,15.791
Kolkata,22.5726,88.3639,warm_humid,3.0,3.0,2.6,0.0,concrete,0.3,rcc_slab,0.2,mineral_wool,0.05,north,1.8,1.2,0.45,3.5,35.277,37.782,0.0833,15.547
Kolkata,22.5726,88.3639,warm_humid,3.0,3.0,2.6,135.0,aerated_concrete,0.3,gi_sheet,0.002,xps,0.1,north,1.5,1.5,0.65,2.6,37.097,40.783,0.0536,15.615
Kolkata,22.5726,88.3639,warm_humid,3.0,3.0,2.6,135.0,mud_brick,0.45,puf_sandwich_panel,0.15,eps,0.025,north,0.6,0.9,0.65,1.2,34.189,36.297,0.1905,15.545
Kolkata,22.5726,88.3639,warm_humid,3.0,3.0,2.6,90.0,brick,0.345,timber,0.1,sheep_wool,0.05,south,0.6,0.9,0.65,1.2,34.575,36.766,0.0893,15.551
Kolkata,22.5726,88.3639,warm_humid,3.0,3.0,2.6,180.0,brick,0.23,mud_brick,0.15,eps,0.15,north,1.2,0.9,0.85,1.2,34.703,36.825,0.0833,15.56
Kolkata,22.5726,88.3639,warm_humid,3.0,3.0,2.6,135.0,concrete,0.3,stone,0.3,eps,0.1,east,1.2,0.6,0.45,3.5,33.763,35.773,0.2024,15.544
Kolkata,22.5726,88.3639,warm_humid,3.0,3.0,2.6,135.0,rammed_earth,0.3,stone,0.3,eps,0.05,north,1.8,0.6,0.75,1.6,35.563,38.134,0.0774,15.548
Kolkata,22.5726,88.3639,warm_humid,3.0,3.0,2.6,180.0,plywood,0.019,mud_brick,0.25,eps,0.2,east,0.9,0.6,0.85,2.6,34.777,37.414,0.0655,15.624
Kolkata,22.5726,88.3639,warm_humid,3.0,3.0,2.6,180.0,aerated_concrete,0.2,stone,0.3,mineral_wool,0.05,north,1.8,0.6,0.65,1.2,35.301,37.753,0.0714,15.575
Kolkata,22.5726,88.3639,warm_humid,3.0,3.0,2.6,45.0,aerated_concrete,0.2,mud_brick,0.25,mineral_wool,0.1,west,1.2,0.6,0.85,1.2,34.487,36.661,0.0714,15.59
Kolkata,22.5726,88.3639,warm_humid,3.0,3.0,2.6,45.0,timber,0.2,mud_brick,0.15,mineral_wool,0.05,west,1.8,1.5,0.55,3.5,36.137,39.768,0.0595,15.605
Kolkata,22.5726,88.3639,warm_humid,3.0,3.0,2.6,135.0,rammed_earth,0.3,aerated_concrete,0.2,sheep_wool,0.05,north,1.5,1.2,0.75,2.0,36.758,39.663,0.0655,15.558
Kolkata,22.5726,88.3639,warm_humid,3.0,3.0,2.6,0.0,puf_sandwich_panel,0.05,stone,0.15,xps,0.05,south,1.2,0.6,0.75,2.0,35.108,38.404,0.0595,15.644
Kolkata,22.5726,88.3639,warm_humid,3.0,3.0,2.6,0.0,rammed_earth,0.15,timber,0.15,xps,0.15,south,0.6,0.9,0.65,2.6,34.059,35.983,0.0774,15.583
Kolkata,22.5726,88.3639,warm_humid,3.0,3.0,2.6,180.0,aerated_concrete,0.3,concrete,0.15,mineral_wool,0.1,east,0.9,1.5,0.85,1.6,35.118,37.627,0.0714,15.586
Kolkata,22.5726,88.3639,warm_humid,3.0,3.0,2.6,90.0,concrete,0.3,puf_sandwich_panel,0.15,mineral_wool,0.1,west,1.5,0.9,0.65,5.8,34.162,36.176,0.125,15.551
Kolkata,22.5726,88.3639,warm_humid,3.0,3.0,2.6,0.0,mud_brick,0.3,mud_brick,0.15,sheep_wool,0.05,north,1.8,0.9,0.35,1.2,34.98,37.26,0.0833,15.553
Kolkata,22.5726,88.3639,warm_humid,3.0,3.0,2.6,45.0,rammed_earth,0.3,brick,0.115,xps,0.05,east,1.8,1.2,0.65,1.2,36.833,39.789,0.0655,15.556
Kolkata,22.5726,88.3639,warm_humid,3.0,3.0,2.6,0.0,stone,0.3,brick,0.115,mineral_wool,0.05,south,1.8,1.5,0.35,1.2,35.37,37.907,0.0833,15.547
Kolkata,22.5726,88.3639,warm_humid,3.0,3.0,2.6,180.0,stone,0.3,concrete,0.15,xps,0.15,east,0.6,0.6,0.75,5.8,33.41,35.291,0.2143,15.544
Kolkata,22.5726,88.3639,warm_humid,3.0,3.0,2.6,135.0,timber,0.15,puf_sandwich_panel,0.1,xps,0.1,north,0.9,1.2,0.75,2.6,35.752,39.225,0.0536,15.659
Kolkata,22.5726,88.3639,warm_humid,3.0,3.0,2.6,135.0,concrete,0.15,brick,0.115,mineral_wool,0.15,east,0.6,0.9,0.35,5.8,34.397,36.349,0.0833,15.568
Kolkata,22.5726,88.3639,warm_humid,3.0,3.0,2.6,135.0,timber,0.1,timber,0.15,sheep_wool,0.15,south,1.2,1.5,0.75,2.6,35.562,39.672,0.0595,15.664
Kolkata,22.5726,88.3639,warm_humid,3.0,3.0,2.6,0.0,timber,0.15,mud_brick,0.15,sheep_wool,0.05,west,0.9,0.9,0.65,1.2,35.506,38.715,0.0595,15.614
Kolkata,22.5726,88.3639,warm_humid,3.0,3.0,2.6,45.0,gi_sheet,0.002,brick,0.115,xps,0.15,west,1.8,0.9,0.45,1.2,35.317,39.661,0.0595,15.671
Kolkata,22.5726,88.3639,warm_humid,3.0,3.0,2.6,180.0,plywood,0.03,brick,0.23,eps,0.025,west,1.5,0.9,0.85,2.0,38.939,44.822,0.0476,15.629
Kolkata,22.5726,88.3639,warm_humid,3.0,3.0,2.6,90.0,aerated_concrete,0.3,stone,0.3,eps,0.05,west,1.5,1.2,0.85,2.0,35.699,38.286,0.0714,15.569
Kolkata,22.5726,88.3639,warm_humid,3.0,3.0,2.6,135.0,plywood,0.05,brick,0.115,xps,0.1,south,0.6,1.5,0.65,1.6,35.212,38.833,0.0595,15.662
Kolkata,22.5726,88.3639,warm_humid,3.0,3.0,2.6,90.0,brick,0.345,brick,0.115,sheep_wool,0.1,east,1.5,1.2,0.75,2.0,34.996,37.406,0.0833,15.551
Kolkata,22.5726,88.3639,warm_humid,3.0,3.0,2.6,135.0,stone,0.45,stone,0.3,eps,0.15,south,1.5,0.6,0.35,2.6,32.672,34.529,0.3452,15.536
Kolkata,22.5726,88.3639,warm_humid,3.0,3.0,2.6,180.0,plywood,0.03,brick,0.23,eps,0.2,north,1.2,1.5,0.35,1.2,34.999,37.965,0.0595,15.626
Kolkata,22.5726,88.3639,warm_humid,3.0,3.0,2.6,45.0,concrete,0.15,puf_sandwich_panel,0.1,eps,0.2,east,0.9,0.6,0.55,2.6,34.162,36.018,0.0833,15.576
Kolkata,22.5726,88.3639,warm_humid,3.0,3.0,2.6,45.0,mud_brick,0.3,mud_brick,0.25,xps,0.05,north,1.5,1.5,0.45,1.6,35.772,38.313,0.0774,15.551
Kolkata,22.5726,88.3639,warm_humid,3.0,3.0,2.6,135.0,brick,0.115,rcc_slab,0.1,eps,0.05,north,1.5,0.9,0.85,2.6,37.889,41.731,0.0536,15.587
Kolkata,22.5726,88.3639,warm_humid,3.0,3.0,2.6,0.0,gi_sheet,0.002,stone,0.3,none,0.0,north,1.2,0.6,0.45,1.2,40.377,51.484,0.0893,13.551
Kolkata,22.5726,88.3639,warm_humid,3.0,3.0,2.6,135.0,gi_sheet,0.002,brick,0.23,eps,0.025,east,1.5,1.5,0.75,5.8,38.513,45.441,0.0476,15.629
Kolkata,22.5726,88.3639,warm_humid,3.0,3.0,2.6,180.0,concrete,0.2,timber,0.15,eps,0.15,west,0.6,1.2,0.35,1.6,34.575,36.561,0.0833,15.562
Kolkata,22.5726,88.3639,warm_humid,3.0,3.0,2.6,135.0,aerated_concrete,0.1,puf_sandwich_panel,0.05,sheep_wool,0.05,south,1.5,1.2,0.45,2.6,35.856,41.059,0.0833,15.702
Kolkata,22.5726,88.3639,warm_humid,3.0,3.0,2.6,180.0,aerated_concrete,0.3,aerated_concrete,0.2,eps,0.2,east,0.9,1.2,0.75,1.6,34.296,36.499,0.0714,15.602
Kolkata,22.5726,88.3639,warm_humid,3.0,3.0,2.6,45.0,stone,0.3,stone,0.15,mineral_wool,0.1,south,0.6,0.6,0.65,2.0,33.495,35.405,0.2143,15.544
Kolkata,22.5726,88.3639,warm_humid,3.0,3.0,2.6,90.0,mud_brick,0.45,aerated_concrete,0.1,sheep_wool,0.1,south,0.6,0.6,0.85,5.8,33.189,34.971,0.2202,15.545
Kolkata,22.5726,88.3639,warm_humid,3.0,3.0,2.6,0.0,gi_sheet,0.002,brick,0.23,eps,0.025,south,1.2,1.5,0.35,2.0,37.424,43.467,0.0536,15.629
Kolkata,22.5726,88.3639,warm_humid,3.0,3.0,2.6,45.0,brick,0.23,timber,0.1,xps,0.15,north,1.2,0.6,0.65,1.6,34.328,36.234,0.0833,15.564
Kolkata,22.5726,88.3639,warm_humid,3.0,3.0,2.6,135.0,brick,0.115,gi_sheet,0.002,xps,0.15,north,1.5,1.2,0.75,1.2,37.186,40.647,0.0536,15.601
Kolkata,22.5726,88.3639,warm_humid,3.0,3.0,2.6,180.0,brick,0.115,concrete,0.1,mineral_wool,0.05,east,1.5,1.2,0.65,2.0,36.952,40.649,0.0595,15.587
Kolkata,22.5726,88.3639,warm_humid,3.0,3.0,2.6,180.0,timber,0.2,puf_sandwich_panel,0.15,eps,0.15,west,1.8,0.6,0.75,3.5,35.806,38.781,0.0536,15.637
Kolkata,22.5726,88.3639,warm_humid,3.0,3.0,2.6,0.0,brick,0.345,stone,0.15,xps,0.05,south,0.9,1.5,0.55,1.6,34.832,37.186,0.0893,15.548
Kolkata,22.5726,88.3639,warm_humid,3.0,3.0,2.6,90.0,stone,0.15,brick,0.115,xps,0.1,south,0.9,1.5,0.45,2.6,34.8,37.015,0.0774,15.565
Kolkata,22.5726,88.3639,warm_humid,3.0,3.0,2.6,90.0,mud_brick,0.45,aerated_concrete,0.2,eps,0.025,north,0.9,1.5,0.55,1.6,35.382,37.949,0.0833,15.545
Kolkata,22.5726,88.3639,warm_humid,3.0,3.0,2.6,0.0,aerated_concrete,0.1,puf_sandwich_panel,0.15,sheep_wool,0.15,west,0.9,0.9,0.35,3.5,34.137,37.307,0.1012,15.694
Kolkata,22.5726,88.3639,warm_humid,3.0,3.0,2.6,180.0,mud_brick,0.15,stone,0.15,xps,0.15,north,1.8,0.9,0.65,3.5,35.089,37.377,0.0714,15.57
Kolkata,22.5726,88.3639,warm_humid,3.0,3.0,2.6,90.0,rammed_earth,0.15,brick,0.115,mineral_wool,0.05,west,0.6,1.2,0.55,1.6,35.606,38.307,0.0655,15.578
Kolkata,22.5726,88.3639,warm_humid,3.0,3.0,2.6,135.0,stone,0.15,puf_sandwich_panel,0.075,eps,0.1,south,1.2,0.9,0.75,1.2,35.158,37.47,0.0714,15.571
Kolkata,22.5726,88.3639,warm_humid,3.0,3.0,2.6,0.0,plywood,0.012,timber,0.15,sheep_wool,0.15,west,1.8,0.6,0.85,3.5,35.559,41.05,0.1012,15.736
Kolkata,22.5726,88.3639,warm_humid,3.0,3.0,2.6,135.0,rammed_earth,0.15,concrete,0.2,eps,0.2,east,0.6,0.6,0.45,2.6,33.74,35.418,0.1131,15.569
Kolkata,22.5726,88.3639,warm_humid,3.0,3.0,2.6,0.0,mud_brick,0.45,concrete,0.15,xps,0.1,south,1.5,1.2,0.45,1.2,33.735,35.756,0.2083,15.544
Kolkata,22.5726,88.3639,warm_humid,3.0,3.0,2.6,180.0,gi_sheet,0.002,brick,0.23,sheep_wool,0.05,west,1.8,0.6,0.45,3.5,37.458,42.321,0.0476,15.629
Kolkata,22.5726,88.3639,warm_humid,3.0,3.0,2.6,90.0,aerated_concrete,0.1,mud_brick,0.25,mineral_wool,0.15,west,1.5,0.6,0.75,3.5,34.493,36.802,0.0714,15.604
Kolkata,22.5726,88.3639,warm_humid,3.0,3.0,2.6,135.0,rammed_earth,0.45,puf_sandwich_panel,0.075,xps,0.15,south,0.6,1.2,0.65,3.5,33.002,34.646,0.2262,15.547
Kolkata,22.5726,88.3639,warm_humid,3.0,3.0,2.6,135.0,timber,0.15,gi_sheet,0.002,sheep_wool,0.1,east,0.9,0.9,0.45,2.6,34.79,38.005,0.0595,15.657
Kolkata,22.5726,88.3639,warm_humid,3.0,3.0,2.6,45.0,rammed_earth,0.3,timber,0.15,none,0.0,south,1.8,1.5,0.75,3.5,38.103,42.092,0.0595,15.559
Kolkata,22.5726,88.3639,warm_humid,3.0,3.0,2.6,180.0,mud_brick,0.45,timber,0.1,eps,0.05,south,0.6,0.6,0.65,2.0,33.716,35.69,0.2024,15.545
Kolkata,22.5726,88.3639,warm_humid,3.0,3.0,2.6,135.0,plywood,0.05,aerated_concrete,0.2,eps,0.05,north,0.6,0.6,0.45,5.8,35.634,40.02,0.0595,15.695
Kolkata,22.5726,88.3639,warm_humid,3.0,3.0,2.6,90.0,timber,0.2,aerated_concrete,0.1,xps,0.05,west,1.8,1.5,0.55,2.6,36.098,40.202,0.0536,15.633
Kolkata,22.5726,88.3639,warm_humid,3.0,3.0,2.6,90.0,timber,0.15,timber,0.15,none,0.0,east,0.6,0.9,0.85,2.6,36.621,41.443,0.0536,15.641
Kolkata,22.5726,88.3639,warm_humid,3.0,3.0,2.6,0.0,plywood,0.05,mud_brick,0.15,sheep_wool,0.05,south,1.2,1.5,0.55,2.6,36.558,41.594,0.0536,15.65
Kolkata,22.5726,88.3639,warm_humid,3.0,3.0,2.6,90.0,mud_brick,0.3,stone,0.15,sheep_wool,0.05,south,1.5,0.6,0.65,1.6,34.929,37.272,0.0833,15.551
Kolkata,22.5726,88.3639,warm_humid,3.0,3.0,2.6,135.0,puf_sandwich_panel,0.1,brick,0.23,mineral_wool,0.15,east,0.9,0.9,0.35,1.6,33.741,35.834,0.0714,15.629
Kolkata,22.5726,88.3639,warm_humid,3.0,3.0,2.6,180.0,mud_brick,0.3,brick,0.115,eps,0.025,south,1.5,1.2,0.65,3.5,36.461,39.368,0.0714,15.555
Kolkata,22.5726,88.3639,warm_humid,3.0,3.0,2.6,45.0,mud_brick,0.45,mud_brick,0.15,eps,0.1,south,0.6,0.9,0.75,1.6,33.219,35.081,0.2202,15.543
Kolkata,22.5726,88.3639,warm_humid,3.0,3.0,2.6,135.0,gi_sheet,0.002,aerated_concrete,0.1,none,0.0,north,1.8,1.5,0.55,3.5,40.636,55.538,0.2917,11.741
Kolkata,22.5726,88.3639,warm_humid,3.0,3.0,2.6,135.0,gi_sheet,0.002,mud_brick,0.25,eps,0.15,north,0.9,1.5,0.75,2.6,36.951,40.81,0.0476,15.623
Kolkata,22.5726,88.3639,warm_humid,3.0,3.0,2.6,135.0,timber,0.2,mud_brick,0.25,none,0.0,west,1.5,0.6,0.45,5.8,37.343,41.247,0.0536,15.59
Kolkata,22.5726,88.3639,warm_humid,3.0,3.0,2.6,135.0,mud_brick,0.3,aerated_concrete,0.2,eps,0.2,south,1.2,1.2,0.85,1.2,34.197,36.229,0.1131,15.555
Kolkata,22.5726,88.3639,warm_humid,3.0,3.0,2.6,0.0,aerated_concrete,0.1,puf_sandwich_panel,0.05,eps,0.05,east,1.2,0.6,0.85,1.6,36.359,41.119,0.0476,15.698
Kolkata,22.5726,88.3639,warm_humid,3.0,3.0,2.6,180.0,gi_sheet,0.002,stone,0.3,sheep_wool,0.1,west,1.2,1.5,0.45,5.8,37.116,40.609,0.0536,15.593
Kolkata,22.5726,88.3639,warm_humid,3.0,3.0,2.6,0.0,gi_sheet,0.002,brick,0.23,sheep_wool,0.15,west,0.6,0.9,0.45,1.6,34.834,37.897,0.0655,15.627
Kolkata,22.5726,88.3639,warm_humid,3.0,3.0,2.6,45.0,mud_brick,0.15,stone,0.15,sheep_wool,0.05,east,1.8,0.9,0.35,2.6,36.268,39.13,0.0655,15.571
Kolkata,22.5726,88.3639,warm_humid,3.0,3.0,2.6,180.0,concrete,0.2,brick,0.115,sheep_wool,0.1,north,0.6,0.9,0.45,1.2,34.81,36.954,0.0833,15.559
Kolkata,22.5726,88.3639,warm_humid,3.0,3.0,2.6,135.0,brick,0.345,gi_sheet,0.002,mineral_wool,0.05,west,1.5,0.9,0.65,2.6,35.97,38.583,0.0714,15.553
Kolkata,22.5726,88.3639,warm_humid,3.0,3.0,2.6,135.0,puf_sandwich_panel,0.15,brick,0.23,eps,0.2,north,0.9,1.2,0.75,1.6,35.201,37.871,0.0595,15.631
Kolkata,22.5726,88.3639,warm_humid,3.0,3.0,2.6,90.0,plywood,0.03,concrete,0.2,eps,0.15,west,0.6,0.9,0.65,1.6,34.403,36.9,0.0655,15.624
Kolkata,22.5726,88.3639,warm_humid,3.0,3.0,2.6,0.0,concrete,0.15,rcc_slab,0.2,xps,0.05,west,1.8,0.9,0.75,2.0,36.161,39.021,0.0714,15.564
Kolkata,22.5726,88.3639,warm_humid,3.0,3.0,2.6,90.0,rammed_earth,0.3,puf_sandwich_panel,0.1,eps,0.1,east,1.5,0.9,0.45,1.6,34.064,35.941,0.0952,15.559
Kolkata,22.5726,88.3639,warm_humid,3.0,3.0,2.6,180.0,concrete,0.1,mud_brick,0.25,eps,0.15,east,1.5,0.9,0.85,2.0,35.723,38.304,0.0714,15.574
Kolkata,22.5726,88.3639,warm_humid,3.0,3.0,2.6,0.0,aerated_concrete,0.3,concrete,0.15,eps,0.05,east,1.8,0.9,0.85,1.2,37.827,41.312,0.0536,15.588
Kolkata,22.5726,88.3639,warm_humid,3.0,3.0,2.6,0.0,concrete,0.15,puf_sandwich_panel,0.075,xps,0.1,east,1.8,0.6,0.65,5.8,35.731,38.223,0.0655,15.577
Kolkata,22.5726,88.3639,warm_humid,3.0,3.0,2.6,135.0,stone,0.45,brick,0.23,eps,0.15,south,0.6,1.5,0.35,3.5,32.815,34.694,0.2917,15.537
Kolkata,22.5726,88.3639,warm_humid,3.0,3.0,2.6,0.0,aerated_concrete,0.3,rcc_slab,0.25,mineral_wool,0.15,east,1.5,0.6,0.85,2.6,35.266,37.484,0.0655,15.575
Kolkata,22.5726,88.3639,warm_humid,3.0,3.0,2.6,45.0,plywood,0.012,concrete,0.1,eps,0.2,north,1.5,0.9,0.65,2.0,36.093,40.249,0.0476,15.677
Kolkata,22.5726,88.3639,warm_humid,3.0,3.0,2.6,45.0,concrete,0.2,gi_sheet,0.002,xps,0.15,south,1.8,0.9,0.65,3.5,34.804,37.035,0.0833,15.565
Kolkata,22.5726,88.3639,warm_humid,3.0,3.0,2.6,135.0,puf_sandwich_panel,0.05,rcc_slab,0.25,sheep_wool,0.15,north,0.6,1.5,0.85,2.0,35.374,38.037,0.0595,15.616
Kolkata,22.5726,88.3639,warm_humid,3.0,3.0,2.6,0.0,brick,0.345,rcc_slab,0.2,sheep_wool,0.1,west,1.5,0.9,0.35,1.2,33.942,35.964,0.1964,15.548
Kolkata,22.5726,88.3639,warm_humid,3.0,3.0,2.6,45.0,timber,0.2,stone,0.15,eps,0.1,west,1.8,1.2,0.45,2.0,34.991,37.634,0.0714,15.596
Kolkata,22.5726,88.3639,warm_humid,3.0,3.0,2.6,90.0,rammed_earth,0.15,stone,0.3,mineral_wool,0.15,west,1.2,0.6,0.35,1.6,33.679,35.38,0.1488,15.56
Kolkata,22.5726,88.3639,warm_humid,3.0,3.0,2.6,90.0,gi_sheet,0.002,timber,0.1,sheep_wool,0.1,west,0.9,0.6,0.65,1.2,35.446,40.705,0.1488,15.739
Kolkata,22.5726,88.3639,warm_humid,3.0,3.0,2.6,90.0,stone,0.45,mud_brick,0.15,mineral_wool,0.1,south,1.2,1.5,0.55,1.6,33.666,35.898,0.2143,15.538
Kolkata,22.5726,88.3639,warm_humid,3.0,3.0,2.6,180.0,gi_sheet,0.002,mud_brick,0.15,none,0.0,west,0.6,1.2,0.65,5.8,40.38,54.362,0.2202,12.175
Kolkata,22.5726,88.3639,warm_humid,3.0,3.0,2.6,45.0,rammed_earth,0.3,concrete,0.1,none,0.0,north,0.6,0.9,0.75,2.6,39.833,44.656,0.0536,15.555
Kolkata,22.5726,88.3639,warm_humid,3.0,3.0,2.6,0.0,rammed_earth,0.3,rcc_slab,0.25,none,0.0,east,0.6,0.6,0.65,5.8,38.648,42.622,0.0595,15.55
Kolkata,22.5726,88.3639,warm_humid,3.0,3.0,2.6,180.0,plywood,0.05,rcc_slab,0.25,eps,0.15,west,0.6,0.9,0.55,3.5,34.815,37.128,0.0655,15.607
Kolkata,22.5726,88.3639,warm_humid,3.0,3.0,2.6,45.0,concrete,0.1,stone,0.3,sheep_wool,0.15,west,1.8,0.6,0.55,3.5,34.517,36.598,0.0833,15.564
Kolkata,22.5726,88.3639,warm_humid,3.0,3.0,2.6,135.0,puf_sandwich_panel,0.15,gi_sheet,0.002,eps,0.05,south,0.9,1.2,0.35,5.8,34.786,39.79,0.2143,15.807
Kolkata,22.5726,88.3639,warm_humid,3.0,3.0,2.6,0.0,stone,0.15,mud_brick,0.25,mineral_wool,0.1,east,1.5,1.2,0.45,2.6,35.819,38.34,0.0714,15.559
Kolkata,22.5726,88.3639,warm_humid,3.0,3.0,2.6,45.0,timber,0.15,timber,0.15,eps,0.1,south,0.6,1.2,0.45,1.2,34.401,37.099,0.0655,15.64
Kolkata,22.5726,88.3639,warm_humid,3.0,3.0,2.6,135.0,brick,0.115,stone,0.15,mineral_wool,0.05,north,1.2,1.2,0.35,3.5,36.578,39.686,0.0595,15.578
Kolkata,22.5726,88.3639,warm_humid,3.0,3.0,2.6,90.0,mud_brick,0.45,timber,0.1,sheep_wool,0.05,east,1.8,1.5,0.55,1.2,35.167,37.685,0.0833,15.547
Kolkata,22.5726,88.3639,warm_humid,3.0,3.0,2.6,0.0,timber,0.1,brick,0.115,xps,0.1,north,0.6,0.9,0.35,1.6,34.382,37.005,0.0655,15.636
Kolkata,22.5726,88.3639,warm_humid,3.0,3.0,2.6,135.0,concrete,0.1,mud_brick,0.15,sheep_wool,0.05,west,1.2,0.9,0.55,1.2,37.044,40.461,0.0536,15.582
Kolkata,22.5726,88.3639,warm_humid,3.0,3.0,2.6,180.0,timber,0.2,puf_sandwich_panel,0.05,mineral_wool,0.1,east,1.5,0.9,0.75,2.0,35.048,38.249,0.0655,15.636
Kolkata,22.5726,88.3639,warm_humid,3.0,3.0,2.6,180.0,mud_brick,0.3,stone,0.15,xps,0.05,east,1.2,0.6,0.45,2.6,34.524,36.686,0.0893,15.551
Kolkata,22.5726,88.3639,warm_humid,3.0,3.0,2.6,180.0,rammed_earth,0.3,timber,0.1,none,0.0,north,0.6,1.2,0.75,1.6,37.38,40.863,0.0655,15.558
Kolkata,22.5726,88.3639,warm_humid,3.0,3.0,2.6,90.0,mud_brick,0.15,timber,0.15,eps,0.2,south,0.6,0.9,0.55,3.5,33.758,35.497,0.0833,15.581
Kolkata,22.5726,88.3639,warm_humid,3.0,3.0,2.6,180.0,timber,0.1,concrete,0.15,mineral_wool,0.05,west,1.8,1.2,0.45,2.0,37.414,41.647,0.0476,15.62
Kolkata,22.5726,88.3639,warm_humid,3.0,3.0,2.6,0.0,stone,0.45,puf_sandwich_panel,0.05,sheep_wool,0.15,north,1.8,1.2,0.75,2.6,33.909,36.177,0.2083,15.54
Kolkata,22.5726,88.3639,warm_humid,3.0,3.0,2.6,45.0,aerated_concrete,0.2,puf_sandwich_panel,0.1,eps,0.2,west,0.9,1.2,0.75,1.2,34.317,36.973,0.0655,15.641
Kolkata,22.5726,88.3639,warm_humid,3.0,3.0,2.6,0.0,brick,0.23,stone,0.15,xps,0.1,east,1.2,1.5,0.55,3.5,35.953,38.502,0.0714,15.558
Kolkata,22.5726,88.3639,warm_humid,3.0,3.0,2.6,180.0,puf_sandwich_panel,0.075,timber,0.15,eps,0.15,east,1.5,0.6,0.45,1.6,34.049,37.537,0.1667,15.743
Kolkata,22.5726,88.3639,warm_humid,3.0,3.0,2.6,135.0,puf_sandwich_panel,0.05,aerated_concrete,0.1,mineral_wool,0.1,north,1.5,1.5,0.55,2.6,36.914,42.963,0.1071,15.76
Kolkata,22.5726,88.3639,warm_humid,3.0,3.0,2.6,0.0,timber,0.15,aerated_concrete,0.2,sheep_wool,0.15,south,1.5,1.5,0.75,1.2,35.961,39.971,0.0595,15.638
Kolkata,22.5726,88.3639,warm_humid,3.0,3.0,2.6,135.0,puf_sandwich_panel,0.075,brick,0.23,eps,0.05,east,1.2,0.6,0.35,3.5,34.659,37.468,0.0655,15.635
Kolkata,22.5726,88.3639,warm_humid,3.0,3.0,2.6,135.0,brick,0.345,concrete,0.1,xps,0.1,east,1.8,0.9,0.65,3.5,34.571,36.823,0.0893,15.55
Kolkata,22.5726,88.3639,warm_humid,3.0,3.0,2.6,90.0,timber,0.15,aerated_concrete,0.1,xps,0.1,west,1.8,1.5,0.65,2.6,36.031,40.341,0.0536,15.65
Kolkata,22.5726,88.3639,warm_humid,3.0,3.0,2.6,180.0,aerated_concrete,0.1,stone,0.15,eps,0.05,north,1.5,0.9,0.85,2.0,36.517,40.506,0.0595,15.615
Kolkata,22.5726,88.3639,warm_humid,3.0,3.0,2.6,135.0,aerated_concrete,0.3,rcc_slab,0.1,mineral_wool,0.1,west,0.9,1.2,0.55,3.5,35.16,37.519,0.0655,15.593
Kolkata,22.5726,88.3639,warm_humid,3.0,3.0,2.6,180.0,rammed_earth,0.3,gi_sheet,0.002,xps,0.1,south,1.8,1.2,0.75,3.5,35.344,37.746,0.0774,15.56
Kolkata,22.5726,88.3639,warm_humid,3.0,3.0,2.6,180.0,aerated_concrete,0.2,timber,0.1,eps,0.15,east,0.9,0.6,0.65,1.6,34.113,36.439,0.0655,15.63
Kolkata,22.5726,88.3639,warm_humid,3.0,3.0,2.6,0.0,stone,0.45,puf_sandwich_panel,0.15,eps,0.025,east,0.9,1.2,0.35,1.6,34.547,36.927,0.1548,15.539
Kolkata,22.5726,88.3639,warm_humid,3.0,3.0,2.6,180.0,plywood,0.03,brick,0.115,eps,0.025,south,1.2,1.2,0.75,1.2,37.891,45.026,0.0476,15.675
Kolkata,22.5726,88.3639,warm_humid,3.0,3.0,2.6,90.0,aerated_concrete,0.2,mud_brick,0.15,none,0.0,west,1.5,0.9,0.55,2.6,38.242,43.726,0.0536,15.607
Kolkata,22.5726,88.3639,warm_humid,3.0,3.0,2.6,90.0,brick,0.345,puf_sandwich_panel,0.075,eps,0.05,north,1.8,1.5,0.55,1.6,36.893,39.811,0.0655,15.554
Kolkata,22.5726,88.3639,warm_humid,3.0,3.0,2.6,45.0,plywood,0.05,timber,0.1,mineral_wool,0.05,west,1.8,1.2,0.75,2.6,36.846,43.676,0.0833,15.717
Kolkata,22.5726,88.3639,warm_humid,3.0,3.0,2.6,135.0,gi_sheet,0.002,concrete,0.15,eps,0.2,west,1.8,0.9,0.45,1.2,36.27,40.059,0.0476,15.642
Kolkata,22.5726,88.3639,warm_humid,3.0,3.0,2.6,180.0,aerated_concrete,0.1,gi_sheet,0.002,eps,0.1,west,0.6,0.9,0.55,2.0,35.341,39.074,0.0536,15.691
Kolkata,22.5726,88.3639,warm_humid,3.0,3.0,2.6,90.0,mud_brick,0.15,mud_brick,0.25,sheep_wool,0.15,north,1.2,1.5,0.35,2.0,35.251,37.51,0.0714,15.568
Kolkata,22.5726,88.3639,warm_humid,3.0,3.0,2.6,45.0,timber,0.2,stone,0.15,sheep_wool,0.1,south,1.8,0.6,0.65,2.6,34.806,37.242,0.0714,15.595
Kolkata,22.5726,88.3639,warm_humid,3.0,3.0,2.6,135.0,stone,0.3,brick,0.23,xps,0.1,north,0.9,0.9,0.65,1.2,34.332,36.585,0.1905,15.544
Kolkata,22.5726,88.3639,warm_humid,3.0,3.0,2.6,90.0,brick,0.115,stone,0.15,eps,0.15,south,1.2,0.9,0.55,3.5,34.582,36.744,0.0774,15.578
Kolkata,22.5726,88.3639,warm_humid,3.0,3.0,2.6,0.0,stone,0.3,aerated_concrete,0.1,xps,0.1,north,1.5,1.5,0.45,1.2,34.413,36.583,0.1071,15.548
Kolkata,22.5726,88.3639,warm_humid,3.0,3.0,2.6,180.0,concrete,0.2,gi_sheet,0.002,eps,0.025,east,1.8,1.5,0.75,1.6,38.035,42.111,0.0595,15.567
Kolkata,22.5726,88.3639,warm_humid,3.0,3.0,2.6,45.0,rammed_earth,0.15,stone,0.15,mineral_wool,0.1,west,1.8,1.5,0.55,1.6,35.585,38.302,0.0714,15.573
Kolkata,22.5726,88.3639,warm_humid,3.0,3.0,2.6,90.0,mud_brick,0.3,mud_brick,0.25,xps,0.05,east,0.9,0.6,0.75,2.0,34.353,36.481,0.1131,15.55
Kolkata,22.5726,88.3639,warm_humid,3.0,3.0,2.6,180.0,mud_brick,0.3,mud_brick,0.15,eps,0.2,east,0.9,0.9,0.35,5.8,33.253,34.893,0.2083,15.553
Kolkata,22.5726,88.3639,warm_humid,3.0,3.0,2.6,135.0,puf_sandwich_panel,0.1,rcc_slab,0.15,eps,0.05,north,1.2,0.6,0.45,2.0,35.122,38.299,0.0595,15.653
Kolkata,22.5726,88.3639,warm_humid,3.0,3.0,2.6,0.0,plywood,0.012,stone,0.3,xps,0.15,north,0.9,0.6,0.35,3.5,34.162,36.277,0.0774,15.595
Kolkata,22.5726,88.3639,warm_humid,3.0,3.0,2.6,45.0,stone,0.3,gi_sheet,0.002,none,0.0,north,1.8,0.6,0.75,5.8,40.55,46.087,0.0536,15.547
Kolkata,22.5726,88.3639,warm_humid,3.0,3.0,2.6,180.0,mud_brick,0.15,gi_sheet,0.002,none,0.0,north,0.6,1.5,0.85,2.0,40.792,49.294,0.0476,15.586
Kolkata,22.5726,88.3639,warm_humid,3.0,3.0,2.6,180.0,mud_brick,0.45,brick,0.115,eps,0.05,east,0.9,1.5,0.35,2.6,34.273,36.496,0.1667,15.544
Kolkata,22.5726,88.3639,warm_humid,3.0,3.0,2.6,90.0,stone,0.45,puf_sandwich_panel,0.05,xps,0.15,south,1.8,1.5,0.55,1.2,33.848,36.072,0.2083,15.54
Kolkata,22.5726,88.3639,warm_humid,3.0,3.0,2.6,45.0,timber,0.1,brick,0.115,eps,0.1,north,0.9,1.2,0.65,2.6,35.873,39.256,0.0536,15.637
Kolkata,22.5726,88.3639,warm_humid,3.0,3.0,2.6,135.0,puf_sandwich_panel,0.15,mud_brick,0.15,xps,0.1,south,1.8,0.6,0.45,5.8,34.153,36.926,0.0655,15.664
Kolkata,22.5726,88.3639,warm_humid,3.0,3.0,2.6,90.0,plywood,0.012,timber,0.1,mineral_wool,0.1,south,1.2,1.2,0.75,3.5,36.03,42.317,0.1429,15.747
Kolkata,22.5726,88.3639,warm_humid,3.0,3.0,2.6,180.0,aerated_concrete,0.3,timber,0.1,eps,0.15,west,1.8,1.2,0.85,1.6,38.465,42.375,0.0476,15.609
Kolkata,22.5726,88.3639,warm_humid,3.0,3.0,2.6,90.0,puf_sandwich_panel,0.05,aerated_concrete,0.2,none,0.0,east,0.6,0.6,0.75,3.5,35.634,40.96,0.1131,15.739
Kolkata,22.5726,88.3639,warm_humid,3.0,3.0,2.6,180.0,mud_brick,0.45,concrete,0.1,eps,0.2,south,0.9,0.6,0.65,1.6,32.71,34.325,0.2679,15.544
Kolkata,22.5726,88.3639,warm_humid,3.0,3.0,2.6,90.0,gi_sheet,0.002,brick,0.115,mineral_wool,0.1,west,1.5,1.2,0.75,2.0,36.368,41.601,0.0536,15.669
Kolkata,22.5726,88.3639,warm_humid,3.0,3.0,2.6,135.0,puf_sandwich_panel,0.15,rcc_slab,0.25,eps,0.025,west,0.9,0.6,0.35,2.0,35.225,38.032,0.0595,15.616
Kolkata,22.5726,88.3639,warm_humid,3.0,3.0,2.6,0.0,mud_brick,0.15,stone,0.15,none,0.0,north,0.9,0.9,0.35,3.5,40.032,46.388,0.0536,15.57
Kolkata,22.5726,88.3639,warm_humid,3.0,3.0,2.6,135.0,brick,0.23,concrete,0.15,eps,0.025,north,1.5,1.5,0.65,1.2,38.31,41.968,0.0595,15.56
Kolkata,22.5726,88.3639,warm_humid,3.0,3.0,2.6,135.0,stone,0.15,puf_sandwich_panel,0.075,mineral_wool,0.1,east,1.8,0.6,0.45,2.0,34.914,37.114,0.0774,15.57
Kolkata,22.5726,88.3639,warm_humid,3.0,3.0,2.6,90.0,stone,0.45,concrete,0.2,none,0.0,south,1.5,1.5,0.55,2.0,38.779,42.754,0.0655,15.538
Kolkata,22.5726,88.3639,warm_humid,3.0,3.0,2.6,180.0,stone,0.3,brick,0.115,eps,0.15,south,0.6,0.6,0.35,3.5,33.43,35.253,0.2083,15.545
Kolkata,22.5726,88.3639,warm_humid,3.0,3.0,2.6,90.0,concrete,0.15,puf_sandwich_panel,0.075,eps,0.05,west,0.6,1.5,0.85,3.5,35.581,38.277,0.0655,15.577
Kolkata,22.5726,88.3639,warm_humid,3.0,3.0,2.6,180.0,rammed_earth,0.15,timber,0.1,sheep_wool,0.1,east,1.2,0.6,0.45,2.0,34.917,37.256,0.0714,15.585
Kolkata,22.5726,88.3639,warm_humid,3.0,3.0,2.6,0.0,plywood,0.012,rcc_slab,0.2,mineral_wool,0.15,west,1.2,0.9,0.85,1.6,35.309,38.652,0.0655,15.625
Kolkata,22.5726,88.3639,warm_humid,3.0,3.0,2.6,0.0,timber,0.1,puf_sandwich_panel,0.075,eps,0.05,east,1.5,0.9,0.75,1.6,37.184,42.386,0.0476,15.695
Kolkata,22.5726,88.3639,warm_humid,3.0,3.0,2.6,0.0,rammed_earth,0.45,rcc_slab,0.25,xps,0.1,south,0.9,0.9,0.65,3.5,33.282,35.172,0.2202,15.543
Kolkata,22.5726,88.3639,warm_humid,3.0,3.0,2.6,135.0,mud_brick,0.45,stone,0.15,xps,0.15,west,1.2,0.9,0.55,1.2,33.525,35.538,0.2083,15.543
Kolkata,22.5726,88.3639,warm_humid,3.0,3.0,2.6,135.0,concrete,0.1,concrete,0.15,none,0.0,east,0.6,0.6,0.45,2.6,41.053,50.064,0.0476,15.578
Kolkata,22.5726,88.3639,warm_humid,3.0,3.0,2.6,45.0,plywood,0.05,aerated_concrete,0.2,eps,0.15,south,1.2,1.5,0.65,1.6,35.518,40.238,0.0536,15.693
Kolkata,22.5726,88.3639,warm_humid,3.0,3.0,2.6,180.0,plywood,0.05,stone,0.3,mineral_wool,0.1,east,1.8,1.5,0.85,5.8,36.702,40.337,0.0655,15.59
Kolkata,22.5726,88.3639,warm_humid,3.0,3.0,2.6,0.0,brick,0.115,brick,0.115,eps,0.05,west,1.5,1.5,0.35,1.2,36.344,39.862,0.0595,15.588
Kolkata,22.5726,88.3639,warm_humid,3.0,3.0,2.6,0.0,concrete,0.2,mud_brick,0.25,mineral_wool,0.15,west,0.9,1.2,0.75,1.6,34.273,36.346,0.0893,15.555
Kolkata,22.5726,88.3639,warm_humid,3.0,3.0,2.6,180.0,plywood,0.012,concrete,0.15,eps,0.2,north,1.8,0.9,0.45,3.5,35.504,39.133,0.0536,15.648
Kolkata,22.5726,88.3639,warm_humid,3.0,3.0,2.6,0.0,gi_sheet,0.002,gi_sheet,0.002,none,0.0,north,0.9,1.2,0.75,5.8,41.081,58.829,0.3155,11.075
Kolkata,22.5726,88.3639,warm_humid,3.0,3.0,2.6,180.0,concrete,0.2,stone,0.15,xps,0.15,south,0.9,0.9,0.45,1.6,34.173,36.07,0.1131,15.556
Kolkata,22.5726,88.3639,warm_humid,3.0,3.0,2.6,135.0,puf_sandwich_panel,0.05,puf_sandwich_panel,0.05,mineral_wool,0.1,west,1.8,1.5,0.75,1.2,38.351,45.71,0.1488,15.811
Kolkata,22.5726,88.3639,warm_humid,3.0,3.0,2.6,180.0,timber,0.1,rcc_slab,0.1,none,0.0,west,0.6,1.5,0.45,2.6,40.514,50.28,0.0476,15.637
Kolkata,22.5726,88.3639,warm_humid,3.0,3.0,2.6,135.0,gi_sheet,0.002,timber,0.1,eps,0.025,east,1.8,1.2,0.45,3.5,37.888,47.242,0.1786,15.744
Kolkata,22.5726,88.3639,warm_humid,3.0,3.0,2.6,45.0,aerated_concrete,0.2,rcc_slab,0.25,sheep_wool,0.05,north,0.9,0.9,0.45,3.5,35.532,38.132,0.0655,15.586
Kolkata,22.5726,88.3639,warm_humid,3.0,3.0,2.6,45.0,plywood,0.012,brick,0.23,mineral_wool,0.1,west,1.2,0.9,0.85,3.5,35.667,39.355,0.0595,15.63
Kolkata,22.5726,88.3639,warm_humid,3.0,3.0,2.6,45.0,timber,0.2,rcc_slab,0.1,mineral_wool,0.1,east,1.5,1.2,0.55,3.5,36.196,39.335,0.0536,15.608
Kolkata,22.5726,88.3639,warm_humid,3.0,3.0,2.6,90.0,puf_sandwich_panel,0.1,brick,0.23,eps,0.1,west,0.9,0.9,0.75,5.8,34.366,36.877,0.0655,15.634
Kolkata,22.5726,88.3639,warm_humid,3.0,3.0,2.6,45.0,concrete,0.3,timber,0.15,mineral_wool,0.05,east,1.2,1.5,0.85,1.2,36.794,39.742,0.0655,15.551
Kolkata,22.5726,88.3639,warm_humid,3.0,3.0,2.6,0.0,timber,0.1,rcc_slab,0.1,mineral_wool,0.1,west,1.8,0.6,0.65,1.2,35.101,38.321,0.0595,15.633
Kolkata,22.5726,88.3639,warm_humid,3.0,3.0,2.6,180.0,concrete,0.1,concrete,0.2,sheep_wool,0.15,west,1.2,0.9,0.35,2.6,35.554,37.936,0.0655,15.574
Kolkata,22.5726,88.3639,warm_humid,3.0,3.0,2.6,90.0,timber,0.2,aerated_concrete,0.2,mineral_wool,0.15,east,1.5,1.5,0.55,1.6,35.236,38.354,0.0655,15.619
Kolkata,22.5726,88.3639,warm_humid,3.0,3.0,2.6,0.0,mud_brick,0.15,stone,0.15,mineral_wool,0.15,north,0.6,1.2,0.75,2.6,34.145,36.037,0.0833,15.569
Kolkata,22.5726,88.3639,warm_humid,3.0,3.0,2.6,90.0,gi_sheet,0.002,rcc_slab,0.25,eps,0.15,south,0.6,1.2,0.75,5.8,34.963,37.829,0.0655,15.611
Kolkata,22.5726,88.3639,warm_humid,3.0,3.0,2.6,135.0,concrete,0.1,gi_sheet,0.002,sheep_wool,0.1,south,1.5,0.6,0.65,2.6,35.749,38.745,0.0595,15.597
Kolkata,22.5726,88.3639,warm_humid,3.0,3.0,2.6,90.0,concrete,0.15,puf_sandwich_panel,0.075,mineral_wool,0.1,west,0.9,0.6,0.85,1.6,34.539,36.63,0.0774,15.576
Kolkata,22.5726,88.3639,warm_humid,3.0,3.0,2.6,45.0,puf_sandwich_panel,0.075,concrete,0.1,eps,0.15,east,0.6,0.9,0.55,2.0,34.25,36.987,0.0595,15.682
Kolkata,22.5726,88.3639,warm_humid,3.0,3.0,2.6,135.0,gi_sheet,0.002,mud_brick,0.15,none,0.0,north,0.9,1.2,0.35,2.0,40.484,54.298,0.2202,12.172
Kolkata,22.5726,88.3639,warm_humid,3.0,3.0,2.6,45.0,stone,0.3,stone,0.15,sheep_wool,0.05,south,0.6,1.2,0.65,2.0,34.869,37.308,0.0893,15.544
Kolkata,22.5726,88.3639,warm_humid,3.0,3.0,2.6,90.0,aerated_concrete,0.3,concrete,0.1,none,0.0,west,1.8,0.6,0.65,3.5,39.78,46.12,0.0536,15.595
Kolkata,22.5726,88.3639,warm_humid,3.0,3.0,2.6,90.0,gi_sheet,0.002,concrete,0.2,eps,0.05,south,1.8,0.6,0.55,2.0,36.395,40.927,0.0536,15.626
Kolkata,22.5726,88.3639,warm_humid,3.0,3.0,2.6,0.0,aerated_concrete,0.3,timber,0.1,none,0.0,east,0.6,1.2,0.75,5.8,37.093,41.032,0.0536,15.608
Kolkata,22.5726,88.3639,warm_humid,3.0,3.0,2.6,135.0,timber,0.15,rcc_slab,0.1,sheep_wool,0.15,north,1.8,0.9,0.75,1.2,36.663,40.134,0.0536,15.621
Kolkata,22.5726,88.3639,warm_humid,3.0,3.0,2.6,0.0,plywood,0.012,timber,0.1,none,0.0,west,1.2,0.9,0.65,5.8,39.603,53.515,0.2619,13.268
Kolkata,22.5726,88.3639,warm_humid,3.0,3.0,2.6,0.0,aerated_concrete,0.3,brick,0.115,xps,0.1,north,0.9,1.5,0.65,2.6,34.786,37.171,0.0714,15.595
Kolkata,22.5726,88.3639,warm_humid,3.0,3.0,2.6,0.0,mud_brick,0.15,concrete,0.2,mineral_wool,0.05,west,1.5,0.9,0.35,1.2,35.513,38.073,0.0714,15.568
Kolkata,22.5726,88.3639,warm_humid,3.0,3.0,2.6,0.0,puf_sandwich_panel,0.1,gi_sheet,0.002,sheep_wool,0.05,west,0.9,1.2,0.45,3.5,35.176,40.918,0.2143,15.814
Kolkata,22.5726,88.3639,warm_humid,3.0,3.0,2.6,135.0,brick,0.23,concrete,0.2,mineral_wool,0.1,west,1.8,1.2,0.85,2.6,37.209,40.248,0.0595,15.557
Kolkata,22.5726,88.3639,warm_humid,3.0,3.0,2.6,0.0,stone,0.3,timber,0.1,sheep_wool,0.1,north,0.6,0.9,0.45,1.2,33.702,35.625,0.2024,15.547
Kolkata,22.5726,88.3639,warm_humid,3.0,3.0,2.6,90.0,gi_sheet,0.002,brick,0.23,xps,0.05,west,1.5,0.6,0.85,1.6,36.389,40.811,0.0536,15.628
Kolkata,22.5726,88.3639,warm_humid,3.0,3.0,2.6,0.0,plywood,0.03,brick,0.115,mineral_wool,0.1,east,0.9,0.9,0.75,2.6,36.259,40.406,0.0476,15.667
Kolkata,22.5726,88.3639,warm_humid,3.0,3.0,2.6,135.0,gi_sheet,0.002,rcc_slab,0.1,eps,0.05,south,1.5,1.5,0.45,1.2,37.202,43.566,0.0536,15.673
Kolkata,22.5726,88.3639,warm_humid,3.0,3.0,2.6,180.0,concrete,0.2,gi_sheet,0.002,xps,0.15,north,1.5,1.5,0.45,2.0,35.259,37.614,0.0714,15.566
Kolkata,22.5726,88.3639,warm_humid,3.0,3.0,2.6,90.0,gi_sheet,0.002,timber,0.15,none,0.0,west,1.5,1.2,0.75,2.6,39.928,54.482,0.2798,11.917
Kolkata,22.5726,88.3639,warm_humid,3.0,3.0,2.6,135.0,mud_brick,0.15,brick,0.23,eps,0.025,east,1.5,1.5,0.65,2.0,37.464,41.175,0.0595,15.57
Kolkata,22.5726,88.3639,warm_humid,3.0,3.0,2.6,90.0,mud_brick,0.15,mud_brick,0.25,sheep_wool,0.1,east,0.9,1.2,0.85,1.2,35.123,37.458,0.0774,15.568
Kolkata,22.5726,88.3639,warm_humid,3.0,3.0,2.6,180.0,gi_sheet,0.002,mud_brick,0.15,eps,0.1,north,1.2,1.2,0.75,2.0,36.752,41.722,0.0536,15.657
Kolkata,22.5726,88.3639,warm_humid,3.0,3.0,2.6,180.0,brick,0.115,timber,0.1,xps,0.15,east,0.6,0.9,0.85,3.5,34.876,37.209,0.0655,15.595
Kolkata,22.5726,88.3639,warm_humid,3.0,3.0,2.6,0.0,concrete,0.15,aerated_concrete,0.2,sheep_wool,0.05,west,0.6,1.5,0.55,2.0,35.692,38.442,0.0714,15.573
Kolkata,22.5726,88.3639,warm_humid,3.0,3.0,2.6,90.0,rammed_earth,0.15,timber,0.1,sheep_wool,0.1,north,0.6,1.2,0.75,1.6,35.593,38.131,0.0655,15.585
Kolkata,22.5726,88.3639,warm_humid,3.0,3.0,2.6,0.0,concrete,0.3,puf_sandwich_panel,0.1,xps,0.15,north,0.6,0.9,0.75,1.6,33.312,35.018,0.2143,15.551
Kolkata,22.5726,88.3639,warm_humid,3.0,3.0,2.6,45.0,brick,0.115,aerated_concrete,0.1,mineral_wool,0.15,east,1.2,1.5,0.55,2.6,36.177,39.192,0.0595,15.596
Kolkata,22.5726,88.3639,warm_humid,3.0,3.0,2.6,180.0,aerated_concrete,0.1,mud_brick,0.15,sheep_wool,0.05,east,1.5,0.9,0.35,2.6,35.916,39.835,0.0595,15.63
Kolkata,22.5726,88.3639,warm_humid,3.0,3.0,2.6,180.0,stone,0.45,brick,0.115,eps,0.1,north,1.2,1.2,0.65,1.2,33.914,36.262,0.2083,15.538
Kolkata,22.5726,88.3639,warm_humid,3.0,3.0,2.6,45.0,gi_sheet,0.002,aerated_concrete,0.2,eps,0.15,north,1.8,0.9,0.75,3.5,37.043,42.666,0.0595,15.708
Kolkata,22.5726,88.3639,warm_humid,3.0,3.0,2.6,0.0,timber,0.2,mud_brick,0.15,sheep_wool,0.15,south,1.8,1.5,0.75,1.6,36.208,39.762,0.0655,15.605
Kolkata,22.5726,88.3639,warm_humid,3.0,3.0,2.6,135.0,timber,0.1,stone,0.15,mineral_wool,0.05,south,1.8,0.6,0.65,5.8,35.833,39.245,0.0595,15.613
Kolkata,22.5726,88.3639,warm_humid,3.0,3.0,2.6,90.0,gi_sheet,0.002,puf_sandwich_panel,0.05,eps,0.025,west,1.5,0.6,0.35,2.6,36.73,45.082,0.2143,15.789
Kolkata,22.5726,88.3639,warm_humid,3.0,3.0,2.6,135.0,rammed_earth,0.15,puf_sandwich_panel,0.05,xps,0.05,west,1.2,1.2,0.85,3.5,37.141,40.531,0.0536,15.59
Kolkata,22.5726,88.3639,warm_humid,3.0,3.0,2.6,180.0,rammed_earth,0.3,timber,0.15,none,0.0,east,0.6,0.6,0.45,3.5,36.849,40.012,0.0655,15.557
Kolkata,22.5726,88.3639,warm_humid,3.0,3.0,2.6,135.0,mud_brick,0.15,mud_brick,0.15,sheep_wool,0.15,east,1.2,1.5,0.85,5.8,35.708,38.368,0.0714,15.575
Kolkata,22.5726,88.3639,warm_humid,3.0,3.0,2.6,180.0,puf_sandwich_panel,0.15,timber,0.1,sheep_wool,0.1,south,1.2,0.6,0.45,5.8,34.026,37.505,0.1845,15.761
Kolkata,22.5726,88.3639,warm_humid,3.0,3.0,2.6,180.0,aerated_concrete,0.2,mud_brick,0.25,mineral_wool,0.1,east,0.9,0.6,0.35,3.5,34.077,36.019,0.0774,15.59
Kolkata,22.5726,88.3639,warm_humid,3.0,3.0,2.6,45.0,puf_sandwich_panel,0.1,concrete,0.15,sheep_wool,0.1,south,1.8,0.6,0.85,2.6,35.001,38.351,0.0595,15.652
Kolkata,22.5726,88.3639,warm_humid,3.0,3.0,2.6,45.0,puf_sandwich_panel,0.05,gi_sheet,0.002,sheep_wool,0.15,north,1.8,1.5,0.85,1.6,38.97,46.857,0.1369,15.812
Kolkata,22.5726,88.3639,warm_humid,3.0,3.0,2.6,135.0,aerated_concrete,0.3,stone,0.3,eps,0.025,east,1.5,0.6,0.45,1.2,35.46,37.951,0.0714,15.569
Kolkata,22.5726,88.3639,warm_humid,3.0,3.0,2.6,0.0,brick,0.23,timber,0.1,eps,0.05,north,1.8,1.5,0.35,1.2,35.677,38.329,0.0714,15.567
Kolkata,22.5726,88.3639,warm_humid,3.0,3.0,2.6,135.0,plywood,0.03,stone,0.3,mineral_wool,0.1,north,0.9,1.5,0.65,5.8,36.28,39.246,0.0595,15.592
Kolkata,22.5726,88.3639,warm_humid,3.0,3.0,2.6,0.0,puf_sandwich_panel,0.05,timber,0.1,xps,0.1,east,0.6,0.6,0.35,2.0,34.133,37.589,0.1726,15.768
Kolkata,22.5726,88.3639,warm_humid,3.0,3.0,2.6,135.0,mud_brick,0.15,timber,0.15,xps,0.1,east,0.6,0.6,0.85,3.5,34.507,36.548,0.0774,15.581
Kolkata,22.5726,88.3639,warm_humid,3.0,3.0,2.6,180.0,plywood,0.05,concrete,0.2,xps,0.1,south,0.9,1.2,0.85,2.6,35.447,38.539,0.0595,15.62
Kolkata,22.5726,88.3639,warm_humid,3.0,3.0,2.6,180.0,plywood,0.019,puf_sandwich_panel,0.1,xps,0.1,east,0.9,1.5,0.45,1.2,35.521,41.308,0.1786,15.796
Kolkata,22.5726,88.3639,warm_humid,3.0,3.0,2.6,90.0,gi_sheet,0.002,stone,0.15,eps,0.2,north,0.9,0.6,0.55,1.6,34.979,37.906,0.0595,15.633
Kolkata,22.5726,88.3639,warm_humid,3.0,3.0,2.6,0.0,stone,0.15,mud_brick,0.15,sheep_wool,0.05,south,1.5,0.9,0.55,1.6,35.997,38.764,0.0714,15.563
Kolkata,22.5726,88.3639,warm_humid,3.0,3.0,2.6,90.0,rammed_earth,0.45,mud_brick,0.25,eps,0.2,west,1.2,0.6,0.55,3.5,32.668,34.261,0.2857,15.543
Kolkata,22.5726,88.3639,warm_humid,3.0,3.0,2.6,0.0,rammed_earth,0.3,puf_sandwich_panel,0.05,xps,0.1,west,0.6,0.9,0.45,2.6,33.532,35.208,0.1964,15.558
Kolkata,22.5726,88.3639,warm_humid,3.0,3.0,2.6,135.0,puf_sandwich_panel,0.075,timber,0.1,sheep_wool,0.15,south,1.8,1.2,0.75,1.2,35.632,41.488,0.1607,15.766
Kolkata,22.5726,88.3639,warm_humid,3.0,3.0,2.6,180.0,concrete,0.2,timber,0.15,xps,0.1,north,1.5,0.9,0.45,2.0,34.973,37.188,0.0774,15.563
Kolkata,22.5726,88.3639,warm_humid,3.0,3.0,2.6,0.0,puf_sandwich_panel,0.1,timber,0.1,eps,0.2,north,0.6,0.6,0.35,2.6,33.36,36.082,0.2262,15.758
Kolkata,22.5726,88.3639,warm_humid,3.0,3.0,2.6,135.0,timber,0.1,gi_sheet,0.002,eps,0.05,south,1.2,1.5,0.75,1.2,36.651,42.545,0.0536,15.691
Kolkata,22.5726,88.3639,warm_humid,3.0,3.0,2.6,180.0,puf_sandwich_panel,0.05,concrete,0.2,mineral_wool,0.05,south,0.9,0.6,0.55,2.0,34.854,37.74,0.0655,15.631
Kolkata,22.5726,88.3639,warm_humid,3.0,3.0,2.6,45.0,stone,0.15,gi_sheet,0.002,sheep_wool,0.15,west,0.9,0.9,0.45,2.0,34.329,36.324,0.0833,15.57
Kolkata,22.5726,88.3639,warm_humid,3.0,3.0,2.6,90.0,concrete,0.2,concrete,0.1,xps,0.1,north,1.2,1.5,0.55,2.0,36.162,38.794,0.0655,15.56
Kolkata,22.5726,88.3639,warm_humid,3.0,3.0,2.6,0.0,timber,0.15,timber,0.1,eps,0.15,south,1.2,1.2,0.45,1.6,34.63,37.649,0.0655,15.646
Kolkata,22.5726,88.3639,warm_humid,3.0,3.0,2.6,135.0,plywood,0.03,timber,0.15,eps,0.15,east,0.6,1.2,0.35,3.5,34.683,38.443,0.0893,15.717
Kolkata,22.5726,88.3639,warm_humid,3.0,3.0,2.6,0.0,aerated_concrete,0.3,timber,0.1,eps,0.15,south,0.9,0.6,0.85,2.0,33.998,36.03,0.0714,15.606
Kolkata,22.5726,88.3639,warm_humid,3.0,3.0,2.6,90.0,puf_sandwich_panel,0.1,gi_sheet,0.002,eps,0.1,south,1.5,1.2,0.75,1.2,35.618,42.124,0.2024,15.809
Kolkata,22.5726,88.3639,warm_humid,3.0,3.0,2.6,0.0,plywood,0.05,puf_sandwich_panel,0.05,sheep_wool,0.05,west,1.2,1.5,0.65,1.2,36.333,43.406,0.1548,15.759
Kolkata,22.5726,88.3639,warm_humid,3.0,3.0,2.6,0.0,puf_sandwich_panel,0.1,aerated_concrete,0.1,eps,0.05,south,1.8,0.9,0.35,1.6,35.024,40.1,0.1786,15.773
Kolkata,22.5726,88.3639,warm_humid,3.0,3.0,2.6,135.0,concrete,0.1,aerated_concrete,0.1,eps,0.1,east,1.5,1.5,0.75,2.0,36.733,40.499,0.0595,15.597
Kolkata,22.5726,88.3639,warm_humid,3.0,3.0,2.6,0.0,concrete,0.2,timber,0.15,xps,0.15,north,1.2,0.6,0.65,5.8,33.978,35.814,0.1012,15.562
Kolkata,22.5726,88.3639,warm_humid,3.0,3.0,2.6,135.0,gi_sheet,0.002,gi_sheet,0.002,eps,0.15,west,0.9,0.6,0.55,1.2,35.755,40.86,0.1488,15.767
Kolkata,22.5726,88.3639,warm_humid,3.0,3.0,2.6,90.0,gi_sheet,0.002,stone,0.15,eps,0.05,south,1.8,0.6,0.85,1.6,36.694,41.755,0.0536,15.635
Kolkata,22.5726,88.3639,warm_humid,3.0,3.0,2.6,45.0,aerated_concrete,0.3,gi_sheet,0.002,sheep_wool,0.1,west,1.8,0.6,0.45,1.2,34.542,37.032,0.0655,15.613
Kolkata,22.5726,88.3639,warm_humid,3.0,3.0,2.6,180.0,mud_brick,0.3,rcc_slab,0.1,eps,0.2,south,0.6,1.2,0.85,1.6,33.57,35.337,0.2024,15.553
Kolkata,22.5726,88.3639,warm_humid,3.0,3.0,2.6,135.0,concrete,0.15,puf_sandwich_panel,0.1,eps,0.025,west,0.9,0.6,0.75,2.0,36.739,39.962,0.0595,15.576
Kolkata,22.5726,88.3639,warm_humid,3.0,3.0,2.6,180.0,mud_brick,0.15,brick,0.23,eps,0.05,south,1.2,0.6,0.55,3.5,35.579,38.079,0.0714,15.569
Kolkata,22.5726,88.3639,warm_humid,3.0,3.0,2.6,180.0,concrete,0.1,aerated_concrete,0.2,xps,0.05,south,1.2,1.5,0.65,1.2,36.732,40.322,0.0595,15.592
Kolkata,22.5726,88.3639,warm_humid,3.0,3.0,2.6,90.0,brick,0.345,puf_sandwich_panel,0.075,mineral_wool,0.15,north,0.9,0.6,0.35,3.5,33.269,34.906,0.2083,15.552
Kolkata,22.5726,88.3639,warm_humid,3.0,3.0,2.6,180.0,timber,0.15,stone,0.3,xps,0.15,east,1.2,0.6,0.65,3.5,33.9,35.679,0.0833,15.578
Kolkata,22.5726,88.3639,warm_humid,3.0,3.0,2.6,135.0,stone,0.45,concrete,0.1,mineral_wool,0.15,south,0.9,1.2,0.65,5.8,33.173,35.217,0.2262,15.538
Kolkata,22.5726,88.3639,warm_humid,3.0,3.0,2.6,45.0,stone,0.15,concrete,0.2,none,0.0,west,0.9,1.5,0.35,1.2,40.374,47.111,0.0476,15.56
Kolkata,22.5726,88.3639,warm_humid,3.0,3.0,2.6,180.0,concrete,0.1,timber,0.15,mineral_wool,0.05,west,0.9,0.9,0.35,2.6,36.419,39.652,0.0595,15.591
Kolkata,22.5726,88.3639,warm_humid,3.0,3.0,2.6,135.0,aerated_concrete,0.3,timber,0.1,eps,0.1,south,0.6,1.2,0.65,1.6,34.307,36.537,0.0714,15.607
Kolkata,22.5726,88.3639,warm_humid,3.0,3.0,2.6,45.0,concrete,0.15,timber,0.1,sheep_wool,0.05,west,0.6,0.9,0.75,2.6,35.763,38.516,0.0655,15.574
Kolkata,22.5726,88.3639,warm_humid,3.0,3.0,2.6,90.0,mud_brick,0.15,timber,0.1,eps,0.05,east,0.9,0.6,0.75,1.2,35.425,38.082,0.0655,15.583
Kolkata,22.5726,88.3639,warm_humid,3.0,3.0,2.6,45.0,brick,0.23,timber,0.15,sheep_wool,0.1,north,1.5,0.6,0.65,2.6,35.077,37.29,0.0774,15.564
Kolkata,22.5726,88.3639,warm_humid,3.0,3.0,2.6,90.0,mud_brick,0.3,stone,0.15,eps,0.05,south,0.9,1.5,0.65,1.2,35.072,37.481,0.0833,15.552
Kolkata,22.5726,88.3639,warm_humid,3.0,3.0,2.6,45.0,timber,0.2,mud_brick,0.25,mineral_wool,0.1,south,1.8,0.9,0.75,1.2,35.238,37.876,0.0714,15.589
Kolkata,22.5726,88.3639,warm_humid,3.0,3.0,2.6,0.0,puf_sandwich_panel,0.075,concrete,0.1,xps,0.1,west,0.9,1.5,0.35,3.5,34.445,37.799,0.0655,15.683
Kolkata,22.5726,88.3639,warm_humid,3.0,3.0,2.6,0.0,puf_sandwich_panel,0.05,timber,0.1,eps,0.2,east,1.8,1.2,0.85,1.6,38.851,45.751,0.0536,15.763
Kolkata,22.5726,88.3639,warm_humid,3.0,3.0,2.6,45.0,gi_sheet,0.002,mud_brick,0.25,eps,0.1,east,1.2,0.6,0.85,1.2,36.055,39.669,0.0536,15.623
Kolkata,22.5726,88.3639,warm_humid,3.0,3.0,2.6,45.0,brick,0.23,rcc_slab,0.1,mineral_wool,0.15,west,1.5,1.5,0.75,5.8,35.177,37.567,0.0774,15.562
Kolkata,22.5726,88.3639,warm_humid,3.0,3.0,2.6,180.0,stone,0.45,puf_sandwich_panel,0.1,sheep_wool,0.1,north,1.5,1.2,0.55,1.2,33.905,36.135,0.2083,15.539
Kolkata,22.5726,88.3639,warm_humid,3.0,3.0,2.6,0.0,mud_brick,0.45,puf_sandwich_panel,0.1,mineral_wool,0.05,west,1.2,0.6,0.85,2.0,33.675,35.645,0.2083,15.545
Kolkata,22.5726,88.3639,warm_humid,3.0,3.0,2.6,135.0,rammed_earth,0.45,rcc_slab,0.2,xps,0.15,north,1.2,1.5,0.85,1.2,35.28,38.045,0.0893,15.544
Kolkata,22.5726,88.3639,warm_humid,3.0,3.0,2.6,90.0,timber,0.15,puf_sandwich_panel,0.15,eps,0.2,west,0.9,1.5,0.35,1.2,34.008,36.614,0.0655,15.658
Kolkata,22.5726,88.3639,warm_humid,3.0,3.0,2.6,90.0,aerated_concrete,0.3,puf_sandwich_panel,0.1,xps,0.05,north,0.9,1.2,0.65,1.6,35.705,38.532,0.0536,15.614
Kolkata,22.5726,88.3639,warm_humid,3.0,3.0,2.6,180.0,plywood,0.05,brick,0.23,sheep_wool,0.1,south,1.8,0.9,0.75,1.6,35.975,39.571,0.0595,15.623
Kolkata,22.5726,88.3639,warm_humid,3.0,3.0,2.6,90.0,mud_brick,0.15,concrete,0.15,eps,0.025,west,1.5,0.6,0.75,5.8,36.873,40.235,0.0595,15.572
Kolkata,22.5726,88.3639,warm_humid,3.0,3.0,2.6,135.0,stone,0.3,brick,0.115,sheep_wool,0.1,west,1.5,1.5,0.55,1.2,35.857,38.537,0.0774,15.547
Kolkata,22.5726,88.3639,warm_humid,3.0,3.0,2.6,180.0,stone,0.45,brick,0.23,xps,0.15,south,0.9,1.5,0.45,1.2,33.113,35.126,0.2321,15.537
Kolkata,22.5726,88.3639,warm_humid,3.0,3.0,2.6,45.0,plywood,0.05,gi_sheet,0.002,sheep_wool,0.1,east,1.2,1.2,0.85,2.6,37.397,43.878,0.0893,15.746
Kolkata,22.5726,88.3639,warm_humid,3.0,3.0,2.6,135.0,puf_sandwich_panel,0.075,rcc_slab,0.15,mineral_wool,0.05,north,1.5,0.9,0.85,2.0,37.08,41.438,0.0476,15.652
Kolkata,22.5726,88.3639,warm_humid,3.0,3.0,2.6,180.0,concrete,0.1,gi_sheet,0.002,eps,0.2,south,0.6,0.9,0.35,5.8,34.726,36.949,0.0655,15.596
Kolkata,22.5726,88.3639,warm_humid,3.0,3.0,2.6,180.0,stone,0.45,brick,0.23,eps,0.2,north,0.6,1.5,0.75,3.5,33.004,35.019,0.2321,15.537
Kolkata,22.5726,88.3639,warm_humid,3.0,3.0,2.6,90.0,rammed_earth,0.15,stone,0.3,none,0.0,east,0.6,0.6,0.85,1.2,39.518,44.987,0.0536,15.561
Kolkata,22.5726,88.3639,warm_humid,3.0,3.0,2.6,135.0,plywood,0.03,rcc_slab,0.2,eps,0.15,north,1.2,0.9,0.45,2.0,35.371,38.294,0.0595,15.624
Kolkata,22.5726,88.3639,warm_humid,3.0,3.0,2.6,45.0,rammed_earth,0.3,concrete,0.15,eps,0.2,north,1.8,0.9,0.45,5.8,34.359,36.356,0.1071,15.554
Kolkata,22.5726,88.3639,warm_humid,3.0,3.0,2.6,135.0,puf_sandwich_panel,0.05,rcc_slab,0.2,sheep_wool,0.05,north,1.5,0.6,0.55,2.0,35.79,39.189,0.0536,15.633
Kolkata,22.5726,88.3639,warm_humid,3.0,3.0,2.6,135.0,gi_sheet,0.002,stone,0.15,eps,0.15,east,0.6,0.9,0.35,1.6,35.132,38.217,0.0595,15.634
Kolkata,22.5726,88.3639,warm_humid,3.0,3.0,2.6,135.0,mud_brick,0.45,stone,0.15,mineral_wool,0.1,west,1.2,1.5,0.75,1.6,35.146,37.852,0.0952,15.543
Kolkata,22.5726,88.3639,warm_humid,3.0,3.0,2.6,90.0,plywood,0.03,puf_sandwich_panel,0.15,sheep_wool,0.05,south,1.5,1.2,0.65,2.6,36.336,43.847,0.1786,15.784
Kolkata,22.5726,88.3639,warm_humid,3.0,3.0,2.6,0.0,concrete,0.15,brick,0.23,sheep_wool,0.05,north,0.6,0.6,0.65,1.6,35.571,38.107,0.0714,15.563
Kolkata,22.5726,88.3639,warm_humid,3.0,3.0,2.6,90.0,gi_sheet,0.002,puf_sandwich_panel,0.05,xps,0.1,north,1.5,1.5,0.75,2.0,38.786,46.901,0.1548,15.783
Kolkata,22.5726,88.3639,warm_humid,3.0,3.0,2.6,45.0,brick,0.115,brick,0.115,eps,0.15,south,0.6,1.5,0.75,5.8,34.836,37.209,0.0714,15.586
Kolkata,22.5726,88.3639,warm_humid,3.0,3.0,2.6,90.0,stone,0.45,mud_brick,0.25,mineral_wool,0.05,east,1.8,1.5,0.35,5.8,34.404,36.815,0.1964,15.538
Kolkata,22.5726,88.3639,warm_humid,3.0,3.0,2.6,45.0,plywood,0.012,puf_sandwich_panel,0.05,xps,0.05,north,0.6,1.5,0.75,2.0,36.721,43.833,0.1905,15.817
Kolkata,22.5726,88.3639,warm_humid,3.0,3.0,2.6,180.0,timber,0.1,stone,0.3,eps,0.1,east,1.2,0.6,0.65,1.2,34.532,36.664,0.0774,15.584
Kolkata,22.5726,88.3639,warm_humid,3.0,3.0,2.6,45.0,brick,0.115,timber,0.1,mineral_wool,0.15,west,1.8,0.9,0.35,1.2,34.717,37.202,0.0714,15.595
Kolkata,22.5726,88.3639,warm_humid,3.0,3.0,2.6,180.0,timber,0.1,timber,0.1,none,0.0,north,1.8,1.5,0.65,3.5,38.454,47.129,0.0655,15.678
Kolkata,22.5726,88.3639,warm_humid,3.0,3.0,2.6,0.0,gi_sheet,0.002,concrete,0.15,xps,0.05,north,1.8,0.9,0.85,1.2,37.002,42.534,0.0536,15.645
Kolkata,22.5726,88.3639,warm_humid,3.0,3.0,2.6,180.0,timber,0.15,puf_sandwich_panel,0.1,xps,0.05,north,0.9,0.6,0.35,3.5,34.451,37.407,0.0595,15.659
Kolkata,22.5726,88.3639,warm_humid,3.0,3.0,2.6,0.0,brick,0.345,gi_sheet,0.002,sheep_wool,0.05,north,1.8,1.5,0.75,2.0,36.287,39.13,0.0714,15.554
Kolkata,22.5726,88.3639,warm_humid,3.0,3.0,2.6,180.0,concrete,0.1,puf_sandwich_panel,0.05,mineral_wool,0.15,south,1.8,1.5,0.45,2.0,35.956,39.15,0.0595,15.599
Kolkata,22.5726,88.3639,warm_humid,3.0,3.0,2.6,135.0,puf_sandwich_panel,0.15,puf_sandwich_panel,0.075,xps,0.15,south,0.9,1.5,0.85,2.0,34.716,39.638,0.2024,15.805
Kolkata,22.5726,88.3639,warm_humid,3.0,3.0,2.6,90.0,concrete,0.3,gi_sheet,0.002,mineral_wool,0.15,east,0.6,0.9,0.65,1.2,33.505,35.289,0.2083,15.55
Kolkata,22.5726,88.3639,warm_humid,3.0,3.0,2.6,45.0,puf_sandwich_panel,0.05,stone,0.15,eps,0.05,north,1.8,0.6,0.55,2.0,35.857,39.416,0.0536,15.644
Kolkata,22.5726,88.3639,warm_humid,3.0,3.0,2.6,180.0,timber,0.15,gi_sheet,0.002,sheep_wool,0.1,north,0.9,1.5,0.85,2.6,35.801,39.931,0.0595,15.658
Kolkata,22.5726,88.3639,warm_humid,3.0,3.0,2.6,90.0,aerated_concrete,0.2,timber,0.15,eps,0.025,east,0.9,1.5,0.35,2.0,35.622,39.284,0.0595,15.629
Kolkata,22.5726,88.3639,warm_humid,3.0,3.0,2.6,0.0,timber,0.1,concrete,0.2,eps,0.15,south,1.5,0.6,0.35,3.5,34.133,36.303,0.0714,15.606
Kolkata,22.5726,88.3639,warm_humid,3.0,3.0,2.6,180.0,rammed_earth,0.45,brick,0.23,sheep_wool,0.1,north,1.2,0.6,0.85,2.0,33.681,35.723,0.2083,15.543
Kolkata,22.5726,88.3639,warm_humid,3.0,3.0,2.6,45.0,puf_sandwich_panel,0.1,aerated_concrete,0.2,eps,0.2,west,0.6,0.9,0.35,1.6,33.442,36.058,0.1845,15.724
Kolkata,22.5726,88.3639,warm_humid,3.0,3.0,2.6,135.0,rammed_earth,0.3,concrete,0.15,eps,0.1,west,1.8,0.9,0.35,2.0,34.742,36.864,0.0833,15.554
Kolkata,22.5726,88.3639,warm_humid,3.0,3.0,2.6,45.0,plywood,0.012,stone,0.15,mineral_wool,0.1,north,1.8,0.9,0.85,3.5,37.457,41.959,0.0476,15.637
Kolkata,22.5726,88.3639,warm_humid,3.0,3.0,2.6,45.0,aerated_concrete,0.3,rcc_slab,0.15,none,0.0,west,0.6,1.2,0.75,1.2,39.267,44.738,0.0536,15.587
Kolkata,22.5726,88.3639,warm_humid,3.0,3.0,2.6,135.0,aerated_concrete,0.2,aerated_concrete,0.2,sheep_wool,0.1,north,1.8,1.2,0.35,1.6,35.816,39.144,0.0536,15.626
Kolkata,22.5726,88.3639,warm_humid,3.0,3.0,2.6,45.0,concrete,0.2,aerated_concrete,0.1,mineral_wool,0.05,north,0.9,1.5,0.75,5.8,36.669,39.571,0.0655,15.564
Kolkata,22.5726,88.3639,warm_humid,3.0,3.0,2.6,0.0,timber,0.15,concrete,0.1,sheep_wool,0.15,east,1.2,0.9,0.65,1.6,35.753,38.65,0.0536,15.62
Kolkata,22.5726,88.3639,warm_humid,3.0,3.0,2.6,45.0,mud_brick,0.3,gi_sheet,0.002,eps,0.2,north,1.8,1.5,0.65,2.6,36.381,39.074,0.0655,15.559
Kolkata,22.5726,88.3639,warm_humid,3.0,3.0,2.6,180.0,plywood,0.019,brick,0.115,xps,0.05,west,0.6,1.2,0.85,5.8,37.424,42.99,0.0476,15.68
Kolkata,22.5726,88.3639,warm_humid,3.0,3.0,2.6,90.0,brick,0.115,puf_sandwich_panel,0.075,none,0.0,west,1.8,1.5,0.65,3.5,39.377,47.184,0.0476,15.605
Kolkata,22.5726,88.3639,warm_humid,3.0,3.0,2.6,45.0,brick,0.115,gi_sheet,0.002,sheep_wool,0.1,north,0.9,0.6,0.85,1.6,35.642,38.467,0.0595,15.599
Kolkata,22.5726,88.3639,warm_humid,3.0,3.0,2.6,90.0,concrete,0.1,brick,0.23,sheep_wool,0.05,east,1.8,0.6,0.65,3.5,36.329,39.455,0.0655,15.575
Kolkata,22.5726,88.3639,warm_humid,3.0,3.0,2.6,135.0,mud_brick,0.45,timber,0.15,sheep_wool,0.15,east,0.6,1.2,0.65,3.5,33.12,34.881,0.2202,15.545
Kolkata,22.5726,88.3639,warm_humid,3.0,3.0,2.6,135.0,rammed_earth,0.3,brick,0.23,none,0.0,north,1.2,0.6,0.65,5.8,38.405,42.217,0.0595,15.552
Kolkata,22.5726,88.3639,warm_humid,3.0,3.0,2.6,0.0,brick,0.23,timber,0.1,xps,0.1,east,1.2,1.5,0.65,1.6,36.535,39.299,0.0595,15.566
Kolkata,22.5726,88.3639,warm_humid,3.0,3.0,2.6,45.0,plywood,0.019,stone,0.3,sheep_wool,0.1,south,0.9,0.9,0.75,1.2,35.22,37.952,0.0655,15.594
Kolkata,22.5726,88.3639,warm_humid,3.0,3.0,2.6,135.0,aerated_concrete,0.2,rcc_slab,0.1,eps,0.15,east,1.5,0.9,0.35,1.6,34.381,36.754,0.0714,15.611
Kolkata,22.5726,88.3639,warm_humid,3.0,3.0,2.6,180.0,plywood,0.012,puf_sandwich_panel,0.075,xps,0.1,east,1.5,1.5,0.85,5.8,37.123,45.826,0.1726,15.81
Kolkata,22.5726,88.3639,warm_humid,3.0,3.0,2.6,135.0,puf_sandwich_panel,0.075,aerated_concrete,0.2,sheep_wool,0.1,north,1.8,1.5,0.65,2.6,37.894,44.34,0.0536,15.733
Kolkata,22.5726,88.3639,warm_humid,3.0,3.0,2.6,180.0,brick,0.345,aerated_concrete,0.2,eps,0.1,east,0.9,0.9,0.55,1.6,33.896,35.833,0.1964,15.551
Kolkata,22.5726,88.3639,warm_humid,3.0,3.0,2.6,90.0,stone,0.45,rcc_slab,0.2,sheep_wool,0.05,south,1.5,1.5,0.55,2.6,34.732,37.377,0.1369,15.538
Kolkata,22.5726,88.3639,warm_humid,3.0,3.0,2.6,180.0,gi_sheet,0.002,timber,0.15,sheep_wool,0.15,north,0.9,0.6,0.85,1.6,35.856,40.709,0.0833,15.719
Kolkata,22.5726,88.3639,warm_humid,3.0,3.0,2.6,135.0,concrete,0.3,rcc_slab,0.15,eps,0.025,south,1.8,0.9,0.65,2.0,36.638,39.626,0.0714,15.548
Kolkata,22.5726,88.3639,warm_humid,3.0,3.0,2.6,0.0,mud_brick,0.45,gi_sheet,0.002,mineral_wool,0.05,west,0.9,1.2,0.75,1.6,34.466,36.773,0.125,15.546
Kolkata,22.5726,88.3639,warm_humid,3.0,3.0,2.6,45.0,gi_sheet,0.002,timber,0.15,mineral_wool,0.1,west,0.9,0.6,0.65,1.6,35.275,40.064,0.0952,15.712
Kolkata,22.5726,88.3639,warm_humid,3.0,3.0,2.6,0.0,brick,0.115,mud_brick,0.15,mineral_wool,0.15,west,0.9,0.6,0.65,1.2,34.325,36.372,0.0774,15.581
Kolkata,22.5726,88.3639,warm_humid,3.0,3.0,2.6,0.0,timber,0.2,mud_brick,0.15,eps,0.05,east,1.2,0.6,0.75,2.6,35.973,38.923,0.0595,15.603
Kolkata,22.5726,88.3639,warm_humid,3.0,3.0,2.6,0.0,timber,0.2,gi_sheet,0.002,xps,0.15,west,0.9,1.2,0.75,2.6,34.593,37.406,0.0655,15.634
Kolkata,22.5726,88.3639,warm_humid,3.0,3.0,2.6,90.0,gi_sheet,0.002,puf_sandwich_panel,0.075,eps,0.1,south,1.2,0.9,0.85,2.6,35.814,42.456,0.1905,15.783
Kolkata,22.5726,88.3639,warm_humid,3.0,3.0,2.6,180.0,aerated_concrete,0.1,aerated_concrete,0.1,eps,0.15,west,1.8,0.6,0.45,3.5,35.482,38.98,0.0476,15.676
Kolkata,22.5726,88.3639,warm_humid,3.0,3.0,2.6,0.0,concrete,0.1,mud_brick,0.15,eps,0.1,south,1.2,0.9,0.75,1.6,35.452,38.153,0.0714,15.582
Kolkata,22.5726,88.3639,warm_humid,3.0,3.0,2.6,45.0,gi_sheet,0.002,puf_sandwich_panel,0.1,eps,0.05,west,1.5,0.6,0.65,2.6,36.062,43.123,0.1964,15.786
Kolkata,22.5726,88.3639,warm_humid,3.0,3.0,2.6,180.0,aerated_concrete,0.1,brick,0.23,eps,0.1,east,1.5,0.9,0.35,5.8,34.946,37.687,0.0655,15.61
Kolkata,22.5726,88.3639,warm_humid,3.0,3.0,2.6,135.0,gi_sheet,0.002,puf_sandwich_panel,0.05,mineral_wool,0.05,west,0.9,1.2,0.85,2.0,37.656,45.163,0.1667,15.78
Kolkata,22.5726,88.3639,warm_humid,3.0,3.0,2.6,0.0,rammed_earth,0.3,rcc_slab,0.1,mineral_wool,0.05,north,1.5,1.2,0.35,2.0,35.127,37.469,0.0774,15.556
Kolkata,22.5726,88.3639,warm_humid,3.0,3.0,2.6,90.0,timber,0.1,aerated_concrete,0.1,xps,0.15,south,1.5,1.5,0.75,1.2,35.912,40.734,0.0595,15.673
Kolkata,22.5726,88.3639,warm_humid,3.0,3.0,2.6,180.0,rammed_earth,0.3,gi_sheet,0.002,mineral_wool,0.15,east,0.9,0.6,0.65,1.6,33.689,35.432,0.1726,15.558
Kolkata,22.5726,88.3639,warm_humid,3.0,3.0,2.6,45.0,concrete,0.15,brick,0.115,none,0.0,west,0.9,1.5,0.85,2.6,40.857,48.474,0.0476,15.57
Kolkata,22.5726,88.3639,warm_humid,3.0,3.0,2.6,135.0,timber,0.1,mud_brick,0.15,mineral_wool,0.15,south,0.6,1.5,0.45,2.6,34.352,36.777,0.0655,15.623
Kolkata,22.5726,88.3639,warm_humid,3.0,3.0,2.6,45.0,aerated_concrete,0.1,gi_sheet,0.002,sheep_wool,0.05,east,0.9,1.2,0.55,2.6,36.746,42.278,0.0476,15.694
Kolkata,22.5726,88.3639,warm_humid,3.0,3.0,2.6,0.0,concrete,0.3,stone,0.15,sheep_wool,0.15,west,1.2,1.5,0.65,2.6,34.341,36.574,0.125,15.548
Kolkata,22.5726,88.3639,warm_humid,3.0,3.0,2.6,45.0,puf_sandwich_panel,0.15,brick,0.115,xps,0.1,west,0.9,1.5,0.75,5.8,34.889,38.57,0.0595,15.683
Kolkata,22.5726,88.3639,warm_humid,3.0,3.0,2.6,90.0,aerated_concrete,0.1,concrete,0.1,eps,0.15,west,1.5,1.2,0.65,1.6,35.314,38.719,0.0595,15.638
Kolkata,22.5726,88.3639,warm_humid,3.0,3.0,2.6,135.0,stone,0.45,concrete,0.15,eps,0.05,south,1.8,0.9,0.45,2.6,34.394,36.887,0.1964,15.538
Kolkata,22.5726,88.3639,warm_humid,3.0,3.0,2.6,135.0,puf_sandwich_panel,0.075,gi_sheet,0.002,eps,0.15,north,1.5,0.6,0.35,1.6,34.433,38.447,0.2024,15.806
Kolkata,22.5726,88.3639,warm_humid,3.0,3.0,2.6,45.0,gi_sheet,0.002,timber,0.1,sheep_wool,0.15,east,0.6,1.5,0.35,1.2,35.379,40.308,0.1429,15.737
Kolkata,22.5726,88.3639,warm_humid,3.0,3.0,2.6,0.0,aerated_concrete,0.3,rcc_slab,0.15,mineral_wool,0.1,west,0.6,1.5,0.55,2.6,34.309,36.375,0.0774,15.586
Kolkata,22.5726,88.3639,warm_humid,3.0,3.0,2.6,0.0,stone,0.45,puf_sandwich_panel,0.1,xps,0.05,south,1.8,1.5,0.45,3.5,34.365,36.699,0.1786,15.54
Kolkata,22.5726,88.3639,warm_humid,3.0,3.0,2.6,135.0,timber,0.15,puf_sandwich_panel,0.1,eps,0.05,south,0.9,0.6,0.85,5.8,34.806,38.049,0.0595,15.66
Kolkata,22.5726,88.3639,warm_humid,3.0,3.0,2.6,45.0,aerated_concrete,0.3,gi_sheet,0.002,mineral_wool,0.1,south,1.5,1.2,0.75,3.5,35.547,38.783,0.0655,15.612
Kolkata,22.5726,88.3639,warm_humid,3.0,3.0,2.6,135.0,stone,0.3,stone,0.3,eps,0.2,east,0.6,0.9,0.35,1.6,32.939,34.697,0.2321,15.541
Kolkata,22.5726,88.3639,warm_humid,3.0,3.0,2.6,135.0,aerated_concrete,0.3,brick,0.23,mineral_wool,0.05,north,0.9,1.5,0.75,2.0,36.505,39.409,0.0595,15.582
Kolkata,22.5726,88.3639,warm_humid,3.0,3.0,2.6,135.0,concrete,0.15,aerated_concrete,0.1,sheep_wool,0.1,east,1.2,0.9,0.35,3.5,35.195,37.567,0.0714,15.575
Kolkata,22.5726,88.3639,warm_humid,3.0,3.0,2.6,180.0,mud_brick,0.3,stone,0.15,eps,0.15,east,1.5,1.5,0.65,3.5,34.717,37.019,0.0893,15.552
Kolkata,22.5726,88.3639,warm_humid,3.0,3.0,2.6,45.0,stone,0.3,aerated_concrete,0.2,xps,0.15,south,0.9,1.2,0.35,1.6,33.368,35.164,0.2143,15.546
Kolkata,22.5726,88.3639,warm_humid,3.0,3.0,2.6,180.0,plywood,0.03,mud_brick,0.15,mineral_wool,0.15,north,1.2,0.6,0.45,2.0,34.806,37.812,0.0595,15.649
Kolkata,22.5726,88.3639,warm_humid,3.0,3.0,2.6,0.0,mud_brick,0.15,puf_sandwich_panel,0.1,eps,0.1,south,0.9,1.5,0.55,1.2,34.85,37.276,0.0714,15.587
Kolkata,22.5726,88.3639,warm_humid,3.0,3.0,2.6,0.0,concrete,0.2,gi_sheet,0.002,xps,0.05,west,1.8,0.9,0.75,2.0,36.094,38.936,0.0714,15.565
Kolkata,22.5726,88.3639,warm_humid,3.0,3.0,2.6,135.0,rammed_earth,0.3,mud_brick,0.15,eps,0.025,east,1.5,0.9,0.45,1.6,36.028,38.752,0.0714,15.555
Kolkata,22.5726,88.3639,warm_humid,3.0,3.0,2.6,0.0,stone,0.15,mud_brick,0.15,eps,0.2,west,1.8,1.5,0.35,5.8,34.722,36.943,0.0833,15.565
Kolkata,22.5726,88.3639,warm_humid,3.0,3.0,2.6,0.0,rammed_earth,0.3,concrete,0.2,xps,0.1,west,0.9,0.6,0.75,1.6,33.693,35.56,0.2024,15.551
Kolkata,22.5726,88.3639,warm_humid,3.0,3.0,2.6,0.0,gi_sheet,0.002,brick,0.115,eps,0.025,south,0.6,0.9,0.75,1.6,37.627,45.131,0.0774,15.675
Kolkata,22.5726,88.3639,warm_humid,3.0,3.0,2.6,0.0,stone,0.15,gi_sheet,0.002,mineral_wool,0.15,west,1.5,0.9,0.45,1.6,34.555,36.683,0.0774,15.57
Kolkata,22.5726,88.3639,warm_humid,3.0,3.0,2.6,180.0,concrete,0.2,rcc_slab,0.25,eps,0.025,south,0.6,1.2,0.75,3.5,36.714,39.71,0.0655,15.554
Kolkata,22.5726,88.3639,warm_humid,3.0,3.0,2.6,180.0,brick,0.345,timber,0.15,mineral_wool,0.1,east,0.9,0.6,0.55,1.6,33.718,35.58,0.2024,15.551
Kolkata,22.5726,88.3639,warm_humid,3.0,3.0,2.6,90.0,plywood,0.05,gi_sheet,0.002,mineral_wool,0.15,south,0.6,0.6,0.75,5.8,34.348,37.951,0.1131,15.724
Kolkata,22.5726,88.3639,warm_humid,3.0,3.0,2.6,45.0,aerated_concrete,0.2,puf_sandwich_panel,0.05,xps,0.05,west,0.6,0.6,0.65,2.0,34.517,37.301,0.0655,15.642
Kolkata,22.5726,88.3639,warm_humid,3.0,3.0,2.6,45.0,aerated_concrete,0.2,stone,0.15,mineral_wool,0.1,east,1.5,0.9,0.85,2.6,36.439,39.441,0.0595,15.596
Kolkata,22.5726,88.3639,warm_humid,3.0,3.0,2.6,135.0,mud_brick,0.3,rcc_slab,0.25,xps,0.1,south,1.2,0.6,0.35,5.8,33.546,35.359,0.2024,15.549
Kolkata,22.5726,88.3639,warm_humid,3.0,3.0,2.6,135.0,mud_brick,0.15,timber,0.15,xps,0.15,south,1.5,0.6,0.35,2.0,34.187,36.1,0.0774,15.581
Kolkata,22.5726,88.3639,warm_humid,3.0,3.0,2.6,135.0,puf_sandwich_panel,0.075,rcc_slab,0.25,eps,0.025,west,1.8,0.6,0.85,1.6,36.985,40.753,0.0536,15.617
Kolkata,22.5726,88.3639,warm_humid,3.0,3.0,2.6,135.0,plywood,0.019,timber,0.15,mineral_wool,0.05,east,0.9,1.2,0.65,5.8,36.51,42.849,0.0952,15.728
Kolkata,22.5726,88.3639,warm_humid,3.0,3.0,2.6,0.0,concrete,0.15,gi_sheet,0.002,eps,0.1,east,0.9,0.6,0.65,3.5,35.189,37.499,0.0714,15.576
Kolkata,22.5726,88.3639,warm_humid,3.0,3.0,2.6,0.0,timber,0.1,brick,0.115,sheep_wool,0.1,east,0.6,0.9,0.55,2.6,35.203,38.225,0.0595,15.637
Kolkata,22.5726,88.3639,warm_humid,3.0,3.0,2.6,135.0,rammed_earth,0.45,puf_sandwich_panel,0.075,sheep_wool,0.1,south,1.5,0.9,0.35,2.6,33.513,35.333,0.2083,15.547
Kolkata,22.5726,88.3639,warm_humid,3.0,3.0,2.6,45.0,mud_brick,0.15,gi_sheet,0.002,sheep_wool,0.05,west,1.8,0.6,0.45,1.6,35.923,38.988,0.0655,15.586
Kolkata,22.5726,88.3639,warm_humid,3.0,3.0,2.6,180.0,stone,0.45,gi_sheet,0.002,eps,0.1,south,1.5,1.2,0.75,1.2,34.219,36.63,0.1964,15.539
Kolkata,22.5726,88.3639,warm_humid,3.0,3.0,2.6,90.0,plywood,0.05,aerated_concrete,0.2,xps,0.15,north,1.2,0.9,0.85,5.8,36.531,40.817,0.0476,15.69
Kolkata,22.5726,88.3639,warm_humid,3.0,3.0,2.6,45.0,plywood,0.03,brick,0.23,xps,0.15,north,0.9,0.6,0.85,3.5,34.986,37.671,0.0595,15.626
Kolkata,22.5726,88.3639,warm_humid,3.0,3.0,2.6,45.0,gi_sheet,0.002,mud_brick,0.25,mineral_wool,0.15,east,1.5,1.5,0.85,1.2,38.167,42.839,0.0476,15.619
Kolkata,22.5726,88.3639,warm_humid,3.0,3.0,2.6,90.0,rammed_earth,0.45,timber,0.1,eps,0.05,south,0.9,0.9,0.55,5.8,34.057,36.144,0.1964,15.546
Kolkata,22.5726,88.3639,warm_humid,3.0,3.0,2.6,135.0,puf_sandwich_panel,0.075,timber,0.1,mineral_wool,0.05,north,1.5,1.2,0.65,5.8,37.019,43.249,0.1071,15.765
Kolkata,22.5726,88.3639,warm_humid,3.0,3.0,2.6,180.0,brick,0.115,concrete,0.1,xps,0.05,south,0.9,0.9,0.45,1.6,36.106,39.127,0.0595,15.586
Kolkata,22.5726,88.3639,warm_humid,3.0,3.0,2.6,180.0,aerated_concrete,0.3,aerated_concrete,0.2,sheep_wool,0.1,east,0.9,0.6,0.75,2.0,34.226,36.363,0.0714,15.602
Kolkata,22.5726,88.3639,warm_humid,3.0,3.0,2.6,45.0,gi_sheet,0.002,brick,0.23,sheep_wool,0.05,south,1.8,1.5,0.75,5.8,37.736,43.893,0.0536,15.629
Kolkata,22.5726,88.3639,warm_humid,3.0,3.0,2.6,180.0,gi_sheet,0.002,mud_brick,0.25,xps,0.15,east,1.2,1.5,0.65,1.6,36.256,40.128,0.0536,15.622
Kolkata,22.5726,88.3639,warm_humid,3.0,3.0,2.6,45.0,brick,0.23,concrete,0.2,xps,0.05,east,1.5,0.9,0.55,2.6,35.977,38.596,0.0714,15.557
Kolkata,22.5726,88.3639,warm_humid,3.0,3.0,2.6,180.0,aerated_concrete,0.2,concrete,0.1,mineral_wool,0.1,west,1.5,0.9,0.65,1.6,36.444,39.579,0.0536,15.61
Kolkata,22.5726,88.3639,warm_humid,3.0,3.0,2.6,180.0,rammed_earth,0.3,timber,0.1,eps,0.15,south,0.9,0.6,0.75,1.2,33.69,35.423,0.1845,15.557
Kolkata,22.5726,88.3639,warm_humid,3.0,3.0,2.6,0.0,timber,0.15,brick,0.115,eps,0.025,west,1.8,1.5,0.45,1.6,37.038,42.053,0.0536,15.625
Kolkata,22.5726,88.3639,warm_humid,3.0,3.0,2.6,0.0,timber,0.2,gi_sheet,0.002,sheep_wool,0.1,north,1.2,1.2,0.45,3.5,34.896,37.976,0.0595,15.637
Kolkata,22.5726,88.3639,warm_humid,3.0,3.0,2.6,135.0,mud_brick,0.3,mud_brick,0.25,mineral_wool,0.05,south,0.9,0.6,0.65,1.2,34.485,36.654,0.1012,15.55
Kolkata,22.5726,88.3639,warm_humid,3.0,3.0,2.6,90.0,aerated_concrete,0.3,concrete,0.15,eps,0.05,east,0.6,0.9,0.35,5.8,34.698,36.95,0.0714,15.587
Kolkata,22.5726,88.3639,warm_humid,3.0,3.0,2.6,180.0,aerated_concrete,0.2,gi_sheet,0.002,eps,0.15,west,1.8,0.6,0.45,2.6,35.185,38.04,0.0536,15.64
Kolkata,22.5726,88.3639,warm_humid,3.0,3.0,2.6,180.0,aerated_concrete,0.1,rcc_slab,0.25,mineral_wool,0.05,east,1.8,0.9,0.65,5.8,36.225,39.713,0.0595,15.598
Kolkata,22.5726,88.3639,warm_humid,3.0,3.0,2.6,0.0,concrete,0.3,aerated_concrete,0.1,eps,0.1,east,1.2,1.5,0.65,1.6,36.047,38.706,0.0714,15.551
Kolkata,22.5726,88.3639,warm_humid,3.0,3.0,2.6,135.0,gi_sheet,0.002,rcc_slab,0.15,sheep_wool,0.15,west,1.5,1.2,0.85,3.5,38.038,42.916,0.0476,15.644
Kolkata,22.5726,88.3639,warm_humid,3.0,3.0,2.6,0.0,concrete,0.15,brick,0.115,none,0.0,east,1.2,0.9,0.65,2.0,40.754,48.215,0.0476,15.57
Kolkata,22.5726,88.3639,warm_humid,3.0,3.0,2.6,180.0,mud_brick,0.3,gi_sheet,0.002,mineral_wool,0.15,north,0.6,0.9,0.65,1.2,33.608,35.337,0.2024,15.556
Kolkata,22.5726,88.3639,warm_humid,3.0,3.0,2.6,45.0,puf_sandwich_panel,0.15,gi_sheet,0.002,sheep_wool,0.1,south,1.8,0.9,0.45,2.6,34.854,40.1,0.2143,15.803
Kolkata,22.5726,88.3639,warm_humid,3.0,3.0,2.6,90.0,stone,0.3,brick,0.115,sheep_wool,0.1,west,1.2,0.6,0.35,3.5,33.794,35.77,0.2024,15.545
Kolkata,22.5726,88.3639,warm_humid,3.0,3.0,2.6,180.0,timber,0.1,stone,0.3,eps,0.025,south,1.2,0.6,0.65,1.2,36.237,39.403,0.0655,15.584
Kolkata,22.5726,88.3639,warm_humid,3.0,3.0,2.6,135.0,aerated_concrete,0.1,concrete,0.15,none,0.0,south,1.8,1.5,0.65,1.2,40.506,50.16,0.0476,15.623
Kolkata,22.5726,88.3639,warm_humid,3.0,3.0,2.6,135.0,puf_sandwich_panel,0.05,puf_sandwich_panel,0.1,eps,0.15,south,0.9,0.9,0.75,2.6,34.226,38.515,0.2262,15.822
Kolkata,22.5726,88.3639,warm_humid,3.0,3.0,2.6,135.0,plywood,0.03,brick,0.115,none,0.0,west,0.9,1.5,0.45,1.2,40.626,52.985,0.1488,14.93
Kolkata,22.5726,88.3639,warm_humid,3.0,3.0,2.6,180.0,stone,0.45,puf_sandwich_panel,0.075,eps,0.025,east,0.9,1.2,0.85,1.2,34.848,37.411,0.1131,15.539
Kolkata,22.5726,88.3639,warm_humid,3.0,3.0,2.6,135.0,timber,0.2,concrete,0.2,eps,0.025,north,1.2,1.5,0.45,1.2,37.039,40.634,0.0536,15.592
Kolkata,22.5726,88.3639,warm_humid,3.0,3.0,2.6,180.0,aerated_concrete,0.3,rcc_slab,0.15,mineral_wool,0.05,west,1.5,0.6,0.35,3.5,35.303,37.761,0.0655,15.587
Kolkata,22.5726,88.3639,warm_humid,3.0,3.0,2.6,45.0,concrete,0.3,aerated_concrete,0.1,eps,0.1,north,1.2,1.2,0.55,1.2,34.989,37.276,0.0833,15.551
Kolkata,22.5726,88.3639,warm_humid,3.0,3.0,2.6,0.0,gi_sheet,0.002,puf_sandwich_panel,0.15,mineral_wool,0.05,west,0.6,1.5,0.35,3.5,35.743,42.38,0.2024,15.776
Kolkata,22.5726,88.3639,warm_humid,3.0,3.0,2.6,135.0,concrete,0.1,gi_sheet,0.002,sheep_wool,0.1,north,0.6,0.9,0.75,2.6,35.988,38.937,0.0595,15.597
Kolkata,22.5726,88.3639,warm_humid,3.0,3.0,2.6,0.0,rammed_earth,0.15,aerated_concrete,0.1,mineral_wool,0.15,west,1.5,0.9,0.75,2.0,34.948,37.425,0.0714,15.585
Kolkata,22.5726,88.3639,warm_humid,3.0,3.0,2.6,45.0,concrete,0.2,concrete,0.2,none,0.0,north,1.8,1.2,0.55,2.6,40.74,46.838,0.0476,15.557
Kolkata,22.5726,88.3639,warm_humid,3.0,3.0,2.6,135.0,puf_sandwich_panel,0.05,puf_sandwich_panel,0.05,mineral_wool,0.1,south,0.9,0.6,0.35,2.0,33.932,37.684,0.2321,15.81
Kolkata,22.5726,88.3639,warm_humid,3.0,3.0,2.6,135.0,timber,0.1,concrete,0.2,eps,0.05,south,1.5,0.9,0.75,5.8,36.119,39.649,0.0595,15.608
Kolkata,22.5726,88.3639,warm_humid,3.0,3.0,2.6,0.0,aerated_concrete,0.3,gi_sheet,0.002,xps,0.05,east,0.6,1.5,0.75,1.6,36.235,39.422,0.0536,15.613
Kolkata,22.5726,88.3639,warm_humid,3.0,3.0,2.6,45.0,plywood,0.012,brick,0.23,mineral_wool,0.1,north,1.2,1.2,0.45,3.5,36.054,39.722,0.0536,15.63
Kolkata,22.5726,88.3639,warm_humid,3.0,3.0,2.6,45.0,aerated_concrete,0.3,rcc_slab,0.25,none,0.0,west,0.6,1.2,0.35,2.0,38.253,42.556,0.0595,15.576
Kolkata,22.5726,88.3639,warm_humid,3.0,3.0,2.6,180.0,aerated_concrete,0.3,puf_sandwich_panel,0.075,xps,0.05,north,1.8,0.6,0.55,5.8,34.664,37.248,0.0655,15.614
Kolkata,22.5726,88.3639,warm_humid,3.0,3.0,2.6,0.0,stone,0.3,rcc_slab,0.15,xps,0.05,south,1.8,0.6,0.65,1.2,34.83,37.253,0.0893,15.545
Kolkata,22.5726,88.3639,warm_humid,3.0,3.0,2.6,0.0,aerated_concrete,0.1,concrete,0.1,xps,0.15,west,0.9,0.9,0.35,2.6,34.168,36.689,0.0655,15.636
Kolkata,22.5726,88.3639,warm_humid,3.0,3.0,2.6,135.0,brick,0.345,stone,0.3,xps,0.15,west,1.2,1.2,0.65,3.5,34.432,36.754,0.1905,15.545
Kolkata,22.5726,88.3639,warm_humid,3.0,3.0,2.6,90.0,rammed_earth,0.3,stone,0.15,sheep_wool,0.15,west,0.6,0.9,0.75,1.2,33.477,35.22,0.2083,15.552
Kolkata,22.5726,88.3639,warm_humid,3.0,3.0,2.6,45.0,timber,0.15,aerated_concrete,0.1,eps,0.025,south,1.8,1.2,0.85,5.8,37.363,43.253,0.0536,15.651
Kolkata,22.5726,88.3639,warm_humid,3.0,3.0,2.6,135.0,aerated_concrete,0.3,puf_sandwich_panel,0.15,sheep_wool,0.05,north,1.5,1.2,0.45,2.6,35.724,38.764,0.0536,15.616
Kolkata,22.5726,88.3639,warm_humid,3.0,3.0,2.6,90.0,stone,0.15,stone,0.15,sheep_wool,0.15,west,1.5,1.2,0.85,2.6,35.285,37.686,0.0774,15.561
Kolkata,22.5726,88.3639,warm_humid,3.0,3.0,2.6,45.0,puf_sandwich_panel,0.075,rcc_slab,0.25,eps,0.05,north,0.6,1.2,0.65,1.6,35.326,38.1,0.0595,15.617
Kolkata,22.5726,88.3639,warm_humid,3.0,3.0,2.6,45.0,aerated_concrete,0.3,concrete,0.15,mineral_wool,0.15,north,0.9,1.5,0.65,2.0,35.347,37.649,0.0655,15.586
Kolkata,22.5726,88.3639,warm_humid,3.0,3.0,2.6,45.0,mud_brick,0.15,concrete,0.2,none,0.0,east,0.6,1.5,0.35,2.0,40.004,45.922,0.0536,15.568
Kolkata,22.5726,88.3639,warm_humid,3.0,3.0,2.6,90.0,gi_sheet,0.002,mud_brick,0.15,xps,0.1,south,1.2,0.9,0.65,1.2,35.603,39.886,0.0595,15.656
Kolkata,22.5726,88.3639,warm_humid,3.0,3.0,2.6,0.0,stone,0.3,rcc_slab,0.15,mineral_wool,0.1,east,1.8,0.9,0.35,2.0,34.573,36.836,0.119,15.545
Kolkata,22.5726,88.3639,warm_humid,3.0,3.0,2.6,180.0,puf_sandwich_panel,0.15,concrete,0.1,sheep_wool,0.05,east,1.2,1.5,0.45,1.2,35.479,39.888,0.0595,15.683
Kolkata,22.5726,88.3639,warm_humid,3.0,3.0,2.6,135.0,stone,0.15,aerated_concrete,0.1,mineral_wool,0.05,west,1.8,0.6,0.85,2.6,36.938,39.96,0.0595,15.569
Kolkata,22.5726,88.3639,warm_humid,3.0,3.0,2.6,135.0,concrete,0.3,aerated_concrete,0.1,sheep_wool,0.15,west,1.8,1.5,0.85,3.5,37.45,40.606,0.0595,15.552
Kolkata,22.5726,88.3639,warm_humid,3.0,3.0,2.6,45.0,brick,0.345,concrete,0.2,eps,0.15,east,0.9,0.6,0.35,3.5,33.208,34.919,0.2143,15.547
Kolkata,22.5726,88.3639,warm_humid,3.0,3.0,2.6,180.0,timber,0.15,mud_brick,0.25,eps,0.2,east,1.2,0.9,0.55,3.5,34.153,36.218,0.0774,15.596
Kolkata,22.5726,88.3639,warm_humid,3.0,3.0,2.6,135.0,stone,0.3,aerated_concrete,0.2,eps,0.05,west,1.5,1.2,0.65,2.6,36.138,38.886,0.0774,15.547
Kolkata,22.5726,88.3639,warm_humid,3.0,3.0,2.6,180.0,mud_brick,0.45,concrete,0.2,sheep_wool,0.1,north,1.8,1.5,0.75,1.6,35.057,37.667,0.0893,15.544
Kolkata,22.5726,88.3639,warm_humid,3.0,3.0,2.6,90.0,plywood,0.05,brick,0.115,eps,0.15,north,0.6,0.6,0.35,5.8,34.346,37.091,0.0595,15.661
Kolkata,22.5726,88.3639,warm_humid,3.0,3.0,2.6,45.0,timber,0.1,stone,0.15,none,0.0,north,1.5,0.6,0.55,1.6,40.258,48.473,0.0476,15.614
Kolkata,22.5726,88.3639,warm_humid,3.0,3.0,2.6,0.0,gi_sheet,0.002,timber,0.1,sheep_wool,0.1,south,0.9,0.9,0.55,1.6,35.624,41.346,0.1607,15.739
Kolkata,22.5726,88.3639,warm_humid,3.0,3.0,2.6,135.0,puf_sandwich_panel,0.15,brick,0.115,sheep_wool,0.15,north,1.5,1.2,0.35,2.6,35.173,38.659,0.0536,15.683
Kolkata,22.5726,88.3639,warm_humid,3.0,3.0,2.6,45.0,stone,0.3,brick,0.23,xps,0.05,north,1.8,1.2,0.75,5.8,36.514,39.512,0.0714,15.545
Kolkata,22.5726,88.3639,warm_humid,3.0,3.0,2.6,90.0,gi_sheet,0.002,rcc_slab,0.2,mineral_wool,0.1,east,0.9,1.5,0.85,3.5,36.13,40.152,0.0595,15.623
Kolkata,22.5726,88.3639,warm_humid,3.0,3.0,2.6,180.0,stone,0.15,mud_brick,0.25,eps,0.15,west,1.2,0.9,0.75,1.2,35.935,38.443,0.0655,15.559
Kolkata,22.5726,88.3639,warm_humid,3.0,3.0,2.6,45.0,gi_sheet,0.002,aerated_concrete,0.1,sheep_wool,0.15,west,1.8,1.2,0.85,3.5,36.538,43.667,0.119,15.741
Kolkata,22.5726,88.3639,warm_humid,3.0,3.0,2.6,0.0,concrete,0.2,aerated_concrete,0.2,sheep_wool,0.1,south,1.5,1.2,0.55,1.6,35.188,37.573,0.0774,15.563
Kolkata,22.5726,88.3639,warm_humid,3.0,3.0,2.6,180.0,rammed_earth,0.45,rcc_slab,0.1,sheep_wool,0.1,south,1.8,0.6,0.85,5.8,34.053,36.177,0.1964,15.545
Kolkata,22.5726,88.3639,warm_humid,3.0,3.0,2.6,90.0,puf_sandwich_panel,0.05,stone,0.3,eps,0.05,west,1.8,0.6,0.55,2.6,34.934,37.451,0.0655,15.597
Kolkata,22.5726,88.3639,warm_humid,3.0,3.0,2.6,45.0,mud_brick,0.45,rcc_slab,0.1,eps,0.1,east,1.8,0.6,0.55,2.6,33.995,36.136,0.1964,15.544
Kolkata,22.5726,88.3639,warm_humid,3.0,3.0,2.6,180.0,stone,0.15,aerated_concrete,0.2,mineral_wool,0.15,south,0.9,0.6,0.35,3.5,34.4,36.334,0.0833,15.566
Kolkata,22.5726,88.3639,warm_humid,3.0,3.0,2.6,45.0,aerated_concrete,0.3,aerated_concrete,0.2,eps,0.025,north,1.2,1.2,0.85,1.6,37.102,40.651,0.0536,15.604
Kolkata,22.5726,88.3639,warm_humid,3.0,3.0,2.6,45.0,plywood,0.012,rcc_slab,0.1,xps,0.05,north,1.8,1.2,0.85,2.0,38.991,46.125,0.0417,15.681
Kolkata,22.5726,88.3639,warm_humid,3.0,3.0,2.6,0.0,aerated_concrete,0.2,puf_sandwich_panel,0.15,sheep_wool,0.05,west,1.2,0.9,0.55,2.0,34.88,38.12,0.0595,15.643
Kolkata,22.5726,88.3639,warm_humid,3.0,3.0,2.6,45.0,puf_sandwich_panel,0.15,brick,0.23,sheep_wool,0.1,west,1.2,1.2,0.45,2.6,34.449,37.13,0.0655,15.633
Kolkata,22.5726,88.3639,warm_humid,3.0,3.0,2.6,90.0,plywood,0.019,gi_sheet,0.002,mineral_wool,0.15,east,0.9,0.6,0.55,3.5,34.693,39.096,0.1667,15.76
Kolkata,22.5726,88.3639,warm_humid,3.0,3.0,2.6,180.0,plywood,0.05,gi_sheet,0.002,sheep_wool,0.15,west,0.6,0.6,0.55,2.6,34.926,38.812,0.1012,15.741
Kolkata,22.5726,88.3639,warm_humid,3.0,3.0,2.6,45.0,plywood,0.012,aerated_concrete,0.1,sheep_wool,0.1,west,1.5,1.5,0.35,5.8,35.827,42.259,0.1905,15.763
Kolkata,22.5726,88.3639,warm_humid,3.0,3.0,2.6,0.0,concrete,0.15,timber,0.1,eps,0.1,east,1.8,1.5,0.45,3.5,37.033,40.188,0.0536,15.577
Kolkata,22.5726,88.3639,warm_humid,3.0,3.0,2.6,0.0,plywood,0.03,aerated_concrete,0.2,eps,0.2,west,0.6,1.2,0.35,2.6,34.197,37.557,0.1012,15.704
Kolkata,22.5726,88.3639,warm_humid,3.0,3.0,2.6,90.0,aerated_concrete,0.2,brick,0.115,mineral_wool,0.05,west,0.9,0.9,0.45,3.5,35.287,38.244,0.0655,15.611
Kolkata,22.5726,88.3639,warm_humid,3.0,3.0,2.6,45.0,stone,0.15,gi_sheet,0.002,mineral_wool,0.15,north,0.9,1.2,0.45,3.5,34.817,36.946,0.0774,15.569
Kolkata,22.5726,88.3639,warm_humid,3.0,3.0,2.6,90.0,mud_brick,0.3,mud_brick,0.15,sheep_wool,0.1,south,1.8,1.5,0.65,2.0,35.357,37.894,0.0833,15.554
Kolkata,22.5726,88.3639,warm_humid,3.0,3.0,2.6,45.0,concrete,0.15,brick,0.23,mineral_wool,0.05,west,0.9,1.2,0.65,1.2,35.833,38.494,0.0714,15.563
Kolkata,22.5726,88.3639,warm_humid,3.0,3.0,2.6,45.0,plywood,0.012,mud_brick,0.25,xps,0.05,west,0.6,1.5,0.85,2.0,36.225,40.411,0.0536,15.628
Kolkata,22.5726,88.3639,warm_humid,3.0,3.0,2.6,45.0,timber,0.15,timber,0.15,eps,0.15,north,0.6,1.5,0.65,3.5,35.038,37.814,0.0536,15.639
Kolkata,22.5726,88.3639,warm_humid,3.0,3.0,2.6,135.0,rammed_earth,0.3,brick,0.23,eps,0.05,west,0.9,1.5,0.55,2.0,35.684,38.189,0.0774,15.552
Kolkata,22.5726,88.3639,warm_humid,3.0,3.0,2.6,180.0,mud_brick,0.15,puf_sandwich_panel,0.1,mineral_wool,0.05,north,1.5,0.9,0.85,2.6,36.07,39.135,0.0655,15.587
Kolkata,22.5726,88.3639,warm_humid,3.0,3.0,2.6,45.0,concrete,0.15,gi_sheet,0.002,none,0.0,south,0.9,1.2,0.55,5.8,41.219,50.421,0.0476,15.577
Kolkata,22.5726,88.3639,warm_humid,3.0,3.0,2.6,90.0,rammed_earth,0.45,brick,0.115,sheep_wool,0.05,west,0.6,0.9,0.85,5.8,34.352,36.597,0.1429,15.545
Kolkata,22.5726,88.3639,warm_humid,3.0,3.0,2.6,90.0,plywood,0.03,brick,0.115,eps,0.05,north,0.6,0.6,0.55,5.8,36.171,40.878,0.0536,15.674
Kolkata,22.5726,88.3639,warm_humid,3.0,3.0,2.6,45.0,mud_brick,0.15,puf_sandwich_panel,0.15,sheep_wool,0.05,south,1.8,1.2,0.85,1.2,36.585,40.182,0.0595,15.589
Kolkata,22.5726,88.3639,warm_humid,3.0,3.0,2.6,135.0,mud_brick,0.45,gi_sheet,0.002,sheep_wool,0.1,east,1.8,1.2,0.45,1.2,34.261,36.438,0.1369,15.547
Kolkata,22.5726,88.3639,warm_humid,3.0,3.0,2.6,45.0,stone,0.3,stone,0.3,eps,0.1,west,1.8,1.5,0.45,5.8,34.341,36.623,0.1548,15.543
Kolkata,22.5726,88.3639,warm_humid,3.0,3.0,2.6,0.0,aerated_concrete,0.1,brick,0.23,eps,0.05,east,1.5,1.5,0.65,2.6,38.386,42.893,0.0476,15.611
Kolkata,22.5726,88.3639,warm_humid,3.0,3.0,2.6,0.0,aerated_concrete,0.3,gi_sheet,0.002,eps,0.2,south,0.9,1.5,0.85,2.0,34.877,37.54,0.0655,15.612
Kolkata,22.5726,88.3639,warm_humid,3.0,3.0,2.6,0.0,plywood,0.05,concrete,0.1,sheep_wool,0.05,west,0.9,0.6,0.85,1.6,36.148,40.873,0.0536,15.661
Kolkata,22.5726,88.3639,warm_humid,3.0,3.0,2.6,180.0,brick,0.345,rcc_slab,0.15,sheep_wool,0.15,south,1.2,0.6,0.35,5.8,33.429,35.203,0.2083,15.548
Kolkata,22.5726,88.3639,warm_humid,3.0,3.0,2.6,90.0,concrete,0.2,rcc_slab,0.2,sheep_wool,0.05,west,0.9,1.2,0.55,1.2,35.615,38.161,0.0774,15.556
Kolkata,22.5726,88.3639,warm_humid,3.0,3.0,2.6,135.0,rammed_earth,0.45,rcc_slab,0.15,xps,0.1,north,1.2,1.5,0.75,3.5,35.339,38.025,0.0893,15.545
Kolkata,22.5726,88.3639,warm_humid,3.0,3.0,2.6,90.0,concrete,0.1,rcc_slab,0.1,eps,0.1,east,0.9,0.6,0.35,1.6,34.801,37.143,0.0714,15.584
Kolkata,22.5726,88.3639,warm_humid,3.0,3.0,2.6,45.0,stone,0.3,aerated_concrete,0.1,eps,0.025,north,1.2,0.6,0.85,1.6,36.192,38.97,0.0774,15.547
Kolkata,22.5726,88.3639,warm_humid,3.0,3.0,2.6,45.0,stone,0.15,puf_sandwich_panel,0.05,sheep_wool,0.15,north,1.5,1.5,0.55,2.0,36.218,38.906,0.0595,15.572
Kolkata,22.5726,88.3639,warm_humid,3.0,3.0,2.6,90.0,aerated_concrete,0.1,concrete,0.15,sheep_wool,0.15,south,0.9,1.2,0.55,2.6,34.674,37.387,0.0655,15.621
Kolkata,22.5726,88.3639,warm_humid,3.0,3.0,2.6,0.0,aerated_concrete,0.1,aerated_concrete,0.1,xps,0.1,south,1.2,1.5,0.45,5.8,35.326,39.555,0.0595,15.678
Kolkata,22.5726,88.3639,warm_humid,3.0,3.0,2.6,0.0,gi_sheet,0.002,brick,0.23,sheep_wool,0.1,north,0.9,0.9,0.65,2.6,35.551,39.212,0.0595,15.628
Kolkata,22.5726,88.3639,warm_humid,3.0,3.0,2.6,45.0,aerated_concrete,0.2,stone,0.3,mineral_wool,0.05,east,1.8,0.9,0.35,2.6,35.641,38.179,0.0655,15.576
Kolkata,22.5726,88.3639,warm_humid,3.0,3.0,2.6,45.0,puf_sandwich_panel,0.15,puf_sandwich_panel,0.1,eps,0.025,east,0.6,1.2,0.85,2.6,35.075,39.594,0.1726,15.822
Kolkata,22.5726,88.3639,warm_humid,3.0,3.0,2.6,90.0,concrete,0.2,rcc_slab,0.15,xps,0.05,south,0.9,1.2,0.35,1.2,35.229,37.617,0.0774,15.558
Kolkata,22.5726,88.3639,warm_humid,3.0,3.0,2.6,135.0,gi_sheet,0.002,concrete,0.1,mineral_wool,0.15,west,1.2,1.5,0.35,2.6,36.315,40.614,0.0476,15.662
Kolkata,22.5726,88.3639,warm_humid,3.0,3.0,2.6,135.0,puf_sandwich_panel,0.05,brick,0.115,eps,0.1,north,1.5,1.2,0.55,2.0,36.403,40.935,0.0476,15.688
Kolkata,22.5726,88.3639,warm_humid,3.0,3.0,2.6,0.0,aerated_concrete,0.2,gi_sheet,0.002,sheep_wool,0.1,south,0.9,0.6,0.75,5.8,34.684,37.573,0.0655,15.639
Kolkata,22.5726,88.3639,warm_humid,3.0,3.0,2.6,90.0,timber,0.15,stone,0.15,eps,0.025,west,1.2,1.5,0.55,1.6,36.656,40.608,0.0595,15.604
Kolkata,22.5726,88.3639,warm_humid,3.0,3.0,2.6,0.0,stone,0.15,brick,0.23,sheep_wool,0.05,south,0.6,0.9,0.75,2.6,35.615,38.178,0.0714,15.559
Kolkata,22.5726,88.3639,warm_humid,3.0,3.0,2.6,180.0,brick,0.115,stone,0.15,eps,0.025,east,0.6,1.5,0.75,5.8,37.491,41.399,0.0595,15.578
Kolkata,22.5726,88.3639,warm_humid,3.0,3.0,2.6,0.0,concrete,0.3,mud_brick,0.25,mineral_wool,0.15,east,0.9,0.9,0.45,3.5,33.754,35.698,0.2024,15.546
Kolkata,22.5726,88.3639,warm_humid,3.0,3.0,2.6,135.0,brick,0.23,concrete,0.15,eps,0.025,north,1.5,0.6,0.65,1.6,37.129,40.278,0.0655,15.559
Kolkata,22.5726,88.3639,warm_humid,3.0,3.0,2.6,90.0,puf_sandwich_panel,0.05,concrete,0.2,eps,0.2,west,1.2,0.6,0.55,2.0,33.762,35.854,0.0714,15.631
Kolkata,22.5726,88.3639,warm_humid,3.0,3.0,2.6,135.0,rammed_earth,0.45,timber,0.1,sheep_wool,0.15,south,1.5,1.5,0.35,2.6,33.785,35.722,0.2024,15.547
Kolkata,22.5726,88.3639,warm_humid,3.0,3.0,2.6,45.0,concrete,0.3,stone,0.15,xps,0.1,north,0.9,1.2,0.35,1.2,34.053,36.08,0.1964,15.547
Kolkata,22.5726,88.3639,warm_humid,3.0,3.0,2.6,45.0,stone,0.15,puf_sandwich_panel,0.075,none,0.0,west,0.6,0.6,0.45,2.6,39.127,45.292,0.0476,15.57
Kolkata,22.5726,88.3639,warm_humid,3.0,3.0,2.6,0.0,stone,0.15,mud_brick,0.15,eps,0.2,south,1.8,0.9,0.65,3.5,34.775,36.983,0.0833,15.563
Kolkata,22.5726,88.3639,warm_humid,3.0,3.0,2.6,0.0,mud_brick,0.45,timber,0.15,xps,0.15,west,1.2,1.5,0.75,2.0,33.886,36.005,0.2024,15.546
Kolkata,22.5726,88.3639,warm_humid,3.0,3.0,2.6,135.0,puf_sandwich_panel,0.1,rcc_slab,0.25,sheep_wool,0.1,south,1.8,1.2,0.65,1.6,35.32,38.455,0.0655,15.616
Kolkata,22.5726,88.3639,warm_humid,3.0,3.0,2.6,45.0,brick,0.345,rcc_slab,0.1,sheep_wool,0.05,west,0.6,0.9,0.35,1.2,34.724,36.996,0.0893,15.549
Kolkata,22.5726,88.3639,warm_humid,3.0,3.0,2.6,180.0,rammed_earth,0.3,mud_brick,0.25,sheep_wool,0.15,east,0.9,0.6,0.75,3.5,33.608,35.427,0.2024,15.551
Kolkata,22.5726,88.3639,warm_humid,3.0,3.0,2.6,135.0,brick,0.23,brick,0.115,eps,0.2,south,0.9,0.6,0.45,1.6,33.616,35.279,0.1667,15.56
Kolkata,22.5726,88.3639,warm_humid,3.0,3.0,2.6,135.0,gi_sheet,0.002,stone,0.15,eps,0.025,south,0.9,0.9,0.65,3.5,37.834,44.06,0.0476,15.636
Kolkata,22.5726,88.3639,warm_humid,3.0,3.0,2.6,180.0,brick,0.345,puf_sandwich_panel,0.1,eps,0.05,south,1.8,0.6,0.75,2.0,34.661,36.835,0.0893,15.553
Kolkata,22.5726,88.3639,warm_humid,3.0,3.0,2.6,90.0,stone,0.45,brick,0.23,sheep_wool,0.1,south,1.2,0.6,0.65,3.5,33.171,35.239,0.2262,15.537
Kolkata,22.5726,88.3639,warm_humid,3.0,3.0,2.6,45.0,aerated_concrete,0.3,rcc_slab,0.25,eps,0.15,west,1.8,1.5,0.35,2.6,34.517,36.7,0.0774,15.577
Kolkata,22.5726,88.3639,warm_humid,3.0,3.0,2.6,0.0,mud_brick,0.15,concrete,0.1,eps,0.1,south,1.5,0.9,0.55,3.5,35.067,37.461,0.0714,15.576
Kolkata,22.5726,88.3639,warm_humid,3.0,3.0,2.6,45.0,brick,0.115,puf_sandwich_panel,0.05,none,0.0,east,1.5,0.6,0.45,1.2,39.369,46.585,0.0476,15.601
Kolkata,22.5726,88.3639,warm_humid,3.0,3.0,2.6,45.0,plywood,0.012,brick,0.115,eps,0.2,east,1.8,1.5,0.85,5.8,39.024,45.589,0.0417,15.68
Kolkata,22.5726,88.3639,warm_humid,3.0,3.0,2.6,0.0,concrete,0.2,concrete,0.2,xps,0.15,west,1.8,0.6,0.85,3.5,34.348,36.456,0.0893,15.556
Kolkata,22.5726,88.3639,warm_humid,3.0,3.0,2.6,0.0,gi_sheet,0.002,aerated_concrete,0.1,mineral_wool,0.05,east,1.8,0.9,0.45,1.6,37.383,44.819,0.1429,15.739
Kolkata,22.5726,88.3639,warm_humid,3.0,3.0,2.6,180.0,plywood,0.05,brick,0.115,xps,0.1,west,0.9,1.2,0.45,2.0,35.91,39.656,0.0476,15.662
Kolkata,22.5726,88.3639,warm_humid,3.0,3.0,2.6,90.0,rammed_earth,0.15,timber,0.1,mineral_wool,0.05,north,1.5,0.6,0.55,2.0,36.111,39.056,0.0595,15.585
Kolkata,22.5726,88.3639,warm_humid,3.0,3.0,2.6,90.0,brick,0.345,stone,0.15,eps,0.2,north,0.9,1.5,0.65,1.2,34.657,36.939,0.1131,15.548
Kolkata,22.5726,88.3639,warm_humid,3.0,3.0,2.6,90.0,brick,0.115,concrete,0.1,eps,0.025,north,0.9,0.9,0.35,1.2,37.417,41.46,0.0536,15.586
Kolkata,22.5726,88.3639,warm_humid,3.0,3.0,2.6,180.0,puf_sandwich_panel,0.15,brick,0.23,none,0.0,south,1.5,1.5,0.35,1.6,37.496,42.851,0.0536,15.635
Kolkata,22.5726,88.3639,warm_humid,3.0,3.0,2.6,90.0,stone,0.45,concrete,0.15,mineral_wool,0.1,east,1.8,0.9,0.45,3.5,33.494,35.625,0.2202,15.538
Kolkata,22.5726,88.3639,warm_humid,3.0,3.0,2.6,0.0,puf_sandwich_panel,0.075,mud_brick,0.25,eps,0.1,west,1.8,0.6,0.45,1.2,34.276,36.792,0.0655,15.629
Kolkata,22.5726,88.3639,warm_humid,3.0,3.0,2.6,0.0,gi_sheet,0.002,concrete,0.1,xps,0.15,south,0.6,1.2,0.85,1.6,35.251,39.31,0.0595,15.668
Kolkata,22.5726,88.3639,warm_humid,3.0,3.0,2.6,45.0,brick,0.115,concrete,0.15,sheep_wool,0.1,north,1.5,0.6,0.35,2.6,35.226,37.638,0.0655,15.58
Kolkata,22.5726,88.3639,warm_humid,3.0,3.0,2.6,90.0,stone,0.3,timber,0.1,mineral_wool,0.05,north,1.8,0.9,0.65,3.5,36.166,38.926,0.0714,15.547
Kolkata,22.5726,88.3639,warm_humid,3.0,3.0,2.6,135.0,stone,0.45,rcc_slab,0.25,sheep_wool,0.1,south,0.9,0.6,0.75,2.6,33.198,35.311,0.2262,15.536
Kolkata,22.5726,88.3639,warm_humid,3.0,3.0,2.6,45.0,rammed_earth,0.3,timber,0.1,xps,0.05,east,0.6,0.9,0.75,1.6,34.943,37.142,0.0833,15.557
Kolkata,22.5726,88.3639,warm_humid,3.0,3.0,2.6,135.0,brick,0.345,stone,0.3,xps,0.15,north,0.6,0.6,0.85,1.6,33.234,35.073,0.2143,15.544
Kolkata,22.5726,88.3639,warm_humid,3.0,3.0,2.6,135.0,puf_sandwich_panel,0.1,rcc_slab,0.1,eps,0.2,west,1.5,0.9,0.45,2.6,34.883,37.957,0.0536,15.68
Kolkata,22.5726,88.3639,warm_humid,3.0,3.0,2.6,90.0,plywood,0.012,gi_sheet,0.002,xps,0.05,east,1.5,0.6,0.45,2.0,36.24,43.614,0.2024,15.802
Kolkata,22.5726,88.3639,warm_humid,3.0,3.0,2.6,0.0,concrete,0.2,brick,0.23,sheep_wool,0.05,south,0.6,0.9,0.45,2.0,35.311,37.732,0.0774,15.556
Kolkata,22.5726,88.3639,warm_humid,3.0,3.0,2.6,180.0,gi_sheet,0.002,concrete,0.15,mineral_wool,0.15,west,0.9,1.5,0.55,2.0,36.985,41.027,0.0476,15.638
Kolkata,22.5726,88.3639,warm_humid,3.0,3.0,2.6,135.0,concrete,0.1,gi_sheet,0.002,none,0.0,east,0.6,0.6,0.45,3.5,41.406,53.101,0.0536,14.152
Kolkata,22.5726,88.3639,warm_humid,3.0,3.0,2.6,45.0,rammed_earth,0.15,gi_sheet,0.002,eps,0.025,west,1.8,1.5,0.55,1.6,37.559,42.241,0.0536,15.592
Kolkata,22.5726,88.3639,warm_humid,3.0,3.0,2.6,0.0,gi_sheet,0.002,mud_brick,0.25,none,0.0,east,0.9,1.2,0.85,3.5,40.39,52.71,0.1667,12.905
Kolkata,22.5726,88.3639,warm_humid,3.0,3.0,2.6,45.0,timber,0.2,rcc_slab,0.1,sheep_wool,0.05,north,1.2,0.9,0.85,5.8,36.791,40.309,0.0536,15.609
Kolkata,22.5726,88.3639,warm_humid,3.0,3.0,2.6,0.0,aerated_concrete,0.2,rcc_slab,0.15,mineral_wool,0.05,north,0.6,0.6,0.55,5.8,34.984,37.551,0.0655,15.6
Kolkata,22.5726,88.3639,warm_humid,3.0,3.0,2.6,90.0,mud_brick,0.15,mud_brick,0.25,mineral_wool,0.05,north,1.8,0.6,0.45,1.2,35.919,38.522,0.0655,15.568
Kolkata,22.5726,88.3639,warm_humid,3.0,3.0,2.6,45.0,timber,0.15,gi_sheet,0.002,sheep_wool,0.05,east,0.9,0.9,0.45,2.0,35.937,40.012,0.0536,15.658
Kolkata,22.5726,88.3639,warm_humid,3.0,3.0,2.6,45.0,puf_sandwich_panel,0.1,mud_brick,0.25,eps,0.2,east,0.9,0.9,0.55,2.6,34.268,36.454,0.0655,15.627
Kolkata,22.5726,88.3639,warm_humid,3.0,3.0,2.6,180.0,rammed_earth,0.15,puf_sandwich_panel,0.05,mineral_wool,0.05,west,1.8,1.5,0.45,1.6,37.559,41.31,0.0536,15.592
Kolkata,22.5726,88.3639,warm_humid,3.0,3.0,2.6,135.0,gi_sheet,0.002,concrete,0.1,mineral_wool,0.05,west,1.5,0.6,0.75,1.2,37.593,43.476,0.0476,15.669
Kolkata,22.5726,88.3639,warm_humid,3.0,3.0,2.6,135.0,timber,0.2,stone,0.3,none,0.0,east,0.9,0.6,0.65,2.6,38.544,43.056,0.0595,15.575
Kolkata,22.5726,88.3639,warm_humid,3.0,3.0,2.6,135.0,stone,0.3,stone,0.3,xps,0.15,east,1.5,0.9,0.85,5.8,33.999,36.266,0.2024,15.542
Kolkata,22.5726,88.3639,warm_humid,3.0,3.0,2.6,90.0,aerated_concrete,0.3,gi_sheet,0.002,none,0.0,west,0.6,1.5,0.65,3.5,40.102,48.185,0.0476,15.613
Kolkata,22.5726,88.3639,warm_humid,3.0,3.0,2.6,45.0,stone,0.3,stone,0.15,mineral_wool,0.1,north,0.6,1.2,0.65,2.6,34.069,36.193,0.1964,15.544
Kolkata,22.5726,88.3639,warm_humid,3.0,3.0,2.6,180.0,timber,0.15,puf_sandwich_panel,0.1,eps,0.2,south,1.2,0.6,0.85,1.6,34.198,36.787,0.0655,15.656
Kolkata,22.5726,88.3639,warm_humid,3.0,3.0,2.6,135.0,concrete,0.15,gi_sheet,0.002,mineral_wool,0.15,north,1.8,1.5,0.85,1.6,38.64,42.385,0.0536,15.578
Kolkata,22.5726,88.3639,warm_humid,3.0,3.0,2.6,45.0,gi_sheet,0.002,brick,0.23,sheep_wool,0.1,east,1.2,1.5,0.55,2.0,36.913,41.315,0.0536,15.628
Kolkata,22.5726,88.3639,warm_humid,3.0,3.0,2.6,0.0,puf_sandwich_panel,0.1,timber,0.1,sheep_wool,0.15,east,0.9,0.6,0.55,2.6,34.392,37.805,0.1429,15.763
Kolkata,22.5726,88.3639,warm_humid,3.0,3.0,2.6,180.0,plywood,0.05,concrete,0.2,xps,0.05,north,1.5,0.6,0.65,3.5,35.989,39.637,0.0595,15.621
Kolkata,22.5726,88.3639,warm_humid,3.0,3.0,2.6,0.0,timber,0.15,mud_brick,0.15,eps,0.1,east,1.5,1.2,0.55,3.5,36.656,40.034,0.0536,15.615
Kolkata,22.5726,88.3639,warm_humid,3.0,3.0,2.6,90.0,plywood,0.019,aerated_concrete,0.1,eps,0.05,north,0.6,0.6,0.55,2.0,36.125,42.185,0.1488,15.756
Kolkata,22.5726,88.3639,warm_humid,3.0,3.0,2.6,90.0,timber,0.2,puf_sandwich_panel,0.1,eps,0.05,west,0.6,1.5,0.45,3.5,34.489,37.246,0.0655,15.638
Kolkata,22.5726,88.3639,warm_humid,3.0,3.0,2.6,45.0,brick,0.345,stone,0.3,sheep_wool,0.15,west,1.2,0.9,0.45,1.6,33.305,35.125,0.2143,15.545
Kolkata,22.5726,88.3639,warm_humid,3.0,3.0,2.6,90.0,mud_brick,0.3,stone,0.15,sheep_wool,0.15,east,1.2,0.6,0.35,3.5,33.326,35.019,0.2083,15.551
Kolkata,22.5726,88.3639,warm_humid,3.0,3.0,2.6,45.0,puf_sandwich_panel,0.15,mud_brick,0.15,eps,0.1,west,0.6,1.2,0.35,1.2,33.87,36.373,0.0655,15.665
Kolkata,22.5726,88.3639,warm_humid,3.0,3.0,2.6,180.0,plywood,0.05,puf_sandwich_panel,0.1,eps,0.1,east,0.9,1.2,0.85,2.6,35.515,40.797,0.1071,15.752
Kolkata,22.5726,88.3639,warm_humid,3.0,3.0,2.6,135.0,stone,0.15,puf_sandwich_panel,0.15,eps,0.2,west,1.8,0.6,0.85,2.6,35.673,38.058,0.0655,15.57
Kolkata,22.5726,88.3639,warm_humid,3.0,3.0,2.6,180.0,aerated_concrete,0.3,gi_sheet,0.002,xps,0.15,south,0.6,0.9,0.55,1.6,33.784,35.707,0.0774,15.61
Kolkata,22.5726,88.3639,warm_humid,3.0,3.0,2.6,90.0,puf_sandwich_panel,0.075,stone,0.3,none,0.0,north,1.8,1.2,0.55,1.2,40.057,45.972,0.0476,15.597
Kolkata,22.5726,88.3639,warm_humid,3.0,3.0,2.6,45.0,timber,0.15,puf_sandwich_panel,0.075,eps,0.025,east,0.6,0.6,0.65,5.8,35.276,38.816,0.0536,15.66
Kolkata,22.5726,88.3639,warm_humid,3.0,3.0,2.6,45.0,puf_sandwich_panel,0.075,brick,0.23,eps,0.025,west,1.5,0.6,0.65,2.0,35.656,39.263,0.0595,15.636
Kolkata,22.5726,88.3639,warm_humid,3.0,3.0,2.6,90.0,gi_sheet,0.002,aerated_concrete,0.1,mineral_wool,0.05,west,0.9,1.2,0.35,2.6,36.212,42.799,0.1488,15.739
Kolkata,22.5726,88.3639,warm_humid,3.0,3.0,2.6,180.0,brick,0.115,concrete,0.2,sheep_wool,0.15,south,1.8,1.5,0.45,1.2,35.713,38.387,0.0655,15.577
Kolkata,22.5726,88.3639,warm_humid,3.0,3.0,2.6,0.0,stone,0.45,timber,0.15,xps,0.15,east,1.8,1.5,0.35,3.5,34.366,36.797,0.1905,15.539
Kolkata,22.5726,88.3639,warm_humid,3.0,3.0,2.6,45.0,puf_sandwich_panel,0.075,stone,0.3,eps,0.025,east,1.8,0.9,0.85,1.6,37.673,41.456,0.0536,15.597
Kolkata,22.5726,88.3639,warm_humid,3.0,3.0,2.6,180.0,mud_brick,0.3,puf_sandwich_panel,0.15,mineral_wool,0.05,west,0.9,0.9,0.75,3.5,35.174,37.412,0.0774,15.557
Kolkata,22.5726,88.3639,warm_humid,3.0,3.0,2.6,0.0,stone,0.15,brick,0.23,none,0.0,south,0.6,0.9,0.65,3.5,39.685,45.795,0.0536,15.559
Kolkata,22.5726,88.3639,warm_humid,3.0,3.0,2.6,90.0,stone,0.3,rcc_slab,0.25,mineral_wool,0.1,west,1.8,0.9,0.35,5.8,33.859,35.901,0.2024,15.543
Kolkata,22.5726,88.3639,warm_humid,3.0,3.0,2.6,180.0,aerated_concrete,0.1,mud_brick,0.25,sheep_wool,0.1,north,1.8,1.5,0.45,5.8,35.884,39.343,0.0595,15.608
Kolkata,22.5726,88.3639,warm_humid,3.0,3.0,2.6,90.0,gi_sheet,0.002,mud_brick,0.15,eps,0.2,north,1.5,1.5,0.45,5.8,36.859,41.334,0.0476,15.655
Kolkata,22.5726,88.3639,warm_humid,3.0,3.0,2.6,45.0,rammed_earth,0.3,timber,0.1,mineral_wool,0.05,south,1.5,0.9,0.55,1.6,35.094,37.426,0.0774,15.558
Kolkata,22.5726,88.3639,warm_humid,3.0,3.0,2.6,180.0,aerated_concrete,0.3,stone,0.3,sheep_wool,0.15,south,0.9,1.5,0.85,1.6,34.534,36.58,0.0833,15.569
Kolkata,22.5726,88.3639,warm_humid,3.0,3.0,2.6,135.0,gi_sheet,0.002,concrete,0.2,xps,0.1,south,0.6,1.2,0.55,2.0,35.608,38.974,0.0595,15.625
Kolkata,22.5726,88.3639,warm_humid,3.0,3.0,2.6,180.0,stone,0.15,aerated_concrete,0.2,eps,0.1,west,1.8,0.6,0.65,5.8,36.172,38.785,0.0655,15.567
Kolkata,22.5726,88.3639,warm_humid,3.0,3.0,2.6,180.0,stone,0.3,gi_sheet,0.002,xps,0.15,north,1.8,0.6,0.75,2.0,34.2,36.31,0.1607,15.547
Kolkata,22.5726,88.3639,warm_humid,3.0,3.0,2.6,90.0,stone,0.3,mud_brick,0.25,eps,0.025,north,1.8,0.6,0.75,1.6,36.442,39.389,0.0714,15.544
Kolkata,22.5726,88.3639,warm_humid,3.0,3.0,2.6,135.0,timber,0.1,brick,0.115,sheep_wool,0.1,east,1.2,0.9,0.35,3.5,35.016,38.174,0.0595,15.638
Kolkata,22.5726,88.3639,warm_humid,3.0,3.0,2.6,180.0,gi_sheet,0.002,timber,0.15,sheep_wool,0.1,south,0.6,0.9,0.55,1.6,35.958,41.038,0.0893,15.722
Kolkata,22.5726,88.3639,warm_humid,3.0,3.0,2.6,90.0,plywood,0.03,stone,0.3,mineral_wool,0.1,north,0.9,1.2,0.55,2.0,35.737,38.433,0.0595,15.592
Kolkata,22.5726,88.3639,warm_humid,3.0,3.0,2.6,45.0,aerated_concrete,0.2,mud_brick,0.25,mineral_wool,0.15,west,1.2,1.2,0.35,1.2,34.127,36.163,0.0774,15.59
Kolkata,22.5726,88.3639,warm_humid,3.0,3.0,2.6,0.0,mud_brick,0.3,gi_sheet,0.002,mineral_wool,0.05,west,0.9,0.6,0.75,2.0,34.779,36.98,0.0833,15.556
Kolkata,22.5726,88.3639,warm_humid,3.0,3.0,2.6,90.0,stone,0.15,concrete,0.15,sheep_wool,0.05,south,0.9,0.6,0.35,3.5,35.515,38.03,0.0714,15.561
Kolkata,22.5726,88.3639,warm_humid,3.0,3.0,2.6,0.0,aerated_concrete,0.1,mud_brick,0.25,sheep_wool,0.1,north,1.5,1.5,0.65,2.6,35.855,39.21,0.0595,15.608
Kolkata,22.5726,88.3639,warm_humid,3.0,3.0,2.6,180.0,aerated_concrete,0.3,timber,0.1,mineral_wool,0.15,south,1.5,1.2,0.45,1.6,34.552,36.957,0.0714,15.606
Kolkata,22.5726,88.3639,warm_humid,3.0,3.0,2.6,135.0,concrete,0.3,stone,0.3,xps,0.1,east,1.5,1.5,0.75,2.6,34.99,37.547,0.0893,15.545
Kolkata,22.5726,88.3639,warm_humid,3.0,3.0,2.6,0.0,mud_brick,0.3,gi_sheet,0.002,mineral_wool,0.15,west,0.9,0.9,0.65,2.6,33.661,35.453,0.2024,15.556
Kolkata,22.5726,88.3639,warm_humid,3.0,3.0,2.6,0.0,concrete,0.2,timber,0.1,eps,0.2,east,1.2,0.9,0.45,2.0,34.604,36.623,0.0833,15.563
Kolkata,22.5726,88.3639,warm_humid,3.0,3.0,2.6,0.0,concrete,0.1,gi_sheet,0.002,eps,0.1,east,0.9,1.2,0.35,5.8,35.58,38.466,0.0595,15.598
Kolkata,22.5726,88.3639,warm_humid,3.0,3.0,2.6,90.0,stone,0.15,timber,0.1,eps,0.05,west,0.6,0.9,0.35,2.6,35.23,37.643,0.0714,15.568
Kolkata,22.5726,88.3639,warm_humid,3.0,3.0,2.6,180.0,mud_brick,0.15,concrete,0.1,eps,0.15,north,1.5,1.5,0.65,2.6,35.768,38.477,0.0655,15.577
Kolkata,22.5726,88.3639,warm_humid,3.0,3.0,2.6,90.0,gi_sheet,0.002,concrete,0.2,eps,0.025,east,1.5,0.6,0.55,3.5,37.469,43.304,0.0536,15.626
Kolkata,22.5726,88.3639,warm_humid,3.0,3.0,2.6,45.0,brick,0.23,timber,0.1,eps,0.15,east,0.9,0.6,0.55,5.8,34.059,35.874,0.0952,15.564
Kolkata,22.5726,88.3639,warm_humid,3.0,3.0,2.6,135.0,aerated_concrete,0.2,timber,0.1,xps,0.1,north,1.8,1.2,0.65,5.8,37.141,41.213,0.0476,15.634
Kolkata,22.5726,88.3639,warm_humid,3.0,3.0,2.6,45.0,timber,0.1,puf_sandwich_panel,0.05,mineral_wool,0.05,south,0.9,1.2,0.35,3.5,35.169,39.377,0.0714,15.691
Kolkata,22.5726,88.3639,warm_humid,3.0,3.0,2.6,0.0,mud_brick,0.45,timber,0.1,mineral_wool,0.1,east,0.9,1.5,0.75,1.2,35.001,37.553,0.0893,15.545
Kolkata,22.5726,88.3639,warm_humid,3.0,3.0,2.6,180.0,concrete,0.3,mud_brick,0.25,sheep_wool,0.05,south,0.6,1.5,0.65,1.2,35.117,37.575,0.0833,15.546
Kolkata,22.5726,88.3639,warm_humid,3.0,3.0,2.6,180.0,brick,0.23,aerated_concrete,0.1,xps,0.05,north,1.2,0.6,0.75,2.6,35.407,37.826,0.0714,15.565
Kolkata,22.5726,88.3639,warm_humid,3.0,3.0,2.6,135.0,gi_sheet,0.002,stone,0.3,eps,0.025,north,1.2,0.6,0.75,5.8,37.945,42.634,0.0536,15.594
Kolkata,22.5726,88.3639,warm_humid,3.0,3.0,2.6,90.0,concrete,0.3,aerated_concrete,0.1,sheep_wool,0.15,east,1.5,1.2,0.35,1.2,34.065,36.034,0.131,15.551
Kolkata,22.5726,88.3639,warm_humid,3.0,3.0,2.6,0.0,brick,0.23,timber,0.15,xps,0.1,north,0.6,0.9,0.55,3.5,33.998,35.829,0.1012,15.563
Kolkata,22.5726,88.3639,warm_humid,3.0,3.0,2.6,0.0,rammed_earth,0.15,mud_brick,0.15,mineral_wool,0.15,south,0.6,1.5,0.45,3.5,34.203,36.139,0.0833,15.574
Kolkata,22.5726,88.3639,warm_humid,3.0,3.0,2.6,180.0,puf_sandwich_panel,0.075,stone,0.15,eps,0.025,south,0.9,1.5,0.35,3.5,35.748,39.669,0.0595,15.644
Kolkata,22.5726,88.3639,warm_humid,3.0,3.0,2.6,90.0,concrete,0.15,gi_sheet,0.002,xps,0.05,east,1.8,0.6,0.35,2.0,35.654,38.429,0.0655,15.577
Kolkata,22.5726,88.3639,warm_humid,3.0,3.0,2.6,45.0,rammed_earth,0.45,concrete,0.2,sheep_wool,0.1,west,1.2,0.9,0.65,2.0,33.662,35.675,0.2083,15.543
Kolkata,22.5726,88.3639,warm_humid,3.0,3.0,2.6,0.0,stone,0.3,brick,0.115,mineral_wool,0.15,south,1.8,0.6,0.65,3.5,33.767,35.773,0.2083,15.545
Kolkata,22.5726,88.3639,warm_humid,3.0,3.0,2.6,135.0,puf_sandwich_panel,0.075,concrete,0.1,mineral_wool,0.1,north,1.8,1.5,0.75,3.5,38.476,44.347,0.0476,15.678
Kolkata,22.5726,88.3639,warm_humid,3.0,3.0,2.6,0.0,plywood,0.03,brick,0.115,sheep_wool,0.1,west,0.6,1.2,0.55,5.8,35.255,39.282,0.0595,15.673
Kolkata,22.5726,88.3639,warm_humid,3.0,3.0,2.6,135.0,puf_sandwich_panel,0.05,timber,0.1,eps,0.2,north,1.5,0.9,0.65,1.2,35.763,40.456,0.0952,15.763
Kolkata,22.5726,88.3639,warm_humid,3.0,3.0,2.6,0.0,aerated_concrete,0.1,puf_sandwich_panel,0.075,sheep_wool,0.1,south,1.8,0.6,0.75,2.0,35.236,39.548,0.0595,15.698
Kolkata,22.5726,88.3639,warm_humid,3.0,3.0,2.6,45.0,brick,0.23,stone,0.3,eps,0.2,east,1.5,1.2,0.75,2.0,35.535,38.031,0.0774,15.552
Kolkata,22.5726,88.3639,warm_humid,3.0,3.0,2.6,45.0,gi_sheet,0.002,stone,0.3,eps,0.2,east,1.2,1.2,0.75,1.6,36.239,39.266,0.0595,15.593
Kolkata,22.5726,88.3639,warm_humid,3.0,3.0,2.6,0.0,rammed_earth,0.45,puf_sandwich_panel,0.15,eps,0.1,south,1.2,0.9,0.35,1.6,33.196,34.897,0.2143,15.547
Kolkata,22.5726,88.3639,warm_humid,3.0,3.0,2.6,135.0,stone,0.3,timber,0.1,mineral_wool,0.15,east,1.5,0.9,0.65,2.0,34.179,36.31,0.1607,15.547
Kolkata,22.5726,88.3639,warm_humid,3.0,3.0,2.6,45.0,concrete,0.1,puf_sandwich_panel,0.1,eps,0.15,west,1.8,1.2,0.75,5.8,35.718,38.979,0.0655,15.6
Kolkata,22.5726,88.3639,warm_humid,3.0,3.0,2.6,0.0,gi_sheet,0.002,timber,0.15,mineral_wool,0.05,south,0.9,1.5,0.85,2.6,36.899,44.217,0.0952,15.719
Kolkata,22.5726,88.3639,warm_humid,3.0,3.0,2.6,0.0,mud_brick,0.3,gi_sheet,0.002,eps,0.1,east,0.6,0.6,0.85,1.2,34.168,36.085,0.1131,15.556
Kolkata,22.5726,88.3639,warm_humid,3.0,3.0,2.6,180.0,brick,0.115,aerated_concrete,0.1,none,0.0,south,1.5,1.2,0.35,5.8,39.493,47.232,0.0476,15.598
Kolkata,22.5726,88.3639,warm_humid,3.0,3.0,2.6,180.0,gi_sheet,0.002,rcc_slab,0.25,eps,0.025,south,1.8,1.2,0.85,3.5,38.537,44.681,0.0476,15.612
Kolkata,22.5726,88.3639,warm_humid,3.0,3.0,2.6,90.0,stone,0.45,mud_brick,0.25,none,0.0,east,0.9,1.5,0.65,1.6,37.704,41.184,0.0714,15.537
Kolkata,22.5726,88.3639,warm_humid,3.0,3.0,2.6,90.0,puf_sandwich_panel,0.15,gi_sheet,0.002,xps,0.1,south,0.9,0.9,0.65,5.8,34.325,38.609,0.2202,15.798
Kolkata,22.5726,88.3639,warm_humid,3.0,3.0,2.6,45.0,mud_brick,0.15,aerated_concrete,0.2,eps,0.025,south,1.5,0.6,0.45,5.8,36.251,39.438,0.0595,15.581
Kolkata,22.5726,88.3639,warm_humid,3.0,3.0,2.6,90.0,timber,0.1,rcc_slab,0.15,eps,0.025,east,1.2,0.6,0.85,2.0,36.807,41.214,0.0536,15.62
Kolkata,22.5726,88.3639,warm_humid,3.0,3.0,2.6,90.0,aerated_concrete,0.1,brick,0.115,mineral_wool,0.1,west,0.9,1.5,0.45,2.0,35.078,38.307,0.0595,15.637
Kolkata,22.5726,88.3639,warm_humid,3.0,3.0,2.6,0.0,plywood,0.03,brick,0.115,eps,0.05,east,1.2,0.6,0.65,3.5,36.805,41.951,0.0476,15.674
Kolkata,22.5726,88.3639,warm_humid,3.0,3.0,2.6,0.0,concrete,0.3,concrete,0.15,eps,0.2,east,0.9,0.6,0.45,2.6,33.336,35.094,0.2143,15.547
Kolkata,22.5726,88.3639,warm_humid,3.0,3.0,2.6,135.0,concrete,0.15,brick,0.23,eps,0.15,south,1.8,1.5,0.55,3.5,35.578,38.11,0.0714,15.565
Kolkata,22.5726,88.3639,warm_humid,3.0,3.0,2.6,0.0,mud_brick,0.3,stone,0.15,xps,0.15,north,1.8,0.6,0.35,2.6,33.327,35.016,0.2083,15.551
Kolkata,22.5726,88.3639,warm_humid,3.0,3.0,2.6,135.0,aerated_concrete,0.1,aerated_concrete,0.2,sheep_wool,0.15,west,0.6,1.2,0.35,2.6,34.647,37.524,0.0595,15.659
Kolkata,22.5726,88.3639,warm_humid,3.0,3.0,2.6,0.0,aerated_concrete,0.3,mud_brick,0.25,sheep_wool,0.1,east,1.8,0.9,0.75,2.0,36.81,39.696,0.0536,15.581
Kolkata,22.5726,88.3639,warm_humid,3.0,3.0,2.6,180.0,timber,0.2,rcc_slab,0.25,eps,0.1,east,1.8,0.9,0.45,5.8,34.707,37.005,0.0714,15.585
Kolkata,22.5726,88.3639,warm_humid,3.0,3.0,2.6,135.0,mud_brick,0.15,concrete,0.1,mineral_wool,0.15,west,1.2,0.6,0.45,1.2,34.574,36.557,0.0774,15.574
Kolkata,22.5726,88.3639,warm_humid,3.0,3.0,2.6,90.0,mud_brick,0.45,gi_sheet,0.002,sheep_wool,0.1,north,0.6,1.2,0.55,1.6,33.864,35.888,0.1964,15.545
Kolkata,22.5726,88.3639,warm_humid,3.0,3.0,2.6,135.0,timber,0.1,aerated_concrete,0.1,sheep_wool,0.15,east,1.5,0.9,0.55,5.8,35.049,38.785,0.0595,15.673
Kolkata,22.5726,88.3639,warm_humid,3.0,3.0,2.6,180.0,plywood,0.03,puf_sandwich_panel,0.05,none,0.0,south,1.8,0.9,0.75,5.8,38.635,50.279,0.2381,15.006
Kolkata,22.5726,88.3639,warm_humid,3.0,3.0,2.6,45.0,stone,0.3,concrete,0.15,sheep_wool,0.15,south,1.2,0.9,0.55,5.8,33.676,35.657,0.2083,15.545
Kolkata,22.5726,88.3639,warm_humid,3.0,3.0,2.6,45.0,puf_sandwich_panel,0.075,mud_brick,0.25,mineral_wool,0.1,east,0.6,0.9,0.75,1.6,34.583,36.979,0.0595,15.627
Kolkata,22.5726,88.3639,warm_humid,3.0,3.0,2.6,45.0,timber,0.2,stone,0.3,eps,0.1,east,1.2,0.6,0.65,2.0,34.613,36.623,0.0774,15.574
Kolkata,22.5726,88.3639,warm_humid,3.0,3.0,2.6,45.0,brick,0.115,concrete,0.1,sheep_wool,0.15,south,0.9,1.5,0.85,2.6,35.46,38.207,0.0714,15.586
Kolkata,22.5726,88.3639,warm_humid,3.0,3.0,2.6,0.0,stone,0.3,aerated_concrete,0.2,eps,0.025,south,0.9,0.9,0.75,1.2,35.554,38.153,0.0833,15.546
Kolkata,22.5726,88.3639,warm_humid,3.0,3.0,2.6,45.0,rammed_earth,0.45,brick,0.23,eps,0.15,east,1.8,1.5,0.55,3.5,35.315,37.934,0.0833,15.545
Kolkata,22.5726,88.3639,warm_humid,3.0,3.0,2.6,135.0,brick,0.23,puf_sandwich_panel,0.1,none,0.0,north,1.2,0.6,0.55,2.0,37.901,41.827,0.0536,15.566
Kolkata,22.5726,88.3639,warm_humid,3.0,3.0,2.6,45.0,stone,0.15,stone,0.15,eps,0.05,north,0.9,0.9,0.45,1.2,35.738,38.296,0.0714,15.56
Kolkata,22.5726,88.3639,warm_humid,3.0,3.0,2.6,0.0,rammed_earth,0.15,mud_brick,0.15,xps,0.05,north,1.2,0.9,0.55,5.8,35.536,38.195,0.0714,15.576
Kolkata,22.5726,88.3639,warm_humid,3.0,3.0,2.6,90.0,timber,0.15,rcc_slab,0.15,eps,0.1,north,1.2,0.6,0.45,2.0,34.883,37.304,0.0655,15.607
Kolkata,22.5726,88.3639,warm_humid,3.0,3.0,2.6,45.0,rammed_earth,0.15,aerated_concrete,0.1,eps,0.025,west,1.8,1.5,0.55,5.8,37.214,41.491,0.0595,15.589
Kolkata,22.5726,88.3639,warm_humid,3.0,3.0,2.6,180.0,puf_sandwich_panel,0.1,stone,0.3,eps,0.2,east,1.2,0.9,0.65,2.0,33.92,35.866,0.0774,15.595
Kolkata,22.5726,88.3639,warm_humid,3.0,3.0,2.6,90.0,mud_brick,0.15,brick,0.115,mineral_wool,0.1,north,0.9,0.9,0.85,5.8,35.844,38.362,0.0655,15.575
Kolkata,22.5726,88.3639,warm_humid,3.0,3.0,2.6,45.0,timber,0.2,concrete,0.2,xps,0.05,east,1.5,1.2,0.55,1.2,36.551,39.704,0.0595,15.591
Kolkata,22.5726,88.3639,warm_humid,3.0,3.0,2.6,0.0,timber,0.2,timber,0.1,sheep_wool,0.1,south,1.2,1.2,0.65,2.0,35.221,38.436,0.0595,15.629
Kolkata,22.5726,88.3639,warm_humid,3.0,3.0,2.6,45.0,brick,0.345,timber,0.15,xps,0.15,south,1.5,1.5,0.75,5.8,34.789,37.146,0.0893,15.552
Kolkata,22.5726,88.3639,warm_humid,3.0,3.0,2.6,45.0,concrete,0.15,puf_sandwich_panel,0.075,sheep_wool,0.05,north,0.9,1.5,0.65,2.6,36.573,39.636,0.0595,15.578
Kolkata,22.5726,88.3639,warm_humid,3.0,3.0,2.6,135.0,puf_sandwich_panel,0.15,rcc_slab,0.15,sheep_wool,0.15,east,1.5,0.9,0.55,3.5,34.457,37.362,0.0655,15.65
Kolkata,22.5726,88.3639,warm_humid,3.0,3.0,2.6,90.0,concrete,0.1,mud_brick,0.15,eps,0.2,north,1.5,1.2,0.35,1.6,35.475,37.94,0.0655,15.582
Kolkata,22.5726,88.3639,warm_humid,3.0,3.0,2.6,45.0,mud_brick,0.3,stone,0.15,eps,0.15,west,1.5,0.9,0.55,2.6,33.759,35.648,0.2024,15.552
Kolkata,22.5726,88.3639,warm_humid,3.0,3.0,2.6,45.0,aerated_concrete,0.3,aerated_concrete,0.1,eps,0.1,east,0.9,1.2,0.65,2.0,35.419,38.094,0.0595,15.608
Kolkata,22.5726,88.3639,warm_humid,3.0,3.0,2.6,90.0,stone,0.45,timber,0.15,mineral_wool,0.05,east,1.5,1.5,0.85,2.0,35.058,37.774,0.0952,15.539
Kolkata,22.5726,88.3639,warm_humid,3.0,3.0,2.6,180.0,aerated_concrete,0.1,timber,0.1,none,0.0,east,0.6,1.2,0.35,2.6,37.673,45.211,0.0833,15.678
Kolkata,22.5726,88.3639,warm_humid,3.0,3.0,2.6,180.0,puf_sandwich_panel,0.1,concrete,0.15,mineral_wool,0.15,east,0.9,0.6,0.65,3.5,33.801,36.06,0.0714,15.645
Kolkata,22.5726,88.3639,warm_humid,3.0,3.0,2.6,0.0,aerated_concrete,0.2,rcc_slab,0.2,mineral_wool,0.1,west,1.8,1.2,0.35,2.6,34.878,37.436,0.0714,15.592
Kolkata,22.5726,88.3639,warm_humid,3.0,3.0,2.6,135.0,mud_brick,0.15,timber,0.15,mineral_wool,0.1,south,1.8,0.6,0.35,1.6,34.702,36.896,0.0714,15.581
Kolkata,22.5726,88.3639,warm_humid,3.0,3.0,2.6,180.0,rammed_earth,0.3,aerated_concrete,0.2,mineral_wool,0.05,east,0.6,0.9,0.65,3.5,34.604,36.702,0.0833,15.556
Kolkata,22.5726,88.3639,warm_humid,3.0,3.0,2.6,90.0,concrete,0.2,aerated_concrete,0.1,eps,0.1,west,0.9,1.5,0.35,1.2,34.564,36.647,0.0833,15.564
Kolkata,22.5726,88.3639,warm_humid,3.0,3.0,2.6,90.0,gi_sheet,0.002,concrete,0.15,none,0.0,south,0.6,1.5,0.35,3.5,40.706,55.295,0.2143,12.077
Kolkata,22.5726,88.3639,warm_humid,3.0,3.0,2.6,90.0,rammed_earth,0.3,mud_brick,0.25,eps,0.2,east,1.8,0.9,0.65,5.8,34.039,36.033,0.1488,15.552
Kolkata,22.5726,88.3639,warm_humid,3.0,3.0,2.6,0.0,timber,0.1,gi_sheet,0.002,eps,0.05,east,0.6,1.5,0.85,2.0,37.138,42.477,0.0476,15.689
Kolkata,22.5726,88.3639,warm_humid,3.0,3.0,2.6,180.0,timber,0.2,puf_sandwich_panel,0.1,mineral_wool,0.05,east,1.2,1.5,0.65,2.6,35.473,39.181,0.0595,15.639
Kolkata,22.5726,88.3639,warm_humid,3.0,3.0,2.6,135.0,plywood,0.019,aerated_concrete,0.1,mineral_wool,0.05,south,0.6,0.6,0.75,1.2,36.196,42.248,0.1369,15.749
Kolkata,22.5726,88.3639,warm_humid,3.0,3.0,2.6,45.0,plywood,0.05,rcc_slab,0.15,eps,0.1,north,1.8,1.5,0.45,2.6,36.921,41.189,0.0476,15.638
Kolkata,22.5726,88.3639,warm_humid,3.0,3.0,2.6,45.0,timber,0.15,puf_sandwich_panel,0.1,sheep_wool,0.05,west,1.5,0.6,0.35,1.2,34.714,37.987,0.0595,15.661
Kolkata,22.5726,88.3639,warm_humid,3.0,3.0,2.6,0.0,brick,0.345,stone,0.3,xps,0.1,north,1.5,1.2,0.35,5.8,33.737,35.707,0.2024,15.545
Kolkata,22.5726,88.3639,warm_humid,3.0,3.0,2.6,90.0,stone,0.45,brick,0.23,eps,0.15,west,1.5,1.5,0.55,2.0,33.537,35.702,0.2143,15.538
Kolkata,22.5726,88.3639,warm_humid,3.0,3.0,2.6,0.0,timber,0.1,aerated_concrete,0.2,sheep_wool,0.1,south,1.8,1.2,0.65,5.8,36.026,40.615,0.0595,15.66
Kolkata,22.5726,88.3639,warm_humid,3.0,3.0,2.6,180.0,aerated_concrete,0.3,concrete,0.2,none,0.0,north,1.5,0.6,0.85,3.5,39.008,44.039,0.0536,15.581
Kolkata,22.5726,88.3639,warm_humid,3.0,3.0,2.6,0.0,aerated_concrete,0.2,brick,0.115,xps,0.05,south,1.2,1.5,0.35,1.6,35.574,38.891,0.0595,15.614
Kolkata,22.5726,88.3639,warm_humid,3.0,3.0,2.6,180.0,plywood,0.05,mud_brick,0.25,mineral_wool,0.05,west,1.5,0.9,0.85,3.5,37.948,42.28,0.0476,15.618
Kolkata,22.5726,88.3639,warm_humid,3.0,3.0,2.6,0.0,concrete,0.3,aerated_concrete,0.1,mineral_wool,0.15,east,1.8,0.6,0.55,1.6,34.477,36.598,0.1131,15.55
Kolkata,22.5726,88.3639,warm_humid,3.0,3.0,2.6,135.0,rammed_earth,0.45,rcc_slab,0.25,eps,0.2,east,0.6,1.5,0.55,1.2,32.883,34.615,0.2321,15.543
Kolkata,22.5726,88.3639,warm_humid,3.0,3.0,2.6,45.0,brick,0.23,mud_brick,0.25,mineral_wool,0.15,north,1.5,1.2,0.35,2.0,34.609,36.654,0.0833,15.557
Kolkata,22.5726,88.3639,warm_humid,3.0,3.0,2.6,0.0,stone,0.45,timber,0.15,xps,0.15,south,0.9,0.9,0.55,2.0,32.76,34.562,0.2857,15.538
Kolkata,22.5726,88.3639,warm_humid,3.0,3.0,2.6,45.0,timber,0.2,timber,0.1,mineral_wool,0.15,north,0.6,1.2,0.35,3.5,34.145,36.31,0.0655,15.623
Kolkata,22.5726,88.3639,warm_humid,3.0,3.0,2.6,45.0,brick,0.345,timber,0.15,mineral_wool,0.15,west,1.2,0.6,0.55,3.5,33.327,35.047,0.2083,15.551
Kolkata,22.5726,88.3639,warm_humid,3.0,3.0,2.6,135.0,concrete,0.15,concrete,0.2,sheep_wool,0.15,north,1.2,0.6,0.35,2.0,34.662,36.706,0.0833,15.563
Kolkata,22.5726,88.3639,warm_humid,3.0,3.0,2.6,0.0,stone,0.15,stone,0.3,sheep_wool,0.15,east,1.8,0.6,0.65,1.2,35.118,37.397,0.0833,15.554
Kolkata,22.5726,88.3639,warm_humid,3.0,3.0,2.6,180.0,stone,0.15,aerated_concrete,0.1,xps,0.15,south,1.8,1.2,0.35,1.6,35.129,37.407,0.0714,15.57
Kolkata,22.5726,88.3639,warm_humid,3.0,3.0,2.6,0.0,rammed_earth,0.3,aerated_concrete,0.2,none,0.0,south,1.8,1.2,0.65,3.5,37.595,41.253,0.0595,15.558
Kolkata,22.5726,88.3639,warm_humid,3.0,3.0,2.6,45.0,mud_brick,0.15,gi_sheet,0.002,eps,0.15,south,0.9,0.6,0.75,2.0,34.238,36.258,0.0774,15.585
Kolkata,22.5726,88.3639,warm_humid,3.0,3.0,2.6,180.0,mud_brick,0.3,aerated_concrete,0.2,xps,0.1,east,1.8,1.2,0.35,5.8,34.383,36.413,0.0893,15.556
Kolkata,22.5726,88.3639,warm_humid,3.0,3.0,2.6,90.0,plywood,0.05,brick,0.115,eps,0.1,south,1.5,1.2,0.85,1.2,36.27,41.225,0.0536,15.663
Kolkata,22.5726,88.3639,warm_humid,3.0,3.0,2.6,135.0,brick,0.345,rcc_slab,0.25,eps,0.15,north,0.9,0.6,0.45,1.6,33.36,35.16,0.2083,15.546
Kolkata,22.5726,88.3639,warm_humid,3.0,3.0,2.6,90.0,timber,0.2,gi_sheet,0.002,mineral_wool,0.1,east,1.2,0.6,0.45,3.5,34.387,36.972,0.0655,15.632
Kolkata,22.5726,88.3639,warm_humid,3.0,3.0,2.6,90.0,stone,0.15,mud_brick,0.15,xps,0.15,south,1.2,0.9,0.75,2.6,34.519,36.612,0.0833,15.563
Kolkata,22.5726,88.3639,warm_humid,3.0,3.0,2.6,45.0,brick,0.23,rcc_slab,0.15,eps,0.025,north,0.6,1.5,0.65,3.5,37.014,40.118,0.0655,15.559
Kolkata,22.5726,88.3639,warm_humid,3.0,3.0,2.6,90.0,brick,0.23,rcc_slab,0.1,xps,0.15,north,1.2,1.5,0.75,2.6,36.593,39.355,0.0655,15.562
Kolkata,22.5726,88.3639,warm_humid,3.0,3.0,2.6,45.0,gi_sheet,0.002,timber,0.15,eps,0.05,south,0.6,1.5,0.65,2.6,36.37,42.934,0.131,15.724
Kolkata,22.5726,88.3639,warm_humid,3.0,3.0,2.6,135.0,gi_sheet,0.002,mud_brick,0.15,eps,0.025,south,1.2,1.2,0.85,2.6,38.22,45.644,0.0476,15.658
Kolkata,22.5726,88.3639,warm_humid,3.0,3.0,2.6,90.0,gi_sheet,0.002,concrete,0.1,mineral_wool,0.05,north,1.2,1.2,0.85,1.6,38.53,45.202,0.0417,15.67
Kolkata,22.5726,88.3639,warm_humid,3.0,3.0,2.6,45.0,brick,0.345,puf_sandwich_panel,0.1,mineral_wool,0.1,west,0.9,0.9,0.45,1.2,33.54,35.304,0.2024,15.552
Kolkata,22.5726,88.3639,warm_humid,3.0,3.0,2.6,180.0,rammed_earth,0.45,concrete,0.15,sheep_wool,0.05,east,0.6,1.2,0.85,2.0,34.501,36.843,0.1369,15.544
Kolkata,22.5726,88.3639,warm_humid,3.0,3.0,2.6,180.0,aerated_concrete,0.3,brick,0.115,xps,0.05,north,1.2,0.6,0.75,5.8,35.158,37.745,0.0655,15.595
Kolkata,22.5726,88.3639,warm_humid,3.0,3.0,2.6,90.0,mud_brick,0.3,rcc_slab,0.25,mineral_wool,0.1,east,1.5,1.5,0.55,1.6,34.698,36.975,0.0893,15.55
Kolkata,22.5726,88.3639,warm_humid,3.0,3.0,2.6,90.0,plywood,0.05,concrete,0.15,eps,0.1,east,0.9,1.2,0.55,5.8,35.164,38.482,0.0595,15.637
Kolkata,22.5726,88.3639,warm_humid,3.0,3.0,2.6,0.0,aerated_concrete,0.2,aerated_concrete,0.2,mineral_wool,0.05,north,0.6,0.6,0.45,1.2,34.631,37.272,0.0655,15.622
Kolkata,22.5726,88.3639,warm_humid,3.0,3.0,2.6,135.0,stone,0.3,rcc_slab,0.1,mineral_wool,0.15,west,0.6,0.6,0.65,1.2,33.586,35.501,0.2083,15.545
Kolkata,22.5726,88.3639,warm_humid,3.0,3.0,2.6,180.0,mud_brick,0.3,mud_brick,0.15,eps,0.025,north,1.2,0.9,0.35,2.0,35.645,38.202,0.0774,15.553
Kolkata,22.5726,88.3639,warm_humid,3.0,3.0,2.6,135.0,mud_brick,0.15,mud_brick,0.15,xps,0.1,west,0.6,1.5,0.85,2.0,35.722,38.172,0.0655,15.574
Kolkata,22.5726,88.3639,warm_humid,3.0,3.0,2.6,90.0,puf_sandwich_panel,0.075,puf_sandwich_panel,0.075,mineral_wool,0.1,north,1.2,0.9,0.65,1.6,35.691,40.438,0.1607,15.806
Kolkata,22.5726,88.3639,warm_humid,3.0,3.0,2.6,90.0,concrete,0.2,mud_brick,0.15,eps,0.1,east,1.8,1.5,0.45,2.0,35.379,37.849,0.0774,15.56
Kolkata,22.5726,88.3639,warm_humid,3.0,3.0,2.6,135.0,aerated_concrete,0.2,rcc_slab,0.25,none,0.0,east,1.2,1.2,0.45,3.5,38.882,44.202,0.0536,15.586
Kolkata,22.5726,88.3639,warm_humid,3.0,3.0,2.6,180.0,puf_sandwich_panel,0.05,rcc_slab,0.25,xps,0.15,east,1.2,0.6,0.55,2.6,33.88,35.951,0.0714,15.616
Kolkata,22.5726,88.3639,warm_humid,3.0,3.0,2.6,0.0,timber,0.1,concrete,0.2,mineral_wool,0.05,west,1.2,0.6,0.45,5.8,35.372,38.372,0.0655,15.606
Kolkata,22.5726,88.3639,warm_humid,3.0,3.0,2.6,135.0,aerated_concrete,0.2,aerated_concrete,0.2,eps,0.15,north,1.2,1.2,0.55,2.0,35.567,38.509,0.0536,15.624
Kolkata,22.5726,88.3639,warm_humid,3.0,3.0,2.6,180.0,mud_brick,0.3,aerated_concrete,0.1,xps,0.1,south,0.9,0.9,0.35,2.6,33.801,35.585,0.1548,15.556
Kolkata,22.5726,88.3639,warm_humid,3.0,3.0,2.6,90.0,rammed_earth,0.45,mud_brick,0.15,sheep_wool,0.05,west,1.5,0.6,0.35,2.6,34.152,36.294,0.1964,15.545
Kolkata,22.5726,88.3639,warm_humid,3.0,3.0,2.6,0.0,brick,0.23,stone,0.15,sheep_wool,0.05,west,0.9,1.2,0.75,5.8,35.685,38.283,0.0774,15.558
Kolkata,22.5726,88.3639,warm_humid,3.0,3.0,2.6,45.0,gi_sheet,0.002,gi_sheet,0.002,xps,0.05,west,0.9,1.2,0.35,1.6,36.291,43.622,0.1964,15.775
Kolkata,22.5726,88.3639,warm_humid,3.0,3.0,2.6,135.0,stone,0.3,timber,0.1,xps,0.1,north,1.5,1.5,0.75,1.2,36.453,39.348,0.0714,15.548
Kolkata,22.5726,88.3639,warm_humid,3.0,3.0,2.6,45.0,rammed_earth,0.45,timber,0.1,eps,0.2,east,1.8,0.6,0.65,2.6,33.795,35.773,0.2024,15.546
Kolkata,22.5726,88.3639,warm_humid,3.0,3.0,2.6,135.0,plywood,0.03,mud_brick,0.15,none,0.0,north,0.9,1.5,0.65,5.8,40.281,51.217,0.0893,15.635
Kolkata,22.5726,88.3639,warm_humid,3.0,3.0,2.6,0.0,stone,0.15,rcc_slab,0.25,xps,0.05,south,1.2,0.6,0.35,1.6,35.126,37.476,0.0774,15.557
Kolkata,22.5726,88.3639,warm_humid,3.0,3.0,2.6,90.0,puf_sandwich_panel,0.15,stone,0.3,xps,0.05,north,0.6,1.2,0.45,2.6,34.662,36.806,0.0655,15.596
Kolkata,22.5726,88.3639,warm_humid,3.0,3.0,2.6,0.0,gi_sheet,0.002,puf_sandwich_panel,0.05,eps,0.1,east,0.9,0.6,0.85,1.6,36.026,42.003,0.1726,15.783
Kolkata,22.5726,88.3639,warm_humid,3.0,3.0,2.6,135.0,plywood,0.03,timber,0.15,mineral_wool,0.05,south,1.8,0.6,0.55,5.8,36.153,41.787,0.0893,15.718
Kolkata,22.5726,88.3639,warm_humid,3.0,3.0,2.6,135.0,stone,0.45,rcc_slab,0.2,sheep_wool,0.1,north,1.8,0.9,0.45,1.6,34.139,36.613,0.2024,15.537
Kolkata,22.5726,88.3639,warm_humid,3.0,3.0,2.6,135.0,aerated_concrete,0.3,rcc_slab,0.2,sheep_wool,0.15,north,0.9,0.9,0.45,1.6,34.275,36.143,0.0774,15.581
Kolkata,22.5726,88.3639,warm_humid,3.0,3.0,2.6,0.0,stone,0.3,puf_sandwich_panel,0.1,mineral_wool,0.15,east,0.6,0.6,0.55,2.6,33.265,34.996,0.2143,15.547
Kolkata,22.5726,88.3639,warm_humid,3.0,3.0,2.6,90.0,plywood,0.019,rcc_slab,0.15,sheep_wool,0.15,east,0.6,1.5,0.85,2.0,35.282,38.841,0.0595,15.647
Kolkata,22.5726,88.3639,warm_humid,3.0,3.0,2.6,45.0,timber,0.1,gi_sheet,0.002,eps,0.2,south,1.5,1.2,0.35,2.0,34.612,38.262,0.0714,15.686
Kolkata,22.5726,88.3639,warm_humid,3.0,3.0,2.6,90.0,stone,0.15,gi_sheet,0.002,sheep_wool,0.15,east,1.8,0.6,0.65,2.6,34.76,36.947,0.0774,15.57
Kolkata,22.5726,88.3639,warm_humid,3.0,3.0,2.6,135.0,mud_brick,0.45,stone,0.15,none,0.0,east,1.5,0.6,0.35,3.5,38.24,41.991,0.0655,15.543
Kolkata,22.5726,88.3639,warm_humid,3.0,3.0,2.6,135.0,gi_sheet,0.002,concrete,0.1,xps,0.1,south,0.6,1.5,0.55,2.6,35.86,40.236,0.0536,15.67
Kolkata,22.5726,88.3639,warm_humid,3.0,3.0,2.6,90.0,gi_sheet,0.002,brick,0.115,sheep_wool,0.1,east,0.6,0.9,0.45,1.2,35.437,39.767,0.0536,15.673
Kolkata,22.5726,88.3639,warm_humid,3.0,3.0,2.6,0.0,aerated_concrete,0.3,stone,0.15,sheep_wool,0.1,east,0.9,1.2,0.75,5.8,35.891,38.422,0.0595,15.584
