site,latitude,longitude,zone,length_m,width_m,height_m,orientation_deg,wall_material,wall_thickness_m,roof_material,roof_thickness_m,insulation_material,insulation_thickness_m,window_wall,window_width_m,window_height_m,window_shgc,window_u_w_m2k,hot_mean_c,hot_max_c,hot_comfort_fraction,cold_min_c
Chennai,13.0827,80.2707,warm_humid,3.0,3.0,2.6,90.0,gi_sheet,0.002,mud_brick,0.25,sheep_wool,0.1,south,1.2,0.9,0.45,5.8,35.208,38.205,0.0655,23.643
Chennai,13.0827,80.2707,warm_humid,3.0,3.0,2.6,135.0,timber,0.1,brick,0.115,eps,0.1,south,1.2,1.2,0.45,2.6,35.094,37.886,0.0655,23.652
Chennai,13.0827,80.2707,warm_humid,3.0,3.0,2.6,90.0,puf_sandwich_panel,0.15,brick,0.23,mineral_wool,0.1,north,0.6,0.9,0.65,2.6,34.359,36.372,0.0774,23.647
Chennai,13.0827,80.2707,warm_humid,3.0,3.0,2.6,180.0,timber,0.2,stone,0.15,mineral_wool,0.15,west,0.9,1.5,0.45,1.2,34.624,36.843,0.0833,23.624
Chennai,13.0827,80.2707,warm_humid,3.0,3.0,2.6,90.0,gi_sheet,0.002,aerated_concrete,0.2,xps,0.15,west,1.2,1.2,0.35,5.8,35.135,38.789,0.0595,23.694
Chennai,13.0827,80.2707,warm_humid,3.0,3.0,2.6,180.0,gi_sheet,0.002,brick,0.23,eps,0.15,east,0.9,1.5,0.75,1.2,35.797,39.068,0.0655,23.646
Chennai,13.0827,80.2707,warm_humid,3.0,3.0,2.6,90.0,puf_sandwich_panel,0.05,mud_brick,0.25,sheep_wool,0.15,south,0.6,1.5,0.45,3.5,34.195,36.186,0.0774,23.647
Chennai,13.0827,80.2707,warm_humid,3.0,3.0,2.6,180.0,plywood,0.03,puf_sandwich_panel,0.075,eps,0.025,north,0.9,1.5,0.65,1.2,36.248,42.298,0.0595,23.743
Chennai,13.0827,80.2707,warm_humid,3.0,3.0,2.6,90.0,puf_sandwich_panel,0.05,rcc_slab,0.1,mineral_wool,0.15,east,1.5,0.6,0.65,5.8,34.457,36.782,0.0655,23.674
Chennai,13.0827,80.2707,warm_humid,3.0,3.0,2.6,180.0,mud_brick,0.3,brick,0.115,eps,0.025,south,0.9,0.6,0.85,2.0,35.166,38.098,0.0952,23.6
Chennai,13.0827,80.2707,warm_humid,3.0,3.0,2.6,45.0,concrete,0.1,aerated_concrete,0.1,sheep_wool,0.15,north,0.6,0.6,0.45,3.5,34.411,36.522,0.0833,23.625
Chennai,13.0827,80.2707,warm_humid,3.0,3.0,2.6,0.0,puf_sandwich_panel,0.1,rcc_slab,0.25,none,0.0,east,1.8,1.5,0.45,2.0,38.51,44.585,0.0595,23.639
Chennai,13.0827,80.2707,warm_humid,3.0,3.0,2.6,0.0,brick,0.115,mud_brick,0.25,eps,0.05,west,1.8,0.6,0.45,2.6,35.263,37.932,0.0774,23.614
Chennai,13.0827,80.2707,warm_humid,3.0,3.0,2.6,45.0,brick,0.345,stone,0.15,sheep_wool,0.1,west,1.5,0.6,0.35,3.5,33.371,35.542,0.2262,23.597
Chennai,13.0827,80.2707,warm_humid,3.0,3.0,2.6,0.0,aerated_concrete,0.2,gi_sheet,0.002,mineral_wool,0.15,north,0.6,0.6,0.85,2.0,34.243,36.212,0.0774,23.649
Chennai,13.0827,80.2707,warm_humid,3.0,3.0,2.6,180.0,mud_brick,0.45,concrete,0.2,mineral_wool,0.1,north,0.6,1.2,0.35,5.8,32.685,34.779,0.3393,23.594
Chennai,13.0827,80.2707,warm_humid,3.0,3.0,2.6,135.0,puf_sandwich_panel,0.1,concrete,0.1,eps,0.1,west,1.2,1.5,0.35,3.5,35.108,38.085,0.0595,23.68
Chennai,13.0827,80.2707,warm_humid,3.0,3.0,2.6,180.0,concrete,0.1,gi_sheet,0.002,xps,0.05,west,1.8,0.6,0.65,1.2,36.247,39.633,0.0655,23.628
Chennai,13.0827,80.2707,warm_humid,3.0,3.0,2.6,0.0,aerated_concrete,0.3,timber,0.15,eps,0.15,south,1.5,0.9,0.75,1.2,34.676,36.714,0.0774,23.632
Chennai,13.0827,80.2707,warm_humid,3.0,3.0,2.6,0.0,stone,0.3,aerated_concrete,0.2,eps,0.05,south,1.5,1.5,0.55,1.2,34.526,37.137,0.1964,23.597
Chennai,13.0827,80.2707,warm_humid,3.0,3.0,2.6,135.0,mud_brick,0.45,concrete,0.1,mineral_wool,0.05,north,0.6,1.2,0.65,5.8,33.655,36.144,0.2202,23.595
Chennai,13.0827,80.2707,warm_humid,3.0,3.0,2.6,90.0,stone,0.45,puf_sandwich_panel,0.15,eps,0.15,north,0.9,0.9,0.85,5.8,32.822,35.285,0.3393,23.591
Chennai,13.0827,80.2707,warm_humid,3.0,3.0,2.6,135.0,aerated_concrete,0.3,mud_brick,0.25,sheep_wool,0.15,north,0.9,0.6,0.35,5.8,33.633,35.318,0.1548,23.617
Chennai,13.0827,80.2707,warm_humid,3.0,3.0,2.6,180.0,brick,0.23,mud_brick,0.15,eps,0.1,east,1.2,1.5,0.55,2.6,34.723,37.283,0.1012,23.605
Chennai,13.0827,80.2707,warm_humid,3.0,3.0,2.6,0.0,concrete,0.15,gi_sheet,0.002,xps,0.05,east,1.5,1.2,0.85,1.6,36.925,40.666,0.0714,23.615
Chennai,13.0827,80.2707,warm_humid,3.0,3.0,2.6,0.0,mud_brick,0.45,timber,0.15,none,0.0,south,1.8,1.2,0.75,1.6,35.425,38.497,0.1012,23.596
Chennai,13.0827,80.2707,warm_humid,3.0,3.0,2.6,45.0,rammed_earth,0.15,concrete,0.15,xps,0.1,west,0.6,0.6,0.75,1.2,34.131,36.171,0.1012,23.612
Chennai,13.0827,80.2707,warm_humid,3.0,3.0,2.6,135.0,plywood,0.03,aerated_concrete,0.2,xps,0.05,south,1.2,0.6,0.45,1.6,35.41,39.36,0.0595,23.696
Chennai,13.0827,80.2707,warm_humid,3.0,3.0,2.6,90.0,stone,0.3,mud_brick,0.25,mineral_wool,0.15,north,1.2,0.6,0.85,2.0,33.347,35.86,0.2381,23.594
Chennai,13.0827,80.2707,warm_humid,3.0,3.0,2.6,180.0,brick,0.115,timber,0.1,none,0.0,north,0.6,1.5,0.55,1.2,37.855,43.965,0.0595,23.627
Chennai,13.0827,80.2707,warm_humid,3.0,3.0,2.6,45.0,aerated_concrete,0.2,gi_sheet,0.002,eps,0.05,north,1.5,1.2,0.65,3.5,36.554,40.643,0.0595,23.655
Chennai,13.0827,80.2707,warm_humid,3.0,3.0,2.6,135.0,aerated_concrete,0.3,concrete,0.2,sheep_wool,0.05,south,1.8,0.9,0.85,1.2,35.873,38.885,0.0774,23.618
Chennai,13.0827,80.2707,warm_humid,3.0,3.0,2.6,180.0,timber,0.1,concrete,0.15,eps,0.05,north,1.8,1.2,0.85,1.2,36.65,40.213,0.0655,23.642
Chennai,13.0827,80.2707,warm_humid,3.0,3.0,2.6,135.0,brick,0.115,stone,0.15,sheep_wool,0.1,west,0.6,1.5,0.65,2.0,35.279,37.978,0.0833,23.615
Chennai,13.0827,80.2707,warm_humid,3.0,3.0,2.6,90.0,timber,0.2,stone,0.3,sheep_wool,0.1,south,1.8,0.6,0.85,5.8,34.649,36.954,0.0893,23.613
Chennai,13.0827,80.2707,warm_humid,3.0,3.0,2.6,135.0,puf_sandwich_panel,0.15,timber,0.15,mineral_wool,0.05,south,1.5,0.9,0.35,5.8,34.615,37.806,0.0595,23.713
Chennai,13.0827,80.2707,warm_humid,3.0,3.0,2.6,180.0,puf_sandwich_panel,0.05,puf_sandwich_panel,0.15,eps,0.1,south,0.6,0.9,0.85,2.6,34.572,37.692,0.0536,23.767
Chennai,13.0827,80.2707,warm_humid,3.0,3.0,2.6,180.0,brick,0.345,brick,0.115,xps,0.15,east,0.6,1.2,0.55,1.6,33.163,35.261,0.2321,23.598
Chennai,13.0827,80.2707,warm_humid,3.0,3.0,2.6,0.0,puf_sandwich_panel,0.075,rcc_slab,0.25,mineral_wool,0.1,west,1.2,1.5,0.65,3.5,35.213,37.926,0.0714,23.638
Chennai,13.0827,80.2707,warm_humid,3.0,3.0,2.6,135.0,plywood,0.03,timber,0.15,xps,0.15,south,0.9,0.9,0.35,2.0,34.633,37.454,0.0595,23.699
Chennai,13.0827,80.2707,warm_humid,3.0,3.0,2.6,0.0,aerated_concrete,0.3,brick,0.115,xps,0.15,west,1.8,1.5,0.55,5.8,35.257,38.004,0.0714,23.627
Chennai,13.0827,80.2707,warm_humid,3.0,3.0,2.6,0.0,puf_sandwich_panel,0.075,puf_sandwich_panel,0.1,none,0.0,north,1.5,1.2,0.65,5.8,35.785,41.082,0.0536,23.774
Chennai,13.0827,80.2707,warm_humid,3.0,3.0,2.6,135.0,puf_sandwich_panel,0.075,puf_sandwich_panel,0.15,eps,0.05,south,1.2,1.2,0.65,2.0,35.208,39.663,0.0536,23.769
Chennai,13.0827,80.2707,warm_humid,3.0,3.0,2.6,180.0,concrete,0.1,mud_brick,0.15,eps,0.05,south,0.6,1.2,0.45,3.5,35.5,38.317,0.0774,23.617
Chennai,13.0827,80.2707,warm_humid,3.0,3.0,2.6,0.0,puf_sandwich_panel,0.1,brick,0.115,mineral_wool,0.05,south,0.6,0.9,0.75,3.5,34.87,37.701,0.0655,23.681
Chennai,13.0827,80.2707,warm_humid,3.0,3.0,2.6,45.0,mud_brick,0.15,rcc_slab,0.15,eps,0.05,east,1.5,1.5,0.35,3.5,35.436,38.16,0.0774,23.613
Chennai,13.0827,80.2707,warm_humid,3.0,3.0,2.6,180.0,brick,0.345,gi_sheet,0.002,xps,0.05,west,1.5,0.9,0.75,1.2,35.171,38.256,0.125,23.6
Chennai,13.0827,80.2707,warm_humid,3.0,3.0,2.6,45.0,brick,0.23,gi_sheet,0.002,eps,0.1,south,0.9,0.6,0.55,1.6,34.014,36.075,0.1905,23.608
Chennai,13.0827,80.2707,warm_humid,3.0,3.0,2.6,90.0,plywood,0.019,rcc_slab,0.1,sheep_wool,0.1,south,0.6,1.5,0.35,3.5,35.111,38.41,0.0595,23.676
Chennai,13.0827,80.2707,warm_humid,3.0,3.0,2.6,135.0,puf_sandwich_panel,0.1,rcc_slab,0.25,eps,0.1,west,0.6,1.2,0.85,1.6,34.847,37.173,0.0774,23.639
Chennai,13.0827,80.2707,warm_humid,3.0,3.0,2.6,0.0,puf_sandwich_panel,0.05,brick,0.115,eps,0.05,west,1.8,0.6,0.85,2.6,35.785,39.868,0.0595,23.684
Chennai,13.0827,80.2707,warm_humid,3.0,3.0,2.6,45.0,brick,0.345,stone,0.3,eps,0.025,north,0.6,1.2,0.85,5.8,34.867,37.91,0.1964,23.595
Chennai,13.0827,80.2707,warm_humid,3.0,3.0,2.6,180.0,puf_sandwich_panel,0.15,gi_sheet,0.002,sheep_wool,0.15,north,1.5,1.2,0.85,3.5,35.653,40.297,0.0536,23.75
Chennai,13.0827,80.2707,warm_humid,3.0,3.0,2.6,180.0,rammed_earth,0.3,stone,0.15,eps,0.05,south,1.2,0.9,0.75,3.5,34.724,37.448,0.1905,23.6
Chennai,13.0827,80.2707,warm_humid,3.0,3.0,2.6,0.0,plywood,0.03,rcc_slab,0.15,eps,0.1,east,1.2,0.9,0.85,2.6,36.052,39.582,0.0595,23.656
Chennai,13.0827,80.2707,warm_humid,3.0,3.0,2.6,90.0,puf_sandwich_panel,0.05,mud_brick,0.15,sheep_wool,0.1,west,1.8,0.9,0.75,1.6,35.948,39.548,0.0595,23.671
Chennai,13.0827,80.2707,warm_humid,3.0,3.0,2.6,180.0,timber,0.1,aerated_concrete,0.2,sheep_wool,0.1,south,0.9,1.2,0.55,1.6,35.133,37.993,0.0655,23.664
Chennai,13.0827,80.2707,warm_humid,3.0,3.0,2.6,135.0,concrete,0.1,aerated_concrete,0.1,xps,0.05,east,1.8,0.9,0.35,2.0,35.613,38.547,0.0714,23.626
Chennai,13.0827,80.2707,warm_humid,3.0,3.0,2.6,135.0,stone,0.15,mud_brick,0.25,xps,0.15,west,0.9,0.9,0.65,2.0,34.291,36.74,0.1964,23.604
Chennai,13.0827,80.2707,warm_humid,3.0,3.0,2.6,180.0,timber,0.1,stone,0.3,sheep_wool,0.1,south,0.6,1.5,0.55,2.0,34.576,36.775,0.0893,23.619
Chennai,13.0827,80.2707,warm_humid,3.0,3.0,2.6,180.0,mud_brick,0.3,brick,0.115,eps,0.05,north,1.2,0.9,0.35,5.8,34.252,36.631,0.1964,23.601
Chennai,13.0827,80.2707,warm_humid,3.0,3.0,2.6,45.0,timber,0.15,aerated_concrete,0.1,eps,0.025,north,0.6,0.6,0.65,3.5,35.431,38.743,0.0655,23.658
Chennai,13.0827,80.2707,warm_humid,3.0,3.0,2.6,0.0,rammed_earth,0.45,rcc_slab,0.25,xps,0.15,west,1.8,1.5,0.45,1.6,33.399,35.929,0.2321,23.594
Chennai,13.0827,80.2707,warm_humid,3.0,3.0,2.6,0.0,concrete,0.2,aerated_concrete,0.2,xps,0.05,west,1.5,1.5,0.65,2.6,35.633,38.561,0.0833,23.607
Chennai,13.0827,80.2707,warm_humid,3.0,3.0,2.6,180.0,gi_sheet,0.002,brick,0.115,eps,0.025,west,0.9,0.9,0.35,2.0,36.77,42.673,0.0536,23.675
Chennai,13.0827,80.2707,warm_humid,3.0,3.0,2.6,0.0,aerated_concrete,0.2,timber,0.15,eps,0.05,east,1.2,0.6,0.35,1.6,34.79,37.224,0.0714,23.646
Chennai,13.0827,80.2707,warm_humid,3.0,3.0,2.6,180.0,concrete,0.1,mud_brick,0.15,xps,0.15,west,0.6,1.5,0.55,2.6,34.897,37.349,0.0833,23.617
Chennai,13.0827,80.2707,warm_humid,3.0,3.0,2.6,180.0,timber,0.15,gi_sheet,0.002,eps,0.1,south,1.2,1.2,0.75,1.2,35.828,39.223,0.0595,23.664
Chennai,13.0827,80.2707,warm_humid,3.0,3.0,2.6,135.0,aerated_concrete,0.1,mud_brick,0.25,xps,0.15,east,0.9,0.9,0.75,1.6,34.483,36.529,0.0774,23.632
Chennai,13.0827,80.2707,warm_humid,3.0,3.0,2.6,0.0,rammed_earth,0.15,rcc_slab,0.15,eps,0.15,south,1.2,0.9,0.55,1.2,34.181,36.147,0.1012,23.613
Chennai,13.0827,80.2707,warm_humid,3.0,3.0,2.6,180.0,mud_brick,0.15,mud_brick,0.25,eps,0.025,west,1.2,0.9,0.35,2.0,35.67,38.623,0.0774,23.609
Chennai,13.0827,80.2707,warm_humid,3.0,3.0,2.6,0.0,mud_brick,0.45,mud_brick,0.25,mineral_wool,0.05,east,1.5,1.2,0.45,1.2,33.915,36.766,0.2202,23.594
Chennai,13.0827,80.2707,warm_humid,3.0,3.0,2.6,0.0,rammed_earth,0.15,concrete,0.2,none,0.0,east,0.9,0.6,0.45,3.5,37.96,43.39,0.0595,23.61
Chennai,13.0827,80.2707,warm_humid,3.0,3.0,2.6,180.0,plywood,0.019,mud_brick,0.15,eps,0.025,west,1.2,1.5,0.65,5.8,37.372,43.414,0.0536,23.667
Chennai,13.0827,80.2707,warm_humid,3.0,3.0,2.6,45.0,puf_sandwich_panel,0.05,gi_sheet,0.002,none,0.0,north,0.9,0.9,0.65,2.0,38.947,52.715,0.1369,23.766
Chennai,13.0827,80.2707,warm_humid,3.0,3.0,2.6,135.0,rammed_earth,0.15,concrete,0.1,mineral_wool,0.05,north,1.5,1.2,0.85,1.6,36.524,39.84,0.0714,23.616
Chennai,13.0827,80.2707,warm_humid,3.0,3.0,2.6,45.0,mud_brick,0.3,brick,0.115,mineral_wool,0.1,east,0.9,1.2,0.75,1.2,34.132,36.567,0.2024,23.6
Chennai,13.0827,80.2707,warm_humid,3.0,3.0,2.6,45.0,puf_sandwich_panel,0.075,concrete,0.15,sheep_wool,0.1,north,1.2,1.5,0.85,3.5,36.812,40.901,0.0595,23.661
Chennai,13.0827,80.2707,warm_humid,3.0,3.0,2.6,90.0,puf_sandwich_panel,0.15,rcc_slab,0.15,xps,0.05,west,0.6,0.9,0.55,1.6,34.603,36.985,0.0714,23.66
Chennai,13.0827,80.2707,warm_humid,3.0,3.0,2.6,180.0,timber,0.2,brick,0.115,mineral_wool,0.05,north,0.6,0.9,0.75,2.6,34.949,37.392,0.0714,23.634
Chennai,13.0827,80.2707,warm_humid,3.0,3.0,2.6,0.0,mud_brick,0.15,brick,0.23,sheep_wool,0.1,north,1.2,0.9,0.35,2.6,34.378,36.599,0.1012,23.61
Chennai,13.0827,80.2707,warm_humid,3.0,3.0,2.6,135.0,rammed_earth,0.45,timber,0.15,xps,0.05,north,1.8,1.5,0.85,2.0,35.478,38.761,0.1369,23.597
Chennai,13.0827,80.2707,warm_humid,3.0,3.0,2.6,45.0,plywood,0.05,brick,0.115,sheep_wool,0.15,north,0.6,1.2,0.55,1.2,34.932,37.611,0.0655,23.667
Chennai,13.0827,80.2707,warm_humid,3.0,3.0,2.6,45.0,puf_sandwich_panel,0.1,stone,0.15,eps,0.2,south,1.5,0.6,0.85,1.2,34.436,36.448,0.0714,23.653
Chennai,13.0827,80.2707,warm_humid,3.0,3.0,2.6,0.0,rammed_earth,0.15,mud_brick,0.15,eps,0.2,west,1.2,0.9,0.65,2.0,34.28,36.368,0.0952,23.614
Chennai,13.0827,80.2707,warm_humid,3.0,3.0,2.6,180.0,timber,0.2,brick,0.23,eps,0.2,north,1.5,0.9,0.85,3.5,34.659,36.706,0.0833,23.624
Chennai,13.0827,80.2707,warm_humid,3.0,3.0,2.6,45.0,brick,0.23,brick,0.115,none,0.0,south,0.9,1.2,0.85,2.0,38.212,43.045,0.0655,23.605
Chennai,13.0827,80.2707,warm_humid,3.0,3.0,2.6,180.0,aerated_concrete,0.1,mud_brick,0.25,mineral_wool,0.1,east,1.8,0.6,0.85,2.0,35.232,37.88,0.0714,23.632
Chennai,13.0827,80.2707,warm_humid,3.0,3.0,2.6,180.0,brick,0.115,concrete,0.1,mineral_wool,0.15,north,0.9,1.2,0.55,2.6,34.658,36.813,0.0833,23.619
Chennai,13.0827,80.2707,warm_humid,3.0,3.0,2.6,45.0,aerated_concrete,0.3,mud_brick,0.25,mineral_wool,0.15,south,0.6,1.5,0.85,1.6,34.171,36.106,0.1012,23.616
Chennai,13.0827,80.2707,warm_humid,3.0,3.0,2.6,135.0,plywood,0.03,puf_sandwich_panel,0.15,xps,0.15,north,1.2,1.2,0.65,2.0,35.602,39.45,0.0536,23.734
Chennai,13.0827,80.2707,warm_humid,3.0,3.0,2.6,180.0,gi_sheet,0.002,stone,0.3,eps,0.1,west,1.2,0.6,0.45,5.8,35.052,37.58,0.0774,23.625
Chennai,13.0827,80.2707,warm_humid,3.0,3.0,2.6,135.0,concrete,0.2,gi_sheet,0.002,xps,0.15,south,0.6,1.2,0.35,2.6,33.85,35.898,0.2024,23.607
Chennai,13.0827,80.2707,warm_humid,3.0,3.0,2.6,0.0,timber,0.15,concrete,0.15,eps,0.05,west,1.5,1.5,0.75,5.8,36.307,40.052,0.0655,23.635
Chennai,13.0827,80.2707,warm_humid,3.0,3.0,2.6,180.0,puf_sandwich_panel,0.075,aerated_concrete,0.1,eps,0.2,south,1.2,1.5,0.65,5.8,35.523,39.701,0.0536,23.729
Chennai,13.0827,80.2707,warm_humid,3.0,3.0,2.6,45.0,timber,0.1,timber,0.1,xps,0.15,south,1.5,0.9,0.75,5.8,35.093,38.111,0.0655,23.672
Chennai,13.0827,80.2707,warm_humid,3.0,3.0,2.6,135.0,rammed_earth,0.3,concrete,0.15,eps,0.2,west,1.5,0.9,0.85,5.8,34.524,37.278,0.1964,23.6
Chennai,13.0827,80.2707,warm_humid,3.0,3.0,2.6,180.0,rammed_earth,0.45,aerated_concrete,0.2,xps,0.15,east,1.8,1.2,0.55,5.8,33.692,36.038,0.2202,23.596
Chennai,13.0827,80.2707,warm_humid,3.0,3.0,2.6,0.0,gi_sheet,0.002,stone,0.3,mineral_wool,0.15,south,1.2,0.6,0.35,2.0,34.316,36.366,0.0833,23.623
Chennai,13.0827,80.2707,warm_humid,3.0,3.0,2.6,45.0,brick,0.23,puf_sandwich_panel,0.05,mineral_wool,0.15,south,0.9,1.5,0.55,2.6,34.088,36.136,0.1667,23.608
Chennai,13.0827,80.2707,warm_humid,3.0,3.0,2.6,45.0,brick,0.23,stone,0.15,xps,0.1,north,0.6,0.6,0.55,1.2,33.693,35.814,0.2083,23.603
Chennai,13.0827,80.2707,warm_humid,3.0,3.0,2.6,0.0,concrete,0.2,rcc_slab,0.15,mineral_wool,0.1,north,0.6,1.5,0.45,1.6,34.111,36.408,0.2024,23.603
Chennai,13.0827,80.2707,warm_humid,3.0,3.0,2.6,45.0,stone,0.15,timber,0.1,eps,0.025,east,0.9,1.5,0.55,2.6,35.945,39.03,0.0714,23.61
Chennai,13.0827,80.2707,warm_humid,3.0,3.0,2.6,45.0,rammed_earth,0.3,puf_sandwich_panel,0.15,eps,0.025,north,1.5,0.6,0.65,1.6,34.782,37.354,0.1012,23.604
Chennai,13.0827,80.2707,warm_humid,3.0,3.0,2.6,45.0,stone,0.15,brick,0.23,xps,0.05,east,1.2,0.9,0.75,1.6,35.222,37.976,0.0893,23.604
Chennai,13.0827,80.2707,warm_humid,3.0,3.0,2.6,135.0,plywood,0.012,timber,0.1,sheep_wool,0.05,west,1.2,0.9,0.55,1.6,36.449,42.164,0.0536,23.728
Chennai,13.0827,80.2707,warm_humid,3.0,3.0,2.6,90.0,gi_sheet,0.002,brick,0.115,mineral_wool,0.15,south,1.8,0.6,0.45,3.5,35.126,38.336,0.0655,23.668
Chennai,13.0827,80.2707,warm_humid,3.0,3.0,2.6,0.0,plywood,0.03,gi_sheet,0.002,eps,0.1,south,0.9,0.9,0.85,1.2,35.38,39.658,0.0536,23.733
Chennai,13.0827,80.2707,warm_humid,3.0,3.0,2.6,135.0,stone,0.45,gi_sheet,0.002,sheep_wool,0.05,west,0.9,1.5,0.85,1.2,34.414,37.698,0.2143,23.592
Chennai,13.0827,80.2707,warm_humid,3.0,3.0,2.6,135.0,plywood,0.03,gi_sheet,0.002,mineral_wool,0.15,west,1.5,0.9,0.85,1.2,36.616,41.48,0.0536,23.719
Chennai,13.0827,80.2707,warm_humid,3.0,3.0,2.6,0.0,mud_brick,0.45,brick,0.23,sheep_wool,0.05,north,1.5,0.6,0.35,1.6,33.403,35.889,0.2321,23.594
Chennai,13.0827,80.2707,warm_humid,3.0,3.0,2.6,0.0,mud_brick,0.3,puf_sandwich_panel,0.1,sheep_wool,0.15,west,1.8,1.2,0.65,1.2,34.504,37.026,0.1905,23.603
Chennai,13.0827,80.2707,warm_humid,3.0,3.0,2.6,45.0,mud_brick,0.45,mud_brick,0.15,mineral_wool,0.05,west,1.5,0.9,0.55,1.2,33.742,36.366,0.2202,23.595
Chennai,13.0827,80.2707,warm_humid,3.0,3.0,2.6,0.0,plywood,0.012,concrete,0.15,mineral_wool,0.05,east,1.2,0.9,0.55,5.8,36.128,40.352,0.0595,23.659
Chennai,13.0827,80.2707,warm_humid,3.0,3.0,2.6,90.0,stone,0.15,gi_sheet,0.002,eps,0.15,east,1.5,1.2,0.65,2.6,34.878,37.164,0.0833,23.611
Chennai,13.0827,80.2707,warm_humid,3.0,3.0,2.6,180.0,gi_sheet,0.002,aerated_concrete,0.2,sheep_wool,0.05,west,0.6,1.5,0.35,2.6,35.959,40.719,0.0536,23.698
Chennai,13.0827,80.2707,warm_humid,3.0,3.0,2.6,180.0,gi_sheet,0.002,gi_sheet,0.002,xps,0.05,north,1.5,0.6,0.55,3.5,36.023,41.574,0.0595,23.736
Chennai,13.0827,80.2707,warm_humid,3.0,3.0,2.6,0.0,timber,0.15,puf_sandwich_panel,0.05,sheep_wool,0.05,north,0.9,0.9,0.65,2.0,35.106,38.034,0.0655,23.666
Chennai,13.0827,80.2707,warm_humid,3.0,3.0,2.6,90.0,aerated_concrete,0.3,brick,0.115,xps,0.15,east,1.2,0.9,0.65,1.6,34.264,36.13,0.0833,23.625
Chennai,13.0827,80.2707,warm_humid,3.0,3.0,2.6,180.0,concrete,0.2,gi_sheet,0.002,eps,0.2,west,0.9,0.6,0.85,3.5,34.179,36.467,0.1964,23.607
Chennai,13.0827,80.2707,warm_humid,3.0,3.0,2.6,90.0,aerated_concrete,0.3,puf_sandwich_panel,0.1,eps,0.05,south,1.5,0.9,0.35,5.8,34.402,36.575,0.0774,23.638
Chennai,13.0827,80.2707,warm_humid,3.0,3.0,2.6,90.0,plywood,0.05,brick,0.23,eps,0.05,south,1.5,0.9,0.45,3.5,35.564,38.799,0.0655,23.643
Chennai,13.0827,80.2707,warm_humid,3.0,3.0,2.6,0.0,gi_sheet,0.002,puf_sandwich_panel,0.1,sheep_wool,0.05,south,1.5,1.5,0.85,2.0,36.868,44.271,0.0595,23.744
Chennai,13.0827,80.2707,warm_humid,3.0,3.0,2.6,0.0,brick,0.345,puf_sandwich_panel,0.15,sheep_wool,0.1,west,1.8,0.6,0.35,1.2,33.36,35.393,0.2202,23.6
Chennai,13.0827,80.2707,warm_humid,3.0,3.0,2.6,135.0,mud_brick,0.3,gi_sheet,0.002,xps,0.1,east,1.2,0.9,0.75,3.5,34.06,36.3,0.2024,23.603
Chennai,13.0827,80.2707,warm_humid,3.0,3.0,2.6,135.0,gi_sheet,0.002,aerated_concrete,0.1,eps,0.2,south,1.2,0.6,0.35,1.2,34.958,38.319,0.0595,23.711
Chennai,13.0827,80.2707,warm_humid,3.0,3.0,2.6,45.0,aerated_concrete,0.1,gi_sheet,0.002,mineral_wool,0.05,east,0.6,0.9,0.75,3.5,35.527,39.342,0.0595,23.683
Chennai,13.0827,80.2707,warm_humid,3.0,3.0,2.6,0.0,plywood,0.03,gi_sheet,0.002,mineral_wool,0.05,south,1.5,0.9,0.35,2.6,35.712,40.839,0.0536,23.731
Chennai,13.0827,80.2707,warm_humid,3.0,3.0,2.6,0.0,puf_sandwich_panel,0.1,timber,0.1,xps,0.15,south,0.9,1.5,0.45,2.6,34.446,37.204,0.0595,23.726
Chennai,13.0827,80.2707,warm_humid,3.0,3.0,2.6,0.0,timber,0.2,puf_sandwich_panel,0.1,none,0.0,east,0.9,1.5,0.45,1.6,35.578,38.76,0.0655,23.653
Chennai,13.0827,80.2707,warm_humid,3.0,3.0,2.6,45.0,concrete,0.15,timber,0.15,mineral_wool,0.15,east,1.2,1.5,0.35,5.8,34.479,36.636,0.0893,23.613
Chennai,13.0827,80.2707,warm_humid,3.0,3.0,2.6,90.0,puf_sandwich_panel,0.075,aerated_concrete,0.2,eps,0.15,east,0.6,0.9,0.35,2.0,33.924,35.911,0.0655,23.708
Chennai,13.0827,80.2707,warm_humid,3.0,3.0,2.6,90.0,stone,0.3,timber,0.15,eps,0.025,east,0.6,1.5,0.55,2.0,34.633,37.302,0.1964,23.596
Chennai,13.0827,80.2707,warm_humid,3.0,3.0,2.6,135.0,rammed_earth,0.45,brick,0.115,xps,0.1,east,1.8,0.6,0.35,3.5,33.011,35.129,0.244,23.595
Chennai,13.0827,80.2707,warm_humid,3.0,3.0,2.6,180.0,plywood,0.012,concrete,0.2,xps,0.05,north,0.9,0.6,0.45,3.5,35.496,38.725,0.0655,23.647
Chennai,13.0827,80.2707,warm_humid,3.0,3.0,2.6,90.0,aerated_concrete,0.2,stone,0.3,sheep_wool,0.05,north,0.6,1.5,0.65,2.6,35.143,37.785,0.0833,23.614
Chennai,13.0827,80.2707,warm_humid,3.0,3.0,2.6,180.0,plywood,0.03,gi_sheet,0.002,mineral_wool,0.1,west,1.2,1.2,0.75,2.0,36.653,41.869,0.0536,23.725
Chennai,13.0827,80.2707,warm_humid,3.0,3.0,2.6,180.0,stone,0.15,concrete,0.15,eps,0.1,west,0.9,1.2,0.75,2.0,35.155,38.001,0.0952,23.606
Chennai,13.0827,80.2707,warm_humid,3.0,3.0,2.6,45.0,puf_sandwich_panel,0.1,mud_brick,0.15,none,0.0,west,0.6,0.9,0.55,1.2,36.731,42.11,0.0595,23.671
Chennai,13.0827,80.2707,warm_humid,3.0,3.0,2.6,135.0,puf_sandwich_panel,0.05,rcc_slab,0.25,xps,0.1,north,0.9,0.9,0.45,2.6,34.267,36.206,0.0774,23.639
Chennai,13.0827,80.2707,warm_humid,3.0,3.0,2.6,0.0,rammed_earth,0.45,aerated_concrete,0.1,xps,0.15,south,1.2,0.9,0.75,2.0,33.088,35.196,0.2381,23.596
Chennai,13.0827,80.2707,warm_humid,3.0,3.0,2.6,45.0,rammed_earth,0.45,concrete,0.2,eps,0.15,east,1.2,0.6,0.35,1.2,32.497,34.517,0.3512,23.594
Chennai,13.0827,80.2707,warm_humid,3.0,3.0,2.6,0.0,gi_sheet,0.002,concrete,0.1,eps,0.05,north,1.5,0.6,0.35,3.5,35.799,40.25,0.0595,23.673
Chennai,13.0827,80.2707,warm_humid,3.0,3.0,2.6,180.0,gi_sheet,0.002,mud_brick,0.25,xps,0.15,west,0.9,0.9,0.55,2.6,35.225,37.942,0.0655,23.642
Chennai,13.0827,80.2707,warm_humid,3.0,3.0,2.6,90.0,rammed_earth,0.3,timber,0.15,none,0.0,north,0.9,1.5,0.65,1.2,36.457,39.903,0.0774,23.603
Chennai,13.0827,80.2707,warm_humid,3.0,3.0,2.6,180.0,plywood,0.012,gi_sheet,0.002,sheep_wool,0.05,north,1.5,0.9,0.55,1.6,36.395,42.703,0.0595,23.754
Chennai,13.0827,80.2707,warm_humid,3.0,3.0,2.6,180.0,stone,0.3,rcc_slab,0.15,eps,0.1,north,1.5,0.9,0.65,2.0,33.762,36.212,0.2202,23.595
Chennai,13.0827,80.2707,warm_humid,3.0,3.0,2.6,135.0,gi_sheet,0.002,gi_sheet,0.002,sheep_wool,0.05,south,1.8,1.5,0.45,5.8,36.672,44.208,0.0833,23.738
Chennai,13.0827,80.2707,warm_humid,3.0,3.0,2.6,135.0,aerated_concrete,0.3,puf_sandwich_panel,0.05,eps,0.05,east,1.8,0.6,0.65,2.0,34.762,37.037,0.0714,23.638
Chennai,13.0827,80.2707,warm_humid,3.0,3.0,2.6,90.0,concrete,0.15,puf_sandwich_panel,0.1,eps,0.05,south,0.9,0.6,0.65,1.6,34.85,37.233,0.0833,23.614
Chennai,13.0827,80.2707,warm_humid,3.0,3.0,2.6,0.0,timber,0.15,rcc_slab,0.1,xps,0.1,west,1.8,1.5,0.45,2.0,35.518,38.52,0.0655,23.642
Chennai,13.0827,80.2707,warm_humid,3.0,3.0,2.6,135.0,brick,0.23,mud_brick,0.25,eps,0.05,north,1.8,1.5,0.85,3.5,36.533,39.995,0.0774,23.603
Chennai,13.0827,80.2707,warm_humid,3.0,3.0,2.6,90.0,mud_brick,0.45,brick,0.115,none,0.0,east,0.6,0.9,0.65,1.6,36.25,39.989,0.0893,23.595
Chennai,13.0827,80.2707,warm_humid,3.0,3.0,2.6,0.0,rammed_earth,0.45,rcc_slab,0.2,eps,0.15,south,1.5,0.6,0.35,5.8,32.581,34.535,0.3452,23.594
Chennai,13.0827,80.2707,warm_humid,3.0,3.0,2.6,45.0,concrete,0.3,concrete,0.2,mineral_wool,0.05,north,1.2,1.2,0.65,2.0,34.906,37.96,0.1964,23.596
Chennai,13.0827,80.2707,warm_humid,3.0,3.0,2.6,0.0,gi_sheet,0.002,stone,0.15,sheep_wool,0.15,south,1.5,1.5,0.65,3.5,35.786,39.239,0.0655,23.65
Chennai,13.0827,80.2707,warm_humid,3.0,3.0,2.6,45.0,timber,0.2,gi_sheet,0.002,eps,0.2,south,1.2,0.9,0.35,1.2,34.048,35.844,0.0774,23.65
Chennai,13.0827,80.2707,warm_humid,3.0,3.0,2.6,90.0,plywood,0.012,puf_sandwich_panel,0.075,xps,0.05,north,1.2,1.2,0.65,1.6,36.588,42.561,0.0476,23.761
Chennai,13.0827,80.2707,warm_humid,3.0,3.0,2.6,0.0,concrete,0.1,concrete,0.2,eps,0.05,west,0.9,0.9,0.45,1.6,35.295,38.005,0.0774,23.613
Chennai,13.0827,80.2707,warm_humid,3.0,3.0,2.6,45.0,mud_brick,0.3,aerated_concrete,0.2,sheep_wool,0.15,west,1.2,0.6,0.45,5.8,33.309,35.25,0.2202,23.601
Chennai,13.0827,80.2707,warm_humid,3.0,3.0,2.6,45.0,gi_sheet,0.002,puf_sandwich_panel,0.1,none,0.0,east,1.2,1.5,0.75,3.5,38.014,49.751,0.244,22.559
Chennai,13.0827,80.2707,warm_humid,3.0,3.0,2.6,0.0,concrete,0.2,puf_sandwich_panel,0.1,eps,0.2,east,1.5,1.5,0.45,1.2,34.905,37.559,0.1012,23.608
Chennai,13.0827,80.2707,warm_humid,3.0,3.0,2.6,180.0,mud_brick,0.45,concrete,0.1,xps,0.05,north,1.8,0.6,0.65,2.6,33.668,36.142,0.2202,23.595
Chennai,13.0827,80.2707,warm_humid,3.0,3.0,2.6,0.0,stone,0.45,brick,0.23,mineral_wool,0.15,south,1.2,1.2,0.75,5.8,32.804,35.165,0.3393,23.591
Chennai,13.0827,80.2707,warm_humid,3.0,3.0,2.6,0.0,stone,0.3,mud_brick,0.25,eps,0.2,north,1.8,1.2,0.55,1.6,33.731,36.393,0.2202,23.595
Chennai,13.0827,80.2707,warm_humid,3.0,3.0,2.6,180.0,aerated_concrete,0.2,mud_brick,0.25,xps,0.05,west,0.9,1.5,0.35,1.6,35.009,37.476,0.0774,23.624
Chennai,13.0827,80.2707,warm_humid,3.0,3.0,2.6,0.0,timber,0.2,mud_brick,0.15,eps,0.2,south,0.6,0.6,0.35,2.6,33.544,35.044,0.1012,23.63
Chennai,13.0827,80.2707,warm_humid,3.0,3.0,2.6,90.0,aerated_concrete,0.1,gi_sheet,0.002,sheep_wool,0.05,west,1.2,0.6,0.35,1.6,35.466,39.368,0.0595,23.686
Chennai,13.0827,80.2707,warm_humid,3.0,3.0,2.6,135.0,aerated_concrete,0.1,puf_sandwich_panel,0.05,eps,0.025,north,0.6,1.2,0.85,2.6,35.823,40.012,0.0536,23.69
Chennai,13.0827,80.2707,warm_humid,3.0,3.0,2.6,0.0,brick,0.23,timber,0.1,mineral_wool,0.05,south,1.5,0.9,0.45,1.2,34.819,37.232,0.0893,23.608
Chennai,13.0827,80.2707,warm_humid,3.0,3.0,2.6,90.0,brick,0.115,stone,0.3,mineral_wool,0.1,north,1.2,1.2,0.45,1.6,34.868,37.473,0.0952,23.607
Chennai,13.0827,80.2707,warm_humid,3.0,3.0,2.6,180.0,mud_brick,0.15,aerated_concrete,0.1,mineral_wool,0.05,west,0.6,0.6,0.35,3.5,34.872,37.272,0.0833,23.618
Chennai,13.0827,80.2707,warm_humid,3.0,3.0,2.6,0.0,rammed_earth,0.3,aerated_concrete,0.1,eps,0.1,south,0.6,0.9,0.35,2.6,33.445,35.37,0.2143,23.603
Chennai,13.0827,80.2707,warm_humid,3.0,3.0,2.6,135.0,gi_sheet,0.002,puf_sandwich_panel,0.1,eps,0.15,north,1.8,0.9,0.35,2.0,35.44,39.486,0.0536,23.738
Chennai,13.0827,80.2707,warm_humid,3.0,3.0,2.6,135.0,timber,0.1,brick,0.115,mineral_wool,0.1,south,1.5,1.5,0.45,2.6,35.515,38.677,0.0655,23.651
Chennai,13.0827,80.2707,warm_humid,3.0,3.0,2.6,90.0,mud_brick,0.45,mud_brick,0.15,mineral_wool,0.15,south,0.6,1.2,0.45,2.6,32.538,34.59,0.3512,23.594
Chennai,13.0827,80.2707,warm_humid,3.0,3.0,2.6,0.0,timber,0.2,stone,0.3,sheep_wool,0.05,west,1.2,1.5,0.65,2.6,35.405,38.152,0.0833,23.614
Chennai,13.0827,80.2707,warm_humid,3.0,3.0,2.6,180.0,concrete,0.2,aerated_concrete,0.2,eps,0.1,east,0.9,1.5,0.65,5.8,34.723,37.207,0.0952,23.606
Chennai,13.0827,80.2707,warm_humid,3.0,3.0,2.6,0.0,concrete,0.3,mud_brick,0.25,xps,0.05,north,1.5,0.9,0.45,2.0,34.195,36.805,0.2083,23.596
Chennai,13.0827,80.2707,warm_humid,3.0,3.0,2.6,45.0,aerated_concrete,0.2,aerated_concrete,0.1,mineral_wool,0.15,south,0.9,0.6,0.35,2.0,33.951,35.71,0.0774,23.645
Chennai,13.0827,80.2707,warm_humid,3.0,3.0,2.6,45.0,brick,0.23,mud_brick,0.25,sheep_wool,0.1,east,0.6,0.6,0.35,2.0,33.65,35.742,0.2083,23.602
Chennai,13.0827,80.2707,warm_humid,3.0,3.0,2.6,135.0,mud_brick,0.3,puf_sandwich_panel,0.15,eps,0.1,east,1.5,0.6,0.75,1.6,33.733,35.819,0.2083,23.603
Chennai,13.0827,80.2707,warm_humid,3.0,3.0,2.6,135.0,mud_brick,0.3,gi_sheet,0.002,mineral_wool,0.15,west,1.2,0.6,0.45,1.2,33.477,35.563,0.2143,23.602
Chennai,13.0827,80.2707,warm_humid,3.0,3.0,2.6,180.0,concrete,0.15,stone,0.15,eps,0.2,west,1.8,0.9,0.75,1.2,35.497,38.574,0.0893,23.607
Chennai,13.0827,80.2707,warm_humid,3.0,3.0,2.6,0.0,gi_sheet,0.002,brick,0.115,mineral_wool,0.05,north,1.2,1.2,0.55,2.6,36.363,41.389,0.0595,23.673
Chennai,13.0827,80.2707,warm_humid,3.0,3.0,2.6,135.0,aerated_concrete,0.2,brick,0.23,eps,0.05,east,1.8,1.2,0.55,1.2,35.694,38.531,0.0714,23.626
Chennai,13.0827,80.2707,warm_humid,3.0,3.0,2.6,0.0,rammed_earth,0.3,mud_brick,0.25,sheep_wool,0.15,east,0.9,1.2,0.35,1.2,33.397,35.539,0.2202,23.599
Chennai,13.0827,80.2707,warm_humid,3.0,3.0,2.6,180.0,concrete,0.2,stone,0.15,eps,0.1,west,1.5,1.5,0.65,1.2,35.848,39.239,0.0893,23.603
Chennai,13.0827,80.2707,warm_humid,3.0,3.0,2.6,180.0,plywood,0.019,rcc_slab,0.2,xps,0.15,west,0.9,0.9,0.65,3.5,35.141,37.76,0.0655,23.645
Chennai,13.0827,80.2707,warm_humid,3.0,3.0,2.6,135.0,mud_brick,0.15,gi_sheet,0.002,xps,0.1,south,0.9,1.5,0.75,5.8,35.208,37.84,0.0774,23.62
Chennai,13.0827,80.2707,warm_humid,3.0,3.0,2.6,180.0,mud_brick,0.15,timber,0.1,eps,0.1,south,0.6,0.9,0.65,1.6,34.522,36.692,0.0893,23.618
Chennai,13.0827,80.2707,warm_humid,3.0,3.0,2.6,45.0,timber,0.1,stone,0.3,xps,0.15,south,1.5,0.9,0.65,2.0,34.447,36.501,0.0893,23.619
Chennai,13.0827,80.2707,warm_humid,3.0,3.0,2.6,45.0,aerated_concrete,0.2,brick,0.115,mineral_wool,0.15,north,1.2,0.9,0.35,5.8,34.384,36.444,0.0774,23.634
Chennai,13.0827,80.2707,warm_humid,3.0,3.0,2.6,180.0,puf_sandwich_panel,0.15,gi_sheet,0.002,none,0.0,east,0.6,1.2,0.45,2.0,38.625,51.582,0.1071,23.757
Chennai,13.0827,80.2707,warm_humid,3.0,3.0,2.6,135.0,puf_sandwich_panel,0.1,concrete,0.1,xps,0.05,east,0.9,1.2,0.45,5.8,34.87,37.858,0.0655,23.68
Chennai,13.0827,80.2707,warm_humid,3.0,3.0,2.6,180.0,concrete,0.15,gi_sheet,0.002,sheep_wool,0.1,south,1.5,1.2,0.65,2.0,35.814,38.777,0.0774,23.615
Chennai,13.0827,80.2707,warm_humid,3.0,3.0,2.6,90.0,aerated_concrete,0.1,brick,0.115,mineral_wool,0.05,west,1.8,1.2,0.65,2.0,36.799,41.17,0.0595,23.653
Chennai,13.0827,80.2707,warm_humid,3.0,3.0,2.6,90.0,rammed_earth,0.45,stone,0.3,eps,0.1,north,1.8,1.5,0.55,1.2,34.276,37.535,0.2143,23.594
Chennai,13.0827,80.2707,warm_humid,3.0,3.0,2.6,135.0,mud_brick,0.45,timber,0.15,xps,0.15,west,1.5,1.5,0.35,2.6,33.447,35.912,0.2321,23.596
Chennai,13.0827,80.2707,warm_humid,3.0,3.0,2.6,0.0,plywood,0.019,rcc_slab,0.1,sheep_wool,0.15,west,1.2,1.5,0.75,2.0,36.079,40.284,0.0595,23.675
Chennai,13.0827,80.2707,warm_humid,3.0,3.0,2.6,135.0,timber,0.2,concrete,0.1,sheep_wool,0.1,south,1.5,0.6,0.75,1.2,34.897,37.323,0.0774,23.634
Chennai,13.0827,80.2707,warm_humid,3.0,3.0,2.6,90.0,concrete,0.15,gi_sheet,0.002,xps,0.1,north,1.5,1.5,0.55,2.6,36.001,39.146,0.0774,23.616
Chennai,13.0827,80.2707,warm_humid,3.0,3.0,2.6,45.0,brick,0.345,gi_sheet,0.002,eps,0.15,south,1.5,1.2,0.85,2.0,34.389,36.886,0.2024,23.6
Chennai,13.0827,80.2707,warm_humid,3.0,3.0,2.6,180.0,timber,0.2,aerated_concrete,0.1,eps,0.025,north,1.5,0.6,0.75,2.0,35.519,38.55,0.0655,23.647
Chennai,13.0827,80.2707,warm_humid,3.0,3.0,2.6,90.0,stone,0.15,stone,0.15,xps,0.05,east,0.9,0.9,0.65,2.6,34.862,37.366,0.0952,23.605
Chennai,13.0827,80.2707,warm_humid,3.0,3.0,2.6,45.0,timber,0.2,brick,0.115,mineral_wool,0.05,south,1.8,0.6,0.65,3.5,35.269,37.973,0.0714,23.634
Chennai,13.0827,80.2707,warm_humid,3.0,3.0,2.6,135.0,rammed_earth,0.45,timber,0.1,eps,0.025,south,1.2,1.5,0.75,5.8,34.911,37.81,0.1786,23.597
Chennai,13.0827,80.2707,warm_humid,3.0,3.0,2.6,135.0,stone,0.15,concrete,0.15,sheep_wool,0.15,east,1.5,1.2,0.45,1.2,34.554,36.936,0.1071,23.606
Chennai,13.0827,80.2707,warm_humid,3.0,3.0,2.6,90.0,gi_sheet,0.002,puf_sandwich_panel,0.1,sheep_wool,0.05,north,1.8,0.9,0.75,2.6,37.014,43.605,0.0536,23.743
Chennai,13.0827,80.2707,warm_humid,3.0,3.0,2.6,0.0,stone,0.15,gi_sheet,0.002,mineral_wool,0.15,south,1.5,1.5,0.85,2.6,35.502,38.07,0.0774,23.611
Chennai,13.0827,80.2707,warm_humid,3.0,3.0,2.6,135.0,brick,0.115,gi_sheet,0.002,sheep_wool,0.1,north,1.2,0.6,0.35,1.6,34.922,37.32,0.0774,23.629
Chennai,13.0827,80.2707,warm_humid,3.0,3.0,2.6,135.0,stone,0.3,concrete,0.15,mineral_wool,0.15,south,0.9,1.2,0.35,2.0,33.1,35.339,0.2381,23.595
Chennai,13.0827,80.2707,warm_humid,3.0,3.0,2.6,90.0,puf_sandwich_panel,0.075,rcc_slab,0.1,sheep_wool,0.1,east,1.5,1.2,0.65,2.6,35.381,38.582,0.0595,23.681
Chennai,13.0827,80.2707,warm_humid,3.0,3.0,2.6,135.0,concrete,0.3,mud_brick,0.15,mineral_wool,0.1,south,1.5,0.6,0.45,1.6,33.592,35.905,0.2202,23.597
Chennai,13.0827,80.2707,warm_humid,3.0,3.0,2.6,45.0,aerated_concrete,0.3,puf_sandwich_panel,0.15,eps,0.15,north,1.5,0.9,0.65,1.2,35.128,37.608,0.0714,23.637
Chennai,13.0827,80.2707,warm_humid,3.0,3.0,2.6,45.0,brick,0.23,gi_sheet,0.002,sheep_wool,0.1,north,0.9,0.6,0.65,2.0,34.352,36.649,0.1131,23.608
Chennai,13.0827,80.2707,warm_humid,3.0,3.0,2.6,180.0,mud_brick,0.45,brick,0.115,sheep_wool,0.1,east,0.6,0.9,0.65,2.0,32.984,35.243,0.256,23.595
Chennai,13.0827,80.2707,warm_humid,3.0,3.0,2.6,135.0,gi_sheet,0.002,stone,0.15,sheep_wool,0.05,south,1.2,0.6,0.85,1.2,36.232,40.449,0.0595,23.651
Chennai,13.0827,80.2707,warm_humid,3.0,3.0,2.6,135.0,timber,0.15,gi_sheet,0.002,mineral_wool,0.05,south,1.5,1.5,0.65,2.6,36.454,40.98,0.0595,23.665
Chennai,13.0827,80.2707,warm_humid,3.0,3.0,2.6,180.0,puf_sandwich_panel,0.05,mud_brick,0.25,mineral_wool,0.05,east,1.2,1.2,0.35,2.0,34.856,37.415,0.0714,23.647
Chennai,13.0827,80.2707,warm_humid,3.0,3.0,2.6,135.0,brick,0.23,gi_sheet,0.002,none,0.0,west,0.6,1.2,0.55,1.6,38.583,44.394,0.0595,23.608
Chennai,13.0827,80.2707,warm_humid,3.0,3.0,2.6,90.0,brick,0.23,concrete,0.1,xps,0.15,east,0.6,1.2,0.45,5.8,33.585,35.496,0.2083,23.605
Chennai,13.0827,80.2707,warm_humid,3.0,3.0,2.6,135.0,rammed_earth,0.45,aerated_concrete,0.2,eps,0.1,west,0.9,1.2,0.55,1.6,33.432,35.865,0.2321,23.596
Chennai,13.0827,80.2707,warm_humid,3.0,3.0,2.6,135.0,gi_sheet,0.002,rcc_slab,0.15,eps,0.05,south,0.9,0.9,0.85,3.5,36.247,40.641,0.0595,23.656
Chennai,13.0827,80.2707,warm_humid,3.0,3.0,2.6,90.0,stone,0.15,mud_brick,0.15,eps,0.05,south,0.9,0.6,0.55,3.5,34.86,37.386,0.0893,23.606
Chennai,13.0827,80.2707,warm_humid,3.0,3.0,2.6,45.0,timber,0.1,timber,0.1,sheep_wool,0.1,north,1.8,1.5,0.55,2.0,36.945,41.508,0.0536,23.675
Chennai,13.0827,80.2707,warm_humid,3.0,3.0,2.6,0.0,mud_brick,0.3,timber,0.15,eps,0.15,east,1.2,0.6,0.75,2.0,33.704,35.945,0.2143,23.602
Chennai,13.0827,80.2707,warm_humid,3.0,3.0,2.6,45.0,gi_sheet,0.002,puf_sandwich_panel,0.1,xps,0.05,north,0.6,0.9,0.35,3.5,35.322,40.138,0.0595,23.741
Chennai,13.0827,80.2707,warm_humid,3.0,3.0,2.6,135.0,gi_sheet,0.002,stone,0.15,sheep_wool,0.1,north,1.8,1.2,0.55,5.8,36.152,40.001,0.0595,23.65
Chennai,13.0827,80.2707,warm_humid,3.0,3.0,2.6,135.0,timber,0.1,concrete,0.15,xps,0.05,west,1.2,0.9,0.55,2.0,35.704,38.826,0.0655,23.641
Chennai,13.0827,80.2707,warm_humid,3.0,3.0,2.6,45.0,gi_sheet,0.002,timber,0.1,eps,0.1,south,1.8,0.9,0.55,5.8,35.619,40.701,0.0536,23.714
Chennai,13.0827,80.2707,warm_humid,3.0,3.0,2.6,0.0,puf_sandwich_panel,0.05,timber,0.15,mineral_wool,0.15,east,1.8,0.9,0.35,3.5,34.889,37.859,0.0595,23.708
Chennai,13.0827,80.2707,warm_humid,3.0,3.0,2.6,45.0,puf_sandwich_panel,0.05,mud_brick,0.25,mineral_wool,0.15,east,0.6,1.2,0.35,2.0,33.944,35.664,0.0833,23.644
Chennai,13.0827,80.2707,warm_humid,3.0,3.0,2.6,90.0,concrete,0.2,timber,0.1,xps,0.05,east,1.8,0.6,0.55,3.5,34.839,37.266,0.0893,23.607
Chennai,13.0827,80.2707,warm_humid,3.0,3.0,2.6,0.0,brick,0.115,stone,0.3,none,0.0,west,1.5,1.5,0.75,5.8,38.707,44.78,0.0595,23.608
Chennai,13.0827,80.2707,warm_humid,3.0,3.0,2.6,0.0,mud_brick,0.15,concrete,0.2,mineral_wool,0.05,south,0.6,0.6,0.55,1.6,34.701,37.079,0.0893,23.609
Chennai,13.0827,80.2707,warm_humid,3.0,3.0,2.6,90.0,timber,0.15,aerated_concrete,0.1,xps,0.15,east,1.2,1.2,0.65,5.8,34.816,37.316,0.0655,23.657
Chennai,13.0827,80.2707,warm_humid,3.0,3.0,2.6,0.0,brick,0.115,timber,0.15,xps,0.15,north,1.2,0.6,0.85,2.0,34.756,37.026,0.0833,23.625
Chennai,13.0827,80.2707,warm_humid,3.0,3.0,2.6,45.0,aerated_concrete,0.2,mud_brick,0.15,sheep_wool,0.05,east,0.9,1.5,0.65,3.5,35.662,38.59,0.0714,23.633
Chennai,13.0827,80.2707,warm_humid,3.0,3.0,2.6,180.0,timber,0.15,brick,0.115,sheep_wool,0.1,west,1.8,1.5,0.55,1.2,36.889,40.761,0.0595,23.644
Chennai,13.0827,80.2707,warm_humid,3.0,3.0,2.6,0.0,aerated_concrete,0.2,timber,0.1,eps,0.05,south,1.5,0.9,0.45,2.0,35.076,37.72,0.0655,23.649
Chennai,13.0827,80.2707,warm_humid,3.0,3.0,2.6,180.0,aerated_concrete,0.3,puf_sandwich_panel,0.1,eps,0.05,east,0.6,0.9,0.85,5.8,34.415,36.531,0.0774,23.637
Chennai,13.0827,80.2707,warm_humid,3.0,3.0,2.6,135.0,stone,0.3,stone,0.15,eps,0.1,east,1.8,0.6,0.85,2.0,33.767,36.3,0.2202,23.595
Chennai,13.0827,80.2707,warm_humid,3.0,3.0,2.6,135.0,mud_brick,0.45,mud_brick,0.25,eps,0.1,south,1.8,0.6,0.35,1.6,32.769,34.984,0.3393,23.594
Chennai,13.0827,80.2707,warm_humid,3.0,3.0,2.6,0.0,mud_brick,0.45,aerated_concrete,0.1,eps,0.1,south,0.6,0.6,0.65,1.6,32.724,34.749,0.3274,23.595
Chennai,13.0827,80.2707,warm_humid,3.0,3.0,2.6,180.0,brick,0.115,timber,0.15,sheep_wool,0.05,west,1.2,0.9,0.35,2.0,35.631,38.545,0.0714,23.625
Chennai,13.0827,80.2707,warm_humid,3.0,3.0,2.6,45.0,timber,0.15,concrete,0.2,eps,0.2,west,1.2,1.5,0.75,2.0,35.244,37.851,0.0774,23.628
Chennai,13.0827,80.2707,warm_humid,3.0,3.0,2.6,45.0,puf_sandwich_panel,0.075,aerated_concrete,0.1,sheep_wool,0.15,west,1.5,1.5,0.85,2.0,36.643,42.624,0.0536,23.732
Chennai,13.0827,80.2707,warm_humid,3.0,3.0,2.6,0.0,puf_sandwich_panel,0.15,timber,0.15,mineral_wool,0.05,south,0.6,0.6,0.35,1.6,34.117,36.4,0.0655,23.713
Chennai,13.0827,80.2707,warm_humid,3.0,3.0,2.6,0.0,gi_sheet,0.002,aerated_concrete,0.1,xps,0.05,south,1.5,1.2,0.75,2.0,36.509,42.752,0.0536,23.717
Chennai,13.0827,80.2707,warm_humid,3.0,3.0,2.6,0.0,rammed_earth,0.45,stone,0.3,eps,0.1,west,1.2,0.9,0.75,3.5,33.1,35.525,0.244,23.593
Chennai,13.0827,80.2707,warm_humid,3.0,3.0,2.6,180.0,timber,0.1,rcc_slab,0.15,xps,0.05,west,1.2,0.9,0.45,2.0,35.52,38.51,0.0655,23.641
Chennai,13.0827,80.2707,warm_humid,3.0,3.0,2.6,135.0,timber,0.15,brick,0.23,sheep_wool,0.15,north,0.9,0.6,0.75,1.6,34.293,36.226,0.0833,23.628
Chennai,13.0827,80.2707,warm_humid,3.0,3.0,2.6,45.0,puf_sandwich_panel,0.1,concrete,0.2,xps,0.1,south,1.8,0.6,0.35,1.6,34.149,36.036,0.0774,23.648
Chennai,13.0827,80.2707,warm_humid,3.0,3.0,2.6,90.0,puf_sandwich_panel,0.1,mud_brick,0.25,sheep_wool,0.1,west,0.9,0.6,0.45,1.6,34.096,35.961,0.0774,23.647
Chennai,13.0827,80.2707,warm_humid,3.0,3.0,2.6,0.0,concrete,0.3,brick,0.115,none,0.0,south,0.9,0.6,0.85,2.6,37.661,41.935,0.0714,23.597
Chennai,13.0827,80.2707,warm_humid,3.0,3.0,2.6,135.0,mud_brick,0.15,timber,0.15,xps,0.05,east,0.9,1.5,0.55,2.6,35.224,37.787,0.0774,23.618
Chennai,13.0827,80.2707,warm_humid,3.0,3.0,2.6,135.0,plywood,0.012,mud_brick,0.25,eps,0.05,west,1.5,1.5,0.65,2.6,37.336,42.037,0.0595,23.646
Chennai,13.0827,80.2707,warm_humid,3.0,3.0,2.6,90.0,rammed_earth,0.3,concrete,0.2,mineral_wool,0.1,north,1.8,0.6,0.85,2.0,34.433,37.179,0.2024,23.599
Chennai,13.0827,80.2707,warm_humid,3.0,3.0,2.6,45.0,brick,0.115,stone,0.15,mineral_wool,0.15,west,1.8,1.5,0.75,2.6,36.123,39.284,0.0774,23.616
Chennai,13.0827,80.2707,warm_humid,3.0,3.0,2.6,0.0,brick,0.115,gi_sheet,0.002,none,0.0,north,0.6,0.9,0.85,2.0,39.156,48.27,0.0536,23.628
Chennai,13.0827,80.2707,warm_humid,3.0,3.0,2.6,0.0,brick,0.345,stone,0.15,sheep_wool,0.05,south,0.6,1.2,0.55,1.2,34.071,36.558,0.2083,23.597
Chennai,13.0827,80.2707,warm_humid,3.0,3.0,2.6,45.0,mud_brick,0.15,mud_brick,0.25,eps,0.2,west,1.2,1.2,0.75,5.8,34.543,36.856,0.0952,23.609
Chennai,13.0827,80.2707,warm_humid,3.0,3.0,2.6,135.0,stone,0.15,gi_sheet,0.002,xps,0.1,east,1.2,0.6,0.75,3.5,34.602,36.892,0.0952,23.61
Chennai,13.0827,80.2707,warm_humid,3.0,3.0,2.6,0.0,stone,0.45,timber,0.1,eps,0.025,east,1.5,0.6,0.65,3.5,34.146,37.03,0.2143,23.591
Chennai,13.0827,80.2707,warm_humid,3.0,3.0,2.6,180.0,concrete,0.15,brick,0.23,mineral_wool,0.15,south,1.8,0.6,0.35,1.6,34.166,36.414,0.1964,23.606
Chennai,13.0827,80.2707,warm_humid,3.0,3.0,2.6,90.0,concrete,0.1,aerated_concrete,0.2,xps,0.05,north,1.8,0.9,0.85,1.6,36.9,40.657,0.0655,23.624
Chennai,13.0827,80.2707,warm_humid,3.0,3.0,2.6,0.0,timber,0.2,puf_sandwich_panel,0.1,eps,0.025,south,1.5,1.5,0.35,2.6,35.015,37.689,0.0655,23.655
Chennai,13.0827,80.2707,warm_humid,3.0,3.0,2.6,90.0,timber,0.1,rcc_slab,0.1,xps,0.05,south,1.5,1.5,0.65,5.8,36.258,40.48,0.0595,23.652
Chennai,13.0827,80.2707,warm_humid,3.0,3.0,2.6,90.0,gi_sheet,0.002,concrete,0.1,xps,0.15,south,0.9,1.5,0.35,2.0,35.069,38.213,0.0655,23.671
Chennai,13.0827,80.2707,warm_humid,3.0,3.0,2.6,45.0,mud_brick,0.15,timber,0.1,eps,0.15,north,1.5,1.5,0.45,5.8,35.29,37.958,0.0774,23.62
Chennai,13.0827,80.2707,warm_humid,3.0,3.0,2.6,135.0,plywood,0.012,gi_sheet,0.002,mineral_wool,0.05,west,1.8,1.2,0.55,1.6,37.388,44.556,0.0476,23.749
Chennai,13.0827,80.2707,warm_humid,3.0,3.0,2.6,180.0,plywood,0.019,aerated_concrete,0.2,eps,0.1,east,0.6,1.2,0.55,3.5,35.163,38.765,0.0595,23.701
Chennai,13.0827,80.2707,warm_humid,3.0,3.0,2.6,135.0,stone,0.15,brick,0.23,mineral_wool,0.05,east,0.6,1.5,0.85,3.5,35.233,37.983,0.0893,23.604
Chennai,13.0827,80.2707,warm_humid,3.0,3.0,2.6,135.0,gi_sheet,0.002,gi_sheet,0.002,xps,0.05,east,0.9,1.2,0.85,3.5,36.453,42.709,0.0595,23.736
Chennai,13.0827,80.2707,warm_humid,3.0,3.0,2.6,90.0,timber,0.15,rcc_slab,0.15,xps,0.1,west,0.9,0.6,0.45,2.0,34.256,36.226,0.0833,23.633
Chennai,13.0827,80.2707,warm_humid,3.0,3.0,2.6,135.0,rammed_earth,0.15,brick,0.23,sheep_wool,0.1,east,0.9,1.5,0.45,5.8,34.614,36.879,0.0893,23.611
Chennai,13.0827,80.2707,warm_humid,3.0,3.0,2.6,45.0,puf_sandwich_panel,0.1,timber,0.15,eps,0.1,north,0.9,1.5,0.85,1.2,36.264,40.518,0.0536,23.717
Chennai,13.0827,80.2707,warm_humid,3.0,3.0,2.6,180.0,timber,0.2,concrete,0.2,none,0.0,south,0.9,0.9,0.35,3.5,37.503,42.426,0.0655,23.623
Chennai,13.0827,80.2707,warm_humid,3.0,3.0,2.6,180.0,rammed_earth,0.3,puf_sandwich_panel,0.075,eps,0.025,west,0.6,1.5,0.35,1.6,34.527,36.941,0.1071,23.604
Chennai,13.0827,80.2707,warm_humid,3.0,3.0,2.6,45.0,gi_sheet,0.002,timber,0.15,xps,0.15,east,0.9,1.2,0.45,2.6,35.107,38.651,0.0595,23.7
Chennai,13.0827,80.2707,warm_humid,3.0,3.0,2.6,45.0,concrete,0.3,puf_sandwich_panel,0.05,eps,0.2,west,0.6,0.6,0.75,1.6,32.966,34.867,0.2381,23.599
Chennai,13.0827,80.2707,warm_humid,3.0,3.0,2.6,45.0,concrete,0.2,timber,0.15,xps,0.1,south,0.6,0.6,0.45,1.2,33.773,35.769,0.2024,23.606
Chennai,13.0827,80.2707,warm_humid,3.0,3.0,2.6,180.0,brick,0.115,brick,0.115,mineral_wool,0.1,north,0.6,0.9,0.55,1.6,34.716,36.953,0.0833,23.62
Chennai,13.0827,80.2707,warm_humid,3.0,3.0,2.6,45.0,timber,0.1,timber,0.1,sheep_wool,0.05,south,1.8,0.6,0.85,1.2,35.841,39.668,0.0595,23.674
Chennai,13.0827,80.2707,warm_humid,3.0,3.0,2.6,180.0,gi_sheet,0.002,rcc_slab,0.2,eps,0.025,south,1.8,0.9,0.55,3.5,37.007,42.251,0.0595,23.645
Chennai,13.0827,80.2707,warm_humid,3.0,3.0,2.6,0.0,stone,0.15,rcc_slab,0.1,mineral_wool,0.1,east,0.6,1.2,0.75,2.0,34.683,37.181,0.1012,23.607
Chennai,13.0827,80.2707,warm_humid,3.0,3.0,2.6,135.0,stone,0.3,mud_brick,0.25,xps,0.05,west,0.6,0.6,0.45,5.8,33.663,36.111,0.2202,23.594
Chennai,13.0827,80.2707,warm_humid,3.0,3.0,2.6,90.0,puf_sandwich_panel,0.1,rcc_slab,0.1,xps,0.1,east,0.6,0.6,0.75,1.6,34.167,36.19,0.0655,23.679
Chennai,13.0827,80.2707,warm_humid,3.0,3.0,2.6,135.0,mud_brick,0.15,aerated_concrete,0.1,eps,0.05,east,1.8,0.6,0.65,1.6,35.388,38.061,0.0774,23.619
Chennai,13.0827,80.2707,warm_humid,3.0,3.0,2.6,135.0,plywood,0.012,puf_sandwich_panel,0.1,sheep_wool,0.05,west,0.6,0.6,0.85,5.8,35.733,40.82,0.0595,23.761
Chennai,13.0827,80.2707,warm_humid,3.0,3.0,2.6,0.0,mud_brick,0.15,rcc_slab,0.1,sheep_wool,0.1,north,1.5,0.9,0.35,5.8,34.633,36.91,0.0833,23.614
Chennai,13.0827,80.2707,warm_humid,3.0,3.0,2.6,0.0,gi_sheet,0.002,rcc_slab,0.25,xps,0.05,east,1.8,0.9,0.65,3.5,36.536,40.493,0.0595,23.636
Chennai,13.0827,80.2707,warm_humid,3.0,3.0,2.6,45.0,stone,0.3,gi_sheet,0.002,sheep_wool,0.1,west,0.9,1.5,0.75,1.6,34.151,36.73,0.2083,23.597
Chennai,13.0827,80.2707,warm_humid,3.0,3.0,2.6,45.0,brick,0.115,puf_sandwich_panel,0.075,xps,0.15,north,0.6,0.6,0.75,2.0,34.34,36.352,0.0833,23.628
Chennai,13.0827,80.2707,warm_humid,3.0,3.0,2.6,180.0,stone,0.15,stone,0.15,xps,0.05,east,1.2,0.6,0.85,5.8,35.076,37.772,0.0893,23.605
Chennai,13.0827,80.2707,warm_humid,3.0,3.0,2.6,45.0,timber,0.2,aerated_concrete,0.2,eps,0.1,south,1.5,0.6,0.65,1.6,34.544,36.674,0.0774,23.641
Chennai,13.0827,80.2707,warm_humid,3.0,3.0,2.6,135.0,aerated_concrete,0.1,aerated_concrete,0.1,mineral_wool,0.05,east,1.8,1.2,0.65,5.8,36.16,40.751,0.0595,23.677
Chennai,13.0827,80.2707,warm_humid,3.0,3.0,2.6,90.0,brick,0.115,rcc_slab,0.2,eps,0.025,north,0.6,0.9,0.45,2.6,36.152,39.434,0.0714,23.614
Chennai,13.0827,80.2707,warm_humid,3.0,3.0,2.6,180.0,aerated_concrete,0.3,puf_sandwich_panel,0.15,eps,0.2,north,1.5,0.9,0.35,5.8,33.899,35.574,0.0833,23.637
Chennai,13.0827,80.2707,warm_humid,3.0,3.0,2.6,90.0,aerated_concrete,0.2,aerated_concrete,0.1,eps,0.15,north,1.8,0.6,0.65,1.6,35.133,37.677,0.0655,23.649
Chennai,13.0827,80.2707,warm_humid,3.0,3.0,2.6,180.0,mud_brick,0.3,mud_brick,0.15,sheep_wool,0.1,north,1.2,0.6,0.75,2.0,33.729,35.922,0.2143,23.6
Chennai,13.0827,80.2707,warm_humid,3.0,3.0,2.6,135.0,puf_sandwich_panel,0.05,rcc_slab,0.2,sheep_wool,0.1,south,0.9,0.9,0.85,3.5,34.87,37.414,0.0714,23.649
Chennai,13.0827,80.2707,warm_humid,3.0,3.0,2.6,180.0,mud_brick,0.3,mud_brick,0.15,eps,0.2,south,0.6,1.5,0.55,1.6,33.312,35.393,0.2262,23.6
Chennai,13.0827,80.2707,warm_humid,3.0,3.0,2.6,45.0,rammed_earth,0.45,gi_sheet,0.002,mineral_wool,0.1,west,1.8,1.5,0.65,2.0,34.547,37.401,0.2024,23.597
Chennai,13.0827,80.2707,warm_humid,3.0,3.0,2.6,45.0,plywood,0.05,rcc_slab,0.2,eps,0.025,east,0.9,0.6,0.35,1.2,35.943,39.634,0.0655,23.642
Chennai,13.0827,80.2707,warm_humid,3.0,3.0,2.6,45.0,aerated_concrete,0.1,aerated_concrete,0.1,xps,0.05,west,0.9,1.5,0.45,1.2,35.526,39.271,0.0595,23.677
Chennai,13.0827,80.2707,warm_humid,3.0,3.0,2.6,180.0,timber,0.1,timber,0.15,mineral_wool,0.15,south,1.5,1.5,0.85,3.5,36.77,41.028,0.0595,23.664
Chennai,13.0827,80.2707,warm_humid,3.0,3.0,2.6,90.0,mud_brick,0.15,timber,0.1,mineral_wool,0.05,north,1.8,0.6,0.55,2.6,35.484,38.257,0.0774,23.619
Chennai,13.0827,80.2707,warm_humid,3.0,3.0,2.6,0.0,timber,0.1,puf_sandwich_panel,0.05,mineral_wool,0.15,west,0.9,0.6,0.75,1.2,34.429,36.782,0.0655,23.678
Chennai,13.0827,80.2707,warm_humid,3.0,3.0,2.6,0.0,rammed_earth,0.45,aerated_concrete,0.2,xps,0.1,west,0.9,1.2,0.45,1.6,33.021,35.159,0.2381,23.596
Chennai,13.0827,80.2707,warm_humid,3.0,3.0,2.6,90.0,plywood,0.03,gi_sheet,0.002,sheep_wool,0.15,south,1.5,1.5,0.55,5.8,35.805,41.306,0.0536,23.732
Chennai,13.0827,80.2707,warm_humid,3.0,3.0,2.6,180.0,brick,0.115,aerated_concrete,0.1,mineral_wool,0.05,west,0.6,0.6,0.35,1.2,35.298,38.001,0.0714,23.626
Chennai,13.0827,80.2707,warm_humid,3.0,3.0,2.6,90.0,plywood,0.05,timber,0.15,xps,0.15,north,0.6,1.5,0.65,1.6,35.213,38.278,0.0595,23.69
Chennai,13.0827,80.2707,warm_humid,3.0,3.0,2.6,180.0,puf_sandwich_panel,0.05,aerated_concrete,0.2,mineral_wool,0.05,east,1.8,0.6,0.55,1.2,35.073,38.624,0.0595,23.709
Chennai,13.0827,80.2707,warm_humid,3.0,3.0,2.6,45.0,rammed_earth,0.45,stone,0.15,eps,0.2,east,0.6,0.9,0.45,5.8,32.392,34.307,0.3571,23.594
Chennai,13.0827,80.2707,warm_humid,3.0,3.0,2.6,90.0,timber,0.1,brick,0.23,mineral_wool,0.05,south,1.8,0.9,0.35,1.2,35.326,38.145,0.0714,23.634
Chennai,13.0827,80.2707,warm_humid,3.0,3.0,2.6,0.0,gi_sheet,0.002,concrete,0.1,eps,0.1,west,0.9,1.2,0.45,3.5,35.309,38.964,0.0595,23.672
Chennai,13.0827,80.2707,warm_humid,3.0,3.0,2.6,135.0,rammed_earth,0.3,timber,0.15,xps,0.15,north,1.8,0.9,0.45,5.8,33.923,36.071,0.2024,23.603
Chennai,13.0827,80.2707,warm_humid,3.0,3.0,2.6,0.0,stone,0.15,rcc_slab,0.25,eps,0.05,west,1.5,0.6,0.65,1.6,34.936,37.6,0.0952,23.603
Chennai,13.0827,80.2707,warm_humid,3.0,3.0,2.6,45.0,gi_sheet,0.002,timber,0.1,eps,0.025,north,1.8,1.2,0.35,3.5,36.772,43.763,0.0714,23.717
Chennai,13.0827,80.2707,warm_humid,3.0,3.0,2.6,90.0,concrete,0.2,aerated_concrete,0.1,xps,0.05,west,1.8,1.5,0.45,1.2,35.754,38.757,0.0833,23.608
Chennai,13.0827,80.2707,warm_humid,3.0,3.0,2.6,135.0,stone,0.3,puf_sandwich_panel,0.05,mineral_wool,0.05,east,1.2,1.2,0.55,1.2,34.221,36.744,0.2024,23.597
Chennai,13.0827,80.2707,warm_humid,3.0,3.0,2.6,180.0,puf_sandwich_panel,0.1,timber,0.1,eps,0.2,south,1.8,1.5,0.35,2.0,35.214,38.783,0.0536,23.726
Chennai,13.0827,80.2707,warm_humid,3.0,3.0,2.6,180.0,puf_sandwich_panel,0.05,rcc_slab,0.25,eps,0.15,north,0.9,0.6,0.55,1.2,33.893,35.556,0.0833,23.639
Chennai,13.0827,80.2707,warm_humid,3.0,3.0,2.6,90.0,mud_brick,0.15,brick,0.115,sheep_wool,0.15,north,0.6,0.9,0.75,1.2,34.426,36.643,0.0952,23.614
Chennai,13.0827,80.2707,warm_humid,3.0,3.0,2.6,135.0,gi_sheet,0.002,mud_brick,0.25,eps,0.025,east,1.5,0.9,0.75,1.2,36.851,41.653,0.0595,23.644
Chennai,13.0827,80.2707,warm_humid,3.0,3.0,2.6,180.0,brick,0.23,mud_brick,0.25,sheep_wool,0.05,east,0.9,0.6,0.45,1.2,34.51,37.024,0.1667,23.602
Chennai,13.0827,80.2707,warm_humid,3.0,3.0,2.6,90.0,concrete,0.3,puf_sandwich_panel,0.15,mineral_wool,0.1,west,0.6,0.6,0.75,2.0,33.326,35.395,0.2262,23.599
Chennai,13.0827,80.2707,warm_humid,3.0,3.0,2.6,180.0,aerated_concrete,0.1,concrete,0.2,eps,0.1,north,1.8,1.5,0.65,5.8,35.754,38.747,0.0655,23.635
Chennai,13.0827,80.2707,warm_humid,3.0,3.0,2.6,180.0,timber,0.2,concrete,0.15,mineral_wool,0.15,west,1.2,1.2,0.55,1.2,35.042,37.519,0.0774,23.627
Chennai,13.0827,80.2707,warm_humid,3.0,3.0,2.6,135.0,timber,0.1,mud_brick,0.25,sheep_wool,0.05,west,1.8,0.6,0.65,5.8,35.732,38.819,0.0655,23.633
Chennai,13.0827,80.2707,warm_humid,3.0,3.0,2.6,180.0,stone,0.45,gi_sheet,0.002,sheep_wool,0.05,east,1.5,1.2,0.65,5.8,34.163,37.019,0.2143,23.592
Chennai,13.0827,80.2707,warm_humid,3.0,3.0,2.6,180.0,rammed_earth,0.3,rcc_slab,0.15,xps,0.1,west,1.2,1.2,0.55,1.2,34.335,36.975,0.2024,23.601
Chennai,13.0827,80.2707,warm_humid,3.0,3.0,2.6,90.0,concrete,0.15,aerated_concrete,0.1,mineral_wool,0.1,south,0.9,0.6,0.55,1.2,34.422,36.597,0.0952,23.613
Chennai,13.0827,80.2707,warm_humid,3.0,3.0,2.6,180.0,concrete,0.2,rcc_slab,0.15,eps,0.025,west,1.2,0.9,0.75,1.6,36.355,39.833,0.0774,23.603
Chennai,13.0827,80.2707,warm_humid,3.0,3.0,2.6,0.0,timber,0.1,mud_brick,0.25,xps,0.1,east,0.6,0.6,0.75,3.5,34.404,36.459,0.0833,23.632
Chennai,13.0827,80.2707,warm_humid,3.0,3.0,2.6,135.0,stone,0.3,stone,0.3,none,0.0,east,1.8,0.6,0.45,3.5,37.252,41.288,0.0714,23.593
Chennai,13.0827,80.2707,warm_humid,3.0,3.0,2.6,180.0,stone,0.3,brick,0.115,sheep_wool,0.1,east,1.5,1.5,0.75,3.5,34.81,37.77,0.1964,23.596
Chennai,13.0827,80.2707,warm_humid,3.0,3.0,2.6,135.0,brick,0.115,rcc_slab,0.2,none,0.0,west,1.5,0.9,0.85,2.6,39.145,46.017,0.0595,23.614
Chennai,13.0827,80.2707,warm_humid,3.0,3.0,2.6,180.0,aerated_concrete,0.3,gi_sheet,0.002,eps,0.15,west,1.5,0.6,0.85,1.2,35.093,37.566,0.0714,23.636
Chennai,13.0827,80.2707,warm_humid,3.0,3.0,2.6,0.0,brick,0.345,puf_sandwich_panel,0.1,eps,0.15,north,1.5,1.5,0.65,3.5,34.567,37.235,0.1964,23.601
Chennai,13.0827,80.2707,warm_humid,3.0,3.0,2.6,180.0,gi_sheet,0.002,mud_brick,0.25,mineral_wool,0.05,north,1.8,0.9,0.75,3.5,36.329,40.165,0.0595,23.643
Chennai,13.0827,80.2707,warm_humid,3.0,3.0,2.6,180.0,puf_sandwich_panel,0.15,concrete,0.2,eps,0.025,north,1.2,0.9,0.85,5.8,35.635,38.767,0.0655,23.648
Chennai,13.0827,80.2707,warm_humid,3.0,3.0,2.6,45.0,rammed_earth,0.45,aerated_concrete,0.1,sheep_wool,0.15,south,1.2,1.2,0.45,1.6,33.102,35.22,0.2381,23.596
Chennai,13.0827,80.2707,warm_humid,3.0,3.0,2.6,135.0,rammed_earth,0.45,mud_brick,0.25,sheep_wool,0.1,east,1.2,0.6,0.75,5.8,33.08,35.323,0.244,23.594
Chennai,13.0827,80.2707,warm_humid,3.0,3.0,2.6,90.0,timber,0.2,mud_brick,0.25,eps,0.025,north,1.5,1.2,0.75,1.6,36.805,40.518,0.0655,23.623
Chennai,13.0827,80.2707,warm_humid,3.0,3.0,2.6,0.0,puf_sandwich_panel,0.1,gi_sheet,0.002,xps,0.05,east,1.5,1.5,0.55,5.8,36.474,42.233,0.0476,23.759
Chennai,13.0827,80.2707,warm_humid,3.0,3.0,2.6,0.0,brick,0.23,concrete,0.2,eps,0.2,south,0.9,1.2,0.85,1.6,33.843,35.948,0.2083,23.602
Chennai,13.0827,80.2707,warm_humid,3.0,3.0,2.6,45.0,puf_sandwich_panel,0.075,concrete,0.1,xps,0.15,north,1.2,1.5,0.45,1.6,35.343,38.32,0.0595,23.679
Chennai,13.0827,80.2707,warm_humid,3.0,3.0,2.6,135.0,gi_sheet,0.002,rcc_slab,0.15,sheep_wool,0.15,east,1.5,1.5,0.35,1.2,35.532,38.706,0.0655,23.656
Chennai,13.0827,80.2707,warm_humid,3.0,3.0,2.6,135.0,stone,0.45,timber,0.1,mineral_wool,0.1,east,1.8,0.6,0.35,1.6,32.655,34.95,0.3512,23.591
Chennai,13.0827,80.2707,warm_humid,3.0,3.0,2.6,45.0,aerated_concrete,0.2,timber,0.15,mineral_wool,0.1,west,0.6,0.6,0.85,2.6,34.32,36.383,0.0774,23.643
Chennai,13.0827,80.2707,warm_humid,3.0,3.0,2.6,90.0,mud_brick,0.3,gi_sheet,0.002,xps,0.05,south,0.6,1.5,0.85,2.0,34.622,37.194,0.1369,23.603
Chennai,13.0827,80.2707,warm_humid,3.0,3.0,2.6,180.0,concrete,0.2,mud_brick,0.15,sheep_wool,0.05,north,1.2,0.9,0.85,5.8,35.32,38.057,0.0893,23.604
Chennai,13.0827,80.2707,warm_humid,3.0,3.0,2.6,90.0,gi_sheet,0.002,timber,0.1,xps,0.1,north,0.9,0.9,0.85,2.0,35.996,40.555,0.0536,23.713
Chennai,13.0827,80.2707,warm_humid,3.0,3.0,2.6,135.0,timber,0.1,puf_sandwich_panel,0.075,eps,0.025,east,1.5,1.2,0.35,1.6,35.478,39.289,0.0595,23.688
Chennai,13.0827,80.2707,warm_humid,3.0,3.0,2.6,45.0,stone,0.3,stone,0.3,eps,0.15,west,1.2,0.9,0.55,5.8,33.008,35.268,0.25,23.593
Chennai,13.0827,80.2707,warm_humid,3.0,3.0,2.6,0.0,timber,0.2,rcc_slab,0.1,mineral_wool,0.05,east,1.2,1.2,0.75,2.6,36.313,39.749,0.0655,23.634
Chennai,13.0827,80.2707,warm_humid,3.0,3.0,2.6,90.0,mud_brick,0.15,mud_brick,0.25,xps,0.05,south,0.6,0.6,0.65,3.5,34.587,36.926,0.0952,23.609
Chennai,13.0827,80.2707,warm_humid,3.0,3.0,2.6,180.0,mud_brick,0.45,puf_sandwich_panel,0.05,eps,0.025,south,0.6,0.6,0.85,1.6,33.539,35.858,0.2202,23.595
Chennai,13.0827,80.2707,warm_humid,3.0,3.0,2.6,135.0,puf_sandwich_panel,0.075,puf_sandwich_panel,0.15,mineral_wool,0.15,north,0.6,1.2,0.75,3.5,34.495,37.168,0.0595,23.744
Chennai,13.0827,80.2707,warm_humid,3.0,3.0,2.6,180.0,brick,0.115,concrete,0.1,eps,0.025,north,0.9,0.6,0.75,1.6,36.438,39.998,0.0655,23.62
Chennai,13.0827,80.2707,warm_humid,3.0,3.0,2.6,45.0,gi_sheet,0.002,gi_sheet,0.002,sheep_wool,0.05,east,0.6,1.2,0.75,5.8,36.188,42.405,0.0714,23.736
Chennai,13.0827,80.2707,warm_humid,3.0,3.0,2.6,0.0,stone,0.45,timber,0.15,eps,0.05,south,1.2,1.2,0.75,2.6,33.573,36.197,0.2262,23.591
Chennai,13.0827,80.2707,warm_humid,3.0,3.0,2.6,0.0,mud_brick,0.45,stone,0.3,sheep_wool,0.05,west,1.5,1.2,0.45,5.8,33.68,36.261,0.2262,23.593
Chennai,13.0827,80.2707,warm_humid,3.0,3.0,2.6,180.0,mud_brick,0.15,timber,0.1,eps,0.025,east,0.9,1.2,0.55,2.6,35.861,38.985,0.0714,23.619
Chennai,13.0827,80.2707,warm_humid,3.0,3.0,2.6,135.0,gi_sheet,0.002,rcc_slab,0.15,eps,0.05,west,0.6,1.2,0.35,3.5,35.895,39.847,0.0595,23.656
Chennai,13.0827,80.2707,warm_humid,3.0,3.0,2.6,90.0,stone,0.3,rcc_slab,0.1,xps,0.05,north,1.8,1.2,0.75,3.5,35.597,39.054,0.1071,23.596
Chennai,13.0827,80.2707,warm_humid,3.0,3.0,2.6,45.0,rammed_earth,0.15,gi_sheet,0.002,xps,0.1,east,1.2,1.2,0.65,1.2,35.23,37.725,0.0774,23.622
Chennai,13.0827,80.2707,warm_humid,3.0,3.0,2.6,135.0,gi_sheet,0.002,rcc_slab,0.1,xps,0.15,north,1.5,0.9,0.35,2.6,35.263,38.399,0.0595,23.671
Chennai,13.0827,80.2707,warm_humid,3.0,3.0,2.6,90.0,puf_sandwich_panel,0.05,brick,0.23,eps,0.15,north,0.6,1.5,0.35,1.6,34.266,36.221,0.0774,23.65
Chennai,13.0827,80.2707,warm_humid,3.0,3.0,2.6,0.0,timber,0.1,puf_sandwich_panel,0.05,sheep_wool,0.1,west,1.5,0.6,0.85,1.6,35.195,38.508,0.0595,23.685
Chennai,13.0827,80.2707,warm_humid,3.0,3.0,2.6,0.0,rammed_earth,0.45,rcc_slab,0.2,sheep_wool,0.05,west,0.9,1.2,0.35,5.8,33.623,36.024,0.2202,23.594
Chennai,13.0827,80.2707,warm_humid,3.0,3.0,2.6,45.0,timber,0.15,mud_brick,0.15,eps,0.15,north,0.9,1.5,0.65,1.2,35.381,38.063,0.0714,23.637
Chennai,13.0827,80.2707,warm_humid,3.0,3.0,2.6,90.0,brick,0.345,mud_brick,0.25,xps,0.05,west,1.2,0.9,0.55,3.5,34.079,36.635,0.2083,23.597
Chennai,13.0827,80.2707,warm_humid,3.0,3.0,2.6,90.0,aerated_concrete,0.2,puf_sandwich_panel,0.15,mineral_wool,0.05,east,1.8,1.2,0.45,2.0,35.106,37.789,0.0655,23.656
Chennai,13.0827,80.2707,warm_humid,3.0,3.0,2.6,90.0,rammed_earth,0.15,puf_sandwich_panel,0.15,none,0.0,north,1.5,0.6,0.65,1.2,36.923,41.47,0.0595,23.622
Chennai,13.0827,80.2707,warm_humid,3.0,3.0,2.6,90.0,aerated_concrete,0.2,aerated_concrete,0.1,xps,0.05,south,0.9,1.5,0.65,3.5,35.48,38.634,0.0655,23.65
Chennai,13.0827,80.2707,warm_humid,3.0,3.0,2.6,0.0,puf_sandwich_panel,0.05,mud_brick,0.25,mineral_wool,0.15,east,0.9,1.5,0.45,3.5,34.74,37.02,0.0714,23.644
Chennai,13.0827,80.2707,warm_humid,3.0,3.0,2.6,135.0,concrete,0.15,rcc_slab,0.2,sheep_wool,0.15,north,1.2,0.9,0.35,3.5,34.221,36.45,0.1667,23.606
Chennai,13.0827,80.2707,warm_humid,3.0,3.0,2.6,180.0,rammed_earth,0.3,timber,0.15,mineral_wool,0.05,north,1.2,1.5,0.55,2.6,34.665,37.084,0.1012,23.603
Chennai,13.0827,80.2707,warm_humid,3.0,3.0,2.6,45.0,aerated_concrete,0.2,concrete,0.15,mineral_wool,0.05,south,0.6,1.5,0.65,3.5,35.118,37.692,0.0714,23.629
Chennai,13.0827,80.2707,warm_humid,3.0,3.0,2.6,90.0,gi_sheet,0.002,stone,0.15,mineral_wool,0.15,west,1.5,0.6,0.45,2.6,34.953,37.595,0.0655,23.647
Chennai,13.0827,80.2707,warm_humid,3.0,3.0,2.6,90.0,mud_brick,0.15,brick,0.23,eps,0.025,west,1.8,1.2,0.55,2.0,36.521,39.96,0.0714,23.611
Chennai,13.0827,80.2707,warm_humid,3.0,3.0,2.6,90.0,mud_brick,0.45,aerated_concrete,0.2,eps,0.15,south,1.2,1.5,0.75,1.6,33.655,36.277,0.2262,23.596
Chennai,13.0827,80.2707,warm_humid,3.0,3.0,2.6,180.0,timber,0.15,puf_sandwich_panel,0.15,sheep_wool,0.05,south,0.9,0.6,0.85,2.6,34.878,37.531,0.0655,23.665
Chennai,13.0827,80.2707,warm_humid,3.0,3.0,2.6,0.0,puf_sandwich_panel,0.15,brick,0.23,eps,0.05,north,0.6,1.2,0.55,1.6,34.704,37.063,0.0714,23.65
Chennai,13.0827,80.2707,warm_humid,3.0,3.0,2.6,45.0,rammed_earth,0.15,rcc_slab,0.25,sheep_wool,0.15,south,1.8,0.9,0.85,2.0,34.942,37.385,0.0893,23.609
Chennai,13.0827,80.2707,warm_humid,3.0,3.0,2.6,45.0,plywood,0.03,gi_sheet,0.002,sheep_wool,0.15,south,1.2,1.2,0.35,2.0,34.96,38.743,0.0595,23.732
Chennai,13.0827,80.2707,warm_humid,3.0,3.0,2.6,90.0,concrete,0.15,puf_sandwich_panel,0.15,xps,0.1,south,1.5,1.2,0.75,1.2,35.437,38.144,0.0774,23.615
Chennai,13.0827,80.2707,warm_humid,3.0,3.0,2.6,180.0,brick,0.345,rcc_slab,0.2,mineral_wool,0.1,south,1.8,0.9,0.35,5.8,33.679,36.002,0.2143,23.597
Chennai,13.0827,80.2707,warm_humid,3.0,3.0,2.6,90.0,timber,0.15,stone,0.3,xps,0.15,north,0.9,1.2,0.75,3.5,34.738,37.143,0.0893,23.616
Chennai,13.0827,80.2707,warm_humid,3.0,3.0,2.6,45.0,concrete,0.15,aerated_concrete,0.2,eps,0.15,east,1.2,1.2,0.45,3.5,34.515,36.703,0.0893,23.612
Chennai,13.0827,80.2707,warm_humid,3.0,3.0,2.6,45.0,mud_brick,0.15,mud_brick,0.25,sheep_wool,0.15,south,0.9,0.6,0.85,2.6,33.988,35.995,0.1905,23.609
Chennai,13.0827,80.2707,warm_humid,3.0,3.0,2.6,90.0,puf_sandwich_panel,0.075,puf_sandwich_panel,0.05,mineral_wool,0.1,north,1.5,0.9,0.45,2.6,35.058,38.515,0.0536,23.755
Chennai,13.0827,80.2707,warm_humid,3.0,3.0,2.6,45.0,aerated_concrete,0.1,concrete,0.2,eps,0.1,north,1.5,0.6,0.35,2.0,34.648,36.887,0.0774,23.634
Chennai,13.0827,80.2707,warm_humid,3.0,3.0,2.6,45.0,concrete,0.2,rcc_slab,0.15,eps,0.1,south,1.5,0.9,0.65,1.2,34.5,36.92,0.1548,23.603
Chennai,13.0827,80.2707,warm_humid,3.0,3.0,2.6,180.0,stone,0.3,aerated_concrete,0.1,sheep_wool,0.15,north,1.8,0.6,0.55,1.2,33.426,35.645,0.2262,23.597
Chennai,13.0827,80.2707,warm_humid,3.0,3.0,2.6,0.0,mud_brick,0.3,stone,0.15,sheep_wool,0.15,south,1.8,0.9,0.55,2.6,33.682,35.819,0.2143,23.599
Chennai,13.0827,80.2707,warm_humid,3.0,3.0,2.6,90.0,stone,0.15,rcc_slab,0.1,eps,0.025,south,0.9,0.9,0.85,2.6,36.163,39.434,0.0774,23.607
Chennai,13.0827,80.2707,warm_humid,3.0,3.0,2.6,180.0,plywood,0.05,puf_sandwich_panel,0.1,none,0.0,south,0.6,1.5,0.75,2.6,36.784,44.004,0.0774,23.725
Chennai,13.0827,80.2707,warm_humid,3.0,3.0,2.6,90.0,stone,0.15,puf_sandwich_panel,0.075,mineral_wool,0.1,east,0.6,0.9,0.45,5.8,34.068,36.033,0.1071,23.61
Chennai,13.0827,80.2707,warm_humid,3.0,3.0,2.6,0.0,rammed_earth,0.45,gi_sheet,0.002,eps,0.2,east,1.5,0.6,0.55,2.6,33.001,35.181,0.25,23.596
Chennai,13.0827,80.2707,warm_humid,3.0,3.0,2.6,135.0,timber,0.2,mud_brick,0.15,mineral_wool,0.1,west,0.9,1.5,0.75,3.5,35.651,38.546,0.0714,23.63
Chennai,13.0827,80.2707,warm_humid,3.0,3.0,2.6,45.0,gi_sheet,0.002,rcc_slab,0.1,mineral_wool,0.1,west,1.8,0.9,0.35,5.8,35.316,39.103,0.0595,23.669
Chennai,13.0827,80.2707,warm_humid,3.0,3.0,2.6,0.0,stone,0.3,mud_brick,0.25,sheep_wool,0.05,south,0.9,1.2,0.75,3.5,34.197,36.787,0.2083,23.595
Chennai,13.0827,80.2707,warm_humid,3.0,3.0,2.6,45.0,rammed_earth,0.15,puf_sandwich_panel,0.075,xps,0.1,north,0.6,1.5,0.75,3.5,34.948,37.353,0.0774,23.622
Chennai,13.0827,80.2707,warm_humid,3.0,3.0,2.6,135.0,mud_brick,0.45,concrete,0.2,eps,0.05,west,1.5,1.5,0.65,2.6,34.853,38.214,0.2024,23.594
Chennai,13.0827,80.2707,warm_humid,3.0,3.0,2.6,135.0,mud_brick,0.45,mud_brick,0.15,eps,0.1,north,1.2,0.9,0.55,5.8,33.202,35.497,0.2381,23.594
Chennai,13.0827,80.2707,warm_humid,3.0,3.0,2.6,135.0,aerated_concrete,0.2,aerated_concrete,0.2,mineral_wool,0.05,north,0.9,1.2,0.85,3.5,35.57,38.473,0.0655,23.643
Chennai,13.0827,80.2707,warm_humid,3.0,3.0,2.6,45.0,concrete,0.2,mud_brick,0.15,sheep_wool,0.05,south,1.2,1.5,0.65,2.6,35.509,38.357,0.0833,23.604
Chennai,13.0827,80.2707,warm_humid,3.0,3.0,2.6,180.0,stone,0.45,timber,0.1,eps,0.15,west,1.5,1.2,0.35,2.6,32.935,35.453,0.3333,23.592
Chennai,13.0827,80.2707,warm_humid,3.0,3.0,2.6,135.0,concrete,0.2,timber,0.1,eps,0.15,north,1.2,0.9,0.85,3.5,34.705,37.181,0.1012,23.606
Chennai,13.0827,80.2707,warm_humid,3.0,3.0,2.6,135.0,stone,0.3,mud_brick,0.25,mineral_wool,0.1,west,0.9,0.9,0.65,2.6,33.576,36.145,0.2262,23.594
Chennai,13.0827,80.2707,warm_humid,3.0,3.0,2.6,90.0,puf_sandwich_panel,0.05,brick,0.23,sheep_wool,0.15,west,0.9,1.2,0.35,5.8,34.284,36.36,0.0714,23.65
Chennai,13.0827,80.2707,warm_humid,3.0,3.0,2.6,90.0,stone,0.3,gi_sheet,0.002,xps,0.1,south,0.9,0.6,0.35,3.5,33.217,35.316,0.2321,23.596
Chennai,13.0827,80.2707,warm_humid,3.0,3.0,2.6,135.0,plywood,0.03,puf_sandwich_panel,0.05,eps,0.05,south,1.8,0.6,0.65,5.8,35.756,41.132,0.0536,23.742
Chennai,13.0827,80.2707,warm_humid,3.0,3.0,2.6,45.0,stone,0.3,mud_brick,0.25,xps,0.15,south,0.6,0.9,0.85,2.6,32.882,35.029,0.2619,23.594
Chennai,13.0827,80.2707,warm_humid,3.0,3.0,2.6,45.0,mud_brick,0.45,aerated_concrete,0.2,sheep_wool,0.1,south,1.2,1.5,0.35,1.6,33.163,35.363,0.2321,23.596
Chennai,13.0827,80.2707,warm_humid,3.0,3.0,2.6,45.0,brick,0.345,stone,0.3,sheep_wool,0.1,south,1.8,0.9,0.65,1.6,33.749,36.276,0.2202,23.595
Chennai,13.0827,80.2707,warm_humid,3.0,3.0,2.6,180.0,rammed_earth,0.3,mud_brick,0.15,eps,0.2,east,1.2,0.9,0.65,1.2,33.563,35.722,0.2143,23.601
Chennai,13.0827,80.2707,warm_humid,3.0,3.0,2.6,0.0,gi_sheet,0.002,puf_sandwich_panel,0.05,sheep_wool,0.05,east,0.6,0.6,0.55,3.5,35.559,40.834,0.0595,23.743
Chennai,13.0827,80.2707,warm_humid,3.0,3.0,2.6,180.0,plywood,0.05,concrete,0.1,eps,0.15,west,1.8,0.9,0.55,1.2,35.856,39.175,0.0595,23.665
Chennai,13.0827,80.2707,warm_humid,3.0,3.0,2.6,135.0,brick,0.23,gi_sheet,0.002,mineral_wool,0.1,north,1.2,0.9,0.35,5.8,34.247,36.42,0.1071,23.608
Chennai,13.0827,80.2707,warm_humid,3.0,3.0,2.6,90.0,brick,0.115,gi_sheet,0.002,mineral_wool,0.05,north,0.6,1.2,0.65,2.0,35.861,38.998,0.0714,23.628
Chennai,13.0827,80.2707,warm_humid,3.0,3.0,2.6,0.0,stone,0.3,mud_brick,0.25,sheep_wool,0.05,south,1.8,1.2,0.45,5.8,34.352,36.918,0.2024,23.595
Chennai,13.0827,80.2707,warm_humid,3.0,3.0,2.6,180.0,concrete,0.1,rcc_slab,0.15,xps,0.1,east,0.6,0.6,0.55,2.0,34.574,36.821,0.0893,23.615
Chennai,13.0827,80.2707,warm_humid,3.0,3.0,2.6,0.0,stone,0.15,brick,0.115,none,0.0,south,1.2,1.2,0.85,1.6,38.524,44.744,0.0595,23.608
Chennai,13.0827,80.2707,warm_humid,3.0,3.0,2.6,45.0,gi_sheet,0.002,concrete,0.15,mineral_wool,0.05,south,1.2,1.2,0.85,2.0,36.499,41.034,0.0595,23.655
Chennai,13.0827,80.2707,warm_humid,3.0,3.0,2.6,135.0,timber,0.1,gi_sheet,0.002,sheep_wool,0.15,south,0.6,0.9,0.85,1.6,34.752,37.484,0.0655,23.681
Chennai,13.0827,80.2707,warm_humid,3.0,3.0,2.6,90.0,plywood,0.012,rcc_slab,0.15,sheep_wool,0.1,east,1.2,0.9,0.45,5.8,35.186,38.27,0.0655,23.66
Chennai,13.0827,80.2707,warm_humid,3.0,3.0,2.6,45.0,stone,0.3,timber,0.15,mineral_wool,0.05,west,1.5,1.5,0.65,3.5,34.876,37.748,0.1905,23.597
Chennai,13.0827,80.2707,warm_humid,3.0,3.0,2.6,90.0,concrete,0.3,puf_sandwich_panel,0.075,sheep_wool,0.15,west,1.8,1.2,0.35,2.6,33.882,36.187,0.2083,23.6
Chennai,13.0827,80.2707,warm_humid,3.0,3.0,2.6,180.0,gi_sheet,0.002,aerated_concrete,0.2,sheep_wool,0.1,east,0.6,0.6,0.35,2.0,35.163,38.743,0.0595,23.696
Chennai,13.0827,80.2707,warm_humid,3.0,3.0,2.6,180.0,aerated_concrete,0.1,aerated_concrete,0.1,mineral_wool,0.1,east,1.8,0.9,0.35,2.0,35.042,38.076,0.0655,23.673
Chennai,13.0827,80.2707,warm_humid,3.0,3.0,2.6,180.0,rammed_earth,0.15,puf_sandwich_panel,0.05,xps,0.15,west,1.8,0.9,0.45,2.0,35.001,37.464,0.0774,23.623
Chennai,13.0827,80.2707,warm_humid,3.0,3.0,2.6,45.0,stone,0.15,rcc_slab,0.25,eps,0.05,west,1.2,0.6,0.75,2.0,34.905,37.559,0.0952,23.603
Chennai,13.0827,80.2707,warm_humid,3.0,3.0,2.6,135.0,plywood,0.019,stone,0.15,sheep_wool,0.15,west,1.5,0.6,0.75,3.5,35.542,38.572,0.0655,23.652
Chennai,13.0827,80.2707,warm_humid,3.0,3.0,2.6,90.0,puf_sandwich_panel,0.1,aerated_concrete,0.1,eps,0.2,south,1.5,0.6,0.75,2.0,34.653,37.716,0.0595,23.727
Chennai,13.0827,80.2707,warm_humid,3.0,3.0,2.6,45.0,puf_sandwich_panel,0.05,mud_brick,0.25,eps,0.1,north,0.9,1.5,0.75,5.8,35.638,38.671,0.0655,23.647
Chennai,13.0827,80.2707,warm_humid,3.0,3.0,2.6,45.0,stone,0.15,stone,0.15,mineral_wool,0.15,south,1.5,1.5,0.65,5.8,34.853,37.277,0.0893,23.605
Chennai,13.0827,80.2707,warm_humid,3.0,3.0,2.6,45.0,brick,0.345,mud_brick,0.25,mineral_wool,0.05,east,0.6,0.9,0.45,5.8,33.761,36.134,0.2143,23.596
Chennai,13.0827,80.2707,warm_humid,3.0,3.0,2.6,0.0,aerated_concrete,0.2,mud_brick,0.25,sheep_wool,0.05,north,1.5,0.9,0.55,2.0,35.34,38.016,0.0774,23.624
Chennai,13.0827,80.2707,warm_humid,3.0,3.0,2.6,90.0,puf_sandwich_panel,0.15,puf_sandwich_panel,0.15,xps,0.15,north,0.6,1.2,0.35,3.5,34.027,36.214,0.0595,23.752
Chennai,13.0827,80.2707,warm_humid,3.0,3.0,2.6,180.0,concrete,0.2,puf_sandwich_panel,0.15,mineral_wool,0.1,east,1.2,1.5,0.65,2.0,34.983,37.581,0.0893,23.608
Chennai,13.0827,80.2707,warm_humid,3.0,3.0,2.6,45.0,puf_sandwich_panel,0.15,stone,0.3,sheep_wool,0.1,east,0.9,1.2,0.55,2.6,34.318,36.264,0.0833,23.626
Chennai,13.0827,80.2707,warm_humid,3.0,3.0,2.6,180.0,plywood,0.012,timber,0.1,eps,0.2,east,1.5,0.6,0.75,5.8,35.282,39.302,0.0536,23.722
Chennai,13.0827,80.2707,warm_humid,3.0,3.0,2.6,90.0,plywood,0.019,mud_brick,0.15,eps,0.15,east,1.5,1.2,0.55,5.8,35.241,38.391,0.0595,23.666
Chennai,13.0827,80.2707,warm_humid,3.0,3.0,2.6,135.0,brick,0.115,mud_brick,0.25,sheep_wool,0.05,north,0.6,0.9,0.45,1.6,35.283,37.939,0.0774,23.613
Chennai,13.0827,80.2707,warm_humid,3.0,3.0,2.6,45.0,aerated_concrete,0.2,concrete,0.15,mineral_wool,0.15,east,1.2,1.5,0.35,1.6,34.501,36.546,0.0833,23.628
Chennai,13.0827,80.2707,warm_humid,3.0,3.0,2.6,0.0,rammed_earth,0.3,gi_sheet,0.002,mineral_wool,0.05,east,0.6,0.9,0.35,1.2,34.26,36.607,0.1964,23.603
Chennai,13.0827,80.2707,warm_humid,3.0,3.0,2.6,90.0,stone,0.15,rcc_slab,0.25,sheep_wool,0.1,north,0.9,1.5,0.65,3.5,35.035,37.853,0.1012,23.603
Chennai,13.0827,80.2707,warm_humid,3.0,3.0,2.6,0.0,aerated_concrete,0.1,stone,0.3,sheep_wool,0.15,west,0.6,1.5,0.55,3.5,34.22,36.224,0.0893,23.619
Chennai,13.0827,80.2707,warm_humid,3.0,3.0,2.6,180.0,stone,0.3,concrete,0.1,sheep_wool,0.15,north,0.9,1.2,0.85,1.6,33.64,36.039,0.2202,23.596
Chennai,13.0827,80.2707,warm_humid,3.0,3.0,2.6,135.0,mud_brick,0.3,gi_sheet,0.002,eps,0.025,west,0.9,0.9,0.45,1.6,35.215,38.096,0.0893,23.602
Chennai,13.0827,80.2707,warm_humid,3.0,3.0,2.6,180.0,puf_sandwich_panel,0.1,mud_brick,0.15,xps,0.15,north,1.2,1.5,0.85,3.5,35.43,38.445,0.0595,23.668
Chennai,13.0827,80.2707,warm_humid,3.0,3.0,2.6,180.0,gi_sheet,0.002,brick,0.115,eps,0.1,east,0.9,0.6,0.65,2.6,35.431,39.0,0.0595,23.674
Chennai,13.0827,80.2707,warm_humid,3.0,3.0,2.6,90.0,gi_sheet,0.002,rcc_slab,0.2,xps,0.05,west,0.9,0.6,0.35,3.5,35.477,38.794,0.0655,23.645
Chennai,13.0827,80.2707,warm_humid,3.0,3.0,2.6,135.0,stone,0.45,concrete,0.1,eps,0.05,north,0.6,0.9,0.85,2.0,33.402,36.116,0.2381,23.591
Chennai,13.0827,80.2707,warm_humid,3.0,3.0,2.6,90.0,aerated_concrete,0.3,gi_sheet,0.002,mineral_wool,0.15,east,0.9,0.6,0.35,5.8,33.781,35.42,0.0893,23.634
Chennai,13.0827,80.2707,warm_humid,3.0,3.0,2.6,90.0,timber,0.1,concrete,0.2,sheep_wool,0.05,east,0.6,0.9,0.65,2.0,35.156,37.8,0.0714,23.633
Chennai,13.0827,80.2707,warm_humid,3.0,3.0,2.6,45.0,plywood,0.019,timber,0.15,eps,0.05,west,1.5,1.5,0.75,1.6,37.068,43.898,0.0536,23.711
Chennai,13.0827,80.2707,warm_humid,3.0,3.0,2.6,45.0,puf_sandwich_panel,0.15,gi_sheet,0.002,xps,0.05,east,0.6,0.6,0.85,1.6,34.763,38.125,0.0536,23.754
Chennai,13.0827,80.2707,warm_humid,3.0,3.0,2.6,90.0,gi_sheet,0.002,stone,0.15,xps,0.05,south,1.8,1.5,0.85,3.5,37.407,42.954,0.0595,23.651
Chennai,13.0827,80.2707,warm_humid,3.0,3.0,2.6,90.0,timber,0.1,timber,0.15,sheep_wool,0.15,south,0.6,0.9,0.35,3.5,34.222,36.339,0.0714,23.667
Chennai,13.0827,80.2707,warm_humid,3.0,3.0,2.6,45.0,timber,0.1,aerated_concrete,0.2,sheep_wool,0.15,south,1.2,1.5,0.45,2.6,34.918,37.582,0.0655,23.664
Chennai,13.0827,80.2707,warm_humid,3.0,3.0,2.6,45.0,rammed_earth,0.3,concrete,0.15,xps,0.1,south,1.8,0.9,0.55,3.5,34.009,36.271,0.2024,23.601
Chennai,13.0827,80.2707,warm_humid,3.0,3.0,2.6,90.0,plywood,0.03,stone,0.15,eps,0.2,north,1.8,0.6,0.75,1.2,35.461,38.258,0.0655,23.649
Chennai,13.0827,80.2707,warm_humid,3.0,3.0,2.6,90.0,plywood,0.012,aerated_concrete,0.2,xps,0.1,south,0.9,0.6,0.85,2.6,35.21,38.968,0.0595,23.704
Chennai,13.0827,80.2707,warm_humid,3.0,3.0,2.6,45.0,plywood,0.012,concrete,0.15,xps,0.1,west,0.6,1.5,0.55,3.5,35.131,38.194,0.0655,23.659
Chennai,13.0827,80.2707,warm_humid,3.0,3.0,2.6,45.0,brick,0.345,brick,0.115,sheep_wool,0.15,east,1.2,0.9,0.75,2.0,33.778,36.14,0.2143,23.598
Chennai,13.0827,80.2707,warm_humid,3.0,3.0,2.6,180.0,gi_sheet,0.002,rcc_slab,0.2,eps,0.05,north,1.2,0.6,0.75,5.8,35.893,39.536,0.0655,23.645
Chennai,13.0827,80.2707,warm_humid,3.0,3.0,2.6,135.0,gi_sheet,0.002,gi_sheet,0.002,xps,0.1,east,1.8,1.2,0.45,2.6,35.99,41.249,0.0536,23.734
Chennai,13.0827,80.2707,warm_humid,3.0,3.0,2.6,45.0,mud_brick,0.45,stone,0.15,none,0.0,north,0.6,0.6,0.85,2.6,36.637,40.638,0.0833,23.594
Chennai,13.0827,80.2707,warm_humid,3.0,3.0,2.6,45.0,gi_sheet,0.002,aerated_concrete,0.2,eps,0.025,west,1.5,1.2,0.55,3.5,36.67,43.5,0.0536,23.698
Chennai,13.0827,80.2707,warm_humid,3.0,3.0,2.6,135.0,timber,0.2,concrete,0.15,xps,0.1,south,1.5,1.2,0.35,1.2,34.6,36.811,0.0833,23.628
Chennai,13.0827,80.2707,warm_humid,3.0,3.0,2.6,180.0,timber,0.2,aerated_concrete,0.2,mineral_wool,0.15,east,1.8,1.2,0.55,5.8,35.109,37.861,0.0714,23.64
Chennai,13.0827,80.2707,warm_humid,3.0,3.0,2.6,180.0,mud_brick,0.3,timber,0.15,sheep_wool,0.15,east,0.9,1.2,0.35,1.6,33.408,35.419,0.2202,23.602
Chennai,13.0827,80.2707,warm_humid,3.0,3.0,2.6,180.0,plywood,0.019,aerated_concrete,0.1,mineral_wool,0.15,east,1.8,0.6,0.85,1.2,35.709,39.973,0.0536,23.71
Chennai,13.0827,80.2707,warm_humid,3.0,3.0,2.6,0.0,gi_sheet,0.002,timber,0.15,eps,0.025,south,1.8,1.5,0.65,5.8,36.892,44.436,0.0714,23.706
Chennai,13.0827,80.2707,warm_humid,3.0,3.0,2.6,90.0,concrete,0.3,stone,0.15,sheep_wool,0.15,north,1.2,0.9,0.55,1.6,33.659,36.121,0.2202,23.597
Chennai,13.0827,80.2707,warm_humid,3.0,3.0,2.6,90.0,mud_brick,0.45,mud_brick,0.15,eps,0.025,east,0.9,1.5,0.75,1.2,34.451,37.267,0.2083,23.595
Chennai,13.0827,80.2707,warm_humid,3.0,3.0,2.6,0.0,stone,0.45,aerated_concrete,0.2,eps,0.025,west,1.2,1.2,0.55,5.8,34.059,36.783,0.2143,23.591
Chennai,13.0827,80.2707,warm_humid,3.0,3.0,2.6,180.0,gi_sheet,0.002,puf_sandwich_panel,0.075,xps,0.05,north,0.9,0.9,0.75,1.6,35.84,41.018,0.0595,23.742
Chennai,13.0827,80.2707,warm_humid,3.0,3.0,2.6,180.0,plywood,0.012,puf_sandwich_panel,0.15,eps,0.15,east,1.2,1.5,0.85,3.5,36.412,42.675,0.0536,23.754
Chennai,13.0827,80.2707,warm_humid,3.0,3.0,2.6,180.0,rammed_earth,0.45,rcc_slab,0.15,sheep_wool,0.15,east,0.6,1.5,0.35,1.6,32.71,34.801,0.3393,23.595
Chennai,13.0827,80.2707,warm_humid,3.0,3.0,2.6,180.0,concrete,0.3,timber,0.1,sheep_wool,0.1,south,0.6,1.2,0.75,5.8,33.971,36.383,0.2083,23.599
Chennai,13.0827,80.2707,warm_humid,3.0,3.0,2.6,0.0,timber,0.1,concrete,0.15,eps,0.05,east,1.2,0.9,0.75,5.8,36.025,39.48,0.0655,23.641
Chennai,13.0827,80.2707,warm_humid,3.0,3.0,2.6,0.0,stone,0.3,timber,0.15,eps,0.2,north,0.6,0.6,0.85,1.6,32.862,34.905,0.256,23.596
Chennai,13.0827,80.2707,warm_humid,3.0,3.0,2.6,135.0,timber,0.1,concrete,0.1,mineral_wool,0.15,north,1.2,0.9,0.65,5.8,34.913,37.345,0.0714,23.648
Chennai,13.0827,80.2707,warm_humid,3.0,3.0,2.6,90.0,stone,0.15,timber,0.1,xps,0.1,north,0.9,1.5,0.35,1.6,34.625,36.998,0.0952,23.61
Chennai,13.0827,80.2707,warm_humid,3.0,3.0,2.6,45.0,gi_sheet,0.002,puf_sandwich_panel,0.075,eps,0.025,east,1.5,1.2,0.55,1.6,36.676,43.77,0.0714,23.745
Chennai,13.0827,80.2707,warm_humid,3.0,3.0,2.6,45.0,mud_brick,0.3,rcc_slab,0.2,sheep_wool,0.05,south,1.8,0.6,0.75,1.2,34.531,37.172,0.1964,23.599
Chennai,13.0827,80.2707,warm_humid,3.0,3.0,2.6,0.0,puf_sandwich_panel,0.075,concrete,0.2,sheep_wool,0.1,south,1.8,1.5,0.35,2.6,34.889,37.286,0.0714,23.648
Chennai,13.0827,80.2707,warm_humid,3.0,3.0,2.6,180.0,timber,0.15,brick,0.23,mineral_wool,0.1,east,0.6,0.6,0.75,2.6,34.247,36.23,0.0833,23.627
Chennai,13.0827,80.2707,warm_humid,3.0,3.0,2.6,90.0,rammed_earth,0.3,concrete,0.2,eps,0.1,east,0.6,1.5,0.45,1.6,33.487,35.576,0.2202,23.599
Chennai,13.0827,80.2707,warm_humid,3.0,3.0,2.6,90.0,puf_sandwich_panel,0.075,gi_sheet,0.002,xps,0.05,south,1.2,1.5,0.65,3.5,35.954,41.83,0.0536,23.761
Chennai,13.0827,80.2707,warm_humid,3.0,3.0,2.6,180.0,gi_sheet,0.002,mud_brick,0.15,eps,0.1,south,1.2,1.5,0.65,2.6,36.419,40.709,0.0595,23.664
Chennai,13.0827,80.2707,warm_humid,3.0,3.0,2.6,135.0,puf_sandwich_panel,0.15,timber,0.1,eps,0.15,south,0.9,0.6,0.65,2.6,34.188,36.653,0.0595,23.725
Chennai,13.0827,80.2707,warm_humid,3.0,3.0,2.6,90.0,aerated_concrete,0.3,brick,0.23,eps,0.05,west,1.5,0.6,0.85,2.0,35.162,37.735,0.0833,23.618
Chennai,13.0827,80.2707,warm_humid,3.0,3.0,2.6,90.0,plywood,0.05,stone,0.15,none,0.0,south,0.6,1.5,0.55,5.8,38.422,46.953,0.0536,23.647
Chennai,13.0827,80.2707,warm_humid,3.0,3.0,2.6,180.0,aerated_concrete,0.1,aerated_concrete,0.1,eps,0.2,east,0.9,1.2,0.45,3.5,34.56,37.048,0.0655,23.674
Chennai,13.0827,80.2707,warm_humid,3.0,3.0,2.6,135.0,plywood,0.019,brick,0.23,eps,0.2,east,0.9,0.9,0.35,1.2,34.43,36.522,0.0714,23.647
Chennai,13.0827,80.2707,warm_humid,3.0,3.0,2.6,0.0,rammed_earth,0.15,timber,0.15,eps,0.15,south,1.8,0.9,0.75,5.8,34.888,37.153,0.0774,23.62
Chennai,13.0827,80.2707,warm_humid,3.0,3.0,2.6,90.0,mud_brick,0.3,concrete,0.2,xps,0.05,west,1.2,0.9,0.35,3.5,34.046,36.47,0.2083,23.599
Chennai,13.0827,80.2707,warm_humid,3.0,3.0,2.6,0.0,brick,0.345,rcc_slab,0.2,eps,0.15,east,1.5,0.9,0.45,5.8,33.545,35.866,0.2202,23.597
Chennai,13.0827,80.2707,warm_humid,3.0,3.0,2.6,180.0,puf_sandwich_panel,0.05,timber,0.15,sheep_wool,0.05,north,1.5,0.9,0.45,5.8,34.953,38.651,0.0595,23.722
Chennai,13.0827,80.2707,warm_humid,3.0,3.0,2.6,135.0,aerated_concrete,0.2,puf_sandwich_panel,0.15,sheep_wool,0.05,north,1.8,0.9,0.85,3.5,36.003,39.323,0.0595,23.656
Chennai,13.0827,80.2707,warm_humid,3.0,3.0,2.6,45.0,timber,0.1,aerated_concrete,0.1,xps,0.05,west,1.8,0.6,0.35,5.8,35.099,38.462,0.0595,23.674
Chennai,13.0827,80.2707,warm_humid,3.0,3.0,2.6,45.0,aerated_concrete,0.3,mud_brick,0.25,eps,0.2,east,1.8,0.6,0.85,3.5,34.466,36.568,0.0952,23.617
Chennai,13.0827,80.2707,warm_humid,3.0,3.0,2.6,45.0,mud_brick,0.45,stone,0.15,mineral_wool,0.1,west,1.2,1.5,0.45,5.8,33.327,35.659,0.2321,23.594
Chennai,13.0827,80.2707,warm_humid,3.0,3.0,2.6,180.0,mud_brick,0.45,mud_brick,0.15,eps,0.05,west,0.9,1.2,0.45,2.6,33.692,36.294,0.2262,23.594
Chennai,13.0827,80.2707,warm_humid,3.0,3.0,2.6,90.0,plywood,0.05,puf_sandwich_panel,0.1,eps,0.025,east,1.2,1.5,0.75,5.8,36.216,42.241,0.0536,23.726
Chennai,13.0827,80.2707,warm_humid,3.0,3.0,2.6,0.0,stone,0.15,aerated_concrete,0.2,sheep_wool,0.05,west,1.2,1.2,0.65,2.6,35.425,38.202,0.0833,23.609
Chennai,13.0827,80.2707,warm_humid,3.0,3.0,2.6,135.0,stone,0.3,concrete,0.15,sheep_wool,0.05,north,1.2,1.5,0.85,3.5,35.27,38.441,0.1548,23.595
Chennai,13.0827,80.2707,warm_humid,3.0,3.0,2.6,135.0,puf_sandwich_panel,0.15,concrete,0.1,eps,0.15,east,1.8,0.9,0.45,2.6,34.582,36.995,0.0655,23.677
Chennai,13.0827,80.2707,warm_humid,3.0,3.0,2.6,180.0,stone,0.45,rcc_slab,0.15,xps,0.15,south,0.9,1.2,0.85,1.6,32.846,35.469,0.3452,23.591
Chennai,13.0827,80.2707,warm_humid,3.0,3.0,2.6,90.0,puf_sandwich_panel,0.15,rcc_slab,0.1,mineral_wool,0.05,east,1.8,0.6,0.75,3.5,35.227,38.266,0.0595,23.677
Chennai,13.0827,80.2707,warm_humid,3.0,3.0,2.6,0.0,timber,0.1,aerated_concrete,0.1,sheep_wool,0.15,east,0.9,0.9,0.85,1.6,35.377,38.4,0.0595,23.673
Chennai,13.0827,80.2707,warm_humid,3.0,3.0,2.6,0.0,plywood,0.03,gi_sheet,0.002,xps,0.1,south,0.6,0.9,0.55,1.2,34.864,38.443,0.0595,23.731
Chennai,13.0827,80.2707,warm_humid,3.0,3.0,2.6,0.0,stone,0.15,brick,0.115,eps,0.2,west,0.6,0.9,0.75,3.5,33.868,35.891,0.1964,23.607
Chennai,13.0827,80.2707,warm_humid,3.0,3.0,2.6,45.0,gi_sheet,0.002,stone,0.3,eps,0.05,east,1.8,0.9,0.85,2.0,36.505,40.038,0.0655,23.625
Chennai,13.0827,80.2707,warm_humid,3.0,3.0,2.6,135.0,plywood,0.03,rcc_slab,0.1,mineral_wool,0.05,east,0.9,0.9,0.75,1.2,35.964,40.059,0.0595,23.671
Chennai,13.0827,80.2707,warm_humid,3.0,3.0,2.6,0.0,plywood,0.03,timber,0.1,eps,0.2,west,1.8,1.5,0.75,1.2,36.887,42.725,0.0536,23.711
Chennai,13.0827,80.2707,warm_humid,3.0,3.0,2.6,180.0,brick,0.345,timber,0.1,xps,0.1,south,1.8,0.9,0.65,1.2,34.336,36.971,0.2024,23.6
Chennai,13.0827,80.2707,warm_humid,3.0,3.0,2.6,90.0,timber,0.1,rcc_slab,0.2,mineral_wool,0.05,south,0.9,1.5,0.75,2.6,35.832,39.032,0.0714,23.633
Chennai,13.0827,80.2707,warm_humid,3.0,3.0,2.6,180.0,mud_brick,0.15,timber,0.1,eps,0.2,south,0.6,0.9,0.35,5.8,33.859,35.654,0.1071,23.618
Chennai,13.0827,80.2707,warm_humid,3.0,3.0,2.6,180.0,concrete,0.1,concrete,0.15,eps,0.025,south,1.2,1.5,0.75,1.6,37.34,41.494,0.0655,23.617
Chennai,13.0827,80.2707,warm_humid,3.0,3.0,2.6,0.0,brick,0.115,stone,0.15,xps,0.05,east,1.2,1.2,0.85,1.2,36.596,40.111,0.0714,23.616
Chennai,13.0827,80.2707,warm_humid,3.0,3.0,2.6,45.0,plywood,0.019,mud_brick,0.25,eps,0.1,north,1.2,0.9,0.35,2.0,35.035,37.683,0.0714,23.645
Chennai,13.0827,80.2707,warm_humid,3.0,3.0,2.6,0.0,plywood,0.019,rcc_slab,0.2,sheep_wool,0.1,west,1.8,1.5,0.55,1.6,36.264,40.047,0.0655,23.646
Chennai,13.0827,80.2707,warm_humid,3.0,3.0,2.6,90.0,puf_sandwich_panel,0.075,concrete,0.1,mineral_wool,0.1,east,0.6,0.9,0.75,2.0,34.425,36.661,0.0655,23.676
Chennai,13.0827,80.2707,warm_humid,3.0,3.0,2.6,0.0,stone,0.15,mud_brick,0.15,sheep_wool,0.15,north,0.6,0.9,0.45,2.0,33.895,35.954,0.1964,23.606
Chennai,13.0827,80.2707,warm_humid,3.0,3.0,2.6,0.0,mud_brick,0.15,timber,0.15,eps,0.025,east,1.8,1.2,0.55,5.8,36.494,40.046,0.0655,23.619
Chennai,13.0827,80.2707,warm_humid,3.0,3.0,2.6,180.0,stone,0.3,aerated_concrete,0.1,eps,0.2,south,1.5,1.2,0.85,1.2,34.469,37.435,0.2083,23.597
Chennai,13.0827,80.2707,warm_humid,3.0,3.0,2.6,0.0,plywood,0.05,mud_brick,0.25,mineral_wool,0.1,west,0.6,1.2,0.85,3.5,34.925,37.455,0.0714,23.639
Chennai,13.0827,80.2707,warm_humid,3.0,3.0,2.6,45.0,gi_sheet,0.002,timber,0.15,none,0.0,south,0.6,0.6,0.75,2.6,37.782,49.012,0.2202,22.555
Chennai,13.0827,80.2707,warm_humid,3.0,3.0,2.6,45.0,stone,0.3,puf_sandwich_panel,0.075,eps,0.1,north,1.2,0.9,0.85,3.5,34.14,36.791,0.2083,23.597
Chennai,13.0827,80.2707,warm_humid,3.0,3.0,2.6,90.0,timber,0.15,puf_sandwich_panel,0.075,xps,0.1,west,1.2,0.6,0.55,5.8,34.465,36.753,0.0655,23.665
Chennai,13.0827,80.2707,warm_humid,3.0,3.0,2.6,180.0,aerated_concrete,0.3,gi_sheet,0.002,xps,0.1,west,1.8,0.6,0.45,5.8,34.667,36.914,0.0774,23.636
Chennai,13.0827,80.2707,warm_humid,3.0,3.0,2.6,180.0,rammed_earth,0.15,mud_brick,0.15,eps,0.15,north,0.6,1.2,0.55,2.6,34.109,36.056,0.1012,23.614
Chennai,13.0827,80.2707,warm_humid,3.0,3.0,2.6,135.0,mud_brick,0.3,puf_sandwich_panel,0.075,mineral_wool,0.05,west,1.2,1.2,0.55,3.5,34.675,37.3,0.1369,23.603
Chennai,13.0827,80.2707,warm_humid,3.0,3.0,2.6,45.0,plywood,0.03,mud_brick,0.15,sheep_wool,0.05,east,0.9,0.9,0.75,2.0,35.997,39.978,0.0595,23.664
Chennai,13.0827,80.2707,warm_humid,3.0,3.0,2.6,0.0,aerated_concrete,0.2,mud_brick,0.25,none,0.0,north,1.8,0.6,0.35,5.8,36.27,39.957,0.0655,23.624
Chennai,13.0827,80.2707,warm_humid,3.0,3.0,2.6,135.0,puf_sandwich_panel,0.075,timber,0.1,sheep_wool,0.05,east,1.2,0.6,0.45,5.8,34.699,38.096,0.0595,23.734
Chennai,13.0827,80.2707,warm_humid,3.0,3.0,2.6,0.0,aerated_concrete,0.2,timber,0.15,sheep_wool,0.05,west,0.9,1.2,0.45,1.2,35.015,37.686,0.0714,23.646
Chennai,13.0827,80.2707,warm_humid,3.0,3.0,2.6,90.0,aerated_concrete,0.1,aerated_concrete,0.2,sheep_wool,0.05,east,1.2,0.6,0.75,2.0,35.345,38.549,0.0595,23.667
Chennai,13.0827,80.2707,warm_humid,3.0,3.0,2.6,180.0,plywood,0.019,stone,0.3,sheep_wool,0.15,west,1.5,0.9,0.35,1.2,34.876,37.242,0.0774,23.625
Chennai,13.0827,80.2707,warm_humid,3.0,3.0,2.6,45.0,mud_brick,0.45,mud_brick,0.25,sheep_wool,0.1,west,0.6,0.6,0.55,5.8,32.636,34.757,0.3452,23.593
Chennai,13.0827,80.2707,warm_humid,3.0,3.0,2.6,45.0,brick,0.23,brick,0.115,xps,0.15,south,0.9,1.2,0.85,1.2,34.21,36.445,0.1964,23.605
Chennai,13.0827,80.2707,warm_humid,3.0,3.0,2.6,90.0,stone,0.15,timber,0.1,mineral_wool,0.15,west,0.9,0.9,0.35,3.5,34.032,36.07,0.1369,23.609
Chennai,13.0827,80.2707,warm_humid,3.0,3.0,2.6,180.0,gi_sheet,0.002,gi_sheet,0.002,eps,0.1,south,0.6,0.9,0.35,5.8,35.306,39.558,0.0536,23.734
Chennai,13.0827,80.2707,warm_humid,3.0,3.0,2.6,135.0,puf_sandwich_panel,0.075,gi_sheet,0.002,eps,0.05,south,0.6,1.2,0.85,2.6,35.359,40.098,0.0536,23.762
Chennai,13.0827,80.2707,warm_humid,3.0,3.0,2.6,0.0,plywood,0.019,aerated_concrete,0.2,xps,0.1,east,0.6,0.6,0.55,2.6,34.848,38.005,0.0595,23.7
Chennai,13.0827,80.2707,warm_humid,3.0,3.0,2.6,0.0,stone,0.3,timber,0.15,eps,0.15,west,0.6,1.2,0.75,5.8,33.254,35.402,0.2321,23.596
Chennai,13.0827,80.2707,warm_humid,3.0,3.0,2.6,0.0,stone,0.15,mud_brick,0.15,eps,0.2,east,1.5,1.5,0.75,5.8,35.868,39.07,0.0833,23.607
Chennai,13.0827,80.2707,warm_humid,3.0,3.0,2.6,45.0,brick,0.23,concrete,0.1,mineral_wool,0.15,south,0.9,1.2,0.55,2.6,33.895,35.981,0.2024,23.605
Chennai,13.0827,80.2707,warm_humid,3.0,3.0,2.6,45.0,rammed_earth,0.45,puf_sandwich_panel,0.05,xps,0.15,east,1.5,0.9,0.55,3.5,33.21,35.36,0.2321,23.597
Chennai,13.0827,80.2707,warm_humid,3.0,3.0,2.6,135.0,concrete,0.1,mud_brick,0.25,xps,0.1,east,1.2,0.6,0.65,2.6,34.7,37.015,0.0893,23.613
Chennai,13.0827,80.2707,warm_humid,3.0,3.0,2.6,45.0,stone,0.15,stone,0.3,mineral_wool,0.1,south,0.6,1.5,0.85,5.8,34.211,36.547,0.1964,23.6
Chennai,13.0827,80.2707,warm_humid,3.0,3.0,2.6,135.0,timber,0.15,concrete,0.15,eps,0.1,south,1.5,1.2,0.55,2.6,35.24,37.943,0.0714,23.634
Chennai,13.0827,80.2707,warm_humid,3.0,3.0,2.6,135.0,concrete,0.1,timber,0.15,eps,0.05,south,1.5,1.5,0.45,2.0,36.081,39.398,0.0714,23.625
Chennai,13.0827,80.2707,warm_humid,3.0,3.0,2.6,180.0,aerated_concrete,0.2,brick,0.115,sheep_wool,0.05,north,0.6,0.9,0.75,5.8,35.133,37.779,0.0714,23.636
Chennai,13.0827,80.2707,warm_humid,3.0,3.0,2.6,90.0,concrete,0.1,timber,0.1,sheep_wool,0.15,west,1.2,0.6,0.55,2.6,34.728,37.006,0.0774,23.625
Chennai,13.0827,80.2707,warm_humid,3.0,3.0,2.6,90.0,plywood,0.019,brick,0.115,eps,0.05,west,0.6,0.6,0.55,2.6,35.671,39.752,0.0595,23.678
Chennai,13.0827,80.2707,warm_humid,3.0,3.0,2.6,180.0,brick,0.23,brick,0.115,mineral_wool,0.1,north,1.5,1.2,0.45,2.0,34.494,36.815,0.1071,23.605
Chennai,13.0827,80.2707,warm_humid,3.0,3.0,2.6,135.0,rammed_earth,0.45,concrete,0.2,mineral_wool,0.1,west,1.8,0.6,0.65,2.0,33.46,36.079,0.2321,23.594
Chennai,13.0827,80.2707,warm_humid,3.0,3.0,2.6,0.0,puf_sandwich_panel,0.1,mud_brick,0.15,sheep_wool,0.05,east,1.2,1.5,0.85,2.6,37.198,41.832,0.0536,23.671
Chennai,13.0827,80.2707,warm_humid,3.0,3.0,2.6,45.0,concrete,0.15,timber,0.15,sheep_wool,0.15,south,1.2,1.2,0.45,1.2,34.47,36.612,0.0893,23.613
Chennai,13.0827,80.2707,warm_humid,3.0,3.0,2.6,90.0,gi_sheet,0.002,mud_brick,0.25,sheep_wool,0.05,south,0.6,0.9,0.65,2.6,35.707,39.257,0.0655,23.643
Chennai,13.0827,80.2707,warm_humid,3.0,3.0,2.6,0.0,concrete,0.15,rcc_slab,0.1,mineral_wool,0.1,north,1.2,0.6,0.65,5.8,34.58,36.9,0.0952,23.609
Chennai,13.0827,80.2707,warm_humid,3.0,3.0,2.6,135.0,puf_sandwich_panel,0.075,aerated_concrete,0.2,mineral_wool,0.15,north,0.9,0.9,0.75,1.2,34.689,37.198,0.0595,23.699
Chennai,13.0827,80.2707,warm_humid,3.0,3.0,2.6,90.0,brick,0.115,brick,0.23,eps,0.025,west,1.2,1.5,0.35,1.6,36.384,39.806,0.0714,23.615
Chennai,13.0827,80.2707,warm_humid,3.0,3.0,2.6,180.0,brick,0.115,gi_sheet,0.002,eps,0.025,south,0.6,1.2,0.75,1.2,36.71,40.767,0.0655,23.629
Chennai,13.0827,80.2707,warm_humid,3.0,3.0,2.6,90.0,puf_sandwich_panel,0.05,timber,0.1,mineral_wool,0.15,west,1.2,1.2,0.45,2.0,34.886,38.039,0.0595,23.719
Chennai,13.0827,80.2707,warm_humid,3.0,3.0,2.6,0.0,concrete,0.1,mud_brick,0.25,sheep_wool,0.1,north,1.2,0.9,0.35,2.6,34.681,36.991,0.0893,23.613
Chennai,13.0827,80.2707,warm_humid,3.0,3.0,2.6,135.0,timber,0.1,concrete,0.1,eps,0.05,east,0.9,0.6,0.85,3.5,35.399,38.488,0.0655,23.651
Chennai,13.0827,80.2707,warm_humid,3.0,3.0,2.6,0.0,plywood,0.012,puf_sandwich_panel,0.05,eps,0.1,east,1.8,1.5,0.75,1.6,38.204,45.693,0.0476,23.76
Chennai,13.0827,80.2707,warm_humid,3.0,3.0,2.6,90.0,mud_brick,0.15,concrete,0.1,xps,0.05,south,0.9,0.9,0.45,1.6,35.011,37.517,0.0833,23.614
Chennai,13.0827,80.2707,warm_humid,3.0,3.0,2.6,0.0,concrete,0.1,gi_sheet,0.002,eps,0.05,south,1.8,1.2,0.45,2.6,35.946,39.189,0.0655,23.629
Chennai,13.0827,80.2707,warm_humid,3.0,3.0,2.6,180.0,brick,0.23,mud_brick,0.15,mineral_wool,0.1,north,1.5,1.5,0.75,3.5,35.195,37.771,0.0893,23.605
Chennai,13.0827,80.2707,warm_humid,3.0,3.0,2.6,135.0,aerated_concrete,0.2,gi_sheet,0.002,eps,0.2,south,1.2,1.2,0.65,2.6,34.973,37.588,0.0714,23.653
Chennai,13.0827,80.2707,warm_humid,3.0,3.0,2.6,90.0,concrete,0.15,concrete,0.1,sheep_wool,0.05,north,1.8,1.2,0.55,2.6,36.497,39.981,0.0714,23.611
Chennai,13.0827,80.2707,warm_humid,3.0,3.0,2.6,45.0,aerated_concrete,0.1,stone,0.15,eps,0.025,north,1.2,1.2,0.35,2.0,36.232,40.045,0.0655,23.639
Chennai,13.0827,80.2707,warm_humid,3.0,3.0,2.6,180.0,mud_brick,0.45,rcc_slab,0.1,eps,0.025,south,0.6,0.6,0.35,2.0,34.022,36.678,0.2143,23.594
Chennai,13.0827,80.2707,warm_humid,3.0,3.0,2.6,180.0,puf_sandwich_panel,0.075,timber,0.15,sheep_wool,0.05,north,1.5,0.6,0.65,1.6,34.905,38.162,0.0595,23.72
Chennai,13.0827,80.2707,warm_humid,3.0,3.0,2.6,45.0,brick,0.345,puf_sandwich_panel,0.05,eps,0.1,south,1.5,0.9,0.35,2.6,33.481,35.528,0.2143,23.6
Chennai,13.0827,80.2707,warm_humid,3.0,3.0,2.6,45.0,timber,0.2,concrete,0.1,mineral_wool,0.15,west,0.6,0.6,0.55,2.6,33.866,35.594,0.0893,23.632
Chennai,13.0827,80.2707,warm_humid,3.0,3.0,2.6,0.0,puf_sandwich_panel,0.1,aerated_concrete,0.2,eps,0.1,north,1.5,0.6,0.65,1.2,34.798,37.69,0.0595,23.708
Chennai,13.0827,80.2707,warm_humid,3.0,3.0,2.6,135.0,stone,0.15,timber,0.15,eps,0.1,south,1.2,0.6,0.85,2.0,34.687,37.105,0.0952,23.609
Chennai,13.0827,80.2707,warm_humid,3.0,3.0,2.6,90.0,stone,0.15,stone,0.3,eps,0.025,north,1.5,0.6,0.55,5.8,35.657,38.733,0.0833,23.601
Chennai,13.0827,80.2707,warm_humid,3.0,3.0,2.6,135.0,gi_sheet,0.002,rcc_slab,0.25,eps,0.2,east,1.2,1.2,0.45,3.5,34.987,37.475,0.0714,23.635
Chennai,13.0827,80.2707,warm_humid,3.0,3.0,2.6,180.0,timber,0.1,gi_sheet,0.002,sheep_wool,0.15,north,0.6,1.5,0.55,3.5,34.669,37.219,0.0655,23.681
Chennai,13.0827,80.2707,warm_humid,3.0,3.0,2.6,135.0,concrete,0.1,puf_sandwich_panel,0.05,xps,0.05,south,0.9,0.6,0.65,1.2,35.3,38.028,0.0714,23.628
Chennai,13.0827,80.2707,warm_humid,3.0,3.0,2.6,180.0,concrete,0.2,timber,0.1,mineral_wool,0.05,west,1.2,0.9,0.35,3.5,34.986,37.61,0.0893,23.606
Chennai,13.0827,80.2707,warm_humid,3.0,3.0,2.6,0.0,stone,0.45,gi_sheet,0.002,mineral_wool,0.05,south,1.8,1.2,0.35,5.8,33.662,36.122,0.2202,23.592
Chennai,13.0827,80.2707,warm_humid,3.0,3.0,2.6,135.0,aerated_concrete,0.3,aerated_concrete,0.1,sheep_wool,0.05,east,0.6,0.9,0.65,5.8,34.665,36.952,0.0774,23.634
Chennai,13.0827,80.2707,warm_humid,3.0,3.0,2.6,45.0,timber,0.2,rcc_slab,0.15,mineral_wool,0.1,west,1.5,0.9,0.55,1.6,34.775,37.103,0.0774,23.627
Chennai,13.0827,80.2707,warm_humid,3.0,3.0,2.6,135.0,puf_sandwich_panel,0.1,rcc_slab,0.15,eps,0.025,east,1.5,1.2,0.65,2.6,36.217,40.197,0.0595,23.662
Chennai,13.0827,80.2707,warm_humid,3.0,3.0,2.6,45.0,brick,0.115,aerated_concrete,0.2,none,0.0,west,1.5,0.6,0.65,3.5,37.743,43.577,0.0595,23.624
Chennai,13.0827,80.2707,warm_humid,3.0,3.0,2.6,180.0,concrete,0.2,stone,0.15,sheep_wool,0.15,south,0.9,0.6,0.55,1.2,33.815,36.026,0.2083,23.602
Chennai,13.0827,80.2707,warm_humid,3.0,3.0,2.6,45.0,plywood,0.012,timber,0.1,eps,0.025,north,0.9,0.6,0.85,2.0,36.633,43.278,0.0595,23.729
Chennai,13.0827,80.2707,warm_humid,3.0,3.0,2.6,0.0,rammed_earth,0.45,concrete,0.1,xps,0.15,south,0.6,1.5,0.55,1.6,32.737,34.762,0.3036,23.595
Chennai,13.0827,80.2707,warm_humid,3.0,3.0,2.6,135.0,brick,0.345,brick,0.115,xps,0.05,south,1.5,1.2,0.85,2.0,35.233,38.33,0.1131,23.599
Chennai,13.0827,80.2707,warm_humid,3.0,3.0,2.6,90.0,gi_sheet,0.002,brick,0.115,none,0.0,east,1.5,1.2,0.75,1.6,38.816,51.32,0.1964,22.545
Chennai,13.0827,80.2707,warm_humid,3.0,3.0,2.6,0.0,aerated_concrete,0.2,timber,0.15,xps,0.1,east,0.9,1.5,0.85,2.6,36.029,39.246,0.0655,23.646
Chennai,13.0827,80.2707,warm_humid,3.0,3.0,2.6,45.0,brick,0.115,aerated_concrete,0.1,sheep_wool,0.15,south,1.5,1.5,0.85,5.8,35.986,39.094,0.0714,23.628
Chennai,13.0827,80.2707,warm_humid,3.0,3.0,2.6,45.0,mud_brick,0.15,timber,0.1,mineral_wool,0.1,east,0.9,0.6,0.55,5.8,34.33,36.378,0.0893,23.618
Chennai,13.0827,80.2707,warm_humid,3.0,3.0,2.6,90.0,plywood,0.019,puf_sandwich_panel,0.15,eps,0.15,west,1.5,0.9,0.45,5.8,35.112,39.188,0.0536,23.746
Chennai,13.0827,80.2707,warm_humid,3.0,3.0,2.6,0.0,timber,0.1,aerated_concrete,0.2,mineral_wool,0.15,south,1.5,0.9,0.65,2.0,34.884,37.361,0.0655,23.66
Chennai,13.0827,80.2707,warm_humid,3.0,3.0,2.6,135.0,stone,0.3,timber,0.1,eps,0.025,east,0.6,0.6,0.75,1.2,34.637,37.361,0.1964,23.596
Chennai,13.0827,80.2707,warm_humid,3.0,3.0,2.6,135.0,stone,0.15,stone,0.15,xps,0.05,east,0.6,0.6,0.35,2.6,34.625,37.088,0.1012,23.604
Chennai,13.0827,80.2707,warm_humid,3.0,3.0,2.6,180.0,rammed_earth,0.15,stone,0.3,none,0.0,south,1.2,0.9,0.85,1.2,38.088,43.164,0.0655,23.605
Chennai,13.0827,80.2707,warm_humid,3.0,3.0,2.6,90.0,concrete,0.2,brick,0.115,mineral_wool,0.05,south,1.5,1.5,0.55,1.2,35.737,38.79,0.0833,23.605
Chennai,13.0827,80.2707,warm_humid,3.0,3.0,2.6,90.0,timber,0.2,gi_sheet,0.002,none,0.0,east,1.2,1.2,0.65,3.5,38.713,47.304,0.0536,23.652
Chennai,13.0827,80.2707,warm_humid,3.0,3.0,2.6,90.0,puf_sandwich_panel,0.05,concrete,0.15,mineral_wool,0.05,north,1.8,0.6,0.75,5.8,35.858,39.423,0.0595,23.661
Chennai,13.0827,80.2707,warm_humid,3.0,3.0,2.6,45.0,brick,0.23,brick,0.115,xps,0.05,east,0.9,1.2,0.85,1.6,35.335,38.162,0.0893,23.605
Chennai,13.0827,80.2707,warm_humid,3.0,3.0,2.6,135.0,brick,0.23,puf_sandwich_panel,0.1,sheep_wool,0.1,west,0.9,1.5,0.35,5.8,34.38,36.638,0.1012,23.609
Chennai,13.0827,80.2707,warm_humid,3.0,3.0,2.6,0.0,gi_sheet,0.002,rcc_slab,0.1,xps,0.05,south,1.8,1.2,0.75,3.5,36.67,41.998,0.0536,23.673
Chennai,13.0827,80.2707,warm_humid,3.0,3.0,2.6,0.0,aerated_concrete,0.3,rcc_slab,0.2,xps,0.05,east,1.5,1.5,0.45,3.5,35.656,38.601,0.0774,23.618
Chennai,13.0827,80.2707,warm_humid,3.0,3.0,2.6,180.0,stone,0.3,timber,0.15,mineral_wool,0.1,north,1.5,1.2,0.65,5.8,34.092,36.497,0.2083,23.597
Chennai,13.0827,80.2707,warm_humid,3.0,3.0,2.6,135.0,mud_brick,0.15,timber,0.1,eps,0.05,west,0.6,1.5,0.85,2.0,35.817,38.823,0.0714,23.619
Chennai,13.0827,80.2707,warm_humid,3.0,3.0,2.6,45.0,rammed_earth,0.15,aerated_concrete,0.2,mineral_wool,0.05,north,0.9,1.5,0.65,1.2,35.811,38.8,0.0714,23.619
Chennai,13.0827,80.2707,warm_humid,3.0,3.0,2.6,45.0,stone,0.3,rcc_slab,0.1,mineral_wool,0.15,south,0.6,0.9,0.65,1.2,32.97,35.081,0.244,23.595
Chennai,13.0827,80.2707,warm_humid,3.0,3.0,2.6,45.0,stone,0.15,mud_brick,0.15,eps,0.2,west,0.9,0.6,0.85,1.2,33.87,35.938,0.2024,23.606
Chennai,13.0827,80.2707,warm_humid,3.0,3.0,2.6,0.0,puf_sandwich_panel,0.075,concrete,0.1,eps,0.025,north,1.5,1.2,0.75,1.2,37.091,42.422,0.0536,23.682
Chennai,13.0827,80.2707,warm_humid,3.0,3.0,2.6,45.0,plywood,0.019,timber,0.15,eps,0.2,south,1.8,0.6,0.35,5.8,34.562,37.62,0.0595,23.705
Chennai,13.0827,80.2707,warm_humid,3.0,3.0,2.6,90.0,mud_brick,0.3,aerated_concrete,0.2,mineral_wool,0.15,east,1.8,1.5,0.85,5.8,35.042,37.526,0.0952,23.602
Chennai,13.0827,80.2707,warm_humid,3.0,3.0,2.6,0.0,puf_sandwich_panel,0.05,puf_sandwich_panel,0.05,sheep_wool,0.05,west,1.8,1.2,0.75,1.6,36.406,43.018,0.0536,23.775
Chennai,13.0827,80.2707,warm_humid,3.0,3.0,2.6,0.0,brick,0.23,gi_sheet,0.002,sheep_wool,0.05,south,1.5,1.5,0.55,1.6,35.655,38.419,0.0774,23.609
Chennai,13.0827,80.2707,warm_humid,3.0,3.0,2.6,135.0,aerated_concrete,0.1,rcc_slab,0.15,mineral_wool,0.1,north,1.8,0.9,0.65,2.6,35.65,38.526,0.0655,23.641
Chennai,13.0827,80.2707,warm_humid,3.0,3.0,2.6,0.0,rammed_earth,0.45,rcc_slab,0.25,eps,0.15,south,0.9,0.6,0.45,2.6,32.38,34.345,0.3571,23.594
Chennai,13.0827,80.2707,warm_humid,3.0,3.0,2.6,45.0,concrete,0.2,gi_sheet,0.002,xps,0.05,north,0.9,1.2,0.55,1.2,35.275,38.063,0.0833,23.607
Chennai,13.0827,80.2707,warm_humid,3.0,3.0,2.6,45.0,puf_sandwich_panel,0.075,brick,0.115,mineral_wool,0.1,south,1.2,1.2,0.45,2.6,34.778,37.447,0.0655,23.678
Chennai,13.0827,80.2707,warm_humid,3.0,3.0,2.6,135.0,plywood,0.012,aerated_concrete,0.1,sheep_wool,0.05,north,0.6,1.2,0.65,3.5,36.118,41.552,0.0536,23.73
Chennai,13.0827,80.2707,warm_humid,3.0,3.0,2.6,135.0,brick,0.23,aerated_concrete,0.1,sheep_wool,0.15,south,0.6,1.2,0.55,1.2,33.956,36.064,0.1964,23.607
Chennai,13.0827,80.2707,warm_humid,3.0,3.0,2.6,135.0,aerated_concrete,0.1,brick,0.115,xps,0.1,north,0.9,0.9,0.75,2.6,35.137,37.791,0.0655,23.653
Chennai,13.0827,80.2707,warm_humid,3.0,3.0,2.6,45.0,stone,0.45,timber,0.15,mineral_wool,0.05,north,0.6,0.6,0.75,2.0,33.063,35.554,0.2679,23.591
Chennai,13.0827,80.2707,warm_humid,3.0,3.0,2.6,90.0,rammed_earth,0.15,gi_sheet,0.002,eps,0.1,east,1.8,1.5,0.85,1.6,36.405,39.43,0.0714,23.624
Chennai,13.0827,80.2707,warm_humid,3.0,3.0,2.6,135.0,concrete,0.1,puf_sandwich_panel,0.075,mineral_wool,0.05,east,0.9,1.5,0.65,2.0,35.765,38.76,0.0714,23.628
Chennai,13.0827,80.2707,warm_humid,3.0,3.0,2.6,45.0,brick,0.115,brick,0.115,sheep_wool,0.05,north,1.2,1.5,0.45,2.6,36.318,39.706,0.0714,23.621
Chennai,13.0827,80.2707,warm_humid,3.0,3.0,2.6,135.0,stone,0.45,brick,0.23,none,0.0,south,1.8,0.6,0.85,2.0,36.462,40.235,0.0833,23.59
Chennai,13.0827,80.2707,warm_humid,3.0,3.0,2.6,45.0,mud_brick,0.3,rcc_slab,0.1,mineral_wool,0.15,east,1.2,0.6,0.45,2.0,33.23,35.212,0.2262,23.6
Chennai,13.0827,80.2707,warm_humid,3.0,3.0,2.6,135.0,brick,0.345,aerated_concrete,0.1,eps,0.2,north,1.2,1.5,0.45,3.5,33.728,35.966,0.2143,23.6
Chennai,13.0827,80.2707,warm_humid,3.0,3.0,2.6,90.0,plywood,0.012,rcc_slab,0.1,sheep_wool,0.05,east,1.5,1.5,0.65,1.6,36.881,42.246,0.0536,23.679
Chennai,13.0827,80.2707,warm_humid,3.0,3.0,2.6,90.0,puf_sandwich_panel,0.15,gi_sheet,0.002,xps,0.05,south,1.5,1.2,0.65,2.0,35.93,41.425,0.0536,23.755
Chennai,13.0827,80.2707,warm_humid,3.0,3.0,2.6,180.0,timber,0.1,rcc_slab,0.25,sheep_wool,0.05,east,0.9,1.2,0.55,1.6,35.397,38.211,0.0714,23.628
Chennai,13.0827,80.2707,warm_humid,3.0,3.0,2.6,135.0,rammed_earth,0.15,brick,0.115,mineral_wool,0.1,west,1.8,0.6,0.75,1.6,35.397,38.195,0.0833,23.615
Chennai,13.0827,80.2707,warm_humid,3.0,3.0,2.6,45.0,aerated_concrete,0.3,gi_sheet,0.002,eps,0.025,east,0.9,0.9,0.55,1.6,35.6,38.675,0.0655,23.637
Chennai,13.0827,80.2707,warm_humid,3.0,3.0,2.6,0.0,brick,0.345,puf_sandwich_panel,0.1,mineral_wool,0.1,west,1.5,0.9,0.75,1.6,34.005,36.395,0.2083,23.6
Chennai,13.0827,80.2707,warm_humid,3.0,3.0,2.6,45.0,mud_brick,0.3,puf_sandwich_panel,0.075,xps,0.15,east,1.2,0.9,0.65,2.6,33.691,35.787,0.2083,23.603
Chennai,13.0827,80.2707,warm_humid,3.0,3.0,2.6,90.0,brick,0.23,rcc_slab,0.1,mineral_wool,0.1,south,1.2,1.5,0.75,1.6,35.127,37.893,0.0952,23.605
Chennai,13.0827,80.2707,warm_humid,3.0,3.0,2.6,45.0,gi_sheet,0.002,concrete,0.2,xps,0.15,east,0.6,1.5,0.85,2.0,35.298,38.069,0.0655,23.644
Chennai,13.0827,80.2707,warm_humid,3.0,3.0,2.6,135.0,timber,0.2,puf_sandwich_panel,0.05,eps,0.1,north,1.2,0.6,0.85,1.2,34.744,36.982,0.0714,23.652
Chennai,13.0827,80.2707,warm_humid,3.0,3.0,2.6,180.0,puf_sandwich_panel,0.075,puf_sandwich_panel,0.075,sheep_wool,0.1,north,0.9,0.6,0.85,2.0,34.379,37.388,0.0536,23.768
Chennai,13.0827,80.2707,warm_humid,3.0,3.0,2.6,90.0,aerated_concrete,0.1,timber,0.1,sheep_wool,0.1,north,0.9,1.5,0.65,2.0,35.974,39.684,0.0595,23.676
Chennai,13.0827,80.2707,warm_humid,3.0,3.0,2.6,45.0,stone,0.45,rcc_slab,0.1,mineral_wool,0.05,north,1.8,1.5,0.35,2.6,34.053,37.048,0.2202,23.592
Chennai,13.0827,80.2707,warm_humid,3.0,3.0,2.6,135.0,aerated_concrete,0.3,brick,0.115,sheep_wool,0.1,south,1.8,0.9,0.85,1.6,35.655,38.534,0.0714,23.626
Chennai,13.0827,80.2707,warm_humid,3.0,3.0,2.6,135.0,mud_brick,0.15,brick,0.115,mineral_wool,0.1,west,1.8,1.5,0.65,2.6,36.788,40.481,0.0714,23.615
Chennai,13.0827,80.2707,warm_humid,3.0,3.0,2.6,45.0,aerated_concrete,0.1,stone,0.15,eps,0.15,north,1.5,0.9,0.85,1.6,35.956,39.057,0.0655,23.638
Chennai,13.0827,80.2707,warm_humid,3.0,3.0,2.6,135.0,mud_brick,0.15,concrete,0.15,mineral_wool,0.05,south,1.5,1.5,0.55,2.6,35.912,38.972,0.0774,23.612
Chennai,13.0827,80.2707,warm_humid,3.0,3.0,2.6,90.0,concrete,0.3,gi_sheet,0.002,mineral_wool,0.15,west,1.8,0.9,0.45,1.2,33.839,36.199,0.2143,23.599
Chennai,13.0827,80.2707,warm_humid,3.0,3.0,2.6,45.0,concrete,0.3,puf_sandwich_panel,0.1,xps,0.05,south,0.9,0.9,0.45,2.0,33.821,36.042,0.2083,23.599
Chennai,13.0827,80.2707,warm_humid,3.0,3.0,2.6,0.0,plywood,0.012,rcc_slab,0.1,eps,0.15,south,0.6,0.6,0.35,2.0,34.502,37.043,0.0655,23.677
Chennai,13.0827,80.2707,warm_humid,3.0,3.0,2.6,45.0,brick,0.115,aerated_concrete,0.2,mineral_wool,0.15,south,1.5,0.9,0.45,1.2,34.595,36.753,0.0833,23.623
Chennai,13.0827,80.2707,warm_humid,3.0,3.0,2.6,135.0,brick,0.115,timber,0.15,mineral_wool,0.05,east,0.6,1.2,0.35,2.6,35.228,37.87,0.0714,23.625
Chennai,13.0827,80.2707,warm_humid,3.0,3.0,2.6,0.0,gi_sheet,0.002,concrete,0.15,sheep_wool,0.15,north,0.9,1.5,0.85,1.2,36.065,39.766,0.0595,23.655
Chennai,13.0827,80.2707,warm_humid,3.0,3.0,2.6,135.0,timber,0.1,gi_sheet,0.002,eps,0.05,south,0.6,0.9,0.75,2.6,35.454,39.256,0.0595,23.683
Chennai,13.0827,80.2707,warm_humid,3.0,3.0,2.6,45.0,rammed_earth,0.45,gi_sheet,0.002,eps,0.1,north,1.2,0.9,0.45,1.2,33.385,35.715,0.2262,23.596
Chennai,13.0827,80.2707,warm_humid,3.0,3.0,2.6,45.0,concrete,0.2,timber,0.15,xps,0.1,west,1.2,1.5,0.85,2.0,35.315,38.123,0.0893,23.607
Chennai,13.0827,80.2707,warm_humid,3.0,3.0,2.6,180.0,rammed_earth,0.15,gi_sheet,0.002,eps,0.15,north,1.5,1.2,0.65,2.6,35.082,37.411,0.0774,23.623
Chennai,13.0827,80.2707,warm_humid,3.0,3.0,2.6,0.0,stone,0.3,rcc_slab,0.15,xps,0.1,north,0.6,0.9,0.35,1.6,33.046,35.21,0.2381,23.595
Chennai,13.0827,80.2707,warm_humid,3.0,3.0,2.6,45.0,concrete,0.15,stone,0.15,eps,0.15,west,1.2,1.2,0.85,1.6,34.952,37.553,0.0952,23.607
Chennai,13.0827,80.2707,warm_humid,3.0,3.0,2.6,180.0,stone,0.45,concrete,0.1,eps,0.05,east,0.9,1.5,0.55,1.6,33.621,36.438,0.2321,23.591
Chennai,13.0827,80.2707,warm_humid,3.0,3.0,2.6,180.0,mud_brick,0.3,timber,0.1,xps,0.1,east,1.5,1.5,0.65,3.5,34.785,37.436,0.1071,23.603
Chennai,13.0827,80.2707,warm_humid,3.0,3.0,2.6,0.0,rammed_earth,0.45,timber,0.15,mineral_wool,0.15,north,1.8,1.2,0.45,1.2,33.525,35.983,0.2262,23.596
Chennai,13.0827,80.2707,warm_humid,3.0,3.0,2.6,180.0,concrete,0.3,aerated_concrete,0.2,mineral_wool,0.05,south,0.6,1.2,0.35,3.5,34.059,36.485,0.2083,23.598
Chennai,13.0827,80.2707,warm_humid,3.0,3.0,2.6,135.0,plywood,0.019,gi_sheet,0.002,xps,0.1,south,0.6,1.5,0.65,2.6,35.504,40.131,0.0536,23.742
Chennai,13.0827,80.2707,warm_humid,3.0,3.0,2.6,45.0,concrete,0.3,concrete,0.15,mineral_wool,0.05,south,1.2,0.6,0.65,2.0,34.227,36.792,0.2083,23.597
Chennai,13.0827,80.2707,warm_humid,3.0,3.0,2.6,0.0,mud_brick,0.3,timber,0.15,eps,0.2,west,1.5,1.2,0.35,1.2,33.464,35.493,0.2143,23.602
Chennai,13.0827,80.2707,warm_humid,3.0,3.0,2.6,45.0,mud_brick,0.15,brick,0.115,xps,0.15,east,0.9,0.9,0.85,1.2,34.497,36.678,0.0952,23.614
Chennai,13.0827,80.2707,warm_humid,3.0,3.0,2.6,180.0,timber,0.1,puf_sandwich_panel,0.1,eps,0.15,south,1.2,1.5,0.75,5.8,35.868,39.817,0.0595,23.685
Chennai,13.0827,80.2707,warm_humid,3.0,3.0,2.6,180.0,plywood,0.03,aerated_concrete,0.2,xps,0.1,west,1.5,0.6,0.85,3.5,35.886,39.794,0.0536,23.695
Chennai,13.0827,80.2707,warm_humid,3.0,3.0,2.6,0.0,stone,0.15,stone,0.3,sheep_wool,0.1,west,0.9,1.2,0.85,5.8,34.504,37.023,0.1905,23.601
Chennai,13.0827,80.2707,warm_humid,3.0,3.0,2.6,0.0,brick,0.345,puf_sandwich_panel,0.15,eps,0.15,north,1.8,1.2,0.45,5.8,33.983,36.274,0.2024,23.6
Chennai,13.0827,80.2707,warm_humid,3.0,3.0,2.6,90.0,mud_brick,0.45,gi_sheet,0.002,mineral_wool,0.15,north,0.9,1.2,0.65,3.5,33.342,35.782,0.2321,23.596
Chennai,13.0827,80.2707,warm_humid,3.0,3.0,2.6,0.0,rammed_earth,0.3,mud_brick,0.25,xps,0.15,east,1.8,0.6,0.65,5.8,33.802,36.162,0.2143,23.599
Chennai,13.0827,80.2707,warm_humid,3.0,3.0,2.6,45.0,plywood,0.03,stone,0.3,sheep_wool,0.15,north,1.5,1.2,0.65,1.2,35.889,38.926,0.0714,23.625
Chennai,13.0827,80.2707,warm_humid,3.0,3.0,2.6,90.0,plywood,0.03,brick,0.23,mineral_wool,0.15,west,1.2,0.9,0.55,1.6,34.945,37.41,0.0714,23.643
Chennai,13.0827,80.2707,warm_humid,3.0,3.0,2.6,90.0,aerated_concrete,0.2,stone,0.15,sheep_wool,0.1,west,1.5,1.5,0.45,2.6,35.321,37.966,0.0714,23.628
Chennai,13.0827,80.2707,warm_humid,3.0,3.0,2.6,180.0,mud_brick,0.45,aerated_concrete,0.2,eps,0.1,west,0.9,0.6,0.55,1.2,32.881,35.081,0.2857,23.595
Chennai,13.0827,80.2707,warm_humid,3.0,3.0,2.6,90.0,aerated_concrete,0.1,stone,0.3,xps,0.15,north,1.2,0.6,0.35,2.0,33.938,35.779,0.1012,23.619
Chennai,13.0827,80.2707,warm_humid,3.0,3.0,2.6,180.0,gi_sheet,0.002,rcc_slab,0.25,mineral_wool,0.05,north,1.5,1.5,0.35,2.0,35.991,39.438,0.0655,23.636
Chennai,13.0827,80.2707,warm_humid,3.0,3.0,2.6,45.0,brick,0.23,rcc_slab,0.25,eps,0.1,south,1.8,1.2,0.85,3.5,35.155,37.9,0.0952,23.602
Chennai,13.0827,80.2707,warm_humid,3.0,3.0,2.6,180.0,stone,0.15,concrete,0.15,xps,0.15,north,0.6,1.2,0.55,2.0,33.976,36.091,0.1964,23.605
Chennai,13.0827,80.2707,warm_humid,3.0,3.0,2.6,0.0,puf_sandwich_panel,0.15,gi_sheet,0.002,eps,0.025,west,1.5,0.9,0.85,2.0,36.502,43.132,0.0536,23.757
Chennai,13.0827,80.2707,warm_humid,3.0,3.0,2.6,45.0,timber,0.15,aerated_concrete,0.2,mineral_wool,0.1,north,0.6,1.5,0.35,2.0,34.54,36.741,0.0714,23.649
Chennai,13.0827,80.2707,warm_humid,3.0,3.0,2.6,0.0,stone,0.3,mud_brick,0.25,mineral_wool,0.05,west,1.2,1.5,0.75,1.6,34.635,37.552,0.2024,23.595
Chennai,13.0827,80.2707,warm_humid,3.0,3.0,2.6,90.0,aerated_concrete,0.3,mud_brick,0.25,xps,0.1,north,1.2,0.6,0.85,1.2,34.571,36.862,0.0952,23.617
Chennai,13.0827,80.2707,warm_humid,3.0,3.0,2.6,180.0,timber,0.15,stone,0.15,eps,0.1,south,1.2,0.9,0.85,2.6,35.257,37.838,0.0714,23.631
Chennai,13.0827,80.2707,warm_humid,3.0,3.0,2.6,135.0,plywood,0.05,concrete,0.1,sheep_wool,0.1,south,1.2,1.2,0.65,1.2,35.767,39.401,0.0595,23.666
Chennai,13.0827,80.2707,warm_humid,3.0,3.0,2.6,45.0,concrete,0.2,timber,0.1,sheep_wool,0.1,west,1.8,1.5,0.35,2.0,34.864,37.371,0.0893,23.608
Chennai,13.0827,80.2707,warm_humid,3.0,3.0,2.6,180.0,gi_sheet,0.002,stone,0.3,sheep_wool,0.1,west,0.9,0.9,0.75,1.2,35.609,38.5,0.0714,23.625
Chennai,13.0827,80.2707,warm_humid,3.0,3.0,2.6,90.0,gi_sheet,0.002,timber,0.15,sheep_wool,0.1,south,1.8,0.6,0.85,5.8,35.877,40.9,0.0536,23.703
Chennai,13.0827,80.2707,warm_humid,3.0,3.0,2.6,180.0,plywood,0.012,gi_sheet,0.002,sheep_wool,0.05,north,1.2,0.9,0.35,1.6,36.063,41.963,0.0655,23.754
Chennai,13.0827,80.2707,warm_humid,3.0,3.0,2.6,90.0,aerated_concrete,0.1,concrete,0.1,mineral_wool,0.15,east,1.2,0.6,0.35,2.6,34.224,36.181,0.0774,23.649
Chennai,13.0827,80.2707,warm_humid,3.0,3.0,2.6,45.0,puf_sandwich_panel,0.15,stone,0.15,mineral_wool,0.1,south,1.5,1.2,0.75,1.6,35.398,38.107,0.0655,23.652
Chennai,13.0827,80.2707,warm_humid,3.0,3.0,2.6,180.0,stone,0.15,mud_brick,0.15,xps,0.15,north,1.5,1.2,0.75,1.6,34.939,37.39,0.0952,23.607
Chennai,13.0827,80.2707,warm_humid,3.0,3.0,2.6,180.0,gi_sheet,0.002,concrete,0.2,sheep_wool,0.05,east,0.6,1.2,0.85,1.2,36.211,40.223,0.0595,23.645
Chennai,13.0827,80.2707,warm_humid,3.0,3.0,2.6,45.0,gi_sheet,0.002,aerated_concrete,0.1,mineral_wool,0.05,south,0.9,1.2,0.45,2.0,35.843,41.177,0.0536,23.714
Chennai,13.0827,80.2707,warm_humid,3.0,3.0,2.6,0.0,gi_sheet,0.002,rcc_slab,0.2,mineral_wool,0.05,north,0.6,0.6,0.75,1.6,35.621,39.086,0.0655,23.644
Chennai,13.0827,80.2707,warm_humid,3.0,3.0,2.6,0.0,puf_sandwich_panel,0.075,brick,0.115,sheep_wool,0.1,south,1.8,0.6,0.65,2.0,34.887,37.575,0.0655,23.682
Chennai,13.0827,80.2707,warm_humid,3.0,3.0,2.6,45.0,brick,0.115,brick,0.23,sheep_wool,0.05,south,1.2,0.9,0.35,5.8,35.313,38.028,0.0774,23.614
Chennai,13.0827,80.2707,warm_humid,3.0,3.0,2.6,135.0,gi_sheet,0.002,gi_sheet,0.002,mineral_wool,0.15,south,1.2,1.5,0.75,1.2,36.511,42.241,0.0536,23.721
Chennai,13.0827,80.2707,warm_humid,3.0,3.0,2.6,135.0,stone,0.3,timber,0.15,eps,0.025,east,1.8,0.6,0.75,2.6,34.927,37.76,0.131,23.596
Chennai,13.0827,80.2707,warm_humid,3.0,3.0,2.6,135.0,plywood,0.03,stone,0.3,mineral_wool,0.15,west,1.2,1.5,0.65,2.6,35.849,38.883,0.0714,23.623
Chennai,13.0827,80.2707,warm_humid,3.0,3.0,2.6,180.0,stone,0.15,puf_sandwich_panel,0.15,mineral_wool,0.1,east,1.2,0.6,0.75,3.5,34.482,36.736,0.0952,23.61
Chennai,13.0827,80.2707,warm_humid,3.0,3.0,2.6,135.0,rammed_earth,0.3,rcc_slab,0.15,eps,0.15,north,1.8,0.6,0.85,5.8,34.043,36.402,0.2024,23.6
Chennai,13.0827,80.2707,warm_humid,3.0,3.0,2.6,0.0,aerated_concrete,0.1,stone,0.15,none,0.0,south,1.8,0.6,0.65,1.2,38.483,45.968,0.0536,23.638
Chennai,13.0827,80.2707,warm_humid,3.0,3.0,2.6,135.0,stone,0.3,puf_sandwich_panel,0.15,xps,0.1,north,0.6,0.6,0.45,1.6,33.05,35.09,0.2381,23.596
Chennai,13.0827,80.2707,warm_humid,3.0,3.0,2.6,180.0,plywood,0.03,gi_sheet,0.002,sheep_wool,0.15,north,0.9,0.6,0.75,2.6,34.931,38.337,0.0536,23.731
Chennai,13.0827,80.2707,warm_humid,3.0,3.0,2.6,90.0,plywood,0.019,mud_brick,0.25,xps,0.1,east,1.5,1.2,0.55,2.0,35.379,38.123,0.0655,23.644
Chennai,13.0827,80.2707,warm_humid,3.0,3.0,2.6,180.0,puf_sandwich_panel,0.15,concrete,0.2,none,0.0,south,0.6,1.2,0.55,1.6,37.728,43.647,0.0595,23.648
Chennai,13.0827,80.2707,warm_humid,3.0,3.0,2.6,45.0,puf_sandwich_panel,0.05,concrete,0.1,xps,0.05,east,1.2,0.6,0.75,2.6,35.278,38.534,0.0595,23.682
Chennai,13.0827,80.2707,warm_humid,3.0,3.0,2.6,90.0,gi_sheet,0.002,stone,0.3,mineral_wool,0.1,north,1.2,0.6,0.75,2.6,35.275,37.917,0.0714,23.624
Chennai,13.0827,80.2707,warm_humid,3.0,3.0,2.6,90.0,plywood,0.05,aerated_concrete,0.1,eps,0.2,north,1.2,0.9,0.65,5.8,35.321,38.689,0.0595,23.699
Chennai,13.0827,80.2707,warm_humid,3.0,3.0,2.6,135.0,brick,0.345,concrete,0.1,eps,0.2,west,0.9,1.2,0.85,1.2,33.975,36.658,0.2143,23.598
Chennai,13.0827,80.2707,warm_humid,3.0,3.0,2.6,180.0,brick,0.345,mud_brick,0.15,xps,0.15,north,1.5,0.9,0.55,1.6,33.395,35.539,0.2262,23.598
Chennai,13.0827,80.2707,warm_humid,3.0,3.0,2.6,0.0,aerated_concrete,0.1,aerated_concrete,0.1,sheep_wool,0.15,west,0.9,0.6,0.35,5.8,34.311,36.636,0.0655,23.675
Chennai,13.0827,80.2707,warm_humid,3.0,3.0,2.6,45.0,gi_sheet,0.002,rcc_slab,0.15,eps,0.2,east,0.6,1.2,0.75,3.5,34.973,37.662,0.0655,23.655
Chennai,13.0827,80.2707,warm_humid,3.0,3.0,2.6,135.0,stone,0.15,aerated_concrete,0.1,eps,0.2,south,1.5,1.2,0.85,1.2,35.451,38.289,0.0833,23.61
Chennai,13.0827,80.2707,warm_humid,3.0,3.0,2.6,135.0,plywood,0.012,puf_sandwich_panel,0.05,sheep_wool,0.15,north,1.2,0.6,0.45,1.6,35.061,38.763,0.0536,23.757
Chennai,13.0827,80.2707,warm_humid,3.0,3.0,2.6,45.0,rammed_earth,0.45,puf_sandwich_panel,0.05,eps,0.15,west,1.8,1.2,0.35,1.6,33.213,35.376,0.2321,23.597
Chennai,13.0827,80.2707,warm_humid,3.0,3.0,2.6,90.0,gi_sheet,0.002,gi_sheet,0.002,xps,0.15,east,1.2,0.9,0.75,2.0,35.476,39.904,0.0536,23.73
Chennai,13.0827,80.2707,warm_humid,3.0,3.0,2.6,90.0,timber,0.1,concrete,0.15,none,0.0,east,0.6,1.5,0.75,2.6,38.374,45.559,0.0536,23.641
Chennai,13.0827,80.2707,warm_humid,3.0,3.0,2.6,180.0,aerated_concrete,0.3,puf_sandwich_panel,0.05,mineral_wool,0.1,north,0.6,1.5,0.55,1.6,34.209,36.047,0.0774,23.636
Chennai,13.0827,80.2707,warm_humid,3.0,3.0,2.6,90.0,brick,0.23,mud_brick,0.25,xps,0.15,east,1.8,0.9,0.45,1.2,33.791,35.882,0.2083,23.602
Chennai,13.0827,80.2707,warm_humid,3.0,3.0,2.6,45.0,mud_brick,0.3,rcc_slab,0.15,eps,0.2,west,1.8,1.5,0.45,5.8,34.082,36.407,0.2024,23.6
Chennai,13.0827,80.2707,warm_humid,3.0,3.0,2.6,135.0,aerated_concrete,0.2,concrete,0.15,sheep_wool,0.1,south,1.8,0.9,0.55,2.6,35.118,37.707,0.0774,23.63
Chennai,13.0827,80.2707,warm_humid,3.0,3.0,2.6,135.0,brick,0.115,aerated_concrete,0.2,eps,0.2,west,1.5,1.5,0.35,2.0,35.272,37.908,0.0774,23.625
Chennai,13.0827,80.2707,warm_humid,3.0,3.0,2.6,0.0,puf_sandwich_panel,0.075,brick,0.115,eps,0.05,east,0.9,0.9,0.65,1.6,35.505,38.95,0.0595,23.683
Chennai,13.0827,80.2707,warm_humid,3.0,3.0,2.6,135.0,aerated_concrete,0.1,timber,0.1,sheep_wool,0.05,south,1.2,0.6,0.35,2.0,35.236,38.666,0.0595,23.676
Chennai,13.0827,80.2707,warm_humid,3.0,3.0,2.6,90.0,stone,0.15,mud_brick,0.15,eps,0.025,south,1.8,0.9,0.45,3.5,35.96,39.106,0.0774,23.607
Chennai,13.0827,80.2707,warm_humid,3.0,3.0,2.6,45.0,brick,0.345,puf_sandwich_panel,0.15,eps,0.15,north,0.9,0.6,0.85,5.8,33.379,35.503,0.2262,23.6
Chennai,13.0827,80.2707,warm_humid,3.0,3.0,2.6,90.0,gi_sheet,0.002,stone,0.3,sheep_wool,0.1,west,0.6,0.6,0.65,2.0,34.831,37.24,0.0774,23.625
Chennai,13.0827,80.2707,warm_humid,3.0,3.0,2.6,45.0,concrete,0.2,stone,0.15,xps,0.15,west,1.8,0.6,0.75,1.6,34.097,36.424,0.2024,23.602
Chennai,13.0827,80.2707,warm_humid,3.0,3.0,2.6,45.0,brick,0.345,stone,0.15,sheep_wool,0.15,west,0.6,0.6,0.55,2.6,32.891,34.893,0.25,23.597
Chennai,13.0827,80.2707,warm_humid,3.0,3.0,2.6,135.0,rammed_earth,0.45,mud_brick,0.15,mineral_wool,0.15,east,0.6,1.2,0.55,3.5,32.714,34.768,0.3333,23.595
Chennai,13.0827,80.2707,warm_humid,3.0,3.0,2.6,90.0,puf_sandwich_panel,0.1,aerated_concrete,0.2,mineral_wool,0.05,west,1.2,0.6,0.75,1.2,34.948,38.074,0.0595,23.707
Chennai,13.0827,80.2707,warm_humid,3.0,3.0,2.6,0.0,aerated_concrete,0.1,gi_sheet,0.002,none,0.0,north,1.2,1.5,0.65,3.5,39.232,51.63,0.0833,23.688
Chennai,13.0827,80.2707,warm_humid,3.0,3.0,2.6,135.0,puf_sandwich_panel,0.075,stone,0.15,xps,0.05,south,0.6,0.9,0.45,3.5,34.526,36.884,0.0714,23.655
Chennai,13.0827,80.2707,warm_humid,3.0,3.0,2.6,180.0,plywood,0.012,mud_brick,0.25,eps,0.025,west,1.8,1.5,0.65,1.6,38.163,43.932,0.0536,23.646
Chennai,13.0827,80.2707,warm_humid,3.0,3.0,2.6,0.0,brick,0.345,rcc_slab,0.1,eps,0.1,west,1.5,0.9,0.85,1.2,34.243,36.867,0.2083,23.598
Chennai,13.0827,80.2707,warm_humid,3.0,3.0,2.6,0.0,mud_brick,0.45,rcc_slab,0.1,mineral_wool,0.15,south,0.9,1.5,0.75,1.2,33.13,35.421,0.2381,23.595
Chennai,13.0827,80.2707,warm_humid,3.0,3.0,2.6,180.0,aerated_concrete,0.1,rcc_slab,0.15,none,0.0,west,1.2,1.5,0.45,5.8,38.552,46.413,0.0536,23.643
Chennai,13.0827,80.2707,warm_humid,3.0,3.0,2.6,90.0,timber,0.15,mud_brick,0.25,eps,0.1,south,1.8,1.2,0.85,3.5,36.053,39.254,0.0714,23.627
Chennai,13.0827,80.2707,warm_humid,3.0,3.0,2.6,45.0,stone,0.45,timber,0.1,eps,0.2,west,1.8,0.6,0.75,2.0,32.611,34.963,0.3571,23.591
Chennai,13.0827,80.2707,warm_humid,3.0,3.0,2.6,0.0,timber,0.1,stone,0.3,xps,0.1,east,1.8,0.9,0.65,5.8,35.422,38.188,0.0774,23.619
Chennai,13.0827,80.2707,warm_humid,3.0,3.0,2.6,0.0,concrete,0.2,aerated_concrete,0.2,sheep_wool,0.15,west,1.8,1.2,0.75,2.0,35.261,38.037,0.0893,23.606
Chennai,13.0827,80.2707,warm_humid,3.0,3.0,2.6,135.0,aerated_concrete,0.3,concrete,0.2,xps,0.1,west,0.9,1.5,0.75,2.0,35.33,38.09,0.0833,23.617
Chennai,13.0827,80.2707,warm_humid,3.0,3.0,2.6,45.0,puf_sandwich_panel,0.075,aerated_concrete,0.1,xps,0.1,east,0.9,1.5,0.65,1.6,35.337,38.863,0.0536,23.732
Chennai,13.0827,80.2707,warm_humid,3.0,3.0,2.6,0.0,aerated_concrete,0.2,aerated_concrete,0.1,eps,0.025,west,1.5,0.9,0.65,2.0,35.964,39.653,0.0655,23.65
Chennai,13.0827,80.2707,warm_humid,3.0,3.0,2.6,135.0,mud_brick,0.15,puf_sandwich_panel,0.075,sheep_wool,0.05,south,1.8,0.6,0.55,1.2,35.162,37.734,0.0774,23.621
Chennai,13.0827,80.2707,warm_humid,3.0,3.0,2.6,90.0,plywood,0.019,gi_sheet,0.002,sheep_wool,0.15,west,0.6,0.9,0.85,3.5,35.2,39.212,0.0536,23.741
Chennai,13.0827,80.2707,warm_humid,3.0,3.0,2.6,135.0,brick,0.115,rcc_slab,0.25,sheep_wool,0.1,west,0.9,1.2,0.75,3.5,35.48,38.366,0.0833,23.611
Chennai,13.0827,80.2707,warm_humid,3.0,3.0,2.6,90.0,mud_brick,0.15,puf_sandwich_panel,0.075,mineral_wool,0.05,south,0.6,1.5,0.35,2.0,34.706,36.996,0.0833,23.62
Chennai,13.0827,80.2707,warm_humid,3.0,3.0,2.6,180.0,rammed_earth,0.3,gi_sheet,0.002,sheep_wool,0.1,west,1.5,1.2,0.85,2.6,35.776,39.084,0.0893,23.604
Chennai,13.0827,80.2707,warm_humid,3.0,3.0,2.6,180.0,puf_sandwich_panel,0.05,aerated_concrete,0.2,eps,0.15,south,1.5,0.9,0.75,1.2,35.501,39.09,0.0595,23.709
Chennai,13.0827,80.2707,warm_humid,3.0,3.0,2.6,45.0,gi_sheet,0.002,stone,0.3,sheep_wool,0.05,west,0.6,1.5,0.35,1.6,35.468,38.486,0.0714,23.625
Chennai,13.0827,80.2707,warm_humid,3.0,3.0,2.6,0.0,concrete,0.2,concrete,0.15,xps,0.1,south,1.2,0.6,0.85,2.6,34.121,36.338,0.1964,23.603
Chennai,13.0827,80.2707,warm_humid,3.0,3.0,2.6,135.0,puf_sandwich_panel,0.05,mud_brick,0.15,xps,0.05,north,1.2,1.5,0.85,3.5,36.485,40.564,0.0595,23.671
Chennai,13.0827,80.2707,warm_humid,3.0,3.0,2.6,0.0,aerated_concrete,0.3,mud_brick,0.15,eps,0.2,west,0.6,0.6,0.35,5.8,33.435,34.95,0.125,23.622
Chennai,13.0827,80.2707,warm_humid,3.0,3.0,2.6,180.0,plywood,0.012,timber,0.15,sheep_wool,0.15,east,1.5,0.9,0.65,3.5,35.693,40.171,0.0536,23.712
Chennai,13.0827,80.2707,warm_humid,3.0,3.0,2.6,0.0,gi_sheet,0.002,mud_brick,0.25,eps,0.15,east,1.2,1.5,0.55,5.8,35.8,39.141,0.0655,23.643
Chennai,13.0827,80.2707,warm_humid,3.0,3.0,2.6,90.0,timber,0.1,brick,0.115,eps,0.15,east,0.9,1.5,0.35,2.0,34.467,36.575,0.0714,23.651
Chennai,13.0827,80.2707,warm_humid,3.0,3.0,2.6,45.0,concrete,0.2,gi_sheet,0.002,sheep_wool,0.05,north,1.8,0.9,0.45,2.0,35.643,38.621,0.0833,23.608
Chennai,13.0827,80.2707,warm_humid,3.0,3.0,2.6,180.0,rammed_earth,0.15,brick,0.23,eps,0.05,west,1.5,1.5,0.75,2.6,36.942,40.739,0.0714,23.612
Chennai,13.0827,80.2707,warm_humid,3.0,3.0,2.6,0.0,timber,0.2,gi_sheet,0.002,sheep_wool,0.05,east,1.8,0.6,0.75,1.2,36.073,39.589,0.0595,23.651
Chennai,13.0827,80.2707,warm_humid,3.0,3.0,2.6,0.0,puf_sandwich_panel,0.05,concrete,0.15,xps,0.1,north,0.9,0.9,0.75,3.5,34.843,37.398,0.0655,23.661
Chennai,13.0827,80.2707,warm_humid,3.0,3.0,2.6,180.0,plywood,0.012,timber,0.15,xps,0.1,east,1.2,0.9,0.35,2.6,35.198,38.993,0.0595,23.712
Chennai,13.0827,80.2707,warm_humid,3.0,3.0,2.6,45.0,plywood,0.019,mud_brick,0.25,sheep_wool,0.05,north,1.8,1.2,0.35,1.2,36.258,40.072,0.0595,23.645
Chennai,13.0827,80.2707,warm_humid,3.0,3.0,2.6,90.0,brick,0.23,puf_sandwich_panel,0.15,eps,0.05,west,1.8,0.9,0.45,5.8,34.828,37.249,0.0893,23.609
Chennai,13.0827,80.2707,warm_humid,3.0,3.0,2.6,45.0,puf_sandwich_panel,0.15,brick,0.23,eps,0.025,north,1.8,0.6,0.65,1.6,35.902,39.225,0.0655,23.65
Chennai,13.0827,80.2707,warm_humid,3.0,3.0,2.6,180.0,stone,0.3,aerated_concrete,0.1,xps,0.1,east,1.5,1.5,0.35,5.8,33.929,36.306,0.2083,23.597
Chennai,13.0827,80.2707,warm_humid,3.0,3.0,2.6,45.0,aerated_concrete,0.3,timber,0.1,sheep_wool,0.05,west,1.8,0.6,0.75,5.8,35.185,37.921,0.0714,23.634
Chennai,13.0827,80.2707,warm_humid,3.0,3.0,2.6,0.0,brick,0.23,concrete,0.2,none,0.0,east,1.8,1.5,0.45,2.6,38.444,43.432,0.0655,23.603
Chennai,13.0827,80.2707,warm_humid,3.0,3.0,2.6,0.0,plywood,0.05,mud_brick,0.25,xps,0.1,north,0.9,1.5,0.65,1.2,35.389,38.144,0.0714,23.64
Chennai,13.0827,80.2707,warm_humid,3.0,3.0,2.6,0.0,mud_brick,0.45,puf_sandwich_panel,0.1,mineral_wool,0.05,south,0.6,0.6,0.45,2.0,32.867,34.875,0.25,23.595
Chennai,13.0827,80.2707,warm_humid,3.0,3.0,2.6,90.0,aerated_concrete,0.1,mud_brick,0.15,xps,0.05,south,1.2,0.6,0.75,2.0,35.403,38.459,0.0655,23.647
Chennai,13.0827,80.2707,warm_humid,3.0,3.0,2.6,0.0,aerated_concrete,0.3,mud_brick,0.25,eps,0.05,south,1.5,0.9,0.75,5.8,34.977,37.335,0.0774,23.617
Chennai,13.0827,80.2707,warm_humid,3.0,3.0,2.6,45.0,gi_sheet,0.002,aerated_concrete,0.1,eps,0.05,west,1.2,1.2,0.75,5.8,36.391,43.019,0.0536,23.717
Chennai,13.0827,80.2707,warm_humid,3.0,3.0,2.6,0.0,puf_sandwich_panel,0.075,aerated_concrete,0.2,eps,0.05,south,1.2,1.2,0.45,3.5,34.867,38.112,0.0595,23.711
Chennai,13.0827,80.2707,warm_humid,3.0,3.0,2.6,180.0,stone,0.45,gi_sheet,0.002,xps,0.15,east,0.9,0.9,0.45,1.2,32.397,34.605,0.3631,23.591
Chennai,13.0827,80.2707,warm_humid,3.0,3.0,2.6,180.0,rammed_earth,0.45,rcc_slab,0.25,none,0.0,south,1.2,1.2,0.45,3.5,36.398,40.18,0.0833,23.594
Chennai,13.0827,80.2707,warm_humid,3.0,3.0,2.6,0.0,puf_sandwich_panel,0.1,timber,0.1,mineral_wool,0.1,north,1.5,0.6,0.35,2.6,34.384,37.046,0.0595,23.722
Chennai,13.0827,80.2707,warm_humid,3.0,3.0,2.6,180.0,brick,0.23,concrete,0.1,xps,0.15,south,0.9,1.5,0.45,1.6,34.104,36.376,0.1964,23.605
Chennai,13.0827,80.2707,warm_humid,3.0,3.0,2.6,45.0,brick,0.115,brick,0.23,sheep_wool,0.1,north,0.9,0.6,0.35,1.6,34.53,36.767,0.0893,23.614
Chennai,13.0827,80.2707,warm_humid,3.0,3.0,2.6,90.0,plywood,0.019,timber,0.1,eps,0.1,east,1.8,0.9,0.65,1.6,35.8,40.409,0.0536,23.721
Chennai,13.0827,80.2707,warm_humid,3.0,3.0,2.6,0.0,plywood,0.019,rcc_slab,0.2,xps,0.05,east,0.9,1.5,0.55,1.2,36.225,39.968,0.0595,23.646
Chennai,13.0827,80.2707,warm_humid,3.0,3.0,2.6,45.0,stone,0.15,mud_brick,0.15,xps,0.15,south,1.2,0.9,0.45,1.2,33.973,36.031,0.1964,23.606
Chennai,13.0827,80.2707,warm_humid,3.0,3.0,2.6,135.0,puf_sandwich_panel,0.15,rcc_slab,0.2,xps,0.05,east,1.8,1.2,0.45,1.6,35.225,37.896,0.0714,23.648
Chennai,13.0827,80.2707,warm_humid,3.0,3.0,2.6,45.0,brick,0.23,rcc_slab,0.1,xps,0.15,north,1.2,1.5,0.35,1.6,34.245,36.611,0.1964,23.605
Chennai,13.0827,80.2707,warm_humid,3.0,3.0,2.6,0.0,gi_sheet,0.002,puf_sandwich_panel,0.075,mineral_wool,0.1,south,1.5,0.9,0.85,3.5,35.79,41.124,0.0536,23.732
Chennai,13.0827,80.2707,warm_humid,3.0,3.0,2.6,45.0,stone,0.45,mud_brick,0.15,none,0.0,east,1.5,1.5,0.45,1.2,36.636,40.443,0.0833,23.591
Chennai,13.0827,80.2707,warm_humid,3.0,3.0,2.6,45.0,concrete,0.15,timber,0.15,eps,0.1,south,0.9,0.9,0.35,2.0,34.283,36.352,0.0952,23.612
Chennai,13.0827,80.2707,warm_humid,3.0,3.0,2.6,90.0,aerated_concrete,0.2,gi_sheet,0.002,xps,0.05,west,1.5,1.5,0.65,3.5,36.49,40.636,0.0595,23.656
Chennai,13.0827,80.2707,warm_humid,3.0,3.0,2.6,45.0,brick,0.115,timber,0.15,sheep_wool,0.1,north,1.2,0.6,0.75,2.6,35.221,37.799,0.0774,23.625
Chennai,13.0827,80.2707,warm_humid,3.0,3.0,2.6,135.0,concrete,0.2,timber,0.1,mineral_wool,0.15,east,1.2,1.2,0.65,5.8,34.516,36.816,0.1012,23.606
Chennai,13.0827,80.2707,warm_humid,3.0,3.0,2.6,45.0,mud_brick,0.15,brick,0.23,sheep_wool,0.05,north,0.6,0.6,0.75,3.5,35.027,37.62,0.0893,23.61
Chennai,13.0827,80.2707,warm_humid,3.0,3.0,2.6,45.0,concrete,0.2,puf_sandwich_panel,0.05,xps,0.15,north,0.9,1.2,0.65,2.6,34.476,36.882,0.119,23.607
Chennai,13.0827,80.2707,warm_humid,3.0,3.0,2.6,135.0,aerated_concrete,0.1,aerated_concrete,0.2,xps,0.05,east,1.5,1.2,0.65,1.2,35.98,39.708,0.0595,23.667
Chennai,13.0827,80.2707,warm_humid,3.0,3.0,2.6,90.0,aerated_concrete,0.3,stone,0.15,eps,0.15,south,1.2,1.5,0.65,2.0,34.869,37.239,0.0833,23.62
Chennai,13.0827,80.2707,warm_humid,3.0,3.0,2.6,180.0,concrete,0.3,stone,0.3,eps,0.15,west,1.8,0.9,0.55,1.6,33.809,36.59,0.2202,23.595
Chennai,13.0827,80.2707,warm_humid,3.0,3.0,2.6,0.0,puf_sandwich_panel,0.075,mud_brick,0.15,none,0.0,south,0.9,1.2,0.75,3.5,37.109,42.881,0.0595,23.672
Chennai,13.0827,80.2707,warm_humid,3.0,3.0,2.6,0.0,plywood,0.019,gi_sheet,0.002,none,0.0,east,0.9,1.5,0.85,3.5,39.446,54.288,0.2262,22.93
Chennai,13.0827,80.2707,warm_humid,3.0,3.0,2.6,45.0,plywood,0.012,timber,0.1,sheep_wool,0.05,west,1.8,0.6,0.65,5.8,36.095,42.173,0.0536,23.728
Chennai,13.0827,80.2707,warm_humid,3.0,3.0,2.6,90.0,mud_brick,0.15,puf_sandwich_panel,0.15,mineral_wool,0.05,south,0.6,1.2,0.55,1.6,34.728,37.02,0.0833,23.62
Chennai,13.0827,80.2707,warm_humid,3.0,3.0,2.6,0.0,gi_sheet,0.002,gi_sheet,0.002,mineral_wool,0.1,north,1.2,0.9,0.45,1.6,35.505,40.18,0.0536,23.726
Chennai,13.0827,80.2707,warm_humid,3.0,3.0,2.6,135.0,plywood,0.05,gi_sheet,0.002,eps,0.2,south,1.8,0.6,0.45,5.8,34.715,37.93,0.0595,23.713
Chennai,13.0827,80.2707,warm_humid,3.0,3.0,2.6,90.0,stone,0.15,stone,0.3,eps,0.2,east,1.5,1.5,0.45,1.2,34.05,36.277,0.2024,23.601
Chennai,13.0827,80.2707,warm_humid,3.0,3.0,2.6,0.0,aerated_concrete,0.3,brick,0.23,eps,0.1,west,0.9,1.5,0.75,3.5,34.856,37.241,0.0833,23.618
Chennai,13.0827,80.2707,warm_humid,3.0,3.0,2.6,90.0,stone,0.15,stone,0.3,xps,0.15,south,0.6,0.9,0.35,1.6,33.387,35.404,0.2202,23.6
Chennai,13.0827,80.2707,warm_humid,3.0,3.0,2.6,45.0,timber,0.2,rcc_slab,0.25,xps,0.1,east,1.2,0.6,0.85,1.6,34.448,36.533,0.0893,23.619
Chennai,13.0827,80.2707,warm_humid,3.0,3.0,2.6,135.0,plywood,0.012,timber,0.1,xps,0.15,east,1.8,1.5,0.55,1.2,36.304,41.387,0.0536,23.723
Chennai,13.0827,80.2707,warm_humid,3.0,3.0,2.6,45.0,concrete,0.15,concrete,0.15,sheep_wool,0.05,north,1.5,0.6,0.75,1.6,35.751,38.79,0.0774,23.608
Chennai,13.0827,80.2707,warm_humid,3.0,3.0,2.6,0.0,concrete,0.2,gi_sheet,0.002,mineral_wool,0.05,north,1.5,1.5,0.55,1.2,35.929,39.026,0.0774,23.608
Chennai,13.0827,80.2707,warm_humid,3.0,3.0,2.6,90.0,timber,0.15,concrete,0.1,eps,0.05,north,1.5,0.6,0.35,1.6,35.208,37.976,0.0714,23.642
Chennai,13.0827,80.2707,warm_humid,3.0,3.0,2.6,45.0,puf_sandwich_panel,0.075,timber,0.15,eps,0.1,west,1.5,1.5,0.65,2.6,35.955,40.842,0.0536,23.718
Chennai,13.0827,80.2707,warm_humid,3.0,3.0,2.6,0.0,plywood,0.019,rcc_slab,0.25,none,0.0,west,1.5,1.2,0.85,3.5,38.824,47.768,0.0536,23.638
Chennai,13.0827,80.2707,warm_humid,3.0,3.0,2.6,135.0,puf_sandwich_panel,0.1,stone,0.3,xps,0.15,south,1.5,0.6,0.65,1.2,34.038,35.885,0.0952,23.626
Chennai,13.0827,80.2707,warm_humid,3.0,3.0,2.6,135.0,rammed_earth,0.45,aerated_concrete,0.2,sheep_wool,0.1,east,1.5,0.6,0.45,1.2,33.047,35.172,0.2381,23.596
Chennai,13.0827,80.2707,warm_humid,3.0,3.0,2.6,0.0,stone,0.3,puf_sandwich_panel,0.05,xps,0.15,north,0.6,1.5,0.35,2.6,33.017,35.024,0.2381,23.597
Chennai,13.0827,80.2707,warm_humid,3.0,3.0,2.6,45.0,brick,0.23,stone,0.15,eps,0.2,north,1.5,1.5,0.55,1.6,34.957,37.849,0.1488,23.604
Chennai,13.0827,80.2707,warm_humid,3.0,3.0,2.6,90.0,plywood,0.019,puf_sandwich_panel,0.15,eps,0.025,east,1.2,0.9,0.65,1.6,36.109,42.311,0.0714,23.753
Chennai,13.0827,80.2707,warm_humid,3.0,3.0,2.6,90.0,rammed_earth,0.45,gi_sheet,0.002,xps,0.1,east,0.9,1.2,0.35,2.0,33.009,35.03,0.2381,23.596
Chennai,13.0827,80.2707,warm_humid,3.0,3.0,2.6,0.0,timber,0.1,gi_sheet,0.002,sheep_wool,0.05,east,1.2,1.5,0.65,2.6,36.916,42.052,0.0536,23.685
Chennai,13.0827,80.2707,warm_humid,3.0,3.0,2.6,0.0,rammed_earth,0.3,timber,0.1,sheep_wool,0.15,north,1.5,1.2,0.65,5.8,34.552,37.038,0.125,23.604
Chennai,13.0827,80.2707,warm_humid,3.0,3.0,2.6,135.0,aerated_concrete,0.1,timber,0.15,eps,0.2,south,1.8,0.6,0.75,3.5,34.985,37.797,0.0655,23.668
Chennai,13.0827,80.2707,warm_humid,3.0,3.0,2.6,45.0,timber,0.1,gi_sheet,0.002,eps,0.1,west,0.9,1.2,0.75,2.6,35.367,38.911,0.0595,23.682
Chennai,13.0827,80.2707,warm_humid,3.0,3.0,2.6,45.0,concrete,0.2,puf_sandwich_panel,0.05,mineral_wool,0.05,west,1.8,0.6,0.45,2.0,34.709,37.109,0.0952,23.607
Chennai,13.0827,80.2707,warm_humid,3.0,3.0,2.6,90.0,gi_sheet,0.002,gi_sheet,0.002,eps,0.025,north,1.2,1.5,0.75,5.8,37.729,46.501,0.0833,23.738
Chennai,13.0827,80.2707,warm_humid,3.0,3.0,2.6,90.0,aerated_concrete,0.1,gi_sheet,0.002,xps,0.05,west,0.9,1.5,0.65,5.8,35.999,40.559,0.0595,23.686
Chennai,13.0827,80.2707,warm_humid,3.0,3.0,2.6,45.0,gi_sheet,0.002,aerated_concrete,0.2,mineral_wool,0.05,west,0.6,1.2,0.35,2.0,35.524,40.054,0.0595,23.695
Chennai,13.0827,80.2707,warm_humid,3.0,3.0,2.6,90.0,stone,0.3,mud_brick,0.25,sheep_wool,0.05,south,1.2,0.6,0.55,3.5,33.96,36.508,0.2143,23.594
Chennai,13.0827,80.2707,warm_humid,3.0,3.0,2.6,90.0,concrete,0.3,concrete,0.2,eps,0.025,west,0.9,0.6,0.75,1.2,35.064,38.067,0.1369,23.596
Chennai,13.0827,80.2707,warm_humid,3.0,3.0,2.6,90.0,timber,0.15,concrete,0.1,xps,0.05,east,1.5,0.6,0.35,1.6,34.916,37.422,0.0714,23.641
Chennai,13.0827,80.2707,warm_humid,3.0,3.0,2.6,180.0,timber,0.15,concrete,0.15,eps,0.1,north,1.8,1.2,0.55,2.6,35.249,37.734,0.0714,23.634
Chennai,13.0827,80.2707,warm_humid,3.0,3.0,2.6,0.0,timber,0.15,timber,0.15,eps,0.1,south,1.5,1.5,0.75,2.6,35.849,39.075,0.0655,23.655
Chennai,13.0827,80.2707,warm_humid,3.0,3.0,2.6,180.0,mud_brick,0.3,timber,0.1,eps,0.15,south,0.6,0.9,0.35,1.2,33.174,35.079,0.2262,23.602
Chennai,13.0827,80.2707,warm_humid,3.0,3.0,2.6,90.0,brick,0.115,brick,0.115,eps,0.05,east,0.9,1.5,0.75,1.2,36.046,39.094,0.0714,23.621
Chennai,13.0827,80.2707,warm_humid,3.0,3.0,2.6,135.0,brick,0.115,rcc_slab,0.2,eps,0.1,south,1.2,1.5,0.55,1.2,35.372,38.091,0.0833,23.614
Chennai,13.0827,80.2707,warm_humid,3.0,3.0,2.6,135.0,aerated_concrete,0.3,rcc_slab,0.2,mineral_wool,0.1,south,1.2,0.9,0.65,3.5,34.467,36.634,0.0893,23.617
Chennai,13.0827,80.2707,warm_humid,3.0,3.0,2.6,0.0,timber,0.2,concrete,0.2,eps,0.025,west,1.8,1.5,0.75,2.0,37.116,41.12,0.0655,23.624
Chennai,13.0827,80.2707,warm_humid,3.0,3.0,2.6,90.0,timber,0.1,rcc_slab,0.2,sheep_wool,0.1,east,1.5,0.6,0.55,1.2,34.672,36.862,0.0774,23.633
Chennai,13.0827,80.2707,warm_humid,3.0,3.0,2.6,90.0,stone,0.45,timber,0.1,none,0.0,north,1.2,1.5,0.45,3.5,36.13,39.624,0.0833,23.592
Chennai,13.0827,80.2707,warm_humid,3.0,3.0,2.6,45.0,aerated_concrete,0.2,concrete,0.15,mineral_wool,0.05,east,1.8,1.5,0.45,2.6,35.979,39.068,0.0655,23.63
Chennai,13.0827,80.2707,warm_humid,3.0,3.0,2.6,45.0,timber,0.1,mud_brick,0.15,sheep_wool,0.15,south,0.9,0.6,0.55,5.8,34.263,36.283,0.0774,23.645
Chennai,13.0827,80.2707,warm_humid,3.0,3.0,2.6,135.0,concrete,0.2,concrete,0.1,eps,0.15,north,0.6,1.2,0.85,2.0,34.254,36.604,0.1964,23.604
Chennai,13.0827,80.2707,warm_humid,3.0,3.0,2.6,45.0,aerated_concrete,0.3,puf_sandwich_panel,0.05,xps,0.05,west,0.6,0.6,0.75,1.6,34.243,36.227,0.0774,23.637
Chennai,13.0827,80.2707,warm_humid,3.0,3.0,2.6,90.0,brick,0.23,timber,0.15,xps,0.15,west,0.9,0.9,0.35,1.2,33.637,35.586,0.2083,23.607
Chennai,13.0827,80.2707,warm_humid,3.0,3.0,2.6,180.0,timber,0.15,gi_sheet,0.002,mineral_wool,0.15,west,1.2,0.6,0.35,2.6,34.342,36.424,0.0714,23.659
Chennai,13.0827,80.2707,warm_humid,3.0,3.0,2.6,180.0,mud_brick,0.3,aerated_concrete,0.2,eps,0.2,north,0.6,1.2,0.65,3.5,33.217,35.099,0.2202,23.601
Chennai,13.0827,80.2707,warm_humid,3.0,3.0,2.6,90.0,rammed_earth,0.45,rcc_slab,0.15,eps,0.2,east,0.6,0.9,0.65,2.0,32.438,34.379,0.3512,23.595
Chennai,13.0827,80.2707,warm_humid,3.0,3.0,2.6,135.0,concrete,0.2,brick,0.115,eps,0.15,east,1.5,1.2,0.85,2.6,35.087,37.737,0.0952,23.605
Chennai,13.0827,80.2707,warm_humid,3.0,3.0,2.6,180.0,plywood,0.05,timber,0.15,mineral_wool,0.05,north,0.6,1.2,0.65,2.0,35.408,39.092,0.0595,23.691
Chennai,13.0827,80.2707,warm_humid,3.0,3.0,2.6,90.0,mud_brick,0.15,gi_sheet,0.002,mineral_wool,0.1,south,1.2,0.6,0.35,2.0,34.348,36.423,0.0893,23.619
Chennai,13.0827,80.2707,warm_humid,3.0,3.0,2.6,90.0,concrete,0.2,aerated_concrete,0.1,eps,0.05,south,1.5,1.2,0.65,1.2,35.618,38.544,0.0833,23.607
Chennai,13.0827,80.2707,warm_humid,3.0,3.0,2.6,45.0,mud_brick,0.45,aerated_concrete,0.2,mineral_wool,0.1,west,0.6,1.5,0.55,2.0,32.964,35.161,0.25,23.595
Chennai,13.0827,80.2707,warm_humid,3.0,3.0,2.6,45.0,puf_sandwich_panel,0.075,stone,0.15,mineral_wool,0.05,east,1.5,1.2,0.75,3.5,36.124,39.595,0.0595,23.654
Chennai,13.0827,80.2707,warm_humid,3.0,3.0,2.6,45.0,concrete,0.1,gi_sheet,0.002,mineral_wool,0.1,west,0.6,1.5,0.55,2.6,34.985,37.527,0.0774,23.626
Chennai,13.0827,80.2707,warm_humid,3.0,3.0,2.6,90.0,brick,0.345,brick,0.115,mineral_wool,0.15,east,1.2,1.2,0.85,3.5,33.917,36.22,0.2083,23.598
Chennai,13.0827,80.2707,warm_humid,3.0,3.0,2.6,135.0,timber,0.2,rcc_slab,0.2,eps,0.1,east,0.9,0.6,0.45,1.2,34.033,35.875,0.0952,23.623
Chennai,13.0827,80.2707,warm_humid,3.0,3.0,2.6,45.0,rammed_earth,0.45,timber,0.1,xps,0.05,north,0.6,0.9,0.75,5.8,33.623,36.001,0.2202,23.596
Chennai,13.0827,80.2707,warm_humid,3.0,3.0,2.6,180.0,mud_brick,0.3,timber,0.15,mineral_wool,0.05,west,1.2,1.2,0.85,2.0,35.425,38.567,0.0952,23.602
Chennai,13.0827,80.2707,warm_humid,3.0,3.0,2.6,45.0,timber,0.2,brick,0.23,none,0.0,east,1.5,0.6,0.35,2.6,36.671,40.618,0.0655,23.624
Chennai,13.0827,80.2707,warm_humid,3.0,3.0,2.6,90.0,brick,0.115,mud_brick,0.25,eps,0.15,west,1.5,0.6,0.35,2.6,34.202,36.256,0.1012,23.613
Chennai,13.0827,80.2707,warm_humid,3.0,3.0,2.6,0.0,brick,0.345,rcc_slab,0.2,xps,0.15,south,0.9,1.5,0.45,2.6,33.136,35.196,0.2321,23.597
Chennai,13.0827,80.2707,warm_humid,3.0,3.0,2.6,135.0,brick,0.23,timber,0.15,mineral_wool,0.15,south,1.8,1.2,0.65,5.8,34.961,37.544,0.0893,23.607
Chennai,13.0827,80.2707,warm_humid,3.0,3.0,2.6,180.0,puf_sandwich_panel,0.05,brick,0.23,sheep_wool,0.15,north,0.6,1.2,0.75,2.0,34.354,36.314,0.0714,23.65
Chennai,13.0827,80.2707,warm_humid,3.0,3.0,2.6,0.0,concrete,0.3,puf_sandwich_panel,0.075,xps,0.1,south,1.5,0.6,0.65,5.8,33.563,35.63,0.2143,23.599
Chennai,13.0827,80.2707,warm_humid,3.0,3.0,2.6,135.0,timber,0.15,concrete,0.1,sheep_wool,0.15,north,0.6,1.5,0.45,2.6,34.441,36.49,0.0774,23.641
Chennai,13.0827,80.2707,warm_humid,3.0,3.0,2.6,45.0,gi_sheet,0.002,concrete,0.2,mineral_wool,0.1,east,1.5,1.2,0.85,1.2,36.542,40.238,0.0595,23.643
Chennai,13.0827,80.2707,warm_humid,3.0,3.0,2.6,90.0,puf_sandwich_panel,0.1,mud_brick,0.25,eps,0.05,east,0.9,0.9,0.45,1.2,34.453,36.56,0.0714,23.647
Chennai,13.0827,80.2707,warm_humid,3.0,3.0,2.6,0.0,puf_sandwich_panel,0.075,stone,0.15,eps,0.15,west,1.8,0.6,0.75,1.2,34.744,37.141,0.0714,23.654
Chennai,13.0827,80.2707,warm_humid,3.0,3.0,2.6,0.0,timber,0.1,mud_brick,0.15,eps,0.1,west,1.8,1.5,0.35,2.6,35.271,38.208,0.0655,23.647
Chennai,13.0827,80.2707,warm_humid,3.0,3.0,2.6,90.0,brick,0.345,brick,0.115,xps,0.05,north,0.6,1.5,0.55,3.5,34.367,37.039,0.2024,23.598
Chennai,13.0827,80.2707,warm_humid,3.0,3.0,2.6,135.0,stone,0.3,brick,0.115,sheep_wool,0.15,south,1.8,1.2,0.75,1.2,34.503,37.47,0.2083,23.596
Chennai,13.0827,80.2707,warm_humid,3.0,3.0,2.6,0.0,gi_sheet,0.002,stone,0.3,eps,0.1,west,1.8,0.9,0.45,1.6,35.164,37.843,0.0774,23.625
Chennai,13.0827,80.2707,warm_humid,3.0,3.0,2.6,135.0,aerated_concrete,0.3,rcc_slab,0.2,xps,0.15,north,0.9,0.9,0.35,2.0,33.686,35.398,0.1488,23.617
Chennai,13.0827,80.2707,warm_humid,3.0,3.0,2.6,45.0,concrete,0.2,stone,0.15,eps,0.025,south,1.5,1.5,0.65,1.2,36.388,39.723,0.0774,23.603
Chennai,13.0827,80.2707,warm_humid,3.0,3.0,2.6,180.0,plywood,0.019,aerated_concrete,0.2,none,0.0,north,0.9,0.9,0.45,2.0,37.442,46.563,0.1429,23.703
Chennai,13.0827,80.2707,warm_humid,3.0,3.0,2.6,45.0,puf_sandwich_panel,0.1,rcc_slab,0.2,mineral_wool,0.1,north,1.5,0.9,0.75,3.5,35.66,38.628,0.0655,23.646
Chennai,13.0827,80.2707,warm_humid,3.0,3.0,2.6,45.0,mud_brick,0.3,gi_sheet,0.002,sheep_wool,0.1,north,1.2,0.9,0.75,5.8,34.558,37.162,0.1905,23.603
Chennai,13.0827,80.2707,warm_humid,3.0,3.0,2.6,45.0,timber,0.2,gi_sheet,0.002,xps,0.1,west,1.5,1.2,0.45,1.6,35.024,37.707,0.0714,23.652
Chennai,13.0827,80.2707,warm_humid,3.0,3.0,2.6,90.0,stone,0.3,timber,0.15,sheep_wool,0.05,south,1.2,1.5,0.55,1.6,34.57,37.31,0.2024,23.597
Chennai,13.0827,80.2707,warm_humid,3.0,3.0,2.6,135.0,brick,0.115,rcc_slab,0.15,mineral_wool,0.1,west,1.8,0.9,0.65,3.5,35.931,39.045,0.0774,23.617
Chennai,13.0827,80.2707,warm_humid,3.0,3.0,2.6,90.0,aerated_concrete,0.2,rcc_slab,0.15,xps,0.1,east,1.5,1.2,0.45,3.5,34.699,36.874,0.0774,23.63
Chennai,13.0827,80.2707,warm_humid,3.0,3.0,2.6,135.0,timber,0.15,puf_sandwich_panel,0.05,mineral_wool,0.1,south,1.8,0.9,0.55,2.6,35.145,38.096,0.0655,23.664
Chennai,13.0827,80.2707,warm_humid,3.0,3.0,2.6,135.0,concrete,0.1,stone,0.15,eps,0.025,east,1.8,1.5,0.85,5.8,37.391,41.641,0.0655,23.616
Chennai,13.0827,80.2707,warm_humid,3.0,3.0,2.6,45.0,mud_brick,0.15,stone,0.15,xps,0.15,north,1.8,0.9,0.65,1.2,35.187,37.96,0.0893,23.611
Chennai,13.0827,80.2707,warm_humid,3.0,3.0,2.6,0.0,timber,0.1,aerated_concrete,0.1,mineral_wool,0.15,east,0.9,1.5,0.85,3.5,36.125,39.733,0.0595,23.668
Chennai,13.0827,80.2707,warm_humid,3.0,3.0,2.6,180.0,concrete,0.2,gi_sheet,0.002,eps,0.2,west,1.8,0.9,0.75,2.0,35.419,38.439,0.0893,23.607
Chennai,13.0827,80.2707,warm_humid,3.0,3.0,2.6,135.0,brick,0.345,mud_brick,0.15,eps,0.05,south,1.5,1.5,0.65,2.0,35.133,38.167,0.125,23.598
Chennai,13.0827,80.2707,warm_humid,3.0,3.0,2.6,180.0,brick,0.345,timber,0.15,eps,0.025,south,0.9,0.9,0.55,3.5,34.654,37.325,0.1905,23.599
Chennai,13.0827,80.2707,warm_humid,3.0,3.0,2.6,90.0,mud_brick,0.15,stone,0.15,mineral_wool,0.15,east,0.9,0.9,0.35,1.6,33.776,35.643,0.1964,23.61
Chennai,13.0827,80.2707,warm_humid,3.0,3.0,2.6,135.0,aerated_concrete,0.1,stone,0.3,eps,0.15,north,1.5,0.9,0.75,1.6,34.992,37.348,0.0833,23.619
Chennai,13.0827,80.2707,warm_humid,3.0,3.0,2.6,0.0,mud_brick,0.45,rcc_slab,0.25,eps,0.025,south,1.2,1.2,0.75,5.8,34.42,37.21,0.2083,23.593
Chennai,13.0827,80.2707,warm_humid,3.0,3.0,2.6,0.0,aerated_concrete,0.2,aerated_concrete,0.1,mineral_wool,0.05,east,1.2,1.5,0.55,5.8,36.014,39.598,0.0595,23.65
Chennai,13.0827,80.2707,warm_humid,3.0,3.0,2.6,45.0,rammed_earth,0.3,brick,0.23,xps,0.15,west,0.9,1.2,0.35,1.6,33.18,35.163,0.2262,23.6
Chennai,13.0827,80.2707,warm_humid,3.0,3.0,2.6,180.0,puf_sandwich_panel,0.05,timber,0.15,mineral_wool,0.1,west,0.6,0.6,0.35,1.2,34.204,36.548,0.0595,23.712
Chennai,13.0827,80.2707,warm_humid,3.0,3.0,2.6,90.0,gi_sheet,0.002,concrete,0.2,xps,0.15,north,1.5,1.5,0.75,1.2,37.236,41.44,0.0595,23.644
Chennai,13.0827,80.2707,warm_humid,3.0,3.0,2.6,180.0,brick,0.345,gi_sheet,0.002,sheep_wool,0.15,west,1.2,1.2,0.75,3.5,34.588,37.407,0.1964,23.6
Chennai,13.0827,80.2707,warm_humid,3.0,3.0,2.6,180.0,aerated_concrete,0.1,puf_sandwich_panel,0.15,eps,0.15,north,1.8,0.9,0.75,3.5,35.318,38.595,0.0595,23.687
Chennai,13.0827,80.2707,warm_humid,3.0,3.0,2.6,180.0,puf_sandwich_panel,0.15,stone,0.3,mineral_wool,0.1,west,1.5,1.5,0.75,3.5,36.449,39.896,0.0714,23.625
Chennai,13.0827,80.2707,warm_humid,3.0,3.0,2.6,135.0,aerated_concrete,0.2,mud_brick,0.25,sheep_wool,0.1,east,0.9,1.5,0.65,2.6,34.848,37.138,0.0774,23.624
Chennai,13.0827,80.2707,warm_humid,3.0,3.0,2.6,135.0,mud_brick,0.3,stone,0.3,mineral_wool,0.15,south,1.2,1.5,0.35,2.0,33.243,35.453,0.2321,23.597
Chennai,13.0827,80.2707,warm_humid,3.0,3.0,2.6,135.0,aerated_concrete,0.3,mud_brick,0.15,eps,0.05,north,0.6,1.2,0.65,3.5,34.817,37.132,0.0774,23.623
Chennai,13.0827,80.2707,warm_humid,3.0,3.0,2.6,135.0,rammed_earth,0.3,mud_brick,0.15,sheep_wool,0.15,west,0.9,0.9,0.55,2.6,33.692,35.941,0.2143,23.601
Chennai,13.0827,80.2707,warm_humid,3.0,3.0,2.6,135.0,brick,0.23,gi_sheet,0.002,xps,0.15,west,0.9,0.6,0.75,3.5,34.063,36.254,0.1964,23.608
Chennai,13.0827,80.2707,warm_humid,3.0,3.0,2.6,45.0,gi_sheet,0.002,gi_sheet,0.002,xps,0.1,north,0.6,0.9,0.55,3.5,35.299,39.672,0.0536,23.732
Chennai,13.0827,80.2707,warm_humid,3.0,3.0,2.6,0.0,stone,0.45,stone,0.15,sheep_wool,0.15,west,0.6,0.6,0.35,1.2,32.062,34.129,0.3929,23.59
Chennai,13.0827,80.2707,warm_humid,3.0,3.0,2.6,90.0,puf_sandwich_panel,0.1,rcc_slab,0.1,xps,0.05,west,1.5,1.5,0.85,1.2,37.351,42.451,0.0536,23.68
Chennai,13.0827,80.2707,warm_humid,3.0,3.0,2.6,135.0,brick,0.345,mud_brick,0.15,sheep_wool,0.1,north,0.6,0.6,0.55,3.5,33.351,35.513,0.2262,23.598
Chennai,13.0827,80.2707,warm_humid,3.0,3.0,2.6,45.0,timber,0.1,concrete,0.2,xps,0.05,north,1.5,1.2,0.55,1.6,36.211,39.573,0.0655,23.634
Chennai,13.0827,80.2707,warm_humid,3.0,3.0,2.6,180.0,timber,0.2,timber,0.1,mineral_wool,0.15,north,1.2,1.5,0.85,3.5,35.42,38.09,0.0655,23.644
Chennai,13.0827,80.2707,warm_humid,3.0,3.0,2.6,0.0,aerated_concrete,0.1,mud_brick,0.15,eps,0.2,east,1.5,1.5,0.45,3.5,35.568,38.501,0.0655,23.647
Chennai,13.0827,80.2707,warm_humid,3.0,3.0,2.6,45.0,rammed_earth,0.3,mud_brick,0.25,sheep_wool,0.1,east,0.6,1.2,0.85,5.8,33.845,36.136,0.2083,23.599
Chennai,13.0827,80.2707,warm_humid,3.0,3.0,2.6,90.0,timber,0.2,concrete,0.1,sheep_wool,0.1,east,0.6,1.2,0.75,1.2,34.596,36.71,0.0774,23.634
Chennai,13.0827,80.2707,warm_humid,3.0,3.0,2.6,45.0,rammed_earth,0.3,rcc_slab,0.15,none,0.0,east,0.9,0.6,0.55,1.6,37.45,41.69,0.0714,23.6
Chennai,13.0827,80.2707,warm_humid,3.0,3.0,2.6,90.0,concrete,0.1,brick,0.115,mineral_wool,0.1,north,0.9,0.6,0.75,2.6,35.052,37.547,0.0774,23.619
Chennai,13.0827,80.2707,warm_humid,3.0,3.0,2.6,135.0,stone,0.15,aerated_concrete,0.1,sheep_wool,0.15,north,0.9,1.2,0.55,5.8,34.586,36.886,0.0952,23.61
Chennai,13.0827,80.2707,warm_humid,3.0,3.0,2.6,135.0,mud_brick,0.45,puf_sandwich_panel,0.05,mineral_wool,0.15,south,1.8,1.5,0.65,2.6,34.175,36.946,0.2143,23.596
Chennai,13.0827,80.2707,warm_humid,3.0,3.0,2.6,180.0,mud_brick,0.15,rcc_slab,0.25,mineral_wool,0.1,south,1.2,0.6,0.75,1.2,34.459,36.835,0.1131,23.607
Chennai,13.0827,80.2707,warm_humid,3.0,3.0,2.6,135.0,gi_sheet,0.002,rcc_slab,0.25,sheep_wool,0.15,west,1.2,0.6,0.65,3.5,35.296,38.035,0.0714,23.636
Chennai,13.0827,80.2707,warm_humid,3.0,3.0,2.6,180.0,plywood,0.019,aerated_concrete,0.1,sheep_wool,0.1,west,0.9,0.6,0.65,5.8,35.445,39.492,0.0536,23.722
Chennai,13.0827,80.2707,warm_humid,3.0,3.0,2.6,45.0,mud_brick,0.45,stone,0.3,none,0.0,north,0.6,1.2,0.35,2.6,35.915,39.604,0.0952,23.592
Chennai,13.0827,80.2707,warm_humid,3.0,3.0,2.6,0.0,plywood,0.05,stone,0.3,sheep_wool,0.05,east,1.2,1.2,0.45,5.8,35.619,38.577,0.0714,23.623
Chennai,13.0827,80.2707,warm_humid,3.0,3.0,2.6,180.0,stone,0.45,brick,0.23,eps,0.15,east,1.8,1.5,0.85,5.8,34.046,37.141,0.2202,23.591
Chennai,13.0827,80.2707,warm_humid,3.0,3.0,2.6,45.0,timber,0.15,stone,0.3,eps,0.025,west,1.8,1.2,0.45,1.2,35.871,38.948,0.0774,23.616
Chennai,13.0827,80.2707,warm_humid,3.0,3.0,2.6,0.0,rammed_earth,0.45,concrete,0.15,eps,0.2,east,1.2,1.2,0.75,1.2,33.644,36.445,0.2321,23.595
Chennai,13.0827,80.2707,warm_humid,3.0,3.0,2.6,180.0,rammed_earth,0.45,rcc_slab,0.15,eps,0.05,north,1.8,0.9,0.55,5.8,33.996,36.47,0.2143,23.595
Chennai,13.0827,80.2707,warm_humid,3.0,3.0,2.6,180.0,concrete,0.15,rcc_slab,0.15,sheep_wool,0.05,north,0.9,1.2,0.85,1.6,35.72,38.594,0.0774,23.608
Chennai,13.0827,80.2707,warm_humid,3.0,3.0,2.6,180.0,plywood,0.05,brick,0.115,xps,0.1,west,1.8,1.5,0.45,2.6,36.503,40.605,0.0595,23.668
Chennai,13.0827,80.2707,warm_humid,3.0,3.0,2.6,180.0,aerated_concrete,0.2,timber,0.15,eps,0.1,north,1.8,0.9,0.65,1.6,35.145,37.608,0.0655,23.646
Chennai,13.0827,80.2707,warm_humid,3.0,3.0,2.6,90.0,concrete,0.1,timber,0.15,xps,0.1,west,0.6,0.9,0.55,5.8,34.68,36.95,0.0774,23.623
Chennai,13.0827,80.2707,warm_humid,3.0,3.0,2.6,45.0,plywood,0.05,stone,0.15,eps,0.025,east,1.8,0.9,0.65,3.5,36.784,41.352,0.0595,23.647
Chennai,13.0827,80.2707,warm_humid,3.0,3.0,2.6,0.0,timber,0.15,brick,0.23,none,0.0,south,1.8,1.2,0.45,1.2,37.332,41.941,0.0595,23.629
Chennai,13.0827,80.2707,warm_humid,3.0,3.0,2.6,45.0,brick,0.115,brick,0.23,mineral_wool,0.05,north,0.6,0.6,0.35,1.2,35.075,37.622,0.0833,23.614
Chennai,13.0827,80.2707,warm_humid,3.0,3.0,2.6,180.0,puf_sandwich_panel,0.15,aerated_concrete,0.1,eps,0.05,north,0.6,1.2,0.85,2.0,34.906,38.218,0.0595,23.731
Chennai,13.0827,80.2707,warm_humid,3.0,3.0,2.6,135.0,brick,0.345,brick,0.115,xps,0.05,south,1.5,0.6,0.45,2.6,34.135,36.653,0.2083,23.598
Chennai,13.0827,80.2707,warm_humid,3.0,3.0,2.6,90.0,plywood,0.012,gi_sheet,0.002,eps,0.1,east,0.6,1.2,0.85,2.6,35.485,40.219,0.0536,23.75
Chennai,13.0827,80.2707,warm_humid,3.0,3.0,2.6,45.0,mud_brick,0.3,rcc_slab,0.2,none,0.0,west,0.6,1.5,0.45,2.0,37.131,41.16,0.0774,23.599
Chennai,13.0827,80.2707,warm_humid,3.0,3.0,2.6,0.0,mud_brick,0.45,aerated_concrete,0.1,none,0.0,south,0.9,0.9,0.75,2.6,35.135,38.157,0.119,23.595
Chennai,13.0827,80.2707,warm_humid,3.0,3.0,2.6,45.0,mud_brick,0.15,puf_sandwich_panel,0.15,sheep_wool,0.15,east,0.9,1.2,0.55,2.6,34.419,36.449,0.0893,23.62
Chennai,13.0827,80.2707,warm_humid,3.0,3.0,2.6,90.0,rammed_earth,0.15,timber,0.15,xps,0.15,west,1.8,1.5,0.35,5.8,34.88,37.3,0.0774,23.621
Chennai,13.0827,80.2707,warm_humid,3.0,3.0,2.6,135.0,brick,0.115,stone,0.3,eps,0.05,north,1.5,0.6,0.65,2.0,35.356,38.132,0.0833,23.608
Chennai,13.0827,80.2707,warm_humid,3.0,3.0,2.6,45.0,plywood,0.05,brick,0.115,mineral_wool,0.15,east,1.8,0.6,0.45,1.6,34.794,37.269,0.0655,23.662
Chennai,13.0827,80.2707,warm_humid,3.0,3.0,2.6,90.0,plywood,0.03,concrete,0.1,eps,0.2,south,1.2,0.9,0.45,1.2,34.698,37.26,0.0655,23.67
Chennai,13.0827,80.2707,warm_humid,3.0,3.0,2.6,180.0,stone,0.3,rcc_slab,0.1,mineral_wool,0.1,west,1.8,0.9,0.55,2.0,34.267,37.091,0.2083,23.596
Chennai,13.0827,80.2707,warm_humid,3.0,3.0,2.6,135.0,rammed_earth,0.45,brick,0.23,eps,0.05,north,0.9,0.6,0.75,2.6,33.534,36.016,0.2262,23.594
Chennai,13.0827,80.2707,warm_humid,3.0,3.0,2.6,135.0,concrete,0.1,brick,0.23,mineral_wool,0.15,west,1.5,1.5,0.65,1.6,36.365,39.813,0.0774,23.614
Chennai,13.0827,80.2707,warm_humid,3.0,3.0,2.6,135.0,gi_sheet,0.002,concrete,0.15,eps,0.05,east,0.9,0.6,0.75,2.6,35.942,39.917,0.0595,23.656
Chennai,13.0827,80.2707,warm_humid,3.0,3.0,2.6,0.0,mud_brick,0.15,timber,0.15,mineral_wool,0.05,west,0.9,0.9,0.55,1.6,34.978,37.456,0.0833,23.617
Chennai,13.0827,80.2707,warm_humid,3.0,3.0,2.6,0.0,plywood,0.05,brick,0.115,eps,0.05,north,0.9,0.6,0.75,3.5,35.665,39.429,0.0595,23.668
Chennai,13.0827,80.2707,warm_humid,3.0,3.0,2.6,0.0,puf_sandwich_panel,0.1,timber,0.15,eps,0.15,west,0.6,1.5,0.55,1.6,34.414,37.069,0.0595,23.715
Chennai,13.0827,80.2707,warm_humid,3.0,3.0,2.6,0.0,concrete,0.3,rcc_slab,0.1,sheep_wool,0.1,north,1.2,0.6,0.75,1.2,33.853,36.275,0.2143,23.597
Chennai,13.0827,80.2707,warm_humid,3.0,3.0,2.6,0.0,plywood,0.012,mud_brick,0.25,sheep_wool,0.05,west,0.9,1.2,0.35,2.6,35.618,39.09,0.0655,23.646
Chennai,13.0827,80.2707,warm_humid,3.0,3.0,2.6,90.0,gi_sheet,0.002,timber,0.15,mineral_wool,0.1,south,1.8,0.9,0.35,5.8,35.348,39.629,0.0595,23.698
Chennai,13.0827,80.2707,warm_humid,3.0,3.0,2.6,180.0,aerated_concrete,0.2,gi_sheet,0.002,sheep_wool,0.05,north,1.8,0.9,0.75,2.6,35.977,39.455,0.0595,23.655
Chennai,13.0827,80.2707,warm_humid,3.0,3.0,2.6,135.0,stone,0.45,puf_sandwich_panel,0.05,sheep_wool,0.05,south,1.2,0.9,0.45,2.6,33.268,35.768,0.2381,23.592
Chennai,13.0827,80.2707,warm_humid,3.0,3.0,2.6,45.0,gi_sheet,0.002,aerated_concrete,0.1,eps,0.025,west,1.2,0.6,0.85,1.6,36.636,43.75,0.0714,23.718
Chennai,13.0827,80.2707,warm_humid,3.0,3.0,2.6,180.0,puf_sandwich_panel,0.15,concrete,0.1,mineral_wool,0.05,south,1.2,0.6,0.65,1.6,35.049,38.021,0.0655,23.677
Chennai,13.0827,80.2707,warm_humid,3.0,3.0,2.6,135.0,brick,0.115,gi_sheet,0.002,xps,0.1,west,0.6,1.2,0.45,1.6,34.968,37.382,0.0774,23.628
Chennai,13.0827,80.2707,warm_humid,3.0,3.0,2.6,180.0,puf_sandwich_panel,0.1,rcc_slab,0.15,mineral_wool,0.1,south,0.6,0.6,0.55,1.6,34.111,36.025,0.0714,23.658
Chennai,13.0827,80.2707,warm_humid,3.0,3.0,2.6,90.0,mud_brick,0.15,puf_sandwich_panel,0.05,mineral_wool,0.15,north,1.8,1.2,0.45,2.6,35.308,37.971,0.0774,23.621
Chennai,13.0827,80.2707,warm_humid,3.0,3.0,2.6,45.0,mud_brick,0.45,stone,0.15,mineral_wool,0.1,north,1.8,1.5,0.75,5.8,35.087,38.477,0.2024,23.595
Chennai,13.0827,80.2707,warm_humid,3.0,3.0,2.6,135.0,plywood,0.05,concrete,0.15,eps,0.025,north,0.9,0.9,0.45,2.6,36.249,40.495,0.0595,23.652
Chennai,13.0827,80.2707,warm_humid,3.0,3.0,2.6,135.0,stone,0.15,stone,0.15,none,0.0,south,1.5,0.9,0.35,3.5,38.318,44.409,0.0595,23.605
Chennai,13.0827,80.2707,warm_humid,3.0,3.0,2.6,90.0,mud_brick,0.15,gi_sheet,0.002,xps,0.05,south,0.6,1.2,0.55,2.0,35.114,37.695,0.0774,23.62
Chennai,13.0827,80.2707,warm_humid,3.0,3.0,2.6,0.0,aerated_concrete,0.2,rcc_slab,0.15,xps,0.1,west,0.9,1.2,0.55,2.0,34.59,36.801,0.0774,23.629
Chennai,13.0827,80.2707,warm_humid,3.0,3.0,2.6,0.0,brick,0.115,mud_brick,0.25,none,0.0,south,0.6,1.2,0.65,1.6,37.891,43.19,0.0595,23.613
Chennai,13.0827,80.2707,warm_humid,3.0,3.0,2.6,180.0,stone,0.15,concrete,0.2,mineral_wool,0.15,west,0.6,1.5,0.35,1.6,34.037,36.322,0.2024,23.604
Chennai,13.0827,80.2707,warm_humid,3.0,3.0,2.6,45.0,concrete,0.1,gi_sheet,0.002,eps,0.05,south,0.6,0.9,0.65,2.0,35.506,38.465,0.0714,23.627
Chennai,13.0827,80.2707,warm_humid,3.0,3.0,2.6,90.0,brick,0.23,timber,0.15,xps,0.15,south,1.8,1.5,0.85,1.6,35.975,39.127,0.0833,23.608
Chennai,13.0827,80.2707,warm_humid,3.0,3.0,2.6,90.0,mud_brick,0.3,rcc_slab,0.15,none,0.0,east,1.8,1.5,0.45,1.6,37.808,42.159,0.0714,23.601
Chennai,13.0827,80.2707,warm_humid,3.0,3.0,2.6,90.0,concrete,0.2,stone,0.15,eps,0.15,west,0.6,1.5,0.35,3.5,33.705,35.807,0.2083,23.602
Chennai,13.0827,80.2707,warm_humid,3.0,3.0,2.6,90.0,gi_sheet,0.002,puf_sandwich_panel,0.075,eps,0.05,north,1.5,1.2,0.35,1.6,36.112,41.646,0.0595,23.744
Chennai,13.0827,80.2707,warm_humid,3.0,3.0,2.6,45.0,puf_sandwich_panel,0.15,aerated_concrete,0.2,eps,0.025,west,0.9,0.9,0.85,1.2,35.186,38.802,0.0595,23.709
Chennai,13.0827,80.2707,warm_humid,3.0,3.0,2.6,180.0,aerated_concrete,0.1,brick,0.115,eps,0.15,west,1.8,0.6,0.85,1.2,35.809,38.901,0.0655,23.653
Chennai,13.0827,80.2707,warm_humid,3.0,3.0,2.6,45.0,aerated_concrete,0.1,mud_brick,0.15,eps,0.05,north,1.8,1.5,0.35,5.8,36.041,39.879,0.0595,23.648
Chennai,13.0827,80.2707,warm_humid,3.0,3.0,2.6,45.0,aerated_concrete,0.1,brick,0.23,xps,0.1,east,1.5,1.2,0.35,3.5,34.874,37.254,0.0714,23.635
Chennai,13.0827,80.2707,warm_humid,3.0,3.0,2.6,135.0,aerated_concrete,0.1,puf_sandwich_panel,0.1,none,0.0,north,0.9,1.2,0.55,1.6,36.371,41.757,0.0536,23.69
Chennai,13.0827,80.2707,warm_humid,3.0,3.0,2.6,0.0,mud_brick,0.15,aerated_concrete,0.1,sheep_wool,0.15,north,0.9,0.9,0.75,5.8,34.579,36.775,0.0833,23.618
Chennai,13.0827,80.2707,warm_humid,3.0,3.0,2.6,180.0,concrete,0.2,brick,0.23,mineral_wool,0.05,north,1.2,0.6,0.45,1.6,34.677,37.243,0.1071,23.602
Chennai,13.0827,80.2707,warm_humid,3.0,3.0,2.6,0.0,gi_sheet,0.002,gi_sheet,0.002,xps,0.05,north,0.6,0.6,0.45,2.0,35.63,40.968,0.0595,23.735
Chennai,13.0827,80.2707,warm_humid,3.0,3.0,2.6,90.0,stone,0.15,stone,0.3,mineral_wool,0.15,north,1.5,1.5,0.45,3.5,34.707,37.451,0.1905,23.601
Chennai,13.0827,80.2707,warm_humid,3.0,3.0,2.6,90.0,stone,0.15,concrete,0.2,mineral_wool,0.05,south,1.5,1.2,0.45,5.8,35.2,37.925,0.0833,23.604
Chennai,13.0827,80.2707,warm_humid,3.0,3.0,2.6,180.0,mud_brick,0.15,mud_brick,0.15,mineral_wool,0.1,west,1.8,0.6,0.35,1.6,34.563,36.878,0.0952,23.613
Chennai,13.0827,80.2707,warm_humid,3.0,3.0,2.6,0.0,mud_brick,0.45,rcc_slab,0.15,xps,0.1,west,0.9,0.9,0.75,3.5,33.006,35.31,0.25,23.594
Chennai,13.0827,80.2707,warm_humid,3.0,3.0,2.6,135.0,rammed_earth,0.3,timber,0.1,sheep_wool,0.15,south,1.8,0.9,0.85,1.2,34.686,37.328,0.1905,23.603
Chennai,13.0827,80.2707,warm_humid,3.0,3.0,2.6,90.0,timber,0.2,puf_sandwich_panel,0.1,eps,0.2,south,1.2,1.5,0.75,1.6,35.403,38.285,0.0655,23.652
Chennai,13.0827,80.2707,warm_humid,3.0,3.0,2.6,0.0,concrete,0.1,rcc_slab,0.2,mineral_wool,0.15,south,0.9,0.6,0.35,2.0,34.011,35.94,0.1071,23.612
Chennai,13.0827,80.2707,warm_humid,3.0,3.0,2.6,90.0,brick,0.23,brick,0.115,eps,0.025,east,1.5,1.2,0.55,2.0,36.061,39.169,0.0774,23.606
Chennai,13.0827,80.2707,warm_humid,3.0,3.0,2.6,0.0,rammed_earth,0.45,brick,0.23,eps,0.05,south,1.5,0.9,0.45,3.5,33.636,36.036,0.2202,23.595
Chennai,13.0827,80.2707,warm_humid,3.0,3.0,2.6,0.0,aerated_concrete,0.2,aerated_concrete,0.1,sheep_wool,0.1,north,0.6,0.6,0.55,3.5,34.36,36.471,0.0714,23.648
Chennai,13.0827,80.2707,warm_humid,3.0,3.0,2.6,0.0,mud_brick,0.45,mud_brick,0.25,sheep_wool,0.05,east,1.8,1.5,0.85,3.5,35.795,39.661,0.1905,23.594
Chennai,13.0827,80.2707,warm_humid,3.0,3.0,2.6,135.0,concrete,0.2,rcc_slab,0.15,mineral_wool,0.15,east,0.9,1.5,0.35,5.8,33.933,36.081,0.2024,23.603
Chennai,13.0827,80.2707,warm_humid,3.0,3.0,2.6,0.0,timber,0.15,aerated_concrete,0.2,sheep_wool,0.05,north,0.9,0.9,0.65,1.6,35.213,38.06,0.0655,23.651
Chennai,13.0827,80.2707,warm_humid,3.0,3.0,2.6,45.0,mud_brick,0.3,gi_sheet,0.002,none,0.0,south,0.9,1.2,0.45,5.8,37.864,42.57,0.0655,23.603
Chennai,13.0827,80.2707,warm_humid,3.0,3.0,2.6,135.0,stone,0.3,aerated_concrete,0.2,eps,0.05,north,1.5,0.9,0.65,5.8,34.483,37.164,0.2024,23.596
Chennai,13.0827,80.2707,warm_humid,3.0,3.0,2.6,90.0,brick,0.115,stone,0.15,sheep_wool,0.1,east,0.6,0.6,0.55,5.8,34.465,36.605,0.0893,23.615
Chennai,13.0827,80.2707,warm_humid,3.0,3.0,2.6,0.0,plywood,0.03,brick,0.115,mineral_wool,0.1,west,0.6,0.6,0.65,2.6,34.831,37.667,0.0655,23.67
Chennai,13.0827,80.2707,warm_humid,3.0,3.0,2.6,180.0,brick,0.345,aerated_concrete,0.1,xps,0.15,east,0.9,1.5,0.45,2.6,33.487,35.639,0.2202,23.6
Chennai,13.0827,80.2707,warm_humid,3.0,3.0,2.6,0.0,concrete,0.15,aerated_concrete,0.1,none,0.0,east,1.2,1.5,0.45,3.5,37.979,43.816,0.0595,23.614
Chennai,13.0827,80.2707,warm_humid,3.0,3.0,2.6,45.0,aerated_concrete,0.1,stone,0.15,eps,0.025,east,1.8,0.6,0.75,1.2,36.479,40.378,0.0655,23.638
Chennai,13.0827,80.2707,warm_humid,3.0,3.0,2.6,0.0,rammed_earth,0.3,concrete,0.1,xps,0.15,south,1.2,0.6,0.75,1.6,33.389,35.348,0.2202,23.601
Chennai,13.0827,80.2707,warm_humid,3.0,3.0,2.6,135.0,puf_sandwich_panel,0.075,brick,0.23,eps,0.2,south,1.8,1.5,0.45,1.6,35.196,37.933,0.0714,23.649
Chennai,13.0827,80.2707,warm_humid,3.0,3.0,2.6,45.0,plywood,0.03,concrete,0.1,eps,0.05,south,1.2,1.2,0.45,3.5,35.846,40.05,0.0595,23.673
Chennai,13.0827,80.2707,warm_humid,3.0,3.0,2.6,135.0,aerated_concrete,0.2,mud_brick,0.25,none,0.0,north,1.2,1.5,0.65,1.2,37.178,41.317,0.0655,23.624
Chennai,13.0827,80.2707,warm_humid,3.0,3.0,2.6,90.0,stone,0.15,stone,0.3,mineral_wool,0.15,west,0.9,1.2,0.75,5.8,34.203,36.629,0.2024,23.6
Chennai,13.0827,80.2707,warm_humid,3.0,3.0,2.6,45.0,aerated_concrete,0.1,aerated_concrete,0.2,eps,0.05,south,1.5,1.2,0.45,1.2,35.583,39.043,0.0595,23.668
Chennai,13.0827,80.2707,warm_humid,3.0,3.0,2.6,45.0,plywood,0.012,stone,0.15,eps,0.15,west,0.9,1.2,0.75,5.8,35.209,38.256,0.0655,23.653
Chennai,13.0827,80.2707,warm_humid,3.0,3.0,2.6,45.0,mud_brick,0.3,timber,0.15,sheep_wool,0.15,north,1.8,0.9,0.85,1.6,35.083,38.132,0.1845,23.602
Chennai,13.0827,80.2707,warm_humid,3.0,3.0,2.6,90.0,rammed_earth,0.15,puf_sandwich_panel,0.05,sheep_wool,0.1,south,0.6,0.9,0.45,5.8,34.28,36.311,0.0833,23.622
Chennai,13.0827,80.2707,warm_humid,3.0,3.0,2.6,135.0,concrete,0.15,aerated_concrete,0.2,xps,0.1,north,0.9,0.9,0.35,1.6,34.403,36.59,0.0952,23.612
Chennai,13.0827,80.2707,warm_humid,3.0,3.0,2.6,0.0,aerated_concrete,0.3,gi_sheet,0.002,xps,0.05,west,1.5,0.6,0.75,2.6,35.131,37.804,0.0714,23.637
Chennai,13.0827,80.2707,warm_humid,3.0,3.0,2.6,0.0,mud_brick,0.3,stone,0.15,eps,0.025,south,0.6,1.2,0.55,2.6,34.819,37.549,0.119,23.599
Chennai,13.0827,80.2707,warm_humid,3.0,3.0,2.6,135.0,stone,0.45,aerated_concrete,0.2,sheep_wool,0.1,west,1.5,1.5,0.85,1.6,34.604,38.276,0.2143,23.592
Chennai,13.0827,80.2707,warm_humid,3.0,3.0,2.6,0.0,aerated_concrete,0.2,mud_brick,0.25,mineral_wool,0.1,east,1.8,1.5,0.45,3.5,35.768,38.75,0.0714,23.624
Chennai,13.0827,80.2707,warm_humid,3.0,3.0,2.6,45.0,puf_sandwich_panel,0.05,mud_brick,0.25,mineral_wool,0.15,west,0.9,0.9,0.75,5.8,34.409,36.566,0.0774,23.644
Chennai,13.0827,80.2707,warm_humid,3.0,3.0,2.6,180.0,aerated_concrete,0.2,aerated_concrete,0.1,eps,0.2,north,0.9,0.9,0.35,2.6,33.952,35.661,0.0774,23.648
Chennai,13.0827,80.2707,warm_humid,3.0,3.0,2.6,0.0,brick,0.345,mud_brick,0.25,eps,0.05,north,0.6,0.6,0.35,2.0,33.63,35.959,0.2202,23.596
Chennai,13.0827,80.2707,warm_humid,3.0,3.0,2.6,0.0,aerated_concrete,0.2,aerated_concrete,0.2,mineral_wool,0.15,east,0.9,1.2,0.45,5.8,34.562,36.738,0.0714,23.641
Chennai,13.0827,80.2707,warm_humid,3.0,3.0,2.6,135.0,puf_sandwich_panel,0.15,concrete,0.1,mineral_wool,0.1,west,1.8,0.6,0.35,2.6,34.571,36.958,0.0655,23.675
Chennai,13.0827,80.2707,warm_humid,3.0,3.0,2.6,180.0,brick,0.345,gi_sheet,0.002,eps,0.05,east,1.2,1.2,0.55,5.8,34.646,37.276,0.1488,23.6
Chennai,13.0827,80.2707,warm_humid,3.0,3.0,2.6,0.0,rammed_earth,0.15,rcc_slab,0.15,xps,0.15,west,1.8,1.2,0.45,1.2,34.686,37.009,0.0893,23.613
Chennai,13.0827,80.2707,warm_humid,3.0,3.0,2.6,90.0,gi_sheet,0.002,brick,0.115,eps,0.2,south,0.6,1.5,0.35,1.6,34.806,37.64,0.0655,23.672
Chennai,13.0827,80.2707,warm_humid,3.0,3.0,2.6,180.0,puf_sandwich_panel,0.075,gi_sheet,0.002,xps,0.05,east,1.8,0.9,0.55,5.8,35.519,40.844,0.0536,23.761
Chennai,13.0827,80.2707,warm_humid,3.0,3.0,2.6,0.0,brick,0.23,mud_brick,0.15,mineral_wool,0.1,north,0.6,0.9,0.45,2.0,33.841,35.97,0.2024,23.604
Chennai,13.0827,80.2707,warm_humid,3.0,3.0,2.6,90.0,plywood,0.05,puf_sandwich_panel,0.075,eps,0.05,west,1.5,0.9,0.75,3.5,36.088,41.18,0.0536,23.725
Chennai,13.0827,80.2707,warm_humid,3.0,3.0,2.6,135.0,brick,0.345,puf_sandwich_panel,0.05,mineral_wool,0.15,south,0.9,1.5,0.45,1.6,33.468,35.608,0.2202,23.6
Chennai,13.0827,80.2707,warm_humid,3.0,3.0,2.6,45.0,plywood,0.05,stone,0.15,mineral_wool,0.15,west,0.9,1.5,0.65,1.2,35.091,37.736,0.0714,23.644
Chennai,13.0827,80.2707,warm_humid,3.0,3.0,2.6,135.0,rammed_earth,0.15,concrete,0.2,sheep_wool,0.15,north,1.2,1.2,0.55,5.8,34.655,36.966,0.0893,23.611
Chennai,13.0827,80.2707,warm_humid,3.0,3.0,2.6,45.0,timber,0.15,stone,0.15,eps,0.2,south,1.2,1.2,0.55,1.6,34.425,36.418,0.0833,23.63
Chennai,13.0827,80.2707,warm_humid,3.0,3.0,2.6,45.0,mud_brick,0.15,brick,0.23,xps,0.05,east,1.5,0.9,0.85,3.5,35.702,38.585,0.0774,23.61
Chennai,13.0827,80.2707,warm_humid,3.0,3.0,2.6,0.0,stone,0.3,aerated_concrete,0.1,mineral_wool,0.15,north,0.9,1.5,0.85,1.6,34.017,36.668,0.2143,23.596
Chennai,13.0827,80.2707,warm_humid,3.0,3.0,2.6,90.0,aerated_concrete,0.2,rcc_slab,0.15,eps,0.15,south,1.8,1.5,0.45,2.0,35.192,37.802,0.0774,23.63
Chennai,13.0827,80.2707,warm_humid,3.0,3.0,2.6,135.0,mud_brick,0.45,stone,0.3,mineral_wool,0.1,north,0.9,0.6,0.75,5.8,32.671,34.919,0.3452,23.592
Chennai,13.0827,80.2707,warm_humid,3.0,3.0,2.6,90.0,mud_brick,0.45,gi_sheet,0.002,mineral_wool,0.15,east,1.8,1.5,0.65,1.2,33.971,36.502,0.2143,23.596
Chennai,13.0827,80.2707,warm_humid,3.0,3.0,2.6,0.0,brick,0.23,aerated_concrete,0.1,eps,0.2,west,1.8,0.9,0.65,2.0,34.432,36.757,0.1131,23.608
Chennai,13.0827,80.2707,warm_humid,3.0,3.0,2.6,135.0,gi_sheet,0.002,puf_sandwich_panel,0.15,xps,0.1,west,0.6,0.6,0.45,3.5,35.073,38.779,0.0536,23.737
Chennai,13.0827,80.2707,warm_humid,3.0,3.0,2.6,180.0,plywood,0.03,timber,0.1,none,0.0,south,0.6,0.6,0.75,2.0,37.371,46.277,0.119,23.715
Chennai,13.0827,80.2707,warm_humid,3.0,3.0,2.6,180.0,timber,0.15,stone,0.15,xps,0.15,south,1.2,1.5,0.45,3.5,34.786,37.076,0.0774,23.631
Chennai,13.0827,80.2707,warm_humid,3.0,3.0,2.6,135.0,rammed_earth,0.45,concrete,0.2,xps,0.05,west,1.5,1.5,0.75,5.8,35.16,38.489,0.1964,23.595
Chennai,13.0827,80.2707,warm_humid,3.0,3.0,2.6,0.0,rammed_earth,0.3,rcc_slab,0.25,xps,0.1,north,0.9,0.6,0.45,1.2,33.228,35.285,0.2262,23.598
Chennai,13.0827,80.2707,warm_humid,3.0,3.0,2.6,0.0,puf_sandwich_panel,0.15,aerated_concrete,0.1,xps,0.15,east,1.2,0.9,0.85,1.6,35.655,39.28,0.0536,23.725
Chennai,13.0827,80.2707,warm_humid,3.0,3.0,2.6,0.0,timber,0.1,gi_sheet,0.002,mineral_wool,0.05,west,0.9,1.5,0.85,3.5,36.236,41.046,0.0595,23.682
Chennai,13.0827,80.2707,warm_humid,3.0,3.0,2.6,135.0,mud_brick,0.3,stone,0.3,eps,0.1,east,1.5,0.9,0.65,5.8,33.711,36.014,0.2143,23.597
Chennai,13.0827,80.2707,warm_humid,3.0,3.0,2.6,90.0,puf_sandwich_panel,0.05,stone,0.3,sheep_wool,0.15,west,1.2,0.6,0.45,2.6,33.918,35.677,0.0952,23.627
Chennai,13.0827,80.2707,warm_humid,3.0,3.0,2.6,0.0,plywood,0.012,concrete,0.1,xps,0.1,south,1.8,0.9,0.45,5.8,35.263,38.825,0.0595,23.677
Chennai,13.0827,80.2707,warm_humid,3.0,3.0,2.6,135.0,gi_sheet,0.002,timber,0.1,xps,0.1,north,1.2,1.5,0.85,3.5,36.853,42.305,0.0536,23.713
Chennai,13.0827,80.2707,warm_humid,3.0,3.0,2.6,135.0,gi_sheet,0.002,concrete,0.1,sheep_wool,0.1,west,1.8,0.6,0.85,1.2,36.596,41.08,0.0536,23.672
Chennai,13.0827,80.2707,warm_humid,3.0,3.0,2.6,45.0,timber,0.1,puf_sandwich_panel,0.1,xps,0.05,east,1.2,0.9,0.45,2.0,35.032,38.073,0.0595,23.686
Chennai,13.0827,80.2707,warm_humid,3.0,3.0,2.6,180.0,gi_sheet,0.002,puf_sandwich_panel,0.075,eps,0.025,south,1.8,0.9,0.35,2.6,36.361,42.905,0.0833,23.745
Chennai,13.0827,80.2707,warm_humid,3.0,3.0,2.6,135.0,aerated_concrete,0.2,concrete,0.15,xps,0.1,east,1.8,1.2,0.45,5.8,34.892,37.311,0.0714,23.63
Chennai,13.0827,80.2707,warm_humid,3.0,3.0,2.6,45.0,mud_brick,0.15,timber,0.1,mineral_wool,0.15,west,1.2,0.9,0.65,5.8,34.505,36.701,0.0893,23.618
Chennai,13.0827,80.2707,warm_humid,3.0,3.0,2.6,45.0,aerated_concrete,0.2,concrete,0.2,eps,0.05,north,0.6,0.6,0.65,1.2,34.81,37.165,0.0774,23.624
Chennai,13.0827,80.2707,warm_humid,3.0,3.0,2.6,90.0,plywood,0.019,concrete,0.15,sheep_wool,0.05,south,0.9,1.2,0.45,3.5,35.892,39.936,0.0595,23.659
Chennai,13.0827,80.2707,warm_humid,3.0,3.0,2.6,0.0,concrete,0.15,rcc_slab,0.1,eps,0.025,east,0.6,1.2,0.75,2.0,36.387,39.8,0.0714,23.61
Chennai,13.0827,80.2707,warm_humid,3.0,3.0,2.6,0.0,gi_sheet,0.002,puf_sandwich_panel,0.075,eps,0.2,west,1.5,0.9,0.85,3.5,35.783,41.238,0.0536,23.736
Chennai,13.0827,80.2707,warm_humid,3.0,3.0,2.6,180.0,gi_sheet,0.002,aerated_concrete,0.1,xps,0.1,north,0.6,1.2,0.35,5.8,35.181,38.986,0.0536,23.714
Chennai,13.0827,80.2707,warm_humid,3.0,3.0,2.6,135.0,mud_brick,0.15,stone,0.3,eps,0.2,south,1.5,0.9,0.35,2.0,33.686,35.738,0.2083,23.605
Chennai,13.0827,80.2707,warm_humid,3.0,3.0,2.6,90.0,stone,0.3,rcc_slab,0.15,eps,0.05,east,1.8,1.5,0.85,2.0,35.42,38.484,0.1012,23.596
Chennai,13.0827,80.2707,warm_humid,3.0,3.0,2.6,90.0,concrete,0.15,stone,0.3,eps,0.15,north,0.9,1.5,0.75,3.5,34.856,37.657,0.1369,23.602
Chennai,13.0827,80.2707,warm_humid,3.0,3.0,2.6,0.0,timber,0.1,stone,0.15,sheep_wool,0.05,south,0.6,0.6,0.75,2.6,35.081,37.732,0.0714,23.637
Chennai,13.0827,80.2707,warm_humid,3.0,3.0,2.6,90.0,brick,0.115,gi_sheet,0.002,eps,0.1,east,0.6,1.2,0.45,2.0,34.74,37.01,0.0774,23.628
Chennai,13.0827,80.2707,warm_humid,3.0,3.0,2.6,45.0,rammed_earth,0.45,mud_brick,0.25,eps,0.1,north,0.9,0.9,0.65,3.5,33.174,35.584,0.244,23.594
Chennai,13.0827,80.2707,warm_humid,3.0,3.0,2.6,90.0,gi_sheet,0.002,mud_brick,0.15,eps,0.025,north,1.8,1.5,0.65,1.6,38.227,45.105,0.0536,23.665
Chennai,13.0827,80.2707,warm_humid,3.0,3.0,2.6,180.0,concrete,0.3,puf_sandwich_panel,0.05,eps,0.05,north,0.6,0.9,0.85,1.2,34.098,36.465,0.2024,23.599
Chennai,13.0827,80.2707,warm_humid,3.0,3.0,2.6,90.0,stone,0.45,mud_brick,0.15,mineral_wool,0.1,west,1.2,0.9,0.35,5.8,32.692,35.011,0.3452,23.591
Chennai,13.0827,80.2707,warm_humid,3.0,3.0,2.6,135.0,gi_sheet,0.002,brick,0.115,eps,0.025,west,1.5,1.5,0.55,1.6,37.876,44.903,0.0536,23.675
Chennai,13.0827,80.2707,warm_humid,3.0,3.0,2.6,45.0,mud_brick,0.45,gi_sheet,0.002,eps,0.15,north,0.6,1.2,0.85,2.6,33.185,35.567,0.244,23.596
Chennai,13.0827,80.2707,warm_humid,3.0,3.0,2.6,0.0,brick,0.115,mud_brick,0.15,eps,0.05,east,0.9,0.6,0.75,1.6,35.565,38.395,0.0774,23.618
Chennai,13.0827,80.2707,warm_humid,3.0,3.0,2.6,0.0,rammed_earth,0.45,rcc_slab,0.25,sheep_wool,0.05,west,1.5,0.9,0.65,3.5,33.961,36.648,0.2143,23.594
Chennai,13.0827,80.2707,warm_humid,3.0,3.0,2.6,180.0,stone,0.45,mud_brick,0.25,mineral_wool,0.15,west,1.2,0.6,0.55,2.6,32.396,34.75,0.369,23.59
Chennai,13.0827,80.2707,warm_humid,3.0,3.0,2.6,0.0,plywood,0.05,aerated_concrete,0.1,xps,0.05,south,1.2,1.2,0.55,1.2,35.748,40.084,0.0536,23.704
Chennai,13.0827,80.2707,warm_humid,3.0,3.0,2.6,45.0,gi_sheet,0.002,gi_sheet,0.002,sheep_wool,0.1,south,1.8,1.5,0.55,1.2,36.512,43.029,0.0536,23.736
Chennai,13.0827,80.2707,warm_humid,3.0,3.0,2.6,0.0,puf_sandwich_panel,0.15,concrete,0.2,xps,0.05,west,1.2,1.2,0.85,1.6,35.713,38.86,0.0655,23.648
Chennai,13.0827,80.2707,warm_humid,3.0,3.0,2.6,45.0,brick,0.345,puf_sandwich_panel,0.15,eps,0.2,east,0.6,1.5,0.55,5.8,33.2,35.15,0.2262,23.6
Chennai,13.0827,80.2707,warm_humid,3.0,3.0,2.6,90.0,brick,0.115,stone,0.3,none,0.0,south,1.8,1.2,0.35,3.5,38.363,44.06,0.0595,23.608
Chennai,13.0827,80.2707,warm_humid,3.0,3.0,2.6,0.0,stone,0.45,timber,0.15,eps,0.2,east,1.8,0.6,0.65,3.5,32.739,35.206,0.3452,23.591
Chennai,13.0827,80.2707,warm_humid,3.0,3.0,2.6,0.0,gi_sheet,0.002,aerated_concrete,0.1,eps,0.05,north,1.2,0.9,0.55,2.6,36.078,41.718,0.0536,23.717
Chennai,13.0827,80.2707,warm_humid,3.0,3.0,2.6,0.0,plywood,0.05,stone,0.15,xps,0.15,west,0.6,0.9,0.55,2.6,34.261,36.299,0.0774,23.645
Chennai,13.0827,80.2707,warm_humid,3.0,3.0,2.6,0.0,aerated_concrete,0.1,concrete,0.15,sheep_wool,0.1,south,0.6,0.6,0.55,1.6,34.487,36.658,0.0714,23.641
Chennai,13.0827,80.2707,warm_humid,3.0,3.0,2.6,90.0,stone,0.45,rcc_slab,0.1,xps,0.15,west,1.5,0.6,0.65,3.5,32.563,34.911,0.3571,23.591
Chennai,13.0827,80.2707,warm_humid,3.0,3.0,2.6,45.0,gi_sheet,0.002,rcc_slab,0.25,sheep_wool,0.05,north,0.6,0.9,0.85,1.6,35.991,39.583,0.0655,23.636
Chennai,13.0827,80.2707,warm_humid,3.0,3.0,2.6,0.0,mud_brick,0.3,timber,0.1,xps,0.05,south,0.9,0.6,0.65,3.5,33.977,36.182,0.2024,23.602
Chennai,13.0827,80.2707,warm_humid,3.0,3.0,2.6,45.0,timber,0.2,aerated_concrete,0.2,mineral_wool,0.1,east,1.8,0.9,0.55,2.6,35.102,37.549,0.0714,23.641
Chennai,13.0827,80.2707,warm_humid,3.0,3.0,2.6,45.0,puf_sandwich_panel,0.075,rcc_slab,0.2,eps,0.1,west,1.2,0.6,0.75,1.6,34.538,36.776,0.0714,23.648
Chennai,13.0827,80.2707,warm_humid,3.0,3.0,2.6,0.0,aerated_concrete,0.2,brick,0.23,mineral_wool,0.1,south,1.5,0.6,0.55,1.6,34.352,36.332,0.0833,23.624
Chennai,13.0827,80.2707,warm_humid,3.0,3.0,2.6,0.0,stone,0.15,mud_brick,0.25,sheep_wool,0.05,south,0.6,0.6,0.75,5.8,34.699,37.156,0.0952,23.604
Chennai,13.0827,80.2707,warm_humid,3.0,3.0,2.6,90.0,puf_sandwich_panel,0.075,brick,0.115,eps,0.1,south,1.8,1.5,0.35,1.2,35.3,38.641,0.0595,23.682
Chennai,13.0827,80.2707,warm_humid,3.0,3.0,2.6,90.0,timber,0.1,concrete,0.15,eps,0.1,west,1.5,1.5,0.65,2.0,36.228,39.617,0.0655,23.641
Chennai,13.0827,80.2707,warm_humid,3.0,3.0,2.6,90.0,timber,0.2,timber,0.15,mineral_wool,0.05,north,1.2,1.2,0.75,5.8,36.029,39.392,0.0655,23.643
Chennai,13.0827,80.2707,warm_humid,3.0,3.0,2.6,180.0,gi_sheet,0.002,brick,0.23,sheep_wool,0.1,east,0.6,0.6,0.55,3.5,35.158,38.029,0.0655,23.646
Chennai,13.0827,80.2707,warm_humid,3.0,3.0,2.6,135.0,aerated_concrete,0.2,stone,0.3,sheep_wool,0.05,west,1.2,1.5,0.45,2.0,35.478,38.334,0.0774,23.614
Chennai,13.0827,80.2707,warm_humid,3.0,3.0,2.6,45.0,timber,0.2,rcc_slab,0.15,mineral_wool,0.05,north,1.5,0.6,0.65,3.5,35.369,38.099,0.0714,23.628
Chennai,13.0827,80.2707,warm_humid,3.0,3.0,2.6,90.0,brick,0.115,timber,0.15,xps,0.1,north,0.9,0.6,0.35,5.8,34.52,36.673,0.0833,23.625
Chennai,13.0827,80.2707,warm_humid,3.0,3.0,2.6,45.0,rammed_earth,0.3,stone,0.3,mineral_wool,0.1,south,0.6,1.2,0.75,5.8,33.396,35.544,0.2262,23.597
Chennai,13.0827,80.2707,warm_humid,3.0,3.0,2.6,0.0,timber,0.1,mud_brick,0.15,eps,0.05,east,0.9,0.6,0.55,1.6,35.254,38.123,0.0655,23.646
Chennai,13.0827,80.2707,warm_humid,3.0,3.0,2.6,0.0,gi_sheet,0.002,mud_brick,0.25,mineral_wool,0.15,south,1.2,0.6,0.45,2.6,34.602,36.923,0.0714,23.64
Chennai,13.0827,80.2707,warm_humid,3.0,3.0,2.6,0.0,gi_sheet,0.002,stone,0.3,xps,0.1,west,1.5,0.9,0.35,2.6,34.811,37.261,0.0774,23.625
Chennai,13.0827,80.2707,warm_humid,3.0,3.0,2.6,0.0,concrete,0.3,stone,0.3,sheep_wool,0.05,east,0.9,1.2,0.65,1.2,34.479,37.38,0.2083,23.595
Chennai,13.0827,80.2707,warm_humid,3.0,3.0,2.6,180.0,gi_sheet,0.002,aerated_concrete,0.2,xps,0.05,west,0.9,1.5,0.45,2.0,36.265,41.164,0.0536,23.697
Chennai,13.0827,80.2707,warm_humid,3.0,3.0,2.6,45.0,gi_sheet,0.002,puf_sandwich_panel,0.075,mineral_wool,0.1,south,1.5,1.2,0.35,2.6,35.305,40.057,0.0536,23.732
Chennai,13.0827,80.2707,warm_humid,3.0,3.0,2.6,135.0,timber,0.1,stone,0.3,mineral_wool,0.1,east,1.5,0.9,0.35,2.6,34.317,36.341,0.0893,23.618
Chennai,13.0827,80.2707,warm_humid,3.0,3.0,2.6,180.0,stone,0.15,mud_brick,0.15,eps,0.1,east,1.8,0.6,0.35,3.5,34.386,36.696,0.1071,23.606
Chennai,13.0827,80.2707,warm_humid,3.0,3.0,2.6,45.0,rammed_earth,0.15,stone,0.3,mineral_wool,0.05,east,1.2,0.6,0.65,1.2,34.786,37.312,0.0952,23.605
Chennai,13.0827,80.2707,warm_humid,3.0,3.0,2.6,45.0,puf_sandwich_panel,0.075,brick,0.115,xps,0.1,east,0.6,0.6,0.85,1.2,34.406,36.668,0.0655,23.682
Chennai,13.0827,80.2707,warm_humid,3.0,3.0,2.6,135.0,mud_brick,0.3,stone,0.15,eps,0.15,east,1.5,1.2,0.65,2.6,33.987,36.324,0.2083,23.6
Chennai,13.0827,80.2707,warm_humid,3.0,3.0,2.6,90.0,mud_brick,0.3,aerated_concrete,0.1,sheep_wool,0.1,south,1.5,1.2,0.75,3.5,34.758,37.397,0.1131,23.603
Chennai,13.0827,80.2707,warm_humid,3.0,3.0,2.6,90.0,gi_sheet,0.002,puf_sandwich_panel,0.1,eps,0.05,east,1.8,0.6,0.35,1.2,35.512,40.585,0.0595,23.743
Chennai,13.0827,80.2707,warm_humid,3.0,3.0,2.6,0.0,brick,0.23,stone,0.15,eps,0.05,south,1.8,1.5,0.35,1.6,35.046,37.648,0.0893,23.604
Chennai,13.0827,80.2707,warm_humid,3.0,3.0,2.6,0.0,stone,0.45,puf_sandwich_panel,0.1,xps,0.1,west,1.2,1.5,0.35,3.5,32.762,35.014,0.3393,23.592
Chennai,13.0827,80.2707,warm_humid,3.0,3.0,2.6,90.0,concrete,0.1,stone,0.15,xps,0.15,east,0.6,0.6,0.75,1.6,34.139,36.097,0.1012,23.614
Chennai,13.0827,80.2707,warm_humid,3.0,3.0,2.6,0.0,stone,0.15,mud_brick,0.15,sheep_wool,0.15,south,1.2,0.9,0.45,5.8,34.073,36.113,0.1369,23.606
Chennai,13.0827,80.2707,warm_humid,3.0,3.0,2.6,180.0,puf_sandwich_panel,0.1,stone,0.3,xps,0.15,west,0.9,1.2,0.55,2.0,34.381,36.443,0.0893,23.626
Chennai,13.0827,80.2707,warm_humid,3.0,3.0,2.6,0.0,concrete,0.3,stone,0.3,none,0.0,east,1.5,0.6,0.45,1.6,37.399,41.543,0.0714,23.595
Chennai,13.0827,80.2707,warm_humid,3.0,3.0,2.6,45.0,stone,0.45,timber,0.1,mineral_wool,0.15,east,1.8,0.9,0.55,2.6,32.922,35.38,0.3333,23.592
Chennai,13.0827,80.2707,warm_humid,3.0,3.0,2.6,45.0,puf_sandwich_panel,0.1,timber,0.1,xps,0.1,north,0.9,0.6,0.45,1.6,34.346,36.876,0.0595,23.729
Chennai,13.0827,80.2707,warm_humid,3.0,3.0,2.6,90.0,brick,0.345,concrete,0.1,mineral_wool,0.05,east,0.6,1.5,0.45,5.8,34.138,36.574,0.2024,23.598
Chennai,13.0827,80.2707,warm_humid,3.0,3.0,2.6,0.0,brick,0.345,gi_sheet,0.002,eps,0.05,north,1.8,0.6,0.45,2.6,34.379,36.922,0.1964,23.6
Chennai,13.0827,80.2707,warm_humid,3.0,3.0,2.6,90.0,stone,0.3,concrete,0.2,sheep_wool,0.05,west,1.5,1.5,0.65,1.2,35.143,38.343,0.1964,23.595
Chennai,13.0827,80.2707,warm_humid,3.0,3.0,2.6,90.0,gi_sheet,0.002,timber,0.1,xps,0.1,north,1.5,0.6,0.85,1.2,36.144,40.832,0.0536,23.713
Chennai,13.0827,80.2707,warm_humid,3.0,3.0,2.6,180.0,rammed_earth,0.15,timber,0.15,mineral_wool,0.1,south,1.8,0.9,0.55,1.6,35.22,37.785,0.0774,23.619
Chennai,13.0827,80.2707,warm_humid,3.0,3.0,2.6,180.0,timber,0.1,aerated_concrete,0.1,xps,0.15,east,1.8,0.9,0.45,5.8,34.87,37.812,0.0655,23.673
Chennai,13.0827,80.2707,warm_humid,3.0,3.0,2.6,0.0,mud_brick,0.3,mud_brick,0.15,eps,0.05,west,1.5,1.5,0.35,1.6,34.556,37.154,0.1964,23.601
Chennai,13.0827,80.2707,warm_humid,3.0,3.0,2.6,180.0,puf_sandwich_panel,0.05,gi_sheet,0.002,xps,0.15,north,0.6,0.9,0.55,3.5,34.205,36.906,0.0595,23.754
Chennai,13.0827,80.2707,warm_humid,3.0,3.0,2.6,0.0,stone,0.45,aerated_concrete,0.2,sheep_wool,0.15,west,0.6,0.9,0.75,1.2,32.364,34.56,0.369,23.591
Chennai,13.0827,80.2707,warm_humid,3.0,3.0,2.6,0.0,stone,0.45,gi_sheet,0.002,mineral_wool,0.15,west,0.6,0.6,0.55,2.6,32.198,34.266,0.375,23.591
Chennai,13.0827,80.2707,warm_humid,3.0,3.0,2.6,180.0,puf_sandwich_panel,0.1,gi_sheet,0.002,sheep_wool,0.15,east,0.9,0.9,0.75,1.6,34.742,38.234,0.0536,23.754
Chennai,13.0827,80.2707,warm_humid,3.0,3.0,2.6,180.0,gi_sheet,0.002,concrete,0.1,sheep_wool,0.1,east,1.2,0.9,0.75,3.5,35.968,40.207,0.0595,23.672
Chennai,13.0827,80.2707,warm_humid,3.0,3.0,2.6,90.0,concrete,0.15,concrete,0.2,sheep_wool,0.1,east,0.6,0.9,0.75,5.8,34.377,36.618,0.1071,23.606
Chennai,13.0827,80.2707,warm_humid,3.0,3.0,2.6,90.0,gi_sheet,0.002,aerated_concrete,0.2,mineral_wool,0.05,west,0.9,0.9,0.55,2.0,35.852,40.574,0.0536,23.695
Chennai,13.0827,80.2707,warm_humid,3.0,3.0,2.6,0.0,timber,0.15,puf_sandwich_panel,0.05,eps,0.05,north,0.6,0.6,0.45,5.8,34.514,36.937,0.0655,23.665
Chennai,13.0827,80.2707,warm_humid,3.0,3.0,2.6,180.0,rammed_earth,0.45,brick,0.115,mineral_wool,0.1,south,1.8,1.2,0.55,5.8,34.091,36.697,0.2083,23.596
Chennai,13.0827,80.2707,warm_humid,3.0,3.0,2.6,135.0,plywood,0.012,puf_sandwich_panel,0.1,mineral_wool,0.05,west,1.8,0.6,0.35,5.8,35.669,40.668,0.0655,23.755
Chennai,13.0827,80.2707,warm_humid,3.0,3.0,2.6,90.0,timber,0.1,mud_brick,0.25,sheep_wool,0.15,west,0.6,0.6,0.35,1.6,33.96,35.735,0.0893,23.632
Chennai,13.0827,80.2707,warm_humid,3.0,3.0,2.6,90.0,stone,0.15,puf_sandwich_panel,0.15,mineral_wool,0.05,north,1.5,1.2,0.45,2.0,35.416,38.172,0.0774,23.611
Chennai,13.0827,80.2707,warm_humid,3.0,3.0,2.6,45.0,aerated_concrete,0.1,aerated_concrete,0.1,eps,0.2,east,1.2,1.5,0.35,1.6,34.8,37.326,0.0655,23.675
Chennai,13.0827,80.2707,warm_humid,3.0,3.0,2.6,135.0,plywood,0.05,mud_brick,0.15,mineral_wool,0.05,west,1.2,0.6,0.75,3.5,35.9,39.564,0.0595,23.658
Chennai,13.0827,80.2707,warm_humid,3.0,3.0,2.6,0.0,rammed_earth,0.45,gi_sheet,0.002,sheep_wool,0.1,west,0.6,1.2,0.55,2.6,33.188,35.341,0.2321,23.596
Chennai,13.0827,80.2707,warm_humid,3.0,3.0,2.6,135.0,rammed_earth,0.15,aerated_concrete,0.2,mineral_wool,0.1,east,1.2,1.5,0.75,1.6,35.455,38.071,0.0774,23.619
Chennai,13.0827,80.2707,warm_humid,3.0,3.0,2.6,90.0,puf_sandwich_panel,0.15,timber,0.15,mineral_wool,0.15,west,0.6,0.6,0.75,2.0,34.05,36.094,0.0655,23.703
Chennai,13.0827,80.2707,warm_humid,3.0,3.0,2.6,180.0,aerated_concrete,0.2,timber,0.15,sheep_wool,0.1,east,0.6,0.9,0.45,1.6,34.327,36.395,0.0774,23.645
Chennai,13.0827,80.2707,warm_humid,3.0,3.0,2.6,135.0,rammed_earth,0.45,rcc_slab,0.15,sheep_wool,0.05,south,1.2,1.5,0.85,3.5,34.739,37.74,0.2024,23.595
Chennai,13.0827,80.2707,warm_humid,3.0,3.0,2.6,90.0,timber,0.2,rcc_slab,0.2,xps,0.1,south,1.5,0.6,0.55,2.0,34.312,36.346,0.0893,23.623
Chennai,13.0827,80.2707,warm_humid,3.0,3.0,2.6,0.0,puf_sandwich_panel,0.05,aerated_concrete,0.2,eps,0.025,east,1.2,1.5,0.75,1.6,37.041,42.48,0.0536,23.713
Chennai,13.0827,80.2707,warm_humid,3.0,3.0,2.6,45.0,brick,0.23,gi_sheet,0.002,eps,0.15,east,0.9,0.6,0.45,3.5,33.691,35.603,0.2024,23.608
Chennai,13.0827,80.2707,warm_humid,3.0,3.0,2.6,180.0,concrete,0.15,puf_sandwich_panel,0.075,mineral_wool,0.05,north,0.9,1.5,0.35,1.2,35.016,37.434,0.0833,23.615
Chennai,13.0827,80.2707,warm_humid,3.0,3.0,2.6,135.0,mud_brick,0.15,concrete,0.15,mineral_wool,0.15,west,1.5,0.9,0.55,5.8,34.805,37.297,0.0893,23.611
Chennai,13.0827,80.2707,warm_humid,3.0,3.0,2.6,180.0,aerated_concrete,0.3,stone,0.3,xps,0.05,west,0.9,1.5,0.55,1.2,34.98,37.642,0.0952,23.61
Chennai,13.0827,80.2707,warm_humid,3.0,3.0,2.6,90.0,gi_sheet,0.002,concrete,0.1,sheep_wool,0.1,south,1.2,1.5,0.55,2.6,36.015,40.43,0.0595,23.673
Chennai,13.0827,80.2707,warm_humid,3.0,3.0,2.6,135.0,gi_sheet,0.002,rcc_slab,0.25,sheep_wool,0.1,south,1.2,1.2,0.85,2.0,36.191,39.732,0.0655,23.636
Chennai,13.0827,80.2707,warm_humid,3.0,3.0,2.6,180.0,puf_sandwich_panel,0.075,puf_sandwich_panel,0.075,sheep_wool,0.05,north,1.2,0.9,0.75,5.8,34.894,38.94,0.0536,23.771
Chennai,13.0827,80.2707,warm_humid,3.0,3.0,2.6,135.0,puf_sandwich_panel,0.1,gi_sheet,0.002,sheep_wool,0.1,north,0.6,1.5,0.85,2.0,35.277,39.019,0.0536,23.757
Chennai,13.0827,80.2707,warm_humid,3.0,3.0,2.6,0.0,gi_sheet,0.002,puf_sandwich_panel,0.1,eps,0.15,west,1.2,0.6,0.55,2.0,34.947,39.09,0.0536,23.737
Chennai,13.0827,80.2707,warm_humid,3.0,3.0,2.6,135.0,rammed_earth,0.15,mud_brick,0.15,eps,0.025,south,1.5,1.5,0.35,5.8,35.98,39.288,0.0714,23.615
Chennai,13.0827,80.2707,warm_humid,3.0,3.0,2.6,135.0,gi_sheet,0.002,concrete,0.1,xps,0.05,south,1.2,1.5,0.35,1.2,36.2,40.902,0.0595,23.673
Chennai,13.0827,80.2707,warm_humid,3.0,3.0,2.6,0.0,concrete,0.15,gi_sheet,0.002,mineral_wool,0.15,north,0.6,0.6,0.55,5.8,34.025,35.969,0.1012,23.613
Chennai,13.0827,80.2707,warm_humid,3.0,3.0,2.6,180.0,concrete,0.2,timber,0.1,xps,0.1,west,0.9,0.6,0.55,3.5,34.239,36.529,0.1905,23.606
Chennai,13.0827,80.2707,warm_humid,3.0,3.0,2.6,135.0,timber,0.1,timber,0.15,eps,0.2,east,1.5,0.6,0.55,1.2,34.429,36.566,0.0714,23.666
Chennai,13.0827,80.2707,warm_humid,3.0,3.0,2.6,0.0,puf_sandwich_panel,0.075,mud_brick,0.15,mineral_wool,0.15,north,1.2,1.5,0.35,1.6,34.675,37.061,0.0655,23.665
Chennai,13.0827,80.2707,warm_humid,3.0,3.0,2.6,180.0,puf_sandwich_panel,0.15,timber,0.1,sheep_wool,0.05,east,1.2,1.5,0.55,2.6,35.527,40.044,0.0536,23.73
Chennai,13.0827,80.2707,warm_humid,3.0,3.0,2.6,90.0,gi_sheet,0.002,concrete,0.15,none,0.0,north,1.2,1.2,0.55,2.6,38.781,50.637,0.1607,22.56
Chennai,13.0827,80.2707,warm_humid,3.0,3.0,2.6,0.0,puf_sandwich_panel,0.1,mud_brick,0.25,eps,0.15,south,0.9,1.5,0.35,2.6,34.047,35.801,0.0774,23.646
Chennai,13.0827,80.2707,warm_humid,3.0,3.0,2.6,0.0,concrete,0.1,gi_sheet,0.002,eps,0.05,north,1.5,1.5,0.75,1.2,37.127,41.219,0.0655,23.629
Chennai,13.0827,80.2707,warm_humid,3.0,3.0,2.6,180.0,puf_sandwich_panel,0.1,aerated_concrete,0.1,sheep_wool,0.05,east,1.8,1.2,0.65,1.6,36.259,41.869,0.0536,23.735
Chennai,13.0827,80.2707,warm_humid,3.0,3.0,2.6,45.0,mud_brick,0.45,rcc_slab,0.15,mineral_wool,0.1,south,1.2,1.2,0.75,2.6,33.452,35.93,0.2262,23.594
Chennai,13.0827,80.2707,warm_humid,3.0,3.0,2.6,90.0,gi_sheet,0.002,timber,0.15,eps,0.2,south,1.5,1.5,0.85,1.2,36.892,42.702,0.0536,23.701
Chennai,13.0827,80.2707,warm_humid,3.0,3.0,2.6,45.0,puf_sandwich_panel,0.075,puf_sandwich_panel,0.05,mineral_wool,0.15,west,1.8,0.6,0.65,3.5,34.729,38.235,0.0595,23.747
Chennai,13.0827,80.2707,warm_humid,3.0,3.0,2.6,45.0,rammed_earth,0.3,concrete,0.1,sheep_wool,0.05,south,0.9,1.5,0.45,1.2,34.628,37.181,0.125,23.602
Chennai,13.0827,80.2707,warm_humid,3.0,3.0,2.6,180.0,timber,0.2,puf_sandwich_panel,0.15,eps,0.05,west,1.8,0.9,0.55,2.0,35.6,38.583,0.0655,23.653
Chennai,13.0827,80.2707,warm_humid,3.0,3.0,2.6,90.0,stone,0.3,timber,0.15,sheep_wool,0.15,south,0.6,1.5,0.85,5.8,33.575,35.878,0.2202,23.596
Chennai,13.0827,80.2707,warm_humid,3.0,3.0,2.6,45.0,gi_sheet,0.002,brick,0.115,sheep_wool,0.15,west,0.6,1.2,0.55,2.0,35.067,38.341,0.0655,23.673
Chennai,13.0827,80.2707,warm_humid,3.0,3.0,2.6,180.0,mud_brick,0.45,aerated_concrete,0.1,xps,0.05,east,0.9,0.6,0.55,1.2,33.277,35.568,0.2321,23.595
Chennai,13.0827,80.2707,warm_humid,3.0,3.0,2.6,90.0,concrete,0.1,timber,0.1,sheep_wool,0.1,north,1.2,0.6,0.65,1.6,35.256,37.861,0.0774,23.625
Chennai,13.0827,80.2707,warm_humid,3.0,3.0,2.6,0.0,mud_brick,0.45,gi_sheet,0.002,xps,0.15,west,1.5,1.2,0.35,1.2,32.972,35.127,0.244,23.596
Chennai,13.0827,80.2707,warm_humid,3.0,3.0,2.6,90.0,puf_sandwich_panel,0.05,stone,0.15,xps,0.1,west,1.5,0.9,0.85,3.5,35.59,38.665,0.0655,23.655
Chennai,13.0827,80.2707,warm_humid,3.0,3.0,2.6,135.0,mud_brick,0.3,timber,0.1,mineral_wool,0.1,east,0.6,1.2,0.35,3.5,33.471,35.476,0.2143,23.602
Chennai,13.0827,80.2707,warm_humid,3.0,3.0,2.6,180.0,stone,0.15,gi_sheet,0.002,xps,0.05,west,0.6,0.6,0.45,1.6,34.955,37.489,0.0833,23.61
Chennai,13.0827,80.2707,warm_humid,3.0,3.0,2.6,135.0,aerated_concrete,0.1,concrete,0.2,sheep_wool,0.15,south,1.8,1.2,0.35,1.6,34.882,37.31,0.0774,23.634
Chennai,13.0827,80.2707,warm_humid,3.0,3.0,2.6,45.0,rammed_earth,0.45,rcc_slab,0.15,xps,0.1,west,0.6,1.2,0.55,2.6,32.903,35.079,0.2619,23.595
Chennai,13.0827,80.2707,warm_humid,3.0,3.0,2.6,90.0,stone,0.3,gi_sheet,0.002,mineral_wool,0.1,north,1.2,1.2,0.55,1.2,34.163,36.841,0.2083,23.597
Chennai,13.0827,80.2707,warm_humid,3.0,3.0,2.6,45.0,rammed_earth,0.45,timber,0.15,eps,0.2,south,1.8,0.9,0.65,2.6,33.281,35.503,0.2321,23.596
Chennai,13.0827,80.2707,warm_humid,3.0,3.0,2.6,90.0,brick,0.115,timber,0.15,xps,0.15,west,1.5,0.9,0.55,1.6,34.992,37.387,0.0774,23.625
Chennai,13.0827,80.2707,warm_humid,3.0,3.0,2.6,45.0,gi_sheet,0.002,brick,0.115,eps,0.1,south,1.8,0.9,0.75,2.6,36.056,40.379,0.0595,23.674
Chennai,13.0827,80.2707,warm_humid,3.0,3.0,2.6,135.0,gi_sheet,0.002,aerated_concrete,0.2,sheep_wool,0.05,south,0.9,0.9,0.35,3.5,35.795,40.566,0.0536,23.697
Chennai,13.0827,80.2707,warm_humid,3.0,3.0,2.6,135.0,plywood,0.05,rcc_slab,0.25,mineral_wool,0.15,east,0.9,0.6,0.65,1.6,34.292,36.25,0.0833,23.632
Chennai,13.0827,80.2707,warm_humid,3.0,3.0,2.6,135.0,plywood,0.05,rcc_slab,0.15,mineral_wool,0.1,south,0.9,0.9,0.55,5.8,34.901,37.548,0.0714,23.649
Chennai,13.0827,80.2707,warm_humid,3.0,3.0,2.6,45.0,timber,0.15,gi_sheet,0.002,mineral_wool,0.15,south,1.8,1.2,0.85,1.6,36.139,39.653,0.0595,23.661
Chennai,13.0827,80.2707,warm_humid,3.0,3.0,2.6,0.0,gi_sheet,0.002,concrete,0.1,eps,0.1,north,1.2,0.9,0.85,1.6,36.016,40.188,0.0595,23.672
Chennai,13.0827,80.2707,warm_humid,3.0,3.0,2.6,135.0,gi_sheet,0.002,stone,0.15,mineral_wool,0.1,east,1.2,0.9,0.35,2.0,35.216,38.119,0.0655,23.648
Chennai,13.0827,80.2707,warm_humid,3.0,3.0,2.6,135.0,rammed_earth,0.3,mud_brick,0.15,mineral_wool,0.1,west,1.5,0.9,0.85,1.6,34.924,37.898,0.1905,23.601
Chennai,13.0827,80.2707,warm_humid,3.0,3.0,2.6,180.0,brick,0.345,stone,0.3,eps,0.05,west,0.9,1.5,0.85,1.6,34.839,38.05,0.2024,23.595
Chennai,13.0827,80.2707,warm_humid,3.0,3.0,2.6,0.0,puf_sandwich_panel,0.1,timber,0.15,sheep_wool,0.05,east,0.9,0.9,0.35,5.8,34.656,37.674,0.0595,23.719
Chennai,13.0827,80.2707,warm_humid,3.0,3.0,2.6,90.0,stone,0.45,concrete,0.1,sheep_wool,0.1,south,0.9,1.5,0.85,2.0,33.353,36.125,0.2381,23.591
Chennai,13.0827,80.2707,warm_humid,3.0,3.0,2.6,180.0,rammed_earth,0.3,puf_sandwich_panel,0.05,sheep_wool,0.05,east,1.2,0.9,0.35,1.6,34.152,36.386,0.1964,23.604
Chennai,13.0827,80.2707,warm_humid,3.0,3.0,2.6,135.0,aerated_concrete,0.2,puf_sandwich_panel,0.15,mineral_wool,0.1,north,0.6,1.2,0.35,1.2,34.147,36.013,0.0714,23.652
Chennai,13.0827,80.2707,warm_humid,3.0,3.0,2.6,180.0,rammed_earth,0.45,aerated_concrete,0.2,xps,0.05,east,1.5,0.6,0.35,5.8,33.365,35.555,0.2262,23.596
Chennai,13.0827,80.2707,warm_humid,3.0,3.0,2.6,0.0,mud_brick,0.3,brick,0.23,xps,0.05,west,0.6,1.2,0.45,5.8,33.924,36.271,0.2083,23.599
Chennai,13.0827,80.2707,warm_humid,3.0,3.0,2.6,135.0,plywood,0.019,mud_brick,0.15,mineral_wool,0.15,east,1.5,0.9,0.75,3.5,35.493,38.62,0.0655,23.661
Chennai,13.0827,80.2707,warm_humid,3.0,3.0,2.6,90.0,gi_sheet,0.002,concrete,0.15,eps,0.15,east,1.2,1.2,0.55,1.6,35.292,38.184,0.0655,23.655
Chennai,13.0827,80.2707,warm_humid,3.0,3.0,2.6,180.0,gi_sheet,0.002,puf_sandwich_panel,0.05,eps,0.05,north,1.5,1.5,0.65,1.6,36.678,43.218,0.0536,23.745
Chennai,13.0827,80.2707,warm_humid,3.0,3.0,2.6,0.0,stone,0.3,timber,0.15,eps,0.15,south,1.5,0.6,0.45,3.5,33.071,35.08,0.2321,23.596
Chennai,13.0827,80.2707,warm_humid,3.0,3.0,2.6,0.0,puf_sandwich_panel,0.15,timber,0.15,mineral_wool,0.1,west,1.5,1.2,0.35,1.6,34.658,37.59,0.0595,23.708
Chennai,13.0827,80.2707,warm_humid,3.0,3.0,2.6,180.0,aerated_concrete,0.2,puf_sandwich_panel,0.1,xps,0.15,south,1.5,0.9,0.35,3.5,34.364,36.454,0.0714,23.654
Chennai,13.0827,80.2707,warm_humid,3.0,3.0,2.6,90.0,aerated_concrete,0.1,concrete,0.15,none,0.0,west,0.6,0.9,0.75,1.6,38.396,45.918,0.0536,23.642
Chennai,13.0827,80.2707,warm_humid,3.0,3.0,2.6,135.0,brick,0.115,concrete,0.1,eps,0.2,east,0.9,0.9,0.55,2.6,34.373,36.399,0.0893,23.62
Chennai,13.0827,80.2707,warm_humid,3.0,3.0,2.6,90.0,rammed_earth,0.3,mud_brick,0.25,xps,0.05,east,1.5,1.2,0.45,1.6,34.307,36.73,0.1964,23.6
Chennai,13.0827,80.2707,warm_humid,3.0,3.0,2.6,135.0,timber,0.2,gi_sheet,0.002,mineral_wool,0.05,west,0.9,0.9,0.35,2.6,35.038,37.773,0.0655,23.65
Chennai,13.0827,80.2707,warm_humid,3.0,3.0,2.6,135.0,mud_brick,0.45,rcc_slab,0.15,xps,0.15,south,0.6,1.5,0.85,2.6,32.941,35.274,0.2738,23.594
Chennai,13.0827,80.2707,warm_humid,3.0,3.0,2.6,0.0,gi_sheet,0.002,aerated_concrete,0.1,mineral_wool,0.1,south,0.9,1.2,0.35,2.0,35.162,39.187,0.0595,23.709
Chennai,13.0827,80.2707,warm_humid,3.0,3.0,2.6,90.0,plywood,0.019,rcc_slab,0.2,eps,0.05,east,0.9,0.9,0.65,1.6,35.701,39.032,0.0655,23.646
Chennai,13.0827,80.2707,warm_humid,3.0,3.0,2.6,135.0,aerated_concrete,0.3,brick,0.23,sheep_wool,0.1,west,1.5,1.2,0.65,2.6,35.703,38.684,0.0774,23.618
Chennai,13.0827,80.2707,warm_humid,3.0,3.0,2.6,0.0,gi_sheet,0.002,stone,0.3,xps,0.05,north,1.2,1.2,0.85,2.6,36.303,39.793,0.0655,23.625
Chennai,13.0827,80.2707,warm_humid,3.0,3.0,2.6,0.0,rammed_earth,0.45,stone,0.3,eps,0.2,south,1.5,1.5,0.85,1.2,33.548,36.167,0.2262,23.593
Chennai,13.0827,80.2707,warm_humid,3.0,3.0,2.6,0.0,gi_sheet,0.002,mud_brick,0.15,sheep_wool,0.1,south,1.5,0.9,0.85,1.2,35.936,39.739,0.0595,23.664
Chennai,13.0827,80.2707,warm_humid,3.0,3.0,2.6,0.0,timber,0.1,brick,0.115,eps,0.1,east,1.8,1.2,0.65,2.6,36.72,40.647,0.0595,23.653
Chennai,13.0827,80.2707,warm_humid,3.0,3.0,2.6,180.0,puf_sandwich_panel,0.1,mud_brick,0.15,sheep_wool,0.1,east,1.8,0.9,0.85,2.6,35.803,39.413,0.0595,23.67
Chennai,13.0827,80.2707,warm_humid,3.0,3.0,2.6,45.0,aerated_concrete,0.1,brick,0.23,none,0.0,west,1.5,1.2,0.75,1.2,38.142,44.37,0.0595,23.636
Chennai,13.0827,80.2707,warm_humid,3.0,3.0,2.6,90.0,puf_sandwich_panel,0.05,brick,0.23,mineral_wool,0.05,south,1.2,0.6,0.65,1.6,34.961,37.616,0.0714,23.65
Chennai,13.0827,80.2707,warm_humid,3.0,3.0,2.6,135.0,plywood,0.019,concrete,0.2,eps,0.05,east,1.8,0.9,0.35,3.5,35.745,39.238,0.0655,23.646
Chennai,13.0827,80.2707,warm_humid,3.0,3.0,2.6,135.0,rammed_earth,0.15,aerated_concrete,0.1,eps,0.05,east,1.8,0.9,0.45,3.5,35.376,38.104,0.0714,23.621
Chennai,13.0827,80.2707,warm_humid,3.0,3.0,2.6,0.0,stone,0.45,timber,0.1,eps,0.1,west,1.8,1.5,0.65,2.0,33.861,36.817,0.2262,23.592
Chennai,13.0827,80.2707,warm_humid,3.0,3.0,2.6,135.0,timber,0.2,gi_sheet,0.002,xps,0.1,west,0.6,0.6,0.65,2.6,34.388,36.47,0.0714,23.649
Chennai,13.0827,80.2707,warm_humid,3.0,3.0,2.6,45.0,mud_brick,0.45,concrete,0.15,sheep_wool,0.1,east,0.9,1.2,0.35,1.6,32.964,35.213,0.2619,23.594
Chennai,13.0827,80.2707,warm_humid,3.0,3.0,2.6,45.0,rammed_earth,0.15,brick,0.115,eps,0.15,east,1.8,0.9,0.75,1.2,35.301,37.859,0.0833,23.616
Chennai,13.0827,80.2707,warm_humid,3.0,3.0,2.6,180.0,plywood,0.012,brick,0.115,mineral_wool,0.15,west,1.5,0.6,0.65,2.6,35.596,38.953,0.0595,23.673
Chennai,13.0827,80.2707,warm_humid,3.0,3.0,2.6,90.0,plywood,0.03,brick,0.23,mineral_wool,0.15,south,1.8,0.9,0.55,3.5,35.164,37.931,0.0714,23.643
Chennai,13.0827,80.2707,warm_humid,3.0,3.0,2.6,90.0,stone,0.45,stone,0.15,none,0.0,north,0.6,1.2,0.75,2.6,37.061,41.166,0.0774,23.59
Chennai,13.0827,80.2707,warm_humid,3.0,3.0,2.6,135.0,timber,0.1,gi_sheet,0.002,sheep_wool,0.15,north,1.5,1.2,0.75,1.6,36.149,39.864,0.0595,23.683
Chennai,13.0827,80.2707,warm_humid,3.0,3.0,2.6,90.0,gi_sheet,0.002,gi_sheet,0.002,mineral_wool,0.15,north,1.2,0.6,0.65,5.8,35.427,39.499,0.0536,23.719
Chennai,13.0827,80.2707,warm_humid,3.0,3.0,2.6,0.0,puf_sandwich_panel,0.15,concrete,0.2,xps,0.05,east,1.2,1.2,0.55,2.0,35.56,38.492,0.0655,23.648
Chennai,13.0827,80.2707,warm_humid,3.0,3.0,2.6,180.0,timber,0.2,puf_sandwich_panel,0.15,eps,0.2,north,0.6,1.2,0.65,1.2,34.027,35.713,0.0774,23.65
Chennai,13.0827,80.2707,warm_humid,3.0,3.0,2.6,90.0,rammed_earth,0.15,aerated_concrete,0.2,eps,0.025,west,1.5,0.6,0.45,3.5,35.555,38.472,0.0714,23.619
Chennai,13.0827,80.2707,warm_humid,3.0,3.0,2.6,45.0,aerated_concrete,0.1,mud_brick,0.25,none,0.0,west,1.2,0.9,0.65,5.8,37.074,42.151,0.0595,23.634
Chennai,13.0827,80.2707,warm_humid,3.0,3.0,2.6,90.0,plywood,0.019,brick,0.115,mineral_wool,0.1,south,1.5,0.6,0.55,1.2,35.293,38.645,0.0595,23.674
Chennai,13.0827,80.2707,warm_humid,3.0,3.0,2.6,135.0,concrete,0.1,concrete,0.1,xps,0.05,south,1.2,0.6,0.35,3.5,35.394,38.174,0.0774,23.619
Chennai,13.0827,80.2707,warm_humid,3.0,3.0,2.6,0.0,aerated_concrete,0.3,aerated_concrete,0.1,sheep_wool,0.15,south,1.5,0.6,0.45,1.6,34.058,35.826,0.0833,23.633
Chennai,13.0827,80.2707,warm_humid,3.0,3.0,2.6,45.0,gi_sheet,0.002,timber,0.15,xps,0.05,west,0.6,0.9,0.65,1.2,35.611,40.383,0.0536,23.704
Chennai,13.0827,80.2707,warm_humid,3.0,3.0,2.6,45.0,puf_sandwich_panel,0.05,aerated_concrete,0.1,xps,0.15,south,0.9,1.2,0.65,1.2,34.746,37.905,0.0595,23.731
Chennai,13.0827,80.2707,warm_humid,3.0,3.0,2.6,0.0,brick,0.345,concrete,0.2,eps,0.1,south,1.2,0.9,0.85,1.2,33.717,36.08,0.2143,23.597
Chennai,13.0827,80.2707,warm_humid,3.0,3.0,2.6,90.0,gi_sheet,0.002,timber,0.1,mineral_wool,0.1,south,1.5,1.5,0.55,1.6,36.29,41.812,0.0536,23.708
Chennai,13.0827,80.2707,warm_humid,3.0,3.0,2.6,45.0,gi_sheet,0.002,rcc_slab,0.1,xps,0.15,south,0.9,0.9,0.35,1.6,34.745,37.552,0.0655,23.67
Chennai,13.0827,80.2707,warm_humid,3.0,3.0,2.6,90.0,aerated_concrete,0.2,concrete,0.2,xps,0.15,north,1.8,1.5,0.35,2.6,35.177,37.752,0.0774,23.625
Chennai,13.0827,80.2707,warm_humid,3.0,3.0,2.6,90.0,rammed_earth,0.3,stone,0.3,sheep_wool,0.05,east,1.8,0.9,0.75,2.6,34.642,37.304,0.1964,23.597
Chennai,13.0827,80.2707,warm_humid,3.0,3.0,2.6,90.0,concrete,0.3,puf_sandwich_panel,0.05,xps,0.15,south,1.2,0.6,0.45,2.6,33.177,35.164,0.2262,23.599
Chennai,13.0827,80.2707,warm_humid,3.0,3.0,2.6,45.0,gi_sheet,0.002,timber,0.15,xps,0.15,north,1.8,0.9,0.45,5.8,35.599,39.815,0.0536,23.701
Chennai,13.0827,80.2707,warm_humid,3.0,3.0,2.6,90.0,stone,0.15,mud_brick,0.15,mineral_wool,0.05,west,0.6,1.5,0.35,5.8,34.891,37.423,0.0893,23.606
Chennai,13.0827,80.2707,warm_humid,3.0,3.0,2.6,0.0,timber,0.15,timber,0.1,xps,0.1,north,1.8,0.9,0.35,5.8,34.779,37.404,0.0655,23.658
Chennai,13.0827,80.2707,warm_humid,3.0,3.0,2.6,0.0,puf_sandwich_panel,0.15,mud_brick,0.25,eps,0.05,north,1.8,0.6,0.75,2.6,35.208,37.891,0.0714,23.646
Chennai,13.0827,80.2707,warm_humid,3.0,3.0,2.6,90.0,brick,0.23,stone,0.15,mineral_wool,0.15,south,1.5,1.2,0.45,1.2,34.086,36.392,0.2024,23.603
Chennai,13.0827,80.2707,warm_humid,3.0,3.0,2.6,0.0,plywood,0.019,aerated_concrete,0.2,xps,0.05,east,0.6,0.6,0.55,3.5,35.372,39.409,0.0595,23.702
Chennai,13.0827,80.2707,warm_humid,3.0,3.0,2.6,180.0,timber,0.15,mud_brick,0.15,mineral_wool,0.15,west,0.9,0.9,0.85,2.6,35.019,37.449,0.0714,23.635
Chennai,13.0827,80.2707,warm_humid,3.0,3.0,2.6,135.0,timber,0.1,brick,0.115,eps,0.1,east,1.5,1.5,0.65,5.8,35.769,39.157,0.0655,23.653
Chennai,13.0827,80.2707,warm_humid,3.0,3.0,2.6,180.0,gi_sheet,0.002,rcc_slab,0.15,xps,0.1,west,0.6,1.2,0.75,1.2,35.758,39.133,0.0595,23.655
Chennai,13.0827,80.2707,warm_humid,3.0,3.0,2.6,45.0,rammed_earth,0.15,concrete,0.1,xps,0.15,north,0.9,0.6,0.35,1.6,33.903,35.785,0.1131,23.615
Chennai,13.0827,80.2707,warm_humid,3.0,3.0,2.6,45.0,puf_sandwich_panel,0.15,mud_brick,0.25,sheep_wool,0.15,south,0.9,1.2,0.75,1.2,34.526,36.58,0.0714,23.646
Chennai,13.0827,80.2707,warm_humid,3.0,3.0,2.6,45.0,stone,0.3,concrete,0.2,xps,0.15,south,1.8,1.5,0.45,2.0,33.677,36.108,0.2202,23.595
Chennai,13.0827,80.2707,warm_humid,3.0,3.0,2.6,180.0,timber,0.2,rcc_slab,0.15,sheep_wool,0.1,south,1.2,0.9,0.75,3.5,35.082,37.563,0.0774,23.628
Chennai,13.0827,80.2707,warm_humid,3.0,3.0,2.6,45.0,concrete,0.3,timber,0.15,mineral_wool,0.15,north,1.5,0.9,0.45,5.8,33.769,36.101,0.2143,23.598
Chennai,13.0827,80.2707,warm_humid,3.0,3.0,2.6,45.0,aerated_concrete,0.2,puf_sandwich_panel,0.15,sheep_wool,0.05,east,1.5,1.5,0.35,2.0,35.176,37.915,0.0655,23.657
Chennai,13.0827,80.2707,warm_humid,3.0,3.0,2.6,135.0,timber,0.2,timber,0.15,xps,0.05,south,1.8,0.9,0.35,2.0,34.918,37.49,0.0714,23.644
Chennai,13.0827,80.2707,warm_humid,3.0,3.0,2.6,45.0,stone,0.15,stone,0.15,sheep_wool,0.05,west,1.2,0.9,0.55,1.2,35.183,37.916,0.0893,23.605
Chennai,13.0827,80.2707,warm_humid,3.0,3.0,2.6,180.0,mud_brick,0.3,puf_sandwich_panel,0.075,sheep_wool,0.05,west,0.9,1.2,0.55,2.0,34.458,36.967,0.1905,23.603
Chennai,13.0827,80.2707,warm_humid,3.0,3.0,2.6,135.0,rammed_earth,0.15,timber,0.15,eps,0.1,south,1.2,1.2,0.75,5.8,35.247,37.91,0.0774,23.62
Chennai,13.0827,80.2707,warm_humid,3.0,3.0,2.6,180.0,aerated_concrete,0.1,timber,0.15,mineral_wool,0.05,north,0.9,0.9,0.55,1.2,35.222,38.317,0.0595,23.669
Chennai,13.0827,80.2707,warm_humid,3.0,3.0,2.6,90.0,brick,0.23,rcc_slab,0.2,sheep_wool,0.1,south,0.9,0.6,0.65,2.0,33.956,36.208,0.2024,23.602
Chennai,13.0827,80.2707,warm_humid,3.0,3.0,2.6,90.0,concrete,0.2,mud_brick,0.25,eps,0.025,north,0.6,1.2,0.85,1.2,35.78,38.94,0.0833,23.602
Chennai,13.0827,80.2707,warm_humid,3.0,3.0,2.6,45.0,rammed_earth,0.45,stone,0.3,eps,0.2,north,1.8,0.6,0.65,3.5,32.867,35.288,0.3333,23.593
Chennai,13.0827,80.2707,warm_humid,3.0,3.0,2.6,90.0,mud_brick,0.3,aerated_concrete,0.1,eps,0.1,south,1.8,0.6,0.75,5.8,34.11,36.42,0.2024,23.602
Chennai,13.0827,80.2707,warm_humid,3.0,3.0,2.6,135.0,gi_sheet,0.002,concrete,0.2,eps,0.2,east,0.9,1.5,0.65,2.0,35.359,38.129,0.0655,23.644
Chennai,13.0827,80.2707,warm_humid,3.0,3.0,2.6,90.0,gi_sheet,0.002,gi_sheet,0.002,eps,0.05,west,1.5,0.6,0.55,5.8,36.088,42.147,0.0655,23.736
Chennai,13.0827,80.2707,warm_humid,3.0,3.0,2.6,180.0,stone,0.45,rcc_slab,0.25,mineral_wool,0.05,west,1.5,0.9,0.35,1.2,33.338,36.129,0.244,23.59
Chennai,13.0827,80.2707,warm_humid,3.0,3.0,2.6,45.0,aerated_concrete,0.3,mud_brick,0.25,eps,0.05,east,1.2,1.5,0.85,3.5,35.927,38.836,0.0774,23.618
Chennai,13.0827,80.2707,warm_humid,3.0,3.0,2.6,180.0,puf_sandwich_panel,0.05,puf_sandwich_panel,0.075,mineral_wool,0.05,north,0.6,1.2,0.65,1.2,34.621,38.042,0.0536,23.766
Chennai,13.0827,80.2707,warm_humid,3.0,3.0,2.6,135.0,gi_sheet,0.002,puf_sandwich_panel,0.15,eps,0.15,north,0.9,0.9,0.45,1.6,35.167,38.833,0.0536,23.736
Chennai,13.0827,80.2707,warm_humid,3.0,3.0,2.6,90.0,brick,0.115,mud_brick,0.15,xps,0.05,west,1.8,0.6,0.65,2.6,35.722,38.645,0.0714,23.619
Chennai,13.0827,80.2707,warm_humid,3.0,3.0,2.6,45.0,plywood,0.019,gi_sheet,0.002,none,0.0,west,1.5,0.6,0.55,2.6,39.004,53.51,0.2321,22.942
Chennai,13.0827,80.2707,warm_humid,3.0,3.0,2.6,180.0,rammed_earth,0.15,timber,0.1,eps,0.15,east,1.5,1.5,0.85,2.0,36.136,39.281,0.0714,23.621
Chennai,13.0827,80.2707,warm_humid,3.0,3.0,2.6,180.0,aerated_concrete,0.3,aerated_concrete,0.2,sheep_wool,0.05,south,1.5,1.2,0.75,3.5,35.946,39.042,0.0714,23.632
Chennai,13.0827,80.2707,warm_humid,3.0,3.0,2.6,180.0,aerated_concrete,0.3,puf_sandwich_panel,0.05,eps,0.15,north,1.8,1.2,0.65,5.8,35.028,37.489,0.0714,23.639
Chennai,13.0827,80.2707,warm_humid,3.0,3.0,2.6,90.0,stone,0.45,aerated_concrete,0.1,sheep_wool,0.05,west,1.2,0.6,0.45,1.2,33.292,35.855,0.2381,23.591
Chennai,13.0827,80.2707,warm_humid,3.0,3.0,2.6,90.0,plywood,0.05,puf_sandwich_panel,0.1,mineral_wool,0.05,north,0.9,0.6,0.85,1.2,35.506,39.505,0.0536,23.719
Chennai,13.0827,80.2707,warm_humid,3.0,3.0,2.6,0.0,gi_sheet,0.002,mud_brick,0.15,mineral_wool,0.1,south,1.8,0.9,0.65,5.8,35.609,39.302,0.0595,23.661
Chennai,13.0827,80.2707,warm_humid,3.0,3.0,2.6,45.0,rammed_earth,0.15,aerated_concrete,0.1,eps,0.05,south,1.2,0.6,0.55,2.0,35.024,37.533,0.0774,23.62
Chennai,13.0827,80.2707,warm_humid,3.0,3.0,2.6,180.0,timber,0.2,puf_sandwich_panel,0.075,mineral_wool,0.15,west,0.9,0.9,0.85,2.6,34.96,37.352,0.0714,23.648
Chennai,13.0827,80.2707,warm_humid,3.0,3.0,2.6,135.0,concrete,0.2,brick,0.23,sheep_wool,0.1,south,1.5,0.9,0.35,3.5,34.295,36.703,0.1964,23.602
Chennai,13.0827,80.2707,warm_humid,3.0,3.0,2.6,45.0,brick,0.345,mud_brick,0.25,xps,0.1,east,0.9,0.6,0.35,2.0,33.006,35.074,0.2381,23.596
Chennai,13.0827,80.2707,warm_humid,3.0,3.0,2.6,0.0,mud_brick,0.45,timber,0.15,eps,0.15,west,1.8,1.5,0.65,5.8,34.168,36.768,0.2083,23.596
Chennai,13.0827,80.2707,warm_humid,3.0,3.0,2.6,90.0,timber,0.2,mud_brick,0.25,xps,0.05,north,0.6,0.6,0.85,5.8,34.631,36.859,0.0833,23.622
Chennai,13.0827,80.2707,warm_humid,3.0,3.0,2.6,135.0,gi_sheet,0.002,gi_sheet,0.002,xps,0.1,west,1.2,1.5,0.65,2.6,36.924,42.884,0.0476,23.733
Chennai,13.0827,80.2707,warm_humid,3.0,3.0,2.6,90.0,stone,0.45,stone,0.15,sheep_wool,0.15,south,1.2,0.9,0.85,3.5,32.799,35.304,0.3452,23.591
Chennai,13.0827,80.2707,warm_humid,3.0,3.0,2.6,0.0,puf_sandwich_panel,0.075,gi_sheet,0.002,eps,0.025,north,1.8,0.6,0.65,5.8,36.051,42.128,0.0536,23.763
Chennai,13.0827,80.2707,warm_humid,3.0,3.0,2.6,0.0,aerated_concrete,0.2,gi_sheet,0.002,xps,0.1,west,1.8,1.5,0.45,5.8,35.389,38.762,0.0655,23.656
Chennai,13.0827,80.2707,warm_humid,3.0,3.0,2.6,45.0,puf_sandwich_panel,0.15,puf_sandwich_panel,0.15,eps,0.15,north,1.2,1.5,0.45,3.5,35.214,38.781,0.0536,23.755
Chennai,13.0827,80.2707,warm_humid,3.0,3.0,2.6,135.0,aerated_concrete,0.3,gi_sheet,0.002,eps,0.15,east,1.2,0.9,0.75,3.5,34.596,36.721,0.0774,23.636
Chennai,13.0827,80.2707,warm_humid,3.0,3.0,2.6,135.0,puf_sandwich_panel,0.05,brick,0.115,mineral_wool,0.15,east,1.5,0.6,0.85,1.6,34.807,37.343,0.0655,23.676
Chennai,13.0827,80.2707,warm_humid,3.0,3.0,2.6,90.0,stone,0.15,mud_brick,0.25,eps,0.2,west,1.8,1.2,0.85,1.2,35.609,38.713,0.0893,23.604
Chennai,13.0827,80.2707,warm_humid,3.0,3.0,2.6,135.0,plywood,0.012,stone,0.3,sheep_wool,0.1,south,1.5,1.2,0.75,5.8,35.89,39.105,0.0714,23.626
Chennai,13.0827,80.2707,warm_humid,3.0,3.0,2.6,180.0,gi_sheet,0.002,timber,0.15,xps,0.15,east,1.5,1.5,0.75,3.5,36.637,42.319,0.0536,23.701
Chennai,13.0827,80.2707,warm_humid,3.0,3.0,2.6,90.0,mud_brick,0.15,gi_sheet,0.002,xps,0.1,east,1.8,1.2,0.55,1.2,35.226,37.644,0.0774,23.621
Chennai,13.0827,80.2707,warm_humid,3.0,3.0,2.6,135.0,concrete,0.1,brick,0.23,eps,0.05,north,1.2,0.6,0.85,5.8,35.701,38.593,0.0774,23.613
Chennai,13.0827,80.2707,warm_humid,3.0,3.0,2.6,135.0,puf_sandwich_panel,0.15,timber,0.1,xps,0.1,south,0.6,1.2,0.45,2.6,34.252,36.847,0.0595,23.726
Chennai,13.0827,80.2707,warm_humid,3.0,3.0,2.6,0.0,rammed_earth,0.45,rcc_slab,0.2,eps,0.05,east,0.9,0.9,0.45,1.2,33.577,36.115,0.2262,23.594
Chennai,13.0827,80.2707,warm_humid,3.0,3.0,2.6,180.0,concrete,0.1,mud_brick,0.15,mineral_wool,0.1,north,1.8,1.5,0.45,2.6,35.543,38.204,0.0774,23.618
Chennai,13.0827,80.2707,warm_humid,3.0,3.0,2.6,135.0,aerated_concrete,0.3,brick,0.23,sheep_wool,0.1,west,1.2,1.5,0.85,5.8,36.187,39.481,0.0714,23.618
Chennai,13.0827,80.2707,warm_humid,3.0,3.0,2.6,0.0,stone,0.15,gi_sheet,0.002,eps,0.2,north,0.9,0.6,0.45,1.6,33.814,35.718,0.1964,23.61
Chennai,13.0827,80.2707,warm_humid,3.0,3.0,2.6,180.0,mud_brick,0.45,stone,0.3,none,0.0,east,0.9,0.9,0.55,3.5,35.973,39.67,0.0952,23.593
Chennai,13.0827,80.2707,warm_humid,3.0,3.0,2.6,90.0,puf_sandwich_panel,0.05,stone,0.15,eps,0.15,west,1.5,0.6,0.55,2.6,34.438,36.567,0.0714,23.655
Chennai,13.0827,80.2707,warm_humid,3.0,3.0,2.6,90.0,mud_brick,0.45,rcc_slab,0.25,xps,0.05,west,1.5,1.2,0.45,2.6,33.725,36.415,0.2262,23.594
Chennai,13.0827,80.2707,warm_humid,3.0,3.0,2.6,45.0,stone,0.3,stone,0.3,sheep_wool,0.1,north,1.5,1.2,0.65,1.2,34.195,37.26,0.2143,23.593
Chennai,13.0827,80.2707,warm_humid,3.0,3.0,2.6,135.0,stone,0.45,mud_brick,0.25,mineral_wool,0.15,north,0.6,0.9,0.55,1.2,32.193,34.397,0.381,23.59
Chennai,13.0827,80.2707,warm_humid,3.0,3.0,2.6,45.0,gi_sheet,0.002,rcc_slab,0.25,eps,0.025,north,0.9,1.5,0.45,1.6,36.725,41.3,0.0595,23.636
Chennai,13.0827,80.2707,warm_humid,3.0,3.0,2.6,180.0,plywood,0.05,rcc_slab,0.1,eps,0.025,west,1.8,0.9,0.65,3.5,37.343,43.083,0.0536,23.667
Chennai,13.0827,80.2707,warm_humid,3.0,3.0,2.6,0.0,plywood,0.05,aerated_concrete,0.2,mineral_wool,0.05,west,1.2,0.6,0.35,1.2,35.154,38.642,0.0595,23.685
Chennai,13.0827,80.2707,warm_humid,3.0,3.0,2.6,135.0,aerated_concrete,0.3,gi_sheet,0.002,sheep_wool,0.15,west,1.8,0.9,0.65,5.8,35.542,38.401,0.0714,23.637
Chennai,13.0827,80.2707,warm_humid,3.0,3.0,2.6,180.0,gi_sheet,0.002,timber,0.1,eps,0.15,north,0.9,1.2,0.55,1.2,35.405,39.154,0.0536,23.712
Chennai,13.0827,80.2707,warm_humid,3.0,3.0,2.6,90.0,mud_brick,0.15,gi_sheet,0.002,eps,0.1,east,0.6,0.6,0.75,5.8,34.336,36.365,0.0893,23.62
Chennai,13.0827,80.2707,warm_humid,3.0,3.0,2.6,45.0,puf_sandwich_panel,0.075,aerated_concrete,0.1,xps,0.1,east,1.5,0.9,0.85,1.6,35.784,39.713,0.0536,23.732
Chennai,13.0827,80.2707,warm_humid,3.0,3.0,2.6,0.0,concrete,0.1,timber,0.1,eps,0.05,north,0.6,0.6,0.65,2.6,35.283,38.042,0.0714,23.625
Chennai,13.0827,80.2707,warm_humid,3.0,3.0,2.6,45.0,stone,0.15,gi_sheet,0.002,sheep_wool,0.1,west,0.9,0.6,0.35,2.0,34.282,36.414,0.0952,23.61
Chennai,13.0827,80.2707,warm_humid,3.0,3.0,2.6,180.0,plywood,0.019,timber,0.1,mineral_wool,0.15,north,1.8,0.6,0.55,2.6,35.108,38.442,0.0595,23.709
Chennai,13.0827,80.2707,warm_humid,3.0,3.0,2.6,45.0,brick,0.115,mud_brick,0.25,sheep_wool,0.15,east,1.2,0.6,0.35,3.5,34.138,36.136,0.1012,23.613
Chennai,13.0827,80.2707,warm_humid,3.0,3.0,2.6,45.0,rammed_earth,0.45,timber,0.15,sheep_wool,0.1,west,1.8,0.9,0.65,5.8,33.795,36.197,0.2143,23.596
Chennai,13.0827,80.2707,warm_humid,3.0,3.0,2.6,180.0,gi_sheet,0.002,stone,0.3,sheep_wool,0.1,east,1.8,0.6,0.45,5.8,35.132,37.789,0.0714,23.625
Chennai,13.0827,80.2707,warm_humid,3.0,3.0,2.6,0.0,mud_brick,0.3,rcc_slab,0.1,mineral_wool,0.05,west,1.2,0.6,0.75,1.2,34.389,36.937,0.1964,23.6
Chennai,13.0827,80.2707,warm_humid,3.0,3.0,2.6,45.0,rammed_earth,0.15,brick,0.115,xps,0.15,west,0.6,0.9,0.45,1.6,33.901,35.764,0.1071,23.615
Chennai,13.0827,80.2707,warm_humid,3.0,3.0,2.6,135.0,gi_sheet,0.002,timber,0.15,eps,0.15,south,1.8,1.2,0.85,1.6,37.022,43.052,0.0536,23.702
Chennai,13.0827,80.2707,warm_humid,3.0,3.0,2.6,135.0,stone,0.15,aerated_concrete,0.2,xps,0.05,west,0.6,0.9,0.65,1.6,34.981,37.564,0.0893,23.609
Chennai,13.0827,80.2707,warm_humid,3.0,3.0,2.6,180.0,stone,0.45,stone,0.15,xps,0.05,west,0.6,0.6,0.85,3.5,33.127,35.765,0.2738,23.59
Chennai,13.0827,80.2707,warm_humid,3.0,3.0,2.6,180.0,gi_sheet,0.002,timber,0.1,xps,0.15,south,1.2,0.6,0.65,2.6,35.391,39.203,0.0536,23.71
Chennai,13.0827,80.2707,warm_humid,3.0,3.0,2.6,180.0,plywood,0.03,puf_sandwich_panel,0.1,eps,0.2,west,1.8,0.9,0.85,1.6,36.899,42.068,0.0476,23.734
Chennai,13.0827,80.2707,warm_humid,3.0,3.0,2.6,45.0,puf_sandwich_panel,0.05,timber,0.1,sheep_wool,0.15,south,0.6,1.5,0.65,5.8,34.619,37.846,0.0595,23.732
Chennai,13.0827,80.2707,warm_humid,3.0,3.0,2.6,135.0,brick,0.345,brick,0.23,eps,0.05,west,1.8,0.6,0.35,1.2,34.128,36.748,0.2083,23.597
Chennai,13.0827,80.2707,warm_humid,3.0,3.0,2.6,45.0,rammed_earth,0.3,aerated_concrete,0.1,sheep_wool,0.15,east,1.2,1.2,0.45,5.8,33.908,36.026,0.2024,23.603
Chennai,13.0827,80.2707,warm_humid,3.0,3.0,2.6,180.0,timber,0.15,stone,0.15,eps,0.2,north,1.5,0.6,0.65,2.0,34.152,35.943,0.0833,23.63
Chennai,13.0827,80.2707,warm_humid,3.0,3.0,2.6,0.0,aerated_concrete,0.3,gi_sheet,0.002,xps,0.05,north,0.9,1.5,0.85,1.2,35.953,39.103,0.0655,23.637
Chennai,13.0827,80.2707,warm_humid,3.0,3.0,2.6,180.0,plywood,0.019,rcc_slab,0.2,eps,0.05,east,0.9,0.6,0.65,5.8,35.624,39.032,0.0655,23.646
Chennai,13.0827,80.2707,warm_humid,3.0,3.0,2.6,180.0,stone,0.3,brick,0.23,sheep_wool,0.15,north,1.8,1.2,0.35,1.2,33.434,35.773,0.2262,23.595
Chennai,13.0827,80.2707,warm_humid,3.0,3.0,2.6,135.0,rammed_earth,0.15,timber,0.1,none,0.0,north,1.2,1.2,0.65,2.6,37.459,42.625,0.0595,23.621
Chennai,13.0827,80.2707,warm_humid,3.0,3.0,2.6,0.0,plywood,0.03,stone,0.15,sheep_wool,0.15,north,0.6,1.2,0.35,5.8,34.475,36.755,0.0714,23.649
Chennai,13.0827,80.2707,warm_humid,3.0,3.0,2.6,135.0,stone,0.3,gi_sheet,0.002,mineral_wool,0.1,east,1.2,1.5,0.55,3.5,34.089,36.557,0.2083,23.597
Chennai,13.0827,80.2707,warm_humid,3.0,3.0,2.6,45.0,concrete,0.3,brick,0.23,eps,0.1,north,1.2,1.2,0.85,1.6,34.68,37.749,0.2024,23.597
Chennai,13.0827,80.2707,warm_humid,3.0,3.0,2.6,90.0,rammed_earth,0.3,puf_sandwich_panel,0.075,eps,0.2,west,1.5,1.5,0.45,5.8,34.211,36.465,0.1905,23.605
Chennai,13.0827,80.2707,warm_humid,3.0,3.0,2.6,180.0,rammed_earth,0.45,timber,0.1,sheep_wool,0.15,west,1.2,1.2,0.65,5.8,33.87,36.435,0.2143,23.596
Chennai,13.0827,80.2707,warm_humid,3.0,3.0,2.6,90.0,concrete,0.2,concrete,0.15,xps,0.15,south,1.8,0.6,0.85,5.8,34.305,36.682,0.1964,23.603
Chennai,13.0827,80.2707,warm_humid,3.0,3.0,2.6,135.0,aerated_concrete,0.1,gi_sheet,0.002,sheep_wool,0.05,west,0.6,0.6,0.55,5.8,35.471,39.346,0.0595,23.685
Chennai,13.0827,80.2707,warm_humid,3.0,3.0,2.6,90.0,concrete,0.3,concrete,0.15,xps,0.05,west,1.2,0.6,0.55,1.6,34.166,36.745,0.2083,23.597
Chennai,13.0827,80.2707,warm_humid,3.0,3.0,2.6,0.0,gi_sheet,0.002,concrete,0.15,none,0.0,south,0.9,0.6,0.45,1.2,38.557,50.197,0.1607,22.539
Chennai,13.0827,80.2707,warm_humid,3.0,3.0,2.6,0.0,plywood,0.03,puf_sandwich_panel,0.1,eps,0.1,south,0.9,1.2,0.75,1.2,35.289,39.503,0.0536,23.739
Chennai,13.0827,80.2707,warm_humid,3.0,3.0,2.6,0.0,mud_brick,0.3,concrete,0.2,sheep_wool,0.05,south,0.9,1.5,0.35,1.6,34.219,36.676,0.2024,23.599
Chennai,13.0827,80.2707,warm_humid,3.0,3.0,2.6,0.0,rammed_earth,0.15,rcc_slab,0.25,mineral_wool,0.05,east,0.6,1.2,0.75,3.5,35.199,37.926,0.0833,23.608
Chennai,13.0827,80.2707,warm_humid,3.0,3.0,2.6,0.0,concrete,0.15,brick,0.23,eps,0.025,east,1.8,1.5,0.65,3.5,37.358,41.411,0.0714,23.608
Chennai,13.0827,80.2707,warm_humid,3.0,3.0,2.6,135.0,mud_brick,0.45,brick,0.115,eps,0.05,south,1.5,1.2,0.65,2.6,34.301,37.154,0.2083,23.595
Chennai,13.0827,80.2707,warm_humid,3.0,3.0,2.6,180.0,plywood,0.019,rcc_slab,0.25,eps,0.15,west,1.8,1.2,0.45,1.2,35.89,38.971,0.0655,23.637
Chennai,13.0827,80.2707,warm_humid,3.0,3.0,2.6,0.0,brick,0.345,mud_brick,0.25,sheep_wool,0.05,south,1.8,1.2,0.45,5.8,34.426,36.949,0.1964,23.597
Chennai,13.0827,80.2707,warm_humid,3.0,3.0,2.6,135.0,stone,0.3,mud_brick,0.25,eps,0.15,north,0.9,0.9,0.75,3.5,33.283,35.663,0.2381,23.594
Chennai,13.0827,80.2707,warm_humid,3.0,3.0,2.6,135.0,stone,0.45,mud_brick,0.15,sheep_wool,0.15,south,1.5,1.2,0.35,2.6,32.728,35.124,0.3452,23.591
Chennai,13.0827,80.2707,warm_humid,3.0,3.0,2.6,0.0,puf_sandwich_panel,0.05,puf_sandwich_panel,0.05,mineral_wool,0.15,east,1.8,1.5,0.65,1.6,37.398,43.36,0.0476,23.75
Chennai,13.0827,80.2707,warm_humid,3.0,3.0,2.6,90.0,timber,0.2,stone,0.3,eps,0.05,north,1.5,0.9,0.65,2.6,35.42,38.26,0.0833,23.614
Chennai,13.0827,80.2707,warm_humid,3.0,3.0,2.6,180.0,concrete,0.15,brick,0.23,mineral_wool,0.05,west,0.9,0.6,0.85,1.6,35.355,38.221,0.0893,23.606
Chennai,13.0827,80.2707,warm_humid,3.0,3.0,2.6,180.0,concrete,0.2,mud_brick,0.15,none,0.0,north,1.2,0.9,0.65,3.5,37.842,42.653,0.0655,23.604
Chennai,13.0827,80.2707,warm_humid,3.0,3.0,2.6,180.0,rammed_earth,0.15,puf_sandwich_panel,0.075,eps,0.1,east,1.8,1.5,0.85,1.2,36.735,40.278,0.0714,23.624
Chennai,13.0827,80.2707,warm_humid,3.0,3.0,2.6,90.0,aerated_concrete,0.2,stone,0.15,xps,0.05,west,1.5,0.6,0.45,2.0,34.895,37.312,0.0774,23.627
Chennai,13.0827,80.2707,warm_humid,3.0,3.0,2.6,135.0,brick,0.23,rcc_slab,0.1,sheep_wool,0.05,east,0.9,0.9,0.55,5.8,34.969,37.582,0.0893,23.605
Chennai,13.0827,80.2707,warm_humid,3.0,3.0,2.6,45.0,rammed_earth,0.15,concrete,0.15,mineral_wool,0.05,south,1.5,1.5,0.85,1.6,36.404,39.625,0.0714,23.613
Chennai,13.0827,80.2707,warm_humid,3.0,3.0,2.6,90.0,timber,0.2,concrete,0.2,xps,0.05,south,1.5,1.5,0.75,1.2,36.26,39.54,0.0714,23.624
Chennai,13.0827,80.2707,warm_humid,3.0,3.0,2.6,45.0,gi_sheet,0.002,rcc_slab,0.1,eps,0.05,south,1.2,1.5,0.35,5.8,35.883,40.639,0.0595,23.673
Chennai,13.0827,80.2707,warm_humid,3.0,3.0,2.6,0.0,brick,0.345,rcc_slab,0.25,mineral_wool,0.05,west,1.2,0.6,0.85,5.8,34.101,36.684,0.2083,23.596
Chennai,13.0827,80.2707,warm_humid,3.0,3.0,2.6,90.0,mud_brick,0.3,timber,0.1,xps,0.15,east,0.6,0.9,0.45,2.6,33.096,34.912,0.2262,23.602
Chennai,13.0827,80.2707,warm_humid,3.0,3.0,2.6,45.0,rammed_earth,0.3,concrete,0.2,eps,0.15,east,1.5,1.2,0.75,1.6,34.416,37.03,0.2024,23.6
Chennai,13.0827,80.2707,warm_humid,3.0,3.0,2.6,45.0,plywood,0.012,timber,0.1,mineral_wool,0.1,east,0.6,0.9,0.85,2.0,35.342,39.326,0.0536,23.718
Chennai,13.0827,80.2707,warm_humid,3.0,3.0,2.6,135.0,concrete,0.15,brick,0.115,eps,0.15,south,1.5,1.2,0.75,1.2,35.437,38.262,0.0833,23.611
Chennai,13.0827,80.2707,warm_humid,3.0,3.0,2.6,180.0,brick,0.345,mud_brick,0.15,eps,0.2,north,0.9,1.5,0.35,3.5,33.078,35.032,0.2321,23.598
Chennai,13.0827,80.2707,warm_humid,3.0,3.0,2.6,180.0,puf_sandwich_panel,0.1,stone,0.3,eps,0.2,south,0.9,1.5,0.45,1.6,34.111,35.959,0.0893,23.626
Chennai,13.0827,80.2707,warm_humid,3.0,3.0,2.6,90.0,timber,0.1,puf_sandwich_panel,0.075,eps,0.05,south,1.8,1.2,0.85,1.2,36.797,42.058,0.0536,23.688
Chennai,13.0827,80.2707,warm_humid,3.0,3.0,2.6,90.0,plywood,0.019,concrete,0.1,eps,0.025,east,0.9,1.5,0.85,2.0,37.155,43.267,0.0536,23.677
Chennai,13.0827,80.2707,warm_humid,3.0,3.0,2.6,135.0,brick,0.345,timber,0.15,eps,0.025,south,1.8,1.5,0.85,1.2,36.337,39.892,0.0833,23.6
Chennai,13.0827,80.2707,warm_humid,3.0,3.0,2.6,180.0,plywood,0.019,stone,0.3,eps,0.025,north,1.5,0.9,0.75,1.6,36.581,40.325,0.0655,23.626
Chennai,13.0827,80.2707,warm_humid,3.0,3.0,2.6,90.0,gi_sheet,0.002,puf_sandwich_panel,0.05,xps,0.1,south,1.8,0.6,0.35,1.2,35.188,39.538,0.0536,23.74
Chennai,13.0827,80.2707,warm_humid,3.0,3.0,2.6,135.0,mud_brick,0.3,rcc_slab,0.25,none,0.0,west,1.2,0.9,0.45,5.8,36.974,40.923,0.0774,23.598
Chennai,13.0827,80.2707,warm_humid,3.0,3.0,2.6,0.0,concrete,0.3,puf_sandwich_panel,0.15,sheep_wool,0.1,east,0.9,1.2,0.75,1.2,34.225,36.82,0.2024,23.599
Chennai,13.0827,80.2707,warm_humid,3.0,3.0,2.6,0.0,timber,0.2,timber,0.15,xps,0.1,east,1.8,1.2,0.35,2.0,35.208,37.83,0.0714,23.644
Chennai,13.0827,80.2707,warm_humid,3.0,3.0,2.6,135.0,puf_sandwich_panel,0.1,gi_sheet,0.002,xps,0.1,west,0.9,1.5,0.55,2.6,35.46,39.446,0.0536,23.755
Chennai,13.0827,80.2707,warm_humid,3.0,3.0,2.6,0.0,stone,0.15,puf_sandwich_panel,0.15,eps,0.025,east,1.8,0.9,0.55,5.8,35.871,38.919,0.0714,23.612
Chennai,13.0827,80.2707,warm_humid,3.0,3.0,2.6,45.0,rammed_earth,0.15,puf_sandwich_panel,0.05,eps,0.15,east,0.6,0.6,0.85,1.2,34.068,35.922,0.0952,23.622
Chennai,13.0827,80.2707,warm_humid,3.0,3.0,2.6,0.0,timber,0.15,aerated_concrete,0.1,mineral_wool,0.1,south,0.6,1.5,0.45,2.6,34.5,36.7,0.0714,23.655
Chennai,13.0827,80.2707,warm_humid,3.0,3.0,2.6,0.0,gi_sheet,0.002,gi_sheet,0.002,eps,0.025,south,1.5,0.6,0.55,5.8,36.603,44.264,0.1012,23.737
Chennai,13.0827,80.2707,warm_humid,3.0,3.0,2.6,135.0,rammed_earth,0.3,aerated_concrete,0.2,xps,0.1,north,1.8,0.9,0.65,2.6,34.471,36.948,0.1905,23.603
Chennai,13.0827,80.2707,warm_humid,3.0,3.0,2.6,45.0,timber,0.1,puf_sandwich_panel,0.1,sheep_wool,0.05,west,0.6,1.2,0.35,1.2,34.784,37.741,0.0595,23.686
Chennai,13.0827,80.2707,warm_humid,3.0,3.0,2.6,90.0,timber,0.1,mud_brick,0.15,xps,0.1,west,1.5,1.5,0.85,2.0,36.885,40.8,0.0595,23.646
Chennai,13.0827,80.2707,warm_humid,3.0,3.0,2.6,135.0,timber,0.15,stone,0.3,eps,0.025,east,0.9,0.6,0.65,5.8,35.196,37.838,0.0774,23.616
Chennai,13.0827,80.2707,warm_humid,3.0,3.0,2.6,90.0,puf_sandwich_panel,0.05,gi_sheet,0.002,sheep_wool,0.05,west,0.9,0.9,0.75,1.6,35.637,40.622,0.0536,23.764
Chennai,13.0827,80.2707,warm_humid,3.0,3.0,2.6,90.0,rammed_earth,0.15,rcc_slab,0.1,xps,0.1,west,0.6,1.5,0.45,1.2,34.471,36.648,0.0893,23.615
Chennai,13.0827,80.2707,warm_humid,3.0,3.0,2.6,45.0,brick,0.115,stone,0.3,sheep_wool,0.15,north,1.2,0.6,0.45,1.6,34.11,36.291,0.1905,23.607
Chennai,13.0827,80.2707,warm_humid,3.0,3.0,2.6,0.0,puf_sandwich_panel,0.05,timber,0.15,xps,0.15,north,0.9,0.6,0.55,5.8,34.231,36.672,0.0595,23.716
Chennai,13.0827,80.2707,warm_humid,3.0,3.0,2.6,90.0,timber,0.2,aerated_concrete,0.1,xps,0.1,north,0.9,1.2,0.35,1.6,34.59,36.785,0.0714,23.646
Chennai,13.0827,80.2707,warm_humid,3.0,3.0,2.6,135.0,timber,0.2,stone,0.3,xps,0.1,east,1.8,1.2,0.65,1.2,35.019,37.409,0.0833,23.614
Chennai,13.0827,80.2707,warm_humid,3.0,3.0,2.6,0.0,rammed_earth,0.15,stone,0.15,eps,0.05,south,1.5,0.6,0.55,1.6,34.993,37.454,0.0833,23.612
Chennai,13.0827,80.2707,warm_humid,3.0,3.0,2.6,180.0,gi_sheet,0.002,gi_sheet,0.002,xps,0.05,west,0.9,0.9,0.45,1.2,36.165,41.773,0.0595,23.736
Chennai,13.0827,80.2707,warm_humid,3.0,3.0,2.6,0.0,rammed_earth,0.45,mud_brick,0.15,eps,0.2,north,1.8,1.5,0.75,3.5,34.565,37.625,0.2083,23.596
Chennai,13.0827,80.2707,warm_humid,3.0,3.0,2.6,45.0,mud_brick,0.15,puf_sandwich_panel,0.075,mineral_wool,0.05,north,0.6,1.2,0.45,1.6,34.843,37.193,0.0774,23.62
Chennai,13.0827,80.2707,warm_humid,3.0,3.0,2.6,135.0,mud_brick,0.3,concrete,0.2,sheep_wool,0.1,west,0.6,0.9,0.45,5.8,33.512,35.72,0.2202,23.599
Chennai,13.0827,80.2707,warm_humid,3.0,3.0,2.6,90.0,gi_sheet,0.002,mud_brick,0.25,sheep_wool,0.1,north,0.9,1.2,0.35,5.8,35.256,38.23,0.0655,23.643
Chennai,13.0827,80.2707,warm_humid,3.0,3.0,2.6,45.0,rammed_earth,0.45,aerated_concrete,0.1,xps,0.1,west,1.5,1.2,0.85,1.6,34.179,36.954,0.2143,23.597
Chennai,13.0827,80.2707,warm_humid,3.0,3.0,2.6,90.0,plywood,0.03,stone,0.3,xps,0.05,east,0.9,0.9,0.45,5.8,35.027,37.566,0.0774,23.625
Chennai,13.0827,80.2707,warm_humid,3.0,3.0,2.6,0.0,rammed_earth,0.45,stone,0.15,xps,0.05,north,0.6,1.5,0.75,1.6,33.75,36.358,0.2202,23.595
Chennai,13.0827,80.2707,warm_humid,3.0,3.0,2.6,45.0,rammed_earth,0.45,gi_sheet,0.002,xps,0.1,north,0.6,0.6,0.75,1.6,32.993,35.126,0.244,23.596
Chennai,13.0827,80.2707,warm_humid,3.0,3.0,2.6,90.0,rammed_earth,0.45,mud_brick,0.15,eps,0.025,north,1.8,0.6,0.35,2.6,34.299,37.039,0.2083,23.595
Chennai,13.0827,80.2707,warm_humid,3.0,3.0,2.6,135.0,concrete,0.1,concrete,0.2,eps,0.15,east,1.5,0.9,0.55,2.0,34.805,37.146,0.0893,23.613
Chennai,13.0827,80.2707,warm_humid,3.0,3.0,2.6,0.0,aerated_concrete,0.2,concrete,0.1,mineral_wool,0.1,east,1.5,0.9,0.35,1.6,34.821,37.141,0.0774,23.635
Chennai,13.0827,80.2707,warm_humid,3.0,3.0,2.6,180.0,plywood,0.012,gi_sheet,0.002,xps,0.15,north,0.6,0.9,0.85,3.5,35.092,38.838,0.0536,23.745
Chennai,13.0827,80.2707,warm_humid,3.0,3.0,2.6,45.0,gi_sheet,0.002,rcc_slab,0.25,mineral_wool,0.1,south,1.5,1.5,0.75,1.6,36.238,39.656,0.0655,23.635
Chennai,13.0827,80.2707,warm_humid,3.0,3.0,2.6,0.0,rammed_earth,0.45,stone,0.3,sheep_wool,0.05,west,1.5,1.2,0.85,5.8,34.365,37.268,0.2083,23.593
Chennai,13.0827,80.2707,warm_humid,3.0,3.0,2.6,135.0,rammed_earth,0.3,timber,0.15,mineral_wool,0.15,east,0.9,1.2,0.65,2.6,33.726,35.818,0.2083,23.602
Chennai,13.0827,80.2707,warm_humid,3.0,3.0,2.6,0.0,aerated_concrete,0.2,puf_sandwich_panel,0.15,eps,0.025,north,1.5,0.9,0.85,5.8,35.83,39.357,0.0595,23.656
Chennai,13.0827,80.2707,warm_humid,3.0,3.0,2.6,90.0,stone,0.45,aerated_concrete,0.1,mineral_wool,0.15,east,0.6,0.9,0.75,2.0,32.335,34.476,0.369,23.591
Chennai,13.0827,80.2707,warm_humid,3.0,3.0,2.6,90.0,stone,0.45,rcc_slab,0.1,sheep_wool,0.05,south,1.8,0.6,0.65,3.5,33.669,36.454,0.2262,23.591
Chennai,13.0827,80.2707,warm_humid,3.0,3.0,2.6,90.0,timber,0.15,aerated_concrete,0.1,sheep_wool,0.15,north,0.9,1.2,0.65,3.5,35.225,37.978,0.0655,23.657
Chennai,13.0827,80.2707,warm_humid,3.0,3.0,2.6,180.0,timber,0.1,gi_sheet,0.002,eps,0.1,north,1.2,0.9,0.65,1.2,35.132,38.1,0.0595,23.682
Chennai,13.0827,80.2707,warm_humid,3.0,3.0,2.6,180.0,aerated_concrete,0.1,mud_brick,0.15,eps,0.05,east,1.8,1.5,0.35,1.6,35.906,39.473,0.0655,23.648
Chennai,13.0827,80.2707,warm_humid,3.0,3.0,2.6,180.0,mud_brick,0.45,puf_sandwich_panel,0.15,xps,0.15,north,1.8,0.6,0.45,3.5,32.665,34.583,0.3274,23.596
Chennai,13.0827,80.2707,warm_humid,3.0,3.0,2.6,45.0,concrete,0.1,aerated_concrete,0.2,eps,0.05,east,1.5,0.9,0.85,3.5,36.158,39.377,0.0655,23.624
Chennai,13.0827,80.2707,warm_humid,3.0,3.0,2.6,135.0,gi_sheet,0.002,timber,0.1,eps,0.15,east,0.6,0.9,0.85,3.5,35.282,39.039,0.0536,23.712
Chennai,13.0827,80.2707,warm_humid,3.0,3.0,2.6,180.0,concrete,0.1,gi_sheet,0.002,sheep_wool,0.15,west,1.8,1.5,0.65,3.5,37.108,41.088,0.0655,23.629
Chennai,13.0827,80.2707,warm_humid,3.0,3.0,2.6,0.0,plywood,0.019,stone,0.3,sheep_wool,0.05,west,1.2,0.9,0.65,5.8,35.667,38.804,0.0714,23.626
Chennai,13.0827,80.2707,warm_humid,3.0,3.0,2.6,135.0,mud_brick,0.45,mud_brick,0.25,sheep_wool,0.1,east,1.2,1.5,0.55,1.6,33.366,35.845,0.2321,23.594
Chennai,13.0827,80.2707,warm_humid,3.0,3.0,2.6,135.0,gi_sheet,0.002,gi_sheet,0.002,xps,0.05,east,1.8,1.2,0.35,1.2,36.313,42.278,0.0595,23.737
Chennai,13.0827,80.2707,warm_humid,3.0,3.0,2.6,0.0,rammed_earth,0.3,stone,0.3,eps,0.2,north,1.5,1.2,0.55,5.8,33.697,36.019,0.2143,23.597
Chennai,13.0827,80.2707,warm_humid,3.0,3.0,2.6,90.0,puf_sandwich_panel,0.075,aerated_concrete,0.2,eps,0.05,north,1.5,0.6,0.75,2.6,35.483,39.099,0.0536,23.711
Chennai,13.0827,80.2707,warm_humid,3.0,3.0,2.6,90.0,brick,0.115,concrete,0.1,sheep_wool,0.05,south,0.6,0.6,0.85,2.6,35.571,38.471,0.0714,23.62
Chennai,13.0827,80.2707,warm_humid,3.0,3.0,2.6,135.0,puf_sandwich_panel,0.1,aerated_concrete,0.1,none,0.0,north,1.5,0.6,0.85,1.6,36.523,42.468,0.0536,23.737
Chennai,13.0827,80.2707,warm_humid,3.0,3.0,2.6,90.0,plywood,0.03,rcc_slab,0.2,eps,0.05,south,1.8,0.6,0.85,1.6,36.115,39.83,0.0655,23.645
Chennai,13.0827,80.2707,warm_humid,3.0,3.0,2.6,90.0,aerated_concrete,0.2,puf_sandwich_panel,0.05,mineral_wool,0.15,west,0.9,0.6,0.45,1.6,34.043,35.859,0.0774,23.651
Chennai,13.0827,80.2707,warm_humid,3.0,3.0,2.6,0.0,gi_sheet,0.002,gi_sheet,0.002,eps,0.15,south,0.9,1.2,0.35,5.8,34.92,39.109,0.0536,23.732
Chennai,13.0827,80.2707,warm_humid,3.0,3.0,2.6,0.0,concrete,0.3,rcc_slab,0.15,xps,0.1,north,0.6,1.2,0.55,3.5,33.467,35.709,0.2262,23.597
Chennai,13.0827,80.2707,warm_humid,3.0,3.0,2.6,180.0,timber,0.2,concrete,0.1,sheep_wool,0.15,north,1.2,0.6,0.35,1.6,33.995,35.751,0.0833,23.634
Chennai,13.0827,80.2707,warm_humid,3.0,3.0,2.6,90.0,puf_sandwich_panel,0.1,rcc_slab,0.1,mineral_wool,0.15,south,1.8,0.9,0.85,1.6,35.681,39.113,0.0595,23.673
Chennai,13.0827,80.2707,warm_humid,3.0,3.0,2.6,90.0,aerated_concrete,0.1,rcc_slab,0.25,mineral_wool,0.1,west,0.9,0.6,0.55,2.6,34.436,36.532,0.0833,23.627
Chennai,13.0827,80.2707,warm_humid,3.0,3.0,2.6,45.0,concrete,0.1,stone,0.3,eps,0.025,south,1.2,1.2,0.65,3.5,36.245,39.528,0.0714,23.607
Chennai,13.0827,80.2707,warm_humid,3.0,3.0,2.6,135.0,concrete,0.2,stone,0.3,mineral_wool,0.15,south,1.8,0.9,0.75,1.6,34.396,37.07,0.2024,23.599
Chennai,13.0827,80.2707,warm_humid,3.0,3.0,2.6,180.0,aerated_concrete,0.1,gi_sheet,0.002,mineral_wool,0.1,east,0.9,1.5,0.45,5.8,35.094,38.481,0.0595,23.682
Chennai,13.0827,80.2707,warm_humid,3.0,3.0,2.6,45.0,puf_sandwich_panel,0.1,rcc_slab,0.15,sheep_wool,0.1,south,1.5,0.9,0.45,5.8,34.598,37.021,0.0655,23.661
Chennai,13.0827,80.2707,warm_humid,3.0,3.0,2.6,45.0,puf_sandwich_panel,0.075,stone,0.3,eps,0.15,south,0.9,1.5,0.75,1.2,34.568,36.629,0.0833,23.626
Chennai,13.0827,80.2707,warm_humid,3.0,3.0,2.6,0.0,brick,0.23,concrete,0.2,eps,0.1,west,0.9,0.9,0.55,2.6,33.943,36.177,0.2024,23.602
Chennai,13.0827,80.2707,warm_humid,3.0,3.0,2.6,180.0,concrete,0.1,mud_brick,0.25,xps,0.05,east,0.6,1.2,0.35,1.2,35.133,37.724,0.0833,23.613
Chennai,13.0827,80.2707,warm_humid,3.0,3.0,2.6,135.0,concrete,0.2,gi_sheet,0.002,sheep_wool,0.15,east,0.6,1.2,0.35,5.8,33.96,36.017,0.1964,23.607
Chennai,13.0827,80.2707,warm_humid,3.0,3.0,2.6,135.0,aerated_concrete,0.1,brick,0.23,sheep_wool,0.1,west,0.6,0.9,0.35,2.6,34.579,36.784,0.0774,23.635
Chennai,13.0827,80.2707,warm_humid,3.0,3.0,2.6,90.0,concrete,0.2,mud_brick,0.15,eps,0.15,west,0.9,1.5,0.55,3.5,34.321,36.698,0.1964,23.604
Chennai,13.0827,80.2707,warm_humid,3.0,3.0,2.6,45.0,mud_brick,0.15,mud_brick,0.25,mineral_wool,0.15,east,1.5,1.5,0.45,3.5,34.702,37.049,0.0952,23.609
Chennai,13.0827,80.2707,warm_humid,3.0,3.0,2.6,0.0,aerated_concrete,0.2,gi_sheet,0.002,eps,0.025,east,1.5,0.9,0.85,5.8,36.972,41.773,0.0595,23.655
Chennai,13.0827,80.2707,warm_humid,3.0,3.0,2.6,0.0,gi_sheet,0.002,gi_sheet,0.002,xps,0.05,south,0.9,1.2,0.75,2.0,36.151,42.309,0.0595,23.736
Chennai,13.0827,80.2707,warm_humid,3.0,3.0,2.6,135.0,mud_brick,0.15,concrete,0.15,sheep_wool,0.1,north,1.2,1.5,0.55,5.8,35.194,37.761,0.0833,23.612
Chennai,13.0827,80.2707,warm_humid,3.0,3.0,2.6,180.0,rammed_earth,0.15,concrete,0.2,sheep_wool,0.1,west,0.6,0.6,0.85,5.8,34.476,36.782,0.1012,23.61
Chennai,13.0827,80.2707,warm_humid,3.0,3.0,2.6,90.0,aerated_concrete,0.1,gi_sheet,0.002,mineral_wool,0.15,north,1.8,0.9,0.55,3.5,35.706,39.187,0.0595,23.679
Chennai,13.0827,80.2707,warm_humid,3.0,3.0,2.6,180.0,concrete,0.3,puf_sandwich_panel,0.05,xps,0.05,east,1.5,1.2,0.65,3.5,34.78,37.498,0.1488,23.6
Chennai,13.0827,80.2707,warm_humid,3.0,3.0,2.6,45.0,concrete,0.3,aerated_concrete,0.2,mineral_wool,0.1,east,0.6,1.2,0.85,1.2,33.769,36.097,0.2143,23.598
Chennai,13.0827,80.2707,warm_humid,3.0,3.0,2.6,135.0,timber,0.15,aerated_concrete,0.1,xps,0.1,south,0.6,0.9,0.65,1.6,34.51,36.784,0.0714,23.657
Chennai,13.0827,80.2707,warm_humid,3.0,3.0,2.6,45.0,mud_brick,0.3,stone,0.3,sheep_wool,0.15,east,0.9,1.5,0.55,1.6,33.433,35.738,0.2262,23.597
Chennai,13.0827,80.2707,warm_humid,3.0,3.0,2.6,90.0,gi_sheet,0.002,mud_brick,0.25,xps,0.05,east,0.6,0.6,0.85,1.6,35.454,38.621,0.0655,23.643
Chennai,13.0827,80.2707,warm_humid,3.0,3.0,2.6,45.0,brick,0.115,stone,0.15,xps,0.05,south,1.8,0.6,0.35,5.8,35.115,37.701,0.0774,23.615
Chennai,13.0827,80.2707,warm_humid,3.0,3.0,2.6,180.0,gi_sheet,0.002,stone,0.3,eps,0.2,east,1.5,1.5,0.75,3.5,36.021,39.203,0.0714,23.624
Chennai,13.0827,80.2707,warm_humid,3.0,3.0,2.6,0.0,mud_brick,0.15,aerated_concrete,0.1,eps,0.1,south,1.2,1.5,0.65,3.5,35.132,37.54,0.0774,23.62
Chennai,13.0827,80.2707,warm_humid,3.0,3.0,2.6,135.0,puf_sandwich_panel,0.1,timber,0.15,sheep_wool,0.05,west,0.9,0.6,0.45,3.5,34.602,37.489,0.0595,23.719
Chennai,13.0827,80.2707,warm_humid,3.0,3.0,2.6,135.0,aerated_concrete,0.1,rcc_slab,0.1,mineral_wool,0.05,south,1.5,0.6,0.55,1.2,35.581,38.912,0.0655,23.652
Chennai,13.0827,80.2707,warm_humid,3.0,3.0,2.6,0.0,stone,0.45,aerated_concrete,0.1,mineral_wool,0.1,east,0.9,0.9,0.65,5.8,32.929,35.398,0.3333,23.591
Chennai,13.0827,80.2707,warm_humid,3.0,3.0,2.6,135.0,mud_brick,0.15,mud_brick,0.15,xps,0.05,east,0.9,0.6,0.35,5.8,34.739,37.089,0.0833,23.613
Chennai,13.0827,80.2707,warm_humid,3.0,3.0,2.6,135.0,plywood,0.03,puf_sandwich_panel,0.075,eps,0.2,north,0.6,1.2,0.85,2.0,35.092,38.392,0.0536,23.734
Chennai,13.0827,80.2707,warm_humid,3.0,3.0,2.6,90.0,timber,0.15,puf_sandwich_panel,0.05,eps,0.025,west,1.8,1.2,0.45,2.6,35.861,39.696,0.0595,23.669
Chennai,13.0827,80.2707,warm_humid,3.0,3.0,2.6,90.0,gi_sheet,0.002,brick,0.115,eps,0.1,east,1.5,1.2,0.45,2.0,35.648,39.369,0.0595,23.674
Chennai,13.0827,80.2707,warm_humid,3.0,3.0,2.6,0.0,gi_sheet,0.002,mud_brick,0.25,none,0.0,east,1.8,0.6,0.55,2.0,38.095,47.537,0.1012,22.856
Chennai,13.0827,80.2707,warm_humid,3.0,3.0,2.6,0.0,plywood,0.019,timber,0.1,eps,0.1,south,1.2,0.9,0.55,2.6,35.247,39.315,0.0536,23.721
Chennai,13.0827,80.2707,warm_humid,3.0,3.0,2.6,180.0,stone,0.15,mud_brick,0.15,xps,0.1,south,1.5,0.9,0.65,1.2,34.99,37.666,0.0952,23.606
Chennai,13.0827,80.2707,warm_humid,3.0,3.0,2.6,45.0,timber,0.1,concrete,0.15,mineral_wool,0.1,north,1.8,1.5,0.85,2.6,38.06,42.828,0.0595,23.64
Chennai,13.0827,80.2707,warm_humid,3.0,3.0,2.6,90.0,gi_sheet,0.002,stone,0.15,mineral_wool,0.1,west,1.2,1.2,0.65,1.6,35.919,39.419,0.0655,23.648
Chennai,13.0827,80.2707,warm_humid,3.0,3.0,2.6,135.0,timber,0.2,concrete,0.15,eps,0.2,north,0.6,1.5,0.65,1.6,34.28,36.171,0.0833,23.627
Chennai,13.0827,80.2707,warm_humid,3.0,3.0,2.6,180.0,plywood,0.05,mud_brick,0.25,none,0.0,west,0.9,0.6,0.35,1.6,37.091,42.584,0.0595,23.641
Chennai,13.0827,80.2707,warm_humid,3.0,3.0,2.6,90.0,brick,0.345,timber,0.1,eps,0.05,east,1.2,0.6,0.65,5.8,34.081,36.422,0.2024,23.599
Chennai,13.0827,80.2707,warm_humid,3.0,3.0,2.6,135.0,rammed_earth,0.15,timber,0.15,mineral_wool,0.15,west,1.8,1.2,0.85,5.8,36.634,40.221,0.0714,23.619
Chennai,13.0827,80.2707,warm_humid,3.0,3.0,2.6,0.0,gi_sheet,0.002,stone,0.3,mineral_wool,0.1,north,0.6,1.5,0.55,5.8,34.952,37.482,0.0774,23.624
Chennai,13.0827,80.2707,warm_humid,3.0,3.0,2.6,135.0,plywood,0.012,rcc_slab,0.2,sheep_wool,0.05,south,1.2,1.5,0.75,1.6,36.894,41.54,0.0595,23.648
Chennai,13.0827,80.2707,warm_humid,3.0,3.0,2.6,135.0,plywood,0.019,concrete,0.2,mineral_wool,0.1,east,1.8,1.5,0.85,2.0,37.0,40.971,0.0595,23.645
Chennai,13.0827,80.2707,warm_humid,3.0,3.0,2.6,90.0,aerated_concrete,0.3,stone,0.15,eps,0.2,east,1.8,0.9,0.45,5.8,34.042,35.843,0.0893,23.619
Chennai,13.0827,80.2707,warm_humid,3.0,3.0,2.6,135.0,stone,0.15,rcc_slab,0.15,mineral_wool,0.1,west,0.6,0.9,0.35,5.8,34.226,36.513,0.1905,23.605
Chennai,13.0827,80.2707,warm_humid,3.0,3.0,2.6,0.0,timber,0.15,timber,0.1,xps,0.05,west,1.2,0.6,0.55,2.6,34.946,37.709,0.0655,23.657
Chennai,13.0827,80.2707,warm_humid,3.0,3.0,2.6,180.0,rammed_earth,0.3,concrete,0.15,eps,0.025,east,1.5,1.5,0.35,1.2,35.423,38.431,0.0893,23.601
Chennai,13.0827,80.2707,warm_humid,3.0,3.0,2.6,180.0,concrete,0.15,puf_sandwich_panel,0.1,eps,0.15,north,1.8,1.2,0.45,3.5,34.795,37.014,0.0833,23.616
Chennai,13.0827,80.2707,warm_humid,3.0,3.0,2.6,0.0,aerated_concrete,0.3,timber,0.15,sheep_wool,0.15,east,0.6,0.9,0.75,1.2,34.31,36.26,0.0833,23.631
Chennai,13.0827,80.2707,warm_humid,3.0,3.0,2.6,0.0,timber,0.1,timber,0.15,mineral_wool,0.15,north,1.8,0.6,0.45,3.5,34.624,37.031,0.0655,23.663
Chennai,13.0827,80.2707,warm_humid,3.0,3.0,2.6,90.0,gi_sheet,0.002,concrete,0.15,sheep_wool,0.05,west,1.5,1.2,0.45,2.6,36.402,41.014,0.0595,23.657
Chennai,13.0827,80.2707,warm_humid,3.0,3.0,2.6,135.0,gi_sheet,0.002,stone,0.15,mineral_wool,0.1,north,1.2,1.2,0.75,2.0,36.178,39.732,0.0595,23.648
Chennai,13.0827,80.2707,warm_humid,3.0,3.0,2.6,0.0,timber,0.15,aerated_concrete,0.2,sheep_wool,0.05,south,1.5,0.6,0.65,3.5,35.061,37.734,0.0655,23.651
Chennai,13.0827,80.2707,warm_humid,3.0,3.0,2.6,45.0,rammed_earth,0.3,gi_sheet,0.002,mineral_wool,0.15,east,0.9,0.9,0.45,2.6,33.472,35.43,0.2143,23.603
Chennai,13.0827,80.2707,warm_humid,3.0,3.0,2.6,0.0,stone,0.15,puf_sandwich_panel,0.05,mineral_wool,0.05,west,0.6,0.6,0.55,5.8,34.554,36.811,0.0893,23.61
Chennai,13.0827,80.2707,warm_humid,3.0,3.0,2.6,0.0,brick,0.115,brick,0.115,xps,0.05,east,1.8,0.6,0.75,2.6,36.168,39.414,0.0714,23.621
Chennai,13.0827,80.2707,warm_humid,3.0,3.0,2.6,45.0,timber,0.1,mud_brick,0.15,xps,0.15,north,0.9,1.5,0.35,5.8,34.633,36.932,0.0714,23.645
Chennai,13.0827,80.2707,warm_humid,3.0,3.0,2.6,135.0,puf_sandwich_panel,0.1,gi_sheet,0.002,eps,0.1,west,0.6,1.2,0.45,2.6,34.642,37.745,0.0536,23.756
Chennai,13.0827,80.2707,warm_humid,3.0,3.0,2.6,90.0,timber,0.15,brick,0.115,mineral_wool,0.15,south,1.8,1.2,0.35,1.6,34.773,37.146,0.0714,23.64
Chennai,13.0827,80.2707,warm_humid,3.0,3.0,2.6,90.0,stone,0.15,rcc_slab,0.15,mineral_wool,0.1,east,1.8,1.5,0.55,2.6,35.192,37.718,0.0893,23.606
Chennai,13.0827,80.2707,warm_humid,3.0,3.0,2.6,135.0,stone,0.15,rcc_slab,0.2,sheep_wool,0.1,east,1.2,1.2,0.55,2.6,34.726,37.226,0.1012,23.604
Chennai,13.0827,80.2707,warm_humid,3.0,3.0,2.6,180.0,plywood,0.03,puf_sandwich_panel,0.15,sheep_wool,0.1,south,1.8,0.6,0.45,2.6,35.194,39.072,0.0536,23.738
Chennai,13.0827,80.2707,warm_humid,3.0,3.0,2.6,135.0,stone,0.3,mud_brick,0.15,eps,0.2,east,1.8,0.9,0.75,2.0,33.723,36.229,0.2202,23.596
Chennai,13.0827,80.2707,warm_humid,3.0,3.0,2.6,135.0,plywood,0.019,gi_sheet,0.002,sheep_wool,0.05,east,1.5,1.2,0.75,1.2,36.978,44.094,0.0476,23.747
Chennai,13.0827,80.2707,warm_humid,3.0,3.0,2.6,90.0,gi_sheet,0.002,puf_sandwich_panel,0.05,eps,0.15,west,1.5,1.2,0.35,2.6,35.423,39.89,0.0536,23.739
Chennai,13.0827,80.2707,warm_humid,3.0,3.0,2.6,45.0,plywood,0.05,aerated_concrete,0.1,eps,0.1,east,1.8,1.2,0.65,1.2,36.46,40.988,0.0536,23.703
Chennai,13.0827,80.2707,warm_humid,3.0,3.0,2.6,90.0,plywood,0.012,stone,0.3,sheep_wool,0.1,north,1.8,1.5,0.65,1.6,37.174,41.127,0.0655,23.626
Chennai,13.0827,80.2707,warm_humid,3.0,3.0,2.6,90.0,timber,0.1,aerated_concrete,0.1,xps,0.15,west,0.6,1.5,0.35,5.8,34.387,36.708,0.0655,23.672
Chennai,13.0827,80.2707,warm_humid,3.0,3.0,2.6,0.0,rammed_earth,0.3,mud_brick,0.25,mineral_wool,0.1,north,1.2,1.2,0.55,5.8,34.017,36.39,0.2083,23.599
Chennai,13.0827,80.2707,warm_humid,3.0,3.0,2.6,45.0,timber,0.15,brick,0.23,mineral_wool,0.05,south,0.6,0.6,0.65,1.2,34.726,37.037,0.0774,23.628
Chennai,13.0827,80.2707,warm_humid,3.0,3.0,2.6,0.0,concrete,0.1,mud_brick,0.25,eps,0.025,south,1.5,0.9,0.65,1.6,36.286,39.591,0.0714,23.613
Chennai,13.0827,80.2707,warm_humid,3.0,3.0,2.6,180.0,brick,0.115,puf_sandwich_panel,0.15,eps,0.15,east,0.6,1.5,0.35,5.8,34.391,36.464,0.0833,23.629
Chennai,13.0827,80.2707,warm_humid,3.0,3.0,2.6,0.0,mud_brick,0.3,stone,0.15,mineral_wool,0.15,south,0.6,1.5,0.45,3.5,33.127,35.054,0.2262,23.599
Chennai,13.0827,80.2707,warm_humid,3.0,3.0,2.6,90.0,rammed_earth,0.45,gi_sheet,0.002,xps,0.1,south,0.6,0.6,0.65,1.6,32.865,34.898,0.256,23.596
Chennai,13.0827,80.2707,warm_humid,3.0,3.0,2.6,45.0,mud_brick,0.3,mud_brick,0.25,eps,0.025,east,1.5,0.6,0.65,1.6,34.817,37.606,0.1845,23.599
Chennai,13.0827,80.2707,warm_humid,3.0,3.0,2.6,90.0,rammed_earth,0.15,mud_brick,0.25,xps,0.15,north,1.5,0.9,0.35,1.2,34.225,36.417,0.125,23.61
Chennai,13.0827,80.2707,warm_humid,3.0,3.0,2.6,90.0,gi_sheet,0.002,stone,0.15,xps,0.05,east,0.9,1.2,0.75,1.2,36.0,39.746,0.0595,23.65
Chennai,13.0827,80.2707,warm_humid,3.0,3.0,2.6,90.0,mud_brick,0.15,timber,0.15,eps,0.1,east,0.9,1.2,0.65,1.2,34.661,36.817,0.0833,23.618
Chennai,13.0827,80.2707,warm_humid,3.0,3.0,2.6,135.0,mud_brick,0.15,aerated_concrete,0.2,eps,0.1,west,1.2,1.2,0.55,3.5,35.256,37.921,0.0774,23.617
Chennai,13.0827,80.2707,warm_humid,3.0,3.0,2.6,0.0,concrete,0.3,stone,0.3,sheep_wool,0.15,south,1.8,0.9,0.65,3.5,33.519,35.847,0.2262,23.595
Chennai,13.0827,80.2707,warm_humid,3.0,3.0,2.6,135.0,aerated_concrete,0.1,rcc_slab,0.15,mineral_wool,0.1,north,1.5,0.6,0.55,1.2,34.915,37.3,0.0714,23.64
Chennai,13.0827,80.2707,warm_humid,3.0,3.0,2.6,135.0,puf_sandwich_panel,0.1,puf_sandwich_panel,0.075,sheep_wool,0.05,north,0.9,0.6,0.35,2.6,34.15,36.793,0.0595,23.769
Chennai,13.0827,80.2707,warm_humid,3.0,3.0,2.6,45.0,mud_brick,0.45,timber,0.15,sheep_wool,0.15,north,1.8,0.6,0.65,2.6,33.305,35.766,0.2381,23.595
Chennai,13.0827,80.2707,warm_humid,3.0,3.0,2.6,135.0,aerated_concrete,0.2,aerated_concrete,0.2,eps,0.1,east,1.5,0.6,0.65,3.5,34.626,36.852,0.0714,23.643
Chennai,13.0827,80.2707,warm_humid,3.0,3.0,2.6,180.0,timber,0.15,stone,0.15,sheep_wool,0.15,east,1.5,0.6,0.55,2.6,34.353,36.399,0.0833,23.63
Chennai,13.0827,80.2707,warm_humid,3.0,3.0,2.6,45.0,brick,0.23,concrete,0.2,eps,0.2,east,1.5,1.5,0.35,1.6,33.962,36.186,0.2024,23.603
Chennai,13.0827,80.2707,warm_humid,3.0,3.0,2.6,45.0,aerated_concrete,0.3,brick,0.115,sheep_wool,0.1,east,1.2,1.5,0.35,2.6,34.723,36.944,0.0774,23.626
Chennai,13.0827,80.2707,warm_humid,3.0,3.0,2.6,180.0,stone,0.15,puf_sandwich_panel,0.15,sheep_wool,0.05,east,1.5,1.5,0.45,1.6,35.469,38.226,0.0774,23.612
Chennai,13.0827,80.2707,warm_humid,3.0,3.0,2.6,180.0,aerated_concrete,0.2,rcc_slab,0.2,eps,0.1,east,0.9,0.9,0.75,3.5,34.597,36.811,0.0833,23.624
Chennai,13.0827,80.2707,warm_humid,3.0,3.0,2.6,90.0,plywood,0.012,puf_sandwich_panel,0.05,xps,0.15,west,0.9,1.2,0.45,1.6,35.124,39.084,0.0536,23.753
Chennai,13.0827,80.2707,warm_humid,3.0,3.0,2.6,90.0,plywood,0.03,brick,0.23,eps,0.2,west,0.9,1.5,0.65,2.6,35.218,37.881,0.0714,23.645
Chennai,13.0827,80.2707,warm_humid,3.0,3.0,2.6,180.0,concrete,0.3,mud_brick,0.15,mineral_wool,0.05,north,1.2,0.6,0.75,3.5,34.314,36.887,0.2024,23.597
Chennai,13.0827,80.2707,warm_humid,3.0,3.0,2.6,180.0,stone,0.3,timber,0.1,none,0.0,south,1.2,0.6,0.85,1.2,36.855,40.564,0.0714,23.596
Chennai,13.0827,80.2707,warm_humid,3.0,3.0,2.6,90.0,plywood,0.012,aerated_concrete,0.2,xps,0.1,west,0.9,1.5,0.55,5.8,35.58,39.846,0.0536,23.704
Chennai,13.0827,80.2707,warm_humid,3.0,3.0,2.6,45.0,aerated_concrete,0.3,timber,0.1,eps,0.05,east,1.8,1.2,0.85,5.8,36.422,39.843,0.0655,23.635
Chennai,13.0827,80.2707,warm_humid,3.0,3.0,2.6,180.0,concrete,0.1,timber,0.1,mineral_wool,0.1,east,0.9,1.2,0.85,5.8,35.505,38.356,0.0714,23.625
Chennai,13.0827,80.2707,warm_humid,3.0,3.0,2.6,135.0,puf_sandwich_panel,0.15,mud_brick,0.15,mineral_wool,0.05,west,1.8,1.2,0.55,1.6,36.468,40.38,0.0595,23.668
Chennai,13.0827,80.2707,warm_humid,3.0,3.0,2.6,180.0,plywood,0.03,brick,0.115,mineral_wool,0.15,east,1.5,0.9,0.35,2.0,34.903,37.683,0.0655,23.668
Chennai,13.0827,80.2707,warm_humid,3.0,3.0,2.6,135.0,rammed_earth,0.45,gi_sheet,0.002,eps,0.1,east,1.5,1.2,0.65,5.8,33.907,36.268,0.2143,23.597
Chennai,13.0827,80.2707,warm_humid,3.0,3.0,2.6,45.0,concrete,0.3,puf_sandwich_panel,0.1,sheep_wool,0.05,south,1.5,0.6,0.65,2.0,34.171,36.543,0.2024,23.599
Chennai,13.0827,80.2707,warm_humid,3.0,3.0,2.6,135.0,plywood,0.012,timber,0.1,none,0.0,west,1.5,1.5,0.45,2.6,38.216,49.29,0.1964,23.343
Chennai,13.0827,80.2707,warm_humid,3.0,3.0,2.6,180.0,rammed_earth,0.45,stone,0.3,eps,0.025,west,1.5,1.5,0.45,1.2,34.787,38.001,0.2024,23.593
Chennai,13.0827,80.2707,warm_humid,3.0,3.0,2.6,135.0,puf_sandwich_panel,0.075,timber,0.1,eps,0.2,east,1.5,0.6,0.65,1.6,34.461,37.188,0.0595,23.727
Chennai,13.0827,80.2707,warm_humid,3.0,3.0,2.6,180.0,gi_sheet,0.002,gi_sheet,0.002,eps,0.2,north,0.6,0.9,0.65,3.5,35.038,38.547,0.0536,23.729
Chennai,13.0827,80.2707,warm_humid,3.0,3.0,2.6,0.0,stone,0.45,gi_sheet,0.002,none,0.0,west,1.8,0.9,0.65,2.0,37.597,41.935,0.0774,23.592
Chennai,13.0827,80.2707,warm_humid,3.0,3.0,2.6,90.0,concrete,0.3,brick,0.23,xps,0.15,south,0.6,0.9,0.75,5.8,33.12,35.258,0.2381,23.596
Chennai,13.0827,80.2707,warm_humid,3.0,3.0,2.6,180.0,mud_brick,0.3,concrete,0.15,mineral_wool,0.05,west,0.9,1.2,0.45,5.8,34.465,37.088,0.1964,23.6
Chennai,13.0827,80.2707,warm_humid,3.0,3.0,2.6,135.0,stone,0.45,timber,0.15,mineral_wool,0.05,north,1.2,1.5,0.75,2.6,34.059,37.038,0.2202,23.592
Chennai,13.0827,80.2707,warm_humid,3.0,3.0,2.6,135.0,stone,0.3,timber,0.15,mineral_wool,0.15,west,0.6,1.5,0.55,2.6,33.468,35.853,0.2262,23.596
Chennai,13.0827,80.2707,warm_humid,3.0,3.0,2.6,90.0,mud_brick,0.3,mud_brick,0.25,none,0.0,east,0.9,1.2,0.65,1.6,36.171,39.526,0.0833,23.599
Chennai,13.0827,80.2707,warm_humid,3.0,3.0,2.6,0.0,timber,0.15,puf_sandwich_panel,0.15,eps,0.1,south,1.5,1.2,0.75,1.6,35.413,38.39,0.0655,23.666
Chennai,13.0827,80.2707,warm_humid,3.0,3.0,2.6,90.0,rammed_earth,0.45,concrete,0.1,sheep_wool,0.15,south,1.8,0.9,0.85,1.6,33.831,36.522,0.2202,23.596
Chennai,13.0827,80.2707,warm_humid,3.0,3.0,2.6,0.0,aerated_concrete,0.2,stone,0.15,eps,0.1,east,0.9,0.6,0.85,1.6,34.661,36.876,0.0833,23.626
Chennai,13.0827,80.2707,warm_humid,3.0,3.0,2.6,90.0,concrete,0.3,stone,0.15,eps,0.1,north,1.5,1.2,0.45,5.8,34.212,36.837,0.2083,23.597
Chennai,13.0827,80.2707,warm_humid,3.0,3.0,2.6,180.0,plywood,0.03,gi_sheet,0.002,xps,0.15,east,1.8,1.2,0.75,5.8,36.262,42.214,0.0536,23.73
Chennai,13.0827,80.2707,warm_humid,3.0,3.0,2.6,90.0,rammed_earth,0.15,concrete,0.2,eps,0.05,west,1.2,0.9,0.75,5.8,35.449,38.241,0.0774,23.611
Chennai,13.0827,80.2707,warm_humid,3.0,3.0,2.6,180.0,puf_sandwich_panel,0.075,timber,0.1,mineral_wool,0.05,west,1.8,0.9,0.35,2.0,35.359,39.174,0.0536,23.73
Chennai,13.0827,80.2707,warm_humid,3.0,3.0,2.6,0.0,plywood,0.03,rcc_slab,0.2,eps,0.025,north,1.5,1.2,0.45,2.6,36.692,41.302,0.0595,23.645
Chennai,13.0827,80.2707,warm_humid,3.0,3.0,2.6,45.0,timber,0.2,stone,0.3,xps,0.1,south,1.8,1.2,0.55,1.2,34.758,37.021,0.0893,23.614
Chennai,13.0827,80.2707,warm_humid,3.0,3.0,2.6,90.0,rammed_earth,0.15,rcc_slab,0.15,none,0.0,north,1.5,1.2,0.85,2.0,39.09,45.725,0.0595,23.613
Chennai,13.0827,80.2707,warm_humid,3.0,3.0,2.6,45.0,gi_sheet,0.002,aerated_concrete,0.1,mineral_wool,0.05,south,0.6,0.9,0.65,1.6,35.741,40.881,0.0536,23.713
Chennai,13.0827,80.2707,warm_humid,3.0,3.0,2.6,135.0,plywood,0.012,rcc_slab,0.2,sheep_wool,0.15,east,1.8,0.6,0.45,3.5,34.961,37.53,0.0655,23.647
Chennai,13.0827,80.2707,warm_humid,3.0,3.0,2.6,0.0,concrete,0.15,aerated_concrete,0.1,eps,0.05,south,0.9,1.2,0.75,1.2,35.436,38.109,0.0774,23.614
Chennai,13.0827,80.2707,warm_humid,3.0,3.0,2.6,90.0,plywood,0.019,aerated_concrete,0.2,eps,0.05,south,0.6,1.2,0.35,1.6,35.445,39.676,0.0595,23.703
Chennai,13.0827,80.2707,warm_humid,3.0,3.0,2.6,135.0,plywood,0.05,mud_brick,0.15,eps,0.2,west,1.2,0.6,0.55,2.6,34.677,36.99,0.0714,23.657
Chennai,13.0827,80.2707,warm_humid,3.0,3.0,2.6,180.0,stone,0.45,mud_brick,0.15,mineral_wool,0.05,north,0.6,1.2,0.85,3.5,33.352,35.991,0.2381,23.591
Chennai,13.0827,80.2707,warm_humid,3.0,3.0,2.6,135.0,aerated_concrete,0.1,concrete,0.2,eps,0.025,west,1.8,1.2,0.35,1.2,36.596,40.531,0.0655,23.635
Chennai,13.0827,80.2707,warm_humid,3.0,3.0,2.6,0.0,timber,0.15,stone,0.3,xps,0.05,west,1.2,0.6,0.85,3.5,34.815,37.2,0.0833,23.616
Chennai,13.0827,80.2707,warm_humid,3.0,3.0,2.6,45.0,plywood,0.03,brick,0.23,eps,0.05,west,1.8,0.9,0.65,5.8,36.077,40.021,0.0655,23.646
Chennai,13.0827,80.2707,warm_humid,3.0,3.0,2.6,45.0,aerated_concrete,0.3,mud_brick,0.15,sheep_wool,0.05,north,1.8,0.6,0.85,3.5,35.793,38.809,0.0714,23.623
Chennai,13.0827,80.2707,warm_humid,3.0,3.0,2.6,0.0,mud_brick,0.15,timber,0.15,xps,0.1,north,0.9,0.9,0.45,2.6,34.335,36.395,0.0893,23.617
Chennai,13.0827,80.2707,warm_humid,3.0,3.0,2.6,180.0,puf_sandwich_panel,0.05,gi_sheet,0.002,eps,0.1,south,1.2,0.6,0.65,1.2,34.895,38.495,0.0536,23.76
Chennai,13.0827,80.2707,warm_humid,3.0,3.0,2.6,135.0,rammed_earth,0.3,gi_sheet,0.002,eps,0.05,north,0.9,0.9,0.85,5.8,34.797,37.37,0.1012,23.604
Chennai,13.0827,80.2707,warm_humid,3.0,3.0,2.6,45.0,gi_sheet,0.002,stone,0.15,eps,0.1,west,0.9,0.6,0.45,5.8,34.907,37.746,0.0655,23.65
Chennai,13.0827,80.2707,warm_humid,3.0,3.0,2.6,45.0,gi_sheet,0.002,timber,0.1,sheep_wool,0.05,south,1.8,0.6,0.85,3.5,36.283,42.422,0.0536,23.716
Chennai,13.0827,80.2707,warm_humid,3.0,3.0,2.6,90.0,mud_brick,0.15,stone,0.3,eps,0.1,west,1.2,0.6,0.75,1.6,34.232,36.558,0.1964,23.604
Chennai,13.0827,80.2707,warm_humid,3.0,3.0,2.6,180.0,gi_sheet,0.002,rcc_slab,0.15,xps,0.15,south,0.9,1.2,0.35,3.5,35.072,37.895,0.0655,23.655
Chennai,13.0827,80.2707,warm_humid,3.0,3.0,2.6,45.0,puf_sandwich_panel,0.075,puf_sandwich_panel,0.15,eps,0.15,south,1.2,1.5,0.35,2.0,34.465,37.677,0.0536,23.762
Chennai,13.0827,80.2707,warm_humid,3.0,3.0,2.6,90.0,timber,0.1,gi_sheet,0.002,mineral_wool,0.05,east,0.9,0.9,0.35,1.6,35.216,38.639,0.0595,23.681
Chennai,13.0827,80.2707,warm_humid,3.0,3.0,2.6,45.0,brick,0.115,timber,0.15,sheep_wool,0.15,east,0.6,1.5,0.75,5.8,34.897,37.239,0.0774,23.625
Chennai,13.0827,80.2707,warm_humid,3.0,3.0,2.6,90.0,puf_sandwich_panel,0.075,stone,0.3,mineral_wool,0.05,east,1.8,1.2,0.35,5.8,34.691,36.961,0.0774,23.626
Chennai,13.0827,80.2707,warm_humid,3.0,3.0,2.6,135.0,concrete,0.2,brick,0.115,sheep_wool,0.15,south,1.2,1.5,0.75,2.6,35.105,37.886,0.0952,23.605
Chennai,13.0827,80.2707,warm_humid,3.0,3.0,2.6,0.0,mud_brick,0.45,aerated_concrete,0.2,eps,0.1,west,0.6,0.9,0.45,1.6,32.697,34.747,0.3333,23.595
Chennai,13.0827,80.2707,warm_humid,3.0,3.0,2.6,90.0,timber,0.1,rcc_slab,0.15,mineral_wool,0.1,south,1.2,0.9,0.45,1.6,34.737,37.103,0.0714,23.639
Chennai,13.0827,80.2707,warm_humid,3.0,3.0,2.6,45.0,brick,0.115,mud_brick,0.15,eps,0.2,west,1.5,1.2,0.65,2.6,35.127,37.683,0.0833,23.619
Chennai,13.0827,80.2707,warm_humid,3.0,3.0,2.6,180.0,stone,0.3,puf_sandwich_panel,0.05,xps,0.15,south,1.8,0.6,0.35,2.6,33.211,35.341,0.2321,23.597
Chennai,13.0827,80.2707,warm_humid,3.0,3.0,2.6,180.0,timber,0.2,mud_brick,0.15,eps,0.025,east,1.8,0.6,0.35,2.6,35.357,38.23,0.0714,23.631
Chennai,13.0827,80.2707,warm_humid,3.0,3.0,2.6,0.0,stone,0.45,brick,0.115,xps,0.05,west,1.8,0.6,0.35,2.0,33.192,35.752,0.244,23.591
Chennai,13.0827,80.2707,warm_humid,3.0,3.0,2.6,90.0,brick,0.345,concrete,0.2,mineral_wool,0.15,west,0.9,0.9,0.45,2.6,33.041,35.168,0.2381,23.596
Chennai,13.0827,80.2707,warm_humid,3.0,3.0,2.6,0.0,puf_sandwich_panel,0.075,mud_brick,0.15,eps,0.2,south,1.2,1.2,0.35,2.6,34.155,36.111,0.0714,23.669
Chennai,13.0827,80.2707,warm_humid,3.0,3.0,2.6,90.0,puf_sandwich_panel,0.05,aerated_concrete,0.1,eps,0.15,south,0.6,0.6,0.85,2.0,34.286,36.956,0.0595,23.733
Chennai,13.0827,80.2707,warm_humid,3.0,3.0,2.6,90.0,rammed_earth,0.15,mud_brick,0.25,mineral_wool,0.1,north,1.5,1.2,0.35,1.2,34.778,37.265,0.0952,23.61
Chennai,13.0827,80.2707,warm_humid,3.0,3.0,2.6,45.0,plywood,0.012,concrete,0.15,eps,0.2,north,1.5,1.5,0.35,3.5,35.448,38.605,0.0655,23.658
Chennai,13.0827,80.2707,warm_humid,3.0,3.0,2.6,45.0,timber,0.1,timber,0.15,eps,0.15,west,1.8,0.6,0.65,1.6,34.885,37.584,0.0655,23.667
Chennai,13.0827,80.2707,warm_humid,3.0,3.0,2.6,90.0,timber,0.2,aerated_concrete,0.2,eps,0.2,east,1.8,1.5,0.85,1.2,36.247,39.347,0.0655,23.643
Chennai,13.0827,80.2707,warm_humid,3.0,3.0,2.6,135.0,concrete,0.3,timber,0.1,xps,0.15,north,1.8,1.5,0.85,1.2,35.639,38.927,0.1012,23.6
Chennai,13.0827,80.2707,warm_humid,3.0,3.0,2.6,45.0,stone,0.3,puf_sandwich_panel,0.05,none,0.0,east,0.6,0.6,0.75,3.5,36.391,39.795,0.0774,23.597
Chennai,13.0827,80.2707,warm_humid,3.0,3.0,2.6,45.0,aerated_concrete,0.1,concrete,0.15,sheep_wool,0.15,south,1.5,1.5,0.45,3.5,35.076,37.672,0.0714,23.642
Chennai,13.0827,80.2707,warm_humid,3.0,3.0,2.6,90.0,gi_sheet,0.002,aerated_concrete,0.2,sheep_wool,0.1,north,0.6,0.9,0.35,5.8,35.155,38.842,0.0595,23.696
Chennai,13.0827,80.2707,warm_humid,3.0,3.0,2.6,135.0,stone,0.3,gi_sheet,0.002,xps,0.15,south,1.8,1.5,0.45,3.5,34.159,36.704,0.2083,23.598
Chennai,13.0827,80.2707,warm_humid,3.0,3.0,2.6,135.0,mud_brick,0.15,brick,0.23,xps,0.1,west,0.6,0.9,0.55,5.8,34.279,36.498,0.1131,23.609
Chennai,13.0827,80.2707,warm_humid,3.0,3.0,2.6,90.0,gi_sheet,0.002,puf_sandwich_panel,0.05,eps,0.2,west,0.6,0.9,0.55,2.6,34.882,38.477,0.0536,23.735
Chennai,13.0827,80.2707,warm_humid,3.0,3.0,2.6,90.0,mud_brick,0.3,puf_sandwich_panel,0.05,sheep_wool,0.1,south,1.5,1.2,0.85,3.5,34.854,37.517,0.1012,23.603
Chennai,13.0827,80.2707,warm_humid,3.0,3.0,2.6,45.0,timber,0.1,concrete,0.2,sheep_wool,0.15,north,0.9,1.2,0.65,1.2,35.11,37.606,0.0714,23.633
Chennai,13.0827,80.2707,warm_humid,3.0,3.0,2.6,0.0,aerated_concrete,0.2,rcc_slab,0.15,mineral_wool,0.1,south,0.6,0.9,0.35,2.6,34.082,35.939,0.0833,23.628
Chennai,13.0827,80.2707,warm_humid,3.0,3.0,2.6,45.0,timber,0.15,mud_brick,0.25,eps,0.1,north,1.2,0.9,0.55,5.8,34.846,37.193,0.0774,23.627
Chennai,13.0827,80.2707,warm_humid,3.0,3.0,2.6,90.0,brick,0.345,brick,0.115,eps,0.15,east,0.6,1.5,0.55,1.2,33.228,35.284,0.2262,23.598
Chennai,13.0827,80.2707,warm_humid,3.0,3.0,2.6,180.0,concrete,0.1,stone,0.15,mineral_wool,0.15,south,1.2,0.6,0.45,1.6,34.458,36.673,0.0952,23.614
Chennai,13.0827,80.2707,warm_humid,3.0,3.0,2.6,45.0,timber,0.2,gi_sheet,0.002,eps,0.15,south,1.8,0.9,0.65,2.6,35.035,37.555,0.0655,23.651
Chennai,13.0827,80.2707,warm_humid,3.0,3.0,2.6,45.0,gi_sheet,0.002,timber,0.15,eps,0.15,south,1.8,1.5,0.65,1.6,36.446,41.887,0.0536,23.703
Chennai,13.0827,80.2707,warm_humid,3.0,3.0,2.6,135.0,puf_sandwich_panel,0.075,aerated_concrete,0.1,eps,0.2,north,0.9,0.6,0.85,2.6,34.428,36.923,0.0595,23.729
Chennai,13.0827,80.2707,warm_humid,3.0,3.0,2.6,135.0,aerated_concrete,0.1,stone,0.3,eps,0.025,south,1.8,0.6,0.45,3.5,35.707,38.771,0.0714,23.62
Chennai,13.0827,80.2707,warm_humid,3.0,3.0,2.6,90.0,mud_brick,0.3,concrete,0.1,sheep_wool,0.05,east,1.8,0.6,0.75,2.0,34.685,37.276,0.1488,23.601
Chennai,13.0827,80.2707,warm_humid,3.0,3.0,2.6,45.0,timber,0.1,rcc_slab,0.25,sheep_wool,0.15,south,0.6,0.9,0.35,5.8,33.945,35.736,0.0893,23.627
Chennai,13.0827,80.2707,warm_humid,3.0,3.0,2.6,45.0,aerated_concrete,0.3,timber,0.1,xps,0.05,west,1.5,0.9,0.75,3.5,35.364,38.185,0.0714,23.634
Chennai,13.0827,80.2707,warm_humid,3.0,3.0,2.6,135.0,stone,0.15,timber,0.15,mineral_wool,0.05,south,1.2,0.6,0.85,3.5,35.185,37.844,0.0833,23.609
Chennai,13.0827,80.2707,warm_humid,3.0,3.0,2.6,0.0,plywood,0.019,mud_brick,0.25,mineral_wool,0.05,north,1.5,0.9,0.45,1.2,35.798,39.214,0.0655,23.644
Chennai,13.0827,80.2707,warm_humid,3.0,3.0,2.6,180.0,stone,0.15,rcc_slab,0.25,xps,0.05,north,1.8,1.2,0.35,5.8,34.975,37.535,0.0893,23.603
Chennai,13.0827,80.2707,warm_humid,3.0,3.0,2.6,0.0,gi_sheet,0.002,mud_brick,0.25,mineral_wool,0.05,south,1.8,1.5,0.55,2.6,36.35,40.274,0.0595,23.643
Chennai,13.0827,80.2707,warm_humid,3.0,3.0,2.6,45.0,puf_sandwich_panel,0.1,concrete,0.15,eps,0.025,east,1.5,0.9,0.45,5.8,35.653,39.242,0.0595,23.662
Chennai,13.0827,80.2707,warm_humid,3.0,3.0,2.6,45.0,gi_sheet,0.002,timber,0.1,xps,0.1,west,1.2,1.2,0.75,5.8,35.914,41.409,0.0536,23.713
Chennai,13.0827,80.2707,warm_humid,3.0,3.0,2.6,90.0,stone,0.15,puf_sandwich_panel,0.1,xps,0.05,north,1.2,0.9,0.65,3.5,35.246,37.911,0.0833,23.611
Chennai,13.0827,80.2707,warm_humid,3.0,3.0,2.6,135.0,puf_sandwich_panel,0.1,mud_brick,0.15,xps,0.1,north,1.2,0.9,0.75,2.6,35.053,37.673,0.0655,23.669
Chennai,13.0827,80.2707,warm_humid,3.0,3.0,2.6,180.0,stone,0.3,concrete,0.1,sheep_wool,0.15,west,1.5,1.2,0.55,2.6,34.226,37.045,0.2083,23.596
Chennai,13.0827,80.2707,warm_humid,3.0,3.0,2.6,135.0,mud_brick,0.3,timber,0.1,eps,0.15,west,0.9,1.5,0.65,2.6,34.339,36.924,0.2024,23.602
Chennai,13.0827,80.2707,warm_humid,3.0,3.0,2.6,180.0,mud_brick,0.45,brick,0.23,mineral_wool,0.1,west,1.8,1.5,0.85,3.5,35.457,39.288,0.1964,23.594
Chennai,13.0827,80.2707,warm_humid,3.0,3.0,2.6,0.0,rammed_earth,0.45,aerated_concrete,0.1,mineral_wool,0.15,east,1.8,0.6,0.55,1.2,33.224,35.571,0.2381,23.596
Chennai,13.0827,80.2707,warm_humid,3.0,3.0,2.6,90.0,brick,0.345,concrete,0.15,eps,0.15,south,0.6,0.9,0.35,5.8,32.909,34.859,0.244,23.597
Chennai,13.0827,80.2707,warm_humid,3.0,3.0,2.6,45.0,rammed_earth,0.3,mud_brick,0.15,mineral_wool,0.05,north,0.6,0.6,0.65,2.6,34.148,36.557,0.2024,23.601
Chennai,13.0827,80.2707,warm_humid,3.0,3.0,2.6,135.0,timber,0.1,puf_sandwich_panel,0.1,none,0.0,south,0.9,1.2,0.55,5.8,35.987,41.042,0.0536,23.687
Chennai,13.0827,80.2707,warm_humid,3.0,3.0,2.6,90.0,mud_brick,0.3,aerated_concrete,0.2,sheep_wool,0.05,east,0.9,1.2,0.45,5.8,34.172,36.43,0.1964,23.602
Chennai,13.0827,80.2707,warm_humid,3.0,3.0,2.6,90.0,timber,0.15,stone,0.15,xps,0.1,north,1.8,1.2,0.65,1.2,36.405,39.796,0.0655,23.631
Chennai,13.0827,80.2707,warm_humid,3.0,3.0,2.6,135.0,rammed_earth,0.15,timber,0.15,eps,0.025,west,1.2,0.9,0.75,5.8,36.195,39.535,0.0714,23.62
Chennai,13.0827,80.2707,warm_humid,3.0,3.0,2.6,180.0,puf_sandwich_panel,0.15,brick,0.115,eps,0.15,south,1.5,1.5,0.45,2.0,35.332,38.431,0.0595,23.679
Chennai,13.0827,80.2707,warm_humid,3.0,3.0,2.6,90.0,concrete,0.2,puf_sandwich_panel,0.15,sheep_wool,0.1,north,1.5,0.6,0.75,3.5,34.707,37.199,0.1012,23.607
Chennai,13.0827,80.2707,warm_humid,3.0,3.0,2.6,0.0,stone,0.3,aerated_concrete,0.1,eps,0.2,east,1.5,1.2,0.65,3.5,34.26,37.027,0.2083,23.597
Chennai,13.0827,80.2707,warm_humid,3.0,3.0,2.6,45.0,timber,0.2,stone,0.15,xps,0.15,north,1.2,1.2,0.75,5.8,35.369,38.076,0.0774,23.625
Chennai,13.0827,80.2707,warm_humid,3.0,3.0,2.6,45.0,brick,0.23,puf_sandwich_panel,0.1,mineral_wool,0.05,north,0.6,0.6,0.65,2.6,34.348,36.581,0.1071,23.608
Chennai,13.0827,80.2707,warm_humid,3.0,3.0,2.6,135.0,plywood,0.05,aerated_concrete,0.1,eps,0.15,south,0.6,0.9,0.85,5.8,34.827,37.945,0.0595,23.7
Chennai,13.0827,80.2707,warm_humid,3.0,3.0,2.6,0.0,gi_sheet,0.002,mud_brick,0.15,mineral_wool,0.1,south,1.5,1.2,0.35,3.5,35.254,38.538,0.0655,23.661
Chennai,13.0827,80.2707,warm_humid,3.0,3.0,2.6,45.0,plywood,0.012,concrete,0.2,sheep_wool,0.15,east,1.2,1.5,0.55,2.0,35.613,38.606,0.0655,23.647
Chennai,13.0827,80.2707,warm_humid,3.0,3.0,2.6,0.0,brick,0.23,rcc_slab,0.2,mineral_wool,0.15,west,1.2,0.9,0.55,2.6,33.78,35.951,0.2083,23.602
Chennai,13.0827,80.2707,warm_humid,3.0,3.0,2.6,90.0,aerated_concrete,0.1,puf_sandwich_panel,0.075,eps,0.2,south,1.2,1.5,0.35,5.8,34.618,37.519,0.0655,23.687
Chennai,13.0827,80.2707,warm_humid,3.0,3.0,2.6,45.0,mud_brick,0.45,stone,0.15,eps,0.2,east,0.6,0.9,0.85,2.0,32.481,34.567,0.3512,23.594
Chennai,13.0827,80.2707,warm_humid,3.0,3.0,2.6,0.0,gi_sheet,0.002,stone,0.15,eps,0.1,north,1.2,1.2,0.45,5.8,35.38,38.674,0.0655,23.65
Chennai,13.0827,80.2707,warm_humid,3.0,3.0,2.6,45.0,timber,0.2,stone,0.3,sheep_wool,0.15,west,0.6,0.6,0.85,3.5,33.663,35.457,0.1964,23.613
Chennai,13.0827,80.2707,warm_humid,3.0,3.0,2.6,0.0,stone,0.15,concrete,0.1,xps,0.15,north,0.9,0.6,0.75,2.0,34.022,36.14,0.1964,23.607
Chennai,13.0827,80.2707,warm_humid,3.0,3.0,2.6,0.0,plywood,0.05,rcc_slab,0.2,xps,0.15,north,1.2,1.5,0.85,1.6,36.162,39.4,0.0655,23.641
Chennai,13.0827,80.2707,warm_humid,3.0,3.0,2.6,180.0,aerated_concrete,0.1,puf_sandwich_panel,0.15,sheep_wool,0.15,south,1.8,1.5,0.75,3.5,36.948,42.015,0.0536,23.689
Chennai,13.0827,80.2707,warm_humid,3.0,3.0,2.6,0.0,brick,0.115,rcc_slab,0.1,mineral_wool,0.15,south,0.6,0.9,0.35,3.5,34.096,36.004,0.0952,23.619
Chennai,13.0827,80.2707,warm_humid,3.0,3.0,2.6,180.0,brick,0.115,gi_sheet,0.002,sheep_wool,0.05,west,1.5,0.9,0.35,2.0,36.021,39.334,0.0655,23.629
Chennai,13.0827,80.2707,warm_humid,3.0,3.0,2.6,90.0,puf_sandwich_panel,0.15,concrete,0.2,xps,0.05,south,1.8,1.2,0.65,3.5,35.834,39.204,0.0655,23.648
Chennai,13.0827,80.2707,warm_humid,3.0,3.0,2.6,0.0,rammed_earth,0.45,rcc_slab,0.2,eps,0.2,east,1.2,0.9,0.55,3.5,32.929,35.243,0.3274,23.594
Chennai,13.0827,80.2707,warm_humid,3.0,3.0,2.6,135.0,brick,0.115,brick,0.23,xps,0.15,south,1.5,0.9,0.45,1.2,34.593,36.879,0.0893,23.614
Chennai,13.0827,80.2707,warm_humid,3.0,3.0,2.6,180.0,plywood,0.05,mud_brick,0.25,eps,0.15,east,1.2,0.9,0.55,1.6,34.725,37.044,0.0714,23.64
Chennai,13.0827,80.2707,warm_humid,3.0,3.0,2.6,135.0,brick,0.23,mud_brick,0.25,eps,0.025,east,0.6,0.6,0.35,2.0,35.025,37.758,0.0952,23.602
Chennai,13.0827,80.2707,warm_humid,3.0,3.0,2.6,180.0,timber,0.15,gi_sheet,0.002,none,0.0,west,0.9,1.2,0.85,3.5,39.195,49.407,0.0536,23.665
Chennai,13.0827,80.2707,warm_humid,3.0,3.0,2.6,45.0,brick,0.23,mud_brick,0.25,eps,0.025,west,0.6,1.2,0.55,1.2,35.234,38.078,0.0893,23.602
Chennai,13.0827,80.2707,warm_humid,3.0,3.0,2.6,0.0,timber,0.1,timber,0.15,eps,0.05,west,1.2,0.9,0.85,2.0,35.763,39.533,0.0595,23.668
Chennai,13.0827,80.2707,warm_humid,3.0,3.0,2.6,0.0,plywood,0.012,brick,0.23,eps,0.1,west,1.5,0.6,0.45,1.2,35.037,37.818,0.0655,23.649
Chennai,13.0827,80.2707,warm_humid,3.0,3.0,2.6,90.0,gi_sheet,0.002,mud_brick,0.25,none,0.0,north,1.5,0.9,0.55,1.2,38.174,47.675,0.1012,22.88
Chennai,13.0827,80.2707,warm_humid,3.0,3.0,2.6,135.0,gi_sheet,0.002,concrete,0.1,mineral_wool,0.15,south,0.6,0.6,0.55,3.5,34.932,37.796,0.0655,23.666
Chennai,13.0827,80.2707,warm_humid,3.0,3.0,2.6,180.0,aerated_concrete,0.2,stone,0.15,xps,0.15,south,0.9,0.9,0.35,1.2,33.943,35.708,0.0952,23.626
Chennai,13.0827,80.2707,warm_humid,3.0,3.0,2.6,90.0,concrete,0.1,mud_brick,0.15,xps,0.05,north,1.8,0.6,0.85,1.2,36.281,39.592,0.0714,23.618
Chennai,13.0827,80.2707,warm_humid,3.0,3.0,2.6,0.0,concrete,0.3,aerated_concrete,0.1,sheep_wool,0.05,east,1.2,0.6,0.75,1.2,34.641,37.387,0.1964,23.599
Chennai,13.0827,80.2707,warm_humid,3.0,3.0,2.6,45.0,plywood,0.03,brick,0.23,eps,0.025,west,0.9,1.5,0.65,2.6,36.646,41.275,0.0595,23.646
Chennai,13.0827,80.2707,warm_humid,3.0,3.0,2.6,135.0,rammed_earth,0.45,concrete,0.1,eps,0.1,north,1.5,0.6,0.85,2.6,33.496,35.942,0.2262,23.595
Chennai,13.0827,80.2707,warm_humid,3.0,3.0,2.6,90.0,concrete,0.2,brick,0.115,mineral_wool,0.15,east,1.2,1.5,0.85,1.6,34.907,37.383,0.0952,23.604
Chennai,13.0827,80.2707,warm_humid,3.0,3.0,2.6,135.0,timber,0.1,puf_sandwich_panel,0.05,xps,0.1,west,0.6,1.5,0.75,5.8,35.341,38.586,0.0595,23.684
Chennai,13.0827,80.2707,warm_humid,3.0,3.0,2.6,135.0,plywood,0.019,mud_brick,0.25,sheep_wool,0.1,north,0.9,1.2,0.35,2.0,35.09,37.745,0.0655,23.645
Chennai,13.0827,80.2707,warm_humid,3.0,3.0,2.6,135.0,brick,0.345,concrete,0.1,eps,0.025,north,0.9,0.6,0.45,1.6,34.905,37.783,0.1488,23.598
Chennai,13.0827,80.2707,warm_humid,3.0,3.0,2.6,180.0,brick,0.23,gi_sheet,0.002,eps,0.025,north,1.2,1.2,0.35,2.0,35.771,38.733,0.0774,23.609
Chennai,13.0827,80.2707,warm_humid,3.0,3.0,2.6,45.0,concrete,0.1,puf_sandwich_panel,0.1,mineral_wool,0.05,south,1.8,1.5,0.45,2.0,35.867,39.01,0.0655,23.63
Chennai,13.0827,80.2707,warm_humid,3.0,3.0,2.6,45.0,aerated_concrete,0.2,brick,0.115,mineral_wool,0.1,east,0.9,0.6,0.35,2.0,34.257,36.226,0.0774,23.635
Chennai,13.0827,80.2707,warm_humid,3.0,3.0,2.6,45.0,plywood,0.012,rcc_slab,0.15,eps,0.025,north,0.9,1.2,0.35,1.2,36.691,41.94,0.0595,23.66
Chennai,13.0827,80.2707,warm_humid,3.0,3.0,2.6,90.0,plywood,0.05,brick,0.23,xps,0.15,west,0.6,1.2,0.35,2.6,34.269,36.262,0.0774,23.642
Chennai,13.0827,80.2707,warm_humid,3.0,3.0,2.6,45.0,mud_brick,0.15,timber,0.15,eps,0.05,north,0.6,1.2,0.85,2.0,35.439,38.181,0.0774,23.618
Chennai,13.0827,80.2707,warm_humid,3.0,3.0,2.6,135.0,puf_sandwich_panel,0.075,concrete,0.2,eps,0.15,west,1.2,1.5,0.35,1.6,34.813,37.133,0.0714,23.648
Chennai,13.0827,80.2707,warm_humid,3.0,3.0,2.6,90.0,stone,0.15,rcc_slab,0.15,xps,0.1,east,1.8,1.5,0.55,1.2,35.182,37.716,0.0893,23.606
Chennai,13.0827,80.2707,warm_humid,3.0,3.0,2.6,0.0,puf_sandwich_panel,0.075,puf_sandwich_panel,0.15,sheep_wool,0.15,north,1.5,0.9,0.65,2.0,35.16,38.926,0.0536,23.763
Chennai,13.0827,80.2707,warm_humid,3.0,3.0,2.6,135.0,rammed_earth,0.45,stone,0.3,eps,0.2,north,0.6,1.5,0.55,2.6,32.48,34.615,0.3571,23.593
Chennai,13.0827,80.2707,warm_humid,3.0,3.0,2.6,45.0,puf_sandwich_panel,0.05,stone,0.15,xps,0.1,north,1.2,0.6,0.35,1.2,34.306,36.349,0.0714,23.655
Chennai,13.0827,80.2707,warm_humid,3.0,3.0,2.6,90.0,timber,0.2,timber,0.15,eps,0.2,west,0.9,1.2,0.45,2.6,34.277,36.228,0.0774,23.643
Chennai,13.0827,80.2707,warm_humid,3.0,3.0,2.6,0.0,gi_sheet,0.002,stone,0.3,eps,0.025,west,0.9,1.5,0.75,1.2,36.698,40.853,0.0655,23.625
Chennai,13.0827,80.2707,warm_humid,3.0,3.0,2.6,135.0,puf_sandwich_panel,0.15,brick,0.115,xps,0.15,west,0.6,1.2,0.45,1.6,34.282,36.356,0.0655,23.678
Chennai,13.0827,80.2707,warm_humid,3.0,3.0,2.6,180.0,brick,0.345,mud_brick,0.25,mineral_wool,0.1,south,0.6,0.9,0.75,3.5,33.365,35.652,0.2262,23.596
Chennai,13.0827,80.2707,warm_humid,3.0,3.0,2.6,90.0,aerated_concrete,0.3,aerated_concrete,0.1,eps,0.1,north,1.2,0.6,0.55,1.6,34.512,36.601,0.0774,23.633
Chennai,13.0827,80.2707,warm_humid,3.0,3.0,2.6,90.0,concrete,0.3,concrete,0.1,mineral_wool,0.1,south,0.9,0.9,0.35,1.2,33.463,35.672,0.2202,23.597
Chennai,13.0827,80.2707,warm_humid,3.0,3.0,2.6,180.0,puf_sandwich_panel,0.1,timber,0.15,mineral_wool,0.05,east,0.9,1.2,0.55,1.6,34.927,38.321,0.0595,23.715
Chennai,13.0827,80.2707,warm_humid,3.0,3.0,2.6,0.0,rammed_earth,0.15,timber,0.15,eps,0.025,north,1.2,0.6,0.35,1.2,35.423,38.257,0.0714,23.619
Chennai,13.0827,80.2707,warm_humid,3.0,3.0,2.6,180.0,aerated_concrete,0.1,concrete,0.1,xps,0.1,south,1.8,1.5,0.85,1.6,37.607,42.248,0.0595,23.653
Chennai,13.0827,80.2707,warm_humid,3.0,3.0,2.6,180.0,plywood,0.03,rcc_slab,0.2,eps,0.05,east,0.6,0.9,0.45,3.5,35.405,38.53,0.0655,23.644
Chennai,13.0827,80.2707,warm_humid,3.0,3.0,2.6,0.0,stone,0.15,brick,0.23,sheep_wool,0.15,east,0.9,0.9,0.35,2.6,33.944,36.109,0.2024,23.604
Chennai,13.0827,80.2707,warm_humid,3.0,3.0,2.6,180.0,concrete,0.15,rcc_slab,0.1,eps,0.15,west,0.9,1.2,0.35,2.6,34.446,36.756,0.1012,23.61
Chennai,13.0827,80.2707,warm_humid,3.0,3.0,2.6,45.0,aerated_concrete,0.2,puf_sandwich_panel,0.05,eps,0.1,east,1.5,0.9,0.55,1.2,34.985,37.445,0.0655,23.656
Chennai,13.0827,80.2707,warm_humid,3.0,3.0,2.6,0.0,stone,0.15,rcc_slab,0.15,eps,0.025,west,1.5,0.9,0.45,1.6,35.965,39.112,0.0774,23.606
Chennai,13.0827,80.2707,warm_humid,3.0,3.0,2.6,45.0,timber,0.1,timber,0.15,xps,0.1,west,1.2,1.5,0.55,1.2,35.44,38.715,0.0655,23.668
Chennai,13.0827,80.2707,warm_humid,3.0,3.0,2.6,45.0,mud_brick,0.3,rcc_slab,0.15,eps,0.2,east,1.8,1.5,0.65,2.0,34.797,37.58,0.1905,23.6
Chennai,13.0827,80.2707,warm_humid,3.0,3.0,2.6,0.0,timber,0.1,puf_sandwich_panel,0.05,sheep_wool,0.1,west,1.2,1.5,0.55,2.0,35.458,39.151,0.0595,23.687
Chennai,13.0827,80.2707,warm_humid,3.0,3.0,2.6,135.0,puf_sandwich_panel,0.1,concrete,0.2,sheep_wool,0.1,north,0.6,0.9,0.55,1.2,34.24,36.173,0.0774,23.648
Chennai,13.0827,80.2707,warm_humid,3.0,3.0,2.6,135.0,puf_sandwich_panel,0.1,timber,0.1,xps,0.1,west,0.9,1.2,0.75,1.6,35.568,39.294,0.0536,23.729
Chennai,13.0827,80.2707,warm_humid,3.0,3.0,2.6,135.0,brick,0.115,puf_sandwich_panel,0.05,eps,0.15,north,0.9,0.6,0.35,2.0,34.333,36.313,0.0833,23.629
Chennai,13.0827,80.2707,warm_humid,3.0,3.0,2.6,135.0,gi_sheet,0.002,concrete,0.2,eps,0.1,north,0.9,0.9,0.85,5.8,35.644,38.806,0.0655,23.644
Chennai,13.0827,80.2707,warm_humid,3.0,3.0,2.6,45.0,gi_sheet,0.002,brick,0.115,xps,0.15,south,1.8,0.9,0.75,3.5,35.749,39.651,0.0595,23.672
Chennai,13.0827,80.2707,warm_humid,3.0,3.0,2.6,90.0,concrete,0.15,concrete,0.15,mineral_wool,0.15,west,1.2,0.9,0.35,1.6,34.13,36.286,0.1905,23.608
Chennai,13.0827,80.2707,warm_humid,3.0,3.0,2.6,90.0,concrete,0.15,puf_sandwich_panel,0.15,eps,0.025,east,0.9,1.5,0.65,5.8,35.704,38.61,0.0714,23.615
Chennai,13.0827,80.2707,warm_humid,3.0,3.0,2.6,135.0,plywood,0.05,concrete,0.1,eps,0.15,south,1.2,0.9,0.65,5.8,35.041,37.998,0.0655,23.665
Chennai,13.0827,80.2707,warm_humid,3.0,3.0,2.6,90.0,rammed_earth,0.3,timber,0.15,xps,0.1,north,1.5,0.6,0.65,3.5,34.067,36.415,0.2024,23.603
Chennai,13.0827,80.2707,warm_humid,3.0,3.0,2.6,0.0,concrete,0.3,brick,0.23,eps,0.2,south,1.8,1.2,0.85,3.5,34.228,36.71,0.2083,23.597
Chennai,13.0827,80.2707,warm_humid,3.0,3.0,2.6,45.0,stone,0.3,aerated_concrete,0.1,xps,0.15,north,0.6,1.2,0.85,1.2,33.51,35.931,0.2262,23.596
Chennai,13.0827,80.2707,warm_humid,3.0,3.0,2.6,180.0,aerated_concrete,0.2,gi_sheet,0.002,eps,0.1,north,1.2,1.2,0.35,3.5,34.629,36.947,0.0714,23.654
Chennai,13.0827,80.2707,warm_humid,3.0,3.0,2.6,135.0,puf_sandwich_panel,0.1,brick,0.115,eps,0.05,west,1.2,0.9,0.35,1.2,35.149,38.261,0.0595,23.683
Chennai,13.0827,80.2707,warm_humid,3.0,3.0,2.6,180.0,puf_sandwich_panel,0.1,aerated_concrete,0.1,mineral_wool,0.1,south,1.2,1.5,0.35,2.6,34.915,38.244,0.0595,23.724
Chennai,13.0827,80.2707,warm_humid,3.0,3.0,2.6,90.0,gi_sheet,0.002,rcc_slab,0.1,mineral_wool,0.15,west,1.2,1.5,0.55,5.8,35.75,39.626,0.0595,23.667
Chennai,13.0827,80.2707,warm_humid,3.0,3.0,2.6,90.0,rammed_earth,0.15,brick,0.115,eps,0.05,north,1.2,0.6,0.45,1.2,35.238,37.883,0.0774,23.616
Chennai,13.0827,80.2707,warm_humid,3.0,3.0,2.6,180.0,aerated_concrete,0.1,stone,0.15,eps,0.025,south,1.2,1.5,0.45,1.2,36.5,40.512,0.0655,23.639
Chennai,13.0827,80.2707,warm_humid,3.0,3.0,2.6,135.0,puf_sandwich_panel,0.1,mud_brick,0.25,xps,0.05,south,0.9,1.2,0.65,5.8,34.899,37.518,0.0714,23.647
Chennai,13.0827,80.2707,warm_humid,3.0,3.0,2.6,45.0,puf_sandwich_panel,0.05,gi_sheet,0.002,eps,0.2,west,0.6,1.5,0.75,1.2,34.78,38.322,0.0536,23.754
Chennai,13.0827,80.2707,warm_humid,3.0,3.0,2.6,135.0,plywood,0.05,stone,0.15,xps,0.1,east,1.8,0.6,0.55,1.6,34.928,37.403,0.0714,23.646
Chennai,13.0827,80.2707,warm_humid,3.0,3.0,2.6,90.0,timber,0.1,stone,0.15,mineral_wool,0.15,south,0.6,1.2,0.75,3.5,34.458,36.586,0.0774,23.635
Chennai,13.0827,80.2707,warm_humid,3.0,3.0,2.6,0.0,puf_sandwich_panel,0.075,rcc_slab,0.25,sheep_wool,0.15,west,0.9,0.9,0.85,5.8,34.472,36.638,0.0774,23.639
Chennai,13.0827,80.2707,warm_humid,3.0,3.0,2.6,135.0,timber,0.15,rcc_slab,0.1,sheep_wool,0.1,north,0.6,0.9,0.75,2.6,34.733,37.012,0.0714,23.641
Chennai,13.0827,80.2707,warm_humid,3.0,3.0,2.6,90.0,concrete,0.2,brick,0.23,eps,0.05,south,1.2,1.5,0.65,2.6,35.435,38.388,0.0893,23.602
Chennai,13.0827,80.2707,warm_humid,3.0,3.0,2.6,135.0,brick,0.115,aerated_concrete,0.2,xps,0.15,south,1.5,0.9,0.35,2.6,34.593,36.79,0.0833,23.624
Chennai,13.0827,80.2707,warm_humid,3.0,3.0,2.6,0.0,plywood,0.03,timber,0.15,eps,0.025,north,1.2,1.2,0.55,1.2,36.552,42.404,0.0536,23.705
Chennai,13.0827,80.2707,warm_humid,3.0,3.0,2.6,135.0,concrete,0.3,gi_sheet,0.002,sheep_wool,0.1,west,1.5,1.2,0.35,1.2,34.329,36.957,0.2024,23.599
Chennai,13.0827,80.2707,warm_humid,3.0,3.0,2.6,45.0,brick,0.115,puf_sandwich_panel,0.1,xps,0.05,south,1.8,0.9,0.65,2.6,35.665,38.601,0.0714,23.63
Chennai,13.0827,80.2707,warm_humid,3.0,3.0,2.6,135.0,timber,0.2,mud_brick,0.15,eps,0.2,west,1.8,1.5,0.55,2.0,36.242,39.525,0.0655,23.632
Chennai,13.0827,80.2707,warm_humid,3.0,3.0,2.6,45.0,stone,0.15,stone,0.15,xps,0.05,west,1.8,1.5,0.45,2.0,35.54,38.449,0.0833,23.606
Chennai,13.0827,80.2707,warm_humid,3.0,3.0,2.6,90.0,rammed_earth,0.3,stone,0.15,eps,0.05,north,1.5,0.6,0.65,1.6,34.597,37.305,0.1964,23.6
Chennai,13.0827,80.2707,warm_humid,3.0,3.0,2.6,45.0,mud_brick,0.15,brick,0.115,mineral_wool,0.1,west,1.5,0.9,0.75,1.2,35.158,37.744,0.0833,23.614
Chennai,13.0827,80.2707,warm_humid,3.0,3.0,2.6,45.0,puf_sandwich_panel,0.1,gi_sheet,0.002,xps,0.1,south,0.9,0.9,0.45,2.6,34.402,37.41,0.0595,23.754
Chennai,13.0827,80.2707,warm_humid,3.0,3.0,2.6,180.0,concrete,0.2,timber,0.1,xps,0.15,east,1.2,0.6,0.65,2.6,34.045,36.221,0.1964,23.606
Chennai,13.0827,80.2707,warm_humid,3.0,3.0,2.6,0.0,stone,0.15,aerated_concrete,0.1,xps,0.15,west,1.8,1.2,0.35,2.0,34.464,36.689,0.0952,23.611
Chennai,13.0827,80.2707,warm_humid,3.0,3.0,2.6,45.0,brick,0.345,aerated_concrete,0.1,sheep_wool,0.05,south,1.2,0.6,0.65,2.0,34.216,36.666,0.2024,23.599
Chennai,13.0827,80.2707,warm_humid,3.0,3.0,2.6,180.0,mud_brick,0.15,timber,0.15,eps,0.1,west,1.5,0.9,0.45,2.0,35.002,37.497,0.0833,23.618
Chennai,13.0827,80.2707,warm_humid,3.0,3.0,2.6,45.0,puf_sandwich_panel,0.05,aerated_concrete,0.1,none,0.0,north,1.2,1.2,0.35,1.6,36.48,42.809,0.0536,23.74
Chennai,13.0827,80.2707,warm_humid,3.0,3.0,2.6,180.0,puf_sandwich_panel,0.05,brick,0.115,xps,0.05,east,1.5,1.2,0.35,2.6,35.301,38.899,0.0595,23.684
Chennai,13.0827,80.2707,warm_humid,3.0,3.0,2.6,0.0,brick,0.345,aerated_concrete,0.1,sheep_wool,0.1,west,0.6,1.2,0.85,5.8,33.814,36.102,0.2143,23.599
Chennai,13.0827,80.2707,warm_humid,3.0,3.0,2.6,45.0,puf_sandwich_panel,0.15,mud_brick,0.25,eps,0.1,west,1.8,1.2,0.85,5.8,35.964,39.469,0.0655,23.646
Chennai,13.0827,80.2707,warm_humid,3.0,3.0,2.6,180.0,mud_brick,0.45,puf_sandwich_panel,0.1,sheep_wool,0.05,north,0.9,0.6,0.45,3.5,33.035,35.092,0.2381,23.596
Chennai,13.0827,80.2707,warm_humid,3.0,3.0,2.6,135.0,timber,0.1,concrete,0.2,mineral_wool,0.15,south,0.6,1.5,0.65,2.0,34.532,36.691,0.0774,23.631
Chennai,13.0827,80.2707,warm_humid,3.0,3.0,2.6,180.0,mud_brick,0.3,timber,0.1,mineral_wool,0.15,south,0.6,0.9,0.85,2.0,33.504,35.607,0.2143,23.601
Chennai,13.0827,80.2707,warm_humid,3.0,3.0,2.6,135.0,stone,0.15,stone,0.3,eps,0.2,east,0.6,0.9,0.75,2.6,33.573,35.698,0.2143,23.6
Chennai,13.0827,80.2707,warm_humid,3.0,3.0,2.6,0.0,rammed_earth,0.3,aerated_concrete,0.2,xps,0.15,south,1.5,1.2,0.35,5.8,33.596,35.493,0.2083,23.603
Chennai,13.0827,80.2707,warm_humid,3.0,3.0,2.6,45.0,concrete,0.15,brick,0.23,none,0.0,east,1.2,0.9,0.85,1.6,38.286,43.769,0.0595,23.607
Chennai,13.0827,80.2707,warm_humid,3.0,3.0,2.6,135.0,mud_brick,0.15,brick,0.23,mineral_wool,0.1,north,1.8,1.5,0.55,1.6,35.71,38.598,0.0833,23.61
Chennai,13.0827,80.2707,warm_humid,3.0,3.0,2.6,0.0,aerated_concrete,0.2,timber,0.15,sheep_wool,0.1,north,1.2,1.5,0.85,2.0,36.276,39.732,0.0655,23.647
Chennai,13.0827,80.2707,warm_humid,3.0,3.0,2.6,90.0,aerated_concrete,0.1,timber,0.15,eps,0.025,west,1.8,1.2,0.35,2.0,36.1,40.497,0.0595,23.672
Chennai,13.0827,80.2707,warm_humid,3.0,3.0,2.6,135.0,gi_sheet,0.002,stone,0.3,sheep_wool,0.1,north,0.6,1.2,0.45,5.8,35.019,37.533,0.0774,23.625
Chennai,13.0827,80.2707,warm_humid,3.0,3.0,2.6,180.0,concrete,0.2,puf_sandwich_panel,0.05,eps,0.05,east,1.8,0.6,0.75,3.5,35.125,37.761,0.0893,23.607
Chennai,13.0827,80.2707,warm_humid,3.0,3.0,2.6,90.0,stone,0.15,concrete,0.2,xps,0.15,north,0.6,1.2,0.55,2.0,34.02,36.274,0.2024,23.604
Chennai,13.0827,80.2707,warm_humid,3.0,3.0,2.6,0.0,plywood,0.05,brick,0.23,eps,0.2,west,0.9,1.5,0.45,3.5,34.542,36.799,0.0714,23.642
Chennai,13.0827,80.2707,warm_humid,3.0,3.0,2.6,45.0,gi_sheet,0.002,rcc_slab,0.25,eps,0.15,north,1.5,1.5,0.85,5.8,37.083,41.247,0.0595,23.636
Chennai,13.0827,80.2707,warm_humid,3.0,3.0,2.6,180.0,concrete,0.1,puf_sandwich_panel,0.075,sheep_wool,0.05,north,1.8,0.9,0.35,3.5,35.469,38.319,0.0714,23.629
Chennai,13.0827,80.2707,warm_humid,3.0,3.0,2.6,135.0,timber,0.15,timber,0.1,eps,0.05,east,1.5,1.5,0.35,3.5,35.328,38.499,0.0655,23.659
Chennai,13.0827,80.2707,warm_humid,3.0,3.0,2.6,180.0,brick,0.115,rcc_slab,0.15,mineral_wool,0.15,south,1.8,0.6,0.55,1.6,34.773,37.131,0.0893,23.616
Chennai,13.0827,80.2707,warm_humid,3.0,3.0,2.6,135.0,rammed_earth,0.15,brick,0.23,none,0.0,north,0.9,0.6,0.85,1.6,37.602,42.455,0.0655,23.611
Chennai,13.0827,80.2707,warm_humid,3.0,3.0,2.6,90.0,mud_brick,0.15,gi_sheet,0.002,sheep_wool,0.1,east,0.6,1.2,0.85,2.0,34.78,37.025,0.0833,23.62
Chennai,13.0827,80.2707,warm_humid,3.0,3.0,2.6,45.0,puf_sandwich_panel,0.15,stone,0.3,eps,0.05,south,1.5,0.6,0.75,1.2,34.61,36.77,0.0833,23.626
Chennai,13.0827,80.2707,warm_humid,3.0,3.0,2.6,180.0,stone,0.45,rcc_slab,0.25,xps,0.05,west,0.6,0.9,0.35,3.5,32.949,35.502,0.3393,23.59
Chennai,13.0827,80.2707,warm_humid,3.0,3.0,2.6,180.0,concrete,0.2,rcc_slab,0.15,xps,0.05,west,0.6,1.5,0.75,2.0,35.305,38.266,0.0952,23.603
Chennai,13.0827,80.2707,warm_humid,3.0,3.0,2.6,135.0,gi_sheet,0.002,mud_brick,0.25,none,0.0,west,1.2,0.9,0.35,2.6,37.976,47.255,0.1012,22.846
Chennai,13.0827,80.2707,warm_humid,3.0,3.0,2.6,0.0,puf_sandwich_panel,0.1,timber,0.15,none,0.0,north,0.9,0.6,0.75,3.5,35.359,39.463,0.0595,23.721
Chennai,13.0827,80.2707,warm_humid,3.0,3.0,2.6,180.0,gi_sheet,0.002,gi_sheet,0.002,mineral_wool,0.1,north,0.6,0.9,0.55,1.2,35.38,39.475,0.0536,23.725
Chennai,13.0827,80.2707,warm_humid,3.0,3.0,2.6,90.0,stone,0.3,aerated_concrete,0.2,sheep_wool,0.1,north,0.9,1.5,0.35,3.5,33.712,36.099,0.2202,23.596
Chennai,13.0827,80.2707,warm_humid,3.0,3.0,2.6,90.0,plywood,0.05,aerated_concrete,0.2,sheep_wool,0.15,north,0.9,0.6,0.35,2.0,34.507,36.989,0.0655,23.685
Chennai,13.0827,80.2707,warm_humid,3.0,3.0,2.6,45.0,brick,0.345,rcc_slab,0.2,eps,0.1,west,1.8,1.2,0.75,2.0,34.587,37.476,0.2024,23.597
Chennai,13.0827,80.2707,warm_humid,3.0,3.0,2.6,135.0,gi_sheet,0.002,gi_sheet,0.002,eps,0.1,north,1.8,0.6,0.55,5.8,35.759,40.551,0.0536,23.734
Chennai,13.0827,80.2707,warm_humid,3.0,3.0,2.6,135.0,gi_sheet,0.002,brick,0.23,eps,0.15,west,1.2,1.5,0.35,2.6,35.578,38.662,0.0655,23.646
Chennai,13.0827,80.2707,warm_humid,3.0,3.0,2.6,180.0,timber,0.2,gi_sheet,0.002,mineral_wool,0.15,east,0.6,1.5,0.35,1.2,34.154,36.079,0.0774,23.647
Chennai,13.0827,80.2707,warm_humid,3.0,3.0,2.6,0.0,rammed_earth,0.15,mud_brick,0.25,mineral_wool,0.1,north,1.2,0.9,0.35,2.6,34.237,36.375,0.1071,23.61
Chennai,13.0827,80.2707,warm_humid,3.0,3.0,2.6,90.0,timber,0.2,mud_brick,0.15,xps,0.1,east,1.8,0.6,0.45,5.8,34.31,36.285,0.0774,23.631
Chennai,13.0827,80.2707,warm_humid,3.0,3.0,2.6,0.0,puf_sandwich_panel,0.075,rcc_slab,0.15,eps,0.05,east,1.2,1.2,0.85,2.6,36.634,40.673,0.0595,23.662
Chennai,13.0827,80.2707,warm_humid,3.0,3.0,2.6,90.0,timber,0.15,mud_brick,0.25,eps,0.1,north,0.6,0.9,0.65,1.2,34.464,36.545,0.0833,23.627
Chennai,13.0827,80.2707,warm_humid,3.0,3.0,2.6,0.0,rammed_earth,0.3,stone,0.15,mineral_wool,0.15,west,1.2,0.9,0.75,1.6,33.677,35.92,0.2143,23.6
Chennai,13.0827,80.2707,warm_humid,3.0,3.0,2.6,180.0,gi_sheet,0.002,concrete,0.2,eps,0.2,west,0.9,1.5,0.75,1.2,36.174,39.546,0.0655,23.644
Chennai,13.0827,80.2707,warm_humid,3.0,3.0,2.6,135.0,rammed_earth,0.15,brick,0.23,mineral_wool,0.05,south,0.9,0.6,0.55,1.6,34.914,37.423,0.0893,23.61
Chennai,13.0827,80.2707,warm_humid,3.0,3.0,2.6,45.0,brick,0.345,rcc_slab,0.2,mineral_wool,0.1,north,1.8,0.6,0.85,3.5,34.179,36.941,0.2083,23.597
Chennai,13.0827,80.2707,warm_humid,3.0,3.0,2.6,135.0,rammed_earth,0.45,rcc_slab,0.1,mineral_wool,0.05,north,1.5,0.9,0.65,2.0,34.198,36.9,0.2083,23.595
Chennai,13.0827,80.2707,warm_humid,3.0,3.0,2.6,45.0,puf_sandwich_panel,0.1,timber,0.15,eps,0.1,north,0.6,1.2,0.75,2.0,34.96,37.968,0.0595,23.717
Chennai,13.0827,80.2707,warm_humid,3.0,3.0,2.6,180.0,rammed_earth,0.45,gi_sheet,0.002,mineral_wool,0.1,south,0.9,1.5,0.45,1.2,33.437,35.773,0.2262,23.597
Chennai,13.0827,80.2707,warm_humid,3.0,3.0,2.6,180.0,rammed_earth,0.45,puf_sandwich_panel,0.05,eps,0.1,south,0.9,1.2,0.35,2.0,33.039,35.121,0.2381,23.597
Chennai,13.0827,80.2707,warm_humid,3.0,3.0,2.6,0.0,plywood,0.012,puf_sandwich_panel,0.075,none,0.0,north,0.6,1.5,0.45,3.5,37.508,48.102,0.2143,23.366
Chennai,13.0827,80.2707,warm_humid,3.0,3.0,2.6,90.0,gi_sheet,0.002,timber,0.15,xps,0.15,north,0.6,1.2,0.65,3.5,35.352,39.003,0.0595,23.7
Chennai,13.0827,80.2707,warm_humid,3.0,3.0,2.6,0.0,plywood,0.019,mud_brick,0.25,eps,0.2,west,1.2,0.6,0.45,5.8,34.322,36.46,0.0774,23.644
Chennai,13.0827,80.2707,warm_humid,3.0,3.0,2.6,45.0,aerated_concrete,0.3,puf_sandwich_panel,0.05,xps,0.15,south,1.8,0.6,0.55,5.8,34.177,36.067,0.0774,23.637
Chennai,13.0827,80.2707,warm_humid,3.0,3.0,2.6,180.0,gi_sheet,0.002,brick,0.23,eps,0.1,north,1.8,0.6,0.45,3.5,35.29,38.189,0.0655,23.646
Chennai,13.0827,80.2707,warm_humid,3.0,3.0,2.6,45.0,mud_brick,0.15,stone,0.15,mineral_wool,0.15,south,0.6,0.6,0.35,3.5,33.591,35.392,0.2024,23.61
Chennai,13.0827,80.2707,warm_humid,3.0,3.0,2.6,90.0,puf_sandwich_panel,0.1,timber,0.1,none,0.0,north,1.5,1.5,0.55,2.0,37.338,44.007,0.0476,23.735
Chennai,13.0827,80.2707,warm_humid,3.0,3.0,2.6,180.0,brick,0.23,timber,0.1,eps,0.15,north,1.5,1.5,0.45,2.6,34.465,36.64,0.1012,23.608
Chennai,13.0827,80.2707,warm_humid,3.0,3.0,2.6,90.0,stone,0.3,timber,0.15,mineral_wool,0.15,north,0.9,0.6,0.65,1.2,33.175,35.403,0.2381,23.596
Chennai,13.0827,80.2707,warm_humid,3.0,3.0,2.6,0.0,aerated_concrete,0.3,stone,0.3,xps,0.05,north,0.6,0.9,0.45,2.6,34.09,36.196,0.1369,23.61
Chennai,13.0827,80.2707,warm_humid,3.0,3.0,2.6,90.0,rammed_earth,0.3,concrete,0.1,eps,0.2,north,0.9,1.5,0.85,3.5,34.589,37.357,0.1964,23.602
Chennai,13.0827,80.2707,warm_humid,3.0,3.0,2.6,45.0,gi_sheet,0.002,gi_sheet,0.002,eps,0.2,west,1.8,0.9,0.65,3.5,35.725,41.029,0.0536,23.73
Chennai,13.0827,80.2707,warm_humid,3.0,3.0,2.6,45.0,rammed_earth,0.45,aerated_concrete,0.2,eps,0.05,east,0.9,1.5,0.75,2.6,34.124,36.72,0.2083,23.596
Chennai,13.0827,80.2707,warm_humid,3.0,3.0,2.6,0.0,concrete,0.15,timber,0.1,eps,0.05,south,1.8,0.6,0.65,1.6,35.303,37.912,0.0774,23.614
Chennai,13.0827,80.2707,warm_humid,3.0,3.0,2.6,90.0,rammed_earth,0.45,gi_sheet,0.002,mineral_wool,0.05,east,0.6,0.9,0.45,1.6,33.528,35.791,0.2202,23.596
Chennai,13.0827,80.2707,warm_humid,3.0,3.0,2.6,45.0,brick,0.115,concrete,0.2,mineral_wool,0.1,south,1.8,0.6,0.75,2.6,34.935,37.331,0.0833,23.613
Chennai,13.0827,80.2707,warm_humid,3.0,3.0,2.6,45.0,mud_brick,0.45,stone,0.3,eps,0.025,south,1.2,1.5,0.35,2.6,33.986,36.722,0.2143,23.593
Chennai,13.0827,80.2707,warm_humid,3.0,3.0,2.6,45.0,aerated_concrete,0.1,stone,0.15,xps,0.15,east,1.5,0.9,0.45,1.6,34.633,36.773,0.0774,23.637
Chennai,13.0827,80.2707,warm_humid,3.0,3.0,2.6,0.0,gi_sheet,0.002,gi_sheet,0.002,sheep_wool,0.1,south,1.8,0.9,0.75,2.0,36.135,42.01,0.0536,23.735
Chennai,13.0827,80.2707,warm_humid,3.0,3.0,2.6,180.0,puf_sandwich_panel,0.15,aerated_concrete,0.1,xps,0.1,south,1.8,0.6,0.75,1.6,35.2,38.701,0.0536,23.728
Chennai,13.0827,80.2707,warm_humid,3.0,3.0,2.6,0.0,plywood,0.019,concrete,0.15,xps,0.15,north,1.8,1.2,0.65,5.8,35.982,39.741,0.0595,23.657
Chennai,13.0827,80.2707,warm_humid,3.0,3.0,2.6,0.0,gi_sheet,0.002,puf_sandwich_panel,0.075,eps,0.2,north,1.8,1.2,0.55,2.0,36.062,41.335,0.0536,23.737
Chennai,13.0827,80.2707,warm_humid,3.0,3.0,2.6,45.0,aerated_concrete,0.1,gi_sheet,0.002,eps,0.2,east,0.9,1.5,0.75,1.2,35.465,38.551,0.0595,23.683
Chennai,13.0827,80.2707,warm_humid,3.0,3.0,2.6,0.0,gi_sheet,0.002,mud_brick,0.15,xps,0.05,west,1.5,0.9,0.65,5.8,36.057,40.698,0.0595,23.664
Chennai,13.0827,80.2707,warm_humid,3.0,3.0,2.6,45.0,stone,0.45,concrete,0.2,mineral_wool,0.15,east,1.5,1.5,0.55,1.2,33.083,35.781,0.3274,23.591
Chennai,13.0827,80.2707,warm_humid,3.0,3.0,2.6,135.0,mud_brick,0.15,brick,0.23,xps,0.15,south,0.6,0.6,0.55,1.6,33.727,35.656,0.2024,23.609
Chennai,13.0827,80.2707,warm_humid,3.0,3.0,2.6,90.0,gi_sheet,0.002,concrete,0.1,eps,0.1,east,1.5,1.5,0.75,2.6,36.437,40.978,0.0595,23.673
Chennai,13.0827,80.2707,warm_humid,3.0,3.0,2.6,45.0,gi_sheet,0.002,rcc_slab,0.2,xps,0.1,east,1.5,1.5,0.55,3.5,35.996,39.461,0.0655,23.644
Chennai,13.0827,80.2707,warm_humid,3.0,3.0,2.6,180.0,gi_sheet,0.002,gi_sheet,0.002,mineral_wool,0.15,west,1.8,0.6,0.45,5.8,35.563,39.742,0.0536,23.72
Chennai,13.0827,80.2707,warm_humid,3.0,3.0,2.6,135.0,puf_sandwich_panel,0.15,rcc_slab,0.25,sheep_wool,0.05,south,0.9,1.5,0.85,3.5,35.584,38.597,0.0714,23.639
Chennai,13.0827,80.2707,warm_humid,3.0,3.0,2.6,45.0,puf_sandwich_panel,0.15,stone,0.3,eps,0.2,west,1.8,1.5,0.85,1.6,36.289,39.507,0.0714,23.626
Chennai,13.0827,80.2707,warm_humid,3.0,3.0,2.6,90.0,aerated_concrete,0.3,timber,0.1,sheep_wool,0.15,north,0.6,1.5,0.55,5.8,34.514,36.614,0.0774,23.633
Chennai,13.0827,80.2707,warm_humid,3.0,3.0,2.6,45.0,rammed_earth,0.3,brick,0.23,eps,0.025,north,1.2,0.9,0.65,2.6,35.356,38.427,0.0952,23.6
Chennai,13.0827,80.2707,warm_humid,3.0,3.0,2.6,45.0,gi_sheet,0.002,brick,0.23,sheep_wool,0.15,west,1.2,0.9,0.85,1.6,35.532,38.731,0.0655,23.646
Chennai,13.0827,80.2707,warm_humid,3.0,3.0,2.6,45.0,brick,0.23,puf_sandwich_panel,0.05,sheep_wool,0.05,east,1.2,1.2,0.75,2.0,35.421,38.147,0.0833,23.609
Chennai,13.0827,80.2707,warm_humid,3.0,3.0,2.6,0.0,stone,0.45,rcc_slab,0.15,xps,0.05,east,0.6,0.6,0.45,5.8,32.979,35.467,0.3274,23.59
Chennai,13.0827,80.2707,warm_humid,3.0,3.0,2.6,90.0,brick,0.115,puf_sandwich_panel,0.1,mineral_wool,0.15,east,0.6,1.2,0.85,1.6,34.584,36.655,0.0774,23.627
Chennai,13.0827,80.2707,warm_humid,3.0,3.0,2.6,90.0,puf_sandwich_panel,0.05,puf_sandwich_panel,0.075,eps,0.1,east,1.8,0.6,0.75,1.2,34.882,38.606,0.0536,23.769
Chennai,13.0827,80.2707,warm_humid,3.0,3.0,2.6,45.0,brick,0.345,aerated_concrete,0.2,none,0.0,north,0.9,0.6,0.65,2.0,35.798,38.972,0.0833,23.599
Chennai,13.0827,80.2707,warm_humid,3.0,3.0,2.6,90.0,puf_sandwich_panel,0.075,aerated_concrete,0.2,mineral_wool,0.05,west,0.9,1.5,0.75,3.5,35.707,39.806,0.0536,23.708
Chennai,13.0827,80.2707,warm_humid,3.0,3.0,2.6,45.0,stone,0.15,mud_brick,0.15,none,0.0,west,1.5,0.6,0.65,5.8,37.899,43.436,0.0595,23.606
Chennai,13.0827,80.2707,warm_humid,3.0,3.0,2.6,90.0,stone,0.15,concrete,0.1,mineral_wool,0.15,east,0.6,0.9,0.55,2.0,33.89,35.902,0.1964,23.606
Chennai,13.0827,80.2707,warm_humid,3.0,3.0,2.6,90.0,rammed_earth,0.15,brick,0.23,sheep_wool,0.15,east,1.2,0.9,0.75,1.2,34.442,36.568,0.0952,23.611
Chennai,13.0827,80.2707,warm_humid,3.0,3.0,2.6,90.0,timber,0.2,rcc_slab,0.25,eps,0.05,north,1.2,0.9,0.55,2.6,35.19,37.816,0.0774,23.619
Chennai,13.0827,80.2707,warm_humid,3.0,3.0,2.6,135.0,concrete,0.2,aerated_concrete,0.2,mineral_wool,0.05,south,1.8,0.9,0.55,2.0,35.272,38.045,0.0893,23.606
Chennai,13.0827,80.2707,warm_humid,3.0,3.0,2.6,90.0,brick,0.345,stone,0.15,eps,0.05,east,1.8,0.9,0.65,5.8,34.516,37.097,0.1964,23.597
Chennai,13.0827,80.2707,warm_humid,3.0,3.0,2.6,0.0,brick,0.345,concrete,0.1,sheep_wool,0.15,west,0.9,0.9,0.45,3.5,33.214,35.273,0.2262,23.598
Chennai,13.0827,80.2707,warm_humid,3.0,3.0,2.6,135.0,mud_brick,0.45,puf_sandwich_panel,0.05,none,0.0,south,0.9,0.6,0.75,3.5,34.317,36.931,0.2024,23.596
Chennai,13.0827,80.2707,warm_humid,3.0,3.0,2.6,0.0,stone,0.15,concrete,0.2,xps,0.1,south,0.6,0.9,0.55,2.0,33.931,36.032,0.2024,23.604
Chennai,13.0827,80.2707,warm_humid,3.0,3.0,2.6,135.0,brick,0.23,gi_sheet,0.002,mineral_wool,0.05,south,1.2,0.9,0.45,5.8,34.98,37.548,0.0893,23.608
Chennai,13.0827,80.2707,warm_humid,3.0,3.0,2.6,0.0,brick,0.115,concrete,0.1,sheep_wool,0.15,north,0.6,0.6,0.55,2.0,34.274,36.298,0.0893,23.62
Chennai,13.0827,80.2707,warm_humid,3.0,3.0,2.6,135.0,timber,0.2,brick,0.23,none,0.0,south,1.8,0.9,0.85,2.6,37.618,42.328,0.0655,23.625
Chennai,13.0827,80.2707,warm_humid,3.0,3.0,2.6,45.0,timber,0.2,brick,0.23,xps,0.15,east,0.9,0.6,0.55,2.0,33.86,35.576,0.1012,23.623
Chennai,13.0827,80.2707,warm_humid,3.0,3.0,2.6,135.0,mud_brick,0.45,concrete,0.15,none,0.0,north,0.9,0.9,0.45,2.6,36.557,40.487,0.0833,23.594
Chennai,13.0827,80.2707,warm_humid,3.0,3.0,2.6,180.0,rammed_earth,0.45,mud_brick,0.25,mineral_wool,0.1,east,0.9,1.5,0.35,3.5,33.004,35.222,0.244,23.594
Chennai,13.0827,80.2707,warm_humid,3.0,3.0,2.6,180.0,gi_sheet,0.002,stone,0.3,eps,0.15,north,1.8,1.2,0.75,5.8,35.713,38.52,0.0714,23.625
Chennai,13.0827,80.2707,warm_humid,3.0,3.0,2.6,135.0,stone,0.15,concrete,0.1,eps,0.05,west,1.2,0.6,0.35,2.6,35.097,37.779,0.0893,23.607
Chennai,13.0827,80.2707,warm_humid,3.0,3.0,2.6,90.0,timber,0.1,gi_sheet,0.002,mineral_wool,0.05,west,1.5,1.5,0.85,1.6,37.543,43.379,0.0536,23.683
Chennai,13.0827,80.2707,warm_humid,3.0,3.0,2.6,0.0,gi_sheet,0.002,rcc_slab,0.15,mineral_wool,0.1,west,1.8,1.2,0.35,1.2,35.534,38.959,0.0655,23.654
Chennai,13.0827,80.2707,warm_humid,3.0,3.0,2.6,135.0,concrete,0.3,rcc_slab,0.15,sheep_wool,0.1,north,1.2,0.9,0.75,3.5,34.149,36.733,0.2083,23.597
Chennai,13.0827,80.2707,warm_humid,3.0,3.0,2.6,135.0,aerated_concrete,0.3,timber,0.1,eps,0.15,west,1.2,0.6,0.65,2.6,34.44,36.477,0.0833,23.633
Chennai,13.0827,80.2707,warm_humid,3.0,3.0,2.6,0.0,rammed_earth,0.15,timber,0.1,mineral_wool,0.15,south,1.2,1.5,0.85,5.8,35.202,37.622,0.0774,23.62
Chennai,13.0827,80.2707,warm_humid,3.0,3.0,2.6,90.0,gi_sheet,0.002,rcc_slab,0.15,eps,0.15,east,0.6,0.6,0.55,3.5,34.684,37.174,0.0655,23.655
Chennai,13.0827,80.2707,warm_humid,3.0,3.0,2.6,45.0,brick,0.345,concrete,0.2,eps,0.15,east,0.9,1.5,0.75,2.6,33.775,36.244,0.2202,23.597
Chennai,13.0827,80.2707,warm_humid,3.0,3.0,2.6,45.0,stone,0.15,concrete,0.15,eps,0.05,east,0.9,0.6,0.65,5.8,34.917,37.477,0.0893,23.605
Chennai,13.0827,80.2707,warm_humid,3.0,3.0,2.6,45.0,mud_brick,0.3,gi_sheet,0.002,mineral_wool,0.15,south,0.6,1.5,0.85,2.0,33.728,35.835,0.2083,23.602
Chennai,13.0827,80.2707,warm_humid,3.0,3.0,2.6,135.0,mud_brick,0.45,timber,0.1,xps,0.1,north,1.5,1.5,0.45,2.6,33.699,36.154,0.2202,23.596
Chennai,13.0827,80.2707,warm_humid,3.0,3.0,2.6,135.0,rammed_earth,0.3,mud_brick,0.25,mineral_wool,0.1,south,0.9,1.2,0.75,5.8,33.968,36.341,0.2083,23.599
Chennai,13.0827,80.2707,warm_humid,3.0,3.0,2.6,90.0,rammed_earth,0.45,concrete,0.2,sheep_wool,0.05,north,0.9,0.9,0.35,1.6,33.593,36.104,0.2262,23.594
Chennai,13.0827,80.2707,warm_humid,3.0,3.0,2.6,180.0,stone,0.15,puf_sandwich_panel,0.075,mineral_wool,0.1,east,1.8,0.6,0.45,1.6,34.481,36.733,0.0952,23.611
Chennai,13.0827,80.2707,warm_humid,3.0,3.0,2.6,180.0,gi_sheet,0.002,puf_sandwich_panel,0.05,xps,0.15,west,0.9,1.2,0.45,2.6,35.538,39.67,0.0536,23.736
Chennai,13.0827,80.2707,warm_humid,3.0,3.0,2.6,180.0,concrete,0.2,aerated_concrete,0.1,sheep_wool,0.05,north,0.9,1.2,0.75,2.6,35.308,37.979,0.0833,23.607
Chennai,13.0827,80.2707,warm_humid,3.0,3.0,2.6,90.0,concrete,0.15,mud_brick,0.15,mineral_wool,0.05,north,1.8,0.6,0.85,1.6,35.988,39.169,0.0774,23.609
Chennai,13.0827,80.2707,warm_humid,3.0,3.0,2.6,45.0,stone,0.15,mud_brick,0.15,sheep_wool,0.1,east,1.2,1.5,0.75,2.0,35.479,38.296,0.0833,23.607
Chennai,13.0827,80.2707,warm_humid,3.0,3.0,2.6,180.0,brick,0.23,puf_sandwich_panel,0.15,xps,0.05,south,1.5,1.5,0.75,3.5,35.961,39.04,0.0774,23.609
Chennai,13.0827,80.2707,warm_humid,3.0,3.0,2.6,135.0,timber,0.1,gi_sheet,0.002,sheep_wool,0.1,south,1.2,1.5,0.85,3.5,36.339,41.114,0.0595,23.684
Chennai,13.0827,80.2707,warm_humid,3.0,3.0,2.6,0.0,mud_brick,0.15,concrete,0.1,mineral_wool,0.05,east,1.5,1.2,0.65,1.2,36.416,39.834,0.0714,23.615
Chennai,13.0827,80.2707,warm_humid,3.0,3.0,2.6,45.0,mud_brick,0.45,brick,0.115,eps,0.15,south,0.6,1.5,0.85,5.8,33.026,35.23,0.244,23.595
Chennai,13.0827,80.2707,warm_humid,3.0,3.0,2.6,45.0,aerated_concrete,0.3,stone,0.3,eps,0.1,north,1.5,0.9,0.45,1.6,34.348,36.653,0.119,23.61
Chennai,13.0827,80.2707,warm_humid,3.0,3.0,2.6,45.0,gi_sheet,0.002,puf_sandwich_panel,0.05,xps,0.1,south,0.6,1.2,0.55,3.5,35.083,39.531,0.0536,23.739
Chennai,13.0827,80.2707,warm_humid,3.0,3.0,2.6,135.0,plywood,0.05,gi_sheet,0.002,mineral_wool,0.15,west,0.9,1.2,0.65,2.6,35.58,39.225,0.0536,23.706
Chennai,13.0827,80.2707,warm_humid,3.0,3.0,2.6,180.0,mud_brick,0.3,gi_sheet,0.002,none,0.0,north,1.8,1.2,0.65,5.8,38.186,43.123,0.0655,23.603
Chennai,13.0827,80.2707,warm_humid,3.0,3.0,2.6,45.0,puf_sandwich_panel,0.1,gi_sheet,0.002,none,0.0,north,1.5,0.6,0.35,2.6,38.689,51.877,0.131,23.761
Chennai,13.0827,80.2707,warm_humid,3.0,3.0,2.6,135.0,stone,0.15,stone,0.15,eps,0.15,east,1.8,0.6,0.75,2.0,34.416,36.765,0.1488,23.605
Chennai,13.0827,80.2707,warm_humid,3.0,3.0,2.6,0.0,plywood,0.03,stone,0.15,xps,0.05,east,0.9,1.5,0.65,2.0,36.358,40.265,0.0595,23.65
Chennai,13.0827,80.2707,warm_humid,3.0,3.0,2.6,90.0,brick,0.115,stone,0.15,eps,0.2,west,0.6,1.2,0.75,2.6,34.394,36.534,0.0952,23.615
Chennai,13.0827,80.2707,warm_humid,3.0,3.0,2.6,135.0,rammed_earth,0.45,rcc_slab,0.1,eps,0.025,north,1.8,0.6,0.75,5.8,34.823,37.765,0.1964,23.595
Chennai,13.0827,80.2707,warm_humid,3.0,3.0,2.6,180.0,timber,0.2,brick,0.23,eps,0.1,south,0.6,1.5,0.55,2.0,34.493,36.605,0.0833,23.624
Chennai,13.0827,80.2707,warm_humid,3.0,3.0,2.6,90.0,brick,0.23,rcc_slab,0.2,none,0.0,north,1.2,1.5,0.75,2.6,38.63,43.72,0.0655,23.603
Chennai,13.0827,80.2707,warm_humid,3.0,3.0,2.6,90.0,timber,0.15,stone,0.3,xps,0.15,east,1.8,1.2,0.55,3.5,34.573,36.641,0.0893,23.616
Chennai,13.0827,80.2707,warm_humid,3.0,3.0,2.6,90.0,plywood,0.019,mud_brick,0.15,sheep_wool,0.1,east,0.9,1.2,0.35,5.8,35.012,38.03,0.0655,23.666
Chennai,13.0827,80.2707,warm_humid,3.0,3.0,2.6,0.0,brick,0.23,aerated_concrete,0.2,eps,0.05,south,0.6,0.6,0.65,3.5,34.379,36.632,0.1071,23.606
Chennai,13.0827,80.2707,warm_humid,3.0,3.0,2.6,90.0,rammed_earth,0.15,timber,0.15,xps,0.05,west,1.5,1.5,0.35,1.6,35.415,38.142,0.0774,23.621
Chennai,13.0827,80.2707,warm_humid,3.0,3.0,2.6,0.0,timber,0.1,mud_brick,0.25,none,0.0,west,1.8,1.5,0.55,2.6,37.537,42.823,0.0595,23.633
Chennai,13.0827,80.2707,warm_humid,3.0,3.0,2.6,135.0,mud_brick,0.15,aerated_concrete,0.1,eps,0.2,south,0.6,1.2,0.75,1.2,34.284,36.328,0.0952,23.618
Chennai,13.0827,80.2707,warm_humid,3.0,3.0,2.6,45.0,concrete,0.1,timber,0.1,mineral_wool,0.15,west,1.2,1.5,0.55,2.0,35.233,37.901,0.0774,23.625
Chennai,13.0827,80.2707,warm_humid,3.0,3.0,2.6,135.0,concrete,0.3,gi_sheet,0.002,mineral_wool,0.15,east,1.8,0.6,0.75,1.2,33.793,36.098,0.2143,23.599
Chennai,13.0827,80.2707,warm_humid,3.0,3.0,2.6,180.0,stone,0.15,puf_sandwich_panel,0.15,eps,0.025,east,1.8,0.6,0.35,2.0,35.326,38.028,0.0774,23.611
Chennai,13.0827,80.2707,warm_humid,3.0,3.0,2.6,0.0,rammed_earth,0.15,timber,0.1,sheep_wool,0.05,north,1.2,0.9,0.45,3.5,35.25,37.936,0.0774,23.621
Chennai,13.0827,80.2707,warm_humid,3.0,3.0,2.6,180.0,puf_sandwich_panel,0.075,aerated_concrete,0.2,mineral_wool,0.15,north,0.6,1.2,0.45,2.0,34.084,36.161,0.0655,23.699
Chennai,13.0827,80.2707,warm_humid,3.0,3.0,2.6,90.0,timber,0.2,puf_sandwich_panel,0.05,mineral_wool,0.05,south,0.6,0.6,0.55,2.0,34.356,36.494,0.0714,23.651
Chennai,13.0827,80.2707,warm_humid,3.0,3.0,2.6,0.0,brick,0.345,timber,0.15,eps,0.05,west,0.9,0.9,0.55,1.6,34.016,36.406,0.2083,23.599
Chennai,13.0827,80.2707,warm_humid,3.0,3.0,2.6,90.0,gi_sheet,0.002,rcc_slab,0.25,eps,0.05,north,0.9,0.6,0.65,1.2,35.789,39.146,0.0655,23.636
Chennai,13.0827,80.2707,warm_humid,3.0,3.0,2.6,135.0,rammed_earth,0.45,brick,0.23,mineral_wool,0.1,south,1.2,1.2,0.55,2.6,33.349,35.794,0.2321,23.594
Chennai,13.0827,80.2707,warm_humid,3.0,3.0,2.6,135.0,brick,0.115,concrete,0.1,sheep_wool,0.1,south,1.2,1.5,0.75,3.5,35.991,39.122,0.0714,23.621
Chennai,13.0827,80.2707,warm_humid,3.0,3.0,2.6,90.0,rammed_earth,0.3,puf_sandwich_panel,0.075,mineral_wool,0.1,south,1.8,1.2,0.85,3.5,35.17,37.949,0.0952,23.604
Chennai,13.0827,80.2707,warm_humid,3.0,3.0,2.6,135.0,plywood,0.012,concrete,0.2,xps,0.05,east,1.2,1.5,0.65,2.0,36.389,40.324,0.0595,23.647
Chennai,13.0827,80.2707,warm_humid,3.0,3.0,2.6,90.0,mud_brick,0.15,mud_brick,0.15,sheep_wool,0.1,east,0.6,0.9,0.55,1.2,34.299,36.376,0.0952,23.613
Chennai,13.0827,80.2707,warm_humid,3.0,3.0,2.6,135.0,stone,0.3,timber,0.1,mineral_wool,0.05,south,1.5,0.9,0.45,3.5,34.269,36.862,0.2024,23.597
Chennai,13.0827,80.2707,warm_humid,3.0,3.0,2.6,0.0,mud_brick,0.45,concrete,0.2,mineral_wool,0.05,west,1.8,1.2,0.55,2.6,34.116,36.931,0.2143,23.594
Chennai,13.0827,80.2707,warm_humid,3.0,3.0,2.6,0.0,plywood,0.012,gi_sheet,0.002,mineral_wool,0.1,west,0.9,0.9,0.55,2.0,35.322,39.94,0.0536,23.74
Chennai,13.0827,80.2707,warm_humid,3.0,3.0,2.6,45.0,timber,0.1,timber,0.15,none,0.0,west,1.2,1.5,0.75,1.2,37.246,43.429,0.0536,23.67
Chennai,13.0827,80.2707,warm_humid,3.0,3.0,2.6,180.0,gi_sheet,0.002,gi_sheet,0.002,xps,0.1,east,1.2,0.9,0.75,1.2,36.011,41.275,0.0536,23.733
Chennai,13.0827,80.2707,warm_humid,3.0,3.0,2.6,0.0,aerated_concrete,0.1,stone,0.15,eps,0.15,east,1.2,1.5,0.35,2.0,34.956,37.366,0.0714,23.638
Chennai,13.0827,80.2707,warm_humid,3.0,3.0,2.6,90.0,mud_brick,0.15,concrete,0.2,xps,0.05,north,1.5,0.6,0.75,2.6,35.421,38.269,0.0833,23.609
Chennai,13.0827,80.2707,warm_humid,3.0,3.0,2.6,180.0,aerated_concrete,0.2,puf_sandwich_panel,0.075,mineral_wool,0.1,north,0.6,0.6,0.35,2.0,33.977,35.754,0.0774,23.652
Chennai,13.0827,80.2707,warm_humid,3.0,3.0,2.6,45.0,mud_brick,0.45,puf_sandwich_panel,0.15,mineral_wool,0.05,east,1.8,0.9,0.65,3.5,33.869,36.329,0.2143,23.596
Chennai,13.0827,80.2707,warm_humid,3.0,3.0,2.6,135.0,brick,0.345,rcc_slab,0.15,eps,0.15,west,1.2,0.9,0.85,1.2,34.044,36.795,0.2143,23.597
Chennai,13.0827,80.2707,warm_humid,3.0,3.0,2.6,0.0,brick,0.23,concrete,0.2,sheep_wool,0.15,south,1.5,0.6,0.45,5.8,33.626,35.625,0.2083,23.602
Chennai,13.0827,80.2707,warm_humid,3.0,3.0,2.6,45.0,gi_sheet,0.002,puf_sandwich_panel,0.15,xps,0.1,east,1.8,0.9,0.75,1.2,36.237,41.493,0.0536,23.738
Chennai,13.0827,80.2707,warm_humid,3.0,3.0,2.6,0.0,gi_sheet,0.002,rcc_slab,0.25,xps,0.15,east,0.6,0.9,0.75,2.0,34.885,37.339,0.0714,23.635
Chennai,13.0827,80.2707,warm_humid,3.0,3.0,2.6,45.0,aerated_concrete,0.1,concrete,0.2,eps,0.05,west,1.5,0.9,0.35,2.0,35.295,38.143,0.0714,23.634
Chennai,13.0827,80.2707,warm_humid,3.0,3.0,2.6,45.0,stone,0.3,timber,0.15,eps,0.1,south,1.2,1.5,0.35,5.8,33.624,35.816,0.2143,23.597
Chennai,13.0827,80.2707,warm_humid,3.0,3.0,2.6,90.0,brick,0.115,rcc_slab,0.2,sheep_wool,0.1,north,1.5,1.5,0.85,5.8,36.956,40.742,0.0714,23.615
Chennai,13.0827,80.2707,warm_humid,3.0,3.0,2.6,45.0,mud_brick,0.15,stone,0.3,eps,0.15,south,1.2,1.2,0.35,5.8,33.787,35.769,0.2024,23.605
Chennai,13.0827,80.2707,warm_humid,3.0,3.0,2.6,180.0,mud_brick,0.3,mud_brick,0.25,xps,0.05,east,1.8,0.6,0.45,1.6,34.015,36.446,0.2083,23.599
Chennai,13.0827,80.2707,warm_humid,3.0,3.0,2.6,90.0,aerated_concrete,0.2,gi_sheet,0.002,eps,0.2,north,1.8,1.2,0.35,1.6,35.13,37.715,0.0655,23.654
Chennai,13.0827,80.2707,warm_humid,3.0,3.0,2.6,90.0,stone,0.45,concrete,0.2,sheep_wool,0.05,west,1.2,0.6,0.75,2.6,33.439,36.213,0.2381,23.59
Chennai,13.0827,80.2707,warm_humid,3.0,3.0,2.6,180.0,stone,0.3,aerated_concrete,0.2,eps,0.15,south,0.9,1.2,0.65,1.6,33.58,36.014,0.2262,23.596
Chennai,13.0827,80.2707,warm_humid,3.0,3.0,2.6,45.0,stone,0.45,concrete,0.1,none,0.0,west,1.2,0.9,0.65,2.6,37.257,41.442,0.0774,23.591
Chennai,13.0827,80.2707,warm_humid,3.0,3.0,2.6,0.0,brick,0.23,brick,0.23,eps,0.025,east,0.6,1.2,0.65,5.8,35.57,38.605,0.0833,23.603
Chennai,13.0827,80.2707,warm_humid,3.0,3.0,2.6,90.0,mud_brick,0.15,aerated_concrete,0.2,sheep_wool,0.15,west,1.8,0.9,0.65,1.6,35.178,37.723,0.0833,23.617
Chennai,13.0827,80.2707,warm_humid,3.0,3.0,2.6,0.0,timber,0.1,puf_sandwich_panel,0.15,none,0.0,east,0.9,1.2,0.85,5.8,36.613,41.933,0.0536,23.687
Chennai,13.0827,80.2707,warm_humid,3.0,3.0,2.6,90.0,stone,0.15,brick,0.115,none,0.0,north,1.2,0.6,0.85,1.6,38.416,44.564,0.0595,23.607
Chennai,13.0827,80.2707,warm_humid,3.0,3.0,2.6,45.0,aerated_concrete,0.1,rcc_slab,0.1,sheep_wool,0.15,east,1.2,0.6,0.35,1.6,34.386,36.492,0.0714,23.652
Chennai,13.0827,80.2707,warm_humid,3.0,3.0,2.6,0.0,plywood,0.019,aerated_concrete,0.1,eps,0.05,south,1.2,1.2,0.35,2.6,35.702,40.752,0.0536,23.725
Chennai,13.0827,80.2707,warm_humid,3.0,3.0,2.6,180.0,stone,0.15,puf_sandwich_panel,0.075,eps,0.1,east,1.5,0.9,0.45,2.0,34.629,36.947,0.0893,23.611
Chennai,13.0827,80.2707,warm_humid,3.0,3.0,2.6,180.0,stone,0.45,timber,0.15,eps,0.05,north,1.2,0.9,0.45,1.2,33.201,35.702,0.244,23.591
Chennai,13.0827,80.2707,warm_humid,3.0,3.0,2.6,45.0,aerated_concrete,0.2,stone,0.15,eps,0.05,west,0.9,0.9,0.65,3.5,35.042,37.61,0.0774,23.627
Chennai,13.0827,80.2707,warm_humid,3.0,3.0,2.6,90.0,timber,0.15,aerated_concrete,0.1,eps,0.15,south,1.2,0.6,0.75,3.5,34.558,36.879,0.0714,23.657
Chennai,13.0827,80.2707,warm_humid,3.0,3.0,2.6,135.0,brick,0.23,rcc_slab,0.1,eps,0.15,west,0.6,1.2,0.85,2.6,34.33,36.788,0.1964,23.605
Chennai,13.0827,80.2707,warm_humid,3.0,3.0,2.6,135.0,plywood,0.05,concrete,0.15,xps,0.1,east,0.9,0.6,0.55,5.8,34.635,36.996,0.0714,23.651
Chennai,13.0827,80.2707,warm_humid,3.0,3.0,2.6,180.0,mud_brick,0.15,stone,0.3,mineral_wool,0.15,west,0.9,1.2,0.55,5.8,34.226,36.596,0.1964,23.604
Chennai,13.0827,80.2707,warm_humid,3.0,3.0,2.6,180.0,gi_sheet,0.002,concrete,0.2,sheep_wool,0.15,south,1.5,1.2,0.35,3.5,35.39,38.389,0.0655,23.644
Chennai,13.0827,80.2707,warm_humid,3.0,3.0,2.6,135.0,gi_sheet,0.002,puf_sandwich_panel,0.1,eps,0.2,east,1.8,1.2,0.45,2.0,35.673,40.261,0.0536,23.736
Chennai,13.0827,80.2707,warm_humid,3.0,3.0,2.6,90.0,concrete,0.15,mud_brick,0.15,mineral_wool,0.05,north,1.8,0.6,0.45,2.6,35.373,38.163,0.0833,23.609
Chennai,13.0827,80.2707,warm_humid,3.0,3.0,2.6,0.0,puf_sandwich_panel,0.075,aerated_concrete,0.2,xps,0.15,north,1.2,0.6,0.35,5.8,34.079,36.301,0.0655,23.706
Chennai,13.0827,80.2707,warm_humid,3.0,3.0,2.6,135.0,mud_brick,0.3,puf_sandwich_panel,0.15,eps,0.05,north,0.9,0.9,0.35,5.8,33.801,35.883,0.2024,23.603
Chennai,13.0827,80.2707,warm_humid,3.0,3.0,2.6,180.0,gi_sheet,0.002,rcc_slab,0.25,mineral_wool,0.15,west,1.5,0.9,0.85,1.6,36.374,39.832,0.0655,23.634
Chennai,13.0827,80.2707,warm_humid,3.0,3.0,2.6,45.0,brick,0.115,stone,0.3,eps,0.15,east,1.2,1.2,0.65,2.0,34.695,37.115,0.1012,23.608
Chennai,13.0827,80.2707,warm_humid,3.0,3.0,2.6,0.0,aerated_concrete,0.2,aerated_concrete,0.1,xps,0.15,north,1.5,0.6,0.85,5.8,34.874,37.316,0.0714,23.648
Chennai,13.0827,80.2707,warm_humid,3.0,3.0,2.6,90.0,brick,0.115,brick,0.115,mineral_wool,0.05,north,1.5,0.9,0.75,3.5,36.538,40.057,0.0714,23.621
Chennai,13.0827,80.2707,warm_humid,3.0,3.0,2.6,90.0,plywood,0.012,mud_brick,0.15,xps,0.15,south,1.8,0.6,0.75,1.2,35.374,38.591,0.0655,23.667
Chennai,13.0827,80.2707,warm_humid,3.0,3.0,2.6,0.0,rammed_earth,0.3,brick,0.23,none,0.0,west,0.6,1.5,0.75,2.6,36.766,40.486,0.0774,23.6
Chennai,13.0827,80.2707,warm_humid,3.0,3.0,2.6,180.0,concrete,0.1,stone,0.3,sheep_wool,0.1,east,0.9,0.9,0.65,3.5,34.729,37.211,0.0952,23.607
Chennai,13.0827,80.2707,warm_humid,3.0,3.0,2.6,90.0,timber,0.1,rcc_slab,0.1,sheep_wool,0.15,west,0.6,1.2,0.65,3.5,34.692,37.033,0.0714,23.65
Chennai,13.0827,80.2707,warm_humid,3.0,3.0,2.6,180.0,mud_brick,0.45,stone,0.15,sheep_wool,0.05,north,0.9,1.5,0.55,2.0,33.741,36.288,0.2202,23.594
Chennai,13.0827,80.2707,warm_humid,3.0,3.0,2.6,90.0,brick,0.345,mud_brick,0.15,xps,0.05,south,1.2,1.2,0.55,1.6,34.365,37.008,0.2024,23.598
Chennai,13.0827,80.2707,warm_humid,3.0,3.0,2.6,45.0,gi_sheet,0.002,aerated_concrete,0.2,xps,0.1,south,0.9,1.2,0.65,2.0,35.434,39.503,0.0595,23.695
Chennai,13.0827,80.2707,warm_humid,3.0,3.0,2.6,90.0,plywood,0.012,mud_brick,0.25,eps,0.05,north,0.6,1.5,0.55,2.0,35.925,39.484,0.0655,23.646
Chennai,13.0827,80.2707,warm_humid,3.0,3.0,2.6,180.0,puf_sandwich_panel,0.1,aerated_concrete,0.2,sheep_wool,0.1,west,0.6,1.5,0.85,1.2,35.469,38.837,0.0536,23.709
Chennai,13.0827,80.2707,warm_humid,3.0,3.0,2.6,45.0,timber,0.1,puf_sandwich_panel,0.15,eps,0.1,east,1.5,1.2,0.45,2.6,35.17,38.2,0.0595,23.686
Chennai,13.0827,80.2707,warm_humid,3.0,3.0,2.6,180.0,rammed_earth,0.15,timber,0.1,mineral_wool,0.15,east,0.9,1.5,0.85,5.8,35.134,37.697,0.0774,23.62
Chennai,13.0827,80.2707,warm_humid,3.0,3.0,2.6,135.0,timber,0.2,aerated_concrete,0.1,mineral_wool,0.1,east,0.6,0.6,0.65,1.6,34.209,36.147,0.0774,23.644
Chennai,13.0827,80.2707,warm_humid,3.0,3.0,2.6,0.0,mud_brick,0.45,stone,0.15,eps,0.05,south,0.9,0.6,0.75,2.6,33.332,35.726,0.2321,23.594
Chennai,13.0827,80.2707,warm_humid,3.0,3.0,2.6,90.0,brick,0.115,puf_sandwich_panel,0.075,sheep_wool,0.05,north,0.9,1.2,0.75,3.5,36.058,39.284,0.0655,23.63
Chennai,13.0827,80.2707,warm_humid,3.0,3.0,2.6,0.0,timber,0.1,concrete,0.2,xps,0.1,north,1.5,0.6,0.55,5.8,34.66,36.933,0.0774,23.633
Chennai,13.0827,80.2707,warm_humid,3.0,3.0,2.6,0.0,gi_sheet,0.002,mud_brick,0.25,mineral_wool,0.05,south,0.6,0.6,0.85,1.6,35.466,38.698,0.0655,23.643
Chennai,13.0827,80.2707,warm_humid,3.0,3.0,2.6,135.0,brick,0.23,aerated_concrete,0.1,eps,0.2,north,0.9,0.9,0.65,2.6,33.939,36.025,0.1964,23.607
Chennai,13.0827,80.2707,warm_humid,3.0,3.0,2.6,90.0,plywood,0.03,mud_brick,0.15,xps,0.15,south,1.2,1.2,0.65,2.0,35.345,38.44,0.0655,23.662
Chennai,13.0827,80.2707,warm_humid,3.0,3.0,2.6,0.0,gi_sheet,0.002,puf_sandwich_panel,0.15,none,0.0,north,1.5,0.9,0.65,1.2,37.866,49.502,0.25,22.587
Chennai,13.0827,80.2707,warm_humid,3.0,3.0,2.6,135.0,puf_sandwich_panel,0.05,brick,0.23,eps,0.15,east,0.6,0.9,0.55,5.8,34.027,35.856,0.0774,23.65
Chennai,13.0827,80.2707,warm_humid,3.0,3.0,2.6,45.0,puf_sandwich_panel,0.075,mud_brick,0.15,eps,0.1,east,1.8,0.9,0.85,1.6,36.029,39.383,0.0595,23.67
Chennai,13.0827,80.2707,warm_humid,3.0,3.0,2.6,90.0,mud_brick,0.15,brick,0.23,sheep_wool,0.1,north,1.2,0.9,0.35,5.8,34.503,36.802,0.0952,23.61
Chennai,13.0827,80.2707,warm_humid,3.0,3.0,2.6,90.0,stone,0.15,rcc_slab,0.25,xps,0.15,north,1.2,0.6,0.35,3.5,33.73,35.85,0.2083,23.603
Chennai,13.0827,80.2707,warm_humid,3.0,3.0,2.6,180.0,brick,0.23,concrete,0.2,xps,0.05,east,0.6,1.5,0.65,5.8,34.738,37.348,0.1071,23.602
Chennai,13.0827,80.2707,warm_humid,3.0,3.0,2.6,180.0,concrete,0.15,aerated_concrete,0.2,eps,0.1,north,0.6,1.2,0.45,2.0,34.43,36.592,0.0952,23.612
Chennai,13.0827,80.2707,warm_humid,3.0,3.0,2.6,45.0,puf_sandwich_panel,0.075,brick,0.23,xps,0.15,east,1.8,1.2,0.55,1.6,35.389,37.983,0.0655,23.649
Chennai,13.0827,80.2707,warm_humid,3.0,3.0,2.6,45.0,gi_sheet,0.002,brick,0.115,eps,0.2,north,1.5,1.5,0.45,1.2,36.131,40.072,0.0595,23.672
Chennai,13.0827,80.2707,warm_humid,3.0,3.0,2.6,135.0,gi_sheet,0.002,concrete,0.2,xps,0.05,east,0.9,0.6,0.35,2.6,35.56,38.896,0.0655,23.645
Chennai,13.0827,80.2707,warm_humid,3.0,3.0,2.6,180.0,mud_brick,0.15,concrete,0.1,mineral_wool,0.1,east,1.8,0.9,0.65,1.2,35.248,37.889,0.0833,23.614
Chennai,13.0827,80.2707,warm_humid,3.0,3.0,2.6,90.0,timber,0.15,stone,0.15,mineral_wool,0.1,south,0.9,1.2,0.75,5.8,34.882,37.331,0.0774,23.63
Chennai,13.0827,80.2707,warm_humid,3.0,3.0,2.6,180.0,mud_brick,0.15,gi_sheet,0.002,sheep_wool,0.15,north,0.9,0.9,0.45,3.5,34.264,36.223,0.0893,23.62
Chennai,13.0827,80.2707,warm_humid,3.0,3.0,2.6,90.0,plywood,0.03,rcc_slab,0.2,sheep_wool,0.1,north,1.8,1.5,0.35,5.8,35.794,39.225,0.0655,23.645
Chennai,13.0827,80.2707,warm_humid,3.0,3.0,2.6,45.0,puf_sandwich_panel,0.05,timber,0.1,mineral_wool,0.15,east,1.8,1.2,0.35,3.5,34.946,38.139,0.0595,23.719
Chennai,13.0827,80.2707,warm_humid,3.0,3.0,2.6,90.0,rammed_earth,0.15,stone,0.15,xps,0.05,west,1.8,1.5,0.85,5.8,36.849,40.472,0.0714,23.613
Chennai,13.0827,80.2707,warm_humid,3.0,3.0,2.6,0.0,puf_sandwich_panel,0.1,mud_brick,0.25,eps,0.1,south,0.9,0.9,0.65,3.5,34.286,36.212,0.0774,23.647
Chennai,13.0827,80.2707,warm_humid,3.0,3.0,2.6,0.0,timber,0.1,aerated_concrete,0.1,eps,0.15,west,1.8,1.2,0.75,2.6,36.118,40.216,0.0595,23.674
Chennai,13.0827,80.2707,warm_humid,3.0,3.0,2.6,0.0,gi_sheet,0.002,timber,0.15,mineral_wool,0.1,south,0.9,0.9,0.65,2.6,35.255,39.16,0.0595,23.697
Chennai,13.0827,80.2707,warm_humid,3.0,3.0,2.6,90.0,brick,0.115,rcc_slab,0.15,eps,0.025,north,0.9,1.2,0.75,2.0,36.947,40.796,0.0655,23.617
Chennai,13.0827,80.2707,warm_humid,3.0,3.0,2.6,135.0,stone,0.45,stone,0.15,eps,0.2,north,0.6,0.6,0.45,5.8,31.997,34.049,0.4524,23.59
Chennai,13.0827,80.2707,warm_humid,3.0,3.0,2.6,0.0,concrete,0.2,gi_sheet,0.002,eps,0.025,north,0.9,0.9,0.65,3.5,35.968,39.103,0.0774,23.607
Chennai,13.0827,80.2707,warm_humid,3.0,3.0,2.6,180.0,timber,0.15,mud_brick,0.15,sheep_wool,0.05,south,1.5,0.9,0.55,5.8,35.556,38.634,0.0655,23.638
Chennai,13.0827,80.2707,warm_humid,3.0,3.0,2.6,45.0,mud_brick,0.15,gi_sheet,0.002,mineral_wool,0.1,north,1.2,0.9,0.45,1.6,34.833,37.192,0.0833,23.62
Chennai,13.0827,80.2707,warm_humid,3.0,3.0,2.6,135.0,brick,0.345,rcc_slab,0.1,mineral_wool,0.1,west,1.8,1.2,0.45,2.6,34.511,37.321,0.2024,23.599
Chennai,13.0827,80.2707,warm_humid,3.0,3.0,2.6,0.0,brick,0.115,stone,0.15,xps,0.15,west,1.8,0.6,0.85,2.0,34.825,37.198,0.0893,23.615
Chennai,13.0827,80.2707,warm_humid,3.0,3.0,2.6,180.0,concrete,0.2,brick,0.23,eps,0.05,east,1.5,1.5,0.55,3.5,35.534,38.532,0.0893,23.603
Chennai,13.0827,80.2707,warm_humid,3.0,3.0,2.6,135.0,aerated_concrete,0.1,gi_sheet,0.002,eps,0.2,east,1.5,0.9,0.55,3.5,34.851,37.624,0.0595,23.683
Chennai,13.0827,80.2707,warm_humid,3.0,3.0,2.6,45.0,stone,0.45,stone,0.3,eps,0.15,north,0.6,0.6,0.85,3.5,32.089,34.293,0.3988,23.59
Chennai,13.0827,80.2707,warm_humid,3.0,3.0,2.6,180.0,brick,0.115,mud_brick,0.25,sheep_wool,0.1,east,1.8,1.5,0.35,1.6,35.315,37.985,0.0833,23.615
Chennai,13.0827,80.2707,warm_humid,3.0,3.0,2.6,90.0,timber,0.15,concrete,0.15,xps,0.15,north,1.5,0.6,0.55,2.6,34.56,36.675,0.0774,23.633
Chennai,13.0827,80.2707,warm_humid,3.0,3.0,2.6,45.0,stone,0.3,concrete,0.1,eps,0.15,north,1.8,0.9,0.35,2.0,33.492,35.878,0.2262,23.596
Chennai,13.0827,80.2707,warm_humid,3.0,3.0,2.6,90.0,rammed_earth,0.15,gi_sheet,0.002,mineral_wool,0.15,north,0.6,1.5,0.85,1.2,35.107,37.647,0.0833,23.621
Chennai,13.0827,80.2707,warm_humid,3.0,3.0,2.6,90.0,aerated_concrete,0.1,timber,0.15,sheep_wool,0.1,north,1.8,0.6,0.85,2.6,35.993,39.611,0.0595,23.67
Chennai,13.0827,80.2707,warm_humid,3.0,3.0,2.6,90.0,concrete,0.1,mud_brick,0.15,mineral_wool,0.15,south,1.5,1.2,0.35,1.6,34.734,37.045,0.0833,23.617
