site,latitude,longitude,zone,length_m,width_m,height_m,orientation_deg,wall_material,wall_thickness_m,roof_material,roof_thickness_m,insulation_material,insulation_thickness_m,window_wall,window_width_m,window_height_m,window_shgc,window_u_w_m2k,hot_mean_c,hot_max_c,hot_comfort_fraction,cold_min_c
Delhi,28.6139,77.209,cold,3.0,3.0,2.6,135.0,rammed_earth,0.45,brick,0.115,xps,0.05,east,1.8,1.5,0.65,1.2,38.57,40.257,0.0,7.06
Delhi,28.6139,77.209,cold,3.0,3.0,2.6,180.0,puf_sandwich_panel,0.05,stone,0.3,none,0.0,south,0.9,0.6,0.65,2.6,41.083,45.688,0.0,7.136
Delhi,28.6139,77.209,cold,3.0,3.0,2.6,180.0,mud_brick,0.15,gi_sheet,0.002,mineral_wool,0.15,east,0.6,1.2,0.35,1.2,36.183,37.392,0.0,7.116
Delhi,28.6139,77.209,cold,3.0,3.0,2.6,0.0,stone,0.15,brick,0.115,sheep_wool,0.1,east,1.8,0.6,0.55,2.6,37.987,39.66,0.0,7.087
Delhi,28.6139,77.209,cold,3.0,3.0,2.6,90.0,puf_sandwich_panel,0.05,timber,0.1,eps,0.2,east,0.6,0.6,0.65,1.6,34.707,36.943,0.006,7.385
Delhi,28.6139,77.209,cold,3.0,3.0,2.6,135.0,stone,0.45,aerated_concrete,0.1,eps,0.1,east,1.8,1.2,0.35,1.2,37.028,37.898,0.0,7.049
Delhi,28.6139,77.209,cold,3.0,3.0,2.6,45.0,plywood,0.012,aerated_concrete,0.2,eps,0.1,west,0.9,0.9,0.75,3.5,37.208,41.463,0.0,7.328
Delhi,28.6139,77.209,cold,3.0,3.0,2.6,45.0,mud_brick,0.45,stone,0.3,xps,0.15,north,1.8,0.9,0.75,2.6,37.339,38.295,0.0,7.051
Delhi,28.6139,77.209,cold,3.0,3.0,2.6,90.0,mud_brick,0.15,timber,0.15,none,0.0,west,0.9,1.5,0.55,3.5,41.161,45.58,0.0,7.114
Delhi,28.6139,77.209,cold,3.0,3.0,2.6,45.0,brick,0.23,mud_brick,0.15,xps,0.15,west,1.2,0.6,0.65,5.8,36.375,37.301,0.0,7.079
Delhi,28.6139,77.209,cold,3.0,3.0,2.6,135.0,gi_sheet,0.002,puf_sandwich_panel,0.15,eps,0.2,south,1.2,0.9,0.45,1.6,36.737,40.68,0.0,7.399
Delhi,28.6139,77.209,cold,3.0,3.0,2.6,45.0,puf_sandwich_panel,0.05,gi_sheet,0.002,xps,0.1,east,1.8,1.2,0.75,3.5,38.506,44.199,0.0,7.46
Delhi,28.6139,77.209,cold,3.0,3.0,2.6,90.0,concrete,0.2,timber,0.15,eps,0.05,south,1.8,1.2,0.75,2.6,39.152,41.464,0.0,7.086
Delhi,28.6139,77.209,cold,3.0,3.0,2.6,180.0,aerated_concrete,0.2,gi_sheet,0.002,eps,0.05,south,0.9,1.5,0.45,5.8,37.596,40.64,0.0,7.203
Delhi,28.6139,77.209,cold,3.0,3.0,2.6,135.0,timber,0.1,timber,0.15,mineral_wool,0.05,south,0.6,0.9,0.45,3.5,36.921,39.804,0.0,7.232
Delhi,28.6139,77.209,cold,3.0,3.0,2.6,0.0,gi_sheet,0.002,rcc_slab,0.25,eps,0.2,west,1.5,0.9,0.55,3.5,37.195,39.578,0.0,7.156
Delhi,28.6139,77.209,cold,3.0,3.0,2.6,90.0,stone,0.3,rcc_slab,0.2,xps,0.1,south,0.6,1.2,0.45,1.2,36.637,37.418,0.0,7.055
Delhi,28.6139,77.209,cold,3.0,3.0,2.6,135.0,rammed_earth,0.45,aerated_concrete,0.2,eps,0.025,south,1.2,0.6,0.65,1.6,37.726,39.034,0.0,7.059
Delhi,28.6139,77.209,cold,3.0,3.0,2.6,180.0,plywood,0.05,timber,0.15,eps,0.2,west,1.5,1.2,0.45,5.8,37.454,40.826,0.0,7.291
Delhi,28.6139,77.209,cold,3.0,3.0,2.6,180.0,puf_sandwich_panel,0.05,rcc_slab,0.15,eps,0.2,west,0.6,0.9,0.35,5.8,35.209,36.728,0.0,7.217
Delhi,28.6139,77.209,cold,3.0,3.0,2.6,0.0,aerated_concrete,0.2,puf_sandwich_panel,0.075,mineral_wool,0.05,south,0.6,1.5,0.85,3.5,36.79,39.277,0.0,7.203
Delhi,28.6139,77.209,cold,3.0,3.0,2.6,90.0,timber,0.2,timber,0.1,eps,0.05,west,0.6,0.6,0.35,1.6,36.288,38.241,0.0,7.182
Delhi,28.6139,77.209,cold,3.0,3.0,2.6,90.0,brick,0.23,rcc_slab,0.25,none,0.0,south,1.8,0.6,0.85,5.8,42.813,47.097,0.0,7.073
Delhi,28.6139,77.209,cold,3.0,3.0,2.6,45.0,concrete,0.2,rcc_slab,0.1,eps,0.15,west,0.6,1.2,0.45,2.6,36.458,37.422,0.0,7.079
Delhi,28.6139,77.209,cold,3.0,3.0,2.6,0.0,timber,0.15,mud_brick,0.25,xps,0.1,north,0.9,0.6,0.65,3.5,36.025,37.355,0.0,7.134
Delhi,28.6139,77.209,cold,3.0,3.0,2.6,0.0,mud_brick,0.3,mud_brick,0.15,mineral_wool,0.15,south,0.6,1.2,0.45,2.6,35.943,36.545,0.0,7.068
Delhi,28.6139,77.209,cold,3.0,3.0,2.6,90.0,mud_brick,0.45,stone,0.3,xps,0.05,west,1.8,1.2,0.65,1.6,37.805,39.051,0.0,7.052
Delhi,28.6139,77.209,cold,3.0,3.0,2.6,0.0,mud_brick,0.3,concrete,0.2,eps,0.2,west,1.5,1.2,0.55,3.5,36.727,37.68,0.0,7.067
Delhi,28.6139,77.209,cold,3.0,3.0,2.6,180.0,rammed_earth,0.3,aerated_concrete,0.1,mineral_wool,0.1,north,0.9,1.5,0.75,3.5,37.209,38.476,0.0,7.077
Delhi,28.6139,77.209,cold,3.0,3.0,2.6,180.0,puf_sandwich_panel,0.1,aerated_concrete,0.1,eps,0.2,north,0.6,0.6,0.65,1.6,34.546,36.642,0.0119,7.382
Delhi,28.6139,77.209,cold,3.0,3.0,2.6,135.0,aerated_concrete,0.2,timber,0.1,xps,0.15,north,1.8,1.5,0.75,1.2,39.047,42.323,0.0,7.192
Delhi,28.6139,77.209,cold,3.0,3.0,2.6,135.0,rammed_earth,0.45,concrete,0.2,none,0.0,north,1.5,0.6,0.65,3.5,41.796,44.874,0.0,7.055
Delhi,28.6139,77.209,cold,3.0,3.0,2.6,180.0,brick,0.23,aerated_concrete,0.2,none,0.0,east,1.2,0.9,0.85,2.0,41.189,44.762,0.0,7.086
Delhi,28.6139,77.209,cold,3.0,3.0,2.6,135.0,gi_sheet,0.002,puf_sandwich_panel,0.05,sheep_wool,0.15,north,1.8,1.5,0.35,1.2,38.168,43.217,0.0,7.416
Delhi,28.6139,77.209,cold,3.0,3.0,2.6,90.0,plywood,0.019,gi_sheet,0.002,eps,0.025,south,0.9,1.5,0.35,1.2,39.656,47.687,0.0,7.431
Delhi,28.6139,77.209,cold,3.0,3.0,2.6,0.0,timber,0.2,brick,0.115,mineral_wool,0.05,south,1.8,1.5,0.65,1.2,38.598,41.635,0.0,7.157
Delhi,28.6139,77.209,cold,3.0,3.0,2.6,135.0,rammed_earth,0.15,mud_brick,0.15,sheep_wool,0.1,north,1.8,1.5,0.85,2.6,40.287,43.164,0.0,7.107
Delhi,28.6139,77.209,cold,3.0,3.0,2.6,135.0,aerated_concrete,0.1,brick,0.23,eps,0.05,south,0.9,0.9,0.55,1.2,37.674,40.201,0.0,7.156
Delhi,28.6139,77.209,cold,3.0,3.0,2.6,135.0,gi_sheet,0.002,gi_sheet,0.002,xps,0.1,west,1.2,1.5,0.45,1.2,38.448,43.575,0.0,7.397
Delhi,28.6139,77.209,cold,3.0,3.0,2.6,0.0,mud_brick,0.15,aerated_concrete,0.1,sheep_wool,0.1,west,1.5,1.5,0.35,1.6,37.398,39.324,0.0,7.119
Delhi,28.6139,77.209,cold,3.0,3.0,2.6,135.0,timber,0.15,puf_sandwich_panel,0.15,sheep_wool,0.1,west,1.2,0.6,0.85,1.2,36.506,38.767,0.0,7.228
Delhi,28.6139,77.209,cold,3.0,3.0,2.6,0.0,gi_sheet,0.002,aerated_concrete,0.1,xps,0.1,west,1.5,1.2,0.35,2.6,37.572,42.601,0.0,7.351
Delhi,28.6139,77.209,cold,3.0,3.0,2.6,45.0,stone,0.15,concrete,0.2,eps,0.05,west,0.6,0.9,0.35,2.0,38.043,39.723,0.0,7.079
Delhi,28.6139,77.209,cold,3.0,3.0,2.6,90.0,timber,0.1,mud_brick,0.25,eps,0.05,south,1.8,1.2,0.65,2.0,38.624,41.739,0.0,7.15
Delhi,28.6139,77.209,cold,3.0,3.0,2.6,90.0,concrete,0.3,rcc_slab,0.25,sheep_wool,0.05,south,1.2,1.2,0.55,1.6,38.348,39.945,0.0,7.059
Delhi,28.6139,77.209,cold,3.0,3.0,2.6,0.0,mud_brick,0.15,puf_sandwich_panel,0.15,sheep_wool,0.15,north,1.8,0.6,0.75,5.8,36.746,38.272,0.0,7.12
Delhi,28.6139,77.209,cold,3.0,3.0,2.6,0.0,stone,0.3,brick,0.23,sheep_wool,0.15,east,1.2,0.9,0.75,2.6,37.493,38.592,0.0,7.056
Delhi,28.6139,77.209,cold,3.0,3.0,2.6,0.0,mud_brick,0.3,rcc_slab,0.2,sheep_wool,0.05,west,0.6,1.5,0.75,3.5,37.974,39.473,0.0,7.066
Delhi,28.6139,77.209,cold,3.0,3.0,2.6,0.0,plywood,0.019,rcc_slab,0.1,xps,0.05,east,0.6,1.5,0.55,2.0,38.513,42.776,0.0,7.256
Delhi,28.6139,77.209,cold,3.0,3.0,2.6,90.0,timber,0.15,aerated_concrete,0.2,xps,0.1,east,0.9,0.9,0.45,2.0,35.824,37.603,0.0,7.193
Delhi,28.6139,77.209,cold,3.0,3.0,2.6,45.0,plywood,0.019,timber,0.1,sheep_wool,0.05,west,1.8,0.6,0.45,1.6,38.183,43.797,0.0,7.371
Delhi,28.6139,77.209,cold,3.0,3.0,2.6,45.0,mud_brick,0.45,concrete,0.1,eps,0.1,east,1.5,0.6,0.65,2.0,36.775,37.577,0.0,7.056
Delhi,28.6139,77.209,cold,3.0,3.0,2.6,45.0,stone,0.3,stone,0.15,eps,0.1,west,1.5,1.2,0.55,2.0,37.411,38.576,0.0,7.057
Delhi,28.6139,77.209,cold,3.0,3.0,2.6,135.0,puf_sandwich_panel,0.05,aerated_concrete,0.1,mineral_wool,0.15,north,1.8,1.2,0.85,2.6,38.648,43.627,0.0,7.367
Delhi,28.6139,77.209,cold,3.0,3.0,2.6,135.0,stone,0.15,timber,0.15,mineral_wool,0.1,south,1.8,0.6,0.85,3.5,37.818,39.502,0.0,7.091
Delhi,28.6139,77.209,cold,3.0,3.0,2.6,45.0,concrete,0.3,rcc_slab,0.25,none,0.0,east,0.6,1.5,0.85,1.6,43.12,47.093,0.0,7.058
Delhi,28.6139,77.209,cold,3.0,3.0,2.6,90.0,brick,0.345,puf_sandwich_panel,0.075,xps,0.05,east,0.9,1.2,0.65,1.2,37.049,38.167,0.0,7.069
Delhi,28.6139,77.209,cold,3.0,3.0,2.6,45.0,aerated_concrete,0.3,brick,0.115,sheep_wool,0.05,north,0.9,0.6,0.75,1.2,37.431,39.411,0.0,7.132
Delhi,28.6139,77.209,cold,3.0,3.0,2.6,90.0,timber,0.15,gi_sheet,0.002,sheep_wool,0.05,north,0.9,0.6,0.35,2.6,37.231,40.203,0.0,7.226
Delhi,28.6139,77.209,cold,3.0,3.0,2.6,0.0,puf_sandwich_panel,0.075,timber,0.1,xps,0.05,north,0.6,0.9,0.85,1.6,36.01,39.396,0.0,7.397
Delhi,28.6139,77.209,cold,3.0,3.0,2.6,180.0,stone,0.15,puf_sandwich_panel,0.15,eps,0.1,south,0.6,0.6,0.75,3.5,36.822,38.063,0.0,7.095
Delhi,28.6139,77.209,cold,3.0,3.0,2.6,135.0,timber,0.15,mud_brick,0.25,sheep_wool,0.15,south,0.9,0.9,0.55,1.2,35.931,37.233,0.0,7.135
Delhi,28.6139,77.209,cold,3.0,3.0,2.6,0.0,aerated_concrete,0.3,gi_sheet,0.002,xps,0.15,west,1.5,0.6,0.75,5.8,36.165,37.883,0.0,7.157
Delhi,28.6139,77.209,cold,3.0,3.0,2.6,45.0,rammed_earth,0.3,aerated_concrete,0.2,eps,0.05,north,0.6,0.9,0.85,1.2,37.524,38.855,0.0,7.075
Delhi,28.6139,77.209,cold,3.0,3.0,2.6,45.0,puf_sandwich_panel,0.1,aerated_concrete,0.1,xps,0.1,south,1.8,0.9,0.85,2.6,37.018,41.866,0.0,7.391
Delhi,28.6139,77.209,cold,3.0,3.0,2.6,0.0,stone,0.45,aerated_concrete,0.2,mineral_wool,0.05,east,0.9,1.5,0.75,2.0,38.298,39.682,0.0,7.048
Delhi,28.6139,77.209,cold,3.0,3.0,2.6,180.0,timber,0.1,brick,0.23,sheep_wool,0.15,west,1.2,0.9,0.45,1.6,36.65,38.366,0.0,7.153
Delhi,28.6139,77.209,cold,3.0,3.0,2.6,180.0,brick,0.345,puf_sandwich_panel,0.1,eps,0.2,west,1.2,0.9,0.55,5.8,36.694,37.556,0.0,7.069
Delhi,28.6139,77.209,cold,3.0,3.0,2.6,90.0,timber,0.15,rcc_slab,0.25,eps,0.15,south,1.8,1.5,0.85,2.6,38.661,41.368,0.0,7.127
Delhi,28.6139,77.209,cold,3.0,3.0,2.6,90.0,timber,0.2,gi_sheet,0.002,xps,0.05,north,0.6,0.6,0.75,2.0,36.907,39.272,0.0,7.192
Delhi,28.6139,77.209,cold,3.0,3.0,2.6,45.0,rammed_earth,0.15,stone,0.3,mineral_wool,0.15,south,1.2,1.2,0.45,5.8,36.847,38.031,0.0,7.081
Delhi,28.6139,77.209,cold,3.0,3.0,2.6,0.0,brick,0.115,gi_sheet,0.002,xps,0.1,east,1.5,0.6,0.35,2.6,37.075,38.994,0.0,7.139
Delhi,28.6139,77.209,cold,3.0,3.0,2.6,0.0,concrete,0.1,mud_brick,0.15,sheep_wool,0.05,east,0.9,1.5,0.65,5.8,39.652,42.636,0.0,7.113
Delhi,28.6139,77.209,cold,3.0,3.0,2.6,90.0,timber,0.15,gi_sheet,0.002,mineral_wool,0.05,north,0.9,0.9,0.35,2.0,37.254,40.17,0.0,7.223
Delhi,28.6139,77.209,cold,3.0,3.0,2.6,45.0,brick,0.115,mud_brick,0.15,mineral_wool,0.05,south,1.5,0.9,0.45,3.5,38.531,41.033,0.0,7.115
Delhi,28.6139,77.209,cold,3.0,3.0,2.6,45.0,plywood,0.05,stone,0.3,mineral_wool,0.05,south,0.9,0.6,0.45,5.8,37.582,39.707,0.0,7.126
Delhi,28.6139,77.209,cold,3.0,3.0,2.6,135.0,rammed_earth,0.45,brick,0.23,sheep_wool,0.05,east,0.6,1.5,0.75,5.8,37.744,39.021,0.0,7.055
Delhi,28.6139,77.209,cold,3.0,3.0,2.6,135.0,brick,0.23,gi_sheet,0.002,eps,0.2,north,1.8,1.5,0.55,5.8,38.414,40.292,0.0,7.092
Delhi,28.6139,77.209,cold,3.0,3.0,2.6,135.0,concrete,0.2,stone,0.3,sheep_wool,0.1,north,0.9,1.5,0.85,2.0,38.436,40.057,0.0,7.067
Delhi,28.6139,77.209,cold,3.0,3.0,2.6,90.0,aerated_concrete,0.2,stone,0.15,eps,0.05,east,0.6,1.2,0.35,2.0,36.957,38.818,0.0,7.135
Delhi,28.6139,77.209,cold,3.0,3.0,2.6,180.0,stone,0.45,mud_brick,0.25,eps,0.2,west,0.9,1.5,0.45,2.0,36.771,37.435,0.0,7.046
Delhi,28.6139,77.209,cold,3.0,3.0,2.6,90.0,rammed_earth,0.3,rcc_slab,0.2,mineral_wool,0.15,north,1.8,1.2,0.55,2.0,37.936,39.303,0.0,7.069
Delhi,28.6139,77.209,cold,3.0,3.0,2.6,0.0,plywood,0.05,brick,0.115,eps,0.025,south,0.9,1.5,0.35,1.2,39.145,44.026,0.0,7.238
Delhi,28.6139,77.209,cold,3.0,3.0,2.6,135.0,mud_brick,0.15,concrete,0.2,eps,0.1,south,1.2,1.2,0.55,2.6,37.421,38.951,0.0,7.093
Delhi,28.6139,77.209,cold,3.0,3.0,2.6,45.0,stone,0.3,brick,0.23,eps,0.025,south,0.6,0.9,0.75,5.8,39.048,40.934,0.0,7.056
Delhi,28.6139,77.209,cold,3.0,3.0,2.6,0.0,gi_sheet,0.002,rcc_slab,0.2,xps,0.05,north,0.9,1.5,0.85,1.6,39.102,42.969,0.0,7.179
Delhi,28.6139,77.209,cold,3.0,3.0,2.6,135.0,mud_brick,0.15,concrete,0.2,mineral_wool,0.05,south,1.8,0.6,0.45,3.5,38.179,40.092,0.0,7.092
Delhi,28.6139,77.209,cold,3.0,3.0,2.6,0.0,aerated_concrete,0.1,gi_sheet,0.002,xps,0.15,south,1.2,0.9,0.85,1.6,36.412,39.33,0.0,7.274
Delhi,28.6139,77.209,cold,3.0,3.0,2.6,135.0,concrete,0.3,concrete,0.15,sheep_wool,0.05,south,1.2,1.5,0.45,5.8,38.678,40.462,0.0,7.062
Delhi,28.6139,77.209,cold,3.0,3.0,2.6,135.0,puf_sandwich_panel,0.05,puf_sandwich_panel,0.05,sheep_wool,0.15,north,1.2,0.6,0.55,1.6,35.417,38.508,0.0179,7.481
Delhi,28.6139,77.209,cold,3.0,3.0,2.6,45.0,mud_brick,0.45,brick,0.23,mineral_wool,0.1,west,0.9,1.2,0.65,2.0,36.642,37.394,0.0,7.054
Delhi,28.6139,77.209,cold,3.0,3.0,2.6,135.0,brick,0.23,timber,0.15,eps,0.1,west,1.5,0.9,0.45,3.5,37.427,38.801,0.0,7.087
Delhi,28.6139,77.209,cold,3.0,3.0,2.6,180.0,timber,0.15,stone,0.3,sheep_wool,0.1,east,1.5,1.2,0.35,2.0,36.783,38.248,0.0,7.109
Delhi,28.6139,77.209,cold,3.0,3.0,2.6,45.0,puf_sandwich_panel,0.05,gi_sheet,0.002,sheep_wool,0.1,south,1.5,0.6,0.85,5.8,36.632,41.449,0.0,7.465
Delhi,28.6139,77.209,cold,3.0,3.0,2.6,45.0,concrete,0.3,puf_sandwich_panel,0.05,eps,0.05,west,1.5,1.5,0.75,3.5,38.705,40.606,0.0,7.069
Delhi,28.6139,77.209,cold,3.0,3.0,2.6,45.0,puf_sandwich_panel,0.1,mud_brick,0.25,eps,0.025,west,1.2,0.6,0.65,1.6,36.876,39.288,0.0,7.185
Delhi,28.6139,77.209,cold,3.0,3.0,2.6,180.0,gi_sheet,0.002,concrete,0.15,sheep_wool,0.1,north,1.5,0.6,0.55,1.6,37.88,41.059,0.0,7.207
Delhi,28.6139,77.209,cold,3.0,3.0,2.6,0.0,timber,0.2,rcc_slab,0.1,mineral_wool,0.1,east,1.2,1.2,0.55,5.8,37.614,39.828,0.0,7.151
Delhi,28.6139,77.209,cold,3.0,3.0,2.6,90.0,puf_sandwich_panel,0.1,brick,0.23,none,0.0,east,0.9,0.6,0.35,2.6,39.204,43.413,0.0,7.194
Delhi,28.6139,77.209,cold,3.0,3.0,2.6,0.0,aerated_concrete,0.2,gi_sheet,0.002,eps,0.2,south,1.5,0.6,0.45,1.6,35.342,36.883,0.0,7.198
Delhi,28.6139,77.209,cold,3.0,3.0,2.6,180.0,rammed_earth,0.15,stone,0.15,eps,0.05,east,1.8,0.6,0.75,1.2,38.528,40.704,0.0,7.098
Delhi,28.6139,77.209,cold,3.0,3.0,2.6,0.0,gi_sheet,0.002,mud_brick,0.25,eps,0.025,north,0.9,1.2,0.35,2.0,39.559,44.019,0.0,7.177
Delhi,28.6139,77.209,cold,3.0,3.0,2.6,180.0,brick,0.115,stone,0.3,xps,0.15,east,0.6,1.2,0.85,2.6,36.917,38.12,0.0,7.087
Delhi,28.6139,77.209,cold,3.0,3.0,2.6,45.0,gi_sheet,0.002,gi_sheet,0.002,mineral_wool,0.1,south,1.2,0.9,0.35,1.6,37.299,42.093,0.0,7.378
Delhi,28.6139,77.209,cold,3.0,3.0,2.6,0.0,concrete,0.1,brick,0.23,sheep_wool,0.1,east,0.6,0.6,0.45,2.6,37.241,38.829,0.0,7.102
Delhi,28.6139,77.209,cold,3.0,3.0,2.6,0.0,concrete,0.2,aerated_concrete,0.2,sheep_wool,0.1,north,0.9,1.2,0.55,2.6,37.214,38.56,0.0,7.083
Delhi,28.6139,77.209,cold,3.0,3.0,2.6,90.0,plywood,0.012,gi_sheet,0.002,eps,0.15,south,0.6,0.6,0.75,1.6,36.236,40.142,0.0,7.431
Delhi,28.6139,77.209,cold,3.0,3.0,2.6,180.0,mud_brick,0.15,brick,0.23,mineral_wool,0.1,north,0.9,1.2,0.75,2.0,37.308,38.761,0.0,7.093
Delhi,28.6139,77.209,cold,3.0,3.0,2.6,45.0,plywood,0.05,timber,0.1,mineral_wool,0.05,north,1.2,0.9,0.65,3.5,38.313,42.926,0.0,7.314
Delhi,28.6139,77.209,cold,3.0,3.0,2.6,90.0,plywood,0.012,mud_brick,0.25,xps,0.1,north,0.6,0.9,0.55,2.6,36.971,39.241,0.0,7.181
Delhi,28.6139,77.209,cold,3.0,3.0,2.6,90.0,brick,0.115,puf_sandwich_panel,0.075,mineral_wool,0.1,south,0.9,1.2,0.35,3.5,36.753,38.562,0.0,7.139
Delhi,28.6139,77.209,cold,3.0,3.0,2.6,180.0,brick,0.345,concrete,0.15,mineral_wool,0.15,north,1.2,0.6,0.75,3.5,36.356,37.063,0.0,7.062
Delhi,28.6139,77.209,cold,3.0,3.0,2.6,180.0,rammed_earth,0.45,stone,0.3,sheep_wool,0.1,south,0.6,0.9,0.65,3.5,36.455,37.092,0.0,7.052
Delhi,28.6139,77.209,cold,3.0,3.0,2.6,45.0,concrete,0.15,gi_sheet,0.002,xps,0.1,north,1.2,1.5,0.75,1.2,38.879,41.099,0.0,7.107
Delhi,28.6139,77.209,cold,3.0,3.0,2.6,180.0,stone,0.3,concrete,0.2,xps,0.1,south,1.8,1.5,0.45,5.8,37.949,39.343,0.0,7.057
Delhi,28.6139,77.209,cold,3.0,3.0,2.6,45.0,puf_sandwich_panel,0.15,gi_sheet,0.002,eps,0.15,west,1.8,1.5,0.45,5.8,36.969,42.035,0.0,7.437
Delhi,28.6139,77.209,cold,3.0,3.0,2.6,90.0,plywood,0.019,rcc_slab,0.25,none,0.0,south,1.5,0.6,0.75,2.6,43.259,52.064,0.0,7.161
Delhi,28.6139,77.209,cold,3.0,3.0,2.6,0.0,brick,0.23,mud_brick,0.25,xps,0.05,east,0.9,0.6,0.85,3.5,37.961,39.48,0.0,7.074
Delhi,28.6139,77.209,cold,3.0,3.0,2.6,135.0,concrete,0.15,mud_brick,0.15,xps,0.05,north,0.6,1.5,0.45,1.2,38.397,40.335,0.0,7.091
Delhi,28.6139,77.209,cold,3.0,3.0,2.6,90.0,plywood,0.05,aerated_concrete,0.2,sheep_wool,0.15,east,1.8,1.5,0.55,2.0,37.444,41.273,0.0,7.283
Delhi,28.6139,77.209,cold,3.0,3.0,2.6,135.0,mud_brick,0.15,gi_sheet,0.002,eps,0.1,south,1.8,1.2,0.85,2.0,38.659,41.223,0.0,7.122
Delhi,28.6139,77.209,cold,3.0,3.0,2.6,180.0,timber,0.2,puf_sandwich_panel,0.05,mineral_wool,0.15,north,1.8,1.5,0.35,2.6,36.362,38.492,0.0,7.195
Delhi,28.6139,77.209,cold,3.0,3.0,2.6,180.0,plywood,0.03,puf_sandwich_panel,0.05,eps,0.05,south,1.8,1.2,0.55,3.5,38.438,44.311,0.0,7.422
Delhi,28.6139,77.209,cold,3.0,3.0,2.6,90.0,aerated_concrete,0.1,mud_brick,0.15,sheep_wool,0.15,west,0.6,0.9,0.45,3.5,35.852,37.536,0.0,7.183
Delhi,28.6139,77.209,cold,3.0,3.0,2.6,135.0,rammed_earth,0.3,brick,0.23,sheep_wool,0.1,west,0.6,1.5,0.55,3.5,37.185,38.283,0.0,7.068
Delhi,28.6139,77.209,cold,3.0,3.0,2.6,45.0,brick,0.23,rcc_slab,0.1,none,0.0,east,1.8,1.2,0.45,5.8,43.793,49.213,0.0,7.084
Delhi,28.6139,77.209,cold,3.0,3.0,2.6,90.0,timber,0.1,gi_sheet,0.002,sheep_wool,0.05,east,0.9,0.9,0.45,5.8,37.603,41.52,0.0,7.273
Delhi,28.6139,77.209,cold,3.0,3.0,2.6,90.0,brick,0.23,timber,0.1,xps,0.15,west,0.6,0.9,0.75,1.2,36.049,36.87,0.0,7.086
Delhi,28.6139,77.209,cold,3.0,3.0,2.6,90.0,plywood,0.05,concrete,0.1,sheep_wool,0.15,north,1.2,1.5,0.55,2.0,37.938,41.073,0.0,7.231
Delhi,28.6139,77.209,cold,3.0,3.0,2.6,45.0,gi_sheet,0.002,brick,0.115,sheep_wool,0.1,south,0.9,0.6,0.55,5.8,37.498,41.221,0.0,7.251
Delhi,28.6139,77.209,cold,3.0,3.0,2.6,180.0,stone,0.3,mud_brick,0.25,eps,0.1,east,1.8,1.2,0.45,1.6,37.582,38.786,0.0,7.057
Delhi,28.6139,77.209,cold,3.0,3.0,2.6,0.0,mud_brick,0.15,aerated_concrete,0.1,eps,0.05,west,1.8,0.6,0.45,5.8,37.959,40.184,0.0,7.116
Delhi,28.6139,77.209,cold,3.0,3.0,2.6,180.0,concrete,0.2,stone,0.3,xps,0.15,east,1.8,0.9,0.55,1.6,37.209,38.344,0.0,7.067
Delhi,28.6139,77.209,cold,3.0,3.0,2.6,180.0,stone,0.3,puf_sandwich_panel,0.1,xps,0.05,north,0.6,1.2,0.75,5.8,37.449,38.66,0.0,7.061
Delhi,28.6139,77.209,cold,3.0,3.0,2.6,135.0,concrete,0.15,timber,0.1,eps,0.05,west,0.9,0.9,0.55,2.0,38.52,40.66,0.0,7.102
Delhi,28.6139,77.209,cold,3.0,3.0,2.6,45.0,plywood,0.05,brick,0.23,mineral_wool,0.05,east,0.9,1.5,0.65,1.6,38.679,41.923,0.0,7.173
Delhi,28.6139,77.209,cold,3.0,3.0,2.6,90.0,timber,0.1,aerated_concrete,0.1,xps,0.15,east,1.2,1.2,0.85,5.8,36.994,40.104,0.0,7.247
Delhi,28.6139,77.209,cold,3.0,3.0,2.6,180.0,timber,0.15,puf_sandwich_panel,0.15,mineral_wool,0.05,west,0.6,1.2,0.85,2.6,37.091,39.71,0.0,7.226
Delhi,28.6139,77.209,cold,3.0,3.0,2.6,90.0,aerated_concrete,0.1,gi_sheet,0.002,xps,0.1,south,0.9,0.6,0.35,2.6,36.002,38.606,0.0,7.275
Delhi,28.6139,77.209,cold,3.0,3.0,2.6,90.0,concrete,0.3,timber,0.15,mineral_wool,0.05,south,0.6,1.5,0.35,3.5,37.507,38.802,0.0,7.065
Delhi,28.6139,77.209,cold,3.0,3.0,2.6,90.0,concrete,0.2,timber,0.1,mineral_wool,0.05,north,1.5,1.2,0.45,5.8,38.913,41.023,0.0,7.086
Delhi,28.6139,77.209,cold,3.0,3.0,2.6,180.0,timber,0.1,rcc_slab,0.15,xps,0.1,west,1.8,1.2,0.65,1.6,38.976,41.941,0.0,7.17
Delhi,28.6139,77.209,cold,3.0,3.0,2.6,45.0,rammed_earth,0.45,gi_sheet,0.002,mineral_wool,0.15,east,1.8,0.9,0.65,3.5,37.201,38.23,0.0,7.061
Delhi,28.6139,77.209,cold,3.0,3.0,2.6,0.0,puf_sandwich_panel,0.1,aerated_concrete,0.1,xps,0.1,east,0.6,1.2,0.45,2.6,35.567,38.319,0.0,7.39
Delhi,28.6139,77.209,cold,3.0,3.0,2.6,180.0,concrete,0.2,brick,0.23,mineral_wool,0.1,north,0.9,1.5,0.85,2.6,37.889,39.409,0.0,7.074
Delhi,28.6139,77.209,cold,3.0,3.0,2.6,45.0,concrete,0.15,stone,0.15,sheep_wool,0.05,south,1.5,0.9,0.75,1.6,39.097,41.416,0.0,7.088
Delhi,28.6139,77.209,cold,3.0,3.0,2.6,0.0,timber,0.1,concrete,0.2,eps,0.1,north,0.6,1.5,0.45,5.8,36.556,38.353,0.0,7.15
Delhi,28.6139,77.209,cold,3.0,3.0,2.6,180.0,gi_sheet,0.002,brick,0.23,eps,0.05,east,0.6,1.2,0.75,1.2,38.912,42.676,0.0,7.183
Delhi,28.6139,77.209,cold,3.0,3.0,2.6,180.0,concrete,0.15,puf_sandwich_panel,0.075,eps,0.2,north,0.9,0.9,0.85,2.0,36.714,38.004,0.0,7.105
Delhi,28.6139,77.209,cold,3.0,3.0,2.6,0.0,puf_sandwich_panel,0.15,gi_sheet,0.002,eps,0.1,west,1.2,0.6,0.85,2.0,35.719,39.591,0.0,7.443
Delhi,28.6139,77.209,cold,3.0,3.0,2.6,45.0,aerated_concrete,0.3,brick,0.23,mineral_wool,0.1,west,1.2,0.6,0.65,1.2,36.156,37.33,0.0,7.111
Delhi,28.6139,77.209,cold,3.0,3.0,2.6,180.0,concrete,0.15,puf_sandwich_panel,0.15,eps,0.2,west,0.9,1.2,0.55,2.6,37.188,38.619,0.0,7.105
Delhi,28.6139,77.209,cold,3.0,3.0,2.6,45.0,brick,0.23,timber,0.1,mineral_wool,0.15,west,0.6,0.9,0.75,1.2,36.179,37.072,0.0,7.085
Delhi,28.6139,77.209,cold,3.0,3.0,2.6,135.0,timber,0.15,stone,0.3,xps,0.1,west,0.6,1.5,0.35,2.0,36.272,37.407,0.0,7.108
Delhi,28.6139,77.209,cold,3.0,3.0,2.6,0.0,gi_sheet,0.002,timber,0.15,sheep_wool,0.1,north,1.2,0.9,0.55,2.0,37.561,42.018,0.0,7.324
Delhi,28.6139,77.209,cold,3.0,3.0,2.6,0.0,stone,0.15,stone,0.3,none,0.0,south,1.8,0.9,0.65,1.6,43.534,48.896,0.0,7.071
Delhi,28.6139,77.209,cold,3.0,3.0,2.6,0.0,gi_sheet,0.002,gi_sheet,0.002,eps,0.15,north,0.6,0.9,0.85,2.6,36.881,41.242,0.0,7.392
Delhi,28.6139,77.209,cold,3.0,3.0,2.6,45.0,concrete,0.2,gi_sheet,0.002,xps,0.1,west,0.9,1.5,0.45,3.5,37.2,38.603,0.0,7.087
Delhi,28.6139,77.209,cold,3.0,3.0,2.6,0.0,mud_brick,0.15,puf_sandwich_panel,0.1,sheep_wool,0.15,south,0.9,1.2,0.55,1.2,36.243,37.547,0.0,7.12
Delhi,28.6139,77.209,cold,3.0,3.0,2.6,45.0,gi_sheet,0.002,aerated_concrete,0.1,xps,0.1,north,1.2,0.6,0.55,1.2,37.362,41.603,0.0,7.35
Delhi,28.6139,77.209,cold,3.0,3.0,2.6,135.0,brick,0.115,rcc_slab,0.1,eps,0.2,north,1.8,0.6,0.85,3.5,37.584,39.375,0.0,7.118
Delhi,28.6139,77.209,cold,3.0,3.0,2.6,180.0,stone,0.3,brick,0.115,eps,0.025,west,1.2,1.5,0.85,2.6,40.935,43.566,0.0,7.059
Delhi,28.6139,77.209,cold,3.0,3.0,2.6,135.0,brick,0.345,stone,0.3,eps,0.025,west,1.8,0.6,0.65,3.5,39.204,41.098,0.0,7.057
Delhi,28.6139,77.209,cold,3.0,3.0,2.6,45.0,mud_brick,0.15,mud_brick,0.15,eps,0.2,north,0.6,0.6,0.35,1.2,35.661,36.473,0.0,7.099
Delhi,28.6139,77.209,cold,3.0,3.0,2.6,45.0,concrete,0.1,gi_sheet,0.002,xps,0.15,south,1.8,0.6,0.85,3.5,37.344,39.48,0.0,7.136
Delhi,28.6139,77.209,cold,3.0,3.0,2.6,180.0,timber,0.1,mud_brick,0.15,mineral_wool,0.15,east,0.6,1.5,0.65,1.6,36.243,38.135,0.0,7.174
Delhi,28.6139,77.209,cold,3.0,3.0,2.6,135.0,timber,0.15,gi_sheet,0.002,xps,0.1,west,0.9,1.5,0.45,3.5,36.942,39.518,0.0,7.226
Delhi,28.6139,77.209,cold,3.0,3.0,2.6,180.0,plywood,0.05,gi_sheet,0.002,xps,0.1,south,1.2,1.5,0.65,5.8,37.771,42.409,0.0,7.357
Delhi,28.6139,77.209,cold,3.0,3.0,2.6,0.0,stone,0.3,aerated_concrete,0.1,sheep_wool,0.1,north,0.9,0.6,0.45,5.8,36.8,37.718,0.0,7.06
Delhi,28.6139,77.209,cold,3.0,3.0,2.6,0.0,mud_brick,0.45,concrete,0.1,none,0.0,north,1.5,0.6,0.85,3.5,42.247,45.55,0.0,7.056
Delhi,28.6139,77.209,cold,3.0,3.0,2.6,135.0,mud_brick,0.15,rcc_slab,0.2,eps,0.2,south,1.5,0.6,0.35,1.2,35.985,36.848,0.0,7.092
Delhi,28.6139,77.209,cold,3.0,3.0,2.6,0.0,rammed_earth,0.3,timber,0.1,sheep_wool,0.1,west,1.5,0.6,0.75,2.0,36.926,38.069,0.0,7.077
Delhi,28.6139,77.209,cold,3.0,3.0,2.6,90.0,mud_brick,0.3,aerated_concrete,0.2,xps,0.1,north,0.6,1.2,0.85,3.5,37.0,38.039,0.0,7.072
Delhi,28.6139,77.209,cold,3.0,3.0,2.6,90.0,plywood,0.05,timber,0.1,eps,0.2,north,1.8,1.5,0.55,5.8,38.89,43.491,0.0,7.314
Delhi,28.6139,77.209,cold,3.0,3.0,2.6,180.0,concrete,0.3,stone,0.15,mineral_wool,0.1,east,1.2,0.6,0.55,1.2,36.94,37.885,0.0,7.06
Delhi,28.6139,77.209,cold,3.0,3.0,2.6,0.0,aerated_concrete,0.3,concrete,0.15,none,0.0,north,1.8,1.5,0.35,5.8,42.111,47.379,0.0,7.124
Delhi,28.6139,77.209,cold,3.0,3.0,2.6,180.0,gi_sheet,0.002,brick,0.23,mineral_wool,0.15,south,0.9,0.9,0.45,2.6,37.166,39.465,0.0,7.175
Delhi,28.6139,77.209,cold,3.0,3.0,2.6,180.0,rammed_earth,0.15,brick,0.115,sheep_wool,0.15,north,1.8,1.2,0.35,1.6,37.016,38.543,0.0,7.11
Delhi,28.6139,77.209,cold,3.0,3.0,2.6,90.0,stone,0.45,mud_brick,0.25,eps,0.2,north,1.2,0.9,0.65,3.5,36.788,37.468,0.0,7.046
Delhi,28.6139,77.209,cold,3.0,3.0,2.6,180.0,concrete,0.1,aerated_concrete,0.1,eps,0.2,east,1.2,1.5,0.55,5.8,37.797,40.102,0.0,7.133
Delhi,28.6139,77.209,cold,3.0,3.0,2.6,135.0,aerated_concrete,0.1,rcc_slab,0.1,eps,0.025,west,1.8,1.5,0.75,2.6,41.728,47.486,0.0,7.202
Delhi,28.6139,77.209,cold,3.0,3.0,2.6,90.0,aerated_concrete,0.2,stone,0.15,eps,0.05,north,1.8,0.6,0.85,1.6,38.559,41.055,0.0,7.136
Delhi,28.6139,77.209,cold,3.0,3.0,2.6,135.0,timber,0.2,mud_brick,0.15,xps,0.1,south,1.8,1.2,0.55,1.2,37.123,39.21,0.0,7.147
Delhi,28.6139,77.209,cold,3.0,3.0,2.6,135.0,puf_sandwich_panel,0.05,brick,0.115,sheep_wool,0.05,east,1.2,1.2,0.45,2.0,37.326,41.091,0.0,7.276
Delhi,28.6139,77.209,cold,3.0,3.0,2.6,90.0,rammed_earth,0.15,timber,0.1,xps,0.1,north,1.2,0.6,0.55,2.6,36.911,38.45,0.0,7.118
Delhi,28.6139,77.209,cold,3.0,3.0,2.6,180.0,brick,0.23,mud_brick,0.25,sheep_wool,0.05,north,0.9,1.2,0.35,1.2,37.881,39.409,0.0,7.075
Delhi,28.6139,77.209,cold,3.0,3.0,2.6,90.0,puf_sandwich_panel,0.15,concrete,0.1,mineral_wool,0.15,west,0.6,0.6,0.65,2.6,34.808,36.362,0.0,7.246
Delhi,28.6139,77.209,cold,3.0,3.0,2.6,90.0,brick,0.115,stone,0.15,eps,0.025,west,0.6,1.2,0.85,1.2,39.863,42.952,0.0,7.107
Delhi,28.6139,77.209,cold,3.0,3.0,2.6,0.0,mud_brick,0.3,stone,0.15,none,0.0,south,1.2,1.5,0.65,2.0,42.819,46.832,0.0,7.068
Delhi,28.6139,77.209,cold,3.0,3.0,2.6,0.0,rammed_earth,0.3,aerated_concrete,0.2,sheep_wool,0.05,south,1.2,0.9,0.75,1.2,37.64,39.102,0.0,7.076
Delhi,28.6139,77.209,cold,3.0,3.0,2.6,45.0,concrete,0.15,aerated_concrete,0.2,eps,0.1,east,1.5,0.6,0.65,5.8,37.548,39.211,0.0,7.099
Delhi,28.6139,77.209,cold,3.0,3.0,2.6,0.0,concrete,0.1,timber,0.1,eps,0.025,north,1.5,1.2,0.75,1.2,40.222,44.077,0.0,7.134
Delhi,28.6139,77.209,cold,3.0,3.0,2.6,90.0,concrete,0.3,concrete,0.15,sheep_wool,0.15,south,1.5,0.6,0.75,1.6,36.776,37.681,0.0,7.061
Delhi,28.6139,77.209,cold,3.0,3.0,2.6,0.0,aerated_concrete,0.1,gi_sheet,0.002,xps,0.1,east,1.8,0.6,0.45,1.2,36.831,39.798,0.0,7.277
Delhi,28.6139,77.209,cold,3.0,3.0,2.6,135.0,mud_brick,0.15,rcc_slab,0.1,mineral_wool,0.1,north,0.9,0.9,0.75,2.6,37.479,39.092,0.0,7.103
Delhi,28.6139,77.209,cold,3.0,3.0,2.6,45.0,timber,0.2,brick,0.115,xps,0.15,west,0.6,0.6,0.85,1.6,35.448,36.672,0.0,7.151
Delhi,28.6139,77.209,cold,3.0,3.0,2.6,90.0,gi_sheet,0.002,brick,0.23,mineral_wool,0.1,west,0.6,0.9,0.55,3.5,37.197,39.684,0.0,7.178
Delhi,28.6139,77.209,cold,3.0,3.0,2.6,90.0,stone,0.45,mud_brick,0.25,eps,0.2,east,0.6,1.5,0.75,1.2,36.193,36.642,0.0,7.045
Delhi,28.6139,77.209,cold,3.0,3.0,2.6,0.0,stone,0.3,timber,0.1,sheep_wool,0.05,west,0.9,0.6,0.75,1.2,37.802,39.176,0.0,7.06
Delhi,28.6139,77.209,cold,3.0,3.0,2.6,90.0,plywood,0.019,rcc_slab,0.1,xps,0.05,west,1.8,1.2,0.45,5.8,38.759,43.523,0.0,7.256
Delhi,28.6139,77.209,cold,3.0,3.0,2.6,135.0,puf_sandwich_panel,0.15,brick,0.115,eps,0.025,north,0.9,1.5,0.75,3.5,38.639,43.091,0.0,7.27
Delhi,28.6139,77.209,cold,3.0,3.0,2.6,0.0,mud_brick,0.45,timber,0.15,none,0.0,east,1.5,1.2,0.35,3.5,39.168,41.086,0.0,7.059
Delhi,28.6139,77.209,cold,3.0,3.0,2.6,180.0,timber,0.1,puf_sandwich_panel,0.1,mineral_wool,0.05,north,0.9,1.5,0.65,2.0,37.153,40.633,0.0,7.277
Delhi,28.6139,77.209,cold,3.0,3.0,2.6,180.0,timber,0.1,mud_brick,0.15,xps,0.05,west,1.5,1.5,0.45,3.5,38.927,42.306,0.0,7.184
Delhi,28.6139,77.209,cold,3.0,3.0,2.6,135.0,plywood,0.019,concrete,0.15,xps,0.15,south,0.6,1.2,0.85,1.2,36.703,39.165,0.0,7.209
Delhi,28.6139,77.209,cold,3.0,3.0,2.6,90.0,stone,0.3,rcc_slab,0.25,xps,0.15,north,1.8,0.6,0.35,2.6,36.584,37.296,0.0,7.055
Delhi,28.6139,77.209,cold,3.0,3.0,2.6,90.0,aerated_concrete,0.1,concrete,0.2,none,0.0,east,1.5,1.2,0.75,1.6,42.941,49.998,0.0,7.154
Delhi,28.6139,77.209,cold,3.0,3.0,2.6,45.0,mud_brick,0.15,puf_sandwich_panel,0.15,none,0.0,south,1.5,0.6,0.35,1.2,40.551,44.633,0.0,7.12
Delhi,28.6139,77.209,cold,3.0,3.0,2.6,135.0,gi_sheet,0.002,gi_sheet,0.002,eps,0.2,south,0.9,1.2,0.85,2.6,37.529,42.331,0.0,7.387
Delhi,28.6139,77.209,cold,3.0,3.0,2.6,90.0,concrete,0.3,puf_sandwich_panel,0.05,sheep_wool,0.1,south,1.2,0.9,0.65,1.2,36.996,38.073,0.0,7.067
Delhi,28.6139,77.209,cold,3.0,3.0,2.6,0.0,brick,0.115,concrete,0.1,none,0.0,east,1.8,1.5,0.55,1.2,44.954,53.39,0.0,7.123
Delhi,28.6139,77.209,cold,3.0,3.0,2.6,90.0,aerated_concrete,0.1,timber,0.15,eps,0.025,north,0.9,1.2,0.55,3.5,38.706,42.905,0.0,7.244
Delhi,28.6139,77.209,cold,3.0,3.0,2.6,90.0,aerated_concrete,0.1,stone,0.15,mineral_wool,0.05,south,1.2,1.5,0.55,5.8,38.483,41.793,0.0,7.162
Delhi,28.6139,77.209,cold,3.0,3.0,2.6,90.0,concrete,0.15,puf_sandwich_panel,0.075,mineral_wool,0.15,south,1.5,1.5,0.35,2.0,36.985,38.528,0.0,7.107
Delhi,28.6139,77.209,cold,3.0,3.0,2.6,180.0,rammed_earth,0.45,rcc_slab,0.25,sheep_wool,0.05,north,1.8,0.6,0.65,2.6,37.608,38.809,0.0,7.054
Delhi,28.6139,77.209,cold,3.0,3.0,2.6,90.0,concrete,0.3,concrete,0.1,xps,0.05,west,0.6,1.5,0.85,5.8,38.126,39.663,0.0,7.063
Delhi,28.6139,77.209,cold,3.0,3.0,2.6,0.0,mud_brick,0.15,mud_brick,0.25,xps,0.15,north,1.5,1.5,0.75,1.6,37.714,39.357,0.0,7.093
Delhi,28.6139,77.209,cold,3.0,3.0,2.6,135.0,gi_sheet,0.002,mud_brick,0.15,none,0.0,south,1.5,1.2,0.35,3.5,43.513,55.301,0.0,7.227
Delhi,28.6139,77.209,cold,3.0,3.0,2.6,90.0,rammed_earth,0.15,puf_sandwich_panel,0.075,eps,0.025,east,0.6,0.9,0.55,3.5,38.11,40.504,0.0,7.124
Delhi,28.6139,77.209,cold,3.0,3.0,2.6,180.0,rammed_earth,0.45,rcc_slab,0.1,none,0.0,east,1.5,1.5,0.65,5.8,42.796,46.536,0.0,7.059
Delhi,28.6139,77.209,cold,3.0,3.0,2.6,135.0,aerated_concrete,0.1,aerated_concrete,0.2,xps,0.05,north,0.6,0.9,0.65,3.5,37.255,40.246,0.0,7.232
Delhi,28.6139,77.209,cold,3.0,3.0,2.6,135.0,puf_sandwich_panel,0.05,puf_sandwich_panel,0.05,eps,0.05,east,1.8,1.2,0.55,2.6,37.185,42.981,0.006,7.497
Delhi,28.6139,77.209,cold,3.0,3.0,2.6,180.0,plywood,0.012,timber,0.15,sheep_wool,0.1,north,1.2,1.2,0.35,2.0,37.344,41.524,0.0,7.349
Delhi,28.6139,77.209,cold,3.0,3.0,2.6,90.0,gi_sheet,0.002,concrete,0.15,sheep_wool,0.05,south,1.2,1.5,0.45,1.2,39.153,43.73,0.0,7.208
Delhi,28.6139,77.209,cold,3.0,3.0,2.6,45.0,brick,0.345,rcc_slab,0.2,eps,0.2,north,1.8,1.2,0.45,1.2,37.075,38.03,0.0,7.062
Delhi,28.6139,77.209,cold,3.0,3.0,2.6,90.0,timber,0.15,timber,0.1,sheep_wool,0.1,south,1.5,1.5,0.85,2.0,38.502,42.555,0.0,7.214
Delhi,28.6139,77.209,cold,3.0,3.0,2.6,45.0,gi_sheet,0.002,mud_brick,0.25,xps,0.15,east,0.9,0.6,0.65,1.2,36.796,38.974,0.0,7.173
Delhi,28.6139,77.209,cold,3.0,3.0,2.6,0.0,brick,0.345,brick,0.23,eps,0.05,west,1.2,0.6,0.65,2.0,37.597,38.868,0.0,7.061
Delhi,28.6139,77.209,cold,3.0,3.0,2.6,135.0,timber,0.1,stone,0.15,none,0.0,east,0.6,0.6,0.35,1.2,42.579,49.673,0.0,7.161
Delhi,28.6139,77.209,cold,3.0,3.0,2.6,0.0,timber,0.2,stone,0.15,mineral_wool,0.1,south,1.2,1.2,0.35,1.2,36.171,37.554,0.0,7.131
Delhi,28.6139,77.209,cold,3.0,3.0,2.6,0.0,gi_sheet,0.002,brick,0.23,none,0.0,north,0.6,1.5,0.55,1.2,43.325,54.042,0.0,7.183
Delhi,28.6139,77.209,cold,3.0,3.0,2.6,45.0,stone,0.3,brick,0.115,mineral_wool,0.15,west,0.6,1.2,0.65,3.5,36.546,37.317,0.0,7.058
Delhi,28.6139,77.209,cold,3.0,3.0,2.6,180.0,mud_brick,0.3,rcc_slab,0.2,eps,0.05,north,1.5,0.9,0.55,2.0,37.788,39.197,0.0,7.067
Delhi,28.6139,77.209,cold,3.0,3.0,2.6,180.0,aerated_concrete,0.1,mud_brick,0.25,mineral_wool,0.1,west,1.5,1.5,0.55,5.8,38.835,41.637,0.0,7.149
Delhi,28.6139,77.209,cold,3.0,3.0,2.6,0.0,rammed_earth,0.3,brick,0.115,mineral_wool,0.05,west,1.8,0.9,0.65,2.0,38.358,40.116,0.0,7.074
Delhi,28.6139,77.209,cold,3.0,3.0,2.6,180.0,brick,0.345,brick,0.23,mineral_wool,0.05,east,0.9,0.6,0.35,1.6,37.364,38.513,0.0,7.061
Delhi,28.6139,77.209,cold,3.0,3.0,2.6,0.0,plywood,0.019,rcc_slab,0.15,eps,0.15,west,1.5,1.2,0.65,1.2,37.538,40.822,0.0,7.21
Delhi,28.6139,77.209,cold,3.0,3.0,2.6,135.0,plywood,0.03,mud_brick,0.25,none,0.0,east,0.9,0.9,0.35,1.2,41.786,48.688,0.0,7.176
Delhi,28.6139,77.209,cold,3.0,3.0,2.6,0.0,timber,0.1,gi_sheet,0.002,eps,0.15,north,0.6,1.2,0.75,2.6,36.004,38.479,0.0,7.268
Delhi,28.6139,77.209,cold,3.0,3.0,2.6,45.0,aerated_concrete,0.3,stone,0.15,xps,0.05,south,0.6,1.2,0.65,2.0,36.933,38.562,0.0,7.116
Delhi,28.6139,77.209,cold,3.0,3.0,2.6,135.0,rammed_earth,0.45,rcc_slab,0.15,none,0.0,south,0.9,1.5,0.85,5.8,42.3,45.68,0.0,7.057
Delhi,28.6139,77.209,cold,3.0,3.0,2.6,45.0,rammed_earth,0.15,mud_brick,0.25,sheep_wool,0.05,south,1.8,1.2,0.65,2.0,39.073,41.523,0.0,7.096
Delhi,28.6139,77.209,cold,3.0,3.0,2.6,0.0,mud_brick,0.45,gi_sheet,0.002,sheep_wool,0.1,south,1.2,1.2,0.35,3.5,36.577,37.374,0.0,7.059
Delhi,28.6139,77.209,cold,3.0,3.0,2.6,135.0,brick,0.23,stone,0.15,sheep_wool,0.15,west,1.8,1.5,0.55,3.5,38.728,40.54,0.0,7.079
Delhi,28.6139,77.209,cold,3.0,3.0,2.6,45.0,concrete,0.15,stone,0.3,sheep_wool,0.1,south,1.5,1.2,0.35,5.8,37.667,39.172,0.0,7.076
Delhi,28.6139,77.209,cold,3.0,3.0,2.6,45.0,puf_sandwich_panel,0.15,stone,0.15,eps,0.15,north,0.6,1.5,0.65,1.6,35.84,37.503,0.0,7.2
Delhi,28.6139,77.209,cold,3.0,3.0,2.6,90.0,plywood,0.012,concrete,0.15,mineral_wool,0.15,south,0.6,1.2,0.55,1.2,36.494,38.856,0.0,7.206
Delhi,28.6139,77.209,cold,3.0,3.0,2.6,0.0,timber,0.2,brick,0.115,mineral_wool,0.1,west,0.9,0.9,0.35,5.8,36.197,37.847,0.0,7.151
Delhi,28.6139,77.209,cold,3.0,3.0,2.6,180.0,plywood,0.03,rcc_slab,0.2,eps,0.025,north,1.8,0.9,0.75,5.8,40.094,44.877,0.0,7.179
Delhi,28.6139,77.209,cold,3.0,3.0,2.6,135.0,brick,0.115,concrete,0.2,xps,0.1,south,1.8,0.9,0.75,3.5,38.145,40.174,0.0,7.104
Delhi,28.6139,77.209,cold,3.0,3.0,2.6,90.0,puf_sandwich_panel,0.1,timber,0.1,eps,0.15,west,1.8,0.6,0.75,2.6,35.775,38.837,0.0,7.384
Delhi,28.6139,77.209,cold,3.0,3.0,2.6,180.0,plywood,0.03,mud_brick,0.25,sheep_wool,0.05,east,1.8,1.5,0.55,2.6,39.417,43.577,0.0,7.176
Delhi,28.6139,77.209,cold,3.0,3.0,2.6,0.0,gi_sheet,0.002,brick,0.115,mineral_wool,0.15,north,1.5,1.5,0.45,1.6,37.669,41.224,0.0,7.238
Delhi,28.6139,77.209,cold,3.0,3.0,2.6,90.0,plywood,0.03,puf_sandwich_panel,0.1,sheep_wool,0.05,north,1.5,0.6,0.85,3.5,38.381,43.722,0.0,7.417
Delhi,28.6139,77.209,cold,3.0,3.0,2.6,0.0,stone,0.3,concrete,0.15,mineral_wool,0.1,north,1.8,0.9,0.65,2.0,37.466,38.64,0.0,7.057
Delhi,28.6139,77.209,cold,3.0,3.0,2.6,90.0,brick,0.345,brick,0.115,mineral_wool,0.1,east,1.8,0.6,0.75,3.5,37.005,38.051,0.0,7.065
Delhi,28.6139,77.209,cold,3.0,3.0,2.6,90.0,puf_sandwich_panel,0.1,rcc_slab,0.25,mineral_wool,0.1,south,1.8,0.6,0.65,1.6,36.123,37.846,0.0,7.161
Delhi,28.6139,77.209,cold,3.0,3.0,2.6,180.0,gi_sheet,0.002,mud_brick,0.25,eps,0.15,east,1.8,0.9,0.55,3.5,37.949,40.888,0.0,7.174
Delhi,28.6139,77.209,cold,3.0,3.0,2.6,90.0,stone,0.3,aerated_concrete,0.1,xps,0.1,north,0.9,1.2,0.45,1.2,37.063,38.042,0.0,7.061
Delhi,28.6139,77.209,cold,3.0,3.0,2.6,135.0,rammed_earth,0.15,puf_sandwich_panel,0.075,eps,0.15,east,1.2,1.5,0.55,3.5,37.169,39.029,0.0,7.126
Delhi,28.6139,77.209,cold,3.0,3.0,2.6,135.0,rammed_earth,0.15,stone,0.3,eps,0.05,north,0.6,0.9,0.65,2.0,38.056,39.711,0.0,7.082
Delhi,28.6139,77.209,cold,3.0,3.0,2.6,180.0,concrete,0.15,timber,0.15,eps,0.05,east,1.8,0.9,0.35,1.2,38.336,40.456,0.0,7.102
Delhi,28.6139,77.209,cold,3.0,3.0,2.6,180.0,mud_brick,0.45,timber,0.15,mineral_wool,0.1,north,0.9,1.2,0.75,1.6,36.552,37.3,0.0,7.057
Delhi,28.6139,77.209,cold,3.0,3.0,2.6,135.0,gi_sheet,0.002,brick,0.23,eps,0.15,west,1.8,0.9,0.55,3.5,38.363,41.305,0.0,7.181
Delhi,28.6139,77.209,cold,3.0,3.0,2.6,135.0,rammed_earth,0.45,concrete,0.1,xps,0.1,east,1.8,1.2,0.45,1.6,37.006,37.979,0.0,7.059
Delhi,28.6139,77.209,cold,3.0,3.0,2.6,135.0,stone,0.15,gi_sheet,0.002,eps,0.025,north,1.8,0.6,0.45,2.6,40.049,43.058,0.0,7.096
Delhi,28.6139,77.209,cold,3.0,3.0,2.6,90.0,rammed_earth,0.3,timber,0.15,eps,0.1,west,0.9,1.5,0.65,3.5,36.992,38.152,0.0,7.077
Delhi,28.6139,77.209,cold,3.0,3.0,2.6,0.0,mud_brick,0.3,gi_sheet,0.002,mineral_wool,0.05,west,0.6,0.9,0.55,1.2,37.363,38.672,0.0,7.075
Delhi,28.6139,77.209,cold,3.0,3.0,2.6,45.0,timber,0.2,puf_sandwich_panel,0.1,xps,0.1,south,0.6,0.9,0.75,2.6,35.594,37.284,0.0,7.194
Delhi,28.6139,77.209,cold,3.0,3.0,2.6,90.0,timber,0.2,puf_sandwich_panel,0.1,mineral_wool,0.1,south,1.5,1.5,0.45,3.5,36.84,39.439,0.0,7.197
Delhi,28.6139,77.209,cold,3.0,3.0,2.6,45.0,stone,0.3,mud_brick,0.15,eps,0.2,south,0.9,0.6,0.35,3.5,35.996,36.508,0.0,7.057
Delhi,28.6139,77.209,cold,3.0,3.0,2.6,135.0,timber,0.2,puf_sandwich_panel,0.15,mineral_wool,0.1,east,1.5,1.5,0.75,5.8,37.838,41.153,0.0,7.196
Delhi,28.6139,77.209,cold,3.0,3.0,2.6,90.0,gi_sheet,0.002,stone,0.15,eps,0.15,west,1.2,0.6,0.65,2.0,36.855,39.222,0.0,7.191
Delhi,28.6139,77.209,cold,3.0,3.0,2.6,90.0,concrete,0.1,brick,0.115,xps,0.05,east,1.8,1.5,0.45,1.2,38.989,41.771,0.0,7.121
Delhi,28.6139,77.209,cold,3.0,3.0,2.6,90.0,gi_sheet,0.002,rcc_slab,0.25,sheep_wool,0.15,south,0.9,1.2,0.35,3.5,37.005,39.192,0.0,7.157
Delhi,28.6139,77.209,cold,3.0,3.0,2.6,90.0,aerated_concrete,0.3,brick,0.115,mineral_wool,0.15,west,0.6,1.5,0.45,5.8,35.877,37.08,0.0,7.129
Delhi,28.6139,77.209,cold,3.0,3.0,2.6,90.0,concrete,0.15,concrete,0.1,mineral_wool,0.1,east,0.6,1.2,0.85,1.2,37.25,38.705,0.0,7.092
Delhi,28.6139,77.209,cold,3.0,3.0,2.6,0.0,brick,0.23,rcc_slab,0.15,xps,0.05,north,1.8,0.6,0.55,2.6,37.94,39.543,0.0,7.078
Delhi,28.6139,77.209,cold,3.0,3.0,2.6,45.0,timber,0.1,brick,0.115,eps,0.15,west,0.6,0.9,0.45,2.6,35.692,37.431,0.0,7.194
Delhi,28.6139,77.209,cold,3.0,3.0,2.6,90.0,aerated_concrete,0.2,aerated_concrete,0.1,none,0.0,south,1.8,1.5,0.85,1.2,41.4,47.734,0.0,7.197
Delhi,28.6139,77.209,cold,3.0,3.0,2.6,90.0,puf_sandwich_panel,0.075,stone,0.15,sheep_wool,0.1,east,1.2,0.9,0.45,2.0,35.858,37.769,0.0,7.204
Delhi,28.6139,77.209,cold,3.0,3.0,2.6,90.0,rammed_earth,0.15,rcc_slab,0.2,eps,0.05,south,1.8,0.6,0.45,2.0,38.058,39.98,0.0,7.095
Delhi,28.6139,77.209,cold,3.0,3.0,2.6,45.0,aerated_concrete,0.3,rcc_slab,0.15,eps,0.15,south,0.9,0.6,0.85,5.8,35.874,37.018,0.0,7.12
Delhi,28.6139,77.209,cold,3.0,3.0,2.6,135.0,timber,0.1,mud_brick,0.25,xps,0.15,east,0.6,0.6,0.35,1.2,35.407,36.544,0.0,7.147
Delhi,28.6139,77.209,cold,3.0,3.0,2.6,0.0,concrete,0.3,brick,0.115,sheep_wool,0.15,north,0.9,0.6,0.65,5.8,36.509,37.313,0.0,7.063
Delhi,28.6139,77.209,cold,3.0,3.0,2.6,90.0,concrete,0.15,aerated_concrete,0.1,sheep_wool,0.1,west,0.9,0.9,0.85,1.6,37.442,39.074,0.0,7.102
Delhi,28.6139,77.209,cold,3.0,3.0,2.6,45.0,timber,0.1,stone,0.3,sheep_wool,0.15,west,0.9,1.5,0.35,5.8,36.402,37.787,0.0,7.116
Delhi,28.6139,77.209,cold,3.0,3.0,2.6,90.0,puf_sandwich_panel,0.075,timber,0.1,eps,0.2,south,1.2,0.9,0.55,2.6,35.437,38.573,0.0,7.382
Delhi,28.6139,77.209,cold,3.0,3.0,2.6,0.0,rammed_earth,0.15,aerated_concrete,0.1,mineral_wool,0.05,west,0.9,0.9,0.75,3.5,38.056,40.363,0.0,7.118
Delhi,28.6139,77.209,cold,3.0,3.0,2.6,180.0,brick,0.23,gi_sheet,0.002,xps,0.1,west,1.8,1.2,0.65,2.6,39.097,41.15,0.0,7.091
Delhi,28.6139,77.209,cold,3.0,3.0,2.6,90.0,aerated_concrete,0.2,gi_sheet,0.002,eps,0.2,south,0.6,0.9,0.65,5.8,35.473,37.117,0.0,7.196
Delhi,28.6139,77.209,cold,3.0,3.0,2.6,135.0,timber,0.1,brick,0.23,sheep_wool,0.1,south,0.9,1.2,0.85,1.6,37.283,39.537,0.0,7.154
Delhi,28.6139,77.209,cold,3.0,3.0,2.6,90.0,rammed_earth,0.45,gi_sheet,0.002,xps,0.15,south,1.5,1.2,0.45,5.8,36.695,37.587,0.0,7.061
Delhi,28.6139,77.209,cold,3.0,3.0,2.6,45.0,concrete,0.15,puf_sandwich_panel,0.15,eps,0.025,south,1.2,0.6,0.35,5.8,38.601,41.026,0.0,7.105
Delhi,28.6139,77.209,cold,3.0,3.0,2.6,0.0,aerated_concrete,0.2,timber,0.15,xps,0.1,west,0.6,0.6,0.65,1.6,35.669,37.268,0.0,7.179
Delhi,28.6139,77.209,cold,3.0,3.0,2.6,180.0,puf_sandwich_panel,0.15,rcc_slab,0.1,sheep_wool,0.05,south,1.8,1.5,0.65,5.8,38.543,43.022,0.0,7.265
Delhi,28.6139,77.209,cold,3.0,3.0,2.6,135.0,gi_sheet,0.002,brick,0.115,eps,0.025,east,1.5,0.9,0.55,2.6,40.512,47.273,0.0,7.254
Delhi,28.6139,77.209,cold,3.0,3.0,2.6,180.0,concrete,0.1,mud_brick,0.25,mineral_wool,0.15,north,0.9,1.2,0.75,1.2,37.349,38.865,0.0,7.099
Delhi,28.6139,77.209,cold,3.0,3.0,2.6,135.0,aerated_concrete,0.3,aerated_concrete,0.2,sheep_wool,0.05,south,0.6,0.9,0.45,2.0,36.382,38.021,0.0,7.144
Delhi,28.6139,77.209,cold,3.0,3.0,2.6,135.0,concrete,0.15,stone,0.15,eps,0.025,south,1.8,1.2,0.65,2.6,40.652,43.845,0.0,7.089
Delhi,28.6139,77.209,cold,3.0,3.0,2.6,45.0,aerated_concrete,0.1,concrete,0.1,eps,0.05,south,0.9,0.9,0.65,1.6,37.862,41.118,0.0,7.198
Delhi,28.6139,77.209,cold,3.0,3.0,2.6,0.0,rammed_earth,0.3,rcc_slab,0.25,eps,0.025,north,1.8,0.6,0.85,1.6,39.073,41.054,0.0,7.066
Delhi,28.6139,77.209,cold,3.0,3.0,2.6,180.0,gi_sheet,0.002,stone,0.15,xps,0.05,south,1.5,1.5,0.45,5.8,39.266,43.468,0.0,7.194
Delhi,28.6139,77.209,cold,3.0,3.0,2.6,45.0,puf_sandwich_panel,0.15,timber,0.1,eps,0.2,east,1.5,0.9,0.75,3.5,36.57,39.957,0.0,7.371
Delhi,28.6139,77.209,cold,3.0,3.0,2.6,90.0,aerated_concrete,0.1,stone,0.3,xps,0.05,east,1.2,0.9,0.65,5.8,37.74,39.809,0.0,7.117
Delhi,28.6139,77.209,cold,3.0,3.0,2.6,45.0,concrete,0.1,mud_brick,0.25,eps,0.05,north,0.6,0.9,0.85,3.5,38.613,40.836,0.0,7.1
Delhi,28.6139,77.209,cold,3.0,3.0,2.6,0.0,timber,0.2,mud_brick,0.15,xps,0.15,west,1.5,1.2,0.65,1.6,36.834,38.791,0.0,7.146
Delhi,28.6139,77.209,cold,3.0,3.0,2.6,0.0,timber,0.2,concrete,0.1,mineral_wool,0.1,south,1.2,1.5,0.65,3.5,37.194,39.367,0.0,7.152
Delhi,28.6139,77.209,cold,3.0,3.0,2.6,180.0,timber,0.2,aerated_concrete,0.1,eps,0.05,east,1.8,1.5,0.35,1.2,37.573,40.544,0.0,7.19
Delhi,28.6139,77.209,cold,3.0,3.0,2.6,135.0,timber,0.15,gi_sheet,0.002,mineral_wool,0.15,south,1.8,1.2,0.55,2.0,36.967,39.826,0.0,7.219
Delhi,28.6139,77.209,cold,3.0,3.0,2.6,180.0,brick,0.345,gi_sheet,0.002,mineral_wool,0.1,north,1.8,1.5,0.35,2.6,37.256,38.48,0.0,7.071
Delhi,28.6139,77.209,cold,3.0,3.0,2.6,45.0,mud_brick,0.3,stone,0.3,sheep_wool,0.05,west,0.6,0.6,0.35,5.8,37.331,38.475,0.0,7.06
Delhi,28.6139,77.209,cold,3.0,3.0,2.6,135.0,rammed_earth,0.15,mud_brick,0.15,eps,0.025,north,1.8,1.2,0.75,3.5,40.9,44.416,0.0,7.106
Delhi,28.6139,77.209,cold,3.0,3.0,2.6,135.0,rammed_earth,0.45,brick,0.115,xps,0.1,east,0.9,1.5,0.65,1.2,36.874,37.772,0.0,7.058
Delhi,28.6139,77.209,cold,3.0,3.0,2.6,45.0,brick,0.345,timber,0.15,eps,0.05,east,0.6,1.5,0.55,1.6,37.549,38.823,0.0,7.067
Delhi,28.6139,77.209,cold,3.0,3.0,2.6,180.0,puf_sandwich_panel,0.05,timber,0.1,none,0.0,west,1.2,0.6,0.35,3.5,38.097,43.704,0.0,7.409
Delhi,28.6139,77.209,cold,3.0,3.0,2.6,135.0,puf_sandwich_panel,0.075,brick,0.115,mineral_wool,0.05,north,1.2,0.9,0.35,5.8,36.92,40.069,0.0,7.269
Delhi,28.6139,77.209,cold,3.0,3.0,2.6,90.0,mud_brick,0.3,mud_brick,0.25,xps,0.05,north,0.9,1.2,0.35,1.6,37.406,38.596,0.0,7.066
Delhi,28.6139,77.209,cold,3.0,3.0,2.6,180.0,plywood,0.05,timber,0.15,eps,0.05,east,1.2,0.9,0.75,1.2,37.969,42.572,0.0,7.299
Delhi,28.6139,77.209,cold,3.0,3.0,2.6,0.0,puf_sandwich_panel,0.075,brick,0.115,eps,0.025,north,1.2,0.6,0.75,1.6,37.689,41.595,0.0,7.275
Delhi,28.6139,77.209,cold,3.0,3.0,2.6,90.0,concrete,0.3,puf_sandwich_panel,0.075,sheep_wool,0.1,north,1.5,1.2,0.45,3.5,37.71,39.03,0.0,7.068
Delhi,28.6139,77.209,cold,3.0,3.0,2.6,135.0,aerated_concrete,0.3,brick,0.115,eps,0.2,east,1.2,0.6,0.45,3.5,35.426,36.451,0.0,7.131
Delhi,28.6139,77.209,cold,3.0,3.0,2.6,90.0,mud_brick,0.3,concrete,0.15,eps,0.1,south,1.8,0.6,0.65,2.0,36.893,37.922,0.0,7.068
Delhi,28.6139,77.209,cold,3.0,3.0,2.6,180.0,mud_brick,0.45,gi_sheet,0.002,xps,0.15,north,0.9,0.9,0.45,1.6,35.814,36.23,0.0,7.058
Delhi,28.6139,77.209,cold,3.0,3.0,2.6,180.0,aerated_concrete,0.2,mud_brick,0.25,sheep_wool,0.1,east,1.2,0.9,0.55,5.8,36.824,38.552,0.0,7.127
Delhi,28.6139,77.209,cold,3.0,3.0,2.6,135.0,aerated_concrete,0.1,mud_brick,0.25,eps,0.025,west,1.5,0.6,0.35,1.2,38.595,41.588,0.0,7.151
Delhi,28.6139,77.209,cold,3.0,3.0,2.6,135.0,puf_sandwich_panel,0.15,gi_sheet,0.002,sheep_wool,0.05,south,1.2,1.2,0.75,2.6,37.305,42.908,0.0,7.452
Delhi,28.6139,77.209,cold,3.0,3.0,2.6,180.0,concrete,0.1,concrete,0.1,eps,0.15,south,0.6,1.5,0.35,5.8,37.052,38.659,0.0,7.116
Delhi,28.6139,77.209,cold,3.0,3.0,2.6,45.0,brick,0.23,puf_sandwich_panel,0.15,eps,0.2,east,0.9,0.6,0.65,2.0,35.861,36.619,0.0,7.088
Delhi,28.6139,77.209,cold,3.0,3.0,2.6,45.0,brick,0.115,stone,0.15,sheep_wool,0.15,south,1.5,1.5,0.55,1.6,37.719,39.648,0.0,7.109
Delhi,28.6139,77.209,cold,3.0,3.0,2.6,135.0,aerated_concrete,0.1,timber,0.15,eps,0.05,south,0.9,1.5,0.35,3.5,37.428,40.868,0.0,7.244
Delhi,28.6139,77.209,cold,3.0,3.0,2.6,135.0,stone,0.3,timber,0.15,sheep_wool,0.15,south,0.9,0.9,0.75,2.0,36.797,37.679,0.0,7.06
Delhi,28.6139,77.209,cold,3.0,3.0,2.6,180.0,aerated_concrete,0.2,brick,0.115,eps,0.2,east,1.2,0.6,0.55,2.0,35.573,36.909,0.0,7.156
Delhi,28.6139,77.209,cold,3.0,3.0,2.6,180.0,rammed_earth,0.15,gi_sheet,0.002,xps,0.15,west,1.5,1.2,0.65,1.6,38.385,40.516,0.0,7.124
Delhi,28.6139,77.209,cold,3.0,3.0,2.6,180.0,timber,0.2,rcc_slab,0.2,eps,0.025,east,0.6,0.6,0.75,2.6,37.983,40.314,0.0,7.126
Delhi,28.6139,77.209,cold,3.0,3.0,2.6,45.0,puf_sandwich_panel,0.05,aerated_concrete,0.1,none,0.0,north,0.6,0.9,0.65,3.5,38.66,44.956,0.0,7.414
Delhi,28.6139,77.209,cold,3.0,3.0,2.6,180.0,gi_sheet,0.002,timber,0.1,sheep_wool,0.1,south,1.8,0.9,0.35,3.5,37.959,42.642,0.0,7.351
Delhi,28.6139,77.209,cold,3.0,3.0,2.6,180.0,brick,0.345,stone,0.15,xps,0.15,north,1.2,0.9,0.65,2.0,36.388,37.107,0.0,7.062
Delhi,28.6139,77.209,cold,3.0,3.0,2.6,0.0,rammed_earth,0.3,brick,0.115,mineral_wool,0.15,west,0.6,1.5,0.85,1.6,36.596,37.533,0.0,7.072
Delhi,28.6139,77.209,cold,3.0,3.0,2.6,45.0,mud_brick,0.3,puf_sandwich_panel,0.15,eps,0.025,east,0.9,0.6,0.55,1.6,37.432,38.763,0.0,7.075
Delhi,28.6139,77.209,cold,3.0,3.0,2.6,180.0,plywood,0.03,gi_sheet,0.002,eps,0.15,west,1.8,1.2,0.85,1.6,40.05,46.755,0.0,7.393
Delhi,28.6139,77.209,cold,3.0,3.0,2.6,0.0,gi_sheet,0.002,timber,0.15,xps,0.05,north,1.8,1.5,0.65,1.2,39.464,45.762,0.0,7.328
Delhi,28.6139,77.209,cold,3.0,3.0,2.6,180.0,mud_brick,0.15,timber,0.15,xps,0.1,east,1.2,0.6,0.55,5.8,36.799,38.288,0.0,7.112
Delhi,28.6139,77.209,cold,3.0,3.0,2.6,135.0,puf_sandwich_panel,0.075,aerated_concrete,0.2,xps,0.05,east,1.5,0.6,0.75,1.2,36.271,39.745,0.0,7.341
Delhi,28.6139,77.209,cold,3.0,3.0,2.6,0.0,plywood,0.019,aerated_concrete,0.2,xps,0.05,north,1.5,0.6,0.55,1.6,37.706,42.168,0.0,7.321
Delhi,28.6139,77.209,cold,3.0,3.0,2.6,0.0,mud_brick,0.45,timber,0.1,mineral_wool,0.05,south,1.2,0.6,0.65,2.6,36.933,37.868,0.0,7.058
Delhi,28.6139,77.209,cold,3.0,3.0,2.6,180.0,concrete,0.2,brick,0.115,eps,0.2,south,1.8,1.2,0.35,5.8,37.244,38.558,0.0,7.081
Delhi,28.6139,77.209,cold,3.0,3.0,2.6,0.0,puf_sandwich_panel,0.15,mud_brick,0.15,eps,0.2,south,0.9,1.2,0.55,5.8,35.46,37.354,0.0,7.234
Delhi,28.6139,77.209,cold,3.0,3.0,2.6,135.0,gi_sheet,0.002,aerated_concrete,0.2,mineral_wool,0.15,north,0.9,0.6,0.85,5.8,37.373,40.782,0.0,7.284
Delhi,28.6139,77.209,cold,3.0,3.0,2.6,90.0,rammed_earth,0.45,rcc_slab,0.2,none,0.0,north,0.6,0.6,0.65,1.6,41.473,44.408,0.0,7.055
Delhi,28.6139,77.209,cold,3.0,3.0,2.6,90.0,gi_sheet,0.002,brick,0.115,eps,0.025,east,1.8,1.5,0.35,1.2,40.296,46.854,0.0,7.255
Delhi,28.6139,77.209,cold,3.0,3.0,2.6,180.0,plywood,0.03,brick,0.115,xps,0.05,west,0.6,1.5,0.65,3.5,38.683,42.876,0.0,7.251
Delhi,28.6139,77.209,cold,3.0,3.0,2.6,45.0,concrete,0.3,gi_sheet,0.002,sheep_wool,0.1,south,0.6,0.9,0.85,1.6,37.008,38.074,0.0,7.066
Delhi,28.6139,77.209,cold,3.0,3.0,2.6,45.0,gi_sheet,0.002,timber,0.1,eps,0.15,north,1.5,1.2,0.45,1.6,37.826,42.252,0.0,7.346
Delhi,28.6139,77.209,cold,3.0,3.0,2.6,90.0,timber,0.15,concrete,0.1,eps,0.1,north,0.6,0.9,0.75,1.2,36.588,38.471,0.0,7.17
Delhi,28.6139,77.209,cold,3.0,3.0,2.6,90.0,concrete,0.1,aerated_concrete,0.1,eps,0.05,north,1.8,0.9,0.55,3.5,39.351,42.406,0.0,7.134
Delhi,28.6139,77.209,cold,3.0,3.0,2.6,0.0,plywood,0.03,timber,0.1,xps,0.1,west,1.5,1.5,0.85,5.8,38.912,45.868,0.0,7.346
Delhi,28.6139,77.209,cold,3.0,3.0,2.6,0.0,gi_sheet,0.002,aerated_concrete,0.2,eps,0.05,north,1.2,0.9,0.65,5.8,38.542,43.87,0.0,7.309
Delhi,28.6139,77.209,cold,3.0,3.0,2.6,45.0,plywood,0.03,timber,0.1,sheep_wool,0.1,east,1.5,1.2,0.75,1.2,38.697,43.862,0.0,7.349
Delhi,28.6139,77.209,cold,3.0,3.0,2.6,180.0,mud_brick,0.3,timber,0.15,sheep_wool,0.15,east,1.8,0.6,0.55,5.8,36.598,37.553,0.0,7.073
Delhi,28.6139,77.209,cold,3.0,3.0,2.6,180.0,puf_sandwich_panel,0.05,timber,0.1,xps,0.05,west,1.2,0.6,0.35,2.0,36.233,39.711,0.0,7.401
Delhi,28.6139,77.209,cold,3.0,3.0,2.6,0.0,stone,0.3,puf_sandwich_panel,0.075,eps,0.2,west,1.2,0.6,0.45,1.2,35.984,36.533,0.0,7.061
Delhi,28.6139,77.209,cold,3.0,3.0,2.6,180.0,puf_sandwich_panel,0.075,mud_brick,0.25,sheep_wool,0.1,north,1.2,1.5,0.55,1.2,36.448,38.523,0.0,7.185
Delhi,28.6139,77.209,cold,3.0,3.0,2.6,135.0,mud_brick,0.45,brick,0.115,sheep_wool,0.1,north,0.6,0.6,0.85,2.0,36.536,37.232,0.0,7.056
Delhi,28.6139,77.209,cold,3.0,3.0,2.6,90.0,aerated_concrete,0.1,mud_brick,0.25,none,0.0,east,0.9,0.9,0.65,2.0,40.709,45.543,0.0,7.151
Delhi,28.6139,77.209,cold,3.0,3.0,2.6,45.0,plywood,0.05,rcc_slab,0.15,mineral_wool,0.15,east,1.8,1.5,0.55,5.8,38.578,41.902,0.0,7.189
Delhi,28.6139,77.209,cold,3.0,3.0,2.6,180.0,mud_brick,0.15,aerated_concrete,0.2,sheep_wool,0.1,west,0.6,0.6,0.65,3.5,36.876,38.308,0.0,7.11
Delhi,28.6139,77.209,cold,3.0,3.0,2.6,45.0,plywood,0.05,brick,0.23,mineral_wool,0.1,north,1.2,0.6,0.45,1.6,36.709,38.73,0.0,7.17
Delhi,28.6139,77.209,cold,3.0,3.0,2.6,90.0,rammed_earth,0.45,puf_sandwich_panel,0.15,eps,0.2,south,0.9,1.2,0.45,1.6,35.701,36.133,0.0,7.061
Delhi,28.6139,77.209,cold,3.0,3.0,2.6,135.0,concrete,0.1,concrete,0.1,eps,0.15,north,1.8,1.2,0.65,2.6,38.879,41.285,0.0,7.118
Delhi,28.6139,77.209,cold,3.0,3.0,2.6,135.0,puf_sandwich_panel,0.05,concrete,0.2,sheep_wool,0.1,south,0.6,1.2,0.65,5.8,36.242,38.29,0.0,7.189
Delhi,28.6139,77.209,cold,3.0,3.0,2.6,90.0,timber,0.2,rcc_slab,0.2,xps,0.15,east,1.5,0.9,0.45,2.0,35.869,37.039,0.0,7.126
Delhi,28.6139,77.209,cold,3.0,3.0,2.6,180.0,puf_sandwich_panel,0.075,brick,0.115,xps,0.05,north,0.9,1.2,0.45,5.8,36.696,39.833,0.0,7.273
Delhi,28.6139,77.209,cold,3.0,3.0,2.6,0.0,timber,0.1,concrete,0.2,mineral_wool,0.05,east,0.9,0.6,0.35,1.6,37.342,39.555,0.0,7.149
Delhi,28.6139,77.209,cold,3.0,3.0,2.6,45.0,aerated_concrete,0.2,gi_sheet,0.002,xps,0.15,east,1.8,1.2,0.35,1.6,36.589,38.774,0.0,7.203
Delhi,28.6139,77.209,cold,3.0,3.0,2.6,180.0,plywood,0.012,stone,0.3,eps,0.1,east,0.9,1.2,0.65,1.6,37.654,39.847,0.0,7.133
Delhi,28.6139,77.209,cold,3.0,3.0,2.6,45.0,rammed_earth,0.45,concrete,0.1,xps,0.05,east,1.2,1.2,0.35,1.2,37.466,38.615,0.0,7.058
Delhi,28.6139,77.209,cold,3.0,3.0,2.6,90.0,puf_sandwich_panel,0.1,timber,0.1,xps,0.1,south,0.9,1.5,0.75,1.6,36.393,40.721,0.0,7.386
Delhi,28.6139,77.209,cold,3.0,3.0,2.6,45.0,timber,0.2,concrete,0.15,xps,0.15,north,0.6,0.9,0.65,2.6,35.805,36.985,0.0,7.136
Delhi,28.6139,77.209,cold,3.0,3.0,2.6,90.0,gi_sheet,0.002,rcc_slab,0.25,eps,0.025,east,1.8,1.5,0.35,2.0,40.142,44.693,0.0,7.159
Delhi,28.6139,77.209,cold,3.0,3.0,2.6,0.0,gi_sheet,0.002,concrete,0.2,eps,0.1,west,0.6,0.6,0.85,5.8,37.308,40.02,0.0,7.178
Delhi,28.6139,77.209,cold,3.0,3.0,2.6,45.0,mud_brick,0.15,rcc_slab,0.15,none,0.0,south,1.8,0.6,0.75,3.5,43.519,49.443,0.0,7.098
Delhi,28.6139,77.209,cold,3.0,3.0,2.6,135.0,brick,0.345,brick,0.23,mineral_wool,0.05,west,1.2,0.9,0.35,3.5,37.803,39.127,0.0,7.061
Delhi,28.6139,77.209,cold,3.0,3.0,2.6,135.0,timber,0.1,aerated_concrete,0.1,eps,0.025,north,1.5,1.5,0.55,1.6,39.65,44.785,0.0,7.257
Delhi,28.6139,77.209,cold,3.0,3.0,2.6,180.0,timber,0.1,timber,0.15,none,0.0,north,1.5,0.9,0.85,1.2,39.925,45.61,0.0,7.24
Delhi,28.6139,77.209,cold,3.0,3.0,2.6,45.0,rammed_earth,0.15,gi_sheet,0.002,mineral_wool,0.15,north,1.5,0.9,0.65,3.5,37.544,39.375,0.0,7.121
Delhi,28.6139,77.209,cold,3.0,3.0,2.6,90.0,brick,0.115,rcc_slab,0.2,eps,0.15,south,0.6,0.6,0.65,1.6,36.269,37.394,0.0,7.102
Delhi,28.6139,77.209,cold,3.0,3.0,2.6,135.0,plywood,0.05,rcc_slab,0.1,xps,0.15,east,1.5,1.5,0.65,1.6,37.646,41.123,0.0,7.229
Delhi,28.6139,77.209,cold,3.0,3.0,2.6,45.0,mud_brick,0.3,mud_brick,0.15,eps,0.2,north,1.2,0.9,0.75,2.0,36.782,37.681,0.0,7.069
Delhi,28.6139,77.209,cold,3.0,3.0,2.6,90.0,plywood,0.019,stone,0.15,eps,0.05,north,1.8,0.9,0.55,1.2,39.277,43.167,0.0,7.198
Delhi,28.6139,77.209,cold,3.0,3.0,2.6,135.0,mud_brick,0.45,gi_sheet,0.002,xps,0.15,east,1.2,1.2,0.75,3.5,36.755,37.617,0.0,7.059
Delhi,28.6139,77.209,cold,3.0,3.0,2.6,180.0,concrete,0.15,brick,0.23,xps,0.15,east,1.2,0.9,0.85,1.6,37.453,38.876,0.0,7.085
Delhi,28.6139,77.209,cold,3.0,3.0,2.6,180.0,stone,0.45,puf_sandwich_panel,0.05,sheep_wool,0.05,south,1.8,0.6,0.85,1.6,37.69,38.858,0.0,7.048
Delhi,28.6139,77.209,cold,3.0,3.0,2.6,90.0,mud_brick,0.15,timber,0.15,mineral_wool,0.05,east,1.2,1.5,0.55,1.6,38.096,40.267,0.0,7.114
Delhi,28.6139,77.209,cold,3.0,3.0,2.6,180.0,aerated_concrete,0.2,brick,0.115,mineral_wool,0.05,north,0.9,0.9,0.55,1.6,37.278,39.566,0.0,7.157
Delhi,28.6139,77.209,cold,3.0,3.0,2.6,180.0,plywood,0.05,aerated_concrete,0.1,xps,0.1,east,1.8,1.5,0.55,1.2,38.097,43.307,0.0,7.322
Delhi,28.6139,77.209,cold,3.0,3.0,2.6,0.0,stone,0.15,stone,0.3,mineral_wool,0.1,north,1.8,1.2,0.45,1.6,37.628,39.034,0.0,7.071
Delhi,28.6139,77.209,cold,3.0,3.0,2.6,180.0,aerated_concrete,0.2,stone,0.3,eps,0.15,north,0.9,0.6,0.65,1.6,35.665,36.509,0.0,7.103
Delhi,28.6139,77.209,cold,3.0,3.0,2.6,180.0,gi_sheet,0.002,concrete,0.1,eps,0.025,south,0.9,1.2,0.75,2.6,40.552,47.076,0.0,7.249
Delhi,28.6139,77.209,cold,3.0,3.0,2.6,0.0,mud_brick,0.3,brick,0.23,sheep_wool,0.15,west,0.6,1.5,0.65,3.5,36.482,37.307,0.0,7.066
Delhi,28.6139,77.209,cold,3.0,3.0,2.6,180.0,mud_brick,0.3,stone,0.3,eps,0.05,north,1.2,1.2,0.75,5.8,38.078,39.584,0.0,7.061
Delhi,28.6139,77.209,cold,3.0,3.0,2.6,0.0,plywood,0.05,stone,0.15,sheep_wool,0.15,west,1.5,0.6,0.55,2.6,36.375,38.474,0.0,7.182
Delhi,28.6139,77.209,cold,3.0,3.0,2.6,0.0,rammed_earth,0.45,rcc_slab,0.2,eps,0.025,east,0.9,1.5,0.35,5.8,38.655,40.318,0.0,7.056
Delhi,28.6139,77.209,cold,3.0,3.0,2.6,0.0,aerated_concrete,0.3,timber,0.1,xps,0.1,south,1.5,0.6,0.35,5.8,35.876,37.321,0.0,7.151
Delhi,28.6139,77.209,cold,3.0,3.0,2.6,90.0,mud_brick,0.15,rcc_slab,0.1,sheep_wool,0.05,north,1.5,1.5,0.55,2.0,39.903,42.707,0.0,7.107
Delhi,28.6139,77.209,cold,3.0,3.0,2.6,90.0,aerated_concrete,0.1,timber,0.1,sheep_wool,0.15,south,1.2,0.9,0.75,1.6,36.619,39.62,0.0,7.253
Delhi,28.6139,77.209,cold,3.0,3.0,2.6,45.0,aerated_concrete,0.3,brick,0.115,mineral_wool,0.1,south,0.6,1.5,0.35,1.6,36.021,37.341,0.0,7.13
Delhi,28.6139,77.209,cold,3.0,3.0,2.6,0.0,gi_sheet,0.002,mud_brick,0.25,mineral_wool,0.1,south,1.2,0.6,0.65,2.6,37.342,39.948,0.0,7.171
Delhi,28.6139,77.209,cold,3.0,3.0,2.6,135.0,plywood,0.019,puf_sandwich_panel,0.15,xps,0.15,north,1.2,1.2,0.75,1.6,37.668,42.251,0.0,7.423
Delhi,28.6139,77.209,cold,3.0,3.0,2.6,135.0,concrete,0.15,aerated_concrete,0.2,none,0.0,north,1.8,0.6,0.55,2.6,42.613,48.112,0.0,7.099
Delhi,28.6139,77.209,cold,3.0,3.0,2.6,135.0,stone,0.45,brick,0.115,eps,0.025,north,1.2,0.9,0.45,2.0,39.003,40.74,0.0,7.047
Delhi,28.6139,77.209,cold,3.0,3.0,2.6,90.0,plywood,0.012,concrete,0.15,none,0.0,north,1.2,1.2,0.85,1.2,44.456,56.451,0.0,7.217
Delhi,28.6139,77.209,cold,3.0,3.0,2.6,135.0,mud_brick,0.15,brick,0.115,mineral_wool,0.15,west,0.9,0.9,0.65,5.8,37.048,38.443,0.0,7.102
Delhi,28.6139,77.209,cold,3.0,3.0,2.6,180.0,plywood,0.05,rcc_slab,0.15,sheep_wool,0.05,south,0.6,1.5,0.85,2.0,38.45,41.959,0.0,7.197
Delhi,28.6139,77.209,cold,3.0,3.0,2.6,90.0,timber,0.15,gi_sheet,0.002,mineral_wool,0.1,north,1.5,1.2,0.65,1.6,38.322,41.567,0.0,7.222
Delhi,28.6139,77.209,cold,3.0,3.0,2.6,0.0,gi_sheet,0.002,gi_sheet,0.002,sheep_wool,0.1,north,0.6,0.6,0.55,3.5,37.23,42.053,0.0,7.399
Delhi,28.6139,77.209,cold,3.0,3.0,2.6,135.0,rammed_earth,0.45,brick,0.115,none,0.0,north,1.8,0.6,0.45,2.0,41.656,44.704,0.0,7.058
Delhi,28.6139,77.209,cold,3.0,3.0,2.6,0.0,timber,0.15,gi_sheet,0.002,sheep_wool,0.15,east,1.2,1.5,0.45,1.2,37.162,39.783,0.0,7.227
Delhi,28.6139,77.209,cold,3.0,3.0,2.6,180.0,aerated_concrete,0.3,stone,0.3,eps,0.1,east,0.6,1.2,0.35,2.0,35.91,36.779,0.0,7.093
Delhi,28.6139,77.209,cold,3.0,3.0,2.6,135.0,gi_sheet,0.002,stone,0.3,eps,0.2,west,1.2,0.9,0.65,2.0,37.644,39.574,0.0,7.129
Delhi,28.6139,77.209,cold,3.0,3.0,2.6,180.0,rammed_earth,0.45,rcc_slab,0.1,eps,0.1,north,1.8,1.5,0.75,1.2,37.876,39.254,0.0,7.06
Delhi,28.6139,77.209,cold,3.0,3.0,2.6,45.0,rammed_earth,0.3,gi_sheet,0.002,sheep_wool,0.1,east,0.6,1.2,0.55,3.5,36.877,37.969,0.0,7.078
Delhi,28.6139,77.209,cold,3.0,3.0,2.6,180.0,plywood,0.012,concrete,0.15,xps,0.1,east,0.6,0.6,0.55,2.0,36.91,39.527,0.0,7.215
Delhi,28.6139,77.209,cold,3.0,3.0,2.6,45.0,concrete,0.15,concrete,0.15,xps,0.05,south,0.6,1.2,0.45,3.5,38.116,39.977,0.0,7.089
Delhi,28.6139,77.209,cold,3.0,3.0,2.6,45.0,gi_sheet,0.002,rcc_slab,0.1,eps,0.2,south,0.9,1.5,0.85,2.0,37.6,41.373,0.0,7.243
Delhi,28.6139,77.209,cold,3.0,3.0,2.6,180.0,puf_sandwich_panel,0.1,concrete,0.2,none,0.0,east,0.6,0.6,0.45,5.8,40.981,46.796,0.0,7.189
Delhi,28.6139,77.209,cold,3.0,3.0,2.6,90.0,stone,0.15,stone,0.15,xps,0.15,north,1.2,0.9,0.65,3.5,37.456,38.785,0.0,7.081
Delhi,28.6139,77.209,cold,3.0,3.0,2.6,0.0,puf_sandwich_panel,0.1,aerated_concrete,0.2,xps,0.1,north,0.9,0.6,0.55,1.6,35.036,37.231,0.0,7.333
Delhi,28.6139,77.209,cold,3.0,3.0,2.6,135.0,stone,0.3,stone,0.15,sheep_wool,0.1,north,0.6,0.6,0.65,5.8,37.049,37.991,0.0,7.056
Delhi,28.6139,77.209,cold,3.0,3.0,2.6,135.0,concrete,0.15,mud_brick,0.25,none,0.0,east,1.2,1.5,0.75,2.0,43.298,48.788,0.0,7.085
Delhi,28.6139,77.209,cold,3.0,3.0,2.6,135.0,gi_sheet,0.002,gi_sheet,0.002,eps,0.2,south,1.2,0.9,0.75,2.0,37.365,41.968,0.0,7.387
Delhi,28.6139,77.209,cold,3.0,3.0,2.6,180.0,mud_brick,0.3,mud_brick,0.15,none,0.0,south,1.5,0.6,0.55,3.5,41.077,44.107,0.0,7.069
Delhi,28.6139,77.209,cold,3.0,3.0,2.6,135.0,rammed_earth,0.15,mud_brick,0.15,eps,0.05,north,1.2,0.9,0.85,1.2,38.942,41.294,0.0,7.104
Delhi,28.6139,77.209,cold,3.0,3.0,2.6,45.0,concrete,0.1,concrete,0.2,eps,0.1,west,1.2,0.6,0.55,1.2,37.218,38.803,0.0,7.101
Delhi,28.6139,77.209,cold,3.0,3.0,2.6,45.0,brick,0.115,timber,0.1,xps,0.05,east,0.6,0.6,0.55,1.2,37.765,40.036,0.0,7.133
Delhi,28.6139,77.209,cold,3.0,3.0,2.6,45.0,plywood,0.012,stone,0.3,eps,0.025,east,0.6,0.6,0.75,2.6,39.639,43.206,0.0,7.134
Delhi,28.6139,77.209,cold,3.0,3.0,2.6,0.0,brick,0.23,brick,0.115,mineral_wool,0.15,west,1.8,0.6,0.85,1.6,36.986,38.195,0.0,7.081
Delhi,28.6139,77.209,cold,3.0,3.0,2.6,180.0,mud_brick,0.3,timber,0.15,sheep_wool,0.1,south,0.9,0.6,0.85,1.2,36.548,37.446,0.0,7.073
Delhi,28.6139,77.209,cold,3.0,3.0,2.6,45.0,brick,0.345,concrete,0.1,none,0.0,north,0.6,0.9,0.45,5.8,42.879,46.798,0.0,7.064
Delhi,28.6139,77.209,cold,3.0,3.0,2.6,45.0,aerated_concrete,0.2,aerated_concrete,0.2,eps,0.025,west,1.5,0.6,0.75,2.6,37.781,40.701,0.0,7.178
Delhi,28.6139,77.209,cold,3.0,3.0,2.6,90.0,plywood,0.03,timber,0.1,sheep_wool,0.1,west,1.5,0.9,0.35,5.8,37.056,41.068,0.0,7.348
Delhi,28.6139,77.209,cold,3.0,3.0,2.6,135.0,plywood,0.012,stone,0.15,xps,0.05,north,0.9,0.6,0.45,2.6,38.204,41.587,0.0,7.201
Delhi,28.6139,77.209,cold,3.0,3.0,2.6,90.0,stone,0.45,mud_brick,0.25,mineral_wool,0.15,west,1.2,0.9,0.55,1.2,36.365,36.89,0.0,7.045
Delhi,28.6139,77.209,cold,3.0,3.0,2.6,90.0,brick,0.23,aerated_concrete,0.2,eps,0.1,west,0.9,0.9,0.35,1.2,36.419,37.401,0.0,7.085
Delhi,28.6139,77.209,cold,3.0,3.0,2.6,180.0,gi_sheet,0.002,puf_sandwich_panel,0.1,eps,0.025,east,0.6,0.9,0.55,3.5,39.044,45.761,0.0,7.421
Delhi,28.6139,77.209,cold,3.0,3.0,2.6,180.0,plywood,0.019,mud_brick,0.15,eps,0.1,east,0.6,0.6,0.55,2.0,36.816,39.546,0.0,7.231
Delhi,28.6139,77.209,cold,3.0,3.0,2.6,180.0,concrete,0.2,mud_brick,0.25,mineral_wool,0.1,west,1.2,1.5,0.55,1.6,38.49,40.151,0.0,7.074
Delhi,28.6139,77.209,cold,3.0,3.0,2.6,0.0,puf_sandwich_panel,0.05,rcc_slab,0.25,sheep_wool,0.15,east,0.9,0.6,0.65,2.6,35.833,37.272,0.0,7.165
Delhi,28.6139,77.209,cold,3.0,3.0,2.6,180.0,concrete,0.15,gi_sheet,0.002,sheep_wool,0.05,east,1.8,1.5,0.65,3.5,40.116,43.437,0.0,7.109
Delhi,28.6139,77.209,cold,3.0,3.0,2.6,0.0,brick,0.345,rcc_slab,0.1,mineral_wool,0.15,west,1.5,0.9,0.45,3.5,36.533,37.369,0.0,7.065
Delhi,28.6139,77.209,cold,3.0,3.0,2.6,90.0,puf_sandwich_panel,0.15,puf_sandwich_panel,0.05,sheep_wool,0.1,west,1.8,0.6,0.55,2.6,35.356,38.46,0.0119,7.467
Delhi,28.6139,77.209,cold,3.0,3.0,2.6,90.0,plywood,0.019,stone,0.3,xps,0.15,east,0.9,1.5,0.45,1.6,36.446,37.96,0.0,7.131
Delhi,28.6139,77.209,cold,3.0,3.0,2.6,180.0,stone,0.45,stone,0.3,eps,0.2,south,1.8,0.9,0.35,2.6,36.39,36.904,0.0,7.044
Delhi,28.6139,77.209,cold,3.0,3.0,2.6,90.0,plywood,0.03,rcc_slab,0.2,mineral_wool,0.05,south,0.6,1.2,0.75,5.8,38.22,41.491,0.0,7.177
Delhi,28.6139,77.209,cold,3.0,3.0,2.6,90.0,timber,0.1,stone,0.15,eps,0.025,west,0.6,1.5,0.85,5.8,39.068,42.611,0.0,7.161
Delhi,28.6139,77.209,cold,3.0,3.0,2.6,135.0,stone,0.3,stone,0.3,eps,0.05,north,1.5,0.6,0.45,1.2,37.972,39.292,0.0,7.052
Delhi,28.6139,77.209,cold,3.0,3.0,2.6,0.0,brick,0.115,timber,0.15,mineral_wool,0.1,east,1.8,0.9,0.55,2.0,38.253,40.553,0.0,7.131
Delhi,28.6139,77.209,cold,3.0,3.0,2.6,45.0,stone,0.15,gi_sheet,0.002,xps,0.1,east,0.9,0.9,0.35,2.0,36.981,38.355,0.0,7.095
Delhi,28.6139,77.209,cold,3.0,3.0,2.6,45.0,rammed_earth,0.45,rcc_slab,0.2,mineral_wool,0.1,south,0.6,0.6,0.45,1.6,36.146,36.678,0.0,7.054
Delhi,28.6139,77.209,cold,3.0,3.0,2.6,90.0,timber,0.2,brick,0.115,eps,0.15,west,0.9,0.6,0.65,5.8,35.72,37.06,0.0,7.152
Delhi,28.6139,77.209,cold,3.0,3.0,2.6,135.0,gi_sheet,0.002,gi_sheet,0.002,eps,0.2,west,1.8,1.2,0.85,1.6,39.911,45.841,0.0,7.39
Delhi,28.6139,77.209,cold,3.0,3.0,2.6,180.0,gi_sheet,0.002,aerated_concrete,0.2,sheep_wool,0.15,east,1.5,1.5,0.45,1.2,38.074,42.708,0.0,7.305
Delhi,28.6139,77.209,cold,3.0,3.0,2.6,90.0,brick,0.23,puf_sandwich_panel,0.075,sheep_wool,0.1,east,1.5,1.2,0.85,3.5,37.761,39.466,0.0,7.091
Delhi,28.6139,77.209,cold,3.0,3.0,2.6,45.0,puf_sandwich_panel,0.15,mud_brick,0.15,xps,0.05,east,1.5,1.2,0.75,1.2,38.104,41.534,0.0,7.239
Delhi,28.6139,77.209,cold,3.0,3.0,2.6,90.0,plywood,0.012,mud_brick,0.25,sheep_wool,0.15,north,1.8,1.2,0.35,5.8,37.954,40.781,0.0,7.181
Delhi,28.6139,77.209,cold,3.0,3.0,2.6,0.0,brick,0.115,puf_sandwich_panel,0.05,eps,0.2,west,0.9,1.5,0.35,1.2,36.197,37.761,0.0,7.141
Delhi,28.6139,77.209,cold,3.0,3.0,2.6,90.0,gi_sheet,0.002,rcc_slab,0.15,sheep_wool,0.15,south,1.2,1.2,0.65,3.5,37.771,41.141,0.0,7.206
Delhi,28.6139,77.209,cold,3.0,3.0,2.6,90.0,rammed_earth,0.45,stone,0.15,eps,0.05,east,1.8,1.2,0.55,2.6,37.884,39.256,0.0,7.057
Delhi,28.6139,77.209,cold,3.0,3.0,2.6,0.0,plywood,0.019,stone,0.3,eps,0.1,south,0.9,1.5,0.55,2.0,37.237,39.219,0.0,7.132
Delhi,28.6139,77.209,cold,3.0,3.0,2.6,180.0,aerated_concrete,0.3,mud_brick,0.25,eps,0.2,west,1.5,0.6,0.75,1.6,36.441,37.587,0.0,7.11
Delhi,28.6139,77.209,cold,3.0,3.0,2.6,135.0,plywood,0.012,concrete,0.15,mineral_wool,0.15,south,0.6,0.9,0.35,2.6,36.443,38.659,0.0,7.205
Delhi,28.6139,77.209,cold,3.0,3.0,2.6,180.0,gi_sheet,0.002,aerated_concrete,0.2,sheep_wool,0.15,west,1.8,1.2,0.45,1.2,38.736,43.142,0.0,7.305
Delhi,28.6139,77.209,cold,3.0,3.0,2.6,180.0,brick,0.23,stone,0.15,sheep_wool,0.1,north,1.8,0.9,0.75,1.2,37.747,39.243,0.0,7.078
Delhi,28.6139,77.209,cold,3.0,3.0,2.6,135.0,aerated_concrete,0.1,stone,0.15,none,0.0,south,0.9,1.5,0.35,2.6,42.924,50.662,0.0,7.164
Delhi,28.6139,77.209,cold,3.0,3.0,2.6,180.0,gi_sheet,0.002,gi_sheet,0.002,none,0.0,west,1.8,1.2,0.85,1.2,44.944,60.251,0.0119,7.402
Delhi,28.6139,77.209,cold,3.0,3.0,2.6,90.0,brick,0.115,aerated_concrete,0.1,eps,0.2,west,0.9,0.9,0.35,3.5,36.033,37.351,0.0,7.133
Delhi,28.6139,77.209,cold,3.0,3.0,2.6,135.0,rammed_earth,0.45,timber,0.15,xps,0.05,north,1.2,1.5,0.65,5.8,38.243,39.745,0.0,7.06
Delhi,28.6139,77.209,cold,3.0,3.0,2.6,135.0,brick,0.345,puf_sandwich_panel,0.075,eps,0.2,south,0.9,1.2,0.65,2.0,36.177,36.876,0.0,7.069
Delhi,28.6139,77.209,cold,3.0,3.0,2.6,135.0,plywood,0.05,aerated_concrete,0.1,xps,0.1,south,0.9,0.9,0.55,1.6,36.493,39.819,0.0,7.318
Delhi,28.6139,77.209,cold,3.0,3.0,2.6,135.0,brick,0.345,timber,0.1,mineral_wool,0.05,north,1.2,1.5,0.75,2.6,38.909,40.761,0.0,7.069
Delhi,28.6139,77.209,cold,3.0,3.0,2.6,180.0,plywood,0.019,mud_brick,0.15,mineral_wool,0.15,south,1.5,1.5,0.65,5.8,38.203,41.756,0.0,7.221
Delhi,28.6139,77.209,cold,3.0,3.0,2.6,45.0,timber,0.2,timber,0.15,sheep_wool,0.15,east,0.6,1.5,0.35,3.5,35.792,37.347,0.0,7.175
Delhi,28.6139,77.209,cold,3.0,3.0,2.6,135.0,brick,0.23,gi_sheet,0.002,eps,0.2,north,1.2,0.6,0.35,3.5,36.064,36.9,0.0,7.088
Delhi,28.6139,77.209,cold,3.0,3.0,2.6,180.0,aerated_concrete,0.1,rcc_slab,0.15,sheep_wool,0.15,west,1.5,1.2,0.85,5.8,39.227,42.417,0.0,7.172
Delhi,28.6139,77.209,cold,3.0,3.0,2.6,90.0,aerated_concrete,0.1,brick,0.23,none,0.0,south,0.6,0.6,0.55,1.2,41.138,46.482,0.0,7.156
Delhi,28.6139,77.209,cold,3.0,3.0,2.6,0.0,concrete,0.3,rcc_slab,0.25,mineral_wool,0.05,north,1.2,0.6,0.75,5.8,37.964,39.381,0.0,7.058
Delhi,28.6139,77.209,cold,3.0,3.0,2.6,180.0,timber,0.15,gi_sheet,0.002,eps,0.1,south,1.2,0.6,0.45,3.5,36.136,38.339,0.0,7.224
Delhi,28.6139,77.209,cold,3.0,3.0,2.6,180.0,stone,0.15,concrete,0.2,eps,0.15,west,1.2,1.2,0.85,1.2,38.756,40.545,0.0,7.079
Delhi,28.6139,77.209,cold,3.0,3.0,2.6,45.0,mud_brick,0.3,rcc_slab,0.1,eps,0.1,south,1.8,0.9,0.35,1.2,36.736,37.724,0.0,7.071
Delhi,28.6139,77.209,cold,3.0,3.0,2.6,0.0,brick,0.23,stone,0.3,mineral_wool,0.15,east,0.9,0.9,0.45,3.5,36.529,37.34,0.0,7.067
Delhi,28.6139,77.209,cold,3.0,3.0,2.6,180.0,rammed_earth,0.45,timber,0.1,mineral_wool,0.05,south,1.8,0.9,0.65,3.5,37.732,39.051,0.0,7.061
Delhi,28.6139,77.209,cold,3.0,3.0,2.6,90.0,plywood,0.03,stone,0.15,none,0.0,east,1.2,0.9,0.85,5.8,43.523,53.699,0.0,7.193
Delhi,28.6139,77.209,cold,3.0,3.0,2.6,0.0,gi_sheet,0.002,aerated_concrete,0.2,eps,0.05,south,1.2,0.6,0.55,5.8,38.175,43.2,0.0,7.308
Delhi,28.6139,77.209,cold,3.0,3.0,2.6,0.0,gi_sheet,0.002,mud_brick,0.15,xps,0.05,south,0.9,0.6,0.35,1.2,38.039,41.912,0.0,7.226
Delhi,28.6139,77.209,cold,3.0,3.0,2.6,135.0,rammed_earth,0.45,timber,0.15,sheep_wool,0.1,west,1.8,0.9,0.75,1.6,37.885,39.165,0.0,7.06
Delhi,28.6139,77.209,cold,3.0,3.0,2.6,0.0,brick,0.23,rcc_slab,0.1,xps,0.05,west,0.9,1.5,0.45,2.6,38.059,39.775,0.0,7.082
Delhi,28.6139,77.209,cold,3.0,3.0,2.6,45.0,rammed_earth,0.45,gi_sheet,0.002,mineral_wool,0.05,west,1.8,1.5,0.85,3.5,39.145,41.161,0.0,7.063
Delhi,28.6139,77.209,cold,3.0,3.0,2.6,180.0,plywood,0.012,stone,0.15,eps,0.15,north,1.5,0.9,0.75,2.6,37.473,40.278,0.0,7.199
Delhi,28.6139,77.209,cold,3.0,3.0,2.6,45.0,timber,0.1,timber,0.15,eps,0.2,south,1.5,0.6,0.55,2.0,35.656,37.72,0.0,7.231
Delhi,28.6139,77.209,cold,3.0,3.0,2.6,180.0,concrete,0.15,gi_sheet,0.002,eps,0.05,north,1.2,0.9,0.35,1.6,38.395,40.597,0.0,7.105
Delhi,28.6139,77.209,cold,3.0,3.0,2.6,0.0,aerated_concrete,0.1,concrete,0.1,eps,0.1,west,1.2,0.9,0.35,2.6,36.554,38.909,0.0,7.197
Delhi,28.6139,77.209,cold,3.0,3.0,2.6,180.0,plywood,0.05,puf_sandwich_panel,0.15,xps,0.1,north,1.8,1.5,0.35,2.6,36.895,40.91,0.0,7.37
Delhi,28.6139,77.209,cold,3.0,3.0,2.6,90.0,gi_sheet,0.002,stone,0.15,xps,0.05,east,0.6,0.9,0.65,3.5,38.208,41.665,0.0,7.193
Delhi,28.6139,77.209,cold,3.0,3.0,2.6,90.0,plywood,0.019,concrete,0.2,sheep_wool,0.1,south,0.6,0.9,0.85,1.6,37.164,39.729,0.0,7.182
Delhi,28.6139,77.209,cold,3.0,3.0,2.6,135.0,stone,0.15,aerated_concrete,0.1,eps,0.1,south,1.5,0.6,0.85,2.0,37.667,39.302,0.0,7.093
Delhi,28.6139,77.209,cold,3.0,3.0,2.6,0.0,timber,0.1,mud_brick,0.15,eps,0.025,north,1.5,1.2,0.45,2.0,38.889,42.617,0.0,7.184
Delhi,28.6139,77.209,cold,3.0,3.0,2.6,90.0,rammed_earth,0.15,aerated_concrete,0.1,eps,0.15,north,0.6,1.2,0.35,2.0,36.25,37.489,0.0,7.118
Delhi,28.6139,77.209,cold,3.0,3.0,2.6,90.0,aerated_concrete,0.1,stone,0.3,xps,0.05,north,0.9,0.9,0.55,1.6,37.74,39.693,0.0,7.117
Delhi,28.6139,77.209,cold,3.0,3.0,2.6,0.0,puf_sandwich_panel,0.15,mud_brick,0.15,eps,0.025,west,1.5,1.5,0.35,1.2,37.501,41.066,0.0,7.241
Delhi,28.6139,77.209,cold,3.0,3.0,2.6,90.0,gi_sheet,0.002,mud_brick,0.15,eps,0.05,north,1.5,1.2,0.75,1.2,40.337,45.422,0.0,7.228
Delhi,28.6139,77.209,cold,3.0,3.0,2.6,180.0,aerated_concrete,0.1,concrete,0.1,xps,0.15,west,1.5,1.5,0.35,2.6,37.369,39.844,0.0,7.197
Delhi,28.6139,77.209,cold,3.0,3.0,2.6,45.0,aerated_concrete,0.3,brick,0.23,xps,0.1,north,1.8,1.5,0.85,2.0,40.044,42.718,0.0,7.116
Delhi,28.6139,77.209,cold,3.0,3.0,2.6,45.0,puf_sandwich_panel,0.15,puf_sandwich_panel,0.075,eps,0.2,north,1.5,0.6,0.65,1.6,35.41,38.161,0.0119,7.447
Delhi,28.6139,77.209,cold,3.0,3.0,2.6,180.0,timber,0.15,timber,0.1,mineral_wool,0.1,east,1.8,1.2,0.75,1.6,38.003,41.546,0.0,7.208
Delhi,28.6139,77.209,cold,3.0,3.0,2.6,45.0,rammed_earth,0.15,stone,0.3,eps,0.15,east,1.5,0.9,0.55,1.6,37.027,38.205,0.0,7.082
Delhi,28.6139,77.209,cold,3.0,3.0,2.6,180.0,mud_brick,0.3,gi_sheet,0.002,xps,0.1,north,1.2,0.6,0.55,3.5,36.429,37.312,0.0,7.075
Delhi,28.6139,77.209,cold,3.0,3.0,2.6,45.0,concrete,0.15,mud_brick,0.15,sheep_wool,0.15,east,1.2,1.5,0.55,2.6,37.9,39.582,0.0,7.093
Delhi,28.6139,77.209,cold,3.0,3.0,2.6,90.0,mud_brick,0.3,timber,0.1,sheep_wool,0.15,north,1.8,0.9,0.45,1.2,37.033,38.096,0.0,7.075
Delhi,28.6139,77.209,cold,3.0,3.0,2.6,0.0,mud_brick,0.45,concrete,0.15,eps,0.2,south,0.6,1.2,0.45,2.6,35.654,36.049,0.0,7.054
Delhi,28.6139,77.209,cold,3.0,3.0,2.6,90.0,stone,0.15,rcc_slab,0.1,sheep_wool,0.15,west,1.8,1.2,0.75,1.6,38.089,39.863,0.0,7.088
Delhi,28.6139,77.209,cold,3.0,3.0,2.6,0.0,stone,0.45,mud_brick,0.25,eps,0.15,west,1.5,0.9,0.85,2.6,36.99,37.818,0.0,7.046
Delhi,28.6139,77.209,cold,3.0,3.0,2.6,0.0,concrete,0.2,concrete,0.1,mineral_wool,0.1,west,1.5,0.6,0.45,2.0,37.07,38.309,0.0,7.079
Delhi,28.6139,77.209,cold,3.0,3.0,2.6,45.0,stone,0.3,rcc_slab,0.15,xps,0.05,south,0.6,1.5,0.75,2.0,37.99,39.407,0.0,7.057
Delhi,28.6139,77.209,cold,3.0,3.0,2.6,180.0,stone,0.15,concrete,0.2,xps,0.05,west,1.5,0.9,0.85,2.0,39.749,42.037,0.0,7.08
Delhi,28.6139,77.209,cold,3.0,3.0,2.6,0.0,timber,0.2,rcc_slab,0.25,xps,0.1,south,1.5,0.9,0.85,2.6,36.934,38.514,0.0,7.116
Delhi,28.6139,77.209,cold,3.0,3.0,2.6,90.0,aerated_concrete,0.2,aerated_concrete,0.2,xps,0.05,west,0.6,1.5,0.65,5.8,36.994,39.307,0.0,7.177
Delhi,28.6139,77.209,cold,3.0,3.0,2.6,0.0,aerated_concrete,0.2,concrete,0.2,mineral_wool,0.1,east,0.6,0.9,0.55,2.0,36.349,37.715,0.0,7.126
Delhi,28.6139,77.209,cold,3.0,3.0,2.6,90.0,rammed_earth,0.3,puf_sandwich_panel,0.05,xps,0.15,west,0.9,1.5,0.35,2.0,35.946,36.658,0.0,7.079
Delhi,28.6139,77.209,cold,3.0,3.0,2.6,180.0,mud_brick,0.45,puf_sandwich_panel,0.1,mineral_wool,0.05,north,1.8,0.9,0.65,3.5,37.146,38.209,0.0,7.059
Delhi,28.6139,77.209,cold,3.0,3.0,2.6,180.0,brick,0.115,brick,0.23,none,0.0,east,1.2,1.2,0.45,5.8,42.929,48.865,0.0,7.105
Delhi,28.6139,77.209,cold,3.0,3.0,2.6,90.0,mud_brick,0.15,puf_sandwich_panel,0.1,none,0.0,east,0.6,0.6,0.75,3.5,40.412,44.401,0.0,7.119
Delhi,28.6139,77.209,cold,3.0,3.0,2.6,0.0,rammed_earth,0.45,stone,0.3,xps,0.15,south,0.9,0.6,0.35,5.8,35.764,36.101,0.0,7.052
Delhi,28.6139,77.209,cold,3.0,3.0,2.6,135.0,timber,0.1,brick,0.115,sheep_wool,0.15,east,1.5,1.2,0.65,2.0,37.274,40.09,0.0,7.197
Delhi,28.6139,77.209,cold,3.0,3.0,2.6,90.0,brick,0.345,concrete,0.1,sheep_wool,0.05,west,0.9,1.5,0.65,1.6,38.213,39.789,0.0,7.065
Delhi,28.6139,77.209,cold,3.0,3.0,2.6,180.0,mud_brick,0.15,brick,0.115,sheep_wool,0.1,south,1.5,1.5,0.55,1.2,38.063,40.002,0.0,7.107
Delhi,28.6139,77.209,cold,3.0,3.0,2.6,0.0,rammed_earth,0.45,mud_brick,0.25,xps,0.05,east,1.2,0.6,0.55,1.2,37.212,38.203,0.0,7.055
Delhi,28.6139,77.209,cold,3.0,3.0,2.6,45.0,aerated_concrete,0.1,timber,0.1,eps,0.1,west,1.8,1.5,0.85,3.5,39.019,44.286,0.0,7.26
Delhi,28.6139,77.209,cold,3.0,3.0,2.6,180.0,aerated_concrete,0.1,gi_sheet,0.002,eps,0.1,south,1.2,0.9,0.65,3.5,36.963,40.21,0.0,7.279
Delhi,28.6139,77.209,cold,3.0,3.0,2.6,0.0,aerated_concrete,0.3,aerated_concrete,0.1,mineral_wool,0.1,north,1.5,1.2,0.55,2.6,36.825,38.711,0.0,7.152
Delhi,28.6139,77.209,cold,3.0,3.0,2.6,180.0,aerated_concrete,0.3,gi_sheet,0.002,eps,0.025,south,0.9,0.9,0.45,5.8,38.017,40.838,0.0,7.159
Delhi,28.6139,77.209,cold,3.0,3.0,2.6,45.0,concrete,0.1,puf_sandwich_panel,0.1,sheep_wool,0.05,west,1.2,1.5,0.65,5.8,38.865,42.086,0.0,7.141
Delhi,28.6139,77.209,cold,3.0,3.0,2.6,180.0,puf_sandwich_panel,0.05,stone,0.15,none,0.0,south,1.8,0.6,0.35,3.5,42.008,49.644,0.0,7.207
Delhi,28.6139,77.209,cold,3.0,3.0,2.6,135.0,brick,0.23,gi_sheet,0.002,mineral_wool,0.15,north,1.8,0.9,0.55,5.8,37.589,39.076,0.0,7.089
Delhi,28.6139,77.209,cold,3.0,3.0,2.6,180.0,plywood,0.019,brick,0.23,sheep_wool,0.05,south,1.8,1.2,0.65,2.6,39.491,43.595,0.0,7.188
Delhi,28.6139,77.209,cold,3.0,3.0,2.6,135.0,stone,0.3,stone,0.3,eps,0.025,west,0.6,0.9,0.35,2.0,38.981,40.768,0.0,7.052
Delhi,28.6139,77.209,cold,3.0,3.0,2.6,135.0,rammed_earth,0.3,brick,0.115,xps,0.1,west,1.2,0.9,0.45,5.8,37.101,38.216,0.0,7.073
Delhi,28.6139,77.209,cold,3.0,3.0,2.6,0.0,puf_sandwich_panel,0.075,concrete,0.2,sheep_wool,0.05,east,1.8,0.6,0.65,5.8,37.819,40.611,0.0,7.189
Delhi,28.6139,77.209,cold,3.0,3.0,2.6,0.0,gi_sheet,0.002,stone,0.15,mineral_wool,0.15,east,0.9,0.9,0.75,1.6,37.604,40.298,0.0,7.184
Delhi,28.6139,77.209,cold,3.0,3.0,2.6,90.0,rammed_earth,0.15,puf_sandwich_panel,0.05,sheep_wool,0.15,west,1.8,0.6,0.65,5.8,36.737,38.307,0.0,7.124
Delhi,28.6139,77.209,cold,3.0,3.0,2.6,90.0,puf_sandwich_panel,0.15,concrete,0.15,mineral_wool,0.15,south,1.2,1.5,0.85,1.2,37.05,39.91,0.0,7.207
Delhi,28.6139,77.209,cold,3.0,3.0,2.6,90.0,timber,0.1,puf_sandwich_panel,0.05,xps,0.1,west,0.9,0.6,0.45,5.8,35.77,38.124,0.0,7.275
Delhi,28.6139,77.209,cold,3.0,3.0,2.6,45.0,gi_sheet,0.002,puf_sandwich_panel,0.15,mineral_wool,0.1,north,0.9,0.9,0.45,1.2,37.063,41.299,0.0,7.388
Delhi,28.6139,77.209,cold,3.0,3.0,2.6,45.0,aerated_concrete,0.1,timber,0.1,sheep_wool,0.15,east,1.5,0.9,0.75,2.0,37.409,40.554,0.0,7.254
Delhi,28.6139,77.209,cold,3.0,3.0,2.6,90.0,concrete,0.15,puf_sandwich_panel,0.1,mineral_wool,0.15,east,0.9,0.9,0.85,2.6,36.621,37.911,0.0,7.103
Delhi,28.6139,77.209,cold,3.0,3.0,2.6,135.0,gi_sheet,0.002,mud_brick,0.25,sheep_wool,0.1,north,1.8,0.6,0.45,2.6,38.021,40.862,0.0,7.175
Delhi,28.6139,77.209,cold,3.0,3.0,2.6,0.0,gi_sheet,0.002,timber,0.15,sheep_wool,0.05,south,1.5,1.2,0.35,1.2,38.495,44.073,0.0,7.328
Delhi,28.6139,77.209,cold,3.0,3.0,2.6,180.0,puf_sandwich_panel,0.15,stone,0.3,eps,0.15,east,0.6,1.5,0.85,2.6,35.834,37.109,0.0,7.133
Delhi,28.6139,77.209,cold,3.0,3.0,2.6,180.0,aerated_concrete,0.2,aerated_concrete,0.1,xps,0.15,west,0.9,1.2,0.35,1.2,35.933,37.584,0.0,7.188
Delhi,28.6139,77.209,cold,3.0,3.0,2.6,180.0,plywood,0.03,mud_brick,0.15,xps,0.15,west,1.5,0.6,0.85,1.2,37.462,40.178,0.0,7.221
Delhi,28.6139,77.209,cold,3.0,3.0,2.6,180.0,concrete,0.15,concrete,0.2,mineral_wool,0.05,east,1.5,0.9,0.65,1.2,38.958,41.108,0.0,7.085
Delhi,28.6139,77.209,cold,3.0,3.0,2.6,90.0,timber,0.15,brick,0.115,mineral_wool,0.1,north,1.2,0.6,0.45,1.6,36.438,38.252,0.0,7.168
Delhi,28.6139,77.209,cold,3.0,3.0,2.6,135.0,stone,0.15,brick,0.115,mineral_wool,0.15,west,1.2,0.9,0.55,5.8,37.587,39.024,0.0,7.086
Delhi,28.6139,77.209,cold,3.0,3.0,2.6,180.0,puf_sandwich_panel,0.05,rcc_slab,0.15,sheep_wool,0.1,east,0.9,0.6,0.85,1.2,36.076,38.336,0.0,7.221
Delhi,28.6139,77.209,cold,3.0,3.0,2.6,45.0,puf_sandwich_panel,0.075,mud_brick,0.15,eps,0.025,north,1.5,0.6,0.45,1.6,37.492,40.798,0.0,7.245
Delhi,28.6139,77.209,cold,3.0,3.0,2.6,90.0,puf_sandwich_panel,0.075,mud_brick,0.25,eps,0.2,east,1.8,1.2,0.45,1.2,35.858,37.56,0.0,7.182
Delhi,28.6139,77.209,cold,3.0,3.0,2.6,135.0,rammed_earth,0.45,puf_sandwich_panel,0.075,xps,0.1,west,0.9,1.5,0.55,1.6,36.843,37.696,0.0,7.061
Delhi,28.6139,77.209,cold,3.0,3.0,2.6,90.0,plywood,0.03,gi_sheet,0.002,sheep_wool,0.05,east,0.9,1.2,0.75,2.0,38.532,44.745,0.0,7.403
Delhi,28.6139,77.209,cold,3.0,3.0,2.6,180.0,rammed_earth,0.3,brick,0.115,none,0.0,south,0.6,0.6,0.35,2.0,41.935,45.622,0.0,7.072
Delhi,28.6139,77.209,cold,3.0,3.0,2.6,45.0,stone,0.15,stone,0.3,xps,0.1,south,1.2,1.5,0.65,1.2,37.759,39.238,0.0,7.071
Delhi,28.6139,77.209,cold,3.0,3.0,2.6,135.0,puf_sandwich_panel,0.05,gi_sheet,0.002,sheep_wool,0.05,west,0.6,1.2,0.45,3.5,36.963,41.628,0.006,7.473
Delhi,28.6139,77.209,cold,3.0,3.0,2.6,135.0,aerated_concrete,0.3,concrete,0.15,eps,0.15,north,1.2,1.2,0.35,2.0,36.16,37.371,0.0,7.121
Delhi,28.6139,77.209,cold,3.0,3.0,2.6,90.0,mud_brick,0.3,concrete,0.15,eps,0.05,south,0.9,1.2,0.75,1.6,37.95,39.455,0.0,7.068
Delhi,28.6139,77.209,cold,3.0,3.0,2.6,90.0,plywood,0.019,rcc_slab,0.25,eps,0.1,south,1.5,0.6,0.75,1.2,37.28,39.662,0.0,7.16
Delhi,28.6139,77.209,cold,3.0,3.0,2.6,0.0,plywood,0.012,rcc_slab,0.1,eps,0.2,east,1.5,0.9,0.65,1.6,37.693,40.996,0.0,7.256
Delhi,28.6139,77.209,cold,3.0,3.0,2.6,0.0,plywood,0.05,puf_sandwich_panel,0.15,xps,0.15,south,0.9,1.5,0.85,2.6,36.624,40.475,0.0,7.359
Delhi,28.6139,77.209,cold,3.0,3.0,2.6,135.0,mud_brick,0.3,brick,0.23,mineral_wool,0.15,east,1.2,0.9,0.85,2.6,36.775,37.713,0.0,7.066
Delhi,28.6139,77.209,cold,3.0,3.0,2.6,135.0,aerated_concrete,0.1,puf_sandwich_panel,0.15,xps,0.1,east,1.2,0.9,0.35,3.5,36.037,38.71,0.0,7.283
Delhi,28.6139,77.209,cold,3.0,3.0,2.6,45.0,brick,0.23,rcc_slab,0.15,sheep_wool,0.1,north,1.8,1.2,0.75,2.0,39.23,41.268,0.0,7.08
Delhi,28.6139,77.209,cold,3.0,3.0,2.6,45.0,concrete,0.2,stone,0.3,eps,0.05,east,0.9,0.9,0.75,5.8,38.481,40.187,0.0,7.067
Delhi,28.6139,77.209,cold,3.0,3.0,2.6,90.0,brick,0.23,rcc_slab,0.25,eps,0.2,north,0.6,0.6,0.35,1.6,35.722,36.249,0.0,7.071
Delhi,28.6139,77.209,cold,3.0,3.0,2.6,180.0,gi_sheet,0.002,stone,0.3,mineral_wool,0.1,south,1.5,0.9,0.35,1.2,37.663,39.725,0.0,7.128
Delhi,28.6139,77.209,cold,3.0,3.0,2.6,180.0,timber,0.2,gi_sheet,0.002,xps,0.15,north,1.2,0.6,0.35,2.6,35.328,36.784,0.0,7.19
Delhi,28.6139,77.209,cold,3.0,3.0,2.6,90.0,puf_sandwich_panel,0.075,gi_sheet,0.002,mineral_wool,0.05,west,0.9,0.9,0.35,1.6,36.206,40.171,0.006,7.451
Delhi,28.6139,77.209,cold,3.0,3.0,2.6,135.0,brick,0.23,brick,0.115,none,0.0,east,1.8,1.5,0.65,1.2,43.721,48.89,0.0,7.085
Delhi,28.6139,77.209,cold,3.0,3.0,2.6,90.0,puf_sandwich_panel,0.15,puf_sandwich_panel,0.15,xps,0.15,east,0.9,1.2,0.75,5.8,35.507,38.782,0.006,7.443
Delhi,28.6139,77.209,cold,3.0,3.0,2.6,0.0,puf_sandwich_panel,0.15,brick,0.115,sheep_wool,0.05,south,0.6,1.2,0.55,2.6,36.312,39.1,0.0,7.269
Delhi,28.6139,77.209,cold,3.0,3.0,2.6,135.0,rammed_earth,0.45,rcc_slab,0.15,eps,0.2,east,1.8,0.6,0.35,2.0,35.849,36.264,0.0,7.056
Delhi,28.6139,77.209,cold,3.0,3.0,2.6,135.0,puf_sandwich_panel,0.1,concrete,0.15,mineral_wool,0.1,east,1.8,0.6,0.75,2.0,36.277,38.613,0.0,7.213
Delhi,28.6139,77.209,cold,3.0,3.0,2.6,90.0,aerated_concrete,0.2,gi_sheet,0.002,sheep_wool,0.05,west,1.8,1.5,0.65,2.0,38.962,42.908,0.0,7.209
Delhi,28.6139,77.209,cold,3.0,3.0,2.6,0.0,gi_sheet,0.002,mud_brick,0.25,eps,0.2,east,1.8,0.9,0.85,2.6,39.028,42.221,0.0,7.173
Delhi,28.6139,77.209,cold,3.0,3.0,2.6,0.0,brick,0.345,puf_sandwich_panel,0.075,eps,0.025,south,0.9,0.6,0.65,2.6,37.594,38.96,0.0,7.068
Delhi,28.6139,77.209,cold,3.0,3.0,2.6,0.0,gi_sheet,0.002,puf_sandwich_panel,0.05,sheep_wool,0.1,west,1.2,1.5,0.35,1.6,37.528,43.133,0.0,7.42
Delhi,28.6139,77.209,cold,3.0,3.0,2.6,180.0,brick,0.115,stone,0.3,sheep_wool,0.05,north,0.9,0.9,0.45,1.6,38.42,40.351,0.0,7.088
Delhi,28.6139,77.209,cold,3.0,3.0,2.6,0.0,brick,0.345,puf_sandwich_panel,0.05,eps,0.15,east,1.5,1.5,0.75,3.5,38.847,40.598,0.0,7.071
Delhi,28.6139,77.209,cold,3.0,3.0,2.6,90.0,plywood,0.03,gi_sheet,0.002,sheep_wool,0.1,north,0.9,1.5,0.65,1.6,38.247,43.235,0.0,7.398
Delhi,28.6139,77.209,cold,3.0,3.0,2.6,45.0,timber,0.1,stone,0.3,mineral_wool,0.1,east,1.5,0.6,0.85,5.8,37.337,39.047,0.0,7.114
Delhi,28.6139,77.209,cold,3.0,3.0,2.6,180.0,mud_brick,0.3,mud_brick,0.15,xps,0.05,north,1.8,1.5,0.35,3.5,37.943,39.499,0.0,7.072
Delhi,28.6139,77.209,cold,3.0,3.0,2.6,90.0,brick,0.345,concrete,0.15,xps,0.05,south,0.9,1.5,0.55,1.2,37.799,39.181,0.0,7.063
Delhi,28.6139,77.209,cold,3.0,3.0,2.6,135.0,aerated_concrete,0.1,gi_sheet,0.002,mineral_wool,0.15,east,1.8,0.9,0.85,2.6,37.5,41.32,0.0,7.264
Delhi,28.6139,77.209,cold,3.0,3.0,2.6,45.0,mud_brick,0.3,concrete,0.2,eps,0.025,south,0.6,1.2,0.55,3.5,38.676,40.477,0.0,7.066
Delhi,28.6139,77.209,cold,3.0,3.0,2.6,180.0,aerated_concrete,0.2,brick,0.115,mineral_wool,0.05,west,1.5,0.9,0.55,2.0,38.339,41.054,0.0,7.158
Delhi,28.6139,77.209,cold,3.0,3.0,2.6,45.0,mud_brick,0.45,aerated_concrete,0.1,eps,0.15,east,1.5,0.6,0.65,5.8,36.48,37.178,0.0,7.058
Delhi,28.6139,77.209,cold,3.0,3.0,2.6,45.0,aerated_concrete,0.3,aerated_concrete,0.2,eps,0.1,west,0.9,1.2,0.85,2.6,36.635,38.431,0.0,7.144
Delhi,28.6139,77.209,cold,3.0,3.0,2.6,90.0,rammed_earth,0.45,aerated_concrete,0.2,mineral_wool,0.1,south,1.5,0.6,0.85,2.6,36.675,37.505,0.0,7.059
Delhi,28.6139,77.209,cold,3.0,3.0,2.6,45.0,puf_sandwich_panel,0.075,brick,0.115,xps,0.1,south,1.8,0.6,0.65,3.5,36.238,39.082,0.0,7.27
Delhi,28.6139,77.209,cold,3.0,3.0,2.6,180.0,aerated_concrete,0.2,timber,0.1,eps,0.05,east,1.5,1.5,0.45,1.2,37.752,40.894,0.0,7.194
Delhi,28.6139,77.209,cold,3.0,3.0,2.6,135.0,stone,0.15,puf_sandwich_panel,0.15,sheep_wool,0.1,west,0.6,0.6,0.65,2.6,36.984,38.286,0.0,7.095
Delhi,28.6139,77.209,cold,3.0,3.0,2.6,0.0,timber,0.15,gi_sheet,0.002,eps,0.1,south,1.8,0.6,0.55,2.0,36.374,38.813,0.0,7.226
Delhi,28.6139,77.209,cold,3.0,3.0,2.6,0.0,stone,0.15,rcc_slab,0.25,none,0.0,east,0.9,0.6,0.75,1.6,43.425,48.905,0.0,7.076
Delhi,28.6139,77.209,cold,3.0,3.0,2.6,90.0,gi_sheet,0.002,gi_sheet,0.002,sheep_wool,0.15,north,0.9,0.9,0.45,2.0,37.144,41.334,0.0,7.395
Delhi,28.6139,77.209,cold,3.0,3.0,2.6,45.0,rammed_earth,0.45,gi_sheet,0.002,eps,0.025,west,1.8,0.9,0.75,2.0,39.088,41.04,0.0,7.061
Delhi,28.6139,77.209,cold,3.0,3.0,2.6,135.0,aerated_concrete,0.2,concrete,0.1,xps,0.1,north,0.6,1.5,0.45,1.6,36.388,38.075,0.0,7.156
Delhi,28.6139,77.209,cold,3.0,3.0,2.6,135.0,puf_sandwich_panel,0.1,gi_sheet,0.002,xps,0.05,east,0.9,0.6,0.35,2.6,35.852,39.607,0.0119,7.458
Delhi,28.6139,77.209,cold,3.0,3.0,2.6,180.0,stone,0.15,brick,0.23,mineral_wool,0.1,east,1.5,0.9,0.55,2.0,37.792,39.318,0.0,7.08
Delhi,28.6139,77.209,cold,3.0,3.0,2.6,0.0,mud_brick,0.45,brick,0.23,eps,0.1,east,0.6,1.5,0.85,2.6,37.218,38.161,0.0,7.054
Delhi,28.6139,77.209,cold,3.0,3.0,2.6,90.0,mud_brick,0.15,stone,0.3,none,0.0,north,0.6,1.5,0.85,3.5,43.127,47.888,0.0,7.08
Delhi,28.6139,77.209,cold,3.0,3.0,2.6,180.0,puf_sandwich_panel,0.05,concrete,0.1,xps,0.1,north,0.6,1.2,0.75,1.6,35.876,38.292,0.0,7.267
Delhi,28.6139,77.209,cold,3.0,3.0,2.6,135.0,mud_brick,0.15,timber,0.15,eps,0.1,east,1.2,0.6,0.85,5.8,37.135,38.794,0.0,7.112
Delhi,28.6139,77.209,cold,3.0,3.0,2.6,45.0,aerated_concrete,0.2,rcc_slab,0.2,sheep_wool,0.05,south,0.6,0.9,0.45,2.6,37.227,39.168,0.0,7.128
Delhi,28.6139,77.209,cold,3.0,3.0,2.6,0.0,rammed_earth,0.3,mud_brick,0.25,xps,0.1,east,1.5,1.5,0.75,5.8,39.196,41.111,0.0,7.069
Delhi,28.6139,77.209,cold,3.0,3.0,2.6,90.0,plywood,0.019,mud_brick,0.25,eps,0.05,west,0.6,0.6,0.85,2.6,37.84,40.781,0.0,7.18
Delhi,28.6139,77.209,cold,3.0,3.0,2.6,0.0,puf_sandwich_panel,0.05,stone,0.15,sheep_wool,0.1,south,0.6,0.9,0.35,1.2,35.563,37.297,0.0,7.205
Delhi,28.6139,77.209,cold,3.0,3.0,2.6,0.0,aerated_concrete,0.3,rcc_slab,0.25,sheep_wool,0.15,east,0.9,0.6,0.55,2.6,35.907,36.832,0.0,7.104
Delhi,28.6139,77.209,cold,3.0,3.0,2.6,180.0,stone,0.15,puf_sandwich_panel,0.05,xps,0.1,south,1.5,0.6,0.35,1.6,36.91,38.201,0.0,7.096
Delhi,28.6139,77.209,cold,3.0,3.0,2.6,180.0,brick,0.23,gi_sheet,0.002,eps,0.025,south,1.2,1.5,0.85,3.5,40.273,43.187,0.0,7.091
Delhi,28.6139,77.209,cold,3.0,3.0,2.6,180.0,mud_brick,0.3,brick,0.23,none,0.0,south,1.8,0.6,0.45,5.8,40.957,43.862,0.0,7.067
Delhi,28.6139,77.209,cold,3.0,3.0,2.6,135.0,aerated_concrete,0.2,timber,0.15,eps,0.2,south,1.5,1.2,0.45,3.5,36.264,38.255,0.0,7.181
Delhi,28.6139,77.209,cold,3.0,3.0,2.6,180.0,aerated_concrete,0.2,stone,0.15,xps,0.05,north,0.6,0.9,0.35,2.6,36.787,38.546,0.0,7.135
Delhi,28.6139,77.209,cold,3.0,3.0,2.6,90.0,timber,0.15,gi_sheet,0.002,eps,0.1,east,0.6,1.2,0.55,3.5,36.149,38.412,0.0,7.224
Delhi,28.6139,77.209,cold,3.0,3.0,2.6,45.0,plywood,0.012,aerated_concrete,0.1,sheep_wool,0.15,west,0.6,1.5,0.55,2.6,36.727,40.939,0.0,7.38
Delhi,28.6139,77.209,cold,3.0,3.0,2.6,135.0,timber,0.15,aerated_concrete,0.1,eps,0.025,east,0.6,0.6,0.65,1.6,37.627,40.833,0.0,7.211
Delhi,28.6139,77.209,cold,3.0,3.0,2.6,180.0,concrete,0.3,gi_sheet,0.002,xps,0.1,north,1.5,1.2,0.65,3.5,37.637,38.997,0.0,7.068
Delhi,28.6139,77.209,cold,3.0,3.0,2.6,90.0,stone,0.45,brick,0.23,eps,0.05,south,0.6,0.6,0.45,5.8,37.293,38.261,0.0,7.045
Delhi,28.6139,77.209,cold,3.0,3.0,2.6,45.0,aerated_concrete,0.1,rcc_slab,0.25,sheep_wool,0.1,east,1.2,0.6,0.75,2.6,37.109,38.994,0.0,7.138
Delhi,28.6139,77.209,cold,3.0,3.0,2.6,180.0,aerated_concrete,0.2,timber,0.15,xps,0.15,north,0.9,1.5,0.55,1.6,35.998,37.747,0.0,7.18
Delhi,28.6139,77.209,cold,3.0,3.0,2.6,0.0,aerated_concrete,0.3,stone,0.15,sheep_wool,0.1,east,1.5,0.6,0.75,2.0,37.141,38.707,0.0,7.116
Delhi,28.6139,77.209,cold,3.0,3.0,2.6,45.0,gi_sheet,0.002,gi_sheet,0.002,xps,0.1,north,0.9,0.6,0.55,3.5,37.264,41.846,0.0,7.394
Delhi,28.6139,77.209,cold,3.0,3.0,2.6,0.0,brick,0.115,puf_sandwich_panel,0.075,sheep_wool,0.1,west,0.6,1.2,0.85,1.2,37.119,39.177,0.0,7.141
Delhi,28.6139,77.209,cold,3.0,3.0,2.6,45.0,brick,0.23,puf_sandwich_panel,0.05,xps,0.15,west,1.8,0.6,0.75,2.0,36.53,37.633,0.0,7.089
Delhi,28.6139,77.209,cold,3.0,3.0,2.6,135.0,plywood,0.03,aerated_concrete,0.2,eps,0.15,north,0.9,0.9,0.75,5.8,36.968,40.211,0.0,7.3
Delhi,28.6139,77.209,cold,3.0,3.0,2.6,135.0,brick,0.345,timber,0.15,xps,0.05,east,0.9,0.6,0.65,5.8,37.241,38.402,0.0,7.066
Delhi,28.6139,77.209,cold,3.0,3.0,2.6,180.0,mud_brick,0.3,brick,0.115,mineral_wool,0.1,south,1.2,1.2,0.75,2.6,37.373,38.616,0.0,7.071
Delhi,28.6139,77.209,cold,3.0,3.0,2.6,0.0,rammed_earth,0.45,rcc_slab,0.2,xps,0.05,east,1.2,1.2,0.75,3.5,38.483,40.004,0.0,7.056
Delhi,28.6139,77.209,cold,3.0,3.0,2.6,90.0,rammed_earth,0.3,concrete,0.2,eps,0.025,south,1.2,1.2,0.85,2.6,39.515,41.749,0.0,7.069
Delhi,28.6139,77.209,cold,3.0,3.0,2.6,45.0,brick,0.345,aerated_concrete,0.1,xps,0.15,west,1.5,1.5,0.75,1.6,37.48,38.796,0.0,7.069
Delhi,28.6139,77.209,cold,3.0,3.0,2.6,180.0,stone,0.3,puf_sandwich_panel,0.075,xps,0.05,east,1.8,0.9,0.75,1.2,38.176,39.717,0.0,7.062
Delhi,28.6139,77.209,cold,3.0,3.0,2.6,45.0,stone,0.3,timber,0.1,none,0.0,north,1.2,1.2,0.55,3.5,42.147,45.769,0.0,7.061
Delhi,28.6139,77.209,cold,3.0,3.0,2.6,180.0,stone,0.3,aerated_concrete,0.2,eps,0.1,south,0.9,0.6,0.35,3.5,36.698,37.526,0.0,7.059
Delhi,28.6139,77.209,cold,3.0,3.0,2.6,90.0,puf_sandwich_panel,0.1,concrete,0.2,xps,0.15,west,1.5,1.2,0.65,1.2,36.319,38.206,0.0,7.185
Delhi,28.6139,77.209,cold,3.0,3.0,2.6,135.0,stone,0.45,concrete,0.15,xps,0.05,north,0.6,0.9,0.65,2.6,37.577,38.651,0.0,7.046
Delhi,28.6139,77.209,cold,3.0,3.0,2.6,45.0,stone,0.3,stone,0.3,none,0.0,west,0.6,0.9,0.35,5.8,42.752,46.504,0.0,7.052
Delhi,28.6139,77.209,cold,3.0,3.0,2.6,45.0,gi_sheet,0.002,brick,0.115,sheep_wool,0.1,west,1.2,1.5,0.55,1.6,38.259,42.714,0.0,7.252
Delhi,28.6139,77.209,cold,3.0,3.0,2.6,135.0,concrete,0.15,rcc_slab,0.1,mineral_wool,0.05,east,1.5,0.6,0.85,1.2,38.903,41.171,0.0,7.093
Delhi,28.6139,77.209,cold,3.0,3.0,2.6,0.0,concrete,0.2,mud_brick,0.15,mineral_wool,0.05,west,1.2,0.9,0.55,5.8,38.372,40.215,0.0,7.078
Delhi,28.6139,77.209,cold,3.0,3.0,2.6,0.0,mud_brick,0.3,concrete,0.2,xps,0.1,south,1.5,1.2,0.35,3.5,36.729,37.687,0.0,7.067
Delhi,28.6139,77.209,cold,3.0,3.0,2.6,0.0,gi_sheet,0.002,brick,0.115,eps,0.2,west,0.6,0.9,0.45,2.0,36.402,39.196,0.0,7.246
Delhi,28.6139,77.209,cold,3.0,3.0,2.6,0.0,timber,0.15,aerated_concrete,0.2,eps,0.05,west,0.6,1.5,0.65,3.5,37.102,39.814,0.0,7.195
Delhi,28.6139,77.209,cold,3.0,3.0,2.6,45.0,timber,0.15,timber,0.1,eps,0.2,west,1.2,1.2,0.65,1.2,36.183,38.402,0.0,7.208
Delhi,28.6139,77.209,cold,3.0,3.0,2.6,180.0,plywood,0.019,concrete,0.15,mineral_wool,0.15,west,1.5,0.6,0.75,1.2,37.539,40.146,0.0,7.202
Delhi,28.6139,77.209,cold,3.0,3.0,2.6,135.0,gi_sheet,0.002,timber,0.1,eps,0.1,east,1.8,1.2,0.85,5.8,39.398,46.319,0.0,7.351
Delhi,28.6139,77.209,cold,3.0,3.0,2.6,180.0,concrete,0.15,rcc_slab,0.1,eps,0.15,south,0.9,1.5,0.65,2.0,37.436,38.925,0.0,7.094
Delhi,28.6139,77.209,cold,3.0,3.0,2.6,90.0,gi_sheet,0.002,gi_sheet,0.002,mineral_wool,0.05,east,1.8,1.5,0.65,5.8,39.737,47.559,0.0,7.397
Delhi,28.6139,77.209,cold,3.0,3.0,2.6,90.0,plywood,0.012,brick,0.115,sheep_wool,0.1,east,0.6,0.9,0.65,5.8,37.199,40.654,0.0,7.265
Delhi,28.6139,77.209,cold,3.0,3.0,2.6,0.0,aerated_concrete,0.2,mud_brick,0.25,xps,0.15,north,1.8,1.2,0.65,5.8,37.37,39.282,0.0,7.128
Delhi,28.6139,77.209,cold,3.0,3.0,2.6,45.0,rammed_earth,0.3,timber,0.1,xps,0.1,north,1.8,0.9,0.75,5.8,38.176,39.775,0.0,7.078
Delhi,28.6139,77.209,cold,3.0,3.0,2.6,45.0,aerated_concrete,0.1,aerated_concrete,0.2,eps,0.1,east,1.5,1.5,0.75,2.0,38.924,42.851,0.0,7.235
Delhi,28.6139,77.209,cold,3.0,3.0,2.6,45.0,puf_sandwich_panel,0.1,stone,0.15,sheep_wool,0.15,west,1.2,0.9,0.55,1.6,35.609,37.395,0.0,7.202
Delhi,28.6139,77.209,cold,3.0,3.0,2.6,180.0,brick,0.115,puf_sandwich_panel,0.075,xps,0.05,south,1.8,1.5,0.45,1.6,38.546,41.32,0.0,7.147
Delhi,28.6139,77.209,cold,3.0,3.0,2.6,135.0,mud_brick,0.15,rcc_slab,0.2,xps,0.05,north,1.2,0.6,0.65,1.6,38.147,39.974,0.0,7.092
Delhi,28.6139,77.209,cold,3.0,3.0,2.6,135.0,gi_sheet,0.002,mud_brick,0.15,eps,0.15,east,1.5,0.9,0.65,2.0,37.764,41.151,0.0,7.224
Delhi,28.6139,77.209,cold,3.0,3.0,2.6,180.0,plywood,0.03,gi_sheet,0.002,none,0.0,north,0.6,1.5,0.35,1.2,43.748,58.439,0.006,7.402
Delhi,28.6139,77.209,cold,3.0,3.0,2.6,180.0,rammed_earth,0.15,rcc_slab,0.2,eps,0.1,south,0.9,0.6,0.85,5.8,37.083,38.446,0.0,7.094
Delhi,28.6139,77.209,cold,3.0,3.0,2.6,45.0,rammed_earth,0.15,stone,0.15,sheep_wool,0.15,west,1.5,1.2,0.55,5.8,37.406,39.085,0.0,7.099
Delhi,28.6139,77.209,cold,3.0,3.0,2.6,135.0,plywood,0.012,concrete,0.1,sheep_wool,0.1,east,0.9,1.2,0.55,1.2,37.692,41.462,0.0,7.261
Delhi,28.6139,77.209,cold,3.0,3.0,2.6,135.0,plywood,0.012,rcc_slab,0.25,eps,0.025,north,1.5,0.6,0.75,3.5,40.316,44.796,0.0,7.164
Delhi,28.6139,77.209,cold,3.0,3.0,2.6,135.0,timber,0.1,brick,0.115,sheep_wool,0.15,south,0.9,0.6,0.45,2.6,35.878,37.703,0.0,7.194
Delhi,28.6139,77.209,cold,3.0,3.0,2.6,180.0,concrete,0.15,brick,0.23,mineral_wool,0.1,north,1.5,0.9,0.65,1.6,37.761,39.332,0.0,7.085
Delhi,28.6139,77.209,cold,3.0,3.0,2.6,45.0,aerated_concrete,0.3,concrete,0.15,eps,0.1,east,1.5,0.9,0.55,2.6,36.997,38.602,0.0,7.121
Delhi,28.6139,77.209,cold,3.0,3.0,2.6,135.0,gi_sheet,0.002,stone,0.15,xps,0.15,north,0.9,1.2,0.85,2.0,38.103,41.015,0.0,7.19
Delhi,28.6139,77.209,cold,3.0,3.0,2.6,0.0,brick,0.23,mud_brick,0.15,eps,0.1,east,0.9,0.9,0.45,5.8,37.095,38.291,0.0,7.08
Delhi,28.6139,77.209,cold,3.0,3.0,2.6,135.0,timber,0.15,aerated_concrete,0.2,eps,0.2,east,1.8,0.9,0.35,2.0,35.782,37.584,0.0,7.194
Delhi,28.6139,77.209,cold,3.0,3.0,2.6,0.0,timber,0.2,brick,0.23,eps,0.15,east,1.8,1.2,0.75,2.0,38.937,41.31,0.0,7.129
Delhi,28.6139,77.209,cold,3.0,3.0,2.6,180.0,mud_brick,0.3,stone,0.15,mineral_wool,0.05,east,0.6,1.5,0.35,5.8,37.532,38.838,0.0,7.067
Delhi,28.6139,77.209,cold,3.0,3.0,2.6,90.0,aerated_concrete,0.2,stone,0.15,eps,0.1,west,1.8,1.5,0.85,1.6,38.644,41.259,0.0,7.138
Delhi,28.6139,77.209,cold,3.0,3.0,2.6,135.0,brick,0.115,aerated_concrete,0.2,mineral_wool,0.15,north,1.5,1.2,0.45,1.6,37.53,39.417,0.0,7.127
Delhi,28.6139,77.209,cold,3.0,3.0,2.6,0.0,gi_sheet,0.002,aerated_concrete,0.1,eps,0.2,south,1.2,0.6,0.65,1.6,36.548,40.311,0.0,7.343
Delhi,28.6139,77.209,cold,3.0,3.0,2.6,45.0,aerated_concrete,0.3,gi_sheet,0.002,mineral_wool,0.05,north,1.2,0.9,0.85,1.2,38.168,40.744,0.0,7.158
Delhi,28.6139,77.209,cold,3.0,3.0,2.6,90.0,aerated_concrete,0.2,aerated_concrete,0.2,eps,0.2,south,1.8,0.6,0.65,3.5,36.01,37.807,0.0,7.174
Delhi,28.6139,77.209,cold,3.0,3.0,2.6,90.0,rammed_earth,0.15,stone,0.3,xps,0.15,west,0.6,0.6,0.75,2.0,35.986,36.738,0.0,7.081
Delhi,28.6139,77.209,cold,3.0,3.0,2.6,0.0,stone,0.45,aerated_concrete,0.2,eps,0.05,south,0.6,0.9,0.65,2.0,37.163,38.099,0.0,7.047
Delhi,28.6139,77.209,cold,3.0,3.0,2.6,180.0,plywood,0.012,brick,0.115,xps,0.1,west,1.8,1.2,0.45,1.2,38.747,42.825,0.0,7.264
Delhi,28.6139,77.209,cold,3.0,3.0,2.6,180.0,puf_sandwich_panel,0.05,concrete,0.2,eps,0.2,north,0.6,0.9,0.75,2.6,35.177,36.522,0.0,7.186
Delhi,28.6139,77.209,cold,3.0,3.0,2.6,45.0,stone,0.45,gi_sheet,0.002,none,0.0,north,0.6,1.2,0.35,1.6,43.123,46.851,0.0,7.048
Delhi,28.6139,77.209,cold,3.0,3.0,2.6,135.0,puf_sandwich_panel,0.075,timber,0.1,eps,0.2,north,1.5,1.2,0.55,3.5,36.736,40.346,0.0,7.382
Delhi,28.6139,77.209,cold,3.0,3.0,2.6,90.0,stone,0.3,brick,0.23,eps,0.2,north,0.6,1.2,0.35,3.5,36.241,36.818,0.0,7.056
Delhi,28.6139,77.209,cold,3.0,3.0,2.6,0.0,puf_sandwich_panel,0.075,brick,0.115,sheep_wool,0.1,east,1.5,0.9,0.85,2.0,38.086,41.769,0.0,7.272
Delhi,28.6139,77.209,cold,3.0,3.0,2.6,90.0,mud_brick,0.45,stone,0.3,eps,0.025,east,0.9,0.9,0.75,5.8,38.124,39.53,0.0,7.051
Delhi,28.6139,77.209,cold,3.0,3.0,2.6,135.0,concrete,0.3,mud_brick,0.15,eps,0.025,west,1.5,1.5,0.45,3.5,40.031,42.362,0.0,7.064
Delhi,28.6139,77.209,cold,3.0,3.0,2.6,0.0,puf_sandwich_panel,0.075,mud_brick,0.25,eps,0.15,west,0.6,1.2,0.55,3.5,35.408,36.92,0.0,7.183
Delhi,28.6139,77.209,cold,3.0,3.0,2.6,180.0,timber,0.2,rcc_slab,0.25,none,0.0,east,0.6,1.5,0.55,5.8,41.331,45.727,0.0,7.117
Delhi,28.6139,77.209,cold,3.0,3.0,2.6,180.0,plywood,0.03,mud_brick,0.25,mineral_wool,0.15,east,1.5,0.9,0.65,1.6,37.092,39.422,0.0,7.169
Delhi,28.6139,77.209,cold,3.0,3.0,2.6,135.0,concrete,0.2,concrete,0.2,eps,0.025,north,0.6,0.9,0.45,2.6,39.592,41.883,0.0,7.073
Delhi,28.6139,77.209,cold,3.0,3.0,2.6,0.0,plywood,0.012,aerated_concrete,0.2,eps,0.15,north,0.6,1.2,0.85,2.0,36.67,40.224,0.0,7.324
Delhi,28.6139,77.209,cold,3.0,3.0,2.6,180.0,rammed_earth,0.15,aerated_concrete,0.2,sheep_wool,0.15,north,1.2,0.6,0.45,5.8,36.466,37.792,0.0,7.114
Delhi,28.6139,77.209,cold,3.0,3.0,2.6,90.0,rammed_earth,0.15,aerated_concrete,0.1,eps,0.15,east,1.8,1.2,0.65,1.6,37.364,39.219,0.0,7.122
Delhi,28.6139,77.209,cold,3.0,3.0,2.6,45.0,stone,0.15,aerated_concrete,0.1,sheep_wool,0.1,north,1.2,0.6,0.55,2.6,37.421,38.943,0.0,7.093
Delhi,28.6139,77.209,cold,3.0,3.0,2.6,135.0,gi_sheet,0.002,gi_sheet,0.002,sheep_wool,0.05,north,0.6,0.6,0.85,5.8,38.982,45.313,0.0,7.404
Delhi,28.6139,77.209,cold,3.0,3.0,2.6,0.0,stone,0.3,puf_sandwich_panel,0.1,mineral_wool,0.1,north,0.9,0.9,0.45,5.8,36.601,37.444,0.0,7.061
Delhi,28.6139,77.209,cold,3.0,3.0,2.6,0.0,concrete,0.2,gi_sheet,0.002,xps,0.05,south,1.8,0.9,0.65,2.0,38.527,40.557,0.0,7.088
Delhi,28.6139,77.209,cold,3.0,3.0,2.6,90.0,plywood,0.019,aerated_concrete,0.1,sheep_wool,0.15,west,0.6,0.6,0.35,1.6,35.962,39.092,0.0,7.366
Delhi,28.6139,77.209,cold,3.0,3.0,2.6,135.0,timber,0.2,aerated_concrete,0.2,eps,0.2,north,1.8,1.5,0.65,1.2,38.308,40.982,0.0,7.174
Delhi,28.6139,77.209,cold,3.0,3.0,2.6,180.0,puf_sandwich_panel,0.1,mud_brick,0.15,sheep_wool,0.1,south,0.9,1.2,0.55,5.8,36.166,38.534,0.0,7.241
Delhi,28.6139,77.209,cold,3.0,3.0,2.6,0.0,aerated_concrete,0.3,aerated_concrete,0.2,eps,0.05,south,1.2,0.9,0.35,1.2,36.362,37.995,0.0,7.145
Delhi,28.6139,77.209,cold,3.0,3.0,2.6,180.0,gi_sheet,0.002,gi_sheet,0.002,mineral_wool,0.15,north,0.9,1.5,0.85,2.0,38.008,42.928,0.0,7.364
Delhi,28.6139,77.209,cold,3.0,3.0,2.6,90.0,rammed_earth,0.45,concrete,0.15,mineral_wool,0.1,south,1.8,0.9,0.55,1.2,36.92,37.835,0.0,7.057
Delhi,28.6139,77.209,cold,3.0,3.0,2.6,45.0,concrete,0.15,aerated_concrete,0.2,mineral_wool,0.1,north,0.9,0.9,0.45,1.6,37.136,38.574,0.0,7.098
Delhi,28.6139,77.209,cold,3.0,3.0,2.6,135.0,plywood,0.012,timber,0.15,sheep_wool,0.05,east,0.6,0.6,0.85,1.6,38.187,43.383,0.0,7.352
Delhi,28.6139,77.209,cold,3.0,3.0,2.6,45.0,mud_brick,0.3,timber,0.1,sheep_wool,0.1,west,1.8,1.5,0.35,1.2,37.147,38.393,0.0,7.077
Delhi,28.6139,77.209,cold,3.0,3.0,2.6,90.0,brick,0.115,brick,0.115,eps,0.15,south,1.2,0.9,0.65,1.2,36.943,38.602,0.0,7.119
Delhi,28.6139,77.209,cold,3.0,3.0,2.6,45.0,stone,0.45,brick,0.115,sheep_wool,0.1,north,1.5,0.9,0.45,1.6,37.24,38.163,0.0,7.047
Delhi,28.6139,77.209,cold,3.0,3.0,2.6,45.0,gi_sheet,0.002,timber,0.1,eps,0.15,south,1.8,0.6,0.75,1.2,37.311,41.945,0.0,7.345
Delhi,28.6139,77.209,cold,3.0,3.0,2.6,90.0,plywood,0.05,aerated_concrete,0.2,xps,0.1,south,1.5,0.9,0.45,3.5,36.729,40.077,0.0,7.28
Delhi,28.6139,77.209,cold,3.0,3.0,2.6,90.0,gi_sheet,0.002,concrete,0.1,eps,0.15,south,1.2,1.2,0.35,3.5,37.11,40.395,0.0,7.245
Delhi,28.6139,77.209,cold,3.0,3.0,2.6,0.0,rammed_earth,0.45,aerated_concrete,0.2,sheep_wool,0.15,west,1.2,1.2,0.85,1.2,36.924,37.87,0.0,7.06
Delhi,28.6139,77.209,cold,3.0,3.0,2.6,180.0,gi_sheet,0.002,gi_sheet,0.002,mineral_wool,0.1,west,0.9,0.6,0.65,1.6,37.848,42.397,0.0,7.377
Delhi,28.6139,77.209,cold,3.0,3.0,2.6,135.0,mud_brick,0.15,brick,0.115,mineral_wool,0.1,north,0.6,1.2,0.35,5.8,36.997,38.442,0.0,7.103
Delhi,28.6139,77.209,cold,3.0,3.0,2.6,45.0,concrete,0.2,concrete,0.15,eps,0.15,north,0.9,1.2,0.65,5.8,37.409,38.699,0.0,7.076
Delhi,28.6139,77.209,cold,3.0,3.0,2.6,0.0,timber,0.15,rcc_slab,0.25,sheep_wool,0.05,east,1.8,1.5,0.75,2.6,40.865,44.285,0.0,7.127
Delhi,28.6139,77.209,cold,3.0,3.0,2.6,0.0,brick,0.345,stone,0.15,xps,0.1,west,0.9,0.9,0.75,2.6,36.729,37.616,0.0,7.062
Delhi,28.6139,77.209,cold,3.0,3.0,2.6,180.0,puf_sandwich_panel,0.1,brick,0.23,mineral_wool,0.05,south,0.9,1.2,0.55,5.8,36.748,39.059,0.0,7.19
Delhi,28.6139,77.209,cold,3.0,3.0,2.6,180.0,concrete,0.1,aerated_concrete,0.1,mineral_wool,0.05,east,0.9,1.2,0.55,1.2,38.703,41.488,0.0,7.131
Delhi,28.6139,77.209,cold,3.0,3.0,2.6,135.0,plywood,0.012,timber,0.15,eps,0.05,south,0.9,1.5,0.85,1.2,38.963,45.116,0.0,7.353
Delhi,28.6139,77.209,cold,3.0,3.0,2.6,45.0,concrete,0.15,stone,0.15,eps,0.05,north,0.9,1.5,0.75,5.8,39.425,41.796,0.0,7.088
Delhi,28.6139,77.209,cold,3.0,3.0,2.6,135.0,timber,0.2,timber,0.1,xps,0.15,south,0.6,0.6,0.35,3.5,35.133,36.397,0.0,7.178
Delhi,28.6139,77.209,cold,3.0,3.0,2.6,180.0,rammed_earth,0.45,stone,0.3,sheep_wool,0.15,east,0.9,1.5,0.65,2.6,36.687,37.44,0.0,7.052
Delhi,28.6139,77.209,cold,3.0,3.0,2.6,45.0,timber,0.2,aerated_concrete,0.2,sheep_wool,0.05,east,1.5,0.9,0.45,1.2,37.237,39.571,0.0,7.173
Delhi,28.6139,77.209,cold,3.0,3.0,2.6,180.0,brick,0.115,brick,0.23,xps,0.05,east,0.9,0.6,0.35,1.6,38.006,39.976,0.0,7.104
Delhi,28.6139,77.209,cold,3.0,3.0,2.6,90.0,stone,0.15,puf_sandwich_panel,0.15,sheep_wool,0.05,north,1.2,1.5,0.45,1.2,38.578,40.646,0.0,7.098
Delhi,28.6139,77.209,cold,3.0,3.0,2.6,45.0,gi_sheet,0.002,mud_brick,0.25,mineral_wool,0.1,west,1.5,1.5,0.75,1.2,38.797,42.417,0.0,7.172
Delhi,28.6139,77.209,cold,3.0,3.0,2.6,0.0,brick,0.345,brick,0.115,none,0.0,north,1.8,0.9,0.35,1.6,42.163,45.66,0.0,7.066
Delhi,28.6139,77.209,cold,3.0,3.0,2.6,180.0,plywood,0.03,timber,0.15,sheep_wool,0.15,west,1.5,0.6,0.55,2.0,36.957,40.225,0.0,7.318
Delhi,28.6139,77.209,cold,3.0,3.0,2.6,180.0,gi_sheet,0.002,gi_sheet,0.002,eps,0.05,west,1.2,0.6,0.55,5.8,39.053,45.228,0.0,7.404
Delhi,28.6139,77.209,cold,3.0,3.0,2.6,135.0,mud_brick,0.3,mud_brick,0.25,xps,0.05,north,1.8,1.2,0.75,2.0,39.125,41.043,0.0,7.067
Delhi,28.6139,77.209,cold,3.0,3.0,2.6,180.0,gi_sheet,0.002,concrete,0.2,eps,0.05,west,0.9,1.2,0.75,5.8,39.756,43.803,0.0,7.179
Delhi,28.6139,77.209,cold,3.0,3.0,2.6,180.0,plywood,0.05,gi_sheet,0.002,mineral_wool,0.15,west,1.8,1.5,0.75,2.0,40.309,46.375,0.0,7.334
Delhi,28.6139,77.209,cold,3.0,3.0,2.6,180.0,stone,0.45,aerated_concrete,0.2,eps,0.05,south,1.5,1.5,0.85,2.6,38.563,40.122,0.0,7.049
Delhi,28.6139,77.209,cold,3.0,3.0,2.6,0.0,concrete,0.15,timber,0.1,eps,0.05,east,1.8,0.6,0.35,2.0,38.27,40.363,0.0,7.102
Delhi,28.6139,77.209,cold,3.0,3.0,2.6,90.0,stone,0.45,puf_sandwich_panel,0.075,eps,0.025,south,1.5,1.2,0.55,2.6,38.313,39.812,0.0,7.049
Delhi,28.6139,77.209,cold,3.0,3.0,2.6,135.0,stone,0.15,timber,0.1,sheep_wool,0.05,south,0.6,1.5,0.55,1.2,38.465,40.528,0.0,7.093
Delhi,28.6139,77.209,cold,3.0,3.0,2.6,45.0,timber,0.2,timber,0.15,none,0.0,west,1.5,1.5,0.65,3.5,39.43,43.696,0.0,7.181
Delhi,28.6139,77.209,cold,3.0,3.0,2.6,45.0,aerated_concrete,0.3,puf_sandwich_panel,0.075,eps,0.15,west,1.2,0.6,0.45,1.2,35.206,36.399,0.0,7.159
Delhi,28.6139,77.209,cold,3.0,3.0,2.6,135.0,stone,0.3,aerated_concrete,0.1,xps,0.15,east,1.8,1.2,0.45,1.2,37.089,38.123,0.0,7.062
Delhi,28.6139,77.209,cold,3.0,3.0,2.6,180.0,rammed_earth,0.15,timber,0.1,xps,0.1,north,0.9,1.2,0.75,1.2,37.139,38.828,0.0,7.119
Delhi,28.6139,77.209,cold,3.0,3.0,2.6,45.0,mud_brick,0.3,timber,0.1,mineral_wool,0.05,west,1.2,1.5,0.85,1.2,38.421,40.225,0.0,7.075
Delhi,28.6139,77.209,cold,3.0,3.0,2.6,45.0,mud_brick,0.15,gi_sheet,0.002,mineral_wool,0.1,north,1.8,0.9,0.65,2.6,38.261,40.397,0.0,7.119
Delhi,28.6139,77.209,cold,3.0,3.0,2.6,180.0,mud_brick,0.45,rcc_slab,0.2,eps,0.05,south,1.2,1.5,0.85,2.6,38.198,39.648,0.0,7.055
Delhi,28.6139,77.209,cold,3.0,3.0,2.6,0.0,puf_sandwich_panel,0.075,mud_brick,0.15,sheep_wool,0.05,south,1.2,0.9,0.75,1.6,36.959,39.994,0.0,7.244
Delhi,28.6139,77.209,cold,3.0,3.0,2.6,90.0,brick,0.23,timber,0.1,sheep_wool,0.15,west,1.2,0.9,0.75,1.6,36.752,37.899,0.0,7.087
Delhi,28.6139,77.209,cold,3.0,3.0,2.6,45.0,brick,0.345,mud_brick,0.25,none,0.0,east,1.2,1.2,0.65,3.5,41.29,44.216,0.0,7.062
Delhi,28.6139,77.209,cold,3.0,3.0,2.6,45.0,concrete,0.3,mud_brick,0.25,none,0.0,east,1.2,1.2,0.85,2.0,42.559,46.19,0.0,7.06
Delhi,28.6139,77.209,cold,3.0,3.0,2.6,45.0,plywood,0.03,stone,0.15,eps,0.05,south,1.2,1.2,0.75,3.5,38.836,42.845,0.0,7.193
Delhi,28.6139,77.209,cold,3.0,3.0,2.6,180.0,stone,0.45,brick,0.23,mineral_wool,0.05,north,0.6,1.5,0.75,2.6,37.727,38.884,0.0,7.046
Delhi,28.6139,77.209,cold,3.0,3.0,2.6,180.0,concrete,0.2,stone,0.3,sheep_wool,0.1,east,1.2,1.5,0.35,1.6,37.542,38.835,0.0,7.067
Delhi,28.6139,77.209,cold,3.0,3.0,2.6,135.0,stone,0.15,gi_sheet,0.002,xps,0.15,south,1.2,0.9,0.75,1.6,37.226,38.669,0.0,7.095
Delhi,28.6139,77.209,cold,3.0,3.0,2.6,0.0,puf_sandwich_panel,0.075,mud_brick,0.15,sheep_wool,0.1,north,1.2,1.2,0.35,5.8,36.243,38.695,0.0,7.242
Delhi,28.6139,77.209,cold,3.0,3.0,2.6,180.0,rammed_earth,0.45,brick,0.115,none,0.0,south,0.9,1.5,0.55,5.8,41.577,44.633,0.0,7.058
Delhi,28.6139,77.209,cold,3.0,3.0,2.6,90.0,plywood,0.05,aerated_concrete,0.1,mineral_wool,0.15,south,1.2,1.5,0.35,3.5,36.542,39.932,0.0,7.299
Delhi,28.6139,77.209,cold,3.0,3.0,2.6,0.0,mud_brick,0.3,brick,0.115,xps,0.1,east,0.9,0.9,0.75,1.2,37.109,38.174,0.0,7.07
Delhi,28.6139,77.209,cold,3.0,3.0,2.6,0.0,timber,0.15,stone,0.3,xps,0.15,east,1.5,1.5,0.35,2.0,37.014,38.419,0.0,7.109
Delhi,28.6139,77.209,cold,3.0,3.0,2.6,180.0,plywood,0.05,timber,0.1,sheep_wool,0.15,north,1.5,1.5,0.75,1.2,37.776,42.156,0.0,7.318
Delhi,28.6139,77.209,cold,3.0,3.0,2.6,180.0,mud_brick,0.45,stone,0.3,eps,0.2,west,0.6,0.9,0.55,1.6,35.876,36.205,0.0,7.05
Delhi,28.6139,77.209,cold,3.0,3.0,2.6,45.0,timber,0.2,stone,0.3,eps,0.05,east,1.2,0.6,0.75,3.5,37.439,39.067,0.0,7.102
Delhi,28.6139,77.209,cold,3.0,3.0,2.6,90.0,concrete,0.3,mud_brick,0.25,xps,0.1,west,1.2,0.9,0.65,5.8,37.055,38.075,0.0,7.06
Delhi,28.6139,77.209,cold,3.0,3.0,2.6,0.0,gi_sheet,0.002,puf_sandwich_panel,0.15,sheep_wool,0.15,west,1.2,0.9,0.35,2.0,36.666,41.134,0.0,7.407
Delhi,28.6139,77.209,cold,3.0,3.0,2.6,45.0,rammed_earth,0.3,aerated_concrete,0.2,sheep_wool,0.1,south,1.5,1.5,0.55,3.5,37.642,39.135,0.0,7.077
Delhi,28.6139,77.209,cold,3.0,3.0,2.6,45.0,timber,0.1,aerated_concrete,0.2,xps,0.05,north,0.9,0.6,0.65,1.6,37.083,39.883,0.0,7.227
Delhi,28.6139,77.209,cold,3.0,3.0,2.6,135.0,puf_sandwich_panel,0.05,timber,0.1,sheep_wool,0.15,west,1.8,0.6,0.45,2.6,35.979,39.029,0.0,7.393
Delhi,28.6139,77.209,cold,3.0,3.0,2.6,180.0,concrete,0.1,rcc_slab,0.25,sheep_wool,0.05,east,1.5,0.9,0.45,3.5,39.054,41.493,0.0,7.096
Delhi,28.6139,77.209,cold,3.0,3.0,2.6,0.0,puf_sandwich_panel,0.1,concrete,0.1,none,0.0,south,0.6,1.2,0.55,2.6,42.245,51.66,0.0,7.269
Delhi,28.6139,77.209,cold,3.0,3.0,2.6,180.0,aerated_concrete,0.1,aerated_concrete,0.2,none,0.0,south,1.8,1.2,0.55,3.5,40.333,46.466,0.0,7.238
Delhi,28.6139,77.209,cold,3.0,3.0,2.6,90.0,puf_sandwich_panel,0.05,brick,0.23,xps,0.05,south,0.9,1.5,0.75,2.6,37.523,40.534,0.0,7.194
Delhi,28.6139,77.209,cold,3.0,3.0,2.6,90.0,stone,0.15,aerated_concrete,0.1,sheep_wool,0.1,west,1.8,0.6,0.75,5.8,37.697,39.383,0.0,7.094
Delhi,28.6139,77.209,cold,3.0,3.0,2.6,90.0,mud_brick,0.45,aerated_concrete,0.1,sheep_wool,0.05,west,1.5,1.2,0.55,1.6,37.608,38.85,0.0,7.059
Delhi,28.6139,77.209,cold,3.0,3.0,2.6,135.0,gi_sheet,0.002,mud_brick,0.15,sheep_wool,0.1,south,1.2,1.5,0.65,5.8,38.762,43.154,0.0,7.226
Delhi,28.6139,77.209,cold,3.0,3.0,2.6,90.0,timber,0.15,mud_brick,0.15,mineral_wool,0.15,south,0.6,0.6,0.55,1.2,35.417,36.651,0.0,7.155
Delhi,28.6139,77.209,cold,3.0,3.0,2.6,45.0,concrete,0.2,mud_brick,0.25,eps,0.05,south,1.2,0.9,0.75,2.0,38.412,40.198,0.0,7.073
Delhi,28.6139,77.209,cold,3.0,3.0,2.6,90.0,plywood,0.03,mud_brick,0.15,eps,0.2,north,1.5,0.9,0.45,2.6,36.814,39.224,0.0,7.221
Delhi,28.6139,77.209,cold,3.0,3.0,2.6,0.0,concrete,0.3,aerated_concrete,0.1,eps,0.2,south,1.2,0.9,0.35,3.5,36.115,36.786,0.0,7.066
Delhi,28.6139,77.209,cold,3.0,3.0,2.6,135.0,puf_sandwich_panel,0.075,gi_sheet,0.002,eps,0.05,north,0.9,0.6,0.85,2.6,36.746,41.18,0.006,7.466
Delhi,28.6139,77.209,cold,3.0,3.0,2.6,45.0,rammed_earth,0.45,stone,0.3,sheep_wool,0.1,south,1.2,1.2,0.65,1.6,36.983,37.878,0.0,7.052
Delhi,28.6139,77.209,cold,3.0,3.0,2.6,0.0,aerated_concrete,0.2,brick,0.23,eps,0.025,south,0.9,1.5,0.75,1.2,38.673,41.431,0.0,7.132
Delhi,28.6139,77.209,cold,3.0,3.0,2.6,90.0,aerated_concrete,0.1,stone,0.15,eps,0.1,north,0.9,0.6,0.75,1.6,36.791,38.718,0.0,7.162
Delhi,28.6139,77.209,cold,3.0,3.0,2.6,135.0,timber,0.2,aerated_concrete,0.1,eps,0.2,north,1.5,1.5,0.65,1.6,37.784,40.344,0.0,7.185
Delhi,28.6139,77.209,cold,3.0,3.0,2.6,0.0,plywood,0.05,concrete,0.2,sheep_wool,0.1,east,1.8,1.2,0.55,3.5,38.85,41.955,0.0,7.171
Delhi,28.6139,77.209,cold,3.0,3.0,2.6,135.0,stone,0.15,concrete,0.2,eps,0.2,north,1.8,1.5,0.85,1.2,39.735,41.989,0.0,7.081
Delhi,28.6139,77.209,cold,3.0,3.0,2.6,135.0,timber,0.1,stone,0.15,xps,0.15,west,1.5,0.6,0.65,3.5,36.587,38.317,0.0,7.158
Delhi,28.6139,77.209,cold,3.0,3.0,2.6,180.0,timber,0.1,aerated_concrete,0.2,eps,0.025,east,0.9,0.9,0.55,2.6,37.93,41.632,0.0,7.229
Delhi,28.6139,77.209,cold,3.0,3.0,2.6,45.0,concrete,0.2,rcc_slab,0.2,xps,0.05,south,1.2,1.5,0.45,2.0,38.408,40.207,0.0,7.075
Delhi,28.6139,77.209,cold,3.0,3.0,2.6,0.0,aerated_concrete,0.3,puf_sandwich_panel,0.15,none,0.0,west,0.6,0.9,0.45,2.0,36.585,38.525,0.0,7.161
Delhi,28.6139,77.209,cold,3.0,3.0,2.6,135.0,aerated_concrete,0.3,timber,0.15,xps,0.1,west,0.9,0.6,0.85,2.6,36.228,37.678,0.0,7.146
Delhi,28.6139,77.209,cold,3.0,3.0,2.6,45.0,stone,0.15,gi_sheet,0.002,eps,0.15,north,1.8,0.9,0.75,2.6,38.342,40.207,0.0,7.097
Delhi,28.6139,77.209,cold,3.0,3.0,2.6,45.0,timber,0.15,aerated_concrete,0.1,eps,0.025,north,0.9,0.6,0.35,3.5,37.687,40.873,0.0,7.212
Delhi,28.6139,77.209,cold,3.0,3.0,2.6,180.0,brick,0.115,mud_brick,0.25,none,0.0,east,0.9,1.2,0.45,3.5,42.531,47.952,0.0,7.103
Delhi,28.6139,77.209,cold,3.0,3.0,2.6,45.0,rammed_earth,0.45,rcc_slab,0.15,eps,0.05,west,1.2,1.2,0.85,2.6,38.078,39.528,0.0,7.057
Delhi,28.6139,77.209,cold,3.0,3.0,2.6,180.0,plywood,0.012,gi_sheet,0.002,mineral_wool,0.15,west,0.9,1.2,0.45,1.6,37.26,41.298,0.0,7.396
Delhi,28.6139,77.209,cold,3.0,3.0,2.6,135.0,concrete,0.3,puf_sandwich_panel,0.15,mineral_wool,0.15,south,1.2,1.5,0.75,2.0,37.326,38.538,0.0,7.067
Delhi,28.6139,77.209,cold,3.0,3.0,2.6,180.0,rammed_earth,0.3,stone,0.15,eps,0.15,north,1.8,1.2,0.45,2.0,36.782,37.781,0.0,7.07
Delhi,28.6139,77.209,cold,3.0,3.0,2.6,0.0,stone,0.15,gi_sheet,0.002,sheep_wool,0.05,south,0.9,0.9,0.35,3.5,38.318,40.425,0.0,7.095
Delhi,28.6139,77.209,cold,3.0,3.0,2.6,180.0,puf_sandwich_panel,0.05,concrete,0.2,none,0.0,south,0.6,1.2,0.65,3.5,41.464,47.774,0.0,7.191
Delhi,28.6139,77.209,cold,3.0,3.0,2.6,45.0,brick,0.115,puf_sandwich_panel,0.075,xps,0.05,east,1.2,0.6,0.55,1.2,37.679,39.961,0.0,7.141
Delhi,28.6139,77.209,cold,3.0,3.0,2.6,90.0,concrete,0.1,brick,0.115,xps,0.15,south,1.5,0.9,0.85,1.6,37.652,39.658,0.0,7.117
Delhi,28.6139,77.209,cold,3.0,3.0,2.6,135.0,brick,0.23,puf_sandwich_panel,0.1,none,0.0,south,1.2,0.6,0.55,1.6,40.488,43.705,0.0,7.089
Delhi,28.6139,77.209,cold,3.0,3.0,2.6,0.0,gi_sheet,0.002,gi_sheet,0.002,mineral_wool,0.05,south,1.5,0.9,0.75,5.8,39.104,46.233,0.0,7.394
Delhi,28.6139,77.209,cold,3.0,3.0,2.6,90.0,brick,0.23,mud_brick,0.25,mineral_wool,0.15,east,1.5,0.6,0.85,1.6,36.532,37.46,0.0,7.074
Delhi,28.6139,77.209,cold,3.0,3.0,2.6,90.0,puf_sandwich_panel,0.15,aerated_concrete,0.1,eps,0.025,east,0.9,0.9,0.65,1.6,36.453,40.412,0.0,7.395
Delhi,28.6139,77.209,cold,3.0,3.0,2.6,45.0,brick,0.345,stone,0.15,mineral_wool,0.1,south,0.9,0.6,0.65,1.2,36.504,37.277,0.0,7.061
Delhi,28.6139,77.209,cold,3.0,3.0,2.6,0.0,brick,0.23,timber,0.1,eps,0.1,south,1.5,0.9,0.85,2.6,37.436,38.938,0.0,7.088
Delhi,28.6139,77.209,cold,3.0,3.0,2.6,0.0,aerated_concrete,0.2,timber,0.15,mineral_wool,0.1,south,1.8,0.6,0.45,2.6,36.124,37.953,0.0,7.178
Delhi,28.6139,77.209,cold,3.0,3.0,2.6,90.0,aerated_concrete,0.3,mud_brick,0.15,eps,0.15,south,0.6,1.5,0.55,1.2,35.785,36.941,0.0,7.125
Delhi,28.6139,77.209,cold,3.0,3.0,2.6,90.0,plywood,0.019,brick,0.23,eps,0.15,west,1.8,1.2,0.85,1.6,38.233,41.276,0.0,7.185
Delhi,28.6139,77.209,cold,3.0,3.0,2.6,90.0,timber,0.1,brick,0.23,xps,0.1,west,1.2,1.2,0.45,2.6,36.66,38.499,0.0,7.153
Delhi,28.6139,77.209,cold,3.0,3.0,2.6,180.0,stone,0.15,gi_sheet,0.002,eps,0.1,north,0.6,0.9,0.75,2.6,37.311,38.79,0.0,7.095
Delhi,28.6139,77.209,cold,3.0,3.0,2.6,135.0,gi_sheet,0.002,brick,0.23,eps,0.05,west,0.9,1.2,0.75,2.0,39.551,43.479,0.0,7.183
Delhi,28.6139,77.209,cold,3.0,3.0,2.6,135.0,aerated_concrete,0.1,mud_brick,0.25,mineral_wool,0.15,south,0.9,0.6,0.55,1.2,35.838,37.187,0.0,7.145
Delhi,28.6139,77.209,cold,3.0,3.0,2.6,135.0,concrete,0.15,concrete,0.15,sheep_wool,0.05,east,0.9,1.5,0.85,2.0,39.446,41.933,0.0,7.09
Delhi,28.6139,77.209,cold,3.0,3.0,2.6,90.0,puf_sandwich_panel,0.15,gi_sheet,0.002,eps,0.2,south,0.9,1.2,0.45,5.8,35.365,38.602,0.006,7.428
Delhi,28.6139,77.209,cold,3.0,3.0,2.6,0.0,plywood,0.019,aerated_concrete,0.1,sheep_wool,0.15,north,0.6,1.5,0.75,3.5,36.841,40.86,0.0,7.366
Delhi,28.6139,77.209,cold,3.0,3.0,2.6,135.0,rammed_earth,0.3,stone,0.15,none,0.0,south,0.9,0.9,0.75,3.5,42.773,46.918,0.0,7.069
Delhi,28.6139,77.209,cold,3.0,3.0,2.6,90.0,timber,0.15,brick,0.23,eps,0.2,south,1.8,1.5,0.45,1.6,36.87,38.781,0.0,7.14
Delhi,28.6139,77.209,cold,3.0,3.0,2.6,0.0,brick,0.23,rcc_slab,0.2,xps,0.1,west,0.9,1.2,0.75,5.8,37.313,38.627,0.0,7.075
Delhi,28.6139,77.209,cold,3.0,3.0,2.6,45.0,stone,0.3,aerated_concrete,0.1,xps,0.15,north,1.2,0.6,0.35,5.8,36.398,37.113,0.0,7.06
Delhi,28.6139,77.209,cold,3.0,3.0,2.6,135.0,puf_sandwich_panel,0.1,puf_sandwich_panel,0.15,eps,0.2,south,1.2,0.9,0.65,3.5,35.337,38.705,0.0119,7.452
Delhi,28.6139,77.209,cold,3.0,3.0,2.6,135.0,puf_sandwich_panel,0.1,timber,0.15,eps,0.025,south,0.9,0.6,0.35,3.5,35.891,39.051,0.0,7.363
Delhi,28.6139,77.209,cold,3.0,3.0,2.6,0.0,aerated_concrete,0.2,rcc_slab,0.15,mineral_wool,0.15,north,0.9,0.9,0.65,1.6,35.91,37.185,0.0,7.137
Delhi,28.6139,77.209,cold,3.0,3.0,2.6,0.0,brick,0.115,brick,0.23,eps,0.05,west,1.5,0.6,0.75,1.2,38.554,40.876,0.0,7.104
Delhi,28.6139,77.209,cold,3.0,3.0,2.6,135.0,plywood,0.05,rcc_slab,0.25,mineral_wool,0.05,south,1.2,0.9,0.45,3.5,37.967,40.64,0.0,7.151
Delhi,28.6139,77.209,cold,3.0,3.0,2.6,135.0,concrete,0.15,timber,0.15,xps,0.1,south,0.6,0.9,0.65,1.6,36.998,38.392,0.0,7.099
Delhi,28.6139,77.209,cold,3.0,3.0,2.6,90.0,brick,0.115,timber,0.15,xps,0.05,south,1.2,0.6,0.55,1.2,37.771,40.034,0.0,7.131
Delhi,28.6139,77.209,cold,3.0,3.0,2.6,90.0,rammed_earth,0.15,rcc_slab,0.25,xps,0.05,east,1.8,1.2,0.75,2.0,38.852,41.074,0.0,7.091
Delhi,28.6139,77.209,cold,3.0,3.0,2.6,135.0,mud_brick,0.15,puf_sandwich_panel,0.1,sheep_wool,0.05,north,0.6,1.5,0.35,5.8,37.604,39.58,0.0,7.12
Delhi,28.6139,77.209,cold,3.0,3.0,2.6,135.0,stone,0.15,brick,0.115,xps,0.1,west,1.8,0.6,0.75,1.2,38.158,39.827,0.0,7.087
Delhi,28.6139,77.209,cold,3.0,3.0,2.6,45.0,gi_sheet,0.002,stone,0.15,eps,0.2,east,1.5,0.9,0.65,3.5,37.658,40.484,0.0,7.19
Delhi,28.6139,77.209,cold,3.0,3.0,2.6,45.0,mud_brick,0.3,concrete,0.15,mineral_wool,0.05,south,0.6,1.5,0.45,1.2,37.534,38.842,0.0,7.068
Delhi,28.6139,77.209,cold,3.0,3.0,2.6,180.0,aerated_concrete,0.3,rcc_slab,0.15,eps,0.2,north,1.2,0.6,0.35,2.6,35.226,36.125,0.0,7.119
Delhi,28.6139,77.209,cold,3.0,3.0,2.6,135.0,mud_brick,0.45,puf_sandwich_panel,0.05,sheep_wool,0.15,west,1.5,0.6,0.65,1.6,36.417,37.061,0.0,7.059
Delhi,28.6139,77.209,cold,3.0,3.0,2.6,45.0,plywood,0.05,puf_sandwich_panel,0.1,eps,0.2,north,1.8,1.2,0.35,1.2,36.589,39.875,0.0,7.363
Delhi,28.6139,77.209,cold,3.0,3.0,2.6,45.0,plywood,0.05,puf_sandwich_panel,0.075,none,0.0,south,1.8,1.2,0.45,1.2,40.273,48.62,0.0,7.383
Delhi,28.6139,77.209,cold,3.0,3.0,2.6,0.0,stone,0.15,mud_brick,0.25,sheep_wool,0.05,north,1.8,0.9,0.45,2.0,38.539,40.461,0.0,7.08
Delhi,28.6139,77.209,cold,3.0,3.0,2.6,135.0,puf_sandwich_panel,0.15,aerated_concrete,0.1,sheep_wool,0.05,west,0.6,1.5,0.45,2.0,36.2,39.576,0.0,7.393
Delhi,28.6139,77.209,cold,3.0,3.0,2.6,90.0,plywood,0.03,rcc_slab,0.15,mineral_wool,0.05,west,1.5,0.9,0.75,2.0,38.664,42.449,0.0,7.205
Delhi,28.6139,77.209,cold,3.0,3.0,2.6,0.0,aerated_concrete,0.1,aerated_concrete,0.2,none,0.0,south,0.9,1.2,0.75,5.8,40.019,45.928,0.0,7.235
Delhi,28.6139,77.209,cold,3.0,3.0,2.6,180.0,stone,0.15,gi_sheet,0.002,mineral_wool,0.1,east,1.5,1.5,0.35,2.0,37.891,39.719,0.0,7.097
Delhi,28.6139,77.209,cold,3.0,3.0,2.6,135.0,stone,0.45,gi_sheet,0.002,mineral_wool,0.1,north,1.8,0.6,0.35,1.6,36.845,37.606,0.0,7.048
Delhi,28.6139,77.209,cold,3.0,3.0,2.6,45.0,puf_sandwich_panel,0.15,brick,0.115,xps,0.05,west,0.6,0.9,0.35,3.5,35.836,38.283,0.0,7.268
Delhi,28.6139,77.209,cold,3.0,3.0,2.6,180.0,rammed_earth,0.15,stone,0.15,mineral_wool,0.05,south,1.2,1.5,0.65,1.2,38.801,41.029,0.0,7.099
Delhi,28.6139,77.209,cold,3.0,3.0,2.6,0.0,gi_sheet,0.002,concrete,0.1,mineral_wool,0.05,south,0.6,1.5,0.85,2.0,38.883,43.771,0.0,7.244
Delhi,28.6139,77.209,cold,3.0,3.0,2.6,45.0,aerated_concrete,0.1,mud_brick,0.15,sheep_wool,0.15,north,1.2,0.6,0.35,2.6,36.069,37.847,0.0,7.183
Delhi,28.6139,77.209,cold,3.0,3.0,2.6,90.0,gi_sheet,0.002,aerated_concrete,0.1,sheep_wool,0.15,south,1.5,0.6,0.55,5.8,37.155,41.503,0.0,7.349
Delhi,28.6139,77.209,cold,3.0,3.0,2.6,90.0,rammed_earth,0.15,gi_sheet,0.002,none,0.0,west,1.2,1.2,0.35,1.2,43.751,51.69,0.0,7.125
Delhi,28.6139,77.209,cold,3.0,3.0,2.6,135.0,stone,0.45,stone,0.15,eps,0.025,south,0.6,0.9,0.75,2.6,38.75,40.38,0.0,7.046
Delhi,28.6139,77.209,cold,3.0,3.0,2.6,135.0,rammed_earth,0.45,timber,0.1,mineral_wool,0.15,west,0.9,0.9,0.55,2.6,36.309,36.925,0.0,7.059
Delhi,28.6139,77.209,cold,3.0,3.0,2.6,45.0,aerated_concrete,0.1,aerated_concrete,0.2,none,0.0,north,1.2,1.2,0.65,1.6,40.685,46.777,0.0,7.236
Delhi,28.6139,77.209,cold,3.0,3.0,2.6,135.0,plywood,0.019,timber,0.1,eps,0.05,west,1.2,0.9,0.75,2.0,38.975,44.627,0.0,7.371
Delhi,28.6139,77.209,cold,3.0,3.0,2.6,45.0,puf_sandwich_panel,0.075,puf_sandwich_panel,0.075,eps,0.15,east,1.5,0.9,0.55,1.6,35.965,39.435,0.0119,7.471
Delhi,28.6139,77.209,cold,3.0,3.0,2.6,45.0,plywood,0.03,aerated_concrete,0.2,xps,0.1,north,0.6,1.5,0.85,3.5,37.536,41.213,0.0,7.302
Delhi,28.6139,77.209,cold,3.0,3.0,2.6,0.0,aerated_concrete,0.3,rcc_slab,0.1,eps,0.1,south,0.9,0.9,0.35,5.8,36.065,37.415,0.0,7.131
Delhi,28.6139,77.209,cold,3.0,3.0,2.6,135.0,plywood,0.012,timber,0.1,eps,0.05,south,1.5,0.9,0.55,3.5,38.635,44.752,0.0,7.385
Delhi,28.6139,77.209,cold,3.0,3.0,2.6,90.0,concrete,0.2,timber,0.15,eps,0.025,west,1.8,1.5,0.75,1.2,40.238,43.061,0.0,7.087
Delhi,28.6139,77.209,cold,3.0,3.0,2.6,180.0,timber,0.15,brick,0.23,eps,0.15,east,1.8,1.2,0.45,1.2,36.736,38.55,0.0,7.14
Delhi,28.6139,77.209,cold,3.0,3.0,2.6,135.0,mud_brick,0.3,timber,0.15,eps,0.2,south,1.5,0.9,0.75,1.6,36.54,37.459,0.0,7.074
Delhi,28.6139,77.209,cold,3.0,3.0,2.6,135.0,aerated_concrete,0.3,stone,0.15,mineral_wool,0.05,west,1.8,1.5,0.35,1.6,38.235,40.372,0.0,7.119
Delhi,28.6139,77.209,cold,3.0,3.0,2.6,180.0,plywood,0.05,puf_sandwich_panel,0.075,none,0.0,south,1.8,0.6,0.35,3.5,39.656,46.968,0.0,7.379
Delhi,28.6139,77.209,cold,3.0,3.0,2.6,180.0,plywood,0.03,timber,0.1,eps,0.05,south,1.2,0.9,0.75,3.5,38.3,43.468,0.0,7.351
Delhi,28.6139,77.209,cold,3.0,3.0,2.6,0.0,rammed_earth,0.3,mud_brick,0.25,xps,0.1,north,1.2,0.6,0.75,2.0,36.522,37.367,0.0,7.067
Delhi,28.6139,77.209,cold,3.0,3.0,2.6,180.0,mud_brick,0.3,concrete,0.15,mineral_wool,0.15,east,0.6,1.5,0.45,1.6,36.175,36.854,0.0,7.067
Delhi,28.6139,77.209,cold,3.0,3.0,2.6,90.0,rammed_earth,0.15,puf_sandwich_panel,0.1,sheep_wool,0.1,east,0.9,1.2,0.75,1.2,36.887,38.544,0.0,7.124
Delhi,28.6139,77.209,cold,3.0,3.0,2.6,45.0,puf_sandwich_panel,0.1,aerated_concrete,0.1,eps,0.2,east,1.5,1.2,0.65,3.5,37.047,40.899,0.0,7.383
Delhi,28.6139,77.209,cold,3.0,3.0,2.6,90.0,gi_sheet,0.002,aerated_concrete,0.1,mineral_wool,0.1,east,1.5,1.5,0.45,2.0,37.897,42.747,0.0,7.339
Delhi,28.6139,77.209,cold,3.0,3.0,2.6,45.0,gi_sheet,0.002,concrete,0.1,eps,0.15,north,1.2,0.9,0.35,3.5,37.133,40.251,0.0,7.244
Delhi,28.6139,77.209,cold,3.0,3.0,2.6,90.0,brick,0.345,stone,0.15,none,0.0,east,1.8,1.2,0.75,2.6,43.143,47.163,0.0,7.063
Delhi,28.6139,77.209,cold,3.0,3.0,2.6,135.0,timber,0.2,timber,0.15,eps,0.05,south,0.9,1.2,0.75,3.5,37.236,39.782,0.0,7.177
Delhi,28.6139,77.209,cold,3.0,3.0,2.6,0.0,brick,0.115,rcc_slab,0.15,sheep_wool,0.15,east,0.6,0.9,0.55,1.6,36.755,38.153,0.0,7.109
Delhi,28.6139,77.209,cold,3.0,3.0,2.6,135.0,stone,0.45,brick,0.23,none,0.0,north,0.6,1.2,0.85,1.2,41.901,44.957,0.0,7.046
Delhi,28.6139,77.209,cold,3.0,3.0,2.6,45.0,mud_brick,0.3,rcc_slab,0.15,xps,0.05,north,1.5,1.2,0.65,2.6,38.812,40.609,0.0,7.069
Delhi,28.6139,77.209,cold,3.0,3.0,2.6,180.0,plywood,0.05,aerated_concrete,0.2,eps,0.05,east,1.2,0.9,0.75,2.0,37.979,42.433,0.0,7.284
Delhi,28.6139,77.209,cold,3.0,3.0,2.6,135.0,brick,0.23,puf_sandwich_panel,0.15,xps,0.15,north,1.8,0.9,0.35,1.2,36.505,37.514,0.0,7.09
Delhi,28.6139,77.209,cold,3.0,3.0,2.6,180.0,concrete,0.15,concrete,0.2,eps,0.05,west,1.5,1.5,0.35,2.0,39.311,41.555,0.0,7.087
Delhi,28.6139,77.209,cold,3.0,3.0,2.6,0.0,plywood,0.019,aerated_concrete,0.2,eps,0.15,west,1.5,0.6,0.65,1.6,36.563,40.17,0.0,7.314
Delhi,28.6139,77.209,cold,3.0,3.0,2.6,90.0,timber,0.2,mud_brick,0.15,sheep_wool,0.05,south,1.8,0.9,0.85,3.5,38.512,41.511,0.0,7.147
Delhi,28.6139,77.209,cold,3.0,3.0,2.6,135.0,plywood,0.03,concrete,0.15,sheep_wool,0.05,north,0.9,0.9,0.65,2.6,38.715,42.517,0.0,7.207
Delhi,28.6139,77.209,cold,3.0,3.0,2.6,135.0,gi_sheet,0.002,aerated_concrete,0.1,xps,0.1,south,0.6,1.5,0.55,1.2,37.517,41.899,0.0,7.35
Delhi,28.6139,77.209,cold,3.0,3.0,2.6,0.0,brick,0.23,rcc_slab,0.15,sheep_wool,0.05,west,0.6,0.9,0.35,5.8,37.934,39.54,0.0,7.078
Delhi,28.6139,77.209,cold,3.0,3.0,2.6,90.0,aerated_concrete,0.1,puf_sandwich_panel,0.05,eps,0.1,north,1.8,0.6,0.55,2.0,36.922,39.937,0.0,7.287
Delhi,28.6139,77.209,cold,3.0,3.0,2.6,0.0,stone,0.45,mud_brick,0.25,eps,0.15,north,0.6,1.5,0.65,3.5,36.441,37.009,0.0,7.045
Delhi,28.6139,77.209,cold,3.0,3.0,2.6,135.0,brick,0.115,timber,0.15,sheep_wool,0.05,west,0.9,0.9,0.35,2.6,38.315,40.798,0.0,7.131
Delhi,28.6139,77.209,cold,3.0,3.0,2.6,180.0,rammed_earth,0.3,brick,0.115,sheep_wool,0.1,north,1.5,0.9,0.45,1.2,36.952,38.049,0.0,7.073
Delhi,28.6139,77.209,cold,3.0,3.0,2.6,45.0,plywood,0.03,concrete,0.15,eps,0.05,south,1.5,1.2,0.65,5.8,39.045,43.546,0.0,7.207
Delhi,28.6139,77.209,cold,3.0,3.0,2.6,135.0,puf_sandwich_panel,0.075,brick,0.115,eps,0.15,east,0.6,1.2,0.65,5.8,35.648,37.99,0.0,7.268
Delhi,28.6139,77.209,cold,3.0,3.0,2.6,45.0,concrete,0.3,mud_brick,0.15,sheep_wool,0.15,north,1.5,0.6,0.45,1.6,36.685,37.521,0.0,7.062
Delhi,28.6139,77.209,cold,3.0,3.0,2.6,0.0,plywood,0.03,rcc_slab,0.15,eps,0.025,south,1.2,1.2,0.35,2.6,39.46,44.252,0.0,7.208
Delhi,28.6139,77.209,cold,3.0,3.0,2.6,90.0,brick,0.345,stone,0.3,xps,0.1,north,1.5,1.5,0.55,1.2,38.105,39.45,0.0,7.058
Delhi,28.6139,77.209,cold,3.0,3.0,2.6,180.0,aerated_concrete,0.3,timber,0.15,xps,0.1,east,1.5,1.2,0.75,3.5,37.417,39.766,0.0,7.149
Delhi,28.6139,77.209,cold,3.0,3.0,2.6,45.0,puf_sandwich_panel,0.05,puf_sandwich_panel,0.075,eps,0.05,west,0.6,1.2,0.35,1.6,35.485,38.961,0.0179,7.495
Delhi,28.6139,77.209,cold,3.0,3.0,2.6,90.0,plywood,0.03,timber,0.1,eps,0.1,west,0.6,0.6,0.45,1.6,36.238,39.483,0.0,7.346
Delhi,28.6139,77.209,cold,3.0,3.0,2.6,135.0,mud_brick,0.15,mud_brick,0.15,xps,0.1,east,0.9,0.9,0.65,3.5,36.996,38.43,0.0,7.1
Delhi,28.6139,77.209,cold,3.0,3.0,2.6,0.0,timber,0.1,aerated_concrete,0.2,xps,0.1,north,1.2,1.2,0.65,3.5,36.922,39.663,0.0,7.227
Delhi,28.6139,77.209,cold,3.0,3.0,2.6,180.0,mud_brick,0.15,aerated_concrete,0.2,mineral_wool,0.15,south,1.2,1.2,0.45,3.5,36.746,38.12,0.0,7.11
Delhi,28.6139,77.209,cold,3.0,3.0,2.6,0.0,brick,0.345,concrete,0.1,xps,0.1,north,1.5,1.2,0.35,5.8,37.004,38.073,0.0,7.066
Delhi,28.6139,77.209,cold,3.0,3.0,2.6,45.0,mud_brick,0.15,timber,0.15,sheep_wool,0.1,west,1.2,0.9,0.55,2.0,37.026,38.657,0.0,7.113
Delhi,28.6139,77.209,cold,3.0,3.0,2.6,90.0,brick,0.115,timber,0.1,eps,0.1,west,1.8,0.9,0.85,1.6,38.075,40.412,0.0,7.136
Delhi,28.6139,77.209,cold,3.0,3.0,2.6,45.0,puf_sandwich_panel,0.1,concrete,0.15,xps,0.05,north,0.9,0.9,0.65,2.6,36.854,39.369,0.0,7.22
Delhi,28.6139,77.209,cold,3.0,3.0,2.6,45.0,timber,0.1,timber,0.15,sheep_wool,0.05,east,0.9,0.9,0.85,2.6,37.89,41.358,0.0,7.237
Delhi,28.6139,77.209,cold,3.0,3.0,2.6,0.0,brick,0.115,brick,0.115,eps,0.1,west,1.8,0.6,0.35,2.6,37.145,38.954,0.0,7.12
Delhi,28.6139,77.209,cold,3.0,3.0,2.6,135.0,concrete,0.2,gi_sheet,0.002,eps,0.15,north,0.9,0.6,0.85,1.6,36.925,38.076,0.0,7.086
Delhi,28.6139,77.209,cold,3.0,3.0,2.6,180.0,stone,0.15,rcc_slab,0.15,eps,0.1,north,0.9,1.2,0.75,1.6,37.719,39.246,0.0,7.083
Delhi,28.6139,77.209,cold,3.0,3.0,2.6,90.0,puf_sandwich_panel,0.075,stone,0.15,xps,0.15,west,1.2,0.9,0.65,2.0,35.694,37.403,0.0,7.201
Delhi,28.6139,77.209,cold,3.0,3.0,2.6,45.0,rammed_earth,0.3,brick,0.23,xps,0.15,west,1.2,1.5,0.85,1.6,37.306,38.539,0.0,7.069
Delhi,28.6139,77.209,cold,3.0,3.0,2.6,90.0,mud_brick,0.3,puf_sandwich_panel,0.1,eps,0.1,east,0.6,1.5,0.35,2.6,36.008,36.726,0.0,7.076
Delhi,28.6139,77.209,cold,3.0,3.0,2.6,0.0,mud_brick,0.45,concrete,0.2,sheep_wool,0.15,east,1.2,1.5,0.85,3.5,38.315,39.708,0.0,7.054
Delhi,28.6139,77.209,cold,3.0,3.0,2.6,0.0,plywood,0.05,stone,0.3,xps,0.15,east,0.6,0.9,0.75,5.8,36.414,37.792,0.0,7.125
Delhi,28.6139,77.209,cold,3.0,3.0,2.6,90.0,rammed_earth,0.45,aerated_concrete,0.1,sheep_wool,0.1,north,1.5,1.5,0.45,3.5,37.874,39.182,0.0,7.061
Delhi,28.6139,77.209,cold,3.0,3.0,2.6,45.0,brick,0.115,gi_sheet,0.002,mineral_wool,0.1,east,1.8,1.5,0.65,1.2,39.475,42.553,0.0,7.143
Delhi,28.6139,77.209,cold,3.0,3.0,2.6,90.0,stone,0.45,timber,0.15,none,0.0,south,1.5,0.9,0.45,2.6,40.828,43.488,0.0,7.048
Delhi,28.6139,77.209,cold,3.0,3.0,2.6,45.0,rammed_earth,0.3,stone,0.3,sheep_wool,0.15,south,0.9,0.6,0.75,1.6,36.179,36.814,0.0,7.062
Delhi,28.6139,77.209,cold,3.0,3.0,2.6,0.0,stone,0.45,aerated_concrete,0.2,mineral_wool,0.1,south,1.8,1.5,0.55,1.2,37.332,38.361,0.0,7.049
Delhi,28.6139,77.209,cold,3.0,3.0,2.6,90.0,aerated_concrete,0.1,gi_sheet,0.002,eps,0.1,north,1.5,1.5,0.85,2.0,40.194,45.493,0.0,7.283
Delhi,28.6139,77.209,cold,3.0,3.0,2.6,45.0,plywood,0.012,concrete,0.15,xps,0.05,south,0.6,0.6,0.65,3.5,38.008,41.647,0.0,7.217
Delhi,28.6139,77.209,cold,3.0,3.0,2.6,180.0,timber,0.2,timber,0.15,sheep_wool,0.15,west,1.8,0.6,0.35,5.8,36.243,37.997,0.0,7.175
Delhi,28.6139,77.209,cold,3.0,3.0,2.6,45.0,rammed_earth,0.3,concrete,0.15,xps,0.05,east,0.9,1.5,0.35,3.5,37.778,39.204,0.0,7.071
Delhi,28.6139,77.209,cold,3.0,3.0,2.6,90.0,stone,0.45,rcc_slab,0.2,eps,0.05,east,0.6,1.5,0.65,5.8,37.644,38.784,0.0,7.046
Delhi,28.6139,77.209,cold,3.0,3.0,2.6,135.0,plywood,0.03,timber,0.15,eps,0.025,north,1.2,1.2,0.35,5.8,39.104,44.978,0.0,7.327
Delhi,28.6139,77.209,cold,3.0,3.0,2.6,45.0,concrete,0.1,mud_brick,0.25,xps,0.05,east,1.8,1.5,0.75,2.6,40.547,43.667,0.0,7.103
Delhi,28.6139,77.209,cold,3.0,3.0,2.6,45.0,gi_sheet,0.002,concrete,0.15,mineral_wool,0.05,west,0.6,0.6,0.45,2.0,38.313,42.099,0.0,7.205
Delhi,28.6139,77.209,cold,3.0,3.0,2.6,180.0,gi_sheet,0.002,mud_brick,0.15,xps,0.1,south,1.2,1.5,0.55,1.2,38.222,41.74,0.0,7.225
Delhi,28.6139,77.209,cold,3.0,3.0,2.6,135.0,plywood,0.03,aerated_concrete,0.1,none,0.0,west,0.6,1.2,0.45,1.6,41.713,51.544,0.0,7.357
Delhi,28.6139,77.209,cold,3.0,3.0,2.6,90.0,concrete,0.1,mud_brick,0.25,mineral_wool,0.15,north,1.5,0.6,0.75,5.8,37.635,39.253,0.0,7.099
Delhi,28.6139,77.209,cold,3.0,3.0,2.6,180.0,stone,0.45,concrete,0.1,mineral_wool,0.05,east,0.6,0.6,0.75,2.0,37.559,38.645,0.0,7.046
Delhi,28.6139,77.209,cold,3.0,3.0,2.6,135.0,brick,0.345,mud_brick,0.15,eps,0.025,west,1.2,1.5,0.55,3.5,39.638,41.787,0.0,7.065
Delhi,28.6139,77.209,cold,3.0,3.0,2.6,135.0,brick,0.115,puf_sandwich_panel,0.1,none,0.0,north,0.6,0.6,0.45,5.8,41.762,47.637,0.0,7.14
Delhi,28.6139,77.209,cold,3.0,3.0,2.6,90.0,stone,0.15,aerated_concrete,0.2,mineral_wool,0.05,west,1.5,0.6,0.65,3.5,38.074,39.905,0.0,7.09
Delhi,28.6139,77.209,cold,3.0,3.0,2.6,180.0,brick,0.345,brick,0.23,eps,0.15,east,1.5,0.9,0.45,2.0,36.531,37.311,0.0,7.062
Delhi,28.6139,77.209,cold,3.0,3.0,2.6,45.0,rammed_earth,0.45,mud_brick,0.15,eps,0.025,west,1.5,0.9,0.35,5.8,38.326,39.903,0.0,7.058
Delhi,28.6139,77.209,cold,3.0,3.0,2.6,0.0,plywood,0.05,puf_sandwich_panel,0.075,eps,0.1,north,1.2,0.9,0.65,1.6,36.543,40.24,0.0,7.37
Delhi,28.6139,77.209,cold,3.0,3.0,2.6,0.0,mud_brick,0.15,mud_brick,0.25,sheep_wool,0.1,south,0.6,0.6,0.45,5.8,36.609,37.78,0.0,7.091
Delhi,28.6139,77.209,cold,3.0,3.0,2.6,135.0,rammed_earth,0.15,stone,0.15,xps,0.05,west,0.9,0.6,0.85,5.8,38.262,40.222,0.0,7.097
Delhi,28.6139,77.209,cold,3.0,3.0,2.6,135.0,puf_sandwich_panel,0.1,brick,0.23,sheep_wool,0.1,north,1.2,0.9,0.85,3.5,37.051,39.385,0.0,7.192
Delhi,28.6139,77.209,cold,3.0,3.0,2.6,45.0,mud_brick,0.3,aerated_concrete,0.2,eps,0.1,west,0.6,0.9,0.65,1.6,36.286,37.083,0.0,7.072
Delhi,28.6139,77.209,cold,3.0,3.0,2.6,90.0,rammed_earth,0.3,concrete,0.2,sheep_wool,0.15,east,1.2,1.5,0.85,1.6,37.274,38.489,0.0,7.069
Delhi,28.6139,77.209,cold,3.0,3.0,2.6,180.0,puf_sandwich_panel,0.15,puf_sandwich_panel,0.15,mineral_wool,0.1,north,1.8,0.6,0.65,2.6,35.217,38.167,0.006,7.43
Delhi,28.6139,77.209,cold,3.0,3.0,2.6,180.0,concrete,0.15,concrete,0.15,eps,0.025,south,0.9,1.2,0.35,1.6,39.825,42.559,0.0,7.089
Delhi,28.6139,77.209,cold,3.0,3.0,2.6,180.0,concrete,0.15,puf_sandwich_panel,0.1,sheep_wool,0.1,west,0.9,1.2,0.45,1.2,37.562,39.212,0.0,7.106
Delhi,28.6139,77.209,cold,3.0,3.0,2.6,90.0,aerated_concrete,0.2,mud_brick,0.15,sheep_wool,0.05,north,0.9,1.2,0.55,2.0,37.99,40.448,0.0,7.15
Delhi,28.6139,77.209,cold,3.0,3.0,2.6,135.0,plywood,0.019,aerated_concrete,0.2,xps,0.1,east,0.6,1.2,0.35,5.8,36.719,40.136,0.0,7.316
Delhi,28.6139,77.209,cold,3.0,3.0,2.6,180.0,aerated_concrete,0.3,mud_brick,0.25,eps,0.025,east,1.5,1.2,0.85,2.0,38.968,41.619,0.0,7.112
Delhi,28.6139,77.209,cold,3.0,3.0,2.6,45.0,gi_sheet,0.002,gi_sheet,0.002,eps,0.025,west,0.9,0.6,0.45,1.6,39.878,48.035,0.0,7.406
Delhi,28.6139,77.209,cold,3.0,3.0,2.6,90.0,plywood,0.05,timber,0.15,eps,0.1,west,1.2,0.9,0.85,1.2,37.026,40.481,0.0,7.296
Delhi,28.6139,77.209,cold,3.0,3.0,2.6,0.0,mud_brick,0.3,puf_sandwich_panel,0.1,eps,0.025,west,0.6,0.9,0.45,5.8,37.353,38.691,0.0,7.075
Delhi,28.6139,77.209,cold,3.0,3.0,2.6,45.0,gi_sheet,0.002,aerated_concrete,0.2,eps,0.025,north,1.5,1.5,0.55,2.0,40.602,47.751,0.0,7.312
Delhi,28.6139,77.209,cold,3.0,3.0,2.6,0.0,rammed_earth,0.45,mud_brick,0.15,none,0.0,south,0.9,1.2,0.35,1.2,40.474,43.009,0.0,7.057
Delhi,28.6139,77.209,cold,3.0,3.0,2.6,45.0,concrete,0.15,mud_brick,0.15,sheep_wool,0.15,west,0.9,0.6,0.65,1.2,36.631,37.802,0.0,7.09
Delhi,28.6139,77.209,cold,3.0,3.0,2.6,0.0,puf_sandwich_panel,0.075,puf_sandwich_panel,0.05,sheep_wool,0.15,east,1.2,0.9,0.65,3.5,36.384,40.008,0.006,7.476
Delhi,28.6139,77.209,cold,3.0,3.0,2.6,180.0,gi_sheet,0.002,stone,0.3,eps,0.025,west,1.2,0.6,0.45,2.6,40.063,43.807,0.0,7.131
Delhi,28.6139,77.209,cold,3.0,3.0,2.6,0.0,stone,0.15,concrete,0.15,xps,0.15,east,0.6,1.2,0.55,1.6,36.86,37.972,0.0,7.082
Delhi,28.6139,77.209,cold,3.0,3.0,2.6,0.0,plywood,0.03,stone,0.15,eps,0.025,south,0.9,1.5,0.55,3.5,39.616,44.304,0.0,7.194
Delhi,28.6139,77.209,cold,3.0,3.0,2.6,90.0,concrete,0.15,concrete,0.2,eps,0.1,west,1.8,1.5,0.55,2.0,38.268,40.117,0.0,7.087
Delhi,28.6139,77.209,cold,3.0,3.0,2.6,90.0,gi_sheet,0.002,puf_sandwich_panel,0.15,eps,0.05,south,1.8,0.6,0.35,2.0,37.716,43.118,0.0,7.417
Delhi,28.6139,77.209,cold,3.0,3.0,2.6,90.0,aerated_concrete,0.2,concrete,0.1,eps,0.1,east,0.6,0.6,0.65,1.2,35.93,37.432,0.0,7.155
Delhi,28.6139,77.209,cold,3.0,3.0,2.6,0.0,concrete,0.3,rcc_slab,0.2,mineral_wool,0.05,west,1.2,0.6,0.75,1.2,37.978,39.414,0.0,7.06
Delhi,28.6139,77.209,cold,3.0,3.0,2.6,90.0,plywood,0.03,gi_sheet,0.002,eps,0.1,north,0.6,1.5,0.75,3.5,37.702,42.262,0.0,7.396
Delhi,28.6139,77.209,cold,3.0,3.0,2.6,180.0,timber,0.2,concrete,0.1,eps,0.1,north,1.8,1.2,0.55,5.8,37.447,39.847,0.0,7.155
Delhi,28.6139,77.209,cold,3.0,3.0,2.6,135.0,concrete,0.1,timber,0.15,none,0.0,south,1.5,1.5,0.55,2.0,43.169,50.751,0.0,7.132
Delhi,28.6139,77.209,cold,3.0,3.0,2.6,45.0,gi_sheet,0.002,timber,0.15,xps,0.05,south,1.5,1.2,0.75,1.2,39.135,45.554,0.0,7.326
Delhi,28.6139,77.209,cold,3.0,3.0,2.6,135.0,timber,0.15,rcc_slab,0.25,xps,0.05,east,1.8,1.2,0.65,3.5,38.486,41.127,0.0,7.127
Delhi,28.6139,77.209,cold,3.0,3.0,2.6,180.0,rammed_earth,0.45,mud_brick,0.15,mineral_wool,0.05,south,1.8,1.5,0.65,5.8,38.654,40.385,0.0,7.059
Delhi,28.6139,77.209,cold,3.0,3.0,2.6,135.0,puf_sandwich_panel,0.15,timber,0.1,eps,0.1,west,1.8,1.5,0.85,3.5,39.961,45.938,0.0,7.383
Delhi,28.6139,77.209,cold,3.0,3.0,2.6,0.0,brick,0.115,concrete,0.15,mineral_wool,0.1,west,1.8,0.6,0.65,1.2,37.471,39.295,0.0,7.109
Delhi,28.6139,77.209,cold,3.0,3.0,2.6,90.0,brick,0.345,puf_sandwich_panel,0.1,xps,0.15,east,1.8,1.5,0.35,1.6,36.408,37.262,0.0,7.071
Delhi,28.6139,77.209,cold,3.0,3.0,2.6,45.0,plywood,0.019,brick,0.115,eps,0.1,west,1.2,1.5,0.45,1.2,37.499,41.275,0.0,7.259
Delhi,28.6139,77.209,cold,3.0,3.0,2.6,180.0,plywood,0.05,timber,0.15,eps,0.2,south,0.6,0.9,0.65,3.5,35.687,38.002,0.0,7.288
Delhi,28.6139,77.209,cold,3.0,3.0,2.6,0.0,timber,0.2,concrete,0.2,eps,0.1,north,0.9,1.2,0.55,3.5,36.473,37.93,0.0,7.126
Delhi,28.6139,77.209,cold,3.0,3.0,2.6,90.0,brick,0.115,timber,0.1,xps,0.05,north,0.9,1.2,0.75,2.6,38.922,41.683,0.0,7.135
Delhi,28.6139,77.209,cold,3.0,3.0,2.6,0.0,timber,0.2,concrete,0.2,eps,0.025,south,1.5,0.6,0.65,1.2,38.231,40.68,0.0,7.127
Delhi,28.6139,77.209,cold,3.0,3.0,2.6,45.0,rammed_earth,0.15,rcc_slab,0.25,mineral_wool,0.1,south,0.6,0.9,0.85,3.5,36.92,38.198,0.0,7.088
Delhi,28.6139,77.209,cold,3.0,3.0,2.6,135.0,stone,0.45,puf_sandwich_panel,0.05,sheep_wool,0.1,east,1.2,0.9,0.75,1.6,36.998,37.848,0.0,7.048
Delhi,28.6139,77.209,cold,3.0,3.0,2.6,135.0,timber,0.1,rcc_slab,0.25,sheep_wool,0.15,east,1.5,0.6,0.75,1.2,36.455,38.043,0.0,7.136
Delhi,28.6139,77.209,cold,3.0,3.0,2.6,90.0,plywood,0.05,concrete,0.2,sheep_wool,0.05,north,1.2,1.5,0.75,3.5,40.037,43.943,0.0,7.172
Delhi,28.6139,77.209,cold,3.0,3.0,2.6,0.0,brick,0.23,concrete,0.15,mineral_wool,0.1,south,1.8,0.6,0.35,3.5,36.783,37.875,0.0,7.078
Delhi,28.6139,77.209,cold,3.0,3.0,2.6,135.0,brick,0.345,stone,0.3,xps,0.05,east,0.9,1.2,0.35,2.6,37.418,38.555,0.0,7.057
Delhi,28.6139,77.209,cold,3.0,3.0,2.6,180.0,mud_brick,0.45,gi_sheet,0.002,eps,0.025,east,0.9,0.6,0.55,2.0,38.113,39.579,0.0,7.058
Delhi,28.6139,77.209,cold,3.0,3.0,2.6,45.0,aerated_concrete,0.2,mud_brick,0.15,sheep_wool,0.05,north,1.5,1.2,0.55,3.5,38.687,41.528,0.0,7.151
Delhi,28.6139,77.209,cold,3.0,3.0,2.6,180.0,rammed_earth,0.3,rcc_slab,0.25,eps,0.025,east,1.8,1.2,0.65,1.6,39.646,41.915,0.0,7.067
Delhi,28.6139,77.209,cold,3.0,3.0,2.6,135.0,mud_brick,0.45,puf_sandwich_panel,0.075,sheep_wool,0.1,west,1.8,1.5,0.75,1.6,38.943,40.647,0.0,7.061
Delhi,28.6139,77.209,cold,3.0,3.0,2.6,135.0,gi_sheet,0.002,rcc_slab,0.25,sheep_wool,0.15,east,0.6,1.5,0.85,3.5,37.738,40.289,0.0,7.157
Delhi,28.6139,77.209,cold,3.0,3.0,2.6,45.0,aerated_concrete,0.1,gi_sheet,0.002,sheep_wool,0.15,west,1.8,0.6,0.75,2.6,36.66,39.917,0.0,7.277
Delhi,28.6139,77.209,cold,3.0,3.0,2.6,45.0,aerated_concrete,0.2,puf_sandwich_panel,0.075,sheep_wool,0.15,east,1.5,1.5,0.55,1.2,37.428,40.071,0.0,7.208
Delhi,28.6139,77.209,cold,3.0,3.0,2.6,45.0,mud_brick,0.45,timber,0.15,mineral_wool,0.05,east,0.6,0.9,0.55,2.0,36.853,37.723,0.0,7.057
Delhi,28.6139,77.209,cold,3.0,3.0,2.6,135.0,timber,0.2,concrete,0.1,none,0.0,south,1.8,0.9,0.65,2.0,43.096,50.09,0.0,7.155
Delhi,28.6139,77.209,cold,3.0,3.0,2.6,0.0,concrete,0.15,puf_sandwich_panel,0.05,xps,0.05,south,1.8,0.9,0.65,1.2,38.185,40.326,0.0,7.107
Delhi,28.6139,77.209,cold,3.0,3.0,2.6,180.0,stone,0.3,brick,0.23,sheep_wool,0.15,south,0.9,0.6,0.75,3.5,36.706,37.488,0.0,7.055
Delhi,28.6139,77.209,cold,3.0,3.0,2.6,0.0,puf_sandwich_panel,0.05,concrete,0.1,sheep_wool,0.05,west,1.5,1.5,0.75,5.8,38.957,44.501,0.0,7.271
Delhi,28.6139,77.209,cold,3.0,3.0,2.6,90.0,plywood,0.012,mud_brick,0.15,sheep_wool,0.15,south,1.2,0.6,0.65,2.6,36.747,39.599,0.0,7.235
Delhi,28.6139,77.209,cold,3.0,3.0,2.6,180.0,stone,0.15,timber,0.1,sheep_wool,0.15,north,1.8,1.5,0.45,2.0,37.829,39.574,0.0,7.097
Delhi,28.6139,77.209,cold,3.0,3.0,2.6,0.0,timber,0.2,gi_sheet,0.002,xps,0.1,west,1.5,0.9,0.45,3.5,36.448,38.724,0.0,7.194
Delhi,28.6139,77.209,cold,3.0,3.0,2.6,45.0,timber,0.15,gi_sheet,0.002,mineral_wool,0.05,north,1.8,0.6,0.45,3.5,37.681,40.875,0.0,7.224
Delhi,28.6139,77.209,cold,3.0,3.0,2.6,135.0,rammed_earth,0.45,mud_brick,0.25,eps,0.025,north,1.2,0.6,0.45,3.5,38.05,39.441,0.0,7.055
Delhi,28.6139,77.209,cold,3.0,3.0,2.6,45.0,mud_brick,0.45,aerated_concrete,0.1,xps,0.15,south,1.2,0.6,0.35,2.6,35.722,36.113,0.0,7.058
Delhi,28.6139,77.209,cold,3.0,3.0,2.6,180.0,aerated_concrete,0.2,aerated_concrete,0.1,eps,0.05,north,0.6,0.9,0.55,2.0,36.76,39.086,0.0,7.189
Delhi,28.6139,77.209,cold,3.0,3.0,2.6,0.0,plywood,0.019,rcc_slab,0.25,eps,0.1,east,1.2,0.9,0.45,2.6,37.465,39.809,0.0,7.16
Delhi,28.6139,77.209,cold,3.0,3.0,2.6,180.0,stone,0.45,mud_brick,0.25,xps,0.1,east,1.2,1.2,0.65,2.6,37.175,38.074,0.0,7.046
Delhi,28.6139,77.209,cold,3.0,3.0,2.6,135.0,rammed_earth,0.45,aerated_concrete,0.2,mineral_wool,0.1,north,1.5,0.6,0.45,2.6,36.491,37.203,0.0,7.059
Delhi,28.6139,77.209,cold,3.0,3.0,2.6,180.0,timber,0.15,timber,0.1,sheep_wool,0.15,north,0.6,0.9,0.85,1.6,35.78,37.636,0.0,7.207
Delhi,28.6139,77.209,cold,3.0,3.0,2.6,90.0,aerated_concrete,0.2,stone,0.3,eps,0.1,east,1.8,1.2,0.55,2.0,37.109,38.63,0.0,7.104
Delhi,28.6139,77.209,cold,3.0,3.0,2.6,45.0,concrete,0.1,gi_sheet,0.002,mineral_wool,0.05,north,0.9,1.2,0.45,2.0,38.791,41.69,0.0,7.136
Delhi,28.6139,77.209,cold,3.0,3.0,2.6,90.0,timber,0.15,gi_sheet,0.002,sheep_wool,0.05,east,1.5,1.5,0.75,3.5,38.823,43.253,0.0,7.232
Delhi,28.6139,77.209,cold,3.0,3.0,2.6,180.0,plywood,0.012,gi_sheet,0.002,eps,0.025,west,0.6,1.2,0.75,3.5,40.346,48.616,0.0,7.449
Delhi,28.6139,77.209,cold,3.0,3.0,2.6,0.0,aerated_concrete,0.2,concrete,0.1,mineral_wool,0.1,east,0.9,1.5,0.75,3.5,38.064,40.478,0.0,7.155
Delhi,28.6139,77.209,cold,3.0,3.0,2.6,45.0,aerated_concrete,0.3,aerated_concrete,0.1,xps,0.15,east,1.5,1.2,0.85,2.6,38.0,40.348,0.0,7.153
Delhi,28.6139,77.209,cold,3.0,3.0,2.6,45.0,timber,0.2,concrete,0.1,sheep_wool,0.1,north,0.6,1.2,0.65,1.6,36.693,38.472,0.0,7.152
Delhi,28.6139,77.209,cold,3.0,3.0,2.6,45.0,brick,0.345,puf_sandwich_panel,0.15,none,0.0,south,0.9,0.9,0.75,5.8,39.581,41.868,0.0,7.069
Delhi,28.6139,77.209,cold,3.0,3.0,2.6,45.0,brick,0.115,brick,0.115,sheep_wool,0.05,east,0.6,0.9,0.75,1.6,38.772,41.387,0.0,7.119
Delhi,28.6139,77.209,cold,3.0,3.0,2.6,135.0,rammed_earth,0.3,aerated_concrete,0.2,eps,0.1,west,1.8,1.5,0.35,2.6,37.757,39.176,0.0,7.078
Delhi,28.6139,77.209,cold,3.0,3.0,2.6,0.0,timber,0.15,aerated_concrete,0.2,eps,0.1,west,1.2,1.2,0.35,2.0,36.261,38.41,0.0,7.196
Delhi,28.6139,77.209,cold,3.0,3.0,2.6,180.0,puf_sandwich_panel,0.075,aerated_concrete,0.1,xps,0.05,south,0.9,1.5,0.55,2.0,36.567,40.489,0.0,7.402
Delhi,28.6139,77.209,cold,3.0,3.0,2.6,90.0,plywood,0.03,rcc_slab,0.1,mineral_wool,0.1,south,1.2,0.9,0.85,1.2,37.52,41.055,0.0,7.238
Delhi,28.6139,77.209,cold,3.0,3.0,2.6,135.0,timber,0.15,mud_brick,0.25,sheep_wool,0.15,north,1.8,0.6,0.45,1.6,36.27,37.67,0.0,7.135
Delhi,28.6139,77.209,cold,3.0,3.0,2.6,45.0,plywood,0.05,timber,0.1,xps,0.05,west,1.2,0.6,0.35,3.5,37.195,41.212,0.0,7.319
Delhi,28.6139,77.209,cold,3.0,3.0,2.6,90.0,mud_brick,0.15,stone,0.3,eps,0.05,south,1.8,0.9,0.55,2.6,38.383,40.244,0.0,7.081
Delhi,28.6139,77.209,cold,3.0,3.0,2.6,135.0,brick,0.345,gi_sheet,0.002,sheep_wool,0.05,south,0.9,1.2,0.75,2.6,38.25,39.888,0.0,7.069
Delhi,28.6139,77.209,cold,3.0,3.0,2.6,45.0,mud_brick,0.15,stone,0.15,sheep_wool,0.1,north,0.6,0.9,0.45,3.5,36.921,38.236,0.0,7.095
Delhi,28.6139,77.209,cold,3.0,3.0,2.6,180.0,rammed_earth,0.45,aerated_concrete,0.1,xps,0.1,west,0.9,0.9,0.35,1.2,36.334,36.974,0.0,7.06
Delhi,28.6139,77.209,cold,3.0,3.0,2.6,45.0,aerated_concrete,0.3,brick,0.115,xps,0.05,west,1.5,0.9,0.35,1.2,36.995,38.86,0.0,7.133
Delhi,28.6139,77.209,cold,3.0,3.0,2.6,180.0,concrete,0.15,concrete,0.15,none,0.0,west,1.5,0.6,0.65,5.8,43.938,50.37,0.0,7.089
Delhi,28.6139,77.209,cold,3.0,3.0,2.6,180.0,brick,0.345,brick,0.23,mineral_wool,0.1,east,1.2,1.2,0.55,2.6,37.165,38.236,0.0,7.062
Delhi,28.6139,77.209,cold,3.0,3.0,2.6,135.0,brick,0.115,concrete,0.2,eps,0.05,west,1.5,0.9,0.85,1.2,39.816,42.507,0.0,7.104
Delhi,28.6139,77.209,cold,3.0,3.0,2.6,90.0,brick,0.115,stone,0.15,mineral_wool,0.1,north,1.8,0.9,0.55,2.6,38.325,40.334,0.0,7.107
Delhi,28.6139,77.209,cold,3.0,3.0,2.6,45.0,stone,0.3,timber,0.1,xps,0.1,north,1.5,0.9,0.35,2.6,37.04,38.033,0.0,7.061
Delhi,28.6139,77.209,cold,3.0,3.0,2.6,45.0,mud_brick,0.15,mud_brick,0.15,xps,0.05,south,1.8,0.6,0.85,3.5,38.385,40.563,0.0,7.101
Delhi,28.6139,77.209,cold,3.0,3.0,2.6,45.0,mud_brick,0.3,timber,0.15,mineral_wool,0.05,east,1.5,1.5,0.45,3.5,38.295,39.978,0.0,7.075
Delhi,28.6139,77.209,cold,3.0,3.0,2.6,135.0,gi_sheet,0.002,rcc_slab,0.2,mineral_wool,0.1,east,0.9,1.5,0.55,2.6,38.07,41.084,0.0,7.175
Delhi,28.6139,77.209,cold,3.0,3.0,2.6,0.0,plywood,0.012,aerated_concrete,0.1,sheep_wool,0.05,north,1.5,1.5,0.75,2.6,39.644,46.887,0.0,7.39
Delhi,28.6139,77.209,cold,3.0,3.0,2.6,180.0,brick,0.23,timber,0.15,eps,0.15,north,0.9,1.5,0.55,1.6,36.646,37.732,0.0,7.087
Delhi,28.6139,77.209,cold,3.0,3.0,2.6,45.0,rammed_earth,0.45,gi_sheet,0.002,mineral_wool,0.05,north,1.2,0.9,0.65,5.8,38.003,39.4,0.0,7.061
Delhi,28.6139,77.209,cold,3.0,3.0,2.6,180.0,gi_sheet,0.002,stone,0.15,eps,0.2,south,1.8,0.6,0.85,1.2,37.532,40.141,0.0,7.19
Delhi,28.6139,77.209,cold,3.0,3.0,2.6,0.0,concrete,0.15,timber,0.1,eps,0.15,east,1.8,0.9,0.35,2.6,37.295,38.849,0.0,7.103
Delhi,28.6139,77.209,cold,3.0,3.0,2.6,135.0,puf_sandwich_panel,0.1,mud_brick,0.25,mineral_wool,0.05,south,0.9,1.5,0.55,2.6,36.706,38.993,0.0,7.183
Delhi,28.6139,77.209,cold,3.0,3.0,2.6,45.0,rammed_earth,0.45,puf_sandwich_panel,0.1,mineral_wool,0.15,west,1.8,0.6,0.85,1.2,36.296,36.967,0.0,7.06
Delhi,28.6139,77.209,cold,3.0,3.0,2.6,180.0,timber,0.2,gi_sheet,0.002,eps,0.15,south,1.8,0.6,0.35,5.8,35.868,37.64,0.0,7.193
Delhi,28.6139,77.209,cold,3.0,3.0,2.6,0.0,puf_sandwich_panel,0.05,concrete,0.1,sheep_wool,0.1,north,1.5,1.2,0.45,2.0,36.613,39.533,0.0,7.269
Delhi,28.6139,77.209,cold,3.0,3.0,2.6,180.0,stone,0.45,stone,0.3,xps,0.05,north,1.2,1.5,0.35,2.0,37.539,38.6,0.0,7.044
Delhi,28.6139,77.209,cold,3.0,3.0,2.6,0.0,timber,0.1,mud_brick,0.25,eps,0.2,east,1.8,0.9,0.65,1.6,37.532,39.526,0.0,7.148
Delhi,28.6139,77.209,cold,3.0,3.0,2.6,135.0,gi_sheet,0.002,mud_brick,0.15,mineral_wool,0.05,south,0.9,1.5,0.55,2.6,39.058,43.612,0.0,7.224
Delhi,28.6139,77.209,cold,3.0,3.0,2.6,90.0,stone,0.45,mud_brick,0.25,none,0.0,north,0.6,1.5,0.55,3.5,41.343,44.161,0.0,7.046
Delhi,28.6139,77.209,cold,3.0,3.0,2.6,180.0,puf_sandwich_panel,0.075,concrete,0.1,eps,0.025,west,1.5,1.5,0.55,1.6,39.777,45.054,0.0,7.271
Delhi,28.6139,77.209,cold,3.0,3.0,2.6,135.0,gi_sheet,0.002,timber,0.1,eps,0.05,north,0.9,0.9,0.55,1.2,38.725,44.221,0.0,7.353
Delhi,28.6139,77.209,cold,3.0,3.0,2.6,0.0,rammed_earth,0.45,concrete,0.1,eps,0.05,north,0.6,0.9,0.45,3.5,37.159,38.19,0.0,7.057
Delhi,28.6139,77.209,cold,3.0,3.0,2.6,0.0,puf_sandwich_panel,0.075,stone,0.3,eps,0.2,west,1.5,0.9,0.45,5.8,35.89,37.22,0.0,7.133
Delhi,28.6139,77.209,cold,3.0,3.0,2.6,45.0,concrete,0.3,concrete,0.15,mineral_wool,0.15,south,1.8,0.6,0.45,2.6,36.517,37.308,0.0,7.061
Delhi,28.6139,77.209,cold,3.0,3.0,2.6,90.0,plywood,0.019,stone,0.15,none,0.0,east,0.9,0.6,0.75,1.2,43.617,54.345,0.0,7.198
Delhi,28.6139,77.209,cold,3.0,3.0,2.6,135.0,timber,0.15,gi_sheet,0.002,mineral_wool,0.05,west,1.5,1.5,0.75,2.0,39.913,44.413,0.0,7.229
Delhi,28.6139,77.209,cold,3.0,3.0,2.6,90.0,aerated_concrete,0.1,timber,0.1,xps,0.05,east,1.8,0.9,0.45,3.5,37.568,41.272,0.0,7.258
Delhi,28.6139,77.209,cold,3.0,3.0,2.6,135.0,aerated_concrete,0.1,stone,0.15,sheep_wool,0.1,south,0.9,0.9,0.65,1.2,36.836,38.926,0.0,7.162
Delhi,28.6139,77.209,cold,3.0,3.0,2.6,90.0,gi_sheet,0.002,concrete,0.15,xps,0.1,north,1.8,1.2,0.85,3.5,40.384,44.872,0.0,7.206
Delhi,28.6139,77.209,cold,3.0,3.0,2.6,180.0,plywood,0.012,puf_sandwich_panel,0.075,xps,0.05,north,1.8,0.6,0.35,1.6,37.579,42.795,0.0,7.464
Delhi,28.6139,77.209,cold,3.0,3.0,2.6,90.0,brick,0.345,concrete,0.15,mineral_wool,0.1,south,1.8,1.5,0.75,2.6,38.494,40.22,0.0,7.065
Delhi,28.6139,77.209,cold,3.0,3.0,2.6,45.0,concrete,0.15,brick,0.23,sheep_wool,0.1,west,1.5,1.5,0.75,1.6,38.666,40.745,0.0,7.087
Delhi,28.6139,77.209,cold,3.0,3.0,2.6,90.0,plywood,0.05,aerated_concrete,0.1,xps,0.1,north,0.9,1.2,0.55,2.6,37.175,40.677,0.0,7.318
Delhi,28.6139,77.209,cold,3.0,3.0,2.6,135.0,puf_sandwich_panel,0.05,mud_brick,0.15,mineral_wool,0.05,west,1.2,1.5,0.35,2.6,37.448,40.568,0.0,7.241
Delhi,28.6139,77.209,cold,3.0,3.0,2.6,45.0,concrete,0.2,timber,0.1,mineral_wool,0.1,south,0.9,1.2,0.35,1.6,36.903,38.123,0.0,7.084
Delhi,28.6139,77.209,cold,3.0,3.0,2.6,0.0,aerated_concrete,0.3,rcc_slab,0.15,xps,0.1,south,1.5,1.5,0.45,2.6,36.826,38.447,0.0,7.123
Delhi,28.6139,77.209,cold,3.0,3.0,2.6,135.0,rammed_earth,0.15,brick,0.23,eps,0.15,south,1.8,1.5,0.75,2.0,38.478,40.574,0.0,7.098
Delhi,28.6139,77.209,cold,3.0,3.0,2.6,135.0,gi_sheet,0.002,puf_sandwich_panel,0.1,mineral_wool,0.15,north,1.8,1.2,0.75,3.5,39.28,44.985,0.0,7.378
Delhi,28.6139,77.209,cold,3.0,3.0,2.6,90.0,rammed_earth,0.45,stone,0.3,mineral_wool,0.05,north,0.6,0.6,0.45,2.0,37.009,37.895,0.0,7.052
Delhi,28.6139,77.209,cold,3.0,3.0,2.6,90.0,plywood,0.05,stone,0.3,xps,0.1,west,1.2,0.6,0.55,1.6,36.385,37.797,0.0,7.126
Delhi,28.6139,77.209,cold,3.0,3.0,2.6,0.0,plywood,0.03,concrete,0.2,xps,0.1,north,1.8,0.6,0.45,1.6,36.743,38.926,0.0,7.177
Delhi,28.6139,77.209,cold,3.0,3.0,2.6,180.0,stone,0.45,mud_brick,0.25,xps,0.05,north,1.2,0.6,0.85,5.8,37.534,38.605,0.0,7.045
Delhi,28.6139,77.209,cold,3.0,3.0,2.6,180.0,puf_sandwich_panel,0.1,stone,0.15,sheep_wool,0.15,west,1.2,0.9,0.65,2.0,36.5,38.505,0.0,7.202
Delhi,28.6139,77.209,cold,3.0,3.0,2.6,45.0,plywood,0.012,gi_sheet,0.002,eps,0.2,north,0.6,1.2,0.35,3.5,36.163,39.781,0.0,7.425
Delhi,28.6139,77.209,cold,3.0,3.0,2.6,135.0,plywood,0.012,stone,0.15,sheep_wool,0.05,west,0.6,1.5,0.65,3.5,39.176,43.193,0.0,7.202
Delhi,28.6139,77.209,cold,3.0,3.0,2.6,180.0,plywood,0.019,concrete,0.1,mineral_wool,0.15,west,1.8,0.9,0.45,5.8,37.891,41.194,0.0,7.241
Delhi,28.6139,77.209,cold,3.0,3.0,2.6,0.0,mud_brick,0.3,aerated_concrete,0.2,mineral_wool,0.05,east,0.9,1.2,0.35,1.6,37.346,38.583,0.0,7.073
Delhi,28.6139,77.209,cold,3.0,3.0,2.6,0.0,concrete,0.3,concrete,0.2,xps,0.15,south,1.8,1.5,0.45,2.0,37.089,38.156,0.0,7.062
Delhi,28.6139,77.209,cold,3.0,3.0,2.6,0.0,rammed_earth,0.15,mud_brick,0.15,sheep_wool,0.05,east,1.2,0.9,0.45,5.8,38.571,40.852,0.0,7.104
Delhi,28.6139,77.209,cold,3.0,3.0,2.6,135.0,brick,0.115,gi_sheet,0.002,sheep_wool,0.05,north,0.6,1.2,0.65,1.2,38.912,41.87,0.0,7.14
Delhi,28.6139,77.209,cold,3.0,3.0,2.6,135.0,stone,0.3,timber,0.15,xps,0.1,west,1.2,1.2,0.45,1.6,37.376,38.469,0.0,7.061
Delhi,28.6139,77.209,cold,3.0,3.0,2.6,90.0,timber,0.15,mud_brick,0.25,sheep_wool,0.15,north,0.6,0.9,0.85,2.0,36.333,37.722,0.0,7.134
Delhi,28.6139,77.209,cold,3.0,3.0,2.6,45.0,puf_sandwich_panel,0.1,puf_sandwich_panel,0.15,none,0.0,south,0.6,1.5,0.45,1.2,35.361,38.783,0.0179,7.487
Delhi,28.6139,77.209,cold,3.0,3.0,2.6,90.0,timber,0.1,rcc_slab,0.25,eps,0.025,west,1.5,0.6,0.85,2.0,38.963,41.982,0.0,7.137
Delhi,28.6139,77.209,cold,3.0,3.0,2.6,90.0,brick,0.115,brick,0.23,sheep_wool,0.15,north,1.8,1.2,0.45,2.6,38.19,40.1,0.0,7.106
Delhi,28.6139,77.209,cold,3.0,3.0,2.6,180.0,timber,0.1,rcc_slab,0.25,mineral_wool,0.05,north,1.8,0.9,0.45,5.8,37.957,40.427,0.0,7.136
Delhi,28.6139,77.209,cold,3.0,3.0,2.6,0.0,puf_sandwich_panel,0.1,gi_sheet,0.002,mineral_wool,0.05,east,1.2,1.5,0.55,3.5,38.175,43.469,0.0,7.447
Delhi,28.6139,77.209,cold,3.0,3.0,2.6,0.0,puf_sandwich_panel,0.05,timber,0.1,xps,0.1,north,1.5,1.5,0.55,5.8,37.235,41.713,0.0,7.394
Delhi,28.6139,77.209,cold,3.0,3.0,2.6,135.0,concrete,0.1,gi_sheet,0.002,xps,0.15,south,0.9,0.6,0.45,5.8,36.715,38.377,0.0,7.134
Delhi,28.6139,77.209,cold,3.0,3.0,2.6,90.0,mud_brick,0.45,concrete,0.2,eps,0.1,east,1.5,0.6,0.65,3.5,36.49,37.176,0.0,7.054
Delhi,28.6139,77.209,cold,3.0,3.0,2.6,0.0,concrete,0.1,puf_sandwich_panel,0.05,eps,0.05,south,1.2,0.9,0.45,5.8,38.024,40.633,0.0,7.139
Delhi,28.6139,77.209,cold,3.0,3.0,2.6,0.0,stone,0.3,stone,0.15,mineral_wool,0.15,south,0.9,0.6,0.85,2.6,36.411,37.096,0.0,7.056
Delhi,28.6139,77.209,cold,3.0,3.0,2.6,90.0,stone,0.3,puf_sandwich_panel,0.1,eps,0.1,north,0.6,0.9,0.75,1.6,36.774,37.636,0.0,7.061
Delhi,28.6139,77.209,cold,3.0,3.0,2.6,180.0,gi_sheet,0.002,concrete,0.15,eps,0.025,west,1.5,0.9,0.65,3.5,41.018,46.938,0.0,7.208
Delhi,28.6139,77.209,cold,3.0,3.0,2.6,0.0,brick,0.23,aerated_concrete,0.2,sheep_wool,0.15,west,1.8,0.6,0.75,3.5,36.918,38.155,0.0,7.085
Delhi,28.6139,77.209,cold,3.0,3.0,2.6,0.0,plywood,0.019,concrete,0.1,sheep_wool,0.05,west,1.8,1.5,0.55,1.2,39.702,45.68,0.0,7.258
Delhi,28.6139,77.209,cold,3.0,3.0,2.6,135.0,stone,0.45,brick,0.115,mineral_wool,0.1,east,1.5,1.2,0.45,1.2,37.144,38.047,0.0,7.048
Delhi,28.6139,77.209,cold,3.0,3.0,2.6,45.0,concrete,0.3,stone,0.3,eps,0.1,south,1.8,1.5,0.35,3.5,37.48,38.686,0.0,7.057
Delhi,28.6139,77.209,cold,3.0,3.0,2.6,135.0,aerated_concrete,0.1,rcc_slab,0.25,eps,0.15,south,1.8,0.6,0.45,3.5,36.281,37.794,0.0,7.137
Delhi,28.6139,77.209,cold,3.0,3.0,2.6,135.0,timber,0.15,gi_sheet,0.002,none,0.0,south,0.6,0.6,0.55,1.6,43.028,52.992,0.0,7.226
Delhi,28.6139,77.209,cold,3.0,3.0,2.6,180.0,puf_sandwich_panel,0.05,timber,0.1,xps,0.15,south,1.2,1.2,0.45,5.8,36.012,39.281,0.0,7.386
Delhi,28.6139,77.209,cold,3.0,3.0,2.6,0.0,aerated_concrete,0.2,mud_brick,0.25,mineral_wool,0.05,south,1.8,1.2,0.75,1.6,38.313,40.765,0.0,7.128
Delhi,28.6139,77.209,cold,3.0,3.0,2.6,135.0,aerated_concrete,0.2,aerated_concrete,0.1,eps,0.15,west,0.9,1.5,0.75,2.6,37.381,39.741,0.0,7.189
Delhi,28.6139,77.209,cold,3.0,3.0,2.6,90.0,brick,0.23,puf_sandwich_panel,0.075,sheep_wool,0.1,south,1.8,1.2,0.65,2.0,37.853,39.598,0.0,7.092
Delhi,28.6139,77.209,cold,3.0,3.0,2.6,90.0,brick,0.115,rcc_slab,0.2,sheep_wool,0.15,east,1.8,1.5,0.85,5.8,38.834,41.294,0.0,7.105
Delhi,28.6139,77.209,cold,3.0,3.0,2.6,45.0,aerated_concrete,0.1,puf_sandwich_panel,0.1,xps,0.1,west,1.2,1.2,0.45,3.5,36.435,39.568,0.0,7.285
Delhi,28.6139,77.209,cold,3.0,3.0,2.6,45.0,brick,0.115,gi_sheet,0.002,eps,0.2,north,0.6,0.9,0.75,2.6,36.443,37.966,0.0,7.137
Delhi,28.6139,77.209,cold,3.0,3.0,2.6,135.0,timber,0.15,gi_sheet,0.002,sheep_wool,0.1,south,1.5,0.9,0.65,3.5,37.124,40.183,0.0,7.227
Delhi,28.6139,77.209,cold,3.0,3.0,2.6,135.0,plywood,0.019,aerated_concrete,0.2,sheep_wool,0.15,west,1.8,1.5,0.75,1.2,40.097,45.55,0.0,7.318
Delhi,28.6139,77.209,cold,3.0,3.0,2.6,0.0,brick,0.23,stone,0.15,eps,0.2,south,1.2,1.2,0.75,3.5,36.771,37.86,0.0,7.077
Delhi,28.6139,77.209,cold,3.0,3.0,2.6,0.0,brick,0.345,concrete,0.2,eps,0.2,east,1.5,0.9,0.75,5.8,37.499,38.632,0.0,7.061
Delhi,28.6139,77.209,cold,3.0,3.0,2.6,0.0,mud_brick,0.15,timber,0.15,eps,0.15,north,1.2,1.5,0.75,5.8,37.608,39.482,0.0,7.114
Delhi,28.6139,77.209,cold,3.0,3.0,2.6,135.0,gi_sheet,0.002,concrete,0.1,mineral_wool,0.1,south,0.6,1.5,0.45,1.6,37.636,41.052,0.0,7.239
Delhi,28.6139,77.209,cold,3.0,3.0,2.6,135.0,gi_sheet,0.002,aerated_concrete,0.2,none,0.0,west,1.2,1.5,0.55,1.2,43.21,54.978,0.006,7.309
Delhi,28.6139,77.209,cold,3.0,3.0,2.6,45.0,stone,0.45,brick,0.115,sheep_wool,0.1,west,1.5,1.2,0.65,2.6,37.489,38.574,0.0,7.048
Delhi,28.6139,77.209,cold,3.0,3.0,2.6,45.0,concrete,0.1,concrete,0.15,eps,0.025,north,1.2,0.6,0.35,2.6,39.964,43.224,0.0,7.108
Delhi,28.6139,77.209,cold,3.0,3.0,2.6,0.0,timber,0.2,brick,0.115,eps,0.2,south,1.5,0.6,0.45,5.8,35.614,36.932,0.0,7.152
Delhi,28.6139,77.209,cold,3.0,3.0,2.6,45.0,concrete,0.15,concrete,0.2,eps,0.15,south,1.8,0.9,0.65,3.5,37.496,39.016,0.0,7.085
Delhi,28.6139,77.209,cold,3.0,3.0,2.6,0.0,rammed_earth,0.3,puf_sandwich_panel,0.1,sheep_wool,0.05,east,1.8,1.2,0.55,1.2,38.629,40.434,0.0,7.081
Delhi,28.6139,77.209,cold,3.0,3.0,2.6,180.0,plywood,0.019,stone,0.3,none,0.0,north,1.2,0.6,0.75,1.6,43.167,50.666,0.0,7.132
Delhi,28.6139,77.209,cold,3.0,3.0,2.6,180.0,gi_sheet,0.002,mud_brick,0.25,xps,0.1,south,1.2,0.6,0.85,1.6,37.732,40.364,0.0,7.175
Delhi,28.6139,77.209,cold,3.0,3.0,2.6,180.0,timber,0.1,aerated_concrete,0.2,none,0.0,north,0.9,1.5,0.35,1.6,39.284,44.257,0.0,7.231
Delhi,28.6139,77.209,cold,3.0,3.0,2.6,135.0,stone,0.45,gi_sheet,0.002,mineral_wool,0.05,south,1.8,0.9,0.75,1.2,38.265,39.703,0.0,7.049
Delhi,28.6139,77.209,cold,3.0,3.0,2.6,0.0,mud_brick,0.45,timber,0.15,eps,0.1,north,1.2,0.9,0.65,2.0,36.486,37.204,0.0,7.058
Delhi,28.6139,77.209,cold,3.0,3.0,2.6,135.0,mud_brick,0.45,mud_brick,0.25,xps,0.1,east,1.2,0.6,0.75,5.8,36.493,37.173,0.0,7.053
Delhi,28.6139,77.209,cold,3.0,3.0,2.6,135.0,puf_sandwich_panel,0.05,concrete,0.2,xps,0.1,east,1.2,0.6,0.45,5.8,35.859,37.657,0.0,7.188
Delhi,28.6139,77.209,cold,3.0,3.0,2.6,180.0,puf_sandwich_panel,0.05,aerated_concrete,0.1,none,0.0,north,0.6,0.9,0.65,2.6,38.371,44.606,0.0,7.414
Delhi,28.6139,77.209,cold,3.0,3.0,2.6,135.0,rammed_earth,0.3,gi_sheet,0.002,xps,0.05,north,1.2,0.9,0.45,1.6,37.77,39.253,0.0,7.078
Delhi,28.6139,77.209,cold,3.0,3.0,2.6,90.0,rammed_earth,0.15,puf_sandwich_panel,0.05,none,0.0,west,1.2,0.9,0.55,3.5,40.974,45.711,0.0,7.125
Delhi,28.6139,77.209,cold,3.0,3.0,2.6,90.0,mud_brick,0.15,stone,0.15,eps,0.15,east,1.2,0.9,0.85,1.2,36.732,37.976,0.0,7.095
Delhi,28.6139,77.209,cold,3.0,3.0,2.6,90.0,mud_brick,0.15,puf_sandwich_panel,0.1,mineral_wool,0.05,west,1.5,0.9,0.55,1.2,37.524,39.432,0.0,7.12
Delhi,28.6139,77.209,cold,3.0,3.0,2.6,180.0,mud_brick,0.15,brick,0.115,eps,0.2,east,1.5,0.6,0.65,1.2,36.425,37.618,0.0,7.104
Delhi,28.6139,77.209,cold,3.0,3.0,2.6,45.0,brick,0.345,aerated_concrete,0.1,mineral_wool,0.15,south,0.6,1.5,0.65,1.2,36.29,37.028,0.0,7.067
Delhi,28.6139,77.209,cold,3.0,3.0,2.6,0.0,plywood,0.012,gi_sheet,0.002,eps,0.05,west,1.2,1.2,0.35,2.0,38.419,45.182,0.0,7.447
Delhi,28.6139,77.209,cold,3.0,3.0,2.6,45.0,mud_brick,0.3,rcc_slab,0.1,xps,0.05,south,1.5,1.5,0.85,5.8,39.143,41.27,0.0,7.072
Delhi,28.6139,77.209,cold,3.0,3.0,2.6,0.0,concrete,0.15,timber,0.15,eps,0.15,south,1.2,1.2,0.85,3.5,37.47,39.158,0.0,7.101
Delhi,28.6139,77.209,cold,3.0,3.0,2.6,45.0,stone,0.45,brick,0.23,sheep_wool,0.15,east,1.2,1.2,0.45,3.5,36.872,37.627,0.0,7.046
Delhi,28.6139,77.209,cold,3.0,3.0,2.6,45.0,timber,0.15,timber,0.1,xps,0.05,south,1.5,1.5,0.45,3.5,37.789,41.272,0.0,7.215
Delhi,28.6139,77.209,cold,3.0,3.0,2.6,135.0,rammed_earth,0.45,stone,0.15,sheep_wool,0.1,south,1.2,0.9,0.85,5.8,37.167,38.194,0.0,7.056
Delhi,28.6139,77.209,cold,3.0,3.0,2.6,135.0,rammed_earth,0.45,mud_brick,0.15,sheep_wool,0.1,east,1.8,1.5,0.65,1.6,37.954,39.358,0.0,7.059
Delhi,28.6139,77.209,cold,3.0,3.0,2.6,135.0,timber,0.2,rcc_slab,0.15,sheep_wool,0.05,north,1.8,1.5,0.55,1.2,39.279,42.257,0.0,7.141
Delhi,28.6139,77.209,cold,3.0,3.0,2.6,45.0,timber,0.2,puf_sandwich_panel,0.05,eps,0.2,south,0.6,0.9,0.75,1.6,35.203,36.658,0.0,7.193
Delhi,28.6139,77.209,cold,3.0,3.0,2.6,90.0,timber,0.1,stone,0.3,eps,0.15,east,1.8,0.6,0.55,2.0,36.078,37.245,0.0,7.116
Delhi,28.6139,77.209,cold,3.0,3.0,2.6,45.0,plywood,0.019,concrete,0.1,none,0.0,south,1.2,1.5,0.55,2.6,44.217,57.364,0.0,7.257
Delhi,28.6139,77.209,cold,3.0,3.0,2.6,180.0,plywood,0.03,timber,0.15,mineral_wool,0.05,south,1.2,0.9,0.75,2.6,38.178,42.845,0.0,7.318
Delhi,28.6139,77.209,cold,3.0,3.0,2.6,45.0,stone,0.45,brick,0.115,xps,0.05,south,1.2,1.2,0.55,2.6,37.814,39.043,0.0,7.047
Delhi,28.6139,77.209,cold,3.0,3.0,2.6,0.0,aerated_concrete,0.2,gi_sheet,0.002,sheep_wool,0.15,south,0.9,1.2,0.45,2.6,35.915,37.826,0.0,7.2
Delhi,28.6139,77.209,cold,3.0,3.0,2.6,135.0,timber,0.1,puf_sandwich_panel,0.1,none,0.0,east,1.5,1.2,0.85,3.5,39.805,46.319,0.0,7.286
Delhi,28.6139,77.209,cold,3.0,3.0,2.6,135.0,brick,0.23,rcc_slab,0.15,xps,0.15,south,1.8,0.9,0.85,2.6,37.504,38.914,0.0,7.079
Delhi,28.6139,77.209,cold,3.0,3.0,2.6,0.0,timber,0.15,stone,0.15,sheep_wool,0.1,west,0.6,0.6,0.65,2.6,36.136,37.662,0.0,7.144
Delhi,28.6139,77.209,cold,3.0,3.0,2.6,180.0,brick,0.115,puf_sandwich_panel,0.15,eps,0.1,south,1.5,0.9,0.75,3.5,37.636,39.804,0.0,7.142
Delhi,28.6139,77.209,cold,3.0,3.0,2.6,135.0,mud_brick,0.15,brick,0.23,xps,0.15,north,0.6,0.9,0.75,2.0,36.5,37.547,0.0,7.092
Delhi,28.6139,77.209,cold,3.0,3.0,2.6,135.0,stone,0.3,timber,0.15,sheep_wool,0.05,north,0.6,1.2,0.45,2.6,37.898,39.269,0.0,7.06
Delhi,28.6139,77.209,cold,3.0,3.0,2.6,135.0,mud_brick,0.15,puf_sandwich_panel,0.1,sheep_wool,0.15,south,1.8,0.9,0.55,1.2,36.849,38.442,0.0,7.121
Delhi,28.6139,77.209,cold,3.0,3.0,2.6,180.0,rammed_earth,0.3,aerated_concrete,0.2,sheep_wool,0.15,north,0.6,1.5,0.65,1.2,36.309,37.133,0.0,7.075
Delhi,28.6139,77.209,cold,3.0,3.0,2.6,0.0,brick,0.23,gi_sheet,0.002,sheep_wool,0.05,north,1.2,0.9,0.85,2.6,38.587,40.623,0.0,7.089
Delhi,28.6139,77.209,cold,3.0,3.0,2.6,180.0,plywood,0.012,puf_sandwich_panel,0.15,xps,0.05,east,1.5,0.9,0.55,5.8,38.141,44.333,0.0,7.46
Delhi,28.6139,77.209,cold,3.0,3.0,2.6,180.0,plywood,0.05,brick,0.23,mineral_wool,0.1,south,1.5,0.6,0.35,5.8,36.72,38.791,0.0,7.17
Delhi,28.6139,77.209,cold,3.0,3.0,2.6,180.0,aerated_concrete,0.3,brick,0.115,eps,0.15,east,0.9,0.9,0.75,5.8,36.222,37.675,0.0,7.131
Delhi,28.6139,77.209,cold,3.0,3.0,2.6,90.0,timber,0.1,mud_brick,0.25,mineral_wool,0.05,east,1.2,0.9,0.65,2.0,37.56,39.905,0.0,7.148
Delhi,28.6139,77.209,cold,3.0,3.0,2.6,135.0,brick,0.23,rcc_slab,0.15,eps,0.025,west,0.9,1.5,0.75,1.2,40.344,42.957,0.0,7.079
Delhi,28.6139,77.209,cold,3.0,3.0,2.6,180.0,rammed_earth,0.3,concrete,0.2,sheep_wool,0.05,east,0.6,0.9,0.75,1.6,37.794,39.211,0.0,7.067
Delhi,28.6139,77.209,cold,3.0,3.0,2.6,180.0,puf_sandwich_panel,0.1,brick,0.23,sheep_wool,0.1,west,0.9,1.2,0.45,5.8,36.531,38.582,0.0,7.192
Delhi,28.6139,77.209,cold,3.0,3.0,2.6,135.0,rammed_earth,0.3,mud_brick,0.15,mineral_wool,0.15,south,0.6,1.2,0.35,3.5,36.06,36.726,0.0,7.07
Delhi,28.6139,77.209,cold,3.0,3.0,2.6,0.0,plywood,0.05,puf_sandwich_panel,0.05,xps,0.1,west,0.9,1.5,0.45,5.8,36.739,40.951,0.0,7.369
Delhi,28.6139,77.209,cold,3.0,3.0,2.6,180.0,rammed_earth,0.45,stone,0.15,eps,0.05,east,0.9,1.2,0.45,3.5,37.422,38.56,0.0,7.056
Delhi,28.6139,77.209,cold,3.0,3.0,2.6,180.0,aerated_concrete,0.3,rcc_slab,0.25,xps,0.15,south,1.5,1.2,0.35,3.5,36.142,37.212,0.0,7.105
Delhi,28.6139,77.209,cold,3.0,3.0,2.6,90.0,rammed_earth,0.15,puf_sandwich_panel,0.075,sheep_wool,0.1,east,1.5,1.5,0.45,1.2,37.171,39.018,0.0,7.128
Delhi,28.6139,77.209,cold,3.0,3.0,2.6,135.0,concrete,0.3,stone,0.15,mineral_wool,0.1,north,0.9,0.6,0.85,1.6,37.14,38.145,0.0,7.06
Delhi,28.6139,77.209,cold,3.0,3.0,2.6,180.0,brick,0.115,mud_brick,0.25,mineral_wool,0.1,south,0.6,0.9,0.75,1.2,37.156,38.61,0.0,7.101
Delhi,28.6139,77.209,cold,3.0,3.0,2.6,45.0,aerated_concrete,0.1,aerated_concrete,0.2,eps,0.15,west,1.2,0.6,0.35,1.6,35.602,37.57,0.0,7.229
Delhi,28.6139,77.209,cold,3.0,3.0,2.6,135.0,mud_brick,0.45,rcc_slab,0.1,eps,0.2,east,0.6,1.5,0.75,2.0,36.101,36.62,0.0,7.056
Delhi,28.6139,77.209,cold,3.0,3.0,2.6,135.0,timber,0.15,mud_brick,0.25,eps,0.2,east,0.6,0.6,0.65,5.8,35.356,36.367,0.0,7.133
Delhi,28.6139,77.209,cold,3.0,3.0,2.6,90.0,brick,0.115,timber,0.1,eps,0.025,west,1.8,0.6,0.75,3.5,39.587,43.039,0.0,7.135
Delhi,28.6139,77.209,cold,3.0,3.0,2.6,180.0,stone,0.15,rcc_slab,0.15,sheep_wool,0.1,south,0.9,0.9,0.85,3.5,37.829,39.389,0.0,7.082
Delhi,28.6139,77.209,cold,3.0,3.0,2.6,180.0,aerated_concrete,0.2,brick,0.115,xps,0.05,east,1.8,1.5,0.45,5.8,38.522,41.889,0.0,7.162
Delhi,28.6139,77.209,cold,3.0,3.0,2.6,0.0,mud_brick,0.45,puf_sandwich_panel,0.075,none,0.0,south,1.8,0.9,0.85,3.5,38.764,40.582,0.0,7.06
Delhi,28.6139,77.209,cold,3.0,3.0,2.6,180.0,stone,0.15,gi_sheet,0.002,eps,0.025,south,1.2,0.9,0.55,1.6,39.942,42.893,0.0,7.096
Delhi,28.6139,77.209,cold,3.0,3.0,2.6,180.0,aerated_concrete,0.2,rcc_slab,0.15,mineral_wool,0.05,east,1.5,0.6,0.85,5.8,37.87,40.367,0.0,7.14
Delhi,28.6139,77.209,cold,3.0,3.0,2.6,90.0,concrete,0.15,timber,0.1,xps,0.15,east,1.2,0.6,0.65,1.2,36.423,37.592,0.0,7.101
Delhi,28.6139,77.209,cold,3.0,3.0,2.6,180.0,gi_sheet,0.002,stone,0.3,sheep_wool,0.1,north,0.9,1.5,0.35,5.8,37.915,40.227,0.0,7.13
Delhi,28.6139,77.209,cold,3.0,3.0,2.6,180.0,brick,0.115,aerated_concrete,0.1,xps,0.1,south,1.2,0.9,0.75,2.6,37.57,39.624,0.0,7.135
Delhi,28.6139,77.209,cold,3.0,3.0,2.6,0.0,plywood,0.019,mud_brick,0.15,sheep_wool,0.1,south,1.2,1.5,0.85,1.2,38.301,42.278,0.0,7.233
Delhi,28.6139,77.209,cold,3.0,3.0,2.6,0.0,rammed_earth,0.15,stone,0.3,sheep_wool,0.05,east,0.6,1.5,0.35,2.0,38.145,39.869,0.0,7.082
Delhi,28.6139,77.209,cold,3.0,3.0,2.6,45.0,concrete,0.1,gi_sheet,0.002,eps,0.025,west,0.9,1.5,0.85,3.5,40.614,45.07,0.0,7.138
Delhi,28.6139,77.209,cold,3.0,3.0,2.6,0.0,plywood,0.012,rcc_slab,0.1,sheep_wool,0.15,south,0.6,1.2,0.75,2.0,36.776,39.895,0.0,7.259
Delhi,28.6139,77.209,cold,3.0,3.0,2.6,45.0,gi_sheet,0.002,concrete,0.15,eps,0.2,west,0.6,1.2,0.85,3.5,36.871,39.556,0.0,7.203
Delhi,28.6139,77.209,cold,3.0,3.0,2.6,0.0,mud_brick,0.15,gi_sheet,0.002,xps,0.1,south,1.5,0.6,0.65,1.2,36.763,38.312,0.0,7.118
Delhi,28.6139,77.209,cold,3.0,3.0,2.6,135.0,concrete,0.15,mud_brick,0.25,none,0.0,north,1.2,0.9,0.35,2.0,42.875,48.027,0.0,7.084
Delhi,28.6139,77.209,cold,3.0,3.0,2.6,0.0,gi_sheet,0.002,concrete,0.15,sheep_wool,0.1,west,1.5,1.2,0.35,2.6,37.901,41.478,0.0,7.207
Delhi,28.6139,77.209,cold,3.0,3.0,2.6,90.0,concrete,0.2,rcc_slab,0.25,sheep_wool,0.1,south,0.9,0.6,0.85,2.0,37.176,38.365,0.0,7.07
Delhi,28.6139,77.209,cold,3.0,3.0,2.6,0.0,timber,0.1,puf_sandwich_panel,0.05,mineral_wool,0.1,south,1.2,0.9,0.45,1.6,36.055,38.636,0.0,7.269
Delhi,28.6139,77.209,cold,3.0,3.0,2.6,90.0,timber,0.15,aerated_concrete,0.1,none,0.0,east,1.2,1.2,0.55,1.6,39.71,44.749,0.0,7.215
Delhi,28.6139,77.209,cold,3.0,3.0,2.6,180.0,stone,0.45,timber,0.15,eps,0.025,west,1.8,0.6,0.75,1.2,38.893,40.558,0.0,7.048
Delhi,28.6139,77.209,cold,3.0,3.0,2.6,45.0,concrete,0.2,brick,0.115,xps,0.05,west,0.6,0.9,0.65,1.6,38.003,39.66,0.0,7.079
Delhi,28.6139,77.209,cold,3.0,3.0,2.6,135.0,mud_brick,0.3,puf_sandwich_panel,0.15,mineral_wool,0.1,west,1.2,0.9,0.55,2.0,36.747,37.705,0.0,7.075
Delhi,28.6139,77.209,cold,3.0,3.0,2.6,180.0,concrete,0.1,brick,0.115,mineral_wool,0.1,north,1.5,0.9,0.75,5.8,38.273,40.545,0.0,7.116
Delhi,28.6139,77.209,cold,3.0,3.0,2.6,90.0,timber,0.15,stone,0.3,eps,0.1,north,1.8,1.2,0.75,2.0,39.19,41.47,0.0,7.109
Delhi,28.6139,77.209,cold,3.0,3.0,2.6,45.0,puf_sandwich_panel,0.1,gi_sheet,0.002,eps,0.15,east,0.6,1.5,0.75,3.5,36.056,39.53,0.0,7.445
Delhi,28.6139,77.209,cold,3.0,3.0,2.6,0.0,rammed_earth,0.3,brick,0.115,xps,0.15,south,1.8,1.2,0.75,2.6,37.357,38.683,0.0,7.074
Delhi,28.6139,77.209,cold,3.0,3.0,2.6,0.0,brick,0.345,brick,0.23,eps,0.2,south,0.9,0.6,0.65,2.0,35.787,36.23,0.0,7.061
Delhi,28.6139,77.209,cold,3.0,3.0,2.6,135.0,concrete,0.1,rcc_slab,0.25,none,0.0,south,0.9,0.6,0.45,2.0,43.827,50.642,0.0,7.095
Delhi,28.6139,77.209,cold,3.0,3.0,2.6,180.0,gi_sheet,0.002,aerated_concrete,0.1,sheep_wool,0.15,north,0.9,0.6,0.75,5.8,37.262,41.268,0.0,7.349
Delhi,28.6139,77.209,cold,3.0,3.0,2.6,135.0,aerated_concrete,0.2,timber,0.1,xps,0.15,west,0.9,0.9,0.85,1.6,36.52,38.419,0.0,7.186
Delhi,28.6139,77.209,cold,3.0,3.0,2.6,0.0,brick,0.115,timber,0.1,mineral_wool,0.15,east,0.6,0.9,0.35,1.2,36.301,37.723,0.0,7.13
Delhi,28.6139,77.209,cold,3.0,3.0,2.6,135.0,stone,0.3,stone,0.3,eps,0.1,south,0.9,0.6,0.35,2.6,36.73,37.499,0.0,7.052
Delhi,28.6139,77.209,cold,3.0,3.0,2.6,0.0,rammed_earth,0.15,puf_sandwich_panel,0.1,sheep_wool,0.05,south,0.9,0.6,0.35,5.8,37.175,39.046,0.0,7.123
Delhi,28.6139,77.209,cold,3.0,3.0,2.6,90.0,gi_sheet,0.002,concrete,0.2,eps,0.15,north,1.8,0.6,0.75,1.2,37.986,40.674,0.0,7.177
Delhi,28.6139,77.209,cold,3.0,3.0,2.6,45.0,brick,0.23,stone,0.15,xps,0.1,north,0.6,0.9,0.75,2.6,36.885,37.942,0.0,7.076
Delhi,28.6139,77.209,cold,3.0,3.0,2.6,45.0,puf_sandwich_panel,0.15,brick,0.115,eps,0.15,south,1.2,1.2,0.55,2.6,35.912,38.476,0.0,7.264
Delhi,28.6139,77.209,cold,3.0,3.0,2.6,90.0,puf_sandwich_panel,0.075,aerated_concrete,0.2,xps,0.05,north,1.5,1.5,0.75,1.2,39.381,44.713,0.0,7.342
Delhi,28.6139,77.209,cold,3.0,3.0,2.6,135.0,puf_sandwich_panel,0.1,rcc_slab,0.2,sheep_wool,0.05,south,1.2,1.2,0.65,2.0,37.283,40.008,0.0,7.188
Delhi,28.6139,77.209,cold,3.0,3.0,2.6,90.0,puf_sandwich_panel,0.075,timber,0.15,xps,0.1,north,1.2,0.6,0.65,2.6,35.964,38.767,0.0,7.357
Delhi,28.6139,77.209,cold,3.0,3.0,2.6,135.0,concrete,0.15,brick,0.23,sheep_wool,0.15,east,1.2,0.9,0.35,1.2,36.903,38.08,0.0,7.085
Delhi,28.6139,77.209,cold,3.0,3.0,2.6,0.0,brick,0.115,brick,0.23,sheep_wool,0.05,east,1.2,1.2,0.35,1.2,38.835,41.22,0.0,7.105
Delhi,28.6139,77.209,cold,3.0,3.0,2.6,135.0,mud_brick,0.15,brick,0.23,mineral_wool,0.15,north,0.9,1.5,0.35,2.6,36.784,37.963,0.0,7.092
Delhi,28.6139,77.209,cold,3.0,3.0,2.6,45.0,mud_brick,0.15,aerated_concrete,0.1,eps,0.15,south,1.5,1.5,0.65,2.0,37.687,39.733,0.0,7.118
Delhi,28.6139,77.209,cold,3.0,3.0,2.6,180.0,stone,0.15,timber,0.15,eps,0.2,west,0.9,1.5,0.35,1.6,37.086,38.349,0.0,7.092
Delhi,28.6139,77.209,cold,3.0,3.0,2.6,0.0,concrete,0.1,brick,0.115,mineral_wool,0.15,east,0.6,1.5,0.65,2.0,37.479,39.251,0.0,7.114
Delhi,28.6139,77.209,cold,3.0,3.0,2.6,45.0,gi_sheet,0.002,timber,0.1,eps,0.025,west,0.6,1.2,0.35,2.0,39.389,46.381,0.0,7.355
Delhi,28.6139,77.209,cold,3.0,3.0,2.6,90.0,concrete,0.1,rcc_slab,0.1,eps,0.15,east,1.8,0.6,0.75,5.8,37.257,39.03,0.0,7.116
Delhi,28.6139,77.209,cold,3.0,3.0,2.6,180.0,aerated_concrete,0.2,mud_brick,0.25,mineral_wool,0.1,east,1.2,0.6,0.65,1.6,36.319,37.73,0.0,7.125
Delhi,28.6139,77.209,cold,3.0,3.0,2.6,45.0,rammed_earth,0.3,mud_brick,0.15,xps,0.1,east,1.2,0.6,0.55,1.2,36.578,37.461,0.0,7.071
Delhi,28.6139,77.209,cold,3.0,3.0,2.6,45.0,rammed_earth,0.15,stone,0.3,sheep_wool,0.15,south,0.6,1.5,0.65,2.6,36.664,37.746,0.0,7.082
Delhi,28.6139,77.209,cold,3.0,3.0,2.6,45.0,gi_sheet,0.002,stone,0.3,mineral_wool,0.15,east,0.6,0.6,0.55,2.6,36.644,38.251,0.0,7.127
Delhi,28.6139,77.209,cold,3.0,3.0,2.6,45.0,brick,0.345,brick,0.115,xps,0.05,south,0.9,0.6,0.55,2.6,37.43,38.653,0.0,7.064
Delhi,28.6139,77.209,cold,3.0,3.0,2.6,135.0,stone,0.45,gi_sheet,0.002,mineral_wool,0.1,north,1.5,0.9,0.55,5.8,37.425,38.451,0.0,7.048
Delhi,28.6139,77.209,cold,3.0,3.0,2.6,135.0,timber,0.15,gi_sheet,0.002,none,0.0,west,1.2,1.2,0.45,3.5,43.458,53.855,0.0,7.23
Delhi,28.6139,77.209,cold,3.0,3.0,2.6,0.0,rammed_earth,0.3,brick,0.23,mineral_wool,0.1,north,1.5,0.6,0.55,3.5,36.687,37.618,0.0,7.068
Delhi,28.6139,77.209,cold,3.0,3.0,2.6,135.0,rammed_earth,0.45,concrete,0.15,xps,0.1,east,0.6,1.5,0.85,2.6,36.76,37.589,0.0,7.056
Delhi,28.6139,77.209,cold,3.0,3.0,2.6,45.0,plywood,0.05,mud_brick,0.25,eps,0.025,west,0.6,1.5,0.85,1.2,39.116,42.887,0.0,7.169
Delhi,28.6139,77.209,cold,3.0,3.0,2.6,135.0,plywood,0.03,concrete,0.15,xps,0.15,north,1.2,1.5,0.85,2.6,38.64,41.947,0.0,7.204
Delhi,28.6139,77.209,cold,3.0,3.0,2.6,180.0,brick,0.23,mud_brick,0.15,mineral_wool,0.05,south,0.6,0.9,0.35,5.8,37.73,39.232,0.0,7.079
Delhi,28.6139,77.209,cold,3.0,3.0,2.6,180.0,plywood,0.05,gi_sheet,0.002,eps,0.025,west,0.6,1.2,0.65,3.5,39.531,46.162,0.0,7.363
Delhi,28.6139,77.209,cold,3.0,3.0,2.6,180.0,timber,0.1,gi_sheet,0.002,xps,0.05,north,1.8,1.5,0.75,1.2,39.111,44.333,0.0,7.28
Delhi,28.6139,77.209,cold,3.0,3.0,2.6,0.0,timber,0.2,brick,0.115,xps,0.05,east,1.8,1.5,0.45,1.2,39.044,42.017,0.0,7.158
Delhi,28.6139,77.209,cold,3.0,3.0,2.6,0.0,rammed_earth,0.15,brick,0.23,xps,0.05,north,0.9,1.5,0.75,5.8,38.48,40.595,0.0,7.096
Delhi,28.6139,77.209,cold,3.0,3.0,2.6,135.0,stone,0.3,puf_sandwich_panel,0.075,mineral_wool,0.1,east,1.8,0.6,0.35,3.5,36.779,37.678,0.0,7.061
Delhi,28.6139,77.209,cold,3.0,3.0,2.6,45.0,plywood,0.019,brick,0.23,xps,0.05,west,0.6,0.6,0.35,2.6,37.664,40.64,0.0,7.187
Delhi,28.6139,77.209,cold,3.0,3.0,2.6,45.0,concrete,0.3,mud_brick,0.15,eps,0.15,south,1.8,0.9,0.65,1.2,37.061,38.117,0.0,7.063
Delhi,28.6139,77.209,cold,3.0,3.0,2.6,45.0,stone,0.3,rcc_slab,0.2,eps,0.025,west,0.6,1.5,0.65,3.5,39.283,41.276,0.0,7.056
Delhi,28.6139,77.209,cold,3.0,3.0,2.6,180.0,rammed_earth,0.3,gi_sheet,0.002,xps,0.05,south,1.8,1.5,0.75,1.6,39.113,41.258,0.0,7.081
Delhi,28.6139,77.209,cold,3.0,3.0,2.6,135.0,mud_brick,0.45,concrete,0.1,xps,0.1,north,1.8,0.6,0.55,1.6,36.731,37.507,0.0,7.056
Delhi,28.6139,77.209,cold,3.0,3.0,2.6,0.0,mud_brick,0.15,aerated_concrete,0.2,eps,0.2,east,0.9,1.5,0.65,2.6,37.377,38.969,0.0,7.111
Delhi,28.6139,77.209,cold,3.0,3.0,2.6,45.0,puf_sandwich_panel,0.1,brick,0.23,xps,0.15,west,0.9,0.9,0.65,2.6,35.435,37.001,0.0,7.189
Delhi,28.6139,77.209,cold,3.0,3.0,2.6,0.0,puf_sandwich_panel,0.1,aerated_concrete,0.1,xps,0.1,north,0.6,1.2,0.65,1.6,35.389,38.185,0.0,7.39
Delhi,28.6139,77.209,cold,3.0,3.0,2.6,45.0,timber,0.2,stone,0.15,mineral_wool,0.05,north,1.8,0.9,0.65,2.0,38.536,40.982,0.0,7.133
Delhi,28.6139,77.209,cold,3.0,3.0,2.6,90.0,concrete,0.2,stone,0.15,eps,0.1,south,0.9,0.6,0.75,2.6,36.983,38.13,0.0,7.075
Delhi,28.6139,77.209,cold,3.0,3.0,2.6,135.0,plywood,0.012,mud_brick,0.15,eps,0.15,west,1.2,0.9,0.55,2.6,37.389,40.279,0.0,7.235
Delhi,28.6139,77.209,cold,3.0,3.0,2.6,135.0,rammed_earth,0.15,aerated_concrete,0.1,xps,0.1,west,0.6,0.6,0.45,2.0,36.545,37.922,0.0,7.118
Delhi,28.6139,77.209,cold,3.0,3.0,2.6,135.0,brick,0.345,stone,0.3,xps,0.05,west,1.2,1.5,0.75,2.6,38.954,40.691,0.0,7.058
Delhi,28.6139,77.209,cold,3.0,3.0,2.6,135.0,brick,0.115,rcc_slab,0.2,eps,0.15,south,1.8,0.9,0.35,3.5,37.04,38.529,0.0,7.104
Delhi,28.6139,77.209,cold,3.0,3.0,2.6,90.0,gi_sheet,0.002,timber,0.1,xps,0.1,west,1.5,0.9,0.75,5.8,37.969,42.82,0.0,7.347
Delhi,28.6139,77.209,cold,3.0,3.0,2.6,45.0,timber,0.2,timber,0.15,mineral_wool,0.05,west,1.5,0.6,0.45,2.6,36.646,38.784,0.0,7.175
Delhi,28.6139,77.209,cold,3.0,3.0,2.6,180.0,concrete,0.2,mud_brick,0.25,none,0.0,north,0.9,0.6,0.85,3.5,42.377,46.642,0.0,7.073
Delhi,28.6139,77.209,cold,3.0,3.0,2.6,135.0,brick,0.345,rcc_slab,0.15,eps,0.025,west,0.9,0.6,0.35,2.0,38.767,40.546,0.0,7.062
Delhi,28.6139,77.209,cold,3.0,3.0,2.6,90.0,concrete,0.1,gi_sheet,0.002,xps,0.05,west,1.2,0.6,0.65,5.8,38.327,40.997,0.0,7.136
Delhi,28.6139,77.209,cold,3.0,3.0,2.6,180.0,gi_sheet,0.002,stone,0.15,xps,0.15,south,0.6,0.9,0.65,2.6,37.015,39.359,0.0,7.19
Delhi,28.6139,77.209,cold,3.0,3.0,2.6,45.0,puf_sandwich_panel,0.1,mud_brick,0.15,mineral_wool,0.1,north,0.9,0.9,0.55,3.5,36.028,38.117,0.0,7.233
Delhi,28.6139,77.209,cold,3.0,3.0,2.6,90.0,mud_brick,0.45,aerated_concrete,0.1,mineral_wool,0.15,north,1.5,1.2,0.45,2.0,36.966,37.838,0.0,7.059
Delhi,28.6139,77.209,cold,3.0,3.0,2.6,45.0,gi_sheet,0.002,puf_sandwich_panel,0.05,mineral_wool,0.1,south,1.2,0.9,0.85,5.8,37.851,43.567,0.0,7.393
Delhi,28.6139,77.209,cold,3.0,3.0,2.6,45.0,timber,0.1,stone,0.3,eps,0.1,east,0.9,1.2,0.85,5.8,37.621,39.477,0.0,7.116
Delhi,28.6139,77.209,cold,3.0,3.0,2.6,135.0,gi_sheet,0.002,rcc_slab,0.25,eps,0.05,south,1.2,0.9,0.85,3.5,39.26,42.921,0.0,7.158
Delhi,28.6139,77.209,cold,3.0,3.0,2.6,0.0,puf_sandwich_panel,0.05,timber,0.15,sheep_wool,0.15,north,0.9,0.6,0.85,1.6,35.38,37.994,0.0,7.359
Delhi,28.6139,77.209,cold,3.0,3.0,2.6,45.0,gi_sheet,0.002,timber,0.1,mineral_wool,0.15,north,1.5,0.6,0.35,3.5,36.915,40.579,0.0,7.322
Delhi,28.6139,77.209,cold,3.0,3.0,2.6,45.0,stone,0.15,mud_brick,0.15,xps,0.1,west,0.9,1.2,0.35,2.0,36.985,38.256,0.0,7.085
Delhi,28.6139,77.209,cold,3.0,3.0,2.6,180.0,puf_sandwich_panel,0.1,concrete,0.15,sheep_wool,0.15,south,0.6,1.2,0.85,3.5,35.692,37.542,0.0,7.217
Delhi,28.6139,77.209,cold,3.0,3.0,2.6,180.0,timber,0.1,aerated_concrete,0.1,xps,0.05,north,0.6,1.5,0.75,2.0,37.39,40.804,0.0,7.251
Delhi,28.6139,77.209,cold,3.0,3.0,2.6,45.0,brick,0.345,brick,0.23,sheep_wool,0.05,south,0.6,1.5,0.85,3.5,38.098,39.596,0.0,7.061
Delhi,28.6139,77.209,cold,3.0,3.0,2.6,180.0,timber,0.15,rcc_slab,0.25,sheep_wool,0.1,south,0.9,1.5,0.35,2.0,36.526,38.002,0.0,7.126
Delhi,28.6139,77.209,cold,3.0,3.0,2.6,90.0,plywood,0.05,stone,0.3,none,0.0,north,0.9,0.6,0.85,3.5,42.615,48.582,0.0,7.127
Delhi,28.6139,77.209,cold,3.0,3.0,2.6,135.0,brick,0.23,timber,0.15,sheep_wool,0.1,west,0.6,1.5,0.85,3.5,37.78,39.284,0.0,7.086
Delhi,28.6139,77.209,cold,3.0,3.0,2.6,135.0,stone,0.45,gi_sheet,0.002,sheep_wool,0.05,east,1.2,0.9,0.55,3.5,37.998,39.316,0.0,7.048
Delhi,28.6139,77.209,cold,3.0,3.0,2.6,135.0,plywood,0.012,aerated_concrete,0.1,sheep_wool,0.1,east,0.9,1.5,0.65,2.6,37.981,43.399,0.0,7.385
Delhi,28.6139,77.209,cold,3.0,3.0,2.6,90.0,concrete,0.3,gi_sheet,0.002,eps,0.15,west,1.5,0.6,0.55,3.5,36.468,37.291,0.0,7.067
Delhi,28.6139,77.209,cold,3.0,3.0,2.6,45.0,puf_sandwich_panel,0.075,mud_brick,0.25,sheep_wool,0.1,west,0.9,0.6,0.35,5.8,35.541,37.113,0.0,7.185
Delhi,28.6139,77.209,cold,3.0,3.0,2.6,0.0,puf_sandwich_panel,0.075,rcc_slab,0.15,eps,0.15,south,0.9,1.5,0.75,3.5,36.267,38.563,0.0,7.218
Delhi,28.6139,77.209,cold,3.0,3.0,2.6,180.0,aerated_concrete,0.3,concrete,0.1,sheep_wool,0.15,east,1.5,0.9,0.65,2.6,36.616,38.277,0.0,7.132
Delhi,28.6139,77.209,cold,3.0,3.0,2.6,90.0,puf_sandwich_panel,0.15,puf_sandwich_panel,0.05,eps,0.2,west,0.6,1.5,0.85,2.6,35.297,38.272,0.0119,7.448
Delhi,28.6139,77.209,cold,3.0,3.0,2.6,135.0,concrete,0.15,puf_sandwich_panel,0.1,sheep_wool,0.05,north,1.5,1.2,0.85,2.6,39.741,42.492,0.0,7.108
Delhi,28.6139,77.209,cold,3.0,3.0,2.6,180.0,concrete,0.15,brick,0.115,xps,0.15,south,1.8,0.6,0.85,5.8,37.53,39.072,0.0,7.094
Delhi,28.6139,77.209,cold,3.0,3.0,2.6,135.0,plywood,0.012,brick,0.115,eps,0.1,north,1.8,0.9,0.45,1.2,38.042,41.818,0.0,7.265
Delhi,28.6139,77.209,cold,3.0,3.0,2.6,0.0,stone,0.15,timber,0.15,xps,0.15,east,0.9,1.2,0.85,2.6,37.873,39.48,0.0,7.092
Delhi,28.6139,77.209,cold,3.0,3.0,2.6,90.0,stone,0.3,timber,0.1,xps,0.15,north,0.6,1.5,0.45,1.6,36.564,37.32,0.0,7.06
Delhi,28.6139,77.209,cold,3.0,3.0,2.6,0.0,rammed_earth,0.15,timber,0.1,mineral_wool,0.05,south,1.8,1.2,0.75,1.2,38.843,41.536,0.0,7.122
Delhi,28.6139,77.209,cold,3.0,3.0,2.6,0.0,rammed_earth,0.3,stone,0.3,none,0.0,west,0.6,1.2,0.55,1.2,41.933,45.326,0.0,7.062
Delhi,28.6139,77.209,cold,3.0,3.0,2.6,180.0,mud_brick,0.15,aerated_concrete,0.2,sheep_wool,0.15,west,0.9,0.6,0.45,1.2,36.398,37.592,0.0,7.11
Delhi,28.6139,77.209,cold,3.0,3.0,2.6,135.0,timber,0.1,puf_sandwich_panel,0.075,eps,0.1,north,1.2,0.9,0.45,2.6,36.435,39.158,0.0,7.279
Delhi,28.6139,77.209,cold,3.0,3.0,2.6,135.0,rammed_earth,0.15,rcc_slab,0.25,xps,0.1,south,1.5,1.5,0.45,3.5,37.682,39.329,0.0,7.091
Delhi,28.6139,77.209,cold,3.0,3.0,2.6,45.0,aerated_concrete,0.3,puf_sandwich_panel,0.1,xps,0.05,east,1.5,0.6,0.35,1.6,36.005,37.547,0.0,7.161
Delhi,28.6139,77.209,cold,3.0,3.0,2.6,90.0,mud_brick,0.45,rcc_slab,0.15,mineral_wool,0.05,west,1.5,0.6,0.35,2.6,37.094,38.063,0.0,7.055
Delhi,28.6139,77.209,cold,3.0,3.0,2.6,135.0,gi_sheet,0.002,timber,0.15,eps,0.15,east,0.9,1.2,0.75,1.2,37.568,41.8,0.0,7.319
Delhi,28.6139,77.209,cold,3.0,3.0,2.6,90.0,puf_sandwich_panel,0.1,gi_sheet,0.002,eps,0.1,east,0.6,0.9,0.85,3.5,35.522,38.866,0.0119,7.453
Delhi,28.6139,77.209,cold,3.0,3.0,2.6,45.0,stone,0.45,aerated_concrete,0.2,mineral_wool,0.05,east,0.9,0.6,0.75,2.0,37.387,38.404,0.0,7.047
Delhi,28.6139,77.209,cold,3.0,3.0,2.6,135.0,gi_sheet,0.002,brick,0.23,sheep_wool,0.15,south,1.8,1.2,0.85,3.5,39.057,42.905,0.0,7.182
Delhi,28.6139,77.209,cold,3.0,3.0,2.6,90.0,rammed_earth,0.3,rcc_slab,0.15,mineral_wool,0.05,south,1.2,1.2,0.75,5.8,38.426,40.199,0.0,7.071
Delhi,28.6139,77.209,cold,3.0,3.0,2.6,45.0,plywood,0.019,rcc_slab,0.2,mineral_wool,0.1,south,1.8,0.6,0.55,3.5,37.278,39.913,0.0,7.178
Delhi,28.6139,77.209,cold,3.0,3.0,2.6,90.0,concrete,0.15,gi_sheet,0.002,eps,0.2,south,0.9,1.5,0.45,3.5,36.701,38.091,0.0,7.105
Delhi,28.6139,77.209,cold,3.0,3.0,2.6,135.0,gi_sheet,0.002,concrete,0.1,eps,0.025,east,0.9,0.6,0.65,3.5,40.226,46.561,0.0,7.249
Delhi,28.6139,77.209,cold,3.0,3.0,2.6,90.0,mud_brick,0.3,aerated_concrete,0.1,xps,0.05,north,1.5,0.6,0.85,1.2,38.075,39.601,0.0,7.074
Delhi,28.6139,77.209,cold,3.0,3.0,2.6,45.0,rammed_earth,0.45,stone,0.3,mineral_wool,0.1,south,0.9,0.6,0.45,2.6,36.214,36.747,0.0,7.052
Delhi,28.6139,77.209,cold,3.0,3.0,2.6,135.0,gi_sheet,0.002,brick,0.115,xps,0.05,east,0.6,1.2,0.45,2.6,38.589,43.035,0.0,7.252
Delhi,28.6139,77.209,cold,3.0,3.0,2.6,45.0,plywood,0.012,puf_sandwich_panel,0.075,sheep_wool,0.15,south,1.2,1.2,0.55,5.8,37.17,42.547,0.0,7.454
Delhi,28.6139,77.209,cold,3.0,3.0,2.6,90.0,concrete,0.15,rcc_slab,0.15,mineral_wool,0.1,north,1.5,0.6,0.65,2.0,37.742,39.282,0.0,7.088
Delhi,28.6139,77.209,cold,3.0,3.0,2.6,45.0,stone,0.45,rcc_slab,0.25,eps,0.2,south,0.6,0.6,0.35,5.8,35.877,36.177,0.0,7.045
Delhi,28.6139,77.209,cold,3.0,3.0,2.6,180.0,gi_sheet,0.002,concrete,0.15,sheep_wool,0.15,west,1.8,0.9,0.85,2.0,39.673,43.619,0.0,7.206
Delhi,28.6139,77.209,cold,3.0,3.0,2.6,90.0,aerated_concrete,0.3,gi_sheet,0.002,xps,0.15,west,1.8,0.9,0.85,1.2,36.838,38.745,0.0,7.159
Delhi,28.6139,77.209,cold,3.0,3.0,2.6,45.0,brick,0.23,rcc_slab,0.25,sheep_wool,0.15,north,1.8,1.5,0.75,2.0,39.418,41.45,0.0,7.074
Delhi,28.6139,77.209,cold,3.0,3.0,2.6,45.0,plywood,0.03,puf_sandwich_panel,0.1,eps,0.025,north,1.8,0.6,0.85,5.8,39.295,45.815,0.0,7.419
Delhi,28.6139,77.209,cold,3.0,3.0,2.6,0.0,brick,0.23,mud_brick,0.15,none,0.0,south,1.5,1.2,0.55,5.8,42.185,46.366,0.0,7.081
Delhi,28.6139,77.209,cold,3.0,3.0,2.6,180.0,gi_sheet,0.002,mud_brick,0.15,sheep_wool,0.15,south,0.6,1.5,0.35,1.2,37.158,39.931,0.0,7.224
Delhi,28.6139,77.209,cold,3.0,3.0,2.6,0.0,aerated_concrete,0.2,mud_brick,0.15,xps,0.1,north,1.2,1.2,0.75,5.8,37.222,39.323,0.0,7.149
Delhi,28.6139,77.209,cold,3.0,3.0,2.6,180.0,gi_sheet,0.002,rcc_slab,0.2,xps,0.1,north,1.5,0.6,0.55,1.2,37.598,40.234,0.0,7.178
Delhi,28.6139,77.209,cold,3.0,3.0,2.6,180.0,aerated_concrete,0.1,gi_sheet,0.002,sheep_wool,0.15,east,0.6,1.5,0.55,1.2,36.252,39.087,0.0,7.276
Delhi,28.6139,77.209,cold,3.0,3.0,2.6,45.0,rammed_earth,0.45,rcc_slab,0.25,xps,0.1,east,1.8,1.2,0.85,5.8,38.555,40.119,0.0,7.055
Delhi,28.6139,77.209,cold,3.0,3.0,2.6,45.0,stone,0.3,timber,0.15,mineral_wool,0.05,north,1.5,1.2,0.55,5.8,38.686,40.399,0.0,7.061
Delhi,28.6139,77.209,cold,3.0,3.0,2.6,45.0,rammed_earth,0.15,timber,0.1,none,0.0,north,0.9,1.2,0.55,1.2,41.859,47.059,0.0,7.12
Delhi,28.6139,77.209,cold,3.0,3.0,2.6,0.0,brick,0.115,rcc_slab,0.2,eps,0.2,east,1.8,0.9,0.85,1.2,38.64,40.632,0.0,7.104
Delhi,28.6139,77.209,cold,3.0,3.0,2.6,0.0,rammed_earth,0.3,concrete,0.1,eps,0.2,north,0.9,1.2,0.55,1.2,36.039,36.717,0.0,7.073
Delhi,28.6139,77.209,cold,3.0,3.0,2.6,180.0,stone,0.15,puf_sandwich_panel,0.05,eps,0.05,south,0.6,0.9,0.85,1.6,37.967,39.77,0.0,7.095
Delhi,28.6139,77.209,cold,3.0,3.0,2.6,90.0,mud_brick,0.3,brick,0.23,mineral_wool,0.1,south,1.5,1.5,0.35,1.2,36.967,38.021,0.0,7.067
Delhi,28.6139,77.209,cold,3.0,3.0,2.6,180.0,plywood,0.012,timber,0.1,mineral_wool,0.15,west,0.9,1.5,0.55,2.0,37.833,41.919,0.0,7.347
Delhi,28.6139,77.209,cold,3.0,3.0,2.6,0.0,concrete,0.1,aerated_concrete,0.1,eps,0.025,east,1.2,0.6,0.45,2.6,39.615,43.091,0.0,7.132
Delhi,28.6139,77.209,cold,3.0,3.0,2.6,135.0,rammed_earth,0.3,aerated_concrete,0.2,mineral_wool,0.15,north,1.2,0.9,0.45,3.5,36.497,37.368,0.0,7.075
Delhi,28.6139,77.209,cold,3.0,3.0,2.6,90.0,timber,0.1,stone,0.15,sheep_wool,0.1,east,1.2,1.5,0.65,1.6,37.382,39.754,0.0,7.161
Delhi,28.6139,77.209,cold,3.0,3.0,2.6,135.0,concrete,0.1,concrete,0.1,mineral_wool,0.15,south,1.5,0.6,0.75,2.6,37.328,39.062,0.0,7.114
Delhi,28.6139,77.209,cold,3.0,3.0,2.6,45.0,plywood,0.019,brick,0.115,none,0.0,east,0.9,1.2,0.65,5.8,43.625,55.395,0.0,7.261
Delhi,28.6139,77.209,cold,3.0,3.0,2.6,45.0,puf_sandwich_panel,0.15,puf_sandwich_panel,0.15,eps,0.1,south,1.5,0.6,0.35,1.2,34.581,37.141,0.0238,7.458
Delhi,28.6139,77.209,cold,3.0,3.0,2.6,180.0,mud_brick,0.15,aerated_concrete,0.1,mineral_wool,0.15,south,1.2,0.9,0.55,1.2,36.567,37.878,0.0,7.113
Delhi,28.6139,77.209,cold,3.0,3.0,2.6,0.0,timber,0.2,aerated_concrete,0.1,mineral_wool,0.1,south,0.6,0.9,0.45,2.0,35.714,37.305,0.0,7.178
Delhi,28.6139,77.209,cold,3.0,3.0,2.6,90.0,plywood,0.05,gi_sheet,0.002,sheep_wool,0.15,north,0.6,0.6,0.75,1.6,36.113,39.108,0.0,7.352
Delhi,28.6139,77.209,cold,3.0,3.0,2.6,135.0,timber,0.1,aerated_concrete,0.2,eps,0.05,east,1.8,0.6,0.65,5.8,37.63,41.101,0.0,7.228
Delhi,28.6139,77.209,cold,3.0,3.0,2.6,90.0,puf_sandwich_panel,0.1,aerated_concrete,0.1,sheep_wool,0.15,south,0.9,0.6,0.45,1.6,34.905,37.428,0.0,7.39
Delhi,28.6139,77.209,cold,3.0,3.0,2.6,45.0,rammed_earth,0.3,aerated_concrete,0.2,eps,0.1,east,0.9,0.6,0.85,3.5,36.692,37.665,0.0,7.075
Delhi,28.6139,77.209,cold,3.0,3.0,2.6,180.0,puf_sandwich_panel,0.15,aerated_concrete,0.1,xps,0.05,west,0.6,0.6,0.45,3.5,35.5,38.326,0.0,7.39
Delhi,28.6139,77.209,cold,3.0,3.0,2.6,90.0,brick,0.115,rcc_slab,0.1,mineral_wool,0.05,east,1.8,0.9,0.85,1.2,39.189,42.028,0.0,7.12
Delhi,28.6139,77.209,cold,3.0,3.0,2.6,45.0,mud_brick,0.3,rcc_slab,0.15,eps,0.1,east,1.8,1.2,0.35,2.6,37.324,38.513,0.0,7.07
Delhi,28.6139,77.209,cold,3.0,3.0,2.6,0.0,aerated_concrete,0.3,aerated_concrete,0.1,eps,0.025,south,1.5,1.2,0.65,2.6,38.202,41.045,0.0,7.156
Delhi,28.6139,77.209,cold,3.0,3.0,2.6,90.0,mud_brick,0.3,stone,0.3,sheep_wool,0.1,east,1.5,0.9,0.45,3.5,36.801,37.723,0.0,7.061
Delhi,28.6139,77.209,cold,3.0,3.0,2.6,0.0,plywood,0.05,stone,0.3,eps,0.05,north,1.2,0.6,0.55,1.6,37.628,39.741,0.0,7.127
Delhi,28.6139,77.209,cold,3.0,3.0,2.6,180.0,stone,0.3,rcc_slab,0.1,mineral_wool,0.05,south,0.6,0.9,0.75,5.8,38.058,39.491,0.0,7.058
Delhi,28.6139,77.209,cold,3.0,3.0,2.6,0.0,plywood,0.012,mud_brick,0.25,eps,0.05,north,0.9,0.9,0.45,1.6,38.065,41.258,0.0,7.183
Delhi,28.6139,77.209,cold,3.0,3.0,2.6,0.0,gi_sheet,0.002,rcc_slab,0.1,eps,0.1,east,0.6,1.5,0.85,2.6,38.454,42.442,0.0,7.246
Delhi,28.6139,77.209,cold,3.0,3.0,2.6,45.0,timber,0.15,brick,0.115,eps,0.1,west,1.8,1.2,0.35,2.0,36.861,39.154,0.0,7.175
Delhi,28.6139,77.209,cold,3.0,3.0,2.6,0.0,timber,0.2,mud_brick,0.15,none,0.0,south,0.9,0.9,0.35,2.0,40.17,44.31,0.0,7.146
Delhi,28.6139,77.209,cold,3.0,3.0,2.6,0.0,concrete,0.1,stone,0.3,xps,0.1,east,0.9,1.5,0.35,2.6,37.533,39.009,0.0,7.087
Delhi,28.6139,77.209,cold,3.0,3.0,2.6,0.0,rammed_earth,0.3,stone,0.15,mineral_wool,0.15,north,0.6,1.5,0.45,2.0,36.088,36.751,0.0,7.068
Delhi,28.6139,77.209,cold,3.0,3.0,2.6,180.0,concrete,0.15,concrete,0.1,eps,0.1,west,0.9,0.9,0.45,5.8,37.696,39.305,0.0,7.093
Delhi,28.6139,77.209,cold,3.0,3.0,2.6,90.0,plywood,0.012,stone,0.15,eps,0.15,west,0.9,1.5,0.55,1.6,36.904,39.346,0.0,7.199
Delhi,28.6139,77.209,cold,3.0,3.0,2.6,180.0,stone,0.45,puf_sandwich_panel,0.15,xps,0.15,west,0.9,1.5,0.85,5.8,37.705,38.796,0.0,7.049
Delhi,28.6139,77.209,cold,3.0,3.0,2.6,180.0,puf_sandwich_panel,0.05,brick,0.115,eps,0.025,south,1.8,0.6,0.45,2.6,37.907,42.054,0.0,7.277
Delhi,28.6139,77.209,cold,3.0,3.0,2.6,90.0,aerated_concrete,0.3,rcc_slab,0.15,none,0.0,north,1.8,0.9,0.45,1.2,42.597,47.748,0.0,7.123
Delhi,28.6139,77.209,cold,3.0,3.0,2.6,45.0,puf_sandwich_panel,0.1,brick,0.23,xps,0.15,north,1.5,0.6,0.75,3.5,36.223,38.006,0.0,7.189
Delhi,28.6139,77.209,cold,3.0,3.0,2.6,90.0,concrete,0.15,gi_sheet,0.002,mineral_wool,0.15,north,0.9,1.2,0.55,1.2,37.255,38.736,0.0,7.103
Delhi,28.6139,77.209,cold,3.0,3.0,2.6,180.0,brick,0.23,puf_sandwich_panel,0.1,xps,0.05,east,0.6,0.9,0.45,3.5,37.036,38.341,0.0,7.089
Delhi,28.6139,77.209,cold,3.0,3.0,2.6,180.0,brick,0.345,mud_brick,0.15,sheep_wool,0.1,south,1.5,1.5,0.85,5.8,38.483,40.186,0.0,7.065
Delhi,28.6139,77.209,cold,3.0,3.0,2.6,45.0,brick,0.345,rcc_slab,0.1,mineral_wool,0.1,west,0.6,1.2,0.65,2.6,36.7,37.595,0.0,7.064
Delhi,28.6139,77.209,cold,3.0,3.0,2.6,0.0,aerated_concrete,0.1,puf_sandwich_panel,0.075,eps,0.025,north,0.9,1.2,0.85,1.6,38.119,42.551,0.0,7.291
Delhi,28.6139,77.209,cold,3.0,3.0,2.6,0.0,mud_brick,0.15,stone,0.15,eps,0.1,south,1.5,0.9,0.35,1.2,36.78,38.07,0.0,7.096
Delhi,28.6139,77.209,cold,3.0,3.0,2.6,90.0,puf_sandwich_panel,0.05,mud_brick,0.15,sheep_wool,0.15,north,1.2,0.6,0.65,1.6,36.05,38.167,0.0,7.242
Delhi,28.6139,77.209,cold,3.0,3.0,2.6,135.0,plywood,0.019,concrete,0.2,sheep_wool,0.15,north,0.6,1.5,0.75,1.6,37.361,39.778,0.0,7.181
Delhi,28.6139,77.209,cold,3.0,3.0,2.6,45.0,gi_sheet,0.002,gi_sheet,0.002,eps,0.025,south,1.5,1.5,0.35,5.8,40.282,49.24,0.0,7.409
Delhi,28.6139,77.209,cold,3.0,3.0,2.6,135.0,mud_brick,0.15,timber,0.1,sheep_wool,0.05,south,1.2,0.9,0.35,1.6,37.943,40.072,0.0,7.116
Delhi,28.6139,77.209,cold,3.0,3.0,2.6,45.0,rammed_earth,0.15,timber,0.15,mineral_wool,0.1,east,1.5,1.5,0.75,1.2,38.997,41.45,0.0,7.118
Delhi,28.6139,77.209,cold,3.0,3.0,2.6,90.0,stone,0.45,puf_sandwich_panel,0.15,none,0.0,north,1.2,0.9,0.65,3.5,40.675,43.236,0.0,7.048
Delhi,28.6139,77.209,cold,3.0,3.0,2.6,0.0,concrete,0.3,puf_sandwich_panel,0.075,mineral_wool,0.1,east,1.2,0.6,0.75,2.0,37.056,38.083,0.0,7.066
Delhi,28.6139,77.209,cold,3.0,3.0,2.6,45.0,concrete,0.1,brick,0.23,sheep_wool,0.1,south,0.6,0.9,0.55,2.6,37.298,38.941,0.0,7.102
Delhi,28.6139,77.209,cold,3.0,3.0,2.6,45.0,timber,0.1,concrete,0.1,mineral_wool,0.1,south,1.2,0.6,0.55,1.2,36.407,38.55,0.0,7.189
Delhi,28.6139,77.209,cold,3.0,3.0,2.6,45.0,puf_sandwich_panel,0.15,timber,0.1,mineral_wool,0.1,west,0.6,0.9,0.55,3.5,35.1,37.626,0.0,7.362
Delhi,28.6139,77.209,cold,3.0,3.0,2.6,180.0,puf_sandwich_panel,0.1,concrete,0.1,eps,0.2,south,0.6,1.5,0.45,1.2,34.975,36.673,0.0,7.26
Delhi,28.6139,77.209,cold,3.0,3.0,2.6,0.0,puf_sandwich_panel,0.1,stone,0.3,eps,0.15,east,0.9,0.6,0.85,1.2,35.765,36.865,0.0,7.134
Delhi,28.6139,77.209,cold,3.0,3.0,2.6,135.0,plywood,0.05,stone,0.3,mineral_wool,0.15,east,0.6,1.2,0.75,3.5,36.398,37.816,0.0,7.123
Delhi,28.6139,77.209,cold,3.0,3.0,2.6,90.0,gi_sheet,0.002,aerated_concrete,0.2,none,0.0,north,1.2,1.5,0.65,5.8,43.055,54.648,0.006,7.308
Delhi,28.6139,77.209,cold,3.0,3.0,2.6,180.0,rammed_earth,0.15,timber,0.15,eps,0.15,north,1.5,1.2,0.85,2.6,37.697,39.64,0.0,7.118
Delhi,28.6139,77.209,cold,3.0,3.0,2.6,45.0,concrete,0.1,stone,0.15,sheep_wool,0.15,east,1.8,0.6,0.65,2.6,37.524,39.228,0.0,7.105
Delhi,28.6139,77.209,cold,3.0,3.0,2.6,90.0,mud_brick,0.15,rcc_slab,0.1,sheep_wool,0.1,south,0.9,1.2,0.35,1.6,36.952,38.434,0.0,7.104
Delhi,28.6139,77.209,cold,3.0,3.0,2.6,135.0,rammed_earth,0.45,timber,0.15,xps,0.05,east,1.2,1.5,0.75,5.8,38.033,39.514,0.0,7.06
Delhi,28.6139,77.209,cold,3.0,3.0,2.6,135.0,gi_sheet,0.002,stone,0.3,eps,0.1,west,0.9,1.5,0.65,1.2,38.591,41.034,0.0,7.13
Delhi,28.6139,77.209,cold,3.0,3.0,2.6,0.0,gi_sheet,0.002,brick,0.23,eps,0.15,north,1.5,1.2,0.65,5.8,38.004,41.126,0.0,7.181
Delhi,28.6139,77.209,cold,3.0,3.0,2.6,180.0,plywood,0.019,rcc_slab,0.1,eps,0.2,west,0.9,0.6,0.65,5.8,36.609,39.123,0.0,7.25
Delhi,28.6139,77.209,cold,3.0,3.0,2.6,45.0,rammed_earth,0.45,mud_brick,0.25,sheep_wool,0.15,west,1.5,0.6,0.65,1.2,36.224,36.798,0.0,7.055
Delhi,28.6139,77.209,cold,3.0,3.0,2.6,45.0,rammed_earth,0.15,rcc_slab,0.15,sheep_wool,0.15,south,1.2,1.2,0.45,2.6,36.844,38.253,0.0,7.101
Delhi,28.6139,77.209,cold,3.0,3.0,2.6,180.0,rammed_earth,0.3,stone,0.15,xps,0.05,west,1.8,1.5,0.55,3.5,39.595,41.721,0.0,7.071
Delhi,28.6139,77.209,cold,3.0,3.0,2.6,135.0,mud_brick,0.45,timber,0.1,eps,0.025,west,1.2,1.5,0.75,3.5,39.198,41.068,0.0,7.059
Delhi,28.6139,77.209,cold,3.0,3.0,2.6,135.0,timber,0.1,rcc_slab,0.25,mineral_wool,0.15,north,1.5,1.2,0.35,3.5,36.786,38.432,0.0,7.133
Delhi,28.6139,77.209,cold,3.0,3.0,2.6,90.0,rammed_earth,0.15,mud_brick,0.15,mineral_wool,0.1,north,1.2,0.6,0.35,1.2,36.775,38.094,0.0,7.102
Delhi,28.6139,77.209,cold,3.0,3.0,2.6,180.0,concrete,0.2,puf_sandwich_panel,0.15,xps,0.1,west,1.2,1.2,0.65,5.8,38.232,39.93,0.0,7.088
Delhi,28.6139,77.209,cold,3.0,3.0,2.6,180.0,timber,0.1,brick,0.23,eps,0.025,west,1.8,0.9,0.75,3.5,40.264,44.117,0.0,7.155
Delhi,28.6139,77.209,cold,3.0,3.0,2.6,0.0,timber,0.2,rcc_slab,0.25,eps,0.1,south,1.2,0.9,0.75,2.0,36.583,37.997,0.0,7.116
Delhi,28.6139,77.209,cold,3.0,3.0,2.6,135.0,brick,0.115,timber,0.15,eps,0.2,west,1.5,0.6,0.55,5.8,36.932,38.562,0.0,7.13
Delhi,28.6139,77.209,cold,3.0,3.0,2.6,135.0,rammed_earth,0.3,stone,0.15,eps,0.2,south,0.9,0.6,0.55,2.6,35.804,36.338,0.0,7.068
Delhi,28.6139,77.209,cold,3.0,3.0,2.6,180.0,aerated_concrete,0.2,gi_sheet,0.002,xps,0.15,west,1.2,0.6,0.45,1.6,35.819,37.497,0.0,7.197
Delhi,28.6139,77.209,cold,3.0,3.0,2.6,0.0,stone,0.15,puf_sandwich_panel,0.075,mineral_wool,0.1,west,1.2,1.5,0.55,1.2,37.557,39.268,0.0,7.097
Delhi,28.6139,77.209,cold,3.0,3.0,2.6,0.0,puf_sandwich_panel,0.05,timber,0.1,sheep_wool,0.15,west,0.9,0.6,0.35,3.5,35.113,37.791,0.0,7.393
Delhi,28.6139,77.209,cold,3.0,3.0,2.6,90.0,gi_sheet,0.002,stone,0.3,mineral_wool,0.1,east,1.8,0.6,0.75,2.6,37.66,39.817,0.0,7.128
Delhi,28.6139,77.209,cold,3.0,3.0,2.6,135.0,brick,0.23,gi_sheet,0.002,sheep_wool,0.1,east,1.8,1.5,0.55,2.6,38.379,40.371,0.0,7.093
Delhi,28.6139,77.209,cold,3.0,3.0,2.6,45.0,stone,0.15,rcc_slab,0.25,xps,0.15,north,0.6,0.6,0.85,5.8,36.641,37.612,0.0,7.075
Delhi,28.6139,77.209,cold,3.0,3.0,2.6,135.0,concrete,0.15,timber,0.1,mineral_wool,0.1,south,1.2,1.5,0.85,3.5,38.581,40.815,0.0,7.103
Delhi,28.6139,77.209,cold,3.0,3.0,2.6,45.0,puf_sandwich_panel,0.075,aerated_concrete,0.2,xps,0.1,east,0.6,1.5,0.65,3.5,36.082,38.94,0.0,7.336
Delhi,28.6139,77.209,cold,3.0,3.0,2.6,45.0,puf_sandwich_panel,0.1,puf_sandwich_panel,0.075,eps,0.025,north,0.9,1.5,0.55,1.2,36.514,40.409,0.006,7.488
Delhi,28.6139,77.209,cold,3.0,3.0,2.6,45.0,gi_sheet,0.002,aerated_concrete,0.2,none,0.0,east,0.9,0.9,0.85,5.8,43.05,54.728,0.006,7.307
Delhi,28.6139,77.209,cold,3.0,3.0,2.6,0.0,stone,0.45,brick,0.115,none,0.0,east,1.2,1.5,0.85,2.0,43.158,46.775,0.0,7.048
Delhi,28.6139,77.209,cold,3.0,3.0,2.6,45.0,mud_brick,0.45,mud_brick,0.15,eps,0.2,east,1.5,1.2,0.35,2.0,36.294,36.88,0.0,7.056
Delhi,28.6139,77.209,cold,3.0,3.0,2.6,0.0,brick,0.23,aerated_concrete,0.2,sheep_wool,0.05,north,1.8,1.2,0.35,3.5,38.103,39.906,0.0,7.087
Delhi,28.6139,77.209,cold,3.0,3.0,2.6,90.0,mud_brick,0.45,gi_sheet,0.002,mineral_wool,0.05,west,0.9,0.9,0.65,2.0,37.237,38.307,0.0,7.058
Delhi,28.6139,77.209,cold,3.0,3.0,2.6,90.0,mud_brick,0.15,brick,0.115,mineral_wool,0.05,south,1.5,1.5,0.75,1.2,39.48,42.306,0.0,7.107
Delhi,28.6139,77.209,cold,3.0,3.0,2.6,90.0,concrete,0.1,timber,0.1,sheep_wool,0.15,south,1.2,1.2,0.45,1.6,37.11,39.031,0.0,7.132
Delhi,28.6139,77.209,cold,3.0,3.0,2.6,180.0,rammed_earth,0.3,timber,0.1,eps,0.1,east,0.9,0.6,0.75,1.6,36.545,37.485,0.0,7.076
Delhi,28.6139,77.209,cold,3.0,3.0,2.6,45.0,stone,0.45,timber,0.1,mineral_wool,0.05,east,1.8,1.5,0.65,2.6,39.029,40.763,0.0,7.049
Delhi,28.6139,77.209,cold,3.0,3.0,2.6,0.0,brick,0.23,brick,0.115,eps,0.025,east,1.5,0.6,0.85,1.6,40.049,42.608,0.0,7.082
Delhi,28.6139,77.209,cold,3.0,3.0,2.6,135.0,stone,0.45,rcc_slab,0.25,sheep_wool,0.15,south,1.2,1.5,0.45,1.6,36.817,37.548,0.0,7.046
Delhi,28.6139,77.209,cold,3.0,3.0,2.6,180.0,stone,0.15,aerated_concrete,0.2,eps,0.15,east,1.5,1.2,0.35,3.5,37.289,38.755,0.0,7.092
Delhi,28.6139,77.209,cold,3.0,3.0,2.6,180.0,puf_sandwich_panel,0.15,concrete,0.1,sheep_wool,0.05,north,1.2,0.6,0.55,1.6,36.286,39.014,0.0,7.264
Delhi,28.6139,77.209,cold,3.0,3.0,2.6,45.0,rammed_earth,0.3,brick,0.115,xps,0.05,west,1.2,0.6,0.65,2.0,37.571,38.951,0.0,7.073
Delhi,28.6139,77.209,cold,3.0,3.0,2.6,0.0,plywood,0.019,puf_sandwich_panel,0.15,sheep_wool,0.15,east,1.8,1.2,0.35,5.8,37.639,42.425,0.0,7.432
Delhi,28.6139,77.209,cold,3.0,3.0,2.6,135.0,plywood,0.019,brick,0.115,sheep_wool,0.1,east,1.5,1.5,0.85,2.6,39.301,44.677,0.0,7.26
Delhi,28.6139,77.209,cold,3.0,3.0,2.6,90.0,concrete,0.1,rcc_slab,0.2,sheep_wool,0.05,north,0.9,1.2,0.45,1.6,38.978,41.393,0.0,7.102
Delhi,28.6139,77.209,cold,3.0,3.0,2.6,0.0,brick,0.115,brick,0.115,sheep_wool,0.1,west,0.6,0.9,0.45,2.6,37.106,38.874,0.0,7.119
Delhi,28.6139,77.209,cold,3.0,3.0,2.6,135.0,mud_brick,0.3,concrete,0.1,xps,0.05,east,0.9,1.5,0.65,1.2,37.972,39.5,0.0,7.071
Delhi,28.6139,77.209,cold,3.0,3.0,2.6,0.0,plywood,0.03,gi_sheet,0.002,eps,0.2,west,1.2,1.2,0.65,5.8,37.005,41.882,0.0,7.385
Delhi,28.6139,77.209,cold,3.0,3.0,2.6,90.0,stone,0.15,brick,0.23,sheep_wool,0.1,north,1.2,1.2,0.65,1.6,38.467,40.222,0.0,7.08
Delhi,28.6139,77.209,cold,3.0,3.0,2.6,180.0,timber,0.1,aerated_concrete,0.1,eps,0.2,south,1.2,0.6,0.35,5.8,35.517,37.444,0.0,7.245
Delhi,28.6139,77.209,cold,3.0,3.0,2.6,135.0,aerated_concrete,0.2,aerated_concrete,0.1,sheep_wool,0.05,south,1.2,1.5,0.45,1.6,37.632,40.642,0.0,7.193
Delhi,28.6139,77.209,cold,3.0,3.0,2.6,90.0,gi_sheet,0.002,stone,0.15,none,0.0,north,1.5,1.2,0.35,2.0,44.016,56.186,0.0,7.193
Delhi,28.6139,77.209,cold,3.0,3.0,2.6,135.0,rammed_earth,0.3,aerated_concrete,0.2,mineral_wool,0.1,north,1.5,1.5,0.65,2.6,38.364,40.041,0.0,7.077
Delhi,28.6139,77.209,cold,3.0,3.0,2.6,0.0,puf_sandwich_panel,0.075,rcc_slab,0.2,eps,0.15,west,0.6,1.5,0.55,1.2,35.503,37.107,0.0,7.187
Delhi,28.6139,77.209,cold,3.0,3.0,2.6,90.0,timber,0.2,mud_brick,0.15,sheep_wool,0.1,north,1.8,0.9,0.75,2.0,38.437,40.876,0.0,7.147
Delhi,28.6139,77.209,cold,3.0,3.0,2.6,180.0,brick,0.345,brick,0.23,xps,0.15,south,0.9,0.9,0.85,3.5,36.487,37.229,0.0,7.061
Delhi,28.6139,77.209,cold,3.0,3.0,2.6,0.0,concrete,0.1,rcc_slab,0.15,eps,0.025,south,0.9,1.2,0.75,1.6,40.198,43.628,0.0,7.109
Delhi,28.6139,77.209,cold,3.0,3.0,2.6,0.0,concrete,0.15,aerated_concrete,0.1,mineral_wool,0.15,south,1.8,0.6,0.85,5.8,37.234,38.821,0.0,7.101
Delhi,28.6139,77.209,cold,3.0,3.0,2.6,45.0,concrete,0.1,mud_brick,0.15,xps,0.1,south,1.2,1.5,0.45,1.2,37.605,39.566,0.0,7.114
Delhi,28.6139,77.209,cold,3.0,3.0,2.6,0.0,concrete,0.2,rcc_slab,0.15,sheep_wool,0.15,south,0.9,1.5,0.45,1.2,36.788,37.879,0.0,7.077
Delhi,28.6139,77.209,cold,3.0,3.0,2.6,45.0,plywood,0.03,rcc_slab,0.2,none,0.0,east,1.8,0.9,0.55,3.5,43.509,52.679,0.0,7.179
Delhi,28.6139,77.209,cold,3.0,3.0,2.6,135.0,puf_sandwich_panel,0.05,timber,0.15,eps,0.2,north,0.9,0.6,0.35,5.8,34.997,37.186,0.0,7.353
Delhi,28.6139,77.209,cold,3.0,3.0,2.6,90.0,rammed_earth,0.15,puf_sandwich_panel,0.075,eps,0.2,south,1.2,1.2,0.45,3.5,36.369,37.827,0.0,7.124
Delhi,28.6139,77.209,cold,3.0,3.0,2.6,45.0,puf_sandwich_panel,0.05,rcc_slab,0.1,mineral_wool,0.05,east,0.6,1.2,0.55,2.6,36.984,40.136,0.0,7.266
Delhi,28.6139,77.209,cold,3.0,3.0,2.6,180.0,timber,0.1,timber,0.15,eps,0.2,north,1.5,0.6,0.85,1.6,35.967,38.128,0.0,7.231
Delhi,28.6139,77.209,cold,3.0,3.0,2.6,135.0,brick,0.345,stone,0.15,eps,0.1,north,1.8,1.2,0.65,3.5,38.335,39.877,0.0,7.063
Delhi,28.6139,77.209,cold,3.0,3.0,2.6,45.0,aerated_concrete,0.3,mud_brick,0.15,eps,0.2,west,0.6,0.9,0.35,5.8,35.225,36.174,0.0,7.124
Delhi,28.6139,77.209,cold,3.0,3.0,2.6,45.0,gi_sheet,0.002,rcc_slab,0.1,eps,0.05,south,1.8,0.9,0.35,5.8,38.854,43.941,0.0,7.249
Delhi,28.6139,77.209,cold,3.0,3.0,2.6,0.0,timber,0.15,stone,0.15,mineral_wool,0.05,east,0.6,1.2,0.55,5.8,37.601,39.845,0.0,7.144
Delhi,28.6139,77.209,cold,3.0,3.0,2.6,135.0,mud_brick,0.3,gi_sheet,0.002,eps,0.025,north,0.6,0.6,0.35,1.2,38.547,40.371,0.0,7.075
Delhi,28.6139,77.209,cold,3.0,3.0,2.6,0.0,plywood,0.012,aerated_concrete,0.1,eps,0.15,north,1.5,1.2,0.85,1.6,37.962,43.075,0.0,7.379
Delhi,28.6139,77.209,cold,3.0,3.0,2.6,135.0,aerated_concrete,0.1,brick,0.23,sheep_wool,0.05,west,1.2,0.6,0.85,3.5,38.441,41.271,0.0,7.156
Delhi,28.6139,77.209,cold,3.0,3.0,2.6,180.0,brick,0.115,mud_brick,0.25,sheep_wool,0.1,north,1.5,1.5,0.45,2.6,37.996,39.932,0.0,7.104
Delhi,28.6139,77.209,cold,3.0,3.0,2.6,135.0,brick,0.345,timber,0.1,sheep_wool,0.05,south,1.8,1.5,0.45,3.5,38.469,40.246,0.0,7.07
Delhi,28.6139,77.209,cold,3.0,3.0,2.6,180.0,gi_sheet,0.002,rcc_slab,0.25,xps,0.1,east,1.2,1.2,0.45,2.0,37.914,40.576,0.0,7.157
Delhi,28.6139,77.209,cold,3.0,3.0,2.6,0.0,stone,0.15,stone,0.3,eps,0.025,south,1.8,0.6,0.75,1.2,39.68,42.054,0.0,7.071
Delhi,28.6139,77.209,cold,3.0,3.0,2.6,180.0,timber,0.15,mud_brick,0.25,sheep_wool,0.15,east,1.2,1.5,0.75,3.5,37.474,39.67,0.0,7.136
Delhi,28.6139,77.209,cold,3.0,3.0,2.6,90.0,puf_sandwich_panel,0.05,puf_sandwich_panel,0.1,eps,0.2,east,1.2,1.5,0.55,1.2,35.702,39.346,0.006,7.467
Delhi,28.6139,77.209,cold,3.0,3.0,2.6,180.0,mud_brick,0.15,concrete,0.2,sheep_wool,0.05,east,1.5,1.5,0.55,1.6,39.157,41.59,0.0,7.094
Delhi,28.6139,77.209,cold,3.0,3.0,2.6,45.0,rammed_earth,0.45,concrete,0.15,eps,0.1,east,0.6,1.2,0.75,1.2,36.724,37.508,0.0,7.056
Delhi,28.6139,77.209,cold,3.0,3.0,2.6,45.0,stone,0.3,rcc_slab,0.1,eps,0.2,north,0.6,0.9,0.85,3.5,36.511,37.223,0.0,7.058
Delhi,28.6139,77.209,cold,3.0,3.0,2.6,90.0,stone,0.45,aerated_concrete,0.2,mineral_wool,0.05,south,0.6,0.9,0.75,3.5,37.26,38.239,0.0,7.047
Delhi,28.6139,77.209,cold,3.0,3.0,2.6,90.0,gi_sheet,0.002,brick,0.23,mineral_wool,0.15,north,0.6,1.5,0.75,1.6,37.719,40.268,0.0,7.175
Delhi,28.6139,77.209,cold,3.0,3.0,2.6,90.0,rammed_earth,0.45,brick,0.115,eps,0.1,east,1.5,0.9,0.85,2.0,37.048,38.041,0.0,7.058
Delhi,28.6139,77.209,cold,3.0,3.0,2.6,45.0,brick,0.345,gi_sheet,0.002,xps,0.05,west,1.8,0.6,0.75,5.8,37.969,39.505,0.0,7.069
Delhi,28.6139,77.209,cold,3.0,3.0,2.6,180.0,rammed_earth,0.45,puf_sandwich_panel,0.05,eps,0.15,west,0.9,1.2,0.55,1.2,36.52,37.22,0.0,7.061
Delhi,28.6139,77.209,cold,3.0,3.0,2.6,45.0,puf_sandwich_panel,0.075,mud_brick,0.15,eps,0.1,east,1.5,1.2,0.55,2.0,37.141,39.985,0.0,7.242
Delhi,28.6139,77.209,cold,3.0,3.0,2.6,0.0,rammed_earth,0.15,timber,0.1,sheep_wool,0.05,west,1.8,1.2,0.45,3.5,38.61,41.339,0.0,7.122
Delhi,28.6139,77.209,cold,3.0,3.0,2.6,180.0,gi_sheet,0.002,rcc_slab,0.1,eps,0.15,west,0.9,0.9,0.85,2.0,38.159,41.617,0.0,7.244
Delhi,28.6139,77.209,cold,3.0,3.0,2.6,135.0,brick,0.23,rcc_slab,0.25,xps,0.15,south,1.8,1.5,0.35,3.5,37.155,38.375,0.0,7.074
Delhi,28.6139,77.209,cold,3.0,3.0,2.6,180.0,gi_sheet,0.002,aerated_concrete,0.2,mineral_wool,0.05,west,0.6,0.9,0.85,1.2,38.818,43.71,0.0,7.302
Delhi,28.6139,77.209,cold,3.0,3.0,2.6,0.0,mud_brick,0.15,aerated_concrete,0.2,sheep_wool,0.15,north,1.5,1.5,0.35,2.0,36.828,38.317,0.0,7.114
Delhi,28.6139,77.209,cold,3.0,3.0,2.6,180.0,puf_sandwich_panel,0.1,rcc_slab,0.25,xps,0.15,north,0.9,1.2,0.55,2.0,35.454,36.761,0.0,7.162
Delhi,28.6139,77.209,cold,3.0,3.0,2.6,45.0,aerated_concrete,0.2,brick,0.115,mineral_wool,0.1,north,1.5,0.9,0.55,2.6,37.308,39.407,0.0,7.156
Delhi,28.6139,77.209,cold,3.0,3.0,2.6,0.0,mud_brick,0.15,gi_sheet,0.002,sheep_wool,0.05,north,1.2,0.6,0.55,3.5,38.131,40.432,0.0,7.119
Delhi,28.6139,77.209,cold,3.0,3.0,2.6,180.0,timber,0.1,concrete,0.2,eps,0.025,south,1.5,1.2,0.65,3.5,39.488,43.108,0.0,7.152
Delhi,28.6139,77.209,cold,3.0,3.0,2.6,0.0,mud_brick,0.3,mud_brick,0.25,eps,0.15,east,0.9,1.5,0.85,3.5,37.824,39.124,0.0,7.066
Delhi,28.6139,77.209,cold,3.0,3.0,2.6,180.0,plywood,0.03,brick,0.23,eps,0.2,south,0.9,0.9,0.55,5.8,36.298,38.158,0.0,7.179
Delhi,28.6139,77.209,cold,3.0,3.0,2.6,0.0,mud_brick,0.45,stone,0.3,eps,0.05,south,1.2,1.2,0.55,5.8,37.474,38.599,0.0,7.051
Delhi,28.6139,77.209,cold,3.0,3.0,2.6,45.0,plywood,0.012,concrete,0.2,eps,0.05,south,1.2,1.5,0.45,1.6,38.779,42.626,0.0,7.186
Delhi,28.6139,77.209,cold,3.0,3.0,2.6,0.0,mud_brick,0.15,rcc_slab,0.25,xps,0.1,east,0.6,0.9,0.65,5.8,36.946,38.16,0.0,7.087
Delhi,28.6139,77.209,cold,3.0,3.0,2.6,0.0,brick,0.23,gi_sheet,0.002,eps,0.2,south,0.6,0.9,0.75,5.8,35.994,36.846,0.0,7.088
Delhi,28.6139,77.209,cold,3.0,3.0,2.6,90.0,stone,0.3,gi_sheet,0.002,xps,0.15,north,1.5,1.5,0.65,1.2,38.463,39.993,0.0,7.063
Delhi,28.6139,77.209,cold,3.0,3.0,2.6,90.0,aerated_concrete,0.2,timber,0.1,eps,0.025,east,0.6,1.5,0.35,1.2,37.438,40.244,0.0,7.19
Delhi,28.6139,77.209,cold,3.0,3.0,2.6,135.0,stone,0.3,gi_sheet,0.002,eps,0.025,north,1.8,0.9,0.85,3.5,40.458,42.974,0.0,7.062
Delhi,28.6139,77.209,cold,3.0,3.0,2.6,0.0,puf_sandwich_panel,0.075,mud_brick,0.25,none,0.0,east,1.8,0.6,0.55,3.5,39.36,43.33,0.0,7.187
Delhi,28.6139,77.209,cold,3.0,3.0,2.6,90.0,plywood,0.012,mud_brick,0.15,xps,0.15,east,1.2,0.6,0.65,5.8,36.527,39.121,0.0,7.233
Delhi,28.6139,77.209,cold,3.0,3.0,2.6,90.0,rammed_earth,0.45,gi_sheet,0.002,mineral_wool,0.1,south,1.8,1.5,0.65,3.5,38.032,39.537,0.0,7.062
Delhi,28.6139,77.209,cold,3.0,3.0,2.6,0.0,timber,0.1,stone,0.15,mineral_wool,0.1,north,1.2,0.6,0.85,3.5,36.671,38.565,0.0,7.157
Delhi,28.6139,77.209,cold,3.0,3.0,2.6,0.0,timber,0.1,puf_sandwich_panel,0.05,eps,0.15,south,1.5,1.5,0.55,3.5,36.922,40.348,0.0,7.281
Delhi,28.6139,77.209,cold,3.0,3.0,2.6,180.0,plywood,0.019,brick,0.115,mineral_wool,0.05,west,1.2,0.9,0.75,2.0,39.43,44.239,0.0,7.257
Delhi,28.6139,77.209,cold,3.0,3.0,2.6,90.0,timber,0.15,brick,0.115,eps,0.05,east,0.9,0.9,0.75,1.2,37.448,40.029,0.0,7.173
Delhi,28.6139,77.209,cold,3.0,3.0,2.6,135.0,concrete,0.15,puf_sandwich_panel,0.05,eps,0.025,north,0.6,1.5,0.75,1.2,39.498,42.264,0.0,7.106
Delhi,28.6139,77.209,cold,3.0,3.0,2.6,0.0,mud_brick,0.3,concrete,0.2,none,0.0,east,1.5,1.2,0.35,2.6,42.312,45.922,0.0,7.067
Delhi,28.6139,77.209,cold,3.0,3.0,2.6,135.0,aerated_concrete,0.2,puf_sandwich_panel,0.05,eps,0.15,north,1.5,0.9,0.65,2.0,36.752,38.997,0.0,7.204
Delhi,28.6139,77.209,cold,3.0,3.0,2.6,0.0,aerated_concrete,0.2,brick,0.115,eps,0.05,west,0.9,1.5,0.35,1.6,37.393,39.844,0.0,7.16
Delhi,28.6139,77.209,cold,3.0,3.0,2.6,0.0,aerated_concrete,0.3,puf_sandwich_panel,0.075,mineral_wool,0.05,south,1.8,1.2,0.45,2.0,36.782,38.848,0.0,7.164
Delhi,28.6139,77.209,cold,3.0,3.0,2.6,180.0,brick,0.23,puf_sandwich_panel,0.1,xps,0.05,south,1.8,0.9,0.75,2.6,38.073,39.856,0.0,7.091
Delhi,28.6139,77.209,cold,3.0,3.0,2.6,180.0,concrete,0.3,puf_sandwich_panel,0.15,mineral_wool,0.1,north,1.8,0.9,0.85,1.6,37.481,38.76,0.0,7.067
Delhi,28.6139,77.209,cold,3.0,3.0,2.6,45.0,gi_sheet,0.002,rcc_slab,0.25,xps,0.05,east,0.9,0.9,0.65,5.8,38.716,42.007,0.0,7.158
Delhi,28.6139,77.209,cold,3.0,3.0,2.6,90.0,rammed_earth,0.3,puf_sandwich_panel,0.075,sheep_wool,0.05,west,0.9,0.6,0.55,2.6,36.889,38.03,0.0,7.078
Delhi,28.6139,77.209,cold,3.0,3.0,2.6,135.0,concrete,0.15,timber,0.1,xps,0.1,west,0.9,0.6,0.45,3.5,37.093,38.523,0.0,7.101
Delhi,28.6139,77.209,cold,3.0,3.0,2.6,135.0,puf_sandwich_panel,0.05,timber,0.1,eps,0.15,north,1.8,1.2,0.75,1.2,38.127,42.864,0.0,7.392
Delhi,28.6139,77.209,cold,3.0,3.0,2.6,45.0,concrete,0.1,aerated_concrete,0.1,eps,0.2,north,1.8,1.5,0.85,2.0,40.268,43.406,0.0,7.135
Delhi,28.6139,77.209,cold,3.0,3.0,2.6,45.0,puf_sandwich_panel,0.1,mud_brick,0.25,xps,0.1,west,0.6,1.2,0.55,1.6,35.434,36.939,0.0,7.183
Delhi,28.6139,77.209,cold,3.0,3.0,2.6,90.0,gi_sheet,0.002,rcc_slab,0.1,xps,0.05,east,1.8,1.5,0.85,5.8,40.13,46.33,0.0,7.249
Delhi,28.6139,77.209,cold,3.0,3.0,2.6,180.0,aerated_concrete,0.1,aerated_concrete,0.1,eps,0.2,north,0.9,1.2,0.75,5.8,36.398,39.037,0.0,7.252
Delhi,28.6139,77.209,cold,3.0,3.0,2.6,0.0,puf_sandwich_panel,0.1,mud_brick,0.15,mineral_wool,0.05,north,1.8,1.2,0.55,1.6,37.361,40.495,0.0,7.239
Delhi,28.6139,77.209,cold,3.0,3.0,2.6,135.0,rammed_earth,0.15,brick,0.115,mineral_wool,0.1,west,1.8,1.5,0.85,1.2,40.63,43.53,0.0,7.11
Delhi,28.6139,77.209,cold,3.0,3.0,2.6,45.0,puf_sandwich_panel,0.15,timber,0.15,sheep_wool,0.15,west,0.9,0.6,0.85,2.0,35.064,37.532,0.0,7.347
Delhi,28.6139,77.209,cold,3.0,3.0,2.6,135.0,gi_sheet,0.002,stone,0.3,xps,0.15,east,0.6,0.9,0.65,1.2,36.921,38.632,0.0,7.129
Delhi,28.6139,77.209,cold,3.0,3.0,2.6,135.0,brick,0.115,puf_sandwich_panel,0.15,xps,0.1,south,1.5,1.2,0.85,5.8,38.314,41.066,0.0,7.143
Delhi,28.6139,77.209,cold,3.0,3.0,2.6,90.0,plywood,0.05,aerated_concrete,0.1,eps,0.2,east,1.2,0.9,0.65,5.8,36.239,39.326,0.0,7.313
Delhi,28.6139,77.209,cold,3.0,3.0,2.6,180.0,plywood,0.012,concrete,0.2,eps,0.025,north,1.8,1.2,0.55,1.6,40.431,45.56,0.0,7.187
Delhi,28.6139,77.209,cold,3.0,3.0,2.6,45.0,concrete,0.15,brick,0.23,xps,0.1,west,0.6,1.2,0.75,2.0,37.148,38.486,0.0,7.085
Delhi,28.6139,77.209,cold,3.0,3.0,2.6,90.0,brick,0.23,concrete,0.1,eps,0.2,south,1.5,0.6,0.85,2.0,36.488,37.471,0.0,7.081
Delhi,28.6139,77.209,cold,3.0,3.0,2.6,135.0,puf_sandwich_panel,0.05,stone,0.15,xps,0.15,east,1.5,1.2,0.55,5.8,36.705,39.261,0.0,7.202
Delhi,28.6139,77.209,cold,3.0,3.0,2.6,180.0,concrete,0.15,gi_sheet,0.002,mineral_wool,0.05,south,1.2,1.2,0.45,5.8,38.772,41.194,0.0,7.106
Delhi,28.6139,77.209,cold,3.0,3.0,2.6,180.0,brick,0.23,gi_sheet,0.002,eps,0.15,west,1.8,0.9,0.75,1.2,38.378,40.093,0.0,7.09
Delhi,28.6139,77.209,cold,3.0,3.0,2.6,45.0,aerated_concrete,0.1,rcc_slab,0.15,xps,0.05,south,1.8,1.2,0.55,5.8,38.653,42.267,0.0,7.174
Delhi,28.6139,77.209,cold,3.0,3.0,2.6,90.0,mud_brick,0.45,gi_sheet,0.002,sheep_wool,0.1,north,1.8,1.2,0.45,5.8,37.917,39.244,0.0,7.06
Delhi,28.6139,77.209,cold,3.0,3.0,2.6,45.0,plywood,0.05,puf_sandwich_panel,0.075,mineral_wool,0.15,south,1.2,1.2,0.55,2.0,36.412,40.067,0.0,7.341
Delhi,28.6139,77.209,cold,3.0,3.0,2.6,0.0,aerated_concrete,0.2,stone,0.3,xps,0.15,west,0.6,1.2,0.65,2.0,35.818,36.759,0.0,7.103
Delhi,28.6139,77.209,cold,3.0,3.0,2.6,45.0,plywood,0.019,aerated_concrete,0.2,mineral_wool,0.1,south,0.6,0.6,0.65,3.5,36.54,39.88,0.0,7.304
Delhi,28.6139,77.209,cold,3.0,3.0,2.6,0.0,stone,0.45,stone,0.3,mineral_wool,0.1,west,1.5,1.5,0.35,5.8,37.21,38.153,0.0,7.045
Delhi,28.6139,77.209,cold,3.0,3.0,2.6,135.0,rammed_earth,0.45,brick,0.115,eps,0.2,west,0.9,1.2,0.55,1.2,36.366,36.973,0.0,7.058
Delhi,28.6139,77.209,cold,3.0,3.0,2.6,0.0,puf_sandwich_panel,0.075,rcc_slab,0.25,eps,0.025,west,0.9,0.9,0.55,3.5,37.55,40.194,0.0,7.166
Delhi,28.6139,77.209,cold,3.0,3.0,2.6,90.0,timber,0.15,mud_brick,0.25,sheep_wool,0.1,south,1.8,0.9,0.85,2.6,37.775,40.139,0.0,7.136
Delhi,28.6139,77.209,cold,3.0,3.0,2.6,90.0,plywood,0.03,rcc_slab,0.15,eps,0.025,north,1.2,0.9,0.65,2.6,40.139,45.161,0.0,7.208
Delhi,28.6139,77.209,cold,3.0,3.0,2.6,180.0,brick,0.345,rcc_slab,0.1,none,0.0,west,1.8,1.2,0.55,3.5,43.627,47.923,0.0,7.066
Delhi,28.6139,77.209,cold,3.0,3.0,2.6,0.0,puf_sandwich_panel,0.075,timber,0.15,sheep_wool,0.15,north,1.2,1.5,0.65,1.6,36.419,39.837,0.0,7.357
Delhi,28.6139,77.209,cold,3.0,3.0,2.6,0.0,mud_brick,0.15,rcc_slab,0.2,none,0.0,east,0.9,0.6,0.45,1.2,42.904,48.037,0.0,7.092
Delhi,28.6139,77.209,cold,3.0,3.0,2.6,90.0,timber,0.15,puf_sandwich_panel,0.05,eps,0.1,west,0.9,0.9,0.35,3.5,35.731,37.713,0.0,7.23
Delhi,28.6139,77.209,cold,3.0,3.0,2.6,135.0,aerated_concrete,0.2,mud_brick,0.25,xps,0.15,north,0.6,0.9,0.55,5.8,35.82,36.937,0.0,7.126
Delhi,28.6139,77.209,cold,3.0,3.0,2.6,135.0,mud_brick,0.3,rcc_slab,0.2,xps,0.05,north,0.9,0.9,0.65,2.6,37.749,39.09,0.0,7.066
Delhi,28.6139,77.209,cold,3.0,3.0,2.6,180.0,stone,0.45,timber,0.1,eps,0.05,north,0.9,0.6,0.85,5.8,37.477,38.549,0.0,7.048
Delhi,28.6139,77.209,cold,3.0,3.0,2.6,90.0,gi_sheet,0.002,mud_brick,0.25,none,0.0,east,1.8,0.9,0.35,5.8,42.969,53.068,0.0,7.176
Delhi,28.6139,77.209,cold,3.0,3.0,2.6,90.0,aerated_concrete,0.2,gi_sheet,0.002,eps,0.2,east,0.6,1.5,0.45,2.6,35.395,36.956,0.0,7.198
Delhi,28.6139,77.209,cold,3.0,3.0,2.6,135.0,rammed_earth,0.45,gi_sheet,0.002,sheep_wool,0.05,south,1.8,0.6,0.55,2.6,37.67,38.968,0.0,7.061
Delhi,28.6139,77.209,cold,3.0,3.0,2.6,0.0,aerated_concrete,0.2,brick,0.115,eps,0.025,east,0.9,0.9,0.45,1.6,38.597,41.665,0.0,7.159
Delhi,28.6139,77.209,cold,3.0,3.0,2.6,90.0,plywood,0.012,timber,0.1,xps,0.1,north,1.8,0.9,0.65,2.6,38.587,43.634,0.0,7.377
Delhi,28.6139,77.209,cold,3.0,3.0,2.6,180.0,plywood,0.019,stone,0.3,eps,0.1,south,1.5,0.6,0.45,3.5,37.105,38.937,0.0,7.132
Delhi,28.6139,77.209,cold,3.0,3.0,2.6,180.0,timber,0.15,aerated_concrete,0.2,xps,0.1,north,1.8,0.9,0.45,1.2,36.327,38.418,0.0,7.196
Delhi,28.6139,77.209,cold,3.0,3.0,2.6,90.0,brick,0.23,stone,0.15,sheep_wool,0.1,east,1.5,0.9,0.55,1.6,37.162,38.413,0.0,7.077
Delhi,28.6139,77.209,cold,3.0,3.0,2.6,0.0,gi_sheet,0.002,timber,0.1,sheep_wool,0.05,west,0.9,1.5,0.65,3.5,39.034,45.835,0.0,7.354
Delhi,28.6139,77.209,cold,3.0,3.0,2.6,0.0,puf_sandwich_panel,0.075,aerated_concrete,0.2,xps,0.1,east,1.8,1.5,0.55,2.0,38.585,43.147,0.0,7.336
Delhi,28.6139,77.209,cold,3.0,3.0,2.6,135.0,aerated_concrete,0.2,brick,0.23,eps,0.025,west,1.5,0.9,0.55,2.0,38.972,41.763,0.0,7.132
Delhi,28.6139,77.209,cold,3.0,3.0,2.6,45.0,brick,0.115,rcc_slab,0.25,eps,0.15,south,1.2,0.6,0.65,2.6,36.627,37.868,0.0,7.097
Delhi,28.6139,77.209,cold,3.0,3.0,2.6,0.0,stone,0.45,timber,0.15,sheep_wool,0.05,south,0.9,0.6,0.85,1.6,37.369,38.402,0.0,7.047
Delhi,28.6139,77.209,cold,3.0,3.0,2.6,45.0,mud_brick,0.45,rcc_slab,0.25,mineral_wool,0.1,north,1.2,1.5,0.35,3.5,36.998,37.869,0.0,7.053
Delhi,28.6139,77.209,cold,3.0,3.0,2.6,135.0,stone,0.3,rcc_slab,0.1,eps,0.2,east,1.2,1.5,0.65,2.0,37.203,38.261,0.0,7.059
Delhi,28.6139,77.209,cold,3.0,3.0,2.6,180.0,concrete,0.3,concrete,0.1,eps,0.1,north,0.6,0.9,0.35,2.6,36.759,37.649,0.0,7.063
Delhi,28.6139,77.209,cold,3.0,3.0,2.6,0.0,timber,0.15,stone,0.3,xps,0.15,north,1.2,0.9,0.75,1.2,36.184,37.269,0.0,7.108
Delhi,28.6139,77.209,cold,3.0,3.0,2.6,135.0,brick,0.345,mud_brick,0.25,mineral_wool,0.15,west,0.9,1.5,0.75,1.6,37.404,38.48,0.0,7.061
Delhi,28.6139,77.209,cold,3.0,3.0,2.6,0.0,mud_brick,0.3,gi_sheet,0.002,sheep_wool,0.05,west,0.6,0.9,0.45,1.2,37.482,38.847,0.0,7.075
Delhi,28.6139,77.209,cold,3.0,3.0,2.6,135.0,aerated_concrete,0.2,gi_sheet,0.002,eps,0.15,east,0.6,0.6,0.35,2.6,35.318,36.826,0.0,7.197
Delhi,28.6139,77.209,cold,3.0,3.0,2.6,0.0,stone,0.3,brick,0.115,sheep_wool,0.15,south,1.5,1.2,0.75,1.2,37.343,38.494,0.0,7.059
Delhi,28.6139,77.209,cold,3.0,3.0,2.6,90.0,rammed_earth,0.3,rcc_slab,0.25,eps,0.15,south,1.8,1.5,0.55,2.0,37.482,38.782,0.0,7.068
Delhi,28.6139,77.209,cold,3.0,3.0,2.6,135.0,rammed_earth,0.3,aerated_concrete,0.2,eps,0.15,south,1.5,1.2,0.65,2.6,37.073,38.274,0.0,7.076
Delhi,28.6139,77.209,cold,3.0,3.0,2.6,90.0,puf_sandwich_panel,0.1,mud_brick,0.15,eps,0.1,north,1.5,1.2,0.45,2.6,37.082,39.785,0.0,7.241
Delhi,28.6139,77.209,cold,3.0,3.0,2.6,135.0,stone,0.45,rcc_slab,0.15,eps,0.2,east,0.6,1.2,0.55,2.6,36.208,36.661,0.0,7.046
Delhi,28.6139,77.209,cold,3.0,3.0,2.6,135.0,rammed_earth,0.15,gi_sheet,0.002,none,0.0,east,1.5,1.2,0.45,2.6,43.99,52.283,0.0,7.126
Delhi,28.6139,77.209,cold,3.0,3.0,2.6,45.0,concrete,0.2,gi_sheet,0.002,eps,0.025,east,1.8,0.9,0.65,1.6,40.479,43.476,0.0,7.088
Delhi,28.6139,77.209,cold,3.0,3.0,2.6,180.0,gi_sheet,0.002,stone,0.15,mineral_wool,0.15,north,1.2,0.9,0.65,3.5,37.53,40.202,0.0,7.185
Delhi,28.6139,77.209,cold,3.0,3.0,2.6,45.0,concrete,0.1,timber,0.15,eps,0.025,east,1.5,1.5,0.45,1.6,40.171,43.893,0.0,7.132
Delhi,28.6139,77.209,cold,3.0,3.0,2.6,0.0,rammed_earth,0.3,mud_brick,0.25,xps,0.15,south,1.2,1.5,0.45,2.6,36.468,37.323,0.0,7.068
Delhi,28.6139,77.209,cold,3.0,3.0,2.6,45.0,rammed_earth,0.45,mud_brick,0.15,xps,0.1,east,1.5,1.2,0.55,3.5,37.381,38.469,0.0,7.058
Delhi,28.6139,77.209,cold,3.0,3.0,2.6,0.0,concrete,0.3,timber,0.15,mineral_wool,0.05,east,0.6,0.9,0.55,1.6,37.633,38.939,0.0,7.065
Delhi,28.6139,77.209,cold,3.0,3.0,2.6,135.0,mud_brick,0.15,gi_sheet,0.002,eps,0.1,south,0.6,1.5,0.45,2.6,36.919,38.536,0.0,7.119
Delhi,28.6139,77.209,cold,3.0,3.0,2.6,90.0,gi_sheet,0.002,stone,0.3,sheep_wool,0.15,north,1.2,0.9,0.55,2.0,37.611,39.615,0.0,7.13
Delhi,28.6139,77.209,cold,3.0,3.0,2.6,180.0,brick,0.23,puf_sandwich_panel,0.15,eps,0.2,east,1.2,1.2,0.55,1.2,36.474,37.525,0.0,7.09
Delhi,28.6139,77.209,cold,3.0,3.0,2.6,45.0,gi_sheet,0.002,puf_sandwich_panel,0.075,mineral_wool,0.1,west,0.6,0.6,0.75,1.6,36.809,41.143,0.0,7.39
Delhi,28.6139,77.209,cold,3.0,3.0,2.6,135.0,concrete,0.3,gi_sheet,0.002,eps,0.15,south,1.5,0.9,0.45,1.2,36.699,37.612,0.0,7.067
Delhi,28.6139,77.209,cold,3.0,3.0,2.6,45.0,plywood,0.03,stone,0.15,mineral_wool,0.1,east,0.9,1.2,0.45,1.2,37.087,39.529,0.0,7.187
Delhi,28.6139,77.209,cold,3.0,3.0,2.6,90.0,stone,0.45,rcc_slab,0.25,sheep_wool,0.05,north,0.6,0.9,0.55,2.0,37.671,38.785,0.0,7.045
Delhi,28.6139,77.209,cold,3.0,3.0,2.6,0.0,gi_sheet,0.002,stone,0.15,xps,0.05,west,1.2,1.2,0.75,1.6,39.124,43.499,0.0,7.193
Delhi,28.6139,77.209,cold,3.0,3.0,2.6,45.0,timber,0.2,concrete,0.1,eps,0.025,south,1.2,0.6,0.55,2.6,38.302,41.236,0.0,7.153
Delhi,28.6139,77.209,cold,3.0,3.0,2.6,45.0,timber,0.2,aerated_concrete,0.2,mineral_wool,0.15,west,1.8,0.9,0.75,1.6,36.752,38.875,0.0,7.167
Delhi,28.6139,77.209,cold,3.0,3.0,2.6,180.0,timber,0.1,mud_brick,0.15,eps,0.05,south,0.6,0.9,0.55,3.5,37.307,39.884,0.0,7.181
Delhi,28.6139,77.209,cold,3.0,3.0,2.6,180.0,aerated_concrete,0.2,puf_sandwich_panel,0.15,eps,0.2,west,0.9,0.6,0.35,1.2,35.042,36.354,0.0,7.199
Delhi,28.6139,77.209,cold,3.0,3.0,2.6,135.0,gi_sheet,0.002,mud_brick,0.25,mineral_wool,0.05,south,1.5,1.5,0.75,1.6,39.909,44.321,0.0,7.175
Delhi,28.6139,77.209,cold,3.0,3.0,2.6,180.0,rammed_earth,0.15,aerated_concrete,0.2,eps,0.025,east,1.2,0.9,0.65,2.0,39.05,41.861,0.0,7.115
Delhi,28.6139,77.209,cold,3.0,3.0,2.6,0.0,rammed_earth,0.45,concrete,0.2,eps,0.025,east,0.6,1.5,0.65,2.0,38.742,40.414,0.0,7.055
Delhi,28.6139,77.209,cold,3.0,3.0,2.6,135.0,mud_brick,0.3,timber,0.15,eps,0.1,east,1.2,1.5,0.65,2.6,37.402,38.728,0.0,7.075
Delhi,28.6139,77.209,cold,3.0,3.0,2.6,180.0,puf_sandwich_panel,0.075,rcc_slab,0.15,sheep_wool,0.05,north,0.9,0.6,0.75,3.5,36.635,39.227,0.0,7.221
Delhi,28.6139,77.209,cold,3.0,3.0,2.6,0.0,aerated_concrete,0.1,timber,0.15,mineral_wool,0.05,east,0.6,0.6,0.65,1.6,37.129,40.109,0.0,7.237
Delhi,28.6139,77.209,cold,3.0,3.0,2.6,180.0,plywood,0.05,puf_sandwich_panel,0.15,eps,0.05,south,1.5,0.9,0.45,1.2,37.121,41.234,0.0,7.373
Delhi,28.6139,77.209,cold,3.0,3.0,2.6,45.0,concrete,0.2,gi_sheet,0.002,sheep_wool,0.1,south,0.9,0.9,0.85,1.6,37.475,38.976,0.0,7.086
Delhi,28.6139,77.209,cold,3.0,3.0,2.6,135.0,concrete,0.15,stone,0.3,eps,0.1,north,0.6,0.9,0.45,2.6,37.163,38.331,0.0,7.074
Delhi,28.6139,77.209,cold,3.0,3.0,2.6,180.0,puf_sandwich_panel,0.05,timber,0.15,mineral_wool,0.05,west,0.6,0.6,0.35,5.8,35.937,38.932,0.0,7.358
Delhi,28.6139,77.209,cold,3.0,3.0,2.6,180.0,concrete,0.15,rcc_slab,0.25,xps,0.1,south,1.5,1.5,0.45,1.6,37.867,39.437,0.0,7.082
Delhi,28.6139,77.209,cold,3.0,3.0,2.6,180.0,aerated_concrete,0.1,gi_sheet,0.002,eps,0.15,east,0.6,1.2,0.85,1.2,36.305,39.193,0.0,7.275
Delhi,28.6139,77.209,cold,3.0,3.0,2.6,135.0,gi_sheet,0.002,brick,0.23,none,0.0,south,0.6,1.5,0.85,5.8,43.575,54.69,0.0,7.183
Delhi,28.6139,77.209,cold,3.0,3.0,2.6,135.0,stone,0.45,brick,0.23,mineral_wool,0.1,east,1.5,0.6,0.65,3.5,36.944,37.737,0.0,7.046
Delhi,28.6139,77.209,cold,3.0,3.0,2.6,45.0,puf_sandwich_panel,0.075,puf_sandwich_panel,0.15,eps,0.025,north,0.9,1.2,0.65,2.6,36.477,40.325,0.006,7.488
Delhi,28.6139,77.209,cold,3.0,3.0,2.6,45.0,mud_brick,0.45,gi_sheet,0.002,sheep_wool,0.05,south,1.8,1.5,0.75,5.8,39.068,41.034,0.0,7.061
Delhi,28.6139,77.209,cold,3.0,3.0,2.6,0.0,mud_brick,0.15,aerated_concrete,0.1,sheep_wool,0.15,west,0.9,0.6,0.65,3.5,36.321,37.634,0.0,7.114
Delhi,28.6139,77.209,cold,3.0,3.0,2.6,135.0,aerated_concrete,0.1,aerated_concrete,0.2,xps,0.15,east,0.6,0.9,0.75,2.6,35.842,37.929,0.0,7.227
Delhi,28.6139,77.209,cold,3.0,3.0,2.6,135.0,plywood,0.019,stone,0.15,mineral_wool,0.15,south,1.5,0.9,0.55,2.0,37.012,39.487,0.0,7.189
Delhi,28.6139,77.209,cold,3.0,3.0,2.6,180.0,rammed_earth,0.3,brick,0.23,mineral_wool,0.1,west,0.6,0.6,0.65,5.8,36.656,37.524,0.0,7.067
Delhi,28.6139,77.209,cold,3.0,3.0,2.6,0.0,mud_brick,0.15,gi_sheet,0.002,none,0.0,north,0.6,1.2,0.55,2.0,43.725,51.082,0.0,7.119
Delhi,28.6139,77.209,cold,3.0,3.0,2.6,45.0,plywood,0.03,timber,0.1,eps,0.2,south,1.8,1.5,0.85,5.8,38.872,45.383,0.0,7.341
Delhi,28.6139,77.209,cold,3.0,3.0,2.6,135.0,puf_sandwich_panel,0.075,concrete,0.15,xps,0.05,south,1.5,1.2,0.85,1.2,37.991,41.632,0.0,7.221
Delhi,28.6139,77.209,cold,3.0,3.0,2.6,0.0,concrete,0.15,rcc_slab,0.1,mineral_wool,0.05,north,1.5,1.5,0.65,3.5,39.378,41.93,0.0,7.096
Delhi,28.6139,77.209,cold,3.0,3.0,2.6,45.0,brick,0.23,brick,0.115,none,0.0,south,0.9,0.9,0.35,1.2,42.845,47.407,0.0,7.082
Delhi,28.6139,77.209,cold,3.0,3.0,2.6,180.0,puf_sandwich_panel,0.1,brick,0.115,eps,0.1,east,0.6,1.2,0.45,3.5,35.597,37.912,0.0,7.269
Delhi,28.6139,77.209,cold,3.0,3.0,2.6,90.0,aerated_concrete,0.3,puf_sandwich_panel,0.1,sheep_wool,0.1,north,1.2,1.5,0.65,2.0,37.858,40.158,0.0,7.164
Delhi,28.6139,77.209,cold,3.0,3.0,2.6,45.0,concrete,0.1,timber,0.1,eps,0.05,south,1.8,0.6,0.65,1.2,38.559,41.355,0.0,7.132
Delhi,28.6139,77.209,cold,3.0,3.0,2.6,45.0,plywood,0.03,puf_sandwich_panel,0.15,none,0.0,east,1.2,0.9,0.45,3.5,40.818,49.717,0.0,7.418
Delhi,28.6139,77.209,cold,3.0,3.0,2.6,0.0,concrete,0.2,brick,0.115,xps,0.05,west,1.2,1.2,0.35,3.5,38.215,40.007,0.0,7.081
Delhi,28.6139,77.209,cold,3.0,3.0,2.6,0.0,gi_sheet,0.002,gi_sheet,0.002,eps,0.1,north,1.5,0.9,0.35,1.2,37.386,42.346,0.0,7.4
Delhi,28.6139,77.209,cold,3.0,3.0,2.6,180.0,brick,0.345,aerated_concrete,0.2,eps,0.15,north,0.9,0.6,0.85,1.2,36.113,36.745,0.0,7.066
Delhi,28.6139,77.209,cold,3.0,3.0,2.6,45.0,gi_sheet,0.002,gi_sheet,0.002,xps,0.15,north,0.6,0.6,0.85,1.6,36.747,40.71,0.0,7.387
Delhi,28.6139,77.209,cold,3.0,3.0,2.6,180.0,mud_brick,0.15,puf_sandwich_panel,0.05,eps,0.05,north,1.8,1.2,0.85,1.2,38.854,41.497,0.0,7.124
Delhi,28.6139,77.209,cold,3.0,3.0,2.6,180.0,timber,0.1,mud_brick,0.15,eps,0.2,east,0.9,0.9,0.65,3.5,35.955,37.723,0.0,7.179
Delhi,28.6139,77.209,cold,3.0,3.0,2.6,45.0,timber,0.1,rcc_slab,0.15,sheep_wool,0.15,west,1.2,1.2,0.45,3.5,36.522,38.552,0.0,7.169
Delhi,28.6139,77.209,cold,3.0,3.0,2.6,45.0,brick,0.115,rcc_slab,0.1,sheep_wool,0.15,south,1.5,1.5,0.55,2.0,37.801,39.964,0.0,7.121
Delhi,28.6139,77.209,cold,3.0,3.0,2.6,180.0,rammed_earth,0.45,mud_brick,0.25,mineral_wool,0.1,east,0.6,1.2,0.35,5.8,36.355,36.991,0.0,7.055
Delhi,28.6139,77.209,cold,3.0,3.0,2.6,90.0,stone,0.15,concrete,0.2,eps,0.1,east,1.5,0.6,0.35,2.0,36.958,38.148,0.0,7.079
Delhi,28.6139,77.209,cold,3.0,3.0,2.6,180.0,stone,0.45,stone,0.15,eps,0.05,east,0.9,1.5,0.35,2.0,37.682,38.828,0.0,7.046
Delhi,28.6139,77.209,cold,3.0,3.0,2.6,135.0,aerated_concrete,0.1,aerated_concrete,0.1,xps,0.05,west,1.8,1.5,0.35,5.8,38.723,43.135,0.0,7.263
Delhi,28.6139,77.209,cold,3.0,3.0,2.6,90.0,stone,0.15,brick,0.23,eps,0.2,west,1.2,0.6,0.45,2.0,36.249,37.108,0.0,7.079
Delhi,28.6139,77.209,cold,3.0,3.0,2.6,45.0,gi_sheet,0.002,mud_brick,0.25,eps,0.025,east,1.2,0.9,0.35,2.6,39.741,44.274,0.0,7.177
Delhi,28.6139,77.209,cold,3.0,3.0,2.6,0.0,puf_sandwich_panel,0.075,puf_sandwich_panel,0.15,eps,0.1,north,1.5,0.9,0.75,2.0,36.001,39.729,0.006,7.475
Delhi,28.6139,77.209,cold,3.0,3.0,2.6,135.0,gi_sheet,0.002,concrete,0.15,eps,0.2,east,1.2,1.5,0.75,1.2,38.117,41.529,0.0,7.204
Delhi,28.6139,77.209,cold,3.0,3.0,2.6,135.0,rammed_earth,0.15,puf_sandwich_panel,0.1,sheep_wool,0.15,east,1.5,1.2,0.55,1.2,37.065,38.844,0.0,7.126
Delhi,28.6139,77.209,cold,3.0,3.0,2.6,90.0,puf_sandwich_panel,0.075,brick,0.115,sheep_wool,0.05,north,1.5,1.5,0.45,2.6,38.533,42.731,0.0,7.274
Delhi,28.6139,77.209,cold,3.0,3.0,2.6,0.0,puf_sandwich_panel,0.075,puf_sandwich_panel,0.05,xps,0.15,east,0.9,1.5,0.55,3.5,36.446,40.053,0.006,7.466
Delhi,28.6139,77.209,cold,3.0,3.0,2.6,0.0,aerated_concrete,0.1,puf_sandwich_panel,0.075,xps,0.1,north,0.9,1.2,0.75,2.6,36.552,39.572,0.0,7.285
Delhi,28.6139,77.209,cold,3.0,3.0,2.6,90.0,rammed_earth,0.3,timber,0.1,eps,0.05,west,1.2,1.2,0.85,2.6,38.142,39.827,0.0,7.078
Delhi,28.6139,77.209,cold,3.0,3.0,2.6,0.0,gi_sheet,0.002,timber,0.15,mineral_wool,0.1,west,0.6,0.9,0.35,5.8,37.023,40.967,0.0,7.308
Delhi,28.6139,77.209,cold,3.0,3.0,2.6,0.0,puf_sandwich_panel,0.1,rcc_slab,0.25,sheep_wool,0.15,north,1.5,1.5,0.35,2.0,36.042,37.628,0.0,7.164
Delhi,28.6139,77.209,cold,3.0,3.0,2.6,180.0,plywood,0.012,gi_sheet,0.002,eps,0.2,north,1.8,1.5,0.75,2.0,38.496,44.642,0.0,7.428
Delhi,28.6139,77.209,cold,3.0,3.0,2.6,135.0,puf_sandwich_panel,0.075,timber,0.15,sheep_wool,0.1,north,1.2,1.2,0.55,1.6,36.582,39.99,0.0,7.361
Delhi,28.6139,77.209,cold,3.0,3.0,2.6,45.0,aerated_concrete,0.2,rcc_slab,0.25,sheep_wool,0.15,east,0.6,0.9,0.35,1.6,35.688,36.683,0.0,7.118
Delhi,28.6139,77.209,cold,3.0,3.0,2.6,0.0,brick,0.345,brick,0.115,mineral_wool,0.05,west,1.5,0.6,0.65,2.0,37.84,39.256,0.0,7.065
Delhi,28.6139,77.209,cold,3.0,3.0,2.6,180.0,puf_sandwich_panel,0.15,gi_sheet,0.002,eps,0.1,north,1.5,0.6,0.55,1.2,35.368,38.534,0.0119,7.443
Delhi,28.6139,77.209,cold,3.0,3.0,2.6,180.0,mud_brick,0.45,timber,0.1,none,0.0,north,0.6,0.9,0.55,5.8,38.932,40.78,0.0,7.058
Delhi,28.6139,77.209,cold,3.0,3.0,2.6,45.0,brick,0.23,mud_brick,0.15,mineral_wool,0.15,east,1.8,1.5,0.45,3.5,37.942,39.514,0.0,7.081
Delhi,28.6139,77.209,cold,3.0,3.0,2.6,45.0,gi_sheet,0.002,aerated_concrete,0.1,eps,0.1,east,1.8,1.5,0.65,1.2,39.694,45.952,0.0,7.356
Delhi,28.6139,77.209,cold,3.0,3.0,2.6,180.0,timber,0.15,mud_brick,0.15,sheep_wool,0.15,south,1.5,0.9,0.85,2.0,36.936,38.933,0.0,7.161
Delhi,28.6139,77.209,cold,3.0,3.0,2.6,90.0,gi_sheet,0.002,mud_brick,0.15,eps,0.15,west,0.6,1.5,0.65,2.6,37.038,39.85,0.0,7.224
Delhi,28.6139,77.209,cold,3.0,3.0,2.6,45.0,puf_sandwich_panel,0.15,timber,0.1,eps,0.025,north,0.6,1.5,0.35,2.0,36.323,39.874,0.0,7.39
Delhi,28.6139,77.209,cold,3.0,3.0,2.6,45.0,mud_brick,0.15,aerated_concrete,0.2,sheep_wool,0.15,south,1.2,0.9,0.55,2.6,36.6,38.004,0.0,7.111
Delhi,28.6139,77.209,cold,3.0,3.0,2.6,180.0,stone,0.45,stone,0.15,eps,0.1,south,1.5,0.6,0.55,5.8,36.908,37.689,0.0,7.046
Delhi,28.6139,77.209,cold,3.0,3.0,2.6,180.0,stone,0.3,stone,0.15,eps,0.05,east,0.9,0.6,0.55,2.6,37.877,39.213,0.0,7.056
Delhi,28.6139,77.209,cold,3.0,3.0,2.6,180.0,aerated_concrete,0.1,stone,0.3,xps,0.05,east,0.6,1.5,0.35,5.8,37.452,39.381,0.0,7.117
Delhi,28.6139,77.209,cold,3.0,3.0,2.6,0.0,brick,0.23,rcc_slab,0.15,none,0.0,north,0.9,0.6,0.45,5.8,42.956,47.551,0.0,7.078
Delhi,28.6139,77.209,cold,3.0,3.0,2.6,90.0,brick,0.115,aerated_concrete,0.1,mineral_wool,0.05,south,0.9,0.6,0.85,2.6,38.157,40.692,0.0,7.133
Delhi,28.6139,77.209,cold,3.0,3.0,2.6,180.0,mud_brick,0.45,timber,0.1,xps,0.1,south,0.6,1.5,0.35,3.5,36.165,36.741,0.0,7.058
Delhi,28.6139,77.209,cold,3.0,3.0,2.6,180.0,plywood,0.012,rcc_slab,0.15,mineral_wool,0.1,west,1.5,0.6,0.45,1.6,37.628,40.504,0.0,7.21
Delhi,28.6139,77.209,cold,3.0,3.0,2.6,135.0,stone,0.45,brick,0.23,sheep_wool,0.1,south,1.5,1.5,0.35,2.0,37.223,38.159,0.0,7.047
Delhi,28.6139,77.209,cold,3.0,3.0,2.6,180.0,plywood,0.019,concrete,0.15,eps,0.025,south,0.9,1.5,0.45,1.6,39.89,45.008,0.0,7.214
Delhi,28.6139,77.209,cold,3.0,3.0,2.6,45.0,concrete,0.1,brick,0.115,eps,0.025,west,0.9,1.2,0.35,2.6,39.994,43.521,0.0,7.118
Delhi,28.6139,77.209,cold,3.0,3.0,2.6,180.0,gi_sheet,0.002,gi_sheet,0.002,sheep_wool,0.15,west,1.5,1.5,0.85,3.5,40.761,48.491,0.0,7.398
Delhi,28.6139,77.209,cold,3.0,3.0,2.6,90.0,concrete,0.2,concrete,0.2,eps,0.15,east,0.9,0.6,0.55,3.5,36.354,37.2,0.0,7.073
Delhi,28.6139,77.209,cold,3.0,3.0,2.6,180.0,stone,0.3,aerated_concrete,0.1,sheep_wool,0.15,north,0.6,1.2,0.65,3.5,36.714,37.561,0.0,7.06
Delhi,28.6139,77.209,cold,3.0,3.0,2.6,90.0,gi_sheet,0.002,stone,0.3,xps,0.05,south,1.5,1.2,0.85,3.5,39.496,42.935,0.0,7.13
Delhi,28.6139,77.209,cold,3.0,3.0,2.6,135.0,timber,0.1,brick,0.115,xps,0.05,west,0.9,0.9,0.35,1.2,37.459,40.232,0.0,7.197
Delhi,28.6139,77.209,cold,3.0,3.0,2.6,45.0,brick,0.345,stone,0.3,mineral_wool,0.1,south,0.9,1.5,0.75,2.0,37.179,38.215,0.0,7.057
Delhi,28.6139,77.209,cold,3.0,3.0,2.6,90.0,gi_sheet,0.002,puf_sandwich_panel,0.15,xps,0.15,east,1.8,0.6,0.75,2.6,36.924,41.247,0.0,7.4
Delhi,28.6139,77.209,cold,3.0,3.0,2.6,135.0,rammed_earth,0.45,gi_sheet,0.002,xps,0.1,south,1.2,1.2,0.75,5.8,37.218,38.332,0.0,7.061
Delhi,28.6139,77.209,cold,3.0,3.0,2.6,90.0,timber,0.15,aerated_concrete,0.1,xps,0.05,east,1.5,1.5,0.65,3.5,38.15,41.788,0.0,7.216
Delhi,28.6139,77.209,cold,3.0,3.0,2.6,90.0,timber,0.2,aerated_concrete,0.2,eps,0.025,north,0.9,1.2,0.35,1.6,37.407,39.854,0.0,7.173
Delhi,28.6139,77.209,cold,3.0,3.0,2.6,90.0,gi_sheet,0.002,brick,0.23,mineral_wool,0.15,south,1.5,0.6,0.45,2.6,36.889,39.205,0.0,7.175
Delhi,28.6139,77.209,cold,3.0,3.0,2.6,180.0,stone,0.15,brick,0.23,xps,0.1,west,0.9,1.2,0.35,2.0,37.511,38.853,0.0,7.08
Delhi,28.6139,77.209,cold,3.0,3.0,2.6,90.0,aerated_concrete,0.3,timber,0.15,eps,0.15,south,1.8,0.6,0.45,1.2,35.662,36.971,0.0,7.147
Delhi,28.6139,77.209,cold,3.0,3.0,2.6,45.0,puf_sandwich_panel,0.15,brick,0.115,xps,0.15,north,0.9,0.9,0.45,2.0,35.311,37.141,0.0,7.261
Delhi,28.6139,77.209,cold,3.0,3.0,2.6,45.0,rammed_earth,0.45,timber,0.1,sheep_wool,0.1,south,1.8,1.2,0.85,1.6,37.924,39.347,0.0,7.061
Delhi,28.6139,77.209,cold,3.0,3.0,2.6,90.0,stone,0.45,timber,0.1,eps,0.15,north,1.5,0.6,0.55,3.5,36.651,37.311,0.0,7.048
Delhi,28.6139,77.209,cold,3.0,3.0,2.6,180.0,gi_sheet,0.002,gi_sheet,0.002,eps,0.05,west,1.2,1.2,0.85,1.6,40.487,47.74,0.0,7.406
Delhi,28.6139,77.209,cold,3.0,3.0,2.6,0.0,mud_brick,0.3,gi_sheet,0.002,eps,0.15,west,1.8,0.6,0.35,3.5,36.127,36.9,0.0,7.075
Delhi,28.6139,77.209,cold,3.0,3.0,2.6,135.0,aerated_concrete,0.1,brick,0.23,mineral_wool,0.1,north,0.9,0.9,0.55,1.2,36.823,38.696,0.0,7.152
Delhi,28.6139,77.209,cold,3.0,3.0,2.6,0.0,concrete,0.15,gi_sheet,0.002,eps,0.1,west,0.9,0.9,0.75,1.2,37.368,39.086,0.0,7.104
Delhi,28.6139,77.209,cold,3.0,3.0,2.6,0.0,mud_brick,0.15,aerated_concrete,0.2,sheep_wool,0.05,south,0.9,0.9,0.75,1.6,37.87,39.903,0.0,7.111
Delhi,28.6139,77.209,cold,3.0,3.0,2.6,90.0,mud_brick,0.45,mud_brick,0.15,eps,0.025,west,1.5,0.6,0.85,3.5,38.268,39.773,0.0,7.055
Delhi,28.6139,77.209,cold,3.0,3.0,2.6,45.0,puf_sandwich_panel,0.05,mud_brick,0.25,xps,0.05,east,1.5,1.5,0.35,5.8,37.677,40.49,0.0,7.186
Delhi,28.6139,77.209,cold,3.0,3.0,2.6,180.0,timber,0.2,brick,0.23,sheep_wool,0.05,north,0.9,1.2,0.35,1.2,37.057,38.876,0.0,7.128
Delhi,28.6139,77.209,cold,3.0,3.0,2.6,0.0,gi_sheet,0.002,rcc_slab,0.15,sheep_wool,0.05,south,1.2,0.9,0.45,1.6,38.779,43.033,0.0,7.208
Delhi,28.6139,77.209,cold,3.0,3.0,2.6,45.0,gi_sheet,0.002,timber,0.1,eps,0.1,west,0.6,1.2,0.55,3.5,37.269,41.784,0.0,7.349
Delhi,28.6139,77.209,cold,3.0,3.0,2.6,0.0,brick,0.23,timber,0.15,sheep_wool,0.1,east,1.8,1.2,0.45,3.5,38.261,40.004,0.0,7.088
Delhi,28.6139,77.209,cold,3.0,3.0,2.6,180.0,gi_sheet,0.002,gi_sheet,0.002,mineral_wool,0.05,north,1.8,0.9,0.75,2.0,39.504,46.546,0.0,7.395
Delhi,28.6139,77.209,cold,3.0,3.0,2.6,45.0,gi_sheet,0.002,timber,0.15,xps,0.05,west,0.6,1.5,0.65,2.0,38.265,43.586,0.0,7.325
Delhi,28.6139,77.209,cold,3.0,3.0,2.6,0.0,brick,0.23,puf_sandwich_panel,0.05,eps,0.025,west,1.2,0.6,0.45,5.8,38.221,40.152,0.0,7.089
Delhi,28.6139,77.209,cold,3.0,3.0,2.6,135.0,timber,0.1,mud_brick,0.25,xps,0.15,east,0.9,1.5,0.85,1.2,36.904,38.876,0.0,7.148
Delhi,28.6139,77.209,cold,3.0,3.0,2.6,135.0,timber,0.15,rcc_slab,0.1,xps,0.15,west,1.5,0.6,0.75,1.2,36.576,38.361,0.0,7.169
Delhi,28.6139,77.209,cold,3.0,3.0,2.6,135.0,plywood,0.03,gi_sheet,0.002,xps,0.15,west,0.6,0.6,0.35,3.5,35.878,38.864,0.0,7.384
Delhi,28.6139,77.209,cold,3.0,3.0,2.6,180.0,plywood,0.012,puf_sandwich_panel,0.1,eps,0.1,west,0.9,0.9,0.55,2.6,37.324,41.768,0.0,7.457
Delhi,28.6139,77.209,cold,3.0,3.0,2.6,135.0,mud_brick,0.15,gi_sheet,0.002,none,0.0,east,0.6,0.6,0.35,1.2,43.735,51.073,0.0,7.118
Delhi,28.6139,77.209,cold,3.0,3.0,2.6,135.0,rammed_earth,0.15,rcc_slab,0.15,eps,0.15,west,0.9,1.5,0.75,1.2,37.844,39.488,0.0,7.101
Delhi,28.6139,77.209,cold,3.0,3.0,2.6,45.0,mud_brick,0.3,stone,0.15,eps,0.05,west,0.6,1.5,0.45,3.5,37.531,38.839,0.0,7.067
Delhi,28.6139,77.209,cold,3.0,3.0,2.6,180.0,puf_sandwich_panel,0.075,rcc_slab,0.25,xps,0.1,north,0.6,0.6,0.65,2.0,35.32,36.574,0.0,7.164
Delhi,28.6139,77.209,cold,3.0,3.0,2.6,45.0,aerated_concrete,0.3,timber,0.1,sheep_wool,0.05,west,0.9,0.6,0.35,2.6,36.459,38.23,0.0,7.151
Delhi,28.6139,77.209,cold,3.0,3.0,2.6,90.0,puf_sandwich_panel,0.1,brick,0.23,xps,0.15,east,0.9,0.9,0.55,1.6,35.182,36.562,0.0,7.189
Delhi,28.6139,77.209,cold,3.0,3.0,2.6,135.0,stone,0.15,concrete,0.2,sheep_wool,0.1,east,1.2,1.2,0.75,1.2,38.189,39.906,0.0,7.08
Delhi,28.6139,77.209,cold,3.0,3.0,2.6,180.0,aerated_concrete,0.2,aerated_concrete,0.1,eps,0.025,south,1.5,1.2,0.85,2.6,39.054,42.897,0.0,7.194
Delhi,28.6139,77.209,cold,3.0,3.0,2.6,90.0,concrete,0.2,puf_sandwich_panel,0.1,eps,0.15,west,1.8,0.6,0.75,5.8,36.884,38.121,0.0,7.087
Delhi,28.6139,77.209,cold,3.0,3.0,2.6,90.0,brick,0.23,puf_sandwich_panel,0.15,eps,0.15,south,1.2,1.5,0.85,1.6,37.507,39.071,0.0,7.091
Delhi,28.6139,77.209,cold,3.0,3.0,2.6,180.0,rammed_earth,0.3,aerated_concrete,0.1,eps,0.05,north,0.9,0.6,0.35,1.2,37.162,38.388,0.0,7.076
Delhi,28.6139,77.209,cold,3.0,3.0,2.6,90.0,puf_sandwich_panel,0.05,concrete,0.15,xps,0.1,north,1.8,0.9,0.65,2.0,37.769,40.649,0.0,7.22
Delhi,28.6139,77.209,cold,3.0,3.0,2.6,0.0,puf_sandwich_panel,0.075,gi_sheet,0.002,eps,0.15,south,1.2,1.5,0.85,2.6,36.891,41.729,0.0,7.451
Delhi,28.6139,77.209,cold,3.0,3.0,2.6,45.0,brick,0.115,gi_sheet,0.002,xps,0.15,north,1.5,0.9,0.85,2.0,38.124,40.395,0.0,7.14
Delhi,28.6139,77.209,cold,3.0,3.0,2.6,180.0,puf_sandwich_panel,0.075,rcc_slab,0.1,eps,0.1,west,0.9,0.6,0.45,2.0,35.684,37.83,0.0,7.266
Delhi,28.6139,77.209,cold,3.0,3.0,2.6,0.0,puf_sandwich_panel,0.05,brick,0.23,eps,0.2,south,0.6,0.9,0.65,5.8,35.216,36.629,0.0,7.19
Delhi,28.6139,77.209,cold,3.0,3.0,2.6,45.0,stone,0.15,gi_sheet,0.002,sheep_wool,0.15,east,1.5,1.5,0.65,2.6,38.655,40.734,0.0,7.098
Delhi,28.6139,77.209,cold,3.0,3.0,2.6,135.0,timber,0.1,rcc_slab,0.15,eps,0.025,south,1.5,0.9,0.75,3.5,39.48,43.56,0.0,7.171
Delhi,28.6139,77.209,cold,3.0,3.0,2.6,135.0,timber,0.2,gi_sheet,0.002,eps,0.05,north,1.2,1.5,0.65,5.8,38.722,42.298,0.0,7.198
Delhi,28.6139,77.209,cold,3.0,3.0,2.6,90.0,aerated_concrete,0.3,mud_brick,0.25,none,0.0,west,0.6,1.2,0.35,5.8,39.067,41.809,0.0,7.111
Delhi,28.6139,77.209,cold,3.0,3.0,2.6,90.0,mud_brick,0.15,mud_brick,0.15,xps,0.15,west,1.2,0.9,0.65,2.6,36.551,37.746,0.0,7.101
Delhi,28.6139,77.209,cold,3.0,3.0,2.6,180.0,concrete,0.15,aerated_concrete,0.2,sheep_wool,0.05,east,0.6,0.6,0.65,2.0,38.14,40.105,0.0,7.098
Delhi,28.6139,77.209,cold,3.0,3.0,2.6,135.0,aerated_concrete,0.3,brick,0.115,xps,0.15,east,1.2,0.9,0.65,5.8,36.319,37.822,0.0,7.132
Delhi,28.6139,77.209,cold,3.0,3.0,2.6,180.0,brick,0.23,timber,0.1,eps,0.1,north,1.8,1.2,0.35,2.6,37.214,38.603,0.0,7.089
Delhi,28.6139,77.209,cold,3.0,3.0,2.6,90.0,aerated_concrete,0.3,mud_brick,0.15,mineral_wool,0.15,south,1.2,0.6,0.45,5.8,35.725,36.835,0.0,7.123
Delhi,28.6139,77.209,cold,3.0,3.0,2.6,45.0,aerated_concrete,0.2,mud_brick,0.15,eps,0.2,north,1.2,1.5,0.55,1.6,37.072,38.878,0.0,7.149
Delhi,28.6139,77.209,cold,3.0,3.0,2.6,135.0,puf_sandwich_panel,0.05,brick,0.115,mineral_wool,0.15,south,1.2,1.5,0.65,1.6,36.679,39.753,0.0,7.257
Delhi,28.6139,77.209,cold,3.0,3.0,2.6,135.0,rammed_earth,0.45,puf_sandwich_panel,0.075,sheep_wool,0.05,north,1.8,1.5,0.45,1.2,38.032,39.446,0.0,7.063
Delhi,28.6139,77.209,cold,3.0,3.0,2.6,135.0,gi_sheet,0.002,aerated_concrete,0.2,none,0.0,north,1.2,1.5,0.35,2.0,42.958,54.56,0.006,7.309
Delhi,28.6139,77.209,cold,3.0,3.0,2.6,0.0,mud_brick,0.45,timber,0.15,sheep_wool,0.1,west,0.6,0.9,0.85,5.8,36.436,37.139,0.0,7.057
Delhi,28.6139,77.209,cold,3.0,3.0,2.6,0.0,gi_sheet,0.002,stone,0.3,eps,0.15,south,1.5,0.6,0.85,2.0,37.185,39.136,0.0,7.129
Delhi,28.6139,77.209,cold,3.0,3.0,2.6,0.0,puf_sandwich_panel,0.05,stone,0.15,sheep_wool,0.15,north,1.5,1.2,0.45,2.0,36.183,38.216,0.0,7.204
Delhi,28.6139,77.209,cold,3.0,3.0,2.6,45.0,aerated_concrete,0.3,mud_brick,0.15,sheep_wool,0.1,east,1.5,0.6,0.45,3.5,36.464,37.903,0.0,7.126
Delhi,28.6139,77.209,cold,3.0,3.0,2.6,135.0,brick,0.345,brick,0.23,eps,0.1,east,0.6,1.5,0.45,5.8,36.804,37.713,0.0,7.061
Delhi,28.6139,77.209,cold,3.0,3.0,2.6,180.0,timber,0.1,rcc_slab,0.1,none,0.0,north,1.2,1.2,0.45,1.2,43.106,51.88,0.0,7.197
Delhi,28.6139,77.209,cold,3.0,3.0,2.6,45.0,plywood,0.05,mud_brick,0.15,sheep_wool,0.15,south,0.6,0.9,0.35,1.2,35.842,37.821,0.0,7.211
Delhi,28.6139,77.209,cold,3.0,3.0,2.6,0.0,timber,0.2,timber,0.1,eps,0.1,west,1.8,1.2,0.65,5.8,37.821,41.036,0.0,7.186
Delhi,28.6139,77.209,cold,3.0,3.0,2.6,45.0,brick,0.345,puf_sandwich_panel,0.15,sheep_wool,0.1,north,0.6,1.2,0.65,5.8,36.729,37.646,0.0,7.068
Delhi,28.6139,77.209,cold,3.0,3.0,2.6,90.0,gi_sheet,0.002,puf_sandwich_panel,0.075,mineral_wool,0.1,east,1.8,0.6,0.75,5.8,37.515,42.435,0.0,7.392
Delhi,28.6139,77.209,cold,3.0,3.0,2.6,90.0,rammed_earth,0.45,aerated_concrete,0.1,xps,0.05,north,1.5,1.2,0.45,1.6,37.893,39.215,0.0,7.061
Delhi,28.6139,77.209,cold,3.0,3.0,2.6,135.0,concrete,0.2,aerated_concrete,0.1,sheep_wool,0.15,west,1.5,1.2,0.55,3.5,38.123,39.77,0.0,7.086
Delhi,28.6139,77.209,cold,3.0,3.0,2.6,0.0,timber,0.1,stone,0.15,none,0.0,west,1.8,0.6,0.35,1.6,42.664,49.893,0.0,7.161
Delhi,28.6139,77.209,cold,3.0,3.0,2.6,0.0,plywood,0.05,aerated_concrete,0.1,eps,0.1,south,0.6,0.9,0.55,2.0,36.26,39.425,0.0,7.319
Delhi,28.6139,77.209,cold,3.0,3.0,2.6,45.0,aerated_concrete,0.1,aerated_concrete,0.2,sheep_wool,0.1,south,1.5,0.9,0.75,2.6,37.345,40.676,0.0,7.233
Delhi,28.6139,77.209,cold,3.0,3.0,2.6,135.0,stone,0.45,concrete,0.15,eps,0.05,west,0.9,1.5,0.45,2.0,38.052,39.331,0.0,7.047
Delhi,28.6139,77.209,cold,3.0,3.0,2.6,180.0,timber,0.15,rcc_slab,0.25,eps,0.15,north,1.2,0.6,0.75,5.8,36.087,37.355,0.0,7.125
Delhi,28.6139,77.209,cold,3.0,3.0,2.6,135.0,mud_brick,0.3,concrete,0.2,eps,0.05,west,1.5,0.9,0.45,2.0,38.067,39.538,0.0,7.067
Delhi,28.6139,77.209,cold,3.0,3.0,2.6,135.0,concrete,0.15,concrete,0.15,xps,0.1,north,0.9,0.9,0.55,1.6,37.435,38.85,0.0,7.088
Delhi,28.6139,77.209,cold,3.0,3.0,2.6,90.0,gi_sheet,0.002,gi_sheet,0.002,mineral_wool,0.15,south,1.2,0.6,0.45,3.5,36.738,40.705,0.0,7.362
Delhi,28.6139,77.209,cold,3.0,3.0,2.6,45.0,gi_sheet,0.002,rcc_slab,0.1,eps,0.05,south,1.8,1.2,0.35,1.2,38.955,44.047,0.0,7.25
Delhi,28.6139,77.209,cold,3.0,3.0,2.6,90.0,plywood,0.012,mud_brick,0.25,sheep_wool,0.1,north,1.5,0.9,0.55,1.6,38.147,41.032,0.0,7.182
Delhi,28.6139,77.209,cold,3.0,3.0,2.6,0.0,timber,0.1,puf_sandwich_panel,0.075,none,0.0,south,0.6,0.6,0.85,2.6,38.492,43.337,0.0,7.281
Delhi,28.6139,77.209,cold,3.0,3.0,2.6,45.0,stone,0.3,concrete,0.1,xps,0.1,east,0.6,0.6,0.85,5.8,36.817,37.691,0.0,7.058
Delhi,28.6139,77.209,cold,3.0,3.0,2.6,90.0,timber,0.15,concrete,0.15,eps,0.05,south,1.2,0.9,0.75,3.5,37.884,40.561,0.0,7.153
Delhi,28.6139,77.209,cold,3.0,3.0,2.6,90.0,aerated_concrete,0.1,brick,0.115,none,0.0,east,1.5,1.2,0.35,2.0,42.382,50.432,0.0,7.203
Delhi,28.6139,77.209,cold,3.0,3.0,2.6,90.0,puf_sandwich_panel,0.075,stone,0.15,sheep_wool,0.1,east,0.6,1.5,0.75,2.6,36.115,38.185,0.0,7.204
Delhi,28.6139,77.209,cold,3.0,3.0,2.6,135.0,stone,0.3,stone,0.3,eps,0.1,west,0.9,1.2,0.85,1.2,37.803,38.992,0.0,7.053
Delhi,28.6139,77.209,cold,3.0,3.0,2.6,0.0,aerated_concrete,0.1,stone,0.15,sheep_wool,0.05,west,1.2,1.5,0.35,1.2,38.055,41.014,0.0,7.164
Delhi,28.6139,77.209,cold,3.0,3.0,2.6,180.0,stone,0.45,mud_brick,0.15,mineral_wool,0.1,south,0.6,1.2,0.85,5.8,36.978,37.79,0.0,7.046
Delhi,28.6139,77.209,cold,3.0,3.0,2.6,180.0,concrete,0.3,brick,0.23,sheep_wool,0.1,east,1.5,0.9,0.75,3.5,37.819,39.174,0.0,7.061
Delhi,28.6139,77.209,cold,3.0,3.0,2.6,90.0,stone,0.45,puf_sandwich_panel,0.05,mineral_wool,0.05,south,1.5,0.6,0.65,1.2,37.23,38.208,0.0,7.048
Delhi,28.6139,77.209,cold,3.0,3.0,2.6,180.0,aerated_concrete,0.1,stone,0.3,eps,0.2,east,1.8,0.6,0.35,5.8,36.027,37.212,0.0,7.116
Delhi,28.6139,77.209,cold,3.0,3.0,2.6,90.0,brick,0.345,stone,0.15,eps,0.025,west,0.6,1.5,0.75,3.5,38.939,40.818,0.0,7.062
Delhi,28.6139,77.209,cold,3.0,3.0,2.6,90.0,puf_sandwich_panel,0.05,mud_brick,0.25,eps,0.1,west,0.9,0.9,0.65,1.2,35.907,37.625,0.0,7.185
Delhi,28.6139,77.209,cold,3.0,3.0,2.6,45.0,rammed_earth,0.45,aerated_concrete,0.1,sheep_wool,0.1,west,1.8,1.5,0.45,3.5,37.446,38.686,0.0,7.062
Delhi,28.6139,77.209,cold,3.0,3.0,2.6,180.0,puf_sandwich_panel,0.075,concrete,0.1,mineral_wool,0.1,south,0.9,1.5,0.65,1.2,36.37,38.972,0.0,7.258
Delhi,28.6139,77.209,cold,3.0,3.0,2.6,0.0,puf_sandwich_panel,0.15,gi_sheet,0.002,sheep_wool,0.1,north,1.5,0.9,0.55,2.6,36.035,39.712,0.0,7.445
Delhi,28.6139,77.209,cold,3.0,3.0,2.6,135.0,rammed_earth,0.45,aerated_concrete,0.1,mineral_wool,0.15,east,0.6,1.2,0.35,2.0,35.856,36.306,0.0,7.059
Delhi,28.6139,77.209,cold,3.0,3.0,2.6,180.0,puf_sandwich_panel,0.075,timber,0.1,xps,0.1,north,1.5,1.5,0.35,3.5,36.239,39.885,0.0,7.39
Delhi,28.6139,77.209,cold,3.0,3.0,2.6,135.0,concrete,0.2,aerated_concrete,0.1,eps,0.1,west,1.8,1.2,0.65,1.6,39.038,41.057,0.0,7.087
Delhi,28.6139,77.209,cold,3.0,3.0,2.6,0.0,concrete,0.2,rcc_slab,0.2,eps,0.025,north,1.2,0.9,0.35,2.0,39.437,41.711,0.0,7.074
Delhi,28.6139,77.209,cold,3.0,3.0,2.6,45.0,concrete,0.15,concrete,0.15,eps,0.2,north,1.8,1.5,0.85,2.0,40.0,42.43,0.0,7.091
Delhi,28.6139,77.209,cold,3.0,3.0,2.6,0.0,stone,0.3,mud_brick,0.15,xps,0.1,east,0.6,0.9,0.65,1.6,36.9,37.788,0.0,7.057
Delhi,28.6139,77.209,cold,3.0,3.0,2.6,180.0,timber,0.15,aerated_concrete,0.2,sheep_wool,0.15,west,0.9,1.5,0.45,2.0,36.68,38.761,0.0,7.195
Delhi,28.6139,77.209,cold,3.0,3.0,2.6,135.0,stone,0.3,timber,0.15,xps,0.05,east,0.9,1.5,0.75,3.5,38.219,39.767,0.0,7.061
Delhi,28.6139,77.209,cold,3.0,3.0,2.6,0.0,mud_brick,0.15,mud_brick,0.15,mineral_wool,0.1,south,0.9,1.5,0.65,1.2,37.214,38.745,0.0,7.101
Delhi,28.6139,77.209,cold,3.0,3.0,2.6,135.0,brick,0.23,puf_sandwich_panel,0.1,eps,0.05,south,1.8,0.6,0.75,2.6,37.776,39.434,0.0,7.09
Delhi,28.6139,77.209,cold,3.0,3.0,2.6,90.0,brick,0.115,mud_brick,0.15,mineral_wool,0.1,north,0.6,0.6,0.35,2.0,36.757,38.2,0.0,7.112
Delhi,28.6139,77.209,cold,3.0,3.0,2.6,45.0,timber,0.2,puf_sandwich_panel,0.15,eps,0.05,east,1.2,0.6,0.75,3.5,36.557,38.703,0.0,7.196
Delhi,28.6139,77.209,cold,3.0,3.0,2.6,180.0,plywood,0.03,timber,0.15,sheep_wool,0.1,east,1.2,0.9,0.65,1.2,37.304,41.455,0.0,7.322
Delhi,28.6139,77.209,cold,3.0,3.0,2.6,135.0,concrete,0.2,gi_sheet,0.002,mineral_wool,0.15,east,1.2,1.2,0.75,3.5,37.585,39.107,0.0,7.086
Delhi,28.6139,77.209,cold,3.0,3.0,2.6,135.0,plywood,0.03,gi_sheet,0.002,mineral_wool,0.1,north,1.8,1.2,0.65,5.8,39.0,44.725,0.0,7.378
Delhi,28.6139,77.209,cold,3.0,3.0,2.6,0.0,aerated_concrete,0.3,concrete,0.1,xps,0.1,west,1.2,1.2,0.45,2.6,36.481,38.083,0.0,7.132
Delhi,28.6139,77.209,cold,3.0,3.0,2.6,180.0,brick,0.23,rcc_slab,0.25,xps,0.05,south,1.2,1.5,0.55,2.0,38.346,40.055,0.0,7.073
Delhi,28.6139,77.209,cold,3.0,3.0,2.6,45.0,gi_sheet,0.002,puf_sandwich_panel,0.15,xps,0.05,south,1.8,0.6,0.45,1.2,37.751,43.354,0.0,7.416
Delhi,28.6139,77.209,cold,3.0,3.0,2.6,180.0,puf_sandwich_panel,0.075,puf_sandwich_panel,0.15,xps,0.1,east,1.5,1.2,0.65,2.0,36.439,41.597,0.0,7.471
Delhi,28.6139,77.209,cold,3.0,3.0,2.6,135.0,timber,0.15,gi_sheet,0.002,mineral_wool,0.05,east,0.9,0.6,0.35,2.6,36.978,39.82,0.0,7.222
Delhi,28.6139,77.209,cold,3.0,3.0,2.6,90.0,timber,0.2,puf_sandwich_panel,0.1,none,0.0,south,0.6,0.6,0.75,1.2,36.994,39.591,0.0,7.197
Delhi,28.6139,77.209,cold,3.0,3.0,2.6,90.0,brick,0.115,gi_sheet,0.002,eps,0.2,north,0.9,0.6,0.85,2.0,36.612,38.164,0.0,7.137
Delhi,28.6139,77.209,cold,3.0,3.0,2.6,90.0,rammed_earth,0.45,timber,0.1,xps,0.05,west,0.9,0.9,0.65,3.5,37.048,38.056,0.0,7.06
Delhi,28.6139,77.209,cold,3.0,3.0,2.6,0.0,brick,0.345,gi_sheet,0.002,eps,0.2,south,0.6,0.9,0.55,1.6,35.668,36.148,0.0,7.068
Delhi,28.6139,77.209,cold,3.0,3.0,2.6,0.0,gi_sheet,0.002,timber,0.15,sheep_wool,0.1,north,0.9,0.6,0.55,3.5,37.217,41.376,0.0,7.323
Delhi,28.6139,77.209,cold,3.0,3.0,2.6,180.0,mud_brick,0.45,gi_sheet,0.002,sheep_wool,0.15,west,0.9,0.6,0.65,2.6,36.265,36.847,0.0,7.058
Delhi,28.6139,77.209,cold,3.0,3.0,2.6,45.0,timber,0.2,gi_sheet,0.002,mineral_wool,0.05,east,0.6,0.9,0.45,1.6,36.925,39.344,0.0,7.191
Delhi,28.6139,77.209,cold,3.0,3.0,2.6,0.0,mud_brick,0.15,rcc_slab,0.15,xps,0.1,east,1.8,1.2,0.65,2.6,39.062,41.244,0.0,7.1
Delhi,28.6139,77.209,cold,3.0,3.0,2.6,90.0,gi_sheet,0.002,mud_brick,0.15,eps,0.025,west,0.9,0.9,0.75,1.6,39.918,45.508,0.0,7.228
Delhi,28.6139,77.209,cold,3.0,3.0,2.6,0.0,concrete,0.2,timber,0.1,mineral_wool,0.15,west,1.8,0.9,0.75,3.5,37.618,39.193,0.0,7.085
Delhi,28.6139,77.209,cold,3.0,3.0,2.6,135.0,puf_sandwich_panel,0.1,brick,0.23,mineral_wool,0.1,north,1.8,0.9,0.65,2.0,37.198,39.539,0.0,7.187
Delhi,28.6139,77.209,cold,3.0,3.0,2.6,0.0,concrete,0.2,timber,0.1,sheep_wool,0.05,east,1.2,1.5,0.65,5.8,39.642,42.08,0.0,7.087
Delhi,28.6139,77.209,cold,3.0,3.0,2.6,45.0,stone,0.45,brick,0.115,xps,0.15,south,0.6,1.5,0.45,2.0,36.251,36.751,0.0,7.047
Delhi,28.6139,77.209,cold,3.0,3.0,2.6,0.0,brick,0.345,mud_brick,0.15,sheep_wool,0.05,south,1.2,0.9,0.55,5.8,37.885,39.333,0.0,7.064
Delhi,28.6139,77.209,cold,3.0,3.0,2.6,0.0,gi_sheet,0.002,puf_sandwich_panel,0.1,mineral_wool,0.1,north,0.6,0.6,0.45,1.2,36.627,40.73,0.0,7.389
Delhi,28.6139,77.209,cold,3.0,3.0,2.6,90.0,brick,0.115,concrete,0.1,eps,0.1,east,0.6,0.9,0.75,2.0,36.998,38.646,0.0,7.118
Delhi,28.6139,77.209,cold,3.0,3.0,2.6,45.0,gi_sheet,0.002,brick,0.23,eps,0.2,north,0.6,0.6,0.45,5.8,36.402,38.433,0.0,7.18
Delhi,28.6139,77.209,cold,3.0,3.0,2.6,135.0,concrete,0.2,timber,0.15,mineral_wool,0.05,east,0.6,1.2,0.75,5.8,38.2,39.978,0.0,7.083
Delhi,28.6139,77.209,cold,3.0,3.0,2.6,135.0,plywood,0.03,puf_sandwich_panel,0.1,xps,0.1,south,0.6,1.2,0.75,3.5,36.592,40.622,0.0,7.406
Delhi,28.6139,77.209,cold,3.0,3.0,2.6,180.0,mud_brick,0.3,gi_sheet,0.002,xps,0.15,east,1.2,1.5,0.45,2.6,36.681,37.699,0.0,7.077
Delhi,28.6139,77.209,cold,3.0,3.0,2.6,0.0,mud_brick,0.45,concrete,0.1,mineral_wool,0.15,south,1.2,1.2,0.45,2.0,36.185,36.759,0.0,7.056
Delhi,28.6139,77.209,cold,3.0,3.0,2.6,180.0,aerated_concrete,0.3,mud_brick,0.15,sheep_wool,0.05,north,1.2,1.5,0.35,2.6,37.296,39.249,0.0,7.128
Delhi,28.6139,77.209,cold,3.0,3.0,2.6,0.0,mud_brick,0.3,puf_sandwich_panel,0.15,eps,0.2,south,1.2,0.9,0.45,2.0,35.656,36.217,0.0,7.076
Delhi,28.6139,77.209,cold,3.0,3.0,2.6,135.0,concrete,0.3,mud_brick,0.25,eps,0.05,south,1.8,1.2,0.65,2.6,38.77,40.57,0.0,7.061
Delhi,28.6139,77.209,cold,3.0,3.0,2.6,180.0,timber,0.2,stone,0.15,sheep_wool,0.1,west,1.8,0.9,0.65,1.2,38.061,40.176,0.0,7.133
Delhi,28.6139,77.209,cold,3.0,3.0,2.6,180.0,rammed_earth,0.3,timber,0.1,eps,0.1,south,0.6,0.6,0.65,1.6,36.304,37.127,0.0,7.076
Delhi,28.6139,77.209,cold,3.0,3.0,2.6,90.0,aerated_concrete,0.2,stone,0.3,sheep_wool,0.05,west,1.2,0.9,0.45,2.0,37.354,38.997,0.0,7.104
Delhi,28.6139,77.209,cold,3.0,3.0,2.6,0.0,stone,0.45,rcc_slab,0.15,mineral_wool,0.05,west,1.2,0.9,0.45,2.6,37.636,38.775,0.0,7.046
Delhi,28.6139,77.209,cold,3.0,3.0,2.6,180.0,timber,0.1,puf_sandwich_panel,0.15,eps,0.15,west,1.5,0.6,0.35,2.6,35.781,37.942,0.0,7.273
Delhi,28.6139,77.209,cold,3.0,3.0,2.6,135.0,gi_sheet,0.002,concrete,0.15,eps,0.2,east,1.2,0.6,0.55,5.8,36.961,39.508,0.0,7.203
Delhi,28.6139,77.209,cold,3.0,3.0,2.6,135.0,plywood,0.03,rcc_slab,0.25,xps,0.1,north,1.2,1.5,0.75,5.8,38.765,41.731,0.0,7.157
Delhi,28.6139,77.209,cold,3.0,3.0,2.6,0.0,mud_brick,0.45,gi_sheet,0.002,eps,0.1,north,0.6,1.2,0.45,3.5,36.254,36.881,0.0,7.058
Delhi,28.6139,77.209,cold,3.0,3.0,2.6,135.0,puf_sandwich_panel,0.075,concrete,0.15,eps,0.2,south,1.2,0.6,0.45,3.5,35.08,36.626,0.0,7.216
Delhi,28.6139,77.209,cold,3.0,3.0,2.6,0.0,gi_sheet,0.002,puf_sandwich_panel,0.075,mineral_wool,0.1,south,0.6,1.2,0.35,2.6,36.805,41.133,0.0,7.391
Delhi,28.6139,77.209,cold,3.0,3.0,2.6,180.0,gi_sheet,0.002,brick,0.115,mineral_wool,0.1,north,1.8,0.6,0.55,1.6,37.879,41.45,0.0,7.243
Delhi,28.6139,77.209,cold,3.0,3.0,2.6,45.0,timber,0.1,brick,0.23,eps,0.05,north,1.5,1.2,0.65,2.0,39.088,42.145,0.0,7.155
Delhi,28.6139,77.209,cold,3.0,3.0,2.6,135.0,gi_sheet,0.002,concrete,0.1,eps,0.05,north,0.9,1.2,0.45,1.6,39.075,43.747,0.0,7.249
Delhi,28.6139,77.209,cold,3.0,3.0,2.6,90.0,mud_brick,0.3,aerated_concrete,0.2,mineral_wool,0.05,north,0.9,1.2,0.35,1.6,37.337,38.568,0.0,7.073
Delhi,28.6139,77.209,cold,3.0,3.0,2.6,180.0,brick,0.345,gi_sheet,0.002,eps,0.1,south,1.8,1.5,0.85,1.6,38.642,40.439,0.0,7.071
Delhi,28.6139,77.209,cold,3.0,3.0,2.6,45.0,brick,0.115,stone,0.3,xps,0.05,west,1.5,0.6,0.55,5.8,38.194,40.074,0.0,7.088
Delhi,28.6139,77.209,cold,3.0,3.0,2.6,180.0,brick,0.115,aerated_concrete,0.1,eps,0.2,east,1.5,0.9,0.65,1.2,37.103,38.991,0.0,7.135
Delhi,28.6139,77.209,cold,3.0,3.0,2.6,180.0,mud_brick,0.3,brick,0.23,xps,0.1,north,0.9,1.2,0.55,1.2,36.59,37.447,0.0,7.066
Delhi,28.6139,77.209,cold,3.0,3.0,2.6,90.0,rammed_earth,0.45,stone,0.3,sheep_wool,0.1,east,0.6,1.2,0.65,2.0,36.446,37.091,0.0,7.052
Delhi,28.6139,77.209,cold,3.0,3.0,2.6,90.0,stone,0.15,puf_sandwich_panel,0.075,mineral_wool,0.15,west,1.8,0.9,0.85,5.8,37.722,39.446,0.0,7.096
Delhi,28.6139,77.209,cold,3.0,3.0,2.6,0.0,concrete,0.2,stone,0.3,mineral_wool,0.1,north,1.2,0.9,0.65,3.5,37.274,38.465,0.0,7.066
Delhi,28.6139,77.209,cold,3.0,3.0,2.6,45.0,stone,0.3,rcc_slab,0.25,sheep_wool,0.05,east,1.5,0.9,0.45,1.6,38.348,39.873,0.0,7.055
Delhi,28.6139,77.209,cold,3.0,3.0,2.6,0.0,timber,0.2,concrete,0.1,eps,0.2,north,1.2,0.6,0.85,3.5,35.759,37.081,0.0,7.151
Delhi,28.6139,77.209,cold,3.0,3.0,2.6,180.0,plywood,0.012,mud_brick,0.15,eps,0.15,north,1.5,1.2,0.55,3.5,37.544,40.814,0.0,7.235
Delhi,28.6139,77.209,cold,3.0,3.0,2.6,90.0,rammed_earth,0.45,concrete,0.1,eps,0.2,east,0.9,1.5,0.65,1.2,36.153,36.73,0.0,7.058
Delhi,28.6139,77.209,cold,3.0,3.0,2.6,45.0,rammed_earth,0.15,stone,0.3,eps,0.15,south,0.9,0.9,0.65,1.6,36.441,37.417,0.0,7.082
Delhi,28.6139,77.209,cold,3.0,3.0,2.6,45.0,concrete,0.15,stone,0.15,xps,0.15,north,1.5,1.2,0.65,1.6,38.112,39.771,0.0,7.088
Delhi,28.6139,77.209,cold,3.0,3.0,2.6,90.0,mud_brick,0.15,gi_sheet,0.002,sheep_wool,0.1,south,1.2,1.5,0.75,1.6,38.164,40.512,0.0,7.121
Delhi,28.6139,77.209,cold,3.0,3.0,2.6,0.0,puf_sandwich_panel,0.1,puf_sandwich_panel,0.15,none,0.0,east,1.5,1.5,0.65,2.0,38.479,44.424,0.0,7.488
Delhi,28.6139,77.209,cold,3.0,3.0,2.6,45.0,concrete,0.2,brick,0.23,eps,0.1,west,0.6,1.5,0.75,2.0,37.296,38.583,0.0,7.074
Delhi,28.6139,77.209,cold,3.0,3.0,2.6,0.0,timber,0.2,stone,0.15,xps,0.1,east,1.8,1.2,0.45,1.2,37.666,39.613,0.0,7.134
Delhi,28.6139,77.209,cold,3.0,3.0,2.6,45.0,aerated_concrete,0.2,gi_sheet,0.002,xps,0.1,east,1.2,1.5,0.55,1.2,37.394,40.04,0.0,7.203
Delhi,28.6139,77.209,cold,3.0,3.0,2.6,0.0,concrete,0.3,rcc_slab,0.15,eps,0.2,south,0.6,0.6,0.55,1.6,35.858,36.339,0.0,7.061
Delhi,28.6139,77.209,cold,3.0,3.0,2.6,135.0,gi_sheet,0.002,timber,0.1,sheep_wool,0.05,north,1.8,0.6,0.55,2.0,39.112,45.018,0.0,7.354
Delhi,28.6139,77.209,cold,3.0,3.0,2.6,180.0,puf_sandwich_panel,0.1,gi_sheet,0.002,eps,0.1,south,1.8,0.6,0.55,3.5,35.886,39.452,0.006,7.453
Delhi,28.6139,77.209,cold,3.0,3.0,2.6,135.0,timber,0.2,stone,0.15,xps,0.1,east,1.2,0.6,0.55,3.5,36.116,37.494,0.0,7.131
Delhi,28.6139,77.209,cold,3.0,3.0,2.6,180.0,puf_sandwich_panel,0.05,puf_sandwich_panel,0.15,xps,0.1,south,1.8,1.5,0.85,1.2,38.034,43.773,0.0,7.477
Delhi,28.6139,77.209,cold,3.0,3.0,2.6,45.0,mud_brick,0.15,mud_brick,0.25,mineral_wool,0.1,west,1.5,0.6,0.75,2.6,37.084,38.453,0.0,7.091
Delhi,28.6139,77.209,cold,3.0,3.0,2.6,180.0,concrete,0.15,timber,0.15,xps,0.1,north,0.9,0.9,0.85,2.6,37.379,38.938,0.0,7.1
Delhi,28.6139,77.209,cold,3.0,3.0,2.6,90.0,timber,0.15,rcc_slab,0.2,mineral_wool,0.15,west,0.6,0.6,0.85,2.6,35.607,36.703,0.0,7.133
Delhi,28.6139,77.209,cold,3.0,3.0,2.6,180.0,rammed_earth,0.15,aerated_concrete,0.2,eps,0.025,west,1.8,0.6,0.85,5.8,39.813,42.873,0.0,7.115
Delhi,28.6139,77.209,cold,3.0,3.0,2.6,135.0,mud_brick,0.3,stone,0.15,mineral_wool,0.05,south,1.5,1.2,0.45,5.8,38.104,39.695,0.0,7.068
Delhi,28.6139,77.209,cold,3.0,3.0,2.6,135.0,concrete,0.15,brick,0.115,eps,0.2,east,0.6,0.9,0.45,5.8,36.455,37.536,0.0,7.093
Delhi,28.6139,77.209,cold,3.0,3.0,2.6,45.0,stone,0.45,concrete,0.1,sheep_wool,0.05,west,1.8,1.2,0.65,2.6,38.563,40.147,0.0,7.048
Delhi,28.6139,77.209,cold,3.0,3.0,2.6,90.0,mud_brick,0.15,puf_sandwich_panel,0.1,eps,0.1,south,0.6,1.5,0.85,3.5,36.946,38.625,0.0,7.119
Delhi,28.6139,77.209,cold,3.0,3.0,2.6,45.0,stone,0.45,brick,0.23,eps,0.05,south,1.2,0.6,0.85,3.5,37.681,38.828,0.0,7.046
Delhi,28.6139,77.209,cold,3.0,3.0,2.6,90.0,gi_sheet,0.002,mud_brick,0.15,mineral_wool,0.1,south,1.2,0.9,0.75,2.6,37.88,41.494,0.0,7.219
Delhi,28.6139,77.209,cold,3.0,3.0,2.6,45.0,brick,0.345,gi_sheet,0.002,mineral_wool,0.15,east,0.6,0.6,0.45,1.6,35.888,36.437,0.0,7.067
Delhi,28.6139,77.209,cold,3.0,3.0,2.6,180.0,gi_sheet,0.002,concrete,0.1,mineral_wool,0.05,north,0.9,0.6,0.65,5.8,38.772,43.252,0.0,7.244
Delhi,28.6139,77.209,cold,3.0,3.0,2.6,90.0,timber,0.1,concrete,0.2,xps,0.15,north,1.2,0.9,0.35,3.5,36.223,37.73,0.0,7.149
Delhi,28.6139,77.209,cold,3.0,3.0,2.6,180.0,rammed_earth,0.45,concrete,0.1,eps,0.2,south,1.2,1.2,0.85,1.2,36.654,37.43,0.0,7.058
Delhi,28.6139,77.209,cold,3.0,3.0,2.6,135.0,stone,0.45,puf_sandwich_panel,0.1,eps,0.2,west,0.9,1.2,0.45,2.6,36.413,36.96,0.0,7.048
Delhi,28.6139,77.209,cold,3.0,3.0,2.6,90.0,gi_sheet,0.002,mud_brick,0.25,mineral_wool,0.15,north,0.9,1.5,0.45,5.8,37.71,40.269,0.0,7.169
Delhi,28.6139,77.209,cold,3.0,3.0,2.6,180.0,puf_sandwich_panel,0.05,aerated_concrete,0.1,xps,0.05,east,0.6,1.2,0.85,3.5,36.694,41.137,0.0,7.406
Delhi,28.6139,77.209,cold,3.0,3.0,2.6,135.0,timber,0.15,gi_sheet,0.002,xps,0.05,west,0.9,1.5,0.55,1.2,37.994,41.304,0.0,7.228
Delhi,28.6139,77.209,cold,3.0,3.0,2.6,0.0,timber,0.15,gi_sheet,0.002,eps,0.2,west,1.2,1.5,0.65,1.6,36.718,39.56,0.0,7.225
Delhi,28.6139,77.209,cold,3.0,3.0,2.6,0.0,rammed_earth,0.3,mud_brick,0.25,mineral_wool,0.15,south,1.5,1.2,0.35,5.8,36.593,37.519,0.0,7.068
Delhi,28.6139,77.209,cold,3.0,3.0,2.6,90.0,brick,0.23,stone,0.3,sheep_wool,0.05,south,0.9,0.6,0.85,2.0,37.994,39.514,0.0,7.067
Delhi,28.6139,77.209,cold,3.0,3.0,2.6,45.0,brick,0.345,aerated_concrete,0.2,none,0.0,east,1.5,1.2,0.45,2.0,40.46,43.092,0.0,7.068
Delhi,28.6139,77.209,cold,3.0,3.0,2.6,135.0,gi_sheet,0.002,aerated_concrete,0.1,eps,0.15,south,0.6,1.2,0.75,5.8,37.334,41.533,0.0,7.347
Delhi,28.6139,77.209,cold,3.0,3.0,2.6,135.0,plywood,0.03,stone,0.3,eps,0.05,west,1.2,1.2,0.65,1.6,39.105,41.889,0.0,7.13
Delhi,28.6139,77.209,cold,3.0,3.0,2.6,90.0,timber,0.2,stone,0.15,sheep_wool,0.05,east,0.9,1.2,0.65,2.6,37.493,39.61,0.0,7.133
Delhi,28.6139,77.209,cold,3.0,3.0,2.6,0.0,puf_sandwich_panel,0.05,aerated_concrete,0.1,none,0.0,east,0.6,0.9,0.75,5.8,38.818,45.198,0.0,7.413
Delhi,28.6139,77.209,cold,3.0,3.0,2.6,90.0,gi_sheet,0.002,gi_sheet,0.002,sheep_wool,0.1,west,1.8,1.5,0.65,5.8,39.132,45.83,0.0,7.404
Delhi,28.6139,77.209,cold,3.0,3.0,2.6,90.0,rammed_earth,0.3,puf_sandwich_panel,0.05,eps,0.1,east,0.9,0.9,0.35,2.0,36.083,36.862,0.0,7.078
Delhi,28.6139,77.209,cold,3.0,3.0,2.6,90.0,timber,0.1,gi_sheet,0.002,eps,0.2,west,0.6,0.6,0.65,2.6,35.2,37.068,0.0,7.264
Delhi,28.6139,77.209,cold,3.0,3.0,2.6,90.0,gi_sheet,0.002,mud_brick,0.15,sheep_wool,0.1,north,1.8,1.2,0.85,3.5,40.538,45.498,0.0,7.227
Delhi,28.6139,77.209,cold,3.0,3.0,2.6,135.0,puf_sandwich_panel,0.1,brick,0.115,mineral_wool,0.15,east,1.2,1.5,0.55,1.6,36.27,39.022,0.0,7.254
Delhi,28.6139,77.209,cold,3.0,3.0,2.6,90.0,brick,0.345,stone,0.3,eps,0.05,west,1.2,1.2,0.55,1.6,37.768,39.066,0.0,7.057
Delhi,28.6139,77.209,cold,3.0,3.0,2.6,90.0,puf_sandwich_panel,0.075,stone,0.15,eps,0.1,east,1.5,1.2,0.55,3.5,36.602,38.992,0.0,7.204
Delhi,28.6139,77.209,cold,3.0,3.0,2.6,45.0,timber,0.2,mud_brick,0.25,eps,0.1,east,1.2,0.9,0.65,1.2,36.822,38.369,0.0,7.125
Delhi,28.6139,77.209,cold,3.0,3.0,2.6,0.0,concrete,0.1,timber,0.15,eps,0.2,west,1.8,1.5,0.85,2.0,39.047,42.112,0.0,7.131
Delhi,28.6139,77.209,cold,3.0,3.0,2.6,135.0,puf_sandwich_panel,0.1,timber,0.15,mineral_wool,0.15,west,0.9,1.5,0.65,1.2,36.501,39.411,0.0,7.328
Delhi,28.6139,77.209,cold,3.0,3.0,2.6,180.0,aerated_concrete,0.1,rcc_slab,0.1,sheep_wool,0.05,north,1.8,0.6,0.35,3.5,37.88,41.107,0.0,7.199
Delhi,28.6139,77.209,cold,3.0,3.0,2.6,135.0,rammed_earth,0.45,rcc_slab,0.1,eps,0.05,north,0.6,0.9,0.45,1.2,37.286,38.35,0.0,7.057
Delhi,28.6139,77.209,cold,3.0,3.0,2.6,45.0,mud_brick,0.3,aerated_concrete,0.2,mineral_wool,0.15,north,0.6,0.9,0.55,1.2,36.001,36.625,0.0,7.071
Delhi,28.6139,77.209,cold,3.0,3.0,2.6,45.0,timber,0.1,rcc_slab,0.1,sheep_wool,0.1,east,1.5,1.5,0.75,1.6,39.129,42.704,0.0,7.196
Delhi,28.6139,77.209,cold,3.0,3.0,2.6,45.0,puf_sandwich_panel,0.15,brick,0.115,sheep_wool,0.15,north,0.9,1.2,0.45,3.5,35.866,38.048,0.0,7.265
Delhi,28.6139,77.209,cold,3.0,3.0,2.6,90.0,rammed_earth,0.3,aerated_concrete,0.1,sheep_wool,0.1,north,1.8,0.9,0.65,3.5,38.191,39.782,0.0,7.078
Delhi,28.6139,77.209,cold,3.0,3.0,2.6,180.0,puf_sandwich_panel,0.05,concrete,0.15,sheep_wool,0.1,south,0.6,1.5,0.55,5.8,36.297,38.593,0.0,7.221
Delhi,28.6139,77.209,cold,3.0,3.0,2.6,90.0,puf_sandwich_panel,0.075,rcc_slab,0.2,xps,0.05,east,1.8,0.6,0.65,1.2,36.686,38.965,0.0,7.189
Delhi,28.6139,77.209,cold,3.0,3.0,2.6,90.0,aerated_concrete,0.3,puf_sandwich_panel,0.1,xps,0.15,north,1.2,1.2,0.35,5.8,36.256,37.862,0.0,7.161
Delhi,28.6139,77.209,cold,3.0,3.0,2.6,45.0,stone,0.45,aerated_concrete,0.1,none,0.0,west,1.8,1.5,0.65,2.6,41.851,44.978,0.0,7.05
Delhi,28.6139,77.209,cold,3.0,3.0,2.6,180.0,aerated_concrete,0.3,aerated_concrete,0.2,sheep_wool,0.05,north,0.9,0.6,0.65,5.8,36.537,38.256,0.0,7.144
Delhi,28.6139,77.209,cold,3.0,3.0,2.6,45.0,puf_sandwich_panel,0.1,gi_sheet,0.002,mineral_wool,0.05,south,1.8,0.6,0.35,2.6,36.314,40.555,0.0,7.447
Delhi,28.6139,77.209,cold,3.0,3.0,2.6,180.0,mud_brick,0.15,timber,0.1,eps,0.05,east,1.8,0.9,0.45,5.8,38.33,40.758,0.0,7.117
Delhi,28.6139,77.209,cold,3.0,3.0,2.6,180.0,brick,0.345,brick,0.23,sheep_wool,0.1,south,1.2,0.6,0.65,3.5,36.865,37.785,0.0,7.061
Delhi,28.6139,77.209,cold,3.0,3.0,2.6,0.0,gi_sheet,0.002,rcc_slab,0.1,xps,0.05,west,0.6,1.5,0.55,1.6,38.538,43.246,0.0,7.248
Delhi,28.6139,77.209,cold,3.0,3.0,2.6,135.0,mud_brick,0.15,timber,0.1,eps,0.025,east,0.6,1.2,0.65,1.6,38.978,41.708,0.0,7.115
Delhi,28.6139,77.209,cold,3.0,3.0,2.6,135.0,gi_sheet,0.002,stone,0.15,xps,0.15,east,1.8,0.9,0.75,1.2,38.072,41.274,0.0,7.19
Delhi,28.6139,77.209,cold,3.0,3.0,2.6,135.0,puf_sandwich_panel,0.1,puf_sandwich_panel,0.075,none,0.0,west,1.8,0.9,0.65,1.6,37.436,42.085,0.006,7.493
Delhi,28.6139,77.209,cold,3.0,3.0,2.6,45.0,aerated_concrete,0.1,timber,0.15,sheep_wool,0.15,north,1.2,0.9,0.45,1.2,36.389,38.755,0.0,7.24
Delhi,28.6139,77.209,cold,3.0,3.0,2.6,0.0,mud_brick,0.15,concrete,0.2,sheep_wool,0.1,south,0.9,0.6,0.85,3.5,36.971,38.302,0.0,7.092
Delhi,28.6139,77.209,cold,3.0,3.0,2.6,0.0,stone,0.3,timber,0.1,mineral_wool,0.05,east,1.2,0.9,0.65,1.6,38.333,39.875,0.0,7.061
Delhi,28.6139,77.209,cold,3.0,3.0,2.6,180.0,mud_brick,0.15,rcc_slab,0.1,xps,0.1,south,0.6,0.6,0.65,5.8,36.651,37.927,0.0,7.103
Delhi,28.6139,77.209,cold,3.0,3.0,2.6,45.0,brick,0.345,aerated_concrete,0.2,xps,0.15,west,0.6,0.6,0.85,5.8,35.915,36.474,0.0,7.066
Delhi,28.6139,77.209,cold,3.0,3.0,2.6,135.0,concrete,0.3,rcc_slab,0.1,mineral_wool,0.05,north,1.2,1.5,0.35,1.2,38.457,40.094,0.0,7.064
Delhi,28.6139,77.209,cold,3.0,3.0,2.6,45.0,aerated_concrete,0.3,gi_sheet,0.002,mineral_wool,0.15,east,0.9,0.6,0.75,2.6,35.818,37.17,0.0,7.152
Delhi,28.6139,77.209,cold,3.0,3.0,2.6,180.0,plywood,0.019,rcc_slab,0.1,mineral_wool,0.1,south,1.5,0.9,0.65,2.0,37.732,41.186,0.0,7.246
Delhi,28.6139,77.209,cold,3.0,3.0,2.6,0.0,puf_sandwich_panel,0.1,puf_sandwich_panel,0.1,eps,0.1,north,0.6,1.2,0.45,2.0,34.827,37.477,0.0238,7.472
Delhi,28.6139,77.209,cold,3.0,3.0,2.6,45.0,stone,0.3,concrete,0.2,eps,0.15,north,0.6,0.9,0.35,1.6,36.291,36.897,0.0,7.055
Delhi,28.6139,77.209,cold,3.0,3.0,2.6,0.0,aerated_concrete,0.1,concrete,0.2,eps,0.15,south,1.8,1.5,0.85,1.2,38.257,40.991,0.0,7.154
Delhi,28.6139,77.209,cold,3.0,3.0,2.6,90.0,stone,0.45,rcc_slab,0.2,eps,0.05,east,1.5,1.2,0.65,1.2,37.963,39.247,0.0,7.046
Delhi,28.6139,77.209,cold,3.0,3.0,2.6,180.0,brick,0.345,aerated_concrete,0.1,sheep_wool,0.05,north,1.2,0.9,0.35,1.2,37.503,38.794,0.0,7.068
Delhi,28.6139,77.209,cold,3.0,3.0,2.6,180.0,puf_sandwich_panel,0.05,mud_brick,0.25,sheep_wool,0.15,east,1.8,0.9,0.55,1.2,36.341,38.447,0.0,7.184
Delhi,28.6139,77.209,cold,3.0,3.0,2.6,135.0,puf_sandwich_panel,0.15,brick,0.115,xps,0.15,south,0.6,1.2,0.65,5.8,35.376,37.471,0.0,7.261
Delhi,28.6139,77.209,cold,3.0,3.0,2.6,180.0,puf_sandwich_panel,0.05,brick,0.23,xps,0.15,south,0.6,1.5,0.65,3.5,35.753,37.419,0.0,7.191
Delhi,28.6139,77.209,cold,3.0,3.0,2.6,180.0,mud_brick,0.3,stone,0.15,none,0.0,west,0.6,0.9,0.35,5.8,42.349,46.094,0.0,7.067
Delhi,28.6139,77.209,cold,3.0,3.0,2.6,180.0,brick,0.345,gi_sheet,0.002,eps,0.025,north,0.9,1.5,0.45,5.8,39.016,41.029,0.0,7.069
Delhi,28.6139,77.209,cold,3.0,3.0,2.6,0.0,aerated_concrete,0.2,aerated_concrete,0.2,none,0.0,south,1.8,1.5,0.75,2.6,40.004,44.624,0.0,7.183
Delhi,28.6139,77.209,cold,3.0,3.0,2.6,135.0,plywood,0.05,gi_sheet,0.002,sheep_wool,0.15,south,1.8,1.5,0.85,2.0,38.922,45.441,0.0,7.36
Delhi,28.6139,77.209,cold,3.0,3.0,2.6,135.0,puf_sandwich_panel,0.1,puf_sandwich_panel,0.1,mineral_wool,0.15,west,1.5,1.2,0.65,2.0,37.074,40.902,0.0,7.424
Delhi,28.6139,77.209,cold,3.0,3.0,2.6,180.0,puf_sandwich_panel,0.075,timber,0.1,xps,0.1,east,1.2,0.6,0.65,1.6,35.551,38.759,0.0,7.39
Delhi,28.6139,77.209,cold,3.0,3.0,2.6,180.0,mud_brick,0.3,timber,0.1,sheep_wool,0.05,north,1.2,0.6,0.45,5.8,37.376,38.688,0.0,7.074
Delhi,28.6139,77.209,cold,3.0,3.0,2.6,90.0,brick,0.345,aerated_concrete,0.1,eps,0.05,south,1.8,1.2,0.35,5.8,37.99,39.565,0.0,7.069
Delhi,28.6139,77.209,cold,3.0,3.0,2.6,180.0,stone,0.3,rcc_slab,0.1,mineral_wool,0.1,north,0.9,1.2,0.45,1.2,37.053,38.029,0.0,7.058
Delhi,28.6139,77.209,cold,3.0,3.0,2.6,45.0,timber,0.2,puf_sandwich_panel,0.05,mineral_wool,0.05,south,1.2,1.2,0.65,2.6,37.126,39.872,0.0,7.198
Delhi,28.6139,77.209,cold,3.0,3.0,2.6,180.0,timber,0.2,puf_sandwich_panel,0.1,xps,0.1,west,0.6,1.5,0.85,1.6,36.839,38.954,0.0,7.196
Delhi,28.6139,77.209,cold,3.0,3.0,2.6,90.0,concrete,0.3,mud_brick,0.15,none,0.0,north,0.9,1.2,0.55,5.8,42.422,46.191,0.0,7.063
Delhi,28.6139,77.209,cold,3.0,3.0,2.6,0.0,rammed_earth,0.45,stone,0.15,mineral_wool,0.1,east,1.5,0.6,0.45,3.5,36.694,37.459,0.0,7.056
Delhi,28.6139,77.209,cold,3.0,3.0,2.6,0.0,plywood,0.03,mud_brick,0.25,sheep_wool,0.05,west,1.8,0.6,0.45,1.6,38.11,41.29,0.0,7.176
Delhi,28.6139,77.209,cold,3.0,3.0,2.6,45.0,concrete,0.15,aerated_concrete,0.2,mineral_wool,0.05,east,0.9,0.6,0.35,2.6,37.834,39.673,0.0,7.098
Delhi,28.6139,77.209,cold,3.0,3.0,2.6,0.0,plywood,0.019,stone,0.3,sheep_wool,0.05,north,1.2,1.5,0.55,3.5,38.873,41.82,0.0,7.132
Delhi,28.6139,77.209,cold,3.0,3.0,2.6,90.0,rammed_earth,0.3,stone,0.3,sheep_wool,0.05,east,1.5,1.2,0.45,1.2,37.876,39.303,0.0,7.063
Delhi,28.6139,77.209,cold,3.0,3.0,2.6,135.0,rammed_earth,0.45,puf_sandwich_panel,0.05,mineral_wool,0.1,north,1.8,0.6,0.85,2.0,37.091,38.061,0.0,7.06
Delhi,28.6139,77.209,cold,3.0,3.0,2.6,180.0,brick,0.115,timber,0.1,xps,0.05,east,0.9,0.6,0.65,2.6,38.026,40.436,0.0,7.134
Delhi,28.6139,77.209,cold,3.0,3.0,2.6,45.0,concrete,0.2,timber,0.1,mineral_wool,0.05,west,1.5,0.9,0.35,3.5,38.059,39.847,0.0,7.085
Delhi,28.6139,77.209,cold,3.0,3.0,2.6,0.0,gi_sheet,0.002,puf_sandwich_panel,0.1,eps,0.025,east,1.5,1.5,0.75,2.0,41.088,49.301,0.0,7.425
Delhi,28.6139,77.209,cold,3.0,3.0,2.6,135.0,puf_sandwich_panel,0.15,gi_sheet,0.002,eps,0.025,north,1.8,0.6,0.75,2.0,38.149,43.961,0.0,7.455
Delhi,28.6139,77.209,cold,3.0,3.0,2.6,45.0,concrete,0.3,stone,0.3,sheep_wool,0.1,north,1.8,0.6,0.65,2.6,37.54,38.682,0.0,7.056
Delhi,28.6139,77.209,cold,3.0,3.0,2.6,0.0,puf_sandwich_panel,0.075,puf_sandwich_panel,0.15,sheep_wool,0.15,east,0.6,1.5,0.55,2.6,35.624,38.635,0.0179,7.469
Delhi,28.6139,77.209,cold,3.0,3.0,2.6,0.0,puf_sandwich_panel,0.15,gi_sheet,0.002,mineral_wool,0.05,east,0.9,1.2,0.75,1.2,37.47,42.109,0.0,7.437
Delhi,28.6139,77.209,cold,3.0,3.0,2.6,180.0,stone,0.3,rcc_slab,0.15,eps,0.025,east,0.6,1.5,0.85,2.0,39.56,41.671,0.0,7.057
Delhi,28.6139,77.209,cold,3.0,3.0,2.6,0.0,mud_brick,0.15,puf_sandwich_panel,0.05,mineral_wool,0.05,south,1.8,0.6,0.35,5.8,37.402,39.349,0.0,7.12
Delhi,28.6139,77.209,cold,3.0,3.0,2.6,90.0,aerated_concrete,0.2,concrete,0.15,mineral_wool,0.1,south,1.8,1.2,0.85,3.5,38.433,41.278,0.0,7.141
Delhi,28.6139,77.209,cold,3.0,3.0,2.6,180.0,aerated_concrete,0.3,puf_sandwich_panel,0.075,mineral_wool,0.15,west,1.2,0.6,0.55,2.6,35.778,37.074,0.0,7.155
Delhi,28.6139,77.209,cold,3.0,3.0,2.6,90.0,stone,0.45,puf_sandwich_panel,0.05,eps,0.025,south,0.6,1.5,0.65,2.6,38.054,39.423,0.0,7.048
Delhi,28.6139,77.209,cold,3.0,3.0,2.6,135.0,aerated_concrete,0.3,concrete,0.1,xps,0.05,north,1.5,0.6,0.65,2.0,37.44,39.417,0.0,7.132
Delhi,28.6139,77.209,cold,3.0,3.0,2.6,0.0,puf_sandwich_panel,0.05,brick,0.23,eps,0.1,east,0.6,1.5,0.45,1.6,36.239,38.137,0.0,7.193
Delhi,28.6139,77.209,cold,3.0,3.0,2.6,135.0,concrete,0.3,stone,0.15,eps,0.15,south,1.5,1.5,0.55,3.5,37.501,38.743,0.0,7.062
Delhi,28.6139,77.209,cold,3.0,3.0,2.6,90.0,puf_sandwich_panel,0.1,aerated_concrete,0.2,xps,0.05,south,1.5,1.5,0.35,5.8,36.871,41.008,0.0,7.339
Delhi,28.6139,77.209,cold,3.0,3.0,2.6,0.0,gi_sheet,0.002,gi_sheet,0.002,xps,0.15,west,1.8,1.2,0.85,1.2,38.787,46.362,0.0,7.391
Delhi,28.6139,77.209,cold,3.0,3.0,2.6,0.0,timber,0.15,concrete,0.2,xps,0.1,north,1.8,1.2,0.75,1.6,37.741,39.9,0.0,7.138
Delhi,28.6139,77.209,cold,3.0,3.0,2.6,90.0,rammed_earth,0.15,gi_sheet,0.002,sheep_wool,0.1,west,1.8,0.6,0.85,3.5,37.568,39.541,0.0,7.123
Delhi,28.6139,77.209,cold,3.0,3.0,2.6,45.0,gi_sheet,0.002,puf_sandwich_panel,0.05,sheep_wool,0.15,south,1.8,0.9,0.55,2.0,37.443,42.865,0.0,7.413
Delhi,28.6139,77.209,cold,3.0,3.0,2.6,45.0,concrete,0.3,rcc_slab,0.15,sheep_wool,0.15,north,0.9,1.2,0.55,1.2,36.984,37.929,0.0,7.062
Delhi,28.6139,77.209,cold,3.0,3.0,2.6,180.0,brick,0.23,concrete,0.2,xps,0.1,west,1.5,1.2,0.65,1.6,38.537,40.22,0.0,7.076
Delhi,28.6139,77.209,cold,3.0,3.0,2.6,135.0,concrete,0.3,stone,0.15,eps,0.15,north,1.8,1.2,0.35,2.6,37.255,38.324,0.0,7.062
Delhi,28.6139,77.209,cold,3.0,3.0,2.6,135.0,timber,0.2,brick,0.115,eps,0.15,south,1.8,1.2,0.75,1.6,37.503,39.916,0.0,7.156
Delhi,28.6139,77.209,cold,3.0,3.0,2.6,135.0,brick,0.345,gi_sheet,0.002,eps,0.1,north,1.2,1.5,0.85,3.5,38.566,40.261,0.0,7.07
Delhi,28.6139,77.209,cold,3.0,3.0,2.6,0.0,gi_sheet,0.002,brick,0.115,mineral_wool,0.05,north,1.5,1.2,0.85,3.5,39.733,45.351,0.0,7.249
Delhi,28.6139,77.209,cold,3.0,3.0,2.6,90.0,brick,0.345,mud_brick,0.25,eps,0.1,east,1.8,1.5,0.35,2.0,37.048,38.1,0.0,7.063
Delhi,28.6139,77.209,cold,3.0,3.0,2.6,0.0,stone,0.45,mud_brick,0.15,eps,0.1,east,0.9,1.5,0.45,1.2,37.146,38.013,0.0,7.047
Delhi,28.6139,77.209,cold,3.0,3.0,2.6,135.0,brick,0.345,stone,0.3,eps,0.15,north,0.9,1.2,0.65,1.2,36.753,37.537,0.0,7.057
Delhi,28.6139,77.209,cold,3.0,3.0,2.6,90.0,puf_sandwich_panel,0.05,puf_sandwich_panel,0.15,mineral_wool,0.15,south,1.5,1.2,0.75,2.6,36.779,42.07,0.0,7.43
Delhi,28.6139,77.209,cold,3.0,3.0,2.6,135.0,plywood,0.05,aerated_concrete,0.2,xps,0.15,north,0.9,0.9,0.45,2.6,36.096,38.555,0.0,7.276
Delhi,28.6139,77.209,cold,3.0,3.0,2.6,135.0,gi_sheet,0.002,aerated_concrete,0.2,eps,0.2,east,0.9,0.6,0.65,2.0,36.703,39.887,0.0,7.298
Delhi,28.6139,77.209,cold,3.0,3.0,2.6,0.0,timber,0.2,concrete,0.1,eps,0.2,west,0.9,0.9,0.55,1.6,35.513,36.791,0.0,7.151
Delhi,28.6139,77.209,cold,3.0,3.0,2.6,0.0,puf_sandwich_panel,0.075,concrete,0.1,eps,0.025,east,1.5,1.2,0.65,1.2,39.632,44.789,0.0,7.271
Delhi,28.6139,77.209,cold,3.0,3.0,2.6,135.0,mud_brick,0.3,aerated_concrete,0.2,eps,0.025,east,1.2,0.6,0.75,3.5,38.173,39.825,0.0,7.073
Delhi,28.6139,77.209,cold,3.0,3.0,2.6,0.0,brick,0.345,brick,0.115,none,0.0,west,1.5,0.9,0.75,5.8,42.439,46.137,0.0,7.065
Delhi,28.6139,77.209,cold,3.0,3.0,2.6,135.0,rammed_earth,0.45,concrete,0.15,xps,0.1,east,0.6,0.9,0.65,5.8,36.387,37.047,0.0,7.056
Delhi,28.6139,77.209,cold,3.0,3.0,2.6,135.0,gi_sheet,0.002,aerated_concrete,0.2,xps,0.15,east,0.9,1.2,0.75,1.6,37.502,41.491,0.0,7.299
Delhi,28.6139,77.209,cold,3.0,3.0,2.6,0.0,gi_sheet,0.002,mud_brick,0.25,eps,0.05,south,1.8,0.9,0.75,1.6,39.078,42.99,0.0,7.176
Delhi,28.6139,77.209,cold,3.0,3.0,2.6,180.0,brick,0.23,brick,0.115,eps,0.15,north,1.2,1.2,0.65,1.2,36.941,38.115,0.0,7.082
Delhi,28.6139,77.209,cold,3.0,3.0,2.6,135.0,puf_sandwich_panel,0.1,timber,0.1,eps,0.2,north,0.9,0.6,0.65,1.2,34.983,37.252,0.0,7.378
Delhi,28.6139,77.209,cold,3.0,3.0,2.6,180.0,timber,0.1,timber,0.15,eps,0.2,west,1.8,0.9,0.55,1.6,37.181,39.793,0.0,7.233
Delhi,28.6139,77.209,cold,3.0,3.0,2.6,0.0,puf_sandwich_panel,0.075,mud_brick,0.15,mineral_wool,0.1,south,1.5,0.9,0.85,3.5,36.73,39.501,0.0,7.234
Delhi,28.6139,77.209,cold,3.0,3.0,2.6,90.0,gi_sheet,0.002,mud_brick,0.15,sheep_wool,0.1,east,1.2,1.2,0.45,2.6,37.703,41.156,0.0,7.226
Delhi,28.6139,77.209,cold,3.0,3.0,2.6,45.0,brick,0.115,puf_sandwich_panel,0.05,mineral_wool,0.05,south,1.2,1.5,0.45,5.8,38.366,41.282,0.0,7.143
Delhi,28.6139,77.209,cold,3.0,3.0,2.6,180.0,stone,0.15,mud_brick,0.15,none,0.0,west,1.5,1.2,0.65,2.6,43.501,49.379,0.0,7.086
Delhi,28.6139,77.209,cold,3.0,3.0,2.6,135.0,stone,0.15,timber,0.1,none,0.0,east,1.2,0.6,0.65,1.2,42.682,48.305,0.0,7.093
Delhi,28.6139,77.209,cold,3.0,3.0,2.6,45.0,puf_sandwich_panel,0.1,mud_brick,0.25,none,0.0,east,1.5,1.2,0.85,2.6,40.543,45.185,0.0,7.186
Delhi,28.6139,77.209,cold,3.0,3.0,2.6,135.0,concrete,0.1,mud_brick,0.15,eps,0.15,west,0.9,1.2,0.65,2.6,37.78,39.586,0.0,7.112
Delhi,28.6139,77.209,cold,3.0,3.0,2.6,180.0,plywood,0.012,puf_sandwich_panel,0.05,eps,0.1,west,1.8,1.5,0.75,1.2,40.827,49.529,0.0,7.463
Delhi,28.6139,77.209,cold,3.0,3.0,2.6,0.0,mud_brick,0.45,rcc_slab,0.25,eps,0.05,west,1.2,0.9,0.35,5.8,37.236,38.263,0.0,7.053
Delhi,28.6139,77.209,cold,3.0,3.0,2.6,90.0,aerated_concrete,0.2,rcc_slab,0.15,xps,0.05,east,0.9,1.2,0.35,5.8,37.176,39.26,0.0,7.142
Delhi,28.6139,77.209,cold,3.0,3.0,2.6,180.0,plywood,0.05,concrete,0.2,eps,0.05,east,0.9,1.2,0.65,2.0,38.239,41.39,0.0,7.171
Delhi,28.6139,77.209,cold,3.0,3.0,2.6,0.0,aerated_concrete,0.3,aerated_concrete,0.1,mineral_wool,0.05,south,0.9,1.2,0.55,5.8,37.009,39.107,0.0,7.152
Delhi,28.6139,77.209,cold,3.0,3.0,2.6,45.0,aerated_concrete,0.1,brick,0.23,eps,0.2,north,1.8,0.6,0.85,2.0,37.086,38.971,0.0,7.154
Delhi,28.6139,77.209,cold,3.0,3.0,2.6,0.0,timber,0.15,timber,0.1,sheep_wool,0.15,south,1.5,1.5,0.65,1.2,37.089,39.861,0.0,7.213
Delhi,28.6139,77.209,cold,3.0,3.0,2.6,90.0,rammed_earth,0.3,stone,0.15,mineral_wool,0.1,east,0.9,1.2,0.65,2.0,36.768,37.754,0.0,7.069
Delhi,28.6139,77.209,cold,3.0,3.0,2.6,135.0,rammed_earth,0.45,mud_brick,0.15,xps,0.15,south,0.6,1.2,0.35,2.6,35.843,36.259,0.0,7.057
Delhi,28.6139,77.209,cold,3.0,3.0,2.6,180.0,rammed_earth,0.3,puf_sandwich_panel,0.075,xps,0.1,south,1.5,1.2,0.35,1.6,36.499,37.452,0.0,7.08
Delhi,28.6139,77.209,cold,3.0,3.0,2.6,90.0,stone,0.3,timber,0.1,none,0.0,north,0.9,0.9,0.35,3.5,41.665,45.053,0.0,7.06
Delhi,28.6139,77.209,cold,3.0,3.0,2.6,180.0,brick,0.23,stone,0.3,sheep_wool,0.05,east,1.5,0.9,0.85,5.8,38.879,40.811,0.0,7.068
Delhi,28.6139,77.209,cold,3.0,3.0,2.6,45.0,brick,0.345,gi_sheet,0.002,xps,0.1,west,1.5,1.2,0.55,1.2,37.097,38.236,0.0,7.07
Delhi,28.6139,77.209,cold,3.0,3.0,2.6,45.0,mud_brick,0.3,puf_sandwich_panel,0.075,mineral_wool,0.05,east,0.9,1.5,0.55,2.6,37.56,38.926,0.0,7.076
Delhi,28.6139,77.209,cold,3.0,3.0,2.6,90.0,stone,0.15,gi_sheet,0.002,none,0.0,west,0.9,0.9,0.85,2.6,44.141,51.718,0.0,7.095
Delhi,28.6139,77.209,cold,3.0,3.0,2.6,135.0,timber,0.1,rcc_slab,0.15,xps,0.05,north,0.6,0.9,0.85,1.2,37.686,40.279,0.0,7.169
Delhi,28.6139,77.209,cold,3.0,3.0,2.6,90.0,brick,0.345,stone,0.3,eps,0.025,north,1.5,1.2,0.75,2.0,40.087,42.33,0.0,7.058
Delhi,28.6139,77.209,cold,3.0,3.0,2.6,180.0,rammed_earth,0.45,timber,0.15,eps,0.15,west,0.6,1.2,0.45,2.0,36.128,36.662,0.0,7.059
Delhi,28.6139,77.209,cold,3.0,3.0,2.6,135.0,aerated_concrete,0.2,rcc_slab,0.2,none,0.0,west,1.8,0.9,0.65,1.6,42.8,48.331,0.0,7.13
Delhi,28.6139,77.209,cold,3.0,3.0,2.6,0.0,aerated_concrete,0.3,rcc_slab,0.15,eps,0.2,north,0.6,1.2,0.35,5.8,35.373,36.262,0.0,7.119
Delhi,28.6139,77.209,cold,3.0,3.0,2.6,180.0,rammed_earth,0.3,brick,0.23,mineral_wool,0.1,east,1.5,0.6,0.75,5.8,37.094,38.208,0.0,7.068
Delhi,28.6139,77.209,cold,3.0,3.0,2.6,180.0,brick,0.115,mud_brick,0.15,eps,0.1,east,0.9,1.2,0.85,5.8,38.049,40.221,0.0,7.115
Delhi,28.6139,77.209,cold,3.0,3.0,2.6,180.0,plywood,0.05,concrete,0.15,eps,0.1,south,0.6,1.5,0.65,1.2,36.895,39.278,0.0,7.196
Delhi,28.6139,77.209,cold,3.0,3.0,2.6,0.0,puf_sandwich_panel,0.1,aerated_concrete,0.2,xps,0.15,south,1.5,0.6,0.85,3.5,35.577,38.248,0.0,7.328
Delhi,28.6139,77.209,cold,3.0,3.0,2.6,0.0,puf_sandwich_panel,0.15,concrete,0.1,eps,0.025,south,0.6,0.6,0.75,2.6,37.064,40.441,0.0,7.265
Delhi,28.6139,77.209,cold,3.0,3.0,2.6,45.0,aerated_concrete,0.3,puf_sandwich_panel,0.1,mineral_wool,0.15,south,1.5,0.9,0.65,1.6,36.071,37.705,0.0,7.157
Delhi,28.6139,77.209,cold,3.0,3.0,2.6,0.0,rammed_earth,0.15,gi_sheet,0.002,mineral_wool,0.1,north,1.2,1.2,0.85,2.0,37.77,39.819,0.0,7.123
Delhi,28.6139,77.209,cold,3.0,3.0,2.6,45.0,gi_sheet,0.002,timber,0.15,mineral_wool,0.05,south,0.6,0.6,0.35,1.6,37.895,42.671,0.0,7.318
Delhi,28.6139,77.209,cold,3.0,3.0,2.6,180.0,mud_brick,0.45,gi_sheet,0.002,mineral_wool,0.05,north,0.6,0.9,0.65,5.8,37.141,38.172,0.0,7.058
Delhi,28.6139,77.209,cold,3.0,3.0,2.6,0.0,stone,0.3,concrete,0.2,xps,0.1,south,1.2,1.2,0.75,5.8,37.438,38.617,0.0,7.056
Delhi,28.6139,77.209,cold,3.0,3.0,2.6,0.0,aerated_concrete,0.2,timber,0.1,eps,0.025,west,1.8,0.6,0.75,3.5,38.206,41.668,0.0,7.191
Delhi,28.6139,77.209,cold,3.0,3.0,2.6,0.0,rammed_earth,0.15,aerated_concrete,0.2,xps,0.05,north,1.2,1.5,0.45,2.0,37.913,40.024,0.0,7.117
