site,latitude,longitude,zone,length_m,width_m,height_m,orientation_deg,wall_material,wall_thickness_m,roof_material,roof_thickness_m,insulation_material,insulation_thickness_m,window_wall,window_width_m,window_height_m,window_shgc,window_u_w_m2k,hot_mean_c,hot_max_c,hot_comfort_fraction,cold_min_c
Bengaluru,12.9716,77.5946,warm_humid,3.0,3.0,2.6,45.0,gi_sheet,0.002,puf_sandwich_panel,0.075,eps,0.025,south,1.5,1.2,0.65,2.6,33.464,43.183,0.4345,18.892
Bengaluru,12.9716,77.5946,warm_humid,3.0,3.0,2.6,90.0,concrete,0.1,concrete,0.15,eps,0.05,north,1.2,0.9,0.35,3.5,31.924,34.966,0.4048,19.445
Bengaluru,12.9716,77.5946,warm_humid,3.0,3.0,2.6,45.0,puf_sandwich_panel,0.1,puf_sandwich_panel,0.1,eps,0.05,west,0.6,1.5,0.65,5.8,30.878,34.939,0.625,19.593
Bengaluru,12.9716,77.5946,warm_humid,3.0,3.0,2.6,45.0,concrete,0.1,concrete,0.2,mineral_wool,0.1,east,1.5,1.2,0.75,5.8,32.495,35.67,0.2857,19.442
Bengaluru,12.9716,77.5946,warm_humid,3.0,3.0,2.6,90.0,gi_sheet,0.002,rcc_slab,0.25,mineral_wool,0.1,west,1.2,1.5,0.35,5.8,31.354,34.356,0.5536,19.464
Bengaluru,12.9716,77.5946,warm_humid,3.0,3.0,2.6,135.0,concrete,0.2,concrete,0.1,mineral_wool,0.05,south,1.5,1.2,0.85,5.8,32.257,35.663,0.3095,19.434
Bengaluru,12.9716,77.5946,warm_humid,3.0,3.0,2.6,180.0,brick,0.345,concrete,0.1,eps,0.025,east,1.5,1.2,0.65,2.6,32.199,35.799,0.3155,19.428
Bengaluru,12.9716,77.5946,warm_humid,3.0,3.0,2.6,180.0,brick,0.115,brick,0.23,none,0.0,east,1.5,1.5,0.65,3.5,35.571,42.338,0.1786,19.444
Bengaluru,12.9716,77.5946,warm_humid,3.0,3.0,2.6,45.0,plywood,0.019,gi_sheet,0.002,mineral_wool,0.1,south,1.2,1.5,0.75,2.6,32.925,40.708,0.4524,19.56
Bengaluru,12.9716,77.5946,warm_humid,3.0,3.0,2.6,135.0,concrete,0.15,brick,0.115,eps,0.025,east,0.9,0.9,0.75,5.8,33.001,36.703,0.2619,19.439
Bengaluru,12.9716,77.5946,warm_humid,3.0,3.0,2.6,180.0,rammed_earth,0.15,gi_sheet,0.002,mineral_wool,0.05,south,1.8,1.2,0.45,5.8,32.039,35.237,0.4286,19.452
Bengaluru,12.9716,77.5946,warm_humid,3.0,3.0,2.6,135.0,plywood,0.05,brick,0.115,mineral_wool,0.1,west,0.6,1.2,0.35,5.8,31.184,34.146,0.5833,19.492
Bengaluru,12.9716,77.5946,warm_humid,3.0,3.0,2.6,180.0,gi_sheet,0.002,rcc_slab,0.15,none,0.0,south,0.6,1.2,0.55,3.5,35.885,49.307,0.3869,15.314
Bengaluru,12.9716,77.5946,warm_humid,3.0,3.0,2.6,90.0,plywood,0.05,rcc_slab,0.15,mineral_wool,0.025,north,0.9,1.5,0.85,3.5,34.035,39.438,0.2798,19.48
Bengaluru,12.9716,77.5946,warm_humid,3.0,3.0,2.6,45.0,brick,0.23,concrete,0.1,eps,0.025,south,0.6,0.6,0.75,3.5,32.159,35.469,0.3155,19.434
Bengaluru,12.9716,77.5946,warm_humid,3.0,3.0,2.6,135.0,rammed_earth,0.15,brick,0.23,eps,0.05,east,1.8,0.6,0.55,2.6,31.66,34.642,0.3988,19.44
Bengaluru,12.9716,77.5946,warm_humid,3.0,3.0,2.6,135.0,concrete,0.1,rcc_slab,0.2,none,0.0,south,1.5,0.9,0.35,2.6,35.856,43.651,0.2262,19.443
Bengaluru,12.9716,77.5946,warm_humid,3.0,3.0,2.6,135.0,concrete,0.3,brick,0.115,eps,0.025,south,1.5,1.5,0.35,3.5,31.975,35.407,0.3571,19.428
Bengaluru,12.9716,77.5946,warm_humid,3.0,3.0,2.6,0.0,puf_sandwich_panel,0.05,puf_sandwich_panel,0.1,eps,0.05,east,1.5,0.6,0.45,2.6,31.166,35.181,0.5655,19.598
Bengaluru,12.9716,77.5946,warm_humid,3.0,3.0,2.6,135.0,brick,0.23,brick,0.23,eps,0.1,east,1.8,1.2,0.35,3.5,30.727,33.524,0.631,19.433
Bengaluru,12.9716,77.5946,warm_humid,3.0,3.0,2.6,135.0,concrete,0.3,concrete,0.15,mineral_wool,0.1,south,1.8,1.2,0.65,5.8,30.659,33.837,0.5536,19.427
Bengaluru,12.9716,77.5946,warm_humid,3.0,3.0,2.6,135.0,gi_sheet,0.002,concrete,0.15,eps,0.1,north,1.2,1.5,0.45,3.5,32.458,36.362,0.3869,19.484
Bengaluru,12.9716,77.5946,warm_humid,3.0,3.0,2.6,180.0,brick,0.115,brick,0.115,none,0.0,south,1.5,1.5,0.35,5.8,35.741,43.525,0.2381,19.451
Bengaluru,12.9716,77.5946,warm_humid,3.0,3.0,2.6,135.0,concrete,0.15,brick,0.115,mineral_wool,0.1,east,0.6,1.2,0.35,3.5,30.701,33.252,0.6726,19.439
Bengaluru,12.9716,77.5946,warm_humid,3.0,3.0,2.6,135.0,rammed_earth,0.45,concrete,0.2,mineral_wool,0.025,north,1.5,0.6,0.85,3.5,31.145,34.628,0.5,19.424
Bengaluru,12.9716,77.5946,warm_humid,3.0,3.0,2.6,135.0,concrete,0.2,rcc_slab,0.25,eps,0.025,west,1.2,0.9,0.35,2.6,32.093,35.424,0.3333,19.43
Bengaluru,12.9716,77.5946,warm_humid,3.0,3.0,2.6,90.0,plywood,0.019,puf_sandwich_panel,0.075,mineral_wool,0.1,west,1.2,0.6,0.35,3.5,31.034,35.023,0.5952,19.566
Bengaluru,12.9716,77.5946,warm_humid,3.0,3.0,2.6,90.0,puf_sandwich_panel,0.075,brick,0.23,eps,0.025,south,1.5,1.5,0.45,2.6,32.478,36.799,0.3929,19.479
Bengaluru,12.9716,77.5946,warm_humid,3.0,3.0,2.6,45.0,puf_sandwich_panel,0.1,rcc_slab,0.2,mineral_wool,0.025,west,1.8,0.6,0.55,5.8,31.955,35.487,0.4464,19.476
Bengaluru,12.9716,77.5946,warm_humid,3.0,3.0,2.6,180.0,rammed_earth,0.45,rcc_slab,0.1,none,0.0,east,0.9,0.6,0.65,2.6,34.022,38.402,0.2143,19.425
Bengaluru,12.9716,77.5946,warm_humid,3.0,3.0,2.6,0.0,plywood,0.05,brick,0.115,none,0.0,east,0.6,1.2,0.65,3.5,35.638,45.813,0.3214,18.879
Bengaluru,12.9716,77.5946,warm_humid,3.0,3.0,2.6,135.0,concrete,0.1,brick,0.115,none,0.0,south,1.2,0.9,0.45,2.6,35.977,44.684,0.256,18.859
Bengaluru,12.9716,77.5946,warm_humid,3.0,3.0,2.6,135.0,rammed_earth,0.3,rcc_slab,0.2,eps,0.1,north,1.5,0.6,0.65,5.8,30.174,32.951,0.756,19.429
Bengaluru,12.9716,77.5946,warm_humid,3.0,3.0,2.6,90.0,rammed_earth,0.15,concrete,0.15,eps,0.05,east,0.6,0.9,0.85,2.6,31.524,34.391,0.4405,19.442
Bengaluru,12.9716,77.5946,warm_humid,3.0,3.0,2.6,45.0,gi_sheet,0.002,rcc_slab,0.2,mineral_wool,0.025,south,0.6,0.9,0.45,5.8,33.121,38.306,0.3512,19.473
Bengaluru,12.9716,77.5946,warm_humid,3.0,3.0,2.6,90.0,rammed_earth,0.3,concrete,0.1,eps,0.05,east,1.2,1.2,0.45,2.6,30.976,33.907,0.5179,19.431
Bengaluru,12.9716,77.5946,warm_humid,3.0,3.0,2.6,45.0,gi_sheet,0.002,concrete,0.15,eps,0.025,west,1.8,0.6,0.75,3.5,33.591,39.865,0.3512,19.485
Bengaluru,12.9716,77.5946,warm_humid,3.0,3.0,2.6,0.0,concrete,0.1,puf_sandwich_panel,0.075,eps,0.025,south,1.5,0.6,0.55,2.6,32.469,36.2,0.375,19.457
Bengaluru,12.9716,77.5946,warm_humid,3.0,3.0,2.6,180.0,rammed_earth,0.45,gi_sheet,0.002,none,0.0,north,0.6,1.5,0.75,5.8,34.578,39.145,0.1667,19.426
Bengaluru,12.9716,77.5946,warm_humid,3.0,3.0,2.6,135.0,gi_sheet,0.002,brick,0.115,mineral_wool,0.025,east,1.8,1.2,0.65,5.8,34.321,42.649,0.3631,19.502
Bengaluru,12.9716,77.5946,warm_humid,3.0,3.0,2.6,45.0,plywood,0.05,gi_sheet,0.002,eps,0.025,north,1.8,1.2,0.55,3.5,33.858,41.762,0.4048,19.548
Bengaluru,12.9716,77.5946,warm_humid,3.0,3.0,2.6,90.0,gi_sheet,0.002,gi_sheet,0.002,eps,0.025,west,1.2,0.9,0.85,3.5,33.634,42.464,0.4286,18.568
Bengaluru,12.9716,77.5946,warm_humid,3.0,3.0,2.6,90.0,gi_sheet,0.002,gi_sheet,0.002,mineral_wool,0.025,north,1.2,1.5,0.65,3.5,34.342,43.63,0.3929,18.399
Bengaluru,12.9716,77.5946,warm_humid,3.0,3.0,2.6,0.0,plywood,0.012,puf_sandwich_panel,0.1,mineral_wool,0.1,west,1.2,1.5,0.35,5.8,31.791,37.858,0.5298,19.573
Bengaluru,12.9716,77.5946,warm_humid,3.0,3.0,2.6,180.0,plywood,0.012,gi_sheet,0.002,eps,0.1,east,0.6,0.6,0.65,5.8,31.727,36.766,0.5119,19.576
Bengaluru,12.9716,77.5946,warm_humid,3.0,3.0,2.6,45.0,concrete,0.2,brick,0.115,mineral_wool,0.05,west,0.9,0.9,0.45,2.6,31.221,34.169,0.4762,19.434
Bengaluru,12.9716,77.5946,warm_humid,3.0,3.0,2.6,135.0,gi_sheet,0.002,puf_sandwich_panel,0.075,none,0.0,east,1.8,0.9,0.65,3.5,35.09,48.593,0.4524,14.974
Bengaluru,12.9716,77.5946,warm_humid,3.0,3.0,2.6,180.0,concrete,0.15,puf_sandwich_panel,0.15,eps,0.1,west,0.9,1.2,0.75,5.8,31.635,34.351,0.4226,19.444
Bengaluru,12.9716,77.5946,warm_humid,3.0,3.0,2.6,0.0,plywood,0.019,brick,0.23,mineral_wool,0.025,north,1.8,0.9,0.65,2.6,33.291,38.425,0.3452,19.476
Bengaluru,12.9716,77.5946,warm_humid,3.0,3.0,2.6,180.0,gi_sheet,0.002,rcc_slab,0.25,mineral_wool,0.05,west,1.2,0.6,0.55,2.6,32.511,36.168,0.3571,19.464
Bengaluru,12.9716,77.5946,warm_humid,3.0,3.0,2.6,90.0,rammed_earth,0.45,concrete,0.1,eps,0.05,west,1.8,0.9,0.45,5.8,30.093,33.131,0.7321,19.425
Bengaluru,12.9716,77.5946,warm_humid,3.0,3.0,2.6,90.0,plywood,0.05,brick,0.23,mineral_wool,0.05,west,0.9,1.5,0.85,3.5,32.31,35.932,0.4048,19.471
Bengaluru,12.9716,77.5946,warm_humid,3.0,3.0,2.6,135.0,puf_sandwich_panel,0.05,gi_sheet,0.002,eps,0.05,north,1.8,1.2,0.85,5.8,34.265,42.052,0.381,19.589
Bengaluru,12.9716,77.5946,warm_humid,3.0,3.0,2.6,45.0,plywood,0.019,concrete,0.1,none,0.0,west,0.9,0.6,0.55,2.6,36.282,49.938,0.369,16.528
Bengaluru,12.9716,77.5946,warm_humid,3.0,3.0,2.6,135.0,brick,0.23,gi_sheet,0.002,mineral_wool,0.025,north,0.9,1.5,0.45,3.5,32.661,36.074,0.2679,19.438
Bengaluru,12.9716,77.5946,warm_humid,3.0,3.0,2.6,45.0,puf_sandwich_panel,0.1,brick,0.23,eps,0.1,north,1.8,0.6,0.85,2.6,31.483,34.225,0.5298,19.478
Bengaluru,12.9716,77.5946,warm_humid,3.0,3.0,2.6,45.0,concrete,0.1,rcc_slab,0.15,eps,0.05,east,0.6,1.5,0.65,3.5,32.299,35.52,0.3214,19.445
Bengaluru,12.9716,77.5946,warm_humid,3.0,3.0,2.6,0.0,plywood,0.05,concrete,0.1,mineral_wool,0.1,west,0.6,1.5,0.65,5.8,31.571,35.152,0.5119,19.491
Bengaluru,12.9716,77.5946,warm_humid,3.0,3.0,2.6,45.0,plywood,0.019,gi_sheet,0.002,mineral_wool,0.1,west,1.2,1.5,0.65,3.5,32.392,38.708,0.4762,19.56
Bengaluru,12.9716,77.5946,warm_humid,3.0,3.0,2.6,0.0,concrete,0.2,puf_sandwich_panel,0.1,eps,0.05,south,1.2,0.6,0.65,3.5,30.97,33.696,0.5595,19.437
Bengaluru,12.9716,77.5946,warm_humid,3.0,3.0,2.6,90.0,plywood,0.03,puf_sandwich_panel,0.1,eps,0.05,west,0.6,0.6,0.55,5.8,31.418,35.998,0.5298,19.567
Bengaluru,12.9716,77.5946,warm_humid,3.0,3.0,2.6,180.0,plywood,0.03,concrete,0.1,none,0.0,east,1.5,1.5,0.45,2.6,36.296,49.857,0.3571,17.123
Bengaluru,12.9716,77.5946,warm_humid,3.0,3.0,2.6,135.0,concrete,0.2,rcc_slab,0.2,mineral_wool,0.1,south,0.6,1.5,0.85,5.8,30.568,33.431,0.631,19.431
Bengaluru,12.9716,77.5946,warm_humid,3.0,3.0,2.6,180.0,plywood,0.03,rcc_slab,0.1,mineral_wool,0.025,south,1.8,1.5,0.55,5.8,33.719,40.363,0.369,19.5
Bengaluru,12.9716,77.5946,warm_humid,3.0,3.0,2.6,90.0,puf_sandwich_panel,0.15,brick,0.115,eps,0.05,west,1.5,1.2,0.55,3.5,31.729,35.473,0.494,19.509
Bengaluru,12.9716,77.5946,warm_humid,3.0,3.0,2.6,45.0,gi_sheet,0.002,brick,0.23,mineral_wool,0.05,south,1.2,0.9,0.65,5.8,32.603,37.045,0.381,19.474
Bengaluru,12.9716,77.5946,warm_humid,3.0,3.0,2.6,0.0,brick,0.115,brick,0.23,eps,0.1,west,1.2,1.2,0.75,2.6,31.77,34.863,0.381,19.444
Bengaluru,12.9716,77.5946,warm_humid,3.0,3.0,2.6,180.0,concrete,0.1,puf_sandwich_panel,0.075,mineral_wool,0.05,east,1.8,1.2,0.65,5.8,32.834,36.84,0.3036,19.458
Bengaluru,12.9716,77.5946,warm_humid,3.0,3.0,2.6,45.0,plywood,0.012,puf_sandwich_panel,0.15,mineral_wool,0.05,north,0.9,0.6,0.45,5.8,31.807,37.227,0.5119,19.579
Bengaluru,12.9716,77.5946,warm_humid,3.0,3.0,2.6,180.0,rammed_earth,0.45,concrete,0.2,eps,0.025,south,1.8,1.5,0.35,2.6,30.965,34.281,0.506,19.425
Bengaluru,12.9716,77.5946,warm_humid,3.0,3.0,2.6,135.0,brick,0.345,concrete,0.2,eps,0.1,west,0.6,1.2,0.75,2.6,29.689,32.528,0.881,19.426
Bengaluru,12.9716,77.5946,warm_humid,3.0,3.0,2.6,0.0,gi_sheet,0.002,puf_sandwich_panel,0.075,eps,0.05,north,1.5,1.2,0.85,5.8,32.893,40.239,0.4464,19.57
Bengaluru,12.9716,77.5946,warm_humid,3.0,3.0,2.6,135.0,brick,0.23,concrete,0.1,none,0.0,east,1.8,0.6,0.35,2.6,35.498,41.033,0.1131,19.435
Bengaluru,12.9716,77.5946,warm_humid,3.0,3.0,2.6,135.0,puf_sandwich_panel,0.05,puf_sandwich_panel,0.1,eps,0.05,south,0.6,1.5,0.55,2.6,30.995,35.355,0.6012,19.598
Bengaluru,12.9716,77.5946,warm_humid,3.0,3.0,2.6,45.0,brick,0.23,gi_sheet,0.002,eps,0.025,west,1.5,1.2,0.65,2.6,32.821,36.455,0.2679,19.438
Bengaluru,12.9716,77.5946,warm_humid,3.0,3.0,2.6,135.0,puf_sandwich_panel,0.1,gi_sheet,0.002,mineral_wool,0.05,west,1.8,0.6,0.55,3.5,31.787,36.577,0.506,19.579
Bengaluru,12.9716,77.5946,warm_humid,3.0,3.0,2.6,0.0,gi_sheet,0.002,rcc_slab,0.15,mineral_wool,0.025,west,0.6,1.2,0.45,2.6,33.29,39.256,0.3631,19.484
Bengaluru,12.9716,77.5946,warm_humid,3.0,3.0,2.6,45.0,puf_sandwich_panel,0.1,brick,0.115,eps,0.025,west,1.2,1.2,0.45,2.6,32.283,36.982,0.4405,19.511
Bengaluru,12.9716,77.5946,warm_humid,3.0,3.0,2.6,45.0,plywood,0.019,brick,0.115,mineral_wool,0.05,north,1.2,0.9,0.35,5.8,32.376,37.068,0.4405,19.504
Bengaluru,12.9716,77.5946,warm_humid,3.0,3.0,2.6,135.0,gi_sheet,0.002,gi_sheet,0.002,eps,0.1,west,1.5,1.5,0.45,5.8,32.673,38.541,0.4286,19.561
Bengaluru,12.9716,77.5946,warm_humid,3.0,3.0,2.6,90.0,rammed_earth,0.3,brick,0.115,mineral_wool,0.1,west,1.2,0.6,0.75,2.6,29.845,32.472,0.8631,19.431
Bengaluru,12.9716,77.5946,warm_humid,3.0,3.0,2.6,180.0,gi_sheet,0.002,brick,0.115,mineral_wool,0.05,south,0.9,1.2,0.55,2.6,32.717,37.729,0.3929,19.501
Bengaluru,12.9716,77.5946,warm_humid,3.0,3.0,2.6,45.0,gi_sheet,0.002,puf_sandwich_panel,0.1,none,0.0,east,1.5,1.2,0.55,5.8,35.083,47.916,0.4524,14.983
Bengaluru,12.9716,77.5946,warm_humid,3.0,3.0,2.6,180.0,brick,0.345,gi_sheet,0.002,mineral_wool,0.1,north,0.6,0.9,0.55,3.5,29.653,32.275,0.9226,19.429
Bengaluru,12.9716,77.5946,warm_humid,3.0,3.0,2.6,45.0,gi_sheet,0.002,rcc_slab,0.25,none,0.0,east,1.8,1.5,0.55,3.5,36.057,47.704,0.3452,16.23
Bengaluru,12.9716,77.5946,warm_humid,3.0,3.0,2.6,180.0,concrete,0.15,brick,0.23,mineral_wool,0.05,west,1.8,1.2,0.35,2.6,32.136,35.255,0.3155,19.436
Bengaluru,12.9716,77.5946,warm_humid,3.0,3.0,2.6,45.0,puf_sandwich_panel,0.15,puf_sandwich_panel,0.1,eps,0.1,south,0.6,0.9,0.85,2.6,30.618,34.219,0.6726,19.585
Bengaluru,12.9716,77.5946,warm_humid,3.0,3.0,2.6,0.0,plywood,0.012,gi_sheet,0.002,eps,0.1,east,1.8,0.6,0.65,5.8,32.516,38.391,0.4524,19.576
Bengaluru,12.9716,77.5946,warm_humid,3.0,3.0,2.6,45.0,brick,0.23,concrete,0.1,eps,0.05,north,0.9,1.5,0.55,3.5,31.621,34.657,0.3988,19.435
Bengaluru,12.9716,77.5946,warm_humid,3.0,3.0,2.6,135.0,gi_sheet,0.002,puf_sandwich_panel,0.1,eps,0.1,east,1.8,0.9,0.85,5.8,32.974,40.688,0.4345,19.567
Bengaluru,12.9716,77.5946,warm_humid,3.0,3.0,2.6,90.0,brick,0.23,brick,0.115,eps,0.05,west,0.6,0.9,0.35,3.5,30.867,33.646,0.5893,19.434
Bengaluru,12.9716,77.5946,warm_humid,3.0,3.0,2.6,180.0,gi_sheet,0.002,rcc_slab,0.25,mineral_wool,0.025,north,1.2,0.9,0.65,3.5,33.494,38.429,0.3095,19.465
Bengaluru,12.9716,77.5946,warm_humid,3.0,3.0,2.6,90.0,gi_sheet,0.002,puf_sandwich_panel,0.1,eps,0.1,south,0.6,0.9,0.75,2.6,31.501,36.475,0.5417,19.566
Bengaluru,12.9716,77.5946,warm_humid,3.0,3.0,2.6,90.0,rammed_earth,0.3,puf_sandwich_panel,0.1,mineral_wool,0.1,west,1.2,1.2,0.75,2.6,30.197,32.873,0.756,19.433
Bengaluru,12.9716,77.5946,warm_humid,3.0,3.0,2.6,180.0,plywood,0.019,concrete,0.1,eps,0.1,west,0.6,0.6,0.45,5.8,31.449,34.745,0.5238,19.503
Bengaluru,12.9716,77.5946,warm_humid,3.0,3.0,2.6,90.0,brick,0.345,rcc_slab,0.1,mineral_wool,0.1,west,1.5,1.5,0.75,5.8,30.62,33.742,0.5536,19.428
Bengaluru,12.9716,77.5946,warm_humid,3.0,3.0,2.6,0.0,brick,0.115,concrete,0.2,eps,0.05,west,1.8,0.9,0.35,5.8,31.929,35.094,0.3929,19.443
Bengaluru,12.9716,77.5946,warm_humid,3.0,3.0,2.6,45.0,gi_sheet,0.002,concrete,0.1,none,0.0,south,0.9,0.6,0.35,5.8,36.151,50.946,0.4167,14.957
Bengaluru,12.9716,77.5946,warm_humid,3.0,3.0,2.6,135.0,rammed_earth,0.45,concrete,0.2,eps,0.05,north,1.5,0.9,0.45,5.8,30.186,33.302,0.6964,19.424
Bengaluru,12.9716,77.5946,warm_humid,3.0,3.0,2.6,135.0,plywood,0.03,concrete,0.1,none,0.0,south,1.2,1.5,0.65,5.8,36.454,49.885,0.3512,17.134
Bengaluru,12.9716,77.5946,warm_humid,3.0,3.0,2.6,0.0,puf_sandwich_panel,0.075,puf_sandwich_panel,0.05,eps,0.05,north,1.5,0.9,0.55,5.8,31.153,35.556,0.5893,19.597
Bengaluru,12.9716,77.5946,warm_humid,3.0,3.0,2.6,0.0,puf_sandwich_panel,0.1,rcc_slab,0.25,eps,0.1,south,0.9,1.5,0.35,2.6,30.629,32.939,0.7381,19.467
Bengaluru,12.9716,77.5946,warm_humid,3.0,3.0,2.6,90.0,puf_sandwich_panel,0.15,gi_sheet,0.002,eps,0.05,south,0.6,1.2,0.75,3.5,31.582,36.806,0.5476,19.581
Bengaluru,12.9716,77.5946,warm_humid,3.0,3.0,2.6,0.0,plywood,0.019,brick,0.23,mineral_wool,0.05,east,1.5,1.5,0.35,3.5,32.75,36.981,0.3512,19.476
Bengaluru,12.9716,77.5946,warm_humid,3.0,3.0,2.6,90.0,concrete,0.2,rcc_slab,0.25,mineral_wool,0.05,north,0.9,1.5,0.65,5.8,31.704,34.901,0.3988,19.43
Bengaluru,12.9716,77.5946,warm_humid,3.0,3.0,2.6,90.0,puf_sandwich_panel,0.15,concrete,0.1,none,0.0,west,1.2,0.9,0.65,5.8,35.764,45.814,0.3095,19.508
Bengaluru,12.9716,77.5946,warm_humid,3.0,3.0,2.6,180.0,brick,0.23,concrete,0.15,eps,0.025,west,1.8,0.6,0.65,3.5,32.635,36.083,0.2679,19.433
Bengaluru,12.9716,77.5946,warm_humid,3.0,3.0,2.6,90.0,brick,0.115,concrete,0.15,mineral_wool,0.025,west,0.6,1.5,0.65,5.8,32.89,36.598,0.2738,19.446
Bengaluru,12.9716,77.5946,warm_humid,3.0,3.0,2.6,90.0,concrete,0.2,puf_sandwich_panel,0.1,mineral_wool,0.05,east,1.2,1.5,0.75,3.5,31.859,34.919,0.3571,19.437
Bengaluru,12.9716,77.5946,warm_humid,3.0,3.0,2.6,45.0,gi_sheet,0.002,concrete,0.1,mineral_wool,0.1,east,0.9,1.2,0.35,3.5,31.795,35.668,0.4702,19.497
Bengaluru,12.9716,77.5946,warm_humid,3.0,3.0,2.6,45.0,plywood,0.019,puf_sandwich_panel,0.15,eps,0.1,north,0.6,1.2,0.65,5.8,31.498,35.968,0.5179,19.574
Bengaluru,12.9716,77.5946,warm_humid,3.0,3.0,2.6,45.0,puf_sandwich_panel,0.05,rcc_slab,0.2,mineral_wool,0.025,west,1.2,0.6,0.65,2.6,32.046,35.69,0.4405,19.477
Bengaluru,12.9716,77.5946,warm_humid,3.0,3.0,2.6,180.0,brick,0.115,puf_sandwich_panel,0.15,mineral_wool,0.05,north,1.8,1.5,0.45,2.6,32.465,35.995,0.3571,19.46
Bengaluru,12.9716,77.5946,warm_humid,3.0,3.0,2.6,45.0,rammed_earth,0.45,concrete,0.15,eps,0.05,west,1.5,0.6,0.45,2.6,29.783,32.773,0.8333,19.424
Bengaluru,12.9716,77.5946,warm_humid,3.0,3.0,2.6,135.0,puf_sandwich_panel,0.05,brick,0.23,none,0.0,west,1.2,0.6,0.65,5.8,33.771,39.151,0.3036,19.48
Bengaluru,12.9716,77.5946,warm_humid,3.0,3.0,2.6,0.0,rammed_earth,0.15,rcc_slab,0.1,mineral_wool,0.025,north,0.9,0.6,0.35,3.5,32.36,35.762,0.3333,19.444
Bengaluru,12.9716,77.5946,warm_humid,3.0,3.0,2.6,0.0,plywood,0.012,puf_sandwich_panel,0.1,none,0.0,west,1.8,0.9,0.75,5.8,34.841,47.955,0.4583,16.072
Bengaluru,12.9716,77.5946,warm_humid,3.0,3.0,2.6,135.0,rammed_earth,0.3,puf_sandwich_panel,0.15,eps,0.1,east,0.9,1.5,0.55,5.8,30.238,32.838,0.7857,19.433
Bengaluru,12.9716,77.5946,warm_humid,3.0,3.0,2.6,180.0,gi_sheet,0.002,concrete,0.15,none,0.0,north,0.9,0.9,0.75,5.8,35.989,49.649,0.3869,15.323
Bengaluru,12.9716,77.5946,warm_humid,3.0,3.0,2.6,90.0,concrete,0.1,rcc_slab,0.2,eps,0.1,south,1.2,1.2,0.85,3.5,31.845,34.978,0.369,19.443
Bengaluru,12.9716,77.5946,warm_humid,3.0,3.0,2.6,45.0,rammed_earth,0.3,brick,0.23,none,0.0,south,0.6,0.6,0.35,5.8,33.287,37.183,0.25,19.429
Bengaluru,12.9716,77.5946,warm_humid,3.0,3.0,2.6,90.0,brick,0.23,brick,0.23,eps,0.025,west,1.2,0.9,0.35,2.6,31.726,34.899,0.3929,19.432
Bengaluru,12.9716,77.5946,warm_humid,3.0,3.0,2.6,135.0,concrete,0.1,concrete,0.1,eps,0.025,west,0.9,1.5,0.85,2.6,33.854,38.197,0.1964,19.449
Bengaluru,12.9716,77.5946,warm_humid,3.0,3.0,2.6,180.0,concrete,0.2,puf_sandwich_panel,0.075,mineral_wool,0.05,north,1.5,1.5,0.75,3.5,32.418,35.68,0.2976,19.438
Bengaluru,12.9716,77.5946,warm_humid,3.0,3.0,2.6,180.0,rammed_earth,0.15,puf_sandwich_panel,0.05,none,0.0,north,0.6,0.6,0.35,2.6,33.38,38.209,0.3155,19.451
Bengaluru,12.9716,77.5946,warm_humid,3.0,3.0,2.6,135.0,puf_sandwich_panel,0.15,concrete,0.15,eps,0.05,north,1.5,0.9,0.45,5.8,31.724,34.918,0.4821,19.489
Bengaluru,12.9716,77.5946,warm_humid,3.0,3.0,2.6,45.0,rammed_earth,0.45,concrete,0.2,mineral_wool,0.05,north,0.6,1.2,0.55,5.8,29.738,32.752,0.8571,19.424
Bengaluru,12.9716,77.5946,warm_humid,3.0,3.0,2.6,90.0,gi_sheet,0.002,puf_sandwich_panel,0.15,mineral_wool,0.05,west,1.5,0.6,0.35,5.8,31.717,37.016,0.5179,19.563
Bengaluru,12.9716,77.5946,warm_humid,3.0,3.0,2.6,45.0,gi_sheet,0.002,concrete,0.1,eps,0.025,north,0.9,1.2,0.75,3.5,33.866,40.94,0.3571,19.501
Bengaluru,12.9716,77.5946,warm_humid,3.0,3.0,2.6,0.0,puf_sandwich_panel,0.05,puf_sandwich_panel,0.075,none,0.0,north,1.5,1.5,0.85,2.6,32.633,39.673,0.4821,19.602
Bengaluru,12.9716,77.5946,warm_humid,3.0,3.0,2.6,45.0,concrete,0.2,brick,0.115,eps,0.025,west,0.9,0.9,0.45,2.6,32.308,35.692,0.3036,19.434
Bengaluru,12.9716,77.5946,warm_humid,3.0,3.0,2.6,180.0,plywood,0.012,rcc_slab,0.15,eps,0.05,west,1.5,1.5,0.75,2.6,34.383,40.094,0.2857,19.488
Bengaluru,12.9716,77.5946,warm_humid,3.0,3.0,2.6,45.0,plywood,0.012,puf_sandwich_panel,0.15,mineral_wool,0.1,west,1.5,1.5,0.85,3.5,32.964,40.586,0.4524,19.572
Bengaluru,12.9716,77.5946,warm_humid,3.0,3.0,2.6,90.0,gi_sheet,0.002,rcc_slab,0.2,eps,0.05,north,1.2,1.5,0.75,2.6,33.605,38.284,0.2917,19.473
Bengaluru,12.9716,77.5946,warm_humid,3.0,3.0,2.6,135.0,plywood,0.019,gi_sheet,0.002,eps,0.1,west,1.8,0.6,0.85,2.6,32.513,37.912,0.4405,19.569
Bengaluru,12.9716,77.5946,warm_humid,3.0,3.0,2.6,0.0,rammed_earth,0.3,concrete,0.2,none,0.0,west,1.2,1.2,0.45,2.6,34.289,38.747,0.1607,19.429
Bengaluru,12.9716,77.5946,warm_humid,3.0,3.0,2.6,45.0,rammed_earth,0.3,puf_sandwich_panel,0.1,mineral_wool,0.05,south,1.5,1.2,0.35,2.6,30.582,33.26,0.6786,19.434
Bengaluru,12.9716,77.5946,warm_humid,3.0,3.0,2.6,0.0,brick,0.345,concrete,0.15,mineral_wool,0.1,north,1.8,1.5,0.55,2.6,30.466,33.517,0.5893,19.428
Bengaluru,12.9716,77.5946,warm_humid,3.0,3.0,2.6,0.0,concrete,0.1,puf_sandwich_panel,0.15,none,0.0,east,0.9,0.9,0.45,2.6,34.613,41.87,0.3155,18.868
Bengaluru,12.9716,77.5946,warm_humid,3.0,3.0,2.6,0.0,brick,0.23,rcc_slab,0.25,eps,0.025,west,1.5,0.9,0.85,3.5,32.543,36.165,0.2798,19.431
Bengaluru,12.9716,77.5946,warm_humid,3.0,3.0,2.6,90.0,gi_sheet,0.002,rcc_slab,0.2,eps,0.025,north,1.8,0.9,0.35,5.8,33.347,38.603,0.3452,19.473
Bengaluru,12.9716,77.5946,warm_humid,3.0,3.0,2.6,180.0,brick,0.345,rcc_slab,0.2,mineral_wool,0.05,north,1.5,0.9,0.45,2.6,30.57,33.66,0.5655,19.426
Bengaluru,12.9716,77.5946,warm_humid,3.0,3.0,2.6,0.0,plywood,0.03,puf_sandwich_panel,0.05,eps,0.05,west,1.8,1.5,0.35,2.6,32.447,39.924,0.4762,19.57
Bengaluru,12.9716,77.5946,warm_humid,3.0,3.0,2.6,135.0,brick,0.115,brick,0.23,mineral_wool,0.05,east,1.2,1.2,0.75,2.6,32.568,36.017,0.2917,19.444
Bengaluru,12.9716,77.5946,warm_humid,3.0,3.0,2.6,0.0,puf_sandwich_panel,0.15,rcc_slab,0.15,mineral_wool,0.05,west,1.8,0.9,0.45,2.6,31.613,35.173,0.506,19.487
Bengaluru,12.9716,77.5946,warm_humid,3.0,3.0,2.6,90.0,plywood,0.05,brick,0.23,mineral_wool,0.1,east,1.8,0.9,0.45,2.6,31.52,34.494,0.5298,19.47
Bengaluru,12.9716,77.5946,warm_humid,3.0,3.0,2.6,180.0,concrete,0.2,brick,0.23,mineral_wool,0.025,south,0.9,0.6,0.55,5.8,31.975,35.245,0.3512,19.431
Bengaluru,12.9716,77.5946,warm_humid,3.0,3.0,2.6,0.0,plywood,0.012,concrete,0.2,mineral_wool,0.025,north,1.2,1.5,0.35,2.6,33.152,38.367,0.3571,19.476
Bengaluru,12.9716,77.5946,warm_humid,3.0,3.0,2.6,0.0,concrete,0.1,puf_sandwich_panel,0.075,eps,0.05,north,1.8,1.2,0.65,3.5,32.288,35.859,0.4048,19.458
Bengaluru,12.9716,77.5946,warm_humid,3.0,3.0,2.6,135.0,brick,0.23,brick,0.115,eps,0.025,north,1.5,0.6,0.65,2.6,32.602,36.021,0.2679,19.435
Bengaluru,12.9716,77.5946,warm_humid,3.0,3.0,2.6,135.0,gi_sheet,0.002,puf_sandwich_panel,0.15,eps,0.1,east,1.8,1.2,0.45,5.8,32.361,38.912,0.4762,19.566
Bengaluru,12.9716,77.5946,warm_humid,3.0,3.0,2.6,90.0,rammed_earth,0.45,puf_sandwich_panel,0.1,mineral_wool,0.025,west,0.9,0.6,0.85,5.8,29.754,32.607,0.8452,19.426
Bengaluru,12.9716,77.5946,warm_humid,3.0,3.0,2.6,45.0,plywood,0.012,concrete,0.15,mineral_wool,0.1,west,1.5,0.9,0.85,3.5,32.223,36.334,0.4405,19.485
Bengaluru,12.9716,77.5946,warm_humid,3.0,3.0,2.6,90.0,plywood,0.019,brick,0.23,mineral_wool,0.05,west,1.8,0.6,0.75,5.8,32.27,36.069,0.4167,19.475
Bengaluru,12.9716,77.5946,warm_humid,3.0,3.0,2.6,90.0,rammed_earth,0.45,gi_sheet,0.002,mineral_wool,0.025,east,0.6,1.2,0.55,2.6,30.833,34.025,0.5298,19.426
Bengaluru,12.9716,77.5946,warm_humid,3.0,3.0,2.6,135.0,brick,0.345,puf_sandwich_panel,0.05,eps,0.05,east,1.2,1.2,0.75,5.8,30.971,34.052,0.506,19.43
Bengaluru,12.9716,77.5946,warm_humid,3.0,3.0,2.6,45.0,rammed_earth,0.15,concrete,0.2,eps,0.025,south,0.6,0.9,0.55,2.6,32.312,35.651,0.3274,19.44
Bengaluru,12.9716,77.5946,warm_humid,3.0,3.0,2.6,0.0,brick,0.115,concrete,0.1,none,0.0,east,1.8,1.2,0.85,5.8,37.086,46.259,0.2024,19.45
Bengaluru,12.9716,77.5946,warm_humid,3.0,3.0,2.6,0.0,rammed_earth,0.3,concrete,0.15,eps,0.05,west,1.2,1.5,0.85,2.6,31.809,35.221,0.375,19.43
Bengaluru,12.9716,77.5946,warm_humid,3.0,3.0,2.6,0.0,gi_sheet,0.002,puf_sandwich_panel,0.075,eps,0.025,west,1.5,1.5,0.85,2.6,34.109,46.086,0.4286,18.791
Bengaluru,12.9716,77.5946,warm_humid,3.0,3.0,2.6,45.0,concrete,0.3,concrete,0.15,mineral_wool,0.05,south,1.8,0.9,0.85,2.6,31.548,35.037,0.4107,19.427
Bengaluru,12.9716,77.5946,warm_humid,3.0,3.0,2.6,45.0,gi_sheet,0.002,rcc_slab,0.1,mineral_wool,0.05,south,1.2,1.5,0.55,5.8,33.075,39.116,0.3988,19.499
Bengaluru,12.9716,77.5946,warm_humid,3.0,3.0,2.6,45.0,gi_sheet,0.002,rcc_slab,0.15,eps,0.1,north,0.9,0.6,0.75,3.5,31.655,35.068,0.5,19.484
Bengaluru,12.9716,77.5946,warm_humid,3.0,3.0,2.6,180.0,brick,0.23,gi_sheet,0.002,none,0.0,north,1.2,1.2,0.55,3.5,35.851,42.169,0.125,19.438
Bengaluru,12.9716,77.5946,warm_humid,3.0,3.0,2.6,180.0,puf_sandwich_panel,0.05,concrete,0.1,mineral_wool,0.1,north,1.2,0.9,0.75,3.5,31.584,35.001,0.5179,19.505
Bengaluru,12.9716,77.5946,warm_humid,3.0,3.0,2.6,90.0,concrete,0.15,puf_sandwich_panel,0.05,eps,0.1,north,1.5,0.9,0.45,2.6,31.149,33.721,0.5536,19.444
Bengaluru,12.9716,77.5946,warm_humid,3.0,3.0,2.6,0.0,puf_sandwich_panel,0.075,rcc_slab,0.2,eps,0.05,north,1.2,1.2,0.35,5.8,31.142,33.969,0.5952,19.477
Bengaluru,12.9716,77.5946,warm_humid,3.0,3.0,2.6,45.0,plywood,0.012,rcc_slab,0.25,eps,0.025,south,1.2,0.9,0.65,2.6,33.393,38.442,0.3095,19.467
Bengaluru,12.9716,77.5946,warm_humid,3.0,3.0,2.6,180.0,rammed_earth,0.15,rcc_slab,0.2,mineral_wool,0.05,north,0.6,1.2,0.55,2.6,31.465,34.312,0.4524,19.439
Bengaluru,12.9716,77.5946,warm_humid,3.0,3.0,2.6,45.0,gi_sheet,0.002,rcc_slab,0.25,eps,0.05,north,1.2,1.2,0.85,3.5,33.086,37.268,0.3095,19.465
Bengaluru,12.9716,77.5946,warm_humid,3.0,3.0,2.6,180.0,gi_sheet,0.002,brick,0.115,mineral_wool,0.05,north,1.5,1.2,0.65,3.5,33.473,39.439,0.369,19.501
Bengaluru,12.9716,77.5946,warm_humid,3.0,3.0,2.6,0.0,rammed_earth,0.45,brick,0.115,none,0.0,north,0.9,0.6,0.65,3.5,33.258,37.344,0.256,19.425
Bengaluru,12.9716,77.5946,warm_humid,3.0,3.0,2.6,45.0,gi_sheet,0.002,brick,0.23,none,0.0,south,1.5,0.9,0.85,3.5,35.749,47.966,0.3631,15.943
Bengaluru,12.9716,77.5946,warm_humid,3.0,3.0,2.6,0.0,plywood,0.03,concrete,0.2,eps,0.05,north,0.6,1.5,0.65,3.5,32.066,35.676,0.4286,19.473
Bengaluru,12.9716,77.5946,warm_humid,3.0,3.0,2.6,180.0,brick,0.23,puf_sandwich_panel,0.1,mineral_wool,0.1,north,0.6,1.5,0.45,5.8,30.27,32.678,0.7738,19.437
Bengaluru,12.9716,77.5946,warm_humid,3.0,3.0,2.6,0.0,concrete,0.1,rcc_slab,0.25,mineral_wool,0.05,east,1.5,0.6,0.55,2.6,31.996,35.091,0.3452,19.44
Bengaluru,12.9716,77.5946,warm_humid,3.0,3.0,2.6,180.0,plywood,0.019,rcc_slab,0.2,none,0.0,north,0.9,0.9,0.35,3.5,35.628,45.928,0.3214,17.908
Bengaluru,12.9716,77.5946,warm_humid,3.0,3.0,2.6,45.0,rammed_earth,0.45,rcc_slab,0.25,none,0.0,west,0.9,1.2,0.45,5.8,33.068,37.149,0.2619,19.424
Bengaluru,12.9716,77.5946,warm_humid,3.0,3.0,2.6,0.0,rammed_earth,0.45,rcc_slab,0.2,mineral_wool,0.05,south,1.8,1.2,0.65,2.6,30.828,34.212,0.5238,19.424
Bengaluru,12.9716,77.5946,warm_humid,3.0,3.0,2.6,135.0,puf_sandwich_panel,0.05,puf_sandwich_panel,0.075,mineral_wool,0.05,west,1.8,1.2,0.45,3.5,31.895,36.828,0.4881,19.592
Bengaluru,12.9716,77.5946,warm_humid,3.0,3.0,2.6,180.0,plywood,0.019,rcc_slab,0.25,none,0.0,east,0.6,1.5,0.65,3.5,35.571,44.987,0.2976,18.59
Bengaluru,12.9716,77.5946,warm_humid,3.0,3.0,2.6,45.0,puf_sandwich_panel,0.15,gi_sheet,0.002,eps,0.1,north,1.8,1.2,0.55,3.5,32.144,36.975,0.4702,19.578
Bengaluru,12.9716,77.5946,warm_humid,3.0,3.0,2.6,180.0,concrete,0.1,rcc_slab,0.25,eps,0.025,north,0.9,1.2,0.65,2.6,33.104,36.814,0.2381,19.44
Bengaluru,12.9716,77.5946,warm_humid,3.0,3.0,2.6,90.0,puf_sandwich_panel,0.15,rcc_slab,0.2,mineral_wool,0.1,west,0.6,1.5,0.85,5.8,30.717,33.105,0.7143,19.474
Bengaluru,12.9716,77.5946,warm_humid,3.0,3.0,2.6,90.0,concrete,0.3,puf_sandwich_panel,0.05,mineral_wool,0.025,south,1.8,0.6,0.85,5.8,31.451,34.701,0.4226,19.429
Bengaluru,12.9716,77.5946,warm_humid,3.0,3.0,2.6,45.0,puf_sandwich_panel,0.05,brick,0.23,none,0.0,north,1.5,1.2,0.35,5.8,33.797,39.379,0.3095,19.48
Bengaluru,12.9716,77.5946,warm_humid,3.0,3.0,2.6,180.0,gi_sheet,0.002,brick,0.115,eps,0.1,west,1.2,0.6,0.65,5.8,32.296,36.317,0.4286,19.501
Bengaluru,12.9716,77.5946,warm_humid,3.0,3.0,2.6,180.0,concrete,0.15,brick,0.23,eps,0.05,west,0.6,0.9,0.35,5.8,31.406,34.283,0.4524,19.436
Bengaluru,12.9716,77.5946,warm_humid,3.0,3.0,2.6,180.0,gi_sheet,0.002,rcc_slab,0.15,none,0.0,south,0.9,0.9,0.85,2.6,35.962,49.481,0.3869,15.315
Bengaluru,12.9716,77.5946,warm_humid,3.0,3.0,2.6,90.0,rammed_earth,0.3,puf_sandwich_panel,0.05,eps,0.05,west,0.6,0.9,0.65,2.6,30.112,32.663,0.7917,19.433
Bengaluru,12.9716,77.5946,warm_humid,3.0,3.0,2.6,0.0,gi_sheet,0.002,gi_sheet,0.002,eps,0.05,west,1.8,0.9,0.45,5.8,32.915,41.287,0.4405,19.563
Bengaluru,12.9716,77.5946,warm_humid,3.0,3.0,2.6,90.0,concrete,0.1,brick,0.115,mineral_wool,0.05,west,1.8,1.5,0.35,3.5,32.162,35.495,0.4107,19.45
Bengaluru,12.9716,77.5946,warm_humid,3.0,3.0,2.6,180.0,plywood,0.012,puf_sandwich_panel,0.1,eps,0.1,east,0.9,1.5,0.75,3.5,32.489,39.454,0.4524,19.583
Bengaluru,12.9716,77.5946,warm_humid,3.0,3.0,2.6,180.0,puf_sandwich_panel,0.15,rcc_slab,0.2,eps,0.05,west,1.8,1.2,0.45,2.6,32.265,35.601,0.3929,19.476
Bengaluru,12.9716,77.5946,warm_humid,3.0,3.0,2.6,0.0,brick,0.23,rcc_slab,0.1,eps,0.1,west,0.6,1.5,0.45,2.6,30.355,32.972,0.744,19.434
Bengaluru,12.9716,77.5946,warm_humid,3.0,3.0,2.6,180.0,brick,0.23,concrete,0.1,none,0.0,east,0.6,1.2,0.65,2.6,35.513,41.03,0.1131,19.434
Bengaluru,12.9716,77.5946,warm_humid,3.0,3.0,2.6,135.0,plywood,0.05,brick,0.23,none,0.0,west,1.5,0.6,0.55,3.5,34.715,41.799,0.2917,19.472
Bengaluru,12.9716,77.5946,warm_humid,3.0,3.0,2.6,90.0,brick,0.345,brick,0.115,eps,0.05,south,0.6,1.5,0.45,5.8,30.471,33.466,0.631,19.428
Bengaluru,12.9716,77.5946,warm_humid,3.0,3.0,2.6,180.0,plywood,0.03,gi_sheet,0.002,mineral_wool,0.025,north,0.9,1.5,0.65,5.8,33.775,42.379,0.4226,19.56
Bengaluru,12.9716,77.5946,warm_humid,3.0,3.0,2.6,0.0,puf_sandwich_panel,0.05,rcc_slab,0.15,mineral_wool,0.025,north,1.5,1.5,0.35,3.5,32.285,36.562,0.4286,19.49
Bengaluru,12.9716,77.5946,warm_humid,3.0,3.0,2.6,45.0,brick,0.345,puf_sandwich_panel,0.15,mineral_wool,0.1,west,1.2,1.5,0.85,5.8,30.569,33.599,0.5952,19.43
Bengaluru,12.9716,77.5946,warm_humid,3.0,3.0,2.6,0.0,gi_sheet,0.002,puf_sandwich_panel,0.05,mineral_wool,0.05,south,1.8,0.9,0.75,5.8,33.117,40.925,0.4405,19.565
Bengaluru,12.9716,77.5946,warm_humid,3.0,3.0,2.6,180.0,concrete,0.1,gi_sheet,0.002,eps,0.05,east,1.8,1.5,0.45,2.6,32.977,37.227,0.3155,19.458
Bengaluru,12.9716,77.5946,warm_humid,3.0,3.0,2.6,45.0,plywood,0.03,puf_sandwich_panel,0.05,eps,0.025,west,0.6,1.5,0.35,2.6,32.356,38.924,0.4702,19.569
Bengaluru,12.9716,77.5946,warm_humid,3.0,3.0,2.6,180.0,brick,0.115,gi_sheet,0.002,mineral_wool,0.1,north,1.2,1.2,0.75,3.5,32.212,35.365,0.3869,19.457
Bengaluru,12.9716,77.5946,warm_humid,3.0,3.0,2.6,45.0,concrete,0.3,rcc_slab,0.1,none,0.0,north,1.2,1.2,0.35,5.8,35.185,40.206,0.131,19.427
Bengaluru,12.9716,77.5946,warm_humid,3.0,3.0,2.6,45.0,gi_sheet,0.002,gi_sheet,0.002,mineral_wool,0.025,south,1.2,0.6,0.65,3.5,33.608,42.935,0.4226,18.744
Bengaluru,12.9716,77.5946,warm_humid,3.0,3.0,2.6,135.0,plywood,0.019,gi_sheet,0.002,eps,0.05,east,1.5,0.6,0.65,5.8,32.776,39.961,0.4464,19.572
Bengaluru,12.9716,77.5946,warm_humid,3.0,3.0,2.6,90.0,puf_sandwich_panel,0.05,concrete,0.1,none,0.0,south,1.5,1.2,0.35,3.5,35.758,47.151,0.3333,19.51
Bengaluru,12.9716,77.5946,warm_humid,3.0,3.0,2.6,135.0,concrete,0.1,concrete,0.2,none,0.0,east,1.2,1.2,0.45,2.6,35.945,43.856,0.2202,19.443
Bengaluru,12.9716,77.5946,warm_humid,3.0,3.0,2.6,180.0,gi_sheet,0.002,brick,0.23,mineral_wool,0.1,east,0.9,0.6,0.75,3.5,31.787,35.062,0.4643,19.473
Bengaluru,12.9716,77.5946,warm_humid,3.0,3.0,2.6,90.0,brick,0.23,gi_sheet,0.002,eps,0.05,east,1.2,1.5,0.65,3.5,32.082,35.238,0.3333,19.438
Bengaluru,12.9716,77.5946,warm_humid,3.0,3.0,2.6,180.0,plywood,0.05,rcc_slab,0.25,mineral_wool,0.025,west,1.8,0.9,0.75,3.5,33.864,38.393,0.2321,19.462
Bengaluru,12.9716,77.5946,warm_humid,3.0,3.0,2.6,135.0,concrete,0.2,puf_sandwich_panel,0.15,mineral_wool,0.025,north,0.6,1.5,0.65,2.6,31.958,35.013,0.3393,19.437
Bengaluru,12.9716,77.5946,warm_humid,3.0,3.0,2.6,180.0,gi_sheet,0.002,brick,0.115,eps,0.05,south,1.8,1.5,0.85,5.8,33.84,40.31,0.3571,19.503
Bengaluru,12.9716,77.5946,warm_humid,3.0,3.0,2.6,90.0,plywood,0.03,puf_sandwich_panel,0.075,mineral_wool,0.05,south,0.9,0.6,0.35,3.5,31.511,36.356,0.5298,19.563
Bengaluru,12.9716,77.5946,warm_humid,3.0,3.0,2.6,180.0,gi_sheet,0.002,concrete,0.2,eps,0.025,south,0.6,1.5,0.45,3.5,33.249,38.361,0.3512,19.473
Bengaluru,12.9716,77.5946,warm_humid,3.0,3.0,2.6,0.0,puf_sandwich_panel,0.1,puf_sandwich_panel,0.05,eps,0.025,north,1.5,0.6,0.55,5.8,30.922,34.915,0.6071,19.596
Bengaluru,12.9716,77.5946,warm_humid,3.0,3.0,2.6,0.0,gi_sheet,0.002,brick,0.115,mineral_wool,0.025,south,0.9,0.6,0.35,5.8,33.297,39.978,0.3869,19.502
Bengaluru,12.9716,77.5946,warm_humid,3.0,3.0,2.6,90.0,plywood,0.012,rcc_slab,0.25,none,0.0,north,1.5,0.9,0.55,2.6,35.813,45.923,0.3155,17.809
Bengaluru,12.9716,77.5946,warm_humid,3.0,3.0,2.6,180.0,concrete,0.1,puf_sandwich_panel,0.05,mineral_wool,0.05,east,1.2,1.2,0.85,5.8,32.751,36.593,0.3155,19.457
Bengaluru,12.9716,77.5946,warm_humid,3.0,3.0,2.6,90.0,rammed_earth,0.15,concrete,0.2,eps,0.1,east,0.9,1.5,0.35,3.5,30.647,33.146,0.6845,19.44
Bengaluru,12.9716,77.5946,warm_humid,3.0,3.0,2.6,180.0,rammed_earth,0.45,brick,0.115,mineral_wool,0.05,south,1.8,1.2,0.75,3.5,30.789,34.132,0.5298,19.426
Bengaluru,12.9716,77.5946,warm_humid,3.0,3.0,2.6,0.0,puf_sandwich_panel,0.15,concrete,0.2,mineral_wool,0.05,south,1.2,0.6,0.75,2.6,31.243,33.98,0.5655,19.475
Bengaluru,12.9716,77.5946,warm_humid,3.0,3.0,2.6,45.0,gi_sheet,0.002,concrete,0.1,eps,0.05,north,0.9,1.5,0.85,3.5,33.346,38.986,0.3631,19.501
Bengaluru,12.9716,77.5946,warm_humid,3.0,3.0,2.6,0.0,plywood,0.019,gi_sheet,0.002,eps,0.05,south,0.9,0.6,0.35,2.6,32.244,38.565,0.494,19.571
Bengaluru,12.9716,77.5946,warm_humid,3.0,3.0,2.6,0.0,brick,0.345,puf_sandwich_panel,0.15,mineral_wool,0.05,east,1.8,0.6,0.85,3.5,30.883,33.879,0.5298,19.429
Bengaluru,12.9716,77.5946,warm_humid,3.0,3.0,2.6,90.0,brick,0.345,gi_sheet,0.002,mineral_wool,0.05,west,0.6,0.9,0.35,3.5,30.21,33.013,0.75,19.429
Bengaluru,12.9716,77.5946,warm_humid,3.0,3.0,2.6,180.0,brick,0.23,puf_sandwich_panel,0.1,eps,0.025,north,1.5,0.6,0.35,3.5,31.318,34.12,0.494,19.438
Bengaluru,12.9716,77.5946,warm_humid,3.0,3.0,2.6,135.0,brick,0.23,puf_sandwich_panel,0.05,eps,0.1,east,1.5,0.9,0.85,3.5,31.283,34.174,0.4762,19.438
Bengaluru,12.9716,77.5946,warm_humid,3.0,3.0,2.6,135.0,puf_sandwich_panel,0.05,rcc_slab,0.25,eps,0.1,north,1.2,1.5,0.45,5.8,31.568,34.335,0.506,19.468
Bengaluru,12.9716,77.5946,warm_humid,3.0,3.0,2.6,0.0,puf_sandwich_panel,0.1,brick,0.115,mineral_wool,0.025,north,1.8,1.5,0.45,3.5,32.584,37.574,0.4405,19.51
Bengaluru,12.9716,77.5946,warm_humid,3.0,3.0,2.6,180.0,gi_sheet,0.002,brick,0.115,eps,0.05,north,1.5,1.5,0.35,2.6,33.005,38.665,0.3929,19.503
Bengaluru,12.9716,77.5946,warm_humid,3.0,3.0,2.6,135.0,gi_sheet,0.002,rcc_slab,0.15,mineral_wool,0.05,west,0.6,0.9,0.45,3.5,32.34,36.472,0.4167,19.483
Bengaluru,12.9716,77.5946,warm_humid,3.0,3.0,2.6,180.0,rammed_earth,0.45,rcc_slab,0.2,mineral_wool,0.025,east,1.8,1.2,0.45,3.5,31.178,34.629,0.4643,19.424
Bengaluru,12.9716,77.5946,warm_humid,3.0,3.0,2.6,90.0,rammed_earth,0.45,concrete,0.1,eps,0.05,north,0.9,1.5,0.75,3.5,30.879,34.186,0.5179,19.425
Bengaluru,12.9716,77.5946,warm_humid,3.0,3.0,2.6,90.0,concrete,0.1,gi_sheet,0.002,mineral_wool,0.025,west,1.2,1.5,0.65,5.8,33.369,37.908,0.2976,19.457
Bengaluru,12.9716,77.5946,warm_humid,3.0,3.0,2.6,90.0,plywood,0.03,rcc_slab,0.15,mineral_wool,0.025,north,0.9,1.5,0.45,3.5,33.405,38.745,0.3393,19.484
Bengaluru,12.9716,77.5946,warm_humid,3.0,3.0,2.6,0.0,rammed_earth,0.45,gi_sheet,0.002,eps,0.1,east,0.6,1.2,0.45,5.8,29.285,31.956,1.0,19.426
Bengaluru,12.9716,77.5946,warm_humid,3.0,3.0,2.6,45.0,rammed_earth,0.3,puf_sandwich_panel,0.075,none,0.0,east,0.6,1.5,0.75,5.8,32.546,35.938,0.2976,19.433
Bengaluru,12.9716,77.5946,warm_humid,3.0,3.0,2.6,45.0,rammed_earth,0.45,concrete,0.2,mineral_wool,0.05,south,0.6,0.9,0.55,5.8,29.609,32.588,0.881,19.424
Bengaluru,12.9716,77.5946,warm_humid,3.0,3.0,2.6,135.0,gi_sheet,0.002,gi_sheet,0.002,mineral_wool,0.025,east,0.6,0.6,0.75,3.5,33.533,42.156,0.4226,18.83
Bengaluru,12.9716,77.5946,warm_humid,3.0,3.0,2.6,180.0,concrete,0.15,rcc_slab,0.15,mineral_wool,0.1,east,0.9,0.9,0.75,5.8,31.083,33.869,0.5298,19.437
Bengaluru,12.9716,77.5946,warm_humid,3.0,3.0,2.6,135.0,plywood,0.03,brick,0.23,mineral_wool,0.05,north,1.8,0.9,0.45,3.5,32.646,36.556,0.3631,19.474
Bengaluru,12.9716,77.5946,warm_humid,3.0,3.0,2.6,0.0,rammed_earth,0.3,gi_sheet,0.002,mineral_wool,0.025,east,0.6,1.5,0.75,5.8,32.189,35.467,0.3155,19.433
Bengaluru,12.9716,77.5946,warm_humid,3.0,3.0,2.6,0.0,gi_sheet,0.002,gi_sheet,0.002,none,0.0,east,0.9,0.6,0.35,2.6,36.122,52.836,0.4464,14.453
Bengaluru,12.9716,77.5946,warm_humid,3.0,3.0,2.6,90.0,rammed_earth,0.15,brick,0.23,none,0.0,north,0.9,1.5,0.85,3.5,35.081,40.614,0.1607,19.44
Bengaluru,12.9716,77.5946,warm_humid,3.0,3.0,2.6,45.0,gi_sheet,0.002,puf_sandwich_panel,0.075,mineral_wool,0.05,north,0.6,1.5,0.45,3.5,32.141,38.033,0.494,19.564
Bengaluru,12.9716,77.5946,warm_humid,3.0,3.0,2.6,180.0,puf_sandwich_panel,0.15,puf_sandwich_panel,0.1,eps,0.025,east,0.9,1.2,0.75,3.5,31.342,36.588,0.5714,19.59
Bengaluru,12.9716,77.5946,warm_humid,3.0,3.0,2.6,90.0,rammed_earth,0.15,concrete,0.1,mineral_wool,0.05,north,0.9,0.9,0.35,3.5,31.513,34.336,0.4762,19.444
Bengaluru,12.9716,77.5946,warm_humid,3.0,3.0,2.6,0.0,concrete,0.15,puf_sandwich_panel,0.05,mineral_wool,0.025,west,0.6,0.6,0.65,3.5,31.925,35.067,0.3929,19.443
Bengaluru,12.9716,77.5946,warm_humid,3.0,3.0,2.6,180.0,gi_sheet,0.002,rcc_slab,0.15,eps,0.025,west,0.6,1.2,0.55,2.6,33.599,39.468,0.3571,19.485
Bengaluru,12.9716,77.5946,warm_humid,3.0,3.0,2.6,90.0,plywood,0.05,gi_sheet,0.002,none,0.0,east,0.6,1.5,0.85,2.6,36.476,52.612,0.3988,16.642
Bengaluru,12.9716,77.5946,warm_humid,3.0,3.0,2.6,180.0,plywood,0.012,concrete,0.2,mineral_wool,0.1,west,0.9,1.2,0.85,2.6,32.639,36.158,0.3393,19.474
Bengaluru,12.9716,77.5946,warm_humid,3.0,3.0,2.6,135.0,concrete,0.2,puf_sandwich_panel,0.05,eps,0.025,south,1.5,1.5,0.55,2.6,32.347,35.713,0.3036,19.438
Bengaluru,12.9716,77.5946,warm_humid,3.0,3.0,2.6,180.0,gi_sheet,0.002,rcc_slab,0.2,mineral_wool,0.05,west,0.6,0.6,0.45,2.6,32.299,36.036,0.3988,19.472
Bengaluru,12.9716,77.5946,warm_humid,3.0,3.0,2.6,45.0,brick,0.23,concrete,0.1,eps,0.025,west,1.5,0.6,0.55,5.8,32.276,35.64,0.3095,19.434
Bengaluru,12.9716,77.5946,warm_humid,3.0,3.0,2.6,180.0,gi_sheet,0.002,rcc_slab,0.2,mineral_wool,0.05,north,1.8,1.2,0.85,3.5,33.89,39.03,0.2917,19.473
Bengaluru,12.9716,77.5946,warm_humid,3.0,3.0,2.6,90.0,rammed_earth,0.45,brick,0.23,mineral_wool,0.1,west,1.2,0.9,0.45,3.5,28.975,31.72,1.0,19.424
Bengaluru,12.9716,77.5946,warm_humid,3.0,3.0,2.6,0.0,plywood,0.05,gi_sheet,0.002,eps,0.025,south,1.2,0.6,0.85,2.6,33.355,40.87,0.4226,19.546
Bengaluru,12.9716,77.5946,warm_humid,3.0,3.0,2.6,90.0,gi_sheet,0.002,gi_sheet,0.002,mineral_wool,0.025,west,0.9,0.9,0.65,5.8,33.396,41.862,0.4345,18.669
Bengaluru,12.9716,77.5946,warm_humid,3.0,3.0,2.6,45.0,rammed_earth,0.45,rcc_slab,0.25,eps,0.05,west,1.8,1.2,0.35,3.5,30.03,33.129,0.744,19.424
Bengaluru,12.9716,77.5946,warm_humid,3.0,3.0,2.6,0.0,rammed_earth,0.45,gi_sheet,0.002,eps,0.025,east,1.8,1.2,0.85,5.8,32.754,36.524,0.2857,19.427
Bengaluru,12.9716,77.5946,warm_humid,3.0,3.0,2.6,45.0,rammed_earth,0.45,brick,0.23,eps,0.05,north,1.8,1.2,0.45,5.8,30.453,33.643,0.5833,19.425
Bengaluru,12.9716,77.5946,warm_humid,3.0,3.0,2.6,45.0,puf_sandwich_panel,0.075,puf_sandwich_panel,0.05,mineral_wool,0.025,east,1.8,0.6,0.45,3.5,31.463,35.922,0.5536,19.595
Bengaluru,12.9716,77.5946,warm_humid,3.0,3.0,2.6,45.0,rammed_earth,0.15,puf_sandwich_panel,0.05,none,0.0,south,1.2,0.9,0.35,3.5,33.588,38.71,0.2917,19.452
Bengaluru,12.9716,77.5946,warm_humid,3.0,3.0,2.6,90.0,brick,0.23,brick,0.23,mineral_wool,0.05,south,1.5,0.6,0.45,2.6,30.922,33.838,0.5357,19.432
Bengaluru,12.9716,77.5946,warm_humid,3.0,3.0,2.6,90.0,brick,0.115,concrete,0.15,none,0.0,west,1.2,0.6,0.55,2.6,35.906,43.35,0.1964,19.446
Bengaluru,12.9716,77.5946,warm_humid,3.0,3.0,2.6,45.0,puf_sandwich_panel,0.15,rcc_slab,0.15,none,0.0,west,0.9,0.6,0.85,2.6,35.231,43.159,0.2738,19.489
Bengaluru,12.9716,77.5946,warm_humid,3.0,3.0,2.6,45.0,puf_sandwich_panel,0.05,rcc_slab,0.15,none,0.0,east,0.6,1.2,0.35,2.6,35.21,43.55,0.2976,19.491
Bengaluru,12.9716,77.5946,warm_humid,3.0,3.0,2.6,45.0,concrete,0.1,brick,0.23,eps,0.025,east,1.5,1.2,0.55,2.6,33.485,37.452,0.2024,19.443
Bengaluru,12.9716,77.5946,warm_humid,3.0,3.0,2.6,0.0,concrete,0.15,rcc_slab,0.2,eps,0.05,east,0.9,0.9,0.75,2.6,31.899,35.004,0.3452,19.436
Bengaluru,12.9716,77.5946,warm_humid,3.0,3.0,2.6,90.0,puf_sandwich_panel,0.1,brick,0.23,eps,0.1,east,1.2,1.2,0.45,3.5,31.015,33.644,0.625,19.478
Bengaluru,12.9716,77.5946,warm_humid,3.0,3.0,2.6,180.0,brick,0.345,concrete,0.2,mineral_wool,0.025,west,0.9,1.2,0.35,5.8,31.333,34.648,0.4345,19.426
Bengaluru,12.9716,77.5946,warm_humid,3.0,3.0,2.6,135.0,puf_sandwich_panel,0.15,gi_sheet,0.002,eps,0.025,south,1.5,0.9,0.85,5.8,32.869,40.166,0.4405,19.582
Bengaluru,12.9716,77.5946,warm_humid,3.0,3.0,2.6,135.0,concrete,0.3,rcc_slab,0.25,eps,0.025,north,0.6,0.6,0.45,5.8,31.254,34.616,0.4524,19.425
Bengaluru,12.9716,77.5946,warm_humid,3.0,3.0,2.6,135.0,concrete,0.1,rcc_slab,0.25,mineral_wool,0.025,west,1.8,1.5,0.55,3.5,33.654,37.673,0.1905,19.441
Bengaluru,12.9716,77.5946,warm_humid,3.0,3.0,2.6,135.0,concrete,0.2,gi_sheet,0.002,eps,0.05,west,1.2,0.6,0.85,3.5,31.705,34.705,0.381,19.436
Bengaluru,12.9716,77.5946,warm_humid,3.0,3.0,2.6,0.0,concrete,0.3,puf_sandwich_panel,0.05,eps,0.1,east,1.5,1.5,0.35,5.8,30.562,33.385,0.625,19.429
Bengaluru,12.9716,77.5946,warm_humid,3.0,3.0,2.6,180.0,gi_sheet,0.002,brick,0.23,eps,0.1,south,1.8,0.9,0.45,3.5,31.895,35.262,0.4643,19.474
Bengaluru,12.9716,77.5946,warm_humid,3.0,3.0,2.6,45.0,puf_sandwich_panel,0.05,puf_sandwich_panel,0.15,eps,0.1,east,1.5,1.2,0.75,2.6,32.768,38.211,0.4524,19.593
Bengaluru,12.9716,77.5946,warm_humid,3.0,3.0,2.6,180.0,rammed_earth,0.15,puf_sandwich_panel,0.075,mineral_wool,0.1,west,0.9,0.9,0.65,5.8,31.14,33.607,0.5833,19.45
Bengaluru,12.9716,77.5946,warm_humid,3.0,3.0,2.6,45.0,brick,0.345,puf_sandwich_panel,0.075,eps,0.025,west,1.8,0.9,0.85,3.5,31.436,34.688,0.4226,19.43
Bengaluru,12.9716,77.5946,warm_humid,3.0,3.0,2.6,90.0,concrete,0.15,brick,0.115,mineral_wool,0.1,south,1.2,0.9,0.55,2.6,30.957,33.671,0.5893,19.439
Bengaluru,12.9716,77.5946,warm_humid,3.0,3.0,2.6,180.0,puf_sandwich_panel,0.05,concrete,0.15,mineral_wool,0.1,south,0.9,1.2,0.65,2.6,30.989,33.694,0.6429,19.487
Bengaluru,12.9716,77.5946,warm_humid,3.0,3.0,2.6,180.0,gi_sheet,0.002,rcc_slab,0.1,mineral_wool,0.05,north,0.6,1.2,0.35,3.5,32.532,37.328,0.4226,19.499
Bengaluru,12.9716,77.5946,warm_humid,3.0,3.0,2.6,180.0,plywood,0.03,gi_sheet,0.002,mineral_wool,0.05,south,0.9,1.2,0.65,2.6,32.527,38.569,0.4405,19.557
Bengaluru,12.9716,77.5946,warm_humid,3.0,3.0,2.6,180.0,brick,0.115,concrete,0.15,none,0.0,east,1.5,1.2,0.85,2.6,36.43,44.651,0.1905,19.447
Bengaluru,12.9716,77.5946,warm_humid,3.0,3.0,2.6,90.0,plywood,0.019,puf_sandwich_panel,0.05,mineral_wool,0.1,east,0.6,0.9,0.85,3.5,31.496,36.012,0.5357,19.566
Bengaluru,12.9716,77.5946,warm_humid,3.0,3.0,2.6,180.0,puf_sandwich_panel,0.15,puf_sandwich_panel,0.1,mineral_wool,0.025,east,0.9,1.2,0.65,5.8,31.161,35.985,0.5952,19.587
Bengaluru,12.9716,77.5946,warm_humid,3.0,3.0,2.6,0.0,concrete,0.15,gi_sheet,0.002,mineral_wool,0.05,south,1.5,0.6,0.65,5.8,31.954,35.057,0.369,19.443
Bengaluru,12.9716,77.5946,warm_humid,3.0,3.0,2.6,45.0,brick,0.115,puf_sandwich_panel,0.15,none,0.0,west,1.5,1.5,0.65,5.8,34.732,41.633,0.2679,19.46
Bengaluru,12.9716,77.5946,warm_humid,3.0,3.0,2.6,135.0,brick,0.23,puf_sandwich_panel,0.05,mineral_wool,0.025,east,1.2,1.5,0.35,3.5,31.777,34.827,0.369,19.438
Bengaluru,12.9716,77.5946,warm_humid,3.0,3.0,2.6,90.0,gi_sheet,0.002,brick,0.115,eps,0.025,east,0.9,1.2,0.65,3.5,33.629,40.619,0.381,19.503
Bengaluru,12.9716,77.5946,warm_humid,3.0,3.0,2.6,90.0,concrete,0.1,brick,0.23,mineral_wool,0.1,west,1.8,1.5,0.45,2.6,31.436,34.445,0.494,19.443
Bengaluru,12.9716,77.5946,warm_humid,3.0,3.0,2.6,180.0,plywood,0.012,rcc_slab,0.1,none,0.0,north,1.8,0.9,0.35,2.6,36.254,50.798,0.381,15.931
Bengaluru,12.9716,77.5946,warm_humid,3.0,3.0,2.6,180.0,plywood,0.03,puf_sandwich_panel,0.15,eps,0.025,east,1.2,1.2,0.85,3.5,33.254,41.81,0.4345,19.568
Bengaluru,12.9716,77.5946,warm_humid,3.0,3.0,2.6,0.0,rammed_earth,0.3,brick,0.115,mineral_wool,0.1,north,1.5,0.6,0.45,5.8,29.802,32.384,0.8988,19.431
Bengaluru,12.9716,77.5946,warm_humid,3.0,3.0,2.6,135.0,rammed_earth,0.15,rcc_slab,0.15,eps,0.05,north,0.6,0.9,0.65,2.6,31.615,34.477,0.4345,19.442
Bengaluru,12.9716,77.5946,warm_humid,3.0,3.0,2.6,90.0,puf_sandwich_panel,0.05,gi_sheet,0.002,eps,0.05,east,1.2,1.2,0.45,2.6,31.979,37.742,0.5119,19.589
Bengaluru,12.9716,77.5946,warm_humid,3.0,3.0,2.6,45.0,brick,0.115,brick,0.115,mineral_wool,0.05,north,1.8,0.6,0.75,2.6,32.504,35.851,0.3274,19.449
Bengaluru,12.9716,77.5946,warm_humid,3.0,3.0,2.6,0.0,plywood,0.019,concrete,0.1,eps,0.05,west,0.9,0.6,0.65,2.6,32.359,37.241,0.4405,19.504
Bengaluru,12.9716,77.5946,warm_humid,3.0,3.0,2.6,135.0,brick,0.345,rcc_slab,0.25,mineral_wool,0.05,south,1.8,1.2,0.75,5.8,31.239,34.698,0.4524,19.426
Bengaluru,12.9716,77.5946,warm_humid,3.0,3.0,2.6,135.0,gi_sheet,0.002,puf_sandwich_panel,0.05,eps,0.025,east,0.6,1.2,0.55,3.5,32.934,40.65,0.4643,19.1
Bengaluru,12.9716,77.5946,warm_humid,3.0,3.0,2.6,90.0,brick,0.23,brick,0.23,mineral_wool,0.05,west,1.5,0.9,0.65,2.6,31.171,34.184,0.4524,19.432
Bengaluru,12.9716,77.5946,warm_humid,3.0,3.0,2.6,135.0,puf_sandwich_panel,0.075,gi_sheet,0.002,mineral_wool,0.1,west,0.9,1.5,0.35,5.8,31.138,35.02,0.5833,19.573
Bengaluru,12.9716,77.5946,warm_humid,3.0,3.0,2.6,45.0,concrete,0.15,concrete,0.2,eps,0.1,south,1.8,1.5,0.75,5.8,32.465,35.965,0.2798,19.437
Bengaluru,12.9716,77.5946,warm_humid,3.0,3.0,2.6,90.0,plywood,0.03,brick,0.23,none,0.0,west,1.5,1.5,0.45,2.6,34.928,43.338,0.3214,18.932
Bengaluru,12.9716,77.5946,warm_humid,3.0,3.0,2.6,180.0,rammed_earth,0.45,concrete,0.1,none,0.0,south,0.6,1.5,0.65,2.6,34.056,38.438,0.2143,19.425
Bengaluru,12.9716,77.5946,warm_humid,3.0,3.0,2.6,0.0,rammed_earth,0.15,gi_sheet,0.002,none,0.0,east,0.6,0.6,0.65,5.8,35.853,44.18,0.256,19.45
Bengaluru,12.9716,77.5946,warm_humid,3.0,3.0,2.6,45.0,plywood,0.03,brick,0.115,eps,0.025,south,1.2,1.2,0.85,2.6,34.082,41.532,0.3571,19.502
Bengaluru,12.9716,77.5946,warm_humid,3.0,3.0,2.6,90.0,gi_sheet,0.002,concrete,0.2,mineral_wool,0.025,south,1.8,0.9,0.45,3.5,33.34,38.909,0.3452,19.473
Bengaluru,12.9716,77.5946,warm_humid,3.0,3.0,2.6,45.0,concrete,0.15,puf_sandwich_panel,0.1,mineral_wool,0.05,west,1.8,1.2,0.75,3.5,32.261,35.625,0.3333,19.445
Bengaluru,12.9716,77.5946,warm_humid,3.0,3.0,2.6,0.0,rammed_earth,0.45,concrete,0.1,mineral_wool,0.05,west,1.2,1.5,0.75,3.5,30.923,34.322,0.5119,19.425
Bengaluru,12.9716,77.5946,warm_humid,3.0,3.0,2.6,180.0,brick,0.345,brick,0.115,mineral_wool,0.1,east,0.6,1.5,0.85,5.8,30.139,33.085,0.756,19.428
Bengaluru,12.9716,77.5946,warm_humid,3.0,3.0,2.6,135.0,brick,0.345,brick,0.115,eps,0.05,south,1.5,0.9,0.75,5.8,31.025,34.253,0.5,19.428
Bengaluru,12.9716,77.5946,warm_humid,3.0,3.0,2.6,90.0,plywood,0.05,puf_sandwich_panel,0.1,eps,0.1,west,0.9,1.2,0.85,5.8,31.481,35.745,0.5357,19.548
Bengaluru,12.9716,77.5946,warm_humid,3.0,3.0,2.6,0.0,rammed_earth,0.3,concrete,0.2,mineral_wool,0.1,west,1.8,1.2,0.75,2.6,31.173,34.424,0.4524,19.429
Bengaluru,12.9716,77.5946,warm_humid,3.0,3.0,2.6,135.0,puf_sandwich_panel,0.1,rcc_slab,0.2,eps,0.1,south,1.8,0.9,0.85,5.8,31.721,34.996,0.494,19.476
Bengaluru,12.9716,77.5946,warm_humid,3.0,3.0,2.6,90.0,concrete,0.3,puf_sandwich_panel,0.1,mineral_wool,0.1,west,1.2,0.6,0.45,3.5,29.342,31.894,1.0,19.428
Bengaluru,12.9716,77.5946,warm_humid,3.0,3.0,2.6,90.0,brick,0.115,puf_sandwich_panel,0.1,eps,0.05,south,1.2,1.2,0.45,2.6,31.745,34.92,0.494,19.459
Bengaluru,12.9716,77.5946,warm_humid,3.0,3.0,2.6,135.0,rammed_earth,0.45,brick,0.115,eps,0.025,south,1.5,0.9,0.85,2.6,31.356,34.882,0.4405,19.425
Bengaluru,12.9716,77.5946,warm_humid,3.0,3.0,2.6,135.0,gi_sheet,0.002,brick,0.23,mineral_wool,0.1,east,1.8,0.9,0.45,2.6,32.021,35.675,0.4405,19.473
Bengaluru,12.9716,77.5946,warm_humid,3.0,3.0,2.6,90.0,gi_sheet,0.002,rcc_slab,0.15,eps,0.025,west,0.9,0.6,0.45,3.5,33.074,38.586,0.375,19.485
Bengaluru,12.9716,77.5946,warm_humid,3.0,3.0,2.6,135.0,puf_sandwich_panel,0.05,puf_sandwich_panel,0.15,eps,0.1,west,1.2,1.2,0.75,3.5,31.872,36.348,0.4881,19.593
Bengaluru,12.9716,77.5946,warm_humid,3.0,3.0,2.6,180.0,puf_sandwich_panel,0.05,puf_sandwich_panel,0.1,eps,0.05,south,1.2,1.2,0.85,2.6,31.663,36.854,0.5238,19.598
Bengaluru,12.9716,77.5946,warm_humid,3.0,3.0,2.6,135.0,gi_sheet,0.002,brick,0.115,eps,0.05,south,1.5,0.9,0.75,2.6,33.077,38.791,0.381,19.502
Bengaluru,12.9716,77.5946,warm_humid,3.0,3.0,2.6,0.0,puf_sandwich_panel,0.075,concrete,0.15,eps,0.025,south,0.6,1.2,0.55,3.5,32.07,35.888,0.4345,19.49
Bengaluru,12.9716,77.5946,warm_humid,3.0,3.0,2.6,0.0,rammed_earth,0.15,brick,0.115,eps,0.1,east,0.6,0.9,0.75,3.5,30.99,33.531,0.5952,19.444
Bengaluru,12.9716,77.5946,warm_humid,3.0,3.0,2.6,45.0,plywood,0.012,puf_sandwich_panel,0.05,mineral_wool,0.1,west,0.9,0.6,0.85,3.5,31.538,36.539,0.5357,19.573
Bengaluru,12.9716,77.5946,warm_humid,3.0,3.0,2.6,180.0,plywood,0.03,brick,0.115,none,0.0,west,0.6,1.2,0.55,5.8,35.739,47.14,0.3512,17.703
Bengaluru,12.9716,77.5946,warm_humid,3.0,3.0,2.6,135.0,gi_sheet,0.002,rcc_slab,0.2,mineral_wool,0.025,south,0.9,0.6,0.55,3.5,33.2,38.31,0.3452,19.473
Bengaluru,12.9716,77.5946,warm_humid,3.0,3.0,2.6,0.0,plywood,0.05,brick,0.23,none,0.0,west,1.8,0.6,0.75,2.6,34.848,42.338,0.2857,19.472
Bengaluru,12.9716,77.5946,warm_humid,3.0,3.0,2.6,90.0,plywood,0.019,puf_sandwich_panel,0.15,none,0.0,north,1.5,1.2,0.55,2.6,34.554,45.481,0.4345,16.644
Bengaluru,12.9716,77.5946,warm_humid,3.0,3.0,2.6,135.0,gi_sheet,0.002,brick,0.115,mineral_wool,0.025,south,1.5,0.6,0.35,3.5,33.402,40.041,0.375,19.502
Bengaluru,12.9716,77.5946,warm_humid,3.0,3.0,2.6,90.0,brick,0.23,brick,0.115,mineral_wool,0.1,west,1.8,0.6,0.75,3.5,30.517,33.216,0.6607,19.434
Bengaluru,12.9716,77.5946,warm_humid,3.0,3.0,2.6,90.0,rammed_earth,0.15,puf_sandwich_panel,0.05,eps,0.05,south,0.9,0.6,0.75,2.6,31.2,33.909,0.5595,19.451
Bengaluru,12.9716,77.5946,warm_humid,3.0,3.0,2.6,0.0,puf_sandwich_panel,0.15,gi_sheet,0.002,mineral_wool,0.05,west,1.8,1.2,0.55,3.5,32.458,39.81,0.4821,19.576
Bengaluru,12.9716,77.5946,warm_humid,3.0,3.0,2.6,135.0,brick,0.345,rcc_slab,0.2,mineral_wool,0.05,north,1.2,1.5,0.35,3.5,30.789,33.894,0.5357,19.427
Bengaluru,12.9716,77.5946,warm_humid,3.0,3.0,2.6,135.0,brick,0.115,brick,0.115,eps,0.1,east,0.9,0.9,0.35,3.5,31.057,33.63,0.6012,19.449
Bengaluru,12.9716,77.5946,warm_humid,3.0,3.0,2.6,45.0,brick,0.115,puf_sandwich_panel,0.15,eps,0.1,north,1.2,0.6,0.45,2.6,30.825,33.233,0.6845,19.458
Bengaluru,12.9716,77.5946,warm_humid,3.0,3.0,2.6,180.0,plywood,0.05,brick,0.115,none,0.0,north,0.9,0.6,0.65,3.5,35.473,45.616,0.3274,18.944
Bengaluru,12.9716,77.5946,warm_humid,3.0,3.0,2.6,90.0,plywood,0.03,concrete,0.1,mineral_wool,0.1,north,0.6,1.2,0.45,3.5,31.43,34.638,0.5298,19.496
Bengaluru,12.9716,77.5946,warm_humid,3.0,3.0,2.6,90.0,puf_sandwich_panel,0.15,rcc_slab,0.1,eps,0.025,south,0.9,0.9,0.55,5.8,32.122,36.515,0.4524,19.507
Bengaluru,12.9716,77.5946,warm_humid,3.0,3.0,2.6,135.0,rammed_earth,0.45,gi_sheet,0.002,eps,0.025,south,0.6,0.6,0.75,3.5,30.702,33.872,0.5476,19.426
Bengaluru,12.9716,77.5946,warm_humid,3.0,3.0,2.6,180.0,plywood,0.012,gi_sheet,0.002,eps,0.025,south,0.6,1.2,0.55,5.8,33.488,42.102,0.4524,18.978
Bengaluru,12.9716,77.5946,warm_humid,3.0,3.0,2.6,90.0,brick,0.345,brick,0.115,eps,0.1,east,0.9,1.5,0.45,2.6,29.956,32.752,0.8036,19.428
Bengaluru,12.9716,77.5946,warm_humid,3.0,3.0,2.6,90.0,puf_sandwich_panel,0.075,rcc_slab,0.15,mineral_wool,0.025,north,0.6,1.5,0.75,5.8,32.736,36.894,0.3571,19.49
Bengaluru,12.9716,77.5946,warm_humid,3.0,3.0,2.6,45.0,rammed_earth,0.3,rcc_slab,0.1,eps,0.025,west,0.6,0.6,0.75,5.8,31.525,34.697,0.4167,19.431
Bengaluru,12.9716,77.5946,warm_humid,3.0,3.0,2.6,90.0,rammed_earth,0.45,concrete,0.2,mineral_wool,0.05,south,1.8,1.5,0.85,2.6,31.641,35.418,0.4107,19.425
Bengaluru,12.9716,77.5946,warm_humid,3.0,3.0,2.6,0.0,plywood,0.05,concrete,0.2,mineral_wool,0.025,south,0.6,1.5,0.55,3.5,32.868,37.199,0.3512,19.47
Bengaluru,12.9716,77.5946,warm_humid,3.0,3.0,2.6,90.0,gi_sheet,0.002,gi_sheet,0.002,none,0.0,north,0.9,0.6,0.65,5.8,36.204,52.964,0.4405,14.454
Bengaluru,12.9716,77.5946,warm_humid,3.0,3.0,2.6,0.0,gi_sheet,0.002,brick,0.115,mineral_wool,0.1,west,1.5,0.6,0.75,3.5,32.142,36.789,0.4524,19.498
Bengaluru,12.9716,77.5946,warm_humid,3.0,3.0,2.6,45.0,rammed_earth,0.3,puf_sandwich_panel,0.05,none,0.0,south,1.5,1.5,0.85,2.6,33.427,37.414,0.2202,19.434
Bengaluru,12.9716,77.5946,warm_humid,3.0,3.0,2.6,135.0,brick,0.23,concrete,0.2,eps,0.025,east,0.6,0.6,0.45,5.8,31.825,35.055,0.369,19.432
Bengaluru,12.9716,77.5946,warm_humid,3.0,3.0,2.6,0.0,puf_sandwich_panel,0.05,brick,0.115,eps,0.1,north,1.8,0.9,0.35,5.8,31.001,34.15,0.5952,19.51
Bengaluru,12.9716,77.5946,warm_humid,3.0,3.0,2.6,180.0,rammed_earth,0.3,concrete,0.15,mineral_wool,0.05,west,0.6,0.6,0.85,3.5,30.616,33.503,0.6012,19.43
Bengaluru,12.9716,77.5946,warm_humid,3.0,3.0,2.6,135.0,brick,0.115,concrete,0.15,mineral_wool,0.05,south,1.5,1.5,0.35,2.6,32.157,35.432,0.375,19.447
Bengaluru,12.9716,77.5946,warm_humid,3.0,3.0,2.6,90.0,plywood,0.05,puf_sandwich_panel,0.075,mineral_wool,0.025,east,1.2,1.2,0.45,3.5,32.373,38.324,0.4702,19.55
Bengaluru,12.9716,77.5946,warm_humid,3.0,3.0,2.6,180.0,concrete,0.15,concrete,0.1,eps,0.05,west,1.5,1.2,0.75,5.8,33.198,36.704,0.2381,19.44
Bengaluru,12.9716,77.5946,warm_humid,3.0,3.0,2.6,180.0,puf_sandwich_panel,0.075,rcc_slab,0.25,eps,0.025,east,1.5,1.2,0.65,5.8,32.688,36.793,0.3512,19.468
Bengaluru,12.9716,77.5946,warm_humid,3.0,3.0,2.6,180.0,gi_sheet,0.002,gi_sheet,0.002,mineral_wool,0.05,north,1.5,0.9,0.75,3.5,33.427,40.947,0.4226,19.558
Bengaluru,12.9716,77.5946,warm_humid,3.0,3.0,2.6,180.0,plywood,0.019,gi_sheet,0.002,mineral_wool,0.05,north,1.8,1.2,0.55,2.6,33.361,41.059,0.4286,19.568
Bengaluru,12.9716,77.5946,warm_humid,3.0,3.0,2.6,135.0,plywood,0.012,brick,0.23,eps,0.05,east,1.8,1.2,0.65,2.6,33.346,38.552,0.3333,19.478
Bengaluru,12.9716,77.5946,warm_humid,3.0,3.0,2.6,135.0,concrete,0.2,puf_sandwich_panel,0.15,eps,0.025,west,0.9,1.5,0.35,3.5,31.696,34.66,0.3869,19.437
Bengaluru,12.9716,77.5946,warm_humid,3.0,3.0,2.6,135.0,plywood,0.012,puf_sandwich_panel,0.075,none,0.0,east,1.5,1.2,0.75,2.6,35.07,48.486,0.4583,16.046
Bengaluru,12.9716,77.5946,warm_humid,3.0,3.0,2.6,45.0,puf_sandwich_panel,0.075,rcc_slab,0.15,eps,0.05,south,1.8,1.2,0.65,3.5,32.704,37.44,0.3988,19.49
Bengaluru,12.9716,77.5946,warm_humid,3.0,3.0,2.6,90.0,gi_sheet,0.002,puf_sandwich_panel,0.1,mineral_wool,0.025,north,0.9,0.6,0.85,2.6,32.859,39.862,0.4524,19.259
Bengaluru,12.9716,77.5946,warm_humid,3.0,3.0,2.6,135.0,puf_sandwich_panel,0.05,brick,0.115,mineral_wool,0.025,north,1.8,0.6,0.65,3.5,32.987,38.106,0.381,19.511
Bengaluru,12.9716,77.5946,warm_humid,3.0,3.0,2.6,180.0,gi_sheet,0.002,puf_sandwich_panel,0.075,mineral_wool,0.025,north,1.8,1.2,0.45,5.8,33.317,41.388,0.4583,18.77
Bengaluru,12.9716,77.5946,warm_humid,3.0,3.0,2.6,0.0,plywood,0.05,gi_sheet,0.002,eps,0.1,east,1.8,1.2,0.65,5.8,33.373,39.173,0.381,19.545
Bengaluru,12.9716,77.5946,warm_humid,3.0,3.0,2.6,0.0,gi_sheet,0.002,gi_sheet,0.002,eps,0.025,west,0.9,1.2,0.45,2.6,33.568,43.269,0.4286,18.615
Bengaluru,12.9716,77.5946,warm_humid,3.0,3.0,2.6,90.0,rammed_earth,0.3,brick,0.23,mineral_wool,0.05,north,0.9,0.9,0.45,3.5,30.532,33.415,0.631,19.429
Bengaluru,12.9716,77.5946,warm_humid,3.0,3.0,2.6,135.0,puf_sandwich_panel,0.15,gi_sheet,0.002,mineral_wool,0.025,east,1.8,1.2,0.35,3.5,32.526,39.955,0.4821,19.58
Bengaluru,12.9716,77.5946,warm_humid,3.0,3.0,2.6,135.0,puf_sandwich_panel,0.1,puf_sandwich_panel,0.05,eps,0.05,west,1.2,0.6,0.85,3.5,31.267,35.221,0.5595,19.594
Bengaluru,12.9716,77.5946,warm_humid,3.0,3.0,2.6,180.0,puf_sandwich_panel,0.075,gi_sheet,0.002,mineral_wool,0.1,east,0.6,1.5,0.45,3.5,30.986,35.141,0.6071,19.573
Bengaluru,12.9716,77.5946,warm_humid,3.0,3.0,2.6,180.0,gi_sheet,0.002,concrete,0.2,mineral_wool,0.1,west,1.5,0.9,0.55,5.8,32.44,35.932,0.3631,19.471
Bengaluru,12.9716,77.5946,warm_humid,3.0,3.0,2.6,180.0,concrete,0.3,puf_sandwich_panel,0.05,mineral_wool,0.025,east,1.5,0.9,0.45,3.5,31.273,34.387,0.4405,19.429
Bengaluru,12.9716,77.5946,warm_humid,3.0,3.0,2.6,135.0,brick,0.115,puf_sandwich_panel,0.15,none,0.0,east,1.2,0.9,0.65,5.8,34.524,41.031,0.2679,19.458
Bengaluru,12.9716,77.5946,warm_humid,3.0,3.0,2.6,45.0,rammed_earth,0.15,rcc_slab,0.25,mineral_wool,0.025,east,0.9,0.9,0.85,5.8,32.736,36.189,0.2679,19.438
Bengaluru,12.9716,77.5946,warm_humid,3.0,3.0,2.6,0.0,gi_sheet,0.002,puf_sandwich_panel,0.05,none,0.0,east,1.5,1.2,0.55,3.5,35.009,47.94,0.4524,14.956
Bengaluru,12.9716,77.5946,warm_humid,3.0,3.0,2.6,45.0,brick,0.345,rcc_slab,0.25,mineral_wool,0.1,east,1.5,1.2,0.35,2.6,29.958,32.848,0.7857,19.426
Bengaluru,12.9716,77.5946,warm_humid,3.0,3.0,2.6,0.0,plywood,0.03,brick,0.23,eps,0.05,south,1.8,0.9,0.65,2.6,32.769,36.981,0.369,19.475
Bengaluru,12.9716,77.5946,warm_humid,3.0,3.0,2.6,45.0,rammed_earth,0.3,concrete,0.1,eps,0.1,north,1.5,0.9,0.35,5.8,30.079,32.694,0.8036,19.431
Bengaluru,12.9716,77.5946,warm_humid,3.0,3.0,2.6,135.0,brick,0.23,puf_sandwich_panel,0.1,eps,0.05,east,1.2,1.5,0.35,2.6,31.096,33.838,0.5476,19.438
Bengaluru,12.9716,77.5946,warm_humid,3.0,3.0,2.6,0.0,brick,0.23,concrete,0.1,mineral_wool,0.1,north,0.9,1.2,0.65,5.8,30.463,33.139,0.6845,19.434
Bengaluru,12.9716,77.5946,warm_humid,3.0,3.0,2.6,180.0,gi_sheet,0.002,brick,0.115,none,0.0,north,1.8,0.6,0.45,5.8,35.798,49.926,0.4107,15.091
Bengaluru,12.9716,77.5946,warm_humid,3.0,3.0,2.6,135.0,concrete,0.3,gi_sheet,0.002,eps,0.1,west,0.6,0.9,0.45,5.8,29.727,32.389,0.8929,19.428
Bengaluru,12.9716,77.5946,warm_humid,3.0,3.0,2.6,135.0,plywood,0.012,gi_sheet,0.002,eps,0.025,south,0.9,1.5,0.75,3.5,33.968,43.737,0.4167,18.779
Bengaluru,12.9716,77.5946,warm_humid,3.0,3.0,2.6,90.0,brick,0.345,concrete,0.2,eps,0.025,west,1.8,0.9,0.75,2.6,31.641,35.137,0.4048,19.427
Bengaluru,12.9716,77.5946,warm_humid,3.0,3.0,2.6,45.0,brick,0.345,rcc_slab,0.2,mineral_wool,0.025,south,1.2,1.2,0.45,2.6,31.505,34.91,0.4167,19.427
Bengaluru,12.9716,77.5946,warm_humid,3.0,3.0,2.6,180.0,concrete,0.3,brick,0.115,mineral_wool,0.025,west,1.5,1.5,0.75,3.5,33.28,37.122,0.25,19.428
Bengaluru,12.9716,77.5946,warm_humid,3.0,3.0,2.6,45.0,puf_sandwich_panel,0.1,brick,0.23,none,0.0,west,0.9,1.2,0.35,5.8,33.342,38.334,0.3214,19.479
Bengaluru,12.9716,77.5946,warm_humid,3.0,3.0,2.6,0.0,concrete,0.15,gi_sheet,0.002,eps,0.025,east,0.9,1.2,0.35,2.6,32.838,36.528,0.2738,19.444
Bengaluru,12.9716,77.5946,warm_humid,3.0,3.0,2.6,45.0,puf_sandwich_panel,0.05,gi_sheet,0.002,eps,0.05,north,1.2,1.2,0.65,2.6,32.456,38.214,0.4702,19.589
Bengaluru,12.9716,77.5946,warm_humid,3.0,3.0,2.6,90.0,plywood,0.05,gi_sheet,0.002,mineral_wool,0.1,north,1.2,1.2,0.45,2.6,32.012,36.405,0.4643,19.538
Bengaluru,12.9716,77.5946,warm_humid,3.0,3.0,2.6,0.0,concrete,0.2,concrete,0.15,mineral_wool,0.025,east,1.5,1.2,0.35,5.8,32.585,36.047,0.2738,19.433
Bengaluru,12.9716,77.5946,warm_humid,3.0,3.0,2.6,0.0,rammed_earth,0.45,concrete,0.15,eps,0.05,north,0.6,1.2,0.55,5.8,29.687,32.658,0.8631,19.424
Bengaluru,12.9716,77.5946,warm_humid,3.0,3.0,2.6,45.0,gi_sheet,0.002,puf_sandwich_panel,0.15,mineral_wool,0.025,west,1.2,0.9,0.65,2.6,32.855,40.679,0.4464,19.108
Bengaluru,12.9716,77.5946,warm_humid,3.0,3.0,2.6,45.0,plywood,0.019,rcc_slab,0.15,mineral_wool,0.1,west,1.2,0.6,0.45,3.5,31.26,34.383,0.5595,19.484
Bengaluru,12.9716,77.5946,warm_humid,3.0,3.0,2.6,180.0,plywood,0.05,concrete,0.2,eps,0.025,north,1.2,1.5,0.35,3.5,32.944,37.426,0.3512,19.47
Bengaluru,12.9716,77.5946,warm_humid,3.0,3.0,2.6,45.0,brick,0.115,brick,0.23,eps,0.025,east,0.9,0.6,0.35,2.6,32.619,36.1,0.3036,19.443
Bengaluru,12.9716,77.5946,warm_humid,3.0,3.0,2.6,90.0,plywood,0.05,gi_sheet,0.002,none,0.0,west,1.2,0.9,0.35,3.5,36.121,51.495,0.4048,16.6
Bengaluru,12.9716,77.5946,warm_humid,3.0,3.0,2.6,0.0,rammed_earth,0.15,brick,0.23,eps,0.1,east,1.2,1.5,0.45,5.8,31.454,34.224,0.4583,19.44
Bengaluru,12.9716,77.5946,warm_humid,3.0,3.0,2.6,0.0,rammed_earth,0.3,concrete,0.1,eps,0.1,west,0.9,0.6,0.75,3.5,29.887,32.522,0.869,19.431
Bengaluru,12.9716,77.5946,warm_humid,3.0,3.0,2.6,180.0,rammed_earth,0.15,rcc_slab,0.25,eps,0.1,east,1.8,1.2,0.75,2.6,32.023,35.276,0.3214,19.438
Bengaluru,12.9716,77.5946,warm_humid,3.0,3.0,2.6,135.0,rammed_earth,0.45,brick,0.115,eps,0.1,east,1.5,1.2,0.85,5.8,30.571,33.877,0.5655,19.425
Bengaluru,12.9716,77.5946,warm_humid,3.0,3.0,2.6,45.0,gi_sheet,0.002,gi_sheet,0.002,eps,0.1,north,0.9,1.5,0.35,2.6,31.93,37.316,0.506,19.561
Bengaluru,12.9716,77.5946,warm_humid,3.0,3.0,2.6,90.0,plywood,0.05,gi_sheet,0.002,mineral_wool,0.05,north,0.6,1.5,0.85,5.8,32.95,38.688,0.4107,19.542
Bengaluru,12.9716,77.5946,warm_humid,3.0,3.0,2.6,0.0,concrete,0.3,gi_sheet,0.002,eps,0.1,east,1.2,0.9,0.75,3.5,30.663,33.637,0.5595,19.429
Bengaluru,12.9716,77.5946,warm_humid,3.0,3.0,2.6,45.0,concrete,0.3,concrete,0.2,eps,0.05,east,0.6,0.6,0.55,5.8,30.271,33.308,0.7083,19.426
Bengaluru,12.9716,77.5946,warm_humid,3.0,3.0,2.6,135.0,puf_sandwich_panel,0.15,rcc_slab,0.1,eps,0.025,east,0.9,1.5,0.45,2.6,32.344,37.086,0.4405,19.507
Bengaluru,12.9716,77.5946,warm_humid,3.0,3.0,2.6,180.0,concrete,0.15,rcc_slab,0.1,eps,0.05,south,1.2,1.5,0.35,5.8,31.824,34.844,0.369,19.44
Bengaluru,12.9716,77.5946,warm_humid,3.0,3.0,2.6,0.0,gi_sheet,0.002,gi_sheet,0.002,mineral_wool,0.025,west,1.5,1.5,0.45,5.8,33.896,44.732,0.4226,18.332
Bengaluru,12.9716,77.5946,warm_humid,3.0,3.0,2.6,45.0,brick,0.345,concrete,0.15,eps,0.05,south,0.6,1.5,0.75,5.8,30.7,33.855,0.5536,19.427
Bengaluru,12.9716,77.5946,warm_humid,3.0,3.0,2.6,0.0,gi_sheet,0.002,puf_sandwich_panel,0.075,none,0.0,north,0.9,0.6,0.45,3.5,34.684,47.403,0.4643,14.973
Bengaluru,12.9716,77.5946,warm_humid,3.0,3.0,2.6,45.0,plywood,0.019,concrete,0.1,none,0.0,north,0.6,1.5,0.85,5.8,36.533,50.34,0.3571,16.501
Bengaluru,12.9716,77.5946,warm_humid,3.0,3.0,2.6,0.0,concrete,0.15,gi_sheet,0.002,none,0.0,east,1.5,0.6,0.75,2.6,36.29,44.854,0.2262,19.375
Bengaluru,12.9716,77.5946,warm_humid,3.0,3.0,2.6,45.0,rammed_earth,0.15,brick,0.115,eps,0.1,east,1.5,0.6,0.85,3.5,31.544,34.288,0.4405,19.445
Bengaluru,12.9716,77.5946,warm_humid,3.0,3.0,2.6,135.0,plywood,0.019,gi_sheet,0.002,eps,0.1,east,0.9,1.5,0.65,5.8,32.405,38.919,0.4762,19.569
Bengaluru,12.9716,77.5946,warm_humid,3.0,3.0,2.6,135.0,concrete,0.1,brick,0.115,mineral_wool,0.025,west,1.2,0.6,0.85,3.5,33.394,37.442,0.2262,19.448
Bengaluru,12.9716,77.5946,warm_humid,3.0,3.0,2.6,0.0,concrete,0.15,gi_sheet,0.002,mineral_wool,0.05,south,1.5,0.6,0.55,5.8,31.854,34.912,0.3929,19.443
Bengaluru,12.9716,77.5946,warm_humid,3.0,3.0,2.6,180.0,plywood,0.05,brick,0.23,mineral_wool,0.1,east,1.5,1.5,0.45,5.8,31.938,35.495,0.4464,19.47
Bengaluru,12.9716,77.5946,warm_humid,3.0,3.0,2.6,90.0,puf_sandwich_panel,0.15,brick,0.115,mineral_wool,0.1,north,1.8,1.5,0.55,3.5,33.01,37.315,0.3452,19.504
Bengaluru,12.9716,77.5946,warm_humid,3.0,3.0,2.6,90.0,concrete,0.2,rcc_slab,0.15,eps,0.05,north,0.6,1.5,0.65,5.8,31.524,34.575,0.4167,19.432
Bengaluru,12.9716,77.5946,warm_humid,3.0,3.0,2.6,0.0,gi_sheet,0.002,brick,0.115,none,0.0,west,0.9,1.2,0.65,2.6,35.888,50.303,0.4107,15.093
Bengaluru,12.9716,77.5946,warm_humid,3.0,3.0,2.6,0.0,brick,0.345,rcc_slab,0.25,eps,0.025,north,1.2,1.5,0.65,5.8,31.524,35.007,0.4226,19.426
Bengaluru,12.9716,77.5946,warm_humid,3.0,3.0,2.6,135.0,brick,0.23,rcc_slab,0.1,mineral_wool,0.1,south,1.2,0.6,0.75,2.6,30.416,33.076,0.7083,19.434
Bengaluru,12.9716,77.5946,warm_humid,3.0,3.0,2.6,0.0,puf_sandwich_panel,0.075,puf_sandwich_panel,0.075,eps,0.025,north,1.2,1.5,0.35,5.8,31.067,35.49,0.5952,19.598
Bengaluru,12.9716,77.5946,warm_humid,3.0,3.0,2.6,0.0,plywood,0.019,rcc_slab,0.25,eps,0.025,west,0.6,0.9,0.45,2.6,32.853,37.276,0.3571,19.466
Bengaluru,12.9716,77.5946,warm_humid,3.0,3.0,2.6,180.0,concrete,0.1,gi_sheet,0.002,mineral_wool,0.1,east,1.5,1.2,0.65,2.6,32.361,35.868,0.3571,19.456
Bengaluru,12.9716,77.5946,warm_humid,3.0,3.0,2.6,90.0,puf_sandwich_panel,0.15,brick,0.23,eps,0.025,west,1.8,1.5,0.35,2.6,31.881,35.393,0.4524,19.478
Bengaluru,12.9716,77.5946,warm_humid,3.0,3.0,2.6,135.0,plywood,0.03,puf_sandwich_panel,0.05,mineral_wool,0.025,west,0.9,1.5,0.55,2.6,32.919,39.657,0.4345,19.567
Bengaluru,12.9716,77.5946,warm_humid,3.0,3.0,2.6,90.0,gi_sheet,0.002,gi_sheet,0.002,none,0.0,west,1.5,0.6,0.75,5.8,36.216,53.07,0.4405,14.454
Bengaluru,12.9716,77.5946,warm_humid,3.0,3.0,2.6,90.0,puf_sandwich_panel,0.05,gi_sheet,0.002,eps,0.1,north,0.6,0.9,0.55,3.5,31.06,34.877,0.5893,19.586
Bengaluru,12.9716,77.5946,warm_humid,3.0,3.0,2.6,135.0,plywood,0.019,rcc_slab,0.2,eps,0.05,south,1.5,1.5,0.45,5.8,32.613,36.978,0.375,19.475
Bengaluru,12.9716,77.5946,warm_humid,3.0,3.0,2.6,135.0,brick,0.115,puf_sandwich_panel,0.05,mineral_wool,0.05,east,0.9,0.9,0.65,2.6,31.882,35.027,0.4524,19.458
Bengaluru,12.9716,77.5946,warm_humid,3.0,3.0,2.6,0.0,plywood,0.019,rcc_slab,0.1,none,0.0,south,0.6,0.6,0.55,5.8,36.177,49.86,0.369,16.563
Bengaluru,12.9716,77.5946,warm_humid,3.0,3.0,2.6,90.0,brick,0.115,concrete,0.2,eps,0.1,west,1.2,0.9,0.85,2.6,31.141,33.921,0.5417,19.443
Bengaluru,12.9716,77.5946,warm_humid,3.0,3.0,2.6,45.0,plywood,0.012,brick,0.23,eps,0.025,west,0.6,0.6,0.65,5.8,32.999,37.954,0.3512,19.478
Bengaluru,12.9716,77.5946,warm_humid,3.0,3.0,2.6,180.0,rammed_earth,0.45,concrete,0.15,eps,0.05,south,1.5,0.9,0.55,2.6,30.023,33.102,0.7381,19.425
Bengaluru,12.9716,77.5946,warm_humid,3.0,3.0,2.6,0.0,rammed_earth,0.15,gi_sheet,0.002,eps,0.025,east,1.5,0.6,0.45,3.5,32.765,36.512,0.3036,19.451
Bengaluru,12.9716,77.5946,warm_humid,3.0,3.0,2.6,90.0,rammed_earth,0.15,brick,0.115,eps,0.025,east,1.5,0.6,0.35,2.6,32.455,35.896,0.3333,19.445
Bengaluru,12.9716,77.5946,warm_humid,3.0,3.0,2.6,45.0,rammed_earth,0.3,concrete,0.1,none,0.0,east,1.2,1.2,0.35,5.8,34.982,39.873,0.131,19.431
Bengaluru,12.9716,77.5946,warm_humid,3.0,3.0,2.6,180.0,gi_sheet,0.002,concrete,0.1,none,0.0,north,1.5,0.9,0.55,3.5,36.172,51.3,0.4167,14.961
Bengaluru,12.9716,77.5946,warm_humid,3.0,3.0,2.6,0.0,rammed_earth,0.15,brick,0.23,eps,0.05,north,1.2,0.9,0.55,3.5,31.412,34.282,0.4762,19.44
Bengaluru,12.9716,77.5946,warm_humid,3.0,3.0,2.6,0.0,gi_sheet,0.002,concrete,0.15,mineral_wool,0.1,south,0.6,0.6,0.55,3.5,31.422,34.744,0.5238,19.482
Bengaluru,12.9716,77.5946,warm_humid,3.0,3.0,2.6,45.0,plywood,0.05,concrete,0.1,none,0.0,north,1.8,0.9,0.65,3.5,36.45,48.233,0.3274,18.125
Bengaluru,12.9716,77.5946,warm_humid,3.0,3.0,2.6,90.0,gi_sheet,0.002,brick,0.115,mineral_wool,0.1,west,1.2,1.5,0.35,5.8,31.661,35.537,0.494,19.499
Bengaluru,12.9716,77.5946,warm_humid,3.0,3.0,2.6,90.0,plywood,0.012,puf_sandwich_panel,0.05,mineral_wool,0.025,south,1.8,0.6,0.65,5.8,33.002,41.43,0.4702,19.373
Bengaluru,12.9716,77.5946,warm_humid,3.0,3.0,2.6,180.0,rammed_earth,0.45,gi_sheet,0.002,eps,0.025,west,1.2,0.9,0.45,5.8,31.112,34.351,0.4762,19.426
Bengaluru,12.9716,77.5946,warm_humid,3.0,3.0,2.6,90.0,puf_sandwich_panel,0.15,concrete,0.15,eps,0.025,north,0.9,0.9,0.75,3.5,32.483,36.333,0.3929,19.489
Bengaluru,12.9716,77.5946,warm_humid,3.0,3.0,2.6,90.0,brick,0.23,puf_sandwich_panel,0.1,mineral_wool,0.05,south,1.5,0.6,0.85,5.8,31.107,33.929,0.5417,19.437
Bengaluru,12.9716,77.5946,warm_humid,3.0,3.0,2.6,135.0,plywood,0.012,brick,0.115,eps,0.025,west,0.6,0.6,0.45,5.8,33.353,39.774,0.381,19.508
Bengaluru,12.9716,77.5946,warm_humid,3.0,3.0,2.6,90.0,gi_sheet,0.002,gi_sheet,0.002,eps,0.05,east,1.2,1.2,0.65,5.8,33.047,40.47,0.4345,19.563
Bengaluru,12.9716,77.5946,warm_humid,3.0,3.0,2.6,0.0,rammed_earth,0.15,puf_sandwich_panel,0.075,eps,0.05,east,1.2,0.9,0.75,3.5,32.0,34.983,0.3929,19.452
Bengaluru,12.9716,77.5946,warm_humid,3.0,3.0,2.6,0.0,concrete,0.2,gi_sheet,0.002,none,0.0,west,0.9,1.2,0.35,5.8,35.794,42.666,0.1667,19.437
Bengaluru,12.9716,77.5946,warm_humid,3.0,3.0,2.6,135.0,rammed_earth,0.15,brick,0.23,none,0.0,west,1.2,0.6,0.85,2.6,34.717,40.047,0.1667,19.44
Bengaluru,12.9716,77.5946,warm_humid,3.0,3.0,2.6,135.0,concrete,0.1,concrete,0.15,mineral_wool,0.05,north,1.8,0.9,0.85,3.5,33.4,37.06,0.1964,19.445
Bengaluru,12.9716,77.5946,warm_humid,3.0,3.0,2.6,90.0,gi_sheet,0.002,rcc_slab,0.2,eps,0.025,south,0.9,1.5,0.65,5.8,33.515,39.253,0.3452,19.473
Bengaluru,12.9716,77.5946,warm_humid,3.0,3.0,2.6,0.0,puf_sandwich_panel,0.15,concrete,0.2,mineral_wool,0.05,south,1.8,1.2,0.45,3.5,31.831,35.093,0.4643,19.475
Bengaluru,12.9716,77.5946,warm_humid,3.0,3.0,2.6,45.0,plywood,0.03,gi_sheet,0.002,eps,0.025,west,0.9,0.9,0.55,5.8,33.293,41.438,0.4286,19.562
Bengaluru,12.9716,77.5946,warm_humid,3.0,3.0,2.6,135.0,rammed_earth,0.45,concrete,0.15,none,0.0,north,0.9,1.5,0.75,2.6,34.279,38.705,0.2143,19.425
Bengaluru,12.9716,77.5946,warm_humid,3.0,3.0,2.6,0.0,rammed_earth,0.15,concrete,0.2,none,0.0,south,0.6,0.6,0.45,3.5,35.001,40.765,0.1667,19.439
Bengaluru,12.9716,77.5946,warm_humid,3.0,3.0,2.6,135.0,rammed_earth,0.45,concrete,0.1,mineral_wool,0.1,east,0.6,1.2,0.75,3.5,29.332,32.159,0.9583,19.425
Bengaluru,12.9716,77.5946,warm_humid,3.0,3.0,2.6,45.0,concrete,0.3,puf_sandwich_panel,0.15,eps,0.05,west,0.6,0.9,0.75,3.5,30.069,32.865,0.7857,19.428
Bengaluru,12.9716,77.5946,warm_humid,3.0,3.0,2.6,135.0,concrete,0.1,puf_sandwich_panel,0.15,mineral_wool,0.1,west,0.6,1.2,0.65,5.8,31.179,33.71,0.5655,19.455
Bengaluru,12.9716,77.5946,warm_humid,3.0,3.0,2.6,0.0,rammed_earth,0.15,brick,0.115,mineral_wool,0.05,west,0.6,0.9,0.75,3.5,31.633,34.606,0.4405,19.444
Bengaluru,12.9716,77.5946,warm_humid,3.0,3.0,2.6,90.0,concrete,0.3,rcc_slab,0.15,none,0.0,north,1.5,0.6,0.35,5.8,34.783,39.503,0.1488,19.426
Bengaluru,12.9716,77.5946,warm_humid,3.0,3.0,2.6,90.0,brick,0.345,concrete,0.15,eps,0.1,east,1.5,1.5,0.75,5.8,31.088,34.364,0.494,19.428
Bengaluru,12.9716,77.5946,warm_humid,3.0,3.0,2.6,135.0,brick,0.23,concrete,0.1,mineral_wool,0.1,north,0.9,0.6,0.65,3.5,30.405,33.003,0.7083,19.434
Bengaluru,12.9716,77.5946,warm_humid,3.0,3.0,2.6,180.0,concrete,0.3,puf_sandwich_panel,0.1,mineral_wool,0.025,south,1.5,1.5,0.65,5.8,31.584,34.806,0.4167,19.429
Bengaluru,12.9716,77.5946,warm_humid,3.0,3.0,2.6,45.0,plywood,0.05,rcc_slab,0.15,mineral_wool,0.05,north,0.6,1.5,0.55,3.5,32.148,35.827,0.4226,19.479
Bengaluru,12.9716,77.5946,warm_humid,3.0,3.0,2.6,90.0,concrete,0.3,rcc_slab,0.1,mineral_wool,0.05,east,1.8,1.2,0.35,3.5,31.0,34.105,0.506,19.428
Bengaluru,12.9716,77.5946,warm_humid,3.0,3.0,2.6,45.0,puf_sandwich_panel,0.075,concrete,0.15,none,0.0,south,0.6,0.6,0.35,3.5,35.044,43.048,0.2857,19.49
Bengaluru,12.9716,77.5946,warm_humid,3.0,3.0,2.6,45.0,plywood,0.012,concrete,0.15,mineral_wool,0.1,north,1.5,1.5,0.45,3.5,32.278,36.178,0.4167,19.485
Bengaluru,12.9716,77.5946,warm_humid,3.0,3.0,2.6,180.0,puf_sandwich_panel,0.1,brick,0.23,mineral_wool,0.05,south,0.9,1.5,0.65,3.5,31.415,34.349,0.5476,19.478
Bengaluru,12.9716,77.5946,warm_humid,3.0,3.0,2.6,180.0,gi_sheet,0.002,concrete,0.15,mineral_wool,0.05,west,1.5,0.6,0.85,3.5,33.264,37.978,0.3274,19.483
Bengaluru,12.9716,77.5946,warm_humid,3.0,3.0,2.6,135.0,brick,0.345,puf_sandwich_panel,0.15,mineral_wool,0.05,east,1.8,1.2,0.75,2.6,31.442,34.703,0.4226,19.43
Bengaluru,12.9716,77.5946,warm_humid,3.0,3.0,2.6,135.0,gi_sheet,0.002,gi_sheet,0.002,mineral_wool,0.05,west,1.8,1.5,0.45,3.5,33.416,40.717,0.4167,19.284
Bengaluru,12.9716,77.5946,warm_humid,3.0,3.0,2.6,0.0,rammed_earth,0.45,rcc_slab,0.25,none,0.0,south,0.6,1.2,0.85,2.6,33.169,37.305,0.2619,19.423
Bengaluru,12.9716,77.5946,warm_humid,3.0,3.0,2.6,0.0,plywood,0.019,concrete,0.2,none,0.0,south,0.9,0.9,0.65,5.8,35.774,46.243,0.3214,17.976
Bengaluru,12.9716,77.5946,warm_humid,3.0,3.0,2.6,135.0,puf_sandwich_panel,0.075,rcc_slab,0.15,none,0.0,east,0.6,0.6,0.35,2.6,35.044,43.048,0.2857,19.49
Bengaluru,12.9716,77.5946,warm_humid,3.0,3.0,2.6,90.0,rammed_earth,0.3,concrete,0.1,mineral_wool,0.025,west,1.5,0.9,0.55,2.6,31.765,35.006,0.3988,19.431
Bengaluru,12.9716,77.5946,warm_humid,3.0,3.0,2.6,180.0,plywood,0.03,rcc_slab,0.25,mineral_wool,0.1,east,0.9,0.6,0.35,2.6,30.937,33.458,0.6369,19.463
Bengaluru,12.9716,77.5946,warm_humid,3.0,3.0,2.6,180.0,rammed_earth,0.15,gi_sheet,0.002,none,0.0,south,0.6,0.6,0.45,2.6,35.76,44.026,0.256,19.45
Bengaluru,12.9716,77.5946,warm_humid,3.0,3.0,2.6,90.0,concrete,0.15,brick,0.23,eps,0.1,east,0.6,1.5,0.45,2.6,30.551,33.141,0.6726,19.436
Bengaluru,12.9716,77.5946,warm_humid,3.0,3.0,2.6,0.0,puf_sandwich_panel,0.075,puf_sandwich_panel,0.05,mineral_wool,0.025,north,0.6,0.9,0.35,2.6,30.68,34.41,0.6369,19.595
Bengaluru,12.9716,77.5946,warm_humid,3.0,3.0,2.6,180.0,puf_sandwich_panel,0.1,puf_sandwich_panel,0.1,mineral_wool,0.025,east,1.5,0.6,0.75,2.6,31.242,36.204,0.5833,19.591
Bengaluru,12.9716,77.5946,warm_humid,3.0,3.0,2.6,45.0,plywood,0.019,puf_sandwich_panel,0.05,none,0.0,south,1.5,0.6,0.85,3.5,34.62,46.625,0.4286,16.639
Bengaluru,12.9716,77.5946,warm_humid,3.0,3.0,2.6,45.0,brick,0.23,rcc_slab,0.25,mineral_wool,0.05,south,1.5,0.6,0.85,5.8,31.297,34.443,0.4345,19.431
Bengaluru,12.9716,77.5946,warm_humid,3.0,3.0,2.6,180.0,concrete,0.15,brick,0.23,eps,0.05,west,1.2,0.6,0.75,5.8,31.906,34.962,0.3512,19.436
Bengaluru,12.9716,77.5946,warm_humid,3.0,3.0,2.6,90.0,plywood,0.05,concrete,0.2,mineral_wool,0.1,east,0.6,0.9,0.75,3.5,31.071,33.67,0.5952,19.468
Bengaluru,12.9716,77.5946,warm_humid,3.0,3.0,2.6,0.0,rammed_earth,0.3,puf_sandwich_panel,0.075,eps,0.1,north,0.6,0.6,0.55,3.5,29.401,31.723,1.0,19.433
Bengaluru,12.9716,77.5946,warm_humid,3.0,3.0,2.6,0.0,plywood,0.019,concrete,0.15,eps,0.1,south,0.9,1.5,0.55,3.5,31.922,35.608,0.4583,19.486
Bengaluru,12.9716,77.5946,warm_humid,3.0,3.0,2.6,90.0,brick,0.23,brick,0.115,eps,0.025,east,0.6,0.6,0.85,5.8,32.1,35.367,0.3214,19.434
Bengaluru,12.9716,77.5946,warm_humid,3.0,3.0,2.6,180.0,brick,0.345,puf_sandwich_panel,0.075,eps,0.05,east,0.9,1.2,0.35,2.6,30.095,32.816,0.7976,19.429
Bengaluru,12.9716,77.5946,warm_humid,3.0,3.0,2.6,135.0,gi_sheet,0.002,concrete,0.1,eps,0.05,north,1.2,0.9,0.65,2.6,33.138,38.458,0.375,19.501
Bengaluru,12.9716,77.5946,warm_humid,3.0,3.0,2.6,135.0,puf_sandwich_panel,0.075,gi_sheet,0.002,eps,0.025,west,0.9,0.6,0.85,3.5,32.42,38.508,0.4702,19.589
Bengaluru,12.9716,77.5946,warm_humid,3.0,3.0,2.6,45.0,brick,0.23,puf_sandwich_panel,0.075,eps,0.1,west,0.9,1.5,0.35,2.6,30.252,32.687,0.7857,19.438
Bengaluru,12.9716,77.5946,warm_humid,3.0,3.0,2.6,135.0,gi_sheet,0.002,rcc_slab,0.1,mineral_wool,0.025,east,0.9,0.9,0.45,2.6,33.522,40.319,0.375,19.5
Bengaluru,12.9716,77.5946,warm_humid,3.0,3.0,2.6,90.0,brick,0.23,concrete,0.15,mineral_wool,0.05,east,1.5,0.9,0.35,2.6,31.133,34.034,0.494,19.433
Bengaluru,12.9716,77.5946,warm_humid,3.0,3.0,2.6,45.0,plywood,0.012,brick,0.23,eps,0.1,north,1.8,0.9,0.65,3.5,32.315,35.936,0.3869,19.477
Bengaluru,12.9716,77.5946,warm_humid,3.0,3.0,2.6,45.0,rammed_earth,0.15,rcc_slab,0.1,eps,0.025,north,1.8,1.5,0.85,2.6,34.339,38.791,0.1548,19.446
Bengaluru,12.9716,77.5946,warm_humid,3.0,3.0,2.6,135.0,puf_sandwich_panel,0.05,puf_sandwich_panel,0.15,mineral_wool,0.1,south,1.2,1.2,0.75,5.8,31.505,36.42,0.5476,19.581
Bengaluru,12.9716,77.5946,warm_humid,3.0,3.0,2.6,45.0,concrete,0.1,brick,0.23,mineral_wool,0.05,east,0.6,0.9,0.85,2.6,32.02,35.098,0.3393,19.442
Bengaluru,12.9716,77.5946,warm_humid,3.0,3.0,2.6,90.0,concrete,0.15,gi_sheet,0.002,mineral_wool,0.025,east,0.6,1.2,0.75,5.8,32.851,36.514,0.2798,19.443
Bengaluru,12.9716,77.5946,warm_humid,3.0,3.0,2.6,45.0,plywood,0.03,gi_sheet,0.002,mineral_wool,0.1,north,1.5,1.5,0.65,3.5,32.987,38.796,0.4048,19.552
Bengaluru,12.9716,77.5946,warm_humid,3.0,3.0,2.6,45.0,puf_sandwich_panel,0.05,concrete,0.15,eps,0.05,south,0.9,0.6,0.45,5.8,31.243,34.376,0.5655,19.49
Bengaluru,12.9716,77.5946,warm_humid,3.0,3.0,2.6,45.0,concrete,0.1,gi_sheet,0.002,mineral_wool,0.025,west,0.6,1.2,0.45,5.8,33.039,37.325,0.3155,19.456
Bengaluru,12.9716,77.5946,warm_humid,3.0,3.0,2.6,180.0,gi_sheet,0.002,rcc_slab,0.2,mineral_wool,0.1,south,1.8,0.9,0.85,3.5,32.408,36.02,0.381,19.471
Bengaluru,12.9716,77.5946,warm_humid,3.0,3.0,2.6,45.0,brick,0.115,brick,0.23,eps,0.1,west,0.9,1.2,0.45,2.6,30.93,33.545,0.6131,19.443
Bengaluru,12.9716,77.5946,warm_humid,3.0,3.0,2.6,180.0,brick,0.115,gi_sheet,0.002,mineral_wool,0.1,south,1.8,0.9,0.75,5.8,31.917,34.967,0.4405,19.457
Bengaluru,12.9716,77.5946,warm_humid,3.0,3.0,2.6,90.0,concrete,0.2,gi_sheet,0.002,mineral_wool,0.025,south,1.5,1.5,0.55,3.5,33.028,36.84,0.25,19.437
Bengaluru,12.9716,77.5946,warm_humid,3.0,3.0,2.6,90.0,plywood,0.012,rcc_slab,0.15,eps,0.05,south,1.5,0.9,0.65,5.8,32.786,37.823,0.3869,19.488
Bengaluru,12.9716,77.5946,warm_humid,3.0,3.0,2.6,45.0,puf_sandwich_panel,0.075,concrete,0.2,mineral_wool,0.025,north,1.8,0.9,0.65,5.8,32.786,36.719,0.3393,19.477
Bengaluru,12.9716,77.5946,warm_humid,3.0,3.0,2.6,90.0,plywood,0.05,brick,0.23,eps,0.1,west,1.8,0.6,0.65,2.6,31.228,33.992,0.5774,19.471
Bengaluru,12.9716,77.5946,warm_humid,3.0,3.0,2.6,0.0,plywood,0.05,gi_sheet,0.002,mineral_wool,0.05,south,1.8,1.2,0.45,5.8,32.797,39.272,0.4405,19.543
Bengaluru,12.9716,77.5946,warm_humid,3.0,3.0,2.6,90.0,concrete,0.3,brick,0.115,eps,0.1,north,1.5,1.5,0.45,2.6,30.871,33.923,0.5298,19.428
Bengaluru,12.9716,77.5946,warm_humid,3.0,3.0,2.6,45.0,concrete,0.1,brick,0.115,none,0.0,west,0.6,0.9,0.65,2.6,35.98,44.608,0.25,18.943
Bengaluru,12.9716,77.5946,warm_humid,3.0,3.0,2.6,135.0,puf_sandwich_panel,0.1,concrete,0.15,eps,0.05,east,1.5,0.9,0.85,5.8,32.367,36.561,0.4167,19.489
Bengaluru,12.9716,77.5946,warm_humid,3.0,3.0,2.6,180.0,gi_sheet,0.002,puf_sandwich_panel,0.05,mineral_wool,0.025,west,1.8,1.5,0.35,2.6,33.529,41.393,0.4345,18.483
Bengaluru,12.9716,77.5946,warm_humid,3.0,3.0,2.6,180.0,concrete,0.3,gi_sheet,0.002,mineral_wool,0.025,north,0.6,1.5,0.55,5.8,31.895,35.242,0.3869,19.429
Bengaluru,12.9716,77.5946,warm_humid,3.0,3.0,2.6,180.0,concrete,0.3,rcc_slab,0.15,none,0.0,west,1.8,1.2,0.35,2.6,34.955,39.788,0.1429,19.427
Bengaluru,12.9716,77.5946,warm_humid,3.0,3.0,2.6,45.0,rammed_earth,0.45,rcc_slab,0.1,eps,0.1,west,1.8,1.5,0.55,5.8,30.295,33.437,0.6607,19.426
Bengaluru,12.9716,77.5946,warm_humid,3.0,3.0,2.6,90.0,rammed_earth,0.15,rcc_slab,0.15,mineral_wool,0.025,east,1.2,1.5,0.55,2.6,32.941,36.62,0.2619,19.442
Bengaluru,12.9716,77.5946,warm_humid,3.0,3.0,2.6,180.0,rammed_earth,0.3,gi_sheet,0.002,mineral_wool,0.05,west,1.2,1.5,0.55,3.5,31.82,34.89,0.369,19.434
Bengaluru,12.9716,77.5946,warm_humid,3.0,3.0,2.6,0.0,concrete,0.15,brick,0.23,eps,0.1,east,1.5,0.6,0.75,5.8,31.235,34.065,0.4702,19.436
Bengaluru,12.9716,77.5946,warm_humid,3.0,3.0,2.6,45.0,puf_sandwich_panel,0.075,concrete,0.15,eps,0.025,north,0.9,0.6,0.85,3.5,32.21,36.009,0.4167,19.49
Bengaluru,12.9716,77.5946,warm_humid,3.0,3.0,2.6,180.0,gi_sheet,0.002,concrete,0.2,mineral_wool,0.025,west,0.9,0.9,0.55,3.5,33.525,38.754,0.3274,19.473
Bengaluru,12.9716,77.5946,warm_humid,3.0,3.0,2.6,90.0,plywood,0.03,rcc_slab,0.2,mineral_wool,0.1,north,0.9,1.5,0.85,2.6,32.656,36.111,0.3333,19.471
Bengaluru,12.9716,77.5946,warm_humid,3.0,3.0,2.6,90.0,brick,0.345,concrete,0.15,eps,0.05,north,0.6,1.5,0.65,3.5,30.741,33.859,0.5476,19.427
Bengaluru,12.9716,77.5946,warm_humid,3.0,3.0,2.6,0.0,brick,0.23,brick,0.23,mineral_wool,0.025,south,1.8,1.5,0.45,2.6,32.586,36.072,0.2738,19.433
Bengaluru,12.9716,77.5946,warm_humid,3.0,3.0,2.6,180.0,puf_sandwich_panel,0.1,gi_sheet,0.002,eps,0.025,north,0.9,0.6,0.75,5.8,32.226,38.27,0.5,19.586
Bengaluru,12.9716,77.5946,warm_humid,3.0,3.0,2.6,0.0,rammed_earth,0.45,gi_sheet,0.002,mineral_wool,0.025,west,1.8,1.2,0.45,5.8,31.438,34.804,0.4226,19.427
Bengaluru,12.9716,77.5946,warm_humid,3.0,3.0,2.6,90.0,plywood,0.05,puf_sandwich_panel,0.05,none,0.0,west,1.2,0.6,0.85,5.8,33.394,41.571,0.4286,18.727
Bengaluru,12.9716,77.5946,warm_humid,3.0,3.0,2.6,90.0,gi_sheet,0.002,puf_sandwich_panel,0.075,eps,0.1,south,0.6,0.6,0.55,5.8,31.248,35.755,0.5595,19.566
Bengaluru,12.9716,77.5946,warm_humid,3.0,3.0,2.6,90.0,concrete,0.2,rcc_slab,0.1,mineral_wool,0.05,east,1.8,0.9,0.75,3.5,32.082,35.336,0.3333,19.434
Bengaluru,12.9716,77.5946,warm_humid,3.0,3.0,2.6,0.0,plywood,0.03,gi_sheet,0.002,none,0.0,north,0.9,0.9,0.45,3.5,36.239,52.528,0.4286,15.978
Bengaluru,12.9716,77.5946,warm_humid,3.0,3.0,2.6,135.0,puf_sandwich_panel,0.1,gi_sheet,0.002,eps,0.05,south,1.2,1.5,0.85,5.8,32.713,39.804,0.4583,19.585
Bengaluru,12.9716,77.5946,warm_humid,3.0,3.0,2.6,180.0,puf_sandwich_panel,0.05,brick,0.23,none,0.0,west,1.8,1.5,0.45,2.6,34.649,40.932,0.2619,19.48
Bengaluru,12.9716,77.5946,warm_humid,3.0,3.0,2.6,135.0,brick,0.345,concrete,0.1,mineral_wool,0.05,north,0.9,0.6,0.35,3.5,30.324,33.25,0.6905,19.427
Bengaluru,12.9716,77.5946,warm_humid,3.0,3.0,2.6,90.0,concrete,0.2,gi_sheet,0.002,eps,0.1,north,1.8,1.2,0.55,2.6,31.866,34.832,0.3571,19.437
Bengaluru,12.9716,77.5946,warm_humid,3.0,3.0,2.6,45.0,puf_sandwich_panel,0.05,gi_sheet,0.002,eps,0.1,south,1.2,1.5,0.35,5.8,31.453,36.81,0.5595,19.586
Bengaluru,12.9716,77.5946,warm_humid,3.0,3.0,2.6,0.0,concrete,0.15,gi_sheet,0.002,eps,0.1,south,1.5,1.5,0.85,5.8,32.724,36.144,0.2738,19.445
Bengaluru,12.9716,77.5946,warm_humid,3.0,3.0,2.6,135.0,plywood,0.019,rcc_slab,0.1,none,0.0,south,0.9,0.6,0.65,5.8,36.309,50.003,0.3631,16.529
Bengaluru,12.9716,77.5946,warm_humid,3.0,3.0,2.6,45.0,gi_sheet,0.002,concrete,0.1,mineral_wool,0.1,north,1.8,0.9,0.45,3.5,32.112,36.275,0.4524,19.497
Bengaluru,12.9716,77.5946,warm_humid,3.0,3.0,2.6,135.0,rammed_earth,0.15,brick,0.115,mineral_wool,0.05,east,1.2,0.9,0.55,3.5,31.897,34.982,0.3869,19.445
Bengaluru,12.9716,77.5946,warm_humid,3.0,3.0,2.6,90.0,concrete,0.3,puf_sandwich_panel,0.1,mineral_wool,0.05,south,1.8,0.9,0.45,3.5,30.533,33.444,0.631,19.429
Bengaluru,12.9716,77.5946,warm_humid,3.0,3.0,2.6,90.0,brick,0.23,puf_sandwich_panel,0.05,mineral_wool,0.1,east,0.6,0.9,0.45,5.8,29.963,32.294,0.881,19.437
Bengaluru,12.9716,77.5946,warm_humid,3.0,3.0,2.6,0.0,gi_sheet,0.002,gi_sheet,0.002,eps,0.05,south,1.2,1.5,0.85,5.8,33.804,42.846,0.4286,19.563
Bengaluru,12.9716,77.5946,warm_humid,3.0,3.0,2.6,45.0,plywood,0.019,rcc_slab,0.15,mineral_wool,0.05,north,1.5,0.9,0.85,3.5,33.169,37.851,0.3393,19.485
Bengaluru,12.9716,77.5946,warm_humid,3.0,3.0,2.6,0.0,concrete,0.15,concrete,0.15,eps,0.1,south,0.9,1.2,0.55,2.6,30.973,33.698,0.5595,19.437
Bengaluru,12.9716,77.5946,warm_humid,3.0,3.0,2.6,90.0,brick,0.23,rcc_slab,0.1,none,0.0,west,0.9,1.5,0.55,3.5,35.497,41.028,0.119,19.435
Bengaluru,12.9716,77.5946,warm_humid,3.0,3.0,2.6,180.0,concrete,0.2,gi_sheet,0.002,mineral_wool,0.1,east,1.5,0.9,0.45,3.5,30.939,33.669,0.5774,19.436
Bengaluru,12.9716,77.5946,warm_humid,3.0,3.0,2.6,0.0,rammed_earth,0.45,brick,0.23,mineral_wool,0.025,west,0.9,0.6,0.85,5.8,30.496,33.791,0.5714,19.424
Bengaluru,12.9716,77.5946,warm_humid,3.0,3.0,2.6,45.0,puf_sandwich_panel,0.1,brick,0.115,eps,0.025,east,0.6,0.9,0.65,2.6,32.226,36.486,0.4405,19.51
Bengaluru,12.9716,77.5946,warm_humid,3.0,3.0,2.6,0.0,puf_sandwich_panel,0.15,gi_sheet,0.002,eps,0.025,north,0.6,1.2,0.65,5.8,32.003,37.598,0.5119,19.582
Bengaluru,12.9716,77.5946,warm_humid,3.0,3.0,2.6,180.0,puf_sandwich_panel,0.1,brick,0.115,mineral_wool,0.05,south,1.8,0.9,0.45,2.6,31.546,35.168,0.5238,19.508
Bengaluru,12.9716,77.5946,warm_humid,3.0,3.0,2.6,45.0,puf_sandwich_panel,0.05,brick,0.115,none,0.0,south,1.8,0.9,0.85,3.5,35.849,47.032,0.3214,19.512
Bengaluru,12.9716,77.5946,warm_humid,3.0,3.0,2.6,0.0,plywood,0.019,concrete,0.2,mineral_wool,0.025,east,0.9,0.9,0.35,2.6,33.07,37.899,0.3512,19.474
Bengaluru,12.9716,77.5946,warm_humid,3.0,3.0,2.6,90.0,brick,0.23,rcc_slab,0.2,eps,0.1,east,1.2,0.6,0.45,3.5,29.999,32.583,0.8274,19.432
Bengaluru,12.9716,77.5946,warm_humid,3.0,3.0,2.6,90.0,plywood,0.012,puf_sandwich_panel,0.05,eps,0.1,west,1.8,0.9,0.55,5.8,31.777,37.283,0.5179,19.585
Bengaluru,12.9716,77.5946,warm_humid,3.0,3.0,2.6,135.0,plywood,0.012,rcc_slab,0.25,mineral_wool,0.1,east,1.5,1.5,0.65,2.6,32.669,36.673,0.3512,19.465
Bengaluru,12.9716,77.5946,warm_humid,3.0,3.0,2.6,135.0,concrete,0.3,concrete,0.15,eps,0.05,west,0.6,0.9,0.75,2.6,30.59,33.692,0.5655,19.426
Bengaluru,12.9716,77.5946,warm_humid,3.0,3.0,2.6,0.0,concrete,0.3,brick,0.115,none,0.0,south,1.2,1.5,0.75,2.6,35.071,39.942,0.1429,19.428
Bengaluru,12.9716,77.5946,warm_humid,3.0,3.0,2.6,45.0,plywood,0.019,concrete,0.15,eps,0.05,west,1.2,0.9,0.65,3.5,32.482,36.996,0.4107,19.487
Bengaluru,12.9716,77.5946,warm_humid,3.0,3.0,2.6,180.0,rammed_earth,0.45,gi_sheet,0.002,mineral_wool,0.1,north,0.6,0.9,0.85,5.8,29.309,32.035,0.9821,19.426
Bengaluru,12.9716,77.5946,warm_humid,3.0,3.0,2.6,0.0,concrete,0.3,brick,0.115,mineral_wool,0.1,west,1.5,1.5,0.45,2.6,30.585,33.64,0.6012,19.428
Bengaluru,12.9716,77.5946,warm_humid,3.0,3.0,2.6,45.0,concrete,0.1,concrete,0.2,mineral_wool,0.05,south,1.8,0.6,0.85,3.5,32.377,35.767,0.3095,19.442
Bengaluru,12.9716,77.5946,warm_humid,3.0,3.0,2.6,135.0,gi_sheet,0.002,concrete,0.1,none,0.0,west,1.8,0.6,0.55,5.8,36.263,51.105,0.4167,14.956
Bengaluru,12.9716,77.5946,warm_humid,3.0,3.0,2.6,135.0,puf_sandwich_panel,0.15,puf_sandwich_panel,0.15,mineral_wool,0.05,east,1.2,1.2,0.55,3.5,31.224,36.027,0.5774,19.581
Bengaluru,12.9716,77.5946,warm_humid,3.0,3.0,2.6,90.0,puf_sandwich_panel,0.15,gi_sheet,0.002,eps,0.05,west,1.5,1.5,0.45,2.6,31.791,37.044,0.5179,19.581
Bengaluru,12.9716,77.5946,warm_humid,3.0,3.0,2.6,0.0,plywood,0.03,gi_sheet,0.002,mineral_wool,0.05,south,1.5,1.5,0.65,5.8,33.507,41.452,0.4286,19.558
Bengaluru,12.9716,77.5946,warm_humid,3.0,3.0,2.6,0.0,rammed_earth,0.3,rcc_slab,0.1,mineral_wool,0.05,west,1.5,1.5,0.55,5.8,31.617,34.855,0.4048,19.432
Bengaluru,12.9716,77.5946,warm_humid,3.0,3.0,2.6,135.0,concrete,0.2,gi_sheet,0.002,eps,0.1,north,1.5,1.5,0.75,5.8,32.656,35.902,0.2679,19.437
Bengaluru,12.9716,77.5946,warm_humid,3.0,3.0,2.6,0.0,gi_sheet,0.002,concrete,0.1,mineral_wool,0.025,north,0.9,0.6,0.35,5.8,33.259,39.854,0.3869,19.5
Bengaluru,12.9716,77.5946,warm_humid,3.0,3.0,2.6,0.0,gi_sheet,0.002,concrete,0.1,eps,0.025,north,1.2,1.5,0.65,3.5,33.77,41.094,0.369,19.501
Bengaluru,12.9716,77.5946,warm_humid,3.0,3.0,2.6,45.0,gi_sheet,0.002,gi_sheet,0.002,mineral_wool,0.1,east,1.8,0.6,0.35,5.8,31.916,37.074,0.4821,19.552
Bengaluru,12.9716,77.5946,warm_humid,3.0,3.0,2.6,180.0,puf_sandwich_panel,0.05,rcc_slab,0.1,mineral_wool,0.1,north,1.2,0.9,0.85,2.6,31.749,35.287,0.4881,19.505
Bengaluru,12.9716,77.5946,warm_humid,3.0,3.0,2.6,0.0,puf_sandwich_panel,0.15,brick,0.115,mineral_wool,0.05,south,0.9,1.5,0.55,5.8,31.815,35.586,0.4762,19.507
Bengaluru,12.9716,77.5946,warm_humid,3.0,3.0,2.6,135.0,plywood,0.019,puf_sandwich_panel,0.1,none,0.0,south,1.5,0.9,0.65,5.8,34.448,45.811,0.4286,16.656
Bengaluru,12.9716,77.5946,warm_humid,3.0,3.0,2.6,0.0,rammed_earth,0.45,brick,0.23,eps,0.05,east,0.6,1.2,0.45,5.8,29.724,32.71,0.8571,19.424
Bengaluru,12.9716,77.5946,warm_humid,3.0,3.0,2.6,0.0,brick,0.345,gi_sheet,0.002,mineral_wool,0.05,north,1.5,1.5,0.55,2.6,31.127,34.227,0.4583,19.43
Bengaluru,12.9716,77.5946,warm_humid,3.0,3.0,2.6,0.0,brick,0.345,puf_sandwich_panel,0.1,mineral_wool,0.025,south,0.9,1.2,0.35,5.8,30.553,33.4,0.631,19.429
Bengaluru,12.9716,77.5946,warm_humid,3.0,3.0,2.6,180.0,rammed_earth,0.15,brick,0.23,eps,0.05,west,1.5,1.5,0.75,5.8,33.375,36.925,0.2321,19.441
Bengaluru,12.9716,77.5946,warm_humid,3.0,3.0,2.6,180.0,plywood,0.03,brick,0.23,eps,0.1,south,0.6,1.5,0.85,2.6,31.558,34.525,0.5298,19.474
Bengaluru,12.9716,77.5946,warm_humid,3.0,3.0,2.6,45.0,brick,0.345,rcc_slab,0.25,eps,0.025,south,1.8,0.6,0.35,5.8,31.133,34.45,0.4702,19.426
Bengaluru,12.9716,77.5946,warm_humid,3.0,3.0,2.6,90.0,gi_sheet,0.002,puf_sandwich_panel,0.15,mineral_wool,0.05,north,1.5,1.5,0.75,2.6,33.917,41.113,0.381,19.564
Bengaluru,12.9716,77.5946,warm_humid,3.0,3.0,2.6,0.0,rammed_earth,0.45,puf_sandwich_panel,0.15,mineral_wool,0.025,north,0.6,1.5,0.85,3.5,29.966,32.902,0.7738,19.426
Bengaluru,12.9716,77.5946,warm_humid,3.0,3.0,2.6,0.0,brick,0.345,gi_sheet,0.002,eps,0.025,north,0.9,1.5,0.85,5.8,31.91,35.318,0.3929,19.43
Bengaluru,12.9716,77.5946,warm_humid,3.0,3.0,2.6,180.0,plywood,0.012,puf_sandwich_panel,0.075,none,0.0,east,1.8,0.6,0.35,5.8,34.419,46.327,0.4583,16.077
Bengaluru,12.9716,77.5946,warm_humid,3.0,3.0,2.6,45.0,rammed_earth,0.15,concrete,0.15,none,0.0,south,1.8,1.2,0.35,5.8,35.482,42.192,0.1786,19.443
Bengaluru,12.9716,77.5946,warm_humid,3.0,3.0,2.6,90.0,plywood,0.019,concrete,0.2,none,0.0,west,0.6,1.2,0.35,3.5,35.595,45.839,0.3214,17.881
Bengaluru,12.9716,77.5946,warm_humid,3.0,3.0,2.6,180.0,brick,0.23,concrete,0.15,none,0.0,south,0.9,0.6,0.65,2.6,35.078,40.131,0.125,19.433
Bengaluru,12.9716,77.5946,warm_humid,3.0,3.0,2.6,45.0,puf_sandwich_panel,0.075,rcc_slab,0.2,eps,0.025,south,1.2,1.2,0.35,3.5,32.04,35.767,0.4345,19.477
Bengaluru,12.9716,77.5946,warm_humid,3.0,3.0,2.6,135.0,puf_sandwich_panel,0.05,concrete,0.1,mineral_wool,0.025,south,0.6,0.9,0.35,5.8,32.055,36.459,0.4583,19.509
Bengaluru,12.9716,77.5946,warm_humid,3.0,3.0,2.6,180.0,concrete,0.2,concrete,0.15,none,0.0,east,0.6,0.6,0.75,3.5,35.377,41.049,0.1369,19.432
Bengaluru,12.9716,77.5946,warm_humid,3.0,3.0,2.6,0.0,brick,0.23,puf_sandwich_panel,0.15,mineral_wool,0.025,south,0.6,1.2,0.75,3.5,31.464,34.358,0.4464,19.437
Bengaluru,12.9716,77.5946,warm_humid,3.0,3.0,2.6,180.0,puf_sandwich_panel,0.075,rcc_slab,0.15,eps,0.1,west,1.2,1.2,0.55,3.5,31.749,34.817,0.4583,19.489
Bengaluru,12.9716,77.5946,warm_humid,3.0,3.0,2.6,180.0,gi_sheet,0.002,concrete,0.2,eps,0.025,south,0.9,1.5,0.65,3.5,33.511,38.867,0.3274,19.473
Bengaluru,12.9716,77.5946,warm_humid,3.0,3.0,2.6,135.0,plywood,0.012,puf_sandwich_panel,0.075,eps,0.1,east,0.9,0.9,0.85,2.6,32.046,37.955,0.5119,19.584
Bengaluru,12.9716,77.5946,warm_humid,3.0,3.0,2.6,0.0,concrete,0.2,gi_sheet,0.002,none,0.0,south,0.6,0.6,0.55,3.5,35.785,42.524,0.1667,19.436
Bengaluru,12.9716,77.5946,warm_humid,3.0,3.0,2.6,45.0,gi_sheet,0.002,puf_sandwich_panel,0.05,eps,0.05,west,0.6,0.9,0.45,3.5,31.971,37.995,0.5179,19.569
Bengaluru,12.9716,77.5946,warm_humid,3.0,3.0,2.6,45.0,gi_sheet,0.002,rcc_slab,0.15,mineral_wool,0.1,south,0.6,1.5,0.65,5.8,31.846,35.633,0.4583,19.482
Bengaluru,12.9716,77.5946,warm_humid,3.0,3.0,2.6,0.0,brick,0.23,puf_sandwich_panel,0.15,mineral_wool,0.1,east,0.9,0.9,0.55,5.8,30.379,32.829,0.75,19.437
Bengaluru,12.9716,77.5946,warm_humid,3.0,3.0,2.6,135.0,rammed_earth,0.15,puf_sandwich_panel,0.05,none,0.0,north,0.6,1.2,0.35,3.5,33.57,38.572,0.2917,19.451
Bengaluru,12.9716,77.5946,warm_humid,3.0,3.0,2.6,90.0,puf_sandwich_panel,0.05,brick,0.23,mineral_wool,0.05,west,1.8,0.9,0.45,5.8,31.436,34.501,0.5417,19.478
Bengaluru,12.9716,77.5946,warm_humid,3.0,3.0,2.6,90.0,concrete,0.15,rcc_slab,0.25,eps,0.1,west,0.6,0.9,0.35,2.6,30.094,32.6,0.8214,19.434
Bengaluru,12.9716,77.5946,warm_humid,3.0,3.0,2.6,45.0,gi_sheet,0.002,concrete,0.2,eps,0.1,east,1.5,1.5,0.65,2.6,33.192,37.387,0.3214,19.473
Bengaluru,12.9716,77.5946,warm_humid,3.0,3.0,2.6,45.0,concrete,0.3,rcc_slab,0.1,eps,0.1,south,1.8,0.9,0.55,2.6,30.4,33.409,0.6548,19.427
Bengaluru,12.9716,77.5946,warm_humid,3.0,3.0,2.6,45.0,gi_sheet,0.002,gi_sheet,0.002,eps,0.025,east,1.2,0.9,0.75,2.6,34.088,43.266,0.3988,18.589
Bengaluru,12.9716,77.5946,warm_humid,3.0,3.0,2.6,180.0,rammed_earth,0.45,rcc_slab,0.15,eps,0.025,north,0.9,1.2,0.75,2.6,31.105,34.541,0.5,19.425
Bengaluru,12.9716,77.5946,warm_humid,3.0,3.0,2.6,45.0,concrete,0.15,gi_sheet,0.002,none,0.0,north,0.9,1.5,0.35,3.5,36.18,44.776,0.2321,19.091
Bengaluru,12.9716,77.5946,warm_humid,3.0,3.0,2.6,90.0,plywood,0.03,gi_sheet,0.002,mineral_wool,0.1,north,1.2,0.9,0.65,3.5,32.247,37.053,0.4464,19.551
Bengaluru,12.9716,77.5946,warm_humid,3.0,3.0,2.6,180.0,brick,0.115,concrete,0.2,eps,0.05,north,0.9,1.2,0.85,3.5,32.453,35.715,0.2976,19.443
Bengaluru,12.9716,77.5946,warm_humid,3.0,3.0,2.6,90.0,brick,0.115,gi_sheet,0.002,none,0.0,north,1.2,0.9,0.55,2.6,36.527,46.776,0.2738,18.496
Bengaluru,12.9716,77.5946,warm_humid,3.0,3.0,2.6,0.0,concrete,0.3,puf_sandwich_panel,0.05,eps,0.05,west,1.8,1.5,0.65,2.6,31.748,35.139,0.3869,19.43
Bengaluru,12.9716,77.5946,warm_humid,3.0,3.0,2.6,135.0,puf_sandwich_panel,0.1,rcc_slab,0.25,mineral_wool,0.05,south,1.5,1.2,0.45,3.5,31.393,34.358,0.5417,19.467
Bengaluru,12.9716,77.5946,warm_humid,3.0,3.0,2.6,135.0,rammed_earth,0.3,rcc_slab,0.1,eps,0.05,west,1.8,1.2,0.45,5.8,31.437,34.487,0.4226,19.432
Bengaluru,12.9716,77.5946,warm_humid,3.0,3.0,2.6,135.0,puf_sandwich_panel,0.15,concrete,0.2,eps,0.1,north,1.8,1.2,0.65,2.6,32.578,35.913,0.3512,19.476
Bengaluru,12.9716,77.5946,warm_humid,3.0,3.0,2.6,135.0,concrete,0.1,puf_sandwich_panel,0.1,eps,0.05,east,1.2,0.6,0.65,2.6,31.789,34.866,0.4583,19.457
Bengaluru,12.9716,77.5946,warm_humid,3.0,3.0,2.6,90.0,rammed_earth,0.15,concrete,0.15,none,0.0,east,1.8,1.5,0.35,2.6,35.437,42.11,0.1905,19.443
Bengaluru,12.9716,77.5946,warm_humid,3.0,3.0,2.6,180.0,puf_sandwich_panel,0.1,gi_sheet,0.002,mineral_wool,0.05,east,0.9,1.2,0.85,2.6,32.225,38.822,0.4881,19.579
Bengaluru,12.9716,77.5946,warm_humid,3.0,3.0,2.6,90.0,brick,0.23,brick,0.23,mineral_wool,0.1,south,1.2,1.2,0.45,2.6,30.431,33.185,0.6905,19.432
Bengaluru,12.9716,77.5946,warm_humid,3.0,3.0,2.6,135.0,plywood,0.019,puf_sandwich_panel,0.075,mineral_wool,0.1,north,1.5,1.2,0.75,3.5,33.259,39.221,0.4107,19.567
Bengaluru,12.9716,77.5946,warm_humid,3.0,3.0,2.6,180.0,plywood,0.05,rcc_slab,0.2,eps,0.1,west,1.5,1.2,0.55,2.6,32.359,35.647,0.369,19.47
Bengaluru,12.9716,77.5946,warm_humid,3.0,3.0,2.6,135.0,brick,0.23,puf_sandwich_panel,0.05,eps,0.1,north,1.2,0.6,0.85,2.6,30.781,33.357,0.625,19.437
Bengaluru,12.9716,77.5946,warm_humid,3.0,3.0,2.6,45.0,gi_sheet,0.002,concrete,0.2,none,0.0,south,0.6,1.2,0.55,2.6,35.871,48.29,0.3631,15.739
Bengaluru,12.9716,77.5946,warm_humid,3.0,3.0,2.6,45.0,plywood,0.05,brick,0.115,eps,0.025,south,0.9,0.9,0.45,5.8,33.03,38.543,0.375,19.496
Bengaluru,12.9716,77.5946,warm_humid,3.0,3.0,2.6,45.0,concrete,0.3,gi_sheet,0.002,mineral_wool,0.025,south,1.5,1.5,0.65,2.6,32.704,36.405,0.2798,19.429
Bengaluru,12.9716,77.5946,warm_humid,3.0,3.0,2.6,180.0,puf_sandwich_panel,0.1,puf_sandwich_panel,0.1,mineral_wool,0.05,north,1.2,0.9,0.55,5.8,31.043,35.069,0.5952,19.587
Bengaluru,12.9716,77.5946,warm_humid,3.0,3.0,2.6,135.0,puf_sandwich_panel,0.075,gi_sheet,0.002,mineral_wool,0.1,north,1.5,0.9,0.65,2.6,32.118,36.8,0.4762,19.573
Bengaluru,12.9716,77.5946,warm_humid,3.0,3.0,2.6,45.0,plywood,0.019,brick,0.23,eps,0.025,east,0.9,0.6,0.85,2.6,33.283,38.196,0.3333,19.476
Bengaluru,12.9716,77.5946,warm_humid,3.0,3.0,2.6,135.0,gi_sheet,0.002,concrete,0.2,mineral_wool,0.025,east,1.8,0.9,0.75,5.8,33.984,40.108,0.3155,19.473
Bengaluru,12.9716,77.5946,warm_humid,3.0,3.0,2.6,90.0,brick,0.115,puf_sandwich_panel,0.1,mineral_wool,0.05,south,0.6,1.2,0.65,3.5,31.55,34.511,0.506,19.458
Bengaluru,12.9716,77.5946,warm_humid,3.0,3.0,2.6,90.0,rammed_earth,0.45,puf_sandwich_panel,0.1,eps,0.05,east,1.2,0.9,0.65,3.5,29.772,32.616,0.8452,19.426
Bengaluru,12.9716,77.5946,warm_humid,3.0,3.0,2.6,45.0,concrete,0.2,rcc_slab,0.15,eps,0.05,north,1.8,0.9,0.85,5.8,32.265,35.613,0.3036,19.433
Bengaluru,12.9716,77.5946,warm_humid,3.0,3.0,2.6,45.0,brick,0.23,puf_sandwich_panel,0.075,mineral_wool,0.05,south,0.6,0.9,0.45,5.8,30.598,33.166,0.6845,19.437
Bengaluru,12.9716,77.5946,warm_humid,3.0,3.0,2.6,135.0,brick,0.115,gi_sheet,0.002,mineral_wool,0.1,west,0.9,0.9,0.45,3.5,31.246,33.853,0.5536,19.456
Bengaluru,12.9716,77.5946,warm_humid,3.0,3.0,2.6,90.0,gi_sheet,0.002,puf_sandwich_panel,0.1,mineral_wool,0.05,south,1.8,1.2,0.55,2.6,32.785,40.704,0.4524,19.565
Bengaluru,12.9716,77.5946,warm_humid,3.0,3.0,2.6,180.0,brick,0.115,brick,0.23,mineral_wool,0.05,east,1.2,0.6,0.45,5.8,31.774,34.755,0.3988,19.443
Bengaluru,12.9716,77.5946,warm_humid,3.0,3.0,2.6,45.0,gi_sheet,0.002,brick,0.23,eps,0.1,north,1.5,0.6,0.35,5.8,31.442,34.578,0.5357,19.474
Bengaluru,12.9716,77.5946,warm_humid,3.0,3.0,2.6,180.0,brick,0.345,rcc_slab,0.2,none,0.0,east,1.2,1.5,0.45,3.5,34.253,38.672,0.2024,19.427
Bengaluru,12.9716,77.5946,warm_humid,3.0,3.0,2.6,135.0,brick,0.115,puf_sandwich_panel,0.05,none,0.0,west,1.8,1.2,0.35,2.6,34.516,41.127,0.2917,19.46
Bengaluru,12.9716,77.5946,warm_humid,3.0,3.0,2.6,45.0,puf_sandwich_panel,0.1,puf_sandwich_panel,0.075,mineral_wool,0.1,west,1.2,1.2,0.65,3.5,31.255,35.778,0.5714,19.578
Bengaluru,12.9716,77.5946,warm_humid,3.0,3.0,2.6,45.0,brick,0.115,gi_sheet,0.002,mineral_wool,0.025,north,1.5,0.9,0.35,5.8,33.157,37.469,0.2976,19.458
Bengaluru,12.9716,77.5946,warm_humid,3.0,3.0,2.6,90.0,concrete,0.1,concrete,0.2,mineral_wool,0.025,west,0.6,1.2,0.85,2.6,32.824,36.463,0.2917,19.442
Bengaluru,12.9716,77.5946,warm_humid,3.0,3.0,2.6,90.0,plywood,0.012,brick,0.115,mineral_wool,0.025,west,1.5,1.5,0.75,3.5,33.997,41.38,0.369,19.508
Bengaluru,12.9716,77.5946,warm_humid,3.0,3.0,2.6,135.0,brick,0.115,gi_sheet,0.002,eps,0.1,west,1.5,0.9,0.75,3.5,32.119,35.168,0.4048,19.458
Bengaluru,12.9716,77.5946,warm_humid,3.0,3.0,2.6,45.0,rammed_earth,0.15,concrete,0.1,eps,0.025,south,0.6,1.2,0.65,3.5,32.716,36.35,0.2917,19.445
Bengaluru,12.9716,77.5946,warm_humid,3.0,3.0,2.6,90.0,plywood,0.019,gi_sheet,0.002,eps,0.05,north,1.5,0.9,0.85,5.8,33.716,41.003,0.3929,19.572
Bengaluru,12.9716,77.5946,warm_humid,3.0,3.0,2.6,180.0,puf_sandwich_panel,0.075,puf_sandwich_panel,0.075,none,0.0,west,1.8,0.9,0.65,3.5,32.596,38.127,0.4524,19.6
Bengaluru,12.9716,77.5946,warm_humid,3.0,3.0,2.6,135.0,plywood,0.012,gi_sheet,0.002,eps,0.025,south,0.9,1.2,0.55,5.8,33.651,42.775,0.4405,18.856
Bengaluru,12.9716,77.5946,warm_humid,3.0,3.0,2.6,45.0,concrete,0.15,puf_sandwich_panel,0.05,mineral_wool,0.025,east,0.9,1.2,0.75,2.6,32.702,36.143,0.2917,19.444
Bengaluru,12.9716,77.5946,warm_humid,3.0,3.0,2.6,135.0,gi_sheet,0.002,brick,0.23,eps,0.05,north,1.8,1.5,0.35,5.8,33.052,37.591,0.3452,19.475
Bengaluru,12.9716,77.5946,warm_humid,3.0,3.0,2.6,90.0,puf_sandwich_panel,0.05,gi_sheet,0.002,eps,0.05,west,1.2,0.9,0.65,5.8,31.773,37.064,0.5179,19.589
Bengaluru,12.9716,77.5946,warm_humid,3.0,3.0,2.6,0.0,plywood,0.03,rcc_slab,0.25,mineral_wool,0.1,east,0.6,1.2,0.85,2.6,31.706,34.579,0.4762,19.463
Bengaluru,12.9716,77.5946,warm_humid,3.0,3.0,2.6,0.0,concrete,0.15,brick,0.115,mineral_wool,0.025,east,0.6,1.5,0.75,2.6,33.167,36.88,0.2381,19.439
Bengaluru,12.9716,77.5946,warm_humid,3.0,3.0,2.6,90.0,brick,0.115,rcc_slab,0.25,eps,0.05,north,0.9,1.5,0.35,2.6,31.819,34.796,0.3631,19.441
Bengaluru,12.9716,77.5946,warm_humid,3.0,3.0,2.6,135.0,plywood,0.05,puf_sandwich_panel,0.15,eps,0.1,north,1.2,0.9,0.75,3.5,32.1,36.446,0.4524,19.548
Bengaluru,12.9716,77.5946,warm_humid,3.0,3.0,2.6,45.0,rammed_earth,0.15,gi_sheet,0.002,eps,0.025,west,1.5,1.2,0.85,5.8,33.453,37.881,0.2262,19.452
Bengaluru,12.9716,77.5946,warm_humid,3.0,3.0,2.6,180.0,concrete,0.15,concrete,0.1,none,0.0,west,0.6,0.9,0.75,5.8,36.014,43.245,0.1786,19.439
Bengaluru,12.9716,77.5946,warm_humid,3.0,3.0,2.6,135.0,brick,0.23,concrete,0.1,mineral_wool,0.05,east,0.9,0.9,0.85,3.5,31.571,34.658,0.4048,19.434
Bengaluru,12.9716,77.5946,warm_humid,3.0,3.0,2.6,180.0,puf_sandwich_panel,0.05,brick,0.115,mineral_wool,0.05,east,1.8,0.9,0.35,3.5,31.785,36.059,0.494,19.509
Bengaluru,12.9716,77.5946,warm_humid,3.0,3.0,2.6,45.0,plywood,0.012,rcc_slab,0.25,mineral_wool,0.1,north,0.6,0.9,0.85,3.5,31.424,34.251,0.5357,19.465
Bengaluru,12.9716,77.5946,warm_humid,3.0,3.0,2.6,135.0,plywood,0.019,gi_sheet,0.002,mineral_wool,0.025,south,1.5,0.9,0.55,2.6,33.64,42.603,0.4226,19.061
Bengaluru,12.9716,77.5946,warm_humid,3.0,3.0,2.6,135.0,rammed_earth,0.45,rcc_slab,0.1,eps,0.025,east,0.6,0.6,0.35,5.8,30.566,33.769,0.5655,19.425
Bengaluru,12.9716,77.5946,warm_humid,3.0,3.0,2.6,45.0,brick,0.23,brick,0.115,none,0.0,east,0.6,0.6,0.75,5.8,35.034,40.019,0.125,19.434
Bengaluru,12.9716,77.5946,warm_humid,3.0,3.0,2.6,0.0,gi_sheet,0.002,gi_sheet,0.002,mineral_wool,0.025,south,1.8,1.5,0.55,5.8,34.273,44.928,0.4107,18.257
Bengaluru,12.9716,77.5946,warm_humid,3.0,3.0,2.6,180.0,brick,0.345,puf_sandwich_panel,0.1,mineral_wool,0.1,east,0.9,0.9,0.65,3.5,29.689,32.339,0.9107,19.429
Bengaluru,12.9716,77.5946,warm_humid,3.0,3.0,2.6,135.0,rammed_earth,0.3,concrete,0.1,mineral_wool,0.025,east,0.9,0.6,0.35,2.6,31.507,34.649,0.4167,19.431
Bengaluru,12.9716,77.5946,warm_humid,3.0,3.0,2.6,45.0,concrete,0.3,brick,0.115,eps,0.025,south,1.8,0.9,0.75,2.6,32.437,36.125,0.3036,19.428
Bengaluru,12.9716,77.5946,warm_humid,3.0,3.0,2.6,180.0,gi_sheet,0.002,gi_sheet,0.002,mineral_wool,0.1,west,0.6,0.6,0.45,5.8,31.86,36.467,0.4881,19.551
Bengaluru,12.9716,77.5946,warm_humid,3.0,3.0,2.6,135.0,puf_sandwich_panel,0.1,puf_sandwich_panel,0.15,eps,0.025,south,1.2,1.2,0.35,3.5,30.785,34.853,0.625,19.593
Bengaluru,12.9716,77.5946,warm_humid,3.0,3.0,2.6,0.0,brick,0.345,rcc_slab,0.15,eps,0.025,south,1.5,1.2,0.75,5.8,32.235,35.856,0.3333,19.427
Bengaluru,12.9716,77.5946,warm_humid,3.0,3.0,2.6,45.0,rammed_earth,0.45,concrete,0.2,mineral_wool,0.05,east,1.5,0.9,0.45,5.8,30.165,33.28,0.7024,19.424
Bengaluru,12.9716,77.5946,warm_humid,3.0,3.0,2.6,90.0,plywood,0.019,brick,0.115,mineral_wool,0.1,west,0.6,1.2,0.45,5.8,31.273,34.576,0.5536,19.501
Bengaluru,12.9716,77.5946,warm_humid,3.0,3.0,2.6,90.0,puf_sandwich_panel,0.075,brick,0.23,mineral_wool,0.05,east,0.6,0.6,0.55,3.5,30.872,33.425,0.6607,19.478
Bengaluru,12.9716,77.5946,warm_humid,3.0,3.0,2.6,90.0,concrete,0.15,gi_sheet,0.002,eps,0.1,south,0.9,1.2,0.75,5.8,31.318,34.148,0.506,19.444
Bengaluru,12.9716,77.5946,warm_humid,3.0,3.0,2.6,0.0,gi_sheet,0.002,gi_sheet,0.002,mineral_wool,0.025,west,1.2,1.5,0.85,3.5,34.446,46.618,0.4107,18.507
Bengaluru,12.9716,77.5946,warm_humid,3.0,3.0,2.6,0.0,concrete,0.1,puf_sandwich_panel,0.075,mineral_wool,0.025,north,1.5,1.2,0.85,5.8,32.99,37.113,0.3155,19.458
Bengaluru,12.9716,77.5946,warm_humid,3.0,3.0,2.6,0.0,plywood,0.019,concrete,0.1,mineral_wool,0.05,west,1.2,1.5,0.35,5.8,32.563,37.93,0.4286,19.502
Bengaluru,12.9716,77.5946,warm_humid,3.0,3.0,2.6,135.0,gi_sheet,0.002,concrete,0.1,mineral_wool,0.025,west,0.9,1.5,0.45,2.6,33.695,40.504,0.3631,19.5
Bengaluru,12.9716,77.5946,warm_humid,3.0,3.0,2.6,45.0,gi_sheet,0.002,gi_sheet,0.002,none,0.0,east,1.5,0.9,0.35,2.6,36.273,52.701,0.4405,14.452
Bengaluru,12.9716,77.5946,warm_humid,3.0,3.0,2.6,135.0,brick,0.345,gi_sheet,0.002,mineral_wool,0.025,north,1.5,0.9,0.55,2.6,32.077,35.447,0.3512,19.429
Bengaluru,12.9716,77.5946,warm_humid,3.0,3.0,2.6,180.0,concrete,0.1,gi_sheet,0.002,mineral_wool,0.05,north,1.2,0.9,0.65,3.5,32.577,36.112,0.3393,19.456
Bengaluru,12.9716,77.5946,warm_humid,3.0,3.0,2.6,45.0,puf_sandwich_panel,0.15,concrete,0.15,mineral_wool,0.1,east,0.6,0.9,0.65,3.5,30.685,33.002,0.7262,19.486
Bengaluru,12.9716,77.5946,warm_humid,3.0,3.0,2.6,0.0,brick,0.115,gi_sheet,0.002,mineral_wool,0.025,west,1.2,1.2,0.45,3.5,33.268,37.848,0.3036,19.458
Bengaluru,12.9716,77.5946,warm_humid,3.0,3.0,2.6,135.0,puf_sandwich_panel,0.05,concrete,0.15,mineral_wool,0.05,east,1.2,1.2,0.75,2.6,32.4,36.708,0.4167,19.489
Bengaluru,12.9716,77.5946,warm_humid,3.0,3.0,2.6,0.0,concrete,0.15,brick,0.23,eps,0.025,east,1.8,1.5,0.35,2.6,33.017,36.652,0.25,19.437
Bengaluru,12.9716,77.5946,warm_humid,3.0,3.0,2.6,135.0,gi_sheet,0.002,concrete,0.1,eps,0.1,east,1.8,1.5,0.55,3.5,33.043,38.813,0.3988,19.5
Bengaluru,12.9716,77.5946,warm_humid,3.0,3.0,2.6,180.0,puf_sandwich_panel,0.1,concrete,0.2,mineral_wool,0.025,south,1.2,0.6,0.65,5.8,31.734,34.969,0.4821,19.476
Bengaluru,12.9716,77.5946,warm_humid,3.0,3.0,2.6,0.0,gi_sheet,0.002,gi_sheet,0.002,eps,0.025,north,1.8,1.2,0.65,2.6,33.919,43.594,0.4226,18.287
Bengaluru,12.9716,77.5946,warm_humid,3.0,3.0,2.6,90.0,concrete,0.2,brick,0.115,eps,0.025,north,0.9,0.6,0.75,5.8,32.444,35.835,0.2857,19.434
Bengaluru,12.9716,77.5946,warm_humid,3.0,3.0,2.6,90.0,rammed_earth,0.15,concrete,0.1,eps,0.05,east,1.5,1.2,0.65,2.6,32.387,35.677,0.3214,19.445
Bengaluru,12.9716,77.5946,warm_humid,3.0,3.0,2.6,90.0,rammed_earth,0.3,puf_sandwich_panel,0.1,eps,0.025,north,0.9,1.5,0.75,3.5,31.728,34.757,0.3988,19.434
Bengaluru,12.9716,77.5946,warm_humid,3.0,3.0,2.6,135.0,gi_sheet,0.002,puf_sandwich_panel,0.075,eps,0.025,south,0.6,0.9,0.65,5.8,32.774,40.06,0.4643,19.176
Bengaluru,12.9716,77.5946,warm_humid,3.0,3.0,2.6,45.0,concrete,0.1,brick,0.115,mineral_wool,0.05,north,0.9,1.2,0.75,3.5,32.516,35.902,0.3274,19.448
Bengaluru,12.9716,77.5946,warm_humid,3.0,3.0,2.6,135.0,concrete,0.3,brick,0.115,mineral_wool,0.1,south,0.6,0.9,0.75,5.8,29.727,32.534,0.8869,19.427
Bengaluru,12.9716,77.5946,warm_humid,3.0,3.0,2.6,90.0,gi_sheet,0.002,puf_sandwich_panel,0.05,mineral_wool,0.025,south,1.2,1.5,0.65,2.6,33.385,42.797,0.4405,18.826
Bengaluru,12.9716,77.5946,warm_humid,3.0,3.0,2.6,135.0,concrete,0.1,gi_sheet,0.002,none,0.0,north,0.6,1.5,0.65,3.5,36.59,47.735,0.2917,17.385
Bengaluru,12.9716,77.5946,warm_humid,3.0,3.0,2.6,45.0,concrete,0.1,brick,0.115,none,0.0,west,1.5,1.5,0.55,5.8,36.156,45.244,0.256,18.712
Bengaluru,12.9716,77.5946,warm_humid,3.0,3.0,2.6,90.0,rammed_earth,0.15,concrete,0.2,eps,0.05,east,1.2,1.5,0.75,5.8,32.367,35.634,0.2976,19.44
Bengaluru,12.9716,77.5946,warm_humid,3.0,3.0,2.6,90.0,concrete,0.15,rcc_slab,0.15,eps,0.05,north,1.8,0.9,0.65,3.5,32.496,35.762,0.2738,19.438
Bengaluru,12.9716,77.5946,warm_humid,3.0,3.0,2.6,180.0,brick,0.23,rcc_slab,0.2,eps,0.025,north,1.2,0.6,0.85,5.8,32.235,35.615,0.3155,19.432
Bengaluru,12.9716,77.5946,warm_humid,3.0,3.0,2.6,135.0,gi_sheet,0.002,puf_sandwich_panel,0.15,eps,0.05,north,0.9,0.6,0.85,5.8,32.405,38.092,0.4643,19.567
Bengaluru,12.9716,77.5946,warm_humid,3.0,3.0,2.6,0.0,gi_sheet,0.002,puf_sandwich_panel,0.05,mineral_wool,0.1,south,1.2,0.6,0.75,2.6,31.908,37.378,0.494,19.558
Bengaluru,12.9716,77.5946,warm_humid,3.0,3.0,2.6,0.0,rammed_earth,0.45,gi_sheet,0.002,mineral_wool,0.05,south,1.2,1.5,0.45,5.8,30.49,33.538,0.6012,19.426
Bengaluru,12.9716,77.5946,warm_humid,3.0,3.0,2.6,135.0,gi_sheet,0.002,brick,0.23,eps,0.025,north,0.6,0.9,0.35,2.6,33.109,38.093,0.3512,19.475
Bengaluru,12.9716,77.5946,warm_humid,3.0,3.0,2.6,180.0,concrete,0.2,gi_sheet,0.002,eps,0.025,east,1.2,1.5,0.45,3.5,32.812,36.44,0.2738,19.437
Bengaluru,12.9716,77.5946,warm_humid,3.0,3.0,2.6,90.0,puf_sandwich_panel,0.1,rcc_slab,0.2,eps,0.1,north,1.8,1.2,0.75,2.6,33.102,36.737,0.2917,19.476
Bengaluru,12.9716,77.5946,warm_humid,3.0,3.0,2.6,135.0,rammed_earth,0.15,brick,0.115,mineral_wool,0.025,east,1.8,0.6,0.55,2.6,32.826,36.521,0.2738,19.445
Bengaluru,12.9716,77.5946,warm_humid,3.0,3.0,2.6,45.0,plywood,0.03,rcc_slab,0.1,mineral_wool,0.025,west,0.6,0.6,0.85,2.6,33.17,39.027,0.375,19.5
Bengaluru,12.9716,77.5946,warm_humid,3.0,3.0,2.6,0.0,brick,0.23,brick,0.23,eps,0.05,east,1.8,1.2,0.35,2.6,31.615,34.668,0.3988,19.433
Bengaluru,12.9716,77.5946,warm_humid,3.0,3.0,2.6,0.0,brick,0.115,puf_sandwich_panel,0.075,eps,0.05,east,1.2,1.2,0.75,3.5,32.792,36.318,0.2976,19.459
Bengaluru,12.9716,77.5946,warm_humid,3.0,3.0,2.6,180.0,gi_sheet,0.002,brick,0.23,mineral_wool,0.05,north,0.9,1.5,0.75,2.6,33.104,37.587,0.3452,19.474
Bengaluru,12.9716,77.5946,warm_humid,3.0,3.0,2.6,0.0,brick,0.115,rcc_slab,0.25,eps,0.025,south,0.6,1.5,0.75,2.6,32.961,36.616,0.2619,19.441
Bengaluru,12.9716,77.5946,warm_humid,3.0,3.0,2.6,135.0,concrete,0.3,puf_sandwich_panel,0.05,eps,0.05,north,1.2,1.5,0.45,5.8,31.064,34.059,0.4821,19.429
Bengaluru,12.9716,77.5946,warm_humid,3.0,3.0,2.6,45.0,puf_sandwich_panel,0.15,concrete,0.2,eps,0.025,east,0.6,0.6,0.75,3.5,31.687,34.767,0.5,19.476
Bengaluru,12.9716,77.5946,warm_humid,3.0,3.0,2.6,0.0,brick,0.345,concrete,0.15,eps,0.1,south,0.6,0.6,0.45,3.5,29.252,31.885,1.0,19.427
Bengaluru,12.9716,77.5946,warm_humid,3.0,3.0,2.6,0.0,plywood,0.05,puf_sandwich_panel,0.15,mineral_wool,0.1,south,1.8,0.6,0.85,2.6,31.882,36.402,0.4881,19.541
Bengaluru,12.9716,77.5946,warm_humid,3.0,3.0,2.6,180.0,rammed_earth,0.3,rcc_slab,0.15,eps,0.1,west,0.6,0.6,0.75,3.5,29.773,32.372,0.9048,19.43
Bengaluru,12.9716,77.5946,warm_humid,3.0,3.0,2.6,0.0,rammed_earth,0.45,puf_sandwich_panel,0.1,mineral_wool,0.1,east,1.8,0.9,0.55,2.6,29.981,32.856,0.7857,19.426
Bengaluru,12.9716,77.5946,warm_humid,3.0,3.0,2.6,135.0,concrete,0.2,brick,0.115,mineral_wool,0.025,west,1.8,1.2,0.55,3.5,33.104,36.761,0.256,19.435
Bengaluru,12.9716,77.5946,warm_humid,3.0,3.0,2.6,0.0,gi_sheet,0.002,puf_sandwich_panel,0.075,eps,0.05,east,1.8,0.6,0.55,5.8,32.607,39.137,0.4405,19.569
Bengaluru,12.9716,77.5946,warm_humid,3.0,3.0,2.6,45.0,brick,0.23,gi_sheet,0.002,mineral_wool,0.05,east,1.5,1.2,0.75,5.8,32.72,36.053,0.2619,19.438
Bengaluru,12.9716,77.5946,warm_humid,3.0,3.0,2.6,45.0,concrete,0.15,rcc_slab,0.25,eps,0.1,east,0.6,0.9,0.65,2.6,30.54,33.191,0.6667,19.434
Bengaluru,12.9716,77.5946,warm_humid,3.0,3.0,2.6,135.0,plywood,0.012,concrete,0.2,eps,0.025,west,1.2,1.5,0.45,2.6,33.586,38.95,0.3274,19.476
Bengaluru,12.9716,77.5946,warm_humid,3.0,3.0,2.6,0.0,brick,0.115,brick,0.115,eps,0.1,east,1.8,1.5,0.45,5.8,32.557,35.832,0.3155,19.451
Bengaluru,12.9716,77.5946,warm_humid,3.0,3.0,2.6,0.0,plywood,0.03,concrete,0.1,eps,0.05,east,1.8,1.5,0.75,3.5,34.713,41.179,0.2857,19.501
Bengaluru,12.9716,77.5946,warm_humid,3.0,3.0,2.6,135.0,plywood,0.019,puf_sandwich_panel,0.1,mineral_wool,0.05,west,1.5,1.5,0.75,3.5,33.536,40.384,0.3929,19.574
Bengaluru,12.9716,77.5946,warm_humid,3.0,3.0,2.6,45.0,gi_sheet,0.002,puf_sandwich_panel,0.15,eps,0.1,north,0.6,1.2,0.55,5.8,31.569,36.329,0.5298,19.565
Bengaluru,12.9716,77.5946,warm_humid,3.0,3.0,2.6,0.0,rammed_earth,0.3,brick,0.23,eps,0.1,east,1.8,1.2,0.75,3.5,31.8,35.087,0.381,19.43
Bengaluru,12.9716,77.5946,warm_humid,3.0,3.0,2.6,90.0,puf_sandwich_panel,0.075,concrete,0.2,mineral_wool,0.05,north,1.5,0.9,0.65,3.5,32.263,35.57,0.3869,19.476
Bengaluru,12.9716,77.5946,warm_humid,3.0,3.0,2.6,90.0,puf_sandwich_panel,0.1,gi_sheet,0.002,eps,0.1,west,1.2,0.6,0.65,5.8,30.813,34.426,0.625,19.582
Bengaluru,12.9716,77.5946,warm_humid,3.0,3.0,2.6,90.0,puf_sandwich_panel,0.075,concrete,0.1,eps,0.025,south,0.6,1.5,0.35,3.5,32.096,36.617,0.4583,19.509
Bengaluru,12.9716,77.5946,warm_humid,3.0,3.0,2.6,0.0,gi_sheet,0.002,puf_sandwich_panel,0.05,mineral_wool,0.1,east,1.8,1.5,0.85,3.5,34.8,42.62,0.3631,19.56
Bengaluru,12.9716,77.5946,warm_humid,3.0,3.0,2.6,90.0,concrete,0.15,rcc_slab,0.15,mineral_wool,0.05,south,1.8,0.6,0.55,3.5,31.671,34.728,0.3869,19.437
Bengaluru,12.9716,77.5946,warm_humid,3.0,3.0,2.6,45.0,puf_sandwich_panel,0.05,brick,0.23,none,0.0,south,0.6,1.2,0.35,5.8,33.5,38.807,0.3155,19.48
Bengaluru,12.9716,77.5946,warm_humid,3.0,3.0,2.6,135.0,rammed_earth,0.3,concrete,0.15,eps,0.1,north,0.6,1.2,0.75,5.8,30.185,32.919,0.756,19.43
Bengaluru,12.9716,77.5946,warm_humid,3.0,3.0,2.6,135.0,rammed_earth,0.45,puf_sandwich_panel,0.075,eps,0.025,west,1.5,0.9,0.75,3.5,30.665,33.777,0.5476,19.426
Bengaluru,12.9716,77.5946,warm_humid,3.0,3.0,2.6,0.0,puf_sandwich_panel,0.05,brick,0.23,eps,0.1,west,1.8,1.5,0.55,5.8,32.226,36.33,0.4167,19.479
Bengaluru,12.9716,77.5946,warm_humid,3.0,3.0,2.6,0.0,puf_sandwich_panel,0.075,gi_sheet,0.002,eps,0.05,south,0.9,1.5,0.35,5.8,31.629,36.833,0.5238,19.587
Bengaluru,12.9716,77.5946,warm_humid,3.0,3.0,2.6,90.0,puf_sandwich_panel,0.05,brick,0.23,eps,0.05,east,1.5,0.6,0.85,3.5,31.826,35.078,0.4643,19.479
Bengaluru,12.9716,77.5946,warm_humid,3.0,3.0,2.6,45.0,puf_sandwich_panel,0.05,puf_sandwich_panel,0.15,none,0.0,south,1.2,1.5,0.35,5.8,31.571,37.409,0.5298,19.6
Bengaluru,12.9716,77.5946,warm_humid,3.0,3.0,2.6,90.0,gi_sheet,0.002,brick,0.23,none,0.0,east,1.8,0.6,0.85,3.5,35.545,47.237,0.369,15.951
Bengaluru,12.9716,77.5946,warm_humid,3.0,3.0,2.6,90.0,rammed_earth,0.15,brick,0.23,mineral_wool,0.025,east,1.2,1.2,0.75,3.5,32.859,36.426,0.2738,19.44
Bengaluru,12.9716,77.5946,warm_humid,3.0,3.0,2.6,180.0,brick,0.23,puf_sandwich_panel,0.1,mineral_wool,0.05,north,1.2,1.5,0.75,3.5,31.908,34.95,0.3393,19.438
Bengaluru,12.9716,77.5946,warm_humid,3.0,3.0,2.6,135.0,puf_sandwich_panel,0.05,rcc_slab,0.1,mineral_wool,0.05,east,0.6,0.6,0.75,5.8,31.407,34.95,0.5417,19.508
Bengaluru,12.9716,77.5946,warm_humid,3.0,3.0,2.6,135.0,puf_sandwich_panel,0.15,puf_sandwich_panel,0.075,eps,0.1,south,1.2,0.9,0.75,5.8,31.025,35.204,0.6131,19.586
Bengaluru,12.9716,77.5946,warm_humid,3.0,3.0,2.6,0.0,gi_sheet,0.002,puf_sandwich_panel,0.05,mineral_wool,0.05,south,1.5,0.9,0.75,3.5,32.911,40.349,0.4405,19.565
Bengaluru,12.9716,77.5946,warm_humid,3.0,3.0,2.6,0.0,brick,0.115,rcc_slab,0.15,mineral_wool,0.05,south,1.5,0.9,0.45,2.6,32.096,35.277,0.381,19.446
Bengaluru,12.9716,77.5946,warm_humid,3.0,3.0,2.6,90.0,gi_sheet,0.002,gi_sheet,0.002,none,0.0,south,1.2,1.2,0.55,5.8,36.259,53.35,0.4405,14.453
Bengaluru,12.9716,77.5946,warm_humid,3.0,3.0,2.6,90.0,gi_sheet,0.002,gi_sheet,0.002,mineral_wool,0.05,north,1.8,1.2,0.45,5.8,33.314,40.416,0.4167,19.528
Bengaluru,12.9716,77.5946,warm_humid,3.0,3.0,2.6,0.0,gi_sheet,0.002,brick,0.23,mineral_wool,0.05,north,0.6,1.5,0.75,3.5,32.394,36.522,0.3988,19.474
Bengaluru,12.9716,77.5946,warm_humid,3.0,3.0,2.6,0.0,rammed_earth,0.15,concrete,0.1,mineral_wool,0.05,east,1.5,0.9,0.85,5.8,32.841,36.228,0.256,19.445
Bengaluru,12.9716,77.5946,warm_humid,3.0,3.0,2.6,135.0,concrete,0.3,concrete,0.1,none,0.0,south,1.5,0.9,0.75,5.8,35.383,40.537,0.125,19.427
Bengaluru,12.9716,77.5946,warm_humid,3.0,3.0,2.6,135.0,concrete,0.2,concrete,0.15,eps,0.05,south,1.8,0.9,0.75,5.8,31.899,35.175,0.3631,19.433
Bengaluru,12.9716,77.5946,warm_humid,3.0,3.0,2.6,90.0,plywood,0.03,concrete,0.1,none,0.0,west,1.5,0.6,0.65,5.8,36.159,48.859,0.3512,17.262
Bengaluru,12.9716,77.5946,warm_humid,3.0,3.0,2.6,180.0,gi_sheet,0.002,puf_sandwich_panel,0.05,none,0.0,north,0.6,1.2,0.75,2.6,34.851,47.896,0.4643,14.957
Bengaluru,12.9716,77.5946,warm_humid,3.0,3.0,2.6,90.0,brick,0.23,puf_sandwich_panel,0.1,eps,0.025,west,1.8,1.5,0.85,2.6,32.545,36.191,0.2976,19.439
Bengaluru,12.9716,77.5946,warm_humid,3.0,3.0,2.6,90.0,plywood,0.03,puf_sandwich_panel,0.1,eps,0.025,west,0.9,0.6,0.65,3.5,32.162,38.111,0.506,19.568
Bengaluru,12.9716,77.5946,warm_humid,3.0,3.0,2.6,0.0,puf_sandwich_panel,0.05,rcc_slab,0.1,mineral_wool,0.1,north,1.2,0.9,0.75,2.6,31.204,34.311,0.5774,19.505
Bengaluru,12.9716,77.5946,warm_humid,3.0,3.0,2.6,45.0,puf_sandwich_panel,0.15,puf_sandwich_panel,0.075,eps,0.05,east,1.8,0.9,0.75,2.6,32.527,37.628,0.4643,19.589
Bengaluru,12.9716,77.5946,warm_humid,3.0,3.0,2.6,180.0,brick,0.23,rcc_slab,0.1,eps,0.025,south,1.8,1.5,0.65,5.8,32.978,36.638,0.2619,19.436
Bengaluru,12.9716,77.5946,warm_humid,3.0,3.0,2.6,45.0,concrete,0.2,gi_sheet,0.002,mineral_wool,0.05,west,0.9,1.5,0.45,5.8,31.5,34.484,0.4345,19.437
Bengaluru,12.9716,77.5946,warm_humid,3.0,3.0,2.6,0.0,gi_sheet,0.002,puf_sandwich_panel,0.1,none,0.0,north,0.6,0.9,0.85,3.5,34.735,47.503,0.4643,14.984
Bengaluru,12.9716,77.5946,warm_humid,3.0,3.0,2.6,45.0,puf_sandwich_panel,0.075,gi_sheet,0.002,mineral_wool,0.1,north,0.9,1.2,0.85,3.5,31.867,36.257,0.5,19.573
Bengaluru,12.9716,77.5946,warm_humid,3.0,3.0,2.6,135.0,brick,0.115,gi_sheet,0.002,eps,0.05,south,1.8,1.2,0.55,5.8,32.714,36.623,0.3214,19.459
Bengaluru,12.9716,77.5946,warm_humid,3.0,3.0,2.6,135.0,plywood,0.012,puf_sandwich_panel,0.1,eps,0.1,north,1.2,0.6,0.75,2.6,32.006,36.923,0.4821,19.583
Bengaluru,12.9716,77.5946,warm_humid,3.0,3.0,2.6,180.0,concrete,0.15,rcc_slab,0.2,none,0.0,north,0.6,1.5,0.75,3.5,35.605,41.938,0.1548,19.436
Bengaluru,12.9716,77.5946,warm_humid,3.0,3.0,2.6,45.0,brick,0.115,brick,0.115,mineral_wool,0.05,north,1.8,1.2,0.85,5.8,33.58,37.495,0.1905,19.45
Bengaluru,12.9716,77.5946,warm_humid,3.0,3.0,2.6,45.0,brick,0.23,concrete,0.2,eps,0.05,west,1.5,0.6,0.55,3.5,31.017,33.979,0.506,19.432
Bengaluru,12.9716,77.5946,warm_humid,3.0,3.0,2.6,45.0,puf_sandwich_panel,0.05,brick,0.23,eps,0.1,west,1.5,1.2,0.35,3.5,30.972,33.779,0.631,19.479
Bengaluru,12.9716,77.5946,warm_humid,3.0,3.0,2.6,180.0,brick,0.345,gi_sheet,0.002,none,0.0,east,1.2,1.5,0.65,5.8,35.416,40.629,0.125,19.43
Bengaluru,12.9716,77.5946,warm_humid,3.0,3.0,2.6,135.0,puf_sandwich_panel,0.1,brick,0.115,eps,0.025,west,1.5,0.9,0.85,3.5,33.204,38.283,0.3571,19.511
Bengaluru,12.9716,77.5946,warm_humid,3.0,3.0,2.6,90.0,puf_sandwich_panel,0.1,rcc_slab,0.2,mineral_wool,0.05,south,1.5,0.9,0.45,2.6,31.406,34.539,0.5417,19.476
Bengaluru,12.9716,77.5946,warm_humid,3.0,3.0,2.6,90.0,brick,0.115,brick,0.115,mineral_wool,0.025,east,0.6,1.5,0.55,5.8,33.073,36.968,0.256,19.45
Bengaluru,12.9716,77.5946,warm_humid,3.0,3.0,2.6,45.0,puf_sandwich_panel,0.075,brick,0.115,eps,0.025,west,0.9,1.5,0.65,3.5,32.624,37.72,0.4226,19.511
Bengaluru,12.9716,77.5946,warm_humid,3.0,3.0,2.6,45.0,rammed_earth,0.15,concrete,0.1,mineral_wool,0.025,west,0.6,1.2,0.85,3.5,32.749,36.396,0.2857,19.444
Bengaluru,12.9716,77.5946,warm_humid,3.0,3.0,2.6,180.0,gi_sheet,0.002,concrete,0.15,none,0.0,east,1.5,1.2,0.65,2.6,36.113,50.145,0.3869,15.324
Bengaluru,12.9716,77.5946,warm_humid,3.0,3.0,2.6,135.0,brick,0.23,brick,0.23,eps,0.025,east,1.5,1.5,0.75,2.6,33.129,36.94,0.25,19.433
Bengaluru,12.9716,77.5946,warm_humid,3.0,3.0,2.6,45.0,rammed_earth,0.3,brick,0.23,eps,0.05,north,1.2,0.9,0.85,2.6,31.1,34.214,0.4702,19.429
Bengaluru,12.9716,77.5946,warm_humid,3.0,3.0,2.6,135.0,plywood,0.05,brick,0.23,mineral_wool,0.05,west,1.8,1.5,0.75,5.8,33.757,38.267,0.256,19.471
Bengaluru,12.9716,77.5946,warm_humid,3.0,3.0,2.6,0.0,puf_sandwich_panel,0.075,rcc_slab,0.25,mineral_wool,0.05,west,0.9,0.6,0.65,2.6,31.0,33.637,0.631,19.467
Bengaluru,12.9716,77.5946,warm_humid,3.0,3.0,2.6,0.0,brick,0.345,rcc_slab,0.15,mineral_wool,0.1,east,1.2,1.2,0.75,2.6,30.772,33.913,0.5357,19.427
Bengaluru,12.9716,77.5946,warm_humid,3.0,3.0,2.6,45.0,concrete,0.15,gi_sheet,0.002,eps,0.025,east,1.8,0.9,0.85,5.8,33.976,38.194,0.1667,19.444
Bengaluru,12.9716,77.5946,warm_humid,3.0,3.0,2.6,0.0,puf_sandwich_panel,0.075,rcc_slab,0.2,eps,0.025,north,1.2,0.9,0.85,3.5,32.23,35.86,0.4107,19.477
Bengaluru,12.9716,77.5946,warm_humid,3.0,3.0,2.6,180.0,plywood,0.012,concrete,0.15,eps,0.025,east,1.2,0.6,0.45,5.8,33.35,39.147,0.369,19.488
Bengaluru,12.9716,77.5946,warm_humid,3.0,3.0,2.6,180.0,puf_sandwich_panel,0.15,concrete,0.2,eps,0.025,south,0.6,1.2,0.45,2.6,31.495,34.548,0.5357,19.476
Bengaluru,12.9716,77.5946,warm_humid,3.0,3.0,2.6,135.0,puf_sandwich_panel,0.15,rcc_slab,0.25,mineral_wool,0.05,west,1.5,0.9,0.35,5.8,31.055,33.606,0.6071,19.466
Bengaluru,12.9716,77.5946,warm_humid,3.0,3.0,2.6,45.0,plywood,0.03,rcc_slab,0.1,eps,0.025,east,0.9,1.2,0.55,2.6,33.612,39.874,0.3571,19.501
Bengaluru,12.9716,77.5946,warm_humid,3.0,3.0,2.6,135.0,plywood,0.019,rcc_slab,0.25,mineral_wool,0.025,east,0.9,0.9,0.75,5.8,33.274,38.002,0.3155,19.466
Bengaluru,12.9716,77.5946,warm_humid,3.0,3.0,2.6,135.0,concrete,0.2,concrete,0.1,mineral_wool,0.05,west,0.6,1.5,0.35,2.6,31.288,34.207,0.4583,19.434
Bengaluru,12.9716,77.5946,warm_humid,3.0,3.0,2.6,135.0,rammed_earth,0.15,gi_sheet,0.002,mineral_wool,0.025,north,1.5,0.6,0.45,5.8,32.805,36.541,0.2976,19.451
Bengaluru,12.9716,77.5946,warm_humid,3.0,3.0,2.6,0.0,gi_sheet,0.002,gi_sheet,0.002,none,0.0,south,1.2,1.5,0.75,5.8,36.441,53.965,0.4405,14.455
Bengaluru,12.9716,77.5946,warm_humid,3.0,3.0,2.6,135.0,gi_sheet,0.002,rcc_slab,0.2,eps,0.025,north,0.9,1.5,0.65,2.6,33.909,39.519,0.3095,19.473
Bengaluru,12.9716,77.5946,warm_humid,3.0,3.0,2.6,0.0,plywood,0.019,gi_sheet,0.002,eps,0.025,north,1.5,1.5,0.75,2.6,34.038,43.557,0.4167,18.758
Bengaluru,12.9716,77.5946,warm_humid,3.0,3.0,2.6,180.0,rammed_earth,0.3,rcc_slab,0.15,eps,0.1,east,0.9,1.5,0.35,5.8,30.015,32.684,0.8214,19.43
Bengaluru,12.9716,77.5946,warm_humid,3.0,3.0,2.6,0.0,concrete,0.2,rcc_slab,0.25,mineral_wool,0.1,east,1.5,0.6,0.35,2.6,30.193,32.904,0.7738,19.43
Bengaluru,12.9716,77.5946,warm_humid,3.0,3.0,2.6,0.0,brick,0.345,concrete,0.15,mineral_wool,0.05,north,1.8,0.9,0.55,3.5,30.668,33.782,0.5536,19.427
Bengaluru,12.9716,77.5946,warm_humid,3.0,3.0,2.6,0.0,puf_sandwich_panel,0.15,rcc_slab,0.25,none,0.0,south,1.8,0.6,0.75,3.5,34.694,40.476,0.1905,19.467
Bengaluru,12.9716,77.5946,warm_humid,3.0,3.0,2.6,135.0,plywood,0.012,concrete,0.15,mineral_wool,0.05,north,1.8,1.2,0.35,5.8,32.922,37.633,0.375,19.487
Bengaluru,12.9716,77.5946,warm_humid,3.0,3.0,2.6,180.0,gi_sheet,0.002,puf_sandwich_panel,0.05,mineral_wool,0.05,south,1.5,1.2,0.35,5.8,32.365,38.455,0.4702,19.565
Bengaluru,12.9716,77.5946,warm_humid,3.0,3.0,2.6,45.0,gi_sheet,0.002,concrete,0.1,eps,0.1,east,1.2,0.6,0.45,3.5,31.74,35.588,0.4702,19.5
Bengaluru,12.9716,77.5946,warm_humid,3.0,3.0,2.6,45.0,gi_sheet,0.002,brick,0.115,mineral_wool,0.025,south,1.5,1.5,0.55,3.5,34.078,42.261,0.369,19.502
Bengaluru,12.9716,77.5946,warm_humid,3.0,3.0,2.6,0.0,plywood,0.019,puf_sandwich_panel,0.075,none,0.0,north,1.2,0.6,0.65,2.6,34.167,45.052,0.4464,16.69
Bengaluru,12.9716,77.5946,warm_humid,3.0,3.0,2.6,90.0,plywood,0.019,gi_sheet,0.002,eps,0.1,south,0.6,0.9,0.45,3.5,31.398,36.122,0.5536,19.569
Bengaluru,12.9716,77.5946,warm_humid,3.0,3.0,2.6,45.0,concrete,0.2,rcc_slab,0.2,none,0.0,north,0.6,0.9,0.75,5.8,35.32,40.768,0.125,19.431
Bengaluru,12.9716,77.5946,warm_humid,3.0,3.0,2.6,0.0,gi_sheet,0.002,puf_sandwich_panel,0.05,none,0.0,east,0.6,1.2,0.75,2.6,34.903,47.774,0.4583,14.957
Bengaluru,12.9716,77.5946,warm_humid,3.0,3.0,2.6,135.0,concrete,0.2,concrete,0.1,mineral_wool,0.05,north,1.2,0.9,0.65,5.8,31.884,35.002,0.3571,19.434
Bengaluru,12.9716,77.5946,warm_humid,3.0,3.0,2.6,0.0,concrete,0.2,concrete,0.1,mineral_wool,0.025,east,0.9,0.6,0.55,2.6,32.385,35.774,0.2917,19.433
Bengaluru,12.9716,77.5946,warm_humid,3.0,3.0,2.6,135.0,plywood,0.05,gi_sheet,0.002,eps,0.025,north,1.2,1.2,0.45,2.6,33.53,40.986,0.4167,19.547
Bengaluru,12.9716,77.5946,warm_humid,3.0,3.0,2.6,45.0,rammed_earth,0.45,puf_sandwich_panel,0.075,mineral_wool,0.1,west,1.2,1.5,0.55,2.6,29.642,32.478,0.8869,19.426
Bengaluru,12.9716,77.5946,warm_humid,3.0,3.0,2.6,135.0,plywood,0.03,puf_sandwich_panel,0.075,mineral_wool,0.1,south,1.2,1.2,0.55,3.5,31.725,36.633,0.506,19.557
Bengaluru,12.9716,77.5946,warm_humid,3.0,3.0,2.6,90.0,gi_sheet,0.002,brick,0.115,mineral_wool,0.05,west,1.8,0.9,0.75,5.8,32.869,38.22,0.3988,19.501
Bengaluru,12.9716,77.5946,warm_humid,3.0,3.0,2.6,90.0,concrete,0.2,gi_sheet,0.002,mineral_wool,0.1,south,1.5,1.2,0.65,5.8,31.382,34.374,0.4583,19.437
Bengaluru,12.9716,77.5946,warm_humid,3.0,3.0,2.6,45.0,concrete,0.15,puf_sandwich_panel,0.15,mineral_wool,0.05,west,1.2,1.2,0.85,3.5,31.884,35.005,0.381,19.444
Bengaluru,12.9716,77.5946,warm_humid,3.0,3.0,2.6,45.0,puf_sandwich_panel,0.075,rcc_slab,0.25,mineral_wool,0.025,south,1.8,1.2,0.75,2.6,33.272,37.808,0.2857,19.468
Bengaluru,12.9716,77.5946,warm_humid,3.0,3.0,2.6,135.0,brick,0.23,concrete,0.15,eps,0.1,north,1.8,0.9,0.55,3.5,31.201,34.074,0.4524,19.433
Bengaluru,12.9716,77.5946,warm_humid,3.0,3.0,2.6,45.0,brick,0.23,rcc_slab,0.25,mineral_wool,0.1,west,1.8,0.9,0.45,2.6,30.343,33.126,0.7024,19.431
Bengaluru,12.9716,77.5946,warm_humid,3.0,3.0,2.6,180.0,gi_sheet,0.002,gi_sheet,0.002,mineral_wool,0.025,north,1.5,0.9,0.55,2.6,33.895,43.081,0.4167,18.577
Bengaluru,12.9716,77.5946,warm_humid,3.0,3.0,2.6,90.0,plywood,0.03,concrete,0.2,none,0.0,north,0.6,0.6,0.45,2.6,35.488,44.777,0.3095,18.843
Bengaluru,12.9716,77.5946,warm_humid,3.0,3.0,2.6,45.0,concrete,0.15,puf_sandwich_panel,0.05,mineral_wool,0.025,east,0.6,1.2,0.75,3.5,32.386,35.677,0.3214,19.444
Bengaluru,12.9716,77.5946,warm_humid,3.0,3.0,2.6,90.0,gi_sheet,0.002,rcc_slab,0.2,eps,0.1,west,1.5,0.9,0.35,2.6,31.335,34.378,0.5476,19.473
Bengaluru,12.9716,77.5946,warm_humid,3.0,3.0,2.6,45.0,concrete,0.1,brick,0.115,mineral_wool,0.1,west,0.9,0.9,0.45,2.6,31.048,33.688,0.5952,19.448
Bengaluru,12.9716,77.5946,warm_humid,3.0,3.0,2.6,135.0,gi_sheet,0.002,puf_sandwich_panel,0.15,eps,0.1,north,0.6,1.5,0.35,3.5,31.669,36.242,0.5119,19.565
Bengaluru,12.9716,77.5946,warm_humid,3.0,3.0,2.6,45.0,concrete,0.2,concrete,0.15,eps,0.1,west,0.9,0.6,0.65,5.8,30.185,32.837,0.7917,19.432
Bengaluru,12.9716,77.5946,warm_humid,3.0,3.0,2.6,45.0,plywood,0.019,gi_sheet,0.002,mineral_wool,0.05,south,1.8,1.5,0.35,5.8,32.942,41.238,0.4405,19.568
Bengaluru,12.9716,77.5946,warm_humid,3.0,3.0,2.6,135.0,concrete,0.15,puf_sandwich_panel,0.15,eps,0.025,south,1.8,1.2,0.35,2.6,32.158,35.454,0.3929,19.445
Bengaluru,12.9716,77.5946,warm_humid,3.0,3.0,2.6,135.0,puf_sandwich_panel,0.1,puf_sandwich_panel,0.075,eps,0.05,south,0.6,1.5,0.55,3.5,30.813,34.8,0.631,19.594
Bengaluru,12.9716,77.5946,warm_humid,3.0,3.0,2.6,45.0,gi_sheet,0.002,puf_sandwich_panel,0.1,eps,0.05,west,1.8,0.9,0.75,5.8,32.76,40.291,0.4405,19.569
Bengaluru,12.9716,77.5946,warm_humid,3.0,3.0,2.6,45.0,brick,0.345,concrete,0.1,none,0.0,west,0.9,0.9,0.55,5.8,34.794,39.458,0.1607,19.428
Bengaluru,12.9716,77.5946,warm_humid,3.0,3.0,2.6,180.0,rammed_earth,0.3,gi_sheet,0.002,mineral_wool,0.05,east,0.6,0.9,0.85,2.6,30.862,33.716,0.5952,19.433
Bengaluru,12.9716,77.5946,warm_humid,3.0,3.0,2.6,135.0,puf_sandwich_panel,0.1,puf_sandwich_panel,0.1,eps,0.1,west,1.2,1.5,0.85,2.6,32.502,37.469,0.4524,19.59
Bengaluru,12.9716,77.5946,warm_humid,3.0,3.0,2.6,0.0,concrete,0.1,rcc_slab,0.15,mineral_wool,0.05,south,1.2,1.5,0.35,3.5,32.14,35.397,0.381,19.445
Bengaluru,12.9716,77.5946,warm_humid,3.0,3.0,2.6,90.0,gi_sheet,0.002,brick,0.115,mineral_wool,0.05,west,1.2,1.5,0.45,5.8,32.539,37.606,0.4405,19.501
Bengaluru,12.9716,77.5946,warm_humid,3.0,3.0,2.6,0.0,plywood,0.03,brick,0.23,mineral_wool,0.1,south,1.8,0.9,0.35,5.8,31.479,34.564,0.5298,19.473
Bengaluru,12.9716,77.5946,warm_humid,3.0,3.0,2.6,135.0,puf_sandwich_panel,0.075,puf_sandwich_panel,0.05,none,0.0,east,0.6,1.5,0.65,2.6,31.651,37.429,0.5298,19.6
Bengaluru,12.9716,77.5946,warm_humid,3.0,3.0,2.6,135.0,plywood,0.019,gi_sheet,0.002,eps,0.1,west,0.9,1.2,0.45,2.6,31.885,36.785,0.5,19.569
Bengaluru,12.9716,77.5946,warm_humid,3.0,3.0,2.6,135.0,gi_sheet,0.002,gi_sheet,0.002,mineral_wool,0.1,south,0.6,0.6,0.55,3.5,31.65,36.261,0.5179,19.551
Bengaluru,12.9716,77.5946,warm_humid,3.0,3.0,2.6,90.0,gi_sheet,0.002,gi_sheet,0.002,mineral_wool,0.05,east,0.6,0.9,0.65,3.5,32.451,38.826,0.4524,19.558
Bengaluru,12.9716,77.5946,warm_humid,3.0,3.0,2.6,135.0,gi_sheet,0.002,rcc_slab,0.15,mineral_wool,0.1,west,1.2,0.9,0.85,2.6,32.407,36.131,0.3869,19.482
Bengaluru,12.9716,77.5946,warm_humid,3.0,3.0,2.6,90.0,plywood,0.05,puf_sandwich_panel,0.15,mineral_wool,0.025,east,1.5,0.9,0.85,3.5,32.9,39.356,0.4345,19.549
Bengaluru,12.9716,77.5946,warm_humid,3.0,3.0,2.6,0.0,concrete,0.2,brick,0.23,eps,0.025,north,0.9,1.5,0.85,3.5,32.429,35.926,0.3036,19.432
Bengaluru,12.9716,77.5946,warm_humid,3.0,3.0,2.6,180.0,rammed_earth,0.3,brick,0.23,none,0.0,south,1.8,1.5,0.85,2.6,34.143,38.465,0.1964,19.43
Bengaluru,12.9716,77.5946,warm_humid,3.0,3.0,2.6,0.0,concrete,0.1,rcc_slab,0.2,eps,0.05,west,1.2,0.9,0.35,3.5,31.802,34.897,0.3988,19.442
Bengaluru,12.9716,77.5946,warm_humid,3.0,3.0,2.6,135.0,rammed_earth,0.45,brick,0.23,eps,0.05,west,1.8,1.5,0.65,3.5,31.268,34.765,0.4643,19.425
Bengaluru,12.9716,77.5946,warm_humid,3.0,3.0,2.6,45.0,puf_sandwich_panel,0.15,brick,0.23,eps,0.1,south,1.2,1.5,0.55,3.5,31.477,34.653,0.5417,19.477
Bengaluru,12.9716,77.5946,warm_humid,3.0,3.0,2.6,180.0,rammed_earth,0.15,brick,0.23,eps,0.05,east,1.2,0.9,0.35,2.6,31.426,34.286,0.4762,19.44
Bengaluru,12.9716,77.5946,warm_humid,3.0,3.0,2.6,45.0,concrete,0.2,concrete,0.1,eps,0.05,west,1.8,1.5,0.45,3.5,31.934,35.176,0.3452,19.435
Bengaluru,12.9716,77.5946,warm_humid,3.0,3.0,2.6,45.0,plywood,0.019,puf_sandwich_panel,0.075,mineral_wool,0.05,south,0.9,0.9,0.55,5.8,32.048,38.126,0.506,19.573
Bengaluru,12.9716,77.5946,warm_humid,3.0,3.0,2.6,0.0,gi_sheet,0.002,rcc_slab,0.15,eps,0.05,north,1.5,1.2,0.45,3.5,32.547,37.304,0.4226,19.485
Bengaluru,12.9716,77.5946,warm_humid,3.0,3.0,2.6,180.0,brick,0.23,concrete,0.2,eps,0.05,north,1.5,0.9,0.65,5.8,31.57,34.689,0.4167,19.432
Bengaluru,12.9716,77.5946,warm_humid,3.0,3.0,2.6,45.0,concrete,0.2,puf_sandwich_panel,0.05,mineral_wool,0.1,east,0.9,1.5,0.75,5.8,31.437,34.28,0.4286,19.437
Bengaluru,12.9716,77.5946,warm_humid,3.0,3.0,2.6,135.0,puf_sandwich_panel,0.1,gi_sheet,0.002,mineral_wool,0.1,west,1.2,1.5,0.85,3.5,32.748,37.937,0.4167,19.571
Bengaluru,12.9716,77.5946,warm_humid,3.0,3.0,2.6,0.0,brick,0.23,brick,0.23,mineral_wool,0.05,north,0.6,1.2,0.85,3.5,30.997,33.967,0.506,19.432
Bengaluru,12.9716,77.5946,warm_humid,3.0,3.0,2.6,45.0,brick,0.115,gi_sheet,0.002,mineral_wool,0.025,east,1.2,1.2,0.45,3.5,33.464,37.941,0.2738,19.458
Bengaluru,12.9716,77.5946,warm_humid,3.0,3.0,2.6,90.0,rammed_earth,0.15,brick,0.115,mineral_wool,0.05,east,1.5,1.5,0.45,2.6,32.204,35.426,0.3512,19.446
Bengaluru,12.9716,77.5946,warm_humid,3.0,3.0,2.6,135.0,gi_sheet,0.002,concrete,0.2,none,0.0,south,0.9,0.6,0.85,5.8,35.891,48.299,0.3631,15.731
Bengaluru,12.9716,77.5946,warm_humid,3.0,3.0,2.6,180.0,puf_sandwich_panel,0.15,puf_sandwich_panel,0.15,eps,0.025,east,1.8,0.9,0.55,2.6,31.385,36.859,0.5655,19.589
Bengaluru,12.9716,77.5946,warm_humid,3.0,3.0,2.6,135.0,concrete,0.2,gi_sheet,0.002,eps,0.025,east,0.9,1.5,0.45,2.6,32.669,36.198,0.2798,19.437
Bengaluru,12.9716,77.5946,warm_humid,3.0,3.0,2.6,0.0,concrete,0.15,gi_sheet,0.002,mineral_wool,0.1,east,1.2,1.5,0.45,3.5,31.734,34.607,0.4167,19.444
Bengaluru,12.9716,77.5946,warm_humid,3.0,3.0,2.6,135.0,concrete,0.3,brick,0.115,none,0.0,south,0.9,0.6,0.75,2.6,34.715,39.392,0.1488,19.427
Bengaluru,12.9716,77.5946,warm_humid,3.0,3.0,2.6,90.0,plywood,0.019,concrete,0.2,eps,0.1,north,0.6,0.6,0.85,5.8,31.302,34.078,0.5655,19.474
Bengaluru,12.9716,77.5946,warm_humid,3.0,3.0,2.6,90.0,concrete,0.2,rcc_slab,0.2,mineral_wool,0.1,north,1.8,1.5,0.45,2.6,31.571,34.606,0.4048,19.432
Bengaluru,12.9716,77.5946,warm_humid,3.0,3.0,2.6,135.0,rammed_earth,0.3,puf_sandwich_panel,0.05,eps,0.025,north,0.6,0.9,0.35,2.6,30.766,33.484,0.625,19.433
Bengaluru,12.9716,77.5946,warm_humid,3.0,3.0,2.6,90.0,plywood,0.03,rcc_slab,0.2,mineral_wool,0.025,west,1.2,0.6,0.85,3.5,32.983,37.548,0.3512,19.473
Bengaluru,12.9716,77.5946,warm_humid,3.0,3.0,2.6,0.0,gi_sheet,0.002,puf_sandwich_panel,0.05,eps,0.025,west,1.5,1.5,0.55,2.6,33.501,43.85,0.4405,18.679
Bengaluru,12.9716,77.5946,warm_humid,3.0,3.0,2.6,45.0,puf_sandwich_panel,0.05,brick,0.23,mineral_wool,0.05,east,0.9,0.6,0.85,2.6,31.591,34.555,0.506,19.478
Bengaluru,12.9716,77.5946,warm_humid,3.0,3.0,2.6,135.0,rammed_earth,0.45,concrete,0.1,eps,0.1,east,0.9,1.2,0.45,2.6,29.345,32.133,0.9643,19.425
Bengaluru,12.9716,77.5946,warm_humid,3.0,3.0,2.6,135.0,plywood,0.03,gi_sheet,0.002,eps,0.1,south,0.6,0.6,0.65,5.8,31.353,35.594,0.5536,19.559
Bengaluru,12.9716,77.5946,warm_humid,3.0,3.0,2.6,0.0,rammed_earth,0.3,concrete,0.2,eps,0.05,south,1.2,0.9,0.75,5.8,30.958,34.032,0.5238,19.429
Bengaluru,12.9716,77.5946,warm_humid,3.0,3.0,2.6,0.0,gi_sheet,0.002,rcc_slab,0.15,mineral_wool,0.025,west,1.5,0.6,0.75,2.6,33.601,39.99,0.3512,19.484
Bengaluru,12.9716,77.5946,warm_humid,3.0,3.0,2.6,180.0,rammed_earth,0.3,concrete,0.15,mineral_wool,0.025,south,0.6,0.6,0.85,3.5,31.386,34.547,0.4286,19.43
Bengaluru,12.9716,77.5946,warm_humid,3.0,3.0,2.6,180.0,concrete,0.15,concrete,0.15,eps,0.025,west,0.9,1.2,0.85,3.5,33.423,37.172,0.2262,19.437
Bengaluru,12.9716,77.5946,warm_humid,3.0,3.0,2.6,90.0,rammed_earth,0.3,gi_sheet,0.002,eps,0.1,east,0.9,1.5,0.55,3.5,30.445,33.103,0.6845,19.433
Bengaluru,12.9716,77.5946,warm_humid,3.0,3.0,2.6,0.0,gi_sheet,0.002,brick,0.23,none,0.0,east,1.5,1.2,0.35,5.8,35.363,46.764,0.369,15.91
Bengaluru,12.9716,77.5946,warm_humid,3.0,3.0,2.6,0.0,gi_sheet,0.002,rcc_slab,0.2,eps,0.05,west,1.2,0.9,0.35,5.8,32.275,36.475,0.4286,19.473
Bengaluru,12.9716,77.5946,warm_humid,3.0,3.0,2.6,180.0,concrete,0.2,rcc_slab,0.1,eps,0.1,east,1.5,0.6,0.35,3.5,30.48,33.116,0.6964,19.434
Bengaluru,12.9716,77.5946,warm_humid,3.0,3.0,2.6,0.0,brick,0.23,rcc_slab,0.15,mineral_wool,0.025,west,1.8,1.2,0.45,3.5,32.574,36.123,0.2738,19.434
Bengaluru,12.9716,77.5946,warm_humid,3.0,3.0,2.6,45.0,brick,0.23,gi_sheet,0.002,mineral_wool,0.1,south,1.8,1.2,0.45,5.8,31.206,34.056,0.5238,19.438
Bengaluru,12.9716,77.5946,warm_humid,3.0,3.0,2.6,45.0,puf_sandwich_panel,0.05,concrete,0.1,mineral_wool,0.05,east,0.9,1.5,0.35,3.5,31.841,35.679,0.4702,19.508
Bengaluru,12.9716,77.5946,warm_humid,3.0,3.0,2.6,90.0,concrete,0.3,gi_sheet,0.002,eps,0.1,east,1.5,1.2,0.75,5.8,30.95,34.047,0.5238,19.429
Bengaluru,12.9716,77.5946,warm_humid,3.0,3.0,2.6,90.0,puf_sandwich_panel,0.15,gi_sheet,0.002,eps,0.025,west,1.5,1.2,0.45,2.6,32.276,38.434,0.5,19.582
Bengaluru,12.9716,77.5946,warm_humid,3.0,3.0,2.6,0.0,brick,0.115,brick,0.23,none,0.0,east,1.2,1.5,0.75,2.6,35.788,42.337,0.1607,19.444
Bengaluru,12.9716,77.5946,warm_humid,3.0,3.0,2.6,0.0,concrete,0.15,brick,0.115,mineral_wool,0.1,west,0.9,0.9,0.35,3.5,30.691,33.287,0.6905,19.439
Bengaluru,12.9716,77.5946,warm_humid,3.0,3.0,2.6,0.0,puf_sandwich_panel,0.15,puf_sandwich_panel,0.15,mineral_wool,0.1,west,0.6,0.6,0.35,3.5,29.919,32.428,0.9167,19.572
Bengaluru,12.9716,77.5946,warm_humid,3.0,3.0,2.6,0.0,rammed_earth,0.45,concrete,0.2,eps,0.1,west,0.6,1.2,0.65,2.6,29.073,31.869,1.0,19.424
Bengaluru,12.9716,77.5946,warm_humid,3.0,3.0,2.6,180.0,brick,0.345,rcc_slab,0.1,eps,0.1,east,0.9,1.5,0.85,3.5,30.597,33.715,0.5655,19.428
Bengaluru,12.9716,77.5946,warm_humid,3.0,3.0,2.6,90.0,brick,0.23,brick,0.115,eps,0.025,south,1.5,1.2,0.45,5.8,32.517,36.008,0.2798,19.435
Bengaluru,12.9716,77.5946,warm_humid,3.0,3.0,2.6,180.0,concrete,0.2,rcc_slab,0.25,none,0.0,north,0.6,1.2,0.65,5.8,35.022,40.178,0.1429,19.43
Bengaluru,12.9716,77.5946,warm_humid,3.0,3.0,2.6,45.0,rammed_earth,0.15,gi_sheet,0.002,mineral_wool,0.1,south,0.9,1.2,0.85,2.6,31.563,34.491,0.4821,19.45
Bengaluru,12.9716,77.5946,warm_humid,3.0,3.0,2.6,0.0,plywood,0.012,puf_sandwich_panel,0.1,eps,0.05,south,0.6,1.5,0.45,2.6,32.054,38.288,0.5119,19.586
Bengaluru,12.9716,77.5946,warm_humid,3.0,3.0,2.6,45.0,puf_sandwich_panel,0.075,concrete,0.15,mineral_wool,0.025,north,1.8,1.2,0.55,5.8,33.057,37.641,0.3452,19.49
Bengaluru,12.9716,77.5946,warm_humid,3.0,3.0,2.6,135.0,gi_sheet,0.002,rcc_slab,0.1,none,0.0,west,1.2,0.6,0.45,2.6,36.188,50.972,0.4167,14.956
Bengaluru,12.9716,77.5946,warm_humid,3.0,3.0,2.6,135.0,brick,0.115,brick,0.115,eps,0.1,west,1.2,1.5,0.45,5.8,31.742,34.595,0.4405,19.45
Bengaluru,12.9716,77.5946,warm_humid,3.0,3.0,2.6,180.0,brick,0.23,rcc_slab,0.15,none,0.0,east,0.6,1.5,0.55,5.8,35.18,40.35,0.125,19.433
Bengaluru,12.9716,77.5946,warm_humid,3.0,3.0,2.6,135.0,gi_sheet,0.002,gi_sheet,0.002,eps,0.05,west,0.6,1.5,0.65,3.5,32.921,39.575,0.4286,19.562
Bengaluru,12.9716,77.5946,warm_humid,3.0,3.0,2.6,45.0,puf_sandwich_panel,0.05,puf_sandwich_panel,0.1,eps,0.05,west,0.9,0.9,0.35,5.8,30.712,34.639,0.6369,19.598
Bengaluru,12.9716,77.5946,warm_humid,3.0,3.0,2.6,45.0,rammed_earth,0.15,gi_sheet,0.002,mineral_wool,0.1,south,1.5,0.6,0.75,5.8,31.245,33.985,0.5476,19.45
Bengaluru,12.9716,77.5946,warm_humid,3.0,3.0,2.6,180.0,rammed_earth,0.15,gi_sheet,0.002,mineral_wool,0.05,north,1.5,0.6,0.75,3.5,32.076,35.2,0.3988,19.451
Bengaluru,12.9716,77.5946,warm_humid,3.0,3.0,2.6,45.0,rammed_earth,0.45,rcc_slab,0.1,eps,0.1,south,0.9,1.5,0.45,5.8,29.497,32.339,0.9286,19.425
Bengaluru,12.9716,77.5946,warm_humid,3.0,3.0,2.6,0.0,gi_sheet,0.002,brick,0.115,mineral_wool,0.025,north,0.6,1.5,0.65,3.5,33.478,40.361,0.3869,19.502
Bengaluru,12.9716,77.5946,warm_humid,3.0,3.0,2.6,0.0,concrete,0.2,rcc_slab,0.25,none,0.0,north,0.9,0.6,0.55,3.5,34.918,40.009,0.1548,19.43
Bengaluru,12.9716,77.5946,warm_humid,3.0,3.0,2.6,135.0,rammed_earth,0.15,gi_sheet,0.002,eps,0.05,north,1.2,0.6,0.75,2.6,32.08,35.152,0.3869,19.451
Bengaluru,12.9716,77.5946,warm_humid,3.0,3.0,2.6,135.0,rammed_earth,0.15,concrete,0.15,mineral_wool,0.05,east,1.8,0.9,0.65,5.8,32.264,35.569,0.3333,19.442
Bengaluru,12.9716,77.5946,warm_humid,3.0,3.0,2.6,180.0,concrete,0.2,gi_sheet,0.002,mineral_wool,0.05,north,1.5,1.5,0.75,2.6,32.802,36.261,0.2679,19.437
Bengaluru,12.9716,77.5946,warm_humid,3.0,3.0,2.6,0.0,concrete,0.15,gi_sheet,0.002,mineral_wool,0.025,north,0.9,0.6,0.75,3.5,32.697,36.31,0.2976,19.443
Bengaluru,12.9716,77.5946,warm_humid,3.0,3.0,2.6,90.0,rammed_earth,0.45,concrete,0.1,eps,0.025,north,0.6,1.2,0.55,5.8,30.903,34.206,0.5179,19.425
Bengaluru,12.9716,77.5946,warm_humid,3.0,3.0,2.6,135.0,rammed_earth,0.15,gi_sheet,0.002,mineral_wool,0.025,north,1.8,0.6,0.35,3.5,32.753,36.482,0.3095,19.451
Bengaluru,12.9716,77.5946,warm_humid,3.0,3.0,2.6,45.0,brick,0.23,gi_sheet,0.002,eps,0.05,west,0.6,1.5,0.75,5.8,31.474,34.443,0.4286,19.437
Bengaluru,12.9716,77.5946,warm_humid,3.0,3.0,2.6,135.0,concrete,0.15,concrete,0.15,mineral_wool,0.05,west,0.6,0.6,0.35,5.8,31.335,34.181,0.4881,19.437
Bengaluru,12.9716,77.5946,warm_humid,3.0,3.0,2.6,0.0,concrete,0.2,concrete,0.1,eps,0.05,south,1.5,1.2,0.65,2.6,32.118,35.389,0.3214,19.434
Bengaluru,12.9716,77.5946,warm_humid,3.0,3.0,2.6,180.0,brick,0.345,concrete,0.1,eps,0.05,north,1.5,0.6,0.85,5.8,30.91,34.071,0.5238,19.428
Bengaluru,12.9716,77.5946,warm_humid,3.0,3.0,2.6,0.0,puf_sandwich_panel,0.15,puf_sandwich_panel,0.15,eps,0.05,east,1.5,0.6,0.45,5.8,30.766,33.992,0.6429,19.587
Bengaluru,12.9716,77.5946,warm_humid,3.0,3.0,2.6,0.0,concrete,0.1,puf_sandwich_panel,0.1,none,0.0,west,1.5,0.6,0.45,2.6,34.614,41.994,0.3155,18.829
Bengaluru,12.9716,77.5946,warm_humid,3.0,3.0,2.6,135.0,rammed_earth,0.3,gi_sheet,0.002,eps,0.025,west,1.5,0.9,0.55,3.5,32.115,35.368,0.3214,19.433
Bengaluru,12.9716,77.5946,warm_humid,3.0,3.0,2.6,180.0,concrete,0.1,brick,0.115,none,0.0,north,0.9,0.9,0.45,3.5,35.844,44.377,0.2619,19.067
Bengaluru,12.9716,77.5946,warm_humid,3.0,3.0,2.6,135.0,concrete,0.15,rcc_slab,0.1,mineral_wool,0.05,north,1.8,0.9,0.45,5.8,32.259,35.416,0.3155,19.44
Bengaluru,12.9716,77.5946,warm_humid,3.0,3.0,2.6,45.0,plywood,0.012,rcc_slab,0.15,mineral_wool,0.1,south,1.2,0.6,0.65,3.5,31.625,35.146,0.506,19.485
Bengaluru,12.9716,77.5946,warm_humid,3.0,3.0,2.6,45.0,brick,0.115,puf_sandwich_panel,0.075,mineral_wool,0.05,west,1.2,1.5,0.45,5.8,31.885,35.17,0.4583,19.459
Bengaluru,12.9716,77.5946,warm_humid,3.0,3.0,2.6,180.0,gi_sheet,0.002,brick,0.23,mineral_wool,0.1,east,1.5,0.6,0.75,5.8,32.107,35.708,0.4286,19.473
Bengaluru,12.9716,77.5946,warm_humid,3.0,3.0,2.6,135.0,gi_sheet,0.002,brick,0.23,eps,0.05,south,0.6,1.2,0.85,2.6,32.513,36.66,0.381,19.475
Bengaluru,12.9716,77.5946,warm_humid,3.0,3.0,2.6,135.0,concrete,0.2,rcc_slab,0.2,mineral_wool,0.025,west,1.5,0.6,0.55,2.6,32.318,35.713,0.2976,19.431
Bengaluru,12.9716,77.5946,warm_humid,3.0,3.0,2.6,0.0,puf_sandwich_panel,0.05,concrete,0.1,none,0.0,east,1.5,0.6,0.65,2.6,36.099,46.931,0.3095,19.51
Bengaluru,12.9716,77.5946,warm_humid,3.0,3.0,2.6,0.0,puf_sandwich_panel,0.15,concrete,0.15,mineral_wool,0.1,south,1.2,1.2,0.35,5.8,30.798,33.371,0.6726,19.486
Bengaluru,12.9716,77.5946,warm_humid,3.0,3.0,2.6,180.0,plywood,0.012,brick,0.23,eps,0.1,north,1.8,0.9,0.35,2.6,31.804,35.129,0.4583,19.477
Bengaluru,12.9716,77.5946,warm_humid,3.0,3.0,2.6,45.0,puf_sandwich_panel,0.075,concrete,0.1,eps,0.05,east,1.2,0.6,0.35,5.8,31.352,34.687,0.5417,19.509
Bengaluru,12.9716,77.5946,warm_humid,3.0,3.0,2.6,90.0,plywood,0.019,concrete,0.15,mineral_wool,0.05,north,0.9,0.9,0.55,3.5,32.427,36.506,0.4107,19.485
Bengaluru,12.9716,77.5946,warm_humid,3.0,3.0,2.6,180.0,rammed_earth,0.3,puf_sandwich_panel,0.05,eps,0.05,east,0.6,1.5,0.45,2.6,30.393,33.023,0.7143,19.433
Bengaluru,12.9716,77.5946,warm_humid,3.0,3.0,2.6,45.0,brick,0.115,puf_sandwich_panel,0.15,eps,0.025,north,0.6,1.5,0.85,2.6,32.662,36.315,0.3333,19.458
Bengaluru,12.9716,77.5946,warm_humid,3.0,3.0,2.6,90.0,concrete,0.2,gi_sheet,0.002,mineral_wool,0.025,west,0.9,0.6,0.45,2.6,32.175,35.446,0.3274,19.436
Bengaluru,12.9716,77.5946,warm_humid,3.0,3.0,2.6,135.0,plywood,0.05,brick,0.115,none,0.0,west,1.8,1.2,0.55,3.5,35.93,46.567,0.3274,18.481
Bengaluru,12.9716,77.5946,warm_humid,3.0,3.0,2.6,135.0,brick,0.23,concrete,0.2,none,0.0,west,1.5,0.6,0.85,5.8,35.18,40.155,0.125,19.432
Bengaluru,12.9716,77.5946,warm_humid,3.0,3.0,2.6,180.0,concrete,0.15,concrete,0.15,eps,0.025,east,0.9,0.6,0.55,2.6,32.624,36.097,0.2857,19.437
Bengaluru,12.9716,77.5946,warm_humid,3.0,3.0,2.6,45.0,rammed_earth,0.15,puf_sandwich_panel,0.15,none,0.0,west,1.5,0.9,0.75,2.6,33.773,39.024,0.2857,19.452
Bengaluru,12.9716,77.5946,warm_humid,3.0,3.0,2.6,135.0,rammed_earth,0.45,puf_sandwich_panel,0.05,mineral_wool,0.05,south,1.8,0.6,0.65,3.5,29.793,32.671,0.8452,19.426
Bengaluru,12.9716,77.5946,warm_humid,3.0,3.0,2.6,180.0,gi_sheet,0.002,concrete,0.15,eps,0.05,south,0.9,1.2,0.75,3.5,32.763,37.288,0.375,19.484
Bengaluru,12.9716,77.5946,warm_humid,3.0,3.0,2.6,180.0,gi_sheet,0.002,gi_sheet,0.002,none,0.0,west,1.5,1.5,0.75,5.8,36.661,53.693,0.4286,14.455
Bengaluru,12.9716,77.5946,warm_humid,3.0,3.0,2.6,45.0,gi_sheet,0.002,gi_sheet,0.002,eps,0.1,west,1.2,1.2,0.65,3.5,32.297,38.668,0.4762,19.561
Bengaluru,12.9716,77.5946,warm_humid,3.0,3.0,2.6,135.0,rammed_earth,0.3,concrete,0.2,eps,0.05,east,1.5,1.5,0.85,5.8,32.173,35.743,0.3095,19.43
Bengaluru,12.9716,77.5946,warm_humid,3.0,3.0,2.6,135.0,plywood,0.012,brick,0.115,none,0.0,west,1.2,1.2,0.85,2.6,36.393,49.956,0.375,16.169
Bengaluru,12.9716,77.5946,warm_humid,3.0,3.0,2.6,135.0,concrete,0.1,puf_sandwich_panel,0.1,none,0.0,south,1.8,0.6,0.45,5.8,34.759,42.277,0.3036,18.656
Bengaluru,12.9716,77.5946,warm_humid,3.0,3.0,2.6,0.0,plywood,0.019,concrete,0.1,eps,0.025,south,0.6,1.2,0.65,2.6,33.46,40.02,0.381,19.504
Bengaluru,12.9716,77.5946,warm_humid,3.0,3.0,2.6,135.0,rammed_earth,0.3,brick,0.23,none,0.0,south,1.2,0.6,0.65,5.8,33.459,37.445,0.244,19.429
Bengaluru,12.9716,77.5946,warm_humid,3.0,3.0,2.6,90.0,plywood,0.05,gi_sheet,0.002,mineral_wool,0.05,south,1.5,1.2,0.85,2.6,33.476,41.726,0.4048,19.543
Bengaluru,12.9716,77.5946,warm_humid,3.0,3.0,2.6,0.0,concrete,0.1,brick,0.115,mineral_wool,0.025,east,1.8,0.6,0.35,3.5,33.131,37.141,0.244,19.449
Bengaluru,12.9716,77.5946,warm_humid,3.0,3.0,2.6,90.0,plywood,0.019,puf_sandwich_panel,0.15,eps,0.1,east,1.8,0.6,0.75,3.5,31.889,37.078,0.5179,19.575
Bengaluru,12.9716,77.5946,warm_humid,3.0,3.0,2.6,0.0,puf_sandwich_panel,0.05,puf_sandwich_panel,0.075,eps,0.025,west,0.9,0.9,0.55,3.5,31.238,36.259,0.5833,19.6
Bengaluru,12.9716,77.5946,warm_humid,3.0,3.0,2.6,135.0,brick,0.115,gi_sheet,0.002,eps,0.1,west,0.9,0.6,0.75,5.8,31.319,33.947,0.5357,19.457
Bengaluru,12.9716,77.5946,warm_humid,3.0,3.0,2.6,90.0,brick,0.115,rcc_slab,0.1,mineral_wool,0.05,south,0.6,1.5,0.35,2.6,31.807,34.872,0.4286,19.449
Bengaluru,12.9716,77.5946,warm_humid,3.0,3.0,2.6,90.0,concrete,0.15,rcc_slab,0.2,eps,0.05,west,1.8,1.5,0.65,2.6,32.206,35.595,0.3333,19.437
Bengaluru,12.9716,77.5946,warm_humid,3.0,3.0,2.6,90.0,gi_sheet,0.002,puf_sandwich_panel,0.1,mineral_wool,0.025,west,0.6,1.2,0.65,3.5,32.56,39.522,0.4762,19.186
Bengaluru,12.9716,77.5946,warm_humid,3.0,3.0,2.6,135.0,brick,0.23,puf_sandwich_panel,0.075,eps,0.1,east,1.5,0.6,0.65,5.8,30.512,33.059,0.7024,19.438
Bengaluru,12.9716,77.5946,warm_humid,3.0,3.0,2.6,135.0,concrete,0.1,puf_sandwich_panel,0.05,none,0.0,west,1.5,0.6,0.65,2.6,34.937,42.608,0.2976,18.632
Bengaluru,12.9716,77.5946,warm_humid,3.0,3.0,2.6,45.0,concrete,0.15,rcc_slab,0.25,eps,0.1,south,1.2,1.5,0.45,5.8,31.024,33.888,0.5417,19.435
Bengaluru,12.9716,77.5946,warm_humid,3.0,3.0,2.6,0.0,puf_sandwich_panel,0.075,rcc_slab,0.1,eps,0.05,north,1.8,0.9,0.85,5.8,32.239,36.452,0.4405,19.509
Bengaluru,12.9716,77.5946,warm_humid,3.0,3.0,2.6,180.0,puf_sandwich_panel,0.15,puf_sandwich_panel,0.15,mineral_wool,0.1,south,0.6,1.2,0.55,2.6,30.225,33.004,0.7857,19.572
Bengaluru,12.9716,77.5946,warm_humid,3.0,3.0,2.6,45.0,gi_sheet,0.002,rcc_slab,0.2,eps,0.025,east,1.5,1.2,0.65,5.8,34.113,40.009,0.3036,19.473
Bengaluru,12.9716,77.5946,warm_humid,3.0,3.0,2.6,135.0,rammed_earth,0.15,gi_sheet,0.002,eps,0.05,south,0.6,1.5,0.45,5.8,31.664,34.639,0.4643,19.451
Bengaluru,12.9716,77.5946,warm_humid,3.0,3.0,2.6,135.0,plywood,0.019,gi_sheet,0.002,none,0.0,east,0.6,0.9,0.85,2.6,36.523,53.63,0.4405,15.539
Bengaluru,12.9716,77.5946,warm_humid,3.0,3.0,2.6,45.0,rammed_earth,0.3,puf_sandwich_panel,0.05,mineral_wool,0.05,north,1.5,0.6,0.55,5.8,30.487,33.136,0.6726,19.433
Bengaluru,12.9716,77.5946,warm_humid,3.0,3.0,2.6,0.0,brick,0.23,rcc_slab,0.15,eps,0.1,north,0.9,1.5,0.45,2.6,30.328,32.976,0.7143,19.433
Bengaluru,12.9716,77.5946,warm_humid,3.0,3.0,2.6,90.0,puf_sandwich_panel,0.15,brick,0.115,mineral_wool,0.025,north,1.2,0.9,0.75,3.5,32.985,37.699,0.3631,19.508
Bengaluru,12.9716,77.5946,warm_humid,3.0,3.0,2.6,90.0,gi_sheet,0.002,brick,0.23,none,0.0,south,1.8,1.2,0.75,2.6,35.726,48.083,0.369,15.957
Bengaluru,12.9716,77.5946,warm_humid,3.0,3.0,2.6,0.0,rammed_earth,0.3,concrete,0.2,eps,0.05,west,0.6,0.9,0.85,5.8,30.546,33.507,0.625,19.429
Bengaluru,12.9716,77.5946,warm_humid,3.0,3.0,2.6,90.0,gi_sheet,0.002,concrete,0.15,eps,0.025,north,1.5,0.6,0.45,2.6,33.363,39.117,0.369,19.485
Bengaluru,12.9716,77.5946,warm_humid,3.0,3.0,2.6,180.0,rammed_earth,0.3,concrete,0.1,eps,0.1,east,0.6,0.9,0.45,3.5,29.747,32.295,0.9167,19.431
Bengaluru,12.9716,77.5946,warm_humid,3.0,3.0,2.6,135.0,brick,0.23,puf_sandwich_panel,0.1,mineral_wool,0.025,north,1.2,0.6,0.65,5.8,31.637,34.552,0.4048,19.437
Bengaluru,12.9716,77.5946,warm_humid,3.0,3.0,2.6,180.0,rammed_earth,0.45,brick,0.115,eps,0.1,east,1.8,1.2,0.55,2.6,30.231,33.345,0.7083,19.426
Bengaluru,12.9716,77.5946,warm_humid,3.0,3.0,2.6,45.0,plywood,0.05,brick,0.115,mineral_wool,0.025,west,0.6,0.6,0.45,3.5,32.809,37.916,0.3988,19.495
Bengaluru,12.9716,77.5946,warm_humid,3.0,3.0,2.6,90.0,concrete,0.15,puf_sandwich_panel,0.1,eps,0.05,east,1.2,0.6,0.55,2.6,31.153,33.806,0.5595,19.444
Bengaluru,12.9716,77.5946,warm_humid,3.0,3.0,2.6,135.0,gi_sheet,0.002,gi_sheet,0.002,none,0.0,east,0.6,0.9,0.55,3.5,36.273,52.813,0.4405,14.453
Bengaluru,12.9716,77.5946,warm_humid,3.0,3.0,2.6,0.0,puf_sandwich_panel,0.075,puf_sandwich_panel,0.1,none,0.0,west,1.5,0.6,0.65,5.8,31.339,36.544,0.5774,19.599
Bengaluru,12.9716,77.5946,warm_humid,3.0,3.0,2.6,0.0,puf_sandwich_panel,0.075,gi_sheet,0.002,eps,0.05,north,0.9,1.2,0.75,3.5,31.781,36.95,0.5179,19.587
Bengaluru,12.9716,77.5946,warm_humid,3.0,3.0,2.6,135.0,concrete,0.15,brick,0.23,none,0.0,north,0.6,0.9,0.45,2.6,35.071,40.796,0.1607,19.436
Bengaluru,12.9716,77.5946,warm_humid,3.0,3.0,2.6,0.0,brick,0.345,gi_sheet,0.002,mineral_wool,0.025,west,1.5,1.5,0.85,5.8,32.893,36.734,0.2619,19.43
Bengaluru,12.9716,77.5946,warm_humid,3.0,3.0,2.6,180.0,gi_sheet,0.002,brick,0.23,eps,0.025,west,0.9,0.6,0.65,3.5,33.373,38.48,0.3274,19.475
Bengaluru,12.9716,77.5946,warm_humid,3.0,3.0,2.6,45.0,brick,0.23,concrete,0.15,eps,0.025,south,0.9,0.9,0.75,5.8,32.351,35.785,0.2917,19.433
Bengaluru,12.9716,77.5946,warm_humid,3.0,3.0,2.6,45.0,brick,0.345,brick,0.23,mineral_wool,0.05,south,0.9,0.6,0.55,3.5,30.148,33.139,0.744,19.426
Bengaluru,12.9716,77.5946,warm_humid,3.0,3.0,2.6,0.0,brick,0.23,rcc_slab,0.25,mineral_wool,0.1,north,1.5,1.5,0.75,5.8,31.024,34.108,0.494,19.431
Bengaluru,12.9716,77.5946,warm_humid,3.0,3.0,2.6,0.0,brick,0.23,concrete,0.1,none,0.0,north,0.9,0.6,0.85,2.6,35.457,40.886,0.119,19.434
Bengaluru,12.9716,77.5946,warm_humid,3.0,3.0,2.6,90.0,plywood,0.03,gi_sheet,0.002,eps,0.1,north,0.9,0.9,0.45,3.5,31.643,36.069,0.5119,19.559
Bengaluru,12.9716,77.5946,warm_humid,3.0,3.0,2.6,180.0,gi_sheet,0.002,rcc_slab,0.2,mineral_wool,0.1,south,1.8,1.5,0.65,3.5,32.632,36.567,0.369,19.472
Bengaluru,12.9716,77.5946,warm_humid,3.0,3.0,2.6,90.0,brick,0.115,gi_sheet,0.002,eps,0.05,west,1.8,0.6,0.55,5.8,32.014,35.268,0.4345,19.458
Bengaluru,12.9716,77.5946,warm_humid,3.0,3.0,2.6,45.0,rammed_earth,0.45,concrete,0.15,mineral_wool,0.05,south,1.5,1.2,0.45,3.5,30.349,33.506,0.6488,19.425
Bengaluru,12.9716,77.5946,warm_humid,3.0,3.0,2.6,0.0,rammed_earth,0.45,concrete,0.1,eps,0.025,north,1.8,0.6,0.75,2.6,30.983,34.357,0.506,19.425
Bengaluru,12.9716,77.5946,warm_humid,3.0,3.0,2.6,135.0,plywood,0.05,rcc_slab,0.25,mineral_wool,0.025,west,1.8,1.2,0.85,2.6,34.129,38.912,0.2083,19.463
Bengaluru,12.9716,77.5946,warm_humid,3.0,3.0,2.6,90.0,concrete,0.2,concrete,0.15,none,0.0,west,0.9,0.6,0.55,3.5,35.341,40.987,0.1369,19.432
Bengaluru,12.9716,77.5946,warm_humid,3.0,3.0,2.6,135.0,concrete,0.1,gi_sheet,0.002,eps,0.1,north,1.5,0.6,0.75,3.5,31.955,34.888,0.4107,19.456
Bengaluru,12.9716,77.5946,warm_humid,3.0,3.0,2.6,0.0,concrete,0.1,gi_sheet,0.002,mineral_wool,0.1,west,0.9,0.6,0.55,5.8,31.167,33.907,0.5774,19.455
Bengaluru,12.9716,77.5946,warm_humid,3.0,3.0,2.6,0.0,concrete,0.3,concrete,0.2,mineral_wool,0.1,north,0.6,1.5,0.45,3.5,29.498,32.299,0.9226,19.426
Bengaluru,12.9716,77.5946,warm_humid,3.0,3.0,2.6,0.0,puf_sandwich_panel,0.1,puf_sandwich_panel,0.05,mineral_wool,0.025,north,1.5,0.9,0.85,5.8,31.631,36.625,0.5238,19.593
Bengaluru,12.9716,77.5946,warm_humid,3.0,3.0,2.6,180.0,brick,0.23,gi_sheet,0.002,eps,0.1,south,1.8,0.9,0.65,2.6,30.99,33.726,0.5536,19.438
Bengaluru,12.9716,77.5946,warm_humid,3.0,3.0,2.6,45.0,rammed_earth,0.45,concrete,0.15,eps,0.1,south,1.8,1.5,0.75,3.5,31.032,34.526,0.506,19.425
Bengaluru,12.9716,77.5946,warm_humid,3.0,3.0,2.6,90.0,puf_sandwich_panel,0.15,puf_sandwich_panel,0.075,eps,0.025,north,1.5,1.2,0.75,3.5,32.914,38.321,0.4345,19.591
Bengaluru,12.9716,77.5946,warm_humid,3.0,3.0,2.6,135.0,brick,0.23,concrete,0.2,none,0.0,east,1.8,0.6,0.55,5.8,35.033,40.005,0.125,19.432
Bengaluru,12.9716,77.5946,warm_humid,3.0,3.0,2.6,180.0,gi_sheet,0.002,rcc_slab,0.15,mineral_wool,0.05,west,1.2,1.2,0.75,2.6,33.652,38.708,0.3095,19.483
Bengaluru,12.9716,77.5946,warm_humid,3.0,3.0,2.6,135.0,gi_sheet,0.002,rcc_slab,0.2,none,0.0,west,0.9,1.5,0.55,5.8,35.952,48.308,0.3631,15.727
Bengaluru,12.9716,77.5946,warm_humid,3.0,3.0,2.6,0.0,rammed_earth,0.15,gi_sheet,0.002,mineral_wool,0.05,west,1.5,1.5,0.55,2.6,32.54,36.292,0.3214,19.452
Bengaluru,12.9716,77.5946,warm_humid,3.0,3.0,2.6,180.0,rammed_earth,0.15,concrete,0.15,eps,0.1,west,1.2,1.5,0.75,5.8,32.472,35.561,0.2738,19.442
Bengaluru,12.9716,77.5946,warm_humid,3.0,3.0,2.6,135.0,brick,0.115,puf_sandwich_panel,0.1,eps,0.025,south,1.2,0.9,0.75,3.5,32.614,36.395,0.3452,19.459
Bengaluru,12.9716,77.5946,warm_humid,3.0,3.0,2.6,180.0,brick,0.345,rcc_slab,0.1,eps,0.025,east,1.2,1.2,0.75,3.5,32.119,35.707,0.3274,19.428
Bengaluru,12.9716,77.5946,warm_humid,3.0,3.0,2.6,0.0,rammed_earth,0.3,rcc_slab,0.1,mineral_wool,0.025,south,1.2,1.2,0.75,3.5,32.315,35.758,0.2976,19.431
Bengaluru,12.9716,77.5946,warm_humid,3.0,3.0,2.6,90.0,concrete,0.2,concrete,0.15,eps,0.025,north,1.2,1.5,0.55,5.8,32.955,36.537,0.256,19.433
Bengaluru,12.9716,77.5946,warm_humid,3.0,3.0,2.6,0.0,gi_sheet,0.002,brick,0.115,mineral_wool,0.025,south,1.8,0.9,0.65,2.6,33.986,41.625,0.369,19.502
Bengaluru,12.9716,77.5946,warm_humid,3.0,3.0,2.6,180.0,concrete,0.1,concrete,0.1,mineral_wool,0.1,south,0.9,1.5,0.45,2.6,31.384,34.091,0.5,19.448
Bengaluru,12.9716,77.5946,warm_humid,3.0,3.0,2.6,135.0,rammed_earth,0.45,gi_sheet,0.002,eps,0.1,west,1.8,1.2,0.35,5.8,29.898,32.713,0.8095,19.427
Bengaluru,12.9716,77.5946,warm_humid,3.0,3.0,2.6,135.0,gi_sheet,0.002,brick,0.23,mineral_wool,0.05,north,1.2,1.2,0.85,5.8,33.599,38.251,0.2917,19.474
Bengaluru,12.9716,77.5946,warm_humid,3.0,3.0,2.6,180.0,puf_sandwich_panel,0.15,rcc_slab,0.15,eps,0.1,east,1.8,1.5,0.35,2.6,31.44,35.012,0.5357,19.488
Bengaluru,12.9716,77.5946,warm_humid,3.0,3.0,2.6,90.0,concrete,0.15,puf_sandwich_panel,0.1,mineral_wool,0.1,east,0.9,1.2,0.65,2.6,30.946,33.506,0.6012,19.444
Bengaluru,12.9716,77.5946,warm_humid,3.0,3.0,2.6,0.0,brick,0.345,brick,0.23,mineral_wool,0.025,north,1.2,1.5,0.35,5.8,31.197,34.461,0.4524,19.427
Bengaluru,12.9716,77.5946,warm_humid,3.0,3.0,2.6,0.0,brick,0.345,brick,0.23,mineral_wool,0.05,south,1.8,0.9,0.65,5.8,30.983,34.243,0.506,19.427
Bengaluru,12.9716,77.5946,warm_humid,3.0,3.0,2.6,135.0,concrete,0.15,rcc_slab,0.1,mineral_wool,0.025,east,0.6,0.6,0.75,5.8,32.723,36.255,0.2857,19.439
Bengaluru,12.9716,77.5946,warm_humid,3.0,3.0,2.6,180.0,concrete,0.3,puf_sandwich_panel,0.075,mineral_wool,0.1,east,1.5,1.2,0.45,2.6,30.305,33.145,0.7143,19.429
Bengaluru,12.9716,77.5946,warm_humid,3.0,3.0,2.6,135.0,concrete,0.1,concrete,0.2,none,0.0,north,1.2,1.2,0.85,2.6,36.34,44.462,0.2024,19.443
Bengaluru,12.9716,77.5946,warm_humid,3.0,3.0,2.6,180.0,puf_sandwich_panel,0.075,gi_sheet,0.002,mineral_wool,0.025,west,1.8,1.5,0.45,2.6,33.643,41.242,0.4048,19.586
Bengaluru,12.9716,77.5946,warm_humid,3.0,3.0,2.6,45.0,brick,0.115,brick,0.23,mineral_wool,0.1,west,0.9,0.9,0.55,5.8,30.865,33.457,0.625,19.443
Bengaluru,12.9716,77.5946,warm_humid,3.0,3.0,2.6,135.0,plywood,0.05,gi_sheet,0.002,mineral_wool,0.05,north,0.9,1.5,0.45,5.8,32.668,38.349,0.4286,19.542
Bengaluru,12.9716,77.5946,warm_humid,3.0,3.0,2.6,45.0,brick,0.115,rcc_slab,0.15,mineral_wool,0.05,north,1.2,0.6,0.55,5.8,31.901,34.935,0.3869,19.446
Bengaluru,12.9716,77.5946,warm_humid,3.0,3.0,2.6,180.0,brick,0.115,puf_sandwich_panel,0.1,eps,0.1,north,0.6,0.6,0.45,2.6,30.773,33.093,0.6905,19.457
Bengaluru,12.9716,77.5946,warm_humid,3.0,3.0,2.6,90.0,rammed_earth,0.15,concrete,0.15,mineral_wool,0.1,north,1.5,1.5,0.65,2.6,32.455,35.562,0.2857,19.442
Bengaluru,12.9716,77.5946,warm_humid,3.0,3.0,2.6,0.0,gi_sheet,0.002,brick,0.115,eps,0.025,west,1.5,0.9,0.75,2.6,33.979,41.98,0.369,19.503
Bengaluru,12.9716,77.5946,warm_humid,3.0,3.0,2.6,90.0,gi_sheet,0.002,brick,0.23,mineral_wool,0.1,east,0.6,0.6,0.45,3.5,31.133,33.944,0.5952,19.473
Bengaluru,12.9716,77.5946,warm_humid,3.0,3.0,2.6,135.0,gi_sheet,0.002,rcc_slab,0.2,none,0.0,east,0.9,0.9,0.45,5.8,35.848,48.211,0.3631,15.735
Bengaluru,12.9716,77.5946,warm_humid,3.0,3.0,2.6,90.0,rammed_earth,0.15,puf_sandwich_panel,0.075,none,0.0,west,1.8,0.9,0.55,3.5,33.57,38.635,0.3036,19.452
Bengaluru,12.9716,77.5946,warm_humid,3.0,3.0,2.6,45.0,concrete,0.3,brick,0.23,eps,0.05,east,0.6,1.2,0.45,3.5,30.438,33.505,0.619,19.426
Bengaluru,12.9716,77.5946,warm_humid,3.0,3.0,2.6,45.0,rammed_earth,0.3,concrete,0.1,mineral_wool,0.05,south,1.2,0.9,0.35,5.8,30.712,33.574,0.6131,19.431
Bengaluru,12.9716,77.5946,warm_humid,3.0,3.0,2.6,0.0,puf_sandwich_panel,0.05,rcc_slab,0.2,none,0.0,north,1.2,0.9,0.65,5.8,34.857,41.856,0.2798,19.478
Bengaluru,12.9716,77.5946,warm_humid,3.0,3.0,2.6,135.0,rammed_earth,0.15,gi_sheet,0.002,mineral_wool,0.05,east,1.8,0.6,0.35,5.8,31.702,34.715,0.4583,19.451
Bengaluru,12.9716,77.5946,warm_humid,3.0,3.0,2.6,45.0,plywood,0.012,concrete,0.1,mineral_wool,0.1,north,1.5,0.6,0.85,3.5,32.159,36.151,0.4464,19.502
Bengaluru,12.9716,77.5946,warm_humid,3.0,3.0,2.6,0.0,plywood,0.03,brick,0.115,none,0.0,north,1.5,1.5,0.85,5.8,36.104,48.137,0.3512,17.477
Bengaluru,12.9716,77.5946,warm_humid,3.0,3.0,2.6,0.0,gi_sheet,0.002,brick,0.115,eps,0.05,west,1.2,0.6,0.35,3.5,32.4,37.576,0.4464,19.502
Bengaluru,12.9716,77.5946,warm_humid,3.0,3.0,2.6,180.0,gi_sheet,0.002,concrete,0.15,mineral_wool,0.05,east,1.8,1.5,0.45,5.8,33.25,38.874,0.3571,19.484
Bengaluru,12.9716,77.5946,warm_humid,3.0,3.0,2.6,135.0,puf_sandwich_panel,0.15,puf_sandwich_panel,0.075,eps,0.1,south,1.8,1.2,0.75,3.5,32.07,38.106,0.5,19.586
Bengaluru,12.9716,77.5946,warm_humid,3.0,3.0,2.6,135.0,brick,0.115,brick,0.115,mineral_wool,0.025,south,1.2,0.9,0.55,2.6,33.188,37.21,0.2321,19.45
Bengaluru,12.9716,77.5946,warm_humid,3.0,3.0,2.6,0.0,plywood,0.012,concrete,0.1,eps,0.1,north,1.5,1.5,0.75,2.6,32.611,37.529,0.4107,19.506
Bengaluru,12.9716,77.5946,warm_humid,3.0,3.0,2.6,90.0,brick,0.23,brick,0.23,mineral_wool,0.1,west,1.2,0.6,0.85,3.5,30.119,32.799,0.7857,19.432
Bengaluru,12.9716,77.5946,warm_humid,3.0,3.0,2.6,135.0,puf_sandwich_panel,0.075,brick,0.23,mineral_wool,0.1,north,0.6,1.2,0.45,3.5,30.694,33.004,0.7262,19.476
Bengaluru,12.9716,77.5946,warm_humid,3.0,3.0,2.6,135.0,brick,0.115,rcc_slab,0.2,mineral_wool,0.1,south,0.6,0.6,0.65,2.6,30.68,33.153,0.6845,19.442
Bengaluru,12.9716,77.5946,warm_humid,3.0,3.0,2.6,90.0,puf_sandwich_panel,0.075,gi_sheet,0.002,mineral_wool,0.025,east,0.6,0.6,0.65,3.5,32.059,37.909,0.5119,19.585
Bengaluru,12.9716,77.5946,warm_humid,3.0,3.0,2.6,90.0,concrete,0.3,gi_sheet,0.002,eps,0.1,east,1.8,0.6,0.45,5.8,29.944,32.676,0.8095,19.429
Bengaluru,12.9716,77.5946,warm_humid,3.0,3.0,2.6,45.0,puf_sandwich_panel,0.15,gi_sheet,0.002,none,0.0,north,1.2,0.9,0.35,5.8,36.002,51.232,0.3929,18.185
Bengaluru,12.9716,77.5946,warm_humid,3.0,3.0,2.6,135.0,brick,0.345,brick,0.23,mineral_wool,0.1,north,1.5,0.6,0.65,5.8,29.923,32.815,0.7917,19.426
Bengaluru,12.9716,77.5946,warm_humid,3.0,3.0,2.6,135.0,rammed_earth,0.3,concrete,0.15,mineral_wool,0.1,west,1.8,1.5,0.45,2.6,30.96,33.891,0.5238,19.431
Bengaluru,12.9716,77.5946,warm_humid,3.0,3.0,2.6,45.0,plywood,0.012,puf_sandwich_panel,0.15,mineral_wool,0.05,north,1.5,1.5,0.75,2.6,33.505,40.648,0.3988,19.58
Bengaluru,12.9716,77.5946,warm_humid,3.0,3.0,2.6,0.0,puf_sandwich_panel,0.1,brick,0.23,eps,0.05,west,1.8,0.9,0.45,3.5,31.562,34.9,0.5179,19.478
Bengaluru,12.9716,77.5946,warm_humid,3.0,3.0,2.6,45.0,plywood,0.05,concrete,0.2,mineral_wool,0.1,east,1.2,1.2,0.35,5.8,31.424,34.25,0.5476,19.468
Bengaluru,12.9716,77.5946,warm_humid,3.0,3.0,2.6,90.0,brick,0.345,brick,0.115,eps,0.025,south,1.8,1.2,0.35,2.6,31.756,35.13,0.3929,19.428
Bengaluru,12.9716,77.5946,warm_humid,3.0,3.0,2.6,45.0,puf_sandwich_panel,0.075,brick,0.23,mineral_wool,0.05,north,0.9,1.2,0.75,5.8,31.827,34.926,0.4643,19.478
Bengaluru,12.9716,77.5946,warm_humid,3.0,3.0,2.6,45.0,brick,0.115,brick,0.23,mineral_wool,0.05,south,0.9,0.9,0.35,3.5,31.637,34.591,0.4405,19.443
Bengaluru,12.9716,77.5946,warm_humid,3.0,3.0,2.6,45.0,concrete,0.2,concrete,0.1,mineral_wool,0.05,south,0.9,0.6,0.55,2.6,31.196,34.141,0.4762,19.433
Bengaluru,12.9716,77.5946,warm_humid,3.0,3.0,2.6,135.0,concrete,0.2,brick,0.23,eps,0.025,west,0.9,0.6,0.35,2.6,31.956,35.209,0.3512,19.431
Bengaluru,12.9716,77.5946,warm_humid,3.0,3.0,2.6,135.0,rammed_earth,0.45,concrete,0.1,mineral_wool,0.025,north,0.6,1.5,0.85,5.8,31.384,34.858,0.4345,19.425
Bengaluru,12.9716,77.5946,warm_humid,3.0,3.0,2.6,180.0,brick,0.345,rcc_slab,0.25,mineral_wool,0.1,north,0.9,0.6,0.35,3.5,29.179,31.86,1.0,19.425
Bengaluru,12.9716,77.5946,warm_humid,3.0,3.0,2.6,135.0,puf_sandwich_panel,0.075,concrete,0.15,eps,0.025,east,0.6,1.5,0.55,3.5,32.219,36.334,0.4226,19.49
Bengaluru,12.9716,77.5946,warm_humid,3.0,3.0,2.6,135.0,concrete,0.15,brick,0.23,eps,0.025,east,1.8,0.9,0.85,3.5,33.35,37.242,0.2381,19.436
Bengaluru,12.9716,77.5946,warm_humid,3.0,3.0,2.6,135.0,plywood,0.019,brick,0.23,mineral_wool,0.05,east,0.6,0.9,0.35,5.8,31.969,35.556,0.4464,19.475
Bengaluru,12.9716,77.5946,warm_humid,3.0,3.0,2.6,135.0,gi_sheet,0.002,gi_sheet,0.002,mineral_wool,0.1,west,0.6,1.2,0.55,5.8,31.964,36.781,0.4762,19.552
Bengaluru,12.9716,77.5946,warm_humid,3.0,3.0,2.6,90.0,plywood,0.012,brick,0.115,mineral_wool,0.05,east,1.2,1.5,0.35,5.8,32.593,37.826,0.4345,19.506
Bengaluru,12.9716,77.5946,warm_humid,3.0,3.0,2.6,90.0,concrete,0.15,gi_sheet,0.002,eps,0.025,north,0.6,0.6,0.35,5.8,32.517,35.985,0.3214,19.443
Bengaluru,12.9716,77.5946,warm_humid,3.0,3.0,2.6,0.0,plywood,0.05,puf_sandwich_panel,0.15,none,0.0,east,1.5,0.6,0.45,3.5,33.241,40.883,0.4286,18.856
Bengaluru,12.9716,77.5946,warm_humid,3.0,3.0,2.6,180.0,gi_sheet,0.002,concrete,0.1,mineral_wool,0.05,south,1.2,0.6,0.85,5.8,32.743,37.662,0.3869,19.499
Bengaluru,12.9716,77.5946,warm_humid,3.0,3.0,2.6,90.0,brick,0.115,rcc_slab,0.15,mineral_wool,0.1,east,1.8,0.6,0.35,5.8,30.895,33.413,0.6131,19.445
Bengaluru,12.9716,77.5946,warm_humid,3.0,3.0,2.6,135.0,gi_sheet,0.002,concrete,0.1,mineral_wool,0.1,south,1.8,0.6,0.45,5.8,31.814,35.72,0.4702,19.497
Bengaluru,12.9716,77.5946,warm_humid,3.0,3.0,2.6,45.0,plywood,0.012,rcc_slab,0.15,eps,0.025,south,1.2,0.9,0.85,3.5,33.867,40.458,0.3393,19.488
Bengaluru,12.9716,77.5946,warm_humid,3.0,3.0,2.6,45.0,brick,0.23,gi_sheet,0.002,mineral_wool,0.025,north,1.8,0.9,0.75,5.8,33.1,36.733,0.25,19.438
Bengaluru,12.9716,77.5946,warm_humid,3.0,3.0,2.6,0.0,puf_sandwich_panel,0.05,puf_sandwich_panel,0.1,none,0.0,east,1.8,0.6,0.85,2.6,32.49,37.98,0.4583,19.601
Bengaluru,12.9716,77.5946,warm_humid,3.0,3.0,2.6,90.0,plywood,0.019,concrete,0.15,eps,0.025,west,0.6,0.6,0.65,3.5,32.998,38.181,0.375,19.487
Bengaluru,12.9716,77.5946,warm_humid,3.0,3.0,2.6,90.0,concrete,0.15,concrete,0.1,eps,0.05,south,1.5,1.2,0.65,2.6,32.356,35.767,0.3036,19.44
Bengaluru,12.9716,77.5946,warm_humid,3.0,3.0,2.6,0.0,brick,0.345,concrete,0.1,mineral_wool,0.1,east,0.6,0.9,0.35,3.5,29.45,32.093,0.9702,19.427
Bengaluru,12.9716,77.5946,warm_humid,3.0,3.0,2.6,180.0,plywood,0.012,gi_sheet,0.002,none,0.0,north,0.9,0.9,0.85,3.5,36.532,54.278,0.4405,15.175
Bengaluru,12.9716,77.5946,warm_humid,3.0,3.0,2.6,135.0,brick,0.23,rcc_slab,0.1,mineral_wool,0.1,east,1.5,0.9,0.35,2.6,30.503,33.141,0.6964,19.434
Bengaluru,12.9716,77.5946,warm_humid,3.0,3.0,2.6,180.0,puf_sandwich_panel,0.075,concrete,0.1,eps,0.1,north,1.2,1.5,0.55,3.5,31.771,35.494,0.4821,19.508
Bengaluru,12.9716,77.5946,warm_humid,3.0,3.0,2.6,90.0,concrete,0.1,brick,0.23,mineral_wool,0.05,east,1.2,0.9,0.45,2.6,31.801,34.809,0.4048,19.443
Bengaluru,12.9716,77.5946,warm_humid,3.0,3.0,2.6,180.0,concrete,0.1,gi_sheet,0.002,eps,0.1,south,0.6,0.9,0.35,2.6,31.141,33.696,0.5714,19.456
Bengaluru,12.9716,77.5946,warm_humid,3.0,3.0,2.6,45.0,brick,0.345,brick,0.23,eps,0.025,east,0.6,1.5,0.35,2.6,31.149,34.411,0.4702,19.426
Bengaluru,12.9716,77.5946,warm_humid,3.0,3.0,2.6,90.0,gi_sheet,0.002,rcc_slab,0.15,eps,0.025,east,1.2,0.6,0.85,3.5,33.476,39.414,0.369,19.485
Bengaluru,12.9716,77.5946,warm_humid,3.0,3.0,2.6,0.0,concrete,0.1,puf_sandwich_panel,0.1,eps,0.025,south,0.6,0.6,0.75,3.5,32.237,35.758,0.3929,19.456
Bengaluru,12.9716,77.5946,warm_humid,3.0,3.0,2.6,180.0,gi_sheet,0.002,brick,0.23,eps,0.1,north,1.8,1.5,0.75,5.8,33.58,38.264,0.2976,19.475
Bengaluru,12.9716,77.5946,warm_humid,3.0,3.0,2.6,135.0,concrete,0.2,rcc_slab,0.1,mineral_wool,0.025,east,1.2,0.9,0.55,3.5,32.623,36.139,0.2738,19.434
Bengaluru,12.9716,77.5946,warm_humid,3.0,3.0,2.6,90.0,concrete,0.1,gi_sheet,0.002,mineral_wool,0.025,east,1.5,0.9,0.55,2.6,33.323,37.79,0.3036,19.457
Bengaluru,12.9716,77.5946,warm_humid,3.0,3.0,2.6,135.0,concrete,0.2,gi_sheet,0.002,eps,0.025,south,1.5,1.5,0.35,2.6,32.663,36.218,0.2917,19.438
Bengaluru,12.9716,77.5946,warm_humid,3.0,3.0,2.6,135.0,brick,0.345,concrete,0.2,none,0.0,west,0.6,1.2,0.85,3.5,34.294,38.691,0.2143,19.426
Bengaluru,12.9716,77.5946,warm_humid,3.0,3.0,2.6,180.0,gi_sheet,0.002,concrete,0.1,mineral_wool,0.05,south,1.2,1.2,0.35,5.8,32.591,37.525,0.4167,19.499
Bengaluru,12.9716,77.5946,warm_humid,3.0,3.0,2.6,90.0,gi_sheet,0.002,puf_sandwich_panel,0.075,eps,0.05,east,1.5,0.6,0.35,5.8,31.919,37.646,0.5179,19.569
Bengaluru,12.9716,77.5946,warm_humid,3.0,3.0,2.6,135.0,rammed_earth,0.3,concrete,0.15,eps,0.05,south,0.9,1.5,0.65,2.6,31.019,34.078,0.494,19.43
Bengaluru,12.9716,77.5946,warm_humid,3.0,3.0,2.6,180.0,puf_sandwich_panel,0.05,concrete,0.15,eps,0.05,west,0.9,1.2,0.85,3.5,32.597,36.429,0.381,19.49
Bengaluru,12.9716,77.5946,warm_humid,3.0,3.0,2.6,180.0,plywood,0.012,gi_sheet,0.002,mineral_wool,0.1,north,1.8,1.2,0.55,3.5,32.865,39.409,0.4345,19.567
Bengaluru,12.9716,77.5946,warm_humid,3.0,3.0,2.6,180.0,plywood,0.012,gi_sheet,0.002,mineral_wool,0.05,east,0.6,0.6,0.65,2.6,32.516,39.031,0.4583,19.573
Bengaluru,12.9716,77.5946,warm_humid,3.0,3.0,2.6,135.0,brick,0.115,puf_sandwich_panel,0.075,mineral_wool,0.05,south,1.8,0.9,0.75,2.6,32.347,35.868,0.369,19.459
Bengaluru,12.9716,77.5946,warm_humid,3.0,3.0,2.6,90.0,plywood,0.019,gi_sheet,0.002,mineral_wool,0.05,south,0.9,0.9,0.85,5.8,32.759,40.009,0.4405,19.567
Bengaluru,12.9716,77.5946,warm_humid,3.0,3.0,2.6,135.0,rammed_earth,0.3,puf_sandwich_panel,0.05,eps,0.025,south,1.2,1.2,0.55,5.8,31.232,34.165,0.4762,19.434
Bengaluru,12.9716,77.5946,warm_humid,3.0,3.0,2.6,180.0,plywood,0.05,puf_sandwich_panel,0.1,eps,0.1,east,0.6,0.9,0.75,2.6,31.235,35.214,0.5714,19.548
Bengaluru,12.9716,77.5946,warm_humid,3.0,3.0,2.6,180.0,gi_sheet,0.002,puf_sandwich_panel,0.075,none,0.0,east,0.6,1.2,0.35,3.5,34.681,47.439,0.4643,14.973
Bengaluru,12.9716,77.5946,warm_humid,3.0,3.0,2.6,180.0,concrete,0.1,rcc_slab,0.15,eps,0.05,north,1.8,0.9,0.85,3.5,33.08,36.698,0.244,19.446
Bengaluru,12.9716,77.5946,warm_humid,3.0,3.0,2.6,135.0,puf_sandwich_panel,0.1,gi_sheet,0.002,eps,0.05,north,1.5,0.9,0.85,3.5,33.058,39.17,0.4226,19.585
Bengaluru,12.9716,77.5946,warm_humid,3.0,3.0,2.6,180.0,gi_sheet,0.002,brick,0.115,eps,0.1,north,1.5,1.2,0.55,5.8,32.678,37.424,0.3929,19.502
Bengaluru,12.9716,77.5946,warm_humid,3.0,3.0,2.6,180.0,brick,0.115,brick,0.115,eps,0.05,south,1.8,0.6,0.45,2.6,32.045,35.166,0.3988,19.45
Bengaluru,12.9716,77.5946,warm_humid,3.0,3.0,2.6,0.0,gi_sheet,0.002,gi_sheet,0.002,none,0.0,east,1.2,0.6,0.65,3.5,36.24,53.022,0.4405,14.454
Bengaluru,12.9716,77.5946,warm_humid,3.0,3.0,2.6,45.0,brick,0.115,puf_sandwich_panel,0.05,eps,0.025,east,1.8,0.6,0.75,3.5,33.048,36.973,0.2976,19.459
Bengaluru,12.9716,77.5946,warm_humid,3.0,3.0,2.6,90.0,concrete,0.2,puf_sandwich_panel,0.15,mineral_wool,0.1,south,1.8,0.9,0.75,5.8,31.17,34.078,0.506,19.437
Bengaluru,12.9716,77.5946,warm_humid,3.0,3.0,2.6,135.0,rammed_earth,0.15,brick,0.115,mineral_wool,0.05,west,0.6,1.5,0.55,5.8,31.802,34.752,0.4048,19.445
Bengaluru,12.9716,77.5946,warm_humid,3.0,3.0,2.6,180.0,rammed_earth,0.15,gi_sheet,0.002,eps,0.025,west,1.2,0.9,0.55,2.6,33.05,36.902,0.256,19.451
Bengaluru,12.9716,77.5946,warm_humid,3.0,3.0,2.6,90.0,gi_sheet,0.002,rcc_slab,0.2,mineral_wool,0.1,north,1.8,1.2,0.45,5.8,32.412,36.024,0.369,19.471
Bengaluru,12.9716,77.5946,warm_humid,3.0,3.0,2.6,135.0,plywood,0.019,rcc_slab,0.1,mineral_wool,0.025,north,1.8,0.9,0.75,2.6,34.486,41.738,0.3333,19.503
Bengaluru,12.9716,77.5946,warm_humid,3.0,3.0,2.6,90.0,plywood,0.03,concrete,0.2,mineral_wool,0.025,west,0.6,1.2,0.35,3.5,32.71,37.099,0.375,19.473
Bengaluru,12.9716,77.5946,warm_humid,3.0,3.0,2.6,0.0,plywood,0.019,rcc_slab,0.15,eps,0.025,east,1.5,1.2,0.65,5.8,34.248,40.592,0.3095,19.487
Bengaluru,12.9716,77.5946,warm_humid,3.0,3.0,2.6,0.0,concrete,0.1,gi_sheet,0.002,mineral_wool,0.1,north,1.2,1.2,0.65,3.5,31.624,34.604,0.4881,19.456
Bengaluru,12.9716,77.5946,warm_humid,3.0,3.0,2.6,90.0,plywood,0.03,concrete,0.15,mineral_wool,0.025,west,0.9,1.5,0.35,5.8,32.939,37.996,0.3929,19.484
Bengaluru,12.9716,77.5946,warm_humid,3.0,3.0,2.6,0.0,plywood,0.012,brick,0.115,mineral_wool,0.05,west,1.2,1.5,0.55,3.5,33.084,39.401,0.4048,19.506
Bengaluru,12.9716,77.5946,warm_humid,3.0,3.0,2.6,90.0,plywood,0.019,gi_sheet,0.002,mineral_wool,0.025,north,0.6,0.6,0.55,2.6,33.268,41.226,0.4345,19.422
Bengaluru,12.9716,77.5946,warm_humid,3.0,3.0,2.6,45.0,concrete,0.2,brick,0.115,eps,0.05,south,1.2,0.9,0.55,2.6,31.545,34.625,0.4107,19.434
Bengaluru,12.9716,77.5946,warm_humid,3.0,3.0,2.6,180.0,brick,0.115,brick,0.23,mineral_wool,0.1,north,1.5,0.6,0.55,5.8,31.17,33.802,0.5476,19.443
Bengaluru,12.9716,77.5946,warm_humid,3.0,3.0,2.6,0.0,brick,0.23,concrete,0.1,eps,0.025,north,1.2,0.6,0.45,3.5,32.071,35.335,0.3333,19.434
Bengaluru,12.9716,77.5946,warm_humid,3.0,3.0,2.6,90.0,rammed_earth,0.15,rcc_slab,0.1,none,0.0,west,0.6,1.5,0.65,2.6,35.662,42.695,0.1845,19.445
Bengaluru,12.9716,77.5946,warm_humid,3.0,3.0,2.6,180.0,plywood,0.05,brick,0.23,eps,0.1,west,0.6,1.5,0.45,2.6,31.387,34.133,0.5476,19.471
Bengaluru,12.9716,77.5946,warm_humid,3.0,3.0,2.6,0.0,concrete,0.3,concrete,0.1,eps,0.025,east,1.2,1.5,0.55,3.5,32.472,36.062,0.2976,19.428
Bengaluru,12.9716,77.5946,warm_humid,3.0,3.0,2.6,180.0,plywood,0.012,puf_sandwich_panel,0.1,mineral_wool,0.1,south,0.6,0.6,0.75,2.6,31.369,35.564,0.5357,19.572
Bengaluru,12.9716,77.5946,warm_humid,3.0,3.0,2.6,45.0,gi_sheet,0.002,rcc_slab,0.25,eps,0.025,west,0.9,1.5,0.85,5.8,33.585,38.923,0.3095,19.465
Bengaluru,12.9716,77.5946,warm_humid,3.0,3.0,2.6,90.0,puf_sandwich_panel,0.075,rcc_slab,0.25,mineral_wool,0.1,south,1.8,0.6,0.75,3.5,31.135,33.895,0.6012,19.466
Bengaluru,12.9716,77.5946,warm_humid,3.0,3.0,2.6,0.0,gi_sheet,0.002,rcc_slab,0.25,mineral_wool,0.05,south,1.5,1.5,0.85,5.8,33.701,38.551,0.2738,19.464
Bengaluru,12.9716,77.5946,warm_humid,3.0,3.0,2.6,180.0,gi_sheet,0.002,gi_sheet,0.002,none,0.0,east,0.9,1.5,0.55,3.5,36.249,53.315,0.4405,14.453
Bengaluru,12.9716,77.5946,warm_humid,3.0,3.0,2.6,45.0,puf_sandwich_panel,0.05,brick,0.115,mineral_wool,0.05,east,1.8,1.5,0.55,2.6,33.473,38.79,0.3452,19.51
Bengaluru,12.9716,77.5946,warm_humid,3.0,3.0,2.6,0.0,puf_sandwich_panel,0.15,rcc_slab,0.25,mineral_wool,0.1,west,1.5,1.5,0.85,5.8,32.543,36.407,0.3512,19.466
Bengaluru,12.9716,77.5946,warm_humid,3.0,3.0,2.6,135.0,rammed_earth,0.45,puf_sandwich_panel,0.075,none,0.0,west,1.5,0.6,0.35,3.5,30.93,34.03,0.5238,19.426
Bengaluru,12.9716,77.5946,warm_humid,3.0,3.0,2.6,0.0,gi_sheet,0.002,rcc_slab,0.1,mineral_wool,0.025,east,1.5,0.6,0.85,3.5,34.044,41.258,0.3512,19.5
Bengaluru,12.9716,77.5946,warm_humid,3.0,3.0,2.6,45.0,plywood,0.012,puf_sandwich_panel,0.075,mineral_wool,0.025,east,0.9,1.2,0.45,2.6,32.926,40.336,0.4643,19.393
Bengaluru,12.9716,77.5946,warm_humid,3.0,3.0,2.6,180.0,plywood,0.019,gi_sheet,0.002,none,0.0,east,1.2,1.5,0.55,5.8,36.526,54.101,0.4524,15.475
Bengaluru,12.9716,77.5946,warm_humid,3.0,3.0,2.6,180.0,brick,0.345,rcc_slab,0.25,eps,0.025,south,1.5,1.2,0.45,2.6,31.325,34.693,0.4405,19.426
Bengaluru,12.9716,77.5946,warm_humid,3.0,3.0,2.6,0.0,plywood,0.019,gi_sheet,0.002,none,0.0,south,1.5,0.9,0.65,2.6,36.536,54.13,0.4524,15.498
Bengaluru,12.9716,77.5946,warm_humid,3.0,3.0,2.6,135.0,rammed_earth,0.3,concrete,0.2,mineral_wool,0.025,north,1.5,1.2,0.75,3.5,32.696,36.278,0.2738,19.429
Bengaluru,12.9716,77.5946,warm_humid,3.0,3.0,2.6,45.0,gi_sheet,0.002,concrete,0.15,eps,0.025,west,1.8,0.9,0.75,3.5,33.837,40.486,0.3512,19.485
Bengaluru,12.9716,77.5946,warm_humid,3.0,3.0,2.6,45.0,concrete,0.2,puf_sandwich_panel,0.1,mineral_wool,0.05,east,1.5,0.9,0.55,3.5,31.489,34.352,0.4345,19.437
Bengaluru,12.9716,77.5946,warm_humid,3.0,3.0,2.6,90.0,plywood,0.019,puf_sandwich_panel,0.05,mineral_wool,0.1,west,0.9,1.5,0.55,5.8,31.558,36.39,0.5298,19.567
Bengaluru,12.9716,77.5946,warm_humid,3.0,3.0,2.6,0.0,gi_sheet,0.002,concrete,0.1,eps,0.1,north,0.9,0.6,0.55,2.6,31.549,35.389,0.5238,19.5
Bengaluru,12.9716,77.5946,warm_humid,3.0,3.0,2.6,90.0,puf_sandwich_panel,0.1,puf_sandwich_panel,0.05,none,0.0,north,0.9,1.5,0.85,5.8,32.879,38.625,0.4405,19.598
Bengaluru,12.9716,77.5946,warm_humid,3.0,3.0,2.6,180.0,rammed_earth,0.45,concrete,0.1,eps,0.025,west,1.2,1.5,0.65,3.5,31.91,35.5,0.381,19.425
Bengaluru,12.9716,77.5946,warm_humid,3.0,3.0,2.6,180.0,gi_sheet,0.002,puf_sandwich_panel,0.05,eps,0.05,north,1.2,0.6,0.75,2.6,32.579,38.855,0.4464,19.569
Bengaluru,12.9716,77.5946,warm_humid,3.0,3.0,2.6,45.0,plywood,0.012,rcc_slab,0.15,mineral_wool,0.1,north,0.9,1.5,0.75,3.5,32.352,36.154,0.4048,19.485
Bengaluru,12.9716,77.5946,warm_humid,3.0,3.0,2.6,90.0,gi_sheet,0.002,puf_sandwich_panel,0.15,mineral_wool,0.025,north,1.8,1.2,0.45,3.5,33.287,40.793,0.4464,18.772
Bengaluru,12.9716,77.5946,warm_humid,3.0,3.0,2.6,0.0,plywood,0.05,concrete,0.15,eps,0.025,south,0.9,1.5,0.45,3.5,33.075,38.022,0.3512,19.48
Bengaluru,12.9716,77.5946,warm_humid,3.0,3.0,2.6,180.0,rammed_earth,0.15,brick,0.23,mineral_wool,0.05,east,0.6,1.2,0.75,5.8,31.605,34.565,0.4107,19.44
Bengaluru,12.9716,77.5946,warm_humid,3.0,3.0,2.6,135.0,puf_sandwich_panel,0.15,gi_sheet,0.002,eps,0.1,north,1.5,0.6,0.55,3.5,31.251,35.069,0.5655,19.578
Bengaluru,12.9716,77.5946,warm_humid,3.0,3.0,2.6,0.0,brick,0.115,gi_sheet,0.002,none,0.0,east,1.8,1.5,0.45,5.8,36.683,47.396,0.2857,18.186
Bengaluru,12.9716,77.5946,warm_humid,3.0,3.0,2.6,90.0,puf_sandwich_panel,0.1,gi_sheet,0.002,eps,0.05,west,1.2,0.6,0.35,5.8,31.111,35.404,0.5952,19.585
Bengaluru,12.9716,77.5946,warm_humid,3.0,3.0,2.6,180.0,rammed_earth,0.3,concrete,0.15,none,0.0,east,1.8,0.9,0.35,3.5,34.521,39.153,0.1488,19.43
Bengaluru,12.9716,77.5946,warm_humid,3.0,3.0,2.6,90.0,rammed_earth,0.15,brick,0.23,mineral_wool,0.025,north,0.9,0.9,0.65,5.8,32.514,35.86,0.2976,19.44
Bengaluru,12.9716,77.5946,warm_humid,3.0,3.0,2.6,90.0,concrete,0.3,puf_sandwich_panel,0.15,mineral_wool,0.025,east,0.6,1.2,0.35,3.5,30.652,33.556,0.5893,19.428
Bengaluru,12.9716,77.5946,warm_humid,3.0,3.0,2.6,45.0,rammed_earth,0.45,rcc_slab,0.25,eps,0.025,west,1.8,1.5,0.85,3.5,31.91,35.769,0.3869,19.424
Bengaluru,12.9716,77.5946,warm_humid,3.0,3.0,2.6,135.0,puf_sandwich_panel,0.075,puf_sandwich_panel,0.15,eps,0.1,west,0.6,1.5,0.35,2.6,30.508,33.657,0.6964,19.59
Bengaluru,12.9716,77.5946,warm_humid,3.0,3.0,2.6,0.0,puf_sandwich_panel,0.075,puf_sandwich_panel,0.05,eps,0.1,east,0.6,0.9,0.75,2.6,30.971,34.5,0.6131,19.593
Bengaluru,12.9716,77.5946,warm_humid,3.0,3.0,2.6,0.0,brick,0.23,brick,0.23,eps,0.1,north,1.8,1.5,0.75,2.6,31.429,34.659,0.4286,19.433
Bengaluru,12.9716,77.5946,warm_humid,3.0,3.0,2.6,180.0,concrete,0.2,puf_sandwich_panel,0.05,mineral_wool,0.05,south,0.9,0.9,0.55,5.8,30.993,33.7,0.5476,19.436
Bengaluru,12.9716,77.5946,warm_humid,3.0,3.0,2.6,45.0,gi_sheet,0.002,rcc_slab,0.25,eps,0.1,east,1.8,0.6,0.85,2.6,32.37,35.775,0.375,19.465
Bengaluru,12.9716,77.5946,warm_humid,3.0,3.0,2.6,180.0,concrete,0.3,rcc_slab,0.1,none,0.0,south,0.9,0.9,0.45,3.5,35.031,39.952,0.1429,19.427
Bengaluru,12.9716,77.5946,warm_humid,3.0,3.0,2.6,0.0,concrete,0.1,puf_sandwich_panel,0.075,mineral_wool,0.025,south,1.5,0.9,0.85,5.8,33.091,37.242,0.2976,19.457
Bengaluru,12.9716,77.5946,warm_humid,3.0,3.0,2.6,135.0,brick,0.23,concrete,0.1,eps,0.05,west,1.8,1.5,0.65,3.5,32.721,36.143,0.2679,19.436
Bengaluru,12.9716,77.5946,warm_humid,3.0,3.0,2.6,0.0,concrete,0.2,gi_sheet,0.002,none,0.0,north,0.6,1.5,0.55,5.8,35.823,42.658,0.1667,19.436
Bengaluru,12.9716,77.5946,warm_humid,3.0,3.0,2.6,45.0,rammed_earth,0.45,puf_sandwich_panel,0.075,mineral_wool,0.05,west,1.8,0.9,0.85,2.6,30.353,33.477,0.6369,19.426
Bengaluru,12.9716,77.5946,warm_humid,3.0,3.0,2.6,45.0,rammed_earth,0.45,rcc_slab,0.1,none,0.0,east,1.8,1.5,0.65,3.5,35.174,39.898,0.1548,19.426
Bengaluru,12.9716,77.5946,warm_humid,3.0,3.0,2.6,180.0,puf_sandwich_panel,0.15,gi_sheet,0.002,eps,0.025,north,1.8,1.2,0.45,2.6,32.801,39.988,0.4464,19.583
Bengaluru,12.9716,77.5946,warm_humid,3.0,3.0,2.6,90.0,rammed_earth,0.15,puf_sandwich_panel,0.05,none,0.0,west,0.6,0.6,0.35,5.8,33.362,38.177,0.3155,19.451
Bengaluru,12.9716,77.5946,warm_humid,3.0,3.0,2.6,0.0,gi_sheet,0.002,puf_sandwich_panel,0.075,mineral_wool,0.05,south,1.2,1.5,0.85,3.5,33.411,41.647,0.4345,19.565
Bengaluru,12.9716,77.5946,warm_humid,3.0,3.0,2.6,135.0,puf_sandwich_panel,0.15,puf_sandwich_panel,0.05,eps,0.1,east,0.9,1.5,0.75,3.5,31.662,37.406,0.5417,19.586
Bengaluru,12.9716,77.5946,warm_humid,3.0,3.0,2.6,0.0,concrete,0.15,gi_sheet,0.002,eps,0.05,north,0.6,1.2,0.55,2.6,31.629,34.586,0.4464,19.444
Bengaluru,12.9716,77.5946,warm_humid,3.0,3.0,2.6,45.0,rammed_earth,0.15,rcc_slab,0.15,none,0.0,west,1.5,0.6,0.85,3.5,35.577,42.171,0.1667,19.442
Bengaluru,12.9716,77.5946,warm_humid,3.0,3.0,2.6,0.0,concrete,0.2,brick,0.23,none,0.0,south,1.2,1.5,0.75,3.5,35.055,40.255,0.1429,19.432
Bengaluru,12.9716,77.5946,warm_humid,3.0,3.0,2.6,90.0,puf_sandwich_panel,0.1,concrete,0.15,eps,0.05,north,1.2,0.6,0.35,5.8,31.152,34.002,0.6071,19.489
Bengaluru,12.9716,77.5946,warm_humid,3.0,3.0,2.6,0.0,plywood,0.012,concrete,0.15,mineral_wool,0.1,south,1.8,1.5,0.55,2.6,32.809,37.406,0.369,19.486
Bengaluru,12.9716,77.5946,warm_humid,3.0,3.0,2.6,0.0,concrete,0.1,puf_sandwich_panel,0.1,mineral_wool,0.05,north,1.5,0.6,0.75,3.5,31.716,34.779,0.4821,19.456
Bengaluru,12.9716,77.5946,warm_humid,3.0,3.0,2.6,135.0,rammed_earth,0.15,rcc_slab,0.15,mineral_wool,0.1,east,1.2,0.9,0.65,5.8,31.116,33.829,0.5655,19.442
Bengaluru,12.9716,77.5946,warm_humid,3.0,3.0,2.6,135.0,concrete,0.15,puf_sandwich_panel,0.075,mineral_wool,0.1,east,0.6,0.6,0.55,5.8,30.467,32.815,0.744,19.443
Bengaluru,12.9716,77.5946,warm_humid,3.0,3.0,2.6,45.0,brick,0.345,gi_sheet,0.002,eps,0.05,south,1.5,0.9,0.35,2.6,30.694,33.628,0.5952,19.429
Bengaluru,12.9716,77.5946,warm_humid,3.0,3.0,2.6,90.0,concrete,0.15,brick,0.23,eps,0.1,south,1.5,0.9,0.85,3.5,31.412,34.445,0.4345,19.436
Bengaluru,12.9716,77.5946,warm_humid,3.0,3.0,2.6,180.0,plywood,0.012,rcc_slab,0.1,eps,0.025,west,1.8,0.6,0.55,3.5,33.889,40.781,0.3631,19.507
Bengaluru,12.9716,77.5946,warm_humid,3.0,3.0,2.6,90.0,rammed_earth,0.15,concrete,0.1,eps,0.025,south,1.2,0.6,0.65,5.8,32.633,36.223,0.3095,19.445
Bengaluru,12.9716,77.5946,warm_humid,3.0,3.0,2.6,135.0,concrete,0.15,rcc_slab,0.15,eps,0.1,south,1.5,0.9,0.45,2.6,30.917,33.613,0.5893,19.438
Bengaluru,12.9716,77.5946,warm_humid,3.0,3.0,2.6,135.0,rammed_earth,0.15,puf_sandwich_panel,0.05,eps,0.05,west,1.2,1.2,0.35,3.5,31.449,34.215,0.5119,19.452
Bengaluru,12.9716,77.5946,warm_humid,3.0,3.0,2.6,135.0,plywood,0.012,rcc_slab,0.15,mineral_wool,0.025,east,1.5,0.6,0.35,3.5,33.312,39.08,0.369,19.488
Bengaluru,12.9716,77.5946,warm_humid,3.0,3.0,2.6,90.0,gi_sheet,0.002,puf_sandwich_panel,0.075,mineral_wool,0.05,north,1.8,0.9,0.35,3.5,32.357,38.283,0.4702,19.565
Bengaluru,12.9716,77.5946,warm_humid,3.0,3.0,2.6,135.0,plywood,0.03,rcc_slab,0.1,mineral_wool,0.05,east,0.6,0.6,0.55,2.6,32.107,36.327,0.4583,19.498
Bengaluru,12.9716,77.5946,warm_humid,3.0,3.0,2.6,180.0,puf_sandwich_panel,0.05,puf_sandwich_panel,0.075,mineral_wool,0.025,east,1.5,0.9,0.45,2.6,31.467,36.986,0.5476,19.597
Bengaluru,12.9716,77.5946,warm_humid,3.0,3.0,2.6,0.0,concrete,0.3,puf_sandwich_panel,0.1,mineral_wool,0.05,east,1.5,1.2,0.65,2.6,31.44,34.598,0.4226,19.429
Bengaluru,12.9716,77.5946,warm_humid,3.0,3.0,2.6,180.0,puf_sandwich_panel,0.075,puf_sandwich_panel,0.075,mineral_wool,0.1,east,0.9,0.9,0.45,2.6,30.623,34.288,0.6726,19.58
Bengaluru,12.9716,77.5946,warm_humid,3.0,3.0,2.6,45.0,puf_sandwich_panel,0.075,puf_sandwich_panel,0.075,eps,0.025,west,0.6,1.5,0.35,2.6,30.792,34.858,0.619,19.598
Bengaluru,12.9716,77.5946,warm_humid,3.0,3.0,2.6,90.0,rammed_earth,0.15,brick,0.115,mineral_wool,0.05,north,1.8,1.5,0.45,3.5,32.785,36.194,0.2857,19.446
Bengaluru,12.9716,77.5946,warm_humid,3.0,3.0,2.6,135.0,gi_sheet,0.002,brick,0.23,mineral_wool,0.025,south,0.9,0.9,0.85,2.6,33.406,38.782,0.3452,19.474
Bengaluru,12.9716,77.5946,warm_humid,3.0,3.0,2.6,135.0,gi_sheet,0.002,brick,0.23,mineral_wool,0.05,west,0.6,1.2,0.85,2.6,32.649,36.677,0.369,19.474
Bengaluru,12.9716,77.5946,warm_humid,3.0,3.0,2.6,90.0,brick,0.115,brick,0.23,mineral_wool,0.05,south,1.2,0.9,0.65,5.8,32.008,35.183,0.3512,19.443
Bengaluru,12.9716,77.5946,warm_humid,3.0,3.0,2.6,180.0,puf_sandwich_panel,0.1,concrete,0.15,eps,0.05,south,1.5,0.6,0.55,3.5,31.178,34.115,0.5893,19.489
Bengaluru,12.9716,77.5946,warm_humid,3.0,3.0,2.6,135.0,puf_sandwich_panel,0.075,gi_sheet,0.002,none,0.0,north,1.5,0.6,0.55,5.8,36.267,52.218,0.4107,17.97
Bengaluru,12.9716,77.5946,warm_humid,3.0,3.0,2.6,45.0,gi_sheet,0.002,concrete,0.15,eps,0.1,east,0.6,0.9,0.35,5.8,31.419,34.698,0.5357,19.484
Bengaluru,12.9716,77.5946,warm_humid,3.0,3.0,2.6,180.0,brick,0.23,concrete,0.15,mineral_wool,0.05,south,1.8,0.9,0.75,3.5,31.643,34.784,0.4107,19.433
Bengaluru,12.9716,77.5946,warm_humid,3.0,3.0,2.6,180.0,rammed_earth,0.15,rcc_slab,0.2,none,0.0,north,1.8,0.6,0.35,2.6,35.044,40.911,0.1726,19.44
Bengaluru,12.9716,77.5946,warm_humid,3.0,3.0,2.6,180.0,gi_sheet,0.002,rcc_slab,0.2,mineral_wool,0.025,west,1.8,1.5,0.65,5.8,34.81,41.156,0.2738,19.473
Bengaluru,12.9716,77.5946,warm_humid,3.0,3.0,2.6,45.0,plywood,0.05,puf_sandwich_panel,0.1,none,0.0,east,0.6,0.6,0.55,3.5,33.201,40.878,0.4226,18.944
Bengaluru,12.9716,77.5946,warm_humid,3.0,3.0,2.6,45.0,rammed_earth,0.3,brick,0.115,mineral_wool,0.1,west,1.5,1.5,0.85,2.6,31.376,34.615,0.4286,19.432
Bengaluru,12.9716,77.5946,warm_humid,3.0,3.0,2.6,90.0,concrete,0.3,concrete,0.1,eps,0.05,north,0.6,1.2,0.45,3.5,30.597,33.628,0.5655,19.427
Bengaluru,12.9716,77.5946,warm_humid,3.0,3.0,2.6,0.0,brick,0.345,brick,0.115,eps,0.025,west,1.2,0.6,0.75,3.5,31.562,34.952,0.4107,19.428
Bengaluru,12.9716,77.5946,warm_humid,3.0,3.0,2.6,135.0,concrete,0.3,brick,0.23,mineral_wool,0.05,east,1.2,1.5,0.65,3.5,31.288,34.676,0.4464,19.426
Bengaluru,12.9716,77.5946,warm_humid,3.0,3.0,2.6,180.0,rammed_earth,0.15,gi_sheet,0.002,eps,0.05,east,0.9,1.2,0.35,2.6,31.722,34.748,0.4583,19.451
Bengaluru,12.9716,77.5946,warm_humid,3.0,3.0,2.6,90.0,puf_sandwich_panel,0.1,brick,0.115,eps,0.1,west,1.2,0.9,0.85,5.8,31.235,34.348,0.5714,19.509
Bengaluru,12.9716,77.5946,warm_humid,3.0,3.0,2.6,90.0,puf_sandwich_panel,0.1,brick,0.23,eps,0.1,west,0.9,1.2,0.65,2.6,30.769,33.213,0.6786,19.478
Bengaluru,12.9716,77.5946,warm_humid,3.0,3.0,2.6,0.0,concrete,0.3,gi_sheet,0.002,mineral_wool,0.05,west,1.8,0.9,0.65,2.6,31.387,34.653,0.4286,19.429
Bengaluru,12.9716,77.5946,warm_humid,3.0,3.0,2.6,0.0,concrete,0.15,brick,0.23,mineral_wool,0.05,north,1.5,0.9,0.75,3.5,31.781,34.908,0.369,19.436
Bengaluru,12.9716,77.5946,warm_humid,3.0,3.0,2.6,90.0,rammed_earth,0.45,concrete,0.2,eps,0.025,east,1.5,1.5,0.55,5.8,31.401,34.916,0.4345,19.424
Bengaluru,12.9716,77.5946,warm_humid,3.0,3.0,2.6,45.0,puf_sandwich_panel,0.15,brick,0.115,eps,0.05,east,1.5,0.9,0.55,3.5,32.138,36.0,0.4345,19.509
Bengaluru,12.9716,77.5946,warm_humid,3.0,3.0,2.6,135.0,concrete,0.2,rcc_slab,0.25,eps,0.1,east,0.6,0.6,0.35,5.8,29.868,32.482,0.869,19.43
Bengaluru,12.9716,77.5946,warm_humid,3.0,3.0,2.6,45.0,plywood,0.05,brick,0.23,eps,0.025,east,1.5,1.5,0.85,3.5,34.724,40.265,0.2262,19.472
Bengaluru,12.9716,77.5946,warm_humid,3.0,3.0,2.6,90.0,concrete,0.3,gi_sheet,0.002,none,0.0,north,1.8,0.9,0.75,3.5,35.812,41.38,0.1131,19.429
Bengaluru,12.9716,77.5946,warm_humid,3.0,3.0,2.6,135.0,concrete,0.1,brick,0.23,mineral_wool,0.05,west,0.6,0.9,0.35,3.5,31.668,34.576,0.4226,19.442
Bengaluru,12.9716,77.5946,warm_humid,3.0,3.0,2.6,45.0,rammed_earth,0.3,gi_sheet,0.002,eps,0.1,south,0.6,0.9,0.45,2.6,29.802,32.266,0.9226,19.433
Bengaluru,12.9716,77.5946,warm_humid,3.0,3.0,2.6,135.0,brick,0.345,concrete,0.2,mineral_wool,0.05,north,0.6,1.5,0.75,5.8,30.796,33.988,0.5298,19.426
Bengaluru,12.9716,77.5946,warm_humid,3.0,3.0,2.6,0.0,puf_sandwich_panel,0.075,gi_sheet,0.002,mineral_wool,0.1,east,1.2,1.5,0.45,2.6,31.996,36.607,0.4762,19.573
Bengaluru,12.9716,77.5946,warm_humid,3.0,3.0,2.6,45.0,gi_sheet,0.002,brick,0.115,mineral_wool,0.1,north,1.8,0.6,0.65,5.8,32.142,36.266,0.4524,19.498
Bengaluru,12.9716,77.5946,warm_humid,3.0,3.0,2.6,45.0,rammed_earth,0.15,puf_sandwich_panel,0.15,eps,0.025,north,0.6,1.2,0.45,5.8,31.668,34.631,0.4762,19.451
Bengaluru,12.9716,77.5946,warm_humid,3.0,3.0,2.6,180.0,brick,0.345,puf_sandwich_panel,0.15,none,0.0,south,1.5,1.2,0.85,3.5,32.361,35.862,0.3155,19.43
Bengaluru,12.9716,77.5946,warm_humid,3.0,3.0,2.6,0.0,gi_sheet,0.002,rcc_slab,0.15,none,0.0,north,0.9,1.5,0.85,2.6,36.054,49.694,0.3869,15.315
Bengaluru,12.9716,77.5946,warm_humid,3.0,3.0,2.6,135.0,gi_sheet,0.002,brick,0.115,eps,0.05,south,1.2,0.9,0.45,2.6,32.61,37.738,0.4226,19.502
Bengaluru,12.9716,77.5946,warm_humid,3.0,3.0,2.6,180.0,plywood,0.019,rcc_slab,0.15,eps,0.05,north,1.8,1.5,0.75,3.5,34.024,39.874,0.3214,19.487
Bengaluru,12.9716,77.5946,warm_humid,3.0,3.0,2.6,45.0,rammed_earth,0.45,puf_sandwich_panel,0.075,mineral_wool,0.025,north,1.8,0.9,0.35,2.6,30.219,33.122,0.7202,19.426
Bengaluru,12.9716,77.5946,warm_humid,3.0,3.0,2.6,0.0,concrete,0.3,rcc_slab,0.1,mineral_wool,0.1,north,1.8,0.6,0.35,5.8,29.669,32.42,0.8869,19.427
Bengaluru,12.9716,77.5946,warm_humid,3.0,3.0,2.6,0.0,plywood,0.019,brick,0.23,eps,0.05,north,1.2,1.5,0.55,5.8,32.44,36.55,0.3929,19.476
Bengaluru,12.9716,77.5946,warm_humid,3.0,3.0,2.6,135.0,gi_sheet,0.002,gi_sheet,0.002,mineral_wool,0.1,north,1.8,0.9,0.85,2.6,33.615,40.004,0.3988,19.552
Bengaluru,12.9716,77.5946,warm_humid,3.0,3.0,2.6,135.0,puf_sandwich_panel,0.05,gi_sheet,0.002,mineral_wool,0.05,south,1.5,1.5,0.75,2.6,32.964,40.676,0.4405,19.583
Bengaluru,12.9716,77.5946,warm_humid,3.0,3.0,2.6,0.0,brick,0.23,rcc_slab,0.15,mineral_wool,0.1,west,0.9,0.6,0.75,5.8,30.212,32.869,0.7917,19.433
Bengaluru,12.9716,77.5946,warm_humid,3.0,3.0,2.6,0.0,plywood,0.012,brick,0.115,mineral_wool,0.05,west,1.5,1.2,0.45,3.5,32.878,38.834,0.4167,19.506
Bengaluru,12.9716,77.5946,warm_humid,3.0,3.0,2.6,0.0,rammed_earth,0.15,gi_sheet,0.002,eps,0.025,south,0.9,1.2,0.85,2.6,33.149,37.171,0.2619,19.451
Bengaluru,12.9716,77.5946,warm_humid,3.0,3.0,2.6,0.0,gi_sheet,0.002,rcc_slab,0.2,none,0.0,east,0.6,1.2,0.65,3.5,35.814,48.022,0.3631,15.75
Bengaluru,12.9716,77.5946,warm_humid,3.0,3.0,2.6,45.0,brick,0.23,rcc_slab,0.1,none,0.0,west,0.9,1.2,0.75,5.8,35.693,41.352,0.1131,19.435
Bengaluru,12.9716,77.5946,warm_humid,3.0,3.0,2.6,45.0,rammed_earth,0.45,gi_sheet,0.002,eps,0.05,west,0.9,1.2,0.75,3.5,30.297,33.373,0.6786,19.426
Bengaluru,12.9716,77.5946,warm_humid,3.0,3.0,2.6,135.0,rammed_earth,0.3,gi_sheet,0.002,eps,0.025,east,0.6,1.5,0.75,3.5,32.042,35.333,0.3274,19.433
Bengaluru,12.9716,77.5946,warm_humid,3.0,3.0,2.6,90.0,brick,0.345,brick,0.115,eps,0.025,east,1.2,0.9,0.35,3.5,31.399,34.664,0.4286,19.428
Bengaluru,12.9716,77.5946,warm_humid,3.0,3.0,2.6,90.0,brick,0.345,concrete,0.2,eps,0.025,east,0.9,1.5,0.55,5.8,31.533,34.944,0.4167,19.427
Bengaluru,12.9716,77.5946,warm_humid,3.0,3.0,2.6,135.0,gi_sheet,0.002,brick,0.23,eps,0.025,north,1.5,0.9,0.65,2.6,33.843,39.407,0.3155,19.475
Bengaluru,12.9716,77.5946,warm_humid,3.0,3.0,2.6,0.0,concrete,0.1,concrete,0.2,mineral_wool,0.05,east,0.9,1.2,0.75,2.6,32.541,35.854,0.2857,19.442
Bengaluru,12.9716,77.5946,warm_humid,3.0,3.0,2.6,45.0,plywood,0.012,gi_sheet,0.002,eps,0.1,south,1.8,0.9,0.75,2.6,32.843,40.945,0.4524,19.577
Bengaluru,12.9716,77.5946,warm_humid,3.0,3.0,2.6,180.0,concrete,0.2,puf_sandwich_panel,0.05,mineral_wool,0.025,east,1.2,0.6,0.35,3.5,31.64,34.619,0.3929,19.436
Bengaluru,12.9716,77.5946,warm_humid,3.0,3.0,2.6,0.0,brick,0.115,brick,0.115,eps,0.025,west,0.6,1.2,0.45,5.8,32.976,36.896,0.2738,19.45
Bengaluru,12.9716,77.5946,warm_humid,3.0,3.0,2.6,90.0,puf_sandwich_panel,0.05,concrete,0.1,eps,0.1,south,1.5,0.9,0.85,5.8,32.055,36.589,0.4643,19.508
Bengaluru,12.9716,77.5946,warm_humid,3.0,3.0,2.6,135.0,rammed_earth,0.45,concrete,0.15,none,0.0,east,1.8,0.9,0.55,5.8,34.01,38.386,0.2143,19.425
Bengaluru,12.9716,77.5946,warm_humid,3.0,3.0,2.6,0.0,puf_sandwich_panel,0.15,gi_sheet,0.002,eps,0.1,east,1.5,1.2,0.65,2.6,32.647,37.746,0.4345,19.578
Bengaluru,12.9716,77.5946,warm_humid,3.0,3.0,2.6,0.0,rammed_earth,0.15,brick,0.23,none,0.0,north,0.9,1.5,0.55,2.6,34.503,39.777,0.1964,19.44
Bengaluru,12.9716,77.5946,warm_humid,3.0,3.0,2.6,45.0,concrete,0.3,gi_sheet,0.002,mineral_wool,0.05,north,1.8,0.6,0.45,2.6,30.829,33.834,0.5417,19.429
Bengaluru,12.9716,77.5946,warm_humid,3.0,3.0,2.6,135.0,brick,0.345,concrete,0.2,mineral_wool,0.1,north,1.2,1.5,0.85,2.6,31.292,34.662,0.4524,19.427
Bengaluru,12.9716,77.5946,warm_humid,3.0,3.0,2.6,135.0,brick,0.115,concrete,0.2,mineral_wool,0.1,west,0.9,1.5,0.65,5.8,31.588,34.392,0.4345,19.443
Bengaluru,12.9716,77.5946,warm_humid,3.0,3.0,2.6,0.0,plywood,0.019,gi_sheet,0.002,eps,0.025,west,1.8,1.2,0.65,3.5,34.24,45.866,0.4167,18.87
Bengaluru,12.9716,77.5946,warm_humid,3.0,3.0,2.6,0.0,plywood,0.03,rcc_slab,0.15,mineral_wool,0.1,east,0.6,1.2,0.55,5.8,31.527,34.609,0.506,19.481
Bengaluru,12.9716,77.5946,warm_humid,3.0,3.0,2.6,45.0,brick,0.345,concrete,0.1,mineral_wool,0.05,north,1.5,1.5,0.65,2.6,31.697,35.068,0.4048,19.428
Bengaluru,12.9716,77.5946,warm_humid,3.0,3.0,2.6,0.0,gi_sheet,0.002,rcc_slab,0.15,mineral_wool,0.1,west,1.8,0.6,0.35,5.8,31.624,35.318,0.506,19.482
Bengaluru,12.9716,77.5946,warm_humid,3.0,3.0,2.6,45.0,concrete,0.3,concrete,0.1,mineral_wool,0.05,east,0.9,1.2,0.45,5.8,30.866,33.973,0.5238,19.427
Bengaluru,12.9716,77.5946,warm_humid,3.0,3.0,2.6,45.0,rammed_earth,0.3,gi_sheet,0.002,eps,0.05,south,0.6,0.9,0.55,2.6,30.672,33.436,0.6429,19.433
Bengaluru,12.9716,77.5946,warm_humid,3.0,3.0,2.6,90.0,puf_sandwich_panel,0.05,brick,0.23,none,0.0,east,1.5,0.6,0.35,5.8,33.522,38.828,0.3214,19.48
Bengaluru,12.9716,77.5946,warm_humid,3.0,3.0,2.6,135.0,rammed_earth,0.45,rcc_slab,0.1,eps,0.1,south,0.9,1.2,0.75,5.8,29.526,32.44,0.8988,19.425
Bengaluru,12.9716,77.5946,warm_humid,3.0,3.0,2.6,180.0,brick,0.23,rcc_slab,0.15,mineral_wool,0.025,north,1.5,0.9,0.65,2.6,32.582,36.053,0.2738,19.433
Bengaluru,12.9716,77.5946,warm_humid,3.0,3.0,2.6,0.0,plywood,0.012,concrete,0.1,mineral_wool,0.05,east,0.9,0.6,0.45,5.8,32.408,37.201,0.4464,19.504
Bengaluru,12.9716,77.5946,warm_humid,3.0,3.0,2.6,45.0,gi_sheet,0.002,brick,0.23,mineral_wool,0.025,north,1.8,1.5,0.75,2.6,34.481,40.713,0.2917,19.475
Bengaluru,12.9716,77.5946,warm_humid,3.0,3.0,2.6,45.0,concrete,0.2,rcc_slab,0.2,none,0.0,south,1.5,1.5,0.85,2.6,35.919,41.975,0.1131,19.432
Bengaluru,12.9716,77.5946,warm_humid,3.0,3.0,2.6,90.0,rammed_earth,0.3,concrete,0.1,mineral_wool,0.025,north,1.5,0.6,0.75,3.5,32.113,35.446,0.3333,19.431
Bengaluru,12.9716,77.5946,warm_humid,3.0,3.0,2.6,45.0,concrete,0.3,gi_sheet,0.002,none,0.0,east,1.5,1.2,0.65,5.8,35.827,41.436,0.1131,19.429
Bengaluru,12.9716,77.5946,warm_humid,3.0,3.0,2.6,180.0,concrete,0.15,rcc_slab,0.2,mineral_wool,0.1,west,0.9,0.6,0.55,5.8,30.726,33.353,0.631,19.435
Bengaluru,12.9716,77.5946,warm_humid,3.0,3.0,2.6,90.0,concrete,0.3,gi_sheet,0.002,eps,0.05,east,0.9,1.2,0.45,5.8,30.757,33.739,0.5595,19.429
Bengaluru,12.9716,77.5946,warm_humid,3.0,3.0,2.6,0.0,gi_sheet,0.002,puf_sandwich_panel,0.075,mineral_wool,0.1,west,0.9,0.9,0.75,5.8,31.946,37.997,0.5,19.557
Bengaluru,12.9716,77.5946,warm_humid,3.0,3.0,2.6,0.0,gi_sheet,0.002,concrete,0.1,eps,0.05,north,1.5,1.5,0.75,3.5,33.275,39.275,0.375,19.501
Bengaluru,12.9716,77.5946,warm_humid,3.0,3.0,2.6,0.0,concrete,0.2,gi_sheet,0.002,mineral_wool,0.025,west,0.6,1.5,0.45,5.8,32.426,35.861,0.2917,19.436
Bengaluru,12.9716,77.5946,warm_humid,3.0,3.0,2.6,0.0,brick,0.345,puf_sandwich_panel,0.075,eps,0.025,north,1.2,1.5,0.35,3.5,30.719,33.604,0.5893,19.43
Bengaluru,12.9716,77.5946,warm_humid,3.0,3.0,2.6,90.0,concrete,0.2,puf_sandwich_panel,0.15,eps,0.05,west,1.5,0.6,0.55,2.6,30.708,33.374,0.6488,19.437
Bengaluru,12.9716,77.5946,warm_humid,3.0,3.0,2.6,180.0,concrete,0.3,rcc_slab,0.1,mineral_wool,0.025,north,1.5,1.2,0.65,5.8,32.424,36.034,0.3095,19.428
Bengaluru,12.9716,77.5946,warm_humid,3.0,3.0,2.6,90.0,concrete,0.1,concrete,0.1,mineral_wool,0.025,east,1.8,0.9,0.65,5.8,33.539,37.82,0.2202,19.449
Bengaluru,12.9716,77.5946,warm_humid,3.0,3.0,2.6,0.0,rammed_earth,0.45,gi_sheet,0.002,mineral_wool,0.1,north,1.8,1.2,0.85,5.8,30.37,33.545,0.6012,19.427
Bengaluru,12.9716,77.5946,warm_humid,3.0,3.0,2.6,90.0,concrete,0.2,gi_sheet,0.002,mineral_wool,0.025,north,0.6,1.5,0.35,2.6,32.368,35.7,0.2976,19.436
Bengaluru,12.9716,77.5946,warm_humid,3.0,3.0,2.6,0.0,brick,0.23,brick,0.115,mineral_wool,0.05,east,0.6,1.2,0.85,3.5,31.664,34.719,0.3988,19.434
Bengaluru,12.9716,77.5946,warm_humid,3.0,3.0,2.6,90.0,puf_sandwich_panel,0.15,concrete,0.15,mineral_wool,0.1,west,1.5,0.6,0.35,5.8,30.331,32.538,0.8571,19.486
Bengaluru,12.9716,77.5946,warm_humid,3.0,3.0,2.6,90.0,concrete,0.2,gi_sheet,0.002,none,0.0,west,0.9,1.5,0.45,3.5,35.825,42.727,0.1726,19.437
Bengaluru,12.9716,77.5946,warm_humid,3.0,3.0,2.6,180.0,brick,0.23,brick,0.115,mineral_wool,0.05,south,1.2,1.5,0.35,5.8,31.338,34.257,0.4583,19.435
Bengaluru,12.9716,77.5946,warm_humid,3.0,3.0,2.6,45.0,gi_sheet,0.002,concrete,0.15,mineral_wool,0.1,west,1.5,0.6,0.65,2.6,31.709,35.339,0.494,19.482
Bengaluru,12.9716,77.5946,warm_humid,3.0,3.0,2.6,90.0,gi_sheet,0.002,brick,0.115,eps,0.1,west,1.5,0.9,0.65,5.8,31.911,36.024,0.4821,19.502
Bengaluru,12.9716,77.5946,warm_humid,3.0,3.0,2.6,45.0,gi_sheet,0.002,concrete,0.2,eps,0.05,east,0.9,0.9,0.85,2.6,32.83,37.075,0.3512,19.473
Bengaluru,12.9716,77.5946,warm_humid,3.0,3.0,2.6,45.0,puf_sandwich_panel,0.075,brick,0.115,none,0.0,north,0.9,0.6,0.65,3.5,34.924,43.392,0.3333,19.512
Bengaluru,12.9716,77.5946,warm_humid,3.0,3.0,2.6,135.0,rammed_earth,0.45,rcc_slab,0.2,mineral_wool,0.05,east,0.9,1.5,0.45,2.6,30.028,33.127,0.744,19.424
Bengaluru,12.9716,77.5946,warm_humid,3.0,3.0,2.6,0.0,brick,0.23,brick,0.115,eps,0.025,east,0.6,0.9,0.85,5.8,32.424,35.795,0.2857,19.434
Bengaluru,12.9716,77.5946,warm_humid,3.0,3.0,2.6,135.0,gi_sheet,0.002,puf_sandwich_panel,0.15,mineral_wool,0.05,north,1.5,1.2,0.45,5.8,32.798,38.984,0.4405,19.563
Bengaluru,12.9716,77.5946,warm_humid,3.0,3.0,2.6,180.0,puf_sandwich_panel,0.075,brick,0.115,eps,0.05,west,0.9,0.9,0.75,2.6,32.091,35.941,0.4345,19.511
Bengaluru,12.9716,77.5946,warm_humid,3.0,3.0,2.6,90.0,concrete,0.3,brick,0.23,eps,0.1,west,1.2,1.5,0.55,3.5,29.984,32.949,0.756,19.426
Bengaluru,12.9716,77.5946,warm_humid,3.0,3.0,2.6,135.0,concrete,0.3,concrete,0.2,eps,0.1,west,1.2,0.9,0.55,2.6,29.915,32.829,0.7857,19.426
Bengaluru,12.9716,77.5946,warm_humid,3.0,3.0,2.6,135.0,plywood,0.03,brick,0.115,mineral_wool,0.05,east,0.9,0.6,0.45,2.6,32.175,36.526,0.4524,19.5
Bengaluru,12.9716,77.5946,warm_humid,3.0,3.0,2.6,0.0,rammed_earth,0.15,rcc_slab,0.25,eps,0.025,east,1.2,0.9,0.75,3.5,32.873,36.383,0.256,19.438
Bengaluru,12.9716,77.5946,warm_humid,3.0,3.0,2.6,180.0,brick,0.23,brick,0.23,mineral_wool,0.1,east,0.9,1.5,0.65,2.6,30.812,33.724,0.5893,19.432
Bengaluru,12.9716,77.5946,warm_humid,3.0,3.0,2.6,90.0,gi_sheet,0.002,brick,0.23,mineral_wool,0.05,west,0.6,0.9,0.85,5.8,32.113,35.865,0.4405,19.474
Bengaluru,12.9716,77.5946,warm_humid,3.0,3.0,2.6,90.0,gi_sheet,0.002,gi_sheet,0.002,mineral_wool,0.1,west,1.2,1.2,0.45,5.8,31.777,36.9,0.5,19.552
Bengaluru,12.9716,77.5946,warm_humid,3.0,3.0,2.6,135.0,puf_sandwich_panel,0.05,gi_sheet,0.002,mineral_wool,0.05,east,1.5,0.6,0.35,5.8,31.539,36.753,0.5298,19.583
Bengaluru,12.9716,77.5946,warm_humid,3.0,3.0,2.6,180.0,brick,0.115,rcc_slab,0.25,mineral_wool,0.025,south,0.6,0.9,0.45,3.5,32.568,35.986,0.2917,19.44
Bengaluru,12.9716,77.5946,warm_humid,3.0,3.0,2.6,0.0,plywood,0.03,rcc_slab,0.25,eps,0.1,south,1.5,1.5,0.55,2.6,32.197,35.611,0.3988,19.465
Bengaluru,12.9716,77.5946,warm_humid,3.0,3.0,2.6,180.0,rammed_earth,0.45,gi_sheet,0.002,mineral_wool,0.1,north,1.8,1.2,0.65,5.8,30.546,33.667,0.5655,19.427
Bengaluru,12.9716,77.5946,warm_humid,3.0,3.0,2.6,90.0,brick,0.345,puf_sandwich_panel,0.15,eps,0.05,north,1.8,1.2,0.35,5.8,30.683,33.502,0.6012,19.43
Bengaluru,12.9716,77.5946,warm_humid,3.0,3.0,2.6,0.0,rammed_earth,0.3,rcc_slab,0.2,mineral_wool,0.1,east,0.9,1.5,0.65,2.6,30.641,33.575,0.5774,19.429
Bengaluru,12.9716,77.5946,warm_humid,3.0,3.0,2.6,90.0,rammed_earth,0.15,puf_sandwich_panel,0.05,eps,0.025,north,1.2,1.5,0.65,3.5,32.959,36.6,0.256,19.452
Bengaluru,12.9716,77.5946,warm_humid,3.0,3.0,2.6,90.0,plywood,0.019,concrete,0.1,mineral_wool,0.05,north,1.5,1.2,0.65,3.5,33.564,39.104,0.3452,19.502
Bengaluru,12.9716,77.5946,warm_humid,3.0,3.0,2.6,135.0,plywood,0.05,rcc_slab,0.15,eps,0.1,north,0.6,0.9,0.85,3.5,31.536,34.454,0.5238,19.48
Bengaluru,12.9716,77.5946,warm_humid,3.0,3.0,2.6,90.0,rammed_earth,0.45,concrete,0.15,mineral_wool,0.025,north,1.5,0.6,0.55,2.6,30.912,34.254,0.5119,19.424
Bengaluru,12.9716,77.5946,warm_humid,3.0,3.0,2.6,45.0,rammed_earth,0.45,brick,0.115,mineral_wool,0.025,west,0.9,1.2,0.35,2.6,30.745,33.987,0.5417,19.425
Bengaluru,12.9716,77.5946,warm_humid,3.0,3.0,2.6,90.0,puf_sandwich_panel,0.1,rcc_slab,0.2,mineral_wool,0.05,south,0.9,1.5,0.45,3.5,31.406,34.539,0.5417,19.476
Bengaluru,12.9716,77.5946,warm_humid,3.0,3.0,2.6,90.0,gi_sheet,0.002,rcc_slab,0.15,none,0.0,north,1.5,1.5,0.35,2.6,35.939,49.407,0.381,15.309
Bengaluru,12.9716,77.5946,warm_humid,3.0,3.0,2.6,180.0,concrete,0.3,gi_sheet,0.002,eps,0.05,east,1.8,0.6,0.35,3.5,30.778,33.758,0.5595,19.429
Bengaluru,12.9716,77.5946,warm_humid,3.0,3.0,2.6,45.0,gi_sheet,0.002,rcc_slab,0.2,mineral_wool,0.05,south,0.6,1.2,0.75,5.8,32.458,36.674,0.3869,19.472
Bengaluru,12.9716,77.5946,warm_humid,3.0,3.0,2.6,135.0,puf_sandwich_panel,0.15,brick,0.23,mineral_wool,0.025,east,1.2,1.5,0.65,2.6,32.642,36.838,0.3631,19.478
Bengaluru,12.9716,77.5946,warm_humid,3.0,3.0,2.6,135.0,gi_sheet,0.002,rcc_slab,0.15,none,0.0,east,0.9,0.9,0.85,2.6,36.146,49.945,0.375,15.318
Bengaluru,12.9716,77.5946,warm_humid,3.0,3.0,2.6,0.0,plywood,0.019,concrete,0.1,mineral_wool,0.1,south,1.2,1.5,0.75,5.8,32.78,37.574,0.4048,19.5
Bengaluru,12.9716,77.5946,warm_humid,3.0,3.0,2.6,90.0,concrete,0.1,concrete,0.2,eps,0.025,north,0.9,1.2,0.35,3.5,32.834,36.465,0.2798,19.443
Bengaluru,12.9716,77.5946,warm_humid,3.0,3.0,2.6,180.0,plywood,0.05,concrete,0.2,eps,0.025,north,0.6,1.5,0.55,2.6,32.901,37.228,0.3512,19.47
Bengaluru,12.9716,77.5946,warm_humid,3.0,3.0,2.6,135.0,gi_sheet,0.002,brick,0.115,none,0.0,east,1.2,0.6,0.45,3.5,35.894,49.94,0.4107,15.088
Bengaluru,12.9716,77.5946,warm_humid,3.0,3.0,2.6,45.0,puf_sandwich_panel,0.1,puf_sandwich_panel,0.15,eps,0.05,east,1.8,1.2,0.55,5.8,32.39,37.509,0.4643,19.592
Bengaluru,12.9716,77.5946,warm_humid,3.0,3.0,2.6,135.0,concrete,0.1,puf_sandwich_panel,0.05,mineral_wool,0.025,east,1.2,0.6,0.35,5.8,32.383,36.013,0.381,19.457
Bengaluru,12.9716,77.5946,warm_humid,3.0,3.0,2.6,0.0,plywood,0.019,brick,0.115,none,0.0,east,1.2,1.2,0.55,5.8,36.05,48.712,0.3631,16.777
Bengaluru,12.9716,77.5946,warm_humid,3.0,3.0,2.6,45.0,brick,0.23,rcc_slab,0.1,eps,0.1,east,0.6,0.6,0.55,5.8,30.117,32.624,0.8155,19.434
Bengaluru,12.9716,77.5946,warm_humid,3.0,3.0,2.6,135.0,concrete,0.2,rcc_slab,0.25,eps,0.05,north,1.2,1.2,0.85,2.6,32.248,35.622,0.3095,19.43
Bengaluru,12.9716,77.5946,warm_humid,3.0,3.0,2.6,45.0,brick,0.345,brick,0.115,eps,0.1,west,0.9,1.5,0.35,5.8,29.755,32.49,0.8869,19.428
Bengaluru,12.9716,77.5946,warm_humid,3.0,3.0,2.6,90.0,brick,0.23,concrete,0.1,eps,0.05,west,1.2,1.5,0.85,5.8,31.891,35.119,0.375,19.435
Bengaluru,12.9716,77.5946,warm_humid,3.0,3.0,2.6,45.0,gi_sheet,0.002,concrete,0.15,none,0.0,east,1.5,0.9,0.35,5.8,36.012,49.429,0.375,15.303
Bengaluru,12.9716,77.5946,warm_humid,3.0,3.0,2.6,45.0,puf_sandwich_panel,0.075,brick,0.115,mineral_wool,0.05,south,1.2,0.9,0.85,2.6,32.262,36.847,0.4464,19.509
Bengaluru,12.9716,77.5946,warm_humid,3.0,3.0,2.6,90.0,gi_sheet,0.002,rcc_slab,0.2,mineral_wool,0.1,south,1.2,0.9,0.75,2.6,31.904,35.482,0.4643,19.471
Bengaluru,12.9716,77.5946,warm_humid,3.0,3.0,2.6,45.0,rammed_earth,0.45,rcc_slab,0.15,mineral_wool,0.05,east,1.5,0.9,0.75,2.6,30.765,34.082,0.5357,19.425
Bengaluru,12.9716,77.5946,warm_humid,3.0,3.0,2.6,135.0,gi_sheet,0.002,rcc_slab,0.1,mineral_wool,0.025,east,0.9,1.2,0.45,2.6,33.604,40.579,0.375,19.5
Bengaluru,12.9716,77.5946,warm_humid,3.0,3.0,2.6,135.0,puf_sandwich_panel,0.15,puf_sandwich_panel,0.05,mineral_wool,0.1,west,1.8,1.2,0.85,2.6,32.947,38.184,0.4048,19.576
Bengaluru,12.9716,77.5946,warm_humid,3.0,3.0,2.6,135.0,puf_sandwich_panel,0.05,brick,0.115,eps,0.1,south,1.5,0.6,0.65,2.6,31.141,34.446,0.5833,19.51
Bengaluru,12.9716,77.5946,warm_humid,3.0,3.0,2.6,180.0,rammed_earth,0.3,rcc_slab,0.1,eps,0.025,east,1.2,1.2,0.55,5.8,32.057,35.429,0.3274,19.431
Bengaluru,12.9716,77.5946,warm_humid,3.0,3.0,2.6,180.0,gi_sheet,0.002,rcc_slab,0.2,mineral_wool,0.1,north,1.8,0.9,0.75,5.8,32.711,36.557,0.3512,19.471
Bengaluru,12.9716,77.5946,warm_humid,3.0,3.0,2.6,90.0,plywood,0.019,concrete,0.1,mineral_wool,0.05,west,1.8,0.6,0.45,3.5,32.229,36.754,0.4524,19.502
Bengaluru,12.9716,77.5946,warm_humid,3.0,3.0,2.6,90.0,concrete,0.2,rcc_slab,0.15,none,0.0,south,0.9,0.6,0.65,2.6,35.399,41.104,0.1369,19.432
Bengaluru,12.9716,77.5946,warm_humid,3.0,3.0,2.6,45.0,brick,0.345,brick,0.115,eps,0.1,north,1.5,0.9,0.55,2.6,30.171,33.047,0.744,19.428
Bengaluru,12.9716,77.5946,warm_humid,3.0,3.0,2.6,45.0,rammed_earth,0.45,brick,0.115,eps,0.025,east,0.6,1.5,0.65,3.5,31.134,34.514,0.4881,19.425
Bengaluru,12.9716,77.5946,warm_humid,3.0,3.0,2.6,135.0,puf_sandwich_panel,0.1,puf_sandwich_panel,0.15,mineral_wool,0.025,south,1.5,1.5,0.55,5.8,31.702,37.328,0.5357,19.59
Bengaluru,12.9716,77.5946,warm_humid,3.0,3.0,2.6,180.0,concrete,0.15,rcc_slab,0.15,mineral_wool,0.025,south,1.2,1.5,0.65,2.6,33.03,36.709,0.256,19.438
Bengaluru,12.9716,77.5946,warm_humid,3.0,3.0,2.6,45.0,concrete,0.1,gi_sheet,0.002,eps,0.025,east,0.9,0.6,0.35,5.8,33.022,37.227,0.3095,19.456
Bengaluru,12.9716,77.5946,warm_humid,3.0,3.0,2.6,0.0,gi_sheet,0.002,rcc_slab,0.15,mineral_wool,0.025,west,0.9,1.5,0.65,3.5,33.729,40.378,0.3512,19.484
Bengaluru,12.9716,77.5946,warm_humid,3.0,3.0,2.6,180.0,gi_sheet,0.002,brick,0.23,none,0.0,north,0.9,1.5,0.45,3.5,35.38,46.858,0.369,15.926
Bengaluru,12.9716,77.5946,warm_humid,3.0,3.0,2.6,90.0,plywood,0.012,concrete,0.1,eps,0.1,north,1.2,1.5,0.55,5.8,32.696,37.168,0.3988,19.505
Bengaluru,12.9716,77.5946,warm_humid,3.0,3.0,2.6,90.0,concrete,0.15,brick,0.115,eps,0.05,south,0.9,1.2,0.55,5.8,31.8,34.89,0.375,19.44
Bengaluru,12.9716,77.5946,warm_humid,3.0,3.0,2.6,90.0,brick,0.345,brick,0.23,none,0.0,south,0.9,1.2,0.65,3.5,33.432,37.5,0.2381,19.427
Bengaluru,12.9716,77.5946,warm_humid,3.0,3.0,2.6,45.0,gi_sheet,0.002,concrete,0.1,eps,0.05,south,0.9,1.2,0.85,2.6,33.088,39.03,0.3988,19.501
Bengaluru,12.9716,77.5946,warm_humid,3.0,3.0,2.6,0.0,plywood,0.019,concrete,0.15,mineral_wool,0.05,west,0.9,0.9,0.45,2.6,32.226,36.502,0.4286,19.485
Bengaluru,12.9716,77.5946,warm_humid,3.0,3.0,2.6,180.0,brick,0.23,puf_sandwich_panel,0.075,eps,0.05,east,1.2,0.9,0.55,5.8,31.072,33.83,0.5476,19.438
Bengaluru,12.9716,77.5946,warm_humid,3.0,3.0,2.6,90.0,rammed_earth,0.45,gi_sheet,0.002,eps,0.05,east,0.6,1.2,0.75,5.8,30.092,33.072,0.744,19.426
Bengaluru,12.9716,77.5946,warm_humid,3.0,3.0,2.6,135.0,puf_sandwich_panel,0.05,concrete,0.15,mineral_wool,0.025,south,1.2,0.6,0.55,3.5,32.12,36.135,0.4345,19.49
Bengaluru,12.9716,77.5946,warm_humid,3.0,3.0,2.6,0.0,gi_sheet,0.002,brick,0.23,none,0.0,north,1.5,1.2,0.35,5.8,35.319,46.711,0.369,15.909
Bengaluru,12.9716,77.5946,warm_humid,3.0,3.0,2.6,180.0,plywood,0.012,gi_sheet,0.002,none,0.0,west,1.8,1.2,0.85,5.8,37.139,54.793,0.4226,15.136
Bengaluru,12.9716,77.5946,warm_humid,3.0,3.0,2.6,0.0,brick,0.115,gi_sheet,0.002,mineral_wool,0.025,east,0.6,1.2,0.55,5.8,33.225,37.482,0.2917,19.457
Bengaluru,12.9716,77.5946,warm_humid,3.0,3.0,2.6,180.0,puf_sandwich_panel,0.075,puf_sandwich_panel,0.15,mineral_wool,0.05,south,0.9,1.5,0.75,5.8,31.244,35.68,0.5774,19.588
Bengaluru,12.9716,77.5946,warm_humid,3.0,3.0,2.6,0.0,puf_sandwich_panel,0.05,rcc_slab,0.15,mineral_wool,0.1,north,0.9,1.5,0.45,3.5,30.887,33.577,0.6429,19.487
Bengaluru,12.9716,77.5946,warm_humid,3.0,3.0,2.6,180.0,gi_sheet,0.002,rcc_slab,0.2,mineral_wool,0.025,west,0.6,0.6,0.35,2.6,33.18,38.141,0.3512,19.473
Bengaluru,12.9716,77.5946,warm_humid,3.0,3.0,2.6,0.0,rammed_earth,0.45,gi_sheet,0.002,eps,0.05,south,1.5,1.2,0.45,3.5,30.497,33.543,0.6012,19.426
Bengaluru,12.9716,77.5946,warm_humid,3.0,3.0,2.6,45.0,puf_sandwich_panel,0.15,brick,0.23,eps,0.025,north,0.6,1.5,0.45,2.6,31.626,34.71,0.5119,19.478
Bengaluru,12.9716,77.5946,warm_humid,3.0,3.0,2.6,45.0,gi_sheet,0.002,concrete,0.2,mineral_wool,0.1,north,1.2,0.6,0.65,5.8,31.615,34.76,0.5119,19.471
Bengaluru,12.9716,77.5946,warm_humid,3.0,3.0,2.6,45.0,rammed_earth,0.3,concrete,0.1,mineral_wool,0.025,north,0.9,1.2,0.75,3.5,32.117,35.473,0.3333,19.431
Bengaluru,12.9716,77.5946,warm_humid,3.0,3.0,2.6,45.0,plywood,0.05,rcc_slab,0.2,mineral_wool,0.025,west,0.6,1.2,0.35,5.8,32.602,36.767,0.369,19.47
Bengaluru,12.9716,77.5946,warm_humid,3.0,3.0,2.6,45.0,concrete,0.3,rcc_slab,0.1,mineral_wool,0.025,east,1.8,1.2,0.65,5.8,32.9,36.626,0.2679,19.428
Bengaluru,12.9716,77.5946,warm_humid,3.0,3.0,2.6,90.0,concrete,0.1,gi_sheet,0.002,mineral_wool,0.1,east,1.2,1.2,0.35,2.6,31.304,34.043,0.5357,19.456
Bengaluru,12.9716,77.5946,warm_humid,3.0,3.0,2.6,90.0,concrete,0.1,puf_sandwich_panel,0.1,mineral_wool,0.025,west,0.9,1.5,0.45,2.6,32.248,35.798,0.3988,19.457
Bengaluru,12.9716,77.5946,warm_humid,3.0,3.0,2.6,135.0,plywood,0.019,concrete,0.15,mineral_wool,0.05,east,1.8,1.5,0.75,2.6,34.009,40.531,0.3155,19.486
Bengaluru,12.9716,77.5946,warm_humid,3.0,3.0,2.6,135.0,puf_sandwich_panel,0.075,rcc_slab,0.2,mineral_wool,0.05,south,1.8,1.5,0.55,2.6,32.271,36.215,0.4107,19.476
Bengaluru,12.9716,77.5946,warm_humid,3.0,3.0,2.6,135.0,puf_sandwich_panel,0.075,brick,0.115,mineral_wool,0.05,south,1.5,1.5,0.65,5.8,32.558,37.608,0.4167,19.509
Bengaluru,12.9716,77.5946,warm_humid,3.0,3.0,2.6,180.0,puf_sandwich_panel,0.15,puf_sandwich_panel,0.05,eps,0.025,south,1.2,1.2,0.55,2.6,31.135,35.42,0.6012,19.592
Bengaluru,12.9716,77.5946,warm_humid,3.0,3.0,2.6,180.0,rammed_earth,0.3,rcc_slab,0.15,eps,0.025,north,1.2,0.6,0.85,2.6,31.78,35.07,0.3929,19.43
Bengaluru,12.9716,77.5946,warm_humid,3.0,3.0,2.6,135.0,gi_sheet,0.002,gi_sheet,0.002,mineral_wool,0.1,north,1.5,0.9,0.75,5.8,33.06,38.915,0.4048,19.552
Bengaluru,12.9716,77.5946,warm_humid,3.0,3.0,2.6,180.0,plywood,0.05,rcc_slab,0.2,mineral_wool,0.025,west,0.6,0.9,0.65,2.6,32.897,37.092,0.3393,19.47
Bengaluru,12.9716,77.5946,warm_humid,3.0,3.0,2.6,180.0,gi_sheet,0.002,brick,0.23,mineral_wool,0.025,south,1.2,0.6,0.35,5.8,33.084,38.04,0.3571,19.474
Bengaluru,12.9716,77.5946,warm_humid,3.0,3.0,2.6,45.0,gi_sheet,0.002,concrete,0.15,eps,0.1,north,0.6,1.2,0.85,2.6,31.926,35.516,0.4583,19.484
Bengaluru,12.9716,77.5946,warm_humid,3.0,3.0,2.6,180.0,brick,0.345,brick,0.115,eps,0.025,west,1.2,0.6,0.65,3.5,31.664,35.032,0.4048,19.428
Bengaluru,12.9716,77.5946,warm_humid,3.0,3.0,2.6,135.0,gi_sheet,0.002,brick,0.23,eps,0.05,west,0.9,0.9,0.35,3.5,32.258,36.105,0.4107,19.475
Bengaluru,12.9716,77.5946,warm_humid,3.0,3.0,2.6,90.0,plywood,0.05,concrete,0.15,eps,0.025,south,1.2,1.5,0.75,5.8,33.778,39.771,0.3274,19.481
Bengaluru,12.9716,77.5946,warm_humid,3.0,3.0,2.6,180.0,plywood,0.05,rcc_slab,0.15,eps,0.025,north,1.8,1.2,0.75,2.6,34.086,39.981,0.3036,19.481
Bengaluru,12.9716,77.5946,warm_humid,3.0,3.0,2.6,0.0,rammed_earth,0.3,rcc_slab,0.15,eps,0.025,west,0.6,0.6,0.55,5.8,31.342,34.49,0.4286,19.43
Bengaluru,12.9716,77.5946,warm_humid,3.0,3.0,2.6,135.0,puf_sandwich_panel,0.05,brick,0.115,mineral_wool,0.025,south,1.5,1.5,0.75,3.5,33.484,39.831,0.369,19.511
Bengaluru,12.9716,77.5946,warm_humid,3.0,3.0,2.6,135.0,gi_sheet,0.002,gi_sheet,0.002,mineral_wool,0.025,north,1.5,1.5,0.85,2.6,35.268,45.547,0.381,18.319
Bengaluru,12.9716,77.5946,warm_humid,3.0,3.0,2.6,90.0,concrete,0.15,concrete,0.2,eps,0.1,west,1.2,0.9,0.85,5.8,30.818,33.617,0.6071,19.436
Bengaluru,12.9716,77.5946,warm_humid,3.0,3.0,2.6,45.0,gi_sheet,0.002,brick,0.115,mineral_wool,0.05,east,1.2,1.5,0.55,2.6,33.374,39.148,0.3631,19.501
Bengaluru,12.9716,77.5946,warm_humid,3.0,3.0,2.6,180.0,puf_sandwich_panel,0.15,concrete,0.2,eps,0.05,north,0.9,0.6,0.55,5.8,30.878,33.398,0.6607,19.476
Bengaluru,12.9716,77.5946,warm_humid,3.0,3.0,2.6,90.0,concrete,0.1,gi_sheet,0.002,eps,0.025,south,1.5,1.2,0.45,2.6,33.327,38.041,0.3036,19.457
Bengaluru,12.9716,77.5946,warm_humid,3.0,3.0,2.6,135.0,plywood,0.012,rcc_slab,0.25,eps,0.05,east,1.8,0.9,0.85,5.8,33.275,37.9,0.3095,19.467
Bengaluru,12.9716,77.5946,warm_humid,3.0,3.0,2.6,135.0,brick,0.345,concrete,0.1,mineral_wool,0.1,west,1.2,1.2,0.55,2.6,30.229,33.127,0.7202,19.428
Bengaluru,12.9716,77.5946,warm_humid,3.0,3.0,2.6,180.0,puf_sandwich_panel,0.1,brick,0.23,eps,0.025,south,0.9,1.2,0.35,2.6,31.493,34.614,0.5357,19.479
Bengaluru,12.9716,77.5946,warm_humid,3.0,3.0,2.6,45.0,brick,0.23,puf_sandwich_panel,0.1,mineral_wool,0.05,north,1.2,0.9,0.45,5.8,30.88,33.516,0.5893,19.438
Bengaluru,12.9716,77.5946,warm_humid,3.0,3.0,2.6,135.0,rammed_earth,0.15,concrete,0.15,eps,0.025,west,0.6,1.2,0.65,5.8,32.635,36.089,0.2976,19.442
Bengaluru,12.9716,77.5946,warm_humid,3.0,3.0,2.6,45.0,concrete,0.3,gi_sheet,0.002,eps,0.025,west,1.8,1.2,0.85,3.5,32.751,36.509,0.2798,19.429
Bengaluru,12.9716,77.5946,warm_humid,3.0,3.0,2.6,45.0,rammed_earth,0.3,concrete,0.1,eps,0.1,west,1.5,1.2,0.45,5.8,30.328,33.077,0.7083,19.431
Bengaluru,12.9716,77.5946,warm_humid,3.0,3.0,2.6,180.0,rammed_earth,0.15,rcc_slab,0.1,mineral_wool,0.1,east,0.9,0.9,0.75,5.8,31.123,33.802,0.5595,19.444
Bengaluru,12.9716,77.5946,warm_humid,3.0,3.0,2.6,45.0,gi_sheet,0.002,gi_sheet,0.002,mineral_wool,0.025,north,1.2,1.5,0.65,2.6,34.151,43.427,0.3988,18.385
Bengaluru,12.9716,77.5946,warm_humid,3.0,3.0,2.6,0.0,brick,0.23,rcc_slab,0.2,eps,0.05,north,1.8,0.9,0.85,5.8,31.609,34.819,0.4107,19.432
Bengaluru,12.9716,77.5946,warm_humid,3.0,3.0,2.6,0.0,plywood,0.03,brick,0.23,none,0.0,east,0.6,1.5,0.85,2.6,35.286,43.76,0.2976,19.32
Bengaluru,12.9716,77.5946,warm_humid,3.0,3.0,2.6,0.0,gi_sheet,0.002,concrete,0.15,eps,0.1,west,0.9,0.9,0.65,2.6,31.839,35.753,0.4821,19.484
Bengaluru,12.9716,77.5946,warm_humid,3.0,3.0,2.6,135.0,concrete,0.2,gi_sheet,0.002,mineral_wool,0.1,south,1.5,0.6,0.65,3.5,30.704,33.367,0.6429,19.436
Bengaluru,12.9716,77.5946,warm_humid,3.0,3.0,2.6,180.0,gi_sheet,0.002,gi_sheet,0.002,mineral_wool,0.1,west,1.8,1.2,0.35,2.6,32.724,38.367,0.4286,19.553
Bengaluru,12.9716,77.5946,warm_humid,3.0,3.0,2.6,180.0,gi_sheet,0.002,brick,0.115,mineral_wool,0.1,east,0.6,0.6,0.65,2.6,31.791,35.521,0.4702,19.498
Bengaluru,12.9716,77.5946,warm_humid,3.0,3.0,2.6,90.0,brick,0.115,puf_sandwich_panel,0.1,mineral_wool,0.025,east,0.6,0.9,0.75,2.6,32.216,35.616,0.4048,19.458
Bengaluru,12.9716,77.5946,warm_humid,3.0,3.0,2.6,180.0,gi_sheet,0.002,rcc_slab,0.1,mineral_wool,0.025,north,1.5,1.5,0.45,2.6,33.974,41.387,0.369,19.501
Bengaluru,12.9716,77.5946,warm_humid,3.0,3.0,2.6,45.0,brick,0.345,rcc_slab,0.1,mineral_wool,0.025,north,0.9,0.9,0.55,3.5,31.551,34.889,0.4167,19.428
Bengaluru,12.9716,77.5946,warm_humid,3.0,3.0,2.6,90.0,puf_sandwich_panel,0.15,rcc_slab,0.15,mineral_wool,0.1,west,0.9,0.6,0.45,3.5,30.223,32.33,0.8929,19.486
Bengaluru,12.9716,77.5946,warm_humid,3.0,3.0,2.6,45.0,gi_sheet,0.002,concrete,0.2,eps,0.05,west,0.9,0.9,0.75,3.5,32.41,36.594,0.3988,19.473
Bengaluru,12.9716,77.5946,warm_humid,3.0,3.0,2.6,180.0,rammed_earth,0.15,puf_sandwich_panel,0.1,mineral_wool,0.1,south,1.5,0.6,0.35,2.6,30.489,32.724,0.7679,19.451
Bengaluru,12.9716,77.5946,warm_humid,3.0,3.0,2.6,180.0,plywood,0.05,puf_sandwich_panel,0.075,mineral_wool,0.1,east,0.6,1.2,0.45,5.8,31.125,34.903,0.5774,19.541
Bengaluru,12.9716,77.5946,warm_humid,3.0,3.0,2.6,45.0,brick,0.23,concrete,0.2,mineral_wool,0.05,west,1.5,0.9,0.55,5.8,31.241,34.29,0.4405,19.432
Bengaluru,12.9716,77.5946,warm_humid,3.0,3.0,2.6,45.0,puf_sandwich_panel,0.05,brick,0.115,eps,0.1,west,1.8,0.9,0.75,3.5,31.901,36.109,0.4821,19.51
Bengaluru,12.9716,77.5946,warm_humid,3.0,3.0,2.6,180.0,plywood,0.019,puf_sandwich_panel,0.075,eps,0.025,south,0.6,1.5,0.35,3.5,32.442,39.059,0.4762,19.58
Bengaluru,12.9716,77.5946,warm_humid,3.0,3.0,2.6,45.0,plywood,0.012,puf_sandwich_panel,0.15,mineral_wool,0.1,west,1.8,1.5,0.55,2.6,32.459,39.411,0.4762,19.572
Bengaluru,12.9716,77.5946,warm_humid,3.0,3.0,2.6,45.0,rammed_earth,0.3,brick,0.23,eps,0.05,east,1.8,1.2,0.45,3.5,31.431,34.547,0.4226,19.43
Bengaluru,12.9716,77.5946,warm_humid,3.0,3.0,2.6,0.0,gi_sheet,0.002,gi_sheet,0.002,eps,0.05,south,0.6,1.5,0.35,2.6,32.522,39.518,0.4464,19.562
Bengaluru,12.9716,77.5946,warm_humid,3.0,3.0,2.6,0.0,brick,0.23,rcc_slab,0.15,eps,0.025,west,1.8,0.9,0.65,5.8,32.683,36.293,0.2679,19.433
Bengaluru,12.9716,77.5946,warm_humid,3.0,3.0,2.6,135.0,concrete,0.3,rcc_slab,0.25,mineral_wool,0.025,east,0.6,0.9,0.35,2.6,31.244,34.602,0.4524,19.425
Bengaluru,12.9716,77.5946,warm_humid,3.0,3.0,2.6,0.0,concrete,0.1,gi_sheet,0.002,eps,0.05,south,0.9,0.6,0.85,5.8,32.214,35.623,0.3988,19.456
Bengaluru,12.9716,77.5946,warm_humid,3.0,3.0,2.6,90.0,puf_sandwich_panel,0.05,brick,0.115,eps,0.025,west,1.8,0.9,0.35,3.5,32.257,37.012,0.4464,19.512
Bengaluru,12.9716,77.5946,warm_humid,3.0,3.0,2.6,90.0,brick,0.345,concrete,0.1,mineral_wool,0.025,north,1.5,1.5,0.65,5.8,32.835,36.528,0.2738,19.428
Bengaluru,12.9716,77.5946,warm_humid,3.0,3.0,2.6,0.0,rammed_earth,0.3,concrete,0.15,eps,0.05,north,0.6,0.6,0.35,2.6,30.24,33.006,0.756,19.43
Bengaluru,12.9716,77.5946,warm_humid,3.0,3.0,2.6,135.0,puf_sandwich_panel,0.1,rcc_slab,0.2,eps,0.05,east,1.2,0.6,0.45,2.6,31.037,33.786,0.631,19.477
Bengaluru,12.9716,77.5946,warm_humid,3.0,3.0,2.6,45.0,concrete,0.15,gi_sheet,0.002,none,0.0,west,1.8,1.5,0.85,5.8,36.73,46.212,0.2202,18.93
Bengaluru,12.9716,77.5946,warm_humid,3.0,3.0,2.6,45.0,plywood,0.019,rcc_slab,0.2,mineral_wool,0.05,south,1.5,1.5,0.45,5.8,32.757,37.353,0.375,19.474
Bengaluru,12.9716,77.5946,warm_humid,3.0,3.0,2.6,135.0,puf_sandwich_panel,0.1,rcc_slab,0.25,none,0.0,west,1.2,1.5,0.55,5.8,34.828,40.817,0.2024,19.468
Bengaluru,12.9716,77.5946,warm_humid,3.0,3.0,2.6,180.0,puf_sandwich_panel,0.15,rcc_slab,0.1,eps,0.05,east,1.2,0.9,0.65,3.5,31.732,35.719,0.494,19.507
Bengaluru,12.9716,77.5946,warm_humid,3.0,3.0,2.6,90.0,puf_sandwich_panel,0.1,brick,0.23,eps,0.1,east,0.9,1.5,0.55,5.8,31.156,33.857,0.5833,19.478
Bengaluru,12.9716,77.5946,warm_humid,3.0,3.0,2.6,135.0,plywood,0.012,concrete,0.15,eps,0.025,east,1.5,0.6,0.45,2.6,33.41,39.321,0.3631,19.488
Bengaluru,12.9716,77.5946,warm_humid,3.0,3.0,2.6,0.0,rammed_earth,0.3,brick,0.23,eps,0.1,west,0.6,0.9,0.55,3.5,29.595,32.214,0.9583,19.429
Bengaluru,12.9716,77.5946,warm_humid,3.0,3.0,2.6,180.0,plywood,0.012,rcc_slab,0.25,mineral_wool,0.025,east,1.2,1.2,0.65,2.6,33.606,38.84,0.3036,19.467
Bengaluru,12.9716,77.5946,warm_humid,3.0,3.0,2.6,180.0,rammed_earth,0.3,concrete,0.2,mineral_wool,0.05,east,0.6,0.6,0.35,3.5,30.211,33.014,0.7619,19.429
Bengaluru,12.9716,77.5946,warm_humid,3.0,3.0,2.6,90.0,rammed_earth,0.15,brick,0.23,mineral_wool,0.025,east,1.5,0.9,0.55,5.8,32.533,35.947,0.2976,19.44
Bengaluru,12.9716,77.5946,warm_humid,3.0,3.0,2.6,90.0,rammed_earth,0.15,gi_sheet,0.002,mineral_wool,0.1,south,1.5,0.9,0.75,5.8,31.591,34.574,0.4821,19.451
Bengaluru,12.9716,77.5946,warm_humid,3.0,3.0,2.6,135.0,concrete,0.2,puf_sandwich_panel,0.1,none,0.0,east,0.9,0.9,0.45,2.6,33.898,38.519,0.2143,19.437
Bengaluru,12.9716,77.5946,warm_humid,3.0,3.0,2.6,90.0,concrete,0.2,rcc_slab,0.2,eps,0.025,east,1.2,0.9,0.35,2.6,32.07,35.378,0.3333,19.431
Bengaluru,12.9716,77.5946,warm_humid,3.0,3.0,2.6,180.0,rammed_earth,0.3,brick,0.23,eps,0.025,east,0.6,1.5,0.65,2.6,31.522,34.778,0.4167,19.429
Bengaluru,12.9716,77.5946,warm_humid,3.0,3.0,2.6,45.0,concrete,0.3,puf_sandwich_panel,0.15,none,0.0,east,1.5,1.2,0.75,2.6,33.793,37.816,0.2143,19.429
Bengaluru,12.9716,77.5946,warm_humid,3.0,3.0,2.6,45.0,gi_sheet,0.002,puf_sandwich_panel,0.1,mineral_wool,0.1,north,1.2,1.5,0.75,3.5,32.817,38.727,0.4286,19.558
Bengaluru,12.9716,77.5946,warm_humid,3.0,3.0,2.6,45.0,puf_sandwich_panel,0.1,gi_sheet,0.002,eps,0.1,west,1.8,1.2,0.65,3.5,32.101,38.174,0.494,19.582
Bengaluru,12.9716,77.5946,warm_humid,3.0,3.0,2.6,90.0,plywood,0.019,concrete,0.2,mineral_wool,0.1,south,1.5,0.6,0.35,5.8,31.148,34.021,0.5893,19.473
Bengaluru,12.9716,77.5946,warm_humid,3.0,3.0,2.6,135.0,plywood,0.012,gi_sheet,0.002,mineral_wool,0.1,south,1.2,1.2,0.35,5.8,31.829,37.147,0.5179,19.566
Bengaluru,12.9716,77.5946,warm_humid,3.0,3.0,2.6,45.0,concrete,0.2,gi_sheet,0.002,eps,0.025,west,1.8,1.5,0.45,3.5,32.907,36.648,0.2738,19.438
Bengaluru,12.9716,77.5946,warm_humid,3.0,3.0,2.6,90.0,concrete,0.15,concrete,0.1,eps,0.025,east,0.6,0.9,0.65,5.8,32.645,36.137,0.2857,19.439
Bengaluru,12.9716,77.5946,warm_humid,3.0,3.0,2.6,90.0,concrete,0.1,gi_sheet,0.002,mineral_wool,0.1,east,0.9,1.2,0.85,5.8,31.825,34.805,0.4464,19.455
Bengaluru,12.9716,77.5946,warm_humid,3.0,3.0,2.6,135.0,concrete,0.3,puf_sandwich_panel,0.1,eps,0.05,south,1.5,1.2,0.45,3.5,30.616,33.532,0.6131,19.429
Bengaluru,12.9716,77.5946,warm_humid,3.0,3.0,2.6,135.0,brick,0.23,rcc_slab,0.25,eps,0.05,west,1.5,1.2,0.45,5.8,31.415,34.488,0.4226,19.431
Bengaluru,12.9716,77.5946,warm_humid,3.0,3.0,2.6,45.0,puf_sandwich_panel,0.05,rcc_slab,0.15,mineral_wool,0.1,south,1.2,1.5,0.75,5.8,32.243,36.341,0.4345,19.487
Bengaluru,12.9716,77.5946,warm_humid,3.0,3.0,2.6,0.0,brick,0.345,concrete,0.2,mineral_wool,0.025,south,1.8,1.2,0.85,5.8,32.546,36.331,0.3036,19.427
Bengaluru,12.9716,77.5946,warm_humid,3.0,3.0,2.6,45.0,puf_sandwich_panel,0.1,concrete,0.2,mineral_wool,0.025,west,1.5,1.5,0.75,5.8,33.05,37.639,0.3274,19.477
Bengaluru,12.9716,77.5946,warm_humid,3.0,3.0,2.6,0.0,puf_sandwich_panel,0.1,puf_sandwich_panel,0.075,none,0.0,east,1.8,0.6,0.45,2.6,31.389,35.641,0.5476,19.597
Bengaluru,12.9716,77.5946,warm_humid,3.0,3.0,2.6,45.0,concrete,0.2,gi_sheet,0.002,mineral_wool,0.05,north,0.9,1.5,0.45,3.5,31.627,34.608,0.4048,19.437
Bengaluru,12.9716,77.5946,warm_humid,3.0,3.0,2.6,135.0,plywood,0.019,rcc_slab,0.25,none,0.0,west,0.6,1.5,0.65,3.5,35.686,45.017,0.2976,18.466
Bengaluru,12.9716,77.5946,warm_humid,3.0,3.0,2.6,45.0,gi_sheet,0.002,gi_sheet,0.002,none,0.0,east,1.8,1.2,0.65,2.6,36.629,53.376,0.4286,14.454
Bengaluru,12.9716,77.5946,warm_humid,3.0,3.0,2.6,135.0,puf_sandwich_panel,0.075,puf_sandwich_panel,0.15,mineral_wool,0.025,west,1.8,1.5,0.55,3.5,32.484,37.938,0.4524,19.593
Bengaluru,12.9716,77.5946,warm_humid,3.0,3.0,2.6,90.0,puf_sandwich_panel,0.1,concrete,0.2,eps,0.05,east,0.9,1.2,0.65,5.8,31.574,34.598,0.5179,19.477
Bengaluru,12.9716,77.5946,warm_humid,3.0,3.0,2.6,45.0,rammed_earth,0.15,puf_sandwich_panel,0.15,none,0.0,south,1.2,0.9,0.65,5.8,33.691,38.856,0.2857,19.452
Bengaluru,12.9716,77.5946,warm_humid,3.0,3.0,2.6,0.0,rammed_earth,0.15,brick,0.115,eps,0.025,south,1.8,1.5,0.55,5.8,33.478,37.606,0.2321,19.446
Bengaluru,12.9716,77.5946,warm_humid,3.0,3.0,2.6,45.0,plywood,0.05,gi_sheet,0.002,mineral_wool,0.05,north,1.5,1.5,0.65,2.6,33.458,40.016,0.381,19.544
Bengaluru,12.9716,77.5946,warm_humid,3.0,3.0,2.6,45.0,puf_sandwich_panel,0.15,puf_sandwich_panel,0.05,mineral_wool,0.025,south,0.9,0.9,0.55,2.6,30.969,35.246,0.6071,19.588
Bengaluru,12.9716,77.5946,warm_humid,3.0,3.0,2.6,135.0,plywood,0.03,brick,0.23,mineral_wool,0.05,south,1.8,0.9,0.85,3.5,32.912,37.347,0.3452,19.474
Bengaluru,12.9716,77.5946,warm_humid,3.0,3.0,2.6,180.0,brick,0.23,concrete,0.2,eps,0.1,east,0.9,1.2,0.35,5.8,30.218,32.862,0.7857,19.432
Bengaluru,12.9716,77.5946,warm_humid,3.0,3.0,2.6,45.0,puf_sandwich_panel,0.15,brick,0.115,eps,0.1,east,1.8,1.5,0.75,3.5,33.92,39.008,0.3095,19.508
Bengaluru,12.9716,77.5946,warm_humid,3.0,3.0,2.6,0.0,rammed_earth,0.3,gi_sheet,0.002,mineral_wool,0.025,south,1.2,1.2,0.35,2.6,31.81,34.959,0.3631,19.433
Bengaluru,12.9716,77.5946,warm_humid,3.0,3.0,2.6,45.0,rammed_earth,0.15,brick,0.23,eps,0.1,west,1.8,0.9,0.65,2.6,31.203,34.025,0.5357,19.44
Bengaluru,12.9716,77.5946,warm_humid,3.0,3.0,2.6,0.0,gi_sheet,0.002,brick,0.115,eps,0.1,east,1.8,1.2,0.75,3.5,33.847,39.48,0.3274,19.502
Bengaluru,12.9716,77.5946,warm_humid,3.0,3.0,2.6,45.0,puf_sandwich_panel,0.075,puf_sandwich_panel,0.075,eps,0.025,east,1.5,0.6,0.45,5.8,31.193,35.308,0.5655,19.598
Bengaluru,12.9716,77.5946,warm_humid,3.0,3.0,2.6,90.0,brick,0.345,puf_sandwich_panel,0.15,mineral_wool,0.025,east,1.2,0.9,0.65,3.5,30.809,33.772,0.5476,19.429
Bengaluru,12.9716,77.5946,warm_humid,3.0,3.0,2.6,90.0,rammed_earth,0.3,puf_sandwich_panel,0.15,eps,0.05,north,1.5,1.5,0.75,5.8,32.247,35.427,0.3095,19.434
Bengaluru,12.9716,77.5946,warm_humid,3.0,3.0,2.6,0.0,gi_sheet,0.002,gi_sheet,0.002,mineral_wool,0.1,west,1.8,1.5,0.85,2.6,34.03,44.896,0.3988,19.554
Bengaluru,12.9716,77.5946,warm_humid,3.0,3.0,2.6,45.0,rammed_earth,0.45,gi_sheet,0.002,none,0.0,north,1.5,0.6,0.85,2.6,34.696,39.299,0.1667,19.426
Bengaluru,12.9716,77.5946,warm_humid,3.0,3.0,2.6,0.0,rammed_earth,0.45,puf_sandwich_panel,0.075,eps,0.1,south,0.6,0.9,0.35,2.6,28.754,31.233,1.0,19.426
Bengaluru,12.9716,77.5946,warm_humid,3.0,3.0,2.6,45.0,brick,0.23,gi_sheet,0.002,mineral_wool,0.05,east,1.8,0.6,0.75,3.5,31.993,35.065,0.3333,19.437
Bengaluru,12.9716,77.5946,warm_humid,3.0,3.0,2.6,90.0,puf_sandwich_panel,0.15,gi_sheet,0.002,eps,0.05,north,1.8,1.2,0.65,2.6,33.44,39.794,0.3929,19.581
Bengaluru,12.9716,77.5946,warm_humid,3.0,3.0,2.6,0.0,plywood,0.05,puf_sandwich_panel,0.075,none,0.0,south,0.6,1.2,0.75,2.6,33.397,41.563,0.4286,18.87
Bengaluru,12.9716,77.5946,warm_humid,3.0,3.0,2.6,0.0,brick,0.115,rcc_slab,0.2,eps,0.05,south,0.9,1.2,0.75,5.8,32.239,35.46,0.3333,19.443
Bengaluru,12.9716,77.5946,warm_humid,3.0,3.0,2.6,0.0,gi_sheet,0.002,brick,0.23,mineral_wool,0.025,east,1.5,1.5,0.55,2.6,34.101,40.062,0.2976,19.475
Bengaluru,12.9716,77.5946,warm_humid,3.0,3.0,2.6,45.0,concrete,0.2,gi_sheet,0.002,mineral_wool,0.025,west,0.6,0.9,0.45,2.6,32.285,35.625,0.3095,19.436
Bengaluru,12.9716,77.5946,warm_humid,3.0,3.0,2.6,90.0,brick,0.345,brick,0.23,mineral_wool,0.05,south,0.9,0.6,0.75,2.6,30.203,33.233,0.7202,19.426
Bengaluru,12.9716,77.5946,warm_humid,3.0,3.0,2.6,0.0,rammed_earth,0.45,rcc_slab,0.25,mineral_wool,0.025,north,1.5,1.5,0.65,5.8,31.116,34.636,0.5,19.424
Bengaluru,12.9716,77.5946,warm_humid,3.0,3.0,2.6,90.0,concrete,0.15,gi_sheet,0.002,mineral_wool,0.05,east,0.6,0.9,0.65,5.8,31.606,34.509,0.4464,19.443
Bengaluru,12.9716,77.5946,warm_humid,3.0,3.0,2.6,180.0,concrete,0.3,puf_sandwich_panel,0.15,eps,0.025,north,1.8,1.2,0.45,5.8,31.476,34.599,0.4167,19.429
Bengaluru,12.9716,77.5946,warm_humid,3.0,3.0,2.6,90.0,gi_sheet,0.002,brick,0.115,eps,0.025,south,1.2,1.5,0.55,5.8,33.791,41.472,0.381,19.503
Bengaluru,12.9716,77.5946,warm_humid,3.0,3.0,2.6,45.0,puf_sandwich_panel,0.075,rcc_slab,0.15,eps,0.05,east,1.2,0.6,0.65,2.6,31.64,34.811,0.4821,19.49
Bengaluru,12.9716,77.5946,warm_humid,3.0,3.0,2.6,45.0,rammed_earth,0.3,puf_sandwich_panel,0.075,mineral_wool,0.1,west,0.9,0.9,0.85,2.6,29.974,32.545,0.8393,19.433
Bengaluru,12.9716,77.5946,warm_humid,3.0,3.0,2.6,0.0,gi_sheet,0.002,concrete,0.2,mineral_wool,0.025,west,0.9,0.9,0.65,5.8,33.352,38.897,0.3452,19.473
Bengaluru,12.9716,77.5946,warm_humid,3.0,3.0,2.6,0.0,plywood,0.05,concrete,0.15,mineral_wool,0.05,east,1.2,0.9,0.35,5.8,32.094,35.763,0.4286,19.479
Bengaluru,12.9716,77.5946,warm_humid,3.0,3.0,2.6,90.0,concrete,0.2,rcc_slab,0.15,mineral_wool,0.1,south,1.8,0.6,0.55,3.5,30.49,33.252,0.6786,19.432
Bengaluru,12.9716,77.5946,warm_humid,3.0,3.0,2.6,135.0,rammed_earth,0.45,concrete,0.1,eps,0.05,west,1.5,1.2,0.45,3.5,30.478,33.605,0.5774,19.425
Bengaluru,12.9716,77.5946,warm_humid,3.0,3.0,2.6,180.0,puf_sandwich_panel,0.15,rcc_slab,0.15,mineral_wool,0.1,south,1.2,1.5,0.85,5.8,31.645,34.985,0.5179,19.486
Bengaluru,12.9716,77.5946,warm_humid,3.0,3.0,2.6,0.0,plywood,0.019,concrete,0.15,eps,0.05,south,1.5,1.5,0.65,2.6,33.379,38.701,0.3452,19.487
Bengaluru,12.9716,77.5946,warm_humid,3.0,3.0,2.6,135.0,puf_sandwich_panel,0.075,brick,0.115,mineral_wool,0.025,east,0.9,1.5,0.45,3.5,32.467,37.489,0.4345,19.51
Bengaluru,12.9716,77.5946,warm_humid,3.0,3.0,2.6,0.0,puf_sandwich_panel,0.05,puf_sandwich_panel,0.075,eps,0.025,west,1.5,0.6,0.55,5.8,31.312,36.491,0.5833,19.6
Bengaluru,12.9716,77.5946,warm_humid,3.0,3.0,2.6,135.0,concrete,0.3,gi_sheet,0.002,mineral_wool,0.025,north,1.8,0.6,0.35,5.8,31.877,35.187,0.3869,19.429
Bengaluru,12.9716,77.5946,warm_humid,3.0,3.0,2.6,180.0,puf_sandwich_panel,0.075,rcc_slab,0.25,eps,0.025,west,1.8,1.2,0.45,5.8,32.814,36.55,0.3333,19.468
Bengaluru,12.9716,77.5946,warm_humid,3.0,3.0,2.6,90.0,plywood,0.03,brick,0.23,none,0.0,north,0.6,1.2,0.55,5.8,34.965,43.187,0.3155,19.271
Bengaluru,12.9716,77.5946,warm_humid,3.0,3.0,2.6,135.0,concrete,0.1,rcc_slab,0.1,eps,0.05,west,1.5,1.2,0.65,5.8,32.925,36.497,0.256,19.449
Bengaluru,12.9716,77.5946,warm_humid,3.0,3.0,2.6,90.0,plywood,0.03,rcc_slab,0.25,mineral_wool,0.05,south,1.8,0.6,0.75,2.6,32.345,36.089,0.3869,19.464
Bengaluru,12.9716,77.5946,warm_humid,3.0,3.0,2.6,0.0,plywood,0.03,gi_sheet,0.002,none,0.0,west,1.5,1.5,0.35,2.6,36.311,53.163,0.4286,15.864
Bengaluru,12.9716,77.5946,warm_humid,3.0,3.0,2.6,45.0,puf_sandwich_panel,0.1,concrete,0.1,eps,0.1,west,0.6,1.2,0.55,3.5,30.707,33.504,0.7083,19.507
Bengaluru,12.9716,77.5946,warm_humid,3.0,3.0,2.6,90.0,concrete,0.1,rcc_slab,0.25,eps,0.025,west,0.6,0.9,0.35,5.8,32.449,35.86,0.3214,19.44
Bengaluru,12.9716,77.5946,warm_humid,3.0,3.0,2.6,180.0,puf_sandwich_panel,0.05,concrete,0.2,mineral_wool,0.025,north,1.5,1.2,0.65,3.5,32.951,37.256,0.3452,19.477
Bengaluru,12.9716,77.5946,warm_humid,3.0,3.0,2.6,135.0,rammed_earth,0.45,rcc_slab,0.2,eps,0.025,south,1.2,0.9,0.45,2.6,30.644,33.942,0.5476,19.424
Bengaluru,12.9716,77.5946,warm_humid,3.0,3.0,2.6,45.0,plywood,0.019,puf_sandwich_panel,0.075,eps,0.1,east,0.9,1.5,0.75,2.6,32.676,38.353,0.4345,19.576
Bengaluru,12.9716,77.5946,warm_humid,3.0,3.0,2.6,90.0,rammed_earth,0.3,concrete,0.2,mineral_wool,0.1,east,0.6,1.2,0.75,3.5,29.833,32.547,0.8512,19.429
Bengaluru,12.9716,77.5946,warm_humid,3.0,3.0,2.6,135.0,gi_sheet,0.002,gi_sheet,0.002,none,0.0,west,0.9,0.6,0.45,5.8,36.252,52.645,0.4405,14.453
Bengaluru,12.9716,77.5946,warm_humid,3.0,3.0,2.6,135.0,puf_sandwich_panel,0.05,concrete,0.1,eps,0.025,south,1.5,1.5,0.55,2.6,33.037,38.904,0.3929,19.51
Bengaluru,12.9716,77.5946,warm_humid,3.0,3.0,2.6,90.0,brick,0.115,gi_sheet,0.002,none,0.0,north,0.6,0.6,0.85,2.6,36.447,46.485,0.2679,18.634
Bengaluru,12.9716,77.5946,warm_humid,3.0,3.0,2.6,135.0,puf_sandwich_panel,0.1,concrete,0.15,none,0.0,south,1.8,0.6,0.55,2.6,35.261,43.533,0.2857,19.49
Bengaluru,12.9716,77.5946,warm_humid,3.0,3.0,2.6,90.0,brick,0.23,gi_sheet,0.002,mineral_wool,0.025,south,1.8,1.5,0.65,5.8,33.393,37.424,0.2083,19.439
Bengaluru,12.9716,77.5946,warm_humid,3.0,3.0,2.6,45.0,rammed_earth,0.3,gi_sheet,0.002,none,0.0,south,1.2,1.5,0.45,3.5,35.341,40.878,0.119,19.434
Bengaluru,12.9716,77.5946,warm_humid,3.0,3.0,2.6,45.0,puf_sandwich_panel,0.1,puf_sandwich_panel,0.05,mineral_wool,0.05,north,0.9,0.9,0.45,2.6,30.835,34.411,0.619,19.588
Bengaluru,12.9716,77.5946,warm_humid,3.0,3.0,2.6,0.0,rammed_earth,0.15,puf_sandwich_panel,0.075,none,0.0,east,1.2,1.5,0.65,2.6,34.119,39.466,0.256,19.452
Bengaluru,12.9716,77.5946,warm_humid,3.0,3.0,2.6,90.0,gi_sheet,0.002,puf_sandwich_panel,0.05,mineral_wool,0.05,north,1.5,1.5,0.85,2.6,34.362,42.092,0.381,19.566
Bengaluru,12.9716,77.5946,warm_humid,3.0,3.0,2.6,135.0,rammed_earth,0.15,gi_sheet,0.002,mineral_wool,0.05,north,1.2,0.6,0.45,2.6,31.745,34.674,0.4405,19.45
Bengaluru,12.9716,77.5946,warm_humid,3.0,3.0,2.6,90.0,gi_sheet,0.002,rcc_slab,0.2,mineral_wool,0.05,north,1.5,0.6,0.75,5.8,32.73,36.792,0.3631,19.472
Bengaluru,12.9716,77.5946,warm_humid,3.0,3.0,2.6,0.0,puf_sandwich_panel,0.075,brick,0.23,mineral_wool,0.1,north,0.9,1.2,0.65,2.6,30.812,33.279,0.6667,19.477
Bengaluru,12.9716,77.5946,warm_humid,3.0,3.0,2.6,180.0,brick,0.115,gi_sheet,0.002,mineral_wool,0.1,south,1.2,1.5,0.75,2.6,32.028,35.179,0.4405,19.458
Bengaluru,12.9716,77.5946,warm_humid,3.0,3.0,2.6,0.0,puf_sandwich_panel,0.15,rcc_slab,0.25,none,0.0,east,1.8,1.5,0.35,3.5,34.851,40.904,0.2143,19.467
Bengaluru,12.9716,77.5946,warm_humid,3.0,3.0,2.6,0.0,concrete,0.1,brick,0.23,eps,0.025,west,0.9,0.6,0.45,5.8,32.654,36.252,0.3036,19.443
Bengaluru,12.9716,77.5946,warm_humid,3.0,3.0,2.6,90.0,puf_sandwich_panel,0.05,puf_sandwich_panel,0.075,mineral_wool,0.05,north,0.6,1.5,0.35,2.6,31.018,34.902,0.5833,19.592
Bengaluru,12.9716,77.5946,warm_humid,3.0,3.0,2.6,180.0,brick,0.115,rcc_slab,0.1,mineral_wool,0.1,west,1.2,1.2,0.35,2.6,31.556,34.274,0.4643,19.449
Bengaluru,12.9716,77.5946,warm_humid,3.0,3.0,2.6,180.0,brick,0.345,puf_sandwich_panel,0.05,mineral_wool,0.1,north,1.5,0.6,0.65,2.6,29.848,32.526,0.8571,19.429
Bengaluru,12.9716,77.5946,warm_humid,3.0,3.0,2.6,0.0,brick,0.115,brick,0.23,eps,0.05,east,0.9,1.5,0.85,5.8,32.989,36.449,0.244,19.444
Bengaluru,12.9716,77.5946,warm_humid,3.0,3.0,2.6,180.0,puf_sandwich_panel,0.1,concrete,0.15,eps,0.05,south,0.9,1.5,0.75,5.8,31.701,35.03,0.4881,19.489
Bengaluru,12.9716,77.5946,warm_humid,3.0,3.0,2.6,180.0,brick,0.345,brick,0.23,mineral_wool,0.025,west,1.5,0.9,0.65,5.8,31.854,35.346,0.3869,19.427
Bengaluru,12.9716,77.5946,warm_humid,3.0,3.0,2.6,180.0,puf_sandwich_panel,0.1,gi_sheet,0.002,eps,0.025,north,0.9,0.9,0.45,2.6,32.146,38.163,0.506,19.586
Bengaluru,12.9716,77.5946,warm_humid,3.0,3.0,2.6,135.0,gi_sheet,0.002,rcc_slab,0.15,eps,0.025,north,1.2,1.5,0.65,2.6,34.304,40.896,0.3155,19.485
Bengaluru,12.9716,77.5946,warm_humid,3.0,3.0,2.6,135.0,puf_sandwich_panel,0.1,rcc_slab,0.1,none,0.0,east,1.5,0.9,0.65,2.6,36.127,47.668,0.3036,19.509
Bengaluru,12.9716,77.5946,warm_humid,3.0,3.0,2.6,90.0,rammed_earth,0.15,puf_sandwich_panel,0.15,eps,0.05,north,1.5,0.6,0.75,2.6,31.642,34.412,0.4524,19.451
Bengaluru,12.9716,77.5946,warm_humid,3.0,3.0,2.6,90.0,plywood,0.019,puf_sandwich_panel,0.1,eps,0.05,east,0.9,1.2,0.65,2.6,32.245,38.304,0.5,19.578
Bengaluru,12.9716,77.5946,warm_humid,3.0,3.0,2.6,45.0,gi_sheet,0.002,puf_sandwich_panel,0.05,mineral_wool,0.025,south,1.5,0.6,0.65,2.6,33.031,41.354,0.4464,19.083
Bengaluru,12.9716,77.5946,warm_humid,3.0,3.0,2.6,90.0,concrete,0.3,concrete,0.1,eps,0.025,south,0.9,1.5,0.45,5.8,31.839,35.276,0.3929,19.427
Bengaluru,12.9716,77.5946,warm_humid,3.0,3.0,2.6,45.0,puf_sandwich_panel,0.15,rcc_slab,0.2,none,0.0,north,1.2,1.2,0.55,2.6,35.051,41.801,0.2202,19.476
Bengaluru,12.9716,77.5946,warm_humid,3.0,3.0,2.6,135.0,concrete,0.15,rcc_slab,0.2,mineral_wool,0.05,south,0.6,0.9,0.85,3.5,31.503,34.496,0.4286,19.435
Bengaluru,12.9716,77.5946,warm_humid,3.0,3.0,2.6,45.0,puf_sandwich_panel,0.075,brick,0.23,eps,0.05,west,1.5,0.9,0.55,5.8,31.502,34.693,0.5298,19.479
Bengaluru,12.9716,77.5946,warm_humid,3.0,3.0,2.6,90.0,gi_sheet,0.002,gi_sheet,0.002,mineral_wool,0.1,east,1.5,1.5,0.55,2.6,32.696,39.124,0.4464,19.553
Bengaluru,12.9716,77.5946,warm_humid,3.0,3.0,2.6,0.0,puf_sandwich_panel,0.05,gi_sheet,0.002,eps,0.05,west,1.5,0.6,0.65,3.5,31.915,38.044,0.5119,19.589
Bengaluru,12.9716,77.5946,warm_humid,3.0,3.0,2.6,90.0,brick,0.115,puf_sandwich_panel,0.075,mineral_wool,0.1,east,0.6,1.2,0.55,3.5,30.888,33.326,0.6488,19.457
Bengaluru,12.9716,77.5946,warm_humid,3.0,3.0,2.6,135.0,concrete,0.15,puf_sandwich_panel,0.05,none,0.0,north,1.8,1.2,0.45,3.5,34.664,40.699,0.244,19.445
Bengaluru,12.9716,77.5946,warm_humid,3.0,3.0,2.6,180.0,rammed_earth,0.45,brick,0.23,mineral_wool,0.1,south,1.2,0.9,0.35,2.6,28.957,31.671,1.0,19.424
Bengaluru,12.9716,77.5946,warm_humid,3.0,3.0,2.6,180.0,concrete,0.3,brick,0.115,mineral_wool,0.025,east,0.9,1.2,0.85,5.8,32.184,35.788,0.3214,19.427
Bengaluru,12.9716,77.5946,warm_humid,3.0,3.0,2.6,45.0,rammed_earth,0.15,concrete,0.15,eps,0.1,north,1.5,0.6,0.75,3.5,31.06,33.684,0.5655,19.442
Bengaluru,12.9716,77.5946,warm_humid,3.0,3.0,2.6,0.0,gi_sheet,0.002,brick,0.23,mineral_wool,0.025,north,1.2,0.6,0.45,3.5,33.012,38.126,0.369,19.474
Bengaluru,12.9716,77.5946,warm_humid,3.0,3.0,2.6,90.0,gi_sheet,0.002,brick,0.23,eps,0.05,east,0.6,0.6,0.55,3.5,31.986,35.668,0.4524,19.475
Bengaluru,12.9716,77.5946,warm_humid,3.0,3.0,2.6,135.0,rammed_earth,0.15,brick,0.115,mineral_wool,0.025,north,1.8,1.5,0.35,2.6,33.236,37.123,0.2321,19.446
Bengaluru,12.9716,77.5946,warm_humid,3.0,3.0,2.6,135.0,brick,0.23,concrete,0.1,eps,0.05,north,1.5,0.9,0.45,2.6,31.656,34.663,0.3929,19.435
Bengaluru,12.9716,77.5946,warm_humid,3.0,3.0,2.6,180.0,brick,0.23,puf_sandwich_panel,0.075,none,0.0,south,1.8,1.5,0.45,3.5,33.227,37.166,0.2381,19.439
Bengaluru,12.9716,77.5946,warm_humid,3.0,3.0,2.6,45.0,brick,0.23,rcc_slab,0.1,mineral_wool,0.1,south,0.6,0.9,0.85,5.8,30.381,33.038,0.7202,19.434
Bengaluru,12.9716,77.5946,warm_humid,3.0,3.0,2.6,135.0,brick,0.345,concrete,0.2,none,0.0,east,1.8,0.6,0.45,3.5,34.168,38.532,0.2143,19.426
Bengaluru,12.9716,77.5946,warm_humid,3.0,3.0,2.6,180.0,plywood,0.05,rcc_slab,0.2,eps,0.025,west,1.2,1.5,0.55,2.6,33.65,38.425,0.2798,19.47
Bengaluru,12.9716,77.5946,warm_humid,3.0,3.0,2.6,45.0,concrete,0.1,brick,0.23,none,0.0,west,1.2,1.2,0.35,5.8,35.411,42.545,0.2381,19.443
Bengaluru,12.9716,77.5946,warm_humid,3.0,3.0,2.6,180.0,puf_sandwich_panel,0.15,puf_sandwich_panel,0.05,none,0.0,west,1.8,1.5,0.65,5.8,33.762,40.464,0.3929,19.594
Bengaluru,12.9716,77.5946,warm_humid,3.0,3.0,2.6,180.0,rammed_earth,0.45,gi_sheet,0.002,eps,0.025,west,1.2,0.6,0.55,2.6,30.983,34.206,0.5119,19.426
Bengaluru,12.9716,77.5946,warm_humid,3.0,3.0,2.6,90.0,gi_sheet,0.002,gi_sheet,0.002,none,0.0,west,0.6,1.5,0.75,2.6,36.216,53.07,0.4405,14.454
Bengaluru,12.9716,77.5946,warm_humid,3.0,3.0,2.6,180.0,plywood,0.03,puf_sandwich_panel,0.075,mineral_wool,0.1,south,1.2,1.2,0.55,5.8,31.63,36.17,0.5238,19.557
Bengaluru,12.9716,77.5946,warm_humid,3.0,3.0,2.6,45.0,plywood,0.03,rcc_slab,0.25,mineral_wool,0.1,west,1.5,1.2,0.45,5.8,31.473,34.502,0.5298,19.463
Bengaluru,12.9716,77.5946,warm_humid,3.0,3.0,2.6,45.0,plywood,0.03,rcc_slab,0.15,eps,0.1,south,1.5,0.9,0.85,5.8,32.372,36.557,0.4107,19.484
Bengaluru,12.9716,77.5946,warm_humid,3.0,3.0,2.6,45.0,puf_sandwich_panel,0.15,gi_sheet,0.002,eps,0.1,south,0.9,1.5,0.85,2.6,32.101,38.478,0.506,19.578
Bengaluru,12.9716,77.5946,warm_humid,3.0,3.0,2.6,135.0,concrete,0.15,brick,0.115,eps,0.1,west,1.5,1.5,0.45,2.6,31.676,34.554,0.3988,19.44
Bengaluru,12.9716,77.5946,warm_humid,3.0,3.0,2.6,45.0,brick,0.23,rcc_slab,0.1,mineral_wool,0.1,north,0.6,0.9,0.75,5.8,30.324,32.926,0.7321,19.434
Bengaluru,12.9716,77.5946,warm_humid,3.0,3.0,2.6,90.0,brick,0.345,rcc_slab,0.15,eps,0.05,north,1.8,0.6,0.45,3.5,30.617,33.668,0.5595,19.427
Bengaluru,12.9716,77.5946,warm_humid,3.0,3.0,2.6,135.0,concrete,0.3,puf_sandwich_panel,0.1,eps,0.05,west,1.5,0.9,0.45,2.6,30.538,33.4,0.619,19.429
Bengaluru,12.9716,77.5946,warm_humid,3.0,3.0,2.6,0.0,concrete,0.15,puf_sandwich_panel,0.075,mineral_wool,0.025,north,1.2,0.9,0.65,3.5,32.095,35.314,0.381,19.444
Bengaluru,12.9716,77.5946,warm_humid,3.0,3.0,2.6,180.0,gi_sheet,0.002,puf_sandwich_panel,0.15,none,0.0,west,1.2,1.5,0.75,3.5,35.158,48.066,0.4524,14.997
Bengaluru,12.9716,77.5946,warm_humid,3.0,3.0,2.6,45.0,gi_sheet,0.002,rcc_slab,0.25,mineral_wool,0.05,south,0.6,1.2,0.45,2.6,32.105,35.777,0.4286,19.464
Bengaluru,12.9716,77.5946,warm_humid,3.0,3.0,2.6,135.0,plywood,0.012,brick,0.115,mineral_wool,0.025,north,1.2,1.5,0.45,2.6,34.002,41.148,0.3631,19.508
Bengaluru,12.9716,77.5946,warm_humid,3.0,3.0,2.6,0.0,plywood,0.012,puf_sandwich_panel,0.1,mineral_wool,0.1,south,1.8,0.6,0.45,3.5,31.637,36.83,0.5238,19.572
Bengaluru,12.9716,77.5946,warm_humid,3.0,3.0,2.6,45.0,puf_sandwich_panel,0.1,rcc_slab,0.2,eps,0.025,west,1.5,0.6,0.85,3.5,32.167,35.842,0.4107,19.477
Bengaluru,12.9716,77.5946,warm_humid,3.0,3.0,2.6,0.0,rammed_earth,0.45,puf_sandwich_panel,0.1,eps,0.025,south,0.6,1.5,0.35,3.5,29.808,32.615,0.8393,19.426
Bengaluru,12.9716,77.5946,warm_humid,3.0,3.0,2.6,180.0,rammed_earth,0.15,concrete,0.2,eps,0.025,east,0.9,1.5,0.55,3.5,32.702,36.277,0.2857,19.44
Bengaluru,12.9716,77.5946,warm_humid,3.0,3.0,2.6,90.0,rammed_earth,0.3,brick,0.115,eps,0.025,east,0.6,0.9,0.35,5.8,31.41,34.511,0.4226,19.431
Bengaluru,12.9716,77.5946,warm_humid,3.0,3.0,2.6,90.0,gi_sheet,0.002,brick,0.23,eps,0.1,south,0.6,1.2,0.85,3.5,31.712,35.138,0.4881,19.474
Bengaluru,12.9716,77.5946,warm_humid,3.0,3.0,2.6,0.0,concrete,0.1,puf_sandwich_panel,0.075,mineral_wool,0.05,east,0.9,1.2,0.85,3.5,32.594,36.034,0.3274,19.457
Bengaluru,12.9716,77.5946,warm_humid,3.0,3.0,2.6,135.0,brick,0.23,puf_sandwich_panel,0.1,mineral_wool,0.05,south,1.2,1.5,0.85,5.8,31.801,34.923,0.3571,19.438
Bengaluru,12.9716,77.5946,warm_humid,3.0,3.0,2.6,45.0,concrete,0.2,gi_sheet,0.002,eps,0.05,east,1.5,0.6,0.75,5.8,31.885,34.948,0.3452,19.436
Bengaluru,12.9716,77.5946,warm_humid,3.0,3.0,2.6,135.0,plywood,0.019,rcc_slab,0.15,mineral_wool,0.025,west,1.5,0.9,0.45,5.8,33.464,39.092,0.3512,19.486
Bengaluru,12.9716,77.5946,warm_humid,3.0,3.0,2.6,0.0,plywood,0.012,puf_sandwich_panel,0.1,mineral_wool,0.025,south,1.2,0.6,0.75,3.5,32.835,40.48,0.4762,19.585
Bengaluru,12.9716,77.5946,warm_humid,3.0,3.0,2.6,90.0,puf_sandwich_panel,0.1,gi_sheet,0.002,eps,0.05,north,0.9,1.5,0.55,5.8,32.315,37.617,0.4702,19.585
Bengaluru,12.9716,77.5946,warm_humid,3.0,3.0,2.6,45.0,puf_sandwich_panel,0.075,rcc_slab,0.2,mineral_wool,0.025,west,0.6,0.6,0.75,5.8,31.699,34.971,0.4821,19.477
Bengaluru,12.9716,77.5946,warm_humid,3.0,3.0,2.6,135.0,concrete,0.1,rcc_slab,0.25,mineral_wool,0.05,east,1.5,0.9,0.35,2.6,31.855,34.921,0.3631,19.44
Bengaluru,12.9716,77.5946,warm_humid,3.0,3.0,2.6,0.0,concrete,0.15,gi_sheet,0.002,eps,0.1,south,1.2,1.5,0.65,2.6,31.878,34.896,0.375,19.444
Bengaluru,12.9716,77.5946,warm_humid,3.0,3.0,2.6,45.0,gi_sheet,0.002,gi_sheet,0.002,eps,0.05,south,1.2,0.9,0.75,5.8,33.056,41.248,0.4405,19.563
Bengaluru,12.9716,77.5946,warm_humid,3.0,3.0,2.6,45.0,concrete,0.15,concrete,0.2,mineral_wool,0.025,east,1.8,1.2,0.45,2.6,33.157,36.843,0.25,19.436
Bengaluru,12.9716,77.5946,warm_humid,3.0,3.0,2.6,45.0,plywood,0.019,brick,0.115,mineral_wool,0.025,south,1.8,0.6,0.85,3.5,33.911,41.269,0.3631,19.505
Bengaluru,12.9716,77.5946,warm_humid,3.0,3.0,2.6,0.0,gi_sheet,0.002,brick,0.23,eps,0.025,east,0.9,0.9,0.45,3.5,33.231,38.472,0.3452,19.475
Bengaluru,12.9716,77.5946,warm_humid,3.0,3.0,2.6,45.0,plywood,0.019,rcc_slab,0.15,eps,0.025,east,1.2,1.5,0.55,3.5,33.992,40.166,0.3214,19.487
Bengaluru,12.9716,77.5946,warm_humid,3.0,3.0,2.6,90.0,concrete,0.3,gi_sheet,0.002,mineral_wool,0.025,east,1.8,0.9,0.45,3.5,31.998,35.366,0.3571,19.429
Bengaluru,12.9716,77.5946,warm_humid,3.0,3.0,2.6,0.0,puf_sandwich_panel,0.15,brick,0.115,mineral_wool,0.05,east,0.9,1.5,0.45,2.6,31.901,35.538,0.4583,19.507
Bengaluru,12.9716,77.5946,warm_humid,3.0,3.0,2.6,90.0,puf_sandwich_panel,0.075,gi_sheet,0.002,eps,0.025,east,1.5,1.2,0.45,3.5,32.746,40.001,0.4643,19.589
Bengaluru,12.9716,77.5946,warm_humid,3.0,3.0,2.6,0.0,rammed_earth,0.15,brick,0.23,none,0.0,south,0.6,0.6,0.55,2.6,34.381,39.498,0.1964,19.44
Bengaluru,12.9716,77.5946,warm_humid,3.0,3.0,2.6,180.0,brick,0.23,gi_sheet,0.002,eps,0.05,east,1.8,0.6,0.45,3.5,31.429,34.344,0.4345,19.438
Bengaluru,12.9716,77.5946,warm_humid,3.0,3.0,2.6,180.0,puf_sandwich_panel,0.1,concrete,0.2,mineral_wool,0.05,east,0.6,1.2,0.65,3.5,31.217,34.119,0.5893,19.476
Bengaluru,12.9716,77.5946,warm_humid,3.0,3.0,2.6,90.0,puf_sandwich_panel,0.1,puf_sandwich_panel,0.075,mineral_wool,0.1,east,1.2,0.6,0.85,3.5,30.973,34.68,0.6012,19.578
Bengaluru,12.9716,77.5946,warm_humid,3.0,3.0,2.6,180.0,concrete,0.1,gi_sheet,0.002,eps,0.025,north,1.2,1.2,0.55,3.5,33.54,38.127,0.2798,19.457
Bengaluru,12.9716,77.5946,warm_humid,3.0,3.0,2.6,180.0,gi_sheet,0.002,puf_sandwich_panel,0.15,none,0.0,west,1.2,0.9,0.35,5.8,34.672,47.274,0.4643,14.994
Bengaluru,12.9716,77.5946,warm_humid,3.0,3.0,2.6,135.0,rammed_earth,0.3,gi_sheet,0.002,eps,0.05,west,1.5,0.9,0.65,5.8,31.398,34.376,0.4226,19.433
Bengaluru,12.9716,77.5946,warm_humid,3.0,3.0,2.6,135.0,gi_sheet,0.002,gi_sheet,0.002,eps,0.05,north,1.8,1.2,0.75,3.5,34.374,42.623,0.381,19.563
Bengaluru,12.9716,77.5946,warm_humid,3.0,3.0,2.6,180.0,puf_sandwich_panel,0.1,brick,0.115,mineral_wool,0.05,north,1.8,1.5,0.65,2.6,33.192,38.557,0.381,19.508
Bengaluru,12.9716,77.5946,warm_humid,3.0,3.0,2.6,180.0,brick,0.115,concrete,0.15,eps,0.025,west,1.2,0.6,0.35,2.6,32.937,36.613,0.256,19.446
Bengaluru,12.9716,77.5946,warm_humid,3.0,3.0,2.6,0.0,puf_sandwich_panel,0.05,brick,0.115,eps,0.05,south,1.2,1.2,0.65,3.5,32.331,36.848,0.4464,19.511
Bengaluru,12.9716,77.5946,warm_humid,3.0,3.0,2.6,0.0,brick,0.23,gi_sheet,0.002,eps,0.025,east,1.5,1.2,0.35,5.8,32.623,36.042,0.2857,19.438
Bengaluru,12.9716,77.5946,warm_humid,3.0,3.0,2.6,90.0,brick,0.345,concrete,0.2,none,0.0,east,1.8,1.5,0.55,2.6,34.639,39.184,0.1667,19.427
Bengaluru,12.9716,77.5946,warm_humid,3.0,3.0,2.6,180.0,plywood,0.019,gi_sheet,0.002,eps,0.05,north,1.2,1.5,0.85,5.8,33.833,42.308,0.4226,19.572
Bengaluru,12.9716,77.5946,warm_humid,3.0,3.0,2.6,90.0,rammed_earth,0.3,gi_sheet,0.002,mineral_wool,0.1,north,0.6,0.6,0.65,5.8,29.802,32.259,0.9226,19.432
Bengaluru,12.9716,77.5946,warm_humid,3.0,3.0,2.6,45.0,gi_sheet,0.002,concrete,0.1,mineral_wool,0.025,west,1.8,0.6,0.45,5.8,33.452,40.343,0.3869,19.5
Bengaluru,12.9716,77.5946,warm_humid,3.0,3.0,2.6,90.0,gi_sheet,0.002,puf_sandwich_panel,0.05,mineral_wool,0.05,west,0.9,0.9,0.85,5.8,32.187,38.149,0.4881,19.564
Bengaluru,12.9716,77.5946,warm_humid,3.0,3.0,2.6,0.0,plywood,0.019,rcc_slab,0.15,mineral_wool,0.05,west,0.9,1.2,0.85,3.5,32.864,37.863,0.369,19.485
Bengaluru,12.9716,77.5946,warm_humid,3.0,3.0,2.6,180.0,rammed_earth,0.15,rcc_slab,0.2,eps,0.025,west,1.2,1.5,0.75,5.8,33.65,37.49,0.1964,19.44
Bengaluru,12.9716,77.5946,warm_humid,3.0,3.0,2.6,0.0,puf_sandwich_panel,0.05,brick,0.115,eps,0.05,west,1.8,1.5,0.35,3.5,32.224,37.338,0.4524,19.511
Bengaluru,12.9716,77.5946,warm_humid,3.0,3.0,2.6,45.0,puf_sandwich_panel,0.05,gi_sheet,0.002,mineral_wool,0.05,east,1.8,0.6,0.65,2.6,32.372,37.912,0.4702,19.583
Bengaluru,12.9716,77.5946,warm_humid,3.0,3.0,2.6,135.0,rammed_earth,0.45,gi_sheet,0.002,mineral_wool,0.1,west,0.6,0.6,0.75,2.6,29.067,31.697,1.0,19.426
Bengaluru,12.9716,77.5946,warm_humid,3.0,3.0,2.6,135.0,plywood,0.03,gi_sheet,0.002,mineral_wool,0.025,east,1.8,0.9,0.45,5.8,33.598,42.593,0.4286,19.391
Bengaluru,12.9716,77.5946,warm_humid,3.0,3.0,2.6,0.0,concrete,0.1,concrete,0.2,mineral_wool,0.025,west,0.6,1.5,0.35,5.8,32.769,36.462,0.2857,19.442
Bengaluru,12.9716,77.5946,warm_humid,3.0,3.0,2.6,90.0,plywood,0.03,brick,0.23,none,0.0,south,1.5,0.9,0.45,3.5,34.94,43.435,0.3155,19.176
Bengaluru,12.9716,77.5946,warm_humid,3.0,3.0,2.6,180.0,brick,0.23,gi_sheet,0.002,eps,0.05,south,1.8,1.5,0.85,3.5,32.62,36.17,0.2857,19.439
Bengaluru,12.9716,77.5946,warm_humid,3.0,3.0,2.6,180.0,concrete,0.2,brick,0.23,mineral_wool,0.05,north,0.9,1.5,0.65,2.6,31.691,34.852,0.3988,19.432
Bengaluru,12.9716,77.5946,warm_humid,3.0,3.0,2.6,135.0,rammed_earth,0.45,gi_sheet,0.002,mineral_wool,0.1,north,1.5,1.5,0.75,3.5,31.329,34.68,0.4464,19.427
Bengaluru,12.9716,77.5946,warm_humid,3.0,3.0,2.6,180.0,rammed_earth,0.15,gi_sheet,0.002,eps,0.1,south,1.8,0.6,0.65,2.6,31.126,33.695,0.5714,19.451
Bengaluru,12.9716,77.5946,warm_humid,3.0,3.0,2.6,180.0,gi_sheet,0.002,puf_sandwich_panel,0.15,mineral_wool,0.1,north,0.6,1.5,0.65,5.8,32.051,37.035,0.4762,19.556
Bengaluru,12.9716,77.5946,warm_humid,3.0,3.0,2.6,45.0,puf_sandwich_panel,0.15,gi_sheet,0.002,none,0.0,south,0.6,0.9,0.75,2.6,36.148,52.141,0.3869,18.39
Bengaluru,12.9716,77.5946,warm_humid,3.0,3.0,2.6,45.0,puf_sandwich_panel,0.1,rcc_slab,0.25,mineral_wool,0.025,west,0.6,0.6,0.75,3.5,31.455,34.381,0.5298,19.467
Bengaluru,12.9716,77.5946,warm_humid,3.0,3.0,2.6,0.0,concrete,0.3,brick,0.23,mineral_wool,0.05,west,1.5,0.9,0.45,3.5,30.66,33.818,0.5536,19.426
Bengaluru,12.9716,77.5946,warm_humid,3.0,3.0,2.6,0.0,concrete,0.2,brick,0.23,mineral_wool,0.05,east,0.6,1.5,0.75,5.8,31.606,34.744,0.3988,19.431
Bengaluru,12.9716,77.5946,warm_humid,3.0,3.0,2.6,45.0,concrete,0.15,gi_sheet,0.002,mineral_wool,0.05,west,1.2,0.9,0.55,3.5,31.834,34.924,0.4048,19.444
Bengaluru,12.9716,77.5946,warm_humid,3.0,3.0,2.6,180.0,gi_sheet,0.002,puf_sandwich_panel,0.075,mineral_wool,0.05,south,0.6,0.9,0.35,2.6,32.027,37.427,0.4881,19.564
Bengaluru,12.9716,77.5946,warm_humid,3.0,3.0,2.6,0.0,concrete,0.3,gi_sheet,0.002,mineral_wool,0.025,west,1.8,1.5,0.75,2.6,33.102,37.021,0.256,19.43
Bengaluru,12.9716,77.5946,warm_humid,3.0,3.0,2.6,180.0,gi_sheet,0.002,gi_sheet,0.002,mineral_wool,0.05,west,1.2,0.9,0.65,2.6,33.352,40.194,0.4107,19.558
Bengaluru,12.9716,77.5946,warm_humid,3.0,3.0,2.6,45.0,gi_sheet,0.002,rcc_slab,0.1,none,0.0,west,1.2,0.6,0.75,5.8,36.249,51.204,0.4167,14.957
Bengaluru,12.9716,77.5946,warm_humid,3.0,3.0,2.6,90.0,plywood,0.03,gi_sheet,0.002,eps,0.05,north,0.6,1.2,0.55,2.6,32.474,38.352,0.4405,19.561
Bengaluru,12.9716,77.5946,warm_humid,3.0,3.0,2.6,180.0,gi_sheet,0.002,concrete,0.1,mineral_wool,0.05,north,0.6,1.2,0.65,3.5,32.784,37.814,0.381,19.499
Bengaluru,12.9716,77.5946,warm_humid,3.0,3.0,2.6,45.0,brick,0.345,concrete,0.2,mineral_wool,0.05,south,1.2,0.6,0.55,3.5,30.289,33.33,0.6964,19.426
Bengaluru,12.9716,77.5946,warm_humid,3.0,3.0,2.6,45.0,brick,0.115,gi_sheet,0.002,mineral_wool,0.025,south,1.2,0.6,0.55,5.8,33.142,37.457,0.3036,19.457
Bengaluru,12.9716,77.5946,warm_humid,3.0,3.0,2.6,180.0,brick,0.345,brick,0.115,none,0.0,north,0.9,1.2,0.35,3.5,34.085,38.373,0.2143,19.428
Bengaluru,12.9716,77.5946,warm_humid,3.0,3.0,2.6,45.0,rammed_earth,0.15,rcc_slab,0.2,mineral_wool,0.1,north,0.9,0.9,0.35,2.6,30.435,32.868,0.7321,19.439
Bengaluru,12.9716,77.5946,warm_humid,3.0,3.0,2.6,90.0,puf_sandwich_panel,0.05,puf_sandwich_panel,0.05,none,0.0,west,0.6,1.2,0.75,5.8,31.551,36.715,0.5417,19.603
Bengaluru,12.9716,77.5946,warm_humid,3.0,3.0,2.6,135.0,concrete,0.2,puf_sandwich_panel,0.05,none,0.0,east,1.5,0.6,0.55,5.8,34.052,38.815,0.2083,19.437
Bengaluru,12.9716,77.5946,warm_humid,3.0,3.0,2.6,135.0,rammed_earth,0.45,rcc_slab,0.15,eps,0.1,south,0.6,1.5,0.65,3.5,29.222,32.043,0.9821,19.424
Bengaluru,12.9716,77.5946,warm_humid,3.0,3.0,2.6,0.0,rammed_earth,0.45,rcc_slab,0.2,eps,0.05,north,0.9,1.5,0.85,2.6,30.176,33.413,0.6726,19.424
Bengaluru,12.9716,77.5946,warm_humid,3.0,3.0,2.6,90.0,gi_sheet,0.002,rcc_slab,0.2,eps,0.05,north,1.8,1.5,0.85,3.5,34.77,40.314,0.2381,19.473
Bengaluru,12.9716,77.5946,warm_humid,3.0,3.0,2.6,45.0,brick,0.345,concrete,0.2,mineral_wool,0.1,east,1.8,1.2,0.65,3.5,31.116,34.384,0.5,19.427
Bengaluru,12.9716,77.5946,warm_humid,3.0,3.0,2.6,45.0,concrete,0.15,puf_sandwich_panel,0.05,mineral_wool,0.025,west,1.5,0.6,0.55,2.6,32.105,35.355,0.381,19.444
Bengaluru,12.9716,77.5946,warm_humid,3.0,3.0,2.6,180.0,rammed_earth,0.45,concrete,0.1,mineral_wool,0.025,east,1.2,0.6,0.35,5.8,30.68,33.911,0.5476,19.425
Bengaluru,12.9716,77.5946,warm_humid,3.0,3.0,2.6,135.0,plywood,0.019,concrete,0.15,mineral_wool,0.05,west,1.2,0.9,0.55,3.5,32.564,36.779,0.381,19.485
Bengaluru,12.9716,77.5946,warm_humid,3.0,3.0,2.6,180.0,brick,0.115,concrete,0.1,eps,0.05,south,0.9,1.5,0.55,2.6,32.215,35.436,0.375,19.45
Bengaluru,12.9716,77.5946,warm_humid,3.0,3.0,2.6,0.0,brick,0.23,puf_sandwich_panel,0.075,mineral_wool,0.025,south,0.6,0.6,0.75,5.8,31.274,34.098,0.494,19.437
Bengaluru,12.9716,77.5946,warm_humid,3.0,3.0,2.6,180.0,puf_sandwich_panel,0.075,brick,0.115,mineral_wool,0.025,north,0.9,1.2,0.35,2.6,32.147,36.614,0.4583,19.51
Bengaluru,12.9716,77.5946,warm_humid,3.0,3.0,2.6,135.0,brick,0.345,rcc_slab,0.1,eps,0.1,north,1.8,1.5,0.45,3.5,31.132,34.214,0.4643,19.429
Bengaluru,12.9716,77.5946,warm_humid,3.0,3.0,2.6,0.0,concrete,0.2,gi_sheet,0.002,mineral_wool,0.025,south,0.9,0.6,0.45,2.6,32.298,35.636,0.3095,19.436
Bengaluru,12.9716,77.5946,warm_humid,3.0,3.0,2.6,135.0,concrete,0.15,gi_sheet,0.002,mineral_wool,0.1,west,1.2,0.6,0.35,3.5,30.793,33.263,0.6488,19.443
Bengaluru,12.9716,77.5946,warm_humid,3.0,3.0,2.6,90.0,brick,0.345,puf_sandwich_panel,0.15,eps,0.1,south,1.5,1.2,0.35,2.6,29.823,32.459,0.8929,19.43
Bengaluru,12.9716,77.5946,warm_humid,3.0,3.0,2.6,0.0,concrete,0.2,gi_sheet,0.002,mineral_wool,0.1,east,0.6,1.5,0.35,3.5,30.58,33.151,0.6786,19.436
Bengaluru,12.9716,77.5946,warm_humid,3.0,3.0,2.6,90.0,brick,0.23,puf_sandwich_panel,0.05,none,0.0,south,1.5,0.9,0.35,2.6,33.074,36.912,0.25,19.438
Bengaluru,12.9716,77.5946,warm_humid,3.0,3.0,2.6,90.0,rammed_earth,0.45,brick,0.115,none,0.0,west,0.9,0.6,0.45,2.6,33.203,37.262,0.2619,19.425
Bengaluru,12.9716,77.5946,warm_humid,3.0,3.0,2.6,0.0,plywood,0.012,concrete,0.2,mineral_wool,0.1,west,0.6,1.5,0.45,2.6,31.45,34.672,0.5298,19.474
Bengaluru,12.9716,77.5946,warm_humid,3.0,3.0,2.6,180.0,plywood,0.012,puf_sandwich_panel,0.05,mineral_wool,0.1,east,1.8,0.6,0.85,5.8,32.431,38.93,0.4702,19.573
Bengaluru,12.9716,77.5946,warm_humid,3.0,3.0,2.6,135.0,rammed_earth,0.45,concrete,0.15,eps,0.1,south,1.5,0.9,0.65,3.5,29.543,32.491,0.8869,19.425
Bengaluru,12.9716,77.5946,warm_humid,3.0,3.0,2.6,0.0,brick,0.345,puf_sandwich_panel,0.075,mineral_wool,0.1,south,1.8,0.9,0.45,2.6,30.016,32.717,0.8036,19.43
Bengaluru,12.9716,77.5946,warm_humid,3.0,3.0,2.6,180.0,rammed_earth,0.3,brick,0.23,eps,0.1,west,1.2,1.5,0.55,3.5,30.917,33.886,0.5298,19.43
Bengaluru,12.9716,77.5946,warm_humid,3.0,3.0,2.6,0.0,rammed_earth,0.45,rcc_slab,0.25,none,0.0,east,1.2,0.6,0.65,5.8,33.164,37.276,0.2619,19.423
Bengaluru,12.9716,77.5946,warm_humid,3.0,3.0,2.6,45.0,rammed_earth,0.15,rcc_slab,0.25,mineral_wool,0.025,east,1.5,0.6,0.75,2.6,32.711,36.155,0.2679,19.438
Bengaluru,12.9716,77.5946,warm_humid,3.0,3.0,2.6,45.0,puf_sandwich_panel,0.05,puf_sandwich_panel,0.15,eps,0.1,north,0.6,1.2,0.35,3.5,30.485,33.684,0.6964,19.592
Bengaluru,12.9716,77.5946,warm_humid,3.0,3.0,2.6,45.0,rammed_earth,0.45,concrete,0.15,eps,0.1,east,1.5,0.9,0.55,5.8,29.762,32.715,0.8571,19.425
Bengaluru,12.9716,77.5946,warm_humid,3.0,3.0,2.6,180.0,gi_sheet,0.002,brick,0.23,eps,0.05,west,1.8,1.5,0.55,5.8,33.925,38.97,0.2738,19.475
Bengaluru,12.9716,77.5946,warm_humid,3.0,3.0,2.6,135.0,brick,0.23,puf_sandwich_panel,0.05,none,0.0,east,0.6,0.9,0.85,3.5,33.264,37.16,0.2202,19.437
Bengaluru,12.9716,77.5946,warm_humid,3.0,3.0,2.6,135.0,puf_sandwich_panel,0.075,brick,0.115,mineral_wool,0.05,south,1.2,1.2,0.85,3.5,32.354,36.994,0.4345,19.509
Bengaluru,12.9716,77.5946,warm_humid,3.0,3.0,2.6,135.0,concrete,0.3,concrete,0.1,mineral_wool,0.1,south,0.9,1.2,0.45,2.6,29.848,32.665,0.8333,19.427
Bengaluru,12.9716,77.5946,warm_humid,3.0,3.0,2.6,0.0,puf_sandwich_panel,0.05,rcc_slab,0.25,none,0.0,south,1.5,0.9,0.35,3.5,34.399,40.359,0.2619,19.468
Bengaluru,12.9716,77.5946,warm_humid,3.0,3.0,2.6,45.0,rammed_earth,0.3,concrete,0.2,eps,0.1,east,0.9,0.9,0.35,5.8,29.691,32.298,0.9167,19.429
Bengaluru,12.9716,77.5946,warm_humid,3.0,3.0,2.6,0.0,concrete,0.3,gi_sheet,0.002,eps,0.05,west,0.6,1.5,0.65,5.8,30.901,33.988,0.5298,19.429
Bengaluru,12.9716,77.5946,warm_humid,3.0,3.0,2.6,45.0,rammed_earth,0.3,brick,0.115,mineral_wool,0.05,east,0.6,0.6,0.65,3.5,30.591,33.421,0.625,19.431
Bengaluru,12.9716,77.5946,warm_humid,3.0,3.0,2.6,0.0,puf_sandwich_panel,0.15,puf_sandwich_panel,0.15,mineral_wool,0.1,west,1.8,0.9,0.45,5.8,31.007,35.496,0.6131,19.573
Bengaluru,12.9716,77.5946,warm_humid,3.0,3.0,2.6,90.0,concrete,0.1,concrete,0.1,eps,0.05,north,0.6,0.6,0.55,2.6,31.802,34.792,0.4286,19.448
Bengaluru,12.9716,77.5946,warm_humid,3.0,3.0,2.6,135.0,rammed_earth,0.45,concrete,0.2,none,0.0,west,1.2,1.5,0.55,2.6,33.758,38.017,0.2262,19.424
Bengaluru,12.9716,77.5946,warm_humid,3.0,3.0,2.6,90.0,concrete,0.1,concrete,0.15,mineral_wool,0.1,north,1.8,1.2,0.65,2.6,32.648,35.859,0.2857,19.445
Bengaluru,12.9716,77.5946,warm_humid,3.0,3.0,2.6,0.0,plywood,0.019,rcc_slab,0.25,eps,0.025,east,1.8,0.9,0.45,5.8,33.437,38.195,0.3036,19.466
Bengaluru,12.9716,77.5946,warm_humid,3.0,3.0,2.6,180.0,brick,0.345,puf_sandwich_panel,0.05,mineral_wool,0.1,east,1.5,0.6,0.45,2.6,29.631,32.235,0.9405,19.429
Bengaluru,12.9716,77.5946,warm_humid,3.0,3.0,2.6,135.0,gi_sheet,0.002,brick,0.23,eps,0.025,west,1.5,0.6,0.85,3.5,33.607,38.933,0.3274,19.475
Bengaluru,12.9716,77.5946,warm_humid,3.0,3.0,2.6,90.0,rammed_earth,0.45,rcc_slab,0.25,mineral_wool,0.05,east,1.2,0.9,0.65,3.5,29.942,33.078,0.756,19.424
Bengaluru,12.9716,77.5946,warm_humid,3.0,3.0,2.6,45.0,gi_sheet,0.002,puf_sandwich_panel,0.15,eps,0.025,east,1.2,0.9,0.45,3.5,32.873,40.221,0.4583,19.095
Bengaluru,12.9716,77.5946,warm_humid,3.0,3.0,2.6,135.0,rammed_earth,0.45,brick,0.115,eps,0.1,south,1.2,1.2,0.55,2.6,29.587,32.488,0.8869,19.425
Bengaluru,12.9716,77.5946,warm_humid,3.0,3.0,2.6,0.0,rammed_earth,0.15,puf_sandwich_panel,0.1,eps,0.025,west,1.8,0.9,0.85,2.6,32.737,36.627,0.3036,19.452
Bengaluru,12.9716,77.5946,warm_humid,3.0,3.0,2.6,45.0,brick,0.345,brick,0.23,none,0.0,north,1.5,0.6,0.85,3.5,33.591,37.683,0.2381,19.426
Bengaluru,12.9716,77.5946,warm_humid,3.0,3.0,2.6,180.0,rammed_earth,0.3,rcc_slab,0.1,mineral_wool,0.05,west,1.8,1.5,0.75,3.5,33.112,36.706,0.25,19.432
Bengaluru,12.9716,77.5946,warm_humid,3.0,3.0,2.6,45.0,plywood,0.012,concrete,0.15,mineral_wool,0.1,north,0.6,0.6,0.65,5.8,31.318,34.401,0.5536,19.485
Bengaluru,12.9716,77.5946,warm_humid,3.0,3.0,2.6,180.0,puf_sandwich_panel,0.05,gi_sheet,0.002,eps,0.025,east,1.8,1.5,0.65,2.6,33.89,45.19,0.4345,19.591
Bengaluru,12.9716,77.5946,warm_humid,3.0,3.0,2.6,180.0,concrete,0.1,concrete,0.2,none,0.0,south,0.9,0.6,0.85,2.6,35.79,43.414,0.2262,19.442
Bengaluru,12.9716,77.5946,warm_humid,3.0,3.0,2.6,0.0,plywood,0.05,rcc_slab,0.2,eps,0.1,north,1.2,1.2,0.45,2.6,31.2,33.994,0.5952,19.47
Bengaluru,12.9716,77.5946,warm_humid,3.0,3.0,2.6,180.0,rammed_earth,0.45,concrete,0.1,eps,0.05,north,0.9,1.5,0.65,2.6,30.472,33.653,0.5774,19.425
Bengaluru,12.9716,77.5946,warm_humid,3.0,3.0,2.6,0.0,plywood,0.019,brick,0.115,eps,0.1,north,1.2,1.5,0.55,5.8,31.971,36.175,0.4702,19.505
Bengaluru,12.9716,77.5946,warm_humid,3.0,3.0,2.6,45.0,gi_sheet,0.002,concrete,0.2,eps,0.1,east,0.9,1.2,0.55,2.6,31.957,35.345,0.4405,19.473
Bengaluru,12.9716,77.5946,warm_humid,3.0,3.0,2.6,0.0,puf_sandwich_panel,0.075,brick,0.23,eps,0.1,west,1.8,0.6,0.35,3.5,30.648,33.165,0.7202,19.478
Bengaluru,12.9716,77.5946,warm_humid,3.0,3.0,2.6,0.0,gi_sheet,0.002,brick,0.23,eps,0.1,west,0.6,0.6,0.55,2.6,31.353,34.53,0.5476,19.474
Bengaluru,12.9716,77.5946,warm_humid,3.0,3.0,2.6,45.0,rammed_earth,0.3,brick,0.115,mineral_wool,0.05,east,1.5,0.6,0.35,5.8,30.734,33.578,0.6071,19.431
Bengaluru,12.9716,77.5946,warm_humid,3.0,3.0,2.6,135.0,plywood,0.012,brick,0.115,eps,0.025,east,0.9,1.5,0.85,3.5,34.238,42.308,0.3571,19.508
Bengaluru,12.9716,77.5946,warm_humid,3.0,3.0,2.6,45.0,brick,0.23,concrete,0.15,mineral_wool,0.025,south,1.5,0.6,0.85,3.5,32.499,36.005,0.2738,19.433
Bengaluru,12.9716,77.5946,warm_humid,3.0,3.0,2.6,45.0,gi_sheet,0.002,puf_sandwich_panel,0.15,eps,0.1,east,0.6,0.9,0.85,5.8,31.82,36.745,0.5119,19.565
Bengaluru,12.9716,77.5946,warm_humid,3.0,3.0,2.6,135.0,puf_sandwich_panel,0.05,gi_sheet,0.002,mineral_wool,0.05,west,1.8,1.5,0.35,2.6,32.352,38.218,0.4702,19.584
Bengaluru,12.9716,77.5946,warm_humid,3.0,3.0,2.6,0.0,concrete,0.15,puf_sandwich_panel,0.075,eps,0.025,south,0.9,1.2,0.55,2.6,32.188,35.447,0.369,19.444
Bengaluru,12.9716,77.5946,warm_humid,3.0,3.0,2.6,45.0,concrete,0.15,brick,0.23,eps,0.05,north,0.6,0.6,0.65,2.6,31.278,34.161,0.4702,19.436
Bengaluru,12.9716,77.5946,warm_humid,3.0,3.0,2.6,90.0,puf_sandwich_panel,0.075,concrete,0.15,mineral_wool,0.1,south,1.5,0.6,0.45,2.6,30.747,33.424,0.6964,19.487
Bengaluru,12.9716,77.5946,warm_humid,3.0,3.0,2.6,45.0,plywood,0.05,brick,0.23,eps,0.025,north,0.6,0.6,0.35,2.6,32.445,36.41,0.3869,19.471
Bengaluru,12.9716,77.5946,warm_humid,3.0,3.0,2.6,45.0,brick,0.345,concrete,0.2,mineral_wool,0.05,east,1.2,1.5,0.85,2.6,31.909,35.461,0.381,19.427
Bengaluru,12.9716,77.5946,warm_humid,3.0,3.0,2.6,0.0,puf_sandwich_panel,0.15,rcc_slab,0.1,none,0.0,west,1.8,1.5,0.35,2.6,35.84,47.259,0.3333,19.508
Bengaluru,12.9716,77.5946,warm_humid,3.0,3.0,2.6,180.0,rammed_earth,0.15,puf_sandwich_panel,0.15,eps,0.1,west,1.5,0.9,0.35,3.5,31.002,33.419,0.6131,19.452
Bengaluru,12.9716,77.5946,warm_humid,3.0,3.0,2.6,0.0,plywood,0.019,puf_sandwich_panel,0.15,eps,0.1,north,0.9,0.9,0.55,2.6,31.274,35.801,0.5655,19.574
Bengaluru,12.9716,77.5946,warm_humid,3.0,3.0,2.6,90.0,concrete,0.1,puf_sandwich_panel,0.05,mineral_wool,0.025,north,1.2,1.5,0.85,3.5,33.855,38.267,0.2202,19.458
Bengaluru,12.9716,77.5946,warm_humid,3.0,3.0,2.6,0.0,plywood,0.05,concrete,0.1,eps,0.025,west,0.6,1.5,0.35,2.6,32.934,38.376,0.3929,19.495
Bengaluru,12.9716,77.5946,warm_humid,3.0,3.0,2.6,0.0,plywood,0.012,gi_sheet,0.002,mineral_wool,0.025,west,1.2,0.9,0.55,2.6,33.67,43.619,0.4345,18.936
Bengaluru,12.9716,77.5946,warm_humid,3.0,3.0,2.6,0.0,plywood,0.03,concrete,0.15,none,0.0,north,0.9,0.9,0.75,3.5,35.865,46.725,0.3214,18.032
Bengaluru,12.9716,77.5946,warm_humid,3.0,3.0,2.6,0.0,brick,0.23,rcc_slab,0.2,mineral_wool,0.05,east,1.8,0.6,0.35,2.6,31.09,34.019,0.4881,19.432
Bengaluru,12.9716,77.5946,warm_humid,3.0,3.0,2.6,135.0,brick,0.345,rcc_slab,0.15,eps,0.025,east,0.9,0.9,0.75,3.5,31.594,35.027,0.4048,19.427
Bengaluru,12.9716,77.5946,warm_humid,3.0,3.0,2.6,45.0,plywood,0.03,brick,0.115,mineral_wool,0.05,west,1.2,0.6,0.75,3.5,32.378,37.038,0.4167,19.5
Bengaluru,12.9716,77.5946,warm_humid,3.0,3.0,2.6,180.0,plywood,0.05,rcc_slab,0.2,none,0.0,south,1.5,0.9,0.35,5.8,35.228,43.471,0.2976,19.47
Bengaluru,12.9716,77.5946,warm_humid,3.0,3.0,2.6,45.0,puf_sandwich_panel,0.075,concrete,0.2,eps,0.1,south,1.8,0.6,0.65,3.5,31.146,33.995,0.6071,19.477
Bengaluru,12.9716,77.5946,warm_humid,3.0,3.0,2.6,135.0,plywood,0.012,puf_sandwich_panel,0.1,eps,0.025,south,0.6,1.5,0.85,3.5,33.005,40.913,0.4643,19.469
Bengaluru,12.9716,77.5946,warm_humid,3.0,3.0,2.6,135.0,brick,0.23,concrete,0.15,eps,0.1,north,0.9,1.5,0.55,3.5,30.97,33.775,0.5238,19.433
Bengaluru,12.9716,77.5946,warm_humid,3.0,3.0,2.6,135.0,brick,0.345,puf_sandwich_panel,0.1,eps,0.1,east,1.5,0.6,0.85,2.6,29.996,32.765,0.8095,19.429
Bengaluru,12.9716,77.5946,warm_humid,3.0,3.0,2.6,0.0,gi_sheet,0.002,concrete,0.15,eps,0.05,east,0.9,1.2,0.35,3.5,32.513,37.06,0.4048,19.484
Bengaluru,12.9716,77.5946,warm_humid,3.0,3.0,2.6,135.0,gi_sheet,0.002,gi_sheet,0.002,eps,0.025,west,1.2,0.9,0.65,5.8,33.875,42.628,0.3988,18.557
Bengaluru,12.9716,77.5946,warm_humid,3.0,3.0,2.6,0.0,brick,0.23,puf_sandwich_panel,0.075,mineral_wool,0.025,north,0.9,0.9,0.35,5.8,31.203,33.992,0.5298,19.437
Bengaluru,12.9716,77.5946,warm_humid,3.0,3.0,2.6,45.0,brick,0.23,concrete,0.2,none,0.0,north,1.8,0.6,0.75,2.6,35.187,40.177,0.125,19.432
Bengaluru,12.9716,77.5946,warm_humid,3.0,3.0,2.6,45.0,concrete,0.15,brick,0.23,mineral_wool,0.05,south,1.2,1.2,0.55,5.8,31.857,35.024,0.3452,19.436
Bengaluru,12.9716,77.5946,warm_humid,3.0,3.0,2.6,45.0,gi_sheet,0.002,gi_sheet,0.002,mineral_wool,0.025,west,1.8,0.6,0.35,2.6,33.409,42.269,0.4286,18.583
Bengaluru,12.9716,77.5946,warm_humid,3.0,3.0,2.6,0.0,puf_sandwich_panel,0.1,rcc_slab,0.25,eps,0.05,south,0.6,0.6,0.55,5.8,30.702,33.064,0.7083,19.467
Bengaluru,12.9716,77.5946,warm_humid,3.0,3.0,2.6,90.0,plywood,0.012,gi_sheet,0.002,eps,0.05,south,1.8,1.5,0.85,3.5,34.419,46.788,0.4226,19.58
Bengaluru,12.9716,77.5946,warm_humid,3.0,3.0,2.6,90.0,gi_sheet,0.002,puf_sandwich_panel,0.05,none,0.0,south,1.5,0.9,0.65,5.8,34.931,48.382,0.4643,14.957
Bengaluru,12.9716,77.5946,warm_humid,3.0,3.0,2.6,135.0,brick,0.115,brick,0.23,mineral_wool,0.05,east,0.9,1.2,0.65,5.8,32.164,35.376,0.3333,19.443
Bengaluru,12.9716,77.5946,warm_humid,3.0,3.0,2.6,90.0,rammed_earth,0.3,concrete,0.1,mineral_wool,0.1,west,0.6,1.5,0.65,2.6,29.881,32.514,0.8393,19.431
Bengaluru,12.9716,77.5946,warm_humid,3.0,3.0,2.6,90.0,rammed_earth,0.15,concrete,0.1,eps,0.025,north,1.5,1.2,0.35,3.5,32.886,36.555,0.2619,19.445
Bengaluru,12.9716,77.5946,warm_humid,3.0,3.0,2.6,135.0,puf_sandwich_panel,0.05,puf_sandwich_panel,0.15,mineral_wool,0.05,east,1.2,1.2,0.65,3.5,31.75,37.748,0.5298,19.59
Bengaluru,12.9716,77.5946,warm_humid,3.0,3.0,2.6,45.0,gi_sheet,0.002,rcc_slab,0.15,eps,0.1,south,1.2,1.5,0.75,2.6,32.76,37.64,0.381,19.484
Bengaluru,12.9716,77.5946,warm_humid,3.0,3.0,2.6,90.0,puf_sandwich_panel,0.1,rcc_slab,0.1,mineral_wool,0.05,south,1.8,0.9,0.45,3.5,31.817,36.03,0.494,19.506
Bengaluru,12.9716,77.5946,warm_humid,3.0,3.0,2.6,90.0,rammed_earth,0.15,concrete,0.2,eps,0.025,east,0.9,0.9,0.35,3.5,32.209,35.472,0.3333,19.44
Bengaluru,12.9716,77.5946,warm_humid,3.0,3.0,2.6,45.0,gi_sheet,0.002,concrete,0.15,mineral_wool,0.025,east,1.8,1.5,0.45,3.5,34.133,40.821,0.3333,19.484
Bengaluru,12.9716,77.5946,warm_humid,3.0,3.0,2.6,0.0,plywood,0.012,puf_sandwich_panel,0.15,eps,0.025,east,1.2,1.2,0.35,5.8,32.812,40.143,0.4643,19.33
Bengaluru,12.9716,77.5946,warm_humid,3.0,3.0,2.6,180.0,plywood,0.03,brick,0.23,mineral_wool,0.05,north,0.6,1.2,0.65,5.8,32.194,35.8,0.4107,19.474
Bengaluru,12.9716,77.5946,warm_humid,3.0,3.0,2.6,0.0,concrete,0.1,concrete,0.1,mineral_wool,0.05,south,0.9,1.2,0.75,3.5,32.485,35.919,0.3214,19.448
Bengaluru,12.9716,77.5946,warm_humid,3.0,3.0,2.6,0.0,gi_sheet,0.002,concrete,0.2,mineral_wool,0.025,west,1.2,1.5,0.65,2.6,33.817,40.06,0.3333,19.473
Bengaluru,12.9716,77.5946,warm_humid,3.0,3.0,2.6,45.0,rammed_earth,0.15,gi_sheet,0.002,mineral_wool,0.05,west,1.5,1.2,0.45,3.5,31.968,35.227,0.4345,19.452
Bengaluru,12.9716,77.5946,warm_humid,3.0,3.0,2.6,45.0,rammed_earth,0.45,gi_sheet,0.002,mineral_wool,0.1,east,1.8,1.5,0.45,2.6,30.723,33.785,0.5476,19.427
Bengaluru,12.9716,77.5946,warm_humid,3.0,3.0,2.6,180.0,gi_sheet,0.002,concrete,0.1,eps,0.025,south,0.9,1.2,0.75,3.5,33.738,40.618,0.369,19.501
Bengaluru,12.9716,77.5946,warm_humid,3.0,3.0,2.6,135.0,brick,0.23,puf_sandwich_panel,0.15,eps,0.025,west,1.8,0.6,0.65,3.5,31.725,34.684,0.381,19.438
Bengaluru,12.9716,77.5946,warm_humid,3.0,3.0,2.6,45.0,concrete,0.15,puf_sandwich_panel,0.075,eps,0.05,south,0.9,0.6,0.65,5.8,31.23,33.974,0.5357,19.444
Bengaluru,12.9716,77.5946,warm_humid,3.0,3.0,2.6,45.0,rammed_earth,0.15,concrete,0.1,eps,0.025,west,0.6,1.2,0.75,2.6,32.693,36.309,0.2917,19.445
Bengaluru,12.9716,77.5946,warm_humid,3.0,3.0,2.6,180.0,gi_sheet,0.002,concrete,0.1,eps,0.05,west,1.2,0.6,0.45,2.6,32.738,37.664,0.3988,19.501
Bengaluru,12.9716,77.5946,warm_humid,3.0,3.0,2.6,0.0,concrete,0.1,brick,0.23,none,0.0,east,0.6,1.2,0.75,2.6,35.468,42.488,0.2202,19.443
Bengaluru,12.9716,77.5946,warm_humid,3.0,3.0,2.6,45.0,brick,0.345,brick,0.23,none,0.0,west,1.2,0.6,0.55,2.6,33.264,37.25,0.25,19.426
Bengaluru,12.9716,77.5946,warm_humid,3.0,3.0,2.6,0.0,gi_sheet,0.002,gi_sheet,0.002,eps,0.1,east,1.8,1.5,0.65,5.8,34.087,41.535,0.375,19.562
Bengaluru,12.9716,77.5946,warm_humid,3.0,3.0,2.6,135.0,gi_sheet,0.002,brick,0.115,mineral_wool,0.025,east,1.2,1.2,0.65,5.8,33.984,41.626,0.369,19.502
Bengaluru,12.9716,77.5946,warm_humid,3.0,3.0,2.6,45.0,gi_sheet,0.002,gi_sheet,0.002,eps,0.025,north,0.6,1.2,0.65,3.5,33.618,42.389,0.4167,18.665
Bengaluru,12.9716,77.5946,warm_humid,3.0,3.0,2.6,45.0,brick,0.23,puf_sandwich_panel,0.15,none,0.0,east,1.2,0.6,0.45,2.6,33.022,36.719,0.25,19.437
Bengaluru,12.9716,77.5946,warm_humid,3.0,3.0,2.6,135.0,concrete,0.1,rcc_slab,0.1,eps,0.1,north,1.2,0.9,0.85,3.5,32.206,35.205,0.3333,19.448
Bengaluru,12.9716,77.5946,warm_humid,3.0,3.0,2.6,45.0,concrete,0.15,gi_sheet,0.002,mineral_wool,0.1,south,1.8,1.2,0.35,5.8,31.349,34.198,0.5119,19.444
Bengaluru,12.9716,77.5946,warm_humid,3.0,3.0,2.6,45.0,puf_sandwich_panel,0.15,brick,0.115,mineral_wool,0.1,east,0.9,1.5,0.85,2.6,32.437,36.146,0.3929,19.504
Bengaluru,12.9716,77.5946,warm_humid,3.0,3.0,2.6,135.0,concrete,0.3,gi_sheet,0.002,mineral_wool,0.025,west,1.8,1.2,0.85,3.5,33.099,36.861,0.25,19.429
Bengaluru,12.9716,77.5946,warm_humid,3.0,3.0,2.6,135.0,gi_sheet,0.002,rcc_slab,0.25,mineral_wool,0.025,south,1.8,1.5,0.65,3.5,33.936,39.664,0.2976,19.465
Bengaluru,12.9716,77.5946,warm_humid,3.0,3.0,2.6,45.0,plywood,0.03,brick,0.23,mineral_wool,0.025,east,1.5,1.5,0.55,5.8,33.939,39.272,0.2857,19.474
Bengaluru,12.9716,77.5946,warm_humid,3.0,3.0,2.6,0.0,rammed_earth,0.3,brick,0.115,none,0.0,west,1.5,1.2,0.35,2.6,34.31,38.826,0.1488,19.432
Bengaluru,12.9716,77.5946,warm_humid,3.0,3.0,2.6,180.0,puf_sandwich_panel,0.05,brick,0.115,mineral_wool,0.025,north,1.8,0.9,0.45,3.5,32.689,37.892,0.4107,19.511
Bengaluru,12.9716,77.5946,warm_humid,3.0,3.0,2.6,90.0,plywood,0.019,concrete,0.1,none,0.0,west,0.9,0.9,0.35,5.8,36.128,49.723,0.375,16.516
Bengaluru,12.9716,77.5946,warm_humid,3.0,3.0,2.6,45.0,rammed_earth,0.45,brick,0.115,mineral_wool,0.1,north,1.8,0.9,0.45,2.6,29.688,32.577,0.875,19.425
Bengaluru,12.9716,77.5946,warm_humid,3.0,3.0,2.6,0.0,rammed_earth,0.45,gi_sheet,0.002,eps,0.1,west,1.8,0.6,0.55,3.5,29.515,32.306,0.9405,19.426
Bengaluru,12.9716,77.5946,warm_humid,3.0,3.0,2.6,180.0,brick,0.23,gi_sheet,0.002,mineral_wool,0.025,east,0.9,1.2,0.35,3.5,32.274,35.584,0.3095,19.438
Bengaluru,12.9716,77.5946,warm_humid,3.0,3.0,2.6,90.0,puf_sandwich_panel,0.05,rcc_slab,0.15,none,0.0,south,0.6,1.2,0.65,3.5,35.336,44.109,0.2976,19.491
Bengaluru,12.9716,77.5946,warm_humid,3.0,3.0,2.6,135.0,brick,0.23,rcc_slab,0.15,none,0.0,east,0.6,0.6,0.65,2.6,35.169,40.272,0.125,19.433
Bengaluru,12.9716,77.5946,warm_humid,3.0,3.0,2.6,90.0,puf_sandwich_panel,0.15,puf_sandwich_panel,0.05,eps,0.05,west,1.2,1.5,0.45,5.8,31.05,35.293,0.6012,19.59
Bengaluru,12.9716,77.5946,warm_humid,3.0,3.0,2.6,0.0,gi_sheet,0.002,concrete,0.2,none,0.0,east,0.9,0.9,0.35,2.6,35.701,47.811,0.3631,15.746
Bengaluru,12.9716,77.5946,warm_humid,3.0,3.0,2.6,0.0,brick,0.23,puf_sandwich_panel,0.15,eps,0.025,west,0.9,0.9,0.65,5.8,31.442,34.372,0.4405,19.438
Bengaluru,12.9716,77.5946,warm_humid,3.0,3.0,2.6,45.0,concrete,0.15,rcc_slab,0.1,none,0.0,west,1.5,1.2,0.35,3.5,36.019,43.481,0.1845,19.44
Bengaluru,12.9716,77.5946,warm_humid,3.0,3.0,2.6,90.0,concrete,0.15,rcc_slab,0.25,mineral_wool,0.1,north,1.8,0.6,0.65,5.8,31.035,33.84,0.5,19.434
Bengaluru,12.9716,77.5946,warm_humid,3.0,3.0,2.6,45.0,gi_sheet,0.002,rcc_slab,0.1,eps,0.05,east,1.8,1.5,0.45,2.6,33.54,39.621,0.3631,19.501
Bengaluru,12.9716,77.5946,warm_humid,3.0,3.0,2.6,0.0,brick,0.115,gi_sheet,0.002,eps,0.05,north,1.8,1.2,0.65,5.8,32.669,36.463,0.3333,19.459
Bengaluru,12.9716,77.5946,warm_humid,3.0,3.0,2.6,180.0,concrete,0.2,rcc_slab,0.25,mineral_wool,0.1,north,1.2,0.9,0.75,3.5,30.76,33.689,0.5536,19.43
Bengaluru,12.9716,77.5946,warm_humid,3.0,3.0,2.6,90.0,rammed_earth,0.3,concrete,0.2,none,0.0,south,0.6,1.2,0.85,5.8,34.328,38.788,0.1667,19.429
Bengaluru,12.9716,77.5946,warm_humid,3.0,3.0,2.6,90.0,rammed_earth,0.15,brick,0.115,mineral_wool,0.05,south,0.6,0.9,0.45,2.6,31.385,34.203,0.5,19.444
Bengaluru,12.9716,77.5946,warm_humid,3.0,3.0,2.6,180.0,brick,0.345,gi_sheet,0.002,eps,0.1,north,0.9,0.9,0.65,3.5,29.97,32.692,0.8095,19.429
Bengaluru,12.9716,77.5946,warm_humid,3.0,3.0,2.6,90.0,plywood,0.012,puf_sandwich_panel,0.05,mineral_wool,0.1,south,1.2,0.6,0.45,2.6,31.365,36.17,0.5536,19.573
Bengaluru,12.9716,77.5946,warm_humid,3.0,3.0,2.6,135.0,concrete,0.15,gi_sheet,0.002,mineral_wool,0.025,north,0.6,0.6,0.35,5.8,32.654,36.176,0.3155,19.443
Bengaluru,12.9716,77.5946,warm_humid,3.0,3.0,2.6,45.0,concrete,0.15,puf_sandwich_panel,0.15,eps,0.1,west,1.5,0.6,0.75,3.5,30.812,33.377,0.6429,19.444
Bengaluru,12.9716,77.5946,warm_humid,3.0,3.0,2.6,90.0,rammed_earth,0.15,rcc_slab,0.1,mineral_wool,0.1,east,1.2,1.2,0.65,2.6,31.397,34.149,0.4881,19.444
Bengaluru,12.9716,77.5946,warm_humid,3.0,3.0,2.6,180.0,rammed_earth,0.45,brick,0.115,none,0.0,east,1.2,0.9,0.45,3.5,33.404,37.532,0.2381,19.425
Bengaluru,12.9716,77.5946,warm_humid,3.0,3.0,2.6,0.0,gi_sheet,0.002,gi_sheet,0.002,mineral_wool,0.025,south,1.5,1.2,0.45,5.8,33.779,43.419,0.4286,18.464
Bengaluru,12.9716,77.5946,warm_humid,3.0,3.0,2.6,180.0,rammed_earth,0.3,brick,0.23,none,0.0,south,1.5,0.9,0.45,3.5,33.386,37.331,0.25,19.429
Bengaluru,12.9716,77.5946,warm_humid,3.0,3.0,2.6,0.0,brick,0.345,concrete,0.1,mineral_wool,0.1,west,1.2,1.2,0.55,5.8,30.16,33.083,0.756,19.428
Bengaluru,12.9716,77.5946,warm_humid,3.0,3.0,2.6,45.0,plywood,0.019,rcc_slab,0.1,eps,0.025,west,1.2,1.5,0.55,5.8,33.706,40.839,0.375,19.504
Bengaluru,12.9716,77.5946,warm_humid,3.0,3.0,2.6,0.0,gi_sheet,0.002,puf_sandwich_panel,0.15,mineral_wool,0.1,north,0.6,1.2,0.85,2.6,31.652,36.629,0.5119,19.556
Bengaluru,12.9716,77.5946,warm_humid,3.0,3.0,2.6,90.0,rammed_earth,0.15,puf_sandwich_panel,0.05,eps,0.1,west,0.9,0.6,0.45,5.8,30.317,32.55,0.8095,19.451
Bengaluru,12.9716,77.5946,warm_humid,3.0,3.0,2.6,135.0,rammed_earth,0.15,brick,0.23,eps,0.1,west,1.5,1.2,0.55,3.5,31.439,34.216,0.4702,19.44
Bengaluru,12.9716,77.5946,warm_humid,3.0,3.0,2.6,90.0,gi_sheet,0.002,concrete,0.1,none,0.0,north,0.9,0.9,0.85,3.5,36.267,51.245,0.4167,14.961
Bengaluru,12.9716,77.5946,warm_humid,3.0,3.0,2.6,135.0,brick,0.23,brick,0.115,mineral_wool,0.025,west,1.5,0.6,0.65,5.8,32.465,35.853,0.2798,19.434
Bengaluru,12.9716,77.5946,warm_humid,3.0,3.0,2.6,180.0,concrete,0.15,concrete,0.15,eps,0.025,south,1.2,1.5,0.55,3.5,32.92,36.546,0.2679,19.438
Bengaluru,12.9716,77.5946,warm_humid,3.0,3.0,2.6,180.0,brick,0.23,rcc_slab,0.1,none,0.0,east,1.8,1.2,0.55,3.5,35.773,41.655,0.1131,19.435
Bengaluru,12.9716,77.5946,warm_humid,3.0,3.0,2.6,180.0,rammed_earth,0.3,concrete,0.1,mineral_wool,0.1,north,1.2,0.9,0.55,5.8,30.213,32.909,0.7679,19.431
Bengaluru,12.9716,77.5946,warm_humid,3.0,3.0,2.6,135.0,brick,0.115,brick,0.23,eps,0.025,west,1.8,1.2,0.35,2.6,33.04,36.775,0.244,19.444
Bengaluru,12.9716,77.5946,warm_humid,3.0,3.0,2.6,135.0,concrete,0.2,rcc_slab,0.2,eps,0.05,south,0.6,1.2,0.45,2.6,31.032,33.983,0.5,19.431
Bengaluru,12.9716,77.5946,warm_humid,3.0,3.0,2.6,135.0,concrete,0.1,concrete,0.15,eps,0.05,north,1.2,1.2,0.35,3.5,32.227,35.399,0.3393,19.445
Bengaluru,12.9716,77.5946,warm_humid,3.0,3.0,2.6,180.0,gi_sheet,0.002,puf_sandwich_panel,0.1,eps,0.1,east,0.6,1.5,0.75,5.8,32.215,38.056,0.4643,19.566
Bengaluru,12.9716,77.5946,warm_humid,3.0,3.0,2.6,180.0,puf_sandwich_panel,0.05,gi_sheet,0.002,eps,0.1,south,1.5,1.2,0.35,3.5,31.16,35.544,0.5893,19.586
Bengaluru,12.9716,77.5946,warm_humid,3.0,3.0,2.6,180.0,puf_sandwich_panel,0.15,gi_sheet,0.002,eps,0.025,east,1.5,0.9,0.75,5.8,32.934,41.126,0.4405,19.582
Bengaluru,12.9716,77.5946,warm_humid,3.0,3.0,2.6,90.0,brick,0.115,puf_sandwich_panel,0.075,eps,0.05,west,1.8,0.6,0.75,2.6,31.723,34.818,0.4821,19.459
Bengaluru,12.9716,77.5946,warm_humid,3.0,3.0,2.6,0.0,plywood,0.012,concrete,0.15,eps,0.1,east,1.2,0.9,0.35,3.5,31.691,35.169,0.4881,19.488
Bengaluru,12.9716,77.5946,warm_humid,3.0,3.0,2.6,90.0,concrete,0.15,concrete,0.2,eps,0.025,west,1.5,1.2,0.65,3.5,32.775,36.351,0.2738,19.436
Bengaluru,12.9716,77.5946,warm_humid,3.0,3.0,2.6,45.0,plywood,0.012,puf_sandwich_panel,0.05,eps,0.025,south,0.6,1.2,0.45,3.5,32.737,40.504,0.4762,19.452
Bengaluru,12.9716,77.5946,warm_humid,3.0,3.0,2.6,45.0,plywood,0.03,rcc_slab,0.15,mineral_wool,0.05,west,0.6,0.9,0.55,5.8,31.995,35.823,0.4405,19.483
Bengaluru,12.9716,77.5946,warm_humid,3.0,3.0,2.6,180.0,plywood,0.03,gi_sheet,0.002,none,0.0,east,1.8,0.9,0.35,2.6,36.28,52.947,0.4286,15.913
Bengaluru,12.9716,77.5946,warm_humid,3.0,3.0,2.6,135.0,brick,0.115,gi_sheet,0.002,eps,0.1,north,0.9,0.6,0.85,2.6,31.541,34.251,0.4821,19.457
Bengaluru,12.9716,77.5946,warm_humid,3.0,3.0,2.6,45.0,rammed_earth,0.3,puf_sandwich_panel,0.075,mineral_wool,0.1,west,1.2,1.5,0.85,2.6,30.893,33.83,0.5417,19.434
Bengaluru,12.9716,77.5946,warm_humid,3.0,3.0,2.6,0.0,concrete,0.2,puf_sandwich_panel,0.05,eps,0.1,north,0.9,1.2,0.65,2.6,30.519,33.105,0.7024,19.437
Bengaluru,12.9716,77.5946,warm_humid,3.0,3.0,2.6,180.0,brick,0.23,rcc_slab,0.15,mineral_wool,0.05,east,1.5,0.6,0.85,2.6,31.533,34.664,0.4167,19.433
Bengaluru,12.9716,77.5946,warm_humid,3.0,3.0,2.6,0.0,plywood,0.019,puf_sandwich_panel,0.05,eps,0.05,south,0.6,1.2,0.45,2.6,31.961,37.861,0.5119,19.579
Bengaluru,12.9716,77.5946,warm_humid,3.0,3.0,2.6,90.0,gi_sheet,0.002,gi_sheet,0.002,eps,0.1,west,1.2,0.6,0.75,2.6,31.723,36.74,0.5119,19.56
Bengaluru,12.9716,77.5946,warm_humid,3.0,3.0,2.6,45.0,plywood,0.05,brick,0.115,mineral_wool,0.05,west,1.2,1.5,0.55,3.5,32.6,37.473,0.4048,19.495
Bengaluru,12.9716,77.5946,warm_humid,3.0,3.0,2.6,0.0,rammed_earth,0.45,rcc_slab,0.15,eps,0.1,east,0.6,0.9,0.85,2.6,29.278,32.096,0.9643,19.424
Bengaluru,12.9716,77.5946,warm_humid,3.0,3.0,2.6,45.0,puf_sandwich_panel,0.05,gi_sheet,0.002,mineral_wool,0.025,west,0.9,0.9,0.35,3.5,32.182,38.545,0.506,19.588
Bengaluru,12.9716,77.5946,warm_humid,3.0,3.0,2.6,0.0,puf_sandwich_panel,0.05,rcc_slab,0.1,eps,0.05,east,0.9,0.6,0.55,5.8,31.568,35.096,0.506,19.509
Bengaluru,12.9716,77.5946,warm_humid,3.0,3.0,2.6,45.0,brick,0.345,brick,0.115,mineral_wool,0.05,east,1.5,0.9,0.35,3.5,30.749,33.774,0.5476,19.428
Bengaluru,12.9716,77.5946,warm_humid,3.0,3.0,2.6,135.0,gi_sheet,0.002,concrete,0.15,none,0.0,east,1.5,0.9,0.45,2.6,36.055,49.635,0.375,15.309
Bengaluru,12.9716,77.5946,warm_humid,3.0,3.0,2.6,180.0,puf_sandwich_panel,0.1,concrete,0.15,mineral_wool,0.025,south,1.2,0.9,0.45,5.8,31.891,35.549,0.4702,19.489
Bengaluru,12.9716,77.5946,warm_humid,3.0,3.0,2.6,0.0,rammed_earth,0.15,puf_sandwich_panel,0.05,mineral_wool,0.05,east,0.6,1.2,0.35,3.5,31.168,33.801,0.5655,19.451
Bengaluru,12.9716,77.5946,warm_humid,3.0,3.0,2.6,0.0,gi_sheet,0.002,gi_sheet,0.002,eps,0.05,west,1.8,1.2,0.65,2.6,33.592,43.778,0.4286,19.563
Bengaluru,12.9716,77.5946,warm_humid,3.0,3.0,2.6,180.0,rammed_earth,0.3,brick,0.23,mineral_wool,0.1,east,1.8,0.9,0.55,3.5,30.414,33.315,0.6726,19.429
Bengaluru,12.9716,77.5946,warm_humid,3.0,3.0,2.6,135.0,concrete,0.2,puf_sandwich_panel,0.05,mineral_wool,0.1,south,0.9,1.2,0.35,2.6,30.333,32.81,0.744,19.436
Bengaluru,12.9716,77.5946,warm_humid,3.0,3.0,2.6,180.0,concrete,0.3,gi_sheet,0.002,mineral_wool,0.025,east,1.2,1.5,0.35,2.6,31.999,35.372,0.3393,19.429
Bengaluru,12.9716,77.5946,warm_humid,3.0,3.0,2.6,0.0,plywood,0.03,rcc_slab,0.25,mineral_wool,0.1,south,1.2,0.9,0.65,2.6,31.552,34.47,0.5119,19.463
Bengaluru,12.9716,77.5946,warm_humid,3.0,3.0,2.6,180.0,rammed_earth,0.45,rcc_slab,0.2,mineral_wool,0.1,north,0.6,1.2,0.55,5.8,29.023,31.781,1.0,19.424
Bengaluru,12.9716,77.5946,warm_humid,3.0,3.0,2.6,45.0,puf_sandwich_panel,0.15,concrete,0.15,mineral_wool,0.1,north,1.2,0.9,0.45,2.6,30.792,33.24,0.6786,19.486
Bengaluru,12.9716,77.5946,warm_humid,3.0,3.0,2.6,0.0,rammed_earth,0.45,concrete,0.15,none,0.0,west,0.6,1.5,0.35,5.8,33.59,37.805,0.2381,19.424
Bengaluru,12.9716,77.5946,warm_humid,3.0,3.0,2.6,0.0,plywood,0.05,concrete,0.1,eps,0.05,east,0.9,0.6,0.85,2.6,32.412,36.56,0.3988,19.494
Bengaluru,12.9716,77.5946,warm_humid,3.0,3.0,2.6,45.0,rammed_earth,0.3,gi_sheet,0.002,eps,0.05,west,1.5,0.9,0.65,2.6,31.178,34.15,0.4702,19.433
Bengaluru,12.9716,77.5946,warm_humid,3.0,3.0,2.6,90.0,concrete,0.2,gi_sheet,0.002,mineral_wool,0.1,north,1.5,1.2,0.65,5.8,31.826,34.796,0.3631,19.437
Bengaluru,12.9716,77.5946,warm_humid,3.0,3.0,2.6,0.0,brick,0.345,concrete,0.15,mineral_wool,0.025,east,0.9,1.2,0.65,5.8,31.829,35.289,0.3869,19.427
Bengaluru,12.9716,77.5946,warm_humid,3.0,3.0,2.6,0.0,plywood,0.012,puf_sandwich_panel,0.15,eps,0.025,west,1.8,1.5,0.85,2.6,34.383,47.393,0.4167,19.037
Bengaluru,12.9716,77.5946,warm_humid,3.0,3.0,2.6,0.0,plywood,0.012,gi_sheet,0.002,mineral_wool,0.1,north,1.2,1.2,0.45,5.8,31.838,37.289,0.5179,19.566
Bengaluru,12.9716,77.5946,warm_humid,3.0,3.0,2.6,45.0,brick,0.345,puf_sandwich_panel,0.1,mineral_wool,0.1,south,1.5,0.6,0.55,3.5,29.63,32.253,0.9345,19.429
Bengaluru,12.9716,77.5946,warm_humid,3.0,3.0,2.6,45.0,puf_sandwich_panel,0.075,concrete,0.15,mineral_wool,0.1,east,1.8,0.6,0.75,2.6,31.735,34.734,0.4821,19.487
Bengaluru,12.9716,77.5946,warm_humid,3.0,3.0,2.6,180.0,brick,0.23,puf_sandwich_panel,0.075,none,0.0,north,0.6,0.9,0.75,2.6,33.032,36.755,0.256,19.437
Bengaluru,12.9716,77.5946,warm_humid,3.0,3.0,2.6,180.0,plywood,0.03,concrete,0.1,mineral_wool,0.1,south,1.8,1.5,0.55,2.6,32.296,36.575,0.4405,19.497
Bengaluru,12.9716,77.5946,warm_humid,3.0,3.0,2.6,45.0,puf_sandwich_panel,0.15,gi_sheet,0.002,none,0.0,south,0.6,0.6,0.85,2.6,36.094,51.883,0.3869,18.446
Bengaluru,12.9716,77.5946,warm_humid,3.0,3.0,2.6,45.0,concrete,0.3,rcc_slab,0.2,eps,0.025,north,1.8,1.2,0.35,5.8,31.841,35.279,0.3929,19.426
Bengaluru,12.9716,77.5946,warm_humid,3.0,3.0,2.6,135.0,rammed_earth,0.45,puf_sandwich_panel,0.075,mineral_wool,0.025,west,1.2,0.9,0.55,5.8,30.211,33.157,0.7202,19.426
Bengaluru,12.9716,77.5946,warm_humid,3.0,3.0,2.6,0.0,puf_sandwich_panel,0.1,concrete,0.1,mineral_wool,0.1,north,0.6,1.2,0.45,3.5,30.52,33.026,0.75,19.504
Bengaluru,12.9716,77.5946,warm_humid,3.0,3.0,2.6,90.0,concrete,0.15,gi_sheet,0.002,mineral_wool,0.1,west,0.9,0.9,0.55,3.5,30.701,33.227,0.6726,19.443
Bengaluru,12.9716,77.5946,warm_humid,3.0,3.0,2.6,0.0,rammed_earth,0.15,gi_sheet,0.002,mineral_wool,0.025,south,0.6,1.2,0.45,2.6,32.575,36.24,0.3333,19.451
Bengaluru,12.9716,77.5946,warm_humid,3.0,3.0,2.6,180.0,gi_sheet,0.002,concrete,0.1,mineral_wool,0.025,south,0.9,0.6,0.45,2.6,33.416,39.877,0.375,19.5
Bengaluru,12.9716,77.5946,warm_humid,3.0,3.0,2.6,0.0,brick,0.115,gi_sheet,0.002,eps,0.025,east,1.8,1.2,0.65,2.6,34.326,39.363,0.2024,19.459
Bengaluru,12.9716,77.5946,warm_humid,3.0,3.0,2.6,180.0,brick,0.115,concrete,0.15,eps,0.1,east,1.5,1.5,0.85,5.8,32.9,36.613,0.2381,19.447
Bengaluru,12.9716,77.5946,warm_humid,3.0,3.0,2.6,90.0,rammed_earth,0.15,brick,0.115,none,0.0,east,1.8,1.5,0.75,5.8,35.931,43.123,0.1786,19.446
Bengaluru,12.9716,77.5946,warm_humid,3.0,3.0,2.6,0.0,brick,0.345,rcc_slab,0.2,mineral_wool,0.05,south,0.6,0.9,0.75,2.6,30.261,33.303,0.7083,19.426
Bengaluru,12.9716,77.5946,warm_humid,3.0,3.0,2.6,135.0,concrete,0.1,rcc_slab,0.25,mineral_wool,0.1,east,1.2,0.6,0.45,3.5,30.856,33.457,0.619,19.44
Bengaluru,12.9716,77.5946,warm_humid,3.0,3.0,2.6,0.0,gi_sheet,0.002,puf_sandwich_panel,0.1,eps,0.025,west,0.6,0.6,0.55,5.8,32.566,40.049,0.4762,19.318
Bengaluru,12.9716,77.5946,warm_humid,3.0,3.0,2.6,45.0,plywood,0.05,rcc_slab,0.15,eps,0.05,south,1.8,0.9,0.35,2.6,32.176,36.238,0.4345,19.48
Bengaluru,12.9716,77.5946,warm_humid,3.0,3.0,2.6,135.0,gi_sheet,0.002,concrete,0.2,mineral_wool,0.05,west,0.9,0.9,0.45,3.5,32.355,36.208,0.3988,19.472
Bengaluru,12.9716,77.5946,warm_humid,3.0,3.0,2.6,90.0,brick,0.23,gi_sheet,0.002,mineral_wool,0.1,south,0.6,0.9,0.85,3.5,30.427,32.992,0.7262,19.437
Bengaluru,12.9716,77.5946,warm_humid,3.0,3.0,2.6,45.0,concrete,0.2,gi_sheet,0.002,none,0.0,east,1.2,1.2,0.35,2.6,35.951,42.954,0.1667,19.437
Bengaluru,12.9716,77.5946,warm_humid,3.0,3.0,2.6,135.0,plywood,0.019,concrete,0.15,eps,0.025,west,1.5,0.9,0.65,5.8,33.757,39.615,0.3274,19.487
Bengaluru,12.9716,77.5946,warm_humid,3.0,3.0,2.6,45.0,concrete,0.15,gi_sheet,0.002,none,0.0,north,0.6,0.6,0.85,5.8,36.215,44.647,0.2202,19.302
Bengaluru,12.9716,77.5946,warm_humid,3.0,3.0,2.6,135.0,brick,0.23,concrete,0.15,mineral_wool,0.025,south,1.2,0.9,0.45,3.5,32.159,35.488,0.3155,19.433
Bengaluru,12.9716,77.5946,warm_humid,3.0,3.0,2.6,90.0,brick,0.115,concrete,0.1,mineral_wool,0.025,west,1.8,0.6,0.85,3.5,33.227,37.225,0.2381,19.449
Bengaluru,12.9716,77.5946,warm_humid,3.0,3.0,2.6,45.0,rammed_earth,0.3,brick,0.23,mineral_wool,0.05,south,0.6,1.2,0.65,3.5,30.568,33.513,0.625,19.429
Bengaluru,12.9716,77.5946,warm_humid,3.0,3.0,2.6,0.0,puf_sandwich_panel,0.075,brick,0.115,mineral_wool,0.1,east,1.5,0.9,0.85,5.8,32.598,36.483,0.381,19.506
Bengaluru,12.9716,77.5946,warm_humid,3.0,3.0,2.6,90.0,concrete,0.1,gi_sheet,0.002,mineral_wool,0.025,north,0.6,0.6,0.85,5.8,33.1,37.248,0.3095,19.456
Bengaluru,12.9716,77.5946,warm_humid,3.0,3.0,2.6,180.0,concrete,0.3,gi_sheet,0.002,none,0.0,north,1.8,0.6,0.35,5.8,35.277,40.578,0.125,19.429
Bengaluru,12.9716,77.5946,warm_humid,3.0,3.0,2.6,180.0,plywood,0.019,brick,0.23,eps,0.05,south,1.5,1.2,0.35,3.5,32.229,36.089,0.4167,19.476
Bengaluru,12.9716,77.5946,warm_humid,3.0,3.0,2.6,45.0,puf_sandwich_panel,0.075,gi_sheet,0.002,eps,0.025,west,0.9,1.2,0.85,5.8,32.772,40.081,0.4464,19.589
Bengaluru,12.9716,77.5946,warm_humid,3.0,3.0,2.6,0.0,brick,0.23,rcc_slab,0.15,eps,0.025,east,1.5,1.5,0.75,5.8,33.731,37.583,0.2202,19.434
Bengaluru,12.9716,77.5946,warm_humid,3.0,3.0,2.6,180.0,concrete,0.2,puf_sandwich_panel,0.075,mineral_wool,0.05,north,0.6,0.6,0.65,3.5,30.826,33.463,0.6071,19.436
Bengaluru,12.9716,77.5946,warm_humid,3.0,3.0,2.6,135.0,rammed_earth,0.3,puf_sandwich_panel,0.1,none,0.0,south,1.2,1.2,0.85,2.6,32.62,36.154,0.2857,19.434
Bengaluru,12.9716,77.5946,warm_humid,3.0,3.0,2.6,180.0,concrete,0.15,rcc_slab,0.2,mineral_wool,0.05,west,1.5,0.9,0.85,2.6,32.726,36.079,0.2619,19.436
Bengaluru,12.9716,77.5946,warm_humid,3.0,3.0,2.6,90.0,plywood,0.012,rcc_slab,0.25,eps,0.05,north,1.8,1.2,0.65,3.5,33.561,37.904,0.2619,19.467
Bengaluru,12.9716,77.5946,warm_humid,3.0,3.0,2.6,0.0,gi_sheet,0.002,brick,0.115,eps,0.1,east,0.9,0.6,0.45,3.5,31.724,35.665,0.4881,19.501
Bengaluru,12.9716,77.5946,warm_humid,3.0,3.0,2.6,180.0,plywood,0.03,brick,0.115,eps,0.1,west,0.9,1.5,0.55,2.6,32.361,36.309,0.4226,19.501
Bengaluru,12.9716,77.5946,warm_humid,3.0,3.0,2.6,45.0,concrete,0.2,brick,0.23,mineral_wool,0.025,north,0.6,1.5,0.55,5.8,32.188,35.542,0.3214,19.431
Bengaluru,12.9716,77.5946,warm_humid,3.0,3.0,2.6,180.0,plywood,0.012,concrete,0.2,none,0.0,north,0.6,0.9,0.65,5.8,35.823,46.971,0.3393,17.265
Bengaluru,12.9716,77.5946,warm_humid,3.0,3.0,2.6,180.0,gi_sheet,0.002,concrete,0.1,none,0.0,south,0.9,1.2,0.85,3.5,36.192,51.205,0.4167,14.96
Bengaluru,12.9716,77.5946,warm_humid,3.0,3.0,2.6,180.0,plywood,0.05,rcc_slab,0.2,mineral_wool,0.1,south,1.5,0.9,0.85,5.8,31.71,34.754,0.4821,19.468
Bengaluru,12.9716,77.5946,warm_humid,3.0,3.0,2.6,0.0,puf_sandwich_panel,0.15,brick,0.23,mineral_wool,0.025,south,1.5,0.6,0.85,3.5,32.119,35.542,0.4286,19.478
Bengaluru,12.9716,77.5946,warm_humid,3.0,3.0,2.6,0.0,concrete,0.1,rcc_slab,0.15,mineral_wool,0.025,north,0.9,0.9,0.55,3.5,32.904,36.7,0.2679,19.445
Bengaluru,12.9716,77.5946,warm_humid,3.0,3.0,2.6,0.0,concrete,0.1,concrete,0.15,eps,0.025,east,0.6,0.9,0.55,5.8,32.991,36.787,0.25,19.445
Bengaluru,12.9716,77.5946,warm_humid,3.0,3.0,2.6,180.0,plywood,0.012,puf_sandwich_panel,0.1,mineral_wool,0.05,south,1.8,1.2,0.65,5.8,32.771,39.692,0.4643,19.581
Bengaluru,12.9716,77.5946,warm_humid,3.0,3.0,2.6,0.0,gi_sheet,0.002,concrete,0.2,mineral_wool,0.1,north,0.6,0.9,0.85,2.6,31.479,34.622,0.5238,19.471
Bengaluru,12.9716,77.5946,warm_humid,3.0,3.0,2.6,180.0,concrete,0.2,gi_sheet,0.002,mineral_wool,0.025,west,0.9,1.5,0.75,5.8,33.316,37.006,0.2381,19.437
Bengaluru,12.9716,77.5946,warm_humid,3.0,3.0,2.6,135.0,brick,0.345,gi_sheet,0.002,eps,0.025,north,0.6,0.6,0.75,3.5,31.502,34.726,0.4167,19.429
Bengaluru,12.9716,77.5946,warm_humid,3.0,3.0,2.6,0.0,plywood,0.019,concrete,0.15,mineral_wool,0.025,south,1.2,0.9,0.45,2.6,33.291,38.93,0.3631,19.486
Bengaluru,12.9716,77.5946,warm_humid,3.0,3.0,2.6,45.0,gi_sheet,0.002,brick,0.23,mineral_wool,0.025,west,1.5,1.2,0.75,5.8,33.729,39.732,0.3393,19.475
Bengaluru,12.9716,77.5946,warm_humid,3.0,3.0,2.6,180.0,rammed_earth,0.15,puf_sandwich_panel,0.075,none,0.0,south,0.9,0.6,0.85,2.6,33.448,38.3,0.3155,19.451
Bengaluru,12.9716,77.5946,warm_humid,3.0,3.0,2.6,135.0,rammed_earth,0.45,brick,0.23,mineral_wool,0.1,north,0.6,0.6,0.85,5.8,28.958,31.691,1.0,19.424
Bengaluru,12.9716,77.5946,warm_humid,3.0,3.0,2.6,135.0,concrete,0.15,brick,0.115,mineral_wool,0.05,north,0.6,1.5,0.65,2.6,32.119,35.219,0.3214,19.439
Bengaluru,12.9716,77.5946,warm_humid,3.0,3.0,2.6,90.0,puf_sandwich_panel,0.05,gi_sheet,0.002,mineral_wool,0.1,east,1.2,1.2,0.65,2.6,31.88,36.99,0.5179,19.575
Bengaluru,12.9716,77.5946,warm_humid,3.0,3.0,2.6,135.0,brick,0.115,rcc_slab,0.15,mineral_wool,0.1,north,1.2,1.5,0.75,2.6,32.661,35.84,0.2798,19.446
Bengaluru,12.9716,77.5946,warm_humid,3.0,3.0,2.6,135.0,brick,0.115,puf_sandwich_panel,0.1,none,0.0,west,0.6,0.9,0.65,2.6,34.396,40.607,0.2738,19.458
Bengaluru,12.9716,77.5946,warm_humid,3.0,3.0,2.6,180.0,gi_sheet,0.002,brick,0.115,eps,0.05,south,1.5,0.9,0.45,5.8,32.71,37.823,0.4048,19.502
Bengaluru,12.9716,77.5946,warm_humid,3.0,3.0,2.6,180.0,puf_sandwich_panel,0.05,puf_sandwich_panel,0.05,eps,0.05,west,0.6,1.2,0.35,5.8,30.991,34.958,0.5774,19.599
Bengaluru,12.9716,77.5946,warm_humid,3.0,3.0,2.6,90.0,concrete,0.2,puf_sandwich_panel,0.15,mineral_wool,0.025,south,0.6,0.9,0.35,3.5,31.27,34.106,0.494,19.436
Bengaluru,12.9716,77.5946,warm_humid,3.0,3.0,2.6,0.0,puf_sandwich_panel,0.15,gi_sheet,0.002,mineral_wool,0.1,east,1.2,1.5,0.65,2.6,32.627,37.557,0.4226,19.568
Bengaluru,12.9716,77.5946,warm_humid,3.0,3.0,2.6,135.0,concrete,0.3,puf_sandwich_panel,0.1,none,0.0,east,0.9,0.6,0.65,5.8,33.084,36.855,0.256,19.428
Bengaluru,12.9716,77.5946,warm_humid,3.0,3.0,2.6,0.0,rammed_earth,0.45,gi_sheet,0.002,mineral_wool,0.025,north,1.2,0.9,0.85,5.8,31.098,34.423,0.4881,19.426
Bengaluru,12.9716,77.5946,warm_humid,3.0,3.0,2.6,90.0,gi_sheet,0.002,brick,0.23,mineral_wool,0.05,south,0.9,1.2,0.45,5.8,32.248,36.326,0.4345,19.474
Bengaluru,12.9716,77.5946,warm_humid,3.0,3.0,2.6,0.0,plywood,0.03,brick,0.23,mineral_wool,0.1,west,1.2,1.5,0.55,3.5,32.001,35.721,0.4405,19.473
Bengaluru,12.9716,77.5946,warm_humid,3.0,3.0,2.6,0.0,puf_sandwich_panel,0.1,rcc_slab,0.15,mineral_wool,0.1,south,1.8,0.6,0.85,3.5,31.502,34.502,0.5238,19.486
Bengaluru,12.9716,77.5946,warm_humid,3.0,3.0,2.6,90.0,plywood,0.05,concrete,0.15,mineral_wool,0.05,east,0.6,0.6,0.35,2.6,31.63,34.937,0.5,19.479
Bengaluru,12.9716,77.5946,warm_humid,3.0,3.0,2.6,135.0,brick,0.115,puf_sandwich_panel,0.1,none,0.0,south,1.5,0.9,0.35,3.5,34.319,40.659,0.2976,19.459
Bengaluru,12.9716,77.5946,warm_humid,3.0,3.0,2.6,90.0,concrete,0.2,concrete,0.1,eps,0.05,north,1.2,1.2,0.75,5.8,32.301,35.566,0.3036,19.434
Bengaluru,12.9716,77.5946,warm_humid,3.0,3.0,2.6,90.0,concrete,0.15,gi_sheet,0.002,mineral_wool,0.025,west,0.6,1.2,0.45,3.5,32.561,36.082,0.3214,19.443
Bengaluru,12.9716,77.5946,warm_humid,3.0,3.0,2.6,135.0,puf_sandwich_panel,0.1,concrete,0.15,mineral_wool,0.1,west,1.5,0.6,0.85,3.5,31.318,34.054,0.5714,19.486
Bengaluru,12.9716,77.5946,warm_humid,3.0,3.0,2.6,90.0,brick,0.115,gi_sheet,0.002,none,0.0,east,1.5,1.2,0.55,5.8,36.565,47.114,0.2857,18.477
Bengaluru,12.9716,77.5946,warm_humid,3.0,3.0,2.6,180.0,plywood,0.019,gi_sheet,0.002,eps,0.1,west,1.2,0.9,0.65,2.6,32.542,37.872,0.4345,19.569
Bengaluru,12.9716,77.5946,warm_humid,3.0,3.0,2.6,45.0,puf_sandwich_panel,0.05,concrete,0.2,none,0.0,north,0.6,0.6,0.55,5.8,34.71,41.461,0.2738,19.478
Bengaluru,12.9716,77.5946,warm_humid,3.0,3.0,2.6,180.0,puf_sandwich_panel,0.075,gi_sheet,0.002,eps,0.05,west,1.5,0.9,0.35,2.6,31.85,36.881,0.5,19.587
Bengaluru,12.9716,77.5946,warm_humid,3.0,3.0,2.6,180.0,gi_sheet,0.002,puf_sandwich_panel,0.1,eps,0.05,west,1.5,0.6,0.75,3.5,32.888,38.965,0.4226,19.568
Bengaluru,12.9716,77.5946,warm_humid,3.0,3.0,2.6,0.0,plywood,0.012,concrete,0.2,eps,0.05,north,1.2,1.5,0.75,2.6,32.817,37.243,0.3631,19.476
Bengaluru,12.9716,77.5946,warm_humid,3.0,3.0,2.6,90.0,plywood,0.05,rcc_slab,0.25,mineral_wool,0.05,east,0.6,0.6,0.45,2.6,31.452,34.341,0.5357,19.462
Bengaluru,12.9716,77.5946,warm_humid,3.0,3.0,2.6,180.0,brick,0.345,brick,0.115,eps,0.05,north,0.9,0.9,0.65,2.6,30.668,33.729,0.5536,19.428
Bengaluru,12.9716,77.5946,warm_humid,3.0,3.0,2.6,180.0,brick,0.345,gi_sheet,0.002,eps,0.1,west,1.2,1.2,0.55,3.5,30.628,33.511,0.6012,19.43
Bengaluru,12.9716,77.5946,warm_humid,3.0,3.0,2.6,0.0,concrete,0.1,concrete,0.15,mineral_wool,0.05,east,1.8,1.2,0.65,5.8,33.375,37.118,0.1964,19.446
Bengaluru,12.9716,77.5946,warm_humid,3.0,3.0,2.6,90.0,concrete,0.1,gi_sheet,0.002,eps,0.05,west,0.9,0.6,0.65,2.6,31.858,35.0,0.4464,19.456
Bengaluru,12.9716,77.5946,warm_humid,3.0,3.0,2.6,0.0,concrete,0.3,concrete,0.15,mineral_wool,0.1,north,0.6,1.5,0.55,2.6,29.646,32.467,0.8869,19.426
Bengaluru,12.9716,77.5946,warm_humid,3.0,3.0,2.6,0.0,rammed_earth,0.45,rcc_slab,0.1,mineral_wool,0.1,west,1.5,1.5,0.55,5.8,30.227,33.354,0.7143,19.425
Bengaluru,12.9716,77.5946,warm_humid,3.0,3.0,2.6,135.0,puf_sandwich_panel,0.05,gi_sheet,0.002,eps,0.025,west,1.2,1.2,0.75,2.6,33.311,40.591,0.4286,19.591
Bengaluru,12.9716,77.5946,warm_humid,3.0,3.0,2.6,135.0,rammed_earth,0.45,gi_sheet,0.002,none,0.0,north,0.9,0.9,0.45,5.8,34.488,38.997,0.1786,19.426
Bengaluru,12.9716,77.5946,warm_humid,3.0,3.0,2.6,180.0,brick,0.345,brick,0.115,none,0.0,south,1.2,1.5,0.45,5.8,34.189,38.537,0.1905,19.428
Bengaluru,12.9716,77.5946,warm_humid,3.0,3.0,2.6,180.0,concrete,0.1,concrete,0.1,mineral_wool,0.05,north,1.2,0.9,0.85,2.6,32.733,36.195,0.2798,19.448
Bengaluru,12.9716,77.5946,warm_humid,3.0,3.0,2.6,180.0,brick,0.345,rcc_slab,0.1,none,0.0,north,0.9,1.5,0.85,2.6,35.189,40.02,0.1488,19.428
Bengaluru,12.9716,77.5946,warm_humid,3.0,3.0,2.6,45.0,plywood,0.012,concrete,0.1,eps,0.05,north,1.8,0.9,0.45,2.6,32.818,38.101,0.3988,19.506
Bengaluru,12.9716,77.5946,warm_humid,3.0,3.0,2.6,135.0,puf_sandwich_panel,0.075,gi_sheet,0.002,mineral_wool,0.1,north,1.8,0.9,0.85,5.8,33.071,38.683,0.4107,19.573
Bengaluru,12.9716,77.5946,warm_humid,3.0,3.0,2.6,135.0,concrete,0.15,brick,0.23,eps,0.05,west,1.8,0.9,0.35,3.5,31.702,34.695,0.381,19.436
Bengaluru,12.9716,77.5946,warm_humid,3.0,3.0,2.6,90.0,plywood,0.03,concrete,0.1,eps,0.025,south,0.9,1.2,0.55,3.5,33.368,39.743,0.375,19.501
Bengaluru,12.9716,77.5946,warm_humid,3.0,3.0,2.6,90.0,plywood,0.03,concrete,0.2,mineral_wool,0.05,south,1.8,0.9,0.85,3.5,33.071,37.783,0.3333,19.472
Bengaluru,12.9716,77.5946,warm_humid,3.0,3.0,2.6,0.0,plywood,0.03,rcc_slab,0.1,mineral_wool,0.1,east,1.8,0.6,0.85,3.5,32.578,36.597,0.381,19.496
Bengaluru,12.9716,77.5946,warm_humid,3.0,3.0,2.6,90.0,brick,0.23,gi_sheet,0.002,mineral_wool,0.1,west,1.5,0.9,0.65,2.6,30.683,33.36,0.6488,19.437
Bengaluru,12.9716,77.5946,warm_humid,3.0,3.0,2.6,45.0,gi_sheet,0.002,gi_sheet,0.002,eps,0.05,south,1.2,1.5,0.45,2.6,32.97,41.192,0.4405,19.563
Bengaluru,12.9716,77.5946,warm_humid,3.0,3.0,2.6,180.0,brick,0.345,concrete,0.2,none,0.0,west,0.9,1.2,0.35,2.6,34.086,38.386,0.2143,19.426
Bengaluru,12.9716,77.5946,warm_humid,3.0,3.0,2.6,90.0,concrete,0.3,brick,0.23,eps,0.025,west,1.8,0.9,0.85,3.5,31.851,35.415,0.3988,19.426
Bengaluru,12.9716,77.5946,warm_humid,3.0,3.0,2.6,135.0,brick,0.23,puf_sandwich_panel,0.05,mineral_wool,0.025,east,1.5,0.9,0.55,3.5,31.91,35.031,0.3452,19.438
Bengaluru,12.9716,77.5946,warm_humid,3.0,3.0,2.6,45.0,rammed_earth,0.45,puf_sandwich_panel,0.075,eps,0.05,north,1.8,0.9,0.45,2.6,29.967,32.824,0.7857,19.426
Bengaluru,12.9716,77.5946,warm_humid,3.0,3.0,2.6,45.0,puf_sandwich_panel,0.1,concrete,0.2,eps,0.05,west,1.8,0.6,0.55,3.5,31.276,34.225,0.5714,19.477
Bengaluru,12.9716,77.5946,warm_humid,3.0,3.0,2.6,45.0,gi_sheet,0.002,concrete,0.2,eps,0.025,north,0.6,0.9,0.65,3.5,33.238,38.418,0.3452,19.473
Bengaluru,12.9716,77.5946,warm_humid,3.0,3.0,2.6,135.0,rammed_earth,0.45,concrete,0.2,none,0.0,east,1.2,0.6,0.45,2.6,33.318,37.465,0.25,19.424
Bengaluru,12.9716,77.5946,warm_humid,3.0,3.0,2.6,0.0,puf_sandwich_panel,0.05,concrete,0.2,eps,0.1,north,1.5,1.2,0.45,2.6,31.01,33.711,0.6131,19.477
Bengaluru,12.9716,77.5946,warm_humid,3.0,3.0,2.6,90.0,concrete,0.3,brick,0.23,mineral_wool,0.1,east,1.8,1.2,0.55,2.6,30.517,33.624,0.5714,19.426
Bengaluru,12.9716,77.5946,warm_humid,3.0,3.0,2.6,135.0,gi_sheet,0.002,puf_sandwich_panel,0.15,mineral_wool,0.1,east,1.8,1.5,0.85,2.6,33.941,43.841,0.4048,19.558
Bengaluru,12.9716,77.5946,warm_humid,3.0,3.0,2.6,180.0,brick,0.345,rcc_slab,0.1,eps,0.1,east,1.8,0.6,0.35,2.6,29.726,32.448,0.8929,19.428
Bengaluru,12.9716,77.5946,warm_humid,3.0,3.0,2.6,45.0,puf_sandwich_panel,0.075,gi_sheet,0.002,eps,0.05,east,0.6,0.6,0.45,3.5,31.256,35.637,0.5655,19.587
Bengaluru,12.9716,77.5946,warm_humid,3.0,3.0,2.6,135.0,gi_sheet,0.002,brick,0.23,mineral_wool,0.05,west,0.6,1.5,0.85,5.8,32.812,36.953,0.3452,19.474
Bengaluru,12.9716,77.5946,warm_humid,3.0,3.0,2.6,180.0,rammed_earth,0.45,concrete,0.2,eps,0.05,west,0.9,1.5,0.35,2.6,30.032,33.083,0.7381,19.424
Bengaluru,12.9716,77.5946,warm_humid,3.0,3.0,2.6,135.0,plywood,0.03,gi_sheet,0.002,eps,0.05,west,0.9,0.6,0.55,2.6,32.324,38.056,0.4583,19.561
Bengaluru,12.9716,77.5946,warm_humid,3.0,3.0,2.6,135.0,brick,0.115,puf_sandwich_panel,0.075,mineral_wool,0.025,south,0.6,1.5,0.75,3.5,32.547,36.259,0.3452,19.458
Bengaluru,12.9716,77.5946,warm_humid,3.0,3.0,2.6,0.0,brick,0.23,puf_sandwich_panel,0.05,none,0.0,south,1.2,0.6,0.65,5.8,33.143,36.945,0.2381,19.438
Bengaluru,12.9716,77.5946,warm_humid,3.0,3.0,2.6,45.0,puf_sandwich_panel,0.15,concrete,0.2,eps,0.1,south,1.8,1.2,0.75,5.8,32.356,36.231,0.4048,19.476
Bengaluru,12.9716,77.5946,warm_humid,3.0,3.0,2.6,45.0,concrete,0.15,brick,0.115,none,0.0,north,1.5,0.9,0.45,2.6,35.722,42.588,0.1786,19.44
Bengaluru,12.9716,77.5946,warm_humid,3.0,3.0,2.6,90.0,rammed_earth,0.3,gi_sheet,0.002,mineral_wool,0.025,north,1.5,0.9,0.75,3.5,32.584,35.989,0.2738,19.433
Bengaluru,12.9716,77.5946,warm_humid,3.0,3.0,2.6,0.0,plywood,0.012,rcc_slab,0.25,mineral_wool,0.05,north,0.9,0.9,0.35,3.5,31.917,35.374,0.4405,19.466
Bengaluru,12.9716,77.5946,warm_humid,3.0,3.0,2.6,135.0,rammed_earth,0.45,puf_sandwich_panel,0.1,eps,0.05,west,1.5,0.6,0.45,5.8,29.501,32.225,0.9524,19.426
Bengaluru,12.9716,77.5946,warm_humid,3.0,3.0,2.6,45.0,plywood,0.05,brick,0.23,eps,0.1,west,1.8,1.5,0.85,5.8,33.003,37.425,0.3155,19.472
Bengaluru,12.9716,77.5946,warm_humid,3.0,3.0,2.6,180.0,brick,0.115,puf_sandwich_panel,0.1,none,0.0,east,0.9,1.5,0.35,5.8,34.211,40.472,0.3036,19.459
Bengaluru,12.9716,77.5946,warm_humid,3.0,3.0,2.6,45.0,puf_sandwich_panel,0.1,rcc_slab,0.15,eps,0.025,south,1.2,0.9,0.65,3.5,32.421,36.714,0.4167,19.49
Bengaluru,12.9716,77.5946,warm_humid,3.0,3.0,2.6,0.0,gi_sheet,0.002,concrete,0.1,none,0.0,west,1.2,0.6,0.75,2.6,36.153,51.333,0.4167,14.962
Bengaluru,12.9716,77.5946,warm_humid,3.0,3.0,2.6,0.0,concrete,0.1,rcc_slab,0.1,mineral_wool,0.1,south,0.6,0.6,0.55,5.8,30.932,33.494,0.631,19.447
Bengaluru,12.9716,77.5946,warm_humid,3.0,3.0,2.6,90.0,concrete,0.15,brick,0.23,mineral_wool,0.1,west,0.9,1.5,0.35,5.8,30.479,33.054,0.6964,19.436
Bengaluru,12.9716,77.5946,warm_humid,3.0,3.0,2.6,0.0,gi_sheet,0.002,gi_sheet,0.002,eps,0.025,east,1.8,0.6,0.55,3.5,33.844,42.923,0.4167,18.594
Bengaluru,12.9716,77.5946,warm_humid,3.0,3.0,2.6,0.0,concrete,0.2,rcc_slab,0.15,eps,0.05,north,1.2,0.9,0.35,5.8,31.09,34.015,0.5,19.432
Bengaluru,12.9716,77.5946,warm_humid,3.0,3.0,2.6,45.0,concrete,0.2,gi_sheet,0.002,mineral_wool,0.05,north,1.5,0.6,0.45,2.6,31.404,34.306,0.4524,19.436
Bengaluru,12.9716,77.5946,warm_humid,3.0,3.0,2.6,180.0,brick,0.23,puf_sandwich_panel,0.15,mineral_wool,0.1,north,1.8,1.2,0.65,5.8,31.521,34.398,0.4226,19.438
Bengaluru,12.9716,77.5946,warm_humid,3.0,3.0,2.6,90.0,concrete,0.1,concrete,0.1,eps,0.025,east,1.8,0.6,0.85,2.6,33.48,37.675,0.2321,19.449
Bengaluru,12.9716,77.5946,warm_humid,3.0,3.0,2.6,45.0,puf_sandwich_panel,0.075,puf_sandwich_panel,0.1,eps,0.1,east,1.8,0.6,0.35,2.6,30.817,34.329,0.631,19.592
Bengaluru,12.9716,77.5946,warm_humid,3.0,3.0,2.6,135.0,rammed_earth,0.45,concrete,0.1,mineral_wool,0.025,south,1.5,1.5,0.55,5.8,31.489,34.986,0.4226,19.426
Bengaluru,12.9716,77.5946,warm_humid,3.0,3.0,2.6,45.0,plywood,0.019,puf_sandwich_panel,0.1,mineral_wool,0.05,north,0.9,0.9,0.75,2.6,32.24,37.883,0.4702,19.573
Bengaluru,12.9716,77.5946,warm_humid,3.0,3.0,2.6,180.0,brick,0.345,puf_sandwich_panel,0.1,mineral_wool,0.05,east,1.5,1.5,0.45,2.6,30.811,33.776,0.5714,19.43
Bengaluru,12.9716,77.5946,warm_humid,3.0,3.0,2.6,90.0,plywood,0.03,concrete,0.15,mineral_wool,0.1,west,1.2,1.2,0.55,5.8,31.487,34.64,0.5298,19.482
Bengaluru,12.9716,77.5946,warm_humid,3.0,3.0,2.6,180.0,puf_sandwich_panel,0.15,gi_sheet,0.002,none,0.0,west,1.5,1.5,0.45,2.6,36.584,52.499,0.4048,17.841
Bengaluru,12.9716,77.5946,warm_humid,3.0,3.0,2.6,180.0,brick,0.345,rcc_slab,0.15,eps,0.05,west,1.5,1.2,0.45,3.5,31.156,34.341,0.4643,19.427
Bengaluru,12.9716,77.5946,warm_humid,3.0,3.0,2.6,180.0,plywood,0.019,puf_sandwich_panel,0.075,mineral_wool,0.1,north,1.8,1.2,0.65,3.5,32.858,39.251,0.4345,19.567
Bengaluru,12.9716,77.5946,warm_humid,3.0,3.0,2.6,45.0,puf_sandwich_panel,0.15,gi_sheet,0.002,eps,0.025,north,0.9,0.6,0.35,5.8,31.822,37.124,0.5119,19.582
Bengaluru,12.9716,77.5946,warm_humid,3.0,3.0,2.6,180.0,concrete,0.2,gi_sheet,0.002,eps,0.1,west,1.2,0.6,0.85,5.8,31.176,33.921,0.4821,19.436
Bengaluru,12.9716,77.5946,warm_humid,3.0,3.0,2.6,90.0,brick,0.23,gi_sheet,0.002,eps,0.1,south,1.8,0.6,0.55,3.5,30.646,33.275,0.6786,19.437
Bengaluru,12.9716,77.5946,warm_humid,3.0,3.0,2.6,0.0,rammed_earth,0.15,gi_sheet,0.002,none,0.0,east,1.5,1.2,0.35,3.5,35.933,44.621,0.2619,19.193
Bengaluru,12.9716,77.5946,warm_humid,3.0,3.0,2.6,90.0,rammed_earth,0.45,gi_sheet,0.002,none,0.0,east,1.2,0.6,0.65,5.8,34.457,38.971,0.1845,19.426
Bengaluru,12.9716,77.5946,warm_humid,3.0,3.0,2.6,45.0,gi_sheet,0.002,gi_sheet,0.002,mineral_wool,0.1,west,0.6,1.2,0.55,3.5,31.736,36.908,0.5,19.552
Bengaluru,12.9716,77.5946,warm_humid,3.0,3.0,2.6,180.0,concrete,0.15,rcc_slab,0.15,mineral_wool,0.1,east,1.8,0.9,0.55,5.8,31.426,34.356,0.4405,19.437
Bengaluru,12.9716,77.5946,warm_humid,3.0,3.0,2.6,45.0,rammed_earth,0.3,brick,0.23,mineral_wool,0.1,west,0.9,1.5,0.45,2.6,29.915,32.639,0.8393,19.429
Bengaluru,12.9716,77.5946,warm_humid,3.0,3.0,2.6,180.0,puf_sandwich_panel,0.1,brick,0.23,eps,0.1,east,1.5,1.5,0.35,5.8,31.205,34.299,0.5893,19.478
Bengaluru,12.9716,77.5946,warm_humid,3.0,3.0,2.6,45.0,rammed_earth,0.3,brick,0.115,mineral_wool,0.1,east,1.8,0.6,0.75,5.8,30.697,33.551,0.5893,19.431
Bengaluru,12.9716,77.5946,warm_humid,3.0,3.0,2.6,90.0,brick,0.23,rcc_slab,0.1,eps,0.1,east,1.2,0.9,0.35,2.6,30.285,32.828,0.75,19.434
Bengaluru,12.9716,77.5946,warm_humid,3.0,3.0,2.6,90.0,puf_sandwich_panel,0.15,gi_sheet,0.002,none,0.0,south,1.2,0.9,0.35,2.6,35.981,51.735,0.4048,18.199
Bengaluru,12.9716,77.5946,warm_humid,3.0,3.0,2.6,180.0,plywood,0.03,brick,0.115,mineral_wool,0.05,east,1.5,0.6,0.85,5.8,32.807,37.966,0.4048,19.5
Bengaluru,12.9716,77.5946,warm_humid,3.0,3.0,2.6,180.0,rammed_earth,0.45,rcc_slab,0.2,eps,0.025,west,1.2,0.6,0.85,2.6,30.963,34.387,0.506,19.424
Bengaluru,12.9716,77.5946,warm_humid,3.0,3.0,2.6,135.0,rammed_earth,0.45,gi_sheet,0.002,eps,0.1,west,1.8,1.5,0.55,5.8,30.738,33.859,0.5476,19.427
Bengaluru,12.9716,77.5946,warm_humid,3.0,3.0,2.6,0.0,brick,0.23,gi_sheet,0.002,eps,0.05,west,1.8,0.6,0.65,5.8,31.61,34.653,0.3869,19.438
Bengaluru,12.9716,77.5946,warm_humid,3.0,3.0,2.6,45.0,plywood,0.03,puf_sandwich_panel,0.075,mineral_wool,0.05,east,1.2,1.5,0.65,2.6,33.172,39.531,0.4107,19.564
Bengaluru,12.9716,77.5946,warm_humid,3.0,3.0,2.6,90.0,rammed_earth,0.15,puf_sandwich_panel,0.15,none,0.0,north,1.5,0.9,0.65,3.5,33.84,38.923,0.2798,19.452
Bengaluru,12.9716,77.5946,warm_humid,3.0,3.0,2.6,0.0,plywood,0.05,rcc_slab,0.15,eps,0.025,east,1.8,0.9,0.35,5.8,33.175,38.123,0.3452,19.481
Bengaluru,12.9716,77.5946,warm_humid,3.0,3.0,2.6,180.0,concrete,0.15,rcc_slab,0.15,mineral_wool,0.025,west,1.8,0.6,0.75,5.8,33.287,36.982,0.2381,19.437
Bengaluru,12.9716,77.5946,warm_humid,3.0,3.0,2.6,45.0,gi_sheet,0.002,gi_sheet,0.002,none,0.0,east,0.6,0.9,0.65,2.6,36.315,52.771,0.4405,14.454
Bengaluru,12.9716,77.5946,warm_humid,3.0,3.0,2.6,180.0,rammed_earth,0.45,brick,0.23,mineral_wool,0.1,west,0.9,1.2,0.85,2.6,29.945,33.043,0.756,19.424
Bengaluru,12.9716,77.5946,warm_humid,3.0,3.0,2.6,45.0,gi_sheet,0.002,puf_sandwich_panel,0.15,mineral_wool,0.05,south,0.9,0.6,0.75,2.6,32.076,38.183,0.4881,19.562
Bengaluru,12.9716,77.5946,warm_humid,3.0,3.0,2.6,135.0,puf_sandwich_panel,0.15,concrete,0.1,none,0.0,west,1.8,0.6,0.45,5.8,35.784,45.83,0.3036,19.508
Bengaluru,12.9716,77.5946,warm_humid,3.0,3.0,2.6,0.0,plywood,0.05,brick,0.23,eps,0.1,east,1.2,1.2,0.85,2.6,32.782,36.304,0.3274,19.471
Bengaluru,12.9716,77.5946,warm_humid,3.0,3.0,2.6,45.0,plywood,0.03,rcc_slab,0.25,none,0.0,east,1.8,1.5,0.65,3.5,36.25,45.409,0.256,19.465
Bengaluru,12.9716,77.5946,warm_humid,3.0,3.0,2.6,0.0,concrete,0.2,brick,0.23,mineral_wool,0.1,west,0.9,0.6,0.55,3.5,30.13,32.816,0.7976,19.431
Bengaluru,12.9716,77.5946,warm_humid,3.0,3.0,2.6,180.0,gi_sheet,0.002,rcc_slab,0.1,eps,0.025,south,1.8,0.9,0.85,3.5,34.043,41.3,0.3571,19.501
Bengaluru,12.9716,77.5946,warm_humid,3.0,3.0,2.6,180.0,rammed_earth,0.45,rcc_slab,0.1,mineral_wool,0.025,north,1.5,1.2,0.85,3.5,31.903,35.57,0.381,19.425
Bengaluru,12.9716,77.5946,warm_humid,3.0,3.0,2.6,0.0,brick,0.115,brick,0.23,eps,0.025,south,1.5,1.2,0.55,5.8,33.212,37.081,0.2321,19.444
Bengaluru,12.9716,77.5946,warm_humid,3.0,3.0,2.6,90.0,brick,0.345,rcc_slab,0.15,eps,0.05,north,1.8,0.6,0.75,2.6,31.058,34.284,0.5,19.427
Bengaluru,12.9716,77.5946,warm_humid,3.0,3.0,2.6,135.0,concrete,0.2,concrete,0.1,mineral_wool,0.025,east,0.9,0.6,0.65,5.8,32.425,35.846,0.2857,19.433
Bengaluru,12.9716,77.5946,warm_humid,3.0,3.0,2.6,0.0,brick,0.345,rcc_slab,0.15,eps,0.025,north,0.9,1.5,0.85,3.5,31.732,35.23,0.4048,19.427
Bengaluru,12.9716,77.5946,warm_humid,3.0,3.0,2.6,90.0,puf_sandwich_panel,0.075,rcc_slab,0.25,mineral_wool,0.1,south,0.9,1.5,0.55,2.6,31.039,33.754,0.6131,19.466
Bengaluru,12.9716,77.5946,warm_humid,3.0,3.0,2.6,90.0,plywood,0.012,brick,0.115,eps,0.05,east,1.2,0.6,0.55,5.8,32.428,37.335,0.4464,19.508
