site,latitude,longitude,zone,length_m,width_m,height_m,orientation_deg,wall_material,wall_thickness_m,roof_material,roof_thickness_m,insulation_material,insulation_thickness_m,window_wall,window_width_m,window_height_m,window_shgc,window_u_w_m2k,hot_mean_c,hot_max_c,hot_comfort_fraction,cold_min_c
Hyderabad,17.385,78.4867,warm_humid,3.0,3.0,2.6,180.0,plywood,0.05,gi_sheet,0.002,eps,0.05,east,1.5,1.5,0.55,5.8,35.715,43.394,0.2619,17.252
Hyderabad,17.385,78.4867,warm_humid,3.0,3.0,2.6,0.0,concrete,0.1,puf_sandwich_panel,0.1,eps,0.05,north,0.6,1.5,0.75,5.8,34.376,37.288,0.0833,17.139
Hyderabad,17.385,78.4867,warm_humid,3.0,3.0,2.6,45.0,gi_sheet,0.002,puf_sandwich_panel,0.1,mineral_wool,0.1,north,0.6,1.5,0.75,3.5,34.388,39.408,0.2857,17.264
Hyderabad,17.385,78.4867,warm_humid,3.0,3.0,2.6,0.0,plywood,0.03,rcc_slab,0.15,none,0.0,south,1.2,1.5,0.35,2.6,39.319,50.277,0.1726,16.021
Hyderabad,17.385,78.4867,warm_humid,3.0,3.0,2.6,45.0,concrete,0.3,puf_sandwich_panel,0.1,mineral_wool,0.025,west,1.5,0.9,0.55,2.6,34.387,36.781,0.1012,17.104
Hyderabad,17.385,78.4867,warm_humid,3.0,3.0,2.6,0.0,concrete,0.3,puf_sandwich_panel,0.1,eps,0.05,north,1.8,0.9,0.85,3.5,33.988,36.141,0.131,17.104
Hyderabad,17.385,78.4867,warm_humid,3.0,3.0,2.6,45.0,concrete,0.3,rcc_slab,0.1,eps,0.1,east,1.5,1.5,0.35,5.8,33.717,35.803,0.1726,17.102
Hyderabad,17.385,78.4867,warm_humid,3.0,3.0,2.6,90.0,brick,0.115,gi_sheet,0.002,eps,0.05,south,0.6,0.6,0.85,2.6,34.565,37.564,0.0714,17.139
Hyderabad,17.385,78.4867,warm_humid,3.0,3.0,2.6,0.0,plywood,0.03,concrete,0.15,mineral_wool,0.025,east,0.9,0.9,0.55,3.5,36.145,41.236,0.0952,17.173
Hyderabad,17.385,78.4867,warm_humid,3.0,3.0,2.6,0.0,plywood,0.05,brick,0.23,eps,0.05,east,0.6,0.6,0.55,2.6,34.22,37.239,0.1071,17.157
Hyderabad,17.385,78.4867,warm_humid,3.0,3.0,2.6,45.0,concrete,0.1,gi_sheet,0.002,mineral_wool,0.1,south,0.9,1.5,0.75,5.8,34.612,37.683,0.0774,17.137
Hyderabad,17.385,78.4867,warm_humid,3.0,3.0,2.6,180.0,rammed_earth,0.3,puf_sandwich_panel,0.15,eps,0.05,east,0.6,0.6,0.65,5.8,32.853,34.519,0.2202,17.109
Hyderabad,17.385,78.4867,warm_humid,3.0,3.0,2.6,180.0,puf_sandwich_panel,0.1,brick,0.115,eps,0.025,south,1.5,0.6,0.75,2.6,34.542,38.793,0.2143,17.206
Hyderabad,17.385,78.4867,warm_humid,3.0,3.0,2.6,135.0,gi_sheet,0.002,brick,0.23,mineral_wool,0.025,west,0.6,0.6,0.65,3.5,36.158,41.05,0.0774,17.161
Hyderabad,17.385,78.4867,warm_humid,3.0,3.0,2.6,135.0,plywood,0.012,concrete,0.1,eps,0.025,west,0.6,1.5,0.75,3.5,36.828,43.729,0.1667,17.201
Hyderabad,17.385,78.4867,warm_humid,3.0,3.0,2.6,45.0,brick,0.23,rcc_slab,0.1,mineral_wool,0.1,south,1.5,1.2,0.45,3.5,33.743,35.877,0.1369,17.111
Hyderabad,17.385,78.4867,warm_humid,3.0,3.0,2.6,0.0,puf_sandwich_panel,0.15,rcc_slab,0.25,none,0.0,west,0.6,0.6,0.35,3.5,36.982,42.152,0.0595,17.152
Hyderabad,17.385,78.4867,warm_humid,3.0,3.0,2.6,180.0,gi_sheet,0.002,puf_sandwich_panel,0.1,eps,0.025,west,0.6,0.9,0.85,3.5,35.875,42.846,0.2738,17.28
Hyderabad,17.385,78.4867,warm_humid,3.0,3.0,2.6,45.0,gi_sheet,0.002,gi_sheet,0.002,mineral_wool,0.025,west,1.5,1.5,0.75,3.5,37.306,48.385,0.2738,16.51
Hyderabad,17.385,78.4867,warm_humid,3.0,3.0,2.6,135.0,puf_sandwich_panel,0.05,concrete,0.15,eps,0.025,south,0.6,1.5,0.55,2.6,34.712,38.747,0.1429,17.181
Hyderabad,17.385,78.4867,warm_humid,3.0,3.0,2.6,45.0,brick,0.115,puf_sandwich_panel,0.075,mineral_wool,0.025,north,0.6,1.2,0.85,2.6,35.463,38.961,0.0655,17.14
Hyderabad,17.385,78.4867,warm_humid,3.0,3.0,2.6,180.0,rammed_earth,0.3,concrete,0.15,eps,0.025,west,0.6,1.2,0.65,2.6,35.028,37.718,0.0833,17.105
Hyderabad,17.385,78.4867,warm_humid,3.0,3.0,2.6,90.0,concrete,0.15,puf_sandwich_panel,0.15,mineral_wool,0.05,east,1.2,0.6,0.85,3.5,34.014,36.337,0.1012,17.122
Hyderabad,17.385,78.4867,warm_humid,3.0,3.0,2.6,0.0,puf_sandwich_panel,0.15,puf_sandwich_panel,0.1,none,0.0,south,0.9,0.9,0.65,5.8,32.709,36.494,0.4226,17.308
Hyderabad,17.385,78.4867,warm_humid,3.0,3.0,2.6,0.0,concrete,0.3,concrete,0.2,none,0.0,south,1.8,1.2,0.85,5.8,38.939,43.645,0.0655,17.101
Hyderabad,17.385,78.4867,warm_humid,3.0,3.0,2.6,0.0,puf_sandwich_panel,0.075,concrete,0.15,eps,0.025,south,1.2,1.2,0.85,3.5,35.436,39.96,0.0952,17.181
Hyderabad,17.385,78.4867,warm_humid,3.0,3.0,2.6,135.0,rammed_earth,0.45,concrete,0.15,none,0.0,west,0.6,1.5,0.55,3.5,37.571,41.601,0.0714,17.098
Hyderabad,17.385,78.4867,warm_humid,3.0,3.0,2.6,90.0,gi_sheet,0.002,gi_sheet,0.002,eps,0.05,east,0.6,1.2,0.85,5.8,35.245,41.989,0.3036,17.271
Hyderabad,17.385,78.4867,warm_humid,3.0,3.0,2.6,135.0,rammed_earth,0.3,puf_sandwich_panel,0.05,mineral_wool,0.1,west,0.6,0.9,0.85,3.5,32.78,34.404,0.2321,17.108
Hyderabad,17.385,78.4867,warm_humid,3.0,3.0,2.6,90.0,brick,0.23,brick,0.115,mineral_wool,0.1,east,1.2,1.2,0.65,3.5,33.724,35.745,0.131,17.111
Hyderabad,17.385,78.4867,warm_humid,3.0,3.0,2.6,45.0,brick,0.345,puf_sandwich_panel,0.15,eps,0.025,north,1.5,1.2,0.65,2.6,34.648,37.137,0.0893,17.105
Hyderabad,17.385,78.4867,warm_humid,3.0,3.0,2.6,135.0,rammed_earth,0.45,brick,0.23,eps,0.1,west,0.6,0.9,0.75,2.6,32.364,34.03,0.3571,17.097
Hyderabad,17.385,78.4867,warm_humid,3.0,3.0,2.6,135.0,plywood,0.019,rcc_slab,0.2,eps,0.05,south,1.2,1.5,0.35,5.8,35.032,38.994,0.0893,17.161
Hyderabad,17.385,78.4867,warm_humid,3.0,3.0,2.6,180.0,concrete,0.3,gi_sheet,0.002,eps,0.1,north,1.8,1.5,0.45,2.6,34.025,36.177,0.125,17.105
Hyderabad,17.385,78.4867,warm_humid,3.0,3.0,2.6,135.0,concrete,0.1,brick,0.115,mineral_wool,0.1,east,1.8,0.6,0.75,2.6,34.467,37.104,0.0774,17.128
Hyderabad,17.385,78.4867,warm_humid,3.0,3.0,2.6,90.0,puf_sandwich_panel,0.075,concrete,0.15,eps,0.05,north,1.5,1.2,0.55,2.6,35.066,38.848,0.1071,17.18
Hyderabad,17.385,78.4867,warm_humid,3.0,3.0,2.6,45.0,plywood,0.05,brick,0.115,none,0.0,south,1.8,1.2,0.75,2.6,39.63,51.594,0.1667,16.826
Hyderabad,17.385,78.4867,warm_humid,3.0,3.0,2.6,45.0,gi_sheet,0.002,concrete,0.15,eps,0.1,west,0.9,1.2,0.85,3.5,34.598,38.603,0.1369,17.173
Hyderabad,17.385,78.4867,warm_humid,3.0,3.0,2.6,0.0,puf_sandwich_panel,0.075,brick,0.23,none,0.0,north,0.6,0.9,0.55,3.5,36.071,40.835,0.0595,17.167
Hyderabad,17.385,78.4867,warm_humid,3.0,3.0,2.6,0.0,brick,0.345,puf_sandwich_panel,0.1,eps,0.025,south,0.9,0.6,0.55,2.6,33.49,35.442,0.1905,17.104
Hyderabad,17.385,78.4867,warm_humid,3.0,3.0,2.6,180.0,plywood,0.012,brick,0.115,none,0.0,east,1.5,0.6,0.85,3.5,39.665,53.385,0.244,14.06
Hyderabad,17.385,78.4867,warm_humid,3.0,3.0,2.6,135.0,concrete,0.15,concrete,0.2,mineral_wool,0.1,south,1.2,1.2,0.55,5.8,33.921,36.102,0.119,17.112
Hyderabad,17.385,78.4867,warm_humid,3.0,3.0,2.6,135.0,gi_sheet,0.002,gi_sheet,0.002,mineral_wool,0.05,east,1.8,0.9,0.85,5.8,36.413,45.278,0.2619,17.266
Hyderabad,17.385,78.4867,warm_humid,3.0,3.0,2.6,0.0,puf_sandwich_panel,0.05,gi_sheet,0.002,mineral_wool,0.1,west,1.2,1.2,0.35,5.8,33.303,37.974,0.3631,17.287
Hyderabad,17.385,78.4867,warm_humid,3.0,3.0,2.6,0.0,gi_sheet,0.002,brick,0.23,eps,0.025,west,1.5,0.6,0.65,2.6,36.292,41.796,0.0833,17.161
Hyderabad,17.385,78.4867,warm_humid,3.0,3.0,2.6,135.0,plywood,0.03,gi_sheet,0.002,mineral_wool,0.025,south,0.9,0.6,0.75,5.8,36.072,44.114,0.2679,17.268
Hyderabad,17.385,78.4867,warm_humid,3.0,3.0,2.6,180.0,rammed_earth,0.45,concrete,0.2,eps,0.1,east,0.6,1.5,0.35,2.6,32.277,33.861,0.3631,17.097
Hyderabad,17.385,78.4867,warm_humid,3.0,3.0,2.6,180.0,brick,0.23,gi_sheet,0.002,mineral_wool,0.025,east,1.2,1.2,0.45,2.6,35.623,38.728,0.0714,17.115
Hyderabad,17.385,78.4867,warm_humid,3.0,3.0,2.6,0.0,puf_sandwich_panel,0.1,concrete,0.1,none,0.0,east,1.2,1.2,0.75,3.5,39.941,51.216,0.1369,17.204
Hyderabad,17.385,78.4867,warm_humid,3.0,3.0,2.6,90.0,puf_sandwich_panel,0.1,concrete,0.2,mineral_wool,0.05,west,1.8,1.2,0.55,3.5,34.137,37.26,0.125,17.163
Hyderabad,17.385,78.4867,warm_humid,3.0,3.0,2.6,180.0,rammed_earth,0.45,concrete,0.2,none,0.0,south,1.5,1.2,0.55,2.6,37.237,41.015,0.0714,17.098
Hyderabad,17.385,78.4867,warm_humid,3.0,3.0,2.6,0.0,puf_sandwich_panel,0.075,puf_sandwich_panel,0.15,none,0.0,north,0.6,0.6,0.55,3.5,32.399,35.833,0.4583,17.315
Hyderabad,17.385,78.4867,warm_humid,3.0,3.0,2.6,0.0,concrete,0.15,brick,0.115,eps,0.1,south,1.2,0.6,0.55,2.6,33.537,35.565,0.131,17.117
Hyderabad,17.385,78.4867,warm_humid,3.0,3.0,2.6,180.0,rammed_earth,0.15,puf_sandwich_panel,0.15,eps,0.025,east,1.8,0.6,0.75,2.6,34.993,38.182,0.0714,17.132
Hyderabad,17.385,78.4867,warm_humid,3.0,3.0,2.6,90.0,puf_sandwich_panel,0.1,puf_sandwich_panel,0.075,mineral_wool,0.1,north,0.6,1.2,0.75,5.8,33.044,36.399,0.3631,17.291
Hyderabad,17.385,78.4867,warm_humid,3.0,3.0,2.6,0.0,plywood,0.03,puf_sandwich_panel,0.05,mineral_wool,0.1,south,1.8,1.5,0.45,2.6,34.603,40.48,0.2976,17.267
Hyderabad,17.385,78.4867,warm_humid,3.0,3.0,2.6,180.0,concrete,0.2,brick,0.23,eps,0.05,north,1.5,1.2,0.35,2.6,34.509,36.894,0.0833,17.107
Hyderabad,17.385,78.4867,warm_humid,3.0,3.0,2.6,180.0,concrete,0.1,brick,0.23,eps,0.05,south,0.6,0.6,0.55,5.8,34.561,37.082,0.0774,17.121
Hyderabad,17.385,78.4867,warm_humid,3.0,3.0,2.6,135.0,puf_sandwich_panel,0.05,concrete,0.15,eps,0.05,south,0.9,1.5,0.65,5.8,34.285,38.008,0.1607,17.181
Hyderabad,17.385,78.4867,warm_humid,3.0,3.0,2.6,135.0,puf_sandwich_panel,0.1,rcc_slab,0.1,mineral_wool,0.05,north,0.6,1.2,0.85,3.5,34.122,37.548,0.2143,17.201
Hyderabad,17.385,78.4867,warm_humid,3.0,3.0,2.6,45.0,gi_sheet,0.002,rcc_slab,0.15,eps,0.025,east,1.8,0.6,0.55,2.6,36.663,42.669,0.119,17.174
Hyderabad,17.385,78.4867,warm_humid,3.0,3.0,2.6,180.0,rammed_earth,0.15,brick,0.115,eps,0.025,east,1.2,1.2,0.45,3.5,35.878,39.415,0.0714,17.124
Hyderabad,17.385,78.4867,warm_humid,3.0,3.0,2.6,135.0,concrete,0.3,puf_sandwich_panel,0.075,eps,0.05,south,1.2,0.9,0.85,2.6,33.85,36.028,0.1488,17.104
Hyderabad,17.385,78.4867,warm_humid,3.0,3.0,2.6,45.0,puf_sandwich_panel,0.15,brick,0.115,eps,0.025,east,0.6,0.6,0.65,5.8,34.115,37.829,0.2202,17.204
Hyderabad,17.385,78.4867,warm_humid,3.0,3.0,2.6,180.0,concrete,0.1,brick,0.115,eps,0.1,north,0.6,0.9,0.65,2.6,33.925,36.179,0.1012,17.128
Hyderabad,17.385,78.4867,warm_humid,3.0,3.0,2.6,135.0,gi_sheet,0.002,brick,0.115,eps,0.025,west,0.9,0.9,0.85,2.6,36.923,43.859,0.1607,17.196
Hyderabad,17.385,78.4867,warm_humid,3.0,3.0,2.6,45.0,puf_sandwich_panel,0.15,rcc_slab,0.25,mineral_wool,0.1,north,1.8,1.5,0.55,3.5,34.682,37.519,0.0714,17.15
Hyderabad,17.385,78.4867,warm_humid,3.0,3.0,2.6,45.0,brick,0.23,brick,0.23,eps,0.1,south,1.8,1.5,0.85,5.8,35.324,38.303,0.0833,17.109
Hyderabad,17.385,78.4867,warm_humid,3.0,3.0,2.6,45.0,rammed_earth,0.3,puf_sandwich_panel,0.1,mineral_wool,0.025,east,0.6,0.9,0.55,5.8,33.746,35.791,0.1369,17.109
Hyderabad,17.385,78.4867,warm_humid,3.0,3.0,2.6,0.0,plywood,0.019,puf_sandwich_panel,0.05,mineral_wool,0.05,west,1.8,0.9,0.65,3.5,35.255,43.224,0.3036,17.287
Hyderabad,17.385,78.4867,warm_humid,3.0,3.0,2.6,45.0,brick,0.23,concrete,0.1,none,0.0,west,0.6,1.2,0.75,3.5,39.336,44.864,0.0595,17.111
Hyderabad,17.385,78.4867,warm_humid,3.0,3.0,2.6,180.0,brick,0.23,gi_sheet,0.002,none,0.0,east,1.5,1.5,0.45,2.6,39.618,46.134,0.0595,17.116
Hyderabad,17.385,78.4867,warm_humid,3.0,3.0,2.6,90.0,concrete,0.2,rcc_slab,0.1,mineral_wool,0.05,west,1.8,1.2,0.75,5.8,35.089,37.779,0.0774,17.111
Hyderabad,17.385,78.4867,warm_humid,3.0,3.0,2.6,90.0,plywood,0.03,brick,0.23,eps,0.05,west,1.8,1.2,0.55,2.6,35.092,39.057,0.0893,17.161
Hyderabad,17.385,78.4867,warm_humid,3.0,3.0,2.6,90.0,brick,0.23,gi_sheet,0.002,eps,0.025,north,1.5,1.2,0.85,3.5,36.974,40.638,0.0655,17.115
Hyderabad,17.385,78.4867,warm_humid,3.0,3.0,2.6,0.0,rammed_earth,0.45,brick,0.23,mineral_wool,0.025,north,1.2,1.5,0.75,2.6,34.476,36.98,0.125,17.098
Hyderabad,17.385,78.4867,warm_humid,3.0,3.0,2.6,45.0,puf_sandwich_panel,0.15,puf_sandwich_panel,0.05,mineral_wool,0.025,north,0.6,1.2,0.85,3.5,33.255,37.097,0.3631,17.304
Hyderabad,17.385,78.4867,warm_humid,3.0,3.0,2.6,90.0,gi_sheet,0.002,brick,0.23,mineral_wool,0.025,east,1.8,1.5,0.45,2.6,36.518,42.194,0.0952,17.161
Hyderabad,17.385,78.4867,warm_humid,3.0,3.0,2.6,45.0,brick,0.115,rcc_slab,0.15,eps,0.05,north,1.8,1.5,0.75,5.8,36.747,40.529,0.0595,17.127
Hyderabad,17.385,78.4867,warm_humid,3.0,3.0,2.6,45.0,plywood,0.019,gi_sheet,0.002,eps,0.05,north,0.6,1.2,0.65,5.8,35.141,41.617,0.2917,17.283
Hyderabad,17.385,78.4867,warm_humid,3.0,3.0,2.6,135.0,concrete,0.2,concrete,0.2,eps,0.1,north,1.8,0.6,0.65,5.8,33.89,36.02,0.1369,17.107
Hyderabad,17.385,78.4867,warm_humid,3.0,3.0,2.6,180.0,gi_sheet,0.002,brick,0.23,eps,0.1,south,1.5,1.5,0.45,2.6,34.777,38.33,0.0952,17.161
Hyderabad,17.385,78.4867,warm_humid,3.0,3.0,2.6,0.0,concrete,0.1,gi_sheet,0.002,eps,0.05,north,1.8,0.9,0.75,5.8,35.402,39.033,0.0655,17.139
Hyderabad,17.385,78.4867,warm_humid,3.0,3.0,2.6,0.0,gi_sheet,0.002,puf_sandwich_panel,0.075,eps,0.05,north,1.5,1.2,0.65,2.6,35.166,42.183,0.3036,17.28
Hyderabad,17.385,78.4867,warm_humid,3.0,3.0,2.6,0.0,gi_sheet,0.002,puf_sandwich_panel,0.075,eps,0.1,west,1.2,1.5,0.45,2.6,34.581,41.461,0.3155,17.277
Hyderabad,17.385,78.4867,warm_humid,3.0,3.0,2.6,45.0,plywood,0.03,gi_sheet,0.002,eps,0.025,north,0.6,0.6,0.65,3.5,35.953,43.688,0.2798,17.27
Hyderabad,17.385,78.4867,warm_humid,3.0,3.0,2.6,135.0,gi_sheet,0.002,puf_sandwich_panel,0.1,mineral_wool,0.025,north,1.2,0.6,0.35,2.6,35.494,42.351,0.2798,17.277
Hyderabad,17.385,78.4867,warm_humid,3.0,3.0,2.6,0.0,plywood,0.012,rcc_slab,0.25,none,0.0,south,1.5,1.2,0.65,3.5,39.463,49.686,0.1369,15.865
Hyderabad,17.385,78.4867,warm_humid,3.0,3.0,2.6,90.0,rammed_earth,0.45,puf_sandwich_panel,0.15,mineral_wool,0.025,west,1.5,0.9,0.35,5.8,33.027,34.791,0.2202,17.1
Hyderabad,17.385,78.4867,warm_humid,3.0,3.0,2.6,90.0,gi_sheet,0.002,brick,0.23,eps,0.1,west,1.5,0.6,0.55,5.8,33.878,36.878,0.1488,17.161
Hyderabad,17.385,78.4867,warm_humid,3.0,3.0,2.6,0.0,concrete,0.15,puf_sandwich_panel,0.15,mineral_wool,0.025,south,0.9,0.9,0.35,5.8,34.671,37.449,0.0774,17.122
Hyderabad,17.385,78.4867,warm_humid,3.0,3.0,2.6,180.0,gi_sheet,0.002,gi_sheet,0.002,eps,0.05,south,1.5,1.2,0.65,2.6,35.877,43.062,0.2738,17.272
Hyderabad,17.385,78.4867,warm_humid,3.0,3.0,2.6,135.0,plywood,0.03,brick,0.23,eps,0.025,west,1.2,0.6,0.55,5.8,35.839,40.257,0.0714,17.161
Hyderabad,17.385,78.4867,warm_humid,3.0,3.0,2.6,45.0,gi_sheet,0.002,brick,0.23,none,0.0,north,0.6,1.2,0.45,2.6,39.222,50.833,0.2262,13.696
Hyderabad,17.385,78.4867,warm_humid,3.0,3.0,2.6,135.0,concrete,0.15,puf_sandwich_panel,0.1,eps,0.1,north,1.8,0.6,0.85,3.5,34.389,36.714,0.0833,17.123
Hyderabad,17.385,78.4867,warm_humid,3.0,3.0,2.6,90.0,plywood,0.05,rcc_slab,0.1,mineral_wool,0.025,south,0.6,0.9,0.55,3.5,35.635,40.806,0.1488,17.185
Hyderabad,17.385,78.4867,warm_humid,3.0,3.0,2.6,180.0,plywood,0.05,brick,0.23,eps,0.1,north,0.6,1.5,0.85,5.8,33.956,36.747,0.1071,17.157
Hyderabad,17.385,78.4867,warm_humid,3.0,3.0,2.6,90.0,rammed_earth,0.45,brick,0.115,mineral_wool,0.1,north,1.2,0.6,0.55,2.6,32.529,34.228,0.2917,17.099
Hyderabad,17.385,78.4867,warm_humid,3.0,3.0,2.6,180.0,plywood,0.03,rcc_slab,0.15,none,0.0,east,0.9,0.9,0.65,3.5,39.434,50.618,0.1667,16.145
Hyderabad,17.385,78.4867,warm_humid,3.0,3.0,2.6,0.0,plywood,0.05,puf_sandwich_panel,0.1,mineral_wool,0.05,south,0.6,1.2,0.35,3.5,33.603,37.849,0.3333,17.251
Hyderabad,17.385,78.4867,warm_humid,3.0,3.0,2.6,135.0,gi_sheet,0.002,puf_sandwich_panel,0.15,mineral_wool,0.05,east,0.9,0.6,0.65,5.8,34.6,40.288,0.3095,17.271
Hyderabad,17.385,78.4867,warm_humid,3.0,3.0,2.6,90.0,brick,0.345,rcc_slab,0.15,none,0.0,north,0.9,0.6,0.35,5.8,37.993,42.178,0.0655,17.101
Hyderabad,17.385,78.4867,warm_humid,3.0,3.0,2.6,180.0,concrete,0.2,brick,0.23,mineral_wool,0.05,south,0.6,1.2,0.35,3.5,34.049,36.25,0.119,17.107
Hyderabad,17.385,78.4867,warm_humid,3.0,3.0,2.6,180.0,rammed_earth,0.3,rcc_slab,0.2,eps,0.05,north,0.6,0.9,0.55,5.8,33.493,35.48,0.2083,17.104
Hyderabad,17.385,78.4867,warm_humid,3.0,3.0,2.6,180.0,puf_sandwich_panel,0.05,puf_sandwich_panel,0.1,eps,0.1,west,1.8,0.6,0.35,2.6,32.911,36.451,0.369,17.311
Hyderabad,17.385,78.4867,warm_humid,3.0,3.0,2.6,90.0,brick,0.115,brick,0.23,mineral_wool,0.025,east,0.6,0.9,0.35,5.8,35.461,38.614,0.0714,17.122
Hyderabad,17.385,78.4867,warm_humid,3.0,3.0,2.6,180.0,puf_sandwich_panel,0.05,gi_sheet,0.002,mineral_wool,0.1,north,1.5,0.9,0.35,5.8,33.169,37.316,0.3631,17.287
Hyderabad,17.385,78.4867,warm_humid,3.0,3.0,2.6,45.0,gi_sheet,0.002,gi_sheet,0.002,mineral_wool,0.025,south,0.9,0.9,0.65,5.8,36.564,46.005,0.2857,17.006
Hyderabad,17.385,78.4867,warm_humid,3.0,3.0,2.6,45.0,concrete,0.1,concrete,0.2,none,0.0,west,1.2,0.6,0.75,5.8,39.773,47.622,0.0536,17.12
Hyderabad,17.385,78.4867,warm_humid,3.0,3.0,2.6,90.0,puf_sandwich_panel,0.15,gi_sheet,0.002,eps,0.05,south,1.8,1.5,0.65,3.5,35.545,44.499,0.2976,17.295
Hyderabad,17.385,78.4867,warm_humid,3.0,3.0,2.6,90.0,gi_sheet,0.002,gi_sheet,0.002,mineral_wool,0.05,west,0.6,1.2,0.55,2.6,34.924,41.147,0.3036,17.266
Hyderabad,17.385,78.4867,warm_humid,3.0,3.0,2.6,90.0,brick,0.115,rcc_slab,0.2,eps,0.1,north,1.5,1.2,0.45,3.5,34.461,36.854,0.0774,17.122
Hyderabad,17.385,78.4867,warm_humid,3.0,3.0,2.6,180.0,concrete,0.2,rcc_slab,0.25,none,0.0,west,1.8,0.6,0.45,2.6,38.806,43.895,0.0595,17.105
Hyderabad,17.385,78.4867,warm_humid,3.0,3.0,2.6,45.0,plywood,0.03,concrete,0.2,mineral_wool,0.05,south,1.5,1.2,0.35,2.6,34.924,38.792,0.0893,17.158
Hyderabad,17.385,78.4867,warm_humid,3.0,3.0,2.6,0.0,brick,0.345,rcc_slab,0.25,mineral_wool,0.05,south,1.8,1.2,0.75,3.5,34.605,37.113,0.1012,17.1
Hyderabad,17.385,78.4867,warm_humid,3.0,3.0,2.6,0.0,gi_sheet,0.002,brick,0.23,eps,0.05,south,0.9,1.5,0.55,3.5,35.314,39.65,0.0893,17.161
Hyderabad,17.385,78.4867,warm_humid,3.0,3.0,2.6,45.0,rammed_earth,0.15,gi_sheet,0.002,eps,0.1,south,0.6,1.5,0.65,3.5,33.675,36.002,0.1131,17.131
Hyderabad,17.385,78.4867,warm_humid,3.0,3.0,2.6,0.0,concrete,0.15,concrete,0.2,eps,0.025,east,0.6,1.2,0.45,5.8,35.72,38.79,0.0714,17.112
Hyderabad,17.385,78.4867,warm_humid,3.0,3.0,2.6,135.0,brick,0.115,rcc_slab,0.15,none,0.0,north,1.5,1.5,0.35,2.6,39.866,47.72,0.0536,17.126
Hyderabad,17.385,78.4867,warm_humid,3.0,3.0,2.6,45.0,concrete,0.1,rcc_slab,0.2,eps,0.025,north,0.9,1.5,0.85,2.6,36.821,40.665,0.0655,17.121
Hyderabad,17.385,78.4867,warm_humid,3.0,3.0,2.6,45.0,gi_sheet,0.002,rcc_slab,0.25,mineral_wool,0.05,north,1.5,0.9,0.65,5.8,35.609,39.466,0.0655,17.148
Hyderabad,17.385,78.4867,warm_humid,3.0,3.0,2.6,135.0,plywood,0.05,concrete,0.1,mineral_wool,0.1,east,1.8,1.2,0.85,2.6,35.633,40.755,0.0893,17.182
Hyderabad,17.385,78.4867,warm_humid,3.0,3.0,2.6,90.0,rammed_earth,0.45,rcc_slab,0.1,mineral_wool,0.025,east,1.8,1.2,0.55,3.5,34.878,37.52,0.0893,17.099
Hyderabad,17.385,78.4867,warm_humid,3.0,3.0,2.6,45.0,gi_sheet,0.002,brick,0.115,none,0.0,west,1.5,1.2,0.45,2.6,39.753,53.891,0.2619,12.731
Hyderabad,17.385,78.4867,warm_humid,3.0,3.0,2.6,45.0,rammed_earth,0.45,concrete,0.1,none,0.0,north,0.9,0.9,0.85,5.8,38.137,42.453,0.0655,17.099
Hyderabad,17.385,78.4867,warm_humid,3.0,3.0,2.6,90.0,plywood,0.05,rcc_slab,0.25,mineral_wool,0.1,east,1.8,1.5,0.45,5.8,34.403,37.417,0.0833,17.145
Hyderabad,17.385,78.4867,warm_humid,3.0,3.0,2.6,135.0,concrete,0.2,rcc_slab,0.2,eps,0.025,south,0.9,1.5,0.35,5.8,35.513,38.448,0.0774,17.107
Hyderabad,17.385,78.4867,warm_humid,3.0,3.0,2.6,90.0,plywood,0.012,gi_sheet,0.002,mineral_wool,0.05,east,1.5,0.9,0.75,3.5,35.575,42.928,0.3036,17.286
Hyderabad,17.385,78.4867,warm_humid,3.0,3.0,2.6,135.0,brick,0.345,brick,0.23,eps,0.1,north,1.2,0.6,0.75,5.8,32.987,34.876,0.2202,17.1
Hyderabad,17.385,78.4867,warm_humid,3.0,3.0,2.6,180.0,concrete,0.3,puf_sandwich_panel,0.1,eps,0.025,north,1.8,0.9,0.75,5.8,34.848,37.357,0.0833,17.104
Hyderabad,17.385,78.4867,warm_humid,3.0,3.0,2.6,45.0,rammed_earth,0.3,concrete,0.2,eps,0.025,east,1.5,0.6,0.65,3.5,35.035,37.741,0.0833,17.104
Hyderabad,17.385,78.4867,warm_humid,3.0,3.0,2.6,0.0,concrete,0.15,puf_sandwich_panel,0.075,none,0.0,west,1.8,0.9,0.85,2.6,38.17,44.339,0.0595,17.124
Hyderabad,17.385,78.4867,warm_humid,3.0,3.0,2.6,180.0,brick,0.345,gi_sheet,0.002,mineral_wool,0.05,north,1.2,1.5,0.45,3.5,34.125,36.357,0.119,17.105
Hyderabad,17.385,78.4867,warm_humid,3.0,3.0,2.6,45.0,brick,0.115,puf_sandwich_panel,0.15,eps,0.1,north,1.5,0.6,0.55,3.5,33.578,35.83,0.1071,17.14
Hyderabad,17.385,78.4867,warm_humid,3.0,3.0,2.6,135.0,gi_sheet,0.002,rcc_slab,0.15,mineral_wool,0.025,east,1.5,1.2,0.65,2.6,37.083,43.852,0.1131,17.173
Hyderabad,17.385,78.4867,warm_humid,3.0,3.0,2.6,0.0,plywood,0.05,gi_sheet,0.002,eps,0.1,north,1.5,1.5,0.45,5.8,34.185,39.103,0.3036,17.25
Hyderabad,17.385,78.4867,warm_humid,3.0,3.0,2.6,90.0,rammed_earth,0.3,rcc_slab,0.2,none,0.0,east,1.8,1.5,0.65,3.5,38.47,42.993,0.0655,17.105
Hyderabad,17.385,78.4867,warm_humid,3.0,3.0,2.6,180.0,rammed_earth,0.45,concrete,0.2,mineral_wool,0.025,south,1.2,1.2,0.65,3.5,34.329,36.797,0.131,17.098
Hyderabad,17.385,78.4867,warm_humid,3.0,3.0,2.6,45.0,plywood,0.03,rcc_slab,0.2,mineral_wool,0.025,west,0.6,1.2,0.85,5.8,36.0,40.742,0.0595,17.159
Hyderabad,17.385,78.4867,warm_humid,3.0,3.0,2.6,135.0,rammed_earth,0.45,gi_sheet,0.002,mineral_wool,0.025,east,0.6,1.2,0.75,5.8,34.363,36.868,0.125,17.1
Hyderabad,17.385,78.4867,warm_humid,3.0,3.0,2.6,0.0,puf_sandwich_panel,0.075,rcc_slab,0.1,mineral_wool,0.025,west,1.5,0.6,0.85,2.6,35.116,40.266,0.1786,17.203
Hyderabad,17.385,78.4867,warm_humid,3.0,3.0,2.6,135.0,plywood,0.012,rcc_slab,0.25,mineral_wool,0.1,east,0.6,1.5,0.75,5.8,34.258,37.213,0.0833,17.149
Hyderabad,17.385,78.4867,warm_humid,3.0,3.0,2.6,180.0,gi_sheet,0.002,concrete,0.1,eps,0.025,south,0.6,0.6,0.85,5.8,36.436,42.849,0.1667,17.194
Hyderabad,17.385,78.4867,warm_humid,3.0,3.0,2.6,180.0,gi_sheet,0.002,rcc_slab,0.1,mineral_wool,0.05,east,0.6,0.9,0.35,2.6,35.151,39.805,0.1845,17.192
Hyderabad,17.385,78.4867,warm_humid,3.0,3.0,2.6,0.0,rammed_earth,0.3,gi_sheet,0.002,mineral_wool,0.05,east,0.9,0.9,0.55,2.6,33.992,36.185,0.119,17.109
Hyderabad,17.385,78.4867,warm_humid,3.0,3.0,2.6,0.0,concrete,0.3,rcc_slab,0.1,eps,0.025,east,1.8,0.9,0.65,2.6,35.985,39.155,0.0774,17.102
Hyderabad,17.385,78.4867,warm_humid,3.0,3.0,2.6,0.0,puf_sandwich_panel,0.05,concrete,0.2,mineral_wool,0.05,east,1.8,0.9,0.85,2.6,35.835,39.764,0.0595,17.163
Hyderabad,17.385,78.4867,warm_humid,3.0,3.0,2.6,135.0,brick,0.23,brick,0.23,eps,0.1,west,0.9,1.2,0.45,2.6,33.333,35.222,0.2083,17.108
Hyderabad,17.385,78.4867,warm_humid,3.0,3.0,2.6,180.0,plywood,0.019,rcc_slab,0.15,eps,0.025,north,1.8,0.9,0.85,3.5,36.96,43.234,0.1131,17.176
Hyderabad,17.385,78.4867,warm_humid,3.0,3.0,2.6,90.0,brick,0.23,puf_sandwich_panel,0.075,eps,0.1,east,1.2,1.5,0.55,5.8,33.588,35.599,0.125,17.115
Hyderabad,17.385,78.4867,warm_humid,3.0,3.0,2.6,45.0,rammed_earth,0.15,brick,0.115,mineral_wool,0.05,west,1.5,1.5,0.75,3.5,35.617,39.001,0.0714,17.125
Hyderabad,17.385,78.4867,warm_humid,3.0,3.0,2.6,90.0,concrete,0.2,concrete,0.15,none,0.0,east,0.6,0.6,0.75,3.5,39.141,44.728,0.0595,17.108
Hyderabad,17.385,78.4867,warm_humid,3.0,3.0,2.6,90.0,rammed_earth,0.45,concrete,0.15,mineral_wool,0.025,west,0.9,0.9,0.65,3.5,34.072,36.436,0.1548,17.098
Hyderabad,17.385,78.4867,warm_humid,3.0,3.0,2.6,45.0,gi_sheet,0.002,puf_sandwich_panel,0.05,mineral_wool,0.05,east,1.8,1.5,0.35,2.6,35.583,42.483,0.2798,17.276
Hyderabad,17.385,78.4867,warm_humid,3.0,3.0,2.6,180.0,plywood,0.012,puf_sandwich_panel,0.05,eps,0.025,east,0.6,1.2,0.45,3.5,35.423,42.929,0.3036,17.305
Hyderabad,17.385,78.4867,warm_humid,3.0,3.0,2.6,180.0,puf_sandwich_panel,0.05,rcc_slab,0.2,mineral_wool,0.025,south,0.6,1.2,0.75,3.5,34.503,37.899,0.1012,17.164
Hyderabad,17.385,78.4867,warm_humid,3.0,3.0,2.6,45.0,puf_sandwich_panel,0.05,puf_sandwich_panel,0.1,eps,0.1,north,1.8,1.5,0.65,2.6,35.308,41.018,0.2798,17.311
Hyderabad,17.385,78.4867,warm_humid,3.0,3.0,2.6,0.0,concrete,0.3,gi_sheet,0.002,eps,0.05,south,0.9,1.2,0.85,5.8,34.331,36.688,0.1131,17.103
Hyderabad,17.385,78.4867,warm_humid,3.0,3.0,2.6,180.0,concrete,0.15,puf_sandwich_panel,0.1,eps,0.05,north,0.9,0.9,0.35,2.6,33.982,36.244,0.1071,17.123
Hyderabad,17.385,78.4867,warm_humid,3.0,3.0,2.6,45.0,concrete,0.3,concrete,0.1,mineral_wool,0.1,north,1.8,1.5,0.65,5.8,34.756,37.435,0.0952,17.102
Hyderabad,17.385,78.4867,warm_humid,3.0,3.0,2.6,90.0,gi_sheet,0.002,rcc_slab,0.1,mineral_wool,0.025,north,1.5,1.5,0.55,3.5,37.418,44.792,0.1607,17.194
Hyderabad,17.385,78.4867,warm_humid,3.0,3.0,2.6,180.0,brick,0.115,puf_sandwich_panel,0.05,mineral_wool,0.025,east,0.9,1.2,0.85,2.6,35.795,39.759,0.0655,17.141
Hyderabad,17.385,78.4867,warm_humid,3.0,3.0,2.6,90.0,brick,0.345,brick,0.115,eps,0.1,east,1.5,0.9,0.35,2.6,32.833,34.513,0.2202,17.103
Hyderabad,17.385,78.4867,warm_humid,3.0,3.0,2.6,180.0,plywood,0.012,puf_sandwich_panel,0.1,mineral_wool,0.025,south,1.2,1.5,0.85,2.6,36.074,44.057,0.2857,17.3
Hyderabad,17.385,78.4867,warm_humid,3.0,3.0,2.6,180.0,concrete,0.3,puf_sandwich_panel,0.1,eps,0.1,north,0.6,0.9,0.45,2.6,32.517,34.044,0.2679,17.103
Hyderabad,17.385,78.4867,warm_humid,3.0,3.0,2.6,135.0,gi_sheet,0.002,puf_sandwich_panel,0.075,eps,0.1,west,0.9,0.9,0.85,2.6,34.626,39.624,0.2798,17.276
Hyderabad,17.385,78.4867,warm_humid,3.0,3.0,2.6,45.0,plywood,0.019,puf_sandwich_panel,0.05,mineral_wool,0.025,west,0.9,0.6,0.55,5.8,35.136,42.237,0.2976,17.291
Hyderabad,17.385,78.4867,warm_humid,3.0,3.0,2.6,45.0,puf_sandwich_panel,0.075,gi_sheet,0.002,mineral_wool,0.1,west,0.6,0.6,0.35,2.6,32.341,35.497,0.4405,17.284
Hyderabad,17.385,78.4867,warm_humid,3.0,3.0,2.6,135.0,puf_sandwich_panel,0.1,puf_sandwich_panel,0.05,mineral_wool,0.05,south,1.8,1.2,0.55,5.8,33.93,39.758,0.3512,17.304
Hyderabad,17.385,78.4867,warm_humid,3.0,3.0,2.6,180.0,brick,0.23,gi_sheet,0.002,none,0.0,south,1.5,1.2,0.55,3.5,39.521,45.763,0.0595,17.115
Hyderabad,17.385,78.4867,warm_humid,3.0,3.0,2.6,90.0,puf_sandwich_panel,0.05,gi_sheet,0.002,eps,0.05,east,0.9,1.2,0.35,3.5,33.714,38.762,0.3631,17.305
Hyderabad,17.385,78.4867,warm_humid,3.0,3.0,2.6,180.0,gi_sheet,0.002,puf_sandwich_panel,0.075,mineral_wool,0.05,south,1.8,0.9,0.35,2.6,34.859,40.724,0.2917,17.274
Hyderabad,17.385,78.4867,warm_humid,3.0,3.0,2.6,180.0,concrete,0.3,brick,0.23,eps,0.025,south,0.6,1.5,0.75,5.8,34.916,37.564,0.0893,17.1
Hyderabad,17.385,78.4867,warm_humid,3.0,3.0,2.6,0.0,rammed_earth,0.3,brick,0.115,eps,0.1,south,1.2,0.6,0.55,2.6,32.799,34.452,0.2262,17.106
Hyderabad,17.385,78.4867,warm_humid,3.0,3.0,2.6,0.0,rammed_earth,0.15,brick,0.23,eps,0.1,north,1.2,0.9,0.55,2.6,33.375,35.323,0.1369,17.118
Hyderabad,17.385,78.4867,warm_humid,3.0,3.0,2.6,135.0,concrete,0.2,rcc_slab,0.2,eps,0.05,west,1.8,1.2,0.55,2.6,35.289,38.055,0.0774,17.107
Hyderabad,17.385,78.4867,warm_humid,3.0,3.0,2.6,0.0,rammed_earth,0.3,concrete,0.2,mineral_wool,0.05,south,0.6,0.9,0.85,2.6,33.599,35.643,0.1786,17.104
Hyderabad,17.385,78.4867,warm_humid,3.0,3.0,2.6,135.0,concrete,0.1,concrete,0.1,eps,0.1,west,1.2,1.5,0.45,2.6,34.636,37.216,0.0714,17.129
Hyderabad,17.385,78.4867,warm_humid,3.0,3.0,2.6,135.0,rammed_earth,0.3,gi_sheet,0.002,eps,0.1,east,1.2,0.6,0.85,5.8,33.145,34.991,0.2143,17.109
Hyderabad,17.385,78.4867,warm_humid,3.0,3.0,2.6,45.0,plywood,0.019,rcc_slab,0.2,none,0.0,west,1.5,0.6,0.85,5.8,39.574,50.473,0.1488,15.895
Hyderabad,17.385,78.4867,warm_humid,3.0,3.0,2.6,0.0,concrete,0.3,concrete,0.2,mineral_wool,0.1,south,0.6,1.2,0.65,2.6,32.822,34.565,0.2321,17.1
Hyderabad,17.385,78.4867,warm_humid,3.0,3.0,2.6,135.0,plywood,0.03,puf_sandwich_panel,0.05,eps,0.025,north,1.5,1.5,0.85,2.6,37.348,45.677,0.256,17.281
Hyderabad,17.385,78.4867,warm_humid,3.0,3.0,2.6,45.0,plywood,0.019,concrete,0.15,none,0.0,west,1.8,0.9,0.75,2.6,39.966,52.632,0.1905,15.127
Hyderabad,17.385,78.4867,warm_humid,3.0,3.0,2.6,45.0,plywood,0.012,gi_sheet,0.002,none,0.0,east,0.9,0.6,0.65,2.6,40.284,56.843,0.3036,12.812
Hyderabad,17.385,78.4867,warm_humid,3.0,3.0,2.6,90.0,gi_sheet,0.002,concrete,0.1,mineral_wool,0.05,north,1.8,1.5,0.55,5.8,36.821,42.877,0.1369,17.192
Hyderabad,17.385,78.4867,warm_humid,3.0,3.0,2.6,90.0,gi_sheet,0.002,gi_sheet,0.002,none,0.0,west,0.9,1.5,0.75,3.5,40.069,56.439,0.2976,11.964
Hyderabad,17.385,78.4867,warm_humid,3.0,3.0,2.6,45.0,rammed_earth,0.3,rcc_slab,0.1,mineral_wool,0.025,west,1.5,1.5,0.35,5.8,35.192,38.001,0.0774,17.107
Hyderabad,17.385,78.4867,warm_humid,3.0,3.0,2.6,135.0,brick,0.345,gi_sheet,0.002,mineral_wool,0.05,west,1.5,0.9,0.45,2.6,34.056,36.307,0.131,17.104
Hyderabad,17.385,78.4867,warm_humid,3.0,3.0,2.6,0.0,plywood,0.03,rcc_slab,0.1,mineral_wool,0.05,north,1.5,0.6,0.45,5.8,34.644,38.941,0.1964,17.191
Hyderabad,17.385,78.4867,warm_humid,3.0,3.0,2.6,0.0,concrete,0.2,brick,0.115,eps,0.05,south,1.5,1.2,0.35,5.8,34.573,37.051,0.0833,17.111
Hyderabad,17.385,78.4867,warm_humid,3.0,3.0,2.6,45.0,plywood,0.03,rcc_slab,0.15,eps,0.025,west,0.9,1.2,0.55,5.8,36.07,41.442,0.1131,17.173
Hyderabad,17.385,78.4867,warm_humid,3.0,3.0,2.6,135.0,rammed_earth,0.15,brick,0.115,eps,0.025,north,1.8,1.5,0.35,3.5,36.356,40.078,0.0655,17.126
Hyderabad,17.385,78.4867,warm_humid,3.0,3.0,2.6,180.0,concrete,0.2,concrete,0.15,none,0.0,west,0.6,1.2,0.85,2.6,39.398,45.098,0.0595,17.108
Hyderabad,17.385,78.4867,warm_humid,3.0,3.0,2.6,135.0,concrete,0.3,concrete,0.15,eps,0.05,south,0.9,1.2,0.45,5.8,33.915,36.16,0.1548,17.101
Hyderabad,17.385,78.4867,warm_humid,3.0,3.0,2.6,135.0,concrete,0.2,gi_sheet,0.002,mineral_wool,0.1,east,0.9,0.6,0.85,3.5,33.473,35.443,0.1429,17.112
Hyderabad,17.385,78.4867,warm_humid,3.0,3.0,2.6,90.0,plywood,0.05,concrete,0.15,eps,0.025,south,1.2,1.2,0.55,2.6,36.035,41.231,0.0833,17.169
Hyderabad,17.385,78.4867,warm_humid,3.0,3.0,2.6,0.0,puf_sandwich_panel,0.15,concrete,0.2,mineral_wool,0.05,east,1.2,0.6,0.65,5.8,33.628,36.078,0.1429,17.162
Hyderabad,17.385,78.4867,warm_humid,3.0,3.0,2.6,135.0,concrete,0.3,rcc_slab,0.15,mineral_wool,0.025,west,1.5,0.6,0.65,5.8,35.294,38.171,0.0833,17.101
Hyderabad,17.385,78.4867,warm_humid,3.0,3.0,2.6,0.0,gi_sheet,0.002,puf_sandwich_panel,0.1,none,0.0,west,0.6,1.5,0.65,3.5,38.309,51.024,0.3095,12.585
Hyderabad,17.385,78.4867,warm_humid,3.0,3.0,2.6,45.0,rammed_earth,0.45,concrete,0.1,mineral_wool,0.025,west,1.8,1.2,0.55,2.6,34.875,37.615,0.0893,17.099
Hyderabad,17.385,78.4867,warm_humid,3.0,3.0,2.6,135.0,rammed_earth,0.15,brick,0.23,eps,0.05,west,1.2,0.9,0.45,2.6,34.503,36.948,0.0774,17.118
Hyderabad,17.385,78.4867,warm_humid,3.0,3.0,2.6,180.0,rammed_earth,0.3,gi_sheet,0.002,eps,0.1,north,0.6,1.5,0.55,5.8,32.997,34.699,0.2143,17.109
Hyderabad,17.385,78.4867,warm_humid,3.0,3.0,2.6,45.0,brick,0.23,gi_sheet,0.002,eps,0.05,west,1.5,1.5,0.55,3.5,34.969,37.754,0.0774,17.116
Hyderabad,17.385,78.4867,warm_humid,3.0,3.0,2.6,0.0,puf_sandwich_panel,0.1,concrete,0.1,eps,0.025,south,1.8,0.9,0.75,5.8,35.468,40.683,0.1726,17.204
Hyderabad,17.385,78.4867,warm_humid,3.0,3.0,2.6,0.0,rammed_earth,0.45,brick,0.115,mineral_wool,0.05,north,1.2,1.2,0.55,2.6,33.455,35.483,0.2143,17.099
Hyderabad,17.385,78.4867,warm_humid,3.0,3.0,2.6,135.0,gi_sheet,0.002,gi_sheet,0.002,eps,0.025,north,1.5,1.5,0.45,5.8,37.228,46.474,0.2679,16.489
Hyderabad,17.385,78.4867,warm_humid,3.0,3.0,2.6,135.0,brick,0.345,rcc_slab,0.1,none,0.0,east,0.9,1.5,0.85,5.8,39.005,43.844,0.0655,17.103
Hyderabad,17.385,78.4867,warm_humid,3.0,3.0,2.6,180.0,plywood,0.05,gi_sheet,0.002,eps,0.1,south,1.5,1.5,0.35,5.8,34.038,38.646,0.3036,17.25
Hyderabad,17.385,78.4867,warm_humid,3.0,3.0,2.6,0.0,gi_sheet,0.002,concrete,0.1,eps,0.05,west,1.5,1.2,0.45,3.5,35.641,41.665,0.1905,17.194
Hyderabad,17.385,78.4867,warm_humid,3.0,3.0,2.6,90.0,puf_sandwich_panel,0.075,puf_sandwich_panel,0.15,eps,0.025,east,0.6,0.6,0.75,5.8,32.379,35.793,0.4583,17.313
Hyderabad,17.385,78.4867,warm_humid,3.0,3.0,2.6,0.0,brick,0.115,brick,0.115,eps,0.1,east,1.8,1.2,0.35,5.8,34.632,37.296,0.0714,17.131
Hyderabad,17.385,78.4867,warm_humid,3.0,3.0,2.6,135.0,concrete,0.15,gi_sheet,0.002,eps,0.025,west,1.8,1.2,0.35,5.8,36.328,40.034,0.0655,17.124
Hyderabad,17.385,78.4867,warm_humid,3.0,3.0,2.6,45.0,plywood,0.012,rcc_slab,0.2,eps,0.025,north,1.5,1.2,0.85,5.8,37.422,43.341,0.0595,17.163
Hyderabad,17.385,78.4867,warm_humid,3.0,3.0,2.6,0.0,concrete,0.1,concrete,0.1,eps,0.05,west,0.9,1.5,0.45,2.6,35.101,38.312,0.0714,17.129
Hyderabad,17.385,78.4867,warm_humid,3.0,3.0,2.6,0.0,rammed_earth,0.3,puf_sandwich_panel,0.075,eps,0.05,east,1.8,1.2,0.55,2.6,34.684,37.148,0.0833,17.11
Hyderabad,17.385,78.4867,warm_humid,3.0,3.0,2.6,0.0,plywood,0.05,gi_sheet,0.002,mineral_wool,0.025,south,1.8,0.9,0.85,2.6,36.645,44.881,0.256,17.25
Hyderabad,17.385,78.4867,warm_humid,3.0,3.0,2.6,45.0,gi_sheet,0.002,rcc_slab,0.25,none,0.0,south,0.9,0.6,0.85,5.8,39.587,51.23,0.1905,14.058
Hyderabad,17.385,78.4867,warm_humid,3.0,3.0,2.6,135.0,brick,0.115,gi_sheet,0.002,eps,0.05,north,1.5,1.5,0.75,2.6,36.813,40.935,0.0595,17.142
Hyderabad,17.385,78.4867,warm_humid,3.0,3.0,2.6,45.0,brick,0.115,brick,0.23,eps,0.025,south,0.6,1.2,0.55,3.5,35.803,39.176,0.0714,17.122
Hyderabad,17.385,78.4867,warm_humid,3.0,3.0,2.6,90.0,rammed_earth,0.15,puf_sandwich_panel,0.1,mineral_wool,0.05,south,0.6,0.6,0.85,3.5,33.543,35.777,0.119,17.131
Hyderabad,17.385,78.4867,warm_humid,3.0,3.0,2.6,90.0,puf_sandwich_panel,0.15,puf_sandwich_panel,0.075,none,0.0,west,1.8,1.2,0.35,2.6,33.181,37.57,0.3869,17.309
Hyderabad,17.385,78.4867,warm_humid,3.0,3.0,2.6,90.0,plywood,0.05,rcc_slab,0.1,mineral_wool,0.1,south,1.8,1.5,0.75,2.6,35.804,41.534,0.0893,17.183
Hyderabad,17.385,78.4867,warm_humid,3.0,3.0,2.6,0.0,gi_sheet,0.002,rcc_slab,0.25,eps,0.05,west,0.9,1.2,0.45,5.8,35.064,38.908,0.0714,17.149
Hyderabad,17.385,78.4867,warm_humid,3.0,3.0,2.6,90.0,gi_sheet,0.002,concrete,0.15,eps,0.025,south,0.6,1.2,0.35,3.5,36.076,41.695,0.1369,17.174
Hyderabad,17.385,78.4867,warm_humid,3.0,3.0,2.6,90.0,gi_sheet,0.002,concrete,0.1,mineral_wool,0.05,north,1.8,1.2,0.45,3.5,36.082,41.501,0.1548,17.192
Hyderabad,17.385,78.4867,warm_humid,3.0,3.0,2.6,90.0,puf_sandwich_panel,0.15,gi_sheet,0.002,none,0.0,west,1.5,1.2,0.75,2.6,39.648,55.287,0.2738,16.142
Hyderabad,17.385,78.4867,warm_humid,3.0,3.0,2.6,45.0,gi_sheet,0.002,concrete,0.15,mineral_wool,0.025,east,0.6,1.5,0.75,3.5,36.781,42.821,0.119,17.173
Hyderabad,17.385,78.4867,warm_humid,3.0,3.0,2.6,90.0,rammed_earth,0.3,brick,0.115,mineral_wool,0.05,east,1.2,1.5,0.45,2.6,34.16,36.392,0.1131,17.107
Hyderabad,17.385,78.4867,warm_humid,3.0,3.0,2.6,0.0,rammed_earth,0.3,rcc_slab,0.15,none,0.0,north,1.8,0.9,0.45,3.5,38.188,42.613,0.0655,17.105
Hyderabad,17.385,78.4867,warm_humid,3.0,3.0,2.6,90.0,concrete,0.1,gi_sheet,0.002,eps,0.025,west,1.5,1.2,0.75,3.5,36.541,41.16,0.0595,17.139
Hyderabad,17.385,78.4867,warm_humid,3.0,3.0,2.6,90.0,plywood,0.05,concrete,0.1,eps,0.025,east,0.9,1.2,0.85,5.8,36.21,41.962,0.131,17.186
Hyderabad,17.385,78.4867,warm_humid,3.0,3.0,2.6,45.0,brick,0.345,brick,0.115,eps,0.05,west,1.5,1.5,0.65,3.5,34.655,37.258,0.0893,17.103
Hyderabad,17.385,78.4867,warm_humid,3.0,3.0,2.6,0.0,plywood,0.012,brick,0.23,eps,0.1,south,0.9,0.6,0.45,5.8,33.616,36.49,0.1786,17.164
Hyderabad,17.385,78.4867,warm_humid,3.0,3.0,2.6,135.0,puf_sandwich_panel,0.05,brick,0.115,none,0.0,east,0.6,1.2,0.75,2.6,38.12,47.505,0.1488,17.208
Hyderabad,17.385,78.4867,warm_humid,3.0,3.0,2.6,0.0,brick,0.345,concrete,0.2,eps,0.025,west,0.9,0.9,0.45,5.8,34.514,37.057,0.1131,17.1
Hyderabad,17.385,78.4867,warm_humid,3.0,3.0,2.6,135.0,gi_sheet,0.002,rcc_slab,0.2,eps,0.05,west,1.2,0.9,0.65,5.8,35.616,39.644,0.0714,17.159
Hyderabad,17.385,78.4867,warm_humid,3.0,3.0,2.6,45.0,brick,0.115,rcc_slab,0.25,mineral_wool,0.025,east,1.8,1.2,0.55,5.8,36.769,40.484,0.0655,17.119
Hyderabad,17.385,78.4867,warm_humid,3.0,3.0,2.6,135.0,gi_sheet,0.002,puf_sandwich_panel,0.1,none,0.0,west,0.6,1.5,0.35,5.8,38.408,50.868,0.3036,12.583
Hyderabad,17.385,78.4867,warm_humid,3.0,3.0,2.6,0.0,brick,0.23,gi_sheet,0.002,none,0.0,east,1.5,1.5,0.35,3.5,39.617,45.973,0.0595,17.116
Hyderabad,17.385,78.4867,warm_humid,3.0,3.0,2.6,0.0,brick,0.345,puf_sandwich_panel,0.05,mineral_wool,0.1,west,0.6,0.9,0.35,3.5,32.231,33.666,0.3393,17.104
Hyderabad,17.385,78.4867,warm_humid,3.0,3.0,2.6,45.0,plywood,0.012,rcc_slab,0.2,eps,0.1,west,0.6,0.9,0.45,2.6,33.568,36.373,0.1726,17.162
Hyderabad,17.385,78.4867,warm_humid,3.0,3.0,2.6,45.0,rammed_earth,0.3,rcc_slab,0.25,eps,0.1,east,1.8,1.2,0.65,3.5,34.372,36.801,0.119,17.103
Hyderabad,17.385,78.4867,warm_humid,3.0,3.0,2.6,180.0,plywood,0.03,rcc_slab,0.15,mineral_wool,0.1,west,1.2,0.6,0.45,5.8,33.852,36.65,0.1488,17.17
Hyderabad,17.385,78.4867,warm_humid,3.0,3.0,2.6,180.0,puf_sandwich_panel,0.1,brick,0.23,eps,0.05,east,1.8,1.2,0.75,5.8,35.189,39.523,0.0655,17.166
Hyderabad,17.385,78.4867,warm_humid,3.0,3.0,2.6,45.0,rammed_earth,0.15,brick,0.115,mineral_wool,0.05,east,0.6,1.2,0.75,2.6,34.771,37.424,0.0714,17.123
Hyderabad,17.385,78.4867,warm_humid,3.0,3.0,2.6,180.0,brick,0.23,concrete,0.2,mineral_wool,0.025,west,1.8,0.9,0.65,3.5,36.194,39.409,0.0714,17.108
Hyderabad,17.385,78.4867,warm_humid,3.0,3.0,2.6,45.0,puf_sandwich_panel,0.15,gi_sheet,0.002,none,0.0,south,0.6,0.6,0.55,5.8,39.223,54.402,0.2679,16.682
Hyderabad,17.385,78.4867,warm_humid,3.0,3.0,2.6,90.0,brick,0.345,concrete,0.15,mineral_wool,0.025,north,1.8,1.2,0.55,3.5,35.787,38.898,0.0774,17.102
Hyderabad,17.385,78.4867,warm_humid,3.0,3.0,2.6,90.0,puf_sandwich_panel,0.15,concrete,0.1,eps,0.025,north,0.6,0.9,0.65,5.8,34.486,38.469,0.2083,17.202
Hyderabad,17.385,78.4867,warm_humid,3.0,3.0,2.6,0.0,puf_sandwich_panel,0.075,rcc_slab,0.1,mineral_wool,0.05,south,1.5,1.5,0.85,5.8,35.581,40.821,0.1548,17.202
Hyderabad,17.385,78.4867,warm_humid,3.0,3.0,2.6,135.0,concrete,0.15,gi_sheet,0.002,mineral_wool,0.05,south,1.2,1.2,0.65,2.6,35.155,38.131,0.0714,17.123
Hyderabad,17.385,78.4867,warm_humid,3.0,3.0,2.6,0.0,rammed_earth,0.3,rcc_slab,0.15,mineral_wool,0.025,north,1.5,0.9,0.65,3.5,34.994,37.641,0.0833,17.105
Hyderabad,17.385,78.4867,warm_humid,3.0,3.0,2.6,180.0,puf_sandwich_panel,0.15,brick,0.115,eps,0.1,east,1.8,0.9,0.45,2.6,33.415,36.888,0.2857,17.203
Hyderabad,17.385,78.4867,warm_humid,3.0,3.0,2.6,90.0,gi_sheet,0.002,brick,0.23,mineral_wool,0.05,north,1.8,1.5,0.35,3.5,35.828,40.182,0.0774,17.161
Hyderabad,17.385,78.4867,warm_humid,3.0,3.0,2.6,90.0,puf_sandwich_panel,0.1,concrete,0.2,eps,0.025,south,0.6,1.5,0.55,2.6,34.374,37.747,0.1071,17.164
Hyderabad,17.385,78.4867,warm_humid,3.0,3.0,2.6,0.0,puf_sandwich_panel,0.075,brick,0.115,eps,0.1,west,1.2,0.9,0.75,5.8,33.631,37.335,0.2738,17.205
Hyderabad,17.385,78.4867,warm_humid,3.0,3.0,2.6,135.0,puf_sandwich_panel,0.1,gi_sheet,0.002,eps,0.05,west,0.6,0.6,0.85,5.8,33.383,37.667,0.3571,17.299
Hyderabad,17.385,78.4867,warm_humid,3.0,3.0,2.6,0.0,plywood,0.019,rcc_slab,0.15,mineral_wool,0.1,west,0.6,1.2,0.75,5.8,34.001,37.41,0.1548,17.173
Hyderabad,17.385,78.4867,warm_humid,3.0,3.0,2.6,180.0,puf_sandwich_panel,0.15,puf_sandwich_panel,0.1,mineral_wool,0.1,south,1.2,1.2,0.55,3.5,32.689,36.195,0.4167,17.286
Hyderabad,17.385,78.4867,warm_humid,3.0,3.0,2.6,135.0,puf_sandwich_panel,0.15,gi_sheet,0.002,mineral_wool,0.1,west,1.8,0.9,0.45,5.8,33.578,37.523,0.3214,17.278
Hyderabad,17.385,78.4867,warm_humid,3.0,3.0,2.6,180.0,concrete,0.2,gi_sheet,0.002,mineral_wool,0.1,east,0.6,0.6,0.75,2.6,33.288,35.162,0.1667,17.112
Hyderabad,17.385,78.4867,warm_humid,3.0,3.0,2.6,90.0,rammed_earth,0.45,brick,0.23,eps,0.05,south,1.8,1.5,0.75,2.6,34.764,37.65,0.1071,17.098
Hyderabad,17.385,78.4867,warm_humid,3.0,3.0,2.6,180.0,brick,0.23,gi_sheet,0.002,eps,0.025,west,0.9,1.2,0.75,3.5,36.111,39.336,0.0655,17.115
Hyderabad,17.385,78.4867,warm_humid,3.0,3.0,2.6,0.0,plywood,0.012,concrete,0.15,mineral_wool,0.025,west,0.9,0.9,0.75,3.5,36.432,42.552,0.119,17.178
Hyderabad,17.385,78.4867,warm_humid,3.0,3.0,2.6,90.0,rammed_earth,0.45,concrete,0.15,eps,0.05,east,1.8,1.2,0.75,5.8,34.303,36.692,0.131,17.099
Hyderabad,17.385,78.4867,warm_humid,3.0,3.0,2.6,90.0,plywood,0.019,concrete,0.2,mineral_wool,0.1,east,0.6,0.9,0.75,2.6,33.58,36.245,0.1667,17.159
Hyderabad,17.385,78.4867,warm_humid,3.0,3.0,2.6,0.0,puf_sandwich_panel,0.075,concrete,0.2,mineral_wool,0.05,east,1.5,1.5,0.35,2.6,34.591,37.719,0.0893,17.163
Hyderabad,17.385,78.4867,warm_humid,3.0,3.0,2.6,45.0,puf_sandwich_panel,0.075,gi_sheet,0.002,eps,0.05,west,1.2,0.6,0.65,3.5,33.623,38.725,0.3512,17.302
Hyderabad,17.385,78.4867,warm_humid,3.0,3.0,2.6,90.0,puf_sandwich_panel,0.05,brick,0.115,mineral_wool,0.1,west,1.2,1.5,0.85,5.8,34.187,38.026,0.2083,17.201
Hyderabad,17.385,78.4867,warm_humid,3.0,3.0,2.6,0.0,brick,0.115,brick,0.23,mineral_wool,0.025,north,1.5,1.5,0.55,3.5,36.152,39.814,0.0655,17.123
Hyderabad,17.385,78.4867,warm_humid,3.0,3.0,2.6,180.0,puf_sandwich_panel,0.1,rcc_slab,0.15,eps,0.05,east,1.8,0.9,0.45,5.8,34.029,37.578,0.1905,17.18
Hyderabad,17.385,78.4867,warm_humid,3.0,3.0,2.6,180.0,gi_sheet,0.002,concrete,0.15,none,0.0,north,1.5,0.9,0.65,2.6,39.783,53.354,0.244,13.016
Hyderabad,17.385,78.4867,warm_humid,3.0,3.0,2.6,90.0,concrete,0.1,puf_sandwich_panel,0.075,eps,0.05,east,1.8,0.9,0.35,5.8,34.357,37.3,0.0833,17.14
Hyderabad,17.385,78.4867,warm_humid,3.0,3.0,2.6,180.0,rammed_earth,0.3,rcc_slab,0.1,eps,0.025,west,0.9,0.9,0.45,3.5,34.987,37.651,0.0833,17.106
Hyderabad,17.385,78.4867,warm_humid,3.0,3.0,2.6,135.0,brick,0.115,rcc_slab,0.1,eps,0.05,east,1.5,0.6,0.85,2.6,35.282,38.442,0.0714,17.129
Hyderabad,17.385,78.4867,warm_humid,3.0,3.0,2.6,135.0,plywood,0.019,brick,0.115,eps,0.1,north,1.8,0.6,0.35,5.8,34.125,37.689,0.2202,17.199
Hyderabad,17.385,78.4867,warm_humid,3.0,3.0,2.6,180.0,puf_sandwich_panel,0.075,gi_sheet,0.002,none,0.0,south,0.9,0.9,0.35,3.5,39.167,54.505,0.2798,16.159
Hyderabad,17.385,78.4867,warm_humid,3.0,3.0,2.6,45.0,puf_sandwich_panel,0.075,gi_sheet,0.002,eps,0.1,south,0.6,0.6,0.85,5.8,32.682,36.458,0.4226,17.298
Hyderabad,17.385,78.4867,warm_humid,3.0,3.0,2.6,90.0,plywood,0.019,concrete,0.2,none,0.0,east,1.5,0.9,0.55,3.5,39.356,49.85,0.1488,15.959
Hyderabad,17.385,78.4867,warm_humid,3.0,3.0,2.6,135.0,concrete,0.2,concrete,0.1,mineral_wool,0.05,south,0.9,0.9,0.75,2.6,34.553,37.039,0.0833,17.109
Hyderabad,17.385,78.4867,warm_humid,3.0,3.0,2.6,0.0,rammed_earth,0.45,brick,0.23,mineral_wool,0.05,east,0.9,0.6,0.75,3.5,33.173,35.246,0.2202,17.097
Hyderabad,17.385,78.4867,warm_humid,3.0,3.0,2.6,45.0,puf_sandwich_panel,0.075,gi_sheet,0.002,eps,0.025,north,1.2,1.5,0.35,5.8,35.051,41.612,0.3036,17.304
Hyderabad,17.385,78.4867,warm_humid,3.0,3.0,2.6,180.0,concrete,0.15,rcc_slab,0.25,mineral_wool,0.025,east,0.6,1.5,0.55,3.5,35.767,38.856,0.0714,17.11
Hyderabad,17.385,78.4867,warm_humid,3.0,3.0,2.6,90.0,concrete,0.15,rcc_slab,0.25,mineral_wool,0.1,south,1.5,0.9,0.65,2.6,33.893,36.102,0.125,17.11
Hyderabad,17.385,78.4867,warm_humid,3.0,3.0,2.6,0.0,puf_sandwich_panel,0.1,gi_sheet,0.002,none,0.0,east,1.8,0.6,0.75,3.5,39.987,56.012,0.2738,16.223
Hyderabad,17.385,78.4867,warm_humid,3.0,3.0,2.6,0.0,rammed_earth,0.15,brick,0.115,none,0.0,east,1.5,1.2,0.65,5.8,39.362,46.06,0.0536,17.125
Hyderabad,17.385,78.4867,warm_humid,3.0,3.0,2.6,0.0,puf_sandwich_panel,0.075,puf_sandwich_panel,0.15,mineral_wool,0.1,west,1.8,0.9,0.45,5.8,33.132,37.831,0.381,17.292
Hyderabad,17.385,78.4867,warm_humid,3.0,3.0,2.6,135.0,brick,0.345,puf_sandwich_panel,0.15,mineral_wool,0.025,south,1.5,1.2,0.65,2.6,34.346,36.739,0.1012,17.105
Hyderabad,17.385,78.4867,warm_humid,3.0,3.0,2.6,135.0,rammed_earth,0.3,brick,0.115,mineral_wool,0.1,south,1.8,1.2,0.55,5.8,33.775,35.922,0.1369,17.107
Hyderabad,17.385,78.4867,warm_humid,3.0,3.0,2.6,45.0,rammed_earth,0.45,rcc_slab,0.1,none,0.0,north,1.5,0.9,0.35,3.5,37.939,42.128,0.0714,17.099
Hyderabad,17.385,78.4867,warm_humid,3.0,3.0,2.6,180.0,gi_sheet,0.002,puf_sandwich_panel,0.05,none,0.0,east,0.6,1.2,0.65,3.5,38.342,51.106,0.3095,12.553
Hyderabad,17.385,78.4867,warm_humid,3.0,3.0,2.6,90.0,plywood,0.012,rcc_slab,0.25,eps,0.025,west,1.2,1.2,0.35,3.5,35.873,40.407,0.0655,17.152
Hyderabad,17.385,78.4867,warm_humid,3.0,3.0,2.6,0.0,puf_sandwich_panel,0.075,rcc_slab,0.1,eps,0.025,east,0.6,0.9,0.55,5.8,34.613,38.832,0.2024,17.205
Hyderabad,17.385,78.4867,warm_humid,3.0,3.0,2.6,45.0,plywood,0.03,brick,0.115,mineral_wool,0.05,north,1.5,1.5,0.85,5.8,36.952,42.968,0.1071,17.194
Hyderabad,17.385,78.4867,warm_humid,3.0,3.0,2.6,180.0,puf_sandwich_panel,0.15,concrete,0.15,none,0.0,west,0.9,0.6,0.85,2.6,38.585,46.707,0.0536,17.179
Hyderabad,17.385,78.4867,warm_humid,3.0,3.0,2.6,135.0,concrete,0.3,rcc_slab,0.25,eps,0.05,south,1.2,0.9,0.65,5.8,33.96,36.295,0.1667,17.099
Hyderabad,17.385,78.4867,warm_humid,3.0,3.0,2.6,45.0,gi_sheet,0.002,rcc_slab,0.2,mineral_wool,0.05,west,0.6,0.9,0.55,5.8,34.856,38.692,0.0893,17.158
Hyderabad,17.385,78.4867,warm_humid,3.0,3.0,2.6,135.0,puf_sandwich_panel,0.1,brick,0.115,none,0.0,south,0.9,1.2,0.65,5.8,37.989,46.966,0.1369,17.207
Hyderabad,17.385,78.4867,warm_humid,3.0,3.0,2.6,45.0,gi_sheet,0.002,puf_sandwich_panel,0.075,eps,0.025,west,0.6,1.2,0.65,5.8,35.529,43.363,0.2976,17.281
Hyderabad,17.385,78.4867,warm_humid,3.0,3.0,2.6,0.0,rammed_earth,0.45,gi_sheet,0.002,mineral_wool,0.025,north,1.8,1.5,0.85,2.6,35.422,38.246,0.0833,17.101
Hyderabad,17.385,78.4867,warm_humid,3.0,3.0,2.6,90.0,brick,0.345,rcc_slab,0.1,none,0.0,south,1.8,0.9,0.35,5.8,38.507,43.06,0.0655,17.103
Hyderabad,17.385,78.4867,warm_humid,3.0,3.0,2.6,180.0,brick,0.115,gi_sheet,0.002,eps,0.1,south,0.6,1.5,0.35,2.6,33.656,35.967,0.1071,17.14
Hyderabad,17.385,78.4867,warm_humid,3.0,3.0,2.6,135.0,plywood,0.05,puf_sandwich_panel,0.05,mineral_wool,0.025,south,1.8,0.9,0.35,5.8,34.887,40.99,0.2857,17.257
Hyderabad,17.385,78.4867,warm_humid,3.0,3.0,2.6,135.0,puf_sandwich_panel,0.15,concrete,0.1,mineral_wool,0.05,west,1.8,0.9,0.75,3.5,34.986,39.067,0.1488,17.199
Hyderabad,17.385,78.4867,warm_humid,3.0,3.0,2.6,180.0,plywood,0.019,rcc_slab,0.1,eps,0.025,south,1.8,1.5,0.75,5.8,37.169,44.579,0.1667,17.199
Hyderabad,17.385,78.4867,warm_humid,3.0,3.0,2.6,180.0,puf_sandwich_panel,0.1,brick,0.23,mineral_wool,0.1,south,0.9,1.2,0.55,2.6,32.8,34.968,0.2798,17.163
Hyderabad,17.385,78.4867,warm_humid,3.0,3.0,2.6,0.0,rammed_earth,0.45,rcc_slab,0.25,eps,0.05,east,0.6,0.6,0.35,2.6,32.745,34.584,0.2619,17.097
Hyderabad,17.385,78.4867,warm_humid,3.0,3.0,2.6,135.0,concrete,0.3,rcc_slab,0.1,eps,0.1,west,1.8,1.2,0.55,3.5,34.138,36.509,0.1369,17.102
Hyderabad,17.385,78.4867,warm_humid,3.0,3.0,2.6,90.0,rammed_earth,0.45,concrete,0.15,eps,0.05,north,0.9,1.5,0.75,3.5,34.172,36.742,0.1726,17.098
Hyderabad,17.385,78.4867,warm_humid,3.0,3.0,2.6,0.0,gi_sheet,0.002,puf_sandwich_panel,0.15,mineral_wool,0.05,north,1.5,1.2,0.75,2.6,35.217,42.132,0.2976,17.273
Hyderabad,17.385,78.4867,warm_humid,3.0,3.0,2.6,135.0,plywood,0.05,concrete,0.15,eps,0.1,south,1.2,0.9,0.45,5.8,33.628,36.508,0.1786,17.167
Hyderabad,17.385,78.4867,warm_humid,3.0,3.0,2.6,180.0,plywood,0.019,gi_sheet,0.002,none,0.0,west,1.2,0.9,0.45,3.5,40.082,56.562,0.2917,13.201
Hyderabad,17.385,78.4867,warm_humid,3.0,3.0,2.6,135.0,gi_sheet,0.002,brick,0.23,mineral_wool,0.05,west,0.6,0.9,0.55,5.8,35.072,38.79,0.0833,17.16
Hyderabad,17.385,78.4867,warm_humid,3.0,3.0,2.6,180.0,plywood,0.012,puf_sandwich_panel,0.15,mineral_wool,0.1,south,0.9,1.2,0.55,5.8,33.871,38.466,0.3214,17.282
Hyderabad,17.385,78.4867,warm_humid,3.0,3.0,2.6,0.0,rammed_earth,0.45,rcc_slab,0.1,eps,0.05,north,1.2,0.9,0.55,2.6,33.268,35.229,0.2143,17.099
Hyderabad,17.385,78.4867,warm_humid,3.0,3.0,2.6,90.0,concrete,0.3,rcc_slab,0.1,eps,0.05,north,1.8,1.5,0.35,3.5,34.793,37.348,0.0833,17.103
Hyderabad,17.385,78.4867,warm_humid,3.0,3.0,2.6,180.0,puf_sandwich_panel,0.05,gi_sheet,0.002,none,0.0,west,1.2,0.6,0.75,3.5,39.717,55.708,0.2738,15.927
Hyderabad,17.385,78.4867,warm_humid,3.0,3.0,2.6,180.0,plywood,0.03,rcc_slab,0.15,eps,0.025,west,0.9,0.6,0.75,5.8,36.17,41.206,0.0952,17.173
Hyderabad,17.385,78.4867,warm_humid,3.0,3.0,2.6,90.0,rammed_earth,0.15,concrete,0.2,eps,0.1,east,0.6,1.5,0.75,5.8,33.501,35.483,0.131,17.117
Hyderabad,17.385,78.4867,warm_humid,3.0,3.0,2.6,90.0,brick,0.115,concrete,0.1,eps,0.05,north,0.6,1.2,0.35,5.8,34.618,37.343,0.0714,17.129
Hyderabad,17.385,78.4867,warm_humid,3.0,3.0,2.6,45.0,plywood,0.05,puf_sandwich_panel,0.05,eps,0.05,south,0.6,0.9,0.35,3.5,33.725,38.197,0.3333,17.256
Hyderabad,17.385,78.4867,warm_humid,3.0,3.0,2.6,180.0,gi_sheet,0.002,puf_sandwich_panel,0.15,eps,0.025,west,0.6,0.9,0.55,3.5,35.568,42.269,0.2798,17.278
Hyderabad,17.385,78.4867,warm_humid,3.0,3.0,2.6,45.0,plywood,0.012,gi_sheet,0.002,eps,0.025,south,1.2,0.9,0.75,5.8,36.764,46.93,0.2798,17.231
Hyderabad,17.385,78.4867,warm_humid,3.0,3.0,2.6,45.0,concrete,0.1,rcc_slab,0.2,none,0.0,north,0.6,1.2,0.45,2.6,39.707,47.445,0.0536,17.12
Hyderabad,17.385,78.4867,warm_humid,3.0,3.0,2.6,45.0,rammed_earth,0.15,rcc_slab,0.25,mineral_wool,0.1,west,0.6,1.5,0.35,3.5,33.084,34.878,0.1786,17.114
Hyderabad,17.385,78.4867,warm_humid,3.0,3.0,2.6,45.0,brick,0.345,concrete,0.1,mineral_wool,0.1,west,0.9,0.6,0.85,3.5,32.678,34.374,0.2619,17.102
Hyderabad,17.385,78.4867,warm_humid,3.0,3.0,2.6,135.0,concrete,0.15,gi_sheet,0.002,none,0.0,north,0.9,0.9,0.35,3.5,40.042,48.561,0.0536,17.122
Hyderabad,17.385,78.4867,warm_humid,3.0,3.0,2.6,180.0,rammed_earth,0.3,brick,0.23,mineral_wool,0.025,west,1.5,0.6,0.35,5.8,34.595,37.084,0.0893,17.104
Hyderabad,17.385,78.4867,warm_humid,3.0,3.0,2.6,0.0,concrete,0.1,concrete,0.1,eps,0.1,west,1.5,0.6,0.65,5.8,34.074,36.615,0.1012,17.128
Hyderabad,17.385,78.4867,warm_humid,3.0,3.0,2.6,45.0,rammed_earth,0.45,gi_sheet,0.002,mineral_wool,0.1,south,1.2,0.6,0.35,5.8,32.237,33.724,0.369,17.1
Hyderabad,17.385,78.4867,warm_humid,3.0,3.0,2.6,45.0,brick,0.115,brick,0.115,eps,0.05,north,1.5,1.5,0.55,5.8,35.913,39.34,0.0655,17.131
Hyderabad,17.385,78.4867,warm_humid,3.0,3.0,2.6,90.0,concrete,0.2,brick,0.115,eps,0.05,west,1.8,0.9,0.85,2.6,34.917,37.51,0.0774,17.11
Hyderabad,17.385,78.4867,warm_humid,3.0,3.0,2.6,45.0,puf_sandwich_panel,0.075,concrete,0.1,mineral_wool,0.05,south,1.2,1.5,0.35,3.5,34.071,38.085,0.244,17.202
Hyderabad,17.385,78.4867,warm_humid,3.0,3.0,2.6,0.0,concrete,0.2,rcc_slab,0.15,mineral_wool,0.1,west,0.6,0.6,0.55,3.5,32.977,34.752,0.2202,17.107
Hyderabad,17.385,78.4867,warm_humid,3.0,3.0,2.6,180.0,concrete,0.15,concrete,0.2,eps,0.1,east,1.2,0.9,0.55,3.5,33.874,36.053,0.119,17.112
Hyderabad,17.385,78.4867,warm_humid,3.0,3.0,2.6,0.0,plywood,0.05,brick,0.23,mineral_wool,0.1,east,1.5,1.2,0.55,5.8,34.893,38.034,0.0774,17.155
Hyderabad,17.385,78.4867,warm_humid,3.0,3.0,2.6,90.0,puf_sandwich_panel,0.075,gi_sheet,0.002,none,0.0,south,0.9,0.6,0.35,2.6,39.207,54.622,0.2798,16.254
Hyderabad,17.385,78.4867,warm_humid,3.0,3.0,2.6,90.0,gi_sheet,0.002,concrete,0.1,mineral_wool,0.05,south,1.8,0.9,0.75,2.6,35.962,42.146,0.1667,17.192
Hyderabad,17.385,78.4867,warm_humid,3.0,3.0,2.6,90.0,gi_sheet,0.002,concrete,0.1,eps,0.025,south,0.6,0.6,0.45,2.6,36.115,42.457,0.1964,17.194
Hyderabad,17.385,78.4867,warm_humid,3.0,3.0,2.6,0.0,brick,0.115,rcc_slab,0.25,eps,0.05,north,0.6,1.5,0.85,2.6,34.71,37.342,0.0774,17.118
Hyderabad,17.385,78.4867,warm_humid,3.0,3.0,2.6,0.0,plywood,0.05,gi_sheet,0.002,eps,0.05,west,1.2,0.9,0.75,2.6,35.147,41.783,0.2679,17.25
Hyderabad,17.385,78.4867,warm_humid,3.0,3.0,2.6,90.0,gi_sheet,0.002,puf_sandwich_panel,0.05,mineral_wool,0.05,south,0.6,1.5,0.65,5.8,34.795,41.314,0.3036,17.274
Hyderabad,17.385,78.4867,warm_humid,3.0,3.0,2.6,0.0,concrete,0.1,concrete,0.1,eps,0.025,east,1.8,0.6,0.45,3.5,36.39,40.333,0.0655,17.128
Hyderabad,17.385,78.4867,warm_humid,3.0,3.0,2.6,90.0,gi_sheet,0.002,puf_sandwich_panel,0.1,mineral_wool,0.025,west,1.8,0.9,0.55,3.5,35.531,42.93,0.2917,17.245
Hyderabad,17.385,78.4867,warm_humid,3.0,3.0,2.6,180.0,gi_sheet,0.002,puf_sandwich_panel,0.15,eps,0.1,west,1.5,1.5,0.75,5.8,36.738,44.103,0.2321,17.276
Hyderabad,17.385,78.4867,warm_humid,3.0,3.0,2.6,180.0,brick,0.115,puf_sandwich_panel,0.1,eps,0.025,south,1.5,0.6,0.85,5.8,35.268,38.728,0.0655,17.141
Hyderabad,17.385,78.4867,warm_humid,3.0,3.0,2.6,135.0,concrete,0.2,gi_sheet,0.002,mineral_wool,0.025,south,1.8,0.6,0.85,3.5,36.049,39.352,0.0714,17.113
Hyderabad,17.385,78.4867,warm_humid,3.0,3.0,2.6,90.0,gi_sheet,0.002,brick,0.23,mineral_wool,0.1,north,0.9,0.9,0.45,3.5,34.071,37.002,0.131,17.159
Hyderabad,17.385,78.4867,warm_humid,3.0,3.0,2.6,0.0,plywood,0.012,puf_sandwich_panel,0.15,eps,0.025,south,1.5,1.2,0.45,3.5,35.51,43.291,0.3095,17.302
Hyderabad,17.385,78.4867,warm_humid,3.0,3.0,2.6,45.0,concrete,0.1,concrete,0.1,mineral_wool,0.025,north,1.5,0.6,0.35,3.5,36.154,39.965,0.0655,17.128
Hyderabad,17.385,78.4867,warm_humid,3.0,3.0,2.6,135.0,plywood,0.03,concrete,0.2,eps,0.1,east,1.2,1.5,0.55,5.8,34.536,37.995,0.0833,17.159
Hyderabad,17.385,78.4867,warm_humid,3.0,3.0,2.6,135.0,concrete,0.3,concrete,0.15,eps,0.05,east,1.2,1.5,0.75,3.5,34.839,37.563,0.0893,17.101
Hyderabad,17.385,78.4867,warm_humid,3.0,3.0,2.6,135.0,concrete,0.1,brick,0.115,mineral_wool,0.025,east,0.6,1.2,0.65,5.8,36.333,40.235,0.0655,17.128
Hyderabad,17.385,78.4867,warm_humid,3.0,3.0,2.6,180.0,brick,0.23,rcc_slab,0.2,mineral_wool,0.1,north,1.5,0.9,0.35,5.8,33.231,35.045,0.2083,17.107
Hyderabad,17.385,78.4867,warm_humid,3.0,3.0,2.6,90.0,rammed_earth,0.45,rcc_slab,0.2,eps,0.025,south,1.2,1.5,0.45,5.8,34.437,37.029,0.125,17.098
Hyderabad,17.385,78.4867,warm_humid,3.0,3.0,2.6,135.0,plywood,0.019,concrete,0.15,eps,0.05,east,0.6,0.9,0.75,5.8,34.953,39.077,0.131,17.176
Hyderabad,17.385,78.4867,warm_humid,3.0,3.0,2.6,135.0,brick,0.345,concrete,0.1,none,0.0,east,1.2,1.2,0.65,3.5,38.858,43.615,0.0655,17.103
Hyderabad,17.385,78.4867,warm_humid,3.0,3.0,2.6,0.0,concrete,0.2,concrete,0.2,eps,0.1,east,0.6,1.5,0.85,2.6,34.001,36.266,0.131,17.107
Hyderabad,17.385,78.4867,warm_humid,3.0,3.0,2.6,90.0,puf_sandwich_panel,0.1,concrete,0.15,eps,0.05,south,0.6,0.6,0.55,5.8,33.066,35.69,0.2798,17.18
Hyderabad,17.385,78.4867,warm_humid,3.0,3.0,2.6,0.0,plywood,0.019,puf_sandwich_panel,0.05,mineral_wool,0.05,north,1.8,0.6,0.45,3.5,34.335,40.104,0.3155,17.286
Hyderabad,17.385,78.4867,warm_humid,3.0,3.0,2.6,45.0,brick,0.115,puf_sandwich_panel,0.1,none,0.0,east,1.8,1.2,0.75,5.8,38.639,45.592,0.0536,17.143
Hyderabad,17.385,78.4867,warm_humid,3.0,3.0,2.6,90.0,puf_sandwich_panel,0.075,concrete,0.2,mineral_wool,0.1,west,1.8,1.5,0.75,5.8,34.491,37.806,0.0893,17.162
Hyderabad,17.385,78.4867,warm_humid,3.0,3.0,2.6,90.0,gi_sheet,0.002,puf_sandwich_panel,0.05,none,0.0,east,1.2,0.6,0.45,3.5,38.265,50.74,0.3095,12.552
Hyderabad,17.385,78.4867,warm_humid,3.0,3.0,2.6,135.0,plywood,0.03,concrete,0.15,eps,0.05,north,1.2,1.5,0.65,5.8,36.096,40.684,0.0774,17.173
Hyderabad,17.385,78.4867,warm_humid,3.0,3.0,2.6,0.0,rammed_earth,0.3,puf_sandwich_panel,0.1,mineral_wool,0.05,north,0.6,0.6,0.75,5.8,32.813,34.442,0.2202,17.109
Hyderabad,17.385,78.4867,warm_humid,3.0,3.0,2.6,0.0,concrete,0.2,brick,0.23,mineral_wool,0.05,east,1.8,0.6,0.85,2.6,35.093,37.829,0.0774,17.107
Hyderabad,17.385,78.4867,warm_humid,3.0,3.0,2.6,90.0,concrete,0.2,brick,0.115,mineral_wool,0.025,west,0.6,1.2,0.85,3.5,35.541,38.465,0.0774,17.11
Hyderabad,17.385,78.4867,warm_humid,3.0,3.0,2.6,180.0,gi_sheet,0.002,puf_sandwich_panel,0.15,eps,0.025,south,0.6,0.9,0.35,2.6,35.273,41.879,0.2917,17.278
Hyderabad,17.385,78.4867,warm_humid,3.0,3.0,2.6,180.0,rammed_earth,0.3,rcc_slab,0.1,eps,0.1,south,1.2,0.6,0.65,5.8,32.81,34.453,0.2262,17.106
Hyderabad,17.385,78.4867,warm_humid,3.0,3.0,2.6,0.0,plywood,0.012,gi_sheet,0.002,eps,0.025,west,1.5,1.5,0.35,2.6,36.578,46.772,0.2976,16.785
Hyderabad,17.385,78.4867,warm_humid,3.0,3.0,2.6,90.0,rammed_earth,0.15,brick,0.23,eps,0.05,north,1.8,1.5,0.45,2.6,35.617,38.589,0.0655,17.119
Hyderabad,17.385,78.4867,warm_humid,3.0,3.0,2.6,90.0,plywood,0.012,puf_sandwich_panel,0.075,eps,0.1,east,1.2,0.9,0.75,3.5,34.104,39.563,0.3393,17.298
Hyderabad,17.385,78.4867,warm_humid,3.0,3.0,2.6,0.0,concrete,0.3,concrete,0.1,mineral_wool,0.1,west,1.2,0.9,0.75,2.6,33.382,35.46,0.2143,17.101
Hyderabad,17.385,78.4867,warm_humid,3.0,3.0,2.6,135.0,plywood,0.019,puf_sandwich_panel,0.1,eps,0.05,south,1.8,1.5,0.55,2.6,35.47,43.389,0.2976,17.293
Hyderabad,17.385,78.4867,warm_humid,3.0,3.0,2.6,180.0,rammed_earth,0.45,gi_sheet,0.002,eps,0.1,south,1.2,1.5,0.55,3.5,32.954,34.698,0.2202,17.101
Hyderabad,17.385,78.4867,warm_humid,3.0,3.0,2.6,180.0,plywood,0.012,brick,0.115,eps,0.1,east,1.2,1.2,0.45,2.6,34.568,38.986,0.2083,17.202
Hyderabad,17.385,78.4867,warm_humid,3.0,3.0,2.6,0.0,rammed_earth,0.15,gi_sheet,0.002,mineral_wool,0.025,north,0.6,0.6,0.45,5.8,35.33,38.703,0.0714,17.131
Hyderabad,17.385,78.4867,warm_humid,3.0,3.0,2.6,45.0,plywood,0.05,brick,0.115,eps,0.05,west,1.2,0.6,0.85,5.8,34.798,39.119,0.1667,17.188
Hyderabad,17.385,78.4867,warm_humid,3.0,3.0,2.6,45.0,concrete,0.2,gi_sheet,0.002,eps,0.025,east,1.2,1.2,0.35,2.6,35.825,38.98,0.0714,17.114
Hyderabad,17.385,78.4867,warm_humid,3.0,3.0,2.6,90.0,brick,0.345,concrete,0.2,mineral_wool,0.1,north,0.9,0.9,0.35,5.8,32.584,34.232,0.2679,17.1
Hyderabad,17.385,78.4867,warm_humid,3.0,3.0,2.6,45.0,plywood,0.05,rcc_slab,0.2,mineral_wool,0.1,east,1.5,0.9,0.35,5.8,33.791,36.394,0.119,17.153
Hyderabad,17.385,78.4867,warm_humid,3.0,3.0,2.6,0.0,gi_sheet,0.002,rcc_slab,0.15,eps,0.05,south,1.5,0.6,0.45,3.5,35.077,39.556,0.1369,17.173
Hyderabad,17.385,78.4867,warm_humid,3.0,3.0,2.6,0.0,plywood,0.05,gi_sheet,0.002,eps,0.05,east,0.9,1.5,0.65,5.8,35.689,41.808,0.244,17.251
Hyderabad,17.385,78.4867,warm_humid,3.0,3.0,2.6,0.0,plywood,0.019,rcc_slab,0.25,eps,0.1,east,0.6,0.6,0.75,3.5,33.632,36.102,0.125,17.15
Hyderabad,17.385,78.4867,warm_humid,3.0,3.0,2.6,180.0,concrete,0.15,concrete,0.1,eps,0.025,south,1.2,0.6,0.35,2.6,35.774,38.964,0.0714,17.117
Hyderabad,17.385,78.4867,warm_humid,3.0,3.0,2.6,45.0,rammed_earth,0.45,puf_sandwich_panel,0.1,mineral_wool,0.025,west,1.2,0.6,0.55,5.8,33.069,34.912,0.2202,17.1
Hyderabad,17.385,78.4867,warm_humid,3.0,3.0,2.6,90.0,concrete,0.3,puf_sandwich_panel,0.1,mineral_wool,0.05,east,0.9,0.9,0.35,2.6,33.082,34.843,0.2143,17.103
Hyderabad,17.385,78.4867,warm_humid,3.0,3.0,2.6,45.0,concrete,0.3,rcc_slab,0.1,none,0.0,east,1.8,0.6,0.65,3.5,39.281,44.317,0.0595,17.102
Hyderabad,17.385,78.4867,warm_humid,3.0,3.0,2.6,90.0,gi_sheet,0.002,rcc_slab,0.15,eps,0.05,south,0.6,1.5,0.65,5.8,35.193,39.793,0.1369,17.173
Hyderabad,17.385,78.4867,warm_humid,3.0,3.0,2.6,90.0,plywood,0.05,rcc_slab,0.25,eps,0.05,south,1.2,0.6,0.35,3.5,34.124,36.985,0.0893,17.146
Hyderabad,17.385,78.4867,warm_humid,3.0,3.0,2.6,180.0,puf_sandwich_panel,0.1,puf_sandwich_panel,0.075,mineral_wool,0.1,east,1.5,0.9,0.55,3.5,33.133,37.808,0.381,17.291
Hyderabad,17.385,78.4867,warm_humid,3.0,3.0,2.6,90.0,puf_sandwich_panel,0.15,brick,0.23,mineral_wool,0.025,south,0.9,0.6,0.85,3.5,33.953,36.977,0.125,17.165
Hyderabad,17.385,78.4867,warm_humid,3.0,3.0,2.6,90.0,concrete,0.3,brick,0.23,mineral_wool,0.1,north,0.6,0.6,0.85,5.8,32.703,34.432,0.256,17.1
Hyderabad,17.385,78.4867,warm_humid,3.0,3.0,2.6,135.0,rammed_earth,0.45,rcc_slab,0.2,eps,0.05,south,0.9,0.6,0.55,2.6,32.95,34.883,0.2262,17.097
Hyderabad,17.385,78.4867,warm_humid,3.0,3.0,2.6,180.0,puf_sandwich_panel,0.05,puf_sandwich_panel,0.1,eps,0.1,south,0.6,0.6,0.75,5.8,32.178,35.288,0.4762,17.311
Hyderabad,17.385,78.4867,warm_humid,3.0,3.0,2.6,90.0,brick,0.115,concrete,0.2,eps,0.1,south,1.2,0.6,0.65,5.8,33.559,35.654,0.125,17.121
Hyderabad,17.385,78.4867,warm_humid,3.0,3.0,2.6,180.0,puf_sandwich_panel,0.075,rcc_slab,0.15,eps,0.1,south,0.6,0.6,0.75,3.5,32.428,34.536,0.375,17.179
Hyderabad,17.385,78.4867,warm_humid,3.0,3.0,2.6,90.0,brick,0.115,brick,0.23,mineral_wool,0.05,north,1.2,1.2,0.55,3.5,35.3,38.157,0.0714,17.122
Hyderabad,17.385,78.4867,warm_humid,3.0,3.0,2.6,90.0,gi_sheet,0.002,rcc_slab,0.1,eps,0.1,west,1.8,1.5,0.45,5.8,34.704,39.248,0.2083,17.193
Hyderabad,17.385,78.4867,warm_humid,3.0,3.0,2.6,45.0,rammed_earth,0.45,brick,0.115,none,0.0,north,0.9,1.2,0.55,5.8,37.284,41.161,0.0714,17.099
Hyderabad,17.385,78.4867,warm_humid,3.0,3.0,2.6,135.0,brick,0.115,puf_sandwich_panel,0.15,mineral_wool,0.05,north,1.8,1.2,0.55,3.5,35.521,38.845,0.0655,17.142
Hyderabad,17.385,78.4867,warm_humid,3.0,3.0,2.6,45.0,gi_sheet,0.002,puf_sandwich_panel,0.15,mineral_wool,0.1,west,1.5,1.2,0.35,2.6,34.083,39.577,0.3333,17.264
Hyderabad,17.385,78.4867,warm_humid,3.0,3.0,2.6,90.0,puf_sandwich_panel,0.1,concrete,0.1,mineral_wool,0.025,west,1.5,0.9,0.55,3.5,34.684,39.066,0.2083,17.203
Hyderabad,17.385,78.4867,warm_humid,3.0,3.0,2.6,45.0,rammed_earth,0.3,gi_sheet,0.002,eps,0.1,south,1.8,1.5,0.65,3.5,34.613,37.213,0.0833,17.11
Hyderabad,17.385,78.4867,warm_humid,3.0,3.0,2.6,0.0,concrete,0.2,brick,0.23,none,0.0,north,1.2,1.5,0.65,5.8,38.484,43.493,0.0595,17.107
Hyderabad,17.385,78.4867,warm_humid,3.0,3.0,2.6,0.0,concrete,0.3,puf_sandwich_panel,0.15,eps,0.05,west,0.9,1.2,0.75,3.5,33.701,35.85,0.1607,17.103
Hyderabad,17.385,78.4867,warm_humid,3.0,3.0,2.6,45.0,rammed_earth,0.45,brick,0.115,eps,0.1,south,0.6,0.6,0.65,2.6,32.16,33.668,0.3869,17.099
Hyderabad,17.385,78.4867,warm_humid,3.0,3.0,2.6,45.0,puf_sandwich_panel,0.15,concrete,0.2,eps,0.1,north,1.8,1.2,0.45,3.5,33.901,36.519,0.131,17.162
Hyderabad,17.385,78.4867,warm_humid,3.0,3.0,2.6,0.0,plywood,0.012,brick,0.115,eps,0.025,east,0.9,1.2,0.65,3.5,36.878,43.981,0.1667,17.204
Hyderabad,17.385,78.4867,warm_humid,3.0,3.0,2.6,90.0,gi_sheet,0.002,brick,0.23,none,0.0,north,0.9,1.5,0.65,2.6,39.276,50.731,0.2262,13.71
Hyderabad,17.385,78.4867,warm_humid,3.0,3.0,2.6,180.0,concrete,0.2,gi_sheet,0.002,eps,0.05,east,0.6,0.6,0.55,3.5,34.223,36.527,0.0952,17.113
Hyderabad,17.385,78.4867,warm_humid,3.0,3.0,2.6,90.0,gi_sheet,0.002,concrete,0.15,eps,0.1,south,1.8,1.2,0.85,3.5,35.804,41.154,0.0893,17.173
Hyderabad,17.385,78.4867,warm_humid,3.0,3.0,2.6,90.0,gi_sheet,0.002,puf_sandwich_panel,0.1,mineral_wool,0.025,north,1.5,0.6,0.55,3.5,35.611,42.577,0.2798,17.277
Hyderabad,17.385,78.4867,warm_humid,3.0,3.0,2.6,0.0,gi_sheet,0.002,brick,0.23,mineral_wool,0.1,east,0.9,1.2,0.45,3.5,34.467,37.727,0.1012,17.159
Hyderabad,17.385,78.4867,warm_humid,3.0,3.0,2.6,135.0,plywood,0.019,puf_sandwich_panel,0.15,eps,0.025,east,1.8,1.2,0.85,3.5,36.673,46.852,0.2738,17.292
Hyderabad,17.385,78.4867,warm_humid,3.0,3.0,2.6,90.0,gi_sheet,0.002,concrete,0.1,eps,0.025,west,1.2,0.6,0.55,5.8,36.212,42.646,0.1964,17.194
Hyderabad,17.385,78.4867,warm_humid,3.0,3.0,2.6,90.0,gi_sheet,0.002,brick,0.115,mineral_wool,0.05,east,0.9,1.2,0.65,5.8,35.329,40.46,0.1964,17.194
Hyderabad,17.385,78.4867,warm_humid,3.0,3.0,2.6,90.0,rammed_earth,0.3,concrete,0.15,mineral_wool,0.025,north,1.2,0.9,0.85,3.5,35.581,38.536,0.0774,17.105
Hyderabad,17.385,78.4867,warm_humid,3.0,3.0,2.6,135.0,plywood,0.05,concrete,0.15,mineral_wool,0.025,west,0.6,1.2,0.65,3.5,35.9,40.512,0.0774,17.168
Hyderabad,17.385,78.4867,warm_humid,3.0,3.0,2.6,135.0,plywood,0.05,gi_sheet,0.002,eps,0.05,east,1.2,0.9,0.55,5.8,34.921,40.936,0.2738,17.25
Hyderabad,17.385,78.4867,warm_humid,3.0,3.0,2.6,90.0,brick,0.345,concrete,0.15,eps,0.1,south,1.2,1.2,0.55,5.8,33.169,35.109,0.2202,17.102
Hyderabad,17.385,78.4867,warm_humid,3.0,3.0,2.6,90.0,brick,0.115,brick,0.115,mineral_wool,0.05,north,0.9,0.6,0.35,2.6,34.52,37.192,0.0714,17.129
Hyderabad,17.385,78.4867,warm_humid,3.0,3.0,2.6,90.0,concrete,0.1,puf_sandwich_panel,0.15,mineral_wool,0.05,east,0.6,0.6,0.85,3.5,33.916,36.459,0.1012,17.137
Hyderabad,17.385,78.4867,warm_humid,3.0,3.0,2.6,90.0,brick,0.345,concrete,0.1,mineral_wool,0.05,north,0.9,0.9,0.65,2.6,33.949,36.23,0.1548,17.102
Hyderabad,17.385,78.4867,warm_humid,3.0,3.0,2.6,0.0,concrete,0.3,puf_sandwich_panel,0.1,eps,0.025,east,1.5,0.6,0.65,3.5,34.478,36.88,0.1012,17.103
Hyderabad,17.385,78.4867,warm_humid,3.0,3.0,2.6,135.0,rammed_earth,0.3,gi_sheet,0.002,mineral_wool,0.025,north,1.5,0.9,0.55,5.8,35.446,38.312,0.0774,17.109
Hyderabad,17.385,78.4867,warm_humid,3.0,3.0,2.6,0.0,rammed_earth,0.45,rcc_slab,0.1,eps,0.05,north,1.5,0.9,0.65,5.8,33.5,35.551,0.2143,17.099
Hyderabad,17.385,78.4867,warm_humid,3.0,3.0,2.6,45.0,brick,0.345,gi_sheet,0.002,eps,0.025,west,1.2,1.5,0.55,5.8,35.241,38.083,0.0833,17.105
Hyderabad,17.385,78.4867,warm_humid,3.0,3.0,2.6,0.0,puf_sandwich_panel,0.15,rcc_slab,0.1,eps,0.05,north,0.6,0.9,0.35,3.5,32.93,35.705,0.3393,17.201
Hyderabad,17.385,78.4867,warm_humid,3.0,3.0,2.6,0.0,plywood,0.019,puf_sandwich_panel,0.15,eps,0.05,north,0.6,1.5,0.45,5.8,34.06,39.5,0.3333,17.29
Hyderabad,17.385,78.4867,warm_humid,3.0,3.0,2.6,90.0,brick,0.115,concrete,0.2,mineral_wool,0.025,south,0.6,0.9,0.85,2.6,35.87,39.275,0.0714,17.121
Hyderabad,17.385,78.4867,warm_humid,3.0,3.0,2.6,45.0,puf_sandwich_panel,0.075,rcc_slab,0.15,none,0.0,north,0.9,0.9,0.55,2.6,38.478,46.832,0.0655,17.181
Hyderabad,17.385,78.4867,warm_humid,3.0,3.0,2.6,180.0,gi_sheet,0.002,gi_sheet,0.002,eps,0.025,south,1.2,0.9,0.35,3.5,36.419,44.85,0.2798,16.854
Hyderabad,17.385,78.4867,warm_humid,3.0,3.0,2.6,180.0,concrete,0.2,rcc_slab,0.1,eps,0.025,west,1.8,0.9,0.55,2.6,36.4,39.73,0.0655,17.11
Hyderabad,17.385,78.4867,warm_humid,3.0,3.0,2.6,90.0,concrete,0.2,gi_sheet,0.002,mineral_wool,0.1,west,1.8,1.5,0.65,2.6,34.417,36.828,0.0833,17.115
Hyderabad,17.385,78.4867,warm_humid,3.0,3.0,2.6,180.0,concrete,0.15,puf_sandwich_panel,0.05,mineral_wool,0.025,east,0.9,1.2,0.85,2.6,35.638,38.961,0.0714,17.123
Hyderabad,17.385,78.4867,warm_humid,3.0,3.0,2.6,90.0,brick,0.115,rcc_slab,0.25,none,0.0,south,0.9,1.5,0.35,2.6,39.092,45.417,0.0595,17.119
Hyderabad,17.385,78.4867,warm_humid,3.0,3.0,2.6,180.0,brick,0.23,gi_sheet,0.002,mineral_wool,0.1,east,1.8,1.2,0.65,3.5,34.599,37.241,0.0833,17.115
Hyderabad,17.385,78.4867,warm_humid,3.0,3.0,2.6,0.0,gi_sheet,0.002,puf_sandwich_panel,0.075,eps,0.05,west,1.8,1.5,0.85,2.6,36.817,48.299,0.2798,17.281
Hyderabad,17.385,78.4867,warm_humid,3.0,3.0,2.6,90.0,puf_sandwich_panel,0.05,concrete,0.1,eps,0.1,west,1.2,1.5,0.35,2.6,33.243,36.409,0.2917,17.204
Hyderabad,17.385,78.4867,warm_humid,3.0,3.0,2.6,135.0,plywood,0.05,brick,0.23,mineral_wool,0.05,west,1.8,1.2,0.45,2.6,35.347,39.012,0.0655,17.157
Hyderabad,17.385,78.4867,warm_humid,3.0,3.0,2.6,180.0,brick,0.345,rcc_slab,0.15,eps,0.025,east,1.5,0.9,0.65,3.5,35.133,37.979,0.0833,17.102
Hyderabad,17.385,78.4867,warm_humid,3.0,3.0,2.6,90.0,puf_sandwich_panel,0.05,brick,0.115,none,0.0,north,1.8,1.2,0.65,5.8,39.381,49.704,0.1488,17.208
Hyderabad,17.385,78.4867,warm_humid,3.0,3.0,2.6,0.0,puf_sandwich_panel,0.15,gi_sheet,0.002,eps,0.025,north,1.8,1.2,0.35,2.6,34.584,40.698,0.3155,17.297
Hyderabad,17.385,78.4867,warm_humid,3.0,3.0,2.6,0.0,rammed_earth,0.3,brick,0.115,mineral_wool,0.025,north,1.5,0.6,0.65,3.5,34.84,37.429,0.0833,17.106
Hyderabad,17.385,78.4867,warm_humid,3.0,3.0,2.6,0.0,plywood,0.03,brick,0.115,mineral_wool,0.1,south,1.8,1.2,0.35,2.6,34.244,38.208,0.2262,17.191
Hyderabad,17.385,78.4867,warm_humid,3.0,3.0,2.6,90.0,gi_sheet,0.002,puf_sandwich_panel,0.15,mineral_wool,0.025,east,0.9,0.6,0.75,3.5,35.228,42.136,0.2976,17.275
Hyderabad,17.385,78.4867,warm_humid,3.0,3.0,2.6,135.0,brick,0.345,brick,0.115,none,0.0,north,0.9,1.5,0.75,2.6,38.422,42.81,0.0655,17.103
Hyderabad,17.385,78.4867,warm_humid,3.0,3.0,2.6,90.0,puf_sandwich_panel,0.15,brick,0.23,none,0.0,east,0.6,1.5,0.75,2.6,36.359,41.222,0.0595,17.166
Hyderabad,17.385,78.4867,warm_humid,3.0,3.0,2.6,90.0,rammed_earth,0.3,brick,0.115,mineral_wool,0.05,east,1.2,0.6,0.45,3.5,33.597,35.605,0.1607,17.106
Hyderabad,17.385,78.4867,warm_humid,3.0,3.0,2.6,0.0,rammed_earth,0.15,concrete,0.1,eps,0.1,south,1.8,1.2,0.45,5.8,34.13,36.589,0.0893,17.124
Hyderabad,17.385,78.4867,warm_humid,3.0,3.0,2.6,0.0,concrete,0.15,rcc_slab,0.2,eps,0.05,north,1.5,1.2,0.35,2.6,34.55,37.059,0.0833,17.113
Hyderabad,17.385,78.4867,warm_humid,3.0,3.0,2.6,180.0,rammed_earth,0.15,rcc_slab,0.2,mineral_wool,0.025,north,1.2,0.6,0.85,5.8,35.641,38.752,0.0714,17.117
Hyderabad,17.385,78.4867,warm_humid,3.0,3.0,2.6,135.0,rammed_earth,0.3,gi_sheet,0.002,eps,0.05,south,1.2,0.6,0.75,2.6,33.873,36.043,0.131,17.109
Hyderabad,17.385,78.4867,warm_humid,3.0,3.0,2.6,135.0,rammed_earth,0.45,brick,0.115,eps,0.05,west,1.2,1.2,0.45,3.5,33.661,35.888,0.2083,17.099
Hyderabad,17.385,78.4867,warm_humid,3.0,3.0,2.6,135.0,puf_sandwich_panel,0.075,rcc_slab,0.15,eps,0.05,west,1.5,1.2,0.45,2.6,34.425,37.797,0.1488,17.18
Hyderabad,17.385,78.4867,warm_humid,3.0,3.0,2.6,45.0,puf_sandwich_panel,0.05,brick,0.115,mineral_wool,0.05,south,0.6,1.5,0.65,3.5,34.102,38.096,0.244,17.205
Hyderabad,17.385,78.4867,warm_humid,3.0,3.0,2.6,0.0,gi_sheet,0.002,brick,0.23,mineral_wool,0.1,east,0.9,1.5,0.35,2.6,34.451,37.739,0.1012,17.159
Hyderabad,17.385,78.4867,warm_humid,3.0,3.0,2.6,180.0,brick,0.23,puf_sandwich_panel,0.1,eps,0.025,east,1.2,1.5,0.75,3.5,35.335,38.323,0.0774,17.116
Hyderabad,17.385,78.4867,warm_humid,3.0,3.0,2.6,180.0,puf_sandwich_panel,0.1,gi_sheet,0.002,mineral_wool,0.05,east,1.2,1.2,0.35,2.6,33.748,39.133,0.3571,17.292
Hyderabad,17.385,78.4867,warm_humid,3.0,3.0,2.6,45.0,gi_sheet,0.002,concrete,0.2,mineral_wool,0.1,east,0.9,1.5,0.35,2.6,34.307,37.479,0.1071,17.157
Hyderabad,17.385,78.4867,warm_humid,3.0,3.0,2.6,0.0,brick,0.23,concrete,0.1,eps,0.025,south,0.9,1.5,0.65,3.5,35.73,38.77,0.0714,17.111
Hyderabad,17.385,78.4867,warm_humid,3.0,3.0,2.6,135.0,puf_sandwich_panel,0.1,rcc_slab,0.15,mineral_wool,0.05,north,1.8,0.9,0.65,3.5,34.916,38.46,0.1131,17.178
Hyderabad,17.385,78.4867,warm_humid,3.0,3.0,2.6,180.0,gi_sheet,0.002,rcc_slab,0.25,none,0.0,east,1.2,0.9,0.45,3.5,39.345,50.622,0.1905,14.059
Hyderabad,17.385,78.4867,warm_humid,3.0,3.0,2.6,180.0,rammed_earth,0.45,gi_sheet,0.002,eps,0.1,north,1.2,0.6,0.75,5.8,32.536,34.124,0.2798,17.1
Hyderabad,17.385,78.4867,warm_humid,3.0,3.0,2.6,45.0,brick,0.23,concrete,0.2,mineral_wool,0.1,west,0.6,0.6,0.75,3.5,32.773,34.447,0.2321,17.107
Hyderabad,17.385,78.4867,warm_humid,3.0,3.0,2.6,90.0,gi_sheet,0.002,gi_sheet,0.002,mineral_wool,0.05,west,0.6,0.6,0.85,3.5,34.846,40.929,0.3036,17.265
Hyderabad,17.385,78.4867,warm_humid,3.0,3.0,2.6,135.0,rammed_earth,0.3,brick,0.115,eps,0.05,south,1.8,0.6,0.55,3.5,33.958,36.181,0.131,17.106
Hyderabad,17.385,78.4867,warm_humid,3.0,3.0,2.6,90.0,brick,0.115,gi_sheet,0.002,mineral_wool,0.1,north,1.8,0.6,0.45,5.8,34.011,36.448,0.0952,17.139
Hyderabad,17.385,78.4867,warm_humid,3.0,3.0,2.6,0.0,rammed_earth,0.45,rcc_slab,0.15,none,0.0,south,0.6,0.6,0.75,3.5,37.305,41.159,0.0714,17.098
Hyderabad,17.385,78.4867,warm_humid,3.0,3.0,2.6,90.0,rammed_earth,0.45,puf_sandwich_panel,0.05,mineral_wool,0.1,west,1.2,1.2,0.65,5.8,32.581,34.152,0.2679,17.1
Hyderabad,17.385,78.4867,warm_humid,3.0,3.0,2.6,135.0,gi_sheet,0.002,puf_sandwich_panel,0.1,mineral_wool,0.05,west,1.5,1.2,0.45,5.8,35.345,41.421,0.2798,17.274
Hyderabad,17.385,78.4867,warm_humid,3.0,3.0,2.6,45.0,plywood,0.019,concrete,0.2,eps,0.025,south,1.2,0.9,0.65,2.6,36.322,41.563,0.0655,17.161
Hyderabad,17.385,78.4867,warm_humid,3.0,3.0,2.6,180.0,plywood,0.019,rcc_slab,0.15,mineral_wool,0.05,north,1.2,1.2,0.65,5.8,35.479,39.987,0.1071,17.175
Hyderabad,17.385,78.4867,warm_humid,3.0,3.0,2.6,90.0,plywood,0.05,brick,0.115,mineral_wool,0.1,west,1.2,1.2,0.65,3.5,33.981,37.399,0.1845,17.184
Hyderabad,17.385,78.4867,warm_humid,3.0,3.0,2.6,180.0,plywood,0.012,gi_sheet,0.002,eps,0.025,south,1.2,1.2,0.55,3.5,36.531,45.417,0.2857,17.062
Hyderabad,17.385,78.4867,warm_humid,3.0,3.0,2.6,180.0,plywood,0.03,rcc_slab,0.15,eps,0.05,west,1.8,0.9,0.85,2.6,36.661,41.652,0.0536,17.173
Hyderabad,17.385,78.4867,warm_humid,3.0,3.0,2.6,180.0,concrete,0.2,concrete,0.2,mineral_wool,0.025,north,0.6,1.5,0.55,3.5,35.529,38.414,0.0774,17.107
Hyderabad,17.385,78.4867,warm_humid,3.0,3.0,2.6,0.0,brick,0.115,puf_sandwich_panel,0.075,eps,0.05,east,0.6,0.9,0.45,5.8,34.094,36.738,0.0952,17.14
Hyderabad,17.385,78.4867,warm_humid,3.0,3.0,2.6,0.0,puf_sandwich_panel,0.1,brick,0.23,eps,0.025,north,1.5,0.6,0.55,5.8,33.969,36.986,0.1429,17.166
Hyderabad,17.385,78.4867,warm_humid,3.0,3.0,2.6,0.0,gi_sheet,0.002,rcc_slab,0.15,eps,0.025,south,1.8,0.6,0.45,5.8,36.336,42.303,0.1369,17.174
Hyderabad,17.385,78.4867,warm_humid,3.0,3.0,2.6,180.0,puf_sandwich_panel,0.075,brick,0.115,mineral_wool,0.05,north,1.8,0.6,0.45,2.6,33.73,37.245,0.2679,17.204
Hyderabad,17.385,78.4867,warm_humid,3.0,3.0,2.6,45.0,rammed_earth,0.3,brick,0.23,none,0.0,south,1.2,0.6,0.55,2.6,37.013,40.727,0.0714,17.104
Hyderabad,17.385,78.4867,warm_humid,3.0,3.0,2.6,45.0,gi_sheet,0.002,concrete,0.2,eps,0.025,north,0.9,1.2,0.35,2.6,36.258,41.435,0.0833,17.159
Hyderabad,17.385,78.4867,warm_humid,3.0,3.0,2.6,135.0,plywood,0.03,rcc_slab,0.2,eps,0.05,south,1.8,1.2,0.35,2.6,35.013,38.938,0.0893,17.159
Hyderabad,17.385,78.4867,warm_humid,3.0,3.0,2.6,180.0,gi_sheet,0.002,gi_sheet,0.002,eps,0.05,east,1.5,0.6,0.45,5.8,35.421,42.379,0.2857,17.271
Hyderabad,17.385,78.4867,warm_humid,3.0,3.0,2.6,90.0,concrete,0.2,gi_sheet,0.002,mineral_wool,0.05,east,1.8,1.5,0.75,5.8,35.781,38.921,0.0714,17.115
Hyderabad,17.385,78.4867,warm_humid,3.0,3.0,2.6,135.0,rammed_earth,0.15,brick,0.115,mineral_wool,0.025,west,1.8,1.2,0.45,3.5,36.316,39.946,0.0655,17.125
Hyderabad,17.385,78.4867,warm_humid,3.0,3.0,2.6,0.0,rammed_earth,0.15,concrete,0.1,mineral_wool,0.1,north,0.6,0.6,0.35,2.6,32.945,34.734,0.1607,17.122
Hyderabad,17.385,78.4867,warm_humid,3.0,3.0,2.6,180.0,puf_sandwich_panel,0.1,rcc_slab,0.1,eps,0.05,north,1.8,0.6,0.75,3.5,34.056,37.807,0.2381,17.203
Hyderabad,17.385,78.4867,warm_humid,3.0,3.0,2.6,135.0,concrete,0.1,brick,0.115,eps,0.1,west,1.8,0.9,0.85,5.8,35.434,38.408,0.0655,17.129
Hyderabad,17.385,78.4867,warm_humid,3.0,3.0,2.6,90.0,rammed_earth,0.45,gi_sheet,0.002,eps,0.05,west,0.6,1.5,0.55,2.6,33.154,35.017,0.2202,17.1
Hyderabad,17.385,78.4867,warm_humid,3.0,3.0,2.6,45.0,puf_sandwich_panel,0.1,brick,0.23,mineral_wool,0.05,west,1.5,0.6,0.55,2.6,33.377,36.02,0.1905,17.165
Hyderabad,17.385,78.4867,warm_humid,3.0,3.0,2.6,45.0,brick,0.345,rcc_slab,0.2,eps,0.025,west,1.5,0.6,0.45,2.6,34.558,37.128,0.1012,17.1
Hyderabad,17.385,78.4867,warm_humid,3.0,3.0,2.6,135.0,rammed_earth,0.45,rcc_slab,0.15,none,0.0,west,1.5,1.5,0.75,2.6,38.416,42.854,0.0655,17.099
Hyderabad,17.385,78.4867,warm_humid,3.0,3.0,2.6,135.0,gi_sheet,0.002,rcc_slab,0.25,mineral_wool,0.1,south,1.5,1.2,0.45,2.6,34.531,37.708,0.0833,17.147
Hyderabad,17.385,78.4867,warm_humid,3.0,3.0,2.6,0.0,plywood,0.05,rcc_slab,0.15,eps,0.025,north,1.5,1.5,0.45,2.6,35.944,41.005,0.0952,17.169
Hyderabad,17.385,78.4867,warm_humid,3.0,3.0,2.6,45.0,rammed_earth,0.3,puf_sandwich_panel,0.075,eps,0.05,south,1.2,1.2,0.55,2.6,33.694,35.784,0.1369,17.11
Hyderabad,17.385,78.4867,warm_humid,3.0,3.0,2.6,0.0,puf_sandwich_panel,0.15,concrete,0.15,eps,0.025,west,1.2,0.9,0.35,3.5,34.216,37.781,0.1667,17.179
Hyderabad,17.385,78.4867,warm_humid,3.0,3.0,2.6,45.0,rammed_earth,0.45,concrete,0.2,eps,0.1,south,1.8,0.9,0.45,2.6,32.784,34.614,0.25,17.098
Hyderabad,17.385,78.4867,warm_humid,3.0,3.0,2.6,0.0,gi_sheet,0.002,puf_sandwich_panel,0.05,none,0.0,west,1.5,1.5,0.55,3.5,38.521,51.81,0.3095,12.551
Hyderabad,17.385,78.4867,warm_humid,3.0,3.0,2.6,135.0,puf_sandwich_panel,0.15,brick,0.23,eps,0.05,south,1.5,0.9,0.75,2.6,33.965,37.066,0.125,17.165
Hyderabad,17.385,78.4867,warm_humid,3.0,3.0,2.6,135.0,gi_sheet,0.002,puf_sandwich_panel,0.15,eps,0.1,north,1.5,0.9,0.65,5.8,35.005,40.307,0.2738,17.275
Hyderabad,17.385,78.4867,warm_humid,3.0,3.0,2.6,180.0,gi_sheet,0.002,rcc_slab,0.15,eps,0.025,west,1.5,1.2,0.75,5.8,37.78,44.55,0.0893,17.174
Hyderabad,17.385,78.4867,warm_humid,3.0,3.0,2.6,45.0,plywood,0.03,rcc_slab,0.25,eps,0.05,south,0.6,1.2,0.45,5.8,34.478,37.655,0.0833,17.149
Hyderabad,17.385,78.4867,warm_humid,3.0,3.0,2.6,90.0,brick,0.115,brick,0.115,mineral_wool,0.05,south,0.9,0.6,0.55,2.6,34.564,37.332,0.0774,17.129
Hyderabad,17.385,78.4867,warm_humid,3.0,3.0,2.6,0.0,brick,0.115,brick,0.115,mineral_wool,0.1,north,0.9,0.9,0.35,5.8,33.46,35.602,0.119,17.129
Hyderabad,17.385,78.4867,warm_humid,3.0,3.0,2.6,135.0,brick,0.115,puf_sandwich_panel,0.15,eps,0.05,north,1.2,0.6,0.55,5.8,34.313,36.968,0.0833,17.14
Hyderabad,17.385,78.4867,warm_humid,3.0,3.0,2.6,45.0,concrete,0.2,brick,0.23,eps,0.05,east,1.5,0.6,0.35,2.6,34.182,36.471,0.1131,17.107
Hyderabad,17.385,78.4867,warm_humid,3.0,3.0,2.6,90.0,puf_sandwich_panel,0.1,rcc_slab,0.2,eps,0.05,east,1.5,1.5,0.85,3.5,35.333,39.285,0.0655,17.164
Hyderabad,17.385,78.4867,warm_humid,3.0,3.0,2.6,135.0,plywood,0.05,puf_sandwich_panel,0.1,eps,0.025,south,0.6,0.9,0.45,5.8,34.368,39.554,0.2857,17.257
Hyderabad,17.385,78.4867,warm_humid,3.0,3.0,2.6,180.0,gi_sheet,0.002,gi_sheet,0.002,none,0.0,north,0.6,0.9,0.85,5.8,39.997,56.335,0.2976,11.964
Hyderabad,17.385,78.4867,warm_humid,3.0,3.0,2.6,135.0,brick,0.345,rcc_slab,0.25,none,0.0,north,1.8,1.2,0.75,5.8,38.555,42.971,0.0655,17.1
Hyderabad,17.385,78.4867,warm_humid,3.0,3.0,2.6,90.0,concrete,0.1,rcc_slab,0.2,eps,0.05,west,0.9,0.6,0.65,2.6,34.443,36.976,0.0774,17.12
Hyderabad,17.385,78.4867,warm_humid,3.0,3.0,2.6,0.0,concrete,0.15,concrete,0.1,mineral_wool,0.05,north,1.2,1.2,0.85,2.6,35.118,37.957,0.0774,17.117
Hyderabad,17.385,78.4867,warm_humid,3.0,3.0,2.6,135.0,brick,0.115,rcc_slab,0.2,eps,0.025,west,1.5,1.5,0.45,2.6,36.595,40.324,0.0655,17.123
Hyderabad,17.385,78.4867,warm_humid,3.0,3.0,2.6,45.0,concrete,0.1,puf_sandwich_panel,0.15,mineral_wool,0.1,north,0.9,1.2,0.85,5.8,34.337,36.913,0.0833,17.138
Hyderabad,17.385,78.4867,warm_humid,3.0,3.0,2.6,135.0,concrete,0.15,rcc_slab,0.15,mineral_wool,0.025,south,1.8,1.5,0.45,2.6,36.382,39.998,0.0655,17.116
Hyderabad,17.385,78.4867,warm_humid,3.0,3.0,2.6,0.0,gi_sheet,0.002,brick,0.115,mineral_wool,0.1,north,1.5,0.6,0.65,2.6,34.253,38.288,0.2143,17.191
Hyderabad,17.385,78.4867,warm_humid,3.0,3.0,2.6,0.0,puf_sandwich_panel,0.075,concrete,0.2,mineral_wool,0.025,north,1.2,0.6,0.35,3.5,34.028,37.077,0.1429,17.164
Hyderabad,17.385,78.4867,warm_humid,3.0,3.0,2.6,90.0,concrete,0.1,gi_sheet,0.002,eps,0.05,south,1.8,0.6,0.75,3.5,35.23,38.765,0.0714,17.138
Hyderabad,17.385,78.4867,warm_humid,3.0,3.0,2.6,45.0,brick,0.115,brick,0.115,eps,0.025,south,0.9,1.2,0.65,5.8,36.373,40.395,0.0655,17.13
Hyderabad,17.385,78.4867,warm_humid,3.0,3.0,2.6,45.0,plywood,0.019,rcc_slab,0.1,mineral_wool,0.05,east,1.2,0.6,0.45,5.8,34.962,39.472,0.1964,17.196
Hyderabad,17.385,78.4867,warm_humid,3.0,3.0,2.6,135.0,gi_sheet,0.002,concrete,0.15,none,0.0,west,1.2,1.5,0.35,5.8,39.861,53.361,0.244,13.002
Hyderabad,17.385,78.4867,warm_humid,3.0,3.0,2.6,180.0,rammed_earth,0.15,gi_sheet,0.002,none,0.0,north,1.5,1.2,0.75,2.6,39.919,48.818,0.0536,17.133
Hyderabad,17.385,78.4867,warm_humid,3.0,3.0,2.6,90.0,puf_sandwich_panel,0.15,puf_sandwich_panel,0.1,mineral_wool,0.025,west,0.9,1.2,0.45,3.5,32.453,35.843,0.4286,17.302
Hyderabad,17.385,78.4867,warm_humid,3.0,3.0,2.6,135.0,gi_sheet,0.002,brick,0.115,eps,0.05,west,1.5,1.2,0.45,3.5,35.9,41.285,0.1607,17.196
Hyderabad,17.385,78.4867,warm_humid,3.0,3.0,2.6,135.0,puf_sandwich_panel,0.075,puf_sandwich_panel,0.1,eps,0.05,east,1.2,1.5,0.85,5.8,34.613,41.903,0.3214,17.313
Hyderabad,17.385,78.4867,warm_humid,3.0,3.0,2.6,0.0,rammed_earth,0.3,gi_sheet,0.002,mineral_wool,0.05,north,1.2,1.2,0.45,5.8,33.879,35.988,0.119,17.109
Hyderabad,17.385,78.4867,warm_humid,3.0,3.0,2.6,90.0,rammed_earth,0.45,puf_sandwich_panel,0.1,none,0.0,west,0.9,0.6,0.85,3.5,34.141,36.39,0.125,17.1
Hyderabad,17.385,78.4867,warm_humid,3.0,3.0,2.6,90.0,plywood,0.012,gi_sheet,0.002,mineral_wool,0.025,east,1.5,1.5,0.55,3.5,36.826,46.508,0.2917,16.849
Hyderabad,17.385,78.4867,warm_humid,3.0,3.0,2.6,90.0,rammed_earth,0.3,gi_sheet,0.002,mineral_wool,0.025,north,1.8,1.2,0.55,5.8,36.025,39.152,0.0714,17.11
Hyderabad,17.385,78.4867,warm_humid,3.0,3.0,2.6,180.0,concrete,0.15,gi_sheet,0.002,mineral_wool,0.025,west,1.5,1.2,0.45,3.5,36.566,40.296,0.0655,17.123
Hyderabad,17.385,78.4867,warm_humid,3.0,3.0,2.6,180.0,gi_sheet,0.002,puf_sandwich_panel,0.15,mineral_wool,0.05,south,1.8,0.6,0.75,3.5,34.965,40.823,0.2917,17.272
Hyderabad,17.385,78.4867,warm_humid,3.0,3.0,2.6,135.0,brick,0.23,brick,0.115,mineral_wool,0.05,north,1.2,1.2,0.35,5.8,34.524,36.949,0.0833,17.111
Hyderabad,17.385,78.4867,warm_humid,3.0,3.0,2.6,45.0,puf_sandwich_panel,0.15,concrete,0.2,mineral_wool,0.1,east,0.9,0.9,0.85,5.8,33.368,35.6,0.1667,17.16
Hyderabad,17.385,78.4867,warm_humid,3.0,3.0,2.6,135.0,plywood,0.05,gi_sheet,0.002,eps,0.1,west,1.8,1.5,0.35,3.5,34.739,39.694,0.256,17.25
Hyderabad,17.385,78.4867,warm_humid,3.0,3.0,2.6,45.0,plywood,0.019,rcc_slab,0.2,mineral_wool,0.1,north,1.2,0.6,0.35,2.6,33.575,36.207,0.1607,17.159
Hyderabad,17.385,78.4867,warm_humid,3.0,3.0,2.6,180.0,brick,0.345,gi_sheet,0.002,eps,0.025,north,1.8,0.6,0.75,5.8,35.095,37.793,0.0833,17.104
Hyderabad,17.385,78.4867,warm_humid,3.0,3.0,2.6,45.0,gi_sheet,0.002,concrete,0.15,eps,0.025,west,0.9,1.2,0.45,3.5,36.35,42.347,0.131,17.174
Hyderabad,17.385,78.4867,warm_humid,3.0,3.0,2.6,135.0,puf_sandwich_panel,0.075,gi_sheet,0.002,mineral_wool,0.025,north,0.6,1.2,0.45,2.6,34.591,40.564,0.3214,17.3
Hyderabad,17.385,78.4867,warm_humid,3.0,3.0,2.6,0.0,brick,0.345,gi_sheet,0.002,mineral_wool,0.025,west,1.8,0.9,0.55,3.5,35.219,38.077,0.0833,17.105
Hyderabad,17.385,78.4867,warm_humid,3.0,3.0,2.6,180.0,rammed_earth,0.45,puf_sandwich_panel,0.05,none,0.0,east,1.8,1.2,0.65,5.8,35.26,38.113,0.0833,17.101
Hyderabad,17.385,78.4867,warm_humid,3.0,3.0,2.6,180.0,rammed_earth,0.45,concrete,0.15,eps,0.05,west,1.5,0.9,0.85,3.5,34.403,37.123,0.1429,17.098
Hyderabad,17.385,78.4867,warm_humid,3.0,3.0,2.6,45.0,rammed_earth,0.15,puf_sandwich_panel,0.1,none,0.0,south,1.8,0.9,0.65,2.6,37.22,42.654,0.0595,17.133
Hyderabad,17.385,78.4867,warm_humid,3.0,3.0,2.6,180.0,brick,0.23,puf_sandwich_panel,0.15,eps,0.05,west,1.2,0.6,0.45,3.5,33.589,35.541,0.131,17.114
Hyderabad,17.385,78.4867,warm_humid,3.0,3.0,2.6,0.0,concrete,0.15,brick,0.115,mineral_wool,0.05,north,1.5,0.9,0.85,5.8,35.073,37.888,0.0774,17.117
Hyderabad,17.385,78.4867,warm_humid,3.0,3.0,2.6,135.0,brick,0.23,brick,0.23,mineral_wool,0.05,north,0.9,1.2,0.35,5.8,34.148,36.412,0.1131,17.108
Hyderabad,17.385,78.4867,warm_humid,3.0,3.0,2.6,135.0,rammed_earth,0.45,puf_sandwich_panel,0.075,none,0.0,east,0.6,0.9,0.55,2.6,34.26,36.609,0.125,17.1
Hyderabad,17.385,78.4867,warm_humid,3.0,3.0,2.6,45.0,gi_sheet,0.002,concrete,0.2,eps,0.025,west,1.5,1.5,0.75,5.8,37.105,43.505,0.0714,17.16
Hyderabad,17.385,78.4867,warm_humid,3.0,3.0,2.6,180.0,gi_sheet,0.002,rcc_slab,0.25,none,0.0,east,1.5,1.2,0.45,3.5,39.405,50.807,0.1905,14.06
Hyderabad,17.385,78.4867,warm_humid,3.0,3.0,2.6,180.0,concrete,0.2,rcc_slab,0.15,eps,0.05,west,1.8,0.6,0.45,2.6,34.677,37.165,0.0833,17.108
Hyderabad,17.385,78.4867,warm_humid,3.0,3.0,2.6,135.0,rammed_earth,0.45,brick,0.115,mineral_wool,0.1,south,0.6,1.2,0.45,3.5,32.297,33.864,0.3571,17.099
Hyderabad,17.385,78.4867,warm_humid,3.0,3.0,2.6,0.0,rammed_earth,0.3,brick,0.115,mineral_wool,0.05,east,1.8,0.9,0.45,5.8,34.47,36.889,0.0952,17.107
Hyderabad,17.385,78.4867,warm_humid,3.0,3.0,2.6,135.0,concrete,0.15,gi_sheet,0.002,eps,0.05,east,0.9,0.9,0.85,5.8,35.025,37.891,0.0774,17.122
Hyderabad,17.385,78.4867,warm_humid,3.0,3.0,2.6,135.0,puf_sandwich_panel,0.1,brick,0.23,eps,0.1,north,0.6,1.5,0.45,3.5,32.936,35.083,0.25,17.165
Hyderabad,17.385,78.4867,warm_humid,3.0,3.0,2.6,180.0,rammed_earth,0.45,brick,0.115,none,0.0,south,0.9,0.6,0.65,5.8,36.928,40.588,0.0714,17.099
Hyderabad,17.385,78.4867,warm_humid,3.0,3.0,2.6,45.0,concrete,0.1,brick,0.115,mineral_wool,0.025,south,0.6,1.5,0.65,5.8,36.344,40.359,0.0655,17.128
Hyderabad,17.385,78.4867,warm_humid,3.0,3.0,2.6,0.0,brick,0.345,rcc_slab,0.15,mineral_wool,0.025,north,0.6,1.2,0.75,3.5,34.628,37.172,0.1012,17.101
Hyderabad,17.385,78.4867,warm_humid,3.0,3.0,2.6,90.0,concrete,0.3,gi_sheet,0.002,eps,0.1,west,0.9,0.6,0.75,5.8,32.702,34.316,0.244,17.103
Hyderabad,17.385,78.4867,warm_humid,3.0,3.0,2.6,90.0,concrete,0.15,concrete,0.2,mineral_wool,0.05,north,0.9,1.5,0.35,5.8,34.638,37.096,0.0774,17.112
Hyderabad,17.385,78.4867,warm_humid,3.0,3.0,2.6,45.0,puf_sandwich_panel,0.15,brick,0.115,eps,0.05,north,1.5,0.9,0.45,3.5,33.948,37.339,0.2321,17.204
Hyderabad,17.385,78.4867,warm_humid,3.0,3.0,2.6,135.0,brick,0.23,rcc_slab,0.1,eps,0.05,north,1.2,1.2,0.75,3.5,35.311,38.086,0.0774,17.111
Hyderabad,17.385,78.4867,warm_humid,3.0,3.0,2.6,180.0,concrete,0.2,rcc_slab,0.25,eps,0.1,north,1.5,0.6,0.45,3.5,33.282,35.138,0.2083,17.105
Hyderabad,17.385,78.4867,warm_humid,3.0,3.0,2.6,180.0,gi_sheet,0.002,concrete,0.1,mineral_wool,0.1,west,1.5,1.2,0.55,3.5,35.718,40.277,0.131,17.189
Hyderabad,17.385,78.4867,warm_humid,3.0,3.0,2.6,45.0,concrete,0.15,concrete,0.2,eps,0.05,west,0.6,0.6,0.75,5.8,34.258,36.614,0.0952,17.112
Hyderabad,17.385,78.4867,warm_humid,3.0,3.0,2.6,90.0,puf_sandwich_panel,0.15,gi_sheet,0.002,eps,0.025,south,1.2,1.5,0.65,5.8,35.474,43.936,0.2976,17.296
Hyderabad,17.385,78.4867,warm_humid,3.0,3.0,2.6,180.0,puf_sandwich_panel,0.15,puf_sandwich_panel,0.075,mineral_wool,0.025,south,0.9,0.6,0.35,2.6,32.063,35.027,0.4821,17.303
Hyderabad,17.385,78.4867,warm_humid,3.0,3.0,2.6,0.0,plywood,0.03,brick,0.23,eps,0.05,west,1.5,1.5,0.75,2.6,36.126,41.315,0.0655,17.161
Hyderabad,17.385,78.4867,warm_humid,3.0,3.0,2.6,45.0,puf_sandwich_panel,0.15,gi_sheet,0.002,eps,0.025,north,0.9,1.5,0.35,2.6,34.566,40.389,0.3155,17.296
Hyderabad,17.385,78.4867,warm_humid,3.0,3.0,2.6,90.0,brick,0.23,puf_sandwich_panel,0.15,mineral_wool,0.1,south,0.9,0.9,0.75,3.5,33.018,34.793,0.1964,17.114
Hyderabad,17.385,78.4867,warm_humid,3.0,3.0,2.6,45.0,puf_sandwich_panel,0.15,concrete,0.2,eps,0.025,west,0.9,0.6,0.45,3.5,33.805,36.668,0.1548,17.163
Hyderabad,17.385,78.4867,warm_humid,3.0,3.0,2.6,135.0,rammed_earth,0.15,rcc_slab,0.15,eps,0.05,south,1.5,0.6,0.65,5.8,34.538,37.104,0.0774,17.12
Hyderabad,17.385,78.4867,warm_humid,3.0,3.0,2.6,0.0,gi_sheet,0.002,puf_sandwich_panel,0.05,mineral_wool,0.1,south,1.2,1.2,0.35,2.6,34.123,39.551,0.3333,17.266
Hyderabad,17.385,78.4867,warm_humid,3.0,3.0,2.6,180.0,concrete,0.3,rcc_slab,0.25,mineral_wool,0.025,west,0.6,0.9,0.85,2.6,35.053,37.865,0.0893,17.099
Hyderabad,17.385,78.4867,warm_humid,3.0,3.0,2.6,180.0,gi_sheet,0.002,concrete,0.2,eps,0.1,west,1.8,1.5,0.55,5.8,36.361,40.648,0.0536,17.159
Hyderabad,17.385,78.4867,warm_humid,3.0,3.0,2.6,90.0,puf_sandwich_panel,0.05,concrete,0.1,eps,0.025,north,0.6,1.2,0.75,3.5,35.275,40.102,0.1786,17.205
Hyderabad,17.385,78.4867,warm_humid,3.0,3.0,2.6,0.0,puf_sandwich_panel,0.15,puf_sandwich_panel,0.075,mineral_wool,0.025,north,0.6,0.9,0.55,3.5,32.193,35.29,0.4762,17.303
Hyderabad,17.385,78.4867,warm_humid,3.0,3.0,2.6,90.0,gi_sheet,0.002,brick,0.115,mineral_wool,0.025,north,1.2,1.5,0.55,3.5,37.133,44.264,0.1667,17.195
Hyderabad,17.385,78.4867,warm_humid,3.0,3.0,2.6,135.0,concrete,0.15,rcc_slab,0.2,mineral_wool,0.05,east,0.9,0.6,0.45,3.5,34.368,36.751,0.0952,17.112
Hyderabad,17.385,78.4867,warm_humid,3.0,3.0,2.6,45.0,plywood,0.05,rcc_slab,0.25,eps,0.05,west,1.8,1.2,0.35,2.6,34.717,38.096,0.0774,17.146
Hyderabad,17.385,78.4867,warm_humid,3.0,3.0,2.6,0.0,rammed_earth,0.45,gi_sheet,0.002,eps,0.05,north,0.6,0.9,0.35,2.6,32.9,34.668,0.2262,17.1
Hyderabad,17.385,78.4867,warm_humid,3.0,3.0,2.6,90.0,puf_sandwich_panel,0.15,concrete,0.1,eps,0.1,east,0.9,1.5,0.75,2.6,33.617,36.928,0.2798,17.2
Hyderabad,17.385,78.4867,warm_humid,3.0,3.0,2.6,0.0,concrete,0.2,rcc_slab,0.1,eps,0.025,west,1.8,1.5,0.45,5.8,36.255,39.734,0.0714,17.111
Hyderabad,17.385,78.4867,warm_humid,3.0,3.0,2.6,90.0,puf_sandwich_panel,0.1,rcc_slab,0.25,eps,0.1,west,1.5,1.2,0.45,3.5,33.092,35.317,0.1905,17.152
Hyderabad,17.385,78.4867,warm_humid,3.0,3.0,2.6,0.0,plywood,0.012,puf_sandwich_panel,0.1,mineral_wool,0.1,south,0.6,1.2,0.45,2.6,33.524,38.245,0.3631,17.283
Hyderabad,17.385,78.4867,warm_humid,3.0,3.0,2.6,45.0,gi_sheet,0.002,gi_sheet,0.002,eps,0.05,south,1.2,0.6,0.75,3.5,35.361,42.816,0.2976,17.271
Hyderabad,17.385,78.4867,warm_humid,3.0,3.0,2.6,135.0,concrete,0.3,concrete,0.15,mineral_wool,0.025,west,1.2,1.2,0.75,5.8,35.781,38.893,0.0774,17.101
Hyderabad,17.385,78.4867,warm_humid,3.0,3.0,2.6,180.0,gi_sheet,0.002,brick,0.115,mineral_wool,0.025,south,1.5,1.5,0.55,3.5,36.891,44.027,0.1786,17.196
Hyderabad,17.385,78.4867,warm_humid,3.0,3.0,2.6,45.0,rammed_earth,0.45,gi_sheet,0.002,none,0.0,north,1.2,0.6,0.55,5.8,38.314,42.704,0.0655,17.1
Hyderabad,17.385,78.4867,warm_humid,3.0,3.0,2.6,45.0,brick,0.345,gi_sheet,0.002,eps,0.05,south,1.5,0.9,0.85,5.8,34.492,37.025,0.1012,17.104
Hyderabad,17.385,78.4867,warm_humid,3.0,3.0,2.6,135.0,concrete,0.2,puf_sandwich_panel,0.15,none,0.0,east,1.8,1.5,0.35,5.8,37.527,42.36,0.0595,17.115
Hyderabad,17.385,78.4867,warm_humid,3.0,3.0,2.6,0.0,concrete,0.1,brick,0.115,eps,0.05,east,1.8,1.5,0.65,3.5,37.025,41.122,0.0595,17.13
Hyderabad,17.385,78.4867,warm_humid,3.0,3.0,2.6,180.0,plywood,0.03,gi_sheet,0.002,eps,0.05,east,1.8,0.6,0.35,5.8,34.854,41.118,0.3036,17.27
Hyderabad,17.385,78.4867,warm_humid,3.0,3.0,2.6,0.0,brick,0.115,brick,0.23,mineral_wool,0.05,north,1.5,0.6,0.65,2.6,34.609,37.254,0.0774,17.122
Hyderabad,17.385,78.4867,warm_humid,3.0,3.0,2.6,90.0,puf_sandwich_panel,0.05,brick,0.23,eps,0.1,north,0.9,0.9,0.85,2.6,33.797,36.326,0.1369,17.166
Hyderabad,17.385,78.4867,warm_humid,3.0,3.0,2.6,0.0,plywood,0.019,puf_sandwich_panel,0.05,none,0.0,south,0.6,1.2,0.75,5.8,37.505,48.485,0.2976,14.563
Hyderabad,17.385,78.4867,warm_humid,3.0,3.0,2.6,90.0,brick,0.23,gi_sheet,0.002,mineral_wool,0.1,east,1.2,0.6,0.75,3.5,33.214,35.02,0.1667,17.114
Hyderabad,17.385,78.4867,warm_humid,3.0,3.0,2.6,0.0,rammed_earth,0.45,rcc_slab,0.1,eps,0.1,north,1.5,0.9,0.65,5.8,32.733,34.431,0.25,17.099
Hyderabad,17.385,78.4867,warm_humid,3.0,3.0,2.6,135.0,plywood,0.05,rcc_slab,0.15,mineral_wool,0.025,south,0.6,1.5,0.65,3.5,35.851,40.662,0.0833,17.168
Hyderabad,17.385,78.4867,warm_humid,3.0,3.0,2.6,45.0,puf_sandwich_panel,0.15,gi_sheet,0.002,mineral_wool,0.05,south,1.5,1.5,0.45,2.6,34.446,40.912,0.3333,17.288
Hyderabad,17.385,78.4867,warm_humid,3.0,3.0,2.6,0.0,gi_sheet,0.002,concrete,0.1,eps,0.1,west,1.8,0.6,0.45,5.8,34.342,38.683,0.2262,17.193
Hyderabad,17.385,78.4867,warm_humid,3.0,3.0,2.6,0.0,concrete,0.3,rcc_slab,0.25,eps,0.025,north,1.5,0.6,0.65,3.5,34.823,37.457,0.0893,17.099
Hyderabad,17.385,78.4867,warm_humid,3.0,3.0,2.6,90.0,gi_sheet,0.002,concrete,0.15,eps,0.1,east,0.6,1.5,0.45,2.6,33.94,37.244,0.2024,17.173
Hyderabad,17.385,78.4867,warm_humid,3.0,3.0,2.6,45.0,concrete,0.3,rcc_slab,0.15,none,0.0,east,0.9,0.6,0.45,5.8,38.723,43.372,0.0655,17.1
Hyderabad,17.385,78.4867,warm_humid,3.0,3.0,2.6,0.0,puf_sandwich_panel,0.075,puf_sandwich_panel,0.05,mineral_wool,0.025,south,1.8,0.6,0.85,3.5,33.789,38.957,0.3631,17.312
Hyderabad,17.385,78.4867,warm_humid,3.0,3.0,2.6,90.0,puf_sandwich_panel,0.15,puf_sandwich_panel,0.075,mineral_wool,0.025,north,0.9,1.2,0.75,3.5,33.885,38.139,0.3155,17.303
Hyderabad,17.385,78.4867,warm_humid,3.0,3.0,2.6,180.0,plywood,0.019,brick,0.115,mineral_wool,0.1,west,0.6,1.5,0.85,5.8,35.002,38.971,0.1488,17.195
Hyderabad,17.385,78.4867,warm_humid,3.0,3.0,2.6,135.0,puf_sandwich_panel,0.075,puf_sandwich_panel,0.15,none,0.0,north,0.6,0.9,0.65,3.5,32.973,36.756,0.381,17.315
Hyderabad,17.385,78.4867,warm_humid,3.0,3.0,2.6,45.0,rammed_earth,0.45,brick,0.115,mineral_wool,0.1,north,0.6,1.5,0.65,2.6,32.713,34.52,0.2619,17.099
Hyderabad,17.385,78.4867,warm_humid,3.0,3.0,2.6,0.0,brick,0.115,gi_sheet,0.002,mineral_wool,0.05,south,0.9,1.2,0.55,3.5,34.928,38.198,0.0714,17.14
Hyderabad,17.385,78.4867,warm_humid,3.0,3.0,2.6,135.0,rammed_earth,0.3,puf_sandwich_panel,0.075,eps,0.025,east,0.6,0.9,0.35,3.5,33.63,35.639,0.1369,17.109
Hyderabad,17.385,78.4867,warm_humid,3.0,3.0,2.6,90.0,concrete,0.2,brick,0.115,none,0.0,north,1.5,0.6,0.85,3.5,39.292,44.982,0.0595,17.11
Hyderabad,17.385,78.4867,warm_humid,3.0,3.0,2.6,0.0,plywood,0.012,gi_sheet,0.002,none,0.0,south,1.2,1.5,0.85,2.6,40.441,57.953,0.3095,12.768
Hyderabad,17.385,78.4867,warm_humid,3.0,3.0,2.6,90.0,gi_sheet,0.002,rcc_slab,0.1,none,0.0,east,1.2,0.9,0.55,5.8,39.902,54.626,0.2679,12.579
Hyderabad,17.385,78.4867,warm_humid,3.0,3.0,2.6,180.0,puf_sandwich_panel,0.075,gi_sheet,0.002,mineral_wool,0.1,south,1.2,1.2,0.45,2.6,33.12,37.12,0.3631,17.285
Hyderabad,17.385,78.4867,warm_humid,3.0,3.0,2.6,45.0,concrete,0.2,brick,0.115,eps,0.05,east,1.2,0.9,0.75,5.8,35.033,37.702,0.0774,17.11
Hyderabad,17.385,78.4867,warm_humid,3.0,3.0,2.6,90.0,concrete,0.3,brick,0.23,mineral_wool,0.1,north,1.5,1.2,0.75,2.6,34.401,37.026,0.131,17.1
Hyderabad,17.385,78.4867,warm_humid,3.0,3.0,2.6,90.0,puf_sandwich_panel,0.075,puf_sandwich_panel,0.05,none,0.0,east,1.5,0.9,0.35,3.5,33.492,38.41,0.381,17.319
Hyderabad,17.385,78.4867,warm_humid,3.0,3.0,2.6,90.0,plywood,0.019,rcc_slab,0.15,eps,0.05,north,0.6,1.5,0.65,3.5,35.298,39.43,0.119,17.176
Hyderabad,17.385,78.4867,warm_humid,3.0,3.0,2.6,45.0,rammed_earth,0.45,rcc_slab,0.2,mineral_wool,0.05,east,1.5,1.2,0.55,5.8,34.031,36.467,0.2024,17.098
Hyderabad,17.385,78.4867,warm_humid,3.0,3.0,2.6,0.0,brick,0.23,rcc_slab,0.15,eps,0.05,south,1.2,1.2,0.75,2.6,34.737,37.245,0.0833,17.109
Hyderabad,17.385,78.4867,warm_humid,3.0,3.0,2.6,90.0,puf_sandwich_panel,0.05,gi_sheet,0.002,eps,0.025,west,1.8,1.5,0.45,3.5,35.353,42.664,0.3155,17.307
Hyderabad,17.385,78.4867,warm_humid,3.0,3.0,2.6,90.0,puf_sandwich_panel,0.05,gi_sheet,0.002,mineral_wool,0.05,east,0.9,0.6,0.55,5.8,33.537,38.234,0.3571,17.297
Hyderabad,17.385,78.4867,warm_humid,3.0,3.0,2.6,0.0,brick,0.23,brick,0.115,eps,0.025,north,0.6,0.9,0.55,3.5,35.137,37.888,0.0774,17.111
Hyderabad,17.385,78.4867,warm_humid,3.0,3.0,2.6,90.0,puf_sandwich_panel,0.05,concrete,0.1,eps,0.025,east,1.5,1.5,0.75,5.8,36.2,42.378,0.1667,17.205
Hyderabad,17.385,78.4867,warm_humid,3.0,3.0,2.6,135.0,puf_sandwich_panel,0.05,puf_sandwich_panel,0.075,mineral_wool,0.1,west,0.6,1.5,0.35,5.8,32.643,35.941,0.3988,17.296
Hyderabad,17.385,78.4867,warm_humid,3.0,3.0,2.6,0.0,puf_sandwich_panel,0.1,rcc_slab,0.15,eps,0.05,east,1.5,1.2,0.55,3.5,34.996,38.7,0.1071,17.18
Hyderabad,17.385,78.4867,warm_humid,3.0,3.0,2.6,0.0,gi_sheet,0.002,rcc_slab,0.2,none,0.0,west,1.2,0.6,0.55,5.8,39.5,51.736,0.2262,13.515
Hyderabad,17.385,78.4867,warm_humid,3.0,3.0,2.6,0.0,gi_sheet,0.002,brick,0.23,none,0.0,south,0.9,1.2,0.85,3.5,39.196,50.739,0.2262,13.731
Hyderabad,17.385,78.4867,warm_humid,3.0,3.0,2.6,180.0,plywood,0.03,puf_sandwich_panel,0.1,mineral_wool,0.025,south,1.5,1.2,0.75,5.8,35.55,42.548,0.2917,17.277
Hyderabad,17.385,78.4867,warm_humid,3.0,3.0,2.6,45.0,plywood,0.012,rcc_slab,0.2,eps,0.05,west,0.9,1.5,0.55,5.8,35.178,39.384,0.0893,17.163
Hyderabad,17.385,78.4867,warm_humid,3.0,3.0,2.6,0.0,brick,0.115,puf_sandwich_panel,0.1,mineral_wool,0.1,north,1.8,0.9,0.45,5.8,33.645,36.1,0.1012,17.14
Hyderabad,17.385,78.4867,warm_humid,3.0,3.0,2.6,180.0,concrete,0.1,brick,0.23,mineral_wool,0.05,west,1.8,1.5,0.45,2.6,36.178,39.498,0.0655,17.122
Hyderabad,17.385,78.4867,warm_humid,3.0,3.0,2.6,90.0,plywood,0.03,rcc_slab,0.15,eps,0.1,west,1.2,1.2,0.35,3.5,33.619,36.615,0.2083,17.173
Hyderabad,17.385,78.4867,warm_humid,3.0,3.0,2.6,45.0,concrete,0.3,gi_sheet,0.002,none,0.0,east,1.8,1.5,0.65,2.6,40.007,45.809,0.0595,17.105
Hyderabad,17.385,78.4867,warm_humid,3.0,3.0,2.6,90.0,gi_sheet,0.002,rcc_slab,0.15,mineral_wool,0.1,west,0.6,1.2,0.35,3.5,33.679,36.723,0.2024,17.17
Hyderabad,17.385,78.4867,warm_humid,3.0,3.0,2.6,90.0,puf_sandwich_panel,0.05,rcc_slab,0.2,mineral_wool,0.025,north,1.8,0.6,0.45,5.8,34.912,38.412,0.0833,17.164
Hyderabad,17.385,78.4867,warm_humid,3.0,3.0,2.6,180.0,puf_sandwich_panel,0.15,rcc_slab,0.15,none,0.0,west,0.9,0.6,0.75,5.8,38.498,46.556,0.0536,17.179
Hyderabad,17.385,78.4867,warm_humid,3.0,3.0,2.6,180.0,rammed_earth,0.15,concrete,0.1,mineral_wool,0.1,west,1.8,1.5,0.65,3.5,36.1,39.379,0.0655,17.124
Hyderabad,17.385,78.4867,warm_humid,3.0,3.0,2.6,0.0,concrete,0.2,brick,0.23,mineral_wool,0.05,east,1.5,0.9,0.85,5.8,35.427,38.332,0.0774,17.107
Hyderabad,17.385,78.4867,warm_humid,3.0,3.0,2.6,0.0,plywood,0.03,gi_sheet,0.002,none,0.0,west,1.5,0.9,0.35,3.5,39.866,56.009,0.2976,13.712
Hyderabad,17.385,78.4867,warm_humid,3.0,3.0,2.6,45.0,concrete,0.1,rcc_slab,0.15,eps,0.1,east,1.2,0.9,0.65,3.5,34.367,36.797,0.0774,17.124
Hyderabad,17.385,78.4867,warm_humid,3.0,3.0,2.6,180.0,gi_sheet,0.002,brick,0.115,mineral_wool,0.025,east,1.8,0.9,0.45,2.6,36.794,44.132,0.1726,17.195
Hyderabad,17.385,78.4867,warm_humid,3.0,3.0,2.6,135.0,puf_sandwich_panel,0.15,puf_sandwich_panel,0.1,eps,0.025,south,1.2,1.2,0.65,3.5,33.284,38.165,0.375,17.306
Hyderabad,17.385,78.4867,warm_humid,3.0,3.0,2.6,45.0,rammed_earth,0.45,concrete,0.2,eps,0.025,west,1.8,0.9,0.75,3.5,34.681,37.424,0.1131,17.098
Hyderabad,17.385,78.4867,warm_humid,3.0,3.0,2.6,90.0,plywood,0.012,puf_sandwich_panel,0.15,mineral_wool,0.05,west,0.9,0.9,0.75,5.8,34.277,39.876,0.3214,17.292
Hyderabad,17.385,78.4867,warm_humid,3.0,3.0,2.6,135.0,brick,0.115,gi_sheet,0.002,mineral_wool,0.025,south,1.5,1.5,0.35,3.5,36.349,40.891,0.0595,17.142
Hyderabad,17.385,78.4867,warm_humid,3.0,3.0,2.6,135.0,concrete,0.15,gi_sheet,0.002,eps,0.05,east,1.5,1.5,0.65,5.8,35.833,39.295,0.0714,17.124
Hyderabad,17.385,78.4867,warm_humid,3.0,3.0,2.6,90.0,plywood,0.012,concrete,0.2,eps,0.1,south,0.6,0.9,0.35,5.8,33.45,36.153,0.1905,17.162
Hyderabad,17.385,78.4867,warm_humid,3.0,3.0,2.6,45.0,gi_sheet,0.002,puf_sandwich_panel,0.05,eps,0.025,north,1.5,1.5,0.65,2.6,36.779,45.249,0.2619,16.888
Hyderabad,17.385,78.4867,warm_humid,3.0,3.0,2.6,90.0,brick,0.345,gi_sheet,0.002,none,0.0,south,1.2,0.6,0.55,2.6,38.819,43.647,0.0655,17.104
Hyderabad,17.385,78.4867,warm_humid,3.0,3.0,2.6,180.0,puf_sandwich_panel,0.1,puf_sandwich_panel,0.1,none,0.0,north,1.2,0.9,0.35,2.6,32.776,36.719,0.4107,17.314
Hyderabad,17.385,78.4867,warm_humid,3.0,3.0,2.6,180.0,plywood,0.012,brick,0.115,eps,0.05,east,0.6,0.6,0.65,3.5,35.008,39.753,0.2024,17.203
Hyderabad,17.385,78.4867,warm_humid,3.0,3.0,2.6,90.0,rammed_earth,0.3,concrete,0.1,eps,0.025,south,0.6,0.6,0.55,5.8,34.619,37.139,0.0833,17.106
Hyderabad,17.385,78.4867,warm_humid,3.0,3.0,2.6,180.0,puf_sandwich_panel,0.05,rcc_slab,0.25,eps,0.05,east,0.6,1.2,0.85,3.5,33.866,36.665,0.1012,17.153
Hyderabad,17.385,78.4867,warm_humid,3.0,3.0,2.6,135.0,gi_sheet,0.002,puf_sandwich_panel,0.05,eps,0.025,west,1.2,0.9,0.45,5.8,35.857,43.189,0.2738,17.282
Hyderabad,17.385,78.4867,warm_humid,3.0,3.0,2.6,0.0,plywood,0.012,puf_sandwich_panel,0.1,none,0.0,east,0.9,0.6,0.35,2.6,37.644,48.887,0.3095,13.931
Hyderabad,17.385,78.4867,warm_humid,3.0,3.0,2.6,180.0,gi_sheet,0.002,puf_sandwich_panel,0.1,mineral_wool,0.05,west,0.6,0.9,0.55,5.8,34.822,40.224,0.2857,17.272
Hyderabad,17.385,78.4867,warm_humid,3.0,3.0,2.6,90.0,puf_sandwich_panel,0.05,gi_sheet,0.002,eps,0.05,east,1.2,0.6,0.75,5.8,33.895,39.125,0.3512,17.305
Hyderabad,17.385,78.4867,warm_humid,3.0,3.0,2.6,0.0,rammed_earth,0.15,concrete,0.2,eps,0.025,east,1.5,1.2,0.85,3.5,37.064,40.867,0.0655,17.118
Hyderabad,17.385,78.4867,warm_humid,3.0,3.0,2.6,180.0,brick,0.115,brick,0.23,mineral_wool,0.1,north,1.2,0.9,0.85,2.6,34.281,36.637,0.0893,17.121
Hyderabad,17.385,78.4867,warm_humid,3.0,3.0,2.6,90.0,concrete,0.2,concrete,0.2,mineral_wool,0.025,west,0.9,1.5,0.85,2.6,35.721,38.685,0.0774,17.107
Hyderabad,17.385,78.4867,warm_humid,3.0,3.0,2.6,90.0,rammed_earth,0.3,concrete,0.15,eps,0.05,north,1.8,0.9,0.75,3.5,35.069,37.829,0.0833,17.105
Hyderabad,17.385,78.4867,warm_humid,3.0,3.0,2.6,135.0,brick,0.23,puf_sandwich_panel,0.1,eps,0.025,south,0.6,0.6,0.55,3.5,34.106,36.343,0.0952,17.114
Hyderabad,17.385,78.4867,warm_humid,3.0,3.0,2.6,135.0,plywood,0.019,gi_sheet,0.002,eps,0.05,west,0.9,1.5,0.75,3.5,35.979,42.952,0.2679,17.283
Hyderabad,17.385,78.4867,warm_humid,3.0,3.0,2.6,180.0,puf_sandwich_panel,0.15,puf_sandwich_panel,0.15,mineral_wool,0.1,south,1.5,0.6,0.55,3.5,32.145,35.068,0.4583,17.284
Hyderabad,17.385,78.4867,warm_humid,3.0,3.0,2.6,0.0,gi_sheet,0.002,concrete,0.1,none,0.0,south,0.9,0.9,0.45,5.8,39.843,54.473,0.2679,12.579
Hyderabad,17.385,78.4867,warm_humid,3.0,3.0,2.6,90.0,concrete,0.1,rcc_slab,0.25,eps,0.025,east,0.6,1.5,0.85,3.5,36.058,39.487,0.0714,17.118
Hyderabad,17.385,78.4867,warm_humid,3.0,3.0,2.6,45.0,puf_sandwich_panel,0.05,puf_sandwich_panel,0.1,eps,0.05,east,0.6,1.2,0.75,3.5,33.379,37.484,0.3631,17.315
Hyderabad,17.385,78.4867,warm_humid,3.0,3.0,2.6,0.0,rammed_earth,0.15,rcc_slab,0.2,eps,0.1,south,0.9,1.2,0.45,3.5,33.384,35.338,0.1369,17.117
Hyderabad,17.385,78.4867,warm_humid,3.0,3.0,2.6,135.0,rammed_earth,0.3,concrete,0.2,eps,0.025,south,0.9,0.6,0.85,5.8,34.717,37.311,0.0893,17.104
Hyderabad,17.385,78.4867,warm_humid,3.0,3.0,2.6,45.0,brick,0.115,rcc_slab,0.15,eps,0.025,east,0.9,1.2,0.65,5.8,36.481,40.232,0.0655,17.125
Hyderabad,17.385,78.4867,warm_humid,3.0,3.0,2.6,0.0,puf_sandwich_panel,0.05,brick,0.115,mineral_wool,0.025,west,1.2,0.9,0.75,3.5,35.291,40.77,0.1905,17.207
Hyderabad,17.385,78.4867,warm_humid,3.0,3.0,2.6,180.0,gi_sheet,0.002,brick,0.115,eps,0.1,west,0.9,1.2,0.85,3.5,35.658,40.231,0.1369,17.195
Hyderabad,17.385,78.4867,warm_humid,3.0,3.0,2.6,45.0,brick,0.345,brick,0.115,eps,0.05,north,0.6,0.6,0.65,2.6,33.488,35.564,0.2083,17.102
Hyderabad,17.385,78.4867,warm_humid,3.0,3.0,2.6,180.0,concrete,0.2,puf_sandwich_panel,0.1,none,0.0,west,0.6,0.9,0.55,2.6,37.266,41.717,0.0595,17.113
Hyderabad,17.385,78.4867,warm_humid,3.0,3.0,2.6,135.0,puf_sandwich_panel,0.15,puf_sandwich_panel,0.1,eps,0.025,east,0.9,1.5,0.75,3.5,33.603,39.069,0.3631,17.306
Hyderabad,17.385,78.4867,warm_humid,3.0,3.0,2.6,90.0,brick,0.23,brick,0.115,mineral_wool,0.025,south,1.2,0.6,0.75,3.5,35.422,38.362,0.0774,17.111
Hyderabad,17.385,78.4867,warm_humid,3.0,3.0,2.6,135.0,puf_sandwich_panel,0.05,gi_sheet,0.002,eps,0.05,south,1.5,0.9,0.75,2.6,34.54,41.178,0.3214,17.305
Hyderabad,17.385,78.4867,warm_humid,3.0,3.0,2.6,135.0,puf_sandwich_panel,0.15,rcc_slab,0.25,eps,0.025,west,1.8,1.2,0.35,3.5,34.72,37.828,0.0774,17.152
Hyderabad,17.385,78.4867,warm_humid,3.0,3.0,2.6,45.0,rammed_earth,0.3,rcc_slab,0.2,mineral_wool,0.025,south,1.2,1.5,0.55,5.8,35.272,38.144,0.0833,17.104
Hyderabad,17.385,78.4867,warm_humid,3.0,3.0,2.6,90.0,concrete,0.15,concrete,0.2,mineral_wool,0.025,north,0.9,1.2,0.45,3.5,35.839,38.926,0.0714,17.112
Hyderabad,17.385,78.4867,warm_humid,3.0,3.0,2.6,180.0,plywood,0.012,puf_sandwich_panel,0.05,eps,0.05,east,0.6,1.2,0.65,3.5,34.772,41.322,0.3155,17.303
Hyderabad,17.385,78.4867,warm_humid,3.0,3.0,2.6,180.0,brick,0.23,brick,0.23,none,0.0,east,1.5,0.6,0.85,3.5,37.901,42.215,0.0655,17.108
Hyderabad,17.385,78.4867,warm_humid,3.0,3.0,2.6,90.0,concrete,0.15,gi_sheet,0.002,none,0.0,south,0.6,0.9,0.35,5.8,39.839,48.074,0.0536,17.122
Hyderabad,17.385,78.4867,warm_humid,3.0,3.0,2.6,45.0,brick,0.115,brick,0.115,mineral_wool,0.05,west,0.9,0.6,0.35,5.8,34.512,37.244,0.0774,17.129
Hyderabad,17.385,78.4867,warm_humid,3.0,3.0,2.6,135.0,rammed_earth,0.45,rcc_slab,0.2,mineral_wool,0.1,west,1.2,0.6,0.45,2.6,32.291,33.899,0.3631,17.097
Hyderabad,17.385,78.4867,warm_humid,3.0,3.0,2.6,45.0,concrete,0.2,concrete,0.15,eps,0.025,south,0.6,1.2,0.45,5.8,35.475,38.418,0.0774,17.108
Hyderabad,17.385,78.4867,warm_humid,3.0,3.0,2.6,135.0,brick,0.23,gi_sheet,0.002,eps,0.1,south,0.9,0.9,0.35,3.5,33.056,34.814,0.1845,17.114
Hyderabad,17.385,78.4867,warm_humid,3.0,3.0,2.6,90.0,concrete,0.3,rcc_slab,0.25,mineral_wool,0.1,north,1.5,0.6,0.45,3.5,32.875,34.689,0.2321,17.099
Hyderabad,17.385,78.4867,warm_humid,3.0,3.0,2.6,90.0,brick,0.115,rcc_slab,0.15,mineral_wool,0.025,south,1.5,1.5,0.75,3.5,37.035,41.497,0.0655,17.126
Hyderabad,17.385,78.4867,warm_humid,3.0,3.0,2.6,90.0,rammed_earth,0.45,concrete,0.2,mineral_wool,0.1,north,1.8,1.5,0.65,3.5,34.588,37.432,0.131,17.098
Hyderabad,17.385,78.4867,warm_humid,3.0,3.0,2.6,45.0,gi_sheet,0.002,concrete,0.1,mineral_wool,0.05,west,1.8,1.5,0.75,2.6,36.559,43.674,0.1548,17.192
Hyderabad,17.385,78.4867,warm_humid,3.0,3.0,2.6,45.0,concrete,0.2,gi_sheet,0.002,none,0.0,north,1.8,1.2,0.65,3.5,40.234,47.621,0.0536,17.114
Hyderabad,17.385,78.4867,warm_humid,3.0,3.0,2.6,90.0,brick,0.345,brick,0.115,none,0.0,north,0.9,1.2,0.35,3.5,37.794,41.867,0.0655,17.102
Hyderabad,17.385,78.4867,warm_humid,3.0,3.0,2.6,0.0,concrete,0.15,brick,0.23,mineral_wool,0.025,east,1.5,0.9,0.45,3.5,35.945,39.121,0.0714,17.113
Hyderabad,17.385,78.4867,warm_humid,3.0,3.0,2.6,90.0,puf_sandwich_panel,0.075,concrete,0.1,eps,0.1,west,0.6,1.5,0.55,3.5,32.839,35.572,0.3393,17.203
Hyderabad,17.385,78.4867,warm_humid,3.0,3.0,2.6,90.0,rammed_earth,0.45,rcc_slab,0.25,eps,0.025,west,1.2,0.6,0.55,3.5,33.81,36.101,0.2083,17.097
Hyderabad,17.385,78.4867,warm_humid,3.0,3.0,2.6,180.0,brick,0.345,brick,0.115,eps,0.1,north,0.6,0.9,0.45,3.5,32.561,34.14,0.2679,17.102
Hyderabad,17.385,78.4867,warm_humid,3.0,3.0,2.6,180.0,concrete,0.1,puf_sandwich_panel,0.075,mineral_wool,0.1,east,0.6,1.2,0.35,5.8,33.582,35.826,0.1071,17.137
Hyderabad,17.385,78.4867,warm_humid,3.0,3.0,2.6,90.0,concrete,0.2,puf_sandwich_panel,0.075,eps,0.1,east,1.5,1.2,0.55,2.6,33.711,35.778,0.125,17.114
Hyderabad,17.385,78.4867,warm_humid,3.0,3.0,2.6,45.0,rammed_earth,0.45,concrete,0.1,eps,0.1,north,1.2,1.5,0.55,3.5,33.319,35.407,0.2143,17.099
Hyderabad,17.385,78.4867,warm_humid,3.0,3.0,2.6,90.0,concrete,0.2,puf_sandwich_panel,0.15,mineral_wool,0.1,north,0.6,1.2,0.55,2.6,33.092,34.806,0.2024,17.113
Hyderabad,17.385,78.4867,warm_humid,3.0,3.0,2.6,180.0,plywood,0.05,puf_sandwich_panel,0.05,mineral_wool,0.05,west,0.6,1.2,0.85,2.6,34.706,39.521,0.2619,17.252
Hyderabad,17.385,78.4867,warm_humid,3.0,3.0,2.6,0.0,puf_sandwich_panel,0.15,puf_sandwich_panel,0.075,eps,0.1,north,0.9,1.5,0.75,3.5,32.976,36.905,0.3869,17.301
Hyderabad,17.385,78.4867,warm_humid,3.0,3.0,2.6,45.0,concrete,0.1,rcc_slab,0.2,eps,0.1,west,1.5,1.5,0.85,3.5,35.198,38.253,0.0774,17.121
Hyderabad,17.385,78.4867,warm_humid,3.0,3.0,2.6,180.0,concrete,0.2,gi_sheet,0.002,eps,0.1,east,1.2,0.6,0.55,2.6,33.495,35.475,0.1429,17.113
Hyderabad,17.385,78.4867,warm_humid,3.0,3.0,2.6,90.0,gi_sheet,0.002,rcc_slab,0.2,eps,0.025,south,1.8,1.2,0.35,2.6,36.349,41.947,0.0952,17.16
Hyderabad,17.385,78.4867,warm_humid,3.0,3.0,2.6,45.0,gi_sheet,0.002,puf_sandwich_panel,0.15,mineral_wool,0.025,north,1.2,0.9,0.65,2.6,35.82,43.259,0.2798,17.276
Hyderabad,17.385,78.4867,warm_humid,3.0,3.0,2.6,90.0,gi_sheet,0.002,gi_sheet,0.002,mineral_wool,0.1,west,0.6,0.9,0.85,5.8,33.948,38.662,0.3095,17.258
Hyderabad,17.385,78.4867,warm_humid,3.0,3.0,2.6,135.0,rammed_earth,0.15,puf_sandwich_panel,0.075,mineral_wool,0.1,south,1.8,0.6,0.65,3.5,33.509,35.689,0.119,17.131
Hyderabad,17.385,78.4867,warm_humid,3.0,3.0,2.6,90.0,plywood,0.03,gi_sheet,0.002,eps,0.1,south,1.5,1.5,0.55,3.5,34.963,42.01,0.2917,17.269
Hyderabad,17.385,78.4867,warm_humid,3.0,3.0,2.6,90.0,rammed_earth,0.3,rcc_slab,0.1,eps,0.05,west,1.5,0.6,0.75,3.5,33.816,35.909,0.1369,17.106
Hyderabad,17.385,78.4867,warm_humid,3.0,3.0,2.6,135.0,concrete,0.1,brick,0.23,eps,0.05,north,0.9,0.6,0.75,5.8,34.937,37.62,0.0714,17.121
Hyderabad,17.385,78.4867,warm_humid,3.0,3.0,2.6,135.0,concrete,0.3,gi_sheet,0.002,mineral_wool,0.1,west,1.5,0.6,0.55,5.8,33.191,35.078,0.2143,17.103
Hyderabad,17.385,78.4867,warm_humid,3.0,3.0,2.6,0.0,concrete,0.3,brick,0.115,mineral_wool,0.05,east,1.2,0.6,0.55,3.5,34.009,36.31,0.1488,17.101
Hyderabad,17.385,78.4867,warm_humid,3.0,3.0,2.6,180.0,rammed_earth,0.3,puf_sandwich_panel,0.075,eps,0.025,south,0.9,0.9,0.45,5.8,33.69,35.696,0.1369,17.109
Hyderabad,17.385,78.4867,warm_humid,3.0,3.0,2.6,0.0,puf_sandwich_panel,0.05,gi_sheet,0.002,mineral_wool,0.1,east,0.6,1.5,0.35,5.8,33.122,36.828,0.369,17.287
Hyderabad,17.385,78.4867,warm_humid,3.0,3.0,2.6,0.0,brick,0.345,rcc_slab,0.15,mineral_wool,0.05,north,1.5,1.2,0.75,5.8,34.235,36.557,0.125,17.102
Hyderabad,17.385,78.4867,warm_humid,3.0,3.0,2.6,180.0,rammed_earth,0.3,concrete,0.1,mineral_wool,0.1,west,1.2,0.6,0.85,5.8,33.416,35.417,0.2083,17.106
Hyderabad,17.385,78.4867,warm_humid,3.0,3.0,2.6,0.0,rammed_earth,0.15,concrete,0.1,none,0.0,south,0.9,1.2,0.75,3.5,39.494,46.586,0.0595,17.124
Hyderabad,17.385,78.4867,warm_humid,3.0,3.0,2.6,90.0,brick,0.23,gi_sheet,0.002,eps,0.1,west,0.6,1.5,0.55,2.6,33.081,34.84,0.1726,17.114
Hyderabad,17.385,78.4867,warm_humid,3.0,3.0,2.6,90.0,concrete,0.15,rcc_slab,0.2,mineral_wool,0.1,west,0.9,0.9,0.35,3.5,33.113,34.882,0.1786,17.112
Hyderabad,17.385,78.4867,warm_humid,3.0,3.0,2.6,0.0,plywood,0.012,gi_sheet,0.002,mineral_wool,0.025,east,0.6,1.2,0.85,3.5,36.8,45.873,0.2679,17.29
Hyderabad,17.385,78.4867,warm_humid,3.0,3.0,2.6,0.0,brick,0.115,brick,0.115,mineral_wool,0.05,north,1.8,1.2,0.35,2.6,34.954,38.062,0.0714,17.131
Hyderabad,17.385,78.4867,warm_humid,3.0,3.0,2.6,135.0,concrete,0.15,gi_sheet,0.002,none,0.0,north,0.9,0.6,0.35,5.8,40.023,48.475,0.0536,17.122
Hyderabad,17.385,78.4867,warm_humid,3.0,3.0,2.6,135.0,concrete,0.1,concrete,0.1,none,0.0,west,1.8,1.5,0.65,2.6,40.666,50.759,0.0595,16.34
Hyderabad,17.385,78.4867,warm_humid,3.0,3.0,2.6,180.0,puf_sandwich_panel,0.05,brick,0.23,mineral_wool,0.05,north,0.9,1.2,0.75,3.5,34.093,37.192,0.131,17.166
Hyderabad,17.385,78.4867,warm_humid,3.0,3.0,2.6,135.0,concrete,0.3,gi_sheet,0.002,none,0.0,north,1.5,0.6,0.55,2.6,39.4,44.745,0.0595,17.103
Hyderabad,17.385,78.4867,warm_humid,3.0,3.0,2.6,45.0,brick,0.115,puf_sandwich_panel,0.075,mineral_wool,0.025,east,1.5,1.5,0.35,3.5,35.679,39.496,0.0655,17.143
Hyderabad,17.385,78.4867,warm_humid,3.0,3.0,2.6,45.0,rammed_earth,0.3,rcc_slab,0.15,none,0.0,west,0.6,0.6,0.45,2.6,38.12,42.509,0.0655,17.105
Hyderabad,17.385,78.4867,warm_humid,3.0,3.0,2.6,135.0,puf_sandwich_panel,0.1,brick,0.23,none,0.0,south,1.2,1.5,0.65,2.6,36.872,42.607,0.0595,17.166
Hyderabad,17.385,78.4867,warm_humid,3.0,3.0,2.6,45.0,gi_sheet,0.002,gi_sheet,0.002,eps,0.1,north,1.8,0.6,0.45,2.6,34.421,39.781,0.3036,17.269
Hyderabad,17.385,78.4867,warm_humid,3.0,3.0,2.6,0.0,brick,0.23,concrete,0.15,eps,0.05,east,1.8,0.6,0.75,2.6,34.89,37.511,0.0833,17.109
Hyderabad,17.385,78.4867,warm_humid,3.0,3.0,2.6,135.0,puf_sandwich_panel,0.075,rcc_slab,0.25,mineral_wool,0.025,north,1.8,1.2,0.35,5.8,35.039,38.4,0.0655,17.152
Hyderabad,17.385,78.4867,warm_humid,3.0,3.0,2.6,45.0,rammed_earth,0.45,puf_sandwich_panel,0.05,mineral_wool,0.05,east,1.2,0.6,0.65,3.5,32.93,34.735,0.2202,17.1
Hyderabad,17.385,78.4867,warm_humid,3.0,3.0,2.6,45.0,rammed_earth,0.3,brick,0.115,mineral_wool,0.025,south,0.6,1.5,0.35,5.8,34.78,37.39,0.0833,17.106
Hyderabad,17.385,78.4867,warm_humid,3.0,3.0,2.6,45.0,plywood,0.05,puf_sandwich_panel,0.15,eps,0.05,east,0.6,1.2,0.35,3.5,33.707,37.885,0.3155,17.255
Hyderabad,17.385,78.4867,warm_humid,3.0,3.0,2.6,180.0,concrete,0.1,puf_sandwich_panel,0.075,mineral_wool,0.025,north,1.2,1.5,0.45,2.6,35.646,39.477,0.0655,17.14
Hyderabad,17.385,78.4867,warm_humid,3.0,3.0,2.6,180.0,puf_sandwich_panel,0.1,rcc_slab,0.2,eps,0.1,east,1.2,0.9,0.75,5.8,33.401,36.11,0.1726,17.163
Hyderabad,17.385,78.4867,warm_humid,3.0,3.0,2.6,0.0,puf_sandwich_panel,0.075,concrete,0.2,eps,0.025,west,1.8,1.5,0.55,2.6,35.79,40.695,0.0655,17.164
Hyderabad,17.385,78.4867,warm_humid,3.0,3.0,2.6,45.0,puf_sandwich_panel,0.15,brick,0.23,eps,0.05,south,1.5,1.2,0.75,3.5,34.684,38.386,0.0833,17.165
Hyderabad,17.385,78.4867,warm_humid,3.0,3.0,2.6,45.0,gi_sheet,0.002,puf_sandwich_panel,0.1,eps,0.05,north,1.8,1.2,0.75,5.8,36.276,43.578,0.2679,17.28
Hyderabad,17.385,78.4867,warm_humid,3.0,3.0,2.6,45.0,gi_sheet,0.002,rcc_slab,0.25,eps,0.1,south,0.6,1.5,0.55,5.8,34.092,37.093,0.1071,17.148
Hyderabad,17.385,78.4867,warm_humid,3.0,3.0,2.6,135.0,brick,0.115,gi_sheet,0.002,mineral_wool,0.025,north,1.8,0.6,0.65,2.6,36.641,40.963,0.0595,17.14
Hyderabad,17.385,78.4867,warm_humid,3.0,3.0,2.6,90.0,concrete,0.1,concrete,0.2,none,0.0,north,0.6,0.6,0.75,2.6,39.553,47.057,0.0536,17.12
Hyderabad,17.385,78.4867,warm_humid,3.0,3.0,2.6,180.0,rammed_earth,0.3,concrete,0.2,eps,0.025,west,1.5,1.2,0.85,5.8,36.33,39.694,0.0714,17.104
Hyderabad,17.385,78.4867,warm_humid,3.0,3.0,2.6,180.0,rammed_earth,0.45,puf_sandwich_panel,0.1,mineral_wool,0.05,east,1.8,0.9,0.55,5.8,33.25,35.224,0.2202,17.101
Hyderabad,17.385,78.4867,warm_humid,3.0,3.0,2.6,135.0,brick,0.345,rcc_slab,0.1,mineral_wool,0.025,south,1.8,1.2,0.55,5.8,35.42,38.36,0.0833,17.103
Hyderabad,17.385,78.4867,warm_humid,3.0,3.0,2.6,45.0,puf_sandwich_panel,0.15,puf_sandwich_panel,0.1,mineral_wool,0.025,south,1.8,1.5,0.45,3.5,34.06,40.338,0.3512,17.303
Hyderabad,17.385,78.4867,warm_humid,3.0,3.0,2.6,135.0,plywood,0.012,brick,0.23,eps,0.05,west,0.9,1.5,0.85,3.5,36.049,40.41,0.0595,17.165
Hyderabad,17.385,78.4867,warm_humid,3.0,3.0,2.6,45.0,concrete,0.3,brick,0.23,mineral_wool,0.025,west,0.9,0.9,0.75,5.8,34.923,37.642,0.0893,17.1
Hyderabad,17.385,78.4867,warm_humid,3.0,3.0,2.6,135.0,puf_sandwich_panel,0.15,brick,0.115,eps,0.025,north,1.2,1.2,0.35,5.8,34.698,38.944,0.2024,17.204
Hyderabad,17.385,78.4867,warm_humid,3.0,3.0,2.6,180.0,gi_sheet,0.002,rcc_slab,0.25,eps,0.025,east,1.5,0.6,0.45,5.8,36.274,41.037,0.0595,17.149
Hyderabad,17.385,78.4867,warm_humid,3.0,3.0,2.6,0.0,gi_sheet,0.002,rcc_slab,0.15,eps,0.025,south,1.2,1.2,0.75,2.6,36.814,43.287,0.119,17.174
Hyderabad,17.385,78.4867,warm_humid,3.0,3.0,2.6,135.0,puf_sandwich_panel,0.05,puf_sandwich_panel,0.15,eps,0.1,west,0.6,0.9,0.65,3.5,32.537,35.747,0.4167,17.309
Hyderabad,17.385,78.4867,warm_humid,3.0,3.0,2.6,45.0,concrete,0.2,gi_sheet,0.002,none,0.0,east,0.9,1.2,0.65,3.5,40.007,47.072,0.0536,17.113
Hyderabad,17.385,78.4867,warm_humid,3.0,3.0,2.6,45.0,concrete,0.15,gi_sheet,0.002,eps,0.05,east,1.5,1.5,0.35,5.8,35.264,38.271,0.0714,17.124
Hyderabad,17.385,78.4867,warm_humid,3.0,3.0,2.6,135.0,brick,0.115,puf_sandwich_panel,0.15,eps,0.1,east,1.2,0.9,0.45,2.6,33.589,35.94,0.1071,17.14
Hyderabad,17.385,78.4867,warm_humid,3.0,3.0,2.6,135.0,rammed_earth,0.15,brick,0.23,mineral_wool,0.05,south,0.6,1.2,0.75,3.5,34.38,36.817,0.0833,17.117
Hyderabad,17.385,78.4867,warm_humid,3.0,3.0,2.6,0.0,brick,0.345,concrete,0.1,mineral_wool,0.1,east,1.8,1.5,0.45,2.6,34.355,36.834,0.119,17.103
Hyderabad,17.385,78.4867,warm_humid,3.0,3.0,2.6,180.0,puf_sandwich_panel,0.05,rcc_slab,0.15,none,0.0,west,0.6,0.6,0.75,2.6,38.46,46.894,0.0714,17.181
Hyderabad,17.385,78.4867,warm_humid,3.0,3.0,2.6,90.0,puf_sandwich_panel,0.075,rcc_slab,0.2,eps,0.1,east,0.6,1.5,0.45,3.5,32.751,34.909,0.3036,17.164
Hyderabad,17.385,78.4867,warm_humid,3.0,3.0,2.6,180.0,plywood,0.05,gi_sheet,0.002,none,0.0,west,1.8,1.2,0.55,5.8,40.364,56.056,0.2738,14.352
Hyderabad,17.385,78.4867,warm_humid,3.0,3.0,2.6,45.0,puf_sandwich_panel,0.15,puf_sandwich_panel,0.15,mineral_wool,0.05,east,1.8,1.5,0.55,2.6,34.953,40.205,0.2798,17.296
Hyderabad,17.385,78.4867,warm_humid,3.0,3.0,2.6,180.0,puf_sandwich_panel,0.075,concrete,0.1,eps,0.025,south,0.6,0.6,0.65,3.5,34.233,38.203,0.2262,17.205
Hyderabad,17.385,78.4867,warm_humid,3.0,3.0,2.6,0.0,plywood,0.019,concrete,0.1,none,0.0,west,1.2,0.9,0.75,5.8,40.039,54.206,0.2262,14.404
Hyderabad,17.385,78.4867,warm_humid,3.0,3.0,2.6,90.0,gi_sheet,0.002,brick,0.23,eps,0.025,east,1.8,1.2,0.85,3.5,37.084,43.19,0.0714,17.162
Hyderabad,17.385,78.4867,warm_humid,3.0,3.0,2.6,0.0,puf_sandwich_panel,0.075,brick,0.23,mineral_wool,0.1,west,1.5,0.6,0.85,3.5,33.377,36.063,0.1786,17.163
Hyderabad,17.385,78.4867,warm_humid,3.0,3.0,2.6,135.0,plywood,0.05,concrete,0.2,none,0.0,north,0.9,1.5,0.55,3.5,39.175,47.834,0.0595,17.156
Hyderabad,17.385,78.4867,warm_humid,3.0,3.0,2.6,45.0,puf_sandwich_panel,0.075,brick,0.115,eps,0.1,north,0.6,0.6,0.45,5.8,32.509,34.905,0.375,17.205
Hyderabad,17.385,78.4867,warm_humid,3.0,3.0,2.6,135.0,puf_sandwich_panel,0.075,gi_sheet,0.002,mineral_wool,0.025,west,1.8,1.2,0.45,2.6,35.571,42.575,0.2798,17.301
Hyderabad,17.385,78.4867,warm_humid,3.0,3.0,2.6,180.0,rammed_earth,0.3,concrete,0.1,mineral_wool,0.025,north,1.2,1.5,0.85,3.5,35.836,38.844,0.0774,17.107
Hyderabad,17.385,78.4867,warm_humid,3.0,3.0,2.6,180.0,rammed_earth,0.15,brick,0.115,mineral_wool,0.025,north,0.9,1.5,0.35,3.5,35.662,39.009,0.0714,17.124
Hyderabad,17.385,78.4867,warm_humid,3.0,3.0,2.6,135.0,plywood,0.05,concrete,0.1,eps,0.1,south,1.8,1.5,0.55,2.6,34.925,39.514,0.1607,17.186
Hyderabad,17.385,78.4867,warm_humid,3.0,3.0,2.6,45.0,puf_sandwich_panel,0.15,concrete,0.1,none,0.0,south,0.9,1.5,0.55,2.6,39.131,49.936,0.1369,17.202
Hyderabad,17.385,78.4867,warm_humid,3.0,3.0,2.6,90.0,brick,0.345,brick,0.115,none,0.0,west,0.6,1.2,0.85,5.8,37.79,41.848,0.0655,17.102
Hyderabad,17.385,78.4867,warm_humid,3.0,3.0,2.6,135.0,rammed_earth,0.3,brick,0.23,eps,0.1,south,1.5,0.6,0.55,5.8,32.832,34.548,0.2262,17.104
Hyderabad,17.385,78.4867,warm_humid,3.0,3.0,2.6,135.0,puf_sandwich_panel,0.15,concrete,0.15,mineral_wool,0.1,north,1.2,1.5,0.45,3.5,33.803,36.558,0.1667,17.175
Hyderabad,17.385,78.4867,warm_humid,3.0,3.0,2.6,45.0,puf_sandwich_panel,0.05,rcc_slab,0.1,eps,0.05,south,1.8,0.9,0.75,3.5,35.015,40.113,0.2024,17.205
Hyderabad,17.385,78.4867,warm_humid,3.0,3.0,2.6,0.0,gi_sheet,0.002,rcc_slab,0.1,mineral_wool,0.05,east,1.2,0.6,0.55,3.5,35.378,40.359,0.1786,17.192
Hyderabad,17.385,78.4867,warm_humid,3.0,3.0,2.6,180.0,rammed_earth,0.45,brick,0.23,eps,0.05,east,1.8,0.6,0.85,5.8,33.616,35.934,0.2143,17.098
Hyderabad,17.385,78.4867,warm_humid,3.0,3.0,2.6,45.0,concrete,0.1,brick,0.23,mineral_wool,0.05,south,0.9,1.5,0.55,5.8,35.063,38.022,0.0774,17.121
Hyderabad,17.385,78.4867,warm_humid,3.0,3.0,2.6,0.0,gi_sheet,0.002,rcc_slab,0.25,none,0.0,east,1.5,1.5,0.35,5.8,39.382,50.582,0.1905,14.05
Hyderabad,17.385,78.4867,warm_humid,3.0,3.0,2.6,90.0,rammed_earth,0.45,concrete,0.2,mineral_wool,0.025,south,1.8,0.6,0.55,3.5,34.194,36.702,0.1488,17.098
Hyderabad,17.385,78.4867,warm_humid,3.0,3.0,2.6,90.0,concrete,0.2,gi_sheet,0.002,eps,0.1,east,1.8,1.5,0.45,3.5,34.254,36.616,0.0893,17.115
Hyderabad,17.385,78.4867,warm_humid,3.0,3.0,2.6,45.0,gi_sheet,0.002,rcc_slab,0.1,eps,0.05,north,1.2,1.5,0.65,2.6,36.206,41.939,0.1369,17.194
Hyderabad,17.385,78.4867,warm_humid,3.0,3.0,2.6,180.0,brick,0.115,brick,0.115,eps,0.05,south,0.6,0.9,0.35,2.6,34.584,37.28,0.0714,17.129
Hyderabad,17.385,78.4867,warm_humid,3.0,3.0,2.6,45.0,rammed_earth,0.15,rcc_slab,0.15,mineral_wool,0.025,east,1.2,1.2,0.85,3.5,36.676,40.336,0.0655,17.12
Hyderabad,17.385,78.4867,warm_humid,3.0,3.0,2.6,135.0,rammed_earth,0.15,puf_sandwich_panel,0.05,eps,0.05,north,0.6,1.5,0.35,2.6,33.984,36.373,0.1012,17.132
Hyderabad,17.385,78.4867,warm_humid,3.0,3.0,2.6,0.0,gi_sheet,0.002,rcc_slab,0.15,mineral_wool,0.05,west,1.2,0.6,0.65,3.5,35.197,39.819,0.1369,17.172
Hyderabad,17.385,78.4867,warm_humid,3.0,3.0,2.6,0.0,puf_sandwich_panel,0.15,brick,0.115,eps,0.1,east,0.9,1.2,0.45,2.6,33.265,35.978,0.2798,17.203
Hyderabad,17.385,78.4867,warm_humid,3.0,3.0,2.6,90.0,plywood,0.019,gi_sheet,0.002,eps,0.025,north,1.2,1.2,0.35,5.8,36.373,44.754,0.2738,17.285
Hyderabad,17.385,78.4867,warm_humid,3.0,3.0,2.6,45.0,brick,0.345,concrete,0.2,eps,0.1,west,1.5,1.5,0.55,5.8,33.543,35.641,0.2083,17.101
Hyderabad,17.385,78.4867,warm_humid,3.0,3.0,2.6,45.0,concrete,0.2,puf_sandwich_panel,0.15,eps,0.1,east,1.2,0.6,0.45,3.5,33.006,34.713,0.2143,17.113
Hyderabad,17.385,78.4867,warm_humid,3.0,3.0,2.6,135.0,gi_sheet,0.002,puf_sandwich_panel,0.15,eps,0.1,south,1.8,1.2,0.85,5.8,35.582,43.186,0.2679,17.276
Hyderabad,17.385,78.4867,warm_humid,3.0,3.0,2.6,45.0,gi_sheet,0.002,gi_sheet,0.002,eps,0.05,east,0.6,1.2,0.75,3.5,35.54,42.492,0.2857,17.271
Hyderabad,17.385,78.4867,warm_humid,3.0,3.0,2.6,0.0,brick,0.23,puf_sandwich_panel,0.075,eps,0.1,north,1.5,1.2,0.45,3.5,33.271,35.155,0.1488,17.115
Hyderabad,17.385,78.4867,warm_humid,3.0,3.0,2.6,180.0,gi_sheet,0.002,concrete,0.15,eps,0.05,east,0.9,1.5,0.65,2.6,35.845,40.93,0.1071,17.174
Hyderabad,17.385,78.4867,warm_humid,3.0,3.0,2.6,180.0,puf_sandwich_panel,0.075,rcc_slab,0.1,none,0.0,north,1.5,1.5,0.45,3.5,39.167,50.196,0.1548,17.205
Hyderabad,17.385,78.4867,warm_humid,3.0,3.0,2.6,45.0,plywood,0.012,puf_sandwich_panel,0.15,mineral_wool,0.1,south,1.5,1.2,0.65,3.5,34.748,41.659,0.3036,17.283
Hyderabad,17.385,78.4867,warm_humid,3.0,3.0,2.6,45.0,plywood,0.019,brick,0.115,mineral_wool,0.1,north,1.5,1.5,0.75,3.5,35.967,40.902,0.119,17.195
Hyderabad,17.385,78.4867,warm_humid,3.0,3.0,2.6,135.0,plywood,0.05,gi_sheet,0.002,mineral_wool,0.025,south,1.8,0.9,0.35,2.6,35.895,43.436,0.256,17.25
Hyderabad,17.385,78.4867,warm_humid,3.0,3.0,2.6,180.0,gi_sheet,0.002,concrete,0.2,eps,0.1,east,1.5,0.9,0.85,3.5,35.279,39.283,0.0655,17.159
Hyderabad,17.385,78.4867,warm_humid,3.0,3.0,2.6,135.0,puf_sandwich_panel,0.15,concrete,0.15,mineral_wool,0.1,south,1.5,0.9,0.45,3.5,32.951,35.499,0.2857,17.175
Hyderabad,17.385,78.4867,warm_humid,3.0,3.0,2.6,180.0,concrete,0.1,gi_sheet,0.002,none,0.0,north,0.6,1.2,0.35,2.6,40.097,50.943,0.131,15.333
Hyderabad,17.385,78.4867,warm_humid,3.0,3.0,2.6,0.0,gi_sheet,0.002,concrete,0.2,mineral_wool,0.1,east,1.8,1.2,0.35,2.6,34.943,38.49,0.0833,17.157
Hyderabad,17.385,78.4867,warm_humid,3.0,3.0,2.6,135.0,concrete,0.2,rcc_slab,0.2,mineral_wool,0.1,west,1.2,0.6,0.45,3.5,33.249,35.102,0.2083,17.106
Hyderabad,17.385,78.4867,warm_humid,3.0,3.0,2.6,180.0,concrete,0.1,concrete,0.15,eps,0.025,east,1.5,1.5,0.75,3.5,37.256,41.829,0.0655,17.125
Hyderabad,17.385,78.4867,warm_humid,3.0,3.0,2.6,135.0,plywood,0.019,puf_sandwich_panel,0.05,none,0.0,west,1.8,0.9,0.55,3.5,37.921,48.951,0.2976,14.466
Hyderabad,17.385,78.4867,warm_humid,3.0,3.0,2.6,45.0,concrete,0.3,concrete,0.15,eps,0.1,south,0.6,1.2,0.45,2.6,32.757,34.485,0.244,17.101
Hyderabad,17.385,78.4867,warm_humid,3.0,3.0,2.6,0.0,rammed_earth,0.45,brick,0.115,eps,0.05,north,0.6,1.2,0.55,2.6,33.085,34.988,0.2202,17.099
Hyderabad,17.385,78.4867,warm_humid,3.0,3.0,2.6,180.0,plywood,0.03,brick,0.115,mineral_wool,0.025,east,1.8,1.2,0.75,2.6,37.242,45.21,0.1488,17.195
Hyderabad,17.385,78.4867,warm_humid,3.0,3.0,2.6,0.0,concrete,0.15,gi_sheet,0.002,mineral_wool,0.1,west,1.5,1.5,0.75,5.8,35.223,38.414,0.0774,17.123
Hyderabad,17.385,78.4867,warm_humid,3.0,3.0,2.6,180.0,gi_sheet,0.002,rcc_slab,0.15,mineral_wool,0.05,south,0.6,1.2,0.65,2.6,35.238,39.45,0.119,17.172
Hyderabad,17.385,78.4867,warm_humid,3.0,3.0,2.6,45.0,rammed_earth,0.15,gi_sheet,0.002,mineral_wool,0.025,south,1.5,0.6,0.65,5.8,35.84,39.597,0.0655,17.131
Hyderabad,17.385,78.4867,warm_humid,3.0,3.0,2.6,135.0,rammed_earth,0.15,brick,0.23,mineral_wool,0.1,east,1.8,0.6,0.75,5.8,33.893,36.108,0.1131,17.117
Hyderabad,17.385,78.4867,warm_humid,3.0,3.0,2.6,90.0,concrete,0.1,puf_sandwich_panel,0.075,none,0.0,east,1.2,1.5,0.45,2.6,38.19,45.772,0.0952,16.744
Hyderabad,17.385,78.4867,warm_humid,3.0,3.0,2.6,90.0,plywood,0.03,brick,0.115,eps,0.1,north,1.5,0.9,0.35,3.5,34.115,37.586,0.2143,17.194
Hyderabad,17.385,78.4867,warm_humid,3.0,3.0,2.6,0.0,puf_sandwich_panel,0.1,rcc_slab,0.1,none,0.0,north,0.9,0.9,0.85,5.8,38.991,49.299,0.1369,17.204
Hyderabad,17.385,78.4867,warm_humid,3.0,3.0,2.6,180.0,rammed_earth,0.3,puf_sandwich_panel,0.15,mineral_wool,0.025,west,0.6,1.2,0.45,5.8,33.752,35.777,0.1369,17.109
Hyderabad,17.385,78.4867,warm_humid,3.0,3.0,2.6,90.0,rammed_earth,0.15,brick,0.23,eps,0.1,south,0.6,1.2,0.45,2.6,33.13,34.969,0.1548,17.117
Hyderabad,17.385,78.4867,warm_humid,3.0,3.0,2.6,90.0,plywood,0.012,gi_sheet,0.002,none,0.0,east,0.9,0.6,0.65,2.6,40.071,56.855,0.3095,12.812
Hyderabad,17.385,78.4867,warm_humid,3.0,3.0,2.6,135.0,concrete,0.15,puf_sandwich_panel,0.15,mineral_wool,0.05,east,0.6,1.5,0.55,3.5,34.164,36.557,0.0952,17.122
Hyderabad,17.385,78.4867,warm_humid,3.0,3.0,2.6,0.0,concrete,0.1,gi_sheet,0.002,eps,0.025,north,1.8,0.9,0.85,3.5,36.656,41.37,0.0595,17.139
Hyderabad,17.385,78.4867,warm_humid,3.0,3.0,2.6,135.0,concrete,0.3,brick,0.115,mineral_wool,0.1,north,1.2,0.9,0.75,3.5,33.698,35.886,0.2024,17.101
Hyderabad,17.385,78.4867,warm_humid,3.0,3.0,2.6,135.0,gi_sheet,0.002,gi_sheet,0.002,eps,0.025,east,1.8,0.9,0.85,5.8,37.405,48.225,0.2679,16.741
Hyderabad,17.385,78.4867,warm_humid,3.0,3.0,2.6,135.0,brick,0.115,gi_sheet,0.002,none,0.0,west,1.8,0.9,0.55,2.6,40.486,51.143,0.0774,16.296
Hyderabad,17.385,78.4867,warm_humid,3.0,3.0,2.6,180.0,puf_sandwich_panel,0.15,concrete,0.2,mineral_wool,0.025,west,1.8,0.6,0.45,5.8,34.533,37.672,0.0833,17.163
Hyderabad,17.385,78.4867,warm_humid,3.0,3.0,2.6,45.0,rammed_earth,0.15,concrete,0.15,mineral_wool,0.05,south,1.5,0.9,0.45,3.5,34.6,37.264,0.0774,17.12
Hyderabad,17.385,78.4867,warm_humid,3.0,3.0,2.6,0.0,concrete,0.3,concrete,0.2,mineral_wool,0.1,west,0.6,1.2,0.45,5.8,32.715,34.463,0.2619,17.1
Hyderabad,17.385,78.4867,warm_humid,3.0,3.0,2.6,135.0,concrete,0.15,brick,0.23,mineral_wool,0.025,west,1.2,0.6,0.85,3.5,35.971,39.132,0.0714,17.112
Hyderabad,17.385,78.4867,warm_humid,3.0,3.0,2.6,0.0,plywood,0.019,rcc_slab,0.2,eps,0.025,north,0.9,0.9,0.85,3.5,36.077,41.012,0.0714,17.161
Hyderabad,17.385,78.4867,warm_humid,3.0,3.0,2.6,90.0,brick,0.345,rcc_slab,0.15,eps,0.025,east,0.6,1.2,0.65,3.5,34.641,37.183,0.1012,17.101
Hyderabad,17.385,78.4867,warm_humid,3.0,3.0,2.6,45.0,concrete,0.3,concrete,0.15,none,0.0,west,0.6,0.9,0.55,5.8,38.71,43.367,0.0655,17.1
Hyderabad,17.385,78.4867,warm_humid,3.0,3.0,2.6,0.0,concrete,0.15,brick,0.115,mineral_wool,0.1,north,1.8,1.2,0.65,3.5,34.408,36.883,0.0833,17.118
Hyderabad,17.385,78.4867,warm_humid,3.0,3.0,2.6,180.0,concrete,0.2,puf_sandwich_panel,0.075,mineral_wool,0.1,west,0.9,1.2,0.65,5.8,33.975,36.106,0.119,17.113
Hyderabad,17.385,78.4867,warm_humid,3.0,3.0,2.6,45.0,concrete,0.2,concrete,0.1,mineral_wool,0.1,east,1.5,1.5,0.55,2.6,34.754,37.252,0.0774,17.11
Hyderabad,17.385,78.4867,warm_humid,3.0,3.0,2.6,180.0,puf_sandwich_panel,0.15,brick,0.23,eps,0.1,north,0.9,0.9,0.65,2.6,32.731,34.86,0.3036,17.164
Hyderabad,17.385,78.4867,warm_humid,3.0,3.0,2.6,90.0,rammed_earth,0.3,concrete,0.15,eps,0.05,east,0.6,0.9,0.65,5.8,33.533,35.522,0.1786,17.105
Hyderabad,17.385,78.4867,warm_humid,3.0,3.0,2.6,180.0,brick,0.345,brick,0.23,eps,0.05,east,0.9,1.2,0.55,3.5,33.742,35.972,0.2083,17.101
Hyderabad,17.385,78.4867,warm_humid,3.0,3.0,2.6,135.0,rammed_earth,0.3,rcc_slab,0.2,mineral_wool,0.025,north,1.5,0.6,0.65,5.8,35.056,37.767,0.0833,17.104
Hyderabad,17.385,78.4867,warm_humid,3.0,3.0,2.6,45.0,rammed_earth,0.3,gi_sheet,0.002,mineral_wool,0.025,south,1.8,1.2,0.35,5.8,35.246,38.105,0.0774,17.11
Hyderabad,17.385,78.4867,warm_humid,3.0,3.0,2.6,0.0,plywood,0.019,puf_sandwich_panel,0.15,mineral_wool,0.025,west,0.6,1.2,0.35,2.6,34.837,41.567,0.3095,17.288
Hyderabad,17.385,78.4867,warm_humid,3.0,3.0,2.6,135.0,concrete,0.1,puf_sandwich_panel,0.1,eps,0.025,west,0.9,0.9,0.45,5.8,35.332,38.773,0.0655,17.139
Hyderabad,17.385,78.4867,warm_humid,3.0,3.0,2.6,90.0,plywood,0.03,gi_sheet,0.002,eps,0.05,west,1.8,0.9,0.35,2.6,34.752,40.768,0.3036,17.271
Hyderabad,17.385,78.4867,warm_humid,3.0,3.0,2.6,90.0,plywood,0.05,brick,0.23,eps,0.05,east,1.5,0.9,0.85,5.8,35.165,38.95,0.0655,17.157
Hyderabad,17.385,78.4867,warm_humid,3.0,3.0,2.6,0.0,plywood,0.03,brick,0.115,mineral_wool,0.025,south,1.5,1.2,0.55,3.5,36.442,42.968,0.1667,17.195
Hyderabad,17.385,78.4867,warm_humid,3.0,3.0,2.6,90.0,gi_sheet,0.002,rcc_slab,0.2,mineral_wool,0.025,north,1.8,0.6,0.55,5.8,36.498,41.669,0.0714,17.159
Hyderabad,17.385,78.4867,warm_humid,3.0,3.0,2.6,180.0,puf_sandwich_panel,0.15,concrete,0.2,eps,0.05,west,1.2,1.2,0.65,3.5,34.69,37.796,0.0774,17.163
Hyderabad,17.385,78.4867,warm_humid,3.0,3.0,2.6,0.0,plywood,0.012,rcc_slab,0.25,none,0.0,south,0.6,0.6,0.75,2.6,39.2,49.071,0.1369,15.862
Hyderabad,17.385,78.4867,warm_humid,3.0,3.0,2.6,135.0,puf_sandwich_panel,0.1,concrete,0.1,mineral_wool,0.1,north,1.2,1.2,0.55,3.5,33.886,37.0,0.2202,17.198
Hyderabad,17.385,78.4867,warm_humid,3.0,3.0,2.6,135.0,concrete,0.15,rcc_slab,0.1,eps,0.1,west,0.6,1.2,0.55,2.6,33.719,35.758,0.119,17.116
Hyderabad,17.385,78.4867,warm_humid,3.0,3.0,2.6,135.0,puf_sandwich_panel,0.075,rcc_slab,0.25,none,0.0,south,0.9,1.5,0.85,3.5,37.956,44.215,0.0595,17.153
Hyderabad,17.385,78.4867,warm_humid,3.0,3.0,2.6,135.0,brick,0.23,rcc_slab,0.1,eps,0.05,east,0.9,0.9,0.45,5.8,34.185,36.501,0.1131,17.111
Hyderabad,17.385,78.4867,warm_humid,3.0,3.0,2.6,45.0,gi_sheet,0.002,gi_sheet,0.002,mineral_wool,0.1,north,1.5,0.9,0.35,3.5,34.402,39.609,0.2857,17.259
Hyderabad,17.385,78.4867,warm_humid,3.0,3.0,2.6,0.0,brick,0.23,concrete,0.15,mineral_wool,0.025,north,0.6,1.5,0.45,3.5,35.149,37.892,0.0774,17.109
Hyderabad,17.385,78.4867,warm_humid,3.0,3.0,2.6,180.0,concrete,0.2,gi_sheet,0.002,none,0.0,west,1.8,0.6,0.75,3.5,39.96,46.904,0.0536,17.113
Hyderabad,17.385,78.4867,warm_humid,3.0,3.0,2.6,90.0,plywood,0.012,brick,0.23,mineral_wool,0.025,east,1.8,0.9,0.55,3.5,36.275,41.568,0.0833,17.164
Hyderabad,17.385,78.4867,warm_humid,3.0,3.0,2.6,45.0,brick,0.115,concrete,0.2,mineral_wool,0.1,east,1.2,1.5,0.55,2.6,34.677,37.193,0.0774,17.121
Hyderabad,17.385,78.4867,warm_humid,3.0,3.0,2.6,180.0,gi_sheet,0.002,concrete,0.2,mineral_wool,0.1,west,1.8,1.5,0.45,5.8,35.906,39.822,0.0595,17.157
Hyderabad,17.385,78.4867,warm_humid,3.0,3.0,2.6,45.0,puf_sandwich_panel,0.075,puf_sandwich_panel,0.1,eps,0.025,south,0.6,0.9,0.65,5.8,32.734,36.764,0.4167,17.315
Hyderabad,17.385,78.4867,warm_humid,3.0,3.0,2.6,45.0,concrete,0.3,concrete,0.1,mineral_wool,0.05,east,1.5,0.9,0.45,2.6,34.276,36.649,0.125,17.102
Hyderabad,17.385,78.4867,warm_humid,3.0,3.0,2.6,0.0,concrete,0.3,gi_sheet,0.002,mineral_wool,0.025,south,0.9,1.5,0.35,5.8,35.097,37.799,0.0833,17.104
Hyderabad,17.385,78.4867,warm_humid,3.0,3.0,2.6,0.0,plywood,0.05,puf_sandwich_panel,0.075,mineral_wool,0.025,west,1.2,0.6,0.35,5.8,34.389,39.797,0.2917,17.255
Hyderabad,17.385,78.4867,warm_humid,3.0,3.0,2.6,135.0,plywood,0.012,brick,0.115,none,0.0,south,0.9,0.9,0.55,3.5,39.651,53.063,0.244,14.054
Hyderabad,17.385,78.4867,warm_humid,3.0,3.0,2.6,135.0,concrete,0.3,puf_sandwich_panel,0.05,none,0.0,south,1.8,0.6,0.75,2.6,36.935,40.595,0.0655,17.104
Hyderabad,17.385,78.4867,warm_humid,3.0,3.0,2.6,0.0,rammed_earth,0.45,concrete,0.2,eps,0.025,south,0.9,0.6,0.85,2.6,34.01,36.394,0.1845,17.097
Hyderabad,17.385,78.4867,warm_humid,3.0,3.0,2.6,90.0,rammed_earth,0.45,puf_sandwich_panel,0.15,mineral_wool,0.05,north,1.5,1.2,0.55,2.6,33.67,35.845,0.2024,17.101
Hyderabad,17.385,78.4867,warm_humid,3.0,3.0,2.6,180.0,gi_sheet,0.002,brick,0.23,eps,0.025,west,0.9,1.2,0.65,2.6,36.806,42.125,0.0714,17.161
Hyderabad,17.385,78.4867,warm_humid,3.0,3.0,2.6,0.0,concrete,0.2,concrete,0.15,mineral_wool,0.025,west,1.5,1.2,0.85,3.5,36.478,40.044,0.0714,17.109
Hyderabad,17.385,78.4867,warm_humid,3.0,3.0,2.6,90.0,plywood,0.012,rcc_slab,0.25,eps,0.025,east,1.8,0.6,0.45,5.8,35.963,40.53,0.0655,17.152
Hyderabad,17.385,78.4867,warm_humid,3.0,3.0,2.6,0.0,gi_sheet,0.002,puf_sandwich_panel,0.075,mineral_wool,0.05,south,1.2,0.6,0.75,3.5,34.744,41.069,0.3036,17.273
Hyderabad,17.385,78.4867,warm_humid,3.0,3.0,2.6,0.0,brick,0.23,concrete,0.15,mineral_wool,0.025,south,1.2,0.9,0.45,2.6,35.288,38.094,0.0774,17.109
Hyderabad,17.385,78.4867,warm_humid,3.0,3.0,2.6,0.0,brick,0.115,brick,0.23,eps,0.1,south,1.5,0.6,0.35,5.8,33.455,35.502,0.125,17.122
Hyderabad,17.385,78.4867,warm_humid,3.0,3.0,2.6,0.0,gi_sheet,0.002,concrete,0.15,eps,0.05,south,1.2,0.9,0.35,2.6,35.047,39.527,0.1429,17.173
Hyderabad,17.385,78.4867,warm_humid,3.0,3.0,2.6,180.0,puf_sandwich_panel,0.075,gi_sheet,0.002,mineral_wool,0.1,north,0.9,0.6,0.75,3.5,32.801,36.434,0.4048,17.284
Hyderabad,17.385,78.4867,warm_humid,3.0,3.0,2.6,45.0,concrete,0.15,concrete,0.1,eps,0.025,south,0.6,0.6,0.45,3.5,35.712,38.905,0.0714,17.116
Hyderabad,17.385,78.4867,warm_humid,3.0,3.0,2.6,135.0,plywood,0.019,puf_sandwich_panel,0.1,eps,0.1,north,1.2,0.9,0.35,5.8,33.8,38.219,0.3214,17.288
Hyderabad,17.385,78.4867,warm_humid,3.0,3.0,2.6,180.0,rammed_earth,0.3,gi_sheet,0.002,eps,0.05,north,1.2,1.2,0.35,2.6,33.918,36.037,0.119,17.109
Hyderabad,17.385,78.4867,warm_humid,3.0,3.0,2.6,180.0,brick,0.115,rcc_slab,0.1,none,0.0,east,0.9,1.5,0.85,5.8,40.262,49.132,0.0536,17.13
Hyderabad,17.385,78.4867,warm_humid,3.0,3.0,2.6,0.0,gi_sheet,0.002,brick,0.115,eps,0.025,south,1.2,0.9,0.55,2.6,36.509,43.508,0.1964,17.196
Hyderabad,17.385,78.4867,warm_humid,3.0,3.0,2.6,0.0,brick,0.115,concrete,0.1,none,0.0,west,1.5,1.2,0.85,3.5,40.412,49.566,0.0536,17.13
Hyderabad,17.385,78.4867,warm_humid,3.0,3.0,2.6,90.0,puf_sandwich_panel,0.05,rcc_slab,0.15,mineral_wool,0.025,west,0.9,0.6,0.45,2.6,34.319,37.928,0.1667,17.18
Hyderabad,17.385,78.4867,warm_humid,3.0,3.0,2.6,0.0,brick,0.115,concrete,0.15,mineral_wool,0.025,west,1.8,1.5,0.55,2.6,36.857,41.277,0.0655,17.127
Hyderabad,17.385,78.4867,warm_humid,3.0,3.0,2.6,90.0,concrete,0.1,puf_sandwich_panel,0.05,none,0.0,south,1.5,1.5,0.65,3.5,38.574,46.785,0.0952,16.614
Hyderabad,17.385,78.4867,warm_humid,3.0,3.0,2.6,90.0,plywood,0.019,concrete,0.15,mineral_wool,0.1,south,0.9,0.6,0.35,2.6,33.394,36.228,0.2202,17.173
Hyderabad,17.385,78.4867,warm_humid,3.0,3.0,2.6,90.0,brick,0.115,rcc_slab,0.1,mineral_wool,0.1,east,1.2,0.9,0.45,2.6,33.665,35.89,0.1071,17.129
Hyderabad,17.385,78.4867,warm_humid,3.0,3.0,2.6,0.0,puf_sandwich_panel,0.05,gi_sheet,0.002,eps,0.1,north,0.9,0.9,0.35,3.5,32.72,36.448,0.4167,17.301
Hyderabad,17.385,78.4867,warm_humid,3.0,3.0,2.6,45.0,gi_sheet,0.002,gi_sheet,0.002,mineral_wool,0.025,west,1.8,1.5,0.85,2.6,37.733,49.748,0.2679,16.377
Hyderabad,17.385,78.4867,warm_humid,3.0,3.0,2.6,90.0,brick,0.345,gi_sheet,0.002,none,0.0,east,0.6,0.9,0.55,2.6,38.757,43.505,0.0655,17.104
Hyderabad,17.385,78.4867,warm_humid,3.0,3.0,2.6,0.0,gi_sheet,0.002,concrete,0.1,eps,0.05,north,1.8,1.2,0.85,3.5,36.166,42.303,0.1548,17.194
Hyderabad,17.385,78.4867,warm_humid,3.0,3.0,2.6,135.0,brick,0.115,brick,0.23,mineral_wool,0.05,north,1.5,0.9,0.65,5.8,35.488,38.44,0.0714,17.122
Hyderabad,17.385,78.4867,warm_humid,3.0,3.0,2.6,135.0,brick,0.115,puf_sandwich_panel,0.1,mineral_wool,0.1,north,1.2,0.6,0.35,3.5,33.37,35.458,0.119,17.139
Hyderabad,17.385,78.4867,warm_humid,3.0,3.0,2.6,135.0,plywood,0.05,rcc_slab,0.2,mineral_wool,0.05,north,0.9,1.2,0.55,5.8,34.949,38.302,0.0774,17.155
Hyderabad,17.385,78.4867,warm_humid,3.0,3.0,2.6,0.0,gi_sheet,0.002,concrete,0.2,eps,0.05,east,1.8,0.6,0.45,3.5,35.355,39.434,0.0833,17.159
Hyderabad,17.385,78.4867,warm_humid,3.0,3.0,2.6,45.0,brick,0.345,concrete,0.15,eps,0.025,east,1.5,1.5,0.85,2.6,36.559,40.03,0.0714,17.102
Hyderabad,17.385,78.4867,warm_humid,3.0,3.0,2.6,135.0,puf_sandwich_panel,0.1,gi_sheet,0.002,eps,0.1,east,1.2,0.9,0.35,3.5,32.862,36.895,0.4048,17.296
Hyderabad,17.385,78.4867,warm_humid,3.0,3.0,2.6,45.0,gi_sheet,0.002,concrete,0.15,mineral_wool,0.05,east,0.6,1.2,0.55,5.8,35.217,39.543,0.119,17.172
Hyderabad,17.385,78.4867,warm_humid,3.0,3.0,2.6,0.0,concrete,0.2,gi_sheet,0.002,mineral_wool,0.025,south,0.6,0.9,0.85,3.5,35.604,38.661,0.0714,17.113
Hyderabad,17.385,78.4867,warm_humid,3.0,3.0,2.6,90.0,puf_sandwich_panel,0.075,gi_sheet,0.002,mineral_wool,0.1,west,1.5,0.6,0.75,5.8,33.046,36.914,0.375,17.284
Hyderabad,17.385,78.4867,warm_humid,3.0,3.0,2.6,0.0,concrete,0.15,gi_sheet,0.002,mineral_wool,0.05,south,0.6,1.5,0.45,3.5,34.566,37.239,0.0774,17.122
Hyderabad,17.385,78.4867,warm_humid,3.0,3.0,2.6,45.0,gi_sheet,0.002,rcc_slab,0.25,eps,0.1,north,0.6,1.5,0.55,2.6,34.191,37.059,0.0952,17.148
Hyderabad,17.385,78.4867,warm_humid,3.0,3.0,2.6,135.0,rammed_earth,0.15,puf_sandwich_panel,0.15,eps,0.025,east,1.2,0.6,0.65,2.6,34.65,37.561,0.0714,17.132
Hyderabad,17.385,78.4867,warm_humid,3.0,3.0,2.6,180.0,brick,0.23,puf_sandwich_panel,0.075,eps,0.05,east,1.5,0.6,0.65,5.8,33.871,36.043,0.1131,17.115
Hyderabad,17.385,78.4867,warm_humid,3.0,3.0,2.6,90.0,plywood,0.03,gi_sheet,0.002,none,0.0,south,1.2,0.9,0.65,2.6,40.049,56.576,0.2976,13.74
Hyderabad,17.385,78.4867,warm_humid,3.0,3.0,2.6,45.0,gi_sheet,0.002,concrete,0.15,mineral_wool,0.1,south,1.8,0.6,0.85,5.8,34.748,38.826,0.119,17.17
Hyderabad,17.385,78.4867,warm_humid,3.0,3.0,2.6,90.0,concrete,0.3,rcc_slab,0.25,mineral_wool,0.1,west,1.5,1.5,0.35,2.6,33.073,34.872,0.2202,17.1
Hyderabad,17.385,78.4867,warm_humid,3.0,3.0,2.6,0.0,rammed_earth,0.3,concrete,0.2,mineral_wool,0.1,south,0.9,1.5,0.65,5.8,33.259,35.121,0.2143,17.104
Hyderabad,17.385,78.4867,warm_humid,3.0,3.0,2.6,135.0,rammed_earth,0.3,puf_sandwich_panel,0.15,mineral_wool,0.1,west,0.9,0.9,0.35,3.5,32.455,33.922,0.2619,17.109
Hyderabad,17.385,78.4867,warm_humid,3.0,3.0,2.6,0.0,brick,0.115,brick,0.23,eps,0.025,north,1.2,1.5,0.55,5.8,36.009,39.562,0.0655,17.123
Hyderabad,17.385,78.4867,warm_humid,3.0,3.0,2.6,135.0,puf_sandwich_panel,0.1,brick,0.23,mineral_wool,0.025,west,1.2,0.9,0.45,5.8,34.295,37.375,0.119,17.166
Hyderabad,17.385,78.4867,warm_humid,3.0,3.0,2.6,0.0,plywood,0.03,concrete,0.1,mineral_wool,0.025,east,1.8,0.9,0.55,2.6,36.855,43.375,0.1369,17.193
Hyderabad,17.385,78.4867,warm_humid,3.0,3.0,2.6,45.0,rammed_earth,0.3,rcc_slab,0.2,eps,0.025,north,1.2,1.2,0.85,5.8,35.656,38.681,0.0774,17.104
Hyderabad,17.385,78.4867,warm_humid,3.0,3.0,2.6,0.0,gi_sheet,0.002,rcc_slab,0.1,mineral_wool,0.1,east,0.6,0.9,0.75,3.5,34.419,38.259,0.1845,17.189
Hyderabad,17.385,78.4867,warm_humid,3.0,3.0,2.6,0.0,plywood,0.019,brick,0.23,eps,0.05,south,0.9,1.2,0.45,5.8,34.792,38.595,0.1012,17.163
Hyderabad,17.385,78.4867,warm_humid,3.0,3.0,2.6,45.0,rammed_earth,0.45,puf_sandwich_panel,0.15,eps,0.025,east,1.5,1.5,0.35,2.6,33.798,35.905,0.1667,17.101
Hyderabad,17.385,78.4867,warm_humid,3.0,3.0,2.6,135.0,rammed_earth,0.45,rcc_slab,0.15,eps,0.025,west,1.2,0.6,0.85,3.5,34.421,37.068,0.131,17.098
Hyderabad,17.385,78.4867,warm_humid,3.0,3.0,2.6,90.0,puf_sandwich_panel,0.1,concrete,0.1,mineral_wool,0.05,west,0.9,1.2,0.55,3.5,33.586,36.916,0.2738,17.201
Hyderabad,17.385,78.4867,warm_humid,3.0,3.0,2.6,0.0,gi_sheet,0.002,puf_sandwich_panel,0.05,eps,0.05,east,0.9,0.6,0.65,5.8,34.834,41.082,0.3036,17.28
Hyderabad,17.385,78.4867,warm_humid,3.0,3.0,2.6,135.0,plywood,0.019,rcc_slab,0.2,mineral_wool,0.1,south,1.2,0.9,0.85,5.8,34.365,37.607,0.0893,17.159
Hyderabad,17.385,78.4867,warm_humid,3.0,3.0,2.6,45.0,plywood,0.012,concrete,0.15,mineral_wool,0.1,north,1.5,1.2,0.45,3.5,34.654,38.279,0.131,17.175
Hyderabad,17.385,78.4867,warm_humid,3.0,3.0,2.6,180.0,gi_sheet,0.002,puf_sandwich_panel,0.05,eps,0.05,east,1.8,1.2,0.85,5.8,36.589,46.511,0.2738,17.281
Hyderabad,17.385,78.4867,warm_humid,3.0,3.0,2.6,180.0,gi_sheet,0.002,brick,0.115,mineral_wool,0.025,north,1.8,0.6,0.75,3.5,36.845,43.817,0.1667,17.195
Hyderabad,17.385,78.4867,warm_humid,3.0,3.0,2.6,0.0,puf_sandwich_panel,0.15,rcc_slab,0.25,eps,0.05,north,0.9,1.5,0.65,2.6,33.569,36.051,0.125,17.152
Hyderabad,17.385,78.4867,warm_humid,3.0,3.0,2.6,135.0,brick,0.345,gi_sheet,0.002,mineral_wool,0.05,south,0.6,1.5,0.35,5.8,33.576,35.624,0.1786,17.104
Hyderabad,17.385,78.4867,warm_humid,3.0,3.0,2.6,0.0,rammed_earth,0.15,puf_sandwich_panel,0.1,eps,0.025,north,0.9,0.9,0.35,3.5,34.322,37.087,0.0893,17.132
Hyderabad,17.385,78.4867,warm_humid,3.0,3.0,2.6,90.0,brick,0.23,brick,0.115,eps,0.025,north,1.5,1.5,0.55,5.8,36.509,39.894,0.0655,17.112
Hyderabad,17.385,78.4867,warm_humid,3.0,3.0,2.6,180.0,rammed_earth,0.3,brick,0.115,eps,0.1,west,0.6,1.5,0.35,3.5,32.98,34.714,0.2143,17.106
Hyderabad,17.385,78.4867,warm_humid,3.0,3.0,2.6,0.0,plywood,0.05,brick,0.23,mineral_wool,0.1,east,1.5,1.5,0.85,2.6,36.594,40.828,0.0595,17.155
Hyderabad,17.385,78.4867,warm_humid,3.0,3.0,2.6,90.0,brick,0.345,concrete,0.1,eps,0.025,west,1.2,1.5,0.55,2.6,35.051,37.73,0.0833,17.103
Hyderabad,17.385,78.4867,warm_humid,3.0,3.0,2.6,90.0,gi_sheet,0.002,brick,0.115,mineral_wool,0.025,east,0.6,0.6,0.85,3.5,36.199,42.593,0.1964,17.195
Hyderabad,17.385,78.4867,warm_humid,3.0,3.0,2.6,135.0,brick,0.345,gi_sheet,0.002,mineral_wool,0.1,south,1.2,0.9,0.85,3.5,33.274,35.214,0.2143,17.104
Hyderabad,17.385,78.4867,warm_humid,3.0,3.0,2.6,0.0,rammed_earth,0.15,rcc_slab,0.1,none,0.0,east,0.9,0.6,0.75,3.5,39.448,46.38,0.0536,17.123
Hyderabad,17.385,78.4867,warm_humid,3.0,3.0,2.6,45.0,gi_sheet,0.002,gi_sheet,0.002,eps,0.1,west,0.9,1.2,0.35,5.8,34.113,39.561,0.3214,17.269
Hyderabad,17.385,78.4867,warm_humid,3.0,3.0,2.6,180.0,plywood,0.03,rcc_slab,0.1,eps,0.1,north,0.6,1.2,0.65,5.8,33.873,37.234,0.2202,17.192
Hyderabad,17.385,78.4867,warm_humid,3.0,3.0,2.6,180.0,gi_sheet,0.002,gi_sheet,0.002,mineral_wool,0.05,south,1.2,1.2,0.75,5.8,35.816,42.79,0.2619,17.266
Hyderabad,17.385,78.4867,warm_humid,3.0,3.0,2.6,135.0,puf_sandwich_panel,0.15,puf_sandwich_panel,0.05,mineral_wool,0.025,east,0.9,1.5,0.55,5.8,33.408,38.466,0.375,17.304
Hyderabad,17.385,78.4867,warm_humid,3.0,3.0,2.6,90.0,puf_sandwich_panel,0.15,brick,0.115,eps,0.1,south,1.2,0.9,0.55,2.6,33.112,36.248,0.3155,17.203
Hyderabad,17.385,78.4867,warm_humid,3.0,3.0,2.6,0.0,concrete,0.3,rcc_slab,0.2,mineral_wool,0.1,south,0.6,1.2,0.85,3.5,32.959,34.766,0.2262,17.1
Hyderabad,17.385,78.4867,warm_humid,3.0,3.0,2.6,0.0,brick,0.115,gi_sheet,0.002,none,0.0,east,0.9,1.5,0.85,5.8,40.658,51.273,0.0774,16.513
Hyderabad,17.385,78.4867,warm_humid,3.0,3.0,2.6,180.0,gi_sheet,0.002,puf_sandwich_panel,0.075,eps,0.025,west,0.6,0.9,0.45,5.8,35.591,42.438,0.2798,17.28
Hyderabad,17.385,78.4867,warm_humid,3.0,3.0,2.6,0.0,brick,0.23,puf_sandwich_panel,0.1,eps,0.1,east,1.2,0.9,0.55,5.8,33.454,35.373,0.1429,17.115
Hyderabad,17.385,78.4867,warm_humid,3.0,3.0,2.6,135.0,plywood,0.012,rcc_slab,0.25,mineral_wool,0.1,south,0.9,0.6,0.65,5.8,33.741,36.313,0.1071,17.149
Hyderabad,17.385,78.4867,warm_humid,3.0,3.0,2.6,90.0,concrete,0.1,puf_sandwich_panel,0.075,eps,0.05,north,0.6,0.9,0.85,2.6,34.483,37.244,0.0833,17.138
Hyderabad,17.385,78.4867,warm_humid,3.0,3.0,2.6,135.0,puf_sandwich_panel,0.1,brick,0.23,eps,0.025,east,1.5,0.9,0.55,2.6,34.559,38.141,0.1012,17.166
Hyderabad,17.385,78.4867,warm_humid,3.0,3.0,2.6,180.0,gi_sheet,0.002,brick,0.23,eps,0.1,south,0.9,1.2,0.75,2.6,34.566,37.845,0.0952,17.161
Hyderabad,17.385,78.4867,warm_humid,3.0,3.0,2.6,180.0,gi_sheet,0.002,concrete,0.15,mineral_wool,0.05,west,1.5,0.9,0.45,5.8,35.803,40.282,0.1131,17.172
Hyderabad,17.385,78.4867,warm_humid,3.0,3.0,2.6,0.0,plywood,0.05,concrete,0.15,mineral_wool,0.05,south,1.8,0.9,0.65,2.6,35.196,39.343,0.0893,17.167
Hyderabad,17.385,78.4867,warm_humid,3.0,3.0,2.6,90.0,plywood,0.012,puf_sandwich_panel,0.05,eps,0.025,east,1.5,0.6,0.65,2.6,35.456,42.97,0.3095,17.305
Hyderabad,17.385,78.4867,warm_humid,3.0,3.0,2.6,0.0,concrete,0.2,puf_sandwich_panel,0.1,mineral_wool,0.025,west,1.2,0.9,0.85,3.5,35.118,37.976,0.0774,17.114
Hyderabad,17.385,78.4867,warm_humid,3.0,3.0,2.6,45.0,plywood,0.05,gi_sheet,0.002,mineral_wool,0.1,east,1.8,0.6,0.45,2.6,33.956,38.04,0.2798,17.24
Hyderabad,17.385,78.4867,warm_humid,3.0,3.0,2.6,135.0,plywood,0.012,rcc_slab,0.2,mineral_wool,0.025,west,1.5,1.2,0.45,3.5,36.666,41.969,0.0714,17.162
Hyderabad,17.385,78.4867,warm_humid,3.0,3.0,2.6,45.0,brick,0.115,gi_sheet,0.002,mineral_wool,0.05,south,1.2,1.5,0.75,3.5,35.851,39.884,0.0655,17.141
Hyderabad,17.385,78.4867,warm_humid,3.0,3.0,2.6,135.0,concrete,0.15,puf_sandwich_panel,0.1,mineral_wool,0.025,north,1.8,1.2,0.55,5.8,36.051,39.421,0.0655,17.124
Hyderabad,17.385,78.4867,warm_humid,3.0,3.0,2.6,45.0,rammed_earth,0.15,puf_sandwich_panel,0.075,none,0.0,north,1.8,0.9,0.55,2.6,37.225,42.438,0.0595,17.133
Hyderabad,17.385,78.4867,warm_humid,3.0,3.0,2.6,90.0,brick,0.345,rcc_slab,0.25,eps,0.025,east,0.9,1.2,0.35,2.6,34.399,36.842,0.119,17.1
Hyderabad,17.385,78.4867,warm_humid,3.0,3.0,2.6,90.0,gi_sheet,0.002,rcc_slab,0.25,eps,0.025,east,0.9,0.6,0.85,3.5,36.055,40.692,0.0595,17.149
Hyderabad,17.385,78.4867,warm_humid,3.0,3.0,2.6,0.0,concrete,0.2,concrete,0.1,eps,0.025,west,1.2,1.5,0.85,5.8,36.58,40.235,0.0714,17.11
Hyderabad,17.385,78.4867,warm_humid,3.0,3.0,2.6,90.0,brick,0.23,rcc_slab,0.2,eps,0.1,west,0.6,1.2,0.75,5.8,32.962,34.659,0.2143,17.107
Hyderabad,17.385,78.4867,warm_humid,3.0,3.0,2.6,135.0,concrete,0.15,concrete,0.15,mineral_wool,0.1,north,0.6,1.5,0.75,5.8,34.152,36.373,0.1012,17.114
Hyderabad,17.385,78.4867,warm_humid,3.0,3.0,2.6,135.0,plywood,0.012,puf_sandwich_panel,0.15,eps,0.025,west,0.6,0.6,0.55,3.5,35.144,41.794,0.2917,17.301
Hyderabad,17.385,78.4867,warm_humid,3.0,3.0,2.6,90.0,concrete,0.15,brick,0.115,mineral_wool,0.05,south,1.5,0.9,0.45,5.8,34.748,37.441,0.0774,17.117
Hyderabad,17.385,78.4867,warm_humid,3.0,3.0,2.6,0.0,concrete,0.3,rcc_slab,0.2,eps,0.1,east,0.9,1.2,0.85,3.5,33.775,36.125,0.2024,17.1
Hyderabad,17.385,78.4867,warm_humid,3.0,3.0,2.6,135.0,concrete,0.2,rcc_slab,0.2,mineral_wool,0.025,north,1.8,0.6,0.65,2.6,35.94,39.035,0.0714,17.107
Hyderabad,17.385,78.4867,warm_humid,3.0,3.0,2.6,135.0,gi_sheet,0.002,puf_sandwich_panel,0.15,eps,0.1,east,1.8,1.5,0.85,2.6,36.437,45.875,0.2619,17.276
Hyderabad,17.385,78.4867,warm_humid,3.0,3.0,2.6,45.0,plywood,0.03,rcc_slab,0.15,eps,0.025,south,1.8,1.5,0.65,3.5,37.194,44.125,0.0893,17.174
Hyderabad,17.385,78.4867,warm_humid,3.0,3.0,2.6,135.0,puf_sandwich_panel,0.05,puf_sandwich_panel,0.075,mineral_wool,0.025,north,1.2,1.2,0.45,2.6,33.946,38.722,0.3452,17.314
Hyderabad,17.385,78.4867,warm_humid,3.0,3.0,2.6,0.0,brick,0.345,rcc_slab,0.25,mineral_wool,0.025,east,1.5,1.2,0.85,5.8,36.046,39.425,0.0774,17.1
Hyderabad,17.385,78.4867,warm_humid,3.0,3.0,2.6,0.0,plywood,0.019,rcc_slab,0.2,mineral_wool,0.025,south,1.5,0.6,0.35,3.5,35.846,40.616,0.0833,17.161
Hyderabad,17.385,78.4867,warm_humid,3.0,3.0,2.6,0.0,plywood,0.019,gi_sheet,0.002,mineral_wool,0.1,south,0.6,0.9,0.55,2.6,33.692,38.343,0.3452,17.268
Hyderabad,17.385,78.4867,warm_humid,3.0,3.0,2.6,180.0,rammed_earth,0.3,brick,0.23,mineral_wool,0.1,west,0.9,0.6,0.35,2.6,32.594,34.181,0.2679,17.104
Hyderabad,17.385,78.4867,warm_humid,3.0,3.0,2.6,0.0,plywood,0.03,concrete,0.2,mineral_wool,0.05,north,1.2,0.9,0.75,3.5,34.846,38.492,0.0833,17.158
Hyderabad,17.385,78.4867,warm_humid,3.0,3.0,2.6,135.0,puf_sandwich_panel,0.15,rcc_slab,0.25,mineral_wool,0.1,south,1.2,1.5,0.45,3.5,33.17,35.497,0.1905,17.15
Hyderabad,17.385,78.4867,warm_humid,3.0,3.0,2.6,0.0,rammed_earth,0.15,gi_sheet,0.002,eps,0.1,north,0.6,0.9,0.65,3.5,33.208,35.233,0.131,17.131
Hyderabad,17.385,78.4867,warm_humid,3.0,3.0,2.6,0.0,concrete,0.15,brick,0.23,mineral_wool,0.1,west,1.5,1.2,0.85,3.5,34.842,37.644,0.0833,17.113
Hyderabad,17.385,78.4867,warm_humid,3.0,3.0,2.6,180.0,puf_sandwich_panel,0.15,puf_sandwich_panel,0.075,eps,0.1,east,0.6,1.2,0.35,5.8,32.052,35.168,0.5,17.3
Hyderabad,17.385,78.4867,warm_humid,3.0,3.0,2.6,135.0,brick,0.23,puf_sandwich_panel,0.15,eps,0.1,west,1.8,1.5,0.65,2.6,35.011,37.633,0.0714,17.116
Hyderabad,17.385,78.4867,warm_humid,3.0,3.0,2.6,45.0,puf_sandwich_panel,0.1,rcc_slab,0.2,eps,0.05,west,1.5,1.2,0.65,2.6,34.342,37.757,0.1071,17.164
Hyderabad,17.385,78.4867,warm_humid,3.0,3.0,2.6,0.0,concrete,0.1,rcc_slab,0.1,mineral_wool,0.05,west,0.9,0.6,0.75,2.6,34.869,37.855,0.0774,17.127
Hyderabad,17.385,78.4867,warm_humid,3.0,3.0,2.6,135.0,puf_sandwich_panel,0.1,gi_sheet,0.002,mineral_wool,0.05,west,0.9,1.2,0.65,2.6,34.182,39.101,0.3155,17.292
Hyderabad,17.385,78.4867,warm_humid,3.0,3.0,2.6,135.0,rammed_earth,0.45,rcc_slab,0.15,mineral_wool,0.025,east,1.8,0.9,0.85,2.6,35.069,38.013,0.0893,17.098
Hyderabad,17.385,78.4867,warm_humid,3.0,3.0,2.6,180.0,puf_sandwich_panel,0.075,brick,0.115,mineral_wool,0.1,east,1.8,0.6,0.45,2.6,33.117,36.21,0.3155,17.2
Hyderabad,17.385,78.4867,warm_humid,3.0,3.0,2.6,90.0,puf_sandwich_panel,0.075,puf_sandwich_panel,0.15,mineral_wool,0.025,south,0.6,0.9,0.55,2.6,32.515,36.237,0.4345,17.309
Hyderabad,17.385,78.4867,warm_humid,3.0,3.0,2.6,180.0,concrete,0.15,concrete,0.15,mineral_wool,0.1,west,1.5,1.2,0.35,2.6,34.311,36.603,0.0952,17.115
Hyderabad,17.385,78.4867,warm_humid,3.0,3.0,2.6,135.0,concrete,0.1,concrete,0.15,eps,0.05,south,0.9,1.2,0.55,2.6,35.033,37.947,0.0714,17.124
Hyderabad,17.385,78.4867,warm_humid,3.0,3.0,2.6,135.0,concrete,0.1,concrete,0.15,mineral_wool,0.1,west,0.9,1.2,0.85,3.5,34.68,37.201,0.0714,17.123
Hyderabad,17.385,78.4867,warm_humid,3.0,3.0,2.6,90.0,rammed_earth,0.15,concrete,0.1,mineral_wool,0.1,north,1.2,0.9,0.75,5.8,34.296,36.614,0.0893,17.123
Hyderabad,17.385,78.4867,warm_humid,3.0,3.0,2.6,90.0,puf_sandwich_panel,0.05,puf_sandwich_panel,0.15,mineral_wool,0.1,north,0.6,1.2,0.65,5.8,32.972,36.319,0.3631,17.294
Hyderabad,17.385,78.4867,warm_humid,3.0,3.0,2.6,135.0,concrete,0.2,gi_sheet,0.002,eps,0.1,west,0.6,1.5,0.45,5.8,33.534,35.481,0.1429,17.113
Hyderabad,17.385,78.4867,warm_humid,3.0,3.0,2.6,90.0,rammed_earth,0.15,gi_sheet,0.002,eps,0.025,south,0.6,1.5,0.85,5.8,35.933,39.788,0.0655,17.131
Hyderabad,17.385,78.4867,warm_humid,3.0,3.0,2.6,90.0,concrete,0.15,concrete,0.1,eps,0.1,east,0.9,0.6,0.65,3.5,33.329,35.223,0.1488,17.116
Hyderabad,17.385,78.4867,warm_humid,3.0,3.0,2.6,45.0,puf_sandwich_panel,0.05,concrete,0.15,mineral_wool,0.1,north,1.5,0.6,0.35,3.5,32.932,35.287,0.2917,17.177
Hyderabad,17.385,78.4867,warm_humid,3.0,3.0,2.6,90.0,rammed_earth,0.45,gi_sheet,0.002,eps,0.05,south,0.9,0.6,0.35,2.6,32.932,34.732,0.2262,17.1
Hyderabad,17.385,78.4867,warm_humid,3.0,3.0,2.6,90.0,puf_sandwich_panel,0.075,gi_sheet,0.002,mineral_wool,0.1,south,1.5,0.9,0.85,5.8,34.194,40.361,0.3333,17.284
Hyderabad,17.385,78.4867,warm_humid,3.0,3.0,2.6,45.0,rammed_earth,0.15,rcc_slab,0.2,eps,0.1,west,1.5,0.6,0.85,5.8,33.616,35.697,0.125,17.117
Hyderabad,17.385,78.4867,warm_humid,3.0,3.0,2.6,135.0,brick,0.23,gi_sheet,0.002,eps,0.05,south,0.6,1.5,0.85,2.6,34.529,37.032,0.0833,17.114
Hyderabad,17.385,78.4867,warm_humid,3.0,3.0,2.6,45.0,rammed_earth,0.3,gi_sheet,0.002,eps,0.05,west,0.9,1.2,0.85,2.6,34.221,36.578,0.1071,17.109
Hyderabad,17.385,78.4867,warm_humid,3.0,3.0,2.6,180.0,puf_sandwich_panel,0.15,rcc_slab,0.2,eps,0.1,south,0.6,0.6,0.75,5.8,32.166,33.909,0.4167,17.162
Hyderabad,17.385,78.4867,warm_humid,3.0,3.0,2.6,45.0,puf_sandwich_panel,0.15,brick,0.23,eps,0.05,north,1.8,0.6,0.45,2.6,33.482,35.97,0.1726,17.165
Hyderabad,17.385,78.4867,warm_humid,3.0,3.0,2.6,90.0,concrete,0.3,concrete,0.1,eps,0.025,east,1.8,1.2,0.65,2.6,35.786,38.772,0.0774,17.102
Hyderabad,17.385,78.4867,warm_humid,3.0,3.0,2.6,0.0,puf_sandwich_panel,0.05,rcc_slab,0.25,mineral_wool,0.025,east,1.5,1.2,0.55,2.6,35.71,39.441,0.0595,17.153
Hyderabad,17.385,78.4867,warm_humid,3.0,3.0,2.6,0.0,puf_sandwich_panel,0.075,puf_sandwich_panel,0.075,mineral_wool,0.1,west,1.8,0.6,0.45,2.6,32.738,36.763,0.4226,17.294
Hyderabad,17.385,78.4867,warm_humid,3.0,3.0,2.6,135.0,brick,0.345,gi_sheet,0.002,eps,0.025,west,0.9,1.2,0.55,3.5,35.081,37.807,0.0833,17.104
Hyderabad,17.385,78.4867,warm_humid,3.0,3.0,2.6,0.0,concrete,0.2,puf_sandwich_panel,0.1,eps,0.1,south,1.2,0.6,0.45,2.6,32.925,34.637,0.2143,17.113
Hyderabad,17.385,78.4867,warm_humid,3.0,3.0,2.6,180.0,puf_sandwich_panel,0.15,puf_sandwich_panel,0.1,mineral_wool,0.1,west,0.6,0.9,0.85,3.5,32.65,35.577,0.381,17.285
Hyderabad,17.385,78.4867,warm_humid,3.0,3.0,2.6,0.0,concrete,0.1,rcc_slab,0.1,eps,0.1,south,0.6,1.2,0.65,5.8,33.855,36.212,0.1071,17.128
Hyderabad,17.385,78.4867,warm_humid,3.0,3.0,2.6,180.0,rammed_earth,0.15,brick,0.23,none,0.0,west,1.2,0.6,0.65,5.8,38.131,43.299,0.0595,17.118
Hyderabad,17.385,78.4867,warm_humid,3.0,3.0,2.6,135.0,gi_sheet,0.002,brick,0.115,mineral_wool,0.025,west,0.9,1.2,0.85,3.5,37.147,44.256,0.1607,17.195
Hyderabad,17.385,78.4867,warm_humid,3.0,3.0,2.6,90.0,brick,0.345,puf_sandwich_panel,0.05,eps,0.1,south,1.8,1.2,0.35,2.6,33.114,34.963,0.2143,17.105
Hyderabad,17.385,78.4867,warm_humid,3.0,3.0,2.6,135.0,rammed_earth,0.45,brick,0.23,mineral_wool,0.05,north,0.9,1.2,0.65,3.5,33.601,35.863,0.2083,17.098
Hyderabad,17.385,78.4867,warm_humid,3.0,3.0,2.6,90.0,concrete,0.3,puf_sandwich_panel,0.05,mineral_wool,0.1,south,1.5,1.2,0.75,3.5,33.825,36.065,0.1488,17.104
Hyderabad,17.385,78.4867,warm_humid,3.0,3.0,2.6,45.0,rammed_earth,0.15,brick,0.23,mineral_wool,0.05,north,1.5,1.5,0.45,2.6,35.117,37.88,0.0714,17.118
Hyderabad,17.385,78.4867,warm_humid,3.0,3.0,2.6,135.0,brick,0.345,brick,0.115,eps,0.05,east,0.6,0.9,0.55,5.8,33.569,35.677,0.2083,17.102
Hyderabad,17.385,78.4867,warm_humid,3.0,3.0,2.6,0.0,brick,0.345,rcc_slab,0.25,eps,0.05,west,1.8,0.6,0.45,2.6,33.556,35.701,0.2143,17.1
Hyderabad,17.385,78.4867,warm_humid,3.0,3.0,2.6,45.0,plywood,0.03,gi_sheet,0.002,none,0.0,west,1.8,1.5,0.85,3.5,40.693,58.349,0.2976,13.59
Hyderabad,17.385,78.4867,warm_humid,3.0,3.0,2.6,45.0,plywood,0.012,rcc_slab,0.2,eps,0.025,north,1.5,1.5,0.45,3.5,36.781,42.312,0.0714,17.163
Hyderabad,17.385,78.4867,warm_humid,3.0,3.0,2.6,90.0,rammed_earth,0.15,brick,0.115,none,0.0,south,1.8,1.2,0.55,5.8,39.081,45.924,0.0595,17.125
Hyderabad,17.385,78.4867,warm_humid,3.0,3.0,2.6,0.0,rammed_earth,0.45,rcc_slab,0.25,none,0.0,north,1.2,1.2,0.55,5.8,36.847,40.454,0.0774,17.097
Hyderabad,17.385,78.4867,warm_humid,3.0,3.0,2.6,90.0,plywood,0.019,puf_sandwich_panel,0.05,mineral_wool,0.1,east,1.8,0.6,0.55,2.6,33.77,38.534,0.3393,17.277
Hyderabad,17.385,78.4867,warm_humid,3.0,3.0,2.6,0.0,concrete,0.1,rcc_slab,0.1,mineral_wool,0.025,east,1.8,0.9,0.65,2.6,37.089,41.362,0.0595,17.129
Hyderabad,17.385,78.4867,warm_humid,3.0,3.0,2.6,90.0,gi_sheet,0.002,rcc_slab,0.1,none,0.0,west,1.8,1.5,0.65,5.8,40.092,55.024,0.2679,12.575
Hyderabad,17.385,78.4867,warm_humid,3.0,3.0,2.6,0.0,gi_sheet,0.002,puf_sandwich_panel,0.05,eps,0.025,north,0.6,1.5,0.55,5.8,35.522,43.223,0.2976,17.281
Hyderabad,17.385,78.4867,warm_humid,3.0,3.0,2.6,135.0,puf_sandwich_panel,0.05,gi_sheet,0.002,none,0.0,west,1.8,1.2,0.35,3.5,39.555,55.348,0.2917,15.502
Hyderabad,17.385,78.4867,warm_humid,3.0,3.0,2.6,135.0,gi_sheet,0.002,brick,0.23,eps,0.025,west,1.2,0.9,0.45,3.5,36.381,41.481,0.0774,17.161
Hyderabad,17.385,78.4867,warm_humid,3.0,3.0,2.6,45.0,brick,0.345,rcc_slab,0.15,mineral_wool,0.025,west,0.9,0.6,0.85,3.5,34.676,37.312,0.1012,17.101
Hyderabad,17.385,78.4867,warm_humid,3.0,3.0,2.6,0.0,plywood,0.05,puf_sandwich_panel,0.15,mineral_wool,0.025,south,1.8,1.2,0.35,5.8,34.79,40.734,0.2857,17.256
Hyderabad,17.385,78.4867,warm_humid,3.0,3.0,2.6,180.0,plywood,0.05,puf_sandwich_panel,0.075,none,0.0,west,0.9,1.5,0.75,2.6,36.982,45.251,0.2619,16.936
Hyderabad,17.385,78.4867,warm_humid,3.0,3.0,2.6,180.0,gi_sheet,0.002,concrete,0.2,eps,0.1,west,1.2,1.5,0.35,2.6,34.953,38.284,0.0774,17.159
Hyderabad,17.385,78.4867,warm_humid,3.0,3.0,2.6,135.0,concrete,0.3,puf_sandwich_panel,0.15,mineral_wool,0.05,north,1.8,1.2,0.75,2.6,35.118,37.818,0.0833,17.104
Hyderabad,17.385,78.4867,warm_humid,3.0,3.0,2.6,0.0,gi_sheet,0.002,rcc_slab,0.2,eps,0.05,east,0.6,0.9,0.65,3.5,35.155,39.083,0.0833,17.159
Hyderabad,17.385,78.4867,warm_humid,3.0,3.0,2.6,90.0,plywood,0.012,concrete,0.15,eps,0.05,west,1.5,0.9,0.45,2.6,34.919,39.211,0.1607,17.178
Hyderabad,17.385,78.4867,warm_humid,3.0,3.0,2.6,90.0,gi_sheet,0.002,rcc_slab,0.25,mineral_wool,0.1,east,0.9,0.9,0.35,3.5,33.673,36.278,0.131,17.147
Hyderabad,17.385,78.4867,warm_humid,3.0,3.0,2.6,180.0,puf_sandwich_panel,0.05,concrete,0.2,mineral_wool,0.025,east,1.2,1.5,0.75,3.5,35.776,40.558,0.0655,17.164
Hyderabad,17.385,78.4867,warm_humid,3.0,3.0,2.6,45.0,brick,0.115,gi_sheet,0.002,mineral_wool,0.025,north,0.6,0.6,0.45,3.5,35.918,39.867,0.0655,17.139
Hyderabad,17.385,78.4867,warm_humid,3.0,3.0,2.6,180.0,brick,0.345,puf_sandwich_panel,0.1,none,0.0,west,0.6,0.6,0.35,3.5,34.922,37.486,0.0833,17.104
Hyderabad,17.385,78.4867,warm_humid,3.0,3.0,2.6,90.0,puf_sandwich_panel,0.05,rcc_slab,0.15,none,0.0,west,0.6,0.9,0.45,3.5,38.214,46.493,0.0833,17.181
Hyderabad,17.385,78.4867,warm_humid,3.0,3.0,2.6,180.0,brick,0.115,concrete,0.2,eps,0.025,west,1.2,0.9,0.55,2.6,36.337,39.845,0.0655,17.122
Hyderabad,17.385,78.4867,warm_humid,3.0,3.0,2.6,45.0,brick,0.345,puf_sandwich_panel,0.1,mineral_wool,0.025,south,1.8,1.2,0.55,3.5,34.566,37.079,0.0893,17.105
Hyderabad,17.385,78.4867,warm_humid,3.0,3.0,2.6,135.0,puf_sandwich_panel,0.1,puf_sandwich_panel,0.075,mineral_wool,0.1,west,1.8,1.2,0.35,2.6,33.456,37.376,0.3393,17.292
Hyderabad,17.385,78.4867,warm_humid,3.0,3.0,2.6,180.0,gi_sheet,0.002,gi_sheet,0.002,eps,0.1,north,1.5,0.6,0.35,5.8,34.341,39.332,0.3095,17.268
Hyderabad,17.385,78.4867,warm_humid,3.0,3.0,2.6,180.0,plywood,0.03,brick,0.115,none,0.0,east,1.8,0.6,0.55,2.6,39.184,51.041,0.2083,15.726
Hyderabad,17.385,78.4867,warm_humid,3.0,3.0,2.6,0.0,rammed_earth,0.15,puf_sandwich_panel,0.1,mineral_wool,0.05,east,0.9,1.2,0.35,3.5,33.933,36.318,0.1012,17.132
Hyderabad,17.385,78.4867,warm_humid,3.0,3.0,2.6,180.0,puf_sandwich_panel,0.05,puf_sandwich_panel,0.075,none,0.0,west,0.6,0.6,0.75,3.5,33.45,37.897,0.3631,17.321
Hyderabad,17.385,78.4867,warm_humid,3.0,3.0,2.6,90.0,concrete,0.3,gi_sheet,0.002,eps,0.05,east,0.9,0.9,0.35,2.6,33.669,35.713,0.1607,17.103
Hyderabad,17.385,78.4867,warm_humid,3.0,3.0,2.6,45.0,rammed_earth,0.45,gi_sheet,0.002,eps,0.05,north,1.2,1.2,0.75,5.8,34.133,36.573,0.1488,17.1
Hyderabad,17.385,78.4867,warm_humid,3.0,3.0,2.6,0.0,rammed_earth,0.45,gi_sheet,0.002,eps,0.1,west,1.2,1.5,0.45,5.8,33.019,34.903,0.2202,17.101
Hyderabad,17.385,78.4867,warm_humid,3.0,3.0,2.6,90.0,brick,0.115,puf_sandwich_panel,0.075,eps,0.025,north,1.8,1.5,0.45,5.8,36.237,40.28,0.0595,17.144
Hyderabad,17.385,78.4867,warm_humid,3.0,3.0,2.6,135.0,puf_sandwich_panel,0.05,rcc_slab,0.15,eps,0.025,south,1.5,1.5,0.65,5.8,35.771,41.043,0.1012,17.181
Hyderabad,17.385,78.4867,warm_humid,3.0,3.0,2.6,45.0,rammed_earth,0.45,rcc_slab,0.1,none,0.0,east,0.6,1.2,0.75,2.6,38.073,42.34,0.0714,17.099
Hyderabad,17.385,78.4867,warm_humid,3.0,3.0,2.6,45.0,plywood,0.05,brick,0.115,eps,0.1,west,0.6,1.2,0.55,2.6,33.515,36.676,0.256,17.187
Hyderabad,17.385,78.4867,warm_humid,3.0,3.0,2.6,0.0,puf_sandwich_panel,0.075,gi_sheet,0.002,mineral_wool,0.025,west,0.6,1.5,0.55,2.6,34.699,41.569,0.3095,17.3
Hyderabad,17.385,78.4867,warm_humid,3.0,3.0,2.6,180.0,concrete,0.1,brick,0.23,mineral_wool,0.05,west,1.8,0.6,0.35,2.6,34.987,37.689,0.0714,17.121
Hyderabad,17.385,78.4867,warm_humid,3.0,3.0,2.6,90.0,plywood,0.03,puf_sandwich_panel,0.075,mineral_wool,0.1,south,1.8,0.9,0.45,3.5,33.941,39.161,0.3333,17.265
Hyderabad,17.385,78.4867,warm_humid,3.0,3.0,2.6,135.0,gi_sheet,0.002,brick,0.115,mineral_wool,0.05,north,0.6,0.9,0.75,2.6,35.48,40.311,0.1667,17.194
Hyderabad,17.385,78.4867,warm_humid,3.0,3.0,2.6,90.0,concrete,0.1,gi_sheet,0.002,eps,0.05,south,1.5,1.5,0.45,3.5,35.433,39.278,0.0655,17.14
Hyderabad,17.385,78.4867,warm_humid,3.0,3.0,2.6,180.0,plywood,0.019,puf_sandwich_panel,0.1,eps,0.05,north,1.8,1.2,0.75,5.8,35.722,43.104,0.2976,17.292
Hyderabad,17.385,78.4867,warm_humid,3.0,3.0,2.6,0.0,brick,0.23,concrete,0.1,mineral_wool,0.05,east,0.9,0.6,0.75,2.6,34.314,36.669,0.0952,17.11
Hyderabad,17.385,78.4867,warm_humid,3.0,3.0,2.6,90.0,concrete,0.2,gi_sheet,0.002,eps,0.05,north,1.5,0.9,0.75,2.6,35.368,38.164,0.0714,17.114
Hyderabad,17.385,78.4867,warm_humid,3.0,3.0,2.6,135.0,gi_sheet,0.002,rcc_slab,0.2,mineral_wool,0.1,north,1.5,0.9,0.65,5.8,35.111,38.498,0.0714,17.157
Hyderabad,17.385,78.4867,warm_humid,3.0,3.0,2.6,45.0,concrete,0.1,puf_sandwich_panel,0.05,none,0.0,south,1.8,0.9,0.45,3.5,38.475,46.33,0.0833,16.615
Hyderabad,17.385,78.4867,warm_humid,3.0,3.0,2.6,180.0,puf_sandwich_panel,0.075,rcc_slab,0.2,mineral_wool,0.025,south,1.2,0.6,0.65,2.6,34.243,37.42,0.119,17.164
Hyderabad,17.385,78.4867,warm_humid,3.0,3.0,2.6,0.0,concrete,0.15,rcc_slab,0.2,none,0.0,north,1.2,0.9,0.55,5.8,39.234,45.467,0.0595,17.112
Hyderabad,17.385,78.4867,warm_humid,3.0,3.0,2.6,45.0,gi_sheet,0.002,gi_sheet,0.002,eps,0.1,north,1.8,1.5,0.85,5.8,36.98,44.538,0.2321,17.27
Hyderabad,17.385,78.4867,warm_humid,3.0,3.0,2.6,0.0,puf_sandwich_panel,0.075,puf_sandwich_panel,0.1,mineral_wool,0.025,north,0.6,1.2,0.85,3.5,32.878,36.814,0.3929,17.31
Hyderabad,17.385,78.4867,warm_humid,3.0,3.0,2.6,180.0,plywood,0.012,rcc_slab,0.1,eps,0.05,south,1.5,1.5,0.55,2.6,35.719,41.243,0.1905,17.201
Hyderabad,17.385,78.4867,warm_humid,3.0,3.0,2.6,180.0,gi_sheet,0.002,concrete,0.2,eps,0.1,north,1.5,0.9,0.35,2.6,34.375,37.539,0.1131,17.159
Hyderabad,17.385,78.4867,warm_humid,3.0,3.0,2.6,90.0,puf_sandwich_panel,0.15,puf_sandwich_panel,0.075,none,0.0,north,1.8,0.9,0.45,2.6,33.876,38.292,0.3333,17.309
Hyderabad,17.385,78.4867,warm_humid,3.0,3.0,2.6,90.0,brick,0.23,brick,0.115,none,0.0,east,1.2,1.2,0.55,3.5,38.662,43.652,0.0595,17.111
Hyderabad,17.385,78.4867,warm_humid,3.0,3.0,2.6,90.0,rammed_earth,0.45,concrete,0.15,eps,0.1,east,1.2,0.6,0.35,2.6,32.134,33.575,0.3929,17.098
Hyderabad,17.385,78.4867,warm_humid,3.0,3.0,2.6,135.0,concrete,0.2,puf_sandwich_panel,0.15,mineral_wool,0.05,east,0.6,1.5,0.35,2.6,33.702,35.742,0.125,17.113
Hyderabad,17.385,78.4867,warm_humid,3.0,3.0,2.6,90.0,rammed_earth,0.3,brick,0.115,none,0.0,north,0.6,0.9,0.75,3.5,37.969,42.228,0.0655,17.106
Hyderabad,17.385,78.4867,warm_humid,3.0,3.0,2.6,0.0,plywood,0.019,brick,0.23,eps,0.05,east,1.5,1.5,0.55,2.6,36.283,40.852,0.0595,17.163
Hyderabad,17.385,78.4867,warm_humid,3.0,3.0,2.6,135.0,rammed_earth,0.3,puf_sandwich_panel,0.075,eps,0.1,south,1.5,1.5,0.55,2.6,33.618,35.671,0.1369,17.11
Hyderabad,17.385,78.4867,warm_humid,3.0,3.0,2.6,90.0,gi_sheet,0.002,puf_sandwich_panel,0.1,eps,0.05,east,1.8,1.5,0.75,2.6,36.072,44.186,0.2976,17.281
Hyderabad,17.385,78.4867,warm_humid,3.0,3.0,2.6,45.0,concrete,0.15,puf_sandwich_panel,0.15,mineral_wool,0.1,south,1.2,0.9,0.75,5.8,33.756,36.001,0.1131,17.122
Hyderabad,17.385,78.4867,warm_humid,3.0,3.0,2.6,90.0,brick,0.345,rcc_slab,0.25,eps,0.05,south,1.2,1.5,0.85,3.5,34.611,37.349,0.1071,17.1
Hyderabad,17.385,78.4867,warm_humid,3.0,3.0,2.6,180.0,gi_sheet,0.002,brick,0.23,none,0.0,east,1.5,1.2,0.35,3.5,39.02,50.427,0.2262,13.703
Hyderabad,17.385,78.4867,warm_humid,3.0,3.0,2.6,90.0,gi_sheet,0.002,gi_sheet,0.002,mineral_wool,0.1,east,1.5,0.6,0.85,3.5,34.456,39.846,0.2976,17.258
Hyderabad,17.385,78.4867,warm_humid,3.0,3.0,2.6,180.0,gi_sheet,0.002,rcc_slab,0.1,mineral_wool,0.025,north,1.5,0.9,0.55,5.8,36.78,43.688,0.1667,17.193
Hyderabad,17.385,78.4867,warm_humid,3.0,3.0,2.6,45.0,concrete,0.15,concrete,0.15,mineral_wool,0.1,south,1.2,0.6,0.85,5.8,33.719,35.845,0.125,17.114
Hyderabad,17.385,78.4867,warm_humid,3.0,3.0,2.6,90.0,brick,0.115,brick,0.115,mineral_wool,0.05,south,1.5,1.2,0.85,2.6,35.966,39.733,0.0714,17.13
Hyderabad,17.385,78.4867,warm_humid,3.0,3.0,2.6,0.0,brick,0.23,puf_sandwich_panel,0.15,eps,0.1,south,0.9,1.5,0.85,5.8,33.699,35.753,0.125,17.115
Hyderabad,17.385,78.4867,warm_humid,3.0,3.0,2.6,180.0,puf_sandwich_panel,0.075,gi_sheet,0.002,mineral_wool,0.025,east,1.8,1.2,0.75,3.5,36.242,46.337,0.2917,17.301
Hyderabad,17.385,78.4867,warm_humid,3.0,3.0,2.6,45.0,concrete,0.15,puf_sandwich_panel,0.1,eps,0.1,north,0.9,1.5,0.85,5.8,34.462,36.881,0.0774,17.123
Hyderabad,17.385,78.4867,warm_humid,3.0,3.0,2.6,90.0,rammed_earth,0.15,concrete,0.1,eps,0.025,west,0.9,0.6,0.75,3.5,35.479,38.694,0.0714,17.123
Hyderabad,17.385,78.4867,warm_humid,3.0,3.0,2.6,90.0,plywood,0.019,brick,0.115,eps,0.1,north,1.5,0.6,0.35,2.6,33.881,37.315,0.2381,17.199
Hyderabad,17.385,78.4867,warm_humid,3.0,3.0,2.6,45.0,puf_sandwich_panel,0.1,concrete,0.2,none,0.0,south,1.8,0.9,0.55,2.6,38.199,45.496,0.0595,17.164
Hyderabad,17.385,78.4867,warm_humid,3.0,3.0,2.6,45.0,gi_sheet,0.002,brick,0.115,mineral_wool,0.05,west,1.8,1.5,0.35,5.8,35.6,41.511,0.2024,17.194
Hyderabad,17.385,78.4867,warm_humid,3.0,3.0,2.6,180.0,rammed_earth,0.45,rcc_slab,0.25,eps,0.1,west,1.8,1.2,0.45,2.6,33.467,35.705,0.2143,17.097
Hyderabad,17.385,78.4867,warm_humid,3.0,3.0,2.6,135.0,plywood,0.019,puf_sandwich_panel,0.1,mineral_wool,0.1,west,0.9,1.5,0.55,3.5,34.342,39.04,0.2857,17.276
Hyderabad,17.385,78.4867,warm_humid,3.0,3.0,2.6,90.0,gi_sheet,0.002,concrete,0.2,eps,0.025,west,0.6,1.5,0.85,2.6,36.255,41.467,0.0833,17.159
Hyderabad,17.385,78.4867,warm_humid,3.0,3.0,2.6,0.0,brick,0.345,gi_sheet,0.002,eps,0.025,south,0.9,0.6,0.35,3.5,34.503,36.961,0.1012,17.104
Hyderabad,17.385,78.4867,warm_humid,3.0,3.0,2.6,0.0,brick,0.23,brick,0.115,mineral_wool,0.1,west,1.2,1.5,0.55,2.6,33.983,36.288,0.1131,17.111
Hyderabad,17.385,78.4867,warm_humid,3.0,3.0,2.6,90.0,puf_sandwich_panel,0.075,concrete,0.1,mineral_wool,0.025,east,0.9,0.9,0.75,3.5,34.794,39.307,0.2083,17.203
Hyderabad,17.385,78.4867,warm_humid,3.0,3.0,2.6,0.0,plywood,0.03,puf_sandwich_panel,0.15,eps,0.025,west,0.9,1.2,0.45,2.6,34.883,41.619,0.3095,17.278
Hyderabad,17.385,78.4867,warm_humid,3.0,3.0,2.6,90.0,rammed_earth,0.15,concrete,0.1,eps,0.025,north,0.9,0.6,0.45,3.5,35.522,38.715,0.0714,17.123
Hyderabad,17.385,78.4867,warm_humid,3.0,3.0,2.6,0.0,puf_sandwich_panel,0.1,gi_sheet,0.002,none,0.0,west,1.8,0.6,0.55,2.6,39.477,55.5,0.2798,16.225
Hyderabad,17.385,78.4867,warm_humid,3.0,3.0,2.6,180.0,brick,0.115,concrete,0.1,eps,0.05,east,0.6,1.2,0.45,3.5,34.792,37.642,0.0714,17.129
Hyderabad,17.385,78.4867,warm_humid,3.0,3.0,2.6,45.0,gi_sheet,0.002,gi_sheet,0.002,mineral_wool,0.025,west,1.8,1.5,0.65,5.8,37.309,48.471,0.2738,16.369
Hyderabad,17.385,78.4867,warm_humid,3.0,3.0,2.6,180.0,brick,0.115,concrete,0.15,mineral_wool,0.05,east,0.6,0.9,0.75,2.6,34.802,37.556,0.0774,17.124
Hyderabad,17.385,78.4867,warm_humid,3.0,3.0,2.6,90.0,plywood,0.012,brick,0.23,mineral_wool,0.05,west,1.8,0.9,0.65,2.6,35.18,39.292,0.0893,17.164
Hyderabad,17.385,78.4867,warm_humid,3.0,3.0,2.6,90.0,gi_sheet,0.002,brick,0.115,eps,0.05,south,1.8,0.9,0.85,2.6,36.171,42.779,0.1667,17.196
Hyderabad,17.385,78.4867,warm_humid,3.0,3.0,2.6,135.0,puf_sandwich_panel,0.1,concrete,0.2,eps,0.025,west,1.2,1.5,0.45,2.6,35.017,38.569,0.0774,17.164
Hyderabad,17.385,78.4867,warm_humid,3.0,3.0,2.6,180.0,puf_sandwich_panel,0.1,gi_sheet,0.002,mineral_wool,0.1,east,0.9,0.6,0.55,2.6,32.603,36.145,0.4286,17.282
Hyderabad,17.385,78.4867,warm_humid,3.0,3.0,2.6,45.0,gi_sheet,0.002,brick,0.23,eps,0.1,north,0.6,0.9,0.35,2.6,33.786,36.703,0.1607,17.161
Hyderabad,17.385,78.4867,warm_humid,3.0,3.0,2.6,180.0,rammed_earth,0.45,rcc_slab,0.25,eps,0.1,south,0.6,0.6,0.65,5.8,31.985,33.419,0.4286,17.097
Hyderabad,17.385,78.4867,warm_humid,3.0,3.0,2.6,180.0,brick,0.23,puf_sandwich_panel,0.1,mineral_wool,0.1,south,0.9,0.9,0.75,3.5,32.997,34.675,0.2143,17.114
Hyderabad,17.385,78.4867,warm_humid,3.0,3.0,2.6,0.0,plywood,0.012,puf_sandwich_panel,0.15,mineral_wool,0.025,west,0.9,1.2,0.45,5.8,35.276,43.097,0.3155,17.298
Hyderabad,17.385,78.4867,warm_humid,3.0,3.0,2.6,45.0,puf_sandwich_panel,0.15,puf_sandwich_panel,0.075,mineral_wool,0.1,west,0.6,0.6,0.85,3.5,31.962,34.818,0.5119,17.286
Hyderabad,17.385,78.4867,warm_humid,3.0,3.0,2.6,135.0,rammed_earth,0.45,gi_sheet,0.002,none,0.0,south,0.9,1.5,0.85,5.8,38.615,43.212,0.0655,17.1
Hyderabad,17.385,78.4867,warm_humid,3.0,3.0,2.6,180.0,puf_sandwich_panel,0.05,gi_sheet,0.002,eps,0.1,east,1.2,1.5,0.85,2.6,34.927,42.783,0.3036,17.301
Hyderabad,17.385,78.4867,warm_humid,3.0,3.0,2.6,135.0,puf_sandwich_panel,0.15,concrete,0.2,eps,0.1,west,0.6,1.5,0.45,2.6,32.738,34.727,0.2738,17.162
Hyderabad,17.385,78.4867,warm_humid,3.0,3.0,2.6,90.0,gi_sheet,0.002,concrete,0.1,eps,0.05,west,1.2,0.6,0.45,5.8,34.861,39.522,0.2024,17.194
Hyderabad,17.385,78.4867,warm_humid,3.0,3.0,2.6,180.0,brick,0.23,brick,0.23,eps,0.025,south,0.9,1.2,0.55,3.5,35.113,37.806,0.0774,17.108
Hyderabad,17.385,78.4867,warm_humid,3.0,3.0,2.6,90.0,puf_sandwich_panel,0.15,concrete,0.2,none,0.0,east,1.2,0.9,0.75,5.8,38.051,44.749,0.0595,17.163
Hyderabad,17.385,78.4867,warm_humid,3.0,3.0,2.6,135.0,brick,0.115,brick,0.115,mineral_wool,0.05,west,0.9,0.9,0.45,2.6,34.896,37.716,0.0714,17.129
Hyderabad,17.385,78.4867,warm_humid,3.0,3.0,2.6,180.0,plywood,0.019,gi_sheet,0.002,eps,0.1,west,0.6,1.2,0.45,3.5,34.135,38.79,0.3155,17.28
Hyderabad,17.385,78.4867,warm_humid,3.0,3.0,2.6,90.0,concrete,0.15,gi_sheet,0.002,mineral_wool,0.1,west,1.2,0.6,0.85,3.5,33.517,35.557,0.125,17.121
Hyderabad,17.385,78.4867,warm_humid,3.0,3.0,2.6,90.0,brick,0.115,gi_sheet,0.002,mineral_wool,0.1,north,1.8,1.2,0.55,5.8,35.303,38.361,0.0655,17.14
Hyderabad,17.385,78.4867,warm_humid,3.0,3.0,2.6,0.0,rammed_earth,0.3,puf_sandwich_panel,0.05,eps,0.1,east,1.8,1.5,0.35,3.5,33.963,36.097,0.119,17.111
Hyderabad,17.385,78.4867,warm_humid,3.0,3.0,2.6,0.0,plywood,0.05,rcc_slab,0.25,none,0.0,east,0.9,1.5,0.45,5.8,38.688,46.006,0.0536,17.146
Hyderabad,17.385,78.4867,warm_humid,3.0,3.0,2.6,135.0,plywood,0.03,brick,0.23,mineral_wool,0.025,east,1.2,1.5,0.45,2.6,36.138,41.145,0.0655,17.161
Hyderabad,17.385,78.4867,warm_humid,3.0,3.0,2.6,180.0,brick,0.115,puf_sandwich_panel,0.15,mineral_wool,0.1,south,0.6,1.5,0.35,3.5,33.277,35.355,0.131,17.139
Hyderabad,17.385,78.4867,warm_humid,3.0,3.0,2.6,0.0,rammed_earth,0.3,concrete,0.1,none,0.0,south,1.5,0.6,0.35,2.6,38.457,43.104,0.0655,17.106
Hyderabad,17.385,78.4867,warm_humid,3.0,3.0,2.6,90.0,puf_sandwich_panel,0.1,brick,0.115,eps,0.025,west,1.8,1.2,0.55,5.8,35.085,39.979,0.2024,17.206
Hyderabad,17.385,78.4867,warm_humid,3.0,3.0,2.6,135.0,concrete,0.3,rcc_slab,0.2,eps,0.025,east,1.2,1.5,0.85,3.5,35.932,39.15,0.0833,17.1
Hyderabad,17.385,78.4867,warm_humid,3.0,3.0,2.6,0.0,gi_sheet,0.002,gi_sheet,0.002,mineral_wool,0.05,north,0.9,1.2,0.85,5.8,35.501,42.703,0.2738,17.266
Hyderabad,17.385,78.4867,warm_humid,3.0,3.0,2.6,45.0,puf_sandwich_panel,0.1,concrete,0.1,eps,0.025,west,0.6,1.2,0.75,2.6,34.584,38.98,0.2083,17.204
Hyderabad,17.385,78.4867,warm_humid,3.0,3.0,2.6,0.0,brick,0.345,brick,0.23,eps,0.1,north,1.5,1.2,0.75,3.5,33.399,35.352,0.2143,17.101
Hyderabad,17.385,78.4867,warm_humid,3.0,3.0,2.6,135.0,concrete,0.15,rcc_slab,0.1,mineral_wool,0.025,south,0.6,1.2,0.55,2.6,35.939,39.229,0.0714,17.117
Hyderabad,17.385,78.4867,warm_humid,3.0,3.0,2.6,90.0,brick,0.345,rcc_slab,0.25,mineral_wool,0.025,south,0.9,0.9,0.75,5.8,34.624,37.269,0.1012,17.1
Hyderabad,17.385,78.4867,warm_humid,3.0,3.0,2.6,180.0,gi_sheet,0.002,gi_sheet,0.002,mineral_wool,0.1,south,0.6,1.5,0.75,2.6,34.594,39.668,0.2738,17.258
Hyderabad,17.385,78.4867,warm_humid,3.0,3.0,2.6,45.0,brick,0.23,puf_sandwich_panel,0.1,eps,0.1,north,1.8,1.5,0.55,5.8,34.632,37.073,0.0774,17.116
Hyderabad,17.385,78.4867,warm_humid,3.0,3.0,2.6,0.0,concrete,0.1,gi_sheet,0.002,eps,0.1,south,1.5,1.2,0.35,5.8,34.151,36.96,0.0952,17.139
Hyderabad,17.385,78.4867,warm_humid,3.0,3.0,2.6,180.0,puf_sandwich_panel,0.05,concrete,0.15,none,0.0,east,0.6,0.9,0.65,5.8,38.4,47.024,0.0833,17.181
Hyderabad,17.385,78.4867,warm_humid,3.0,3.0,2.6,0.0,rammed_earth,0.45,puf_sandwich_panel,0.15,eps,0.05,south,1.2,1.2,0.75,5.8,33.243,35.113,0.2143,17.101
Hyderabad,17.385,78.4867,warm_humid,3.0,3.0,2.6,0.0,gi_sheet,0.002,gi_sheet,0.002,mineral_wool,0.05,east,1.2,1.5,0.85,2.6,37.175,45.424,0.244,17.267
Hyderabad,17.385,78.4867,warm_humid,3.0,3.0,2.6,0.0,gi_sheet,0.002,brick,0.115,mineral_wool,0.05,east,0.9,1.2,0.55,2.6,35.706,41.017,0.1607,17.194
Hyderabad,17.385,78.4867,warm_humid,3.0,3.0,2.6,0.0,puf_sandwich_panel,0.075,puf_sandwich_panel,0.05,mineral_wool,0.05,east,1.5,1.2,0.75,3.5,35.339,41.168,0.2738,17.306
Hyderabad,17.385,78.4867,warm_humid,3.0,3.0,2.6,180.0,plywood,0.03,brick,0.115,mineral_wool,0.025,west,0.6,0.6,0.65,3.5,35.995,41.621,0.1488,17.194
Hyderabad,17.385,78.4867,warm_humid,3.0,3.0,2.6,0.0,gi_sheet,0.002,concrete,0.2,eps,0.025,west,0.6,0.9,0.65,2.6,36.197,41.493,0.0833,17.159
Hyderabad,17.385,78.4867,warm_humid,3.0,3.0,2.6,0.0,plywood,0.012,gi_sheet,0.002,eps,0.05,west,0.9,0.6,0.65,3.5,35.014,42.268,0.3095,17.292
Hyderabad,17.385,78.4867,warm_humid,3.0,3.0,2.6,45.0,rammed_earth,0.15,concrete,0.2,mineral_wool,0.025,south,0.6,1.5,0.85,5.8,35.827,39.115,0.0714,17.117
Hyderabad,17.385,78.4867,warm_humid,3.0,3.0,2.6,135.0,brick,0.23,rcc_slab,0.1,eps,0.025,south,0.9,0.6,0.85,5.8,35.446,38.387,0.0774,17.11
Hyderabad,17.385,78.4867,warm_humid,3.0,3.0,2.6,90.0,brick,0.115,puf_sandwich_panel,0.15,mineral_wool,0.1,north,1.2,0.6,0.55,2.6,33.446,35.562,0.1131,17.139
Hyderabad,17.385,78.4867,warm_humid,3.0,3.0,2.6,180.0,rammed_earth,0.45,brick,0.23,mineral_wool,0.1,south,1.5,0.6,0.85,2.6,32.516,34.181,0.2917,17.097
Hyderabad,17.385,78.4867,warm_humid,3.0,3.0,2.6,45.0,concrete,0.1,gi_sheet,0.002,mineral_wool,0.025,south,1.5,0.6,0.55,5.8,36.275,40.655,0.0655,17.138
Hyderabad,17.385,78.4867,warm_humid,3.0,3.0,2.6,180.0,brick,0.23,brick,0.115,eps,0.025,south,1.2,0.6,0.45,3.5,35.207,37.973,0.0774,17.111
Hyderabad,17.385,78.4867,warm_humid,3.0,3.0,2.6,180.0,plywood,0.03,gi_sheet,0.002,eps,0.025,west,0.9,0.9,0.65,2.6,36.438,44.392,0.2679,17.271
Hyderabad,17.385,78.4867,warm_humid,3.0,3.0,2.6,45.0,brick,0.23,puf_sandwich_panel,0.1,mineral_wool,0.025,north,0.6,0.9,0.85,2.6,34.457,36.849,0.0833,17.114
Hyderabad,17.385,78.4867,warm_humid,3.0,3.0,2.6,0.0,gi_sheet,0.002,puf_sandwich_panel,0.075,mineral_wool,0.05,east,1.2,1.2,0.85,2.6,36.235,43.421,0.256,17.274
Hyderabad,17.385,78.4867,warm_humid,3.0,3.0,2.6,0.0,concrete,0.15,rcc_slab,0.1,none,0.0,south,1.8,0.9,0.75,3.5,39.978,47.448,0.0536,17.117
Hyderabad,17.385,78.4867,warm_humid,3.0,3.0,2.6,90.0,brick,0.345,brick,0.23,eps,0.025,west,0.9,0.6,0.35,3.5,34.138,36.464,0.1369,17.1
Hyderabad,17.385,78.4867,warm_humid,3.0,3.0,2.6,180.0,gi_sheet,0.002,brick,0.23,eps,0.025,east,1.8,1.5,0.45,2.6,36.872,43.018,0.0833,17.162
Hyderabad,17.385,78.4867,warm_humid,3.0,3.0,2.6,45.0,concrete,0.1,rcc_slab,0.25,eps,0.025,north,1.2,0.9,0.85,5.8,36.504,40.087,0.0655,17.118
Hyderabad,17.385,78.4867,warm_humid,3.0,3.0,2.6,180.0,concrete,0.3,gi_sheet,0.002,mineral_wool,0.1,east,1.8,0.9,0.45,2.6,33.506,35.552,0.2083,17.104
Hyderabad,17.385,78.4867,warm_humid,3.0,3.0,2.6,0.0,puf_sandwich_panel,0.075,gi_sheet,0.002,mineral_wool,0.1,south,0.6,0.6,0.55,5.8,32.443,35.689,0.4345,17.284
Hyderabad,17.385,78.4867,warm_humid,3.0,3.0,2.6,0.0,brick,0.23,gi_sheet,0.002,eps,0.1,north,1.5,1.2,0.65,2.6,33.834,35.964,0.1131,17.115
Hyderabad,17.385,78.4867,warm_humid,3.0,3.0,2.6,135.0,concrete,0.3,rcc_slab,0.25,none,0.0,east,0.9,0.9,0.35,3.5,38.21,42.512,0.0655,17.099
Hyderabad,17.385,78.4867,warm_humid,3.0,3.0,2.6,0.0,plywood,0.05,concrete,0.2,eps,0.1,east,1.5,0.6,0.55,5.8,33.89,36.49,0.1012,17.155
Hyderabad,17.385,78.4867,warm_humid,3.0,3.0,2.6,180.0,gi_sheet,0.002,concrete,0.2,mineral_wool,0.1,south,1.2,1.2,0.65,5.8,34.667,37.97,0.0833,17.157
Hyderabad,17.385,78.4867,warm_humid,3.0,3.0,2.6,45.0,rammed_earth,0.45,gi_sheet,0.002,eps,0.025,east,0.9,1.5,0.65,5.8,34.921,37.647,0.0893,17.1
Hyderabad,17.385,78.4867,warm_humid,3.0,3.0,2.6,180.0,rammed_earth,0.3,rcc_slab,0.2,none,0.0,east,0.9,1.5,0.45,3.5,37.925,42.191,0.0655,17.104
Hyderabad,17.385,78.4867,warm_humid,3.0,3.0,2.6,135.0,puf_sandwich_panel,0.15,brick,0.115,eps,0.1,south,1.8,0.9,0.85,2.6,34.095,38.132,0.2202,17.203
Hyderabad,17.385,78.4867,warm_humid,3.0,3.0,2.6,0.0,concrete,0.1,gi_sheet,0.002,none,0.0,south,1.5,1.2,0.45,2.6,40.206,51.371,0.1369,15.223
Hyderabad,17.385,78.4867,warm_humid,3.0,3.0,2.6,180.0,puf_sandwich_panel,0.15,brick,0.23,mineral_wool,0.05,east,1.2,1.2,0.75,5.8,34.288,37.676,0.0952,17.164
Hyderabad,17.385,78.4867,warm_humid,3.0,3.0,2.6,180.0,puf_sandwich_panel,0.15,gi_sheet,0.002,none,0.0,east,1.2,0.6,0.75,3.5,39.483,55.291,0.2679,16.545
Hyderabad,17.385,78.4867,warm_humid,3.0,3.0,2.6,135.0,brick,0.23,puf_sandwich_panel,0.15,mineral_wool,0.1,west,1.5,0.9,0.35,3.5,33.136,34.883,0.1726,17.115
Hyderabad,17.385,78.4867,warm_humid,3.0,3.0,2.6,90.0,gi_sheet,0.002,rcc_slab,0.25,mineral_wool,0.025,north,1.8,1.5,0.85,3.5,38.415,44.507,0.0536,17.149
Hyderabad,17.385,78.4867,warm_humid,3.0,3.0,2.6,90.0,brick,0.23,concrete,0.15,eps,0.025,east,1.2,0.6,0.85,5.8,35.371,38.194,0.0774,17.109
Hyderabad,17.385,78.4867,warm_humid,3.0,3.0,2.6,180.0,concrete,0.3,rcc_slab,0.1,eps,0.05,west,1.5,1.2,0.45,3.5,34.718,37.322,0.0952,17.102
Hyderabad,17.385,78.4867,warm_humid,3.0,3.0,2.6,45.0,gi_sheet,0.002,rcc_slab,0.15,eps,0.025,west,1.5,0.9,0.85,3.5,36.866,43.54,0.119,17.174
Hyderabad,17.385,78.4867,warm_humid,3.0,3.0,2.6,90.0,brick,0.115,rcc_slab,0.2,mineral_wool,0.05,west,1.2,0.9,0.55,2.6,34.568,37.174,0.0774,17.121
Hyderabad,17.385,78.4867,warm_humid,3.0,3.0,2.6,90.0,gi_sheet,0.002,concrete,0.15,eps,0.05,west,0.9,0.9,0.65,3.5,34.951,39.198,0.1369,17.173
Hyderabad,17.385,78.4867,warm_humid,3.0,3.0,2.6,0.0,gi_sheet,0.002,brick,0.115,mineral_wool,0.05,south,0.9,1.2,0.85,5.8,35.694,41.303,0.1726,17.194
Hyderabad,17.385,78.4867,warm_humid,3.0,3.0,2.6,135.0,brick,0.23,gi_sheet,0.002,none,0.0,south,0.9,1.2,0.45,2.6,39.536,45.781,0.0595,17.115
Hyderabad,17.385,78.4867,warm_humid,3.0,3.0,2.6,135.0,brick,0.23,gi_sheet,0.002,eps,0.025,east,1.8,1.5,0.55,5.8,36.405,40.032,0.0714,17.116
Hyderabad,17.385,78.4867,warm_humid,3.0,3.0,2.6,45.0,plywood,0.03,puf_sandwich_panel,0.05,eps,0.025,north,0.9,1.2,0.35,3.5,35.101,41.573,0.2917,17.28
Hyderabad,17.385,78.4867,warm_humid,3.0,3.0,2.6,180.0,rammed_earth,0.15,gi_sheet,0.002,eps,0.025,north,1.8,1.2,0.65,2.6,36.462,40.665,0.0655,17.133
Hyderabad,17.385,78.4867,warm_humid,3.0,3.0,2.6,135.0,gi_sheet,0.002,rcc_slab,0.1,mineral_wool,0.05,west,0.6,1.2,0.65,2.6,35.481,40.288,0.1548,17.192
Hyderabad,17.385,78.4867,warm_humid,3.0,3.0,2.6,0.0,brick,0.23,concrete,0.2,eps,0.025,north,0.9,1.2,0.45,3.5,35.113,37.829,0.0774,17.108
Hyderabad,17.385,78.4867,warm_humid,3.0,3.0,2.6,45.0,puf_sandwich_panel,0.1,concrete,0.15,eps,0.1,north,0.6,1.5,0.85,5.8,33.552,36.135,0.1845,17.179
Hyderabad,17.385,78.4867,warm_humid,3.0,3.0,2.6,180.0,plywood,0.019,rcc_slab,0.25,none,0.0,north,1.5,0.6,0.45,2.6,38.999,48.092,0.1071,16.658
Hyderabad,17.385,78.4867,warm_humid,3.0,3.0,2.6,135.0,brick,0.23,gi_sheet,0.002,eps,0.1,north,0.9,1.2,0.75,2.6,34.059,36.237,0.1071,17.114
Hyderabad,17.385,78.4867,warm_humid,3.0,3.0,2.6,45.0,plywood,0.012,rcc_slab,0.15,mineral_wool,0.025,east,1.2,0.6,0.65,5.8,36.474,42.228,0.119,17.178
Hyderabad,17.385,78.4867,warm_humid,3.0,3.0,2.6,45.0,brick,0.345,brick,0.115,eps,0.025,west,1.2,1.5,0.35,2.6,34.925,37.621,0.0833,17.103
Hyderabad,17.385,78.4867,warm_humid,3.0,3.0,2.6,45.0,concrete,0.2,gi_sheet,0.002,eps,0.025,east,1.2,1.2,0.45,2.6,35.994,39.217,0.0714,17.114
Hyderabad,17.385,78.4867,warm_humid,3.0,3.0,2.6,90.0,concrete,0.15,rcc_slab,0.25,eps,0.05,south,1.2,0.6,0.55,2.6,34.281,36.623,0.0952,17.11
Hyderabad,17.385,78.4867,warm_humid,3.0,3.0,2.6,45.0,rammed_earth,0.45,concrete,0.2,eps,0.05,north,1.5,1.5,0.75,3.5,34.693,37.523,0.119,17.098
Hyderabad,17.385,78.4867,warm_humid,3.0,3.0,2.6,45.0,concrete,0.1,concrete,0.1,mineral_wool,0.1,west,1.5,0.6,0.55,5.8,33.827,36.18,0.1071,17.127
Hyderabad,17.385,78.4867,warm_humid,3.0,3.0,2.6,180.0,gi_sheet,0.002,gi_sheet,0.002,eps,0.05,west,1.8,1.5,0.75,3.5,38.008,47.178,0.2381,17.273
Hyderabad,17.385,78.4867,warm_humid,3.0,3.0,2.6,0.0,puf_sandwich_panel,0.075,gi_sheet,0.002,eps,0.025,north,0.9,0.9,0.85,2.6,34.678,40.93,0.3155,17.304
Hyderabad,17.385,78.4867,warm_humid,3.0,3.0,2.6,90.0,gi_sheet,0.002,rcc_slab,0.25,eps,0.1,west,1.8,0.6,0.35,2.6,33.724,36.4,0.131,17.148
Hyderabad,17.385,78.4867,warm_humid,3.0,3.0,2.6,45.0,concrete,0.1,brick,0.115,eps,0.025,north,1.8,0.9,0.35,2.6,36.349,40.321,0.0655,17.129
Hyderabad,17.385,78.4867,warm_humid,3.0,3.0,2.6,0.0,rammed_earth,0.45,gi_sheet,0.002,eps,0.05,north,1.8,1.5,0.75,3.5,34.442,36.826,0.1071,17.101
Hyderabad,17.385,78.4867,warm_humid,3.0,3.0,2.6,135.0,plywood,0.019,gi_sheet,0.002,eps,0.1,south,1.2,0.9,0.75,3.5,34.439,40.202,0.3036,17.28
Hyderabad,17.385,78.4867,warm_humid,3.0,3.0,2.6,135.0,brick,0.23,rcc_slab,0.15,mineral_wool,0.025,north,1.5,1.2,0.35,5.8,35.695,38.693,0.0714,17.11
Hyderabad,17.385,78.4867,warm_humid,3.0,3.0,2.6,90.0,puf_sandwich_panel,0.075,concrete,0.15,eps,0.05,south,1.5,0.9,0.85,3.5,34.697,38.896,0.125,17.18
Hyderabad,17.385,78.4867,warm_humid,3.0,3.0,2.6,45.0,brick,0.345,brick,0.115,none,0.0,west,0.9,1.2,0.55,3.5,37.915,42.104,0.0655,17.102
Hyderabad,17.385,78.4867,warm_humid,3.0,3.0,2.6,90.0,gi_sheet,0.002,concrete,0.2,eps,0.1,north,1.5,1.5,0.65,5.8,35.992,39.96,0.0595,17.159
Hyderabad,17.385,78.4867,warm_humid,3.0,3.0,2.6,180.0,gi_sheet,0.002,rcc_slab,0.25,eps,0.025,east,1.5,0.6,0.65,2.6,36.447,41.367,0.0595,17.149
Hyderabad,17.385,78.4867,warm_humid,3.0,3.0,2.6,90.0,rammed_earth,0.3,rcc_slab,0.1,mineral_wool,0.025,north,0.9,1.5,0.45,2.6,35.261,38.041,0.0774,17.106
Hyderabad,17.385,78.4867,warm_humid,3.0,3.0,2.6,180.0,gi_sheet,0.002,gi_sheet,0.002,eps,0.1,north,1.8,1.2,0.65,2.6,35.609,42.318,0.2679,17.27
Hyderabad,17.385,78.4867,warm_humid,3.0,3.0,2.6,45.0,rammed_earth,0.45,concrete,0.1,mineral_wool,0.025,north,1.5,0.6,0.85,5.8,34.671,37.413,0.1131,17.099
Hyderabad,17.385,78.4867,warm_humid,3.0,3.0,2.6,45.0,plywood,0.019,gi_sheet,0.002,eps,0.025,east,1.5,1.2,0.45,5.8,36.791,45.71,0.2679,17.244
Hyderabad,17.385,78.4867,warm_humid,3.0,3.0,2.6,90.0,rammed_earth,0.3,rcc_slab,0.2,mineral_wool,0.05,east,1.5,1.2,0.55,5.8,34.179,36.432,0.1131,17.104
Hyderabad,17.385,78.4867,warm_humid,3.0,3.0,2.6,135.0,plywood,0.03,concrete,0.15,mineral_wool,0.05,north,0.6,1.5,0.85,2.6,35.509,39.593,0.0774,17.172
Hyderabad,17.385,78.4867,warm_humid,3.0,3.0,2.6,180.0,gi_sheet,0.002,concrete,0.1,eps,0.1,south,0.6,0.6,0.35,3.5,34.01,37.424,0.2202,17.193
Hyderabad,17.385,78.4867,warm_humid,3.0,3.0,2.6,90.0,brick,0.115,puf_sandwich_panel,0.1,none,0.0,west,1.5,0.9,0.75,2.6,37.716,44.094,0.0655,17.141
Hyderabad,17.385,78.4867,warm_humid,3.0,3.0,2.6,135.0,concrete,0.15,puf_sandwich_panel,0.1,eps,0.025,south,1.2,0.9,0.55,5.8,35.123,38.115,0.0714,17.123
Hyderabad,17.385,78.4867,warm_humid,3.0,3.0,2.6,180.0,rammed_earth,0.3,rcc_slab,0.15,mineral_wool,0.05,south,0.6,1.2,0.75,2.6,33.701,35.764,0.1548,17.105
Hyderabad,17.385,78.4867,warm_humid,3.0,3.0,2.6,135.0,puf_sandwich_panel,0.075,concrete,0.15,mineral_wool,0.1,west,0.9,1.5,0.85,3.5,34.337,37.384,0.119,17.176
Hyderabad,17.385,78.4867,warm_humid,3.0,3.0,2.6,45.0,gi_sheet,0.002,puf_sandwich_panel,0.05,eps,0.025,south,1.8,0.9,0.85,3.5,36.545,46.581,0.2857,17.184
Hyderabad,17.385,78.4867,warm_humid,3.0,3.0,2.6,0.0,concrete,0.2,concrete,0.2,none,0.0,west,1.8,0.9,0.45,3.5,39.016,44.491,0.0595,17.107
Hyderabad,17.385,78.4867,warm_humid,3.0,3.0,2.6,180.0,brick,0.115,concrete,0.2,mineral_wool,0.025,west,1.8,0.6,0.75,2.6,36.636,40.285,0.0655,17.122
Hyderabad,17.385,78.4867,warm_humid,3.0,3.0,2.6,180.0,rammed_earth,0.45,puf_sandwich_panel,0.075,eps,0.025,west,0.6,0.9,0.75,5.8,33.306,35.268,0.2143,17.1
Hyderabad,17.385,78.4867,warm_humid,3.0,3.0,2.6,180.0,concrete,0.3,gi_sheet,0.002,eps,0.1,east,1.2,1.2,0.85,2.6,34.024,36.397,0.1369,17.104
Hyderabad,17.385,78.4867,warm_humid,3.0,3.0,2.6,45.0,gi_sheet,0.002,brick,0.115,eps,0.1,east,1.8,0.6,0.85,5.8,35.199,39.631,0.1607,17.195
Hyderabad,17.385,78.4867,warm_humid,3.0,3.0,2.6,135.0,plywood,0.05,concrete,0.2,mineral_wool,0.025,west,1.2,1.2,0.75,3.5,36.517,41.156,0.0595,17.155
Hyderabad,17.385,78.4867,warm_humid,3.0,3.0,2.6,45.0,puf_sandwich_panel,0.15,rcc_slab,0.15,mineral_wool,0.1,south,1.8,0.6,0.35,5.8,32.676,35.006,0.3333,17.175
Hyderabad,17.385,78.4867,warm_humid,3.0,3.0,2.6,90.0,plywood,0.03,rcc_slab,0.2,mineral_wool,0.05,south,1.8,0.6,0.65,5.8,34.943,38.773,0.0774,17.158
Hyderabad,17.385,78.4867,warm_humid,3.0,3.0,2.6,90.0,concrete,0.1,rcc_slab,0.2,mineral_wool,0.05,west,1.5,1.5,0.65,5.8,35.308,38.359,0.0714,17.121
Hyderabad,17.385,78.4867,warm_humid,3.0,3.0,2.6,0.0,gi_sheet,0.002,gi_sheet,0.002,eps,0.025,north,1.2,1.2,0.75,3.5,36.724,46.126,0.2857,16.748
Hyderabad,17.385,78.4867,warm_humid,3.0,3.0,2.6,180.0,concrete,0.15,gi_sheet,0.002,eps,0.1,north,1.5,1.5,0.85,5.8,35.43,38.443,0.0714,17.124
Hyderabad,17.385,78.4867,warm_humid,3.0,3.0,2.6,45.0,gi_sheet,0.002,concrete,0.1,mineral_wool,0.05,south,1.8,0.6,0.65,3.5,35.51,41.013,0.1726,17.192
Hyderabad,17.385,78.4867,warm_humid,3.0,3.0,2.6,90.0,gi_sheet,0.002,rcc_slab,0.25,mineral_wool,0.1,east,1.2,1.2,0.75,5.8,34.599,37.806,0.0833,17.147
Hyderabad,17.385,78.4867,warm_humid,3.0,3.0,2.6,135.0,brick,0.345,concrete,0.15,mineral_wool,0.1,west,1.8,0.9,0.35,3.5,33.111,34.991,0.2143,17.102
Hyderabad,17.385,78.4867,warm_humid,3.0,3.0,2.6,45.0,concrete,0.1,puf_sandwich_panel,0.075,mineral_wool,0.05,south,0.9,1.5,0.85,5.8,35.184,38.708,0.0714,17.139
Hyderabad,17.385,78.4867,warm_humid,3.0,3.0,2.6,135.0,plywood,0.012,gi_sheet,0.002,mineral_wool,0.05,south,1.8,1.5,0.45,2.6,35.866,44.229,0.2917,17.286
Hyderabad,17.385,78.4867,warm_humid,3.0,3.0,2.6,135.0,rammed_earth,0.15,concrete,0.1,eps,0.1,west,0.9,1.5,0.35,2.6,33.715,35.798,0.1131,17.124
Hyderabad,17.385,78.4867,warm_humid,3.0,3.0,2.6,135.0,gi_sheet,0.002,brick,0.115,eps,0.025,west,0.6,1.2,0.65,3.5,36.681,43.417,0.1667,17.196
Hyderabad,17.385,78.4867,warm_humid,3.0,3.0,2.6,45.0,puf_sandwich_panel,0.15,gi_sheet,0.002,eps,0.1,west,1.2,1.5,0.45,2.6,33.381,38.146,0.3631,17.291
Hyderabad,17.385,78.4867,warm_humid,3.0,3.0,2.6,180.0,puf_sandwich_panel,0.1,puf_sandwich_panel,0.15,mineral_wool,0.05,south,0.6,1.2,0.35,3.5,32.08,35.059,0.4821,17.3
Hyderabad,17.385,78.4867,warm_humid,3.0,3.0,2.6,45.0,brick,0.345,gi_sheet,0.002,mineral_wool,0.025,north,0.9,0.9,0.35,5.8,34.71,37.276,0.0833,17.104
Hyderabad,17.385,78.4867,warm_humid,3.0,3.0,2.6,45.0,puf_sandwich_panel,0.075,rcc_slab,0.1,mineral_wool,0.05,north,0.9,0.9,0.85,3.5,34.241,37.818,0.1964,17.202
Hyderabad,17.385,78.4867,warm_humid,3.0,3.0,2.6,135.0,puf_sandwich_panel,0.1,brick,0.23,mineral_wool,0.025,west,0.6,1.5,0.85,2.6,34.743,38.055,0.0774,17.166
Hyderabad,17.385,78.4867,warm_humid,3.0,3.0,2.6,180.0,brick,0.345,puf_sandwich_panel,0.075,mineral_wool,0.025,south,1.8,0.6,0.55,2.6,33.79,35.852,0.1488,17.104
Hyderabad,17.385,78.4867,warm_humid,3.0,3.0,2.6,0.0,brick,0.345,concrete,0.15,eps,0.1,north,1.2,0.6,0.65,5.8,32.598,34.209,0.2679,17.101
Hyderabad,17.385,78.4867,warm_humid,3.0,3.0,2.6,0.0,gi_sheet,0.002,puf_sandwich_panel,0.05,eps,0.025,north,0.9,0.9,0.35,5.8,35.368,42.892,0.2976,17.281
Hyderabad,17.385,78.4867,warm_humid,3.0,3.0,2.6,180.0,concrete,0.1,puf_sandwich_panel,0.1,mineral_wool,0.025,south,1.5,1.5,0.65,2.6,35.906,39.933,0.0655,17.141
Hyderabad,17.385,78.4867,warm_humid,3.0,3.0,2.6,45.0,brick,0.115,puf_sandwich_panel,0.075,mineral_wool,0.05,east,1.2,1.2,0.75,2.6,35.39,38.66,0.0655,17.141
Hyderabad,17.385,78.4867,warm_humid,3.0,3.0,2.6,180.0,gi_sheet,0.002,brick,0.23,eps,0.025,north,0.9,1.5,0.65,5.8,36.599,42.029,0.0833,17.161
Hyderabad,17.385,78.4867,warm_humid,3.0,3.0,2.6,0.0,concrete,0.2,brick,0.115,mineral_wool,0.1,west,0.9,1.2,0.75,2.6,33.855,36.095,0.131,17.11
Hyderabad,17.385,78.4867,warm_humid,3.0,3.0,2.6,135.0,puf_sandwich_panel,0.15,concrete,0.15,eps,0.05,south,0.9,0.9,0.35,5.8,33.085,35.718,0.2798,17.179
Hyderabad,17.385,78.4867,warm_humid,3.0,3.0,2.6,180.0,gi_sheet,0.002,puf_sandwich_panel,0.075,eps,0.025,east,0.9,0.6,0.75,2.6,35.672,43.202,0.2857,17.28
Hyderabad,17.385,78.4867,warm_humid,3.0,3.0,2.6,0.0,concrete,0.3,gi_sheet,0.002,mineral_wool,0.05,south,0.6,1.5,0.75,5.8,34.092,36.349,0.125,17.103
Hyderabad,17.385,78.4867,warm_humid,3.0,3.0,2.6,0.0,puf_sandwich_panel,0.075,concrete,0.1,eps,0.1,west,1.2,1.5,0.65,5.8,34.226,38.645,0.2262,17.203
Hyderabad,17.385,78.4867,warm_humid,3.0,3.0,2.6,90.0,plywood,0.019,concrete,0.1,none,0.0,east,0.6,1.5,0.45,3.5,39.806,53.45,0.2262,14.417
Hyderabad,17.385,78.4867,warm_humid,3.0,3.0,2.6,135.0,plywood,0.03,concrete,0.2,eps,0.05,west,1.2,1.2,0.55,5.8,35.328,39.053,0.0655,17.159
Hyderabad,17.385,78.4867,warm_humid,3.0,3.0,2.6,180.0,rammed_earth,0.15,rcc_slab,0.25,eps,0.025,west,0.6,0.9,0.45,3.5,35.334,38.197,0.0714,17.115
Hyderabad,17.385,78.4867,warm_humid,3.0,3.0,2.6,180.0,brick,0.345,concrete,0.15,eps,0.025,south,1.2,0.9,0.65,5.8,34.786,37.383,0.0893,17.101
Hyderabad,17.385,78.4867,warm_humid,3.0,3.0,2.6,90.0,plywood,0.019,puf_sandwich_panel,0.05,eps,0.025,west,1.2,1.5,0.85,2.6,35.906,43.846,0.2857,17.295
Hyderabad,17.385,78.4867,warm_humid,3.0,3.0,2.6,45.0,brick,0.115,rcc_slab,0.25,eps,0.1,north,1.8,0.9,0.45,3.5,34.103,36.351,0.1012,17.119
Hyderabad,17.385,78.4867,warm_humid,3.0,3.0,2.6,90.0,concrete,0.15,concrete,0.15,mineral_wool,0.025,north,0.6,1.2,0.85,2.6,36.126,39.375,0.0714,17.114
Hyderabad,17.385,78.4867,warm_humid,3.0,3.0,2.6,45.0,brick,0.115,gi_sheet,0.002,eps,0.1,west,1.2,0.9,0.85,5.8,34.237,37.06,0.0893,17.14
Hyderabad,17.385,78.4867,warm_humid,3.0,3.0,2.6,45.0,concrete,0.2,concrete,0.1,eps,0.1,east,0.6,1.5,0.55,2.6,33.594,35.595,0.1429,17.11
Hyderabad,17.385,78.4867,warm_humid,3.0,3.0,2.6,90.0,concrete,0.3,puf_sandwich_panel,0.15,eps,0.025,north,1.8,0.9,0.55,2.6,34.792,37.299,0.0833,17.104
Hyderabad,17.385,78.4867,warm_humid,3.0,3.0,2.6,45.0,plywood,0.05,rcc_slab,0.15,eps,0.1,south,1.8,1.5,0.85,5.8,36.078,41.246,0.0655,17.168
Hyderabad,17.385,78.4867,warm_humid,3.0,3.0,2.6,135.0,concrete,0.2,gi_sheet,0.002,eps,0.05,north,0.9,0.9,0.45,2.6,34.509,36.925,0.0833,17.113
Hyderabad,17.385,78.4867,warm_humid,3.0,3.0,2.6,45.0,rammed_earth,0.3,rcc_slab,0.15,eps,0.025,south,1.2,1.5,0.65,2.6,35.536,38.545,0.0774,17.106
Hyderabad,17.385,78.4867,warm_humid,3.0,3.0,2.6,180.0,brick,0.345,gi_sheet,0.002,mineral_wool,0.1,north,1.5,1.2,0.35,2.6,33.153,34.942,0.2143,17.105
Hyderabad,17.385,78.4867,warm_humid,3.0,3.0,2.6,45.0,plywood,0.012,gi_sheet,0.002,mineral_wool,0.05,south,1.8,1.5,0.35,3.5,35.654,44.104,0.3036,17.286
Hyderabad,17.385,78.4867,warm_humid,3.0,3.0,2.6,45.0,puf_sandwich_panel,0.15,rcc_slab,0.1,eps,0.025,east,1.5,0.9,0.65,5.8,35.431,40.178,0.1488,17.202
Hyderabad,17.385,78.4867,warm_humid,3.0,3.0,2.6,45.0,brick,0.23,concrete,0.15,mineral_wool,0.1,north,1.8,1.5,0.75,5.8,35.419,38.313,0.0774,17.11
Hyderabad,17.385,78.4867,warm_humid,3.0,3.0,2.6,135.0,puf_sandwich_panel,0.15,gi_sheet,0.002,mineral_wool,0.05,east,0.9,1.2,0.45,3.5,33.549,38.448,0.3631,17.287
Hyderabad,17.385,78.4867,warm_humid,3.0,3.0,2.6,90.0,gi_sheet,0.002,puf_sandwich_panel,0.05,eps,0.1,west,0.6,1.5,0.65,2.6,33.868,38.773,0.3333,17.277
Hyderabad,17.385,78.4867,warm_humid,3.0,3.0,2.6,0.0,rammed_earth,0.3,puf_sandwich_panel,0.075,mineral_wool,0.1,north,0.9,1.5,0.85,2.6,33.174,34.938,0.2143,17.109
Hyderabad,17.385,78.4867,warm_humid,3.0,3.0,2.6,180.0,plywood,0.05,gi_sheet,0.002,eps,0.1,north,1.5,1.5,0.55,2.6,34.777,40.277,0.2738,17.25
Hyderabad,17.385,78.4867,warm_humid,3.0,3.0,2.6,0.0,plywood,0.019,rcc_slab,0.1,mineral_wool,0.025,east,1.5,1.5,0.45,3.5,37.083,44.175,0.1607,17.197
Hyderabad,17.385,78.4867,warm_humid,3.0,3.0,2.6,0.0,gi_sheet,0.002,concrete,0.2,eps,0.05,west,1.8,0.6,0.45,2.6,35.138,39.366,0.0893,17.159
Hyderabad,17.385,78.4867,warm_humid,3.0,3.0,2.6,0.0,concrete,0.3,concrete,0.1,none,0.0,north,0.9,0.9,0.75,2.6,38.955,43.777,0.0655,17.101
Hyderabad,17.385,78.4867,warm_humid,3.0,3.0,2.6,0.0,concrete,0.3,brick,0.115,mineral_wool,0.05,east,1.8,1.5,0.35,5.8,34.857,37.479,0.0833,17.103
Hyderabad,17.385,78.4867,warm_humid,3.0,3.0,2.6,90.0,puf_sandwich_panel,0.15,concrete,0.2,eps,0.1,south,0.9,1.5,0.55,5.8,33.239,35.838,0.2024,17.162
Hyderabad,17.385,78.4867,warm_humid,3.0,3.0,2.6,90.0,rammed_earth,0.15,brick,0.23,eps,0.1,south,1.8,1.5,0.45,3.5,34.38,36.96,0.0833,17.119
Hyderabad,17.385,78.4867,warm_humid,3.0,3.0,2.6,0.0,gi_sheet,0.002,concrete,0.15,none,0.0,east,0.6,1.5,0.75,5.8,39.847,53.318,0.244,13.013
Hyderabad,17.385,78.4867,warm_humid,3.0,3.0,2.6,135.0,concrete,0.15,concrete,0.2,mineral_wool,0.05,east,1.5,0.9,0.75,3.5,35.192,38.031,0.0774,17.112
Hyderabad,17.385,78.4867,warm_humid,3.0,3.0,2.6,0.0,rammed_earth,0.45,concrete,0.2,eps,0.025,west,0.6,0.6,0.75,3.5,33.86,36.226,0.2083,17.097
Hyderabad,17.385,78.4867,warm_humid,3.0,3.0,2.6,180.0,rammed_earth,0.45,gi_sheet,0.002,mineral_wool,0.05,south,0.6,1.2,0.75,3.5,33.207,35.11,0.2143,17.1
Hyderabad,17.385,78.4867,warm_humid,3.0,3.0,2.6,180.0,puf_sandwich_panel,0.075,brick,0.23,none,0.0,north,0.9,1.5,0.45,2.6,36.43,41.576,0.0595,17.167
Hyderabad,17.385,78.4867,warm_humid,3.0,3.0,2.6,90.0,brick,0.23,concrete,0.2,eps,0.025,south,1.5,1.2,0.85,2.6,36.179,39.558,0.0774,17.108
Hyderabad,17.385,78.4867,warm_humid,3.0,3.0,2.6,90.0,puf_sandwich_panel,0.05,concrete,0.1,mineral_wool,0.025,south,0.9,0.9,0.85,5.8,35.17,40.389,0.1905,17.204
Hyderabad,17.385,78.4867,warm_humid,3.0,3.0,2.6,0.0,plywood,0.05,rcc_slab,0.2,eps,0.1,north,1.5,1.2,0.75,2.6,34.306,37.411,0.0833,17.155
Hyderabad,17.385,78.4867,warm_humid,3.0,3.0,2.6,180.0,brick,0.115,puf_sandwich_panel,0.1,mineral_wool,0.1,west,1.5,0.9,0.55,5.8,34.45,36.992,0.0774,17.14
Hyderabad,17.385,78.4867,warm_humid,3.0,3.0,2.6,180.0,puf_sandwich_panel,0.1,rcc_slab,0.1,mineral_wool,0.025,north,1.2,0.9,0.45,3.5,34.547,38.833,0.2143,17.203
Hyderabad,17.385,78.4867,warm_humid,3.0,3.0,2.6,0.0,plywood,0.05,rcc_slab,0.2,eps,0.05,west,1.8,0.9,0.35,3.5,34.657,38.237,0.0893,17.156
Hyderabad,17.385,78.4867,warm_humid,3.0,3.0,2.6,180.0,puf_sandwich_panel,0.15,concrete,0.15,mineral_wool,0.025,west,0.6,0.9,0.85,5.8,34.578,38.064,0.125,17.178
Hyderabad,17.385,78.4867,warm_humid,3.0,3.0,2.6,45.0,concrete,0.2,gi_sheet,0.002,mineral_wool,0.1,west,1.2,0.9,0.45,3.5,33.392,35.331,0.1488,17.113
Hyderabad,17.385,78.4867,warm_humid,3.0,3.0,2.6,0.0,gi_sheet,0.002,concrete,0.1,eps,0.1,north,0.9,0.9,0.65,3.5,34.178,38.188,0.2202,17.193
Hyderabad,17.385,78.4867,warm_humid,3.0,3.0,2.6,90.0,brick,0.345,puf_sandwich_panel,0.1,eps,0.025,west,1.2,0.9,0.35,3.5,33.522,35.467,0.1726,17.104
Hyderabad,17.385,78.4867,warm_humid,3.0,3.0,2.6,135.0,plywood,0.019,concrete,0.1,eps,0.025,west,1.2,1.2,0.85,2.6,37.297,44.427,0.1488,17.198
Hyderabad,17.385,78.4867,warm_humid,3.0,3.0,2.6,45.0,rammed_earth,0.3,gi_sheet,0.002,mineral_wool,0.025,west,1.5,0.9,0.65,2.6,35.245,38.096,0.0774,17.109
Hyderabad,17.385,78.4867,warm_humid,3.0,3.0,2.6,180.0,concrete,0.1,brick,0.23,mineral_wool,0.05,south,0.9,0.9,0.35,5.8,34.638,37.217,0.0774,17.121
Hyderabad,17.385,78.4867,warm_humid,3.0,3.0,2.6,180.0,brick,0.345,rcc_slab,0.25,eps,0.025,south,1.2,0.9,0.45,5.8,34.46,36.932,0.119,17.1
Hyderabad,17.385,78.4867,warm_humid,3.0,3.0,2.6,90.0,gi_sheet,0.002,brick,0.23,eps,0.05,north,1.5,1.2,0.75,5.8,36.525,41.161,0.0595,17.161
Hyderabad,17.385,78.4867,warm_humid,3.0,3.0,2.6,90.0,rammed_earth,0.45,gi_sheet,0.002,mineral_wool,0.1,west,1.5,0.6,0.75,5.8,32.49,34.041,0.2857,17.1
Hyderabad,17.385,78.4867,warm_humid,3.0,3.0,2.6,180.0,gi_sheet,0.002,rcc_slab,0.25,mineral_wool,0.1,south,1.2,1.5,0.55,5.8,34.661,37.774,0.0774,17.147
Hyderabad,17.385,78.4867,warm_humid,3.0,3.0,2.6,90.0,plywood,0.03,gi_sheet,0.002,none,0.0,west,1.5,0.9,0.65,2.6,39.979,56.169,0.2976,13.713
Hyderabad,17.385,78.4867,warm_humid,3.0,3.0,2.6,90.0,rammed_earth,0.15,concrete,0.1,mineral_wool,0.1,south,1.8,0.9,0.85,2.6,34.621,37.381,0.0774,17.123
Hyderabad,17.385,78.4867,warm_humid,3.0,3.0,2.6,45.0,rammed_earth,0.45,brick,0.115,mineral_wool,0.1,east,1.2,1.5,0.45,5.8,33.232,35.23,0.2143,17.099
Hyderabad,17.385,78.4867,warm_humid,3.0,3.0,2.6,180.0,plywood,0.012,puf_sandwich_panel,0.075,none,0.0,east,0.9,0.6,0.45,2.6,37.689,49.223,0.3155,13.909
Hyderabad,17.385,78.4867,warm_humid,3.0,3.0,2.6,135.0,puf_sandwich_panel,0.075,gi_sheet,0.002,eps,0.1,west,1.8,1.2,0.85,5.8,35.696,41.757,0.2679,17.298
Hyderabad,17.385,78.4867,warm_humid,3.0,3.0,2.6,45.0,concrete,0.3,rcc_slab,0.2,eps,0.025,west,1.2,1.5,0.35,5.8,35.077,37.841,0.0833,17.1
Hyderabad,17.385,78.4867,warm_humid,3.0,3.0,2.6,0.0,brick,0.115,concrete,0.2,mineral_wool,0.025,south,1.5,0.6,0.65,2.6,35.978,39.449,0.0714,17.121
Hyderabad,17.385,78.4867,warm_humid,3.0,3.0,2.6,45.0,plywood,0.05,brick,0.115,eps,0.1,south,0.6,0.9,0.55,2.6,33.429,36.503,0.2619,17.186
Hyderabad,17.385,78.4867,warm_humid,3.0,3.0,2.6,45.0,concrete,0.1,brick,0.115,eps,0.05,south,0.9,1.2,0.65,5.8,35.214,38.436,0.0714,17.129
Hyderabad,17.385,78.4867,warm_humid,3.0,3.0,2.6,90.0,brick,0.115,brick,0.23,eps,0.05,west,1.2,0.9,0.85,5.8,34.806,37.533,0.0774,17.122
Hyderabad,17.385,78.4867,warm_humid,3.0,3.0,2.6,90.0,concrete,0.1,concrete,0.1,mineral_wool,0.1,west,1.5,1.2,0.55,5.8,34.145,36.648,0.0893,17.128
Hyderabad,17.385,78.4867,warm_humid,3.0,3.0,2.6,135.0,brick,0.345,brick,0.23,none,0.0,north,0.6,1.5,0.55,3.5,37.054,40.734,0.0714,17.101
Hyderabad,17.385,78.4867,warm_humid,3.0,3.0,2.6,45.0,brick,0.23,puf_sandwich_panel,0.15,mineral_wool,0.05,north,0.6,0.6,0.55,2.6,33.237,35.059,0.1667,17.114
Hyderabad,17.385,78.4867,warm_humid,3.0,3.0,2.6,180.0,brick,0.345,concrete,0.1,eps,0.05,south,0.9,0.6,0.85,3.5,33.581,35.633,0.2083,17.102
Hyderabad,17.385,78.4867,warm_humid,3.0,3.0,2.6,90.0,brick,0.23,concrete,0.15,mineral_wool,0.1,south,1.5,1.2,0.75,3.5,34.252,36.696,0.1071,17.109
Hyderabad,17.385,78.4867,warm_humid,3.0,3.0,2.6,45.0,puf_sandwich_panel,0.15,puf_sandwich_panel,0.15,mineral_wool,0.1,north,1.2,1.5,0.75,3.5,34.3,38.655,0.2857,17.285
Hyderabad,17.385,78.4867,warm_humid,3.0,3.0,2.6,0.0,rammed_earth,0.3,concrete,0.15,none,0.0,east,0.9,0.6,0.75,3.5,38.285,42.718,0.0655,17.105
Hyderabad,17.385,78.4867,warm_humid,3.0,3.0,2.6,0.0,puf_sandwich_panel,0.15,rcc_slab,0.15,none,0.0,south,1.2,1.2,0.65,3.5,38.629,47.013,0.0655,17.179
Hyderabad,17.385,78.4867,warm_humid,3.0,3.0,2.6,45.0,brick,0.23,puf_sandwich_panel,0.1,eps,0.05,south,1.2,0.6,0.85,3.5,33.791,35.931,0.119,17.114
Hyderabad,17.385,78.4867,warm_humid,3.0,3.0,2.6,180.0,brick,0.23,gi_sheet,0.002,mineral_wool,0.025,north,0.6,1.5,0.45,3.5,35.358,38.256,0.0714,17.114
Hyderabad,17.385,78.4867,warm_humid,3.0,3.0,2.6,135.0,puf_sandwich_panel,0.15,gi_sheet,0.002,eps,0.05,east,1.8,0.9,0.75,3.5,34.715,41.684,0.3095,17.295
Hyderabad,17.385,78.4867,warm_humid,3.0,3.0,2.6,0.0,rammed_earth,0.45,puf_sandwich_panel,0.05,eps,0.1,south,1.2,1.5,0.65,3.5,33.091,34.893,0.2202,17.101
Hyderabad,17.385,78.4867,warm_humid,3.0,3.0,2.6,0.0,brick,0.345,rcc_slab,0.15,eps,0.1,north,0.9,1.2,0.85,3.5,33.01,34.798,0.2202,17.101
Hyderabad,17.385,78.4867,warm_humid,3.0,3.0,2.6,135.0,rammed_earth,0.15,gi_sheet,0.002,eps,0.05,east,1.5,1.5,0.75,3.5,35.937,39.77,0.0655,17.133
Hyderabad,17.385,78.4867,warm_humid,3.0,3.0,2.6,135.0,gi_sheet,0.002,puf_sandwich_panel,0.1,mineral_wool,0.025,east,1.2,0.9,0.85,5.8,36.108,44.586,0.2798,17.277
Hyderabad,17.385,78.4867,warm_humid,3.0,3.0,2.6,135.0,rammed_earth,0.45,puf_sandwich_panel,0.15,eps,0.025,east,0.6,0.6,0.55,5.8,32.832,34.563,0.2321,17.1
Hyderabad,17.385,78.4867,warm_humid,3.0,3.0,2.6,0.0,gi_sheet,0.002,brick,0.115,mineral_wool,0.05,west,0.6,1.5,0.35,2.6,35.11,40.252,0.2024,17.194
Hyderabad,17.385,78.4867,warm_humid,3.0,3.0,2.6,135.0,rammed_earth,0.15,puf_sandwich_panel,0.05,eps,0.1,north,0.6,1.5,0.55,2.6,33.588,35.672,0.1131,17.132
Hyderabad,17.385,78.4867,warm_humid,3.0,3.0,2.6,135.0,puf_sandwich_panel,0.075,gi_sheet,0.002,none,0.0,north,1.2,1.5,0.65,3.5,40.158,56.609,0.2738,15.847
Hyderabad,17.385,78.4867,warm_humid,3.0,3.0,2.6,45.0,plywood,0.012,gi_sheet,0.002,eps,0.1,south,0.9,0.6,0.35,5.8,33.692,38.714,0.3512,17.288
Hyderabad,17.385,78.4867,warm_humid,3.0,3.0,2.6,0.0,gi_sheet,0.002,puf_sandwich_panel,0.075,mineral_wool,0.05,north,0.9,0.9,0.85,5.8,34.752,41.04,0.3036,17.273
Hyderabad,17.385,78.4867,warm_humid,3.0,3.0,2.6,90.0,gi_sheet,0.002,gi_sheet,0.002,eps,0.05,east,0.9,1.2,0.65,2.6,35.332,42.237,0.3036,17.271
Hyderabad,17.385,78.4867,warm_humid,3.0,3.0,2.6,0.0,puf_sandwich_panel,0.05,brick,0.115,eps,0.05,east,1.8,1.5,0.75,2.6,37.22,43.441,0.119,17.207
Hyderabad,17.385,78.4867,warm_humid,3.0,3.0,2.6,45.0,plywood,0.012,concrete,0.1,mineral_wool,0.1,east,0.6,0.9,0.35,5.8,33.724,37.136,0.256,17.195
Hyderabad,17.385,78.4867,warm_humid,3.0,3.0,2.6,180.0,brick,0.115,puf_sandwich_panel,0.15,eps,0.05,south,0.9,0.6,0.35,2.6,33.859,36.318,0.1012,17.14
Hyderabad,17.385,78.4867,warm_humid,3.0,3.0,2.6,180.0,gi_sheet,0.002,concrete,0.15,eps,0.05,west,1.5,0.9,0.45,3.5,35.809,40.334,0.1131,17.174
Hyderabad,17.385,78.4867,warm_humid,3.0,3.0,2.6,45.0,puf_sandwich_panel,0.1,brick,0.23,eps,0.05,west,1.8,1.5,0.85,2.6,35.63,40.206,0.0655,17.166
Hyderabad,17.385,78.4867,warm_humid,3.0,3.0,2.6,180.0,plywood,0.03,gi_sheet,0.002,mineral_wool,0.05,east,0.6,0.9,0.75,5.8,34.886,41.033,0.2857,17.264
Hyderabad,17.385,78.4867,warm_humid,3.0,3.0,2.6,135.0,rammed_earth,0.15,gi_sheet,0.002,mineral_wool,0.025,west,1.5,0.6,0.35,5.8,35.66,39.166,0.0655,17.131
Hyderabad,17.385,78.4867,warm_humid,3.0,3.0,2.6,135.0,gi_sheet,0.002,concrete,0.1,eps,0.025,south,0.6,0.9,0.85,3.5,36.583,43.387,0.1667,17.194
Hyderabad,17.385,78.4867,warm_humid,3.0,3.0,2.6,45.0,puf_sandwich_panel,0.15,rcc_slab,0.1,none,0.0,east,1.5,0.9,0.65,5.8,39.533,50.234,0.131,17.202
Hyderabad,17.385,78.4867,warm_humid,3.0,3.0,2.6,180.0,puf_sandwich_panel,0.1,puf_sandwich_panel,0.15,mineral_wool,0.025,west,1.5,0.6,0.75,5.8,33.518,37.412,0.3393,17.306
Hyderabad,17.385,78.4867,warm_humid,3.0,3.0,2.6,135.0,puf_sandwich_panel,0.1,rcc_slab,0.2,mineral_wool,0.1,north,0.9,0.9,0.65,5.8,33.146,35.319,0.2024,17.161
Hyderabad,17.385,78.4867,warm_humid,3.0,3.0,2.6,0.0,plywood,0.019,concrete,0.2,mineral_wool,0.05,east,0.6,1.2,0.75,5.8,35.213,38.953,0.0774,17.16
Hyderabad,17.385,78.4867,warm_humid,3.0,3.0,2.6,135.0,brick,0.345,concrete,0.15,eps,0.1,south,1.8,1.5,0.55,3.5,33.904,36.15,0.1488,17.102
Hyderabad,17.385,78.4867,warm_humid,3.0,3.0,2.6,135.0,plywood,0.012,brick,0.23,none,0.0,north,0.6,1.2,0.75,3.5,39.162,49.566,0.1667,15.543
Hyderabad,17.385,78.4867,warm_humid,3.0,3.0,2.6,90.0,concrete,0.15,puf_sandwich_panel,0.1,eps,0.1,south,0.6,0.9,0.75,2.6,33.153,35.059,0.1488,17.122
Hyderabad,17.385,78.4867,warm_humid,3.0,3.0,2.6,90.0,plywood,0.012,concrete,0.1,eps,0.05,west,1.5,0.9,0.45,5.8,34.997,39.889,0.2083,17.201
Hyderabad,17.385,78.4867,warm_humid,3.0,3.0,2.6,0.0,gi_sheet,0.002,puf_sandwich_panel,0.15,mineral_wool,0.025,north,1.5,1.2,0.55,3.5,35.658,43.454,0.2917,17.242
Hyderabad,17.385,78.4867,warm_humid,3.0,3.0,2.6,90.0,puf_sandwich_panel,0.1,rcc_slab,0.2,eps,0.05,west,0.6,1.2,0.35,3.5,33.023,35.359,0.244,17.164
Hyderabad,17.385,78.4867,warm_humid,3.0,3.0,2.6,180.0,rammed_earth,0.45,brick,0.115,none,0.0,north,0.9,1.2,0.85,3.5,37.328,41.152,0.0714,17.099
Hyderabad,17.385,78.4867,warm_humid,3.0,3.0,2.6,45.0,brick,0.345,brick,0.23,none,0.0,north,0.9,0.9,0.75,3.5,37.114,40.836,0.0714,17.101
Hyderabad,17.385,78.4867,warm_humid,3.0,3.0,2.6,135.0,puf_sandwich_panel,0.1,brick,0.115,eps,0.05,north,0.9,0.9,0.85,2.6,34.302,37.946,0.2083,17.206
Hyderabad,17.385,78.4867,warm_humid,3.0,3.0,2.6,90.0,puf_sandwich_panel,0.1,puf_sandwich_panel,0.075,eps,0.1,south,0.9,1.2,0.75,5.8,33.202,38.2,0.3869,17.306
Hyderabad,17.385,78.4867,warm_humid,3.0,3.0,2.6,135.0,brick,0.345,puf_sandwich_panel,0.1,mineral_wool,0.05,north,1.8,1.5,0.85,2.6,35.892,38.97,0.0714,17.106
Hyderabad,17.385,78.4867,warm_humid,3.0,3.0,2.6,45.0,concrete,0.15,brick,0.23,mineral_wool,0.05,south,0.9,1.5,0.45,5.8,34.659,37.234,0.0833,17.113
Hyderabad,17.385,78.4867,warm_humid,3.0,3.0,2.6,0.0,plywood,0.03,rcc_slab,0.15,mineral_wool,0.05,east,1.8,1.2,0.75,3.5,36.926,42.198,0.0536,17.172
Hyderabad,17.385,78.4867,warm_humid,3.0,3.0,2.6,180.0,puf_sandwich_panel,0.05,puf_sandwich_panel,0.075,eps,0.05,north,0.6,0.9,0.45,5.8,32.633,36.379,0.4167,17.316
Hyderabad,17.385,78.4867,warm_humid,3.0,3.0,2.6,45.0,puf_sandwich_panel,0.15,rcc_slab,0.2,none,0.0,west,1.5,0.6,0.75,2.6,37.918,44.637,0.0595,17.163
Hyderabad,17.385,78.4867,warm_humid,3.0,3.0,2.6,45.0,gi_sheet,0.002,puf_sandwich_panel,0.15,mineral_wool,0.05,north,0.9,1.5,0.35,3.5,34.692,40.549,0.3036,17.272
Hyderabad,17.385,78.4867,warm_humid,3.0,3.0,2.6,135.0,concrete,0.1,puf_sandwich_panel,0.05,eps,0.05,south,0.9,1.5,0.75,5.8,35.064,38.398,0.0714,17.139
Hyderabad,17.385,78.4867,warm_humid,3.0,3.0,2.6,45.0,rammed_earth,0.15,rcc_slab,0.2,eps,0.05,south,1.5,0.9,0.75,3.5,34.972,37.785,0.0774,17.118
Hyderabad,17.385,78.4867,warm_humid,3.0,3.0,2.6,90.0,puf_sandwich_panel,0.075,rcc_slab,0.25,mineral_wool,0.05,south,0.6,0.6,0.55,3.5,33.031,35.222,0.2083,17.152
Hyderabad,17.385,78.4867,warm_humid,3.0,3.0,2.6,0.0,plywood,0.03,rcc_slab,0.2,eps,0.1,east,0.6,0.6,0.45,3.5,33.333,35.783,0.1786,17.158
Hyderabad,17.385,78.4867,warm_humid,3.0,3.0,2.6,90.0,plywood,0.019,puf_sandwich_panel,0.075,mineral_wool,0.025,north,0.9,0.6,0.45,5.8,34.999,41.376,0.2976,17.29
Hyderabad,17.385,78.4867,warm_humid,3.0,3.0,2.6,135.0,puf_sandwich_panel,0.15,brick,0.23,none,0.0,south,0.9,1.5,0.85,5.8,36.804,42.331,0.0595,17.166
Hyderabad,17.385,78.4867,warm_humid,3.0,3.0,2.6,90.0,plywood,0.03,brick,0.23,eps,0.05,south,1.2,0.9,0.75,2.6,35.057,39.055,0.0774,17.161
Hyderabad,17.385,78.4867,warm_humid,3.0,3.0,2.6,180.0,gi_sheet,0.002,puf_sandwich_panel,0.15,mineral_wool,0.025,north,0.6,1.5,0.35,3.5,35.409,42.208,0.2917,17.276
Hyderabad,17.385,78.4867,warm_humid,3.0,3.0,2.6,0.0,rammed_earth,0.15,rcc_slab,0.25,eps,0.1,south,1.8,0.9,0.55,2.6,33.823,35.967,0.1131,17.115
Hyderabad,17.385,78.4867,warm_humid,3.0,3.0,2.6,135.0,plywood,0.05,brick,0.23,eps,0.025,south,1.8,0.6,0.65,3.5,35.715,40.095,0.0655,17.157
Hyderabad,17.385,78.4867,warm_humid,3.0,3.0,2.6,180.0,brick,0.115,puf_sandwich_panel,0.05,eps,0.1,south,1.8,1.2,0.55,5.8,34.328,37.114,0.0833,17.142
Hyderabad,17.385,78.4867,warm_humid,3.0,3.0,2.6,90.0,plywood,0.012,gi_sheet,0.002,mineral_wool,0.025,south,1.5,0.6,0.45,2.6,36.235,45.208,0.2917,17.29
Hyderabad,17.385,78.4867,warm_humid,3.0,3.0,2.6,90.0,concrete,0.3,rcc_slab,0.1,mineral_wool,0.1,east,0.9,1.2,0.75,3.5,33.233,35.096,0.2143,17.101
Hyderabad,17.385,78.4867,warm_humid,3.0,3.0,2.6,90.0,plywood,0.05,rcc_slab,0.15,mineral_wool,0.05,north,1.5,1.5,0.35,2.6,35.333,39.275,0.0833,17.167
Hyderabad,17.385,78.4867,warm_humid,3.0,3.0,2.6,135.0,concrete,0.1,puf_sandwich_panel,0.05,mineral_wool,0.1,south,0.9,0.6,0.75,3.5,33.639,35.927,0.1071,17.137
Hyderabad,17.385,78.4867,warm_humid,3.0,3.0,2.6,90.0,concrete,0.1,gi_sheet,0.002,eps,0.025,south,1.5,1.5,0.85,5.8,37.372,42.921,0.0595,17.14
Hyderabad,17.385,78.4867,warm_humid,3.0,3.0,2.6,90.0,brick,0.23,gi_sheet,0.002,none,0.0,north,1.2,1.2,0.45,2.6,39.622,45.858,0.0595,17.115
Hyderabad,17.385,78.4867,warm_humid,3.0,3.0,2.6,90.0,concrete,0.1,gi_sheet,0.002,eps,0.05,south,1.8,0.6,0.75,3.5,35.23,38.765,0.0714,17.138
Hyderabad,17.385,78.4867,warm_humid,3.0,3.0,2.6,0.0,rammed_earth,0.15,concrete,0.2,mineral_wool,0.1,south,1.2,0.6,0.75,2.6,33.392,35.332,0.1488,17.117
Hyderabad,17.385,78.4867,warm_humid,3.0,3.0,2.6,135.0,gi_sheet,0.002,gi_sheet,0.002,eps,0.1,south,0.9,1.2,0.55,5.8,34.526,40.102,0.3036,17.269
Hyderabad,17.385,78.4867,warm_humid,3.0,3.0,2.6,90.0,gi_sheet,0.002,concrete,0.1,mineral_wool,0.025,west,1.2,0.6,0.35,2.6,36.109,42.411,0.1964,17.193
Hyderabad,17.385,78.4867,warm_humid,3.0,3.0,2.6,45.0,puf_sandwich_panel,0.15,rcc_slab,0.15,eps,0.05,south,0.6,0.9,0.45,3.5,33.036,35.616,0.2798,17.179
Hyderabad,17.385,78.4867,warm_humid,3.0,3.0,2.6,45.0,brick,0.345,puf_sandwich_panel,0.075,mineral_wool,0.05,west,1.5,1.5,0.65,2.6,34.16,36.495,0.119,17.105
Hyderabad,17.385,78.4867,warm_humid,3.0,3.0,2.6,0.0,plywood,0.019,puf_sandwich_panel,0.1,mineral_wool,0.05,south,1.2,1.2,0.75,3.5,35.017,41.684,0.3095,17.285
Hyderabad,17.385,78.4867,warm_humid,3.0,3.0,2.6,180.0,concrete,0.3,gi_sheet,0.002,mineral_wool,0.025,north,0.9,0.6,0.55,5.8,35.006,37.668,0.0833,17.103
Hyderabad,17.385,78.4867,warm_humid,3.0,3.0,2.6,0.0,gi_sheet,0.002,puf_sandwich_panel,0.1,eps,0.05,west,0.6,0.9,0.35,2.6,34.329,40.368,0.3214,17.278
Hyderabad,17.385,78.4867,warm_humid,3.0,3.0,2.6,90.0,concrete,0.1,gi_sheet,0.002,none,0.0,west,0.9,0.6,0.55,2.6,40.12,50.949,0.131,15.351
Hyderabad,17.385,78.4867,warm_humid,3.0,3.0,2.6,45.0,gi_sheet,0.002,rcc_slab,0.1,eps,0.1,west,1.5,1.5,0.85,2.6,35.72,41.659,0.1488,17.193
Hyderabad,17.385,78.4867,warm_humid,3.0,3.0,2.6,135.0,plywood,0.012,concrete,0.15,eps,0.05,north,0.9,1.2,0.75,5.8,35.832,40.403,0.1131,17.178
Hyderabad,17.385,78.4867,warm_humid,3.0,3.0,2.6,90.0,brick,0.115,puf_sandwich_panel,0.15,mineral_wool,0.025,east,1.2,0.9,0.55,3.5,35.023,38.415,0.0655,17.141
Hyderabad,17.385,78.4867,warm_humid,3.0,3.0,2.6,90.0,puf_sandwich_panel,0.075,rcc_slab,0.1,mineral_wool,0.025,north,0.6,1.2,0.65,5.8,34.964,39.431,0.1845,17.203
Hyderabad,17.385,78.4867,warm_humid,3.0,3.0,2.6,0.0,concrete,0.15,brick,0.115,eps,0.05,west,0.9,1.5,0.65,2.6,35.136,38.075,0.0774,17.117
Hyderabad,17.385,78.4867,warm_humid,3.0,3.0,2.6,90.0,brick,0.23,gi_sheet,0.002,eps,0.025,south,1.5,0.6,0.55,5.8,35.403,38.379,0.0774,17.114
Hyderabad,17.385,78.4867,warm_humid,3.0,3.0,2.6,0.0,puf_sandwich_panel,0.075,brick,0.23,mineral_wool,0.025,east,0.9,1.5,0.55,2.6,35.079,38.644,0.0714,17.166
Hyderabad,17.385,78.4867,warm_humid,3.0,3.0,2.6,0.0,rammed_earth,0.45,brick,0.115,mineral_wool,0.025,west,1.2,1.5,0.45,3.5,34.592,37.226,0.1012,17.099
Hyderabad,17.385,78.4867,warm_humid,3.0,3.0,2.6,135.0,puf_sandwich_panel,0.1,rcc_slab,0.25,eps,0.025,west,1.5,1.5,0.55,3.5,35.536,39.141,0.0595,17.152
Hyderabad,17.385,78.4867,warm_humid,3.0,3.0,2.6,135.0,gi_sheet,0.002,rcc_slab,0.25,mineral_wool,0.05,east,1.2,0.9,0.55,2.6,35.291,39.065,0.0655,17.148
Hyderabad,17.385,78.4867,warm_humid,3.0,3.0,2.6,45.0,brick,0.23,puf_sandwich_panel,0.075,mineral_wool,0.025,west,1.8,1.2,0.85,5.8,35.615,38.75,0.0774,17.116
Hyderabad,17.385,78.4867,warm_humid,3.0,3.0,2.6,180.0,gi_sheet,0.002,puf_sandwich_panel,0.075,none,0.0,west,0.6,1.2,0.75,2.6,38.4,50.789,0.3095,12.573
Hyderabad,17.385,78.4867,warm_humid,3.0,3.0,2.6,180.0,brick,0.23,puf_sandwich_panel,0.15,mineral_wool,0.05,west,1.8,1.5,0.45,2.6,35.099,37.742,0.0714,17.116
Hyderabad,17.385,78.4867,warm_humid,3.0,3.0,2.6,180.0,plywood,0.05,brick,0.23,mineral_wool,0.025,north,1.2,1.2,0.55,3.5,35.77,40.143,0.0655,17.157
Hyderabad,17.385,78.4867,warm_humid,3.0,3.0,2.6,135.0,brick,0.115,brick,0.23,mineral_wool,0.05,east,0.6,0.9,0.75,2.6,34.68,37.31,0.0774,17.121
Hyderabad,17.385,78.4867,warm_humid,3.0,3.0,2.6,0.0,puf_sandwich_panel,0.075,concrete,0.2,mineral_wool,0.05,west,1.5,0.6,0.45,2.6,33.492,36.223,0.1786,17.163
Hyderabad,17.385,78.4867,warm_humid,3.0,3.0,2.6,90.0,plywood,0.05,concrete,0.15,none,0.0,south,0.9,0.6,0.85,3.5,39.19,49.103,0.1131,17.168
Hyderabad,17.385,78.4867,warm_humid,3.0,3.0,2.6,0.0,gi_sheet,0.002,rcc_slab,0.2,eps,0.05,east,0.6,0.9,0.65,5.8,35.155,39.083,0.0833,17.159
Hyderabad,17.385,78.4867,warm_humid,3.0,3.0,2.6,90.0,concrete,0.15,gi_sheet,0.002,eps,0.05,north,1.8,1.5,0.65,5.8,36.672,40.29,0.0595,17.124
Hyderabad,17.385,78.4867,warm_humid,3.0,3.0,2.6,135.0,plywood,0.012,concrete,0.15,eps,0.1,west,0.6,0.9,0.45,2.6,33.845,36.85,0.1845,17.177
Hyderabad,17.385,78.4867,warm_humid,3.0,3.0,2.6,0.0,gi_sheet,0.002,puf_sandwich_panel,0.1,eps,0.1,north,0.9,1.2,0.65,5.8,34.09,39.513,0.3274,17.276
Hyderabad,17.385,78.4867,warm_humid,3.0,3.0,2.6,90.0,concrete,0.15,gi_sheet,0.002,eps,0.1,south,0.9,1.5,0.55,2.6,33.962,36.334,0.1012,17.123
Hyderabad,17.385,78.4867,warm_humid,3.0,3.0,2.6,90.0,concrete,0.1,puf_sandwich_panel,0.05,none,0.0,north,1.2,0.9,0.75,5.8,38.501,46.124,0.0774,16.812
Hyderabad,17.385,78.4867,warm_humid,3.0,3.0,2.6,45.0,brick,0.115,puf_sandwich_panel,0.15,none,0.0,west,1.8,0.9,0.85,5.8,38.155,45.02,0.0536,17.142
Hyderabad,17.385,78.4867,warm_humid,3.0,3.0,2.6,45.0,concrete,0.1,gi_sheet,0.002,mineral_wool,0.1,east,0.9,1.5,0.35,2.6,34.115,36.713,0.0893,17.137
Hyderabad,17.385,78.4867,warm_humid,3.0,3.0,2.6,90.0,plywood,0.019,gi_sheet,0.002,mineral_wool,0.025,south,0.9,0.6,0.65,2.6,36.089,44.605,0.2917,17.281
Hyderabad,17.385,78.4867,warm_humid,3.0,3.0,2.6,0.0,gi_sheet,0.002,puf_sandwich_panel,0.15,eps,0.1,west,1.5,1.5,0.45,3.5,34.784,42.093,0.3095,17.276
Hyderabad,17.385,78.4867,warm_humid,3.0,3.0,2.6,180.0,rammed_earth,0.15,gi_sheet,0.002,none,0.0,north,1.2,1.5,0.75,5.8,39.919,48.818,0.0536,17.133
Hyderabad,17.385,78.4867,warm_humid,3.0,3.0,2.6,180.0,rammed_earth,0.45,brick,0.115,eps,0.025,east,0.9,1.2,0.75,2.6,34.57,37.255,0.119,17.099
Hyderabad,17.385,78.4867,warm_humid,3.0,3.0,2.6,0.0,puf_sandwich_panel,0.05,puf_sandwich_panel,0.075,mineral_wool,0.025,west,1.5,0.6,0.45,3.5,33.223,38.04,0.3869,17.314
Hyderabad,17.385,78.4867,warm_humid,3.0,3.0,2.6,45.0,rammed_earth,0.15,rcc_slab,0.15,eps,0.025,east,1.8,0.6,0.35,3.5,35.639,38.836,0.0714,17.12
Hyderabad,17.385,78.4867,warm_humid,3.0,3.0,2.6,0.0,puf_sandwich_panel,0.15,rcc_slab,0.15,eps,0.025,north,0.6,1.5,0.55,5.8,34.159,37.551,0.1607,17.179
Hyderabad,17.385,78.4867,warm_humid,3.0,3.0,2.6,135.0,brick,0.115,brick,0.23,eps,0.05,west,1.2,0.9,0.75,3.5,35.287,38.157,0.0714,17.122
Hyderabad,17.385,78.4867,warm_humid,3.0,3.0,2.6,45.0,plywood,0.03,brick,0.23,mineral_wool,0.1,north,1.5,0.9,0.85,3.5,34.907,38.141,0.0774,17.159
Hyderabad,17.385,78.4867,warm_humid,3.0,3.0,2.6,0.0,gi_sheet,0.002,concrete,0.2,mineral_wool,0.1,east,0.6,0.6,0.65,2.6,33.957,36.887,0.125,17.157
Hyderabad,17.385,78.4867,warm_humid,3.0,3.0,2.6,90.0,rammed_earth,0.45,gi_sheet,0.002,mineral_wool,0.025,west,1.5,0.9,0.75,3.5,34.517,36.984,0.1071,17.1
Hyderabad,17.385,78.4867,warm_humid,3.0,3.0,2.6,90.0,concrete,0.3,concrete,0.1,mineral_wool,0.05,south,1.8,0.9,0.65,2.6,34.496,37.035,0.1012,17.102
Hyderabad,17.385,78.4867,warm_humid,3.0,3.0,2.6,45.0,concrete,0.3,puf_sandwich_panel,0.05,eps,0.025,east,0.9,0.9,0.85,3.5,34.718,37.236,0.0833,17.103
Hyderabad,17.385,78.4867,warm_humid,3.0,3.0,2.6,90.0,gi_sheet,0.002,brick,0.23,eps,0.1,east,1.5,1.5,0.85,5.8,35.589,39.907,0.0655,17.161
Hyderabad,17.385,78.4867,warm_humid,3.0,3.0,2.6,135.0,plywood,0.019,concrete,0.2,eps,0.05,east,1.8,1.5,0.75,3.5,36.642,42.159,0.0595,17.161
Hyderabad,17.385,78.4867,warm_humid,3.0,3.0,2.6,90.0,gi_sheet,0.002,puf_sandwich_panel,0.05,eps,0.025,east,0.9,0.9,0.75,5.8,35.604,43.146,0.2976,17.281
Hyderabad,17.385,78.4867,warm_humid,3.0,3.0,2.6,45.0,gi_sheet,0.002,gi_sheet,0.002,eps,0.025,west,1.8,0.6,0.75,2.6,36.713,46.495,0.2857,16.857
Hyderabad,17.385,78.4867,warm_humid,3.0,3.0,2.6,135.0,rammed_earth,0.45,gi_sheet,0.002,eps,0.05,east,1.2,0.6,0.75,2.6,33.376,35.438,0.2143,17.1
Hyderabad,17.385,78.4867,warm_humid,3.0,3.0,2.6,135.0,puf_sandwich_panel,0.05,rcc_slab,0.1,mineral_wool,0.1,north,1.2,1.5,0.65,5.8,34.791,38.574,0.1726,17.199
Hyderabad,17.385,78.4867,warm_humid,3.0,3.0,2.6,180.0,puf_sandwich_panel,0.1,rcc_slab,0.1,mineral_wool,0.1,south,0.6,0.6,0.55,5.8,32.294,34.514,0.4167,17.197
Hyderabad,17.385,78.4867,warm_humid,3.0,3.0,2.6,180.0,plywood,0.012,gi_sheet,0.002,mineral_wool,0.05,east,1.8,0.9,0.75,2.6,36.174,45.197,0.2857,17.286
Hyderabad,17.385,78.4867,warm_humid,3.0,3.0,2.6,135.0,rammed_earth,0.3,concrete,0.2,mineral_wool,0.05,east,1.2,1.5,0.65,3.5,34.524,37.058,0.1012,17.104
Hyderabad,17.385,78.4867,warm_humid,3.0,3.0,2.6,90.0,concrete,0.3,puf_sandwich_panel,0.075,eps,0.1,north,1.8,0.9,0.85,3.5,34.405,36.919,0.1131,17.104
Hyderabad,17.385,78.4867,warm_humid,3.0,3.0,2.6,0.0,brick,0.23,rcc_slab,0.1,mineral_wool,0.025,north,0.9,0.6,0.65,2.6,35.209,37.992,0.0774,17.11
Hyderabad,17.385,78.4867,warm_humid,3.0,3.0,2.6,180.0,puf_sandwich_panel,0.05,rcc_slab,0.15,eps,0.025,south,1.8,1.5,0.65,3.5,35.73,40.681,0.119,17.181
Hyderabad,17.385,78.4867,warm_humid,3.0,3.0,2.6,0.0,concrete,0.15,rcc_slab,0.15,eps,0.05,east,1.8,0.6,0.45,2.6,34.825,37.438,0.0774,17.114
Hyderabad,17.385,78.4867,warm_humid,3.0,3.0,2.6,135.0,brick,0.345,gi_sheet,0.002,eps,0.1,north,1.8,1.5,0.45,2.6,34.3,36.603,0.1131,17.105
Hyderabad,17.385,78.4867,warm_humid,3.0,3.0,2.6,45.0,plywood,0.05,gi_sheet,0.002,eps,0.05,east,1.2,0.9,0.45,3.5,34.916,40.434,0.2738,17.25
Hyderabad,17.385,78.4867,warm_humid,3.0,3.0,2.6,0.0,rammed_earth,0.15,gi_sheet,0.002,mineral_wool,0.1,north,1.5,1.2,0.45,5.8,33.765,36.141,0.1071,17.132
Hyderabad,17.385,78.4867,warm_humid,3.0,3.0,2.6,135.0,puf_sandwich_panel,0.075,puf_sandwich_panel,0.075,eps,0.025,west,1.8,0.6,0.65,3.5,33.65,38.015,0.3452,17.316
Hyderabad,17.385,78.4867,warm_humid,3.0,3.0,2.6,45.0,puf_sandwich_panel,0.15,gi_sheet,0.002,mineral_wool,0.025,south,0.9,0.9,0.55,3.5,34.383,40.524,0.3274,17.292
Hyderabad,17.385,78.4867,warm_humid,3.0,3.0,2.6,90.0,puf_sandwich_panel,0.1,brick,0.23,eps,0.025,west,0.9,1.2,0.85,2.6,34.408,37.713,0.1012,17.166
Hyderabad,17.385,78.4867,warm_humid,3.0,3.0,2.6,90.0,rammed_earth,0.3,concrete,0.2,eps,0.025,west,1.8,0.9,0.65,2.6,35.005,37.641,0.0833,17.104
Hyderabad,17.385,78.4867,warm_humid,3.0,3.0,2.6,45.0,puf_sandwich_panel,0.1,rcc_slab,0.15,eps,0.05,west,1.8,0.6,0.85,3.5,34.064,37.528,0.1607,17.18
Hyderabad,17.385,78.4867,warm_humid,3.0,3.0,2.6,135.0,puf_sandwich_panel,0.15,concrete,0.1,mineral_wool,0.05,south,1.5,1.2,0.55,5.8,34.182,38.232,0.2262,17.199
Hyderabad,17.385,78.4867,warm_humid,3.0,3.0,2.6,90.0,brick,0.23,rcc_slab,0.25,eps,0.025,west,1.2,0.9,0.85,5.8,35.28,38.042,0.0774,17.106
Hyderabad,17.385,78.4867,warm_humid,3.0,3.0,2.6,90.0,puf_sandwich_panel,0.075,puf_sandwich_panel,0.1,mineral_wool,0.05,east,0.9,0.9,0.65,2.6,32.808,36.673,0.4048,17.304
Hyderabad,17.385,78.4867,warm_humid,3.0,3.0,2.6,0.0,plywood,0.03,concrete,0.1,mineral_wool,0.025,east,1.5,1.5,0.85,5.8,38.29,45.991,0.1131,17.193
Hyderabad,17.385,78.4867,warm_humid,3.0,3.0,2.6,135.0,plywood,0.012,gi_sheet,0.002,mineral_wool,0.025,east,0.9,0.6,0.65,3.5,36.406,45.351,0.2798,17.29
Hyderabad,17.385,78.4867,warm_humid,3.0,3.0,2.6,0.0,brick,0.115,gi_sheet,0.002,none,0.0,north,1.2,1.2,0.55,5.8,40.157,50.428,0.0833,16.366
Hyderabad,17.385,78.4867,warm_humid,3.0,3.0,2.6,135.0,concrete,0.1,brick,0.23,none,0.0,south,0.9,0.6,0.45,5.8,39.137,46.168,0.0536,17.121
Hyderabad,17.385,78.4867,warm_humid,3.0,3.0,2.6,45.0,brick,0.345,rcc_slab,0.25,mineral_wool,0.025,north,0.9,1.2,0.65,3.5,34.88,37.657,0.0893,17.1
Hyderabad,17.385,78.4867,warm_humid,3.0,3.0,2.6,90.0,concrete,0.15,concrete,0.2,none,0.0,south,0.9,1.5,0.45,5.8,39.266,45.579,0.0595,17.112
Hyderabad,17.385,78.4867,warm_humid,3.0,3.0,2.6,0.0,brick,0.115,brick,0.23,mineral_wool,0.025,west,1.2,1.2,0.85,5.8,36.52,40.429,0.0655,17.122
Hyderabad,17.385,78.4867,warm_humid,3.0,3.0,2.6,180.0,plywood,0.012,brick,0.115,eps,0.1,east,0.6,0.6,0.85,3.5,34.037,37.725,0.2321,17.202
Hyderabad,17.385,78.4867,warm_humid,3.0,3.0,2.6,180.0,plywood,0.05,concrete,0.15,none,0.0,north,1.8,1.5,0.55,2.6,39.5,49.868,0.131,17.169
Hyderabad,17.385,78.4867,warm_humid,3.0,3.0,2.6,135.0,brick,0.23,concrete,0.15,mineral_wool,0.05,west,1.8,0.9,0.35,3.5,34.456,36.853,0.0952,17.109
Hyderabad,17.385,78.4867,warm_humid,3.0,3.0,2.6,45.0,gi_sheet,0.002,puf_sandwich_panel,0.05,eps,0.1,west,0.9,0.6,0.45,5.8,33.675,38.586,0.3512,17.277
Hyderabad,17.385,78.4867,warm_humid,3.0,3.0,2.6,90.0,puf_sandwich_panel,0.05,concrete,0.2,eps,0.05,east,1.8,1.5,0.45,5.8,34.694,38.364,0.1071,17.165
Hyderabad,17.385,78.4867,warm_humid,3.0,3.0,2.6,180.0,puf_sandwich_panel,0.05,concrete,0.1,eps,0.05,east,0.9,0.6,0.75,3.5,33.788,37.476,0.2679,17.205
Hyderabad,17.385,78.4867,warm_humid,3.0,3.0,2.6,45.0,concrete,0.2,brick,0.23,eps,0.1,east,1.2,1.5,0.65,5.8,34.524,36.939,0.0952,17.107
Hyderabad,17.385,78.4867,warm_humid,3.0,3.0,2.6,135.0,plywood,0.05,concrete,0.2,mineral_wool,0.025,east,1.2,1.5,0.65,2.6,36.4,41.404,0.0595,17.155
Hyderabad,17.385,78.4867,warm_humid,3.0,3.0,2.6,45.0,rammed_earth,0.3,gi_sheet,0.002,mineral_wool,0.05,west,0.6,0.9,0.35,2.6,33.485,35.464,0.1607,17.108
Hyderabad,17.385,78.4867,warm_humid,3.0,3.0,2.6,0.0,rammed_earth,0.15,concrete,0.1,mineral_wool,0.05,south,1.2,1.2,0.45,5.8,34.639,37.372,0.0774,17.124
Hyderabad,17.385,78.4867,warm_humid,3.0,3.0,2.6,180.0,gi_sheet,0.002,gi_sheet,0.002,mineral_wool,0.1,south,0.9,1.2,0.75,5.8,34.726,39.969,0.2738,17.258
Hyderabad,17.385,78.4867,warm_humid,3.0,3.0,2.6,135.0,concrete,0.1,gi_sheet,0.002,eps,0.05,east,1.8,0.9,0.45,5.8,35.351,38.912,0.0655,17.139
Hyderabad,17.385,78.4867,warm_humid,3.0,3.0,2.6,0.0,rammed_earth,0.3,brick,0.23,mineral_wool,0.025,east,0.9,1.2,0.65,2.6,35.093,37.821,0.0833,17.104
Hyderabad,17.385,78.4867,warm_humid,3.0,3.0,2.6,135.0,concrete,0.3,concrete,0.1,eps,0.1,east,0.6,0.9,0.35,2.6,32.706,34.392,0.25,17.101
Hyderabad,17.385,78.4867,warm_humid,3.0,3.0,2.6,0.0,rammed_earth,0.45,rcc_slab,0.2,eps,0.025,north,0.9,1.2,0.55,2.6,34.066,36.436,0.1667,17.098
Hyderabad,17.385,78.4867,warm_humid,3.0,3.0,2.6,45.0,plywood,0.012,brick,0.115,eps,0.05,west,0.6,1.2,0.55,5.8,35.01,40.031,0.2024,17.203
Hyderabad,17.385,78.4867,warm_humid,3.0,3.0,2.6,90.0,brick,0.115,gi_sheet,0.002,eps,0.05,north,0.9,1.5,0.45,3.5,35.209,38.467,0.0655,17.141
Hyderabad,17.385,78.4867,warm_humid,3.0,3.0,2.6,180.0,plywood,0.05,rcc_slab,0.2,mineral_wool,0.1,east,0.9,0.9,0.45,5.8,33.473,35.981,0.1607,17.153
Hyderabad,17.385,78.4867,warm_humid,3.0,3.0,2.6,180.0,rammed_earth,0.15,rcc_slab,0.2,none,0.0,east,1.2,0.6,0.65,3.5,38.775,44.641,0.0595,17.117
Hyderabad,17.385,78.4867,warm_humid,3.0,3.0,2.6,0.0,plywood,0.03,concrete,0.1,eps,0.025,west,1.2,1.2,0.65,3.5,36.557,43.487,0.1548,17.194
Hyderabad,17.385,78.4867,warm_humid,3.0,3.0,2.6,90.0,rammed_earth,0.3,puf_sandwich_panel,0.1,mineral_wool,0.1,north,1.8,0.9,0.55,3.5,33.644,35.635,0.1488,17.109
Hyderabad,17.385,78.4867,warm_humid,3.0,3.0,2.6,180.0,puf_sandwich_panel,0.075,concrete,0.1,eps,0.025,west,0.9,0.9,0.65,5.8,35.09,39.691,0.1786,17.205
Hyderabad,17.385,78.4867,warm_humid,3.0,3.0,2.6,135.0,concrete,0.3,rcc_slab,0.1,eps,0.025,east,0.9,1.5,0.65,3.5,35.573,38.581,0.0833,17.102
Hyderabad,17.385,78.4867,warm_humid,3.0,3.0,2.6,45.0,brick,0.23,concrete,0.15,eps,0.025,north,1.8,0.9,0.85,5.8,36.413,39.77,0.0714,17.109
Hyderabad,17.385,78.4867,warm_humid,3.0,3.0,2.6,90.0,puf_sandwich_panel,0.05,rcc_slab,0.25,eps,0.025,north,1.8,1.2,0.35,5.8,35.286,38.791,0.0655,17.153
Hyderabad,17.385,78.4867,warm_humid,3.0,3.0,2.6,0.0,brick,0.23,brick,0.23,mineral_wool,0.05,north,0.9,1.2,0.35,3.5,33.859,35.988,0.1369,17.108
Hyderabad,17.385,78.4867,warm_humid,3.0,3.0,2.6,0.0,concrete,0.1,rcc_slab,0.2,mineral_wool,0.1,west,0.6,1.5,0.35,3.5,33.614,35.765,0.125,17.12
Hyderabad,17.385,78.4867,warm_humid,3.0,3.0,2.6,180.0,plywood,0.012,brick,0.115,mineral_wool,0.05,south,0.6,1.5,0.55,5.8,35.144,39.944,0.1964,17.201
Hyderabad,17.385,78.4867,warm_humid,3.0,3.0,2.6,180.0,rammed_earth,0.3,gi_sheet,0.002,none,0.0,east,1.8,0.9,0.65,5.8,39.191,44.731,0.0595,17.11
Hyderabad,17.385,78.4867,warm_humid,3.0,3.0,2.6,0.0,brick,0.115,rcc_slab,0.15,eps,0.025,west,0.9,0.9,0.55,3.5,36.002,39.646,0.0655,17.125
Hyderabad,17.385,78.4867,warm_humid,3.0,3.0,2.6,180.0,concrete,0.3,rcc_slab,0.1,mineral_wool,0.025,south,0.6,1.5,0.65,5.8,35.153,37.894,0.0833,17.101
Hyderabad,17.385,78.4867,warm_humid,3.0,3.0,2.6,135.0,concrete,0.2,gi_sheet,0.002,mineral_wool,0.1,west,1.8,1.5,0.85,3.5,36.069,39.25,0.0655,17.115
Hyderabad,17.385,78.4867,warm_humid,3.0,3.0,2.6,135.0,rammed_earth,0.45,rcc_slab,0.15,mineral_wool,0.05,north,1.8,1.5,0.85,2.6,35.735,38.994,0.0774,17.099
Hyderabad,17.385,78.4867,warm_humid,3.0,3.0,2.6,90.0,plywood,0.05,puf_sandwich_panel,0.15,mineral_wool,0.05,west,1.8,1.5,0.75,5.8,35.187,41.27,0.2619,17.253
Hyderabad,17.385,78.4867,warm_humid,3.0,3.0,2.6,180.0,puf_sandwich_panel,0.1,puf_sandwich_panel,0.1,mineral_wool,0.025,south,0.6,0.9,0.55,2.6,32.3,35.552,0.4702,17.308
Hyderabad,17.385,78.4867,warm_humid,3.0,3.0,2.6,90.0,brick,0.345,puf_sandwich_panel,0.15,eps,0.025,east,0.6,0.9,0.35,2.6,33.298,35.156,0.2083,17.104
Hyderabad,17.385,78.4867,warm_humid,3.0,3.0,2.6,45.0,puf_sandwich_panel,0.075,concrete,0.2,mineral_wool,0.025,south,1.5,0.9,0.65,5.8,35.019,38.925,0.0774,17.164
Hyderabad,17.385,78.4867,warm_humid,3.0,3.0,2.6,90.0,plywood,0.05,rcc_slab,0.2,eps,0.025,west,1.2,0.9,0.75,5.8,35.711,40.007,0.0655,17.156
Hyderabad,17.385,78.4867,warm_humid,3.0,3.0,2.6,45.0,plywood,0.012,puf_sandwich_panel,0.075,eps,0.025,north,1.5,0.6,0.35,3.5,35.309,42.538,0.2917,17.304
Hyderabad,17.385,78.4867,warm_humid,3.0,3.0,2.6,0.0,brick,0.23,brick,0.23,mineral_wool,0.05,south,1.8,1.5,0.55,5.8,35.053,37.712,0.0774,17.109
Hyderabad,17.385,78.4867,warm_humid,3.0,3.0,2.6,0.0,plywood,0.019,concrete,0.2,mineral_wool,0.05,west,0.6,0.9,0.35,2.6,34.505,38.024,0.1071,17.16
Hyderabad,17.385,78.4867,warm_humid,3.0,3.0,2.6,135.0,concrete,0.1,gi_sheet,0.002,mineral_wool,0.1,south,0.9,1.5,0.75,2.6,34.579,37.497,0.0714,17.137
Hyderabad,17.385,78.4867,warm_humid,3.0,3.0,2.6,135.0,gi_sheet,0.002,puf_sandwich_panel,0.075,mineral_wool,0.05,east,1.2,1.2,0.75,2.6,35.576,43.139,0.2857,17.274
Hyderabad,17.385,78.4867,warm_humid,3.0,3.0,2.6,45.0,rammed_earth,0.45,rcc_slab,0.1,mineral_wool,0.025,east,1.2,1.5,0.85,2.6,35.676,38.848,0.0833,17.099
Hyderabad,17.385,78.4867,warm_humid,3.0,3.0,2.6,180.0,puf_sandwich_panel,0.075,brick,0.115,mineral_wool,0.1,west,0.9,0.9,0.55,5.8,33.303,36.039,0.2798,17.2
Hyderabad,17.385,78.4867,warm_humid,3.0,3.0,2.6,180.0,rammed_earth,0.3,rcc_slab,0.25,eps,0.05,north,1.8,0.9,0.55,3.5,34.085,36.317,0.125,17.103
Hyderabad,17.385,78.4867,warm_humid,3.0,3.0,2.6,135.0,brick,0.115,rcc_slab,0.2,none,0.0,west,0.9,1.5,0.85,5.8,39.968,47.234,0.0536,17.122
Hyderabad,17.385,78.4867,warm_humid,3.0,3.0,2.6,0.0,brick,0.23,concrete,0.2,mineral_wool,0.1,east,0.6,1.5,0.45,5.8,33.247,35.116,0.2083,17.107
Hyderabad,17.385,78.4867,warm_humid,3.0,3.0,2.6,45.0,brick,0.345,puf_sandwich_panel,0.1,mineral_wool,0.025,north,0.6,1.2,0.85,2.6,34.004,36.213,0.131,17.104
Hyderabad,17.385,78.4867,warm_humid,3.0,3.0,2.6,135.0,rammed_earth,0.15,gi_sheet,0.002,mineral_wool,0.025,south,0.9,0.9,0.65,2.6,35.762,39.406,0.0655,17.131
Hyderabad,17.385,78.4867,warm_humid,3.0,3.0,2.6,180.0,brick,0.345,puf_sandwich_panel,0.1,eps,0.05,east,0.6,0.9,0.65,5.8,32.983,34.756,0.2202,17.104
Hyderabad,17.385,78.4867,warm_humid,3.0,3.0,2.6,0.0,plywood,0.03,brick,0.115,mineral_wool,0.05,north,1.8,1.2,0.35,3.5,34.978,39.759,0.1964,17.194
Hyderabad,17.385,78.4867,warm_humid,3.0,3.0,2.6,0.0,rammed_earth,0.45,concrete,0.2,eps,0.025,west,0.6,0.6,0.45,2.6,33.761,36.064,0.2083,17.097
Hyderabad,17.385,78.4867,warm_humid,3.0,3.0,2.6,45.0,concrete,0.1,gi_sheet,0.002,eps,0.1,south,0.6,0.9,0.45,3.5,33.6,35.988,0.1131,17.137
Hyderabad,17.385,78.4867,warm_humid,3.0,3.0,2.6,0.0,brick,0.115,concrete,0.15,none,0.0,north,0.9,1.5,0.75,5.8,39.752,47.3,0.0536,17.125
Hyderabad,17.385,78.4867,warm_humid,3.0,3.0,2.6,135.0,plywood,0.019,rcc_slab,0.25,eps,0.1,north,0.6,1.5,0.55,2.6,34.097,36.743,0.0952,17.15
Hyderabad,17.385,78.4867,warm_humid,3.0,3.0,2.6,180.0,concrete,0.1,puf_sandwich_panel,0.15,eps,0.025,north,0.9,1.2,0.85,3.5,35.683,39.425,0.0655,17.139
Hyderabad,17.385,78.4867,warm_humid,3.0,3.0,2.6,45.0,puf_sandwich_panel,0.075,concrete,0.1,eps,0.025,east,0.6,1.5,0.55,3.5,34.948,39.456,0.1964,17.205
Hyderabad,17.385,78.4867,warm_humid,3.0,3.0,2.6,0.0,brick,0.345,puf_sandwich_panel,0.05,mineral_wool,0.025,north,1.2,0.6,0.85,5.8,33.834,35.935,0.1429,17.104
Hyderabad,17.385,78.4867,warm_humid,3.0,3.0,2.6,0.0,rammed_earth,0.3,concrete,0.15,mineral_wool,0.1,west,0.9,1.2,0.35,5.8,32.8,34.51,0.2321,17.105
Hyderabad,17.385,78.4867,warm_humid,3.0,3.0,2.6,90.0,brick,0.345,gi_sheet,0.002,eps,0.05,east,0.6,1.5,0.65,2.6,33.761,35.85,0.1548,17.104
Hyderabad,17.385,78.4867,warm_humid,3.0,3.0,2.6,0.0,rammed_earth,0.45,puf_sandwich_panel,0.05,mineral_wool,0.1,west,0.9,1.5,0.55,2.6,32.666,34.394,0.2619,17.1
Hyderabad,17.385,78.4867,warm_humid,3.0,3.0,2.6,90.0,puf_sandwich_panel,0.075,concrete,0.2,mineral_wool,0.025,east,0.6,1.2,0.45,3.5,34.182,37.334,0.125,17.164
Hyderabad,17.385,78.4867,warm_humid,3.0,3.0,2.6,90.0,brick,0.345,concrete,0.1,eps,0.025,west,1.8,1.2,0.85,3.5,35.609,38.518,0.0774,17.103
Hyderabad,17.385,78.4867,warm_humid,3.0,3.0,2.6,180.0,puf_sandwich_panel,0.075,concrete,0.15,mineral_wool,0.1,north,0.9,1.2,0.35,5.8,32.803,35.181,0.3155,17.176
Hyderabad,17.385,78.4867,warm_humid,3.0,3.0,2.6,90.0,plywood,0.03,gi_sheet,0.002,eps,0.025,west,1.5,1.5,0.35,2.6,36.052,44.08,0.2917,17.272
Hyderabad,17.385,78.4867,warm_humid,3.0,3.0,2.6,135.0,gi_sheet,0.002,brick,0.115,mineral_wool,0.05,south,1.5,0.9,0.55,5.8,35.591,40.97,0.1845,17.194
Hyderabad,17.385,78.4867,warm_humid,3.0,3.0,2.6,0.0,gi_sheet,0.002,puf_sandwich_panel,0.1,mineral_wool,0.05,south,1.8,1.5,0.65,2.6,35.936,44.043,0.2917,17.275
Hyderabad,17.385,78.4867,warm_humid,3.0,3.0,2.6,45.0,rammed_earth,0.15,concrete,0.15,mineral_wool,0.05,east,1.2,0.9,0.85,5.8,35.23,38.044,0.0714,17.12
Hyderabad,17.385,78.4867,warm_humid,3.0,3.0,2.6,45.0,puf_sandwich_panel,0.05,gi_sheet,0.002,none,0.0,south,1.2,1.5,0.75,3.5,40.036,57.484,0.2798,15.621
Hyderabad,17.385,78.4867,warm_humid,3.0,3.0,2.6,0.0,rammed_earth,0.3,concrete,0.1,eps,0.1,south,1.2,0.6,0.55,3.5,32.778,34.422,0.2262,17.106
Hyderabad,17.385,78.4867,warm_humid,3.0,3.0,2.6,135.0,concrete,0.15,puf_sandwich_panel,0.1,mineral_wool,0.1,north,1.2,1.2,0.45,2.6,33.978,36.131,0.1071,17.123
Hyderabad,17.385,78.4867,warm_humid,3.0,3.0,2.6,90.0,concrete,0.15,rcc_slab,0.2,eps,0.1,east,1.2,1.2,0.35,5.8,33.488,35.442,0.1369,17.112
Hyderabad,17.385,78.4867,warm_humid,3.0,3.0,2.6,45.0,rammed_earth,0.45,concrete,0.15,mineral_wool,0.025,north,0.9,1.5,0.75,5.8,34.853,37.695,0.1012,17.098
Hyderabad,17.385,78.4867,warm_humid,3.0,3.0,2.6,135.0,plywood,0.012,puf_sandwich_panel,0.075,mineral_wool,0.1,south,1.2,0.9,0.65,3.5,34.135,39.472,0.3095,17.284
Hyderabad,17.385,78.4867,warm_humid,3.0,3.0,2.6,0.0,gi_sheet,0.002,gi_sheet,0.002,mineral_wool,0.05,north,0.9,1.2,0.35,3.5,35.056,41.806,0.3036,17.266
Hyderabad,17.385,78.4867,warm_humid,3.0,3.0,2.6,180.0,puf_sandwich_panel,0.15,gi_sheet,0.002,mineral_wool,0.1,west,1.8,0.9,0.75,2.6,34.973,40.069,0.2679,17.278
Hyderabad,17.385,78.4867,warm_humid,3.0,3.0,2.6,135.0,brick,0.345,brick,0.115,eps,0.1,north,1.2,0.6,0.85,5.8,33.211,35.172,0.2143,17.102
Hyderabad,17.385,78.4867,warm_humid,3.0,3.0,2.6,90.0,gi_sheet,0.002,puf_sandwich_panel,0.1,eps,0.1,east,0.9,1.2,0.75,2.6,34.22,39.597,0.3214,17.276
Hyderabad,17.385,78.4867,warm_humid,3.0,3.0,2.6,45.0,concrete,0.3,brick,0.115,mineral_wool,0.025,north,0.6,1.2,0.55,5.8,35.121,37.893,0.0833,17.101
Hyderabad,17.385,78.4867,warm_humid,3.0,3.0,2.6,0.0,rammed_earth,0.45,brick,0.23,eps,0.025,west,0.6,0.6,0.75,2.6,33.725,36.024,0.2083,17.097
Hyderabad,17.385,78.4867,warm_humid,3.0,3.0,2.6,90.0,puf_sandwich_panel,0.15,brick,0.115,eps,0.025,west,1.2,0.6,0.75,3.5,34.256,38.178,0.2143,17.204
Hyderabad,17.385,78.4867,warm_humid,3.0,3.0,2.6,45.0,puf_sandwich_panel,0.05,brick,0.115,eps,0.025,west,1.2,1.2,0.65,2.6,35.296,40.72,0.1964,17.208
Hyderabad,17.385,78.4867,warm_humid,3.0,3.0,2.6,135.0,rammed_earth,0.15,concrete,0.15,mineral_wool,0.025,north,0.6,1.5,0.65,3.5,35.954,39.234,0.0655,17.12
Hyderabad,17.385,78.4867,warm_humid,3.0,3.0,2.6,45.0,puf_sandwich_panel,0.15,concrete,0.15,eps,0.1,north,1.5,1.5,0.65,3.5,34.791,38.173,0.1012,17.178
Hyderabad,17.385,78.4867,warm_humid,3.0,3.0,2.6,90.0,brick,0.345,puf_sandwich_panel,0.075,eps,0.025,west,1.2,0.9,0.45,3.5,33.657,35.66,0.1548,17.104
Hyderabad,17.385,78.4867,warm_humid,3.0,3.0,2.6,45.0,rammed_earth,0.15,rcc_slab,0.1,mineral_wool,0.1,south,1.5,0.9,0.85,3.5,34.368,36.953,0.0833,17.123
Hyderabad,17.385,78.4867,warm_humid,3.0,3.0,2.6,90.0,rammed_earth,0.3,concrete,0.1,mineral_wool,0.025,west,1.2,1.5,0.45,2.6,35.035,37.686,0.0833,17.107
Hyderabad,17.385,78.4867,warm_humid,3.0,3.0,2.6,0.0,rammed_earth,0.45,gi_sheet,0.002,eps,0.1,south,0.9,0.6,0.55,2.6,32.222,33.67,0.369,17.1
Hyderabad,17.385,78.4867,warm_humid,3.0,3.0,2.6,135.0,gi_sheet,0.002,rcc_slab,0.25,mineral_wool,0.05,east,1.8,1.2,0.75,5.8,36.339,41.064,0.0655,17.148
Hyderabad,17.385,78.4867,warm_humid,3.0,3.0,2.6,45.0,gi_sheet,0.002,brick,0.115,eps,0.1,west,0.6,0.9,0.35,3.5,33.847,37.586,0.25,17.195
Hyderabad,17.385,78.4867,warm_humid,3.0,3.0,2.6,45.0,gi_sheet,0.002,rcc_slab,0.1,mineral_wool,0.05,north,1.2,0.9,0.75,2.6,35.779,41.023,0.1429,17.192
Hyderabad,17.385,78.4867,warm_humid,3.0,3.0,2.6,135.0,plywood,0.019,brick,0.115,mineral_wool,0.1,east,1.8,1.2,0.55,5.8,35.077,39.969,0.1786,17.195
Hyderabad,17.385,78.4867,warm_humid,3.0,3.0,2.6,0.0,gi_sheet,0.002,concrete,0.2,none,0.0,north,1.5,1.5,0.85,2.6,39.805,52.285,0.2202,13.514
Hyderabad,17.385,78.4867,warm_humid,3.0,3.0,2.6,180.0,plywood,0.012,gi_sheet,0.002,eps,0.025,west,0.9,1.5,0.55,2.6,37.006,46.099,0.2798,17.101
Hyderabad,17.385,78.4867,warm_humid,3.0,3.0,2.6,90.0,plywood,0.019,rcc_slab,0.15,mineral_wool,0.05,west,0.6,0.6,0.45,5.8,34.408,38.085,0.1607,17.175
Hyderabad,17.385,78.4867,warm_humid,3.0,3.0,2.6,0.0,plywood,0.03,rcc_slab,0.1,eps,0.05,north,1.5,1.5,0.75,2.6,35.743,41.176,0.1548,17.194
Hyderabad,17.385,78.4867,warm_humid,3.0,3.0,2.6,180.0,rammed_earth,0.3,rcc_slab,0.15,eps,0.025,west,1.8,1.5,0.35,2.6,35.646,38.589,0.0774,17.106
Hyderabad,17.385,78.4867,warm_humid,3.0,3.0,2.6,45.0,gi_sheet,0.002,rcc_slab,0.15,mineral_wool,0.05,east,1.2,1.2,0.75,5.8,36.176,41.088,0.0893,17.172
Hyderabad,17.385,78.4867,warm_humid,3.0,3.0,2.6,90.0,plywood,0.05,puf_sandwich_panel,0.15,eps,0.05,east,1.5,0.6,0.65,2.6,33.93,38.554,0.3095,17.255
Hyderabad,17.385,78.4867,warm_humid,3.0,3.0,2.6,135.0,rammed_earth,0.15,brick,0.23,mineral_wool,0.1,north,1.2,0.6,0.55,3.5,33.488,35.416,0.1369,17.117
Hyderabad,17.385,78.4867,warm_humid,3.0,3.0,2.6,90.0,puf_sandwich_panel,0.075,brick,0.115,none,0.0,west,1.2,1.2,0.65,3.5,38.036,46.931,0.1429,17.208
Hyderabad,17.385,78.4867,warm_humid,3.0,3.0,2.6,90.0,rammed_earth,0.15,rcc_slab,0.15,eps,0.1,south,1.8,0.9,0.85,2.6,34.563,37.249,0.0833,17.121
Hyderabad,17.385,78.4867,warm_humid,3.0,3.0,2.6,180.0,puf_sandwich_panel,0.075,puf_sandwich_panel,0.075,none,0.0,south,1.8,1.2,0.45,2.6,33.758,38.963,0.3631,17.318
Hyderabad,17.385,78.4867,warm_humid,3.0,3.0,2.6,135.0,plywood,0.019,rcc_slab,0.2,eps,0.025,south,1.8,0.6,0.85,2.6,36.474,41.777,0.0595,17.161
Hyderabad,17.385,78.4867,warm_humid,3.0,3.0,2.6,0.0,brick,0.345,puf_sandwich_panel,0.075,mineral_wool,0.05,north,1.2,1.5,0.55,3.5,33.529,35.475,0.1726,17.105
Hyderabad,17.385,78.4867,warm_humid,3.0,3.0,2.6,0.0,gi_sheet,0.002,brick,0.23,mineral_wool,0.1,south,0.6,1.2,0.45,2.6,33.942,37.032,0.1369,17.159
Hyderabad,17.385,78.4867,warm_humid,3.0,3.0,2.6,180.0,rammed_earth,0.3,gi_sheet,0.002,eps,0.1,south,1.5,1.2,0.75,2.6,33.724,35.714,0.1369,17.11
Hyderabad,17.385,78.4867,warm_humid,3.0,3.0,2.6,135.0,brick,0.115,concrete,0.2,eps,0.1,north,1.8,1.2,0.75,5.8,35.735,38.713,0.0655,17.122
Hyderabad,17.385,78.4867,warm_humid,3.0,3.0,2.6,135.0,rammed_earth,0.3,brick,0.23,eps,0.025,west,0.6,1.2,0.55,5.8,34.649,37.181,0.0893,17.104
Hyderabad,17.385,78.4867,warm_humid,3.0,3.0,2.6,180.0,rammed_earth,0.3,concrete,0.1,mineral_wool,0.05,south,1.8,0.6,0.75,5.8,34.01,36.19,0.125,17.106
Hyderabad,17.385,78.4867,warm_humid,3.0,3.0,2.6,90.0,puf_sandwich_panel,0.15,puf_sandwich_panel,0.075,mineral_wool,0.025,north,1.8,1.2,0.55,5.8,34.812,40.016,0.2917,17.303
Hyderabad,17.385,78.4867,warm_humid,3.0,3.0,2.6,180.0,puf_sandwich_panel,0.075,puf_sandwich_panel,0.075,eps,0.1,east,1.2,1.2,0.85,2.6,34.017,40.477,0.3452,17.309
Hyderabad,17.385,78.4867,warm_humid,3.0,3.0,2.6,135.0,concrete,0.3,rcc_slab,0.2,mineral_wool,0.025,east,1.8,0.6,0.35,2.6,34.958,37.673,0.0893,17.1
Hyderabad,17.385,78.4867,warm_humid,3.0,3.0,2.6,135.0,concrete,0.15,rcc_slab,0.25,none,0.0,south,1.8,1.5,0.45,3.5,39.35,45.566,0.0595,17.111
Hyderabad,17.385,78.4867,warm_humid,3.0,3.0,2.6,180.0,gi_sheet,0.002,brick,0.23,eps,0.1,west,1.8,0.6,0.35,2.6,34.51,37.609,0.0952,17.161
Hyderabad,17.385,78.4867,warm_humid,3.0,3.0,2.6,45.0,rammed_earth,0.3,puf_sandwich_panel,0.1,eps,0.025,west,1.2,1.5,0.65,3.5,34.476,36.926,0.0833,17.11
Hyderabad,17.385,78.4867,warm_humid,3.0,3.0,2.6,45.0,gi_sheet,0.002,puf_sandwich_panel,0.1,eps,0.1,south,1.8,0.9,0.85,3.5,35.204,42.832,0.2917,17.276
Hyderabad,17.385,78.4867,warm_humid,3.0,3.0,2.6,45.0,gi_sheet,0.002,brick,0.23,none,0.0,east,1.5,0.9,0.55,5.8,39.374,51.103,0.2202,13.703
Hyderabad,17.385,78.4867,warm_humid,3.0,3.0,2.6,45.0,plywood,0.03,gi_sheet,0.002,eps,0.1,south,1.5,1.2,0.45,5.8,34.417,40.361,0.3036,17.268
Hyderabad,17.385,78.4867,warm_humid,3.0,3.0,2.6,45.0,puf_sandwich_panel,0.1,brick,0.23,mineral_wool,0.025,north,0.6,0.6,0.65,2.6,33.812,36.595,0.1429,17.166
Hyderabad,17.385,78.4867,warm_humid,3.0,3.0,2.6,135.0,rammed_earth,0.15,brick,0.115,mineral_wool,0.1,west,0.9,0.6,0.55,3.5,33.387,35.3,0.131,17.123
Hyderabad,17.385,78.4867,warm_humid,3.0,3.0,2.6,180.0,gi_sheet,0.002,gi_sheet,0.002,eps,0.05,west,0.9,0.6,0.45,2.6,35.35,41.63,0.2738,17.271
Hyderabad,17.385,78.4867,warm_humid,3.0,3.0,2.6,180.0,gi_sheet,0.002,rcc_slab,0.2,mineral_wool,0.05,north,1.8,1.5,0.85,5.8,36.93,42.264,0.0595,17.159
Hyderabad,17.385,78.4867,warm_humid,3.0,3.0,2.6,0.0,concrete,0.1,rcc_slab,0.2,eps,0.1,south,0.6,0.9,0.85,2.6,33.71,35.869,0.125,17.12
Hyderabad,17.385,78.4867,warm_humid,3.0,3.0,2.6,135.0,puf_sandwich_panel,0.05,concrete,0.1,mineral_wool,0.025,north,0.9,0.6,0.35,3.5,34.574,38.841,0.2083,17.204
Hyderabad,17.385,78.4867,warm_humid,3.0,3.0,2.6,90.0,brick,0.23,gi_sheet,0.002,mineral_wool,0.025,east,0.9,1.2,0.85,2.6,35.731,38.837,0.0714,17.115
Hyderabad,17.385,78.4867,warm_humid,3.0,3.0,2.6,180.0,plywood,0.019,gi_sheet,0.002,none,0.0,south,1.5,0.9,0.85,2.6,40.176,56.926,0.2917,13.187
Hyderabad,17.385,78.4867,warm_humid,3.0,3.0,2.6,45.0,brick,0.345,puf_sandwich_panel,0.075,mineral_wool,0.1,west,0.9,1.5,0.85,5.8,33.242,35.174,0.2143,17.104
Hyderabad,17.385,78.4867,warm_humid,3.0,3.0,2.6,135.0,rammed_earth,0.3,gi_sheet,0.002,mineral_wool,0.1,north,1.5,0.6,0.55,2.6,33.193,34.999,0.2083,17.109
Hyderabad,17.385,78.4867,warm_humid,3.0,3.0,2.6,90.0,brick,0.23,brick,0.115,eps,0.1,east,0.6,1.2,0.55,2.6,33.056,34.782,0.2143,17.111
Hyderabad,17.385,78.4867,warm_humid,3.0,3.0,2.6,0.0,rammed_earth,0.3,concrete,0.2,mineral_wool,0.1,east,1.2,0.9,0.75,2.6,33.603,35.749,0.2083,17.104
Hyderabad,17.385,78.4867,warm_humid,3.0,3.0,2.6,135.0,brick,0.115,puf_sandwich_panel,0.075,mineral_wool,0.1,south,1.5,0.9,0.45,5.8,33.737,36.18,0.1012,17.14
Hyderabad,17.385,78.4867,warm_humid,3.0,3.0,2.6,0.0,brick,0.345,rcc_slab,0.2,eps,0.1,north,1.2,0.9,0.65,3.5,32.793,34.494,0.2321,17.101
Hyderabad,17.385,78.4867,warm_humid,3.0,3.0,2.6,45.0,gi_sheet,0.002,brick,0.23,eps,0.1,north,0.6,0.6,0.55,2.6,33.785,36.68,0.1548,17.161
Hyderabad,17.385,78.4867,warm_humid,3.0,3.0,2.6,180.0,gi_sheet,0.002,rcc_slab,0.25,mineral_wool,0.1,north,0.6,1.5,0.55,3.5,34.307,37.145,0.0833,17.147
Hyderabad,17.385,78.4867,warm_humid,3.0,3.0,2.6,45.0,puf_sandwich_panel,0.15,puf_sandwich_panel,0.05,mineral_wool,0.025,south,1.2,1.5,0.35,3.5,33.3,38.193,0.375,17.304
Hyderabad,17.385,78.4867,warm_humid,3.0,3.0,2.6,90.0,gi_sheet,0.002,brick,0.23,eps,0.05,south,0.6,1.2,0.45,2.6,34.792,38.653,0.1071,17.161
Hyderabad,17.385,78.4867,warm_humid,3.0,3.0,2.6,90.0,concrete,0.15,puf_sandwich_panel,0.15,eps,0.05,west,1.2,0.6,0.85,3.5,33.885,36.142,0.1071,17.122
Hyderabad,17.385,78.4867,warm_humid,3.0,3.0,2.6,135.0,plywood,0.03,rcc_slab,0.2,eps,0.05,north,1.8,1.5,0.45,3.5,36.011,40.239,0.0595,17.159
Hyderabad,17.385,78.4867,warm_humid,3.0,3.0,2.6,0.0,puf_sandwich_panel,0.075,gi_sheet,0.002,none,0.0,north,0.6,0.9,0.85,3.5,39.332,54.834,0.2738,16.255
Hyderabad,17.385,78.4867,warm_humid,3.0,3.0,2.6,135.0,puf_sandwich_panel,0.075,rcc_slab,0.1,eps,0.025,east,0.9,0.6,0.65,3.5,34.531,38.885,0.2143,17.205
Hyderabad,17.385,78.4867,warm_humid,3.0,3.0,2.6,180.0,puf_sandwich_panel,0.05,rcc_slab,0.15,mineral_wool,0.05,east,1.8,1.2,0.85,2.6,35.77,41.207,0.0833,17.179
Hyderabad,17.385,78.4867,warm_humid,3.0,3.0,2.6,180.0,plywood,0.03,rcc_slab,0.2,none,0.0,west,1.5,0.9,0.75,3.5,39.62,49.469,0.1071,16.94
Hyderabad,17.385,78.4867,warm_humid,3.0,3.0,2.6,45.0,puf_sandwich_panel,0.1,puf_sandwich_panel,0.075,mineral_wool,0.025,north,1.5,0.9,0.35,3.5,33.119,36.989,0.3631,17.309
Hyderabad,17.385,78.4867,warm_humid,3.0,3.0,2.6,135.0,concrete,0.1,puf_sandwich_panel,0.15,eps,0.1,west,0.9,1.2,0.85,3.5,34.49,37.055,0.0774,17.139
Hyderabad,17.385,78.4867,warm_humid,3.0,3.0,2.6,135.0,plywood,0.05,rcc_slab,0.25,mineral_wool,0.025,south,0.9,1.5,0.45,2.6,35.636,39.632,0.0655,17.146
Hyderabad,17.385,78.4867,warm_humid,3.0,3.0,2.6,90.0,concrete,0.3,rcc_slab,0.25,none,0.0,north,0.9,1.5,0.65,2.6,38.505,42.902,0.0655,17.099
Hyderabad,17.385,78.4867,warm_humid,3.0,3.0,2.6,135.0,gi_sheet,0.002,concrete,0.15,mineral_wool,0.05,east,1.5,0.6,0.65,3.5,35.442,40.004,0.119,17.172
Hyderabad,17.385,78.4867,warm_humid,3.0,3.0,2.6,45.0,puf_sandwich_panel,0.05,puf_sandwich_panel,0.05,mineral_wool,0.05,west,0.6,0.6,0.75,5.8,32.747,36.641,0.4167,17.309
Hyderabad,17.385,78.4867,warm_humid,3.0,3.0,2.6,45.0,plywood,0.012,rcc_slab,0.25,eps,0.025,north,0.6,0.9,0.55,5.8,36.023,40.5,0.0595,17.151
Hyderabad,17.385,78.4867,warm_humid,3.0,3.0,2.6,180.0,puf_sandwich_panel,0.15,gi_sheet,0.002,eps,0.025,north,1.2,1.2,0.45,5.8,34.613,40.763,0.3214,17.296
Hyderabad,17.385,78.4867,warm_humid,3.0,3.0,2.6,135.0,plywood,0.019,brick,0.23,mineral_wool,0.05,east,1.8,1.2,0.55,3.5,35.725,40.355,0.0655,17.162
Hyderabad,17.385,78.4867,warm_humid,3.0,3.0,2.6,45.0,brick,0.115,puf_sandwich_panel,0.05,eps,0.1,south,0.9,1.2,0.45,2.6,33.611,36.071,0.1131,17.141
Hyderabad,17.385,78.4867,warm_humid,3.0,3.0,2.6,0.0,gi_sheet,0.002,brick,0.115,eps,0.1,west,1.8,1.2,0.75,3.5,35.805,42.23,0.1548,17.195
Hyderabad,17.385,78.4867,warm_humid,3.0,3.0,2.6,90.0,rammed_earth,0.3,rcc_slab,0.2,eps,0.1,east,0.6,0.9,0.65,5.8,32.561,34.114,0.2619,17.104
Hyderabad,17.385,78.4867,warm_humid,3.0,3.0,2.6,45.0,concrete,0.15,brick,0.23,mineral_wool,0.1,south,0.6,0.9,0.65,2.6,33.342,35.269,0.1607,17.112
Hyderabad,17.385,78.4867,warm_humid,3.0,3.0,2.6,90.0,gi_sheet,0.002,gi_sheet,0.002,eps,0.025,west,1.8,1.5,0.85,5.8,37.304,47.206,0.2679,16.348
Hyderabad,17.385,78.4867,warm_humid,3.0,3.0,2.6,0.0,concrete,0.3,rcc_slab,0.1,eps,0.05,west,0.9,0.6,0.45,2.6,33.682,35.821,0.1905,17.101
Hyderabad,17.385,78.4867,warm_humid,3.0,3.0,2.6,0.0,gi_sheet,0.002,puf_sandwich_panel,0.075,eps,0.05,south,1.5,0.9,0.55,5.8,34.971,41.769,0.3095,17.28
Hyderabad,17.385,78.4867,warm_humid,3.0,3.0,2.6,180.0,brick,0.23,gi_sheet,0.002,mineral_wool,0.05,west,1.8,0.6,0.35,5.8,34.375,36.727,0.0952,17.114
Hyderabad,17.385,78.4867,warm_humid,3.0,3.0,2.6,135.0,concrete,0.1,concrete,0.15,mineral_wool,0.1,east,1.8,1.2,0.55,2.6,34.862,37.718,0.0774,17.124
Hyderabad,17.385,78.4867,warm_humid,3.0,3.0,2.6,180.0,puf_sandwich_panel,0.05,rcc_slab,0.15,mineral_wool,0.025,south,1.8,0.9,0.45,2.6,34.827,38.933,0.1429,17.18
Hyderabad,17.385,78.4867,warm_humid,3.0,3.0,2.6,90.0,brick,0.23,rcc_slab,0.2,mineral_wool,0.025,north,1.2,1.5,0.35,2.6,35.544,38.448,0.0774,17.108
Hyderabad,17.385,78.4867,warm_humid,3.0,3.0,2.6,135.0,puf_sandwich_panel,0.1,rcc_slab,0.25,eps,0.1,north,1.5,0.9,0.45,5.8,33.334,35.515,0.1607,17.152
Hyderabad,17.385,78.4867,warm_humid,3.0,3.0,2.6,90.0,concrete,0.2,brick,0.23,mineral_wool,0.025,east,1.8,0.6,0.85,3.5,35.621,38.536,0.0774,17.107
Hyderabad,17.385,78.4867,warm_humid,3.0,3.0,2.6,90.0,gi_sheet,0.002,gi_sheet,0.002,eps,0.05,north,0.9,0.9,0.65,5.8,35.471,41.978,0.2738,17.271
Hyderabad,17.385,78.4867,warm_humid,3.0,3.0,2.6,90.0,gi_sheet,0.002,puf_sandwich_panel,0.075,eps,0.05,west,0.6,1.2,0.65,5.8,34.406,40.107,0.3095,17.279
Hyderabad,17.385,78.4867,warm_humid,3.0,3.0,2.6,45.0,rammed_earth,0.15,concrete,0.2,eps,0.05,west,1.5,1.2,0.45,2.6,34.648,37.306,0.0774,17.118
Hyderabad,17.385,78.4867,warm_humid,3.0,3.0,2.6,90.0,rammed_earth,0.45,concrete,0.2,mineral_wool,0.05,south,1.5,1.5,0.55,3.5,34.017,36.468,0.1667,17.098
Hyderabad,17.385,78.4867,warm_humid,3.0,3.0,2.6,90.0,plywood,0.012,puf_sandwich_panel,0.1,eps,0.1,west,1.2,0.9,0.35,2.6,33.418,37.989,0.369,17.298
Hyderabad,17.385,78.4867,warm_humid,3.0,3.0,2.6,180.0,brick,0.23,concrete,0.2,eps,0.05,south,0.9,1.5,0.65,5.8,34.357,36.68,0.1012,17.108
Hyderabad,17.385,78.4867,warm_humid,3.0,3.0,2.6,180.0,gi_sheet,0.002,concrete,0.2,mineral_wool,0.05,east,0.6,0.9,0.35,3.5,34.994,38.708,0.0893,17.158
Hyderabad,17.385,78.4867,warm_humid,3.0,3.0,2.6,90.0,plywood,0.05,gi_sheet,0.002,eps,0.05,east,1.2,0.9,0.75,5.8,34.987,40.851,0.2738,17.25
Hyderabad,17.385,78.4867,warm_humid,3.0,3.0,2.6,180.0,plywood,0.03,gi_sheet,0.002,mineral_wool,0.025,east,0.6,0.6,0.55,3.5,35.866,43.545,0.2679,17.268
Hyderabad,17.385,78.4867,warm_humid,3.0,3.0,2.6,45.0,gi_sheet,0.002,brick,0.23,mineral_wool,0.025,south,1.5,0.9,0.85,3.5,36.81,42.8,0.0714,17.161
Hyderabad,17.385,78.4867,warm_humid,3.0,3.0,2.6,135.0,brick,0.23,rcc_slab,0.15,eps,0.1,west,1.2,0.9,0.85,3.5,33.962,36.169,0.131,17.109
Hyderabad,17.385,78.4867,warm_humid,3.0,3.0,2.6,45.0,concrete,0.3,puf_sandwich_panel,0.075,eps,0.025,north,1.2,1.2,0.85,2.6,35.139,37.85,0.0833,17.104
Hyderabad,17.385,78.4867,warm_humid,3.0,3.0,2.6,180.0,concrete,0.2,rcc_slab,0.25,eps,0.1,north,1.2,0.6,0.55,5.8,33.25,35.095,0.2143,17.105
Hyderabad,17.385,78.4867,warm_humid,3.0,3.0,2.6,45.0,rammed_earth,0.3,puf_sandwich_panel,0.075,eps,0.05,east,0.9,0.9,0.65,2.6,33.5,35.437,0.1548,17.109
Hyderabad,17.385,78.4867,warm_humid,3.0,3.0,2.6,180.0,gi_sheet,0.002,gi_sheet,0.002,mineral_wool,0.05,east,0.9,0.9,0.85,2.6,35.76,43.264,0.2679,17.266
Hyderabad,17.385,78.4867,warm_humid,3.0,3.0,2.6,90.0,rammed_earth,0.3,puf_sandwich_panel,0.1,mineral_wool,0.025,north,1.2,1.5,0.55,3.5,34.777,37.262,0.0774,17.11
Hyderabad,17.385,78.4867,warm_humid,3.0,3.0,2.6,90.0,rammed_earth,0.45,rcc_slab,0.2,eps,0.05,east,1.8,0.6,0.55,5.8,33.236,35.211,0.2202,17.098
Hyderabad,17.385,78.4867,warm_humid,3.0,3.0,2.6,0.0,gi_sheet,0.002,gi_sheet,0.002,eps,0.05,east,0.6,0.9,0.45,5.8,35.147,41.9,0.3036,17.271
Hyderabad,17.385,78.4867,warm_humid,3.0,3.0,2.6,180.0,concrete,0.15,brick,0.23,eps,0.025,south,0.6,0.6,0.45,2.6,35.417,38.294,0.0714,17.112
Hyderabad,17.385,78.4867,warm_humid,3.0,3.0,2.6,180.0,concrete,0.2,puf_sandwich_panel,0.075,eps,0.1,north,1.8,0.6,0.45,2.6,33.33,35.156,0.1548,17.114
Hyderabad,17.385,78.4867,warm_humid,3.0,3.0,2.6,0.0,puf_sandwich_panel,0.075,gi_sheet,0.002,none,0.0,south,1.5,1.2,0.55,3.5,39.605,55.898,0.2738,15.852
Hyderabad,17.385,78.4867,warm_humid,3.0,3.0,2.6,45.0,puf_sandwich_panel,0.05,concrete,0.15,mineral_wool,0.025,south,1.5,0.9,0.45,3.5,34.953,39.256,0.1369,17.18
Hyderabad,17.385,78.4867,warm_humid,3.0,3.0,2.6,180.0,rammed_earth,0.15,rcc_slab,0.15,eps,0.1,north,0.9,1.5,0.85,2.6,34.304,36.677,0.0833,17.12
Hyderabad,17.385,78.4867,warm_humid,3.0,3.0,2.6,180.0,plywood,0.012,concrete,0.15,none,0.0,east,0.6,1.2,0.85,5.8,39.801,52.63,0.2202,14.471
Hyderabad,17.385,78.4867,warm_humid,3.0,3.0,2.6,90.0,puf_sandwich_panel,0.15,gi_sheet,0.002,eps,0.025,north,0.9,1.2,0.35,5.8,34.529,40.284,0.3155,17.296
Hyderabad,17.385,78.4867,warm_humid,3.0,3.0,2.6,0.0,rammed_earth,0.3,brick,0.115,mineral_wool,0.05,north,1.2,1.2,0.85,5.8,34.317,36.632,0.1012,17.107
Hyderabad,17.385,78.4867,warm_humid,3.0,3.0,2.6,180.0,concrete,0.3,brick,0.23,eps,0.05,west,1.8,0.9,0.45,2.6,34.436,36.963,0.125,17.1
Hyderabad,17.385,78.4867,warm_humid,3.0,3.0,2.6,45.0,concrete,0.3,concrete,0.1,eps,0.1,north,1.8,0.9,0.85,3.5,34.238,36.724,0.131,17.102
Hyderabad,17.385,78.4867,warm_humid,3.0,3.0,2.6,180.0,gi_sheet,0.002,puf_sandwich_panel,0.075,eps,0.05,north,0.9,1.5,0.35,5.8,34.881,40.859,0.2976,17.28
Hyderabad,17.385,78.4867,warm_humid,3.0,3.0,2.6,90.0,plywood,0.05,puf_sandwich_panel,0.1,mineral_wool,0.1,north,0.9,1.2,0.75,3.5,34.334,38.452,0.2619,17.245
Hyderabad,17.385,78.4867,warm_humid,3.0,3.0,2.6,135.0,puf_sandwich_panel,0.05,rcc_slab,0.25,eps,0.05,east,0.6,0.6,0.85,3.5,33.398,35.834,0.1607,17.153
Hyderabad,17.385,78.4867,warm_humid,3.0,3.0,2.6,180.0,plywood,0.05,brick,0.23,none,0.0,south,1.5,1.5,0.65,2.6,38.151,45.498,0.0714,17.158
Hyderabad,17.385,78.4867,warm_humid,3.0,3.0,2.6,135.0,gi_sheet,0.002,concrete,0.15,eps,0.1,south,1.8,1.2,0.45,2.6,34.843,38.953,0.131,17.173
Hyderabad,17.385,78.4867,warm_humid,3.0,3.0,2.6,0.0,concrete,0.1,brick,0.115,eps,0.025,east,0.6,1.2,0.45,2.6,36.179,39.995,0.0655,17.128
Hyderabad,17.385,78.4867,warm_humid,3.0,3.0,2.6,180.0,gi_sheet,0.002,concrete,0.2,mineral_wool,0.1,east,0.9,0.6,0.35,5.8,34.021,36.875,0.125,17.157
Hyderabad,17.385,78.4867,warm_humid,3.0,3.0,2.6,0.0,gi_sheet,0.002,gi_sheet,0.002,eps,0.025,north,1.5,0.9,0.35,2.6,36.318,45.264,0.2857,16.768
Hyderabad,17.385,78.4867,warm_humid,3.0,3.0,2.6,135.0,concrete,0.3,concrete,0.15,mineral_wool,0.025,west,1.8,0.9,0.35,3.5,35.28,38.102,0.0833,17.101
Hyderabad,17.385,78.4867,warm_humid,3.0,3.0,2.6,90.0,concrete,0.1,brick,0.115,eps,0.05,south,1.8,1.5,0.35,2.6,35.353,38.838,0.0714,17.13
Hyderabad,17.385,78.4867,warm_humid,3.0,3.0,2.6,45.0,gi_sheet,0.002,puf_sandwich_panel,0.1,mineral_wool,0.1,west,1.5,1.2,0.35,5.8,34.126,39.691,0.3274,17.266
Hyderabad,17.385,78.4867,warm_humid,3.0,3.0,2.6,135.0,concrete,0.3,puf_sandwich_panel,0.075,none,0.0,north,1.8,0.9,0.65,5.8,37.186,40.896,0.0655,17.104
Hyderabad,17.385,78.4867,warm_humid,3.0,3.0,2.6,45.0,gi_sheet,0.002,puf_sandwich_panel,0.1,eps,0.025,east,0.9,1.5,0.65,5.8,36.175,44.021,0.2738,17.281
Hyderabad,17.385,78.4867,warm_humid,3.0,3.0,2.6,90.0,puf_sandwich_panel,0.075,concrete,0.1,mineral_wool,0.1,east,1.2,1.2,0.45,2.6,33.279,36.349,0.2976,17.198
Hyderabad,17.385,78.4867,warm_humid,3.0,3.0,2.6,180.0,plywood,0.019,rcc_slab,0.2,eps,0.1,west,0.9,0.6,0.35,5.8,33.682,36.271,0.1488,17.161
Hyderabad,17.385,78.4867,warm_humid,3.0,3.0,2.6,135.0,brick,0.345,brick,0.115,eps,0.1,east,0.9,1.2,0.75,3.5,33.287,35.289,0.2143,17.102
Hyderabad,17.385,78.4867,warm_humid,3.0,3.0,2.6,90.0,concrete,0.3,concrete,0.15,eps,0.05,north,1.5,0.9,0.65,5.8,34.575,37.153,0.1071,17.101
Hyderabad,17.385,78.4867,warm_humid,3.0,3.0,2.6,0.0,puf_sandwich_panel,0.1,puf_sandwich_panel,0.1,mineral_wool,0.1,north,0.6,1.2,0.85,2.6,32.424,35.659,0.4345,17.29
Hyderabad,17.385,78.4867,warm_humid,3.0,3.0,2.6,90.0,plywood,0.03,brick,0.115,mineral_wool,0.1,south,1.5,0.6,0.85,3.5,34.222,38.164,0.2024,17.19
Hyderabad,17.385,78.4867,warm_humid,3.0,3.0,2.6,135.0,plywood,0.05,puf_sandwich_panel,0.05,none,0.0,west,1.5,1.2,0.55,5.8,36.902,45.488,0.2619,16.686
Hyderabad,17.385,78.4867,warm_humid,3.0,3.0,2.6,0.0,gi_sheet,0.002,puf_sandwich_panel,0.15,eps,0.025,east,0.6,1.5,0.35,3.5,35.403,42.64,0.2917,17.279
Hyderabad,17.385,78.4867,warm_humid,3.0,3.0,2.6,0.0,brick,0.345,puf_sandwich_panel,0.1,eps,0.1,east,0.6,0.9,0.45,3.5,32.333,33.794,0.2976,17.104
Hyderabad,17.385,78.4867,warm_humid,3.0,3.0,2.6,90.0,plywood,0.012,puf_sandwich_panel,0.15,eps,0.1,north,1.2,1.2,0.55,3.5,34.597,39.691,0.2917,17.296
Hyderabad,17.385,78.4867,warm_humid,3.0,3.0,2.6,90.0,concrete,0.1,concrete,0.2,mineral_wool,0.1,east,1.5,1.2,0.55,5.8,34.244,36.672,0.0833,17.121
Hyderabad,17.385,78.4867,warm_humid,3.0,3.0,2.6,90.0,puf_sandwich_panel,0.05,brick,0.115,mineral_wool,0.1,north,1.5,0.6,0.85,3.5,34.125,37.433,0.2024,17.201
Hyderabad,17.385,78.4867,warm_humid,3.0,3.0,2.6,90.0,gi_sheet,0.002,gi_sheet,0.002,eps,0.1,north,1.5,1.5,0.75,5.8,36.623,43.572,0.244,17.27
Hyderabad,17.385,78.4867,warm_humid,3.0,3.0,2.6,180.0,concrete,0.2,gi_sheet,0.002,eps,0.1,east,1.5,1.2,0.35,5.8,33.883,36.065,0.1131,17.114
Hyderabad,17.385,78.4867,warm_humid,3.0,3.0,2.6,0.0,puf_sandwich_panel,0.15,gi_sheet,0.002,eps,0.1,north,1.2,0.9,0.35,5.8,32.56,35.993,0.4286,17.291
Hyderabad,17.385,78.4867,warm_humid,3.0,3.0,2.6,135.0,gi_sheet,0.002,gi_sheet,0.002,mineral_wool,0.05,east,0.9,1.5,0.65,3.5,35.864,43.676,0.2679,17.266
Hyderabad,17.385,78.4867,warm_humid,3.0,3.0,2.6,135.0,plywood,0.012,gi_sheet,0.002,mineral_wool,0.1,south,0.9,1.5,0.35,3.5,34.17,39.424,0.3095,17.276
Hyderabad,17.385,78.4867,warm_humid,3.0,3.0,2.6,45.0,concrete,0.2,brick,0.23,mineral_wool,0.025,north,1.5,0.9,0.35,2.6,35.45,38.337,0.0774,17.107
Hyderabad,17.385,78.4867,warm_humid,3.0,3.0,2.6,45.0,rammed_earth,0.15,gi_sheet,0.002,none,0.0,south,0.9,1.5,0.45,3.5,39.754,48.561,0.0536,17.132
Hyderabad,17.385,78.4867,warm_humid,3.0,3.0,2.6,135.0,puf_sandwich_panel,0.15,brick,0.115,eps,0.1,north,1.8,0.6,0.75,5.8,33.83,36.908,0.2321,17.203
Hyderabad,17.385,78.4867,warm_humid,3.0,3.0,2.6,135.0,puf_sandwich_panel,0.075,puf_sandwich_panel,0.1,mineral_wool,0.05,north,0.9,0.6,0.75,2.6,32.861,36.363,0.381,17.304
Hyderabad,17.385,78.4867,warm_humid,3.0,3.0,2.6,0.0,plywood,0.05,puf_sandwich_panel,0.075,eps,0.025,north,0.6,1.2,0.35,5.8,34.303,39.527,0.2976,17.257
Hyderabad,17.385,78.4867,warm_humid,3.0,3.0,2.6,45.0,plywood,0.03,brick,0.23,mineral_wool,0.1,north,1.5,1.5,0.35,3.5,34.39,37.494,0.0893,17.159
Hyderabad,17.385,78.4867,warm_humid,3.0,3.0,2.6,0.0,concrete,0.15,concrete,0.1,eps,0.025,west,1.8,0.9,0.75,2.6,36.581,40.417,0.0714,17.117
Hyderabad,17.385,78.4867,warm_humid,3.0,3.0,2.6,135.0,puf_sandwich_panel,0.15,brick,0.23,eps,0.1,north,0.9,0.6,0.75,2.6,32.758,34.751,0.2798,17.164
Hyderabad,17.385,78.4867,warm_humid,3.0,3.0,2.6,135.0,concrete,0.3,rcc_slab,0.25,eps,0.05,east,0.9,1.2,0.65,5.8,34.048,36.438,0.1548,17.099
Hyderabad,17.385,78.4867,warm_humid,3.0,3.0,2.6,45.0,puf_sandwich_panel,0.15,gi_sheet,0.002,mineral_wool,0.1,east,1.2,1.2,0.75,5.8,34.418,39.011,0.2917,17.278
Hyderabad,17.385,78.4867,warm_humid,3.0,3.0,2.6,45.0,puf_sandwich_panel,0.075,puf_sandwich_panel,0.15,eps,0.1,north,0.9,1.2,0.45,3.5,32.769,36.154,0.375,17.306
Hyderabad,17.385,78.4867,warm_humid,3.0,3.0,2.6,180.0,rammed_earth,0.15,rcc_slab,0.25,eps,0.05,west,0.6,1.5,0.55,2.6,34.608,37.071,0.0774,17.115
Hyderabad,17.385,78.4867,warm_humid,3.0,3.0,2.6,90.0,plywood,0.019,puf_sandwich_panel,0.05,mineral_wool,0.025,north,1.2,1.2,0.75,5.8,36.396,43.937,0.2679,17.291
Hyderabad,17.385,78.4867,warm_humid,3.0,3.0,2.6,135.0,brick,0.345,concrete,0.1,none,0.0,south,0.6,1.5,0.75,3.5,38.683,43.315,0.0655,17.102
Hyderabad,17.385,78.4867,warm_humid,3.0,3.0,2.6,135.0,puf_sandwich_panel,0.075,brick,0.23,eps,0.1,east,1.5,1.2,0.45,5.8,33.57,36.47,0.1845,17.166
Hyderabad,17.385,78.4867,warm_humid,3.0,3.0,2.6,45.0,brick,0.345,concrete,0.1,none,0.0,south,1.8,0.9,0.45,3.5,38.707,43.382,0.0655,17.103
Hyderabad,17.385,78.4867,warm_humid,3.0,3.0,2.6,135.0,puf_sandwich_panel,0.1,rcc_slab,0.25,mineral_wool,0.025,south,1.2,0.9,0.65,5.8,34.422,37.551,0.0833,17.152
Hyderabad,17.385,78.4867,warm_humid,3.0,3.0,2.6,135.0,rammed_earth,0.15,rcc_slab,0.1,eps,0.025,south,0.6,0.6,0.45,5.8,35.476,38.655,0.0714,17.123
Hyderabad,17.385,78.4867,warm_humid,3.0,3.0,2.6,90.0,puf_sandwich_panel,0.15,rcc_slab,0.2,none,0.0,east,0.6,0.6,0.75,3.5,37.602,43.876,0.0595,17.163
Hyderabad,17.385,78.4867,warm_humid,3.0,3.0,2.6,135.0,rammed_earth,0.45,gi_sheet,0.002,none,0.0,south,1.2,0.6,0.35,3.5,38.17,42.505,0.0655,17.1
Hyderabad,17.385,78.4867,warm_humid,3.0,3.0,2.6,135.0,gi_sheet,0.002,rcc_slab,0.25,mineral_wool,0.025,north,1.5,0.9,0.35,3.5,36.395,41.121,0.0595,17.149
Hyderabad,17.385,78.4867,warm_humid,3.0,3.0,2.6,180.0,plywood,0.03,gi_sheet,0.002,mineral_wool,0.1,east,1.2,0.6,0.35,2.6,33.655,37.913,0.3333,17.256
Hyderabad,17.385,78.4867,warm_humid,3.0,3.0,2.6,135.0,puf_sandwich_panel,0.15,brick,0.115,mineral_wool,0.025,south,0.6,0.9,0.75,3.5,34.197,38.137,0.2202,17.203
Hyderabad,17.385,78.4867,warm_humid,3.0,3.0,2.6,45.0,brick,0.23,brick,0.23,eps,0.025,north,1.8,1.5,0.75,3.5,36.839,40.402,0.0655,17.109
Hyderabad,17.385,78.4867,warm_humid,3.0,3.0,2.6,180.0,concrete,0.15,gi_sheet,0.002,eps,0.05,west,1.8,0.9,0.55,5.8,35.667,38.727,0.0655,17.123
Hyderabad,17.385,78.4867,warm_humid,3.0,3.0,2.6,90.0,plywood,0.012,brick,0.115,eps,0.1,east,0.9,0.9,0.75,3.5,34.112,38.01,0.244,17.202
Hyderabad,17.385,78.4867,warm_humid,3.0,3.0,2.6,45.0,concrete,0.15,rcc_slab,0.25,none,0.0,south,1.8,1.2,0.35,2.6,39.231,45.306,0.0595,17.111
Hyderabad,17.385,78.4867,warm_humid,3.0,3.0,2.6,45.0,rammed_earth,0.15,puf_sandwich_panel,0.075,eps,0.1,east,1.8,1.5,0.65,5.8,35.581,38.666,0.0655,17.134
Hyderabad,17.385,78.4867,warm_humid,3.0,3.0,2.6,180.0,rammed_earth,0.3,gi_sheet,0.002,eps,0.05,south,0.6,0.9,0.45,2.6,33.525,35.484,0.1548,17.109
Hyderabad,17.385,78.4867,warm_humid,3.0,3.0,2.6,135.0,concrete,0.2,brick,0.115,none,0.0,south,1.2,1.5,0.35,2.6,39.125,44.887,0.0595,17.111
Hyderabad,17.385,78.4867,warm_humid,3.0,3.0,2.6,0.0,brick,0.345,rcc_slab,0.2,none,0.0,west,0.9,0.9,0.55,3.5,37.77,41.853,0.0714,17.1
Hyderabad,17.385,78.4867,warm_humid,3.0,3.0,2.6,0.0,rammed_earth,0.3,brick,0.115,none,0.0,north,0.6,1.2,0.35,5.8,37.697,41.832,0.0655,17.106
Hyderabad,17.385,78.4867,warm_humid,3.0,3.0,2.6,45.0,rammed_earth,0.45,puf_sandwich_panel,0.15,mineral_wool,0.1,east,1.5,0.9,0.45,3.5,32.594,34.225,0.2679,17.1
Hyderabad,17.385,78.4867,warm_humid,3.0,3.0,2.6,180.0,plywood,0.019,gi_sheet,0.002,eps,0.05,west,0.9,1.5,0.85,3.5,36.561,44.008,0.2619,17.283
Hyderabad,17.385,78.4867,warm_humid,3.0,3.0,2.6,135.0,concrete,0.3,gi_sheet,0.002,eps,0.025,south,0.6,1.2,0.55,5.8,35.108,37.856,0.0833,17.103
Hyderabad,17.385,78.4867,warm_humid,3.0,3.0,2.6,135.0,plywood,0.03,concrete,0.2,none,0.0,south,0.6,0.6,0.65,2.6,39.12,48.654,0.1131,16.94
Hyderabad,17.385,78.4867,warm_humid,3.0,3.0,2.6,180.0,brick,0.115,brick,0.115,mineral_wool,0.1,south,0.6,1.5,0.45,2.6,33.725,35.905,0.1071,17.129
Hyderabad,17.385,78.4867,warm_humid,3.0,3.0,2.6,90.0,brick,0.115,gi_sheet,0.002,eps,0.1,east,1.8,1.2,0.55,5.8,34.572,37.601,0.0714,17.141
Hyderabad,17.385,78.4867,warm_humid,3.0,3.0,2.6,0.0,puf_sandwich_panel,0.1,puf_sandwich_panel,0.1,eps,0.1,south,0.6,1.2,0.35,2.6,32.077,35.103,0.4881,17.305
Hyderabad,17.385,78.4867,warm_humid,3.0,3.0,2.6,180.0,plywood,0.012,puf_sandwich_panel,0.1,eps,0.1,east,1.2,0.6,0.65,3.5,33.973,39.262,0.3274,17.297
Hyderabad,17.385,78.4867,warm_humid,3.0,3.0,2.6,45.0,rammed_earth,0.15,rcc_slab,0.15,eps,0.025,south,1.5,1.2,0.35,5.8,35.76,39.167,0.0714,17.121
Hyderabad,17.385,78.4867,warm_humid,3.0,3.0,2.6,90.0,plywood,0.012,gi_sheet,0.002,eps,0.1,south,0.9,1.2,0.45,2.6,34.067,39.7,0.3333,17.289
Hyderabad,17.385,78.4867,warm_humid,3.0,3.0,2.6,45.0,gi_sheet,0.002,rcc_slab,0.25,eps,0.025,west,0.6,1.5,0.65,2.6,36.251,41.156,0.0595,17.149
Hyderabad,17.385,78.4867,warm_humid,3.0,3.0,2.6,180.0,puf_sandwich_panel,0.05,brick,0.115,mineral_wool,0.025,south,1.8,0.6,0.65,2.6,34.862,39.523,0.2024,17.207
Hyderabad,17.385,78.4867,warm_humid,3.0,3.0,2.6,0.0,plywood,0.012,rcc_slab,0.25,mineral_wool,0.025,east,1.2,0.6,0.35,5.8,35.957,40.426,0.0595,17.151
Hyderabad,17.385,78.4867,warm_humid,3.0,3.0,2.6,90.0,rammed_earth,0.3,concrete,0.15,eps,0.05,south,0.9,0.6,0.55,5.8,33.509,35.527,0.1845,17.105
Hyderabad,17.385,78.4867,warm_humid,3.0,3.0,2.6,180.0,puf_sandwich_panel,0.075,brick,0.115,eps,0.05,west,1.5,1.5,0.35,5.8,34.789,38.994,0.1964,17.206
Hyderabad,17.385,78.4867,warm_humid,3.0,3.0,2.6,180.0,rammed_earth,0.45,gi_sheet,0.002,mineral_wool,0.025,west,1.5,0.9,0.45,3.5,34.648,37.244,0.1012,17.1
Hyderabad,17.385,78.4867,warm_humid,3.0,3.0,2.6,90.0,plywood,0.05,rcc_slab,0.25,eps,0.1,east,1.2,0.6,0.65,3.5,33.372,35.669,0.1369,17.145
Hyderabad,17.385,78.4867,warm_humid,3.0,3.0,2.6,135.0,gi_sheet,0.002,puf_sandwich_panel,0.15,eps,0.05,east,0.6,1.2,0.55,3.5,34.663,40.575,0.3095,17.277
Hyderabad,17.385,78.4867,warm_humid,3.0,3.0,2.6,135.0,concrete,0.1,gi_sheet,0.002,eps,0.05,north,1.8,1.2,0.45,3.5,35.884,39.552,0.0595,17.14
Hyderabad,17.385,78.4867,warm_humid,3.0,3.0,2.6,135.0,rammed_earth,0.15,brick,0.115,eps,0.1,east,0.6,0.9,0.35,5.8,33.198,35.082,0.1429,17.123
Hyderabad,17.385,78.4867,warm_humid,3.0,3.0,2.6,135.0,concrete,0.3,rcc_slab,0.1,eps,0.025,east,0.9,1.2,0.55,5.8,35.328,38.211,0.0833,17.102
Hyderabad,17.385,78.4867,warm_humid,3.0,3.0,2.6,135.0,plywood,0.019,concrete,0.15,mineral_wool,0.025,north,1.8,1.5,0.75,3.5,38.171,45.21,0.0774,17.176
Hyderabad,17.385,78.4867,warm_humid,3.0,3.0,2.6,180.0,plywood,0.03,rcc_slab,0.1,eps,0.025,south,1.8,0.9,0.75,3.5,36.523,42.898,0.1488,17.194
Hyderabad,17.385,78.4867,warm_humid,3.0,3.0,2.6,135.0,gi_sheet,0.002,concrete,0.15,none,0.0,west,0.9,1.5,0.65,3.5,40.033,53.664,0.244,13.006
Hyderabad,17.385,78.4867,warm_humid,3.0,3.0,2.6,135.0,gi_sheet,0.002,puf_sandwich_panel,0.1,mineral_wool,0.1,east,1.5,1.2,0.65,3.5,35.091,41.747,0.2798,17.266
Hyderabad,17.385,78.4867,warm_humid,3.0,3.0,2.6,45.0,brick,0.115,concrete,0.2,mineral_wool,0.025,north,0.9,1.5,0.35,3.5,36.014,39.457,0.0655,17.122
Hyderabad,17.385,78.4867,warm_humid,3.0,3.0,2.6,180.0,gi_sheet,0.002,puf_sandwich_panel,0.075,eps,0.1,south,1.8,1.5,0.45,3.5,34.884,40.753,0.2917,17.278
Hyderabad,17.385,78.4867,warm_humid,3.0,3.0,2.6,90.0,gi_sheet,0.002,concrete,0.2,eps,0.1,north,1.2,1.2,0.75,2.6,35.365,38.902,0.0655,17.159
Hyderabad,17.385,78.4867,warm_humid,3.0,3.0,2.6,135.0,gi_sheet,0.002,gi_sheet,0.002,mineral_wool,0.05,north,0.9,0.6,0.85,5.8,35.564,42.032,0.256,17.265
Hyderabad,17.385,78.4867,warm_humid,3.0,3.0,2.6,180.0,gi_sheet,0.002,gi_sheet,0.002,mineral_wool,0.025,south,1.5,1.2,0.45,3.5,36.654,45.373,0.2738,16.647
Hyderabad,17.385,78.4867,warm_humid,3.0,3.0,2.6,0.0,plywood,0.019,gi_sheet,0.002,eps,0.025,south,1.5,0.9,0.35,2.6,36.162,44.766,0.2917,17.284
Hyderabad,17.385,78.4867,warm_humid,3.0,3.0,2.6,90.0,brick,0.23,concrete,0.1,mineral_wool,0.025,north,1.5,0.6,0.35,5.8,35.342,38.177,0.0774,17.111
Hyderabad,17.385,78.4867,warm_humid,3.0,3.0,2.6,0.0,gi_sheet,0.002,puf_sandwich_panel,0.05,mineral_wool,0.1,south,1.5,0.9,0.65,3.5,34.559,40.487,0.2976,17.266
Hyderabad,17.385,78.4867,warm_humid,3.0,3.0,2.6,0.0,gi_sheet,0.002,rcc_slab,0.25,mineral_wool,0.1,south,1.8,1.2,0.75,5.8,35.338,39.151,0.0655,17.147
Hyderabad,17.385,78.4867,warm_humid,3.0,3.0,2.6,90.0,gi_sheet,0.002,puf_sandwich_panel,0.15,mineral_wool,0.05,north,1.8,1.2,0.65,2.6,36.239,42.959,0.2619,17.273
Hyderabad,17.385,78.4867,warm_humid,3.0,3.0,2.6,180.0,brick,0.345,puf_sandwich_panel,0.075,mineral_wool,0.1,west,0.6,1.2,0.75,3.5,32.941,34.734,0.2202,17.104
Hyderabad,17.385,78.4867,warm_humid,3.0,3.0,2.6,90.0,brick,0.345,brick,0.23,eps,0.1,north,0.9,1.2,0.75,2.6,33.441,35.587,0.2083,17.101
Hyderabad,17.385,78.4867,warm_humid,3.0,3.0,2.6,0.0,brick,0.345,rcc_slab,0.15,eps,0.1,east,1.8,1.2,0.45,3.5,33.895,36.187,0.1667,17.102
Hyderabad,17.385,78.4867,warm_humid,3.0,3.0,2.6,135.0,rammed_earth,0.3,rcc_slab,0.15,mineral_wool,0.05,west,0.6,0.9,0.75,2.6,33.774,35.909,0.1548,17.105
Hyderabad,17.385,78.4867,warm_humid,3.0,3.0,2.6,180.0,gi_sheet,0.002,gi_sheet,0.002,eps,0.025,south,1.5,1.5,0.45,5.8,36.753,45.691,0.2679,16.474
Hyderabad,17.385,78.4867,warm_humid,3.0,3.0,2.6,90.0,puf_sandwich_panel,0.075,rcc_slab,0.2,mineral_wool,0.1,north,1.8,1.5,0.75,3.5,36.446,40.667,0.0536,17.162
Hyderabad,17.385,78.4867,warm_humid,3.0,3.0,2.6,0.0,plywood,0.05,brick,0.23,mineral_wool,0.1,south,1.2,1.2,0.55,2.6,33.954,36.835,0.1131,17.155
Hyderabad,17.385,78.4867,warm_humid,3.0,3.0,2.6,180.0,gi_sheet,0.002,puf_sandwich_panel,0.05,eps,0.1,south,1.2,1.5,0.85,3.5,35.196,41.294,0.2738,17.278
Hyderabad,17.385,78.4867,warm_humid,3.0,3.0,2.6,135.0,concrete,0.3,rcc_slab,0.15,eps,0.025,east,0.9,1.5,0.75,5.8,35.592,38.625,0.0833,17.101
Hyderabad,17.385,78.4867,warm_humid,3.0,3.0,2.6,90.0,gi_sheet,0.002,concrete,0.2,none,0.0,east,1.8,1.5,0.85,2.6,40.011,52.864,0.2202,13.559
Hyderabad,17.385,78.4867,warm_humid,3.0,3.0,2.6,180.0,concrete,0.1,brick,0.23,mineral_wool,0.05,north,0.6,1.2,0.35,3.5,34.66,37.247,0.0774,17.121
Hyderabad,17.385,78.4867,warm_humid,3.0,3.0,2.6,45.0,rammed_earth,0.3,puf_sandwich_panel,0.05,mineral_wool,0.05,east,1.5,1.2,0.75,3.5,34.812,37.322,0.0774,17.11
Hyderabad,17.385,78.4867,warm_humid,3.0,3.0,2.6,45.0,plywood,0.03,brick,0.115,mineral_wool,0.05,west,1.5,1.2,0.65,3.5,35.557,41.056,0.1667,17.194
Hyderabad,17.385,78.4867,warm_humid,3.0,3.0,2.6,0.0,concrete,0.3,rcc_slab,0.2,eps,0.05,south,1.8,1.5,0.55,5.8,34.758,37.306,0.0893,17.101
Hyderabad,17.385,78.4867,warm_humid,3.0,3.0,2.6,90.0,concrete,0.2,brick,0.115,mineral_wool,0.025,south,1.8,1.5,0.55,5.8,36.409,39.959,0.0714,17.111
Hyderabad,17.385,78.4867,warm_humid,3.0,3.0,2.6,135.0,rammed_earth,0.3,gi_sheet,0.002,eps,0.05,north,1.2,0.6,0.55,2.6,33.918,36.068,0.119,17.109
Hyderabad,17.385,78.4867,warm_humid,3.0,3.0,2.6,90.0,gi_sheet,0.002,rcc_slab,0.25,mineral_wool,0.1,east,0.6,0.6,0.45,3.5,33.491,35.955,0.1429,17.147
Hyderabad,17.385,78.4867,warm_humid,3.0,3.0,2.6,45.0,plywood,0.019,puf_sandwich_panel,0.15,mineral_wool,0.025,west,1.2,0.6,0.65,3.5,35.084,42.104,0.3036,17.288
Hyderabad,17.385,78.4867,warm_humid,3.0,3.0,2.6,180.0,rammed_earth,0.3,concrete,0.2,mineral_wool,0.025,east,0.6,0.9,0.35,5.8,34.477,36.939,0.1012,17.104
Hyderabad,17.385,78.4867,warm_humid,3.0,3.0,2.6,0.0,plywood,0.05,gi_sheet,0.002,mineral_wool,0.05,west,1.5,0.6,0.45,2.6,34.599,40.191,0.2798,17.246
Hyderabad,17.385,78.4867,warm_humid,3.0,3.0,2.6,0.0,puf_sandwich_panel,0.05,concrete,0.2,eps,0.05,north,1.5,1.5,0.35,5.8,33.991,37.127,0.1548,17.165
Hyderabad,17.385,78.4867,warm_humid,3.0,3.0,2.6,45.0,rammed_earth,0.15,brick,0.23,mineral_wool,0.1,north,1.8,0.6,0.55,2.6,33.669,35.704,0.125,17.117
Hyderabad,17.385,78.4867,warm_humid,3.0,3.0,2.6,90.0,concrete,0.3,gi_sheet,0.002,mineral_wool,0.1,south,1.8,0.9,0.85,3.5,34.022,36.369,0.1369,17.104
Hyderabad,17.385,78.4867,warm_humid,3.0,3.0,2.6,0.0,rammed_earth,0.3,puf_sandwich_panel,0.05,mineral_wool,0.05,south,1.2,0.9,0.45,3.5,33.316,35.164,0.1667,17.109
Hyderabad,17.385,78.4867,warm_humid,3.0,3.0,2.6,90.0,brick,0.23,brick,0.23,eps,0.1,south,1.8,1.2,0.55,2.6,34.057,36.383,0.1131,17.108
Hyderabad,17.385,78.4867,warm_humid,3.0,3.0,2.6,90.0,brick,0.345,gi_sheet,0.002,mineral_wool,0.05,east,1.8,0.6,0.55,2.6,33.783,35.877,0.1488,17.104
Hyderabad,17.385,78.4867,warm_humid,3.0,3.0,2.6,45.0,puf_sandwich_panel,0.075,rcc_slab,0.1,mineral_wool,0.1,south,0.6,1.2,0.45,3.5,32.768,35.465,0.3512,17.198
Hyderabad,17.385,78.4867,warm_humid,3.0,3.0,2.6,0.0,plywood,0.03,rcc_slab,0.2,eps,0.1,south,1.5,0.9,0.55,5.8,34.035,37.072,0.125,17.159
Hyderabad,17.385,78.4867,warm_humid,3.0,3.0,2.6,90.0,gi_sheet,0.002,brick,0.115,eps,0.05,south,0.9,0.9,0.65,2.6,35.223,40.422,0.1964,17.196
Hyderabad,17.385,78.4867,warm_humid,3.0,3.0,2.6,45.0,plywood,0.03,gi_sheet,0.002,none,0.0,north,1.5,1.5,0.35,2.6,40.088,56.072,0.2976,13.626
Hyderabad,17.385,78.4867,warm_humid,3.0,3.0,2.6,90.0,concrete,0.15,puf_sandwich_panel,0.1,mineral_wool,0.1,north,1.5,1.2,0.85,2.6,35.406,38.241,0.0655,17.123
Hyderabad,17.385,78.4867,warm_humid,3.0,3.0,2.6,45.0,rammed_earth,0.3,brick,0.115,mineral_wool,0.025,south,0.9,0.9,0.35,5.8,34.747,37.341,0.0833,17.106
Hyderabad,17.385,78.4867,warm_humid,3.0,3.0,2.6,180.0,plywood,0.012,puf_sandwich_panel,0.15,mineral_wool,0.05,north,0.9,1.5,0.75,3.5,35.144,41.654,0.2976,17.293
Hyderabad,17.385,78.4867,warm_humid,3.0,3.0,2.6,45.0,puf_sandwich_panel,0.075,gi_sheet,0.002,mineral_wool,0.025,west,0.6,0.9,0.45,2.6,34.28,40.248,0.3393,17.3
Hyderabad,17.385,78.4867,warm_humid,3.0,3.0,2.6,45.0,brick,0.345,gi_sheet,0.002,eps,0.025,south,1.5,0.9,0.55,2.6,35.123,37.917,0.0833,17.104
Hyderabad,17.385,78.4867,warm_humid,3.0,3.0,2.6,135.0,plywood,0.019,brick,0.115,eps,0.05,east,0.6,0.6,0.85,5.8,34.931,39.542,0.2024,17.2
Hyderabad,17.385,78.4867,warm_humid,3.0,3.0,2.6,180.0,plywood,0.05,rcc_slab,0.15,eps,0.1,south,0.6,1.5,0.75,5.8,33.713,36.538,0.1667,17.167
Hyderabad,17.385,78.4867,warm_humid,3.0,3.0,2.6,90.0,gi_sheet,0.002,puf_sandwich_panel,0.075,mineral_wool,0.025,west,1.8,1.5,0.55,5.8,35.945,43.999,0.2857,16.823
Hyderabad,17.385,78.4867,warm_humid,3.0,3.0,2.6,90.0,rammed_earth,0.45,brick,0.115,mineral_wool,0.025,east,0.9,0.6,0.35,5.8,33.906,36.191,0.1905,17.099
Hyderabad,17.385,78.4867,warm_humid,3.0,3.0,2.6,90.0,rammed_earth,0.45,puf_sandwich_panel,0.15,mineral_wool,0.1,north,1.8,0.6,0.85,3.5,33.074,35.056,0.2202,17.1
Hyderabad,17.385,78.4867,warm_humid,3.0,3.0,2.6,135.0,puf_sandwich_panel,0.15,puf_sandwich_panel,0.15,mineral_wool,0.05,south,1.8,1.5,0.45,2.6,33.678,39.137,0.3631,17.296
Hyderabad,17.385,78.4867,warm_humid,3.0,3.0,2.6,135.0,brick,0.23,concrete,0.1,none,0.0,west,0.9,0.9,0.45,2.6,39.282,44.752,0.0595,17.111
Hyderabad,17.385,78.4867,warm_humid,3.0,3.0,2.6,180.0,rammed_earth,0.3,concrete,0.1,mineral_wool,0.05,east,0.9,1.2,0.35,3.5,33.791,35.931,0.1369,17.106
Hyderabad,17.385,78.4867,warm_humid,3.0,3.0,2.6,180.0,plywood,0.019,puf_sandwich_panel,0.1,mineral_wool,0.1,east,0.6,1.5,0.75,2.6,34.124,39.461,0.3095,17.275
Hyderabad,17.385,78.4867,warm_humid,3.0,3.0,2.6,45.0,rammed_earth,0.45,puf_sandwich_panel,0.075,mineral_wool,0.1,east,0.6,0.6,0.85,3.5,32.058,33.463,0.4048,17.1
Hyderabad,17.385,78.4867,warm_humid,3.0,3.0,2.6,0.0,plywood,0.03,brick,0.23,eps,0.025,north,1.2,1.2,0.55,3.5,35.825,40.52,0.0833,17.161
Hyderabad,17.385,78.4867,warm_humid,3.0,3.0,2.6,90.0,concrete,0.1,rcc_slab,0.25,eps,0.05,south,1.8,0.9,0.35,5.8,34.735,37.46,0.0774,17.118
Hyderabad,17.385,78.4867,warm_humid,3.0,3.0,2.6,45.0,concrete,0.1,brick,0.23,mineral_wool,0.1,south,1.2,1.2,0.35,2.6,33.858,36.148,0.1071,17.121
Hyderabad,17.385,78.4867,warm_humid,3.0,3.0,2.6,135.0,puf_sandwich_panel,0.05,gi_sheet,0.002,mineral_wool,0.05,north,1.8,0.9,0.65,3.5,35.229,41.337,0.2798,17.297
Hyderabad,17.385,78.4867,warm_humid,3.0,3.0,2.6,135.0,plywood,0.05,brick,0.23,mineral_wool,0.025,south,0.6,1.5,0.45,3.5,35.432,39.545,0.0714,17.157
Hyderabad,17.385,78.4867,warm_humid,3.0,3.0,2.6,135.0,rammed_earth,0.45,concrete,0.1,mineral_wool,0.1,east,1.2,1.2,0.45,5.8,32.786,34.586,0.25,17.099
Hyderabad,17.385,78.4867,warm_humid,3.0,3.0,2.6,45.0,rammed_earth,0.3,gi_sheet,0.002,none,0.0,south,1.2,1.5,0.85,5.8,39.541,45.333,0.0595,17.11
Hyderabad,17.385,78.4867,warm_humid,3.0,3.0,2.6,45.0,rammed_earth,0.3,concrete,0.15,none,0.0,west,0.6,1.5,0.35,5.8,38.165,42.604,0.0655,17.105
Hyderabad,17.385,78.4867,warm_humid,3.0,3.0,2.6,135.0,plywood,0.019,gi_sheet,0.002,eps,0.1,north,1.5,0.6,0.75,2.6,34.673,39.846,0.2917,17.28
Hyderabad,17.385,78.4867,warm_humid,3.0,3.0,2.6,45.0,brick,0.345,puf_sandwich_panel,0.05,mineral_wool,0.1,north,0.9,0.9,0.85,5.8,32.982,34.788,0.2202,17.104
Hyderabad,17.385,78.4867,warm_humid,3.0,3.0,2.6,180.0,brick,0.115,gi_sheet,0.002,mineral_wool,0.1,west,0.6,1.5,0.45,5.8,34.098,36.512,0.0893,17.138
Hyderabad,17.385,78.4867,warm_humid,3.0,3.0,2.6,135.0,concrete,0.3,brick,0.23,mineral_wool,0.025,east,1.2,1.5,0.55,2.6,35.378,38.302,0.0833,17.1
Hyderabad,17.385,78.4867,warm_humid,3.0,3.0,2.6,45.0,gi_sheet,0.002,concrete,0.1,mineral_wool,0.05,south,0.6,1.2,0.55,3.5,35.169,40.219,0.1905,17.192
Hyderabad,17.385,78.4867,warm_humid,3.0,3.0,2.6,45.0,rammed_earth,0.3,rcc_slab,0.15,eps,0.1,east,1.2,0.6,0.35,2.6,32.687,34.305,0.244,17.105
Hyderabad,17.385,78.4867,warm_humid,3.0,3.0,2.6,90.0,rammed_earth,0.45,brick,0.23,mineral_wool,0.1,south,1.8,0.9,0.35,5.8,32.596,34.322,0.2798,17.098
Hyderabad,17.385,78.4867,warm_humid,3.0,3.0,2.6,0.0,brick,0.23,rcc_slab,0.15,mineral_wool,0.05,south,0.6,0.6,0.35,2.6,33.723,35.806,0.1369,17.108
Hyderabad,17.385,78.4867,warm_humid,3.0,3.0,2.6,0.0,puf_sandwich_panel,0.075,brick,0.23,eps,0.1,east,1.2,1.5,0.75,2.6,35.173,38.59,0.0655,17.166
Hyderabad,17.385,78.4867,warm_humid,3.0,3.0,2.6,45.0,puf_sandwich_panel,0.05,brick,0.115,none,0.0,east,0.9,0.6,0.45,3.5,37.895,46.704,0.1488,17.208
Hyderabad,17.385,78.4867,warm_humid,3.0,3.0,2.6,0.0,concrete,0.2,gi_sheet,0.002,mineral_wool,0.1,west,1.5,0.6,0.55,2.6,33.484,35.511,0.1488,17.113
Hyderabad,17.385,78.4867,warm_humid,3.0,3.0,2.6,135.0,concrete,0.2,gi_sheet,0.002,eps,0.1,east,1.8,1.5,0.35,2.6,34.238,36.614,0.0952,17.115
Hyderabad,17.385,78.4867,warm_humid,3.0,3.0,2.6,45.0,plywood,0.05,gi_sheet,0.002,none,0.0,north,1.2,0.9,0.55,2.6,40.011,55.323,0.2619,14.519
Hyderabad,17.385,78.4867,warm_humid,3.0,3.0,2.6,180.0,concrete,0.1,brick,0.23,eps,0.05,west,0.9,1.2,0.75,3.5,35.663,38.688,0.0655,17.121
Hyderabad,17.385,78.4867,warm_humid,3.0,3.0,2.6,45.0,gi_sheet,0.002,concrete,0.15,eps,0.025,west,1.2,1.5,0.75,3.5,36.985,43.879,0.119,17.174
Hyderabad,17.385,78.4867,warm_humid,3.0,3.0,2.6,90.0,rammed_earth,0.45,puf_sandwich_panel,0.15,eps,0.05,east,1.2,0.9,0.85,2.6,33.02,34.79,0.2202,17.1
Hyderabad,17.385,78.4867,warm_humid,3.0,3.0,2.6,135.0,concrete,0.3,rcc_slab,0.15,mineral_wool,0.025,east,0.6,0.6,0.75,2.6,34.939,37.658,0.0893,17.1
Hyderabad,17.385,78.4867,warm_humid,3.0,3.0,2.6,0.0,concrete,0.1,brick,0.115,eps,0.025,south,1.5,1.5,0.55,3.5,36.702,41.081,0.0655,17.13
Hyderabad,17.385,78.4867,warm_humid,3.0,3.0,2.6,45.0,plywood,0.012,puf_sandwich_panel,0.1,eps,0.05,south,0.9,0.9,0.85,2.6,34.792,41.828,0.3155,17.301
Hyderabad,17.385,78.4867,warm_humid,3.0,3.0,2.6,90.0,puf_sandwich_panel,0.075,rcc_slab,0.2,eps,0.05,west,0.9,1.5,0.75,5.8,33.989,36.983,0.131,17.164
Hyderabad,17.385,78.4867,warm_humid,3.0,3.0,2.6,45.0,brick,0.23,brick,0.23,mineral_wool,0.025,east,0.9,1.2,0.35,5.8,35.157,37.907,0.0774,17.108
Hyderabad,17.385,78.4867,warm_humid,3.0,3.0,2.6,45.0,concrete,0.3,brick,0.115,mineral_wool,0.1,north,1.5,0.9,0.65,2.6,33.625,35.781,0.2083,17.102
Hyderabad,17.385,78.4867,warm_humid,3.0,3.0,2.6,135.0,concrete,0.2,rcc_slab,0.1,eps,0.025,north,1.2,1.5,0.75,3.5,36.841,40.381,0.0655,17.11
Hyderabad,17.385,78.4867,warm_humid,3.0,3.0,2.6,135.0,gi_sheet,0.002,brick,0.115,eps,0.025,east,1.2,0.9,0.75,2.6,36.909,44.363,0.1667,17.196
Hyderabad,17.385,78.4867,warm_humid,3.0,3.0,2.6,135.0,plywood,0.03,concrete,0.1,mineral_wool,0.05,east,0.9,1.2,0.75,3.5,35.374,40.39,0.1488,17.191
Hyderabad,17.385,78.4867,warm_humid,3.0,3.0,2.6,180.0,plywood,0.05,gi_sheet,0.002,mineral_wool,0.05,north,0.6,1.2,0.65,2.6,34.668,39.943,0.2738,17.245
Hyderabad,17.385,78.4867,warm_humid,3.0,3.0,2.6,180.0,concrete,0.3,gi_sheet,0.002,mineral_wool,0.1,south,0.9,1.5,0.55,3.5,33.263,35.115,0.2143,17.103
Hyderabad,17.385,78.4867,warm_humid,3.0,3.0,2.6,90.0,rammed_earth,0.15,gi_sheet,0.002,eps,0.05,south,1.2,1.5,0.35,2.6,34.648,37.67,0.0714,17.133
Hyderabad,17.385,78.4867,warm_humid,3.0,3.0,2.6,90.0,plywood,0.03,puf_sandwich_panel,0.15,mineral_wool,0.025,south,0.6,0.6,0.45,3.5,34.436,40.135,0.3095,17.274
Hyderabad,17.385,78.4867,warm_humid,3.0,3.0,2.6,180.0,gi_sheet,0.002,rcc_slab,0.15,mineral_wool,0.05,east,0.6,1.5,0.65,5.8,35.524,40.131,0.1131,17.172
Hyderabad,17.385,78.4867,warm_humid,3.0,3.0,2.6,90.0,gi_sheet,0.002,rcc_slab,0.25,eps,0.05,west,1.2,0.9,0.75,5.8,35.032,38.679,0.0655,17.149
Hyderabad,17.385,78.4867,warm_humid,3.0,3.0,2.6,180.0,puf_sandwich_panel,0.05,brick,0.115,mineral_wool,0.1,north,1.8,1.2,0.35,2.6,33.655,37.156,0.2738,17.201
Hyderabad,17.385,78.4867,warm_humid,3.0,3.0,2.6,0.0,brick,0.345,gi_sheet,0.002,mineral_wool,0.025,east,0.9,0.6,0.75,5.8,34.88,37.52,0.0833,17.104
Hyderabad,17.385,78.4867,warm_humid,3.0,3.0,2.6,45.0,puf_sandwich_panel,0.075,puf_sandwich_panel,0.05,eps,0.1,south,0.9,1.5,0.55,5.8,33.271,38.217,0.3929,17.31
Hyderabad,17.385,78.4867,warm_humid,3.0,3.0,2.6,180.0,gi_sheet,0.002,brick,0.23,eps,0.05,west,1.2,0.6,0.35,5.8,35.159,38.928,0.0774,17.161
Hyderabad,17.385,78.4867,warm_humid,3.0,3.0,2.6,90.0,brick,0.23,concrete,0.1,eps,0.05,north,1.2,0.9,0.45,3.5,34.42,36.791,0.0952,17.111
Hyderabad,17.385,78.4867,warm_humid,3.0,3.0,2.6,45.0,puf_sandwich_panel,0.075,concrete,0.1,mineral_wool,0.025,west,1.5,1.2,0.55,2.6,35.241,40.522,0.1905,17.203
Hyderabad,17.385,78.4867,warm_humid,3.0,3.0,2.6,180.0,brick,0.345,brick,0.23,mineral_wool,0.025,west,1.5,1.2,0.45,3.5,35.146,37.97,0.0833,17.101
Hyderabad,17.385,78.4867,warm_humid,3.0,3.0,2.6,0.0,plywood,0.03,concrete,0.1,eps,0.025,east,0.6,0.9,0.45,2.6,35.967,41.693,0.1607,17.194
Hyderabad,17.385,78.4867,warm_humid,3.0,3.0,2.6,90.0,rammed_earth,0.3,rcc_slab,0.15,eps,0.025,east,1.2,0.6,0.75,2.6,34.818,37.394,0.0833,17.105
Hyderabad,17.385,78.4867,warm_humid,3.0,3.0,2.6,90.0,brick,0.345,brick,0.23,eps,0.1,south,1.5,0.6,0.75,3.5,32.917,34.779,0.2262,17.101
Hyderabad,17.385,78.4867,warm_humid,3.0,3.0,2.6,45.0,plywood,0.019,brick,0.23,none,0.0,east,1.8,1.5,0.45,3.5,39.123,48.922,0.1488,16.213
Hyderabad,17.385,78.4867,warm_humid,3.0,3.0,2.6,45.0,concrete,0.1,gi_sheet,0.002,eps,0.05,north,1.2,1.2,0.55,5.8,35.443,38.896,0.0655,17.139
Hyderabad,17.385,78.4867,warm_humid,3.0,3.0,2.6,45.0,concrete,0.1,rcc_slab,0.2,mineral_wool,0.1,east,1.5,1.5,0.65,2.6,35.452,38.335,0.0714,17.121
Hyderabad,17.385,78.4867,warm_humid,3.0,3.0,2.6,180.0,gi_sheet,0.002,concrete,0.15,mineral_wool,0.1,south,1.8,0.9,0.85,3.5,35.122,39.058,0.0952,17.17
Hyderabad,17.385,78.4867,warm_humid,3.0,3.0,2.6,135.0,puf_sandwich_panel,0.075,concrete,0.2,eps,0.05,south,1.5,1.5,0.35,2.6,34.022,37.255,0.1548,17.164
Hyderabad,17.385,78.4867,warm_humid,3.0,3.0,2.6,45.0,gi_sheet,0.002,gi_sheet,0.002,none,0.0,south,1.5,0.9,0.65,2.6,40.276,56.741,0.2976,11.964
Hyderabad,17.385,78.4867,warm_humid,3.0,3.0,2.6,180.0,concrete,0.3,puf_sandwich_panel,0.15,mineral_wool,0.025,east,0.6,1.5,0.65,3.5,34.276,36.618,0.1131,17.103
Hyderabad,17.385,78.4867,warm_humid,3.0,3.0,2.6,180.0,concrete,0.2,puf_sandwich_panel,0.1,mineral_wool,0.05,west,0.9,1.2,0.35,2.6,34.025,36.17,0.1071,17.113
Hyderabad,17.385,78.4867,warm_humid,3.0,3.0,2.6,180.0,rammed_earth,0.45,brick,0.115,mineral_wool,0.025,east,0.6,0.9,0.85,5.8,34.206,36.713,0.1488,17.099
Hyderabad,17.385,78.4867,warm_humid,3.0,3.0,2.6,0.0,rammed_earth,0.15,brick,0.115,mineral_wool,0.1,east,1.8,0.6,0.75,2.6,34.395,36.81,0.0833,17.123
Hyderabad,17.385,78.4867,warm_humid,3.0,3.0,2.6,90.0,rammed_earth,0.45,concrete,0.1,mineral_wool,0.025,west,0.9,1.5,0.75,5.8,34.521,37.026,0.119,17.099
Hyderabad,17.385,78.4867,warm_humid,3.0,3.0,2.6,135.0,rammed_earth,0.3,rcc_slab,0.1,mineral_wool,0.1,west,0.9,0.9,0.65,2.6,33.113,34.93,0.2143,17.106
Hyderabad,17.385,78.4867,warm_humid,3.0,3.0,2.6,0.0,concrete,0.15,brick,0.115,none,0.0,north,0.6,0.6,0.35,2.6,39.166,45.683,0.0595,17.116
Hyderabad,17.385,78.4867,warm_humid,3.0,3.0,2.6,45.0,concrete,0.1,rcc_slab,0.15,mineral_wool,0.1,south,1.8,0.6,0.35,2.6,33.725,35.972,0.1071,17.123
Hyderabad,17.385,78.4867,warm_humid,3.0,3.0,2.6,180.0,plywood,0.05,rcc_slab,0.2,eps,0.05,west,1.5,1.5,0.35,2.6,35.343,38.97,0.0655,17.156
Hyderabad,17.385,78.4867,warm_humid,3.0,3.0,2.6,180.0,rammed_earth,0.3,concrete,0.2,eps,0.1,west,1.2,1.2,0.75,2.6,34.131,36.542,0.1369,17.104
Hyderabad,17.385,78.4867,warm_humid,3.0,3.0,2.6,90.0,gi_sheet,0.002,rcc_slab,0.15,mineral_wool,0.05,south,0.6,0.6,0.45,2.6,34.696,38.708,0.1429,17.172
Hyderabad,17.385,78.4867,warm_humid,3.0,3.0,2.6,0.0,gi_sheet,0.002,puf_sandwich_panel,0.05,mineral_wool,0.05,west,0.6,0.6,0.45,3.5,34.411,40.456,0.3214,17.273
Hyderabad,17.385,78.4867,warm_humid,3.0,3.0,2.6,135.0,puf_sandwich_panel,0.1,puf_sandwich_panel,0.15,mineral_wool,0.05,east,1.8,1.5,0.45,2.6,34.04,40.237,0.3512,17.301
Hyderabad,17.385,78.4867,warm_humid,3.0,3.0,2.6,135.0,brick,0.345,concrete,0.2,none,0.0,west,1.5,1.5,0.65,3.5,38.57,43.051,0.0655,17.101
Hyderabad,17.385,78.4867,warm_humid,3.0,3.0,2.6,135.0,rammed_earth,0.45,concrete,0.15,eps,0.05,east,1.8,0.6,0.35,3.5,33.197,35.203,0.2202,17.098
Hyderabad,17.385,78.4867,warm_humid,3.0,3.0,2.6,135.0,gi_sheet,0.002,puf_sandwich_panel,0.1,eps,0.1,north,1.8,1.5,0.85,5.8,37.267,45.128,0.2381,17.278
Hyderabad,17.385,78.4867,warm_humid,3.0,3.0,2.6,0.0,gi_sheet,0.002,gi_sheet,0.002,mineral_wool,0.1,south,1.2,0.6,0.55,3.5,34.179,39.462,0.3155,17.258
Hyderabad,17.385,78.4867,warm_humid,3.0,3.0,2.6,0.0,brick,0.23,concrete,0.2,none,0.0,east,0.6,0.6,0.35,5.8,38.379,42.976,0.0655,17.107
Hyderabad,17.385,78.4867,warm_humid,3.0,3.0,2.6,45.0,puf_sandwich_panel,0.075,concrete,0.1,mineral_wool,0.025,north,0.9,0.6,0.85,3.5,34.787,39.118,0.1845,17.203
Hyderabad,17.385,78.4867,warm_humid,3.0,3.0,2.6,135.0,rammed_earth,0.15,rcc_slab,0.1,mineral_wool,0.025,west,1.2,0.6,0.35,2.6,35.609,38.838,0.0714,17.123
Hyderabad,17.385,78.4867,warm_humid,3.0,3.0,2.6,0.0,gi_sheet,0.002,puf_sandwich_panel,0.05,eps,0.1,east,0.9,0.9,0.35,5.8,34.019,39.161,0.3155,17.277
Hyderabad,17.385,78.4867,warm_humid,3.0,3.0,2.6,180.0,brick,0.345,puf_sandwich_panel,0.15,mineral_wool,0.05,south,0.9,1.5,0.35,5.8,33.024,34.752,0.2143,17.104
Hyderabad,17.385,78.4867,warm_humid,3.0,3.0,2.6,45.0,gi_sheet,0.002,gi_sheet,0.002,eps,0.025,south,1.8,1.2,0.65,3.5,37.262,48.405,0.2738,16.557
Hyderabad,17.385,78.4867,warm_humid,3.0,3.0,2.6,135.0,concrete,0.1,gi_sheet,0.002,eps,0.025,south,1.2,0.6,0.85,5.8,36.415,40.771,0.0595,17.138
Hyderabad,17.385,78.4867,warm_humid,3.0,3.0,2.6,0.0,gi_sheet,0.002,concrete,0.15,eps,0.1,north,1.5,0.9,0.85,5.8,34.7,38.695,0.1369,17.173
Hyderabad,17.385,78.4867,warm_humid,3.0,3.0,2.6,0.0,rammed_earth,0.15,puf_sandwich_panel,0.15,eps,0.1,east,0.6,0.6,0.75,2.6,32.972,34.796,0.1488,17.131
Hyderabad,17.385,78.4867,warm_humid,3.0,3.0,2.6,45.0,brick,0.115,puf_sandwich_panel,0.075,mineral_wool,0.1,north,0.9,0.9,0.75,2.6,33.815,36.151,0.1012,17.139
Hyderabad,17.385,78.4867,warm_humid,3.0,3.0,2.6,180.0,rammed_earth,0.45,brick,0.115,eps,0.05,west,0.6,0.6,0.65,2.6,33.105,35.088,0.2202,17.099
Hyderabad,17.385,78.4867,warm_humid,3.0,3.0,2.6,90.0,gi_sheet,0.002,gi_sheet,0.002,none,0.0,west,0.9,1.2,0.55,2.6,39.973,56.217,0.2976,11.963
Hyderabad,17.385,78.4867,warm_humid,3.0,3.0,2.6,180.0,brick,0.345,gi_sheet,0.002,eps,0.05,west,1.2,1.2,0.55,2.6,34.48,36.952,0.1071,17.105
Hyderabad,17.385,78.4867,warm_humid,3.0,3.0,2.6,0.0,brick,0.115,concrete,0.1,mineral_wool,0.1,north,1.5,1.5,0.85,3.5,34.967,37.942,0.0714,17.13
Hyderabad,17.385,78.4867,warm_humid,3.0,3.0,2.6,90.0,concrete,0.1,gi_sheet,0.002,none,0.0,west,1.2,1.5,0.85,2.6,40.4,51.725,0.131,15.195
Hyderabad,17.385,78.4867,warm_humid,3.0,3.0,2.6,135.0,rammed_earth,0.45,brick,0.115,mineral_wool,0.05,south,1.5,0.6,0.55,5.8,33.287,35.339,0.2143,17.099
Hyderabad,17.385,78.4867,warm_humid,3.0,3.0,2.6,180.0,plywood,0.012,rcc_slab,0.1,mineral_wool,0.05,east,1.5,0.9,0.75,3.5,35.914,41.916,0.1548,17.199
Hyderabad,17.385,78.4867,warm_humid,3.0,3.0,2.6,180.0,plywood,0.012,brick,0.115,eps,0.1,south,1.5,1.5,0.85,3.5,35.489,40.506,0.1667,17.202
Hyderabad,17.385,78.4867,warm_humid,3.0,3.0,2.6,90.0,rammed_earth,0.15,gi_sheet,0.002,eps,0.1,west,1.2,0.9,0.65,5.8,33.525,35.712,0.119,17.131
Hyderabad,17.385,78.4867,warm_humid,3.0,3.0,2.6,135.0,puf_sandwich_panel,0.05,puf_sandwich_panel,0.075,mineral_wool,0.025,north,1.8,1.5,0.55,2.6,35.492,41.78,0.2917,17.315
Hyderabad,17.385,78.4867,warm_humid,3.0,3.0,2.6,180.0,brick,0.23,concrete,0.2,eps,0.05,west,1.5,0.9,0.45,3.5,34.577,37.029,0.0833,17.108
Hyderabad,17.385,78.4867,warm_humid,3.0,3.0,2.6,90.0,plywood,0.019,puf_sandwich_panel,0.05,eps,0.1,east,0.9,0.9,0.45,3.5,33.452,37.974,0.3571,17.289
Hyderabad,17.385,78.4867,warm_humid,3.0,3.0,2.6,90.0,rammed_earth,0.15,puf_sandwich_panel,0.075,mineral_wool,0.025,west,0.6,0.6,0.65,2.6,34.275,36.957,0.0893,17.131
Hyderabad,17.385,78.4867,warm_humid,3.0,3.0,2.6,180.0,concrete,0.1,rcc_slab,0.15,mineral_wool,0.05,east,0.9,1.2,0.75,5.8,35.402,38.526,0.0714,17.124
Hyderabad,17.385,78.4867,warm_humid,3.0,3.0,2.6,90.0,brick,0.115,gi_sheet,0.002,mineral_wool,0.025,west,1.8,0.9,0.65,5.8,36.295,40.683,0.0655,17.141
Hyderabad,17.385,78.4867,warm_humid,3.0,3.0,2.6,135.0,brick,0.345,gi_sheet,0.002,none,0.0,south,1.8,0.6,0.55,5.8,38.956,43.895,0.0655,17.104
Hyderabad,17.385,78.4867,warm_humid,3.0,3.0,2.6,135.0,concrete,0.1,brick,0.115,none,0.0,east,0.6,0.6,0.35,3.5,39.695,48.246,0.0536,16.974
Hyderabad,17.385,78.4867,warm_humid,3.0,3.0,2.6,180.0,puf_sandwich_panel,0.075,puf_sandwich_panel,0.05,eps,0.05,south,1.8,0.9,0.85,5.8,33.902,39.107,0.3393,17.314
Hyderabad,17.385,78.4867,warm_humid,3.0,3.0,2.6,45.0,plywood,0.012,brick,0.115,eps,0.05,north,1.8,1.2,0.85,2.6,37.025,43.542,0.131,17.203
Hyderabad,17.385,78.4867,warm_humid,3.0,3.0,2.6,180.0,plywood,0.03,rcc_slab,0.2,eps,0.025,west,1.5,1.5,0.55,5.8,37.122,42.466,0.0536,17.159
Hyderabad,17.385,78.4867,warm_humid,3.0,3.0,2.6,180.0,plywood,0.05,gi_sheet,0.002,eps,0.025,south,1.2,0.6,0.35,3.5,35.543,42.278,0.2738,17.251
Hyderabad,17.385,78.4867,warm_humid,3.0,3.0,2.6,135.0,puf_sandwich_panel,0.1,rcc_slab,0.2,eps,0.05,south,1.5,0.6,0.65,5.8,33.544,36.289,0.1726,17.164
Hyderabad,17.385,78.4867,warm_humid,3.0,3.0,2.6,180.0,puf_sandwich_panel,0.1,brick,0.115,mineral_wool,0.025,east,1.2,1.2,0.35,5.8,34.608,39.211,0.2143,17.205
Hyderabad,17.385,78.4867,warm_humid,3.0,3.0,2.6,90.0,brick,0.23,puf_sandwich_panel,0.1,mineral_wool,0.05,north,1.2,0.6,0.85,5.8,34.003,36.144,0.1131,17.114
Hyderabad,17.385,78.4867,warm_humid,3.0,3.0,2.6,0.0,plywood,0.05,brick,0.115,eps,0.025,north,0.9,0.9,0.55,2.6,35.643,40.851,0.1607,17.188
Hyderabad,17.385,78.4867,warm_humid,3.0,3.0,2.6,45.0,brick,0.23,rcc_slab,0.1,eps,0.1,south,1.8,1.2,0.55,5.8,34.211,36.592,0.1012,17.112
Hyderabad,17.385,78.4867,warm_humid,3.0,3.0,2.6,45.0,gi_sheet,0.002,brick,0.115,mineral_wool,0.05,west,1.8,1.2,0.85,5.8,36.447,43.377,0.1548,17.194
Hyderabad,17.385,78.4867,warm_humid,3.0,3.0,2.6,45.0,plywood,0.019,concrete,0.2,mineral_wool,0.025,east,0.6,1.2,0.35,3.5,35.948,40.658,0.0833,17.161
Hyderabad,17.385,78.4867,warm_humid,3.0,3.0,2.6,45.0,brick,0.23,gi_sheet,0.002,mineral_wool,0.1,north,0.6,1.2,0.35,2.6,33.026,34.764,0.2143,17.114
Hyderabad,17.385,78.4867,warm_humid,3.0,3.0,2.6,0.0,rammed_earth,0.45,brick,0.23,mineral_wool,0.1,south,1.2,1.5,0.65,3.5,33.148,35.052,0.2202,17.098
Hyderabad,17.385,78.4867,warm_humid,3.0,3.0,2.6,45.0,brick,0.23,rcc_slab,0.1,mineral_wool,0.025,north,1.5,1.2,0.75,3.5,36.477,39.875,0.0655,17.111
Hyderabad,17.385,78.4867,warm_humid,3.0,3.0,2.6,90.0,puf_sandwich_panel,0.15,concrete,0.15,mineral_wool,0.025,south,1.2,1.2,0.55,2.6,34.822,39.008,0.125,17.178
Hyderabad,17.385,78.4867,warm_humid,3.0,3.0,2.6,90.0,concrete,0.15,gi_sheet,0.002,eps,0.1,east,0.9,1.2,0.55,2.6,33.687,35.841,0.1131,17.122
Hyderabad,17.385,78.4867,warm_humid,3.0,3.0,2.6,135.0,rammed_earth,0.45,concrete,0.1,eps,0.05,east,1.8,0.6,0.85,5.8,33.783,36.114,0.2083,17.099
Hyderabad,17.385,78.4867,warm_humid,3.0,3.0,2.6,90.0,puf_sandwich_panel,0.1,gi_sheet,0.002,eps,0.05,east,0.9,0.6,0.55,5.8,33.25,37.606,0.3869,17.299
Hyderabad,17.385,78.4867,warm_humid,3.0,3.0,2.6,180.0,plywood,0.03,gi_sheet,0.002,mineral_wool,0.025,north,0.6,1.2,0.75,5.8,36.163,44.061,0.2679,17.268
Hyderabad,17.385,78.4867,warm_humid,3.0,3.0,2.6,180.0,brick,0.345,rcc_slab,0.15,mineral_wool,0.025,north,1.2,1.2,0.85,2.6,35.351,38.189,0.0833,17.102
Hyderabad,17.385,78.4867,warm_humid,3.0,3.0,2.6,0.0,brick,0.23,concrete,0.2,mineral_wool,0.025,south,1.5,1.2,0.55,2.6,35.618,38.554,0.0774,17.108
Hyderabad,17.385,78.4867,warm_humid,3.0,3.0,2.6,45.0,rammed_earth,0.3,rcc_slab,0.25,mineral_wool,0.025,west,0.9,1.2,0.55,2.6,34.728,37.332,0.0893,17.103
Hyderabad,17.385,78.4867,warm_humid,3.0,3.0,2.6,135.0,rammed_earth,0.3,brick,0.115,mineral_wool,0.025,east,1.2,1.5,0.45,3.5,35.29,38.157,0.0774,17.107
Hyderabad,17.385,78.4867,warm_humid,3.0,3.0,2.6,45.0,brick,0.345,puf_sandwich_panel,0.05,eps,0.1,south,1.8,1.2,0.45,2.6,33.386,35.364,0.2143,17.105
Hyderabad,17.385,78.4867,warm_humid,3.0,3.0,2.6,0.0,brick,0.345,gi_sheet,0.002,eps,0.025,south,1.2,0.6,0.45,3.5,34.63,37.139,0.0893,17.104
Hyderabad,17.385,78.4867,warm_humid,3.0,3.0,2.6,45.0,plywood,0.03,puf_sandwich_panel,0.1,mineral_wool,0.025,south,0.6,0.9,0.85,5.8,34.99,41.652,0.3036,17.275
Hyderabad,17.385,78.4867,warm_humid,3.0,3.0,2.6,135.0,brick,0.345,gi_sheet,0.002,eps,0.025,north,0.9,0.9,0.45,5.8,34.867,37.496,0.0833,17.104
Hyderabad,17.385,78.4867,warm_humid,3.0,3.0,2.6,45.0,plywood,0.012,concrete,0.2,eps,0.025,west,1.8,0.6,0.55,2.6,36.258,41.54,0.0833,17.163
Hyderabad,17.385,78.4867,warm_humid,3.0,3.0,2.6,0.0,concrete,0.1,gi_sheet,0.002,none,0.0,east,0.9,1.5,0.55,5.8,40.332,51.461,0.131,15.278
Hyderabad,17.385,78.4867,warm_humid,3.0,3.0,2.6,45.0,puf_sandwich_panel,0.075,rcc_slab,0.25,eps,0.025,east,1.5,1.5,0.75,2.6,36.54,40.706,0.0595,17.153
Hyderabad,17.385,78.4867,warm_humid,3.0,3.0,2.6,135.0,puf_sandwich_panel,0.05,brick,0.23,none,0.0,north,0.6,1.2,0.75,5.8,36.838,42.302,0.0595,17.167
Hyderabad,17.385,78.4867,warm_humid,3.0,3.0,2.6,180.0,concrete,0.1,gi_sheet,0.002,none,0.0,south,1.8,0.9,0.35,2.6,40.11,51.133,0.1369,15.191
Hyderabad,17.385,78.4867,warm_humid,3.0,3.0,2.6,135.0,brick,0.23,gi_sheet,0.002,mineral_wool,0.05,east,0.9,1.5,0.65,5.8,34.78,37.429,0.0774,17.115
Hyderabad,17.385,78.4867,warm_humid,3.0,3.0,2.6,90.0,gi_sheet,0.002,concrete,0.1,eps,0.1,north,1.5,1.5,0.65,3.5,36.152,41.179,0.1369,17.193
Hyderabad,17.385,78.4867,warm_humid,3.0,3.0,2.6,90.0,gi_sheet,0.002,rcc_slab,0.2,eps,0.05,west,1.5,1.2,0.75,3.5,35.515,39.88,0.0893,17.159
Hyderabad,17.385,78.4867,warm_humid,3.0,3.0,2.6,90.0,puf_sandwich_panel,0.15,gi_sheet,0.002,eps,0.05,west,0.6,0.6,0.55,5.8,32.865,36.677,0.4048,17.294
Hyderabad,17.385,78.4867,warm_humid,3.0,3.0,2.6,45.0,plywood,0.03,puf_sandwich_panel,0.075,mineral_wool,0.05,west,1.2,0.9,0.35,3.5,34.084,39.348,0.3274,17.272
Hyderabad,17.385,78.4867,warm_humid,3.0,3.0,2.6,45.0,gi_sheet,0.002,concrete,0.1,mineral_wool,0.1,east,1.5,0.6,0.45,5.8,34.303,38.119,0.2024,17.189
Hyderabad,17.385,78.4867,warm_humid,3.0,3.0,2.6,90.0,puf_sandwich_panel,0.15,concrete,0.1,eps,0.05,west,1.5,1.2,0.45,2.6,33.784,37.337,0.2619,17.202
Hyderabad,17.385,78.4867,warm_humid,3.0,3.0,2.6,0.0,plywood,0.019,rcc_slab,0.25,mineral_wool,0.05,north,1.8,1.5,0.55,3.5,35.438,39.445,0.0655,17.15
Hyderabad,17.385,78.4867,warm_humid,3.0,3.0,2.6,90.0,gi_sheet,0.002,rcc_slab,0.1,mineral_wool,0.1,north,1.2,1.5,0.45,2.6,35.017,39.125,0.1548,17.189
Hyderabad,17.385,78.4867,warm_humid,3.0,3.0,2.6,180.0,rammed_earth,0.3,puf_sandwich_panel,0.15,eps,0.025,south,1.8,0.9,0.65,3.5,34.144,36.36,0.1012,17.11
Hyderabad,17.385,78.4867,warm_humid,3.0,3.0,2.6,135.0,gi_sheet,0.002,concrete,0.15,mineral_wool,0.025,east,1.2,0.9,0.55,5.8,36.614,42.683,0.119,17.173
Hyderabad,17.385,78.4867,warm_humid,3.0,3.0,2.6,180.0,brick,0.115,rcc_slab,0.2,mineral_wool,0.025,west,0.9,1.5,0.65,3.5,36.701,40.394,0.0655,17.122
Hyderabad,17.385,78.4867,warm_humid,3.0,3.0,2.6,135.0,gi_sheet,0.002,rcc_slab,0.15,mineral_wool,0.1,east,1.5,0.9,0.75,5.8,35.034,39.15,0.0952,17.17
Hyderabad,17.385,78.4867,warm_humid,3.0,3.0,2.6,45.0,gi_sheet,0.002,rcc_slab,0.1,none,0.0,north,1.2,0.9,0.75,3.5,40.227,55.087,0.256,12.578
Hyderabad,17.385,78.4867,warm_humid,3.0,3.0,2.6,90.0,concrete,0.15,puf_sandwich_panel,0.15,eps,0.025,east,1.8,1.2,0.55,5.8,35.397,38.641,0.0714,17.124
Hyderabad,17.385,78.4867,warm_humid,3.0,3.0,2.6,90.0,gi_sheet,0.002,gi_sheet,0.002,mineral_wool,0.1,north,0.9,0.6,0.45,2.6,33.972,38.512,0.3095,17.258
Hyderabad,17.385,78.4867,warm_humid,3.0,3.0,2.6,90.0,rammed_earth,0.15,rcc_slab,0.15,mineral_wool,0.025,east,1.5,1.5,0.55,3.5,36.119,39.706,0.0655,17.121
Hyderabad,17.385,78.4867,warm_humid,3.0,3.0,2.6,135.0,plywood,0.012,brick,0.23,mineral_wool,0.025,south,1.5,1.5,0.55,3.5,36.667,42.471,0.0833,17.165
Hyderabad,17.385,78.4867,warm_humid,3.0,3.0,2.6,45.0,brick,0.345,rcc_slab,0.1,eps,0.025,south,1.8,1.2,0.45,5.8,35.346,38.26,0.0833,17.103
Hyderabad,17.385,78.4867,warm_humid,3.0,3.0,2.6,0.0,puf_sandwich_panel,0.05,puf_sandwich_panel,0.1,eps,0.1,west,1.5,0.6,0.35,3.5,32.509,36.287,0.4345,17.311
Hyderabad,17.385,78.4867,warm_humid,3.0,3.0,2.6,90.0,plywood,0.012,puf_sandwich_panel,0.05,mineral_wool,0.05,north,0.9,1.2,0.45,3.5,34.789,40.607,0.3036,17.296
Hyderabad,17.385,78.4867,warm_humid,3.0,3.0,2.6,90.0,gi_sheet,0.002,brick,0.115,eps,0.1,south,1.8,1.5,0.75,2.6,36.113,42.848,0.1488,17.195
Hyderabad,17.385,78.4867,warm_humid,3.0,3.0,2.6,135.0,gi_sheet,0.002,gi_sheet,0.002,mineral_wool,0.05,south,0.9,1.2,0.85,3.5,35.78,43.311,0.2679,17.266
Hyderabad,17.385,78.4867,warm_humid,3.0,3.0,2.6,90.0,concrete,0.1,gi_sheet,0.002,none,0.0,west,1.2,1.5,0.75,2.6,40.343,51.615,0.1369,15.189
Hyderabad,17.385,78.4867,warm_humid,3.0,3.0,2.6,45.0,puf_sandwich_panel,0.15,concrete,0.15,eps,0.025,south,0.6,0.6,0.85,2.6,34.054,37.38,0.1726,17.179
Hyderabad,17.385,78.4867,warm_humid,3.0,3.0,2.6,180.0,concrete,0.1,puf_sandwich_panel,0.1,eps,0.025,east,1.8,0.9,0.45,3.5,35.606,39.484,0.0655,17.14
Hyderabad,17.385,78.4867,warm_humid,3.0,3.0,2.6,180.0,brick,0.23,brick,0.23,none,0.0,west,1.2,1.2,0.85,3.5,38.48,42.999,0.0595,17.108
Hyderabad,17.385,78.4867,warm_humid,3.0,3.0,2.6,135.0,plywood,0.019,rcc_slab,0.1,eps,0.1,north,1.5,0.9,0.65,3.5,34.983,39.027,0.1667,17.197
Hyderabad,17.385,78.4867,warm_humid,3.0,3.0,2.6,0.0,rammed_earth,0.3,puf_sandwich_panel,0.075,mineral_wool,0.1,north,0.6,1.5,0.75,3.5,32.696,34.266,0.2381,17.109
Hyderabad,17.385,78.4867,warm_humid,3.0,3.0,2.6,0.0,rammed_earth,0.3,concrete,0.2,mineral_wool,0.05,south,0.9,1.2,0.65,5.8,33.883,36.039,0.1429,17.104
Hyderabad,17.385,78.4867,warm_humid,3.0,3.0,2.6,90.0,gi_sheet,0.002,gi_sheet,0.002,none,0.0,east,1.8,1.2,0.65,5.8,40.182,56.884,0.2976,11.963
Hyderabad,17.385,78.4867,warm_humid,3.0,3.0,2.6,90.0,plywood,0.019,gi_sheet,0.002,eps,0.05,east,0.9,1.2,0.75,3.5,35.274,42.14,0.3095,17.283
Hyderabad,17.385,78.4867,warm_humid,3.0,3.0,2.6,180.0,brick,0.115,brick,0.23,eps,0.05,south,1.8,1.2,0.65,5.8,35.382,38.415,0.0714,17.123
Hyderabad,17.385,78.4867,warm_humid,3.0,3.0,2.6,135.0,brick,0.23,rcc_slab,0.25,mineral_wool,0.1,east,0.6,0.9,0.65,2.6,32.946,34.704,0.2202,17.106
Hyderabad,17.385,78.4867,warm_humid,3.0,3.0,2.6,90.0,gi_sheet,0.002,brick,0.23,eps,0.025,east,1.8,1.2,0.75,5.8,36.904,42.852,0.0833,17.162
Hyderabad,17.385,78.4867,warm_humid,3.0,3.0,2.6,0.0,plywood,0.019,gi_sheet,0.002,mineral_wool,0.1,west,1.2,0.6,0.65,2.6,34.008,39.355,0.3333,17.268
Hyderabad,17.385,78.4867,warm_humid,3.0,3.0,2.6,135.0,concrete,0.15,gi_sheet,0.002,mineral_wool,0.05,south,1.5,1.2,0.35,2.6,34.881,37.731,0.0714,17.123
Hyderabad,17.385,78.4867,warm_humid,3.0,3.0,2.6,135.0,brick,0.115,rcc_slab,0.2,none,0.0,east,0.9,0.9,0.65,3.5,39.601,46.647,0.0536,17.121
Hyderabad,17.385,78.4867,warm_humid,3.0,3.0,2.6,180.0,rammed_earth,0.15,rcc_slab,0.2,eps,0.025,west,1.5,1.5,0.45,2.6,36.384,39.837,0.0655,17.118
Hyderabad,17.385,78.4867,warm_humid,3.0,3.0,2.6,45.0,plywood,0.019,rcc_slab,0.1,eps,0.025,east,0.6,1.2,0.75,3.5,36.565,43.106,0.1607,17.198
Hyderabad,17.385,78.4867,warm_humid,3.0,3.0,2.6,180.0,concrete,0.15,brick,0.23,eps,0.1,east,1.5,0.6,0.65,5.8,33.857,36.032,0.119,17.112
Hyderabad,17.385,78.4867,warm_humid,3.0,3.0,2.6,90.0,concrete,0.3,gi_sheet,0.002,mineral_wool,0.1,south,1.5,0.9,0.35,2.6,33.019,34.817,0.2202,17.103
Hyderabad,17.385,78.4867,warm_humid,3.0,3.0,2.6,0.0,gi_sheet,0.002,puf_sandwich_panel,0.075,eps,0.05,east,1.5,0.6,0.65,2.6,35.167,41.627,0.2917,17.279
Hyderabad,17.385,78.4867,warm_humid,3.0,3.0,2.6,0.0,puf_sandwich_panel,0.075,rcc_slab,0.15,none,0.0,south,0.9,1.5,0.65,5.8,38.654,47.3,0.0714,17.181
Hyderabad,17.385,78.4867,warm_humid,3.0,3.0,2.6,90.0,concrete,0.3,brick,0.23,mineral_wool,0.1,west,1.8,0.6,0.55,3.5,32.816,34.514,0.2321,17.1
Hyderabad,17.385,78.4867,warm_humid,3.0,3.0,2.6,180.0,concrete,0.3,brick,0.23,none,0.0,west,1.5,0.6,0.45,2.6,37.715,41.686,0.0655,17.1
Hyderabad,17.385,78.4867,warm_humid,3.0,3.0,2.6,135.0,rammed_earth,0.45,gi_sheet,0.002,mineral_wool,0.05,east,0.9,0.9,0.75,2.6,33.451,35.551,0.2143,17.1
Hyderabad,17.385,78.4867,warm_humid,3.0,3.0,2.6,135.0,puf_sandwich_panel,0.075,rcc_slab,0.1,mineral_wool,0.1,north,1.2,1.5,0.55,2.6,34.364,37.84,0.1905,17.198
Hyderabad,17.385,78.4867,warm_humid,3.0,3.0,2.6,180.0,puf_sandwich_panel,0.075,puf_sandwich_panel,0.15,eps,0.025,north,0.6,0.6,0.45,2.6,32.22,35.444,0.4762,17.313
Hyderabad,17.385,78.4867,warm_humid,3.0,3.0,2.6,180.0,gi_sheet,0.002,gi_sheet,0.002,eps,0.05,east,1.5,1.5,0.55,2.6,36.31,45.294,0.2798,17.273
Hyderabad,17.385,78.4867,warm_humid,3.0,3.0,2.6,180.0,brick,0.115,concrete,0.1,mineral_wool,0.05,west,1.2,1.5,0.65,3.5,36.256,39.763,0.0595,17.13
Hyderabad,17.385,78.4867,warm_humid,3.0,3.0,2.6,45.0,brick,0.23,concrete,0.2,mineral_wool,0.1,east,0.6,1.2,0.55,5.8,33.151,34.969,0.2143,17.107
Hyderabad,17.385,78.4867,warm_humid,3.0,3.0,2.6,135.0,rammed_earth,0.45,gi_sheet,0.002,none,0.0,east,1.5,1.2,0.35,5.8,38.36,42.829,0.0655,17.101
Hyderabad,17.385,78.4867,warm_humid,3.0,3.0,2.6,90.0,puf_sandwich_panel,0.1,brick,0.23,eps,0.025,east,1.2,1.2,0.75,5.8,34.872,38.541,0.0833,17.166
Hyderabad,17.385,78.4867,warm_humid,3.0,3.0,2.6,180.0,brick,0.23,brick,0.115,mineral_wool,0.025,north,1.2,0.6,0.35,3.5,35.196,37.959,0.0774,17.111
Hyderabad,17.385,78.4867,warm_humid,3.0,3.0,2.6,0.0,concrete,0.15,gi_sheet,0.002,eps,0.025,west,1.2,0.6,0.85,2.6,36.068,39.721,0.0714,17.122
Hyderabad,17.385,78.4867,warm_humid,3.0,3.0,2.6,45.0,plywood,0.03,brick,0.23,eps,0.05,north,1.8,0.9,0.35,3.5,34.931,38.587,0.0833,17.161
Hyderabad,17.385,78.4867,warm_humid,3.0,3.0,2.6,180.0,rammed_earth,0.3,brick,0.23,eps,0.05,east,1.5,0.6,0.45,2.6,33.641,35.733,0.1667,17.104
Hyderabad,17.385,78.4867,warm_humid,3.0,3.0,2.6,0.0,brick,0.345,gi_sheet,0.002,mineral_wool,0.05,west,1.5,0.6,0.55,2.6,33.749,35.91,0.1548,17.104
Hyderabad,17.385,78.4867,warm_humid,3.0,3.0,2.6,180.0,rammed_earth,0.3,concrete,0.1,eps,0.1,south,0.6,1.2,0.65,5.8,32.81,34.453,0.2262,17.106
Hyderabad,17.385,78.4867,warm_humid,3.0,3.0,2.6,45.0,puf_sandwich_panel,0.05,gi_sheet,0.002,mineral_wool,0.05,west,1.5,1.2,0.35,5.8,34.092,39.917,0.3393,17.298
Hyderabad,17.385,78.4867,warm_humid,3.0,3.0,2.6,135.0,puf_sandwich_panel,0.075,concrete,0.1,eps,0.05,south,1.2,0.9,0.55,2.6,33.844,37.582,0.2619,17.204
Hyderabad,17.385,78.4867,warm_humid,3.0,3.0,2.6,135.0,gi_sheet,0.002,brick,0.23,eps,0.05,east,0.9,0.6,0.55,3.5,35.024,38.872,0.0893,17.161
Hyderabad,17.385,78.4867,warm_humid,3.0,3.0,2.6,135.0,rammed_earth,0.3,gi_sheet,0.002,eps,0.05,north,0.6,0.6,0.55,5.8,33.604,35.62,0.1429,17.108
Hyderabad,17.385,78.4867,warm_humid,3.0,3.0,2.6,0.0,concrete,0.2,gi_sheet,0.002,eps,0.05,east,1.2,1.5,0.65,5.8,35.675,38.666,0.0714,17.114
Hyderabad,17.385,78.4867,warm_humid,3.0,3.0,2.6,0.0,plywood,0.03,puf_sandwich_panel,0.05,mineral_wool,0.025,south,0.6,1.5,0.65,2.6,35.155,41.894,0.3095,17.277
Hyderabad,17.385,78.4867,warm_humid,3.0,3.0,2.6,135.0,gi_sheet,0.002,rcc_slab,0.1,eps,0.05,east,1.8,1.5,0.65,5.8,36.699,43.772,0.1488,17.194
Hyderabad,17.385,78.4867,warm_humid,3.0,3.0,2.6,45.0,brick,0.115,puf_sandwich_panel,0.15,eps,0.05,west,0.9,0.6,0.55,3.5,33.903,36.498,0.1012,17.14
Hyderabad,17.385,78.4867,warm_humid,3.0,3.0,2.6,90.0,puf_sandwich_panel,0.075,concrete,0.1,mineral_wool,0.1,north,1.8,1.5,0.35,2.6,34.505,38.152,0.1905,17.199
Hyderabad,17.385,78.4867,warm_humid,3.0,3.0,2.6,90.0,gi_sheet,0.002,gi_sheet,0.002,mineral_wool,0.05,east,0.9,1.2,0.85,2.6,35.554,42.642,0.2798,17.266
Hyderabad,17.385,78.4867,warm_humid,3.0,3.0,2.6,0.0,concrete,0.3,puf_sandwich_panel,0.075,eps,0.05,south,1.8,0.9,0.85,2.6,34.291,36.587,0.1131,17.104
Hyderabad,17.385,78.4867,warm_humid,3.0,3.0,2.6,135.0,brick,0.23,brick,0.115,mineral_wool,0.1,south,1.5,0.9,0.85,5.8,33.985,36.235,0.119,17.111
Hyderabad,17.385,78.4867,warm_humid,3.0,3.0,2.6,90.0,rammed_earth,0.45,concrete,0.2,mineral_wool,0.025,east,1.8,0.9,0.45,2.6,34.297,36.722,0.131,17.098
Hyderabad,17.385,78.4867,warm_humid,3.0,3.0,2.6,135.0,brick,0.115,concrete,0.1,eps,0.05,east,1.2,0.6,0.55,3.5,34.859,37.75,0.0714,17.129
Hyderabad,17.385,78.4867,warm_humid,3.0,3.0,2.6,45.0,gi_sheet,0.002,concrete,0.15,none,0.0,west,1.2,1.5,0.85,2.6,40.158,54.241,0.244,13.007
Hyderabad,17.385,78.4867,warm_humid,3.0,3.0,2.6,0.0,rammed_earth,0.3,gi_sheet,0.002,mineral_wool,0.025,north,0.9,0.6,0.75,2.6,34.728,37.263,0.0833,17.109
Hyderabad,17.385,78.4867,warm_humid,3.0,3.0,2.6,0.0,brick,0.345,rcc_slab,0.15,mineral_wool,0.1,east,1.2,1.2,0.65,5.8,33.755,36.045,0.2024,17.101
Hyderabad,17.385,78.4867,warm_humid,3.0,3.0,2.6,90.0,plywood,0.012,brick,0.115,mineral_wool,0.025,east,1.2,0.9,0.35,3.5,36.139,42.61,0.2083,17.202
Hyderabad,17.385,78.4867,warm_humid,3.0,3.0,2.6,0.0,puf_sandwich_panel,0.1,gi_sheet,0.002,none,0.0,south,0.6,0.9,0.85,3.5,39.401,55.026,0.2798,16.426
