site,latitude,longitude,zone,length_m,width_m,height_m,orientation_deg,wall_material,wall_thickness_m,roof_material,roof_thickness_m,insulation_material,insulation_thickness_m,window_wall,window_width_m,window_height_m,window_shgc,window_u_w_m2k,hot_mean_c,hot_max_c,hot_comfort_fraction,cold_min_c
Pune,18.5204,73.8567,warm_humid,3.0,3.0,2.6,45.0,rammed_earth,0.15,brick,0.23,mineral_wool,0.05,north,0.9,0.6,0.75,2.6,32.155,35.123,0.3333,13.967
Pune,18.5204,73.8567,warm_humid,3.0,3.0,2.6,135.0,puf_sandwich_panel,0.075,brick,0.23,mineral_wool,0.05,east,0.6,1.5,0.45,3.5,31.85,35.113,0.4881,14.029
Pune,18.5204,73.8567,warm_humid,3.0,3.0,2.6,45.0,gi_sheet,0.002,brick,0.115,mineral_wool,0.05,east,1.5,1.5,0.45,3.5,33.898,40.246,0.3452,14.066
Pune,18.5204,73.8567,warm_humid,3.0,3.0,2.6,0.0,rammed_earth,0.45,gi_sheet,0.002,mineral_wool,0.1,north,1.2,0.6,0.55,5.8,29.996,32.273,0.9167,13.945
Pune,18.5204,73.8567,warm_humid,3.0,3.0,2.6,180.0,concrete,0.15,puf_sandwich_panel,0.05,mineral_wool,0.1,north,1.8,1.5,0.75,5.8,33.292,36.746,0.2143,13.976
Pune,18.5204,73.8567,warm_humid,3.0,3.0,2.6,180.0,brick,0.345,puf_sandwich_panel,0.075,eps,0.025,west,0.6,1.5,0.45,2.6,31.513,34.302,0.4286,13.951
Pune,18.5204,73.8567,warm_humid,3.0,3.0,2.6,180.0,brick,0.23,puf_sandwich_panel,0.15,none,0.0,west,1.5,1.5,0.75,3.5,34.754,39.258,0.131,13.966
Pune,18.5204,73.8567,warm_humid,3.0,3.0,2.6,90.0,plywood,0.012,gi_sheet,0.002,eps,0.025,south,0.6,0.6,0.35,3.5,33.883,43.095,0.4405,14.192
Pune,18.5204,73.8567,warm_humid,3.0,3.0,2.6,135.0,gi_sheet,0.002,rcc_slab,0.25,mineral_wool,0.1,south,0.6,0.9,0.55,2.6,31.981,35.095,0.4643,14.005
Pune,18.5204,73.8567,warm_humid,3.0,3.0,2.6,135.0,puf_sandwich_panel,0.1,puf_sandwich_panel,0.1,mineral_wool,0.05,north,0.6,0.6,0.65,5.8,30.884,34.296,0.6429,14.202
Pune,18.5204,73.8567,warm_humid,3.0,3.0,2.6,180.0,gi_sheet,0.002,rcc_slab,0.1,mineral_wool,0.1,west,0.6,0.9,0.45,3.5,32.302,36.225,0.4226,14.059
Pune,18.5204,73.8567,warm_humid,3.0,3.0,2.6,0.0,plywood,0.019,brick,0.115,none,0.0,west,0.6,0.9,0.45,5.8,36.581,49.863,0.375,14.073
Pune,18.5204,73.8567,warm_humid,3.0,3.0,2.6,180.0,gi_sheet,0.002,puf_sandwich_panel,0.1,mineral_wool,0.05,east,1.2,1.2,0.65,2.6,33.549,41.704,0.4226,14.167
Pune,18.5204,73.8567,warm_humid,3.0,3.0,2.6,45.0,gi_sheet,0.002,brick,0.23,eps,0.025,north,1.8,0.6,0.55,3.5,34.074,40.047,0.3036,14.024
Pune,18.5204,73.8567,warm_humid,3.0,3.0,2.6,90.0,puf_sandwich_panel,0.05,rcc_slab,0.15,mineral_wool,0.025,west,1.5,0.6,0.85,2.6,33.023,37.511,0.3571,14.048
Pune,18.5204,73.8567,warm_humid,3.0,3.0,2.6,180.0,gi_sheet,0.002,gi_sheet,0.002,none,0.0,north,1.8,0.9,0.45,5.8,37.058,54.615,0.4524,13.407
Pune,18.5204,73.8567,warm_humid,3.0,3.0,2.6,180.0,brick,0.23,puf_sandwich_panel,0.05,mineral_wool,0.05,east,0.6,1.5,0.35,5.8,31.561,34.28,0.4821,13.964
Pune,18.5204,73.8567,warm_humid,3.0,3.0,2.6,45.0,concrete,0.3,gi_sheet,0.002,none,0.0,north,1.5,0.6,0.85,5.8,36.592,42.618,0.0952,13.95
Pune,18.5204,73.8567,warm_humid,3.0,3.0,2.6,90.0,brick,0.345,brick,0.23,eps,0.025,west,0.9,0.9,0.35,5.8,31.81,34.887,0.3988,13.946
Pune,18.5204,73.8567,warm_humid,3.0,3.0,2.6,45.0,puf_sandwich_panel,0.1,rcc_slab,0.25,mineral_wool,0.1,north,0.6,1.2,0.55,5.8,31.016,33.288,0.7083,14.009
Pune,18.5204,73.8567,warm_humid,3.0,3.0,2.6,45.0,concrete,0.15,rcc_slab,0.25,eps,0.025,north,0.9,0.9,0.35,3.5,33.173,36.766,0.256,13.959
Pune,18.5204,73.8567,warm_humid,3.0,3.0,2.6,180.0,puf_sandwich_panel,0.15,gi_sheet,0.002,mineral_wool,0.05,east,1.8,1.5,0.75,5.8,34.621,45.291,0.3929,14.186
Pune,18.5204,73.8567,warm_humid,3.0,3.0,2.6,180.0,concrete,0.2,gi_sheet,0.002,eps,0.1,north,1.2,1.2,0.65,2.6,31.975,34.771,0.3631,13.963
Pune,18.5204,73.8567,warm_humid,3.0,3.0,2.6,135.0,concrete,0.2,brick,0.23,mineral_wool,0.1,north,0.9,0.6,0.35,5.8,30.841,33.3,0.625,13.954
Pune,18.5204,73.8567,warm_humid,3.0,3.0,2.6,90.0,puf_sandwich_panel,0.1,gi_sheet,0.002,eps,0.025,south,1.2,1.2,0.45,3.5,33.222,41.179,0.4524,14.203
Pune,18.5204,73.8567,warm_humid,3.0,3.0,2.6,45.0,gi_sheet,0.002,gi_sheet,0.002,eps,0.025,south,1.5,0.6,0.75,3.5,34.585,45.332,0.4048,14.165
Pune,18.5204,73.8567,warm_humid,3.0,3.0,2.6,180.0,concrete,0.15,puf_sandwich_panel,0.075,eps,0.1,north,1.2,1.2,0.65,3.5,32.085,34.87,0.381,13.975
Pune,18.5204,73.8567,warm_humid,3.0,3.0,2.6,135.0,concrete,0.2,puf_sandwich_panel,0.075,none,0.0,north,1.5,1.5,0.75,5.8,35.504,41.17,0.131,13.964
Pune,18.5204,73.8567,warm_humid,3.0,3.0,2.6,135.0,brick,0.23,puf_sandwich_panel,0.05,eps,0.1,north,0.9,0.9,0.75,2.6,31.349,33.839,0.506,13.964
Pune,18.5204,73.8567,warm_humid,3.0,3.0,2.6,90.0,rammed_earth,0.3,brick,0.23,eps,0.025,south,1.2,1.2,0.35,5.8,32.333,35.609,0.3214,13.951
Pune,18.5204,73.8567,warm_humid,3.0,3.0,2.6,180.0,concrete,0.3,puf_sandwich_panel,0.05,mineral_wool,0.025,west,1.2,1.2,0.65,2.6,32.525,35.732,0.3036,13.95
Pune,18.5204,73.8567,warm_humid,3.0,3.0,2.6,45.0,concrete,0.3,brick,0.23,none,0.0,west,1.2,1.2,0.35,5.8,35.022,39.728,0.1429,13.946
Pune,18.5204,73.8567,warm_humid,3.0,3.0,2.6,180.0,concrete,0.2,concrete,0.2,mineral_wool,0.05,north,0.6,0.6,0.85,2.6,31.847,34.76,0.3988,13.953
Pune,18.5204,73.8567,warm_humid,3.0,3.0,2.6,90.0,brick,0.345,brick,0.115,mineral_wool,0.1,west,1.5,0.6,0.75,5.8,30.596,33.067,0.6786,13.948
Pune,18.5204,73.8567,warm_humid,3.0,3.0,2.6,90.0,concrete,0.15,rcc_slab,0.15,eps,0.1,west,1.5,0.9,0.75,5.8,31.799,34.53,0.3988,13.964
Pune,18.5204,73.8567,warm_humid,3.0,3.0,2.6,90.0,gi_sheet,0.002,brick,0.115,eps,0.1,west,0.9,1.2,0.45,3.5,32.188,36.39,0.4583,14.066
Pune,18.5204,73.8567,warm_humid,3.0,3.0,2.6,45.0,concrete,0.1,brick,0.23,none,0.0,south,0.6,0.6,0.55,5.8,36.315,44.207,0.1726,13.972
Pune,18.5204,73.8567,warm_humid,3.0,3.0,2.6,90.0,plywood,0.019,gi_sheet,0.002,mineral_wool,0.05,north,1.8,0.6,0.45,3.5,33.151,39.988,0.4464,14.171
Pune,18.5204,73.8567,warm_humid,3.0,3.0,2.6,0.0,gi_sheet,0.002,brick,0.23,mineral_wool,0.05,west,1.5,0.6,0.85,3.5,33.603,38.973,0.3155,14.022
Pune,18.5204,73.8567,warm_humid,3.0,3.0,2.6,180.0,plywood,0.019,concrete,0.15,eps,0.1,east,0.6,0.9,0.35,2.6,31.86,35.273,0.4821,14.042
Pune,18.5204,73.8567,warm_humid,3.0,3.0,2.6,180.0,brick,0.23,puf_sandwich_panel,0.05,mineral_wool,0.025,west,1.5,0.6,0.55,3.5,32.44,35.493,0.2857,13.964
Pune,18.5204,73.8567,warm_humid,3.0,3.0,2.6,0.0,plywood,0.012,concrete,0.1,eps,0.1,south,1.5,1.2,0.55,2.6,32.968,38.113,0.3988,14.073
Pune,18.5204,73.8567,warm_humid,3.0,3.0,2.6,0.0,rammed_earth,0.15,puf_sandwich_panel,0.075,eps,0.025,east,1.2,1.5,0.75,5.8,33.69,37.681,0.2024,13.988
Pune,18.5204,73.8567,warm_humid,3.0,3.0,2.6,45.0,rammed_earth,0.3,brick,0.115,mineral_wool,0.1,south,0.6,1.5,0.85,5.8,31.259,34.048,0.4821,13.953
Pune,18.5204,73.8567,warm_humid,3.0,3.0,2.6,45.0,puf_sandwich_panel,0.15,puf_sandwich_panel,0.075,mineral_wool,0.025,west,1.8,1.5,0.45,5.8,32.448,39.262,0.494,14.205
Pune,18.5204,73.8567,warm_humid,3.0,3.0,2.6,90.0,concrete,0.1,concrete,0.15,eps,0.05,east,0.9,0.9,0.35,3.5,32.438,35.588,0.3393,13.976
Pune,18.5204,73.8567,warm_humid,3.0,3.0,2.6,90.0,concrete,0.15,rcc_slab,0.2,eps,0.025,north,0.6,0.6,0.55,3.5,33.136,36.654,0.256,13.961
Pune,18.5204,73.8567,warm_humid,3.0,3.0,2.6,135.0,rammed_earth,0.3,gi_sheet,0.002,none,0.0,south,0.9,0.6,0.45,3.5,36.128,41.96,0.0952,13.957
Pune,18.5204,73.8567,warm_humid,3.0,3.0,2.6,90.0,plywood,0.012,rcc_slab,0.25,mineral_wool,0.1,west,1.5,1.5,0.65,2.6,32.688,36.338,0.3512,14.009
Pune,18.5204,73.8567,warm_humid,3.0,3.0,2.6,135.0,rammed_earth,0.45,brick,0.115,eps,0.1,west,1.2,0.6,0.45,3.5,29.984,32.284,0.9107,13.944
Pune,18.5204,73.8567,warm_humid,3.0,3.0,2.6,0.0,puf_sandwich_panel,0.1,brick,0.115,mineral_wool,0.1,south,1.5,0.9,0.55,2.6,31.823,35.301,0.5,14.073
Pune,18.5204,73.8567,warm_humid,3.0,3.0,2.6,180.0,brick,0.345,gi_sheet,0.002,mineral_wool,0.05,west,1.5,1.2,0.35,5.8,31.8,34.706,0.3988,13.952
Pune,18.5204,73.8567,warm_humid,3.0,3.0,2.6,0.0,brick,0.115,gi_sheet,0.002,eps,0.1,west,1.5,0.9,0.85,3.5,33.124,37.194,0.2381,13.997
Pune,18.5204,73.8567,warm_humid,3.0,3.0,2.6,90.0,plywood,0.012,rcc_slab,0.2,eps,0.025,west,1.8,1.2,0.55,5.8,34.181,40.136,0.3036,14.026
Pune,18.5204,73.8567,warm_humid,3.0,3.0,2.6,90.0,concrete,0.3,brick,0.23,eps,0.1,south,1.8,1.2,0.75,5.8,32.053,35.459,0.375,13.946
Pune,18.5204,73.8567,warm_humid,3.0,3.0,2.6,45.0,puf_sandwich_panel,0.05,brick,0.115,eps,0.05,south,0.6,0.9,0.75,5.8,32.25,36.624,0.4524,14.082
Pune,18.5204,73.8567,warm_humid,3.0,3.0,2.6,45.0,concrete,0.1,brick,0.23,eps,0.1,south,1.5,1.5,0.55,3.5,32.886,36.476,0.2679,13.974
Pune,18.5204,73.8567,warm_humid,3.0,3.0,2.6,180.0,brick,0.115,puf_sandwich_panel,0.05,eps,0.025,south,1.2,1.2,0.55,2.6,33.243,37.299,0.2917,13.999
Pune,18.5204,73.8567,warm_humid,3.0,3.0,2.6,45.0,brick,0.115,gi_sheet,0.002,eps,0.05,north,1.5,0.6,0.75,5.8,33.095,36.865,0.2679,13.996
Pune,18.5204,73.8567,warm_humid,3.0,3.0,2.6,135.0,concrete,0.15,brick,0.23,none,0.0,east,1.2,0.6,0.35,5.8,35.961,42.384,0.131,13.961
Pune,18.5204,73.8567,warm_humid,3.0,3.0,2.6,180.0,brick,0.345,concrete,0.15,mineral_wool,0.1,west,0.9,0.9,0.45,5.8,30.459,32.891,0.7381,13.947
Pune,18.5204,73.8567,warm_humid,3.0,3.0,2.6,135.0,concrete,0.15,concrete,0.2,mineral_wool,0.025,south,1.5,1.2,0.55,3.5,33.827,37.854,0.1905,13.962
Pune,18.5204,73.8567,warm_humid,3.0,3.0,2.6,90.0,gi_sheet,0.002,brick,0.115,eps,0.05,south,0.6,0.9,0.55,5.8,33.031,38.57,0.3929,14.067
Pune,18.5204,73.8567,warm_humid,3.0,3.0,2.6,0.0,rammed_earth,0.3,rcc_slab,0.1,eps,0.1,west,1.2,0.9,0.85,2.6,31.509,34.476,0.4405,13.954
Pune,18.5204,73.8567,warm_humid,3.0,3.0,2.6,0.0,concrete,0.3,brick,0.23,mineral_wool,0.025,north,1.5,1.2,0.85,2.6,32.956,36.52,0.2857,13.946
Pune,18.5204,73.8567,warm_humid,3.0,3.0,2.6,180.0,puf_sandwich_panel,0.075,gi_sheet,0.002,mineral_wool,0.025,north,1.8,0.9,0.75,2.6,33.781,41.899,0.4286,14.201
Pune,18.5204,73.8567,warm_humid,3.0,3.0,2.6,45.0,plywood,0.019,concrete,0.2,mineral_wool,0.025,west,1.8,1.2,0.55,5.8,34.472,40.972,0.2619,14.023
Pune,18.5204,73.8567,warm_humid,3.0,3.0,2.6,0.0,concrete,0.3,gi_sheet,0.002,eps,0.05,south,1.5,1.5,0.75,3.5,32.824,36.215,0.2857,13.951
Pune,18.5204,73.8567,warm_humid,3.0,3.0,2.6,0.0,plywood,0.012,puf_sandwich_panel,0.15,mineral_wool,0.1,east,1.2,1.5,0.85,2.6,33.878,40.746,0.3988,14.179
Pune,18.5204,73.8567,warm_humid,3.0,3.0,2.6,180.0,concrete,0.3,concrete,0.15,eps,0.1,east,1.2,1.2,0.35,3.5,30.864,33.553,0.5595,13.947
Pune,18.5204,73.8567,warm_humid,3.0,3.0,2.6,45.0,concrete,0.3,puf_sandwich_panel,0.075,mineral_wool,0.025,west,0.9,1.2,0.65,2.6,32.104,35.291,0.369,13.95
Pune,18.5204,73.8567,warm_humid,3.0,3.0,2.6,90.0,plywood,0.019,brick,0.23,mineral_wool,0.025,west,1.8,1.5,0.65,3.5,34.355,40.337,0.2738,14.026
Pune,18.5204,73.8567,warm_humid,3.0,3.0,2.6,135.0,gi_sheet,0.002,brick,0.115,none,0.0,west,0.9,1.5,0.45,3.5,36.8,51.856,0.4048,14.057
Pune,18.5204,73.8567,warm_humid,3.0,3.0,2.6,0.0,plywood,0.019,concrete,0.2,mineral_wool,0.05,north,1.2,1.5,0.65,3.5,33.322,37.925,0.3274,14.022
Pune,18.5204,73.8567,warm_humid,3.0,3.0,2.6,90.0,rammed_earth,0.45,gi_sheet,0.002,mineral_wool,0.05,north,0.6,0.9,0.55,2.6,30.737,33.346,0.6012,13.945
Pune,18.5204,73.8567,warm_humid,3.0,3.0,2.6,0.0,puf_sandwich_panel,0.1,gi_sheet,0.002,eps,0.025,west,1.2,0.6,0.45,3.5,32.726,39.577,0.4762,14.202
Pune,18.5204,73.8567,warm_humid,3.0,3.0,2.6,0.0,brick,0.345,gi_sheet,0.002,none,0.0,south,0.9,0.9,0.65,2.6,36.128,41.548,0.1071,13.951
Pune,18.5204,73.8567,warm_humid,3.0,3.0,2.6,45.0,puf_sandwich_panel,0.075,puf_sandwich_panel,0.15,eps,0.025,north,1.8,1.2,0.45,3.5,32.138,37.355,0.4881,14.217
Pune,18.5204,73.8567,warm_humid,3.0,3.0,2.6,90.0,puf_sandwich_panel,0.1,rcc_slab,0.15,mineral_wool,0.025,west,1.8,1.5,0.65,5.8,33.639,38.684,0.3333,14.047
Pune,18.5204,73.8567,warm_humid,3.0,3.0,2.6,0.0,puf_sandwich_panel,0.15,gi_sheet,0.002,eps,0.025,south,0.6,1.5,0.45,2.6,32.62,38.906,0.4762,14.196
Pune,18.5204,73.8567,warm_humid,3.0,3.0,2.6,135.0,brick,0.23,rcc_slab,0.15,mineral_wool,0.05,north,0.6,0.6,0.35,5.8,31.616,34.413,0.4107,13.956
Pune,18.5204,73.8567,warm_humid,3.0,3.0,2.6,180.0,plywood,0.05,concrete,0.2,mineral_wool,0.1,east,1.5,0.9,0.85,3.5,32.991,37.148,0.3036,14.014
Pune,18.5204,73.8567,warm_humid,3.0,3.0,2.6,0.0,concrete,0.1,gi_sheet,0.002,none,0.0,west,1.8,0.6,0.85,3.5,37.519,49.739,0.2857,13.994
Pune,18.5204,73.8567,warm_humid,3.0,3.0,2.6,90.0,puf_sandwich_panel,0.05,gi_sheet,0.002,mineral_wool,0.1,north,1.5,0.9,0.45,2.6,32.003,36.693,0.494,14.184
Pune,18.5204,73.8567,warm_humid,3.0,3.0,2.6,135.0,brick,0.115,rcc_slab,0.25,eps,0.025,west,1.2,0.9,0.75,2.6,33.9,37.868,0.1786,13.969
Pune,18.5204,73.8567,warm_humid,3.0,3.0,2.6,135.0,brick,0.23,puf_sandwich_panel,0.075,eps,0.05,north,1.2,0.9,0.35,5.8,31.59,34.239,0.4821,13.964
Pune,18.5204,73.8567,warm_humid,3.0,3.0,2.6,90.0,concrete,0.15,gi_sheet,0.002,mineral_wool,0.1,east,1.8,1.5,0.65,5.8,33.007,36.379,0.25,13.976
Pune,18.5204,73.8567,warm_humid,3.0,3.0,2.6,135.0,gi_sheet,0.002,concrete,0.15,mineral_wool,0.025,east,1.2,1.2,0.55,3.5,34.498,41.659,0.3155,14.039
Pune,18.5204,73.8567,warm_humid,3.0,3.0,2.6,135.0,puf_sandwich_panel,0.05,concrete,0.1,eps,0.1,north,1.8,1.2,0.75,2.6,33.523,38.37,0.3333,14.078
Pune,18.5204,73.8567,warm_humid,3.0,3.0,2.6,45.0,gi_sheet,0.002,rcc_slab,0.1,eps,0.025,north,0.6,0.9,0.85,3.5,34.318,41.774,0.3452,14.065
Pune,18.5204,73.8567,warm_humid,3.0,3.0,2.6,45.0,puf_sandwich_panel,0.15,puf_sandwich_panel,0.15,none,0.0,south,0.6,1.2,0.85,2.6,31.548,36.449,0.5655,14.209
Pune,18.5204,73.8567,warm_humid,3.0,3.0,2.6,135.0,gi_sheet,0.002,brick,0.115,mineral_wool,0.05,east,1.2,1.5,0.55,3.5,33.919,40.692,0.3571,14.065
Pune,18.5204,73.8567,warm_humid,3.0,3.0,2.6,135.0,brick,0.115,rcc_slab,0.25,mineral_wool,0.025,north,1.8,1.2,0.65,3.5,34.514,38.805,0.1429,13.97
Pune,18.5204,73.8567,warm_humid,3.0,3.0,2.6,180.0,brick,0.345,gi_sheet,0.002,eps,0.025,north,1.5,1.5,0.45,3.5,32.919,36.339,0.2738,13.952
Pune,18.5204,73.8567,warm_humid,3.0,3.0,2.6,0.0,concrete,0.15,puf_sandwich_panel,0.1,mineral_wool,0.05,east,0.9,1.2,0.35,2.6,32.048,34.99,0.3929,13.974
Pune,18.5204,73.8567,warm_humid,3.0,3.0,2.6,90.0,plywood,0.05,brick,0.23,mineral_wool,0.05,east,1.2,0.6,0.55,3.5,32.439,36.002,0.3929,14.017
Pune,18.5204,73.8567,warm_humid,3.0,3.0,2.6,0.0,concrete,0.15,brick,0.23,eps,0.1,west,0.9,0.6,0.45,5.8,31.297,33.987,0.5119,13.961
Pune,18.5204,73.8567,warm_humid,3.0,3.0,2.6,180.0,concrete,0.3,rcc_slab,0.2,mineral_wool,0.05,east,1.8,0.6,0.65,3.5,31.763,34.923,0.4107,13.945
Pune,18.5204,73.8567,warm_humid,3.0,3.0,2.6,135.0,rammed_earth,0.45,rcc_slab,0.2,eps,0.05,south,1.8,0.9,0.35,3.5,30.902,33.706,0.5536,13.943
Pune,18.5204,73.8567,warm_humid,3.0,3.0,2.6,135.0,puf_sandwich_panel,0.15,brick,0.115,mineral_wool,0.05,east,1.5,0.9,0.85,3.5,33.177,38.504,0.3571,14.075
Pune,18.5204,73.8567,warm_humid,3.0,3.0,2.6,90.0,concrete,0.2,gi_sheet,0.002,none,0.0,south,0.6,0.6,0.55,2.6,36.767,44.233,0.131,13.962
Pune,18.5204,73.8567,warm_humid,3.0,3.0,2.6,45.0,rammed_earth,0.15,rcc_slab,0.1,mineral_wool,0.05,east,1.5,0.6,0.75,5.8,32.776,36.051,0.2738,13.975
Pune,18.5204,73.8567,warm_humid,3.0,3.0,2.6,0.0,gi_sheet,0.002,rcc_slab,0.1,mineral_wool,0.1,east,0.9,1.2,0.35,2.6,32.494,37.054,0.4345,14.059
Pune,18.5204,73.8567,warm_humid,3.0,3.0,2.6,135.0,brick,0.115,puf_sandwich_panel,0.15,eps,0.025,east,1.2,1.5,0.85,2.6,34.238,39.359,0.1905,13.999
Pune,18.5204,73.8567,warm_humid,3.0,3.0,2.6,135.0,puf_sandwich_panel,0.15,gi_sheet,0.002,mineral_wool,0.1,south,1.5,1.2,0.85,2.6,33.041,40.032,0.4286,14.173
Pune,18.5204,73.8567,warm_humid,3.0,3.0,2.6,90.0,concrete,0.15,brick,0.23,mineral_wool,0.1,east,0.9,1.2,0.35,5.8,31.258,33.789,0.5357,13.961
Pune,18.5204,73.8567,warm_humid,3.0,3.0,2.6,180.0,brick,0.345,gi_sheet,0.002,eps,0.1,west,1.8,1.2,0.85,5.8,32.635,35.845,0.3095,13.952
Pune,18.5204,73.8567,warm_humid,3.0,3.0,2.6,90.0,gi_sheet,0.002,puf_sandwich_panel,0.05,mineral_wool,0.025,north,0.9,1.2,0.35,2.6,33.338,41.194,0.4464,14.173
Pune,18.5204,73.8567,warm_humid,3.0,3.0,2.6,90.0,concrete,0.1,rcc_slab,0.15,mineral_wool,0.025,north,1.2,0.9,0.65,2.6,34.041,38.274,0.1726,13.976
Pune,18.5204,73.8567,warm_humid,3.0,3.0,2.6,90.0,rammed_earth,0.15,puf_sandwich_panel,0.05,eps,0.1,west,1.8,0.9,0.65,2.6,31.803,34.577,0.4643,13.987
Pune,18.5204,73.8567,warm_humid,3.0,3.0,2.6,180.0,concrete,0.15,gi_sheet,0.002,mineral_wool,0.1,east,1.5,1.2,0.85,5.8,33.318,37.164,0.2321,13.974
Pune,18.5204,73.8567,warm_humid,3.0,3.0,2.6,90.0,puf_sandwich_panel,0.05,puf_sandwich_panel,0.15,mineral_wool,0.1,north,1.2,1.5,0.55,2.6,32.313,37.19,0.4583,14.193
Pune,18.5204,73.8567,warm_humid,3.0,3.0,2.6,135.0,puf_sandwich_panel,0.15,puf_sandwich_panel,0.15,mineral_wool,0.05,north,1.5,0.9,0.85,5.8,32.432,37.257,0.4583,14.194
Pune,18.5204,73.8567,warm_humid,3.0,3.0,2.6,0.0,concrete,0.15,puf_sandwich_panel,0.15,eps,0.1,south,1.2,0.6,0.45,5.8,31.268,33.794,0.5833,13.974
Pune,18.5204,73.8567,warm_humid,3.0,3.0,2.6,0.0,concrete,0.1,brick,0.23,mineral_wool,0.05,north,0.6,0.9,0.85,2.6,32.57,35.822,0.2917,13.972
Pune,18.5204,73.8567,warm_humid,3.0,3.0,2.6,0.0,plywood,0.019,rcc_slab,0.25,eps,0.05,west,0.6,1.2,0.55,3.5,32.84,36.919,0.3393,14.01
Pune,18.5204,73.8567,warm_humid,3.0,3.0,2.6,90.0,plywood,0.05,gi_sheet,0.002,eps,0.025,west,0.9,1.5,0.35,3.5,33.586,41.253,0.4226,14.139
Pune,18.5204,73.8567,warm_humid,3.0,3.0,2.6,90.0,concrete,0.1,brick,0.23,mineral_wool,0.05,east,0.6,0.9,0.45,5.8,32.287,35.312,0.3333,13.972
Pune,18.5204,73.8567,warm_humid,3.0,3.0,2.6,90.0,concrete,0.15,concrete,0.1,eps,0.1,north,0.6,1.5,0.55,3.5,31.661,34.294,0.4524,13.967
Pune,18.5204,73.8567,warm_humid,3.0,3.0,2.6,135.0,concrete,0.2,puf_sandwich_panel,0.075,eps,0.1,east,1.5,1.5,0.75,2.6,32.861,36.348,0.2738,13.964
Pune,18.5204,73.8567,warm_humid,3.0,3.0,2.6,135.0,concrete,0.1,brick,0.23,eps,0.05,south,0.9,0.9,0.45,2.6,32.559,35.795,0.2976,13.972
Pune,18.5204,73.8567,warm_humid,3.0,3.0,2.6,135.0,concrete,0.2,brick,0.115,mineral_wool,0.1,west,0.6,0.6,0.35,5.8,30.887,33.316,0.6369,13.957
Pune,18.5204,73.8567,warm_humid,3.0,3.0,2.6,45.0,rammed_earth,0.15,rcc_slab,0.25,eps,0.025,east,0.6,0.6,0.35,2.6,32.875,36.306,0.2679,13.964
Pune,18.5204,73.8567,warm_humid,3.0,3.0,2.6,180.0,puf_sandwich_panel,0.1,rcc_slab,0.1,eps,0.025,south,0.9,1.5,0.85,5.8,33.328,38.495,0.369,14.078
Pune,18.5204,73.8567,warm_humid,3.0,3.0,2.6,90.0,gi_sheet,0.002,concrete,0.2,eps,0.025,west,1.5,0.9,0.65,3.5,34.051,39.89,0.3155,14.021
Pune,18.5204,73.8567,warm_humid,3.0,3.0,2.6,45.0,brick,0.23,concrete,0.15,mineral_wool,0.025,north,0.9,0.9,0.55,2.6,33.02,36.496,0.2619,13.957
Pune,18.5204,73.8567,warm_humid,3.0,3.0,2.6,45.0,puf_sandwich_panel,0.075,gi_sheet,0.002,mineral_wool,0.025,east,1.2,0.9,0.35,2.6,32.859,39.522,0.4583,14.201
Pune,18.5204,73.8567,warm_humid,3.0,3.0,2.6,135.0,rammed_earth,0.45,gi_sheet,0.002,eps,0.05,north,1.8,1.2,0.45,3.5,31.69,34.649,0.4167,13.947
Pune,18.5204,73.8567,warm_humid,3.0,3.0,2.6,180.0,rammed_earth,0.3,brick,0.23,eps,0.025,west,1.8,1.5,0.55,2.6,33.404,36.994,0.244,13.952
Pune,18.5204,73.8567,warm_humid,3.0,3.0,2.6,180.0,plywood,0.03,gi_sheet,0.002,eps,0.05,south,0.9,1.5,0.35,5.8,32.865,39.377,0.4583,14.163
Pune,18.5204,73.8567,warm_humid,3.0,3.0,2.6,0.0,concrete,0.2,gi_sheet,0.002,eps,0.1,south,1.2,1.5,0.85,2.6,32.621,35.773,0.2798,13.963
Pune,18.5204,73.8567,warm_humid,3.0,3.0,2.6,135.0,puf_sandwich_panel,0.15,concrete,0.2,mineral_wool,0.1,south,1.5,1.2,0.75,2.6,32.452,36.16,0.3869,14.023
Pune,18.5204,73.8567,warm_humid,3.0,3.0,2.6,45.0,brick,0.115,rcc_slab,0.15,mineral_wool,0.05,west,0.6,0.9,0.35,5.8,32.412,35.616,0.3274,13.977
Pune,18.5204,73.8567,warm_humid,3.0,3.0,2.6,45.0,gi_sheet,0.002,concrete,0.15,mineral_wool,0.05,south,1.5,1.2,0.35,5.8,33.368,39.001,0.3512,14.038
Pune,18.5204,73.8567,warm_humid,3.0,3.0,2.6,0.0,rammed_earth,0.15,rcc_slab,0.2,none,0.0,west,1.5,0.6,0.85,2.6,36.289,43.088,0.119,13.968
Pune,18.5204,73.8567,warm_humid,3.0,3.0,2.6,90.0,concrete,0.2,brick,0.23,mineral_wool,0.05,east,0.6,1.5,0.75,3.5,32.09,35.096,0.3631,13.954
Pune,18.5204,73.8567,warm_humid,3.0,3.0,2.6,180.0,rammed_earth,0.15,concrete,0.2,eps,0.05,west,1.5,1.5,0.85,5.8,34.087,37.857,0.1667,13.969
Pune,18.5204,73.8567,warm_humid,3.0,3.0,2.6,90.0,concrete,0.3,brick,0.23,eps,0.1,east,0.9,1.2,0.45,2.6,30.537,33.034,0.6964,13.946
Pune,18.5204,73.8567,warm_humid,3.0,3.0,2.6,180.0,gi_sheet,0.002,concrete,0.1,mineral_wool,0.1,south,1.2,1.5,0.35,3.5,32.499,36.867,0.4167,14.059
Pune,18.5204,73.8567,warm_humid,3.0,3.0,2.6,45.0,concrete,0.1,rcc_slab,0.1,eps,0.025,west,0.9,0.6,0.65,5.8,33.91,38.378,0.1905,13.981
Pune,18.5204,73.8567,warm_humid,3.0,3.0,2.6,180.0,plywood,0.012,rcc_slab,0.1,mineral_wool,0.1,north,1.5,0.6,0.85,2.6,32.724,37.08,0.3929,14.067
Pune,18.5204,73.8567,warm_humid,3.0,3.0,2.6,0.0,puf_sandwich_panel,0.1,rcc_slab,0.2,none,0.0,west,0.9,0.9,0.45,2.6,35.607,42.788,0.2202,14.027
Pune,18.5204,73.8567,warm_humid,3.0,3.0,2.6,90.0,plywood,0.012,concrete,0.2,eps,0.025,north,1.2,1.2,0.65,3.5,34.458,40.371,0.2738,14.026
Pune,18.5204,73.8567,warm_humid,3.0,3.0,2.6,180.0,gi_sheet,0.002,rcc_slab,0.25,none,0.0,south,1.5,1.5,0.65,5.8,36.635,49.005,0.3393,14.008
Pune,18.5204,73.8567,warm_humid,3.0,3.0,2.6,135.0,rammed_earth,0.45,brick,0.115,eps,0.025,east,1.8,1.2,0.75,5.8,33.035,36.848,0.2976,13.945
Pune,18.5204,73.8567,warm_humid,3.0,3.0,2.6,0.0,concrete,0.2,brick,0.115,mineral_wool,0.05,east,1.8,1.5,0.35,5.8,32.867,36.206,0.2679,13.96
Pune,18.5204,73.8567,warm_humid,3.0,3.0,2.6,135.0,concrete,0.2,gi_sheet,0.002,eps,0.1,west,0.9,0.6,0.85,2.6,31.359,33.91,0.5,13.962
Pune,18.5204,73.8567,warm_humid,3.0,3.0,2.6,90.0,gi_sheet,0.002,brick,0.23,mineral_wool,0.05,east,1.2,0.6,0.45,5.8,32.751,36.913,0.375,14.022
Pune,18.5204,73.8567,warm_humid,3.0,3.0,2.6,135.0,rammed_earth,0.45,rcc_slab,0.2,mineral_wool,0.05,south,1.8,0.6,0.35,2.6,30.66,33.357,0.6012,13.942
Pune,18.5204,73.8567,warm_humid,3.0,3.0,2.6,135.0,rammed_earth,0.15,rcc_slab,0.15,eps,0.1,west,0.9,1.2,0.75,5.8,31.902,34.613,0.3929,13.971
Pune,18.5204,73.8567,warm_humid,3.0,3.0,2.6,0.0,plywood,0.019,concrete,0.1,eps,0.025,north,0.6,1.5,0.45,3.5,33.969,40.883,0.369,14.071
Pune,18.5204,73.8567,warm_humid,3.0,3.0,2.6,0.0,rammed_earth,0.15,concrete,0.15,mineral_wool,0.025,east,0.6,1.5,0.85,5.8,33.764,37.678,0.1845,13.971
Pune,18.5204,73.8567,warm_humid,3.0,3.0,2.6,45.0,brick,0.23,rcc_slab,0.2,mineral_wool,0.1,south,1.8,0.9,0.35,5.8,31.272,34.006,0.494,13.955
Pune,18.5204,73.8567,warm_humid,3.0,3.0,2.6,135.0,plywood,0.012,rcc_slab,0.2,mineral_wool,0.05,west,1.8,0.9,0.35,2.6,33.055,37.432,0.3512,14.024
Pune,18.5204,73.8567,warm_humid,3.0,3.0,2.6,90.0,plywood,0.05,puf_sandwich_panel,0.05,eps,0.025,south,1.8,1.5,0.65,3.5,34.515,44.736,0.4048,14.151
Pune,18.5204,73.8567,warm_humid,3.0,3.0,2.6,135.0,brick,0.23,concrete,0.2,eps,0.1,east,0.6,1.5,0.55,5.8,31.131,33.777,0.5357,13.955
Pune,18.5204,73.8567,warm_humid,3.0,3.0,2.6,135.0,plywood,0.05,rcc_slab,0.15,eps,0.1,east,0.9,1.2,0.85,3.5,32.692,36.786,0.375,14.032
Pune,18.5204,73.8567,warm_humid,3.0,3.0,2.6,0.0,gi_sheet,0.002,puf_sandwich_panel,0.15,eps,0.1,east,1.5,0.6,0.75,5.8,32.757,38.823,0.4464,14.168
Pune,18.5204,73.8567,warm_humid,3.0,3.0,2.6,90.0,concrete,0.3,puf_sandwich_panel,0.05,mineral_wool,0.05,south,0.9,0.6,0.35,2.6,30.855,33.432,0.6071,13.949
Pune,18.5204,73.8567,warm_humid,3.0,3.0,2.6,45.0,concrete,0.15,puf_sandwich_panel,0.05,eps,0.1,west,1.5,0.6,0.45,3.5,31.449,34.133,0.5536,13.974
Pune,18.5204,73.8567,warm_humid,3.0,3.0,2.6,0.0,plywood,0.019,puf_sandwich_panel,0.05,none,0.0,east,1.2,1.2,0.45,2.6,35.045,46.925,0.4464,14.194
Pune,18.5204,73.8567,warm_humid,3.0,3.0,2.6,135.0,puf_sandwich_panel,0.15,brick,0.23,mineral_wool,0.05,west,1.8,1.2,0.45,2.6,32.372,35.759,0.3988,14.027
Pune,18.5204,73.8567,warm_humid,3.0,3.0,2.6,90.0,rammed_earth,0.3,puf_sandwich_panel,0.1,mineral_wool,0.025,east,1.5,1.5,0.65,5.8,32.559,35.684,0.2798,13.959
Pune,18.5204,73.8567,warm_humid,3.0,3.0,2.6,180.0,gi_sheet,0.002,puf_sandwich_panel,0.15,eps,0.05,west,0.9,1.5,0.45,3.5,33.039,39.478,0.4464,14.173
Pune,18.5204,73.8567,warm_humid,3.0,3.0,2.6,135.0,concrete,0.2,gi_sheet,0.002,none,0.0,south,0.6,1.5,0.75,5.8,37.042,44.889,0.131,13.962
Pune,18.5204,73.8567,warm_humid,3.0,3.0,2.6,135.0,rammed_earth,0.15,rcc_slab,0.2,mineral_wool,0.1,north,1.5,0.9,0.45,2.6,31.689,34.326,0.4524,13.967
Pune,18.5204,73.8567,warm_humid,3.0,3.0,2.6,0.0,puf_sandwich_panel,0.05,brick,0.23,none,0.0,north,0.6,0.9,0.75,5.8,34.3,39.934,0.2619,14.031
Pune,18.5204,73.8567,warm_humid,3.0,3.0,2.6,45.0,plywood,0.05,brick,0.23,mineral_wool,0.1,north,0.9,1.2,0.85,5.8,32.412,35.674,0.3869,14.016
Pune,18.5204,73.8567,warm_humid,3.0,3.0,2.6,0.0,rammed_earth,0.15,rcc_slab,0.25,mineral_wool,0.05,west,1.8,0.6,0.85,3.5,32.806,36.318,0.2738,13.964
Pune,18.5204,73.8567,warm_humid,3.0,3.0,2.6,135.0,concrete,0.2,puf_sandwich_panel,0.15,mineral_wool,0.05,west,1.5,0.6,0.85,5.8,31.999,34.827,0.3512,13.962
Pune,18.5204,73.8567,warm_humid,3.0,3.0,2.6,45.0,puf_sandwich_panel,0.15,brick,0.115,mineral_wool,0.05,west,1.2,1.2,0.55,5.8,32.412,36.916,0.4405,14.075
Pune,18.5204,73.8567,warm_humid,3.0,3.0,2.6,180.0,rammed_earth,0.15,brick,0.115,eps,0.05,north,1.5,1.2,0.85,3.5,33.528,37.191,0.1905,13.977
Pune,18.5204,73.8567,warm_humid,3.0,3.0,2.6,180.0,plywood,0.019,rcc_slab,0.25,eps,0.025,east,1.8,0.9,0.55,5.8,34.275,39.986,0.25,14.01
Pune,18.5204,73.8567,warm_humid,3.0,3.0,2.6,180.0,gi_sheet,0.002,puf_sandwich_panel,0.1,eps,0.025,south,0.9,0.9,0.85,2.6,33.503,41.377,0.4405,14.175
Pune,18.5204,73.8567,warm_humid,3.0,3.0,2.6,90.0,brick,0.345,gi_sheet,0.002,mineral_wool,0.05,west,1.2,1.2,0.65,3.5,31.703,34.593,0.4048,13.951
Pune,18.5204,73.8567,warm_humid,3.0,3.0,2.6,90.0,rammed_earth,0.45,puf_sandwich_panel,0.1,mineral_wool,0.1,south,0.9,0.9,0.45,5.8,29.838,32.071,0.9762,13.945
Pune,18.5204,73.8567,warm_humid,3.0,3.0,2.6,45.0,puf_sandwich_panel,0.05,concrete,0.1,mineral_wool,0.05,east,1.2,0.6,0.75,3.5,32.439,36.528,0.4107,14.076
Pune,18.5204,73.8567,warm_humid,3.0,3.0,2.6,0.0,brick,0.345,rcc_slab,0.15,mineral_wool,0.1,east,1.2,0.9,0.75,2.6,31.053,33.761,0.5298,13.947
Pune,18.5204,73.8567,warm_humid,3.0,3.0,2.6,45.0,plywood,0.012,concrete,0.1,mineral_wool,0.1,north,1.2,0.6,0.35,5.8,32.035,36.054,0.4643,14.067
Pune,18.5204,73.8567,warm_humid,3.0,3.0,2.6,90.0,gi_sheet,0.002,puf_sandwich_panel,0.05,mineral_wool,0.05,north,1.2,1.2,0.65,3.5,33.41,40.365,0.4345,14.168
Pune,18.5204,73.8567,warm_humid,3.0,3.0,2.6,90.0,concrete,0.3,rcc_slab,0.25,mineral_wool,0.025,north,1.5,0.9,0.45,3.5,32.505,35.883,0.3333,13.945
Pune,18.5204,73.8567,warm_humid,3.0,3.0,2.6,0.0,gi_sheet,0.002,gi_sheet,0.002,mineral_wool,0.1,east,0.6,0.9,0.85,2.6,32.729,38.68,0.4405,14.146
Pune,18.5204,73.8567,warm_humid,3.0,3.0,2.6,0.0,puf_sandwich_panel,0.15,brick,0.23,eps,0.025,east,1.5,1.2,0.35,2.6,32.644,36.337,0.3631,14.029
Pune,18.5204,73.8567,warm_humid,3.0,3.0,2.6,90.0,gi_sheet,0.002,concrete,0.15,eps,0.1,south,1.8,1.2,0.75,2.6,33.89,39.991,0.3095,14.039
Pune,18.5204,73.8567,warm_humid,3.0,3.0,2.6,180.0,plywood,0.019,rcc_slab,0.25,none,0.0,east,0.6,0.9,0.65,3.5,36.37,46.325,0.2976,14.01
Pune,18.5204,73.8567,warm_humid,3.0,3.0,2.6,135.0,rammed_earth,0.3,brick,0.115,none,0.0,north,1.2,1.2,0.85,3.5,35.886,41.045,0.1071,13.954
Pune,18.5204,73.8567,warm_humid,3.0,3.0,2.6,45.0,gi_sheet,0.002,brick,0.23,eps,0.1,west,1.2,1.2,0.85,2.6,33.196,37.919,0.3214,14.023
Pune,18.5204,73.8567,warm_humid,3.0,3.0,2.6,45.0,puf_sandwich_panel,0.075,gi_sheet,0.002,eps,0.05,south,0.9,0.6,0.35,5.8,31.757,36.92,0.5357,14.203
Pune,18.5204,73.8567,warm_humid,3.0,3.0,2.6,45.0,concrete,0.2,rcc_slab,0.15,none,0.0,west,0.9,0.6,0.65,3.5,36.485,42.913,0.0952,13.956
Pune,18.5204,73.8567,warm_humid,3.0,3.0,2.6,0.0,gi_sheet,0.002,brick,0.115,mineral_wool,0.025,south,0.9,0.6,0.35,5.8,34.044,41.372,0.3631,14.067
Pune,18.5204,73.8567,warm_humid,3.0,3.0,2.6,180.0,rammed_earth,0.15,brick,0.115,mineral_wool,0.05,north,0.9,1.5,0.85,3.5,33.148,36.597,0.2381,13.976
Pune,18.5204,73.8567,warm_humid,3.0,3.0,2.6,180.0,rammed_earth,0.15,brick,0.115,mineral_wool,0.025,east,0.9,0.9,0.65,5.8,33.593,37.626,0.1905,13.976
Pune,18.5204,73.8567,warm_humid,3.0,3.0,2.6,0.0,puf_sandwich_panel,0.1,brick,0.115,eps,0.025,east,1.8,0.9,0.75,5.8,34.059,39.701,0.3155,14.081
Pune,18.5204,73.8567,warm_humid,3.0,3.0,2.6,135.0,brick,0.23,puf_sandwich_panel,0.1,eps,0.05,south,1.5,1.5,0.35,3.5,31.971,34.94,0.375,13.966
Pune,18.5204,73.8567,warm_humid,3.0,3.0,2.6,45.0,gi_sheet,0.002,rcc_slab,0.2,mineral_wool,0.05,west,0.9,0.9,0.65,2.6,33.151,37.885,0.3452,14.02
Pune,18.5204,73.8567,warm_humid,3.0,3.0,2.6,90.0,concrete,0.15,puf_sandwich_panel,0.1,mineral_wool,0.025,west,1.5,1.2,0.65,3.5,33.045,36.622,0.2381,13.976
Pune,18.5204,73.8567,warm_humid,3.0,3.0,2.6,90.0,concrete,0.3,rcc_slab,0.15,none,0.0,east,0.6,1.5,0.35,5.8,35.745,40.909,0.1131,13.946
Pune,18.5204,73.8567,warm_humid,3.0,3.0,2.6,90.0,concrete,0.2,puf_sandwich_panel,0.15,eps,0.025,south,1.5,1.5,0.35,2.6,32.701,36.132,0.2798,13.964
Pune,18.5204,73.8567,warm_humid,3.0,3.0,2.6,90.0,rammed_earth,0.45,rcc_slab,0.1,none,0.0,west,1.8,1.2,0.85,2.6,35.644,40.557,0.1429,13.945
Pune,18.5204,73.8567,warm_humid,3.0,3.0,2.6,45.0,concrete,0.15,brick,0.23,mineral_wool,0.05,north,1.8,0.6,0.55,5.8,32.452,35.603,0.2857,13.961
Pune,18.5204,73.8567,warm_humid,3.0,3.0,2.6,135.0,plywood,0.03,brick,0.23,none,0.0,east,1.2,0.6,0.75,2.6,35.955,45.237,0.2917,14.024
Pune,18.5204,73.8567,warm_humid,3.0,3.0,2.6,0.0,rammed_earth,0.3,brick,0.115,eps,0.05,north,0.9,1.5,0.75,5.8,31.956,34.93,0.381,13.954
Pune,18.5204,73.8567,warm_humid,3.0,3.0,2.6,90.0,brick,0.115,gi_sheet,0.002,eps,0.05,north,1.2,1.5,0.35,2.6,33.004,36.752,0.3036,13.998
Pune,18.5204,73.8567,warm_humid,3.0,3.0,2.6,90.0,gi_sheet,0.002,rcc_slab,0.2,eps,0.025,north,1.2,0.6,0.65,5.8,34.013,39.679,0.2976,14.021
Pune,18.5204,73.8567,warm_humid,3.0,3.0,2.6,135.0,gi_sheet,0.002,brick,0.23,eps,0.05,west,1.5,0.6,0.65,3.5,33.19,37.632,0.3393,14.024
Pune,18.5204,73.8567,warm_humid,3.0,3.0,2.6,180.0,concrete,0.2,rcc_slab,0.15,mineral_wool,0.1,west,1.2,0.6,0.35,2.6,31.057,33.564,0.5893,13.955
Pune,18.5204,73.8567,warm_humid,3.0,3.0,2.6,180.0,plywood,0.03,brick,0.115,none,0.0,south,1.5,0.9,0.65,5.8,36.582,48.978,0.3452,14.068
Pune,18.5204,73.8567,warm_humid,3.0,3.0,2.6,0.0,gi_sheet,0.002,brick,0.23,eps,0.1,west,1.8,1.2,0.85,3.5,34.334,40.565,0.244,14.023
Pune,18.5204,73.8567,warm_humid,3.0,3.0,2.6,180.0,concrete,0.3,puf_sandwich_panel,0.15,eps,0.1,east,1.2,1.2,0.35,2.6,30.738,33.282,0.6548,13.95
Pune,18.5204,73.8567,warm_humid,3.0,3.0,2.6,0.0,plywood,0.03,gi_sheet,0.002,eps,0.1,south,0.6,1.2,0.65,2.6,32.216,37.498,0.4881,14.158
Pune,18.5204,73.8567,warm_humid,3.0,3.0,2.6,90.0,concrete,0.3,brick,0.23,eps,0.05,north,0.9,0.9,0.35,2.6,31.188,33.986,0.5119,13.945
Pune,18.5204,73.8567,warm_humid,3.0,3.0,2.6,135.0,brick,0.23,brick,0.115,mineral_wool,0.025,north,1.2,0.9,0.65,3.5,33.446,37.075,0.2381,13.959
Pune,18.5204,73.8567,warm_humid,3.0,3.0,2.6,0.0,puf_sandwich_panel,0.1,rcc_slab,0.25,mineral_wool,0.1,north,0.6,1.5,0.75,2.6,31.19,33.592,0.625,14.009
Pune,18.5204,73.8567,warm_humid,3.0,3.0,2.6,135.0,concrete,0.1,concrete,0.1,eps,0.025,north,1.2,0.6,0.75,5.8,34.137,38.574,0.1667,13.981
Pune,18.5204,73.8567,warm_humid,3.0,3.0,2.6,135.0,plywood,0.019,rcc_slab,0.25,mineral_wool,0.05,north,0.6,0.9,0.45,2.6,32.612,36.233,0.369,14.009
Pune,18.5204,73.8567,warm_humid,3.0,3.0,2.6,90.0,gi_sheet,0.002,puf_sandwich_panel,0.05,eps,0.1,south,1.5,1.2,0.35,5.8,32.511,39.212,0.4881,14.173
Pune,18.5204,73.8567,warm_humid,3.0,3.0,2.6,90.0,gi_sheet,0.002,rcc_slab,0.25,eps,0.025,south,1.2,0.6,0.35,2.6,33.674,38.839,0.3036,14.008
Pune,18.5204,73.8567,warm_humid,3.0,3.0,2.6,45.0,concrete,0.1,gi_sheet,0.002,none,0.0,north,1.2,0.6,0.35,5.8,37.352,49.221,0.2857,13.994
Pune,18.5204,73.8567,warm_humid,3.0,3.0,2.6,180.0,gi_sheet,0.002,gi_sheet,0.002,none,0.0,north,0.9,1.2,0.85,3.5,37.176,54.95,0.4524,13.409
Pune,18.5204,73.8567,warm_humid,3.0,3.0,2.6,45.0,brick,0.23,puf_sandwich_panel,0.05,mineral_wool,0.025,west,1.2,0.9,0.35,3.5,32.266,35.386,0.3333,13.964
Pune,18.5204,73.8567,warm_humid,3.0,3.0,2.6,0.0,puf_sandwich_panel,0.05,puf_sandwich_panel,0.05,mineral_wool,0.05,south,0.6,1.2,0.75,3.5,31.713,36.559,0.5357,14.212
Pune,18.5204,73.8567,warm_humid,3.0,3.0,2.6,180.0,brick,0.345,concrete,0.2,none,0.0,north,0.6,0.9,0.85,5.8,35.093,39.739,0.1667,13.946
Pune,18.5204,73.8567,warm_humid,3.0,3.0,2.6,135.0,gi_sheet,0.002,brick,0.115,mineral_wool,0.025,north,1.8,1.2,0.55,5.8,34.902,42.907,0.3393,14.067
Pune,18.5204,73.8567,warm_humid,3.0,3.0,2.6,45.0,concrete,0.1,concrete,0.15,eps,0.025,north,0.6,1.5,0.45,3.5,33.813,38.042,0.1845,13.976
Pune,18.5204,73.8567,warm_humid,3.0,3.0,2.6,0.0,brick,0.345,rcc_slab,0.25,none,0.0,south,0.9,1.2,0.55,3.5,34.855,39.372,0.1845,13.945
Pune,18.5204,73.8567,warm_humid,3.0,3.0,2.6,180.0,rammed_earth,0.15,concrete,0.1,mineral_wool,0.1,west,1.2,1.5,0.55,3.5,32.456,35.408,0.3036,13.976
Pune,18.5204,73.8567,warm_humid,3.0,3.0,2.6,0.0,rammed_earth,0.3,rcc_slab,0.2,mineral_wool,0.025,east,1.2,1.5,0.45,5.8,32.8,36.184,0.2798,13.951
Pune,18.5204,73.8567,warm_humid,3.0,3.0,2.6,90.0,gi_sheet,0.002,gi_sheet,0.002,eps,0.025,east,0.9,1.5,0.85,3.5,34.672,44.897,0.4226,14.166
Pune,18.5204,73.8567,warm_humid,3.0,3.0,2.6,45.0,rammed_earth,0.15,rcc_slab,0.15,none,0.0,west,0.9,1.5,0.85,5.8,36.744,44.351,0.131,13.972
Pune,18.5204,73.8567,warm_humid,3.0,3.0,2.6,45.0,puf_sandwich_panel,0.1,rcc_slab,0.25,mineral_wool,0.025,north,0.6,0.6,0.55,5.8,32.047,35.143,0.4702,14.012
Pune,18.5204,73.8567,warm_humid,3.0,3.0,2.6,0.0,brick,0.23,brick,0.23,mineral_wool,0.025,south,1.8,0.9,0.45,3.5,32.992,36.441,0.2679,13.956
Pune,18.5204,73.8567,warm_humid,3.0,3.0,2.6,90.0,puf_sandwich_panel,0.15,puf_sandwich_panel,0.075,eps,0.1,east,1.8,0.9,0.75,5.8,32.217,37.473,0.506,14.202
Pune,18.5204,73.8567,warm_humid,3.0,3.0,2.6,0.0,gi_sheet,0.002,concrete,0.2,mineral_wool,0.1,south,0.9,1.2,0.85,2.6,32.859,36.896,0.3512,14.018
Pune,18.5204,73.8567,warm_humid,3.0,3.0,2.6,45.0,plywood,0.012,rcc_slab,0.1,mineral_wool,0.025,east,1.8,1.2,0.35,3.5,34.463,42.191,0.3512,14.073
Pune,18.5204,73.8567,warm_humid,3.0,3.0,2.6,45.0,brick,0.23,brick,0.23,mineral_wool,0.025,east,1.2,1.2,0.65,5.8,33.369,36.968,0.25,13.956
Pune,18.5204,73.8567,warm_humid,3.0,3.0,2.6,90.0,rammed_earth,0.15,gi_sheet,0.002,mineral_wool,0.1,north,0.9,1.5,0.55,2.6,32.087,34.897,0.4107,13.985
Pune,18.5204,73.8567,warm_humid,3.0,3.0,2.6,45.0,rammed_earth,0.15,brick,0.23,mineral_wool,0.025,south,1.2,0.6,0.65,2.6,33.236,36.945,0.2381,13.968
Pune,18.5204,73.8567,warm_humid,3.0,3.0,2.6,90.0,brick,0.23,puf_sandwich_panel,0.15,eps,0.1,south,0.9,1.2,0.85,5.8,31.646,34.519,0.4226,13.964
Pune,18.5204,73.8567,warm_humid,3.0,3.0,2.6,90.0,gi_sheet,0.002,gi_sheet,0.002,eps,0.025,south,0.9,1.2,0.35,5.8,34.09,43.788,0.4345,14.166
Pune,18.5204,73.8567,warm_humid,3.0,3.0,2.6,180.0,brick,0.115,gi_sheet,0.002,eps,0.05,south,1.5,1.5,0.45,2.6,33.129,37.028,0.2976,13.999
Pune,18.5204,73.8567,warm_humid,3.0,3.0,2.6,90.0,plywood,0.012,puf_sandwich_panel,0.05,eps,0.05,south,0.9,0.9,0.75,2.6,33.001,40.655,0.4643,14.204
Pune,18.5204,73.8567,warm_humid,3.0,3.0,2.6,0.0,brick,0.23,brick,0.23,mineral_wool,0.1,west,0.9,0.6,0.55,5.8,30.864,33.423,0.631,13.955
Pune,18.5204,73.8567,warm_humid,3.0,3.0,2.6,0.0,gi_sheet,0.002,rcc_slab,0.2,mineral_wool,0.1,north,1.2,1.5,0.85,2.6,33.126,37.386,0.3333,14.018
Pune,18.5204,73.8567,warm_humid,3.0,3.0,2.6,0.0,puf_sandwich_panel,0.15,gi_sheet,0.002,mineral_wool,0.1,south,1.5,1.5,0.75,5.8,33.13,39.407,0.4286,14.173
Pune,18.5204,73.8567,warm_humid,3.0,3.0,2.6,90.0,concrete,0.2,brick,0.23,mineral_wool,0.025,east,0.9,1.5,0.65,3.5,33.232,36.777,0.256,13.955
Pune,18.5204,73.8567,warm_humid,3.0,3.0,2.6,0.0,puf_sandwich_panel,0.15,puf_sandwich_panel,0.05,eps,0.05,south,1.5,1.5,0.85,3.5,33.366,40.382,0.4405,14.208
Pune,18.5204,73.8567,warm_humid,3.0,3.0,2.6,45.0,rammed_earth,0.15,brick,0.115,mineral_wool,0.1,south,1.5,0.6,0.65,3.5,31.833,34.717,0.4345,13.975
Pune,18.5204,73.8567,warm_humid,3.0,3.0,2.6,45.0,plywood,0.019,concrete,0.1,eps,0.025,east,0.9,0.6,0.55,5.8,34.075,40.968,0.3452,14.071
Pune,18.5204,73.8567,warm_humid,3.0,3.0,2.6,45.0,puf_sandwich_panel,0.1,rcc_slab,0.2,mineral_wool,0.1,south,1.8,0.6,0.35,5.8,31.191,33.872,0.6369,14.023
Pune,18.5204,73.8567,warm_humid,3.0,3.0,2.6,0.0,gi_sheet,0.002,brick,0.23,eps,0.1,east,0.6,1.2,0.45,3.5,32.286,35.977,0.4167,14.023
Pune,18.5204,73.8567,warm_humid,3.0,3.0,2.6,135.0,plywood,0.05,puf_sandwich_panel,0.075,none,0.0,north,0.6,1.5,0.85,5.8,34.394,43.499,0.3988,14.148
Pune,18.5204,73.8567,warm_humid,3.0,3.0,2.6,135.0,plywood,0.012,rcc_slab,0.1,eps,0.05,west,1.5,1.5,0.85,5.8,34.651,41.348,0.3155,14.074
Pune,18.5204,73.8567,warm_humid,3.0,3.0,2.6,90.0,gi_sheet,0.002,gi_sheet,0.002,mineral_wool,0.05,south,1.5,1.5,0.65,5.8,34.417,44.62,0.4048,14.159
Pune,18.5204,73.8567,warm_humid,3.0,3.0,2.6,135.0,gi_sheet,0.002,gi_sheet,0.002,eps,0.1,west,1.8,0.6,0.55,5.8,32.671,38.41,0.4524,14.161
Pune,18.5204,73.8567,warm_humid,3.0,3.0,2.6,0.0,brick,0.345,puf_sandwich_panel,0.15,mineral_wool,0.025,south,1.5,0.9,0.55,5.8,31.669,34.533,0.4048,13.951
Pune,18.5204,73.8567,warm_humid,3.0,3.0,2.6,90.0,brick,0.115,rcc_slab,0.15,mineral_wool,0.025,east,1.8,0.9,0.45,3.5,33.859,38.044,0.1905,13.978
Pune,18.5204,73.8567,warm_humid,3.0,3.0,2.6,0.0,rammed_earth,0.45,rcc_slab,0.25,mineral_wool,0.025,north,0.6,1.5,0.65,5.8,31.452,34.506,0.4583,13.942
Pune,18.5204,73.8567,warm_humid,3.0,3.0,2.6,90.0,concrete,0.3,gi_sheet,0.002,mineral_wool,0.025,west,0.9,1.5,0.65,3.5,32.818,36.23,0.2798,13.95
Pune,18.5204,73.8567,warm_humid,3.0,3.0,2.6,135.0,plywood,0.019,concrete,0.1,mineral_wool,0.05,west,1.8,0.9,0.45,3.5,33.337,38.757,0.369,14.068
Pune,18.5204,73.8567,warm_humid,3.0,3.0,2.6,0.0,brick,0.115,gi_sheet,0.002,mineral_wool,0.1,west,1.5,0.6,0.55,3.5,32.148,35.399,0.4286,13.995
Pune,18.5204,73.8567,warm_humid,3.0,3.0,2.6,180.0,rammed_earth,0.3,rcc_slab,0.25,none,0.0,west,1.2,1.5,0.75,5.8,35.566,40.43,0.125,13.95
Pune,18.5204,73.8567,warm_humid,3.0,3.0,2.6,135.0,rammed_earth,0.45,brick,0.23,mineral_wool,0.05,east,1.8,1.2,0.85,5.8,32.304,35.866,0.369,13.943
Pune,18.5204,73.8567,warm_humid,3.0,3.0,2.6,135.0,puf_sandwich_panel,0.1,concrete,0.15,mineral_wool,0.025,north,1.8,0.9,0.35,5.8,32.901,37.203,0.369,14.047
Pune,18.5204,73.8567,warm_humid,3.0,3.0,2.6,90.0,puf_sandwich_panel,0.15,puf_sandwich_panel,0.15,none,0.0,east,0.9,0.9,0.65,3.5,31.214,35.202,0.5952,14.209
Pune,18.5204,73.8567,warm_humid,3.0,3.0,2.6,135.0,puf_sandwich_panel,0.15,puf_sandwich_panel,0.1,mineral_wool,0.05,west,1.5,1.5,0.85,5.8,33.305,39.286,0.4226,14.197
Pune,18.5204,73.8567,warm_humid,3.0,3.0,2.6,135.0,rammed_earth,0.3,rcc_slab,0.15,eps,0.05,east,0.9,0.9,0.85,5.8,31.843,34.899,0.3988,13.952
Pune,18.5204,73.8567,warm_humid,3.0,3.0,2.6,135.0,brick,0.345,concrete,0.2,mineral_wool,0.025,north,1.2,1.5,0.35,2.6,32.455,35.786,0.3333,13.947
Pune,18.5204,73.8567,warm_humid,3.0,3.0,2.6,180.0,concrete,0.1,concrete,0.15,mineral_wool,0.1,west,1.2,1.5,0.65,3.5,32.995,36.209,0.25,13.976
Pune,18.5204,73.8567,warm_humid,3.0,3.0,2.6,90.0,concrete,0.1,puf_sandwich_panel,0.15,mineral_wool,0.025,north,1.2,0.9,0.35,2.6,32.897,36.689,0.3274,13.995
Pune,18.5204,73.8567,warm_humid,3.0,3.0,2.6,45.0,concrete,0.2,concrete,0.15,none,0.0,west,0.6,1.2,0.75,2.6,36.56,43.065,0.0952,13.956
Pune,18.5204,73.8567,warm_humid,3.0,3.0,2.6,0.0,gi_sheet,0.002,concrete,0.1,eps,0.05,south,0.9,0.6,0.55,5.8,33.146,38.839,0.381,14.065
Pune,18.5204,73.8567,warm_humid,3.0,3.0,2.6,0.0,concrete,0.2,gi_sheet,0.002,mineral_wool,0.05,north,0.6,0.6,0.55,3.5,31.93,34.865,0.381,13.962
Pune,18.5204,73.8567,warm_humid,3.0,3.0,2.6,0.0,plywood,0.019,puf_sandwich_panel,0.075,eps,0.05,east,1.5,1.2,0.65,5.8,33.686,41.038,0.4286,14.191
Pune,18.5204,73.8567,warm_humid,3.0,3.0,2.6,45.0,gi_sheet,0.002,rcc_slab,0.1,mineral_wool,0.025,north,0.9,1.2,0.75,5.8,34.568,42.241,0.3333,14.064
Pune,18.5204,73.8567,warm_humid,3.0,3.0,2.6,45.0,brick,0.115,brick,0.23,eps,0.025,west,1.5,1.2,0.55,5.8,34.024,38.397,0.1607,13.975
Pune,18.5204,73.8567,warm_humid,3.0,3.0,2.6,180.0,brick,0.345,concrete,0.2,mineral_wool,0.025,south,0.6,0.9,0.35,5.8,31.875,34.996,0.3929,13.946
Pune,18.5204,73.8567,warm_humid,3.0,3.0,2.6,180.0,gi_sheet,0.002,concrete,0.15,eps,0.025,east,1.5,0.9,0.85,3.5,34.944,42.729,0.2917,14.04
Pune,18.5204,73.8567,warm_humid,3.0,3.0,2.6,90.0,gi_sheet,0.002,rcc_slab,0.25,mineral_wool,0.1,east,1.5,0.9,0.65,2.6,32.486,35.95,0.375,14.006
Pune,18.5204,73.8567,warm_humid,3.0,3.0,2.6,135.0,gi_sheet,0.002,rcc_slab,0.2,mineral_wool,0.1,north,0.9,0.9,0.85,3.5,32.67,36.228,0.3571,14.018
Pune,18.5204,73.8567,warm_humid,3.0,3.0,2.6,90.0,plywood,0.019,rcc_slab,0.15,eps,0.05,north,0.9,0.9,0.65,5.8,33.098,37.655,0.369,14.043
Pune,18.5204,73.8567,warm_humid,3.0,3.0,2.6,135.0,puf_sandwich_panel,0.05,gi_sheet,0.002,eps,0.1,south,0.6,0.9,0.85,2.6,31.629,36.506,0.5417,14.202
Pune,18.5204,73.8567,warm_humid,3.0,3.0,2.6,90.0,plywood,0.05,gi_sheet,0.002,mineral_wool,0.1,east,1.5,0.6,0.55,3.5,32.001,36.43,0.5,14.123
Pune,18.5204,73.8567,warm_humid,3.0,3.0,2.6,180.0,concrete,0.15,concrete,0.15,mineral_wool,0.1,east,1.8,1.2,0.45,2.6,32.383,35.618,0.2976,13.964
Pune,18.5204,73.8567,warm_humid,3.0,3.0,2.6,180.0,concrete,0.15,gi_sheet,0.002,eps,0.05,south,1.8,0.6,0.35,2.6,32.418,35.522,0.3274,13.974
Pune,18.5204,73.8567,warm_humid,3.0,3.0,2.6,0.0,puf_sandwich_panel,0.075,puf_sandwich_panel,0.075,eps,0.05,south,1.8,1.2,0.45,3.5,32.13,37.755,0.5179,14.218
Pune,18.5204,73.8567,warm_humid,3.0,3.0,2.6,90.0,plywood,0.012,puf_sandwich_panel,0.15,mineral_wool,0.05,west,1.8,0.6,0.85,2.6,32.762,39.279,0.4643,14.191
Pune,18.5204,73.8567,warm_humid,3.0,3.0,2.6,135.0,puf_sandwich_panel,0.075,rcc_slab,0.2,eps,0.025,south,0.9,0.9,0.65,3.5,32.721,36.736,0.3631,14.028
Pune,18.5204,73.8567,warm_humid,3.0,3.0,2.6,0.0,plywood,0.05,puf_sandwich_panel,0.075,eps,0.05,south,0.9,0.9,0.75,3.5,32.447,37.87,0.4762,14.145
Pune,18.5204,73.8567,warm_humid,3.0,3.0,2.6,45.0,plywood,0.05,brick,0.23,none,0.0,west,1.5,0.9,0.55,2.6,35.633,43.76,0.2679,14.019
Pune,18.5204,73.8567,warm_humid,3.0,3.0,2.6,180.0,plywood,0.019,gi_sheet,0.002,eps,0.05,west,0.6,0.6,0.35,2.6,32.804,39.267,0.4583,14.178
Pune,18.5204,73.8567,warm_humid,3.0,3.0,2.6,90.0,rammed_earth,0.3,rcc_slab,0.15,mineral_wool,0.025,west,1.8,1.2,0.35,3.5,32.551,35.815,0.2976,13.953
Pune,18.5204,73.8567,warm_humid,3.0,3.0,2.6,0.0,plywood,0.05,rcc_slab,0.15,mineral_wool,0.05,east,1.2,0.6,0.85,2.6,33.043,37.207,0.3512,14.031
Pune,18.5204,73.8567,warm_humid,3.0,3.0,2.6,90.0,plywood,0.012,concrete,0.2,none,0.0,south,0.6,1.2,0.45,3.5,36.656,48.71,0.3274,14.025
Pune,18.5204,73.8567,warm_humid,3.0,3.0,2.6,0.0,puf_sandwich_panel,0.075,brick,0.115,eps,0.1,east,1.8,1.2,0.85,5.8,33.947,38.979,0.3095,14.08
Pune,18.5204,73.8567,warm_humid,3.0,3.0,2.6,180.0,plywood,0.012,rcc_slab,0.15,eps,0.1,east,1.2,0.9,0.35,5.8,32.264,36.223,0.4286,14.044
Pune,18.5204,73.8567,warm_humid,3.0,3.0,2.6,0.0,concrete,0.15,concrete,0.1,eps,0.1,east,0.9,1.5,0.45,3.5,31.993,34.863,0.369,13.967
Pune,18.5204,73.8567,warm_humid,3.0,3.0,2.6,90.0,rammed_earth,0.45,brick,0.115,eps,0.05,south,0.9,0.6,0.85,3.5,30.887,33.689,0.5595,13.944
Pune,18.5204,73.8567,warm_humid,3.0,3.0,2.6,180.0,gi_sheet,0.002,brick,0.115,mineral_wool,0.05,west,0.9,0.9,0.85,5.8,33.729,39.347,0.3452,14.065
Pune,18.5204,73.8567,warm_humid,3.0,3.0,2.6,180.0,concrete,0.1,rcc_slab,0.15,mineral_wool,0.1,east,0.9,1.5,0.85,3.5,32.975,36.555,0.2619,13.976
Pune,18.5204,73.8567,warm_humid,3.0,3.0,2.6,0.0,puf_sandwich_panel,0.05,rcc_slab,0.15,mineral_wool,0.1,east,1.2,1.2,0.55,5.8,32.159,35.451,0.4345,14.044
Pune,18.5204,73.8567,warm_humid,3.0,3.0,2.6,180.0,concrete,0.1,brick,0.115,mineral_wool,0.025,south,0.9,1.2,0.75,2.6,34.07,38.469,0.1726,13.982
Pune,18.5204,73.8567,warm_humid,3.0,3.0,2.6,180.0,brick,0.115,gi_sheet,0.002,mineral_wool,0.05,east,0.9,1.2,0.65,2.6,33.264,37.336,0.2619,13.996
Pune,18.5204,73.8567,warm_humid,3.0,3.0,2.6,0.0,concrete,0.1,puf_sandwich_panel,0.1,mineral_wool,0.025,west,1.5,0.9,0.75,5.8,33.81,38.709,0.2262,13.996
Pune,18.5204,73.8567,warm_humid,3.0,3.0,2.6,90.0,brick,0.115,gi_sheet,0.002,mineral_wool,0.025,south,0.9,0.6,0.35,5.8,33.622,38.113,0.25,13.995
Pune,18.5204,73.8567,warm_humid,3.0,3.0,2.6,180.0,plywood,0.03,rcc_slab,0.2,mineral_wool,0.1,east,0.6,0.9,0.55,5.8,31.806,34.892,0.506,14.018
Pune,18.5204,73.8567,warm_humid,3.0,3.0,2.6,180.0,rammed_earth,0.45,brick,0.23,mineral_wool,0.05,south,0.9,1.2,0.75,3.5,30.848,33.587,0.5595,13.943
Pune,18.5204,73.8567,warm_humid,3.0,3.0,2.6,135.0,gi_sheet,0.002,concrete,0.1,eps,0.025,south,0.6,1.2,0.35,2.6,34.099,41.339,0.3512,14.065
Pune,18.5204,73.8567,warm_humid,3.0,3.0,2.6,45.0,brick,0.23,puf_sandwich_panel,0.075,eps,0.1,south,1.5,1.5,0.35,5.8,31.635,34.466,0.4643,13.966
Pune,18.5204,73.8567,warm_humid,3.0,3.0,2.6,45.0,puf_sandwich_panel,0.075,rcc_slab,0.1,mineral_wool,0.025,north,1.5,0.9,0.65,5.8,33.418,38.666,0.3512,14.077
Pune,18.5204,73.8567,warm_humid,3.0,3.0,2.6,135.0,puf_sandwich_panel,0.075,puf_sandwich_panel,0.075,eps,0.05,south,1.2,1.5,0.85,2.6,33.033,40.728,0.4464,14.218
Pune,18.5204,73.8567,warm_humid,3.0,3.0,2.6,90.0,puf_sandwich_panel,0.15,concrete,0.1,eps,0.1,west,0.6,1.2,0.75,2.6,31.212,34.078,0.6131,14.073
Pune,18.5204,73.8567,warm_humid,3.0,3.0,2.6,180.0,rammed_earth,0.3,rcc_slab,0.15,mineral_wool,0.1,west,1.2,1.5,0.85,2.6,32.264,35.316,0.3571,13.952
Pune,18.5204,73.8567,warm_humid,3.0,3.0,2.6,45.0,rammed_earth,0.3,brick,0.23,none,0.0,west,1.8,1.2,0.65,3.5,34.979,39.686,0.1429,13.952
Pune,18.5204,73.8567,warm_humid,3.0,3.0,2.6,45.0,puf_sandwich_panel,0.05,brick,0.115,eps,0.1,north,1.5,0.6,0.75,2.6,31.906,35.421,0.4881,14.081
Pune,18.5204,73.8567,warm_humid,3.0,3.0,2.6,0.0,puf_sandwich_panel,0.15,gi_sheet,0.002,mineral_wool,0.1,east,1.5,1.5,0.75,2.6,33.677,39.721,0.375,14.173
Pune,18.5204,73.8567,warm_humid,3.0,3.0,2.6,0.0,rammed_earth,0.45,rcc_slab,0.25,eps,0.025,east,1.8,0.9,0.75,3.5,32.345,35.755,0.3631,13.942
Pune,18.5204,73.8567,warm_humid,3.0,3.0,2.6,135.0,gi_sheet,0.002,gi_sheet,0.002,eps,0.1,east,1.8,1.2,0.65,3.5,33.856,42.446,0.4167,14.162
Pune,18.5204,73.8567,warm_humid,3.0,3.0,2.6,0.0,brick,0.23,gi_sheet,0.002,eps,0.05,north,0.6,0.9,0.35,2.6,31.766,34.583,0.4286,13.963
Pune,18.5204,73.8567,warm_humid,3.0,3.0,2.6,90.0,concrete,0.2,gi_sheet,0.002,eps,0.05,west,1.5,0.6,0.35,5.8,31.927,34.795,0.381,13.962
Pune,18.5204,73.8567,warm_humid,3.0,3.0,2.6,90.0,gi_sheet,0.002,brick,0.23,none,0.0,south,0.9,0.6,0.75,3.5,36.225,48.798,0.375,14.023
Pune,18.5204,73.8567,warm_humid,3.0,3.0,2.6,90.0,puf_sandwich_panel,0.15,rcc_slab,0.15,eps,0.1,south,1.5,0.6,0.45,5.8,31.262,34.216,0.6429,14.045
Pune,18.5204,73.8567,warm_humid,3.0,3.0,2.6,45.0,puf_sandwich_panel,0.1,rcc_slab,0.25,eps,0.05,south,0.6,0.9,0.85,3.5,31.777,34.752,0.506,14.012
Pune,18.5204,73.8567,warm_humid,3.0,3.0,2.6,135.0,concrete,0.1,rcc_slab,0.15,eps,0.025,west,1.5,1.5,0.85,5.8,34.99,39.829,0.119,13.978
Pune,18.5204,73.8567,warm_humid,3.0,3.0,2.6,135.0,brick,0.345,brick,0.23,none,0.0,north,0.6,0.6,0.55,2.6,34.153,38.325,0.2143,13.946
Pune,18.5204,73.8567,warm_humid,3.0,3.0,2.6,90.0,rammed_earth,0.3,concrete,0.1,eps,0.1,north,1.2,1.2,0.55,5.8,31.331,33.97,0.4583,13.954
Pune,18.5204,73.8567,warm_humid,3.0,3.0,2.6,0.0,gi_sheet,0.002,puf_sandwich_panel,0.15,mineral_wool,0.05,east,0.9,0.6,0.45,2.6,32.587,39.002,0.4702,14.164
Pune,18.5204,73.8567,warm_humid,3.0,3.0,2.6,135.0,rammed_earth,0.45,puf_sandwich_panel,0.075,none,0.0,north,1.2,1.5,0.65,2.6,32.658,36.014,0.3036,13.947
Pune,18.5204,73.8567,warm_humid,3.0,3.0,2.6,90.0,gi_sheet,0.002,concrete,0.1,eps,0.1,south,1.2,0.9,0.45,5.8,32.43,37.137,0.4464,14.064
Pune,18.5204,73.8567,warm_humid,3.0,3.0,2.6,180.0,puf_sandwich_panel,0.1,rcc_slab,0.1,eps,0.1,west,1.5,0.9,0.75,5.8,32.532,36.291,0.4048,14.076
Pune,18.5204,73.8567,warm_humid,3.0,3.0,2.6,180.0,rammed_earth,0.15,brick,0.23,none,0.0,west,1.5,1.2,0.85,2.6,36.075,42.259,0.1131,13.969
Pune,18.5204,73.8567,warm_humid,3.0,3.0,2.6,0.0,plywood,0.012,gi_sheet,0.002,none,0.0,east,1.2,1.5,0.75,3.5,37.652,55.645,0.4345,14.138
Pune,18.5204,73.8567,warm_humid,3.0,3.0,2.6,180.0,brick,0.115,brick,0.115,eps,0.025,north,1.2,1.5,0.75,2.6,34.59,39.327,0.1488,13.985
Pune,18.5204,73.8567,warm_humid,3.0,3.0,2.6,90.0,brick,0.23,gi_sheet,0.002,none,0.0,east,1.8,0.6,0.85,5.8,36.923,43.848,0.0893,13.964
Pune,18.5204,73.8567,warm_humid,3.0,3.0,2.6,90.0,puf_sandwich_panel,0.1,rcc_slab,0.2,eps,0.05,east,0.6,0.6,0.75,5.8,31.474,34.233,0.5774,14.027
Pune,18.5204,73.8567,warm_humid,3.0,3.0,2.6,90.0,brick,0.23,gi_sheet,0.002,eps,0.1,west,0.6,0.9,0.45,3.5,30.828,33.144,0.6964,13.963
Pune,18.5204,73.8567,warm_humid,3.0,3.0,2.6,135.0,gi_sheet,0.002,concrete,0.2,none,0.0,west,0.6,1.2,0.85,5.8,36.834,50.402,0.3631,14.021
Pune,18.5204,73.8567,warm_humid,3.0,3.0,2.6,0.0,rammed_earth,0.3,puf_sandwich_panel,0.15,mineral_wool,0.025,south,1.2,1.5,0.55,3.5,32.086,35.031,0.3452,13.958
Pune,18.5204,73.8567,warm_humid,3.0,3.0,2.6,180.0,gi_sheet,0.002,brick,0.23,eps,0.025,east,1.5,0.9,0.45,5.8,34.159,40.358,0.3095,14.024
Pune,18.5204,73.8567,warm_humid,3.0,3.0,2.6,0.0,rammed_earth,0.45,rcc_slab,0.25,none,0.0,east,0.6,0.6,0.45,2.6,33.882,38.03,0.2381,13.941
Pune,18.5204,73.8567,warm_humid,3.0,3.0,2.6,0.0,gi_sheet,0.002,concrete,0.15,mineral_wool,0.025,north,1.2,0.6,0.75,5.8,34.143,40.764,0.3393,14.039
Pune,18.5204,73.8567,warm_humid,3.0,3.0,2.6,90.0,gi_sheet,0.002,concrete,0.15,mineral_wool,0.025,south,1.5,1.5,0.55,2.6,34.754,42.621,0.3155,14.039
Pune,18.5204,73.8567,warm_humid,3.0,3.0,2.6,90.0,rammed_earth,0.45,gi_sheet,0.002,eps,0.1,east,0.9,0.6,0.45,3.5,29.869,32.073,0.9762,13.945
Pune,18.5204,73.8567,warm_humid,3.0,3.0,2.6,45.0,concrete,0.2,brick,0.115,mineral_wool,0.05,south,0.9,1.5,0.75,2.6,32.911,36.446,0.2738,13.958
Pune,18.5204,73.8567,warm_humid,3.0,3.0,2.6,90.0,concrete,0.1,puf_sandwich_panel,0.1,eps,0.025,south,1.5,1.2,0.65,3.5,33.815,38.733,0.2381,13.997
Pune,18.5204,73.8567,warm_humid,3.0,3.0,2.6,45.0,puf_sandwich_panel,0.05,gi_sheet,0.002,mineral_wool,0.05,south,1.5,0.6,0.55,3.5,32.402,38.67,0.494,14.197
Pune,18.5204,73.8567,warm_humid,3.0,3.0,2.6,0.0,rammed_earth,0.45,rcc_slab,0.25,mineral_wool,0.1,south,1.5,0.9,0.35,3.5,29.999,32.363,0.8869,13.942
Pune,18.5204,73.8567,warm_humid,3.0,3.0,2.6,90.0,concrete,0.15,puf_sandwich_panel,0.15,mineral_wool,0.05,north,0.6,1.2,0.55,3.5,31.876,34.617,0.4286,13.974
Pune,18.5204,73.8567,warm_humid,3.0,3.0,2.6,90.0,brick,0.115,gi_sheet,0.002,eps,0.025,south,1.2,0.6,0.35,5.8,33.68,38.265,0.25,13.996
Pune,18.5204,73.8567,warm_humid,3.0,3.0,2.6,180.0,puf_sandwich_panel,0.15,concrete,0.2,mineral_wool,0.025,west,1.5,1.5,0.45,2.6,33.344,37.492,0.2857,14.026
Pune,18.5204,73.8567,warm_humid,3.0,3.0,2.6,0.0,brick,0.345,puf_sandwich_panel,0.15,eps,0.1,north,0.9,0.6,0.85,2.6,30.171,32.409,0.881,13.951
Pune,18.5204,73.8567,warm_humid,3.0,3.0,2.6,180.0,plywood,0.012,gi_sheet,0.002,mineral_wool,0.05,south,0.9,1.2,0.35,3.5,33.027,40.028,0.4583,14.182
Pune,18.5204,73.8567,warm_humid,3.0,3.0,2.6,90.0,plywood,0.019,puf_sandwich_panel,0.05,mineral_wool,0.025,east,0.9,0.9,0.85,3.5,33.454,41.378,0.4524,14.189
Pune,18.5204,73.8567,warm_humid,3.0,3.0,2.6,0.0,gi_sheet,0.002,gi_sheet,0.002,eps,0.025,east,0.6,1.2,0.65,3.5,34.396,44.238,0.4226,14.165
Pune,18.5204,73.8567,warm_humid,3.0,3.0,2.6,180.0,rammed_earth,0.15,puf_sandwich_panel,0.1,mineral_wool,0.025,west,0.9,1.2,0.55,3.5,32.766,36.169,0.3155,13.986
Pune,18.5204,73.8567,warm_humid,3.0,3.0,2.6,180.0,puf_sandwich_panel,0.075,concrete,0.2,mineral_wool,0.05,south,1.8,1.5,0.35,2.6,32.197,35.715,0.4286,14.026
Pune,18.5204,73.8567,warm_humid,3.0,3.0,2.6,135.0,puf_sandwich_panel,0.075,puf_sandwich_panel,0.05,eps,0.05,south,1.8,1.5,0.45,5.8,32.61,39.86,0.4821,14.219
Pune,18.5204,73.8567,warm_humid,3.0,3.0,2.6,90.0,brick,0.23,brick,0.115,mineral_wool,0.1,north,0.9,1.2,0.35,5.8,31.125,33.612,0.5595,13.959
Pune,18.5204,73.8567,warm_humid,3.0,3.0,2.6,90.0,concrete,0.2,brick,0.23,mineral_wool,0.05,east,1.5,1.5,0.65,2.6,32.848,36.151,0.2738,13.955
Pune,18.5204,73.8567,warm_humid,3.0,3.0,2.6,0.0,brick,0.345,rcc_slab,0.1,eps,0.1,east,1.2,1.2,0.65,3.5,31.347,34.134,0.4643,13.949
Pune,18.5204,73.8567,warm_humid,3.0,3.0,2.6,135.0,gi_sheet,0.002,puf_sandwich_panel,0.075,eps,0.05,west,1.2,1.2,0.45,2.6,32.98,39.647,0.4464,14.175
Pune,18.5204,73.8567,warm_humid,3.0,3.0,2.6,45.0,puf_sandwich_panel,0.15,concrete,0.1,mineral_wool,0.025,north,1.8,1.5,0.35,2.6,33.251,38.483,0.375,14.075
Pune,18.5204,73.8567,warm_humid,3.0,3.0,2.6,45.0,plywood,0.012,concrete,0.15,none,0.0,east,1.2,0.9,0.55,5.8,37.113,50.807,0.3452,14.045
Pune,18.5204,73.8567,warm_humid,3.0,3.0,2.6,180.0,brick,0.345,rcc_slab,0.2,eps,0.1,south,0.6,0.6,0.55,5.8,30.026,32.3,0.9167,13.946
Pune,18.5204,73.8567,warm_humid,3.0,3.0,2.6,135.0,brick,0.345,concrete,0.2,eps,0.1,west,0.9,0.6,0.65,5.8,30.261,32.643,0.7917,13.946
Pune,18.5204,73.8567,warm_humid,3.0,3.0,2.6,135.0,gi_sheet,0.002,brick,0.23,eps,0.025,north,1.2,1.5,0.35,3.5,34.098,40.015,0.2976,14.024
Pune,18.5204,73.8567,warm_humid,3.0,3.0,2.6,45.0,brick,0.115,brick,0.23,eps,0.025,east,1.8,0.6,0.75,2.6,34.042,38.165,0.1607,13.974
Pune,18.5204,73.8567,warm_humid,3.0,3.0,2.6,180.0,plywood,0.012,gi_sheet,0.002,eps,0.05,east,0.9,1.2,0.35,2.6,33.227,40.971,0.4524,14.191
Pune,18.5204,73.8567,warm_humid,3.0,3.0,2.6,0.0,rammed_earth,0.45,concrete,0.15,none,0.0,north,1.5,1.2,0.55,5.8,34.869,39.422,0.2024,13.944
Pune,18.5204,73.8567,warm_humid,3.0,3.0,2.6,90.0,plywood,0.03,rcc_slab,0.25,eps,0.05,west,1.8,0.9,0.85,2.6,33.229,37.267,0.2976,14.008
Pune,18.5204,73.8567,warm_humid,3.0,3.0,2.6,135.0,puf_sandwich_panel,0.15,gi_sheet,0.002,mineral_wool,0.025,north,0.9,0.9,0.35,3.5,32.535,38.516,0.4762,14.191
Pune,18.5204,73.8567,warm_humid,3.0,3.0,2.6,90.0,concrete,0.15,gi_sheet,0.002,eps,0.05,west,1.8,0.9,0.55,2.6,32.676,35.941,0.2976,13.975
Pune,18.5204,73.8567,warm_humid,3.0,3.0,2.6,0.0,brick,0.23,concrete,0.1,eps,0.05,west,0.9,0.9,0.55,3.5,32.129,35.24,0.3393,13.959
Pune,18.5204,73.8567,warm_humid,3.0,3.0,2.6,45.0,gi_sheet,0.002,brick,0.115,eps,0.1,west,0.6,1.2,0.45,3.5,32.308,36.928,0.4524,14.066
Pune,18.5204,73.8567,warm_humid,3.0,3.0,2.6,0.0,rammed_earth,0.3,gi_sheet,0.002,none,0.0,south,1.2,0.6,0.45,2.6,36.084,41.854,0.1012,13.957
Pune,18.5204,73.8567,warm_humid,3.0,3.0,2.6,180.0,gi_sheet,0.002,gi_sheet,0.002,eps,0.05,north,1.2,1.5,0.35,3.5,33.43,41.043,0.4464,14.165
Pune,18.5204,73.8567,warm_humid,3.0,3.0,2.6,45.0,plywood,0.03,gi_sheet,0.002,mineral_wool,0.025,north,1.2,0.6,0.75,2.6,34.127,42.814,0.3988,14.16
Pune,18.5204,73.8567,warm_humid,3.0,3.0,2.6,180.0,rammed_earth,0.45,rcc_slab,0.2,none,0.0,east,1.8,1.5,0.65,3.5,35.325,40.258,0.1667,13.943
Pune,18.5204,73.8567,warm_humid,3.0,3.0,2.6,0.0,puf_sandwich_panel,0.075,rcc_slab,0.15,mineral_wool,0.05,west,1.2,0.6,0.35,2.6,31.731,35.12,0.5238,14.046
Pune,18.5204,73.8567,warm_humid,3.0,3.0,2.6,180.0,gi_sheet,0.002,concrete,0.1,eps,0.1,west,0.9,1.2,0.75,2.6,33.142,37.749,0.3512,14.064
Pune,18.5204,73.8567,warm_humid,3.0,3.0,2.6,90.0,concrete,0.2,puf_sandwich_panel,0.15,mineral_wool,0.1,west,1.5,0.9,0.65,5.8,31.247,33.726,0.5417,13.963
Pune,18.5204,73.8567,warm_humid,3.0,3.0,2.6,135.0,concrete,0.2,rcc_slab,0.15,mineral_wool,0.1,south,1.5,1.2,0.55,5.8,31.838,34.816,0.3988,13.956
Pune,18.5204,73.8567,warm_humid,3.0,3.0,2.6,0.0,gi_sheet,0.002,puf_sandwich_panel,0.1,none,0.0,west,0.9,0.6,0.85,2.6,35.531,49.513,0.4464,13.975
Pune,18.5204,73.8567,warm_humid,3.0,3.0,2.6,45.0,puf_sandwich_panel,0.05,gi_sheet,0.002,mineral_wool,0.05,west,1.8,0.6,0.75,2.6,32.746,39.48,0.4643,14.197
Pune,18.5204,73.8567,warm_humid,3.0,3.0,2.6,180.0,rammed_earth,0.45,rcc_slab,0.2,eps,0.1,south,1.2,0.6,0.35,3.5,29.701,31.905,1.0,13.942
Pune,18.5204,73.8567,warm_humid,3.0,3.0,2.6,45.0,brick,0.115,puf_sandwich_panel,0.15,none,0.0,south,1.5,0.9,0.75,5.8,35.528,43.184,0.2619,13.998
Pune,18.5204,73.8567,warm_humid,3.0,3.0,2.6,45.0,concrete,0.2,brick,0.115,eps,0.1,west,0.6,0.6,0.35,2.6,30.899,33.398,0.6488,13.957
Pune,18.5204,73.8567,warm_humid,3.0,3.0,2.6,90.0,plywood,0.019,concrete,0.15,mineral_wool,0.1,north,0.9,1.5,0.75,2.6,32.979,36.943,0.3393,14.038
Pune,18.5204,73.8567,warm_humid,3.0,3.0,2.6,180.0,brick,0.23,brick,0.23,eps,0.1,south,1.2,1.5,0.55,3.5,31.447,34.114,0.4405,13.956
Pune,18.5204,73.8567,warm_humid,3.0,3.0,2.6,180.0,rammed_earth,0.15,puf_sandwich_panel,0.15,mineral_wool,0.05,south,1.2,0.6,0.45,2.6,31.599,34.252,0.5119,13.985
Pune,18.5204,73.8567,warm_humid,3.0,3.0,2.6,90.0,puf_sandwich_panel,0.075,gi_sheet,0.002,eps,0.05,west,0.9,1.2,0.55,2.6,32.08,37.47,0.506,14.203
Pune,18.5204,73.8567,warm_humid,3.0,3.0,2.6,90.0,plywood,0.019,concrete,0.1,eps,0.05,south,1.2,1.5,0.75,3.5,34.25,41.655,0.3452,14.07
Pune,18.5204,73.8567,warm_humid,3.0,3.0,2.6,135.0,plywood,0.03,concrete,0.1,none,0.0,east,1.2,0.9,0.55,3.5,37.239,51.255,0.3393,14.065
Pune,18.5204,73.8567,warm_humid,3.0,3.0,2.6,180.0,rammed_earth,0.15,gi_sheet,0.002,none,0.0,west,0.6,0.9,0.75,3.5,36.863,45.874,0.2143,13.985
Pune,18.5204,73.8567,warm_humid,3.0,3.0,2.6,180.0,brick,0.345,gi_sheet,0.002,mineral_wool,0.1,north,1.5,0.6,0.55,2.6,30.681,33.129,0.6607,13.95
Pune,18.5204,73.8567,warm_humid,3.0,3.0,2.6,90.0,puf_sandwich_panel,0.05,rcc_slab,0.1,mineral_wool,0.1,east,0.9,1.5,0.35,2.6,31.541,34.896,0.5476,14.072
Pune,18.5204,73.8567,warm_humid,3.0,3.0,2.6,180.0,gi_sheet,0.002,rcc_slab,0.2,mineral_wool,0.05,south,1.2,0.9,0.35,3.5,32.916,37.149,0.3512,14.02
Pune,18.5204,73.8567,warm_humid,3.0,3.0,2.6,0.0,gi_sheet,0.002,puf_sandwich_panel,0.15,eps,0.025,east,1.2,1.2,0.55,5.8,33.807,42.356,0.4286,14.174
Pune,18.5204,73.8567,warm_humid,3.0,3.0,2.6,135.0,puf_sandwich_panel,0.15,concrete,0.2,none,0.0,east,0.6,0.6,0.45,5.8,35.394,42.098,0.2143,14.026
Pune,18.5204,73.8567,warm_humid,3.0,3.0,2.6,180.0,puf_sandwich_panel,0.15,brick,0.115,none,0.0,south,1.2,0.6,0.75,2.6,35.64,44.259,0.2857,14.079
Pune,18.5204,73.8567,warm_humid,3.0,3.0,2.6,45.0,brick,0.23,rcc_slab,0.2,eps,0.1,south,1.2,0.9,0.65,3.5,31.411,34.233,0.4464,13.955
Pune,18.5204,73.8567,warm_humid,3.0,3.0,2.6,135.0,concrete,0.3,rcc_slab,0.15,mineral_wool,0.1,north,1.8,1.2,0.65,3.5,31.909,34.93,0.3929,13.947
Pune,18.5204,73.8567,warm_humid,3.0,3.0,2.6,135.0,brick,0.345,rcc_slab,0.2,mineral_wool,0.05,east,1.8,1.2,0.85,5.8,32.852,36.565,0.3095,13.947
Pune,18.5204,73.8567,warm_humid,3.0,3.0,2.6,90.0,plywood,0.03,concrete,0.2,mineral_wool,0.1,west,1.5,0.9,0.35,3.5,31.72,34.74,0.5119,14.018
Pune,18.5204,73.8567,warm_humid,3.0,3.0,2.6,180.0,rammed_earth,0.3,gi_sheet,0.002,eps,0.05,north,1.2,1.2,0.35,2.6,31.715,34.511,0.4167,13.957
Pune,18.5204,73.8567,warm_humid,3.0,3.0,2.6,135.0,rammed_earth,0.45,puf_sandwich_panel,0.15,mineral_wool,0.025,north,0.6,0.6,0.75,2.6,30.573,33.095,0.6726,13.945
Pune,18.5204,73.8567,warm_humid,3.0,3.0,2.6,90.0,gi_sheet,0.002,brick,0.23,eps,0.1,south,1.8,0.9,0.65,2.6,33.071,37.742,0.3512,14.023
Pune,18.5204,73.8567,warm_humid,3.0,3.0,2.6,135.0,plywood,0.012,puf_sandwich_panel,0.15,mineral_wool,0.05,east,1.5,0.9,0.55,2.6,33.073,40.623,0.4583,14.191
Pune,18.5204,73.8567,warm_humid,3.0,3.0,2.6,180.0,gi_sheet,0.002,rcc_slab,0.15,eps,0.025,east,1.8,0.9,0.65,2.6,34.798,42.448,0.2976,14.04
Pune,18.5204,73.8567,warm_humid,3.0,3.0,2.6,180.0,rammed_earth,0.45,concrete,0.2,eps,0.1,west,1.5,1.2,0.85,5.8,31.458,34.435,0.494,13.943
Pune,18.5204,73.8567,warm_humid,3.0,3.0,2.6,135.0,concrete,0.15,puf_sandwich_panel,0.1,mineral_wool,0.025,east,1.8,1.5,0.85,3.5,34.696,39.669,0.131,13.977
Pune,18.5204,73.8567,warm_humid,3.0,3.0,2.6,90.0,plywood,0.03,rcc_slab,0.2,none,0.0,east,0.9,1.5,0.55,3.5,36.525,46.83,0.3036,14.021
Pune,18.5204,73.8567,warm_humid,3.0,3.0,2.6,45.0,concrete,0.3,rcc_slab,0.1,mineral_wool,0.05,west,1.5,1.5,0.45,5.8,32.164,35.447,0.3631,13.948
Pune,18.5204,73.8567,warm_humid,3.0,3.0,2.6,45.0,rammed_earth,0.45,puf_sandwich_panel,0.075,eps,0.1,north,0.6,0.9,0.85,3.5,29.899,32.117,0.9643,13.945
Pune,18.5204,73.8567,warm_humid,3.0,3.0,2.6,45.0,brick,0.345,concrete,0.2,eps,0.1,south,0.9,1.2,0.75,3.5,30.933,33.721,0.5536,13.946
Pune,18.5204,73.8567,warm_humid,3.0,3.0,2.6,45.0,rammed_earth,0.3,brick,0.115,eps,0.1,north,1.8,0.6,0.85,3.5,31.338,34.019,0.4524,13.954
Pune,18.5204,73.8567,warm_humid,3.0,3.0,2.6,90.0,rammed_earth,0.45,puf_sandwich_panel,0.05,mineral_wool,0.05,south,1.8,0.9,0.35,2.6,30.733,33.378,0.631,13.946
Pune,18.5204,73.8567,warm_humid,3.0,3.0,2.6,180.0,concrete,0.1,brick,0.115,eps,0.1,east,0.6,0.9,0.45,3.5,31.835,34.616,0.4464,13.981
Pune,18.5204,73.8567,warm_humid,3.0,3.0,2.6,45.0,rammed_earth,0.15,puf_sandwich_panel,0.15,eps,0.1,south,0.9,0.6,0.75,3.5,31.303,33.881,0.6012,13.985
Pune,18.5204,73.8567,warm_humid,3.0,3.0,2.6,135.0,rammed_earth,0.3,concrete,0.2,eps,0.1,east,1.2,0.6,0.35,3.5,30.415,32.798,0.7857,13.95
Pune,18.5204,73.8567,warm_humid,3.0,3.0,2.6,135.0,rammed_earth,0.15,rcc_slab,0.25,none,0.0,east,0.6,1.2,0.85,5.8,36.07,42.405,0.1071,13.964
Pune,18.5204,73.8567,warm_humid,3.0,3.0,2.6,45.0,gi_sheet,0.002,gi_sheet,0.002,none,0.0,west,1.8,0.6,0.65,2.6,37.248,54.927,0.4524,13.408
Pune,18.5204,73.8567,warm_humid,3.0,3.0,2.6,180.0,gi_sheet,0.002,puf_sandwich_panel,0.15,eps,0.1,west,0.9,1.5,0.35,2.6,32.41,37.751,0.4643,14.169
Pune,18.5204,73.8567,warm_humid,3.0,3.0,2.6,90.0,brick,0.115,rcc_slab,0.2,eps,0.025,south,0.6,1.2,0.85,5.8,33.853,38.008,0.1786,13.973
Pune,18.5204,73.8567,warm_humid,3.0,3.0,2.6,135.0,plywood,0.03,concrete,0.1,mineral_wool,0.1,east,1.5,0.9,0.65,5.8,32.822,37.633,0.3988,14.059
Pune,18.5204,73.8567,warm_humid,3.0,3.0,2.6,90.0,plywood,0.05,rcc_slab,0.2,eps,0.025,east,1.5,1.5,0.85,2.6,34.781,40.51,0.2381,14.017
Pune,18.5204,73.8567,warm_humid,3.0,3.0,2.6,180.0,concrete,0.15,rcc_slab,0.25,eps,0.05,north,0.9,0.9,0.65,5.8,32.323,35.369,0.3036,13.959
Pune,18.5204,73.8567,warm_humid,3.0,3.0,2.6,90.0,brick,0.115,brick,0.23,mineral_wool,0.025,north,1.5,1.2,0.65,5.8,34.27,38.468,0.1548,13.974
Pune,18.5204,73.8567,warm_humid,3.0,3.0,2.6,135.0,gi_sheet,0.002,puf_sandwich_panel,0.075,mineral_wool,0.1,east,1.8,1.2,0.75,2.6,33.946,42.553,0.4107,14.158
Pune,18.5204,73.8567,warm_humid,3.0,3.0,2.6,45.0,gi_sheet,0.002,rcc_slab,0.15,eps,0.05,south,1.8,0.9,0.35,2.6,33.313,38.892,0.3512,14.039
Pune,18.5204,73.8567,warm_humid,3.0,3.0,2.6,45.0,gi_sheet,0.002,rcc_slab,0.15,none,0.0,north,0.6,1.5,0.65,2.6,36.968,51.578,0.381,14.039
Pune,18.5204,73.8567,warm_humid,3.0,3.0,2.6,0.0,plywood,0.012,rcc_slab,0.15,mineral_wool,0.05,north,0.9,0.6,0.65,2.6,32.907,37.628,0.375,14.043
Pune,18.5204,73.8567,warm_humid,3.0,3.0,2.6,135.0,puf_sandwich_panel,0.1,rcc_slab,0.1,eps,0.05,east,1.8,0.6,0.55,5.8,32.333,36.777,0.4524,14.077
Pune,18.5204,73.8567,warm_humid,3.0,3.0,2.6,135.0,plywood,0.019,rcc_slab,0.25,mineral_wool,0.05,north,1.8,1.5,0.85,2.6,34.997,40.117,0.1607,14.009
Pune,18.5204,73.8567,warm_humid,3.0,3.0,2.6,45.0,plywood,0.012,gi_sheet,0.002,mineral_wool,0.05,south,1.5,0.6,0.85,3.5,33.747,42.508,0.4286,14.182
Pune,18.5204,73.8567,warm_humid,3.0,3.0,2.6,135.0,rammed_earth,0.3,puf_sandwich_panel,0.1,eps,0.1,north,0.9,1.5,0.85,5.8,31.646,34.319,0.4107,13.957
Pune,18.5204,73.8567,warm_humid,3.0,3.0,2.6,0.0,gi_sheet,0.002,puf_sandwich_panel,0.15,mineral_wool,0.025,south,1.5,1.2,0.45,2.6,33.619,42.386,0.4524,14.171
Pune,18.5204,73.8567,warm_humid,3.0,3.0,2.6,90.0,puf_sandwich_panel,0.1,rcc_slab,0.1,mineral_wool,0.1,east,1.5,0.6,0.85,3.5,31.809,35.14,0.506,14.07
Pune,18.5204,73.8567,warm_humid,3.0,3.0,2.6,0.0,puf_sandwich_panel,0.15,puf_sandwich_panel,0.1,mineral_wool,0.05,north,1.2,1.2,0.35,2.6,31.02,34.796,0.6071,14.196
Pune,18.5204,73.8567,warm_humid,3.0,3.0,2.6,135.0,rammed_earth,0.45,gi_sheet,0.002,none,0.0,north,1.5,0.9,0.65,5.8,35.828,40.919,0.125,13.946
Pune,18.5204,73.8567,warm_humid,3.0,3.0,2.6,90.0,plywood,0.05,rcc_slab,0.2,eps,0.025,east,1.2,1.5,0.45,3.5,33.742,38.727,0.2976,14.017
Pune,18.5204,73.8567,warm_humid,3.0,3.0,2.6,180.0,plywood,0.03,puf_sandwich_panel,0.075,mineral_wool,0.1,west,1.8,0.9,0.75,3.5,33.268,38.99,0.3988,14.155
Pune,18.5204,73.8567,warm_humid,3.0,3.0,2.6,0.0,plywood,0.05,rcc_slab,0.15,none,0.0,south,0.6,1.5,0.35,5.8,36.444,46.707,0.3036,14.033
Pune,18.5204,73.8567,warm_humid,3.0,3.0,2.6,135.0,rammed_earth,0.3,puf_sandwich_panel,0.15,eps,0.1,north,1.2,0.9,0.35,2.6,30.547,32.79,0.756,13.957
Pune,18.5204,73.8567,warm_humid,3.0,3.0,2.6,45.0,gi_sheet,0.002,rcc_slab,0.2,mineral_wool,0.05,west,1.5,0.6,0.35,2.6,32.913,37.443,0.3631,14.02
Pune,18.5204,73.8567,warm_humid,3.0,3.0,2.6,180.0,rammed_earth,0.15,rcc_slab,0.25,mineral_wool,0.025,east,0.6,1.2,0.75,2.6,33.295,36.996,0.244,13.964
Pune,18.5204,73.8567,warm_humid,3.0,3.0,2.6,135.0,plywood,0.03,concrete,0.2,mineral_wool,0.025,north,1.2,1.5,0.35,3.5,33.927,39.261,0.2798,14.021
Pune,18.5204,73.8567,warm_humid,3.0,3.0,2.6,45.0,gi_sheet,0.002,rcc_slab,0.2,eps,0.05,north,1.5,0.6,0.45,3.5,33.013,37.503,0.3512,14.021
Pune,18.5204,73.8567,warm_humid,3.0,3.0,2.6,135.0,concrete,0.2,rcc_slab,0.1,eps,0.025,south,0.9,1.5,0.85,2.6,33.9,37.931,0.2143,13.958
Pune,18.5204,73.8567,warm_humid,3.0,3.0,2.6,180.0,rammed_earth,0.45,brick,0.115,none,0.0,north,0.6,1.5,0.55,5.8,34.398,38.727,0.2143,13.944
Pune,18.5204,73.8567,warm_humid,3.0,3.0,2.6,45.0,puf_sandwich_panel,0.075,gi_sheet,0.002,mineral_wool,0.05,north,0.9,0.6,0.85,5.8,32.107,37.199,0.4821,14.194
Pune,18.5204,73.8567,warm_humid,3.0,3.0,2.6,45.0,rammed_earth,0.45,brick,0.115,mineral_wool,0.025,west,0.6,0.9,0.75,5.8,31.697,34.857,0.4167,13.944
Pune,18.5204,73.8567,warm_humid,3.0,3.0,2.6,180.0,brick,0.115,puf_sandwich_panel,0.075,mineral_wool,0.025,west,1.8,1.5,0.45,5.8,33.86,38.343,0.256,14.001
Pune,18.5204,73.8567,warm_humid,3.0,3.0,2.6,0.0,rammed_earth,0.15,concrete,0.1,eps,0.1,east,0.6,0.6,0.65,3.5,31.333,33.85,0.5655,13.975
Pune,18.5204,73.8567,warm_humid,3.0,3.0,2.6,135.0,puf_sandwich_panel,0.1,puf_sandwich_panel,0.05,none,0.0,south,0.9,0.9,0.45,3.5,31.618,36.702,0.5476,14.221
Pune,18.5204,73.8567,warm_humid,3.0,3.0,2.6,135.0,rammed_earth,0.15,concrete,0.1,eps,0.05,north,1.8,1.5,0.35,3.5,33.036,36.514,0.244,13.978
Pune,18.5204,73.8567,warm_humid,3.0,3.0,2.6,90.0,rammed_earth,0.45,brick,0.23,mineral_wool,0.025,west,1.8,1.2,0.65,5.8,32.045,35.278,0.375,13.943
Pune,18.5204,73.8567,warm_humid,3.0,3.0,2.6,90.0,gi_sheet,0.002,brick,0.23,none,0.0,north,0.9,0.6,0.75,5.8,36.222,48.621,0.369,14.023
Pune,18.5204,73.8567,warm_humid,3.0,3.0,2.6,135.0,puf_sandwich_panel,0.05,gi_sheet,0.002,eps,0.025,east,0.9,1.2,0.65,2.6,33.494,41.936,0.4464,14.209
Pune,18.5204,73.8567,warm_humid,3.0,3.0,2.6,90.0,rammed_earth,0.3,brick,0.115,eps,0.025,west,1.8,1.2,0.75,3.5,33.222,36.742,0.256,13.955
Pune,18.5204,73.8567,warm_humid,3.0,3.0,2.6,135.0,gi_sheet,0.002,gi_sheet,0.002,mineral_wool,0.1,north,1.2,1.2,0.55,3.5,33.04,39.005,0.4286,14.148
Pune,18.5204,73.8567,warm_humid,3.0,3.0,2.6,180.0,puf_sandwich_panel,0.05,concrete,0.2,mineral_wool,0.1,north,0.9,1.2,0.65,2.6,31.688,34.551,0.5417,14.024
Pune,18.5204,73.8567,warm_humid,3.0,3.0,2.6,180.0,puf_sandwich_panel,0.15,rcc_slab,0.2,mineral_wool,0.025,west,1.5,0.6,0.75,2.6,32.904,36.609,0.3274,14.025
Pune,18.5204,73.8567,warm_humid,3.0,3.0,2.6,90.0,plywood,0.012,puf_sandwich_panel,0.15,eps,0.025,north,1.8,0.9,0.35,3.5,33.294,41.006,0.4405,14.203
Pune,18.5204,73.8567,warm_humid,3.0,3.0,2.6,0.0,gi_sheet,0.002,brick,0.115,mineral_wool,0.025,south,1.5,1.2,0.75,2.6,34.925,43.373,0.3333,14.067
Pune,18.5204,73.8567,warm_humid,3.0,3.0,2.6,135.0,concrete,0.15,gi_sheet,0.002,eps,0.1,south,1.8,1.2,0.65,5.8,32.806,36.282,0.2798,13.976
Pune,18.5204,73.8567,warm_humid,3.0,3.0,2.6,90.0,gi_sheet,0.002,concrete,0.15,mineral_wool,0.025,west,1.2,0.6,0.65,3.5,33.934,40.153,0.3393,14.039
Pune,18.5204,73.8567,warm_humid,3.0,3.0,2.6,90.0,rammed_earth,0.45,gi_sheet,0.002,none,0.0,north,1.8,0.9,0.35,3.5,35.553,40.52,0.131,13.946
Pune,18.5204,73.8567,warm_humid,3.0,3.0,2.6,90.0,puf_sandwich_panel,0.05,puf_sandwich_panel,0.05,none,0.0,east,1.2,0.6,0.75,5.8,32.229,38.178,0.494,14.229
Pune,18.5204,73.8567,warm_humid,3.0,3.0,2.6,180.0,gi_sheet,0.002,brick,0.115,eps,0.025,south,1.2,1.2,0.65,3.5,34.429,41.96,0.3452,14.068
Pune,18.5204,73.8567,warm_humid,3.0,3.0,2.6,180.0,puf_sandwich_panel,0.05,gi_sheet,0.002,eps,0.05,south,1.2,0.6,0.85,2.6,32.229,37.809,0.4881,14.207
Pune,18.5204,73.8567,warm_humid,3.0,3.0,2.6,45.0,concrete,0.2,brick,0.115,none,0.0,west,1.8,0.6,0.45,3.5,36.326,42.754,0.1071,13.958
Pune,18.5204,73.8567,warm_humid,3.0,3.0,2.6,180.0,gi_sheet,0.002,rcc_slab,0.15,eps,0.05,west,0.6,0.6,0.65,2.6,33.049,37.637,0.369,14.039
Pune,18.5204,73.8567,warm_humid,3.0,3.0,2.6,180.0,rammed_earth,0.3,brick,0.23,mineral_wool,0.025,east,1.5,0.9,0.85,2.6,33.06,36.767,0.2738,13.951
Pune,18.5204,73.8567,warm_humid,3.0,3.0,2.6,180.0,gi_sheet,0.002,rcc_slab,0.25,mineral_wool,0.1,south,0.6,1.2,0.35,5.8,31.934,34.931,0.4821,14.005
Pune,18.5204,73.8567,warm_humid,3.0,3.0,2.6,45.0,brick,0.345,puf_sandwich_panel,0.1,mineral_wool,0.1,east,1.2,0.6,0.35,2.6,30.162,32.39,0.8929,13.95
Pune,18.5204,73.8567,warm_humid,3.0,3.0,2.6,180.0,puf_sandwich_panel,0.1,brick,0.115,none,0.0,west,1.2,0.6,0.75,3.5,35.944,44.954,0.2976,14.082
Pune,18.5204,73.8567,warm_humid,3.0,3.0,2.6,180.0,concrete,0.15,gi_sheet,0.002,mineral_wool,0.1,east,0.6,0.6,0.65,5.8,31.504,34.111,0.5238,13.972
Pune,18.5204,73.8567,warm_humid,3.0,3.0,2.6,90.0,brick,0.345,brick,0.115,mineral_wool,0.1,north,1.2,1.5,0.75,3.5,31.851,34.817,0.3929,13.949
Pune,18.5204,73.8567,warm_humid,3.0,3.0,2.6,0.0,gi_sheet,0.002,concrete,0.2,mineral_wool,0.025,south,0.9,1.2,0.65,2.6,34.241,40.384,0.2857,14.021
Pune,18.5204,73.8567,warm_humid,3.0,3.0,2.6,90.0,plywood,0.03,rcc_slab,0.25,eps,0.05,west,1.8,0.9,0.55,2.6,32.816,36.607,0.3512,14.008
Pune,18.5204,73.8567,warm_humid,3.0,3.0,2.6,135.0,concrete,0.3,puf_sandwich_panel,0.15,eps,0.1,north,1.5,1.5,0.35,2.6,31.132,33.716,0.5357,13.951
Pune,18.5204,73.8567,warm_humid,3.0,3.0,2.6,180.0,brick,0.23,gi_sheet,0.002,eps,0.025,east,0.6,1.2,0.75,5.8,33.321,37.018,0.244,13.964
Pune,18.5204,73.8567,warm_humid,3.0,3.0,2.6,90.0,puf_sandwich_panel,0.05,brick,0.23,eps,0.05,east,1.8,1.5,0.45,5.8,32.845,36.91,0.3512,14.031
Pune,18.5204,73.8567,warm_humid,3.0,3.0,2.6,180.0,brick,0.345,rcc_slab,0.1,mineral_wool,0.025,south,1.5,1.2,0.85,5.8,33.042,36.569,0.2679,13.949
Pune,18.5204,73.8567,warm_humid,3.0,3.0,2.6,0.0,brick,0.115,brick,0.23,none,0.0,west,1.5,1.2,0.35,3.5,36.034,43.011,0.1429,13.975
Pune,18.5204,73.8567,warm_humid,3.0,3.0,2.6,180.0,rammed_earth,0.3,concrete,0.1,mineral_wool,0.1,west,0.6,0.9,0.35,2.6,30.471,32.781,0.7679,13.953
Pune,18.5204,73.8567,warm_humid,3.0,3.0,2.6,135.0,rammed_earth,0.45,concrete,0.1,eps,0.1,east,1.2,0.6,0.65,5.8,30.177,32.625,0.8036,13.944
Pune,18.5204,73.8567,warm_humid,3.0,3.0,2.6,90.0,concrete,0.2,rcc_slab,0.1,eps,0.025,east,1.8,0.6,0.45,3.5,33.219,36.783,0.256,13.958
Pune,18.5204,73.8567,warm_humid,3.0,3.0,2.6,45.0,plywood,0.05,rcc_slab,0.1,eps,0.025,west,1.2,1.2,0.45,2.6,33.957,40.486,0.3452,14.056
Pune,18.5204,73.8567,warm_humid,3.0,3.0,2.6,45.0,gi_sheet,0.002,puf_sandwich_panel,0.15,mineral_wool,0.1,west,1.5,0.9,0.75,3.5,32.915,40.044,0.4405,14.155
Pune,18.5204,73.8567,warm_humid,3.0,3.0,2.6,45.0,plywood,0.03,brick,0.23,mineral_wool,0.025,north,1.5,1.2,0.85,3.5,34.647,40.434,0.2619,14.023
Pune,18.5204,73.8567,warm_humid,3.0,3.0,2.6,90.0,rammed_earth,0.15,rcc_slab,0.15,eps,0.025,west,0.9,0.6,0.65,3.5,33.114,36.69,0.244,13.971
Pune,18.5204,73.8567,warm_humid,3.0,3.0,2.6,180.0,brick,0.345,rcc_slab,0.25,none,0.0,east,1.2,1.5,0.55,2.6,35.176,39.95,0.1607,13.946
Pune,18.5204,73.8567,warm_humid,3.0,3.0,2.6,135.0,puf_sandwich_panel,0.05,brick,0.23,mineral_wool,0.05,west,1.8,1.2,0.75,5.8,33.433,37.57,0.2857,14.029
Pune,18.5204,73.8567,warm_humid,3.0,3.0,2.6,45.0,gi_sheet,0.002,puf_sandwich_panel,0.075,eps,0.05,west,0.6,1.2,0.35,3.5,32.586,39.395,0.4762,14.174
Pune,18.5204,73.8567,warm_humid,3.0,3.0,2.6,180.0,brick,0.115,gi_sheet,0.002,none,0.0,south,1.5,0.9,0.35,5.8,37.238,48.103,0.2619,13.997
Pune,18.5204,73.8567,warm_humid,3.0,3.0,2.6,135.0,gi_sheet,0.002,rcc_slab,0.2,mineral_wool,0.1,south,1.2,0.9,0.85,3.5,32.811,36.856,0.3571,14.018
Pune,18.5204,73.8567,warm_humid,3.0,3.0,2.6,0.0,gi_sheet,0.002,concrete,0.2,eps,0.1,south,1.2,0.9,0.65,2.6,32.619,36.565,0.3869,14.021
Pune,18.5204,73.8567,warm_humid,3.0,3.0,2.6,90.0,plywood,0.012,concrete,0.2,none,0.0,north,1.8,1.2,0.85,2.6,37.369,49.894,0.3155,14.025
Pune,18.5204,73.8567,warm_humid,3.0,3.0,2.6,0.0,concrete,0.15,gi_sheet,0.002,eps,0.05,south,1.5,1.5,0.45,5.8,33.098,36.714,0.244,13.976
Pune,18.5204,73.8567,warm_humid,3.0,3.0,2.6,135.0,rammed_earth,0.45,brick,0.23,mineral_wool,0.05,south,0.6,0.6,0.75,5.8,30.439,33.045,0.7202,13.942
Pune,18.5204,73.8567,warm_humid,3.0,3.0,2.6,135.0,concrete,0.2,rcc_slab,0.2,none,0.0,west,1.5,0.6,0.75,5.8,36.38,42.514,0.0952,13.954
Pune,18.5204,73.8567,warm_humid,3.0,3.0,2.6,180.0,concrete,0.2,concrete,0.15,mineral_wool,0.1,east,1.5,0.6,0.55,5.8,31.386,34.145,0.4583,13.955
Pune,18.5204,73.8567,warm_humid,3.0,3.0,2.6,180.0,brick,0.345,rcc_slab,0.15,mineral_wool,0.025,west,1.5,0.6,0.65,3.5,32.491,35.829,0.3393,13.947
Pune,18.5204,73.8567,warm_humid,3.0,3.0,2.6,180.0,gi_sheet,0.002,gi_sheet,0.002,mineral_wool,0.025,south,0.9,1.2,0.75,5.8,34.399,43.851,0.4226,14.162
Pune,18.5204,73.8567,warm_humid,3.0,3.0,2.6,0.0,puf_sandwich_panel,0.075,brick,0.115,eps,0.025,west,1.2,1.5,0.75,3.5,34.316,41.677,0.3333,14.082
Pune,18.5204,73.8567,warm_humid,3.0,3.0,2.6,180.0,puf_sandwich_panel,0.15,rcc_slab,0.1,mineral_wool,0.1,east,1.8,0.9,0.85,2.6,33.102,38.476,0.3631,14.068
Pune,18.5204,73.8567,warm_humid,3.0,3.0,2.6,135.0,concrete,0.15,gi_sheet,0.002,eps,0.05,north,1.2,1.5,0.45,5.8,33.041,36.474,0.256,13.975
Pune,18.5204,73.8567,warm_humid,3.0,3.0,2.6,135.0,plywood,0.05,concrete,0.15,eps,0.05,west,1.5,0.9,0.55,5.8,33.027,37.3,0.3512,14.033
Pune,18.5204,73.8567,warm_humid,3.0,3.0,2.6,0.0,brick,0.115,brick,0.115,eps,0.05,east,0.9,1.5,0.65,3.5,33.444,37.202,0.2143,13.984
Pune,18.5204,73.8567,warm_humid,3.0,3.0,2.6,0.0,rammed_earth,0.3,brick,0.115,mineral_wool,0.1,east,1.2,1.5,0.35,3.5,31.221,33.84,0.5,13.954
Pune,18.5204,73.8567,warm_humid,3.0,3.0,2.6,90.0,puf_sandwich_panel,0.075,brick,0.115,mineral_wool,0.05,south,0.6,0.6,0.65,2.6,31.816,35.605,0.5,14.078
Pune,18.5204,73.8567,warm_humid,3.0,3.0,2.6,90.0,concrete,0.15,concrete,0.15,eps,0.1,west,1.5,0.9,0.65,5.8,31.686,34.37,0.4405,13.964
Pune,18.5204,73.8567,warm_humid,3.0,3.0,2.6,45.0,puf_sandwich_panel,0.05,puf_sandwich_panel,0.15,eps,0.05,south,1.5,0.6,0.65,2.6,31.764,37.192,0.5417,14.218
Pune,18.5204,73.8567,warm_humid,3.0,3.0,2.6,90.0,brick,0.345,gi_sheet,0.002,eps,0.05,east,0.9,0.6,0.75,5.8,31.317,34.068,0.4524,13.95
Pune,18.5204,73.8567,warm_humid,3.0,3.0,2.6,90.0,gi_sheet,0.002,brick,0.115,mineral_wool,0.1,west,1.5,1.5,0.75,3.5,33.205,38.443,0.369,14.062
Pune,18.5204,73.8567,warm_humid,3.0,3.0,2.6,0.0,gi_sheet,0.002,gi_sheet,0.002,eps,0.025,west,1.2,1.5,0.75,2.6,35.239,47.774,0.3988,14.166
Pune,18.5204,73.8567,warm_humid,3.0,3.0,2.6,0.0,brick,0.23,brick,0.115,mineral_wool,0.05,east,0.9,0.6,0.75,3.5,32.087,35.065,0.3571,13.959
Pune,18.5204,73.8567,warm_humid,3.0,3.0,2.6,135.0,plywood,0.012,puf_sandwich_panel,0.1,mineral_wool,0.025,east,1.8,0.6,0.45,3.5,33.427,41.916,0.4464,14.2
Pune,18.5204,73.8567,warm_humid,3.0,3.0,2.6,0.0,puf_sandwich_panel,0.075,gi_sheet,0.002,eps,0.1,north,1.8,0.6,0.45,2.6,31.392,35.684,0.5655,14.198
Pune,18.5204,73.8567,warm_humid,3.0,3.0,2.6,135.0,gi_sheet,0.002,gi_sheet,0.002,eps,0.1,south,1.8,1.2,0.35,2.6,32.833,39.612,0.4583,14.162
Pune,18.5204,73.8567,warm_humid,3.0,3.0,2.6,45.0,gi_sheet,0.002,gi_sheet,0.002,eps,0.025,east,1.5,0.6,0.45,2.6,34.284,44.001,0.4286,14.165
Pune,18.5204,73.8567,warm_humid,3.0,3.0,2.6,0.0,rammed_earth,0.3,rcc_slab,0.15,eps,0.025,west,0.6,0.9,0.75,2.6,32.473,35.821,0.3155,13.952
Pune,18.5204,73.8567,warm_humid,3.0,3.0,2.6,90.0,rammed_earth,0.45,gi_sheet,0.002,mineral_wool,0.1,south,0.6,1.5,0.85,3.5,30.611,33.279,0.6429,13.945
Pune,18.5204,73.8567,warm_humid,3.0,3.0,2.6,90.0,concrete,0.3,brick,0.23,mineral_wool,0.025,east,0.9,1.2,0.85,5.8,32.66,36.092,0.3155,13.946
Pune,18.5204,73.8567,warm_humid,3.0,3.0,2.6,45.0,brick,0.345,concrete,0.2,none,0.0,north,1.2,0.9,0.45,3.5,35.153,39.851,0.1488,13.946
Pune,18.5204,73.8567,warm_humid,3.0,3.0,2.6,0.0,concrete,0.3,rcc_slab,0.25,eps,0.025,south,1.5,1.5,0.65,5.8,33.146,36.804,0.2679,13.945
Pune,18.5204,73.8567,warm_humid,3.0,3.0,2.6,45.0,puf_sandwich_panel,0.05,rcc_slab,0.25,none,0.0,north,1.5,1.5,0.65,2.6,36.036,42.998,0.1667,14.013
Pune,18.5204,73.8567,warm_humid,3.0,3.0,2.6,0.0,plywood,0.05,rcc_slab,0.2,mineral_wool,0.1,west,1.8,0.6,0.85,3.5,32.645,36.535,0.369,14.013
Pune,18.5204,73.8567,warm_humid,3.0,3.0,2.6,180.0,rammed_earth,0.45,puf_sandwich_panel,0.15,mineral_wool,0.025,west,1.5,0.6,0.65,2.6,30.972,33.636,0.5357,13.946
Pune,18.5204,73.8567,warm_humid,3.0,3.0,2.6,0.0,concrete,0.15,brick,0.115,mineral_wool,0.1,west,0.6,0.6,0.65,5.8,31.439,34.16,0.5179,13.966
Pune,18.5204,73.8567,warm_humid,3.0,3.0,2.6,90.0,brick,0.23,concrete,0.1,mineral_wool,0.1,south,0.6,0.6,0.75,5.8,30.875,33.344,0.6488,13.958
Pune,18.5204,73.8567,warm_humid,3.0,3.0,2.6,45.0,plywood,0.03,puf_sandwich_panel,0.1,mineral_wool,0.025,south,1.2,0.9,0.65,3.5,33.415,41.487,0.4286,14.17
Pune,18.5204,73.8567,warm_humid,3.0,3.0,2.6,180.0,puf_sandwich_panel,0.05,puf_sandwich_panel,0.15,mineral_wool,0.025,east,0.9,0.9,0.85,2.6,32.114,38.294,0.5119,14.215
Pune,18.5204,73.8567,warm_humid,3.0,3.0,2.6,90.0,brick,0.345,puf_sandwich_panel,0.1,mineral_wool,0.025,east,0.6,1.2,0.85,2.6,31.534,34.345,0.4226,13.951
Pune,18.5204,73.8567,warm_humid,3.0,3.0,2.6,0.0,concrete,0.15,concrete,0.2,none,0.0,north,1.2,0.6,0.35,2.6,36.329,43.155,0.131,13.961
Pune,18.5204,73.8567,warm_humid,3.0,3.0,2.6,45.0,puf_sandwich_panel,0.075,brick,0.23,none,0.0,east,1.8,1.2,0.85,3.5,35.995,42.756,0.1786,14.031
Pune,18.5204,73.8567,warm_humid,3.0,3.0,2.6,90.0,puf_sandwich_panel,0.075,puf_sandwich_panel,0.05,eps,0.025,north,1.2,0.9,0.45,2.6,31.827,36.659,0.5179,14.222
Pune,18.5204,73.8567,warm_humid,3.0,3.0,2.6,90.0,concrete,0.2,concrete,0.1,eps,0.025,south,1.8,1.5,0.35,2.6,33.671,37.656,0.2143,13.96
Pune,18.5204,73.8567,warm_humid,3.0,3.0,2.6,180.0,brick,0.23,rcc_slab,0.1,none,0.0,east,0.6,1.2,0.35,5.8,36.371,42.368,0.0952,13.959
Pune,18.5204,73.8567,warm_humid,3.0,3.0,2.6,90.0,concrete,0.15,gi_sheet,0.002,eps,0.1,west,0.9,0.6,0.55,5.8,31.291,33.754,0.5833,13.973
Pune,18.5204,73.8567,warm_humid,3.0,3.0,2.6,180.0,brick,0.23,brick,0.23,mineral_wool,0.025,east,1.8,0.6,0.75,3.5,33.235,36.923,0.256,13.955
Pune,18.5204,73.8567,warm_humid,3.0,3.0,2.6,45.0,concrete,0.15,gi_sheet,0.002,eps,0.05,east,0.9,1.5,0.55,5.8,32.982,36.42,0.2619,13.975
Pune,18.5204,73.8567,warm_humid,3.0,3.0,2.6,135.0,rammed_earth,0.3,gi_sheet,0.002,mineral_wool,0.05,north,1.2,0.6,0.65,2.6,31.731,34.543,0.4048,13.957
Pune,18.5204,73.8567,warm_humid,3.0,3.0,2.6,135.0,brick,0.345,rcc_slab,0.25,mineral_wool,0.05,west,1.5,1.2,0.35,2.6,31.384,34.267,0.4583,13.946
Pune,18.5204,73.8567,warm_humid,3.0,3.0,2.6,45.0,rammed_earth,0.3,concrete,0.2,eps,0.05,south,1.2,0.6,0.75,5.8,31.57,34.53,0.4226,13.95
Pune,18.5204,73.8567,warm_humid,3.0,3.0,2.6,135.0,plywood,0.03,gi_sheet,0.002,eps,0.05,south,1.8,1.5,0.45,2.6,33.761,42.304,0.4226,14.165
Pune,18.5204,73.8567,warm_humid,3.0,3.0,2.6,90.0,rammed_earth,0.15,gi_sheet,0.002,none,0.0,west,1.5,0.9,0.65,2.6,36.886,46.11,0.2202,13.986
Pune,18.5204,73.8567,warm_humid,3.0,3.0,2.6,135.0,plywood,0.05,puf_sandwich_panel,0.075,mineral_wool,0.05,west,1.2,1.5,0.55,2.6,32.908,38.611,0.4167,14.141
Pune,18.5204,73.8567,warm_humid,3.0,3.0,2.6,0.0,brick,0.23,brick,0.23,eps,0.025,east,1.2,0.9,0.35,5.8,32.759,36.102,0.2798,13.955
Pune,18.5204,73.8567,warm_humid,3.0,3.0,2.6,0.0,plywood,0.03,gi_sheet,0.002,eps,0.05,west,0.6,0.6,0.85,5.8,32.953,39.824,0.4464,14.161
Pune,18.5204,73.8567,warm_humid,3.0,3.0,2.6,90.0,concrete,0.1,rcc_slab,0.1,mineral_wool,0.05,north,1.8,0.9,0.55,5.8,33.308,36.951,0.2143,13.982
Pune,18.5204,73.8567,warm_humid,3.0,3.0,2.6,135.0,concrete,0.1,gi_sheet,0.002,mineral_wool,0.05,north,1.2,1.2,0.35,2.6,32.997,36.727,0.2917,13.994
Pune,18.5204,73.8567,warm_humid,3.0,3.0,2.6,0.0,brick,0.345,rcc_slab,0.25,mineral_wool,0.1,east,1.5,0.6,0.65,5.8,30.592,33.154,0.6548,13.945
Pune,18.5204,73.8567,warm_humid,3.0,3.0,2.6,90.0,plywood,0.05,rcc_slab,0.25,eps,0.05,north,1.2,0.6,0.55,2.6,32.474,35.823,0.375,14.004
Pune,18.5204,73.8567,warm_humid,3.0,3.0,2.6,45.0,puf_sandwich_panel,0.1,rcc_slab,0.15,mineral_wool,0.025,north,1.8,0.6,0.85,5.8,33.277,37.685,0.3274,14.047
Pune,18.5204,73.8567,warm_humid,3.0,3.0,2.6,90.0,concrete,0.15,brick,0.115,eps,0.05,north,1.5,0.6,0.45,5.8,32.445,35.523,0.3036,13.967
Pune,18.5204,73.8567,warm_humid,3.0,3.0,2.6,180.0,rammed_earth,0.3,concrete,0.1,mineral_wool,0.1,south,1.5,0.9,0.65,2.6,31.064,33.613,0.5714,13.953
Pune,18.5204,73.8567,warm_humid,3.0,3.0,2.6,0.0,rammed_earth,0.15,brick,0.115,eps,0.025,north,1.8,0.9,0.35,5.8,33.365,37.262,0.2262,13.977
Pune,18.5204,73.8567,warm_humid,3.0,3.0,2.6,45.0,gi_sheet,0.002,puf_sandwich_panel,0.075,eps,0.05,south,1.5,1.2,0.45,3.5,33.294,41.639,0.4464,14.176
Pune,18.5204,73.8567,warm_humid,3.0,3.0,2.6,0.0,plywood,0.05,rcc_slab,0.2,mineral_wool,0.05,south,1.2,0.6,0.85,3.5,32.773,36.563,0.3512,14.015
Pune,18.5204,73.8567,warm_humid,3.0,3.0,2.6,135.0,rammed_earth,0.45,puf_sandwich_panel,0.075,mineral_wool,0.05,east,0.6,1.5,0.35,3.5,30.312,32.742,0.7917,13.946
Pune,18.5204,73.8567,warm_humid,3.0,3.0,2.6,90.0,concrete,0.3,concrete,0.15,eps,0.05,west,1.2,0.9,0.65,5.8,31.504,34.415,0.4345,13.946
Pune,18.5204,73.8567,warm_humid,3.0,3.0,2.6,0.0,plywood,0.03,puf_sandwich_panel,0.15,eps,0.05,east,1.2,0.9,0.65,5.8,32.845,38.861,0.4464,14.17
Pune,18.5204,73.8567,warm_humid,3.0,3.0,2.6,45.0,rammed_earth,0.15,rcc_slab,0.1,eps,0.05,west,1.5,0.6,0.65,3.5,32.569,35.896,0.3036,13.975
Pune,18.5204,73.8567,warm_humid,3.0,3.0,2.6,90.0,rammed_earth,0.45,brick,0.115,mineral_wool,0.05,north,1.5,0.6,0.45,5.8,30.869,33.575,0.5536,13.944
Pune,18.5204,73.8567,warm_humid,3.0,3.0,2.6,0.0,rammed_earth,0.15,rcc_slab,0.15,none,0.0,west,0.9,1.5,0.75,5.8,36.657,44.205,0.131,13.972
Pune,18.5204,73.8567,warm_humid,3.0,3.0,2.6,135.0,rammed_earth,0.15,gi_sheet,0.002,eps,0.1,north,0.6,1.2,0.65,3.5,31.74,34.375,0.4762,13.985
Pune,18.5204,73.8567,warm_humid,3.0,3.0,2.6,0.0,rammed_earth,0.3,gi_sheet,0.002,none,0.0,south,0.9,0.9,0.55,3.5,36.145,41.956,0.0952,13.957
Pune,18.5204,73.8567,warm_humid,3.0,3.0,2.6,135.0,puf_sandwich_panel,0.075,brick,0.115,mineral_wool,0.05,north,0.6,1.5,0.35,2.6,31.961,35.721,0.4821,14.078
Pune,18.5204,73.8567,warm_humid,3.0,3.0,2.6,45.0,plywood,0.03,puf_sandwich_panel,0.15,none,0.0,south,1.5,0.9,0.55,2.6,34.754,46.208,0.4226,14.173
Pune,18.5204,73.8567,warm_humid,3.0,3.0,2.6,180.0,plywood,0.03,puf_sandwich_panel,0.075,none,0.0,east,0.9,1.2,0.35,5.8,34.421,45.136,0.4345,14.175
Pune,18.5204,73.8567,warm_humid,3.0,3.0,2.6,135.0,plywood,0.03,gi_sheet,0.002,mineral_wool,0.05,north,1.5,1.5,0.85,3.5,34.916,43.269,0.369,14.157
Pune,18.5204,73.8567,warm_humid,3.0,3.0,2.6,45.0,brick,0.115,brick,0.115,mineral_wool,0.05,north,1.2,1.2,0.55,5.8,33.15,36.777,0.2202,13.984
Pune,18.5204,73.8567,warm_humid,3.0,3.0,2.6,135.0,concrete,0.3,brick,0.23,none,0.0,south,1.5,1.2,0.65,2.6,35.364,40.283,0.131,13.946
Pune,18.5204,73.8567,warm_humid,3.0,3.0,2.6,180.0,concrete,0.1,concrete,0.1,mineral_wool,0.1,east,0.9,1.2,0.85,5.8,32.761,36.204,0.2798,13.98
Pune,18.5204,73.8567,warm_humid,3.0,3.0,2.6,135.0,concrete,0.3,gi_sheet,0.002,none,0.0,east,0.9,1.5,0.45,2.6,36.505,42.596,0.0952,13.95
Pune,18.5204,73.8567,warm_humid,3.0,3.0,2.6,0.0,brick,0.23,concrete,0.1,mineral_wool,0.05,west,0.9,0.6,0.75,2.6,32.066,35.145,0.3631,13.959
Pune,18.5204,73.8567,warm_humid,3.0,3.0,2.6,45.0,rammed_earth,0.3,rcc_slab,0.15,eps,0.025,south,1.5,0.6,0.65,3.5,32.682,36.125,0.2917,13.952
Pune,18.5204,73.8567,warm_humid,3.0,3.0,2.6,0.0,concrete,0.2,concrete,0.15,eps,0.1,south,1.5,1.5,0.65,3.5,32.367,35.471,0.3036,13.957
Pune,18.5204,73.8567,warm_humid,3.0,3.0,2.6,135.0,concrete,0.3,concrete,0.2,mineral_wool,0.05,north,0.6,0.9,0.35,2.6,31.154,33.963,0.5179,13.945
Pune,18.5204,73.8567,warm_humid,3.0,3.0,2.6,45.0,concrete,0.2,rcc_slab,0.25,eps,0.1,west,0.6,0.6,0.35,3.5,30.638,33.107,0.6905,13.952
Pune,18.5204,73.8567,warm_humid,3.0,3.0,2.6,0.0,rammed_earth,0.45,brick,0.23,mineral_wool,0.025,east,0.9,0.9,0.45,3.5,31.415,34.425,0.4643,13.942
Pune,18.5204,73.8567,warm_humid,3.0,3.0,2.6,90.0,gi_sheet,0.002,puf_sandwich_panel,0.05,mineral_wool,0.025,south,1.2,0.6,0.85,3.5,33.679,42.624,0.4524,14.173
Pune,18.5204,73.8567,warm_humid,3.0,3.0,2.6,45.0,puf_sandwich_panel,0.15,gi_sheet,0.002,mineral_wool,0.05,south,1.2,0.6,0.45,2.6,31.795,36.805,0.5238,14.184
Pune,18.5204,73.8567,warm_humid,3.0,3.0,2.6,45.0,brick,0.345,brick,0.23,eps,0.1,east,0.9,1.2,0.75,3.5,30.964,33.646,0.5417,13.946
Pune,18.5204,73.8567,warm_humid,3.0,3.0,2.6,0.0,gi_sheet,0.002,concrete,0.2,mineral_wool,0.05,west,1.5,1.2,0.45,2.6,33.578,39.046,0.3095,14.02
Pune,18.5204,73.8567,warm_humid,3.0,3.0,2.6,45.0,gi_sheet,0.002,rcc_slab,0.25,none,0.0,south,0.9,0.9,0.65,5.8,36.668,49.307,0.3333,14.008
Pune,18.5204,73.8567,warm_humid,3.0,3.0,2.6,90.0,puf_sandwich_panel,0.05,puf_sandwich_panel,0.15,mineral_wool,0.025,south,0.6,0.6,0.45,3.5,31.119,35.418,0.6012,14.215
Pune,18.5204,73.8567,warm_humid,3.0,3.0,2.6,0.0,rammed_earth,0.15,brick,0.23,mineral_wool,0.025,north,0.9,1.2,0.35,3.5,32.957,36.456,0.2798,13.968
Pune,18.5204,73.8567,warm_humid,3.0,3.0,2.6,90.0,concrete,0.1,gi_sheet,0.002,eps,0.1,south,1.8,1.2,0.55,5.8,33.018,37.053,0.2976,13.996
Pune,18.5204,73.8567,warm_humid,3.0,3.0,2.6,180.0,gi_sheet,0.002,gi_sheet,0.002,eps,0.1,south,1.2,0.6,0.45,3.5,32.33,37.688,0.4762,14.16
Pune,18.5204,73.8567,warm_humid,3.0,3.0,2.6,180.0,gi_sheet,0.002,brick,0.115,eps,0.05,south,0.9,1.5,0.85,5.8,33.73,39.633,0.3631,14.068
Pune,18.5204,73.8567,warm_humid,3.0,3.0,2.6,45.0,plywood,0.019,brick,0.115,mineral_wool,0.05,south,1.5,0.6,0.45,5.8,33.124,38.761,0.381,14.07
Pune,18.5204,73.8567,warm_humid,3.0,3.0,2.6,180.0,concrete,0.1,rcc_slab,0.1,mineral_wool,0.05,east,1.5,1.5,0.65,5.8,34.107,38.717,0.1607,13.983
Pune,18.5204,73.8567,warm_humid,3.0,3.0,2.6,45.0,puf_sandwich_panel,0.075,brick,0.115,mineral_wool,0.1,west,1.2,0.9,0.85,2.6,32.187,36.366,0.4524,14.074
Pune,18.5204,73.8567,warm_humid,3.0,3.0,2.6,135.0,gi_sheet,0.002,puf_sandwich_panel,0.05,eps,0.1,west,1.2,0.6,0.75,2.6,32.418,37.804,0.4702,14.171
Pune,18.5204,73.8567,warm_humid,3.0,3.0,2.6,180.0,concrete,0.1,concrete,0.15,mineral_wool,0.1,north,1.8,0.6,0.65,5.8,32.191,35.059,0.3452,13.975
Pune,18.5204,73.8567,warm_humid,3.0,3.0,2.6,0.0,gi_sheet,0.002,gi_sheet,0.002,mineral_wool,0.1,north,0.9,1.2,0.75,2.6,32.781,39.106,0.4405,14.147
Pune,18.5204,73.8567,warm_humid,3.0,3.0,2.6,90.0,plywood,0.05,puf_sandwich_panel,0.075,mineral_wool,0.1,south,1.5,0.9,0.75,2.6,32.771,39.068,0.4524,14.131
Pune,18.5204,73.8567,warm_humid,3.0,3.0,2.6,135.0,puf_sandwich_panel,0.075,rcc_slab,0.1,mineral_wool,0.1,south,1.2,0.9,0.75,2.6,31.992,35.936,0.4821,14.071
Pune,18.5204,73.8567,warm_humid,3.0,3.0,2.6,135.0,plywood,0.019,rcc_slab,0.25,none,0.0,west,1.2,1.2,0.65,3.5,36.665,46.877,0.2798,14.01
Pune,18.5204,73.8567,warm_humid,3.0,3.0,2.6,135.0,gi_sheet,0.002,brick,0.23,mineral_wool,0.025,west,1.5,0.9,0.75,5.8,34.416,40.439,0.2798,14.023
Pune,18.5204,73.8567,warm_humid,3.0,3.0,2.6,0.0,puf_sandwich_panel,0.15,rcc_slab,0.25,mineral_wool,0.05,south,0.9,0.6,0.85,3.5,31.536,34.166,0.5417,14.01
Pune,18.5204,73.8567,warm_humid,3.0,3.0,2.6,90.0,plywood,0.05,puf_sandwich_panel,0.05,mineral_wool,0.05,west,1.5,1.5,0.65,2.6,33.024,39.301,0.4286,14.142
Pune,18.5204,73.8567,warm_humid,3.0,3.0,2.6,90.0,puf_sandwich_panel,0.15,rcc_slab,0.2,eps,0.05,west,0.6,1.2,0.75,2.6,31.596,34.399,0.5536,14.026
Pune,18.5204,73.8567,warm_humid,3.0,3.0,2.6,0.0,puf_sandwich_panel,0.075,puf_sandwich_panel,0.075,eps,0.025,south,1.8,1.5,0.55,2.6,32.891,39.734,0.4702,14.221
Pune,18.5204,73.8567,warm_humid,3.0,3.0,2.6,180.0,gi_sheet,0.002,concrete,0.2,mineral_wool,0.025,east,1.2,1.2,0.45,5.8,34.271,40.545,0.2857,14.021
Pune,18.5204,73.8567,warm_humid,3.0,3.0,2.6,0.0,puf_sandwich_panel,0.05,brick,0.115,eps,0.1,west,1.5,0.6,0.85,3.5,32.272,36.808,0.4524,14.081
Pune,18.5204,73.8567,warm_humid,3.0,3.0,2.6,180.0,plywood,0.019,brick,0.23,eps,0.05,north,1.8,1.5,0.65,3.5,34.113,39.364,0.2679,14.026
Pune,18.5204,73.8567,warm_humid,3.0,3.0,2.6,45.0,plywood,0.03,gi_sheet,0.002,mineral_wool,0.1,south,1.5,1.5,0.75,5.8,34.065,42.733,0.3929,14.148
Pune,18.5204,73.8567,warm_humid,3.0,3.0,2.6,0.0,brick,0.345,gi_sheet,0.002,none,0.0,west,1.2,1.2,0.65,3.5,36.413,42.147,0.1012,13.951
Pune,18.5204,73.8567,warm_humid,3.0,3.0,2.6,135.0,concrete,0.15,concrete,0.2,mineral_wool,0.1,south,0.6,0.6,0.85,2.6,31.229,33.809,0.5357,13.96
Pune,18.5204,73.8567,warm_humid,3.0,3.0,2.6,0.0,gi_sheet,0.002,brick,0.23,eps,0.1,north,0.6,0.9,0.45,3.5,32.036,35.588,0.4524,14.023
Pune,18.5204,73.8567,warm_humid,3.0,3.0,2.6,180.0,concrete,0.15,concrete,0.2,eps,0.05,east,0.6,0.9,0.45,5.8,32.18,35.21,0.3214,13.961
Pune,18.5204,73.8567,warm_humid,3.0,3.0,2.6,45.0,concrete,0.2,concrete,0.15,eps,0.1,east,0.9,0.6,0.45,3.5,30.989,33.525,0.6071,13.955
Pune,18.5204,73.8567,warm_humid,3.0,3.0,2.6,90.0,concrete,0.3,concrete,0.2,eps,0.1,north,1.2,1.5,0.45,5.8,31.095,33.808,0.5238,13.946
Pune,18.5204,73.8567,warm_humid,3.0,3.0,2.6,45.0,puf_sandwich_panel,0.075,concrete,0.2,mineral_wool,0.05,north,1.5,0.9,0.55,2.6,32.254,35.559,0.4107,14.026
Pune,18.5204,73.8567,warm_humid,3.0,3.0,2.6,180.0,rammed_earth,0.15,brick,0.23,mineral_wool,0.05,west,1.5,0.6,0.45,3.5,32.24,35.195,0.3333,13.968
Pune,18.5204,73.8567,warm_humid,3.0,3.0,2.6,45.0,gi_sheet,0.002,concrete,0.15,mineral_wool,0.05,east,1.5,1.2,0.75,3.5,34.242,39.998,0.2976,14.038
Pune,18.5204,73.8567,warm_humid,3.0,3.0,2.6,180.0,gi_sheet,0.002,gi_sheet,0.002,eps,0.1,east,1.8,0.6,0.65,5.8,33.089,40.017,0.4286,14.161
Pune,18.5204,73.8567,warm_humid,3.0,3.0,2.6,0.0,plywood,0.03,gi_sheet,0.002,eps,0.1,south,1.5,0.9,0.45,2.6,32.386,38.038,0.4881,14.159
Pune,18.5204,73.8567,warm_humid,3.0,3.0,2.6,135.0,puf_sandwich_panel,0.1,rcc_slab,0.15,mineral_wool,0.025,east,1.2,1.2,0.55,5.8,33.25,38.237,0.3393,14.047
Pune,18.5204,73.8567,warm_humid,3.0,3.0,2.6,180.0,concrete,0.3,concrete,0.2,eps,0.025,west,0.6,1.5,0.45,2.6,32.472,35.827,0.3393,13.945
Pune,18.5204,73.8567,warm_humid,3.0,3.0,2.6,90.0,brick,0.345,brick,0.23,mineral_wool,0.05,south,1.8,1.2,0.65,5.8,32.377,35.881,0.3631,13.947
Pune,18.5204,73.8567,warm_humid,3.0,3.0,2.6,180.0,rammed_earth,0.15,rcc_slab,0.2,mineral_wool,0.05,west,0.9,0.9,0.45,3.5,32.206,35.151,0.3333,13.967
Pune,18.5204,73.8567,warm_humid,3.0,3.0,2.6,45.0,brick,0.23,brick,0.23,eps,0.1,east,0.6,1.5,0.45,5.8,31.037,33.576,0.5952,13.955
Pune,18.5204,73.8567,warm_humid,3.0,3.0,2.6,135.0,plywood,0.019,rcc_slab,0.1,none,0.0,east,1.2,0.9,0.45,3.5,37.241,51.971,0.369,14.07
Pune,18.5204,73.8567,warm_humid,3.0,3.0,2.6,90.0,puf_sandwich_panel,0.1,concrete,0.2,eps,0.025,east,0.9,0.9,0.85,3.5,32.812,36.626,0.3571,14.027
Pune,18.5204,73.8567,warm_humid,3.0,3.0,2.6,0.0,gi_sheet,0.002,concrete,0.2,eps,0.025,west,0.6,0.6,0.65,2.6,33.955,39.921,0.3214,14.021
Pune,18.5204,73.8567,warm_humid,3.0,3.0,2.6,180.0,plywood,0.019,concrete,0.1,eps,0.1,south,1.5,0.6,0.35,5.8,31.963,35.749,0.4821,14.069
Pune,18.5204,73.8567,warm_humid,3.0,3.0,2.6,45.0,rammed_earth,0.15,rcc_slab,0.2,eps,0.1,north,1.2,0.9,0.35,3.5,31.308,33.844,0.5476,13.968
Pune,18.5204,73.8567,warm_humid,3.0,3.0,2.6,0.0,gi_sheet,0.002,puf_sandwich_panel,0.1,eps,0.05,north,0.9,0.9,0.45,5.8,32.618,39.377,0.4762,14.173
Pune,18.5204,73.8567,warm_humid,3.0,3.0,2.6,0.0,gi_sheet,0.002,gi_sheet,0.002,mineral_wool,0.05,north,1.2,0.6,0.65,3.5,33.247,40.792,0.4345,14.157
Pune,18.5204,73.8567,warm_humid,3.0,3.0,2.6,90.0,gi_sheet,0.002,brick,0.23,mineral_wool,0.05,east,0.9,0.9,0.55,2.6,32.876,37.131,0.3571,14.022
Pune,18.5204,73.8567,warm_humid,3.0,3.0,2.6,90.0,gi_sheet,0.002,gi_sheet,0.002,mineral_wool,0.05,north,0.6,0.6,0.55,3.5,32.917,39.553,0.4583,14.156
Pune,18.5204,73.8567,warm_humid,3.0,3.0,2.6,0.0,rammed_earth,0.3,concrete,0.15,mineral_wool,0.1,west,1.2,0.6,0.75,5.8,30.875,33.527,0.6071,13.951
Pune,18.5204,73.8567,warm_humid,3.0,3.0,2.6,180.0,rammed_earth,0.45,puf_sandwich_panel,0.15,mineral_wool,0.1,north,1.8,1.2,0.85,2.6,31.458,34.316,0.4405,13.947
Pune,18.5204,73.8567,warm_humid,3.0,3.0,2.6,90.0,brick,0.345,concrete,0.1,eps,0.1,south,1.8,0.6,0.75,5.8,31.079,33.904,0.5357,13.948
Pune,18.5204,73.8567,warm_humid,3.0,3.0,2.6,135.0,brick,0.345,concrete,0.1,eps,0.025,west,0.9,0.6,0.65,2.6,32.325,35.603,0.3571,13.948
Pune,18.5204,73.8567,warm_humid,3.0,3.0,2.6,90.0,puf_sandwich_panel,0.15,brick,0.115,eps,0.025,west,1.2,1.2,0.65,3.5,32.992,37.821,0.381,14.079
Pune,18.5204,73.8567,warm_humid,3.0,3.0,2.6,45.0,puf_sandwich_panel,0.1,concrete,0.2,eps,0.025,east,1.2,1.2,0.65,2.6,33.331,37.447,0.2857,14.027
Pune,18.5204,73.8567,warm_humid,3.0,3.0,2.6,180.0,rammed_earth,0.3,concrete,0.1,mineral_wool,0.025,north,0.9,1.5,0.45,2.6,32.698,36.015,0.2798,13.954
Pune,18.5204,73.8567,warm_humid,3.0,3.0,2.6,0.0,plywood,0.05,concrete,0.1,mineral_wool,0.05,west,0.9,0.9,0.65,2.6,33.017,38.088,0.369,14.053
Pune,18.5204,73.8567,warm_humid,3.0,3.0,2.6,90.0,brick,0.115,concrete,0.15,eps,0.025,west,0.9,1.5,0.85,5.8,34.048,38.278,0.1726,13.978
Pune,18.5204,73.8567,warm_humid,3.0,3.0,2.6,45.0,brick,0.345,gi_sheet,0.002,mineral_wool,0.05,east,0.9,1.2,0.85,2.6,32.088,35.156,0.369,13.951
Pune,18.5204,73.8567,warm_humid,3.0,3.0,2.6,0.0,rammed_earth,0.45,concrete,0.1,eps,0.025,south,1.8,0.9,0.35,5.8,31.911,35.074,0.3869,13.944
Pune,18.5204,73.8567,warm_humid,3.0,3.0,2.6,45.0,gi_sheet,0.002,rcc_slab,0.2,none,0.0,north,1.5,0.9,0.65,2.6,36.876,50.484,0.3631,14.021
Pune,18.5204,73.8567,warm_humid,3.0,3.0,2.6,180.0,plywood,0.05,concrete,0.1,mineral_wool,0.05,east,0.6,1.2,0.75,5.8,33.044,38.03,0.369,14.053
Pune,18.5204,73.8567,warm_humid,3.0,3.0,2.6,180.0,puf_sandwich_panel,0.05,puf_sandwich_panel,0.1,none,0.0,west,1.2,0.6,0.55,2.6,31.878,36.965,0.5179,14.226
Pune,18.5204,73.8567,warm_humid,3.0,3.0,2.6,90.0,puf_sandwich_panel,0.05,gi_sheet,0.002,none,0.0,east,1.5,0.9,0.85,3.5,37.406,54.508,0.4107,14.21
Pune,18.5204,73.8567,warm_humid,3.0,3.0,2.6,135.0,gi_sheet,0.002,rcc_slab,0.2,eps,0.05,south,0.6,1.5,0.75,2.6,33.308,38.063,0.3333,14.021
Pune,18.5204,73.8567,warm_humid,3.0,3.0,2.6,135.0,plywood,0.03,puf_sandwich_panel,0.075,eps,0.05,north,1.2,0.9,0.65,3.5,32.908,38.979,0.4464,14.173
Pune,18.5204,73.8567,warm_humid,3.0,3.0,2.6,180.0,concrete,0.2,concrete,0.15,mineral_wool,0.1,south,0.9,1.5,0.55,2.6,31.402,34.048,0.4524,13.956
Pune,18.5204,73.8567,warm_humid,3.0,3.0,2.6,135.0,plywood,0.03,concrete,0.2,mineral_wool,0.025,west,0.9,1.2,0.45,3.5,33.774,38.918,0.2857,14.02
Pune,18.5204,73.8567,warm_humid,3.0,3.0,2.6,135.0,plywood,0.012,rcc_slab,0.15,mineral_wool,0.025,west,1.5,1.2,0.35,3.5,34.176,40.652,0.3214,14.045
Pune,18.5204,73.8567,warm_humid,3.0,3.0,2.6,45.0,puf_sandwich_panel,0.1,gi_sheet,0.002,none,0.0,south,1.5,0.9,0.85,3.5,37.649,55.246,0.3988,14.203
Pune,18.5204,73.8567,warm_humid,3.0,3.0,2.6,135.0,plywood,0.03,gi_sheet,0.002,mineral_wool,0.05,north,1.2,1.5,0.45,2.6,33.502,40.532,0.4167,14.157
Pune,18.5204,73.8567,warm_humid,3.0,3.0,2.6,90.0,concrete,0.1,rcc_slab,0.15,mineral_wool,0.1,south,1.8,0.9,0.35,5.8,31.993,34.997,0.4167,13.976
Pune,18.5204,73.8567,warm_humid,3.0,3.0,2.6,45.0,rammed_earth,0.15,rcc_slab,0.15,eps,0.05,south,0.6,1.5,0.35,5.8,32.225,35.326,0.3333,13.971
Pune,18.5204,73.8567,warm_humid,3.0,3.0,2.6,90.0,gi_sheet,0.002,gi_sheet,0.002,eps,0.05,east,0.6,0.9,0.65,3.5,33.032,40.044,0.4583,14.164
Pune,18.5204,73.8567,warm_humid,3.0,3.0,2.6,90.0,concrete,0.15,brick,0.23,eps,0.025,south,0.6,0.6,0.65,2.6,33.076,36.604,0.256,13.961
Pune,18.5204,73.8567,warm_humid,3.0,3.0,2.6,45.0,rammed_earth,0.3,gi_sheet,0.002,eps,0.05,west,0.9,0.9,0.45,5.8,31.555,34.376,0.4345,13.957
Pune,18.5204,73.8567,warm_humid,3.0,3.0,2.6,0.0,rammed_earth,0.45,brick,0.23,eps,0.1,east,0.6,1.2,0.65,2.6,30.073,32.462,0.8393,13.942
Pune,18.5204,73.8567,warm_humid,3.0,3.0,2.6,0.0,gi_sheet,0.002,concrete,0.2,none,0.0,north,1.8,0.6,0.45,5.8,36.577,49.761,0.369,14.021
Pune,18.5204,73.8567,warm_humid,3.0,3.0,2.6,90.0,puf_sandwich_panel,0.15,gi_sheet,0.002,none,0.0,west,0.9,1.5,0.85,3.5,37.222,53.27,0.4048,14.197
Pune,18.5204,73.8567,warm_humid,3.0,3.0,2.6,180.0,puf_sandwich_panel,0.1,puf_sandwich_panel,0.1,eps,0.025,east,1.8,1.5,0.75,5.8,34.169,44.748,0.4107,14.216
Pune,18.5204,73.8567,warm_humid,3.0,3.0,2.6,135.0,rammed_earth,0.15,concrete,0.15,eps,0.1,east,0.9,0.6,0.45,3.5,31.234,33.731,0.5714,13.971
Pune,18.5204,73.8567,warm_humid,3.0,3.0,2.6,45.0,plywood,0.012,concrete,0.2,mineral_wool,0.05,south,1.8,0.6,0.85,2.6,33.658,38.868,0.2976,14.024
Pune,18.5204,73.8567,warm_humid,3.0,3.0,2.6,0.0,concrete,0.1,puf_sandwich_panel,0.1,mineral_wool,0.1,west,1.5,0.9,0.55,3.5,32.354,35.864,0.3929,13.994
Pune,18.5204,73.8567,warm_humid,3.0,3.0,2.6,135.0,concrete,0.15,gi_sheet,0.002,eps,0.1,west,0.6,1.5,0.65,3.5,31.856,34.553,0.4226,13.974
Pune,18.5204,73.8567,warm_humid,3.0,3.0,2.6,180.0,concrete,0.3,concrete,0.2,none,0.0,south,1.5,1.5,0.45,5.8,35.659,40.745,0.119,13.946
Pune,18.5204,73.8567,warm_humid,3.0,3.0,2.6,135.0,plywood,0.019,brick,0.23,eps,0.025,south,1.2,0.6,0.45,2.6,33.702,39.106,0.3214,14.026
Pune,18.5204,73.8567,warm_humid,3.0,3.0,2.6,90.0,rammed_earth,0.3,gi_sheet,0.002,eps,0.025,west,0.9,1.5,0.35,3.5,32.485,35.683,0.2917,13.957
Pune,18.5204,73.8567,warm_humid,3.0,3.0,2.6,45.0,puf_sandwich_panel,0.05,gi_sheet,0.002,eps,0.05,north,1.5,1.2,0.85,5.8,33.653,40.604,0.4286,14.207
Pune,18.5204,73.8567,warm_humid,3.0,3.0,2.6,45.0,gi_sheet,0.002,gi_sheet,0.002,mineral_wool,0.025,west,0.9,0.6,0.75,3.5,34.282,44.233,0.4107,14.161
Pune,18.5204,73.8567,warm_humid,3.0,3.0,2.6,90.0,brick,0.115,concrete,0.15,mineral_wool,0.025,west,0.9,1.2,0.85,2.6,33.907,38.04,0.1845,13.978
Pune,18.5204,73.8567,warm_humid,3.0,3.0,2.6,180.0,rammed_earth,0.3,puf_sandwich_panel,0.05,mineral_wool,0.05,west,1.2,0.6,0.35,3.5,30.995,33.457,0.625,13.957
Pune,18.5204,73.8567,warm_humid,3.0,3.0,2.6,90.0,gi_sheet,0.002,concrete,0.2,mineral_wool,0.025,east,1.5,1.2,0.45,3.5,34.099,40.047,0.3214,14.021
Pune,18.5204,73.8567,warm_humid,3.0,3.0,2.6,90.0,rammed_earth,0.15,brick,0.115,none,0.0,north,0.9,1.5,0.85,5.8,36.565,43.863,0.1369,13.976
Pune,18.5204,73.8567,warm_humid,3.0,3.0,2.6,45.0,plywood,0.012,gi_sheet,0.002,eps,0.025,south,1.2,1.5,0.85,3.5,35.411,48.129,0.4107,14.193
Pune,18.5204,73.8567,warm_humid,3.0,3.0,2.6,45.0,puf_sandwich_panel,0.075,concrete,0.2,eps,0.1,east,0.9,1.5,0.45,5.8,31.664,34.465,0.5238,14.027
Pune,18.5204,73.8567,warm_humid,3.0,3.0,2.6,0.0,brick,0.23,gi_sheet,0.002,mineral_wool,0.1,north,1.2,0.6,0.65,3.5,31.127,33.618,0.5833,13.963
Pune,18.5204,73.8567,warm_humid,3.0,3.0,2.6,180.0,puf_sandwich_panel,0.15,rcc_slab,0.2,eps,0.025,north,0.6,1.2,0.85,3.5,32.62,36.236,0.3631,14.026
Pune,18.5204,73.8567,warm_humid,3.0,3.0,2.6,0.0,puf_sandwich_panel,0.15,gi_sheet,0.002,eps,0.05,south,1.8,0.6,0.75,2.6,32.417,38.035,0.4881,14.193
Pune,18.5204,73.8567,warm_humid,3.0,3.0,2.6,90.0,gi_sheet,0.002,puf_sandwich_panel,0.05,eps,0.1,north,0.6,0.9,0.45,5.8,31.93,36.889,0.5,14.171
Pune,18.5204,73.8567,warm_humid,3.0,3.0,2.6,0.0,brick,0.23,concrete,0.2,eps,0.05,east,0.6,0.9,0.55,5.8,31.746,34.633,0.4048,13.955
Pune,18.5204,73.8567,warm_humid,3.0,3.0,2.6,90.0,rammed_earth,0.3,puf_sandwich_panel,0.05,none,0.0,south,1.8,0.9,0.35,2.6,33.155,36.823,0.256,13.958
Pune,18.5204,73.8567,warm_humid,3.0,3.0,2.6,45.0,gi_sheet,0.002,rcc_slab,0.2,mineral_wool,0.1,west,0.6,1.5,0.35,5.8,32.087,35.671,0.4524,14.018
Pune,18.5204,73.8567,warm_humid,3.0,3.0,2.6,45.0,rammed_earth,0.45,brick,0.115,eps,0.1,east,0.6,0.6,0.45,3.5,29.779,32.001,0.994,13.944
Pune,18.5204,73.8567,warm_humid,3.0,3.0,2.6,180.0,concrete,0.2,concrete,0.2,none,0.0,east,1.8,0.6,0.65,5.8,36.299,42.441,0.0952,13.954
Pune,18.5204,73.8567,warm_humid,3.0,3.0,2.6,90.0,gi_sheet,0.002,puf_sandwich_panel,0.1,mineral_wool,0.05,south,1.5,1.5,0.55,3.5,33.669,42.655,0.4286,14.168
Pune,18.5204,73.8567,warm_humid,3.0,3.0,2.6,0.0,concrete,0.3,puf_sandwich_panel,0.05,mineral_wool,0.05,east,1.2,0.6,0.55,5.8,31.214,33.94,0.494,13.95
Pune,18.5204,73.8567,warm_humid,3.0,3.0,2.6,180.0,puf_sandwich_panel,0.1,gi_sheet,0.002,mineral_wool,0.1,north,1.8,1.5,0.65,5.8,33.237,39.9,0.4345,14.179
Pune,18.5204,73.8567,warm_humid,3.0,3.0,2.6,180.0,concrete,0.1,brick,0.23,mineral_wool,0.025,north,1.5,1.2,0.35,3.5,33.712,37.737,0.1905,13.973
Pune,18.5204,73.8567,warm_humid,3.0,3.0,2.6,0.0,brick,0.23,puf_sandwich_panel,0.15,mineral_wool,0.025,east,1.8,1.5,0.35,3.5,32.739,35.967,0.2798,13.966
Pune,18.5204,73.8567,warm_humid,3.0,3.0,2.6,135.0,brick,0.23,gi_sheet,0.002,eps,0.025,north,0.6,1.2,0.65,3.5,33.263,36.826,0.25,13.964
Pune,18.5204,73.8567,warm_humid,3.0,3.0,2.6,90.0,plywood,0.05,puf_sandwich_panel,0.15,eps,0.1,east,0.6,0.6,0.75,5.8,31.313,35.02,0.5774,14.139
Pune,18.5204,73.8567,warm_humid,3.0,3.0,2.6,135.0,plywood,0.012,concrete,0.1,mineral_wool,0.05,south,1.2,0.9,0.55,2.6,33.331,39.179,0.375,14.071
Pune,18.5204,73.8567,warm_humid,3.0,3.0,2.6,45.0,puf_sandwich_panel,0.05,brick,0.23,mineral_wool,0.025,west,1.5,1.2,0.45,2.6,33.017,37.557,0.3452,14.03
Pune,18.5204,73.8567,warm_humid,3.0,3.0,2.6,45.0,gi_sheet,0.002,concrete,0.1,mineral_wool,0.025,west,1.8,1.2,0.85,3.5,35.362,44.934,0.3155,14.065
Pune,18.5204,73.8567,warm_humid,3.0,3.0,2.6,180.0,puf_sandwich_panel,0.15,brick,0.115,eps,0.1,south,1.2,1.2,0.75,3.5,31.9,35.461,0.4881,14.076
Pune,18.5204,73.8567,warm_humid,3.0,3.0,2.6,0.0,gi_sheet,0.002,brick,0.23,eps,0.025,east,1.5,0.6,0.45,2.6,33.99,39.9,0.3095,14.024
Pune,18.5204,73.8567,warm_humid,3.0,3.0,2.6,45.0,concrete,0.2,rcc_slab,0.25,eps,0.1,west,0.6,0.6,0.85,2.6,30.834,33.412,0.625,13.952
Pune,18.5204,73.8567,warm_humid,3.0,3.0,2.6,180.0,concrete,0.3,concrete,0.15,none,0.0,north,0.6,0.6,0.45,3.5,35.712,40.838,0.119,13.946
Pune,18.5204,73.8567,warm_humid,3.0,3.0,2.6,45.0,concrete,0.2,brick,0.115,eps,0.05,north,1.2,0.6,0.65,3.5,32.222,35.296,0.3214,13.958
Pune,18.5204,73.8567,warm_humid,3.0,3.0,2.6,180.0,concrete,0.1,puf_sandwich_panel,0.1,mineral_wool,0.05,east,1.2,1.2,0.35,2.6,32.538,36.063,0.3512,13.995
Pune,18.5204,73.8567,warm_humid,3.0,3.0,2.6,90.0,concrete,0.15,puf_sandwich_panel,0.05,none,0.0,south,0.6,0.9,0.55,5.8,35.077,41.346,0.2083,13.974
Pune,18.5204,73.8567,warm_humid,3.0,3.0,2.6,45.0,gi_sheet,0.002,gi_sheet,0.002,eps,0.025,north,1.2,0.6,0.75,3.5,34.379,44.152,0.4226,14.165
Pune,18.5204,73.8567,warm_humid,3.0,3.0,2.6,135.0,concrete,0.15,brick,0.115,eps,0.05,south,0.6,1.2,0.85,3.5,32.706,36.021,0.2679,13.967
Pune,18.5204,73.8567,warm_humid,3.0,3.0,2.6,45.0,concrete,0.1,concrete,0.1,eps,0.05,south,1.8,0.6,0.65,2.6,33.215,37.086,0.2202,13.982
Pune,18.5204,73.8567,warm_humid,3.0,3.0,2.6,45.0,rammed_earth,0.15,concrete,0.1,eps,0.1,north,1.2,1.2,0.75,2.6,32.319,35.259,0.3214,13.976
Pune,18.5204,73.8567,warm_humid,3.0,3.0,2.6,135.0,gi_sheet,0.002,puf_sandwich_panel,0.05,mineral_wool,0.1,east,1.8,1.5,0.75,2.6,34.463,44.167,0.3988,14.16
Pune,18.5204,73.8567,warm_humid,3.0,3.0,2.6,135.0,plywood,0.05,puf_sandwich_panel,0.1,eps,0.05,south,0.6,0.9,0.85,2.6,32.256,37.62,0.4762,14.144
Pune,18.5204,73.8567,warm_humid,3.0,3.0,2.6,90.0,gi_sheet,0.002,brick,0.115,mineral_wool,0.05,south,1.5,1.2,0.35,5.8,33.36,39.604,0.375,14.065
Pune,18.5204,73.8567,warm_humid,3.0,3.0,2.6,45.0,concrete,0.1,concrete,0.1,none,0.0,south,1.8,1.2,0.85,5.8,37.848,48.993,0.2202,13.983
Pune,18.5204,73.8567,warm_humid,3.0,3.0,2.6,180.0,rammed_earth,0.3,gi_sheet,0.002,mineral_wool,0.025,south,1.5,1.5,0.85,5.8,33.5,37.117,0.2381,13.958
Pune,18.5204,73.8567,warm_humid,3.0,3.0,2.6,180.0,gi_sheet,0.002,concrete,0.15,eps,0.025,south,1.8,1.2,0.65,5.8,34.563,41.453,0.3036,14.04
Pune,18.5204,73.8567,warm_humid,3.0,3.0,2.6,135.0,brick,0.23,concrete,0.1,mineral_wool,0.05,east,0.6,0.6,0.35,5.8,31.709,34.545,0.4048,13.958
Pune,18.5204,73.8567,warm_humid,3.0,3.0,2.6,90.0,gi_sheet,0.002,rcc_slab,0.25,eps,0.1,east,0.6,1.2,0.75,2.6,32.119,35.317,0.4345,14.007
Pune,18.5204,73.8567,warm_humid,3.0,3.0,2.6,45.0,concrete,0.1,concrete,0.15,eps,0.05,east,0.9,0.6,0.85,2.6,32.855,36.247,0.2798,13.976
Pune,18.5204,73.8567,warm_humid,3.0,3.0,2.6,90.0,gi_sheet,0.002,rcc_slab,0.1,eps,0.025,west,1.5,0.6,0.85,5.8,34.234,41.509,0.3571,14.066
Pune,18.5204,73.8567,warm_humid,3.0,3.0,2.6,135.0,plywood,0.012,gi_sheet,0.002,mineral_wool,0.05,east,1.2,0.6,0.85,2.6,33.547,41.67,0.4226,14.182
Pune,18.5204,73.8567,warm_humid,3.0,3.0,2.6,135.0,puf_sandwich_panel,0.075,rcc_slab,0.15,mineral_wool,0.05,east,0.9,1.5,0.45,3.5,32.306,36.312,0.4286,14.046
Pune,18.5204,73.8567,warm_humid,3.0,3.0,2.6,180.0,rammed_earth,0.3,gi_sheet,0.002,none,0.0,north,0.9,1.2,0.85,5.8,36.391,42.355,0.0952,13.957
Pune,18.5204,73.8567,warm_humid,3.0,3.0,2.6,0.0,plywood,0.012,rcc_slab,0.1,mineral_wool,0.1,south,1.8,1.5,0.75,5.8,34.083,40.181,0.3333,14.068
Pune,18.5204,73.8567,warm_humid,3.0,3.0,2.6,90.0,plywood,0.012,rcc_slab,0.15,eps,0.1,south,0.9,0.6,0.75,5.8,32.152,36.002,0.4524,14.044
Pune,18.5204,73.8567,warm_humid,3.0,3.0,2.6,90.0,rammed_earth,0.45,rcc_slab,0.15,eps,0.1,north,0.6,0.6,0.85,3.5,29.837,32.094,0.9583,13.943
Pune,18.5204,73.8567,warm_humid,3.0,3.0,2.6,180.0,concrete,0.1,concrete,0.2,eps,0.05,south,1.5,1.5,0.75,2.6,33.473,37.115,0.1964,13.973
Pune,18.5204,73.8567,warm_humid,3.0,3.0,2.6,135.0,plywood,0.03,brick,0.115,eps,0.1,south,1.2,0.9,0.85,3.5,32.766,37.55,0.381,14.066
Pune,18.5204,73.8567,warm_humid,3.0,3.0,2.6,90.0,concrete,0.1,rcc_slab,0.1,eps,0.025,west,1.8,0.6,0.55,3.5,33.817,38.12,0.1964,13.982
Pune,18.5204,73.8567,warm_humid,3.0,3.0,2.6,135.0,plywood,0.03,concrete,0.15,mineral_wool,0.1,west,1.2,0.9,0.65,2.6,32.328,35.818,0.3988,14.035
Pune,18.5204,73.8567,warm_humid,3.0,3.0,2.6,135.0,plywood,0.019,puf_sandwich_panel,0.05,mineral_wool,0.025,east,0.9,0.6,0.85,3.5,33.455,41.702,0.4524,14.189
Pune,18.5204,73.8567,warm_humid,3.0,3.0,2.6,90.0,plywood,0.012,concrete,0.1,none,0.0,north,1.8,1.2,0.45,2.6,37.296,52.556,0.3869,14.074
Pune,18.5204,73.8567,warm_humid,3.0,3.0,2.6,90.0,concrete,0.15,rcc_slab,0.15,eps,0.1,south,0.6,1.2,0.85,2.6,31.721,34.583,0.4286,13.963
Pune,18.5204,73.8567,warm_humid,3.0,3.0,2.6,0.0,brick,0.23,brick,0.23,mineral_wool,0.05,east,0.6,1.2,0.75,2.6,32.032,35.025,0.381,13.955
Pune,18.5204,73.8567,warm_humid,3.0,3.0,2.6,90.0,concrete,0.15,rcc_slab,0.25,eps,0.1,east,0.9,1.2,0.75,5.8,31.642,34.355,0.4226,13.959
Pune,18.5204,73.8567,warm_humid,3.0,3.0,2.6,180.0,plywood,0.05,brick,0.23,mineral_wool,0.05,east,1.8,1.5,0.85,5.8,35.048,41.653,0.1667,14.018
Pune,18.5204,73.8567,warm_humid,3.0,3.0,2.6,180.0,plywood,0.019,brick,0.115,eps,0.05,north,1.8,0.9,0.45,5.8,33.352,38.951,0.381,14.073
Pune,18.5204,73.8567,warm_humid,3.0,3.0,2.6,180.0,gi_sheet,0.002,rcc_slab,0.25,mineral_wool,0.025,south,1.5,1.2,0.55,3.5,34.125,39.552,0.2738,14.008
Pune,18.5204,73.8567,warm_humid,3.0,3.0,2.6,180.0,brick,0.115,puf_sandwich_panel,0.15,mineral_wool,0.025,south,1.2,0.6,0.35,3.5,32.683,36.253,0.3393,13.997
Pune,18.5204,73.8567,warm_humid,3.0,3.0,2.6,135.0,plywood,0.05,brick,0.115,mineral_wool,0.05,west,1.8,1.2,0.45,5.8,33.346,38.425,0.3512,14.056
Pune,18.5204,73.8567,warm_humid,3.0,3.0,2.6,135.0,concrete,0.15,brick,0.115,eps,0.05,west,0.6,0.9,0.55,2.6,32.374,35.434,0.3095,13.967
Pune,18.5204,73.8567,warm_humid,3.0,3.0,2.6,180.0,puf_sandwich_panel,0.1,brick,0.115,eps,0.1,east,1.8,0.9,0.45,2.6,32.072,36.463,0.4702,14.079
Pune,18.5204,73.8567,warm_humid,3.0,3.0,2.6,90.0,concrete,0.2,rcc_slab,0.2,mineral_wool,0.1,south,1.5,1.5,0.35,2.6,31.628,34.558,0.4167,13.955
Pune,18.5204,73.8567,warm_humid,3.0,3.0,2.6,0.0,gi_sheet,0.002,gi_sheet,0.002,mineral_wool,0.025,west,1.8,1.5,0.35,5.8,34.648,46.123,0.4286,14.164
Pune,18.5204,73.8567,warm_humid,3.0,3.0,2.6,45.0,puf_sandwich_panel,0.1,brick,0.115,eps,0.05,south,1.8,0.6,0.55,3.5,32.356,36.857,0.4524,14.08
Pune,18.5204,73.8567,warm_humid,3.0,3.0,2.6,45.0,concrete,0.2,concrete,0.1,eps,0.05,south,1.2,0.6,0.35,3.5,32.022,35.063,0.3571,13.958
Pune,18.5204,73.8567,warm_humid,3.0,3.0,2.6,180.0,gi_sheet,0.002,gi_sheet,0.002,mineral_wool,0.05,west,1.5,1.2,0.45,5.8,33.798,41.332,0.4107,14.158
Pune,18.5204,73.8567,warm_humid,3.0,3.0,2.6,135.0,puf_sandwich_panel,0.15,concrete,0.2,eps,0.1,west,0.9,1.2,0.65,3.5,31.511,34.128,0.5595,14.025
Pune,18.5204,73.8567,warm_humid,3.0,3.0,2.6,135.0,plywood,0.019,brick,0.23,mineral_wool,0.1,north,0.6,1.2,0.75,2.6,32.273,35.545,0.4107,14.023
Pune,18.5204,73.8567,warm_humid,3.0,3.0,2.6,45.0,brick,0.23,rcc_slab,0.25,eps,0.025,south,0.6,1.5,0.65,5.8,32.996,36.569,0.2738,13.953
Pune,18.5204,73.8567,warm_humid,3.0,3.0,2.6,135.0,puf_sandwich_panel,0.15,concrete,0.2,none,0.0,east,0.6,1.2,0.85,2.6,35.892,43.172,0.1786,14.026
Pune,18.5204,73.8567,warm_humid,3.0,3.0,2.6,90.0,rammed_earth,0.45,brick,0.23,mineral_wool,0.05,west,0.6,0.9,0.75,2.6,30.46,33.038,0.7143,13.942
Pune,18.5204,73.8567,warm_humid,3.0,3.0,2.6,180.0,plywood,0.012,rcc_slab,0.25,eps,0.05,south,1.8,0.9,0.85,3.5,33.512,37.848,0.2798,14.011
Pune,18.5204,73.8567,warm_humid,3.0,3.0,2.6,90.0,plywood,0.019,rcc_slab,0.1,eps,0.05,south,1.5,0.9,0.35,3.5,33.079,38.758,0.3869,14.07
Pune,18.5204,73.8567,warm_humid,3.0,3.0,2.6,0.0,puf_sandwich_panel,0.1,brick,0.115,eps,0.1,east,0.9,1.2,0.35,5.8,31.424,34.542,0.5595,14.078
Pune,18.5204,73.8567,warm_humid,3.0,3.0,2.6,180.0,plywood,0.019,puf_sandwich_panel,0.05,eps,0.1,west,1.2,0.9,0.65,5.8,32.637,38.097,0.4524,14.187
Pune,18.5204,73.8567,warm_humid,3.0,3.0,2.6,0.0,brick,0.345,rcc_slab,0.2,mineral_wool,0.1,south,1.8,1.2,0.55,5.8,31.29,34.104,0.4702,13.947
Pune,18.5204,73.8567,warm_humid,3.0,3.0,2.6,0.0,gi_sheet,0.002,gi_sheet,0.002,eps,0.1,north,0.9,0.6,0.65,2.6,32.373,38.372,0.4881,14.16
Pune,18.5204,73.8567,warm_humid,3.0,3.0,2.6,180.0,rammed_earth,0.45,puf_sandwich_panel,0.05,mineral_wool,0.05,south,0.9,0.6,0.45,5.8,30.141,32.462,0.8512,13.945
Pune,18.5204,73.8567,warm_humid,3.0,3.0,2.6,90.0,gi_sheet,0.002,rcc_slab,0.2,mineral_wool,0.1,east,1.2,1.5,0.45,3.5,32.476,36.209,0.3988,14.018
Pune,18.5204,73.8567,warm_humid,3.0,3.0,2.6,0.0,gi_sheet,0.002,concrete,0.1,mineral_wool,0.025,south,1.2,1.2,0.55,3.5,34.49,42.389,0.3631,14.065
Pune,18.5204,73.8567,warm_humid,3.0,3.0,2.6,90.0,gi_sheet,0.002,brick,0.115,mineral_wool,0.05,north,1.8,1.2,0.35,2.6,33.476,39.24,0.375,14.066
Pune,18.5204,73.8567,warm_humid,3.0,3.0,2.6,180.0,gi_sheet,0.002,brick,0.115,none,0.0,east,0.9,1.2,0.65,2.6,36.752,52.01,0.4048,14.064
Pune,18.5204,73.8567,warm_humid,3.0,3.0,2.6,135.0,concrete,0.15,gi_sheet,0.002,none,0.0,east,1.2,0.6,0.45,2.6,37.154,46.48,0.1964,13.974
Pune,18.5204,73.8567,warm_humid,3.0,3.0,2.6,180.0,puf_sandwich_panel,0.15,gi_sheet,0.002,eps,0.05,west,1.2,0.9,0.35,2.6,31.915,36.777,0.5119,14.193
Pune,18.5204,73.8567,warm_humid,3.0,3.0,2.6,45.0,concrete,0.1,gi_sheet,0.002,mineral_wool,0.1,east,0.9,0.9,0.45,3.5,31.984,34.938,0.4464,13.992
Pune,18.5204,73.8567,warm_humid,3.0,3.0,2.6,45.0,gi_sheet,0.002,gi_sheet,0.002,eps,0.025,south,0.9,1.5,0.55,3.5,34.592,45.468,0.4167,14.166
Pune,18.5204,73.8567,warm_humid,3.0,3.0,2.6,180.0,brick,0.23,gi_sheet,0.002,eps,0.1,north,0.6,0.6,0.55,2.6,30.91,33.255,0.6607,13.963
Pune,18.5204,73.8567,warm_humid,3.0,3.0,2.6,90.0,gi_sheet,0.002,gi_sheet,0.002,none,0.0,east,1.8,1.5,0.45,2.6,37.134,54.846,0.4524,13.406
Pune,18.5204,73.8567,warm_humid,3.0,3.0,2.6,90.0,brick,0.23,rcc_slab,0.1,mineral_wool,0.05,west,1.2,1.5,0.65,3.5,32.454,35.554,0.2976,13.96
Pune,18.5204,73.8567,warm_humid,3.0,3.0,2.6,135.0,rammed_earth,0.15,rcc_slab,0.2,eps,0.025,south,0.6,1.2,0.65,5.8,33.276,36.98,0.2381,13.967
Pune,18.5204,73.8567,warm_humid,3.0,3.0,2.6,0.0,puf_sandwich_panel,0.075,gi_sheet,0.002,mineral_wool,0.05,east,0.9,1.2,0.35,2.6,32.082,37.279,0.494,14.194
Pune,18.5204,73.8567,warm_humid,3.0,3.0,2.6,135.0,concrete,0.2,gi_sheet,0.002,eps,0.05,north,1.8,1.2,0.65,5.8,33.404,36.892,0.2381,13.964
Pune,18.5204,73.8567,warm_humid,3.0,3.0,2.6,0.0,brick,0.345,concrete,0.15,eps,0.05,north,1.8,0.9,0.75,2.6,31.821,34.86,0.3988,13.948
Pune,18.5204,73.8567,warm_humid,3.0,3.0,2.6,90.0,rammed_earth,0.15,puf_sandwich_panel,0.1,mineral_wool,0.1,south,1.2,1.2,0.85,2.6,32.531,36.0,0.3274,13.986
Pune,18.5204,73.8567,warm_humid,3.0,3.0,2.6,135.0,rammed_earth,0.45,brick,0.115,eps,0.05,north,1.8,0.9,0.65,2.6,31.687,34.724,0.4167,13.945
Pune,18.5204,73.8567,warm_humid,3.0,3.0,2.6,90.0,concrete,0.3,concrete,0.1,mineral_wool,0.025,north,1.8,1.5,0.85,5.8,34.426,38.502,0.2083,13.949
Pune,18.5204,73.8567,warm_humid,3.0,3.0,2.6,90.0,puf_sandwich_panel,0.05,rcc_slab,0.1,mineral_wool,0.05,west,1.8,0.9,0.55,2.6,32.453,36.821,0.4405,14.076
Pune,18.5204,73.8567,warm_humid,3.0,3.0,2.6,135.0,plywood,0.05,rcc_slab,0.1,mineral_wool,0.025,south,1.2,1.5,0.55,3.5,34.272,41.194,0.3274,14.055
Pune,18.5204,73.8567,warm_humid,3.0,3.0,2.6,45.0,concrete,0.15,gi_sheet,0.002,eps,0.1,north,0.9,1.2,0.55,5.8,31.874,34.664,0.4226,13.974
Pune,18.5204,73.8567,warm_humid,3.0,3.0,2.6,180.0,brick,0.23,rcc_slab,0.2,eps,0.05,east,0.9,0.9,0.55,5.8,31.938,34.965,0.3869,13.955
Pune,18.5204,73.8567,warm_humid,3.0,3.0,2.6,135.0,puf_sandwich_panel,0.075,concrete,0.15,eps,0.1,south,1.5,1.2,0.35,5.8,31.668,35.107,0.5238,14.047
Pune,18.5204,73.8567,warm_humid,3.0,3.0,2.6,135.0,plywood,0.03,puf_sandwich_panel,0.15,mineral_wool,0.025,south,0.6,1.5,0.55,3.5,33.015,40.121,0.4524,14.168
Pune,18.5204,73.8567,warm_humid,3.0,3.0,2.6,180.0,plywood,0.012,puf_sandwich_panel,0.075,eps,0.025,east,0.6,0.6,0.85,3.5,33.321,41.444,0.4524,14.205
Pune,18.5204,73.8567,warm_humid,3.0,3.0,2.6,45.0,brick,0.345,gi_sheet,0.002,eps,0.1,east,0.9,1.2,0.45,3.5,30.797,33.299,0.625,13.951
Pune,18.5204,73.8567,warm_humid,3.0,3.0,2.6,135.0,brick,0.115,rcc_slab,0.1,mineral_wool,0.05,north,0.6,1.2,0.35,3.5,32.613,35.877,0.3214,13.982
Pune,18.5204,73.8567,warm_humid,3.0,3.0,2.6,90.0,gi_sheet,0.002,brick,0.115,mineral_wool,0.1,south,1.2,1.5,0.75,3.5,33.661,40.044,0.3452,14.062
Pune,18.5204,73.8567,warm_humid,3.0,3.0,2.6,0.0,rammed_earth,0.3,rcc_slab,0.25,mineral_wool,0.1,north,1.8,1.2,0.45,2.6,30.991,33.602,0.5595,13.95
Pune,18.5204,73.8567,warm_humid,3.0,3.0,2.6,180.0,brick,0.115,puf_sandwich_panel,0.1,mineral_wool,0.1,west,1.8,0.6,0.75,5.8,32.36,35.291,0.375,13.996
Pune,18.5204,73.8567,warm_humid,3.0,3.0,2.6,45.0,concrete,0.15,puf_sandwich_panel,0.1,mineral_wool,0.1,east,1.8,1.2,0.75,3.5,33.095,36.366,0.25,13.975
Pune,18.5204,73.8567,warm_humid,3.0,3.0,2.6,180.0,concrete,0.15,puf_sandwich_panel,0.05,mineral_wool,0.1,south,1.8,0.9,0.55,5.8,31.843,34.539,0.4286,13.975
Pune,18.5204,73.8567,warm_humid,3.0,3.0,2.6,90.0,concrete,0.1,brick,0.115,eps,0.025,west,0.6,1.5,0.85,5.8,33.935,38.262,0.1845,13.982
Pune,18.5204,73.8567,warm_humid,3.0,3.0,2.6,90.0,gi_sheet,0.002,gi_sheet,0.002,eps,0.025,south,1.2,1.2,0.65,3.5,34.673,45.667,0.4107,14.166
Pune,18.5204,73.8567,warm_humid,3.0,3.0,2.6,135.0,gi_sheet,0.002,puf_sandwich_panel,0.15,eps,0.1,east,1.2,1.5,0.65,3.5,33.301,40.928,0.4345,14.169
Pune,18.5204,73.8567,warm_humid,3.0,3.0,2.6,90.0,rammed_earth,0.45,puf_sandwich_panel,0.15,mineral_wool,0.025,west,1.2,0.9,0.45,2.6,30.662,33.193,0.6488,13.946
Pune,18.5204,73.8567,warm_humid,3.0,3.0,2.6,180.0,puf_sandwich_panel,0.075,brick,0.115,eps,0.1,south,1.2,1.2,0.65,3.5,31.868,35.507,0.494,14.08
Pune,18.5204,73.8567,warm_humid,3.0,3.0,2.6,180.0,concrete,0.2,rcc_slab,0.1,none,0.0,east,0.6,0.9,0.35,2.6,36.553,43.214,0.0952,13.958
Pune,18.5204,73.8567,warm_humid,3.0,3.0,2.6,180.0,plywood,0.019,concrete,0.15,none,0.0,west,0.6,1.5,0.35,3.5,36.757,49.292,0.3333,14.043
Pune,18.5204,73.8567,warm_humid,3.0,3.0,2.6,0.0,concrete,0.15,brick,0.23,none,0.0,west,0.9,0.6,0.65,2.6,35.903,42.217,0.1369,13.961
Pune,18.5204,73.8567,warm_humid,3.0,3.0,2.6,45.0,puf_sandwich_panel,0.05,puf_sandwich_panel,0.15,eps,0.025,east,0.9,0.9,0.55,2.6,31.656,36.291,0.5357,14.221
Pune,18.5204,73.8567,warm_humid,3.0,3.0,2.6,135.0,gi_sheet,0.002,rcc_slab,0.1,eps,0.05,east,1.8,1.2,0.35,5.8,33.578,40.021,0.375,14.066
Pune,18.5204,73.8567,warm_humid,3.0,3.0,2.6,45.0,concrete,0.15,concrete,0.1,mineral_wool,0.025,south,1.5,0.9,0.55,5.8,33.951,38.176,0.1726,13.967
Pune,18.5204,73.8567,warm_humid,3.0,3.0,2.6,45.0,rammed_earth,0.15,rcc_slab,0.15,mineral_wool,0.05,east,1.2,1.2,0.85,3.5,33.338,36.835,0.2381,13.971
Pune,18.5204,73.8567,warm_humid,3.0,3.0,2.6,0.0,plywood,0.03,gi_sheet,0.002,eps,0.025,west,1.8,0.6,0.35,5.8,33.953,43.091,0.4226,14.164
Pune,18.5204,73.8567,warm_humid,3.0,3.0,2.6,45.0,puf_sandwich_panel,0.075,puf_sandwich_panel,0.075,mineral_wool,0.05,west,0.6,1.5,0.75,2.6,31.746,37.004,0.5417,14.207
Pune,18.5204,73.8567,warm_humid,3.0,3.0,2.6,45.0,concrete,0.3,rcc_slab,0.2,eps,0.1,west,1.5,0.6,0.35,5.8,30.414,32.928,0.756,13.945
Pune,18.5204,73.8567,warm_humid,3.0,3.0,2.6,0.0,plywood,0.019,rcc_slab,0.15,mineral_wool,0.025,west,1.8,1.5,0.45,2.6,34.714,42.484,0.3095,14.042
Pune,18.5204,73.8567,warm_humid,3.0,3.0,2.6,90.0,brick,0.345,concrete,0.1,none,0.0,north,0.9,1.5,0.35,3.5,35.787,40.863,0.125,13.949
Pune,18.5204,73.8567,warm_humid,3.0,3.0,2.6,45.0,brick,0.115,concrete,0.15,eps,0.025,west,1.2,0.9,0.55,5.8,33.925,38.27,0.1786,13.978
Pune,18.5204,73.8567,warm_humid,3.0,3.0,2.6,90.0,puf_sandwich_panel,0.05,brick,0.23,eps,0.025,east,0.6,0.9,0.55,2.6,32.379,36.032,0.4286,14.031
Pune,18.5204,73.8567,warm_humid,3.0,3.0,2.6,45.0,plywood,0.05,rcc_slab,0.1,mineral_wool,0.05,west,0.6,1.2,0.35,2.6,32.565,37.053,0.4107,14.053
Pune,18.5204,73.8567,warm_humid,3.0,3.0,2.6,0.0,rammed_earth,0.3,gi_sheet,0.002,mineral_wool,0.1,south,0.9,0.6,0.85,5.8,30.805,33.23,0.6548,13.956
Pune,18.5204,73.8567,warm_humid,3.0,3.0,2.6,180.0,puf_sandwich_panel,0.05,concrete,0.2,none,0.0,south,0.6,0.9,0.75,3.5,35.596,42.859,0.2381,14.028
Pune,18.5204,73.8567,warm_humid,3.0,3.0,2.6,180.0,concrete,0.1,brick,0.115,eps,0.025,west,0.9,0.9,0.45,3.5,33.921,38.212,0.1845,13.982
Pune,18.5204,73.8567,warm_humid,3.0,3.0,2.6,135.0,brick,0.23,gi_sheet,0.002,eps,0.1,north,0.6,0.9,0.75,2.6,31.247,33.728,0.5357,13.963
Pune,18.5204,73.8567,warm_humid,3.0,3.0,2.6,90.0,puf_sandwich_panel,0.1,rcc_slab,0.25,eps,0.025,south,0.9,1.2,0.85,3.5,33.229,37.5,0.2857,14.012
Pune,18.5204,73.8567,warm_humid,3.0,3.0,2.6,135.0,concrete,0.15,brick,0.115,none,0.0,north,1.8,0.9,0.35,2.6,36.611,44.276,0.1429,13.968
Pune,18.5204,73.8567,warm_humid,3.0,3.0,2.6,135.0,concrete,0.15,gi_sheet,0.002,eps,0.05,west,1.8,1.5,0.55,2.6,33.543,37.276,0.1964,13.977
Pune,18.5204,73.8567,warm_humid,3.0,3.0,2.6,135.0,gi_sheet,0.002,concrete,0.15,eps,0.025,west,0.9,1.2,0.45,5.8,34.159,40.609,0.3155,14.04
Pune,18.5204,73.8567,warm_humid,3.0,3.0,2.6,135.0,rammed_earth,0.45,rcc_slab,0.15,eps,0.025,south,0.6,1.5,0.65,2.6,31.807,35.033,0.4107,13.943
Pune,18.5204,73.8567,warm_humid,3.0,3.0,2.6,45.0,rammed_earth,0.45,puf_sandwich_panel,0.075,eps,0.025,south,1.8,1.2,0.85,2.6,32.501,36.037,0.3512,13.947
Pune,18.5204,73.8567,warm_humid,3.0,3.0,2.6,135.0,plywood,0.05,gi_sheet,0.002,mineral_wool,0.025,west,1.2,0.9,0.85,5.8,34.293,42.396,0.3869,14.136
Pune,18.5204,73.8567,warm_humid,3.0,3.0,2.6,180.0,gi_sheet,0.002,concrete,0.2,mineral_wool,0.05,east,1.8,0.9,0.55,3.5,33.695,38.977,0.2917,14.02
Pune,18.5204,73.8567,warm_humid,3.0,3.0,2.6,0.0,gi_sheet,0.002,gi_sheet,0.002,eps,0.05,west,1.5,1.2,0.35,3.5,33.599,42.551,0.4286,14.165
Pune,18.5204,73.8567,warm_humid,3.0,3.0,2.6,45.0,concrete,0.1,puf_sandwich_panel,0.1,eps,0.05,south,1.5,0.9,0.45,3.5,32.63,36.331,0.3571,13.996
Pune,18.5204,73.8567,warm_humid,3.0,3.0,2.6,180.0,puf_sandwich_panel,0.15,concrete,0.2,mineral_wool,0.1,west,0.9,1.2,0.65,5.8,31.702,34.371,0.5238,14.022
Pune,18.5204,73.8567,warm_humid,3.0,3.0,2.6,180.0,plywood,0.019,concrete,0.2,eps,0.05,west,0.6,0.9,0.65,2.6,32.883,36.883,0.3512,14.023
Pune,18.5204,73.8567,warm_humid,3.0,3.0,2.6,45.0,puf_sandwich_panel,0.1,rcc_slab,0.25,eps,0.05,north,1.8,1.2,0.75,2.6,33.209,36.854,0.2857,14.012
Pune,18.5204,73.8567,warm_humid,3.0,3.0,2.6,0.0,puf_sandwich_panel,0.05,rcc_slab,0.15,eps,0.05,east,0.6,1.2,0.65,2.6,32.229,35.789,0.4226,14.049
Pune,18.5204,73.8567,warm_humid,3.0,3.0,2.6,45.0,concrete,0.3,gi_sheet,0.002,eps,0.05,west,0.6,1.2,0.75,3.5,31.707,34.738,0.4107,13.95
Pune,18.5204,73.8567,warm_humid,3.0,3.0,2.6,90.0,brick,0.115,brick,0.23,eps,0.05,north,0.6,0.9,0.45,3.5,32.3,35.306,0.3333,13.973
Pune,18.5204,73.8567,warm_humid,3.0,3.0,2.6,0.0,brick,0.115,concrete,0.1,mineral_wool,0.05,north,1.2,1.2,0.35,2.6,32.702,36.141,0.3155,13.983
Pune,18.5204,73.8567,warm_humid,3.0,3.0,2.6,0.0,concrete,0.2,brick,0.115,mineral_wool,0.05,west,1.2,1.2,0.75,5.8,33.042,36.717,0.2679,13.958
Pune,18.5204,73.8567,warm_humid,3.0,3.0,2.6,90.0,plywood,0.03,concrete,0.1,eps,0.1,north,1.5,0.6,0.35,3.5,31.913,35.524,0.4821,14.063
Pune,18.5204,73.8567,warm_humid,3.0,3.0,2.6,135.0,gi_sheet,0.002,concrete,0.2,mineral_wool,0.1,north,0.6,1.2,0.55,5.8,32.257,35.599,0.4107,14.018
Pune,18.5204,73.8567,warm_humid,3.0,3.0,2.6,180.0,concrete,0.3,brick,0.23,eps,0.05,north,1.5,1.5,0.85,2.6,32.756,36.182,0.3036,13.946
Pune,18.5204,73.8567,warm_humid,3.0,3.0,2.6,45.0,gi_sheet,0.002,rcc_slab,0.2,mineral_wool,0.025,east,1.8,0.6,0.35,3.5,34.007,39.915,0.3036,14.021
Pune,18.5204,73.8567,warm_humid,3.0,3.0,2.6,45.0,rammed_earth,0.45,gi_sheet,0.002,mineral_wool,0.05,west,1.8,1.2,0.55,3.5,31.739,34.879,0.4107,13.947
Pune,18.5204,73.8567,warm_humid,3.0,3.0,2.6,45.0,rammed_earth,0.3,concrete,0.15,mineral_wool,0.025,south,1.5,0.9,0.45,2.6,32.701,36.147,0.2917,13.952
Pune,18.5204,73.8567,warm_humid,3.0,3.0,2.6,180.0,plywood,0.05,gi_sheet,0.002,eps,0.025,south,0.9,0.9,0.55,5.8,33.657,41.231,0.4167,14.138
Pune,18.5204,73.8567,warm_humid,3.0,3.0,2.6,135.0,gi_sheet,0.002,puf_sandwich_panel,0.15,none,0.0,south,0.9,1.5,0.35,2.6,35.563,49.391,0.4405,13.985
Pune,18.5204,73.8567,warm_humid,3.0,3.0,2.6,0.0,plywood,0.05,brick,0.23,eps,0.025,west,0.6,0.6,0.65,5.8,33.267,37.868,0.3214,14.018
Pune,18.5204,73.8567,warm_humid,3.0,3.0,2.6,90.0,puf_sandwich_panel,0.1,brick,0.115,mineral_wool,0.025,south,1.8,1.5,0.45,5.8,33.936,40.976,0.3571,14.08
Pune,18.5204,73.8567,warm_humid,3.0,3.0,2.6,90.0,gi_sheet,0.002,brick,0.115,mineral_wool,0.1,south,0.6,0.6,0.85,5.8,32.188,36.39,0.4524,14.061
Pune,18.5204,73.8567,warm_humid,3.0,3.0,2.6,90.0,puf_sandwich_panel,0.1,brick,0.23,eps,0.1,west,1.5,1.2,0.65,3.5,31.878,34.952,0.4762,14.029
Pune,18.5204,73.8567,warm_humid,3.0,3.0,2.6,90.0,puf_sandwich_panel,0.1,rcc_slab,0.25,eps,0.1,south,1.2,0.9,0.55,2.6,31.505,34.376,0.5655,14.011
Pune,18.5204,73.8567,warm_humid,3.0,3.0,2.6,90.0,puf_sandwich_panel,0.075,brick,0.23,eps,0.025,south,1.2,0.6,0.55,5.8,32.479,36.346,0.3988,14.031
Pune,18.5204,73.8567,warm_humid,3.0,3.0,2.6,135.0,puf_sandwich_panel,0.075,concrete,0.1,mineral_wool,0.05,west,1.8,0.6,0.75,5.8,32.568,36.695,0.4048,14.075
Pune,18.5204,73.8567,warm_humid,3.0,3.0,2.6,135.0,brick,0.345,gi_sheet,0.002,eps,0.025,south,1.8,0.9,0.65,5.8,33.008,36.622,0.2738,13.951
Pune,18.5204,73.8567,warm_humid,3.0,3.0,2.6,0.0,brick,0.345,concrete,0.2,mineral_wool,0.1,south,0.6,1.2,0.35,3.5,30.171,32.529,0.8333,13.946
Pune,18.5204,73.8567,warm_humid,3.0,3.0,2.6,90.0,puf_sandwich_panel,0.05,concrete,0.1,eps,0.05,south,1.8,1.2,0.65,3.5,33.764,40.521,0.3452,14.079
Pune,18.5204,73.8567,warm_humid,3.0,3.0,2.6,180.0,plywood,0.019,rcc_slab,0.1,eps,0.025,east,0.9,1.2,0.65,2.6,34.48,42.208,0.3333,14.071
Pune,18.5204,73.8567,warm_humid,3.0,3.0,2.6,45.0,plywood,0.012,gi_sheet,0.002,eps,0.05,south,1.8,0.9,0.75,5.8,34.268,44.347,0.4167,14.191
Pune,18.5204,73.8567,warm_humid,3.0,3.0,2.6,180.0,puf_sandwich_panel,0.1,gi_sheet,0.002,mineral_wool,0.05,north,0.9,1.5,0.75,3.5,32.773,38.908,0.4643,14.191
Pune,18.5204,73.8567,warm_humid,3.0,3.0,2.6,0.0,gi_sheet,0.002,brick,0.115,mineral_wool,0.025,south,1.8,0.9,0.45,5.8,34.4,42.285,0.3631,14.067
Pune,18.5204,73.8567,warm_humid,3.0,3.0,2.6,180.0,concrete,0.15,gi_sheet,0.002,mineral_wool,0.025,south,0.9,1.2,0.45,5.8,33.558,37.495,0.2024,13.974
Pune,18.5204,73.8567,warm_humid,3.0,3.0,2.6,180.0,concrete,0.1,puf_sandwich_panel,0.05,eps,0.025,north,0.9,1.2,0.75,2.6,33.543,37.786,0.2679,13.996
Pune,18.5204,73.8567,warm_humid,3.0,3.0,2.6,0.0,puf_sandwich_panel,0.075,puf_sandwich_panel,0.075,eps,0.05,south,0.6,0.9,0.55,3.5,31.094,35.1,0.6071,14.218
Pune,18.5204,73.8567,warm_humid,3.0,3.0,2.6,45.0,brick,0.345,gi_sheet,0.002,eps,0.025,north,1.5,1.5,0.75,2.6,33.561,37.262,0.244,13.952
Pune,18.5204,73.8567,warm_humid,3.0,3.0,2.6,45.0,brick,0.345,rcc_slab,0.2,none,0.0,north,1.5,0.6,0.35,5.8,35.054,39.711,0.1667,13.946
Pune,18.5204,73.8567,warm_humid,3.0,3.0,2.6,90.0,concrete,0.2,concrete,0.2,eps,0.1,north,0.9,0.6,0.65,3.5,30.961,33.462,0.6012,13.954
Pune,18.5204,73.8567,warm_humid,3.0,3.0,2.6,180.0,brick,0.115,gi_sheet,0.002,mineral_wool,0.025,south,1.2,1.2,0.85,3.5,34.307,39.234,0.2024,13.997
Pune,18.5204,73.8567,warm_humid,3.0,3.0,2.6,135.0,concrete,0.2,rcc_slab,0.25,eps,0.025,west,0.6,0.9,0.85,3.5,33.011,36.499,0.2679,13.952
Pune,18.5204,73.8567,warm_humid,3.0,3.0,2.6,135.0,rammed_earth,0.45,brick,0.115,eps,0.05,west,1.2,1.5,0.45,5.8,31.322,34.203,0.4821,13.945
Pune,18.5204,73.8567,warm_humid,3.0,3.0,2.6,45.0,puf_sandwich_panel,0.05,puf_sandwich_panel,0.15,mineral_wool,0.1,south,1.8,0.9,0.35,2.6,31.558,36.613,0.5595,14.193
Pune,18.5204,73.8567,warm_humid,3.0,3.0,2.6,135.0,gi_sheet,0.002,brick,0.115,eps,0.025,south,0.6,0.9,0.75,5.8,34.254,41.7,0.3512,14.068
Pune,18.5204,73.8567,warm_humid,3.0,3.0,2.6,45.0,concrete,0.2,gi_sheet,0.002,mineral_wool,0.05,north,1.5,1.5,0.75,2.6,33.455,37.022,0.2381,13.964
Pune,18.5204,73.8567,warm_humid,3.0,3.0,2.6,90.0,brick,0.115,puf_sandwich_panel,0.075,mineral_wool,0.1,west,1.5,0.6,0.85,3.5,31.737,34.481,0.5,13.996
Pune,18.5204,73.8567,warm_humid,3.0,3.0,2.6,135.0,gi_sheet,0.002,rcc_slab,0.1,mineral_wool,0.1,south,0.9,1.2,0.45,5.8,32.454,36.92,0.4345,14.059
Pune,18.5204,73.8567,warm_humid,3.0,3.0,2.6,135.0,puf_sandwich_panel,0.075,puf_sandwich_panel,0.1,none,0.0,north,1.2,0.6,0.45,5.8,31.473,35.956,0.5476,14.222
Pune,18.5204,73.8567,warm_humid,3.0,3.0,2.6,0.0,gi_sheet,0.002,rcc_slab,0.15,eps,0.025,west,0.6,1.5,0.65,2.6,34.389,41.626,0.3214,14.039
Pune,18.5204,73.8567,warm_humid,3.0,3.0,2.6,135.0,concrete,0.15,gi_sheet,0.002,eps,0.05,north,0.6,1.2,0.75,3.5,32.757,35.999,0.2798,13.974
Pune,18.5204,73.8567,warm_humid,3.0,3.0,2.6,180.0,concrete,0.2,puf_sandwich_panel,0.075,mineral_wool,0.1,south,1.8,0.6,0.55,5.8,31.192,33.645,0.5595,13.962
Pune,18.5204,73.8567,warm_humid,3.0,3.0,2.6,0.0,concrete,0.2,concrete,0.1,eps,0.1,south,1.8,0.6,0.45,5.8,31.373,34.056,0.4762,13.958
Pune,18.5204,73.8567,warm_humid,3.0,3.0,2.6,0.0,concrete,0.1,gi_sheet,0.002,eps,0.1,west,1.2,0.6,0.65,3.5,32.227,35.557,0.4226,13.993
Pune,18.5204,73.8567,warm_humid,3.0,3.0,2.6,135.0,plywood,0.03,gi_sheet,0.002,eps,0.1,east,1.2,1.5,0.65,5.8,33.352,40.787,0.4286,14.16
Pune,18.5204,73.8567,warm_humid,3.0,3.0,2.6,135.0,rammed_earth,0.3,concrete,0.2,eps,0.025,west,1.2,1.5,0.75,3.5,33.177,36.72,0.2619,13.951
Pune,18.5204,73.8567,warm_humid,3.0,3.0,2.6,45.0,gi_sheet,0.002,concrete,0.1,eps,0.025,north,0.6,0.9,0.65,3.5,34.216,41.607,0.3512,14.065
Pune,18.5204,73.8567,warm_humid,3.0,3.0,2.6,135.0,gi_sheet,0.002,rcc_slab,0.15,eps,0.1,west,1.2,1.2,0.75,2.6,33.073,37.342,0.3393,14.038
Pune,18.5204,73.8567,warm_humid,3.0,3.0,2.6,180.0,puf_sandwich_panel,0.075,rcc_slab,0.15,mineral_wool,0.025,east,1.8,0.9,0.55,2.6,33.492,38.943,0.3393,14.047
Pune,18.5204,73.8567,warm_humid,3.0,3.0,2.6,180.0,rammed_earth,0.45,puf_sandwich_panel,0.15,mineral_wool,0.025,east,1.2,0.6,0.85,3.5,30.977,33.758,0.5417,13.946
Pune,18.5204,73.8567,warm_humid,3.0,3.0,2.6,45.0,rammed_earth,0.45,puf_sandwich_panel,0.075,eps,0.05,west,1.8,1.5,0.35,5.8,31.106,33.901,0.5298,13.947
Pune,18.5204,73.8567,warm_humid,3.0,3.0,2.6,45.0,plywood,0.05,brick,0.115,mineral_wool,0.1,south,1.8,0.9,0.45,3.5,32.491,36.939,0.4226,14.052
Pune,18.5204,73.8567,warm_humid,3.0,3.0,2.6,90.0,puf_sandwich_panel,0.15,rcc_slab,0.15,mineral_wool,0.05,south,1.5,1.5,0.45,5.8,32.823,37.553,0.375,14.044
Pune,18.5204,73.8567,warm_humid,3.0,3.0,2.6,45.0,rammed_earth,0.3,brick,0.115,mineral_wool,0.05,west,1.2,1.2,0.75,3.5,32.272,35.532,0.3393,13.954
Pune,18.5204,73.8567,warm_humid,3.0,3.0,2.6,0.0,rammed_earth,0.3,rcc_slab,0.25,none,0.0,south,1.2,1.5,0.55,3.5,35.164,39.88,0.131,13.95
Pune,18.5204,73.8567,warm_humid,3.0,3.0,2.6,45.0,gi_sheet,0.002,gi_sheet,0.002,eps,0.1,south,0.9,0.9,0.55,5.8,32.603,39.152,0.4702,14.16
Pune,18.5204,73.8567,warm_humid,3.0,3.0,2.6,0.0,concrete,0.15,rcc_slab,0.25,mineral_wool,0.1,south,1.2,0.6,0.75,3.5,31.469,34.199,0.4583,13.958
Pune,18.5204,73.8567,warm_humid,3.0,3.0,2.6,0.0,brick,0.23,concrete,0.1,mineral_wool,0.1,south,1.5,1.5,0.35,2.6,31.628,34.371,0.4345,13.96
Pune,18.5204,73.8567,warm_humid,3.0,3.0,2.6,135.0,puf_sandwich_panel,0.075,rcc_slab,0.25,mineral_wool,0.025,north,0.9,0.6,0.65,2.6,32.425,35.767,0.3869,14.012
Pune,18.5204,73.8567,warm_humid,3.0,3.0,2.6,180.0,plywood,0.03,concrete,0.2,mineral_wool,0.025,north,0.6,1.2,0.75,3.5,33.823,38.934,0.2976,14.02
Pune,18.5204,73.8567,warm_humid,3.0,3.0,2.6,90.0,puf_sandwich_panel,0.075,puf_sandwich_panel,0.15,eps,0.025,south,1.2,1.2,0.75,2.6,32.645,39.99,0.4881,14.217
Pune,18.5204,73.8567,warm_humid,3.0,3.0,2.6,135.0,puf_sandwich_panel,0.1,gi_sheet,0.002,eps,0.025,east,1.8,1.2,0.35,5.8,33.296,41.538,0.4524,14.203
Pune,18.5204,73.8567,warm_humid,3.0,3.0,2.6,180.0,plywood,0.03,puf_sandwich_panel,0.15,mineral_wool,0.025,east,0.9,0.6,0.45,5.8,32.753,39.386,0.4643,14.167
Pune,18.5204,73.8567,warm_humid,3.0,3.0,2.6,135.0,rammed_earth,0.45,brick,0.115,mineral_wool,0.025,east,0.6,0.9,0.55,5.8,31.639,34.759,0.4345,13.944
Pune,18.5204,73.8567,warm_humid,3.0,3.0,2.6,180.0,plywood,0.03,puf_sandwich_panel,0.1,mineral_wool,0.025,west,1.8,1.2,0.55,2.6,33.906,41.494,0.4226,14.171
Pune,18.5204,73.8567,warm_humid,3.0,3.0,2.6,0.0,rammed_earth,0.45,gi_sheet,0.002,mineral_wool,0.05,west,1.2,0.9,0.65,3.5,31.289,34.256,0.4821,13.946
Pune,18.5204,73.8567,warm_humid,3.0,3.0,2.6,45.0,puf_sandwich_panel,0.075,puf_sandwich_panel,0.05,mineral_wool,0.025,south,1.5,1.2,0.75,2.6,33.254,41.403,0.4464,14.217
Pune,18.5204,73.8567,warm_humid,3.0,3.0,2.6,90.0,rammed_earth,0.15,gi_sheet,0.002,eps,0.1,east,0.9,0.6,0.45,5.8,31.257,33.689,0.619,13.985
Pune,18.5204,73.8567,warm_humid,3.0,3.0,2.6,0.0,puf_sandwich_panel,0.075,gi_sheet,0.002,mineral_wool,0.025,north,1.8,1.5,0.55,3.5,33.589,41.48,0.4524,14.202
Pune,18.5204,73.8567,warm_humid,3.0,3.0,2.6,0.0,concrete,0.15,brick,0.23,eps,0.1,west,0.9,1.5,0.45,2.6,31.831,34.835,0.3988,13.962
Pune,18.5204,73.8567,warm_humid,3.0,3.0,2.6,135.0,gi_sheet,0.002,puf_sandwich_panel,0.15,eps,0.05,east,0.9,1.5,0.85,3.5,33.699,42.189,0.4226,14.173
Pune,18.5204,73.8567,warm_humid,3.0,3.0,2.6,135.0,plywood,0.03,gi_sheet,0.002,eps,0.025,north,1.2,1.2,0.35,2.6,34.068,42.794,0.4107,14.164
Pune,18.5204,73.8567,warm_humid,3.0,3.0,2.6,0.0,gi_sheet,0.002,concrete,0.2,mineral_wool,0.025,south,1.2,0.6,0.75,5.8,34.139,40.153,0.2976,14.021
Pune,18.5204,73.8567,warm_humid,3.0,3.0,2.6,45.0,plywood,0.012,brick,0.23,mineral_wool,0.05,north,1.2,0.6,0.55,3.5,32.917,37.227,0.3512,14.027
Pune,18.5204,73.8567,warm_humid,3.0,3.0,2.6,135.0,puf_sandwich_panel,0.1,gi_sheet,0.002,eps,0.05,north,0.6,0.9,0.35,3.5,31.664,36.372,0.5357,14.2
Pune,18.5204,73.8567,warm_humid,3.0,3.0,2.6,180.0,rammed_earth,0.15,rcc_slab,0.1,eps,0.025,north,1.8,1.2,0.45,2.6,33.812,37.951,0.1905,13.977
Pune,18.5204,73.8567,warm_humid,3.0,3.0,2.6,90.0,brick,0.23,rcc_slab,0.25,none,0.0,north,1.2,1.5,0.85,2.6,36.306,41.725,0.1012,13.954
Pune,18.5204,73.8567,warm_humid,3.0,3.0,2.6,90.0,rammed_earth,0.15,rcc_slab,0.25,mineral_wool,0.025,south,0.9,0.6,0.85,3.5,33.151,36.768,0.256,13.964
Pune,18.5204,73.8567,warm_humid,3.0,3.0,2.6,45.0,brick,0.345,brick,0.115,eps,0.05,north,0.6,0.9,0.45,2.6,31.181,33.954,0.5179,13.948
Pune,18.5204,73.8567,warm_humid,3.0,3.0,2.6,45.0,concrete,0.2,brick,0.23,eps,0.025,west,0.9,1.2,0.75,2.6,33.312,37.051,0.25,13.954
Pune,18.5204,73.8567,warm_humid,3.0,3.0,2.6,135.0,brick,0.115,puf_sandwich_panel,0.1,mineral_wool,0.1,north,1.2,1.5,0.45,5.8,32.274,35.268,0.4107,13.997
Pune,18.5204,73.8567,warm_humid,3.0,3.0,2.6,135.0,gi_sheet,0.002,concrete,0.1,none,0.0,west,1.2,0.9,0.85,5.8,37.263,53.238,0.3988,13.92
Pune,18.5204,73.8567,warm_humid,3.0,3.0,2.6,180.0,concrete,0.2,brick,0.115,eps,0.025,east,0.6,0.6,0.65,5.8,33.139,36.69,0.256,13.958
Pune,18.5204,73.8567,warm_humid,3.0,3.0,2.6,0.0,concrete,0.2,rcc_slab,0.15,eps,0.05,east,1.2,1.2,0.65,3.5,32.773,36.073,0.2798,13.956
Pune,18.5204,73.8567,warm_humid,3.0,3.0,2.6,90.0,puf_sandwich_panel,0.15,brick,0.23,eps,0.1,west,1.8,1.2,0.85,2.6,32.509,35.998,0.375,14.028
Pune,18.5204,73.8567,warm_humid,3.0,3.0,2.6,180.0,plywood,0.012,gi_sheet,0.002,none,0.0,south,1.2,0.9,0.65,2.6,37.283,55.064,0.4405,14.161
Pune,18.5204,73.8567,warm_humid,3.0,3.0,2.6,135.0,puf_sandwich_panel,0.1,concrete,0.15,mineral_wool,0.025,west,0.6,0.6,0.55,2.6,32.329,36.086,0.4286,14.047
Pune,18.5204,73.8567,warm_humid,3.0,3.0,2.6,180.0,gi_sheet,0.002,concrete,0.2,mineral_wool,0.025,west,0.9,1.5,0.65,5.8,34.526,40.52,0.2738,14.021
Pune,18.5204,73.8567,warm_humid,3.0,3.0,2.6,180.0,gi_sheet,0.002,puf_sandwich_panel,0.05,mineral_wool,0.05,south,1.8,1.5,0.35,2.6,33.078,40.16,0.4524,14.17
Pune,18.5204,73.8567,warm_humid,3.0,3.0,2.6,0.0,concrete,0.1,brick,0.23,eps,0.025,east,1.8,1.5,0.45,2.6,34.336,38.8,0.1488,13.974
Pune,18.5204,73.8567,warm_humid,3.0,3.0,2.6,180.0,brick,0.23,puf_sandwich_panel,0.075,none,0.0,north,0.9,1.5,0.75,5.8,34.185,38.435,0.1607,13.965
Pune,18.5204,73.8567,warm_humid,3.0,3.0,2.6,135.0,rammed_earth,0.15,rcc_slab,0.15,mineral_wool,0.05,east,0.6,0.9,0.35,3.5,32.06,35.008,0.3571,13.97
Pune,18.5204,73.8567,warm_humid,3.0,3.0,2.6,0.0,rammed_earth,0.15,rcc_slab,0.2,none,0.0,west,0.9,1.5,0.55,3.5,36.21,43.0,0.131,13.968
Pune,18.5204,73.8567,warm_humid,3.0,3.0,2.6,135.0,plywood,0.019,puf_sandwich_panel,0.075,none,0.0,east,0.9,1.2,0.65,2.6,35.227,48.02,0.4405,14.193
Pune,18.5204,73.8567,warm_humid,3.0,3.0,2.6,90.0,puf_sandwich_panel,0.1,puf_sandwich_panel,0.15,none,0.0,south,1.2,0.9,0.35,3.5,31.324,36.167,0.5952,14.216
Pune,18.5204,73.8567,warm_humid,3.0,3.0,2.6,0.0,brick,0.23,puf_sandwich_panel,0.05,none,0.0,south,0.6,1.2,0.45,3.5,33.813,37.865,0.1845,13.964
Pune,18.5204,73.8567,warm_humid,3.0,3.0,2.6,90.0,gi_sheet,0.002,concrete,0.2,mineral_wool,0.05,east,0.9,0.6,0.55,3.5,32.748,36.849,0.369,14.02
Pune,18.5204,73.8567,warm_humid,3.0,3.0,2.6,90.0,plywood,0.019,concrete,0.2,eps,0.1,east,1.8,1.5,0.65,5.8,33.403,37.824,0.3036,14.023
Pune,18.5204,73.8567,warm_humid,3.0,3.0,2.6,180.0,puf_sandwich_panel,0.05,puf_sandwich_panel,0.05,mineral_wool,0.05,west,0.9,0.9,0.35,2.6,31.432,35.805,0.5536,14.212
Pune,18.5204,73.8567,warm_humid,3.0,3.0,2.6,0.0,brick,0.115,rcc_slab,0.25,mineral_wool,0.025,south,1.8,0.9,0.45,3.5,33.727,37.7,0.1905,13.97
Pune,18.5204,73.8567,warm_humid,3.0,3.0,2.6,45.0,plywood,0.03,rcc_slab,0.2,mineral_wool,0.05,west,1.2,0.9,0.35,5.8,32.675,36.762,0.375,14.02
Pune,18.5204,73.8567,warm_humid,3.0,3.0,2.6,45.0,brick,0.23,puf_sandwich_panel,0.1,mineral_wool,0.05,north,0.9,0.6,0.75,3.5,31.48,34.114,0.4881,13.963
Pune,18.5204,73.8567,warm_humid,3.0,3.0,2.6,0.0,concrete,0.15,concrete,0.1,eps,0.05,east,0.9,0.9,0.85,2.6,32.923,36.278,0.2619,13.967
Pune,18.5204,73.8567,warm_humid,3.0,3.0,2.6,90.0,gi_sheet,0.002,brick,0.115,eps,0.05,west,0.9,0.6,0.85,5.8,33.021,38.309,0.3869,14.067
Pune,18.5204,73.8567,warm_humid,3.0,3.0,2.6,135.0,concrete,0.1,brick,0.115,eps,0.05,south,0.6,0.6,0.55,2.6,32.614,35.927,0.3274,13.981
Pune,18.5204,73.8567,warm_humid,3.0,3.0,2.6,180.0,gi_sheet,0.002,rcc_slab,0.2,eps,0.1,east,1.2,0.9,0.55,2.6,32.653,36.639,0.369,14.021
Pune,18.5204,73.8567,warm_humid,3.0,3.0,2.6,135.0,brick,0.115,rcc_slab,0.1,eps,0.025,west,0.6,0.9,0.35,2.6,33.702,37.868,0.1964,13.983
Pune,18.5204,73.8567,warm_humid,3.0,3.0,2.6,45.0,gi_sheet,0.002,puf_sandwich_panel,0.075,mineral_wool,0.05,east,1.8,1.5,0.75,3.5,34.701,43.266,0.381,14.169
Pune,18.5204,73.8567,warm_humid,3.0,3.0,2.6,0.0,concrete,0.15,concrete,0.15,mineral_wool,0.025,east,0.6,0.9,0.45,5.8,33.38,37.102,0.244,13.963
Pune,18.5204,73.8567,warm_humid,3.0,3.0,2.6,180.0,rammed_earth,0.45,brick,0.23,eps,0.05,south,0.9,1.2,0.35,3.5,30.55,33.148,0.6667,13.943
Pune,18.5204,73.8567,warm_humid,3.0,3.0,2.6,180.0,rammed_earth,0.45,puf_sandwich_panel,0.15,none,0.0,south,1.5,0.6,0.45,2.6,31.616,34.554,0.4107,13.946
Pune,18.5204,73.8567,warm_humid,3.0,3.0,2.6,45.0,brick,0.115,brick,0.115,mineral_wool,0.025,east,1.5,1.5,0.55,2.6,34.653,39.498,0.1607,13.985
Pune,18.5204,73.8567,warm_humid,3.0,3.0,2.6,135.0,concrete,0.15,puf_sandwich_panel,0.1,eps,0.025,west,0.9,1.5,0.35,2.6,32.789,36.193,0.2857,13.975
Pune,18.5204,73.8567,warm_humid,3.0,3.0,2.6,180.0,concrete,0.3,puf_sandwich_panel,0.075,eps,0.1,east,1.2,0.9,0.35,3.5,30.598,33.071,0.6964,13.95
Pune,18.5204,73.8567,warm_humid,3.0,3.0,2.6,180.0,puf_sandwich_panel,0.05,gi_sheet,0.002,mineral_wool,0.1,east,0.6,0.6,0.75,5.8,31.378,35.766,0.5774,14.183
Pune,18.5204,73.8567,warm_humid,3.0,3.0,2.6,180.0,gi_sheet,0.002,gi_sheet,0.002,mineral_wool,0.025,west,0.9,0.6,0.75,5.8,34.338,43.503,0.4226,14.161
Pune,18.5204,73.8567,warm_humid,3.0,3.0,2.6,45.0,rammed_earth,0.45,brick,0.115,mineral_wool,0.05,north,1.5,0.9,0.35,3.5,30.954,33.7,0.5417,13.944
Pune,18.5204,73.8567,warm_humid,3.0,3.0,2.6,0.0,puf_sandwich_panel,0.15,rcc_slab,0.2,mineral_wool,0.025,west,1.2,1.2,0.55,2.6,33.065,37.486,0.3274,14.026
Pune,18.5204,73.8567,warm_humid,3.0,3.0,2.6,0.0,rammed_earth,0.45,puf_sandwich_panel,0.075,eps,0.05,south,1.2,1.5,0.45,3.5,30.852,33.459,0.5833,13.946
Pune,18.5204,73.8567,warm_humid,3.0,3.0,2.6,45.0,brick,0.345,puf_sandwich_panel,0.05,eps,0.025,south,0.6,1.2,0.75,5.8,31.761,34.778,0.3988,13.951
Pune,18.5204,73.8567,warm_humid,3.0,3.0,2.6,90.0,concrete,0.3,rcc_slab,0.25,mineral_wool,0.05,west,0.6,1.5,0.75,2.6,31.296,34.174,0.4821,13.944
Pune,18.5204,73.8567,warm_humid,3.0,3.0,2.6,180.0,concrete,0.3,rcc_slab,0.1,eps,0.025,north,1.5,0.6,0.75,5.8,32.839,36.313,0.2917,13.947
Pune,18.5204,73.8567,warm_humid,3.0,3.0,2.6,180.0,concrete,0.1,puf_sandwich_panel,0.15,none,0.0,east,1.2,0.9,0.55,5.8,35.475,43.826,0.2857,13.995
Pune,18.5204,73.8567,warm_humid,3.0,3.0,2.6,135.0,puf_sandwich_panel,0.1,brick,0.115,mineral_wool,0.1,north,1.2,0.9,0.55,2.6,31.773,35.036,0.506,14.073
Pune,18.5204,73.8567,warm_humid,3.0,3.0,2.6,45.0,plywood,0.05,gi_sheet,0.002,mineral_wool,0.1,south,1.5,0.6,0.55,3.5,32.203,37.317,0.4821,14.123
Pune,18.5204,73.8567,warm_humid,3.0,3.0,2.6,135.0,puf_sandwich_panel,0.1,gi_sheet,0.002,eps,0.05,west,0.9,1.2,0.35,3.5,31.912,36.977,0.5119,14.2
Pune,18.5204,73.8567,warm_humid,3.0,3.0,2.6,180.0,concrete,0.1,rcc_slab,0.25,mineral_wool,0.1,north,0.9,0.6,0.45,2.6,31.481,34.038,0.5,13.967
Pune,18.5204,73.8567,warm_humid,3.0,3.0,2.6,0.0,plywood,0.012,gi_sheet,0.002,mineral_wool,0.05,west,1.8,0.9,0.75,2.6,34.351,44.66,0.4167,14.182
Pune,18.5204,73.8567,warm_humid,3.0,3.0,2.6,90.0,gi_sheet,0.002,rcc_slab,0.2,mineral_wool,0.1,east,1.2,1.2,0.55,5.8,32.467,36.138,0.3988,14.018
Pune,18.5204,73.8567,warm_humid,3.0,3.0,2.6,90.0,brick,0.115,rcc_slab,0.1,none,0.0,south,1.2,0.9,0.35,3.5,37.106,46.181,0.1964,13.983
Pune,18.5204,73.8567,warm_humid,3.0,3.0,2.6,90.0,concrete,0.15,concrete,0.15,eps,0.1,north,0.9,1.5,0.75,3.5,32.291,35.195,0.3036,13.964
Pune,18.5204,73.8567,warm_humid,3.0,3.0,2.6,45.0,plywood,0.03,rcc_slab,0.2,eps,0.05,south,1.2,0.6,0.45,3.5,32.691,36.769,0.369,14.021
Pune,18.5204,73.8567,warm_humid,3.0,3.0,2.6,180.0,brick,0.115,brick,0.115,eps,0.025,west,0.9,1.5,0.45,2.6,34.075,38.443,0.1726,13.984
Pune,18.5204,73.8567,warm_humid,3.0,3.0,2.6,180.0,brick,0.23,rcc_slab,0.25,mineral_wool,0.05,south,1.5,0.9,0.85,5.8,32.211,35.275,0.3393,13.953
Pune,18.5204,73.8567,warm_humid,3.0,3.0,2.6,45.0,plywood,0.012,gi_sheet,0.002,none,0.0,west,1.2,1.5,0.75,5.8,37.692,56.136,0.4345,14.138
Pune,18.5204,73.8567,warm_humid,3.0,3.0,2.6,90.0,plywood,0.012,rcc_slab,0.2,eps,0.05,west,1.5,0.6,0.85,5.8,33.017,37.295,0.3512,14.025
Pune,18.5204,73.8567,warm_humid,3.0,3.0,2.6,0.0,brick,0.23,puf_sandwich_panel,0.1,mineral_wool,0.1,east,1.2,1.5,0.65,2.6,32.158,35.005,0.3214,13.965
Pune,18.5204,73.8567,warm_humid,3.0,3.0,2.6,0.0,brick,0.345,gi_sheet,0.002,mineral_wool,0.05,west,1.8,1.5,0.75,5.8,33.412,37.409,0.256,13.952
Pune,18.5204,73.8567,warm_humid,3.0,3.0,2.6,45.0,rammed_earth,0.15,puf_sandwich_panel,0.075,eps,0.05,south,1.2,0.9,0.85,5.8,32.645,36.142,0.3155,13.987
Pune,18.5204,73.8567,warm_humid,3.0,3.0,2.6,0.0,brick,0.345,brick,0.115,mineral_wool,0.025,north,1.8,1.2,0.75,2.6,33.08,36.627,0.2679,13.949
Pune,18.5204,73.8567,warm_humid,3.0,3.0,2.6,0.0,concrete,0.1,brick,0.115,eps,0.05,north,1.2,0.6,0.35,2.6,32.626,36.036,0.3393,13.982
Pune,18.5204,73.8567,warm_humid,3.0,3.0,2.6,180.0,brick,0.345,rcc_slab,0.25,eps,0.025,south,1.2,0.6,0.45,5.8,31.872,35.007,0.3929,13.945
Pune,18.5204,73.8567,warm_humid,3.0,3.0,2.6,180.0,rammed_earth,0.45,puf_sandwich_panel,0.05,eps,0.1,south,1.2,0.9,0.55,5.8,30.034,32.287,0.9286,13.946
Pune,18.5204,73.8567,warm_humid,3.0,3.0,2.6,0.0,puf_sandwich_panel,0.1,rcc_slab,0.15,mineral_wool,0.1,west,0.6,1.5,0.75,3.5,31.822,35.287,0.506,14.042
Pune,18.5204,73.8567,warm_humid,3.0,3.0,2.6,90.0,puf_sandwich_panel,0.1,rcc_slab,0.2,none,0.0,west,0.9,0.6,0.65,5.8,35.472,42.332,0.2202,14.027
Pune,18.5204,73.8567,warm_humid,3.0,3.0,2.6,0.0,gi_sheet,0.002,brick,0.23,mineral_wool,0.05,east,1.2,0.9,0.45,5.8,33.215,37.896,0.3452,14.022
Pune,18.5204,73.8567,warm_humid,3.0,3.0,2.6,0.0,plywood,0.019,gi_sheet,0.002,mineral_wool,0.05,north,0.9,0.6,0.75,2.6,32.988,39.912,0.4583,14.17
Pune,18.5204,73.8567,warm_humid,3.0,3.0,2.6,45.0,rammed_earth,0.3,puf_sandwich_panel,0.1,mineral_wool,0.025,west,1.2,1.5,0.65,3.5,32.369,35.624,0.3036,13.958
Pune,18.5204,73.8567,warm_humid,3.0,3.0,2.6,0.0,brick,0.115,gi_sheet,0.002,none,0.0,west,1.2,1.2,0.55,3.5,37.481,48.752,0.256,13.997
Pune,18.5204,73.8567,warm_humid,3.0,3.0,2.6,0.0,rammed_earth,0.3,brick,0.23,eps,0.1,east,1.5,0.9,0.35,2.6,30.815,33.326,0.625,13.951
Pune,18.5204,73.8567,warm_humid,3.0,3.0,2.6,45.0,puf_sandwich_panel,0.1,brick,0.23,eps,0.05,south,0.6,1.5,0.65,2.6,32.071,35.513,0.4524,14.03
Pune,18.5204,73.8567,warm_humid,3.0,3.0,2.6,0.0,puf_sandwich_panel,0.15,puf_sandwich_panel,0.1,none,0.0,south,1.2,0.9,0.55,2.6,31.451,35.852,0.5655,14.211
Pune,18.5204,73.8567,warm_humid,3.0,3.0,2.6,0.0,puf_sandwich_panel,0.075,gi_sheet,0.002,mineral_wool,0.1,north,1.8,1.2,0.55,2.6,32.178,37.445,0.5,14.181
Pune,18.5204,73.8567,warm_humid,3.0,3.0,2.6,90.0,plywood,0.012,brick,0.23,eps,0.05,west,1.2,0.9,0.55,3.5,32.844,37.082,0.3631,14.028
Pune,18.5204,73.8567,warm_humid,3.0,3.0,2.6,45.0,gi_sheet,0.002,puf_sandwich_panel,0.075,mineral_wool,0.1,west,1.5,0.6,0.45,3.5,32.207,38.141,0.494,14.156
Pune,18.5204,73.8567,warm_humid,3.0,3.0,2.6,135.0,puf_sandwich_panel,0.1,puf_sandwich_panel,0.075,eps,0.1,north,0.9,0.9,0.35,5.8,30.927,34.466,0.631,14.208
Pune,18.5204,73.8567,warm_humid,3.0,3.0,2.6,180.0,plywood,0.03,puf_sandwich_panel,0.15,mineral_wool,0.1,west,0.6,0.6,0.65,3.5,31.583,35.528,0.5357,14.151
Pune,18.5204,73.8567,warm_humid,3.0,3.0,2.6,90.0,puf_sandwich_panel,0.075,gi_sheet,0.002,mineral_wool,0.1,south,1.2,0.6,0.35,3.5,31.258,35.528,0.5952,14.18
Pune,18.5204,73.8567,warm_humid,3.0,3.0,2.6,0.0,concrete,0.15,concrete,0.2,mineral_wool,0.05,south,1.8,0.6,0.55,2.6,32.472,35.657,0.2917,13.961
Pune,18.5204,73.8567,warm_humid,3.0,3.0,2.6,0.0,brick,0.115,concrete,0.15,none,0.0,east,0.9,0.6,0.45,2.6,36.819,44.907,0.1488,13.977
Pune,18.5204,73.8567,warm_humid,3.0,3.0,2.6,45.0,plywood,0.05,rcc_slab,0.15,mineral_wool,0.1,north,1.8,0.9,0.45,5.8,32.225,35.669,0.4167,14.029
Pune,18.5204,73.8567,warm_humid,3.0,3.0,2.6,45.0,puf_sandwich_panel,0.15,gi_sheet,0.002,mineral_wool,0.025,south,1.8,0.6,0.55,3.5,33.038,40.266,0.4464,14.191
Pune,18.5204,73.8567,warm_humid,3.0,3.0,2.6,180.0,gi_sheet,0.002,brick,0.115,eps,0.05,north,1.5,1.5,0.35,3.5,33.53,39.551,0.381,14.068
Pune,18.5204,73.8567,warm_humid,3.0,3.0,2.6,180.0,plywood,0.03,gi_sheet,0.002,mineral_wool,0.1,east,1.2,0.9,0.65,5.8,32.734,38.941,0.4464,14.146
Pune,18.5204,73.8567,warm_humid,3.0,3.0,2.6,45.0,plywood,0.03,rcc_slab,0.1,eps,0.1,south,1.5,1.5,0.55,3.5,33.306,39.093,0.369,14.064
Pune,18.5204,73.8567,warm_humid,3.0,3.0,2.6,0.0,puf_sandwich_panel,0.15,puf_sandwich_panel,0.1,mineral_wool,0.025,west,1.2,1.5,0.45,3.5,32.022,38.162,0.5238,14.204
Pune,18.5204,73.8567,warm_humid,3.0,3.0,2.6,135.0,brick,0.23,brick,0.115,none,0.0,south,1.2,0.9,0.75,3.5,36.2,41.992,0.0952,13.959
Pune,18.5204,73.8567,warm_humid,3.0,3.0,2.6,135.0,puf_sandwich_panel,0.075,brick,0.23,eps,0.1,south,1.2,1.2,0.55,5.8,31.816,35.086,0.5,14.029
Pune,18.5204,73.8567,warm_humid,3.0,3.0,2.6,90.0,rammed_earth,0.15,gi_sheet,0.002,eps,0.05,north,1.2,1.2,0.85,3.5,33.474,37.149,0.2083,13.986
Pune,18.5204,73.8567,warm_humid,3.0,3.0,2.6,45.0,plywood,0.019,puf_sandwich_panel,0.075,none,0.0,north,1.2,1.5,0.85,3.5,35.611,47.966,0.4405,14.193
Pune,18.5204,73.8567,warm_humid,3.0,3.0,2.6,0.0,brick,0.115,rcc_slab,0.1,eps,0.05,west,1.5,0.9,0.35,5.8,32.893,36.58,0.2679,13.983
Pune,18.5204,73.8567,warm_humid,3.0,3.0,2.6,0.0,puf_sandwich_panel,0.075,brick,0.23,none,0.0,north,0.9,0.6,0.65,2.6,34.135,39.484,0.2619,14.031
Pune,18.5204,73.8567,warm_humid,3.0,3.0,2.6,45.0,concrete,0.2,rcc_slab,0.25,mineral_wool,0.05,west,1.2,1.2,0.75,3.5,32.529,35.93,0.3095,13.953
Pune,18.5204,73.8567,warm_humid,3.0,3.0,2.6,180.0,concrete,0.1,gi_sheet,0.002,eps,0.1,north,0.9,0.9,0.55,2.6,32.075,34.984,0.4345,13.994
Pune,18.5204,73.8567,warm_humid,3.0,3.0,2.6,0.0,gi_sheet,0.002,rcc_slab,0.25,eps,0.1,east,0.6,1.5,0.65,5.8,32.56,36.13,0.369,14.007
Pune,18.5204,73.8567,warm_humid,3.0,3.0,2.6,135.0,concrete,0.1,puf_sandwich_panel,0.1,eps,0.025,east,0.9,1.5,0.55,3.5,33.477,37.933,0.2679,13.996
Pune,18.5204,73.8567,warm_humid,3.0,3.0,2.6,180.0,puf_sandwich_panel,0.075,brick,0.23,none,0.0,east,0.9,0.6,0.35,5.8,34.089,39.53,0.2619,14.031
Pune,18.5204,73.8567,warm_humid,3.0,3.0,2.6,135.0,puf_sandwich_panel,0.15,gi_sheet,0.002,mineral_wool,0.025,east,1.8,1.2,0.65,5.8,34.201,43.746,0.4107,14.192
Pune,18.5204,73.8567,warm_humid,3.0,3.0,2.6,135.0,plywood,0.012,gi_sheet,0.002,eps,0.05,south,0.6,0.9,0.85,3.5,33.278,40.905,0.4524,14.19
Pune,18.5204,73.8567,warm_humid,3.0,3.0,2.6,0.0,concrete,0.3,concrete,0.1,eps,0.1,north,1.2,1.2,0.75,5.8,31.168,33.927,0.5179,13.948
Pune,18.5204,73.8567,warm_humid,3.0,3.0,2.6,180.0,puf_sandwich_panel,0.15,puf_sandwich_panel,0.15,mineral_wool,0.1,west,0.6,0.9,0.65,2.6,30.836,33.866,0.6548,14.18
Pune,18.5204,73.8567,warm_humid,3.0,3.0,2.6,135.0,gi_sheet,0.002,concrete,0.15,mineral_wool,0.025,south,1.5,0.9,0.55,5.8,34.366,41.331,0.3155,14.039
Pune,18.5204,73.8567,warm_humid,3.0,3.0,2.6,0.0,plywood,0.019,puf_sandwich_panel,0.1,mineral_wool,0.05,west,1.5,0.9,0.75,3.5,33.494,42.109,0.4345,14.182
Pune,18.5204,73.8567,warm_humid,3.0,3.0,2.6,90.0,rammed_earth,0.15,gi_sheet,0.002,eps,0.05,west,1.2,0.9,0.65,5.8,32.468,35.683,0.375,13.986
Pune,18.5204,73.8567,warm_humid,3.0,3.0,2.6,45.0,brick,0.115,brick,0.23,mineral_wool,0.05,east,1.2,0.6,0.45,5.8,32.498,35.662,0.2976,13.973
Pune,18.5204,73.8567,warm_humid,3.0,3.0,2.6,180.0,brick,0.345,gi_sheet,0.002,eps,0.05,north,1.8,0.6,0.75,2.6,31.809,34.75,0.3988,13.951
Pune,18.5204,73.8567,warm_humid,3.0,3.0,2.6,180.0,puf_sandwich_panel,0.15,brick,0.115,eps,0.1,west,0.9,0.6,0.55,3.5,31.152,33.926,0.6369,14.076
Pune,18.5204,73.8567,warm_humid,3.0,3.0,2.6,45.0,puf_sandwich_panel,0.05,rcc_slab,0.25,mineral_wool,0.05,east,1.5,1.2,0.45,3.5,32.508,35.858,0.375,14.012
Pune,18.5204,73.8567,warm_humid,3.0,3.0,2.6,135.0,plywood,0.03,concrete,0.15,eps,0.025,west,0.9,0.6,0.45,5.8,33.703,39.254,0.3274,14.039
Pune,18.5204,73.8567,warm_humid,3.0,3.0,2.6,180.0,concrete,0.15,gi_sheet,0.002,mineral_wool,0.025,south,1.8,1.5,0.45,2.6,33.93,38.216,0.1845,13.977
Pune,18.5204,73.8567,warm_humid,3.0,3.0,2.6,180.0,rammed_earth,0.3,gi_sheet,0.002,mineral_wool,0.05,east,1.2,1.2,0.65,5.8,32.341,35.611,0.3155,13.957
Pune,18.5204,73.8567,warm_humid,3.0,3.0,2.6,180.0,gi_sheet,0.002,brick,0.23,mineral_wool,0.1,north,0.6,0.6,0.45,2.6,31.988,35.167,0.4583,14.02
Pune,18.5204,73.8567,warm_humid,3.0,3.0,2.6,180.0,plywood,0.05,rcc_slab,0.2,mineral_wool,0.025,east,1.5,1.2,0.75,2.6,34.63,40.809,0.2381,14.016
Pune,18.5204,73.8567,warm_humid,3.0,3.0,2.6,135.0,puf_sandwich_panel,0.05,concrete,0.1,mineral_wool,0.05,east,1.8,1.5,0.55,3.5,33.743,40.323,0.3571,14.076
Pune,18.5204,73.8567,warm_humid,3.0,3.0,2.6,180.0,brick,0.23,gi_sheet,0.002,eps,0.025,east,1.8,0.9,0.65,3.5,33.839,37.922,0.1964,13.965
Pune,18.5204,73.8567,warm_humid,3.0,3.0,2.6,0.0,concrete,0.3,gi_sheet,0.002,mineral_wool,0.025,east,1.2,1.2,0.85,3.5,33.535,37.256,0.244,13.95
Pune,18.5204,73.8567,warm_humid,3.0,3.0,2.6,180.0,puf_sandwich_panel,0.15,gi_sheet,0.002,eps,0.025,east,1.2,1.5,0.75,3.5,34.264,44.019,0.4107,14.196
Pune,18.5204,73.8567,warm_humid,3.0,3.0,2.6,45.0,plywood,0.012,brick,0.115,eps,0.1,east,1.5,0.9,0.55,3.5,32.846,37.61,0.4048,14.076
Pune,18.5204,73.8567,warm_humid,3.0,3.0,2.6,90.0,concrete,0.15,puf_sandwich_panel,0.075,mineral_wool,0.025,east,1.2,0.9,0.65,5.8,32.919,36.373,0.256,13.975
Pune,18.5204,73.8567,warm_humid,3.0,3.0,2.6,135.0,puf_sandwich_panel,0.15,rcc_slab,0.2,eps,0.05,east,1.8,1.5,0.55,2.6,33.343,38.116,0.3155,14.026
Pune,18.5204,73.8567,warm_humid,3.0,3.0,2.6,135.0,brick,0.115,concrete,0.1,mineral_wool,0.025,east,0.6,1.5,0.65,3.5,34.123,38.683,0.1607,13.983
Pune,18.5204,73.8567,warm_humid,3.0,3.0,2.6,180.0,plywood,0.012,gi_sheet,0.002,none,0.0,east,1.8,1.5,0.65,3.5,37.766,56.846,0.4345,14.109
Pune,18.5204,73.8567,warm_humid,3.0,3.0,2.6,90.0,brick,0.345,gi_sheet,0.002,mineral_wool,0.05,north,1.5,0.9,0.75,5.8,32.188,35.264,0.3571,13.951
Pune,18.5204,73.8567,warm_humid,3.0,3.0,2.6,0.0,concrete,0.2,puf_sandwich_panel,0.05,eps,0.1,north,0.6,1.5,0.55,2.6,31.139,33.658,0.5833,13.963
Pune,18.5204,73.8567,warm_humid,3.0,3.0,2.6,180.0,gi_sheet,0.002,puf_sandwich_panel,0.1,eps,0.05,south,1.5,1.5,0.55,2.6,33.262,40.504,0.4464,14.175
Pune,18.5204,73.8567,warm_humid,3.0,3.0,2.6,135.0,rammed_earth,0.15,gi_sheet,0.002,eps,0.1,south,0.6,0.9,0.45,5.8,31.353,33.891,0.5595,13.985
Pune,18.5204,73.8567,warm_humid,3.0,3.0,2.6,0.0,puf_sandwich_panel,0.1,rcc_slab,0.25,mineral_wool,0.1,west,1.5,0.9,0.85,5.8,32.446,36.064,0.369,14.01
Pune,18.5204,73.8567,warm_humid,3.0,3.0,2.6,180.0,rammed_earth,0.15,concrete,0.1,mineral_wool,0.025,west,1.8,0.6,0.55,2.6,33.668,37.595,0.1845,13.975
Pune,18.5204,73.8567,warm_humid,3.0,3.0,2.6,135.0,gi_sheet,0.002,puf_sandwich_panel,0.05,mineral_wool,0.025,north,1.2,0.9,0.45,2.6,33.612,41.743,0.4286,14.173
Pune,18.5204,73.8567,warm_humid,3.0,3.0,2.6,45.0,gi_sheet,0.002,puf_sandwich_panel,0.15,eps,0.1,west,0.6,0.9,0.75,2.6,32.156,38.065,0.5,14.167
Pune,18.5204,73.8567,warm_humid,3.0,3.0,2.6,180.0,brick,0.345,gi_sheet,0.002,none,0.0,south,1.8,0.9,0.65,2.6,36.236,41.754,0.1012,13.951
Pune,18.5204,73.8567,warm_humid,3.0,3.0,2.6,45.0,plywood,0.03,puf_sandwich_panel,0.05,mineral_wool,0.025,west,1.5,0.9,0.45,3.5,33.297,41.189,0.4405,14.172
Pune,18.5204,73.8567,warm_humid,3.0,3.0,2.6,45.0,concrete,0.3,puf_sandwich_panel,0.05,mineral_wool,0.025,south,0.6,1.2,0.45,3.5,31.869,34.928,0.3929,13.95
Pune,18.5204,73.8567,warm_humid,3.0,3.0,2.6,90.0,rammed_earth,0.45,gi_sheet,0.002,mineral_wool,0.1,north,1.5,0.9,0.45,2.6,30.499,32.962,0.7083,13.946
Pune,18.5204,73.8567,warm_humid,3.0,3.0,2.6,45.0,concrete,0.3,puf_sandwich_panel,0.075,eps,0.025,east,0.6,1.5,0.45,3.5,31.888,34.897,0.3929,13.95
Pune,18.5204,73.8567,warm_humid,3.0,3.0,2.6,180.0,puf_sandwich_panel,0.05,puf_sandwich_panel,0.05,mineral_wool,0.05,south,1.8,0.9,0.65,2.6,32.112,37.551,0.494,14.212
Pune,18.5204,73.8567,warm_humid,3.0,3.0,2.6,135.0,concrete,0.15,puf_sandwich_panel,0.075,eps,0.05,south,0.9,0.6,0.45,3.5,31.845,34.664,0.4226,13.974
Pune,18.5204,73.8567,warm_humid,3.0,3.0,2.6,135.0,plywood,0.012,rcc_slab,0.2,eps,0.1,south,1.2,1.5,0.35,5.8,32.343,36.157,0.4107,14.025
Pune,18.5204,73.8567,warm_humid,3.0,3.0,2.6,180.0,plywood,0.03,rcc_slab,0.2,mineral_wool,0.025,north,1.5,1.2,0.45,3.5,33.964,39.347,0.3036,14.021
Pune,18.5204,73.8567,warm_humid,3.0,3.0,2.6,0.0,gi_sheet,0.002,rcc_slab,0.2,none,0.0,east,0.6,0.9,0.85,5.8,36.667,49.889,0.369,14.021
Pune,18.5204,73.8567,warm_humid,3.0,3.0,2.6,0.0,plywood,0.019,puf_sandwich_panel,0.1,eps,0.1,west,1.8,1.5,0.85,2.6,34.942,46.811,0.3929,14.187
Pune,18.5204,73.8567,warm_humid,3.0,3.0,2.6,0.0,plywood,0.05,puf_sandwich_panel,0.1,none,0.0,north,1.8,1.5,0.65,3.5,34.423,43.864,0.4226,14.15
Pune,18.5204,73.8567,warm_humid,3.0,3.0,2.6,45.0,plywood,0.05,gi_sheet,0.002,eps,0.1,west,0.6,1.5,0.35,3.5,31.858,36.631,0.506,14.134
Pune,18.5204,73.8567,warm_humid,3.0,3.0,2.6,180.0,brick,0.345,gi_sheet,0.002,mineral_wool,0.025,north,1.8,1.2,0.75,2.6,33.44,37.086,0.25,13.952
Pune,18.5204,73.8567,warm_humid,3.0,3.0,2.6,180.0,puf_sandwich_panel,0.15,brick,0.23,mineral_wool,0.1,east,1.8,1.2,0.35,2.6,31.846,35.277,0.506,14.025
Pune,18.5204,73.8567,warm_humid,3.0,3.0,2.6,45.0,plywood,0.019,brick,0.23,eps,0.1,east,1.2,1.2,0.45,3.5,32.429,36.029,0.3988,14.026
Pune,18.5204,73.8567,warm_humid,3.0,3.0,2.6,45.0,gi_sheet,0.002,gi_sheet,0.002,mineral_wool,0.05,south,1.5,0.9,0.85,5.8,34.223,43.783,0.4107,14.158
Pune,18.5204,73.8567,warm_humid,3.0,3.0,2.6,45.0,brick,0.345,rcc_slab,0.25,mineral_wool,0.05,west,1.5,0.6,0.85,3.5,31.434,34.47,0.4583,13.945
Pune,18.5204,73.8567,warm_humid,3.0,3.0,2.6,135.0,gi_sheet,0.002,concrete,0.1,eps,0.05,north,0.9,1.2,0.75,3.5,33.758,39.518,0.3512,14.065
Pune,18.5204,73.8567,warm_humid,3.0,3.0,2.6,135.0,brick,0.115,rcc_slab,0.15,eps,0.025,west,0.9,1.5,0.85,2.6,34.41,38.831,0.1429,13.978
Pune,18.5204,73.8567,warm_humid,3.0,3.0,2.6,90.0,rammed_earth,0.3,concrete,0.15,eps,0.1,north,1.8,1.2,0.85,3.5,32.622,35.806,0.3095,13.953
Pune,18.5204,73.8567,warm_humid,3.0,3.0,2.6,135.0,gi_sheet,0.002,concrete,0.2,eps,0.05,east,1.8,1.5,0.35,5.8,33.569,38.938,0.3333,14.021
Pune,18.5204,73.8567,warm_humid,3.0,3.0,2.6,90.0,concrete,0.1,rcc_slab,0.25,eps,0.1,west,1.2,1.5,0.45,5.8,31.789,34.514,0.4226,13.969
Pune,18.5204,73.8567,warm_humid,3.0,3.0,2.6,180.0,brick,0.345,rcc_slab,0.25,mineral_wool,0.1,east,0.9,1.2,0.75,2.6,30.878,33.684,0.5595,13.945
Pune,18.5204,73.8567,warm_humid,3.0,3.0,2.6,180.0,concrete,0.1,brick,0.23,mineral_wool,0.025,east,0.6,1.5,0.45,5.8,33.664,37.692,0.1905,13.972
Pune,18.5204,73.8567,warm_humid,3.0,3.0,2.6,45.0,concrete,0.3,gi_sheet,0.002,eps,0.05,south,0.6,1.5,0.55,3.5,31.743,34.784,0.4107,13.95
Pune,18.5204,73.8567,warm_humid,3.0,3.0,2.6,0.0,concrete,0.15,gi_sheet,0.002,none,0.0,south,0.6,1.2,0.45,3.5,37.008,46.075,0.2083,13.974
Pune,18.5204,73.8567,warm_humid,3.0,3.0,2.6,45.0,concrete,0.2,puf_sandwich_panel,0.075,mineral_wool,0.05,west,0.6,1.5,0.55,2.6,31.8,34.705,0.4167,13.962
Pune,18.5204,73.8567,warm_humid,3.0,3.0,2.6,180.0,gi_sheet,0.002,concrete,0.1,mineral_wool,0.025,east,1.5,0.9,0.55,3.5,34.604,42.671,0.3452,14.064
Pune,18.5204,73.8567,warm_humid,3.0,3.0,2.6,90.0,gi_sheet,0.002,gi_sheet,0.002,mineral_wool,0.025,north,1.5,0.9,0.45,3.5,34.298,43.629,0.4286,14.162
Pune,18.5204,73.8567,warm_humid,3.0,3.0,2.6,135.0,plywood,0.012,concrete,0.1,eps,0.025,south,1.5,1.2,0.45,2.6,34.476,42.487,0.3512,14.075
Pune,18.5204,73.8567,warm_humid,3.0,3.0,2.6,0.0,brick,0.115,brick,0.115,mineral_wool,0.1,west,1.5,1.2,0.55,3.5,32.785,36.44,0.2857,13.983
Pune,18.5204,73.8567,warm_humid,3.0,3.0,2.6,180.0,puf_sandwich_panel,0.075,puf_sandwich_panel,0.075,eps,0.025,east,0.6,0.9,0.65,3.5,31.451,36.367,0.5655,14.221
Pune,18.5204,73.8567,warm_humid,3.0,3.0,2.6,45.0,rammed_earth,0.3,rcc_slab,0.15,mineral_wool,0.025,south,1.5,1.2,0.35,2.6,32.721,36.172,0.2857,13.953
Pune,18.5204,73.8567,warm_humid,3.0,3.0,2.6,180.0,gi_sheet,0.002,rcc_slab,0.25,eps,0.1,north,1.2,1.5,0.85,5.8,33.432,37.469,0.2679,14.007
Pune,18.5204,73.8567,warm_humid,3.0,3.0,2.6,90.0,puf_sandwich_panel,0.05,concrete,0.2,eps,0.05,west,1.2,0.9,0.45,2.6,31.855,35.017,0.4762,14.028
Pune,18.5204,73.8567,warm_humid,3.0,3.0,2.6,90.0,rammed_earth,0.45,concrete,0.1,eps,0.1,east,1.5,1.2,0.45,2.6,30.571,33.106,0.6786,13.945
Pune,18.5204,73.8567,warm_humid,3.0,3.0,2.6,90.0,brick,0.23,gi_sheet,0.002,mineral_wool,0.025,north,0.6,1.2,0.85,2.6,33.353,36.926,0.244,13.964
Pune,18.5204,73.8567,warm_humid,3.0,3.0,2.6,90.0,puf_sandwich_panel,0.1,rcc_slab,0.25,mineral_wool,0.025,west,1.5,0.9,0.55,3.5,32.506,35.95,0.369,14.012
Pune,18.5204,73.8567,warm_humid,3.0,3.0,2.6,0.0,brick,0.115,puf_sandwich_panel,0.15,eps,0.05,north,1.2,1.2,0.75,5.8,32.664,36.164,0.3393,13.998
Pune,18.5204,73.8567,warm_humid,3.0,3.0,2.6,0.0,gi_sheet,0.002,brick,0.115,eps,0.025,west,0.9,1.2,0.75,3.5,34.721,43.377,0.3452,14.068
Pune,18.5204,73.8567,warm_humid,3.0,3.0,2.6,180.0,brick,0.23,rcc_slab,0.25,mineral_wool,0.1,east,0.6,0.6,0.45,2.6,30.569,32.966,0.7143,13.953
Pune,18.5204,73.8567,warm_humid,3.0,3.0,2.6,135.0,rammed_earth,0.15,gi_sheet,0.002,mineral_wool,0.05,north,1.2,1.2,0.85,5.8,33.502,37.201,0.2083,13.986
Pune,18.5204,73.8567,warm_humid,3.0,3.0,2.6,45.0,plywood,0.05,rcc_slab,0.15,mineral_wool,0.05,east,1.5,0.9,0.45,3.5,32.974,37.228,0.3512,14.031
Pune,18.5204,73.8567,warm_humid,3.0,3.0,2.6,0.0,brick,0.345,concrete,0.2,eps,0.05,north,1.8,0.9,0.65,5.8,31.615,34.591,0.4226,13.947
Pune,18.5204,73.8567,warm_humid,3.0,3.0,2.6,0.0,gi_sheet,0.002,puf_sandwich_panel,0.1,eps,0.025,east,1.8,0.9,0.45,2.6,33.755,42.377,0.4286,14.176
Pune,18.5204,73.8567,warm_humid,3.0,3.0,2.6,135.0,puf_sandwich_panel,0.15,puf_sandwich_panel,0.15,mineral_wool,0.1,east,0.9,1.2,0.55,5.8,31.338,35.768,0.5833,14.181
Pune,18.5204,73.8567,warm_humid,3.0,3.0,2.6,135.0,puf_sandwich_panel,0.05,brick,0.115,eps,0.025,west,0.6,0.6,0.55,2.6,32.688,37.426,0.4107,14.083
Pune,18.5204,73.8567,warm_humid,3.0,3.0,2.6,0.0,puf_sandwich_panel,0.15,gi_sheet,0.002,eps,0.1,east,0.6,1.5,0.55,3.5,31.592,35.668,0.5298,14.189
Pune,18.5204,73.8567,warm_humid,3.0,3.0,2.6,90.0,puf_sandwich_panel,0.075,puf_sandwich_panel,0.075,eps,0.1,north,0.9,0.6,0.85,3.5,31.322,35.12,0.5595,14.212
Pune,18.5204,73.8567,warm_humid,3.0,3.0,2.6,135.0,puf_sandwich_panel,0.15,gi_sheet,0.002,mineral_wool,0.025,north,1.8,0.6,0.85,5.8,33.557,40.42,0.4167,14.191
Pune,18.5204,73.8567,warm_humid,3.0,3.0,2.6,90.0,puf_sandwich_panel,0.1,puf_sandwich_panel,0.075,mineral_wool,0.025,east,1.8,1.5,0.75,3.5,33.529,41.068,0.4524,14.212
Pune,18.5204,73.8567,warm_humid,3.0,3.0,2.6,135.0,plywood,0.03,gi_sheet,0.002,mineral_wool,0.025,south,1.2,0.6,0.45,5.8,33.901,42.554,0.4167,14.16
Pune,18.5204,73.8567,warm_humid,3.0,3.0,2.6,90.0,rammed_earth,0.45,puf_sandwich_panel,0.1,none,0.0,east,1.2,1.5,0.65,2.6,32.378,35.615,0.3274,13.947
Pune,18.5204,73.8567,warm_humid,3.0,3.0,2.6,90.0,plywood,0.012,concrete,0.2,none,0.0,south,1.8,0.6,0.45,5.8,36.702,48.87,0.3274,14.025
Pune,18.5204,73.8567,warm_humid,3.0,3.0,2.6,0.0,gi_sheet,0.002,puf_sandwich_panel,0.05,mineral_wool,0.025,west,1.5,1.5,0.85,5.8,35.181,47.903,0.3988,14.175
Pune,18.5204,73.8567,warm_humid,3.0,3.0,2.6,180.0,puf_sandwich_panel,0.1,brick,0.115,mineral_wool,0.05,east,0.6,0.6,0.65,5.8,31.732,35.394,0.5238,14.077
Pune,18.5204,73.8567,warm_humid,3.0,3.0,2.6,180.0,plywood,0.03,brick,0.23,mineral_wool,0.05,east,1.8,1.2,0.85,3.5,34.634,40.901,0.2262,14.022
Pune,18.5204,73.8567,warm_humid,3.0,3.0,2.6,45.0,gi_sheet,0.002,brick,0.115,none,0.0,north,1.2,0.6,0.65,2.6,36.809,51.863,0.4048,14.059
Pune,18.5204,73.8567,warm_humid,3.0,3.0,2.6,180.0,puf_sandwich_panel,0.15,concrete,0.2,mineral_wool,0.025,east,1.8,1.2,0.35,5.8,32.967,37.437,0.3452,14.026
Pune,18.5204,73.8567,warm_humid,3.0,3.0,2.6,135.0,brick,0.345,concrete,0.2,eps,0.1,north,0.6,1.2,0.65,3.5,30.49,32.965,0.7262,13.946
Pune,18.5204,73.8567,warm_humid,3.0,3.0,2.6,135.0,gi_sheet,0.002,concrete,0.15,mineral_wool,0.1,south,0.6,0.6,0.55,3.5,32.02,35.535,0.4583,14.035
Pune,18.5204,73.8567,warm_humid,3.0,3.0,2.6,180.0,concrete,0.15,rcc_slab,0.1,mineral_wool,0.025,east,1.2,1.5,0.35,5.8,33.799,37.912,0.1845,13.968
Pune,18.5204,73.8567,warm_humid,3.0,3.0,2.6,90.0,concrete,0.15,brick,0.23,mineral_wool,0.1,north,1.2,1.5,0.85,2.6,32.885,36.051,0.2619,13.962
Pune,18.5204,73.8567,warm_humid,3.0,3.0,2.6,135.0,plywood,0.05,rcc_slab,0.1,eps,0.05,south,1.2,0.6,0.65,5.8,32.844,37.604,0.375,14.055
Pune,18.5204,73.8567,warm_humid,3.0,3.0,2.6,180.0,concrete,0.3,concrete,0.2,mineral_wool,0.05,south,1.2,1.2,0.65,3.5,31.689,34.691,0.4107,13.946
Pune,18.5204,73.8567,warm_humid,3.0,3.0,2.6,0.0,plywood,0.012,concrete,0.2,mineral_wool,0.1,west,1.8,0.6,0.75,3.5,32.826,37.156,0.3452,14.022
Pune,18.5204,73.8567,warm_humid,3.0,3.0,2.6,0.0,gi_sheet,0.002,rcc_slab,0.25,eps,0.025,west,0.6,0.9,0.35,2.6,33.778,39.143,0.2976,14.008
Pune,18.5204,73.8567,warm_humid,3.0,3.0,2.6,180.0,puf_sandwich_panel,0.1,gi_sheet,0.002,mineral_wool,0.025,east,0.9,1.2,0.65,5.8,33.341,41.297,0.4345,14.198
Pune,18.5204,73.8567,warm_humid,3.0,3.0,2.6,135.0,gi_sheet,0.002,concrete,0.15,eps,0.1,north,1.2,1.2,0.35,5.8,32.482,36.388,0.3869,14.038
Pune,18.5204,73.8567,warm_humid,3.0,3.0,2.6,45.0,puf_sandwich_panel,0.075,gi_sheet,0.002,mineral_wool,0.05,east,1.5,0.6,0.65,2.6,32.428,37.879,0.4762,14.194
Pune,18.5204,73.8567,warm_humid,3.0,3.0,2.6,90.0,plywood,0.012,brick,0.115,eps,0.05,north,0.9,1.5,0.65,3.5,33.725,39.548,0.3512,14.077
Pune,18.5204,73.8567,warm_humid,3.0,3.0,2.6,135.0,plywood,0.019,concrete,0.15,mineral_wool,0.025,north,0.9,1.5,0.45,3.5,34.202,40.416,0.3095,14.042
Pune,18.5204,73.8567,warm_humid,3.0,3.0,2.6,135.0,gi_sheet,0.002,concrete,0.1,mineral_wool,0.025,east,1.5,1.2,0.65,3.5,34.952,43.617,0.3333,14.065
Pune,18.5204,73.8567,warm_humid,3.0,3.0,2.6,180.0,puf_sandwich_panel,0.05,gi_sheet,0.002,mineral_wool,0.025,north,1.5,0.6,0.55,3.5,33.042,40.22,0.4643,14.204
Pune,18.5204,73.8567,warm_humid,3.0,3.0,2.6,180.0,gi_sheet,0.002,concrete,0.15,mineral_wool,0.1,north,1.2,0.9,0.45,3.5,32.433,36.221,0.3988,14.035
Pune,18.5204,73.8567,warm_humid,3.0,3.0,2.6,180.0,concrete,0.3,puf_sandwich_panel,0.05,eps,0.05,west,1.8,1.2,0.75,3.5,32.727,35.976,0.2976,13.951
Pune,18.5204,73.8567,warm_humid,3.0,3.0,2.6,180.0,brick,0.23,gi_sheet,0.002,mineral_wool,0.05,north,1.8,1.5,0.65,2.6,33.392,36.911,0.244,13.966
Pune,18.5204,73.8567,warm_humid,3.0,3.0,2.6,180.0,concrete,0.1,brick,0.23,eps,0.1,north,1.8,0.6,0.85,2.6,32.378,35.322,0.3095,13.972
Pune,18.5204,73.8567,warm_humid,3.0,3.0,2.6,45.0,puf_sandwich_panel,0.15,concrete,0.15,none,0.0,west,1.2,1.5,0.85,2.6,36.983,46.718,0.2262,14.047
Pune,18.5204,73.8567,warm_humid,3.0,3.0,2.6,135.0,puf_sandwich_panel,0.1,rcc_slab,0.1,eps,0.025,east,1.5,0.6,0.85,5.8,33.411,39.074,0.375,14.078
Pune,18.5204,73.8567,warm_humid,3.0,3.0,2.6,0.0,puf_sandwich_panel,0.075,brick,0.115,none,0.0,west,1.2,0.9,0.85,3.5,36.395,46.75,0.2917,14.083
Pune,18.5204,73.8567,warm_humid,3.0,3.0,2.6,45.0,puf_sandwich_panel,0.1,brick,0.23,mineral_wool,0.1,east,1.8,1.2,0.55,2.6,32.553,35.882,0.375,14.026
Pune,18.5204,73.8567,warm_humid,3.0,3.0,2.6,180.0,rammed_earth,0.15,rcc_slab,0.1,mineral_wool,0.025,north,1.8,0.9,0.85,2.6,34.223,38.502,0.1429,13.976
Pune,18.5204,73.8567,warm_humid,3.0,3.0,2.6,180.0,rammed_earth,0.45,concrete,0.15,eps,0.05,west,1.8,0.9,0.55,2.6,31.429,34.376,0.4643,13.944
Pune,18.5204,73.8567,warm_humid,3.0,3.0,2.6,0.0,gi_sheet,0.002,gi_sheet,0.002,mineral_wool,0.05,north,1.8,1.5,0.45,5.8,33.682,42.142,0.4345,14.159
Pune,18.5204,73.8567,warm_humid,3.0,3.0,2.6,135.0,gi_sheet,0.002,gi_sheet,0.002,eps,0.025,north,1.5,0.6,0.35,5.8,34.177,43.477,0.4286,14.165
Pune,18.5204,73.8567,warm_humid,3.0,3.0,2.6,135.0,puf_sandwich_panel,0.1,gi_sheet,0.002,eps,0.1,west,1.5,0.6,0.65,2.6,31.665,35.959,0.5298,14.195
Pune,18.5204,73.8567,warm_humid,3.0,3.0,2.6,180.0,puf_sandwich_panel,0.15,puf_sandwich_panel,0.05,mineral_wool,0.1,south,0.6,0.6,0.85,3.5,30.652,33.718,0.6964,14.183
Pune,18.5204,73.8567,warm_humid,3.0,3.0,2.6,0.0,gi_sheet,0.002,puf_sandwich_panel,0.1,mineral_wool,0.05,west,1.8,0.6,0.45,2.6,32.957,40.609,0.4524,14.166
Pune,18.5204,73.8567,warm_humid,3.0,3.0,2.6,0.0,concrete,0.1,concrete,0.1,eps,0.1,north,1.5,0.9,0.45,2.6,32.031,35.016,0.4286,13.982
Pune,18.5204,73.8567,warm_humid,3.0,3.0,2.6,90.0,puf_sandwich_panel,0.1,brick,0.115,eps,0.05,south,1.8,1.2,0.45,5.8,32.976,38.63,0.3988,14.08
Pune,18.5204,73.8567,warm_humid,3.0,3.0,2.6,180.0,puf_sandwich_panel,0.075,rcc_slab,0.15,eps,0.1,west,1.8,1.2,0.35,5.8,32.038,35.375,0.4464,14.047
Pune,18.5204,73.8567,warm_humid,3.0,3.0,2.6,45.0,puf_sandwich_panel,0.05,puf_sandwich_panel,0.15,eps,0.05,south,0.9,0.9,0.45,5.8,31.368,36.138,0.5833,14.218
Pune,18.5204,73.8567,warm_humid,3.0,3.0,2.6,0.0,plywood,0.05,puf_sandwich_panel,0.075,eps,0.025,south,0.9,1.2,0.45,5.8,32.773,39.058,0.4524,14.147
Pune,18.5204,73.8567,warm_humid,3.0,3.0,2.6,0.0,gi_sheet,0.002,concrete,0.2,mineral_wool,0.025,south,1.5,1.5,0.85,5.8,35.133,42.111,0.2679,14.021
Pune,18.5204,73.8567,warm_humid,3.0,3.0,2.6,0.0,brick,0.115,rcc_slab,0.25,eps,0.05,south,1.8,0.9,0.45,3.5,32.764,36.084,0.2798,13.97
Pune,18.5204,73.8567,warm_humid,3.0,3.0,2.6,90.0,brick,0.345,puf_sandwich_panel,0.075,eps,0.05,west,0.9,0.9,0.45,5.8,30.695,33.139,0.6607,13.951
Pune,18.5204,73.8567,warm_humid,3.0,3.0,2.6,90.0,brick,0.345,puf_sandwich_panel,0.15,mineral_wool,0.025,south,0.6,1.2,0.75,2.6,31.511,34.413,0.4345,13.951
Pune,18.5204,73.8567,warm_humid,3.0,3.0,2.6,180.0,puf_sandwich_panel,0.05,gi_sheet,0.002,eps,0.05,south,0.6,0.6,0.45,3.5,31.731,36.746,0.5357,14.207
Pune,18.5204,73.8567,warm_humid,3.0,3.0,2.6,90.0,brick,0.115,rcc_slab,0.1,eps,0.05,west,1.2,1.5,0.55,3.5,32.972,36.5,0.2619,13.984
Pune,18.5204,73.8567,warm_humid,3.0,3.0,2.6,90.0,rammed_earth,0.3,brick,0.115,none,0.0,west,1.5,0.6,0.75,2.6,35.272,40.114,0.125,13.954
Pune,18.5204,73.8567,warm_humid,3.0,3.0,2.6,0.0,rammed_earth,0.3,concrete,0.15,eps,0.1,south,1.5,1.2,0.85,5.8,31.921,34.876,0.381,13.953
Pune,18.5204,73.8567,warm_humid,3.0,3.0,2.6,45.0,concrete,0.2,concrete,0.15,eps,0.1,north,0.6,1.5,0.65,3.5,31.357,34.039,0.4643,13.956
Pune,18.5204,73.8567,warm_humid,3.0,3.0,2.6,180.0,brick,0.115,brick,0.23,eps,0.025,west,1.2,1.2,0.85,2.6,34.464,38.718,0.1488,13.974
Pune,18.5204,73.8567,warm_humid,3.0,3.0,2.6,180.0,gi_sheet,0.002,puf_sandwich_panel,0.05,eps,0.05,north,0.9,0.9,0.55,2.6,32.893,39.498,0.4583,14.175
Pune,18.5204,73.8567,warm_humid,3.0,3.0,2.6,135.0,puf_sandwich_panel,0.075,concrete,0.15,eps,0.05,north,1.5,1.2,0.45,5.8,32.619,36.506,0.3869,14.048
Pune,18.5204,73.8567,warm_humid,3.0,3.0,2.6,0.0,brick,0.23,puf_sandwich_panel,0.1,none,0.0,west,0.6,0.6,0.75,2.6,33.716,37.713,0.1845,13.964
Pune,18.5204,73.8567,warm_humid,3.0,3.0,2.6,0.0,brick,0.345,brick,0.23,none,0.0,north,1.2,1.5,0.85,3.5,34.666,39.008,0.1905,13.947
Pune,18.5204,73.8567,warm_humid,3.0,3.0,2.6,90.0,concrete,0.2,concrete,0.2,mineral_wool,0.1,north,0.9,0.6,0.75,3.5,31.02,33.55,0.5774,13.953
Pune,18.5204,73.8567,warm_humid,3.0,3.0,2.6,180.0,puf_sandwich_panel,0.15,concrete,0.1,mineral_wool,0.05,north,1.8,1.2,0.75,5.8,33.419,38.43,0.3571,14.072
Pune,18.5204,73.8567,warm_humid,3.0,3.0,2.6,0.0,plywood,0.03,concrete,0.1,mineral_wool,0.05,west,0.6,0.9,0.45,5.8,32.787,37.775,0.3929,14.062
Pune,18.5204,73.8567,warm_humid,3.0,3.0,2.6,90.0,concrete,0.1,brick,0.115,eps,0.1,south,0.6,1.5,0.65,2.6,32.135,35.213,0.3869,13.982
Pune,18.5204,73.8567,warm_humid,3.0,3.0,2.6,0.0,plywood,0.019,rcc_slab,0.25,mineral_wool,0.1,west,1.5,0.9,0.55,5.8,32.519,36.302,0.375,14.007
Pune,18.5204,73.8567,warm_humid,3.0,3.0,2.6,90.0,gi_sheet,0.002,gi_sheet,0.002,eps,0.025,north,0.6,0.9,0.75,5.8,34.185,43.371,0.4286,14.165
Pune,18.5204,73.8567,warm_humid,3.0,3.0,2.6,90.0,brick,0.115,gi_sheet,0.002,eps,0.05,south,1.2,1.2,0.75,2.6,33.624,38.125,0.2143,13.997
Pune,18.5204,73.8567,warm_humid,3.0,3.0,2.6,45.0,gi_sheet,0.002,brick,0.23,none,0.0,east,0.6,0.9,0.85,2.6,36.401,49.154,0.369,14.023
Pune,18.5204,73.8567,warm_humid,3.0,3.0,2.6,180.0,plywood,0.03,rcc_slab,0.1,eps,0.025,south,1.5,1.2,0.55,3.5,34.169,40.95,0.3512,14.065
Pune,18.5204,73.8567,warm_humid,3.0,3.0,2.6,135.0,plywood,0.019,rcc_slab,0.1,mineral_wool,0.05,west,0.9,1.2,0.45,5.8,33.104,38.268,0.381,14.068
Pune,18.5204,73.8567,warm_humid,3.0,3.0,2.6,180.0,concrete,0.3,gi_sheet,0.002,mineral_wool,0.025,south,1.8,0.9,0.55,2.6,32.894,36.329,0.2738,13.95
Pune,18.5204,73.8567,warm_humid,3.0,3.0,2.6,45.0,rammed_earth,0.3,concrete,0.2,eps,0.025,north,1.8,0.9,0.65,5.8,32.916,36.365,0.2798,13.951
Pune,18.5204,73.8567,warm_humid,3.0,3.0,2.6,135.0,puf_sandwich_panel,0.15,rcc_slab,0.2,mineral_wool,0.05,north,1.5,0.9,0.35,5.8,31.821,34.794,0.5,14.025
Pune,18.5204,73.8567,warm_humid,3.0,3.0,2.6,180.0,concrete,0.15,concrete,0.2,eps,0.05,south,0.9,0.6,0.45,5.8,32.077,35.007,0.3393,13.961
Pune,18.5204,73.8567,warm_humid,3.0,3.0,2.6,45.0,gi_sheet,0.002,brick,0.115,eps,0.025,west,1.8,0.9,0.55,3.5,34.576,42.98,0.3452,14.068
Pune,18.5204,73.8567,warm_humid,3.0,3.0,2.6,45.0,gi_sheet,0.002,puf_sandwich_panel,0.1,mineral_wool,0.05,east,1.5,1.5,0.65,2.6,34.03,41.922,0.3988,14.168
Pune,18.5204,73.8567,warm_humid,3.0,3.0,2.6,0.0,brick,0.115,gi_sheet,0.002,eps,0.025,south,1.5,1.5,0.85,5.8,35.07,40.761,0.1667,13.999
Pune,18.5204,73.8567,warm_humid,3.0,3.0,2.6,90.0,gi_sheet,0.002,concrete,0.2,eps,0.05,east,1.2,1.2,0.75,3.5,33.511,38.271,0.3274,14.021
Pune,18.5204,73.8567,warm_humid,3.0,3.0,2.6,135.0,gi_sheet,0.002,gi_sheet,0.002,eps,0.05,east,0.6,0.9,0.35,3.5,33.05,40.151,0.4524,14.164
Pune,18.5204,73.8567,warm_humid,3.0,3.0,2.6,0.0,brick,0.115,concrete,0.2,mineral_wool,0.1,east,1.2,0.6,0.55,2.6,31.733,34.452,0.4524,13.972
Pune,18.5204,73.8567,warm_humid,3.0,3.0,2.6,135.0,gi_sheet,0.002,brick,0.23,mineral_wool,0.05,east,1.8,0.6,0.75,3.5,33.549,38.602,0.3095,14.022
Pune,18.5204,73.8567,warm_humid,3.0,3.0,2.6,135.0,brick,0.115,rcc_slab,0.1,eps,0.05,east,1.2,0.6,0.35,3.5,32.617,35.961,0.3274,13.983
Pune,18.5204,73.8567,warm_humid,3.0,3.0,2.6,45.0,rammed_earth,0.3,brick,0.23,eps,0.05,west,0.9,0.6,0.75,3.5,31.318,34.146,0.4583,13.95
Pune,18.5204,73.8567,warm_humid,3.0,3.0,2.6,135.0,concrete,0.3,gi_sheet,0.002,mineral_wool,0.1,east,1.2,1.2,0.55,5.8,31.3,34.133,0.4643,13.95
Pune,18.5204,73.8567,warm_humid,3.0,3.0,2.6,0.0,plywood,0.012,rcc_slab,0.15,mineral_wool,0.025,north,1.8,0.6,0.55,2.6,34.084,40.549,0.3333,14.045
Pune,18.5204,73.8567,warm_humid,3.0,3.0,2.6,135.0,gi_sheet,0.002,brick,0.23,mineral_wool,0.05,south,0.9,0.9,0.65,2.6,33.133,37.722,0.3452,14.022
Pune,18.5204,73.8567,warm_humid,3.0,3.0,2.6,135.0,brick,0.115,rcc_slab,0.25,none,0.0,west,1.2,1.5,0.75,5.8,36.913,44.348,0.125,13.97
Pune,18.5204,73.8567,warm_humid,3.0,3.0,2.6,0.0,puf_sandwich_panel,0.1,puf_sandwich_panel,0.05,none,0.0,south,0.6,0.9,0.75,3.5,31.626,36.433,0.5536,14.221
Pune,18.5204,73.8567,warm_humid,3.0,3.0,2.6,135.0,brick,0.23,concrete,0.1,mineral_wool,0.025,west,1.8,0.6,0.35,3.5,33.064,36.549,0.256,13.959
Pune,18.5204,73.8567,warm_humid,3.0,3.0,2.6,0.0,puf_sandwich_panel,0.15,puf_sandwich_panel,0.05,eps,0.05,south,1.5,1.5,0.85,5.8,33.366,40.382,0.4405,14.208
Pune,18.5204,73.8567,warm_humid,3.0,3.0,2.6,45.0,puf_sandwich_panel,0.1,concrete,0.15,mineral_wool,0.1,west,0.6,1.5,0.75,5.8,31.63,34.817,0.5357,14.042
Pune,18.5204,73.8567,warm_humid,3.0,3.0,2.6,135.0,rammed_earth,0.3,concrete,0.15,mineral_wool,0.1,east,0.6,0.9,0.65,2.6,30.582,33.033,0.7024,13.951
Pune,18.5204,73.8567,warm_humid,3.0,3.0,2.6,90.0,brick,0.115,puf_sandwich_panel,0.1,mineral_wool,0.025,east,1.5,0.6,0.55,2.6,32.93,36.715,0.3214,13.997
Pune,18.5204,73.8567,warm_humid,3.0,3.0,2.6,90.0,rammed_earth,0.45,concrete,0.2,eps,0.05,north,1.5,0.6,0.45,3.5,30.7,33.373,0.5893,13.942
Pune,18.5204,73.8567,warm_humid,3.0,3.0,2.6,135.0,rammed_earth,0.3,concrete,0.1,eps,0.025,west,1.5,1.5,0.35,5.8,32.898,36.303,0.2738,13.955
Pune,18.5204,73.8567,warm_humid,3.0,3.0,2.6,180.0,plywood,0.019,gi_sheet,0.002,none,0.0,west,1.2,1.5,0.55,3.5,37.446,54.98,0.4286,14.179
Pune,18.5204,73.8567,warm_humid,3.0,3.0,2.6,135.0,brick,0.345,rcc_slab,0.25,eps,0.025,south,0.9,1.2,0.85,3.5,32.501,36.007,0.3571,13.945
Pune,18.5204,73.8567,warm_humid,3.0,3.0,2.6,90.0,rammed_earth,0.3,gi_sheet,0.002,mineral_wool,0.1,south,0.9,0.9,0.75,2.6,31.088,33.738,0.5655,13.956
Pune,18.5204,73.8567,warm_humid,3.0,3.0,2.6,180.0,concrete,0.3,gi_sheet,0.002,none,0.0,west,0.9,0.9,0.65,3.5,36.422,42.305,0.0952,13.95
Pune,18.5204,73.8567,warm_humid,3.0,3.0,2.6,0.0,rammed_earth,0.3,gi_sheet,0.002,mineral_wool,0.025,south,1.8,1.2,0.75,2.6,33.61,37.322,0.2321,13.958
Pune,18.5204,73.8567,warm_humid,3.0,3.0,2.6,0.0,rammed_earth,0.45,gi_sheet,0.002,mineral_wool,0.1,south,0.9,1.5,0.35,2.6,30.269,32.65,0.7976,13.946
Pune,18.5204,73.8567,warm_humid,3.0,3.0,2.6,180.0,plywood,0.03,concrete,0.15,mineral_wool,0.05,east,0.6,1.5,0.55,3.5,33.028,37.737,0.3512,14.037
Pune,18.5204,73.8567,warm_humid,3.0,3.0,2.6,90.0,puf_sandwich_panel,0.075,brick,0.115,mineral_wool,0.025,south,1.2,0.9,0.55,2.6,33.187,38.811,0.375,14.08
Pune,18.5204,73.8567,warm_humid,3.0,3.0,2.6,45.0,brick,0.345,rcc_slab,0.1,none,0.0,west,1.8,1.5,0.75,5.8,36.653,42.388,0.1012,13.95
Pune,18.5204,73.8567,warm_humid,3.0,3.0,2.6,0.0,plywood,0.019,rcc_slab,0.15,eps,0.025,north,1.5,1.2,0.45,2.6,34.055,40.428,0.3393,14.043
Pune,18.5204,73.8567,warm_humid,3.0,3.0,2.6,0.0,plywood,0.03,rcc_slab,0.2,eps,0.025,north,1.8,1.5,0.75,3.5,34.592,40.603,0.2619,14.021
Pune,18.5204,73.8567,warm_humid,3.0,3.0,2.6,180.0,rammed_earth,0.45,rcc_slab,0.15,mineral_wool,0.05,south,0.9,0.9,0.85,2.6,30.835,33.558,0.5595,13.943
Pune,18.5204,73.8567,warm_humid,3.0,3.0,2.6,0.0,concrete,0.1,gi_sheet,0.002,mineral_wool,0.025,south,1.8,0.6,0.35,3.5,33.868,38.71,0.244,13.994
Pune,18.5204,73.8567,warm_humid,3.0,3.0,2.6,180.0,plywood,0.03,rcc_slab,0.25,mineral_wool,0.05,south,0.6,0.9,0.65,2.6,32.465,35.904,0.381,14.007
Pune,18.5204,73.8567,warm_humid,3.0,3.0,2.6,0.0,concrete,0.15,brick,0.115,mineral_wool,0.05,west,1.8,1.2,0.55,5.8,33.473,37.463,0.2143,13.968
Pune,18.5204,73.8567,warm_humid,3.0,3.0,2.6,90.0,puf_sandwich_panel,0.15,rcc_slab,0.15,eps,0.025,west,0.9,0.6,0.65,2.6,32.304,36.003,0.4286,14.046
Pune,18.5204,73.8567,warm_humid,3.0,3.0,2.6,45.0,plywood,0.03,brick,0.23,mineral_wool,0.025,south,1.2,0.6,0.65,3.5,33.772,39.132,0.2917,14.023
Pune,18.5204,73.8567,warm_humid,3.0,3.0,2.6,135.0,puf_sandwich_panel,0.075,rcc_slab,0.15,eps,0.025,north,1.8,1.2,0.75,5.8,34.444,39.861,0.2798,14.048
Pune,18.5204,73.8567,warm_humid,3.0,3.0,2.6,45.0,rammed_earth,0.15,rcc_slab,0.1,none,0.0,west,1.8,0.9,0.45,2.6,36.769,44.886,0.1429,13.976
Pune,18.5204,73.8567,warm_humid,3.0,3.0,2.6,45.0,rammed_earth,0.15,gi_sheet,0.002,eps,0.1,east,0.9,0.6,0.75,3.5,31.642,34.274,0.4821,13.985
Pune,18.5204,73.8567,warm_humid,3.0,3.0,2.6,45.0,concrete,0.2,brick,0.23,none,0.0,east,0.6,1.5,0.85,2.6,35.925,41.571,0.1012,13.954
Pune,18.5204,73.8567,warm_humid,3.0,3.0,2.6,90.0,rammed_earth,0.15,rcc_slab,0.1,eps,0.05,south,0.9,0.6,0.35,2.6,32.079,35.056,0.3869,13.975
Pune,18.5204,73.8567,warm_humid,3.0,3.0,2.6,180.0,gi_sheet,0.002,puf_sandwich_panel,0.15,eps,0.05,west,0.6,0.9,0.85,3.5,32.895,39.037,0.4524,14.171
Pune,18.5204,73.8567,warm_humid,3.0,3.0,2.6,135.0,rammed_earth,0.15,gi_sheet,0.002,eps,0.1,west,0.9,1.2,0.55,3.5,31.816,34.513,0.4464,13.986
Pune,18.5204,73.8567,warm_humid,3.0,3.0,2.6,45.0,concrete,0.1,puf_sandwich_panel,0.1,eps,0.025,south,1.8,0.9,0.35,2.6,33.257,37.668,0.2917,13.996
Pune,18.5204,73.8567,warm_humid,3.0,3.0,2.6,0.0,rammed_earth,0.3,brick,0.23,mineral_wool,0.05,north,1.8,0.6,0.85,2.6,31.641,34.539,0.4107,13.951
Pune,18.5204,73.8567,warm_humid,3.0,3.0,2.6,45.0,brick,0.23,brick,0.115,mineral_wool,0.05,north,1.8,1.2,0.35,2.6,32.405,35.517,0.2976,13.96
Pune,18.5204,73.8567,warm_humid,3.0,3.0,2.6,135.0,rammed_earth,0.3,concrete,0.2,mineral_wool,0.1,south,1.5,0.9,0.35,3.5,30.686,33.198,0.6607,13.95
Pune,18.5204,73.8567,warm_humid,3.0,3.0,2.6,45.0,gi_sheet,0.002,puf_sandwich_panel,0.1,mineral_wool,0.1,north,1.2,1.2,0.45,3.5,32.462,38.216,0.4702,14.156
Pune,18.5204,73.8567,warm_humid,3.0,3.0,2.6,90.0,plywood,0.012,rcc_slab,0.25,eps,0.025,south,0.6,0.9,0.45,2.6,33.661,38.692,0.2976,14.011
Pune,18.5204,73.8567,warm_humid,3.0,3.0,2.6,90.0,puf_sandwich_panel,0.15,concrete,0.15,eps,0.025,south,1.8,1.5,0.85,3.5,35.363,43.105,0.2262,14.046
Pune,18.5204,73.8567,warm_humid,3.0,3.0,2.6,180.0,plywood,0.019,puf_sandwich_panel,0.05,none,0.0,east,1.2,0.9,0.75,2.6,35.255,48.121,0.4524,14.193
Pune,18.5204,73.8567,warm_humid,3.0,3.0,2.6,0.0,plywood,0.012,brick,0.115,eps,0.025,west,1.2,0.6,0.65,2.6,34.342,42.206,0.3571,14.078
Pune,18.5204,73.8567,warm_humid,3.0,3.0,2.6,0.0,puf_sandwich_panel,0.05,brick,0.23,mineral_wool,0.1,south,0.9,0.9,0.75,3.5,31.564,34.345,0.5595,14.027
Pune,18.5204,73.8567,warm_humid,3.0,3.0,2.6,45.0,rammed_earth,0.45,rcc_slab,0.15,mineral_wool,0.025,north,1.2,1.2,0.85,5.8,32.386,35.789,0.3631,13.943
Pune,18.5204,73.8567,warm_humid,3.0,3.0,2.6,0.0,rammed_earth,0.3,gi_sheet,0.002,mineral_wool,0.025,south,1.8,0.6,0.35,2.6,32.516,35.745,0.2917,13.957
Pune,18.5204,73.8567,warm_humid,3.0,3.0,2.6,90.0,concrete,0.2,gi_sheet,0.002,eps,0.025,east,0.9,1.5,0.65,3.5,33.566,37.322,0.2143,13.963
Pune,18.5204,73.8567,warm_humid,3.0,3.0,2.6,90.0,brick,0.23,rcc_slab,0.15,eps,0.1,north,0.9,1.2,0.55,3.5,31.325,33.916,0.4821,13.957
Pune,18.5204,73.8567,warm_humid,3.0,3.0,2.6,90.0,concrete,0.15,gi_sheet,0.002,eps,0.05,west,1.2,0.6,0.35,5.8,32.175,35.162,0.375,13.974
Pune,18.5204,73.8567,warm_humid,3.0,3.0,2.6,0.0,rammed_earth,0.45,brick,0.115,mineral_wool,0.05,west,0.9,1.5,0.85,2.6,31.767,35.059,0.4107,13.944
Pune,18.5204,73.8567,warm_humid,3.0,3.0,2.6,90.0,brick,0.115,brick,0.23,eps,0.1,west,1.8,0.9,0.45,2.6,31.752,34.444,0.4583,13.974
Pune,18.5204,73.8567,warm_humid,3.0,3.0,2.6,90.0,gi_sheet,0.002,puf_sandwich_panel,0.15,mineral_wool,0.025,north,1.8,0.9,0.35,3.5,33.341,41.052,0.4464,14.171
Pune,18.5204,73.8567,warm_humid,3.0,3.0,2.6,0.0,concrete,0.2,gi_sheet,0.002,mineral_wool,0.025,south,0.9,0.6,0.45,5.8,33.14,36.725,0.256,13.962
Pune,18.5204,73.8567,warm_humid,3.0,3.0,2.6,135.0,plywood,0.019,puf_sandwich_panel,0.05,mineral_wool,0.05,north,1.8,1.5,0.85,2.6,35.048,43.899,0.381,14.185
Pune,18.5204,73.8567,warm_humid,3.0,3.0,2.6,45.0,rammed_earth,0.45,brick,0.115,none,0.0,west,0.6,1.5,0.65,5.8,34.524,38.969,0.2143,13.944
Pune,18.5204,73.8567,warm_humid,3.0,3.0,2.6,45.0,gi_sheet,0.002,concrete,0.2,mineral_wool,0.1,west,0.6,0.6,0.65,3.5,31.989,35.416,0.4583,14.018
Pune,18.5204,73.8567,warm_humid,3.0,3.0,2.6,0.0,rammed_earth,0.45,puf_sandwich_panel,0.15,none,0.0,north,1.8,1.2,0.55,3.5,32.15,35.279,0.3631,13.947
Pune,18.5204,73.8567,warm_humid,3.0,3.0,2.6,90.0,rammed_earth,0.15,brick,0.23,mineral_wool,0.05,east,1.2,0.6,0.45,3.5,31.972,34.826,0.369,13.968
Pune,18.5204,73.8567,warm_humid,3.0,3.0,2.6,90.0,concrete,0.3,brick,0.23,eps,0.025,east,1.2,0.9,0.65,2.6,32.486,35.844,0.3333,13.946
Pune,18.5204,73.8567,warm_humid,3.0,3.0,2.6,45.0,rammed_earth,0.15,puf_sandwich_panel,0.1,eps,0.05,west,1.5,0.6,0.45,5.8,31.849,34.811,0.4643,13.986
Pune,18.5204,73.8567,warm_humid,3.0,3.0,2.6,45.0,plywood,0.03,brick,0.115,eps,0.1,east,1.8,0.6,0.55,5.8,32.447,36.566,0.4048,14.066
Pune,18.5204,73.8567,warm_humid,3.0,3.0,2.6,0.0,plywood,0.012,rcc_slab,0.15,none,0.0,west,1.2,0.6,0.75,5.8,37.017,50.758,0.3512,14.045
Pune,18.5204,73.8567,warm_humid,3.0,3.0,2.6,90.0,brick,0.345,rcc_slab,0.25,eps,0.05,east,0.9,1.2,0.45,2.6,31.127,33.915,0.5238,13.945
Pune,18.5204,73.8567,warm_humid,3.0,3.0,2.6,0.0,concrete,0.2,concrete,0.15,eps,0.05,east,0.6,0.9,0.35,2.6,31.871,34.829,0.3988,13.956
Pune,18.5204,73.8567,warm_humid,3.0,3.0,2.6,135.0,gi_sheet,0.002,concrete,0.15,none,0.0,west,1.2,1.2,0.45,3.5,36.94,51.533,0.381,14.039
Pune,18.5204,73.8567,warm_humid,3.0,3.0,2.6,90.0,puf_sandwich_panel,0.1,puf_sandwich_panel,0.05,eps,0.05,north,0.6,1.5,0.75,3.5,31.93,36.471,0.5119,14.215
Pune,18.5204,73.8567,warm_humid,3.0,3.0,2.6,0.0,concrete,0.15,concrete,0.2,mineral_wool,0.05,east,0.6,0.9,0.35,3.5,32.105,35.129,0.3452,13.961
Pune,18.5204,73.8567,warm_humid,3.0,3.0,2.6,90.0,plywood,0.019,concrete,0.1,mineral_wool,0.025,west,1.2,1.2,0.85,5.8,34.438,41.658,0.3393,14.07
Pune,18.5204,73.8567,warm_humid,3.0,3.0,2.6,135.0,concrete,0.2,brick,0.115,eps,0.05,west,0.6,1.5,0.35,5.8,32.071,35.038,0.3512,13.958
Pune,18.5204,73.8567,warm_humid,3.0,3.0,2.6,0.0,rammed_earth,0.3,rcc_slab,0.1,none,0.0,west,0.9,0.9,0.55,5.8,35.907,41.296,0.1071,13.953
Pune,18.5204,73.8567,warm_humid,3.0,3.0,2.6,45.0,brick,0.115,rcc_slab,0.15,mineral_wool,0.1,west,0.6,0.6,0.35,5.8,31.341,33.914,0.5655,13.976
Pune,18.5204,73.8567,warm_humid,3.0,3.0,2.6,180.0,gi_sheet,0.002,concrete,0.1,eps,0.025,west,0.9,0.6,0.35,2.6,34.09,41.122,0.3512,14.065
Pune,18.5204,73.8567,warm_humid,3.0,3.0,2.6,135.0,rammed_earth,0.45,rcc_slab,0.15,mineral_wool,0.05,east,0.9,0.6,0.35,5.8,30.52,33.133,0.6845,13.943
Pune,18.5204,73.8567,warm_humid,3.0,3.0,2.6,90.0,brick,0.345,rcc_slab,0.25,eps,0.025,south,1.2,1.5,0.55,3.5,32.665,36.26,0.3274,13.946
Pune,18.5204,73.8567,warm_humid,3.0,3.0,2.6,135.0,brick,0.115,concrete,0.1,mineral_wool,0.05,east,1.2,0.6,0.85,2.6,33.073,36.716,0.2381,13.982
Pune,18.5204,73.8567,warm_humid,3.0,3.0,2.6,0.0,gi_sheet,0.002,gi_sheet,0.002,none,0.0,north,1.5,1.5,0.85,2.6,37.318,55.151,0.4524,13.408
Pune,18.5204,73.8567,warm_humid,3.0,3.0,2.6,180.0,gi_sheet,0.002,puf_sandwich_panel,0.05,mineral_wool,0.1,north,1.5,1.5,0.55,2.6,33.236,39.971,0.4345,14.159
Pune,18.5204,73.8567,warm_humid,3.0,3.0,2.6,90.0,rammed_earth,0.15,puf_sandwich_panel,0.1,mineral_wool,0.05,north,0.9,0.9,0.35,2.6,31.663,34.346,0.5,13.986
Pune,18.5204,73.8567,warm_humid,3.0,3.0,2.6,135.0,gi_sheet,0.002,concrete,0.2,mineral_wool,0.05,east,0.9,0.6,0.65,2.6,33.027,37.441,0.3452,14.02
Pune,18.5204,73.8567,warm_humid,3.0,3.0,2.6,45.0,puf_sandwich_panel,0.05,concrete,0.15,none,0.0,west,0.6,0.9,0.35,2.6,35.969,44.808,0.2679,14.049
Pune,18.5204,73.8567,warm_humid,3.0,3.0,2.6,180.0,gi_sheet,0.002,concrete,0.1,eps,0.025,north,1.2,1.2,0.75,3.5,34.742,42.651,0.3452,14.066
Pune,18.5204,73.8567,warm_humid,3.0,3.0,2.6,90.0,puf_sandwich_panel,0.075,concrete,0.2,eps,0.1,north,0.6,1.5,0.45,3.5,31.313,33.869,0.6071,14.027
Pune,18.5204,73.8567,warm_humid,3.0,3.0,2.6,135.0,rammed_earth,0.45,gi_sheet,0.002,mineral_wool,0.025,north,1.2,0.6,0.35,3.5,31.675,34.713,0.4167,13.946
Pune,18.5204,73.8567,warm_humid,3.0,3.0,2.6,0.0,gi_sheet,0.002,gi_sheet,0.002,none,0.0,west,0.9,1.5,0.85,3.5,37.311,55.385,0.4524,13.409
Pune,18.5204,73.8567,warm_humid,3.0,3.0,2.6,180.0,puf_sandwich_panel,0.1,puf_sandwich_panel,0.05,none,0.0,east,0.9,1.5,0.55,3.5,32.394,39.147,0.506,14.221
Pune,18.5204,73.8567,warm_humid,3.0,3.0,2.6,0.0,gi_sheet,0.002,puf_sandwich_panel,0.15,mineral_wool,0.025,west,0.6,0.9,0.85,3.5,33.522,42.325,0.4524,14.169
Pune,18.5204,73.8567,warm_humid,3.0,3.0,2.6,90.0,brick,0.115,puf_sandwich_panel,0.15,eps,0.025,east,0.9,0.6,0.55,3.5,32.697,36.291,0.3393,13.997
Pune,18.5204,73.8567,warm_humid,3.0,3.0,2.6,45.0,rammed_earth,0.45,concrete,0.2,mineral_wool,0.025,south,0.9,0.9,0.45,2.6,31.544,34.666,0.4405,13.942
Pune,18.5204,73.8567,warm_humid,3.0,3.0,2.6,180.0,concrete,0.1,puf_sandwich_panel,0.075,eps,0.025,east,1.2,0.6,0.45,3.5,33.096,37.116,0.2976,13.995
Pune,18.5204,73.8567,warm_humid,3.0,3.0,2.6,45.0,concrete,0.1,concrete,0.15,mineral_wool,0.05,east,1.2,0.9,0.85,5.8,33.382,37.025,0.2083,13.976
Pune,18.5204,73.8567,warm_humid,3.0,3.0,2.6,135.0,plywood,0.05,concrete,0.2,none,0.0,north,1.2,0.6,0.35,2.6,36.214,45.069,0.2679,14.016
Pune,18.5204,73.8567,warm_humid,3.0,3.0,2.6,135.0,rammed_earth,0.45,puf_sandwich_panel,0.1,eps,0.025,east,1.8,0.6,0.55,5.8,31.059,33.847,0.5298,13.946
Pune,18.5204,73.8567,warm_humid,3.0,3.0,2.6,0.0,concrete,0.2,brick,0.23,mineral_wool,0.1,west,1.5,0.9,0.35,3.5,31.32,34.129,0.4643,13.954
Pune,18.5204,73.8567,warm_humid,3.0,3.0,2.6,180.0,concrete,0.15,rcc_slab,0.25,mineral_wool,0.05,east,0.9,0.9,0.65,3.5,32.425,35.637,0.3036,13.958
Pune,18.5204,73.8567,warm_humid,3.0,3.0,2.6,90.0,puf_sandwich_panel,0.1,puf_sandwich_panel,0.05,mineral_wool,0.025,east,1.5,0.6,0.55,2.6,31.558,36.199,0.5595,14.213
Pune,18.5204,73.8567,warm_humid,3.0,3.0,2.6,90.0,rammed_earth,0.3,rcc_slab,0.1,mineral_wool,0.025,west,0.9,0.9,0.45,2.6,32.374,35.564,0.3155,13.953
Pune,18.5204,73.8567,warm_humid,3.0,3.0,2.6,135.0,puf_sandwich_panel,0.05,gi_sheet,0.002,eps,0.025,north,1.8,1.2,0.65,5.8,34.369,42.946,0.4226,14.209
Pune,18.5204,73.8567,warm_humid,3.0,3.0,2.6,135.0,rammed_earth,0.15,brick,0.23,mineral_wool,0.025,west,1.2,0.6,0.45,3.5,33.032,36.528,0.25,13.968
Pune,18.5204,73.8567,warm_humid,3.0,3.0,2.6,45.0,concrete,0.1,concrete,0.2,none,0.0,east,1.2,1.5,0.55,3.5,37.025,45.859,0.1905,13.973
Pune,18.5204,73.8567,warm_humid,3.0,3.0,2.6,180.0,gi_sheet,0.002,gi_sheet,0.002,none,0.0,south,1.5,0.9,0.65,2.6,37.093,54.625,0.4524,13.408
Pune,18.5204,73.8567,warm_humid,3.0,3.0,2.6,90.0,concrete,0.1,brick,0.23,eps,0.05,south,0.9,1.2,0.75,2.6,33.044,36.666,0.2619,13.973
Pune,18.5204,73.8567,warm_humid,3.0,3.0,2.6,45.0,brick,0.115,rcc_slab,0.1,mineral_wool,0.1,east,1.5,0.9,0.75,2.6,32.726,35.89,0.2857,13.982
Pune,18.5204,73.8567,warm_humid,3.0,3.0,2.6,135.0,puf_sandwich_panel,0.15,puf_sandwich_panel,0.15,eps,0.1,east,1.2,0.9,0.45,3.5,31.149,35.446,0.6071,14.198
Pune,18.5204,73.8567,warm_humid,3.0,3.0,2.6,135.0,gi_sheet,0.002,concrete,0.1,eps,0.025,east,0.9,1.5,0.75,2.6,34.859,43.318,0.3333,14.066
Pune,18.5204,73.8567,warm_humid,3.0,3.0,2.6,135.0,rammed_earth,0.45,concrete,0.15,eps,0.1,north,1.8,0.9,0.75,3.5,31.108,33.907,0.5179,13.944
Pune,18.5204,73.8567,warm_humid,3.0,3.0,2.6,45.0,rammed_earth,0.15,rcc_slab,0.15,mineral_wool,0.05,east,0.6,0.9,0.55,2.6,32.202,35.197,0.3393,13.97
Pune,18.5204,73.8567,warm_humid,3.0,3.0,2.6,180.0,rammed_earth,0.3,rcc_slab,0.15,none,0.0,south,1.8,0.9,0.65,3.5,35.664,40.769,0.1131,13.952
Pune,18.5204,73.8567,warm_humid,3.0,3.0,2.6,90.0,gi_sheet,0.002,puf_sandwich_panel,0.05,mineral_wool,0.025,north,1.2,0.9,0.55,5.8,33.597,41.634,0.4286,14.173
Pune,18.5204,73.8567,warm_humid,3.0,3.0,2.6,0.0,concrete,0.3,puf_sandwich_panel,0.15,none,0.0,west,1.5,1.2,0.35,2.6,33.914,37.996,0.1845,13.951
Pune,18.5204,73.8567,warm_humid,3.0,3.0,2.6,45.0,plywood,0.019,gi_sheet,0.002,none,0.0,south,0.6,1.2,0.55,5.8,37.359,55.032,0.4286,14.178
Pune,18.5204,73.8567,warm_humid,3.0,3.0,2.6,180.0,brick,0.345,concrete,0.1,eps,0.025,west,0.6,1.5,0.75,5.8,32.709,36.111,0.3036,13.948
Pune,18.5204,73.8567,warm_humid,3.0,3.0,2.6,0.0,rammed_earth,0.3,puf_sandwich_panel,0.15,mineral_wool,0.05,north,0.9,1.2,0.35,5.8,30.852,33.273,0.6607,13.957
Pune,18.5204,73.8567,warm_humid,3.0,3.0,2.6,90.0,puf_sandwich_panel,0.075,brick,0.23,eps,0.05,south,0.9,1.2,0.55,2.6,32.187,35.846,0.4345,14.03
Pune,18.5204,73.8567,warm_humid,3.0,3.0,2.6,90.0,concrete,0.15,concrete,0.15,mineral_wool,0.025,west,0.9,1.2,0.65,2.6,33.474,37.193,0.2143,13.964
Pune,18.5204,73.8567,warm_humid,3.0,3.0,2.6,180.0,concrete,0.15,puf_sandwich_panel,0.1,eps,0.05,north,0.6,1.2,0.75,5.8,32.144,35.013,0.375,13.974
Pune,18.5204,73.8567,warm_humid,3.0,3.0,2.6,180.0,gi_sheet,0.002,rcc_slab,0.1,mineral_wool,0.1,east,0.6,1.5,0.85,5.8,33.084,38.251,0.375,14.059
Pune,18.5204,73.8567,warm_humid,3.0,3.0,2.6,180.0,plywood,0.012,puf_sandwich_panel,0.05,eps,0.025,south,1.2,1.2,0.85,5.8,33.88,42.475,0.4286,14.207
Pune,18.5204,73.8567,warm_humid,3.0,3.0,2.6,45.0,gi_sheet,0.002,puf_sandwich_panel,0.075,mineral_wool,0.1,south,0.6,0.9,0.55,2.6,32.126,37.843,0.5,14.155
Pune,18.5204,73.8567,warm_humid,3.0,3.0,2.6,45.0,gi_sheet,0.002,puf_sandwich_panel,0.05,mineral_wool,0.1,east,0.6,1.5,0.35,2.6,32.186,37.679,0.494,14.157
Pune,18.5204,73.8567,warm_humid,3.0,3.0,2.6,0.0,concrete,0.3,concrete,0.1,eps,0.05,west,1.2,1.5,0.75,3.5,32.688,36.329,0.3155,13.948
Pune,18.5204,73.8567,warm_humid,3.0,3.0,2.6,180.0,puf_sandwich_panel,0.05,concrete,0.15,eps,0.05,north,0.6,0.6,0.45,5.8,31.656,34.868,0.5357,14.049
Pune,18.5204,73.8567,warm_humid,3.0,3.0,2.6,135.0,gi_sheet,0.002,rcc_slab,0.2,mineral_wool,0.1,south,1.5,0.6,0.75,5.8,32.523,36.297,0.381,14.018
Pune,18.5204,73.8567,warm_humid,3.0,3.0,2.6,180.0,concrete,0.2,gi_sheet,0.002,eps,0.025,north,0.9,0.9,0.75,5.8,33.452,37.128,0.244,13.962
Pune,18.5204,73.8567,warm_humid,3.0,3.0,2.6,45.0,rammed_earth,0.15,puf_sandwich_panel,0.075,eps,0.025,west,0.9,1.5,0.65,3.5,33.017,36.89,0.2917,13.987
Pune,18.5204,73.8567,warm_humid,3.0,3.0,2.6,0.0,gi_sheet,0.002,brick,0.115,mineral_wool,0.025,south,0.9,1.2,0.85,3.5,34.642,42.644,0.3393,14.067
Pune,18.5204,73.8567,warm_humid,3.0,3.0,2.6,135.0,puf_sandwich_panel,0.15,puf_sandwich_panel,0.15,eps,0.1,west,0.6,1.2,0.45,2.6,30.713,33.852,0.6726,14.198
Pune,18.5204,73.8567,warm_humid,3.0,3.0,2.6,90.0,brick,0.23,concrete,0.15,eps,0.05,south,1.5,1.2,0.45,2.6,32.425,35.711,0.3036,13.958
Pune,18.5204,73.8567,warm_humid,3.0,3.0,2.6,135.0,plywood,0.03,gi_sheet,0.002,none,0.0,east,1.5,1.5,0.75,2.6,37.913,56.668,0.4107,14.164
Pune,18.5204,73.8567,warm_humid,3.0,3.0,2.6,180.0,concrete,0.3,brick,0.115,eps,0.05,east,1.2,0.9,0.55,5.8,31.842,34.97,0.3988,13.948
Pune,18.5204,73.8567,warm_humid,3.0,3.0,2.6,180.0,plywood,0.019,brick,0.115,eps,0.1,north,0.6,0.9,0.35,2.6,31.917,35.644,0.4881,14.071
Pune,18.5204,73.8567,warm_humid,3.0,3.0,2.6,45.0,concrete,0.15,rcc_slab,0.1,eps,0.1,west,0.9,0.9,0.85,3.5,31.884,34.831,0.3869,13.967
Pune,18.5204,73.8567,warm_humid,3.0,3.0,2.6,135.0,gi_sheet,0.002,brick,0.115,eps,0.1,east,0.6,1.5,0.75,2.6,32.864,37.888,0.381,14.066
Pune,18.5204,73.8567,warm_humid,3.0,3.0,2.6,180.0,brick,0.23,rcc_slab,0.15,eps,0.1,south,1.2,1.2,0.55,3.5,31.321,33.917,0.4881,13.957
Pune,18.5204,73.8567,warm_humid,3.0,3.0,2.6,135.0,brick,0.115,rcc_slab,0.1,mineral_wool,0.05,east,1.2,0.9,0.35,5.8,32.755,36.218,0.2976,13.983
Pune,18.5204,73.8567,warm_humid,3.0,3.0,2.6,45.0,gi_sheet,0.002,puf_sandwich_panel,0.075,none,0.0,south,1.8,1.5,0.65,2.6,36.105,51.313,0.4405,13.962
Pune,18.5204,73.8567,warm_humid,3.0,3.0,2.6,180.0,concrete,0.3,rcc_slab,0.25,mineral_wool,0.025,north,1.2,1.5,0.65,2.6,32.918,36.463,0.2917,13.945
Pune,18.5204,73.8567,warm_humid,3.0,3.0,2.6,45.0,rammed_earth,0.15,concrete,0.2,eps,0.1,east,0.6,0.6,0.85,2.6,31.23,33.719,0.5595,13.967
Pune,18.5204,73.8567,warm_humid,3.0,3.0,2.6,45.0,gi_sheet,0.002,brick,0.23,mineral_wool,0.05,east,1.2,1.5,0.45,5.8,33.486,38.373,0.3214,14.023
Pune,18.5204,73.8567,warm_humid,3.0,3.0,2.6,135.0,rammed_earth,0.15,puf_sandwich_panel,0.1,eps,0.025,south,0.9,0.9,0.65,5.8,32.63,36.122,0.3333,13.986
Pune,18.5204,73.8567,warm_humid,3.0,3.0,2.6,0.0,puf_sandwich_panel,0.1,brick,0.115,eps,0.05,south,0.6,1.5,0.65,5.8,32.173,36.113,0.4643,14.08
Pune,18.5204,73.8567,warm_humid,3.0,3.0,2.6,0.0,plywood,0.05,brick,0.23,mineral_wool,0.025,north,1.2,1.5,0.55,5.8,33.644,38.553,0.2976,14.018
Pune,18.5204,73.8567,warm_humid,3.0,3.0,2.6,45.0,rammed_earth,0.3,gi_sheet,0.002,none,0.0,north,1.2,1.2,0.55,5.8,36.359,42.369,0.0952,13.957
Pune,18.5204,73.8567,warm_humid,3.0,3.0,2.6,0.0,gi_sheet,0.002,brick,0.23,mineral_wool,0.1,south,1.8,1.5,0.55,3.5,33.406,38.106,0.3214,14.021
Pune,18.5204,73.8567,warm_humid,3.0,3.0,2.6,135.0,puf_sandwich_panel,0.05,concrete,0.2,eps,0.025,north,1.5,1.2,0.35,3.5,33.044,37.267,0.3512,14.028
Pune,18.5204,73.8567,warm_humid,3.0,3.0,2.6,180.0,gi_sheet,0.002,concrete,0.2,eps,0.025,north,0.6,0.6,0.85,3.5,33.969,39.57,0.3036,14.021
Pune,18.5204,73.8567,warm_humid,3.0,3.0,2.6,135.0,puf_sandwich_panel,0.1,rcc_slab,0.2,eps,0.05,east,1.2,0.9,0.65,5.8,32.287,35.907,0.4286,14.027
Pune,18.5204,73.8567,warm_humid,3.0,3.0,2.6,0.0,plywood,0.019,concrete,0.2,eps,0.1,south,0.9,0.9,0.75,5.8,32.258,35.734,0.4167,14.023
Pune,18.5204,73.8567,warm_humid,3.0,3.0,2.6,45.0,puf_sandwich_panel,0.1,concrete,0.2,eps,0.1,west,1.2,0.9,0.45,5.8,31.281,34.041,0.6131,14.026
Pune,18.5204,73.8567,warm_humid,3.0,3.0,2.6,135.0,rammed_earth,0.45,rcc_slab,0.25,eps,0.1,south,1.5,1.2,0.45,3.5,30.404,33.01,0.7262,13.942
Pune,18.5204,73.8567,warm_humid,3.0,3.0,2.6,135.0,brick,0.115,rcc_slab,0.15,eps,0.1,north,1.2,0.9,0.45,3.5,31.916,34.644,0.4167,13.977
Pune,18.5204,73.8567,warm_humid,3.0,3.0,2.6,180.0,plywood,0.012,gi_sheet,0.002,eps,0.05,east,1.8,1.2,0.85,2.6,35.115,46.851,0.3869,14.191
Pune,18.5204,73.8567,warm_humid,3.0,3.0,2.6,135.0,plywood,0.019,concrete,0.2,mineral_wool,0.025,south,1.5,0.9,0.65,3.5,34.276,40.329,0.2679,14.023
Pune,18.5204,73.8567,warm_humid,3.0,3.0,2.6,180.0,concrete,0.1,puf_sandwich_panel,0.1,eps,0.1,west,0.9,1.2,0.75,2.6,32.472,35.486,0.369,13.995
Pune,18.5204,73.8567,warm_humid,3.0,3.0,2.6,0.0,brick,0.345,brick,0.23,eps,0.1,south,1.5,0.6,0.75,5.8,30.654,33.22,0.6369,13.946
Pune,18.5204,73.8567,warm_humid,3.0,3.0,2.6,90.0,rammed_earth,0.15,gi_sheet,0.002,mineral_wool,0.1,west,1.2,1.5,0.45,2.6,31.773,34.555,0.4821,13.986
Pune,18.5204,73.8567,warm_humid,3.0,3.0,2.6,135.0,rammed_earth,0.3,rcc_slab,0.15,eps,0.025,east,1.8,1.2,0.55,5.8,33.286,37.036,0.256,13.953
Pune,18.5204,73.8567,warm_humid,3.0,3.0,2.6,45.0,concrete,0.2,gi_sheet,0.002,mineral_wool,0.025,north,1.5,1.2,0.35,3.5,33.449,37.222,0.2143,13.963
Pune,18.5204,73.8567,warm_humid,3.0,3.0,2.6,180.0,gi_sheet,0.002,concrete,0.2,mineral_wool,0.1,east,1.5,1.2,0.65,5.8,33.411,38.212,0.3036,14.018
Pune,18.5204,73.8567,warm_humid,3.0,3.0,2.6,135.0,rammed_earth,0.15,rcc_slab,0.2,mineral_wool,0.1,east,1.5,0.6,0.45,2.6,31.384,34.001,0.5298,13.967
Pune,18.5204,73.8567,warm_humid,3.0,3.0,2.6,90.0,gi_sheet,0.002,brick,0.23,mineral_wool,0.05,north,0.6,1.5,0.65,3.5,33.159,37.523,0.3333,14.022
Pune,18.5204,73.8567,warm_humid,3.0,3.0,2.6,45.0,puf_sandwich_panel,0.15,puf_sandwich_panel,0.075,none,0.0,west,1.2,0.9,0.85,5.8,32.125,38.017,0.5119,14.212
Pune,18.5204,73.8567,warm_humid,3.0,3.0,2.6,45.0,puf_sandwich_panel,0.075,puf_sandwich_panel,0.15,eps,0.05,north,1.8,1.2,0.85,3.5,33.284,39.495,0.4286,14.215
Pune,18.5204,73.8567,warm_humid,3.0,3.0,2.6,0.0,gi_sheet,0.002,brick,0.23,mineral_wool,0.025,south,1.8,1.5,0.55,3.5,34.638,41.353,0.2857,14.024
Pune,18.5204,73.8567,warm_humid,3.0,3.0,2.6,180.0,gi_sheet,0.002,brick,0.23,eps,0.05,east,1.5,0.9,0.85,3.5,34.055,39.758,0.2679,14.024
Pune,18.5204,73.8567,warm_humid,3.0,3.0,2.6,45.0,gi_sheet,0.002,gi_sheet,0.002,eps,0.025,south,0.9,0.6,0.55,3.5,34.219,44.172,0.4286,14.165
Pune,18.5204,73.8567,warm_humid,3.0,3.0,2.6,0.0,brick,0.23,gi_sheet,0.002,eps,0.05,south,1.2,0.6,0.55,3.5,32.035,34.963,0.3571,13.964
Pune,18.5204,73.8567,warm_humid,3.0,3.0,2.6,0.0,gi_sheet,0.002,rcc_slab,0.1,mineral_wool,0.025,north,0.6,0.6,0.65,2.6,34.076,41.368,0.369,14.064
Pune,18.5204,73.8567,warm_humid,3.0,3.0,2.6,45.0,plywood,0.019,brick,0.23,mineral_wool,0.1,south,1.2,1.2,0.65,3.5,32.832,37.082,0.3571,14.023
Pune,18.5204,73.8567,warm_humid,3.0,3.0,2.6,45.0,puf_sandwich_panel,0.15,rcc_slab,0.2,eps,0.1,north,1.2,1.5,0.85,3.5,32.703,36.03,0.3333,14.025
Pune,18.5204,73.8567,warm_humid,3.0,3.0,2.6,90.0,plywood,0.012,concrete,0.1,mineral_wool,0.025,north,1.8,1.5,0.85,3.5,35.995,44.765,0.3036,14.074
Pune,18.5204,73.8567,warm_humid,3.0,3.0,2.6,180.0,rammed_earth,0.15,gi_sheet,0.002,eps,0.05,south,1.2,1.2,0.55,3.5,32.625,35.938,0.3274,13.986
Pune,18.5204,73.8567,warm_humid,3.0,3.0,2.6,90.0,plywood,0.012,concrete,0.15,eps,0.1,east,0.6,1.2,0.35,2.6,31.831,35.247,0.494,14.044
Pune,18.5204,73.8567,warm_humid,3.0,3.0,2.6,45.0,brick,0.345,concrete,0.15,eps,0.025,east,1.8,1.5,0.75,2.6,33.949,37.85,0.2202,13.949
Pune,18.5204,73.8567,warm_humid,3.0,3.0,2.6,90.0,plywood,0.05,rcc_slab,0.2,eps,0.025,north,0.6,1.5,0.35,3.5,33.392,37.974,0.3095,14.016
Pune,18.5204,73.8567,warm_humid,3.0,3.0,2.6,180.0,plywood,0.019,concrete,0.1,mineral_wool,0.05,north,1.5,1.5,0.65,2.6,34.057,40.311,0.3512,14.068
Pune,18.5204,73.8567,warm_humid,3.0,3.0,2.6,45.0,concrete,0.1,gi_sheet,0.002,mineral_wool,0.05,south,1.5,1.2,0.75,3.5,33.994,38.845,0.1845,13.995
Pune,18.5204,73.8567,warm_humid,3.0,3.0,2.6,0.0,rammed_earth,0.45,rcc_slab,0.25,mineral_wool,0.025,north,1.2,0.9,0.65,3.5,31.542,34.63,0.4405,13.942
Pune,18.5204,73.8567,warm_humid,3.0,3.0,2.6,90.0,gi_sheet,0.002,brick,0.23,eps,0.05,north,0.9,0.9,0.45,2.6,32.881,37.116,0.3631,14.024
Pune,18.5204,73.8567,warm_humid,3.0,3.0,2.6,180.0,rammed_earth,0.15,gi_sheet,0.002,eps,0.025,north,1.8,0.6,0.65,5.8,33.67,37.864,0.2083,13.986
Pune,18.5204,73.8567,warm_humid,3.0,3.0,2.6,180.0,brick,0.345,gi_sheet,0.002,none,0.0,south,1.5,0.6,0.75,2.6,36.127,41.545,0.1071,13.951
Pune,18.5204,73.8567,warm_humid,3.0,3.0,2.6,0.0,rammed_earth,0.3,concrete,0.1,none,0.0,west,0.6,0.6,0.45,5.8,35.74,40.979,0.1131,13.953
Pune,18.5204,73.8567,warm_humid,3.0,3.0,2.6,0.0,plywood,0.03,concrete,0.15,eps,0.1,north,1.2,1.5,0.55,5.8,32.409,36.283,0.4167,14.038
Pune,18.5204,73.8567,warm_humid,3.0,3.0,2.6,135.0,brick,0.115,rcc_slab,0.2,mineral_wool,0.025,south,0.9,1.2,0.85,2.6,34.113,38.432,0.1607,13.973
Pune,18.5204,73.8567,warm_humid,3.0,3.0,2.6,45.0,gi_sheet,0.002,rcc_slab,0.25,eps,0.05,south,1.2,0.9,0.35,3.5,32.943,37.249,0.3452,14.008
Pune,18.5204,73.8567,warm_humid,3.0,3.0,2.6,135.0,plywood,0.05,rcc_slab,0.1,none,0.0,east,0.9,1.2,0.65,2.6,37.219,50.094,0.3095,14.056
Pune,18.5204,73.8567,warm_humid,3.0,3.0,2.6,90.0,concrete,0.15,rcc_slab,0.1,none,0.0,south,0.6,1.2,0.65,2.6,36.946,45.017,0.1369,13.967
Pune,18.5204,73.8567,warm_humid,3.0,3.0,2.6,135.0,plywood,0.019,gi_sheet,0.002,mineral_wool,0.1,south,1.8,0.9,0.55,3.5,32.85,39.457,0.4464,14.161
Pune,18.5204,73.8567,warm_humid,3.0,3.0,2.6,90.0,rammed_earth,0.45,rcc_slab,0.1,mineral_wool,0.025,east,0.9,1.5,0.75,5.8,32.25,35.564,0.3631,13.944
Pune,18.5204,73.8567,warm_humid,3.0,3.0,2.6,45.0,plywood,0.019,puf_sandwich_panel,0.05,eps,0.1,east,0.6,1.5,0.65,3.5,32.39,37.892,0.4762,14.187
Pune,18.5204,73.8567,warm_humid,3.0,3.0,2.6,135.0,brick,0.345,rcc_slab,0.1,mineral_wool,0.025,north,1.8,0.9,0.35,3.5,32.611,35.97,0.3036,13.949
Pune,18.5204,73.8567,warm_humid,3.0,3.0,2.6,90.0,gi_sheet,0.002,brick,0.115,mineral_wool,0.025,south,1.5,0.6,0.75,2.6,34.43,42.356,0.3571,14.067
Pune,18.5204,73.8567,warm_humid,3.0,3.0,2.6,180.0,concrete,0.3,concrete,0.1,mineral_wool,0.1,east,1.8,0.9,0.75,5.8,31.789,34.988,0.4107,13.948
Pune,18.5204,73.8567,warm_humid,3.0,3.0,2.6,45.0,brick,0.115,gi_sheet,0.002,mineral_wool,0.1,south,1.5,0.9,0.55,2.6,32.436,35.876,0.3631,13.995
Pune,18.5204,73.8567,warm_humid,3.0,3.0,2.6,90.0,rammed_earth,0.45,gi_sheet,0.002,mineral_wool,0.1,east,1.2,1.5,0.65,5.8,30.988,33.664,0.5357,13.946
Pune,18.5204,73.8567,warm_humid,3.0,3.0,2.6,90.0,rammed_earth,0.15,puf_sandwich_panel,0.1,mineral_wool,0.025,south,0.9,1.2,0.35,2.6,32.424,35.818,0.381,13.986
Pune,18.5204,73.8567,warm_humid,3.0,3.0,2.6,180.0,plywood,0.019,concrete,0.2,none,0.0,west,0.6,0.9,0.75,3.5,36.628,47.749,0.3036,14.024
Pune,18.5204,73.8567,warm_humid,3.0,3.0,2.6,180.0,plywood,0.03,puf_sandwich_panel,0.1,eps,0.025,east,0.6,0.9,0.45,2.6,32.817,39.639,0.4643,14.173
Pune,18.5204,73.8567,warm_humid,3.0,3.0,2.6,90.0,concrete,0.2,concrete,0.15,eps,0.05,north,0.6,1.2,0.45,5.8,31.925,34.838,0.381,13.956
Pune,18.5204,73.8567,warm_humid,3.0,3.0,2.6,90.0,brick,0.115,brick,0.115,mineral_wool,0.025,north,0.6,1.5,0.35,5.8,33.698,37.841,0.1964,13.983
Pune,18.5204,73.8567,warm_humid,3.0,3.0,2.6,90.0,rammed_earth,0.15,rcc_slab,0.15,eps,0.1,east,0.9,0.9,0.35,3.5,31.169,33.586,0.5893,13.971
Pune,18.5204,73.8567,warm_humid,3.0,3.0,2.6,0.0,concrete,0.2,brick,0.115,eps,0.05,south,1.5,1.5,0.35,2.6,32.545,35.771,0.2857,13.959
Pune,18.5204,73.8567,warm_humid,3.0,3.0,2.6,45.0,concrete,0.1,concrete,0.1,mineral_wool,0.1,south,0.9,1.5,0.45,5.8,32.231,35.419,0.381,13.981
Pune,18.5204,73.8567,warm_humid,3.0,3.0,2.6,45.0,brick,0.345,gi_sheet,0.002,mineral_wool,0.05,east,1.5,1.5,0.45,5.8,32.246,35.341,0.3393,13.952
Pune,18.5204,73.8567,warm_humid,3.0,3.0,2.6,90.0,puf_sandwich_panel,0.1,brick,0.23,mineral_wool,0.05,east,0.9,1.5,0.85,5.8,32.666,36.234,0.3571,14.028
Pune,18.5204,73.8567,warm_humid,3.0,3.0,2.6,0.0,plywood,0.03,gi_sheet,0.002,eps,0.1,east,0.9,1.2,0.35,2.6,32.202,37.397,0.4762,14.159
Pune,18.5204,73.8567,warm_humid,3.0,3.0,2.6,0.0,plywood,0.03,concrete,0.2,eps,0.05,south,1.8,1.2,0.75,2.6,33.947,38.913,0.2738,14.021
Pune,18.5204,73.8567,warm_humid,3.0,3.0,2.6,180.0,brick,0.23,puf_sandwich_panel,0.15,eps,0.05,east,1.8,0.9,0.75,2.6,32.612,36.0,0.2798,13.965
Pune,18.5204,73.8567,warm_humid,3.0,3.0,2.6,180.0,rammed_earth,0.45,puf_sandwich_panel,0.075,eps,0.1,south,0.9,1.2,0.55,3.5,29.993,32.226,0.9464,13.946
Pune,18.5204,73.8567,warm_humid,3.0,3.0,2.6,0.0,rammed_earth,0.3,rcc_slab,0.25,eps,0.1,south,1.8,0.9,0.75,2.6,31.409,34.213,0.4405,13.949
Pune,18.5204,73.8567,warm_humid,3.0,3.0,2.6,0.0,concrete,0.15,concrete,0.15,none,0.0,west,1.8,1.5,0.35,2.6,36.701,44.46,0.1369,13.966
Pune,18.5204,73.8567,warm_humid,3.0,3.0,2.6,180.0,rammed_earth,0.15,brick,0.115,none,0.0,east,0.9,0.9,0.35,3.5,36.019,43.02,0.1488,13.976
Pune,18.5204,73.8567,warm_humid,3.0,3.0,2.6,45.0,rammed_earth,0.45,brick,0.115,eps,0.1,north,0.6,0.6,0.75,2.6,29.863,32.127,0.9464,13.944
Pune,18.5204,73.8567,warm_humid,3.0,3.0,2.6,45.0,gi_sheet,0.002,gi_sheet,0.002,eps,0.05,south,1.2,1.2,0.35,5.8,33.393,41.683,0.4345,14.165
Pune,18.5204,73.8567,warm_humid,3.0,3.0,2.6,90.0,puf_sandwich_panel,0.1,brick,0.23,mineral_wool,0.025,east,0.9,0.6,0.55,2.6,32.128,35.466,0.4464,14.029
Pune,18.5204,73.8567,warm_humid,3.0,3.0,2.6,90.0,brick,0.23,brick,0.23,mineral_wool,0.05,west,1.5,1.2,0.65,2.6,32.251,35.298,0.3214,13.956
Pune,18.5204,73.8567,warm_humid,3.0,3.0,2.6,180.0,brick,0.23,brick,0.23,eps,0.1,south,1.8,0.9,0.35,5.8,31.084,33.603,0.5655,13.956
Pune,18.5204,73.8567,warm_humid,3.0,3.0,2.6,0.0,concrete,0.1,concrete,0.2,eps,0.1,south,1.2,1.2,0.75,5.8,32.536,35.683,0.2917,13.972
Pune,18.5204,73.8567,warm_humid,3.0,3.0,2.6,0.0,gi_sheet,0.002,brick,0.23,mineral_wool,0.1,north,0.9,1.2,0.75,2.6,32.539,36.403,0.3929,14.02
Pune,18.5204,73.8567,warm_humid,3.0,3.0,2.6,135.0,concrete,0.1,concrete,0.15,eps,0.05,south,1.5,1.2,0.35,5.8,32.904,36.463,0.2679,13.977
Pune,18.5204,73.8567,warm_humid,3.0,3.0,2.6,0.0,rammed_earth,0.45,rcc_slab,0.25,eps,0.1,north,0.6,0.9,0.35,5.8,29.556,31.725,1.0,13.941
Pune,18.5204,73.8567,warm_humid,3.0,3.0,2.6,45.0,rammed_earth,0.3,concrete,0.2,mineral_wool,0.025,east,1.2,0.9,0.35,3.5,32.355,35.587,0.3214,13.95
Pune,18.5204,73.8567,warm_humid,3.0,3.0,2.6,45.0,puf_sandwich_panel,0.15,puf_sandwich_panel,0.15,mineral_wool,0.05,east,1.2,1.2,0.45,2.6,31.53,35.584,0.5476,14.194
Pune,18.5204,73.8567,warm_humid,3.0,3.0,2.6,45.0,brick,0.115,gi_sheet,0.002,mineral_wool,0.1,west,1.8,0.6,0.45,3.5,31.985,35.08,0.4583,13.995
Pune,18.5204,73.8567,warm_humid,3.0,3.0,2.6,135.0,puf_sandwich_panel,0.15,rcc_slab,0.2,none,0.0,west,1.8,0.9,0.45,5.8,35.732,42.852,0.2024,14.026
Pune,18.5204,73.8567,warm_humid,3.0,3.0,2.6,0.0,rammed_earth,0.45,gi_sheet,0.002,mineral_wool,0.025,east,1.8,0.6,0.45,5.8,31.925,35.051,0.3869,13.946
Pune,18.5204,73.8567,warm_humid,3.0,3.0,2.6,135.0,rammed_earth,0.45,brick,0.115,eps,0.05,west,1.5,1.2,0.85,5.8,31.987,35.159,0.381,13.945
Pune,18.5204,73.8567,warm_humid,3.0,3.0,2.6,0.0,puf_sandwich_panel,0.15,rcc_slab,0.2,eps,0.1,south,0.6,0.6,0.75,3.5,30.78,32.978,0.756,14.025
Pune,18.5204,73.8567,warm_humid,3.0,3.0,2.6,180.0,gi_sheet,0.002,brick,0.23,mineral_wool,0.05,east,0.6,1.5,0.45,3.5,33.124,37.712,0.3452,14.022
Pune,18.5204,73.8567,warm_humid,3.0,3.0,2.6,90.0,puf_sandwich_panel,0.15,gi_sheet,0.002,eps,0.1,north,1.8,1.5,0.55,5.8,33.302,39.324,0.4226,14.19
Pune,18.5204,73.8567,warm_humid,3.0,3.0,2.6,45.0,brick,0.345,concrete,0.15,mineral_wool,0.05,west,1.2,0.9,0.75,3.5,31.674,34.766,0.4167,13.947
Pune,18.5204,73.8567,warm_humid,3.0,3.0,2.6,180.0,brick,0.345,concrete,0.1,none,0.0,north,0.6,1.2,0.85,5.8,35.88,40.983,0.125,13.948
Pune,18.5204,73.8567,warm_humid,3.0,3.0,2.6,180.0,gi_sheet,0.002,puf_sandwich_panel,0.1,eps,0.05,north,1.8,0.9,0.85,3.5,33.767,41.567,0.4286,14.175
Pune,18.5204,73.8567,warm_humid,3.0,3.0,2.6,45.0,plywood,0.012,rcc_slab,0.1,eps,0.1,north,1.8,1.5,0.65,3.5,33.791,39.399,0.3274,14.073
Pune,18.5204,73.8567,warm_humid,3.0,3.0,2.6,45.0,brick,0.345,rcc_slab,0.1,eps,0.1,north,1.5,1.5,0.85,5.8,32.222,35.353,0.3631,13.949
Pune,18.5204,73.8567,warm_humid,3.0,3.0,2.6,0.0,puf_sandwich_panel,0.15,gi_sheet,0.002,eps,0.05,north,0.9,1.2,0.85,3.5,32.271,37.556,0.494,14.193
Pune,18.5204,73.8567,warm_humid,3.0,3.0,2.6,180.0,puf_sandwich_panel,0.05,puf_sandwich_panel,0.15,none,0.0,north,1.2,0.6,0.75,5.8,31.853,37.097,0.5417,14.224
Pune,18.5204,73.8567,warm_humid,3.0,3.0,2.6,90.0,concrete,0.1,brick,0.23,mineral_wool,0.1,south,1.2,1.5,0.45,5.8,32.254,35.429,0.3333,13.972
Pune,18.5204,73.8567,warm_humid,3.0,3.0,2.6,180.0,puf_sandwich_panel,0.075,gi_sheet,0.002,eps,0.05,south,1.8,1.5,0.55,5.8,32.948,39.683,0.4643,14.204
Pune,18.5204,73.8567,warm_humid,3.0,3.0,2.6,135.0,puf_sandwich_panel,0.15,gi_sheet,0.002,eps,0.025,east,1.8,0.6,0.45,2.6,32.865,39.879,0.4643,14.196
Pune,18.5204,73.8567,warm_humid,3.0,3.0,2.6,90.0,gi_sheet,0.002,puf_sandwich_panel,0.15,eps,0.1,north,1.5,0.9,0.45,2.6,32.371,37.809,0.4762,14.169
Pune,18.5204,73.8567,warm_humid,3.0,3.0,2.6,180.0,rammed_earth,0.15,puf_sandwich_panel,0.15,mineral_wool,0.05,south,1.8,0.6,0.55,5.8,31.849,34.652,0.4524,13.986
Pune,18.5204,73.8567,warm_humid,3.0,3.0,2.6,90.0,concrete,0.2,brick,0.23,mineral_wool,0.025,north,0.9,1.2,0.65,3.5,33.219,36.743,0.256,13.954
Pune,18.5204,73.8567,warm_humid,3.0,3.0,2.6,0.0,plywood,0.019,brick,0.115,eps,0.05,north,1.5,1.2,0.75,5.8,33.698,39.786,0.3631,14.073
Pune,18.5204,73.8567,warm_humid,3.0,3.0,2.6,0.0,plywood,0.019,brick,0.115,mineral_wool,0.05,west,0.9,0.6,0.55,2.6,33.025,38.523,0.381,14.07
Pune,18.5204,73.8567,warm_humid,3.0,3.0,2.6,45.0,concrete,0.3,brick,0.23,mineral_wool,0.025,east,1.2,1.5,0.75,2.6,33.29,36.975,0.2619,13.946
Pune,18.5204,73.8567,warm_humid,3.0,3.0,2.6,0.0,brick,0.345,puf_sandwich_panel,0.15,mineral_wool,0.025,west,1.2,0.6,0.55,5.8,31.374,34.204,0.4464,13.951
Pune,18.5204,73.8567,warm_humid,3.0,3.0,2.6,0.0,plywood,0.012,puf_sandwich_panel,0.15,mineral_wool,0.025,east,0.9,1.2,0.45,5.8,33.366,41.326,0.4524,14.198
Pune,18.5204,73.8567,warm_humid,3.0,3.0,2.6,45.0,brick,0.115,brick,0.23,eps,0.1,north,0.9,1.2,0.35,2.6,31.627,34.305,0.4881,13.974
Pune,18.5204,73.8567,warm_humid,3.0,3.0,2.6,45.0,puf_sandwich_panel,0.1,gi_sheet,0.002,eps,0.1,east,1.2,0.6,0.75,3.5,31.727,36.02,0.5238,14.195
Pune,18.5204,73.8567,warm_humid,3.0,3.0,2.6,0.0,concrete,0.15,rcc_slab,0.1,none,0.0,north,1.2,1.5,0.35,5.8,36.833,44.905,0.1429,13.968
Pune,18.5204,73.8567,warm_humid,3.0,3.0,2.6,45.0,brick,0.345,rcc_slab,0.1,none,0.0,east,1.8,1.5,0.55,5.8,36.444,41.881,0.1012,13.95
Pune,18.5204,73.8567,warm_humid,3.0,3.0,2.6,180.0,puf_sandwich_panel,0.075,gi_sheet,0.002,mineral_wool,0.1,east,1.8,0.9,0.85,3.5,33.33,41.312,0.4226,14.181
Pune,18.5204,73.8567,warm_humid,3.0,3.0,2.6,0.0,brick,0.345,brick,0.23,mineral_wool,0.025,north,0.9,1.2,0.65,2.6,32.136,35.358,0.3631,13.946
Pune,18.5204,73.8567,warm_humid,3.0,3.0,2.6,180.0,puf_sandwich_panel,0.15,puf_sandwich_panel,0.15,eps,0.05,west,1.8,0.9,0.55,3.5,32.024,36.535,0.4821,14.204
Pune,18.5204,73.8567,warm_humid,3.0,3.0,2.6,45.0,concrete,0.1,rcc_slab,0.2,mineral_wool,0.025,west,1.2,0.6,0.65,5.8,33.779,37.94,0.1845,13.972
Pune,18.5204,73.8567,warm_humid,3.0,3.0,2.6,90.0,brick,0.345,rcc_slab,0.25,mineral_wool,0.05,east,1.5,0.6,0.65,3.5,31.198,34.026,0.5,13.945
Pune,18.5204,73.8567,warm_humid,3.0,3.0,2.6,180.0,plywood,0.05,gi_sheet,0.002,eps,0.025,south,1.8,1.5,0.45,2.6,34.065,42.497,0.4107,14.141
Pune,18.5204,73.8567,warm_humid,3.0,3.0,2.6,45.0,brick,0.23,concrete,0.15,eps,0.1,south,0.6,0.6,0.65,2.6,30.817,33.298,0.6548,13.956
Pune,18.5204,73.8567,warm_humid,3.0,3.0,2.6,180.0,rammed_earth,0.45,gi_sheet,0.002,mineral_wool,0.025,east,0.6,0.6,0.75,2.6,31.646,34.719,0.4226,13.945
Pune,18.5204,73.8567,warm_humid,3.0,3.0,2.6,0.0,rammed_earth,0.15,brick,0.23,mineral_wool,0.025,south,1.8,1.2,0.85,3.5,34.275,38.451,0.1548,13.969
Pune,18.5204,73.8567,warm_humid,3.0,3.0,2.6,0.0,brick,0.23,concrete,0.1,mineral_wool,0.05,west,1.8,1.2,0.85,3.5,33.803,37.947,0.2321,13.96
Pune,18.5204,73.8567,warm_humid,3.0,3.0,2.6,135.0,concrete,0.3,concrete,0.15,eps,0.05,west,0.9,1.5,0.85,3.5,32.164,35.351,0.3631,13.947
Pune,18.5204,73.8567,warm_humid,3.0,3.0,2.6,90.0,rammed_earth,0.45,gi_sheet,0.002,eps,0.025,north,0.9,0.9,0.85,3.5,32.111,35.315,0.3631,13.946
Pune,18.5204,73.8567,warm_humid,3.0,3.0,2.6,45.0,plywood,0.012,concrete,0.15,eps,0.1,north,1.5,1.2,0.85,2.6,33.521,38.203,0.3036,14.044
Pune,18.5204,73.8567,warm_humid,3.0,3.0,2.6,90.0,gi_sheet,0.002,concrete,0.1,mineral_wool,0.025,north,1.5,0.6,0.35,5.8,34.029,41.07,0.3631,14.064
Pune,18.5204,73.8567,warm_humid,3.0,3.0,2.6,45.0,concrete,0.15,gi_sheet,0.002,mineral_wool,0.025,south,0.9,1.5,0.45,5.8,33.836,38.157,0.1845,13.974
Pune,18.5204,73.8567,warm_humid,3.0,3.0,2.6,0.0,plywood,0.012,puf_sandwich_panel,0.15,mineral_wool,0.1,east,0.9,1.5,0.45,3.5,32.458,38.152,0.4702,14.179
Pune,18.5204,73.8567,warm_humid,3.0,3.0,2.6,180.0,gi_sheet,0.002,gi_sheet,0.002,mineral_wool,0.1,east,0.6,0.6,0.55,5.8,32.32,37.608,0.4643,14.146
Pune,18.5204,73.8567,warm_humid,3.0,3.0,2.6,135.0,concrete,0.2,brick,0.23,eps,0.1,west,1.5,0.9,0.55,2.6,31.493,34.2,0.4286,13.955
Pune,18.5204,73.8567,warm_humid,3.0,3.0,2.6,180.0,gi_sheet,0.002,rcc_slab,0.1,mineral_wool,0.05,east,1.8,0.6,0.85,5.8,33.991,40.666,0.3452,14.063
Pune,18.5204,73.8567,warm_humid,3.0,3.0,2.6,45.0,concrete,0.1,gi_sheet,0.002,mineral_wool,0.025,east,1.2,0.9,0.45,5.8,34.055,38.967,0.2202,13.994
Pune,18.5204,73.8567,warm_humid,3.0,3.0,2.6,0.0,gi_sheet,0.002,puf_sandwich_panel,0.075,eps,0.025,east,1.5,0.9,0.85,2.6,34.328,43.372,0.4226,14.177
Pune,18.5204,73.8567,warm_humid,3.0,3.0,2.6,0.0,plywood,0.05,puf_sandwich_panel,0.1,mineral_wool,0.1,east,1.2,1.2,0.45,2.6,32.181,36.716,0.4583,14.131
Pune,18.5204,73.8567,warm_humid,3.0,3.0,2.6,90.0,concrete,0.15,brick,0.115,mineral_wool,0.1,north,1.2,0.9,0.45,5.8,31.669,34.311,0.4524,13.967
Pune,18.5204,73.8567,warm_humid,3.0,3.0,2.6,45.0,brick,0.115,gi_sheet,0.002,mineral_wool,0.05,north,1.2,0.9,0.45,5.8,32.866,36.542,0.3095,13.996
Pune,18.5204,73.8567,warm_humid,3.0,3.0,2.6,0.0,brick,0.115,rcc_slab,0.25,eps,0.05,north,0.6,1.2,0.45,5.8,32.296,35.378,0.3274,13.969
Pune,18.5204,73.8567,warm_humid,3.0,3.0,2.6,90.0,rammed_earth,0.3,gi_sheet,0.002,eps,0.1,north,1.2,0.9,0.55,3.5,31.12,33.617,0.5536,13.957
Pune,18.5204,73.8567,warm_humid,3.0,3.0,2.6,45.0,puf_sandwich_panel,0.05,brick,0.115,mineral_wool,0.025,east,0.6,0.9,0.35,5.8,32.704,37.467,0.4107,14.082
Pune,18.5204,73.8567,warm_humid,3.0,3.0,2.6,180.0,brick,0.345,rcc_slab,0.1,none,0.0,east,1.5,0.9,0.55,2.6,35.99,41.261,0.1131,13.949
Pune,18.5204,73.8567,warm_humid,3.0,3.0,2.6,45.0,concrete,0.1,gi_sheet,0.002,mineral_wool,0.025,east,0.9,0.6,0.65,3.5,33.971,38.753,0.2202,13.993
Pune,18.5204,73.8567,warm_humid,3.0,3.0,2.6,180.0,puf_sandwich_panel,0.1,concrete,0.1,mineral_wool,0.1,south,0.9,0.9,0.45,3.5,31.091,33.912,0.6548,14.07
Pune,18.5204,73.8567,warm_humid,3.0,3.0,2.6,180.0,brick,0.23,puf_sandwich_panel,0.05,eps,0.025,west,1.8,1.2,0.45,2.6,32.967,36.271,0.256,13.966
Pune,18.5204,73.8567,warm_humid,3.0,3.0,2.6,90.0,concrete,0.3,rcc_slab,0.1,eps,0.025,north,0.6,1.5,0.45,3.5,32.619,35.996,0.3095,13.947
Pune,18.5204,73.8567,warm_humid,3.0,3.0,2.6,180.0,concrete,0.2,concrete,0.15,eps,0.025,north,1.2,0.9,0.35,2.6,33.107,36.61,0.256,13.956
Pune,18.5204,73.8567,warm_humid,3.0,3.0,2.6,0.0,puf_sandwich_panel,0.15,concrete,0.1,eps,0.05,west,1.2,1.5,0.35,3.5,32.328,36.981,0.4524,14.075
Pune,18.5204,73.8567,warm_humid,3.0,3.0,2.6,180.0,gi_sheet,0.002,brick,0.115,none,0.0,west,1.5,0.9,0.45,5.8,36.667,51.616,0.4048,14.06
Pune,18.5204,73.8567,warm_humid,3.0,3.0,2.6,45.0,plywood,0.019,gi_sheet,0.002,mineral_wool,0.025,south,1.8,0.9,0.55,2.6,34.629,45.411,0.4048,14.177
Pune,18.5204,73.8567,warm_humid,3.0,3.0,2.6,90.0,plywood,0.012,puf_sandwich_panel,0.075,mineral_wool,0.025,north,1.5,1.5,0.65,3.5,34.413,43.301,0.4107,14.202
Pune,18.5204,73.8567,warm_humid,3.0,3.0,2.6,0.0,puf_sandwich_panel,0.15,concrete,0.1,none,0.0,west,0.6,1.2,0.65,5.8,36.783,47.682,0.2917,14.076
Pune,18.5204,73.8567,warm_humid,3.0,3.0,2.6,135.0,gi_sheet,0.002,brick,0.23,eps,0.1,east,1.5,0.6,0.65,2.6,32.549,36.444,0.381,14.023
Pune,18.5204,73.8567,warm_humid,3.0,3.0,2.6,45.0,rammed_earth,0.3,gi_sheet,0.002,eps,0.1,east,1.8,0.9,0.65,3.5,31.792,34.567,0.3929,13.958
Pune,18.5204,73.8567,warm_humid,3.0,3.0,2.6,180.0,rammed_earth,0.45,brick,0.115,none,0.0,south,0.9,0.9,0.75,2.6,34.392,38.714,0.2143,13.944
Pune,18.5204,73.8567,warm_humid,3.0,3.0,2.6,135.0,puf_sandwich_panel,0.15,brick,0.23,mineral_wool,0.025,north,1.2,1.5,0.75,5.8,33.714,37.94,0.2679,14.028
Pune,18.5204,73.8567,warm_humid,3.0,3.0,2.6,135.0,plywood,0.012,concrete,0.15,eps,0.1,west,1.8,0.9,0.75,5.8,33.145,37.455,0.3214,14.044
Pune,18.5204,73.8567,warm_humid,3.0,3.0,2.6,0.0,concrete,0.2,brick,0.23,mineral_wool,0.05,west,0.9,1.2,0.75,5.8,32.5,35.903,0.3095,13.954
Pune,18.5204,73.8567,warm_humid,3.0,3.0,2.6,45.0,brick,0.345,puf_sandwich_panel,0.1,mineral_wool,0.1,west,1.2,0.9,0.55,2.6,30.55,33.021,0.7202,13.951
Pune,18.5204,73.8567,warm_humid,3.0,3.0,2.6,135.0,concrete,0.1,concrete,0.2,mineral_wool,0.05,north,1.2,1.2,0.55,3.5,33.11,36.536,0.256,13.972
Pune,18.5204,73.8567,warm_humid,3.0,3.0,2.6,45.0,puf_sandwich_panel,0.075,gi_sheet,0.002,eps,0.025,east,1.2,0.6,0.55,2.6,32.913,39.575,0.4583,14.206
Pune,18.5204,73.8567,warm_humid,3.0,3.0,2.6,45.0,concrete,0.3,puf_sandwich_panel,0.1,none,0.0,north,1.5,1.5,0.45,2.6,34.234,38.455,0.1726,13.951
Pune,18.5204,73.8567,warm_humid,3.0,3.0,2.6,135.0,brick,0.23,concrete,0.15,mineral_wool,0.1,north,0.9,1.5,0.85,3.5,32.094,34.997,0.3631,13.957
Pune,18.5204,73.8567,warm_humid,3.0,3.0,2.6,180.0,puf_sandwich_panel,0.1,gi_sheet,0.002,mineral_wool,0.025,south,1.8,0.9,0.45,5.8,32.887,39.669,0.4643,14.198
Pune,18.5204,73.8567,warm_humid,3.0,3.0,2.6,135.0,puf_sandwich_panel,0.15,puf_sandwich_panel,0.075,eps,0.1,east,0.9,0.9,0.75,5.8,31.454,36.151,0.5774,14.201
Pune,18.5204,73.8567,warm_humid,3.0,3.0,2.6,180.0,gi_sheet,0.002,brick,0.23,eps,0.05,north,1.8,0.6,0.45,5.8,33.105,37.533,0.3452,14.024
Pune,18.5204,73.8567,warm_humid,3.0,3.0,2.6,90.0,gi_sheet,0.002,rcc_slab,0.25,eps,0.05,west,0.6,1.2,0.85,3.5,32.848,36.761,0.3512,14.008
Pune,18.5204,73.8567,warm_humid,3.0,3.0,2.6,135.0,concrete,0.2,puf_sandwich_panel,0.05,mineral_wool,0.05,south,0.9,1.2,0.55,5.8,31.973,34.922,0.3631,13.963
Pune,18.5204,73.8567,warm_humid,3.0,3.0,2.6,135.0,concrete,0.15,gi_sheet,0.002,none,0.0,north,1.5,1.2,0.75,5.8,37.552,47.257,0.1964,13.975
Pune,18.5204,73.8567,warm_humid,3.0,3.0,2.6,45.0,puf_sandwich_panel,0.075,puf_sandwich_panel,0.05,none,0.0,north,1.5,0.9,0.85,2.6,32.869,38.934,0.4464,14.225
Pune,18.5204,73.8567,warm_humid,3.0,3.0,2.6,135.0,plywood,0.012,rcc_slab,0.2,eps,0.025,north,0.6,1.5,0.55,3.5,34.125,39.834,0.2798,14.026
Pune,18.5204,73.8567,warm_humid,3.0,3.0,2.6,45.0,puf_sandwich_panel,0.05,brick,0.115,mineral_wool,0.1,north,0.9,1.5,0.85,3.5,32.573,36.513,0.4048,14.075
Pune,18.5204,73.8567,warm_humid,3.0,3.0,2.6,45.0,puf_sandwich_panel,0.1,concrete,0.15,none,0.0,west,1.5,0.6,0.35,2.6,35.96,44.527,0.2619,14.048
Pune,18.5204,73.8567,warm_humid,3.0,3.0,2.6,0.0,gi_sheet,0.002,gi_sheet,0.002,mineral_wool,0.1,west,0.9,0.9,0.55,2.6,32.705,39.459,0.4643,14.147
Pune,18.5204,73.8567,warm_humid,3.0,3.0,2.6,90.0,plywood,0.012,rcc_slab,0.25,eps,0.025,west,1.5,0.6,0.65,5.8,33.78,38.815,0.2917,14.011
Pune,18.5204,73.8567,warm_humid,3.0,3.0,2.6,90.0,puf_sandwich_panel,0.1,rcc_slab,0.15,mineral_wool,0.1,east,0.6,0.6,0.75,2.6,30.942,33.373,0.6905,14.042
Pune,18.5204,73.8567,warm_humid,3.0,3.0,2.6,180.0,brick,0.23,gi_sheet,0.002,eps,0.025,south,1.5,1.5,0.75,3.5,33.845,37.7,0.1786,13.966
Pune,18.5204,73.8567,warm_humid,3.0,3.0,2.6,180.0,gi_sheet,0.002,concrete,0.1,eps,0.05,east,0.9,0.9,0.55,5.8,33.394,39.245,0.375,14.065
Pune,18.5204,73.8567,warm_humid,3.0,3.0,2.6,135.0,concrete,0.15,puf_sandwich_panel,0.05,mineral_wool,0.1,west,0.9,0.6,0.45,3.5,31.215,33.618,0.5833,13.973
Pune,18.5204,73.8567,warm_humid,3.0,3.0,2.6,180.0,brick,0.115,brick,0.23,eps,0.1,west,0.9,0.9,0.85,3.5,32.194,35.009,0.3274,13.973
Pune,18.5204,73.8567,warm_humid,3.0,3.0,2.6,180.0,brick,0.23,brick,0.23,mineral_wool,0.05,east,0.9,1.2,0.45,2.6,31.97,35.01,0.381,13.955
Pune,18.5204,73.8567,warm_humid,3.0,3.0,2.6,0.0,puf_sandwich_panel,0.05,rcc_slab,0.1,eps,0.1,south,1.2,1.5,0.45,5.8,32.037,35.927,0.4762,14.078
Pune,18.5204,73.8567,warm_humid,3.0,3.0,2.6,135.0,plywood,0.012,brick,0.23,none,0.0,south,0.6,1.5,0.45,5.8,36.236,47.446,0.3333,14.028
Pune,18.5204,73.8567,warm_humid,3.0,3.0,2.6,45.0,concrete,0.1,rcc_slab,0.15,none,0.0,north,0.6,0.9,0.35,2.6,36.968,46.191,0.2024,13.976
Pune,18.5204,73.8567,warm_humid,3.0,3.0,2.6,45.0,rammed_earth,0.45,rcc_slab,0.25,none,0.0,south,1.8,0.6,0.45,2.6,34.163,38.471,0.2202,13.942
Pune,18.5204,73.8567,warm_humid,3.0,3.0,2.6,135.0,concrete,0.2,brick,0.115,mineral_wool,0.1,east,0.6,1.2,0.35,5.8,31.106,33.664,0.5714,13.957
Pune,18.5204,73.8567,warm_humid,3.0,3.0,2.6,0.0,brick,0.115,puf_sandwich_panel,0.075,none,0.0,east,0.9,0.9,0.55,2.6,35.089,41.967,0.2679,13.997
Pune,18.5204,73.8567,warm_humid,3.0,3.0,2.6,45.0,rammed_earth,0.45,puf_sandwich_panel,0.05,eps,0.1,west,0.6,1.2,0.35,5.8,29.754,31.931,1.0,13.946
Pune,18.5204,73.8567,warm_humid,3.0,3.0,2.6,135.0,plywood,0.019,puf_sandwich_panel,0.075,mineral_wool,0.025,north,0.9,1.2,0.75,2.6,33.753,41.641,0.4286,14.188
Pune,18.5204,73.8567,warm_humid,3.0,3.0,2.6,0.0,puf_sandwich_panel,0.15,puf_sandwich_panel,0.05,eps,0.05,west,1.2,0.6,0.65,2.6,31.436,36.28,0.5774,14.207
Pune,18.5204,73.8567,warm_humid,3.0,3.0,2.6,180.0,plywood,0.05,concrete,0.1,eps,0.05,east,1.8,0.9,0.85,2.6,34.19,40.844,0.3155,14.056
Pune,18.5204,73.8567,warm_humid,3.0,3.0,2.6,135.0,plywood,0.03,concrete,0.1,eps,0.1,north,0.9,1.5,0.45,5.8,32.425,36.438,0.4048,14.063
Pune,18.5204,73.8567,warm_humid,3.0,3.0,2.6,180.0,brick,0.23,gi_sheet,0.002,mineral_wool,0.1,west,0.9,1.5,0.65,5.8,31.987,34.753,0.3512,13.964
Pune,18.5204,73.8567,warm_humid,3.0,3.0,2.6,0.0,brick,0.23,brick,0.115,mineral_wool,0.1,north,1.2,0.6,0.35,2.6,30.877,33.319,0.6548,13.959
Pune,18.5204,73.8567,warm_humid,3.0,3.0,2.6,180.0,puf_sandwich_panel,0.1,rcc_slab,0.15,mineral_wool,0.025,east,1.8,1.5,0.65,2.6,34.602,41.554,0.2679,14.047
Pune,18.5204,73.8567,warm_humid,3.0,3.0,2.6,0.0,gi_sheet,0.002,puf_sandwich_panel,0.1,mineral_wool,0.1,north,1.5,1.5,0.65,3.5,33.07,39.912,0.4345,14.157
Pune,18.5204,73.8567,warm_humid,3.0,3.0,2.6,90.0,brick,0.115,gi_sheet,0.002,mineral_wool,0.05,north,1.5,1.5,0.85,3.5,34.599,39.152,0.1548,13.998
Pune,18.5204,73.8567,warm_humid,3.0,3.0,2.6,45.0,brick,0.23,rcc_slab,0.25,eps,0.1,east,1.2,0.6,0.55,5.8,30.91,33.435,0.6071,13.953
Pune,18.5204,73.8567,warm_humid,3.0,3.0,2.6,90.0,rammed_earth,0.3,rcc_slab,0.2,eps,0.05,south,0.9,0.6,0.85,2.6,31.425,34.316,0.4464,13.95
Pune,18.5204,73.8567,warm_humid,3.0,3.0,2.6,180.0,brick,0.115,gi_sheet,0.002,eps,0.05,south,0.6,0.6,0.35,3.5,32.465,35.769,0.3631,13.995
Pune,18.5204,73.8567,warm_humid,3.0,3.0,2.6,90.0,plywood,0.019,rcc_slab,0.25,eps,0.05,east,0.6,1.2,0.35,2.6,32.466,36.05,0.3869,14.01
Pune,18.5204,73.8567,warm_humid,3.0,3.0,2.6,90.0,brick,0.115,brick,0.23,mineral_wool,0.05,east,1.8,0.6,0.65,5.8,32.716,35.942,0.2798,13.973
Pune,18.5204,73.8567,warm_humid,3.0,3.0,2.6,90.0,concrete,0.3,concrete,0.15,eps,0.05,east,0.6,1.5,0.45,3.5,31.358,34.212,0.4583,13.946
Pune,18.5204,73.8567,warm_humid,3.0,3.0,2.6,45.0,rammed_earth,0.45,gi_sheet,0.002,eps,0.025,west,1.8,1.2,0.35,2.6,32.168,35.455,0.3631,13.947
Pune,18.5204,73.8567,warm_humid,3.0,3.0,2.6,135.0,concrete,0.2,concrete,0.1,mineral_wool,0.05,west,1.5,1.2,0.35,5.8,32.374,35.463,0.3036,13.959
Pune,18.5204,73.8567,warm_humid,3.0,3.0,2.6,45.0,gi_sheet,0.002,brick,0.115,mineral_wool,0.05,north,1.8,0.9,0.65,2.6,33.846,40.053,0.3452,14.065
Pune,18.5204,73.8567,warm_humid,3.0,3.0,2.6,135.0,gi_sheet,0.002,gi_sheet,0.002,mineral_wool,0.05,east,0.6,0.6,0.55,3.5,33.071,40.056,0.4405,14.156
Pune,18.5204,73.8567,warm_humid,3.0,3.0,2.6,0.0,brick,0.115,concrete,0.2,eps,0.025,east,1.8,0.6,0.85,5.8,34.246,38.471,0.1548,13.973
Pune,18.5204,73.8567,warm_humid,3.0,3.0,2.6,135.0,brick,0.23,rcc_slab,0.15,eps,0.1,north,0.6,1.2,0.75,5.8,31.27,33.851,0.4881,13.957
Pune,18.5204,73.8567,warm_humid,3.0,3.0,2.6,90.0,puf_sandwich_panel,0.075,concrete,0.2,eps,0.025,east,1.5,1.5,0.35,5.8,32.932,37.131,0.3512,14.028
Pune,18.5204,73.8567,warm_humid,3.0,3.0,2.6,135.0,rammed_earth,0.15,puf_sandwich_panel,0.1,eps,0.1,east,0.6,1.2,0.55,5.8,31.342,33.891,0.5714,13.986
Pune,18.5204,73.8567,warm_humid,3.0,3.0,2.6,135.0,gi_sheet,0.002,puf_sandwich_panel,0.075,mineral_wool,0.025,north,1.2,0.6,0.75,2.6,33.646,41.646,0.4286,14.172
Pune,18.5204,73.8567,warm_humid,3.0,3.0,2.6,135.0,rammed_earth,0.3,puf_sandwich_panel,0.15,mineral_wool,0.05,north,1.5,0.6,0.85,3.5,31.502,34.157,0.4405,13.957
Pune,18.5204,73.8567,warm_humid,3.0,3.0,2.6,90.0,concrete,0.3,rcc_slab,0.2,none,0.0,north,0.6,0.9,0.45,2.6,35.505,40.46,0.125,13.945
Pune,18.5204,73.8567,warm_humid,3.0,3.0,2.6,135.0,brick,0.345,brick,0.23,eps,0.05,west,1.5,1.5,0.65,2.6,32.262,35.468,0.3631,13.947
Pune,18.5204,73.8567,warm_humid,3.0,3.0,2.6,45.0,plywood,0.012,puf_sandwich_panel,0.05,none,0.0,west,0.9,0.6,0.65,5.8,35.383,48.548,0.4405,14.205
Pune,18.5204,73.8567,warm_humid,3.0,3.0,2.6,90.0,concrete,0.2,puf_sandwich_panel,0.1,none,0.0,east,0.9,1.2,0.35,2.6,34.563,39.546,0.1667,13.963
Pune,18.5204,73.8567,warm_humid,3.0,3.0,2.6,45.0,brick,0.345,brick,0.23,mineral_wool,0.025,east,1.8,0.9,0.55,5.8,32.615,36.016,0.3214,13.947
Pune,18.5204,73.8567,warm_humid,3.0,3.0,2.6,0.0,concrete,0.3,gi_sheet,0.002,mineral_wool,0.025,west,0.9,0.9,0.35,5.8,32.585,35.991,0.3036,13.95
Pune,18.5204,73.8567,warm_humid,3.0,3.0,2.6,90.0,puf_sandwich_panel,0.05,brick,0.23,eps,0.05,east,1.8,0.9,0.85,3.5,33.111,37.143,0.3393,14.031
Pune,18.5204,73.8567,warm_humid,3.0,3.0,2.6,135.0,brick,0.23,rcc_slab,0.25,none,0.0,south,0.6,1.5,0.55,3.5,35.692,40.902,0.1071,13.953
Pune,18.5204,73.8567,warm_humid,3.0,3.0,2.6,135.0,gi_sheet,0.002,rcc_slab,0.2,none,0.0,east,1.5,0.9,0.65,3.5,36.913,50.82,0.3631,14.021
Pune,18.5204,73.8567,warm_humid,3.0,3.0,2.6,90.0,plywood,0.019,brick,0.115,mineral_wool,0.025,north,0.6,0.6,0.85,2.6,33.985,40.608,0.3512,14.072
Pune,18.5204,73.8567,warm_humid,3.0,3.0,2.6,45.0,gi_sheet,0.002,concrete,0.2,mineral_wool,0.025,west,1.8,0.9,0.75,5.8,34.659,41.543,0.2738,14.021
Pune,18.5204,73.8567,warm_humid,3.0,3.0,2.6,45.0,brick,0.23,puf_sandwich_panel,0.15,none,0.0,north,1.5,1.5,0.55,3.5,34.309,38.693,0.1488,13.966
Pune,18.5204,73.8567,warm_humid,3.0,3.0,2.6,45.0,gi_sheet,0.002,gi_sheet,0.002,eps,0.025,south,1.8,1.2,0.45,3.5,34.715,46.039,0.4286,14.167
Pune,18.5204,73.8567,warm_humid,3.0,3.0,2.6,45.0,gi_sheet,0.002,gi_sheet,0.002,eps,0.1,west,1.2,0.9,0.65,2.6,32.839,39.831,0.4464,14.161
Pune,18.5204,73.8567,warm_humid,3.0,3.0,2.6,0.0,concrete,0.2,concrete,0.1,eps,0.05,west,0.6,1.2,0.45,5.8,32.129,35.251,0.3393,13.958
Pune,18.5204,73.8567,warm_humid,3.0,3.0,2.6,0.0,rammed_earth,0.45,concrete,0.1,eps,0.025,west,0.9,1.5,0.55,5.8,32.168,35.565,0.369,13.944
Pune,18.5204,73.8567,warm_humid,3.0,3.0,2.6,45.0,plywood,0.03,puf_sandwich_panel,0.15,eps,0.1,west,1.5,0.9,0.65,3.5,32.448,38.674,0.4762,14.167
Pune,18.5204,73.8567,warm_humid,3.0,3.0,2.6,0.0,rammed_earth,0.45,rcc_slab,0.1,eps,0.05,south,1.2,1.2,0.75,5.8,31.494,34.477,0.4405,13.944
Pune,18.5204,73.8567,warm_humid,3.0,3.0,2.6,135.0,plywood,0.019,brick,0.115,mineral_wool,0.1,west,1.8,0.9,0.85,2.6,33.383,38.17,0.3333,14.066
Pune,18.5204,73.8567,warm_humid,3.0,3.0,2.6,135.0,plywood,0.019,brick,0.23,mineral_wool,0.025,west,0.6,1.2,0.45,3.5,33.695,38.939,0.3155,14.026
Pune,18.5204,73.8567,warm_humid,3.0,3.0,2.6,180.0,concrete,0.1,brick,0.115,mineral_wool,0.025,west,1.2,0.9,0.35,3.5,33.903,38.211,0.1845,13.982
Pune,18.5204,73.8567,warm_humid,3.0,3.0,2.6,135.0,rammed_earth,0.3,rcc_slab,0.2,none,0.0,south,0.9,1.2,0.45,3.5,35.258,40.135,0.131,13.951
Pune,18.5204,73.8567,warm_humid,3.0,3.0,2.6,45.0,brick,0.345,rcc_slab,0.1,mineral_wool,0.05,south,1.8,0.6,0.35,2.6,31.395,34.295,0.4524,13.948
Pune,18.5204,73.8567,warm_humid,3.0,3.0,2.6,0.0,puf_sandwich_panel,0.1,puf_sandwich_panel,0.15,none,0.0,east,1.5,0.6,0.65,2.6,31.689,36.019,0.5238,14.216
Pune,18.5204,73.8567,warm_humid,3.0,3.0,2.6,0.0,plywood,0.012,gi_sheet,0.002,eps,0.1,west,1.2,1.5,0.35,5.8,32.808,40.312,0.4643,14.187
Pune,18.5204,73.8567,warm_humid,3.0,3.0,2.6,135.0,gi_sheet,0.002,concrete,0.15,eps,0.025,south,0.9,0.9,0.65,2.6,34.237,40.96,0.3214,14.039
Pune,18.5204,73.8567,warm_humid,3.0,3.0,2.6,180.0,gi_sheet,0.002,concrete,0.2,mineral_wool,0.1,east,1.8,0.6,0.45,3.5,32.482,36.266,0.381,14.018
Pune,18.5204,73.8567,warm_humid,3.0,3.0,2.6,135.0,puf_sandwich_panel,0.05,gi_sheet,0.002,mineral_wool,0.025,east,0.9,0.9,0.35,3.5,32.87,40.085,0.4702,14.204
Pune,18.5204,73.8567,warm_humid,3.0,3.0,2.6,45.0,gi_sheet,0.002,rcc_slab,0.15,eps,0.025,west,0.9,1.2,0.85,2.6,34.573,41.957,0.3095,14.04
Pune,18.5204,73.8567,warm_humid,3.0,3.0,2.6,135.0,plywood,0.03,rcc_slab,0.15,mineral_wool,0.1,west,0.9,1.2,0.85,3.5,32.611,36.249,0.381,14.035
Pune,18.5204,73.8567,warm_humid,3.0,3.0,2.6,0.0,concrete,0.1,concrete,0.15,mineral_wool,0.025,north,1.5,0.9,0.85,2.6,34.18,38.621,0.1607,13.977
Pune,18.5204,73.8567,warm_humid,3.0,3.0,2.6,0.0,brick,0.345,gi_sheet,0.002,eps,0.05,north,1.2,1.5,0.35,2.6,31.551,34.386,0.4226,13.952
Pune,18.5204,73.8567,warm_humid,3.0,3.0,2.6,180.0,plywood,0.05,concrete,0.15,mineral_wool,0.05,south,1.8,1.5,0.65,5.8,33.576,38.478,0.3155,14.032
Pune,18.5204,73.8567,warm_humid,3.0,3.0,2.6,180.0,brick,0.23,brick,0.115,eps,0.1,north,1.8,0.6,0.65,2.6,31.496,34.138,0.4464,13.959
Pune,18.5204,73.8567,warm_humid,3.0,3.0,2.6,45.0,rammed_earth,0.45,concrete,0.1,mineral_wool,0.1,south,0.6,0.9,0.65,2.6,29.999,32.367,0.8929,13.944
Pune,18.5204,73.8567,warm_humid,3.0,3.0,2.6,0.0,brick,0.115,puf_sandwich_panel,0.15,mineral_wool,0.05,west,0.6,0.6,0.45,2.6,31.932,34.987,0.4762,13.995
Pune,18.5204,73.8567,warm_humid,3.0,3.0,2.6,180.0,gi_sheet,0.002,puf_sandwich_panel,0.15,eps,0.025,east,1.8,0.9,0.55,5.8,33.914,43.28,0.4345,14.174
Pune,18.5204,73.8567,warm_humid,3.0,3.0,2.6,0.0,concrete,0.1,brick,0.23,eps,0.05,north,1.2,1.5,0.85,3.5,33.37,37.034,0.2083,13.973
Pune,18.5204,73.8567,warm_humid,3.0,3.0,2.6,135.0,plywood,0.012,rcc_slab,0.15,eps,0.1,south,1.8,0.9,0.65,2.6,32.961,37.698,0.3631,14.044
Pune,18.5204,73.8567,warm_humid,3.0,3.0,2.6,135.0,concrete,0.2,concrete,0.1,mineral_wool,0.05,east,1.5,1.5,0.35,2.6,32.631,35.968,0.2798,13.959
Pune,18.5204,73.8567,warm_humid,3.0,3.0,2.6,0.0,plywood,0.019,gi_sheet,0.002,eps,0.1,south,1.8,0.9,0.55,3.5,32.853,39.431,0.4583,14.175
Pune,18.5204,73.8567,warm_humid,3.0,3.0,2.6,135.0,gi_sheet,0.002,rcc_slab,0.15,eps,0.1,east,1.2,0.9,0.45,3.5,32.469,36.602,0.4107,14.038
Pune,18.5204,73.8567,warm_humid,3.0,3.0,2.6,0.0,plywood,0.03,gi_sheet,0.002,eps,0.1,north,1.8,1.5,0.55,2.6,33.005,39.524,0.4345,14.161
Pune,18.5204,73.8567,warm_humid,3.0,3.0,2.6,135.0,rammed_earth,0.15,puf_sandwich_panel,0.05,eps,0.05,north,0.9,0.9,0.55,2.6,32.085,34.995,0.4167,13.986
Pune,18.5204,73.8567,warm_humid,3.0,3.0,2.6,135.0,puf_sandwich_panel,0.15,gi_sheet,0.002,eps,0.025,south,1.5,0.6,0.75,2.6,33.046,40.127,0.4464,14.196
Pune,18.5204,73.8567,warm_humid,3.0,3.0,2.6,135.0,puf_sandwich_panel,0.1,puf_sandwich_panel,0.1,none,0.0,south,1.8,1.2,0.55,3.5,32.55,39.564,0.4821,14.219
Pune,18.5204,73.8567,warm_humid,3.0,3.0,2.6,90.0,plywood,0.012,rcc_slab,0.2,none,0.0,north,0.6,1.5,0.75,5.8,36.845,48.926,0.3214,14.025
Pune,18.5204,73.8567,warm_humid,3.0,3.0,2.6,180.0,concrete,0.1,rcc_slab,0.1,eps,0.025,east,1.2,0.9,0.85,5.8,34.512,39.456,0.1488,13.982
Pune,18.5204,73.8567,warm_humid,3.0,3.0,2.6,45.0,puf_sandwich_panel,0.1,concrete,0.15,mineral_wool,0.1,east,1.8,0.9,0.85,3.5,32.96,36.647,0.3274,14.042
Pune,18.5204,73.8567,warm_humid,3.0,3.0,2.6,90.0,plywood,0.019,puf_sandwich_panel,0.1,none,0.0,south,0.6,1.2,0.65,5.8,34.928,46.97,0.4524,14.191
Pune,18.5204,73.8567,warm_humid,3.0,3.0,2.6,180.0,plywood,0.019,concrete,0.2,mineral_wool,0.05,west,1.5,0.6,0.65,2.6,33.177,37.356,0.3214,14.022
Pune,18.5204,73.8567,warm_humid,3.0,3.0,2.6,180.0,plywood,0.03,concrete,0.1,eps,0.025,south,1.2,0.9,0.55,3.5,33.948,40.409,0.3571,14.065
Pune,18.5204,73.8567,warm_humid,3.0,3.0,2.6,180.0,brick,0.115,puf_sandwich_panel,0.075,mineral_wool,0.05,south,0.9,1.5,0.45,3.5,32.34,35.565,0.4107,13.997
Pune,18.5204,73.8567,warm_humid,3.0,3.0,2.6,180.0,brick,0.345,gi_sheet,0.002,eps,0.05,north,0.9,0.6,0.65,2.6,31.31,34.055,0.4583,13.95
Pune,18.5204,73.8567,warm_humid,3.0,3.0,2.6,45.0,plywood,0.05,rcc_slab,0.25,eps,0.05,north,1.5,1.5,0.55,2.6,33.332,37.344,0.2798,14.004
Pune,18.5204,73.8567,warm_humid,3.0,3.0,2.6,135.0,concrete,0.2,gi_sheet,0.002,none,0.0,west,1.8,0.9,0.45,5.8,36.987,44.831,0.131,13.963
Pune,18.5204,73.8567,warm_humid,3.0,3.0,2.6,0.0,puf_sandwich_panel,0.15,concrete,0.1,mineral_wool,0.1,east,1.2,1.2,0.55,5.8,32.058,35.429,0.4405,14.068
Pune,18.5204,73.8567,warm_humid,3.0,3.0,2.6,0.0,concrete,0.1,puf_sandwich_panel,0.05,mineral_wool,0.1,south,0.9,1.2,0.45,2.6,31.917,34.9,0.4762,13.994
Pune,18.5204,73.8567,warm_humid,3.0,3.0,2.6,135.0,gi_sheet,0.002,puf_sandwich_panel,0.075,none,0.0,west,1.5,0.6,0.35,3.5,35.584,49.443,0.4464,13.963
Pune,18.5204,73.8567,warm_humid,3.0,3.0,2.6,135.0,brick,0.115,rcc_slab,0.15,mineral_wool,0.05,west,0.9,1.2,0.75,2.6,33.07,36.495,0.25,13.977
Pune,18.5204,73.8567,warm_humid,3.0,3.0,2.6,45.0,plywood,0.05,rcc_slab,0.25,eps,0.025,east,1.2,1.5,0.75,2.6,34.487,39.479,0.1964,14.004
Pune,18.5204,73.8567,warm_humid,3.0,3.0,2.6,90.0,puf_sandwich_panel,0.075,concrete,0.2,mineral_wool,0.1,west,0.6,0.6,0.35,2.6,30.669,32.841,0.8036,14.024
Pune,18.5204,73.8567,warm_humid,3.0,3.0,2.6,90.0,rammed_earth,0.3,gi_sheet,0.002,mineral_wool,0.025,east,0.9,0.9,0.55,5.8,32.544,35.764,0.2917,13.957
Pune,18.5204,73.8567,warm_humid,3.0,3.0,2.6,45.0,concrete,0.3,rcc_slab,0.25,mineral_wool,0.05,south,0.6,1.5,0.55,3.5,31.418,34.437,0.4583,13.944
Pune,18.5204,73.8567,warm_humid,3.0,3.0,2.6,45.0,plywood,0.012,puf_sandwich_panel,0.05,mineral_wool,0.1,south,0.9,1.5,0.85,3.5,33.331,41.279,0.4345,14.182
Pune,18.5204,73.8567,warm_humid,3.0,3.0,2.6,135.0,plywood,0.019,gi_sheet,0.002,none,0.0,west,1.8,0.6,0.65,5.8,37.437,54.894,0.4286,14.179
Pune,18.5204,73.8567,warm_humid,3.0,3.0,2.6,90.0,concrete,0.2,concrete,0.15,eps,0.1,west,0.9,1.5,0.85,3.5,31.606,34.338,0.4048,13.956
Pune,18.5204,73.8567,warm_humid,3.0,3.0,2.6,135.0,rammed_earth,0.45,puf_sandwich_panel,0.15,eps,0.1,south,1.2,1.2,0.35,5.8,30.038,32.338,0.9048,13.946
Pune,18.5204,73.8567,warm_humid,3.0,3.0,2.6,90.0,concrete,0.15,gi_sheet,0.002,eps,0.025,north,1.5,0.6,0.65,5.8,33.754,37.761,0.1905,13.974
Pune,18.5204,73.8567,warm_humid,3.0,3.0,2.6,180.0,concrete,0.2,puf_sandwich_panel,0.1,none,0.0,north,1.5,0.9,0.65,2.6,34.822,39.973,0.1548,13.963
Pune,18.5204,73.8567,warm_humid,3.0,3.0,2.6,135.0,plywood,0.019,concrete,0.15,eps,0.1,west,1.8,0.6,0.45,5.8,32.164,35.72,0.4464,14.042
Pune,18.5204,73.8567,warm_humid,3.0,3.0,2.6,45.0,gi_sheet,0.002,brick,0.115,eps,0.05,east,1.8,1.2,0.45,2.6,33.866,40.235,0.3452,14.068
Pune,18.5204,73.8567,warm_humid,3.0,3.0,2.6,45.0,puf_sandwich_panel,0.075,brick,0.23,eps,0.025,east,0.9,0.9,0.75,2.6,32.804,36.579,0.3512,14.031
Pune,18.5204,73.8567,warm_humid,3.0,3.0,2.6,90.0,gi_sheet,0.002,puf_sandwich_panel,0.05,eps,0.025,north,1.2,1.2,0.65,5.8,33.96,42.352,0.4286,14.178
Pune,18.5204,73.8567,warm_humid,3.0,3.0,2.6,45.0,concrete,0.15,brick,0.23,eps,0.1,south,0.9,1.2,0.35,3.5,31.451,34.193,0.5,13.962
Pune,18.5204,73.8567,warm_humid,3.0,3.0,2.6,0.0,brick,0.115,brick,0.23,eps,0.05,north,1.2,1.5,0.55,5.8,32.886,36.29,0.2798,13.974
Pune,18.5204,73.8567,warm_humid,3.0,3.0,2.6,0.0,concrete,0.2,concrete,0.15,mineral_wool,0.05,south,1.8,1.2,0.65,3.5,33.007,36.428,0.2619,13.957
Pune,18.5204,73.8567,warm_humid,3.0,3.0,2.6,135.0,rammed_earth,0.15,gi_sheet,0.002,none,0.0,west,0.9,1.2,0.35,2.6,36.845,46.046,0.2143,13.986
Pune,18.5204,73.8567,warm_humid,3.0,3.0,2.6,0.0,brick,0.345,brick,0.23,mineral_wool,0.05,east,1.5,1.2,0.65,5.8,32.159,35.343,0.3631,13.947
Pune,18.5204,73.8567,warm_humid,3.0,3.0,2.6,90.0,concrete,0.3,rcc_slab,0.25,eps,0.05,south,0.6,1.2,0.45,2.6,31.16,34.03,0.5179,13.944
Pune,18.5204,73.8567,warm_humid,3.0,3.0,2.6,0.0,gi_sheet,0.002,gi_sheet,0.002,none,0.0,east,1.2,1.2,0.85,2.6,37.324,54.945,0.4464,13.408
Pune,18.5204,73.8567,warm_humid,3.0,3.0,2.6,180.0,concrete,0.2,puf_sandwich_panel,0.05,eps,0.05,south,1.5,1.5,0.75,5.8,32.717,35.865,0.2679,13.964
Pune,18.5204,73.8567,warm_humid,3.0,3.0,2.6,90.0,concrete,0.15,concrete,0.15,eps,0.05,south,0.6,1.5,0.45,3.5,32.333,35.478,0.3036,13.964
Pune,18.5204,73.8567,warm_humid,3.0,3.0,2.6,90.0,brick,0.115,puf_sandwich_panel,0.1,none,0.0,east,0.9,0.6,0.75,5.8,35.021,41.814,0.2679,13.997
Pune,18.5204,73.8567,warm_humid,3.0,3.0,2.6,135.0,concrete,0.15,concrete,0.2,eps,0.1,south,1.8,0.9,0.85,2.6,32.492,35.765,0.2976,13.962
Pune,18.5204,73.8567,warm_humid,3.0,3.0,2.6,135.0,puf_sandwich_panel,0.05,rcc_slab,0.25,eps,0.025,east,1.5,0.9,0.35,3.5,32.717,36.626,0.3452,14.013
Pune,18.5204,73.8567,warm_humid,3.0,3.0,2.6,0.0,plywood,0.03,brick,0.23,eps,0.1,east,1.5,0.6,0.85,3.5,32.584,36.081,0.3631,14.023
Pune,18.5204,73.8567,warm_humid,3.0,3.0,2.6,135.0,gi_sheet,0.002,puf_sandwich_panel,0.15,eps,0.05,north,1.5,1.2,0.55,2.6,33.427,40.417,0.4286,14.173
Pune,18.5204,73.8567,warm_humid,3.0,3.0,2.6,135.0,brick,0.115,concrete,0.15,eps,0.1,west,0.6,1.2,0.55,5.8,31.704,34.333,0.4702,13.977
Pune,18.5204,73.8567,warm_humid,3.0,3.0,2.6,180.0,rammed_earth,0.45,concrete,0.1,eps,0.1,west,1.8,0.9,0.35,2.6,30.466,32.95,0.7262,13.944
Pune,18.5204,73.8567,warm_humid,3.0,3.0,2.6,135.0,puf_sandwich_panel,0.075,brick,0.115,mineral_wool,0.1,west,0.6,0.9,0.75,3.5,31.379,34.367,0.5833,14.073
Pune,18.5204,73.8567,warm_humid,3.0,3.0,2.6,135.0,gi_sheet,0.002,concrete,0.15,mineral_wool,0.1,east,1.2,1.2,0.45,2.6,32.668,37.005,0.3869,14.035
Pune,18.5204,73.8567,warm_humid,3.0,3.0,2.6,0.0,rammed_earth,0.15,concrete,0.1,mineral_wool,0.05,west,1.5,0.9,0.85,5.8,33.392,37.348,0.2083,13.976
Pune,18.5204,73.8567,warm_humid,3.0,3.0,2.6,90.0,brick,0.345,rcc_slab,0.2,eps,0.05,west,1.8,1.5,0.65,3.5,32.137,35.282,0.3631,13.947
Pune,18.5204,73.8567,warm_humid,3.0,3.0,2.6,135.0,brick,0.23,brick,0.23,none,0.0,south,0.9,0.9,0.35,5.8,35.067,39.87,0.131,13.955
Pune,18.5204,73.8567,warm_humid,3.0,3.0,2.6,135.0,puf_sandwich_panel,0.075,rcc_slab,0.25,eps,0.025,east,0.6,0.9,0.85,5.8,32.592,36.234,0.3571,14.013
Pune,18.5204,73.8567,warm_humid,3.0,3.0,2.6,180.0,puf_sandwich_panel,0.075,gi_sheet,0.002,eps,0.05,south,1.8,0.9,0.35,5.8,32.055,37.579,0.5119,14.204
Pune,18.5204,73.8567,warm_humid,3.0,3.0,2.6,0.0,gi_sheet,0.002,puf_sandwich_panel,0.1,eps,0.05,east,1.8,0.9,0.45,3.5,33.239,40.583,0.4464,14.175
Pune,18.5204,73.8567,warm_humid,3.0,3.0,2.6,135.0,concrete,0.1,concrete,0.1,none,0.0,south,0.9,0.6,0.65,2.6,37.278,47.426,0.2321,13.981
Pune,18.5204,73.8567,warm_humid,3.0,3.0,2.6,180.0,concrete,0.1,concrete,0.1,mineral_wool,0.1,east,0.9,0.9,0.45,2.6,31.976,34.867,0.4048,13.98
Pune,18.5204,73.8567,warm_humid,3.0,3.0,2.6,0.0,gi_sheet,0.002,rcc_slab,0.15,none,0.0,north,1.5,0.9,0.35,3.5,36.718,51.011,0.3929,14.039
Pune,18.5204,73.8567,warm_humid,3.0,3.0,2.6,135.0,brick,0.115,puf_sandwich_panel,0.1,eps,0.1,north,1.2,1.2,0.35,5.8,31.847,34.625,0.4583,13.998
Pune,18.5204,73.8567,warm_humid,3.0,3.0,2.6,135.0,brick,0.23,rcc_slab,0.1,eps,0.05,east,0.6,0.9,0.65,5.8,32.0,34.991,0.375,13.959
Pune,18.5204,73.8567,warm_humid,3.0,3.0,2.6,90.0,puf_sandwich_panel,0.075,gi_sheet,0.002,mineral_wool,0.025,east,0.6,0.9,0.85,2.6,32.885,39.6,0.4702,14.201
Pune,18.5204,73.8567,warm_humid,3.0,3.0,2.6,135.0,gi_sheet,0.002,puf_sandwich_panel,0.15,mineral_wool,0.05,north,0.6,1.5,0.45,3.5,32.715,38.832,0.4583,14.164
Pune,18.5204,73.8567,warm_humid,3.0,3.0,2.6,90.0,brick,0.23,puf_sandwich_panel,0.15,eps,0.1,east,0.6,0.9,0.45,3.5,30.556,32.728,0.7857,13.964
Pune,18.5204,73.8567,warm_humid,3.0,3.0,2.6,90.0,brick,0.115,rcc_slab,0.2,mineral_wool,0.05,east,1.5,0.9,0.75,5.8,33.042,36.434,0.25,13.973
Pune,18.5204,73.8567,warm_humid,3.0,3.0,2.6,180.0,gi_sheet,0.002,rcc_slab,0.15,mineral_wool,0.025,west,1.8,1.2,0.85,5.8,35.532,42.953,0.2738,14.039
Pune,18.5204,73.8567,warm_humid,3.0,3.0,2.6,0.0,puf_sandwich_panel,0.15,brick,0.23,eps,0.05,south,0.6,1.5,0.65,3.5,31.811,34.788,0.4881,14.029
Pune,18.5204,73.8567,warm_humid,3.0,3.0,2.6,135.0,brick,0.115,concrete,0.2,mineral_wool,0.025,north,1.8,0.9,0.65,5.8,34.322,38.589,0.1548,13.973
Pune,18.5204,73.8567,warm_humid,3.0,3.0,2.6,90.0,concrete,0.1,rcc_slab,0.15,eps,0.025,north,1.8,1.5,0.75,2.6,35.227,40.177,0.119,13.978
Pune,18.5204,73.8567,warm_humid,3.0,3.0,2.6,90.0,rammed_earth,0.45,puf_sandwich_panel,0.05,eps,0.025,west,1.8,0.6,0.85,3.5,31.172,33.932,0.5179,13.946
Pune,18.5204,73.8567,warm_humid,3.0,3.0,2.6,180.0,gi_sheet,0.002,concrete,0.1,mineral_wool,0.1,east,1.8,1.2,0.75,3.5,34.198,41.117,0.3155,14.06
Pune,18.5204,73.8567,warm_humid,3.0,3.0,2.6,90.0,concrete,0.2,brick,0.115,eps,0.025,south,1.2,0.6,0.65,2.6,33.281,36.95,0.25,13.958
Pune,18.5204,73.8567,warm_humid,3.0,3.0,2.6,0.0,brick,0.115,brick,0.115,none,0.0,south,0.9,1.5,0.35,5.8,36.637,44.948,0.1964,13.984
Pune,18.5204,73.8567,warm_humid,3.0,3.0,2.6,45.0,gi_sheet,0.002,puf_sandwich_panel,0.05,none,0.0,south,1.2,1.2,0.35,2.6,35.656,49.762,0.4524,13.944
Pune,18.5204,73.8567,warm_humid,3.0,3.0,2.6,90.0,rammed_earth,0.3,gi_sheet,0.002,eps,0.1,east,1.5,0.9,0.85,2.6,31.61,34.322,0.4107,13.957
Pune,18.5204,73.8567,warm_humid,3.0,3.0,2.6,0.0,plywood,0.019,rcc_slab,0.15,eps,0.025,north,1.5,0.9,0.45,3.5,33.956,40.176,0.3393,14.043
Pune,18.5204,73.8567,warm_humid,3.0,3.0,2.6,90.0,concrete,0.15,brick,0.23,none,0.0,west,1.5,1.5,0.85,3.5,36.288,42.927,0.131,13.963
Pune,18.5204,73.8567,warm_humid,3.0,3.0,2.6,45.0,puf_sandwich_panel,0.15,brick,0.23,eps,0.1,east,1.8,1.2,0.45,5.8,32.164,35.273,0.4167,14.028
Pune,18.5204,73.8567,warm_humid,3.0,3.0,2.6,45.0,gi_sheet,0.002,rcc_slab,0.25,mineral_wool,0.1,west,1.5,1.5,0.45,2.6,32.784,36.89,0.3452,14.006
Pune,18.5204,73.8567,warm_humid,3.0,3.0,2.6,135.0,puf_sandwich_panel,0.1,concrete,0.2,none,0.0,south,0.9,0.6,0.45,3.5,35.464,42.384,0.2202,14.027
Pune,18.5204,73.8567,warm_humid,3.0,3.0,2.6,135.0,rammed_earth,0.15,gi_sheet,0.002,eps,0.05,east,1.8,1.2,0.55,3.5,33.403,37.541,0.2143,13.988
Pune,18.5204,73.8567,warm_humid,3.0,3.0,2.6,180.0,brick,0.345,concrete,0.2,eps,0.05,north,1.5,0.6,0.75,5.8,31.421,34.318,0.4524,13.946
Pune,18.5204,73.8567,warm_humid,3.0,3.0,2.6,180.0,gi_sheet,0.002,concrete,0.15,mineral_wool,0.025,south,0.9,0.6,0.55,2.6,33.987,40.153,0.3274,14.039
Pune,18.5204,73.8567,warm_humid,3.0,3.0,2.6,135.0,gi_sheet,0.002,concrete,0.1,eps,0.05,south,0.9,1.5,0.55,5.8,33.531,39.697,0.375,14.065
Pune,18.5204,73.8567,warm_humid,3.0,3.0,2.6,45.0,gi_sheet,0.002,rcc_slab,0.25,eps,0.025,east,1.8,0.9,0.85,3.5,34.875,40.86,0.2381,14.008
Pune,18.5204,73.8567,warm_humid,3.0,3.0,2.6,0.0,concrete,0.2,concrete,0.2,eps,0.05,south,1.2,0.6,0.45,5.8,31.881,34.864,0.3988,13.954
Pune,18.5204,73.8567,warm_humid,3.0,3.0,2.6,135.0,puf_sandwich_panel,0.05,rcc_slab,0.25,mineral_wool,0.025,south,0.6,0.9,0.55,5.8,32.435,35.987,0.3929,14.013
Pune,18.5204,73.8567,warm_humid,3.0,3.0,2.6,180.0,brick,0.115,gi_sheet,0.002,eps,0.1,west,1.2,1.2,0.65,5.8,32.81,36.07,0.3036,13.997
Pune,18.5204,73.8567,warm_humid,3.0,3.0,2.6,45.0,plywood,0.03,gi_sheet,0.002,mineral_wool,0.1,west,1.5,1.2,0.75,2.6,33.356,40.774,0.4167,14.147
Pune,18.5204,73.8567,warm_humid,3.0,3.0,2.6,135.0,concrete,0.3,gi_sheet,0.002,eps,0.025,north,1.2,1.2,0.65,2.6,33.246,36.832,0.256,13.95
Pune,18.5204,73.8567,warm_humid,3.0,3.0,2.6,180.0,gi_sheet,0.002,rcc_slab,0.2,mineral_wool,0.025,south,1.5,1.5,0.55,5.8,34.338,40.445,0.2917,14.021
Pune,18.5204,73.8567,warm_humid,3.0,3.0,2.6,135.0,concrete,0.1,puf_sandwich_panel,0.1,none,0.0,north,0.9,1.5,0.35,2.6,35.55,44.047,0.2857,13.996
Pune,18.5204,73.8567,warm_humid,3.0,3.0,2.6,45.0,plywood,0.03,rcc_slab,0.15,eps,0.1,south,0.9,0.9,0.85,3.5,32.479,36.547,0.4167,14.038
Pune,18.5204,73.8567,warm_humid,3.0,3.0,2.6,0.0,gi_sheet,0.002,gi_sheet,0.002,none,0.0,north,1.5,0.6,0.55,2.6,37.019,54.449,0.4524,13.408
Pune,18.5204,73.8567,warm_humid,3.0,3.0,2.6,180.0,rammed_earth,0.45,brick,0.23,eps,0.05,west,0.9,1.5,0.85,5.8,31.58,34.628,0.4405,13.943
Pune,18.5204,73.8567,warm_humid,3.0,3.0,2.6,180.0,rammed_earth,0.3,puf_sandwich_panel,0.075,mineral_wool,0.05,south,0.9,1.5,0.55,5.8,31.273,33.842,0.5179,13.957
Pune,18.5204,73.8567,warm_humid,3.0,3.0,2.6,0.0,concrete,0.15,gi_sheet,0.002,eps,0.05,west,1.5,1.5,0.75,2.6,34.117,38.698,0.1607,13.976
Pune,18.5204,73.8567,warm_humid,3.0,3.0,2.6,45.0,gi_sheet,0.002,puf_sandwich_panel,0.05,mineral_wool,0.05,east,1.8,1.5,0.75,5.8,34.749,43.422,0.381,14.17
Pune,18.5204,73.8567,warm_humid,3.0,3.0,2.6,180.0,plywood,0.019,gi_sheet,0.002,eps,0.1,north,0.9,0.6,0.35,2.6,31.962,36.924,0.506,14.174
Pune,18.5204,73.8567,warm_humid,3.0,3.0,2.6,45.0,brick,0.345,concrete,0.2,eps,0.1,south,1.2,0.9,0.35,3.5,30.424,32.926,0.756,13.946
Pune,18.5204,73.8567,warm_humid,3.0,3.0,2.6,0.0,gi_sheet,0.002,concrete,0.2,mineral_wool,0.025,east,0.6,1.5,0.55,3.5,34.172,40.163,0.2798,14.021
Pune,18.5204,73.8567,warm_humid,3.0,3.0,2.6,45.0,gi_sheet,0.002,concrete,0.15,mineral_wool,0.1,south,0.6,0.6,0.85,2.6,32.222,36.138,0.4464,14.035
Pune,18.5204,73.8567,warm_humid,3.0,3.0,2.6,180.0,rammed_earth,0.45,brick,0.115,eps,0.025,east,1.2,0.6,0.75,3.5,31.891,35.153,0.3988,13.944
Pune,18.5204,73.8567,warm_humid,3.0,3.0,2.6,90.0,puf_sandwich_panel,0.075,concrete,0.2,mineral_wool,0.05,south,1.2,0.6,0.85,2.6,32.238,35.835,0.4345,14.026
Pune,18.5204,73.8567,warm_humid,3.0,3.0,2.6,0.0,concrete,0.15,concrete,0.1,eps,0.05,west,0.9,1.5,0.85,3.5,33.459,37.397,0.2321,13.967
Pune,18.5204,73.8567,warm_humid,3.0,3.0,2.6,0.0,plywood,0.03,concrete,0.1,mineral_wool,0.05,west,0.9,0.9,0.55,5.8,33.068,38.468,0.375,14.062
Pune,18.5204,73.8567,warm_humid,3.0,3.0,2.6,180.0,rammed_earth,0.15,concrete,0.1,eps,0.025,west,0.6,0.6,0.45,3.5,33.227,36.91,0.2321,13.975
Pune,18.5204,73.8567,warm_humid,3.0,3.0,2.6,180.0,puf_sandwich_panel,0.1,puf_sandwich_panel,0.1,none,0.0,east,0.6,0.9,0.45,5.8,31.149,35.541,0.6012,14.218
Pune,18.5204,73.8567,warm_humid,3.0,3.0,2.6,135.0,concrete,0.3,brick,0.115,eps,0.025,south,1.8,1.5,0.65,2.6,33.716,37.727,0.2381,13.949
Pune,18.5204,73.8567,warm_humid,3.0,3.0,2.6,135.0,brick,0.23,brick,0.115,mineral_wool,0.025,north,1.5,0.9,0.45,5.8,33.328,36.914,0.244,13.96
Pune,18.5204,73.8567,warm_humid,3.0,3.0,2.6,90.0,rammed_earth,0.15,gi_sheet,0.002,eps,0.1,east,1.5,0.9,0.75,2.6,32.221,35.177,0.3988,13.986
Pune,18.5204,73.8567,warm_humid,3.0,3.0,2.6,135.0,brick,0.115,brick,0.23,eps,0.025,east,0.9,0.9,0.75,2.6,33.84,37.967,0.1786,13.974
Pune,18.5204,73.8567,warm_humid,3.0,3.0,2.6,90.0,rammed_earth,0.45,concrete,0.15,mineral_wool,0.025,south,1.5,0.9,0.85,5.8,32.446,36.042,0.3631,13.943
Pune,18.5204,73.8567,warm_humid,3.0,3.0,2.6,90.0,gi_sheet,0.002,concrete,0.2,mineral_wool,0.1,west,1.8,0.9,0.75,2.6,32.634,36.443,0.375,14.018
Pune,18.5204,73.8567,warm_humid,3.0,3.0,2.6,135.0,brick,0.115,rcc_slab,0.15,mineral_wool,0.05,west,1.2,1.5,0.65,3.5,33.408,37.03,0.2083,13.978
Pune,18.5204,73.8567,warm_humid,3.0,3.0,2.6,180.0,puf_sandwich_panel,0.05,brick,0.23,mineral_wool,0.1,south,1.5,0.6,0.75,2.6,31.448,34.164,0.5893,14.027
Pune,18.5204,73.8567,warm_humid,3.0,3.0,2.6,45.0,rammed_earth,0.45,puf_sandwich_panel,0.15,mineral_wool,0.05,east,0.9,0.6,0.45,5.8,30.084,32.386,0.881,13.945
Pune,18.5204,73.8567,warm_humid,3.0,3.0,2.6,0.0,plywood,0.03,rcc_slab,0.25,mineral_wool,0.05,south,1.2,0.9,0.35,5.8,32.561,36.217,0.375,14.007
Pune,18.5204,73.8567,warm_humid,3.0,3.0,2.6,135.0,puf_sandwich_panel,0.1,gi_sheet,0.002,eps,0.025,west,1.8,0.6,0.45,5.8,32.845,39.4,0.4583,14.203
Pune,18.5204,73.8567,warm_humid,3.0,3.0,2.6,45.0,plywood,0.03,puf_sandwich_panel,0.15,eps,0.025,north,1.8,1.2,0.45,2.6,33.419,40.895,0.4345,14.174
Pune,18.5204,73.8567,warm_humid,3.0,3.0,2.6,135.0,gi_sheet,0.002,brick,0.115,eps,0.1,north,1.8,0.9,0.65,2.6,33.346,38.334,0.3512,14.067
Pune,18.5204,73.8567,warm_humid,3.0,3.0,2.6,0.0,concrete,0.2,brick,0.115,eps,0.025,west,0.9,0.6,0.65,3.5,33.254,36.937,0.256,13.958
Pune,18.5204,73.8567,warm_humid,3.0,3.0,2.6,90.0,brick,0.345,rcc_slab,0.15,eps,0.025,west,0.9,1.2,0.45,5.8,32.184,35.396,0.3631,13.947
Pune,18.5204,73.8567,warm_humid,3.0,3.0,2.6,90.0,rammed_earth,0.3,puf_sandwich_panel,0.075,mineral_wool,0.1,south,1.8,0.9,0.55,5.8,31.316,34.096,0.4881,13.957
Pune,18.5204,73.8567,warm_humid,3.0,3.0,2.6,0.0,rammed_earth,0.15,rcc_slab,0.2,none,0.0,south,1.5,1.5,0.85,3.5,36.678,43.718,0.131,13.969
Pune,18.5204,73.8567,warm_humid,3.0,3.0,2.6,135.0,gi_sheet,0.002,concrete,0.15,eps,0.1,west,1.2,1.2,0.45,3.5,32.559,36.514,0.3869,14.038
Pune,18.5204,73.8567,warm_humid,3.0,3.0,2.6,180.0,brick,0.115,concrete,0.15,none,0.0,west,1.8,0.6,0.35,2.6,36.821,44.987,0.1488,13.978
Pune,18.5204,73.8567,warm_humid,3.0,3.0,2.6,0.0,puf_sandwich_panel,0.05,gi_sheet,0.002,mineral_wool,0.05,south,0.9,1.5,0.45,5.8,32.392,38.371,0.4881,14.197
Pune,18.5204,73.8567,warm_humid,3.0,3.0,2.6,0.0,puf_sandwich_panel,0.05,rcc_slab,0.2,mineral_wool,0.1,north,1.2,0.9,0.65,3.5,31.469,34.211,0.5893,14.024
Pune,18.5204,73.8567,warm_humid,3.0,3.0,2.6,0.0,brick,0.115,puf_sandwich_panel,0.1,eps,0.05,north,0.9,0.9,0.55,2.6,32.168,35.337,0.4226,13.997
Pune,18.5204,73.8567,warm_humid,3.0,3.0,2.6,0.0,brick,0.115,concrete,0.1,none,0.0,south,1.2,1.5,0.35,3.5,37.11,46.248,0.2024,13.984
Pune,18.5204,73.8567,warm_humid,3.0,3.0,2.6,45.0,gi_sheet,0.002,brick,0.23,mineral_wool,0.025,north,0.6,0.6,0.55,5.8,33.783,39.457,0.3274,14.023
Pune,18.5204,73.8567,warm_humid,3.0,3.0,2.6,45.0,plywood,0.012,rcc_slab,0.15,eps,0.1,north,0.6,1.2,0.75,5.8,32.34,36.16,0.4048,14.044
Pune,18.5204,73.8567,warm_humid,3.0,3.0,2.6,135.0,rammed_earth,0.3,gi_sheet,0.002,eps,0.025,south,1.5,0.9,0.65,3.5,33.021,36.584,0.2619,13.957
Pune,18.5204,73.8567,warm_humid,3.0,3.0,2.6,0.0,puf_sandwich_panel,0.075,rcc_slab,0.2,none,0.0,east,0.9,1.2,0.55,5.8,35.861,43.194,0.2083,14.028
Pune,18.5204,73.8567,warm_humid,3.0,3.0,2.6,45.0,plywood,0.012,brick,0.23,none,0.0,south,0.6,0.9,0.65,3.5,36.278,47.545,0.3274,14.028
Pune,18.5204,73.8567,warm_humid,3.0,3.0,2.6,90.0,concrete,0.15,gi_sheet,0.002,eps,0.025,east,1.8,1.5,0.55,2.6,34.262,38.758,0.1667,13.977
Pune,18.5204,73.8567,warm_humid,3.0,3.0,2.6,180.0,concrete,0.1,rcc_slab,0.15,mineral_wool,0.05,south,1.2,1.2,0.65,2.6,33.029,36.462,0.244,13.976
Pune,18.5204,73.8567,warm_humid,3.0,3.0,2.6,0.0,plywood,0.012,rcc_slab,0.1,eps,0.1,south,0.6,0.9,0.65,5.8,32.22,36.523,0.4524,14.073
Pune,18.5204,73.8567,warm_humid,3.0,3.0,2.6,45.0,concrete,0.3,gi_sheet,0.002,eps,0.05,south,0.9,0.6,0.35,2.6,31.379,34.235,0.4464,13.949
Pune,18.5204,73.8567,warm_humid,3.0,3.0,2.6,0.0,brick,0.345,rcc_slab,0.15,eps,0.1,north,1.8,0.9,0.65,5.8,30.958,33.613,0.5417,13.948
Pune,18.5204,73.8567,warm_humid,3.0,3.0,2.6,90.0,puf_sandwich_panel,0.05,concrete,0.2,eps,0.05,west,0.9,0.6,0.85,5.8,31.818,34.879,0.4881,14.028
Pune,18.5204,73.8567,warm_humid,3.0,3.0,2.6,180.0,rammed_earth,0.15,brick,0.115,mineral_wool,0.1,north,0.6,1.5,0.35,3.5,31.416,33.921,0.5476,13.975
Pune,18.5204,73.8567,warm_humid,3.0,3.0,2.6,90.0,gi_sheet,0.002,puf_sandwich_panel,0.05,eps,0.1,north,1.8,0.9,0.35,3.5,32.406,38.042,0.4702,14.172
Pune,18.5204,73.8567,warm_humid,3.0,3.0,2.6,0.0,brick,0.115,concrete,0.1,eps,0.025,south,1.2,0.9,0.55,3.5,33.991,38.413,0.1845,13.983
Pune,18.5204,73.8567,warm_humid,3.0,3.0,2.6,90.0,puf_sandwich_panel,0.1,brick,0.115,eps,0.025,west,1.2,1.5,0.65,5.8,33.282,38.533,0.375,14.081
Pune,18.5204,73.8567,warm_humid,3.0,3.0,2.6,135.0,gi_sheet,0.002,rcc_slab,0.25,mineral_wool,0.1,north,0.9,1.2,0.55,5.8,32.442,35.733,0.3869,14.006
Pune,18.5204,73.8567,warm_humid,3.0,3.0,2.6,0.0,concrete,0.15,rcc_slab,0.1,mineral_wool,0.025,west,0.9,1.2,0.75,3.5,34.055,38.365,0.1726,13.967
Pune,18.5204,73.8567,warm_humid,3.0,3.0,2.6,90.0,brick,0.345,gi_sheet,0.002,mineral_wool,0.1,south,0.9,1.2,0.85,2.6,31.297,34.192,0.4702,13.951
Pune,18.5204,73.8567,warm_humid,3.0,3.0,2.6,0.0,gi_sheet,0.002,concrete,0.15,none,0.0,south,1.2,1.2,0.45,2.6,36.787,51.197,0.3929,14.039
Pune,18.5204,73.8567,warm_humid,3.0,3.0,2.6,90.0,concrete,0.1,brick,0.23,eps,0.025,south,1.5,0.6,0.85,3.5,33.939,38.212,0.1667,13.973
Pune,18.5204,73.8567,warm_humid,3.0,3.0,2.6,45.0,gi_sheet,0.002,brick,0.23,none,0.0,north,0.9,0.9,0.75,2.6,36.413,49.18,0.369,14.023
Pune,18.5204,73.8567,warm_humid,3.0,3.0,2.6,45.0,puf_sandwich_panel,0.075,gi_sheet,0.002,mineral_wool,0.025,south,0.9,0.6,0.75,2.6,32.942,40.073,0.4583,14.201
Pune,18.5204,73.8567,warm_humid,3.0,3.0,2.6,135.0,concrete,0.2,brick,0.115,eps,0.05,west,1.5,0.9,0.55,2.6,32.505,35.641,0.2917,13.958
Pune,18.5204,73.8567,warm_humid,3.0,3.0,2.6,0.0,concrete,0.2,gi_sheet,0.002,eps,0.05,south,0.6,0.6,0.55,5.8,31.981,34.935,0.3631,13.962
Pune,18.5204,73.8567,warm_humid,3.0,3.0,2.6,135.0,brick,0.115,concrete,0.2,none,0.0,west,1.8,1.2,0.85,5.8,37.334,45.508,0.125,13.974
Pune,18.5204,73.8567,warm_humid,3.0,3.0,2.6,0.0,plywood,0.012,concrete,0.1,eps,0.1,south,0.9,0.6,0.45,3.5,32.078,36.28,0.4643,14.073
Pune,18.5204,73.8567,warm_humid,3.0,3.0,2.6,90.0,plywood,0.012,concrete,0.2,eps,0.05,south,0.9,0.6,0.75,5.8,32.933,37.345,0.3571,14.025
Pune,18.5204,73.8567,warm_humid,3.0,3.0,2.6,180.0,gi_sheet,0.002,rcc_slab,0.2,none,0.0,east,1.8,1.2,0.45,5.8,36.719,50.258,0.369,14.021
Pune,18.5204,73.8567,warm_humid,3.0,3.0,2.6,90.0,rammed_earth,0.3,concrete,0.2,mineral_wool,0.025,south,1.2,0.9,0.55,5.8,32.533,35.929,0.3095,13.95
Pune,18.5204,73.8567,warm_humid,3.0,3.0,2.6,135.0,concrete,0.2,puf_sandwich_panel,0.05,mineral_wool,0.05,south,1.8,0.6,0.45,3.5,31.859,34.743,0.3929,13.963
Pune,18.5204,73.8567,warm_humid,3.0,3.0,2.6,90.0,plywood,0.012,puf_sandwich_panel,0.15,eps,0.025,north,1.2,1.2,0.45,3.5,33.419,41.188,0.4345,14.203
Pune,18.5204,73.8567,warm_humid,3.0,3.0,2.6,135.0,puf_sandwich_panel,0.05,brick,0.115,eps,0.05,south,0.6,1.2,0.85,2.6,32.459,37.08,0.4464,14.082
Pune,18.5204,73.8567,warm_humid,3.0,3.0,2.6,45.0,brick,0.345,brick,0.115,eps,0.05,east,0.6,0.9,0.35,2.6,31.155,33.916,0.5238,13.948
Pune,18.5204,73.8567,warm_humid,3.0,3.0,2.6,135.0,plywood,0.019,rcc_slab,0.2,eps,0.05,north,0.9,0.9,0.85,2.6,33.301,37.601,0.3036,14.024
Pune,18.5204,73.8567,warm_humid,3.0,3.0,2.6,45.0,rammed_earth,0.45,concrete,0.1,mineral_wool,0.05,south,0.9,0.9,0.85,5.8,31.178,34.127,0.506,13.944
Pune,18.5204,73.8567,warm_humid,3.0,3.0,2.6,90.0,gi_sheet,0.002,gi_sheet,0.002,mineral_wool,0.025,south,0.9,1.2,0.45,3.5,34.211,44.103,0.4286,14.162
Pune,18.5204,73.8567,warm_humid,3.0,3.0,2.6,90.0,gi_sheet,0.002,concrete,0.1,eps,0.025,west,1.2,1.2,0.65,2.6,34.29,41.722,0.3571,14.066
Pune,18.5204,73.8567,warm_humid,3.0,3.0,2.6,0.0,puf_sandwich_panel,0.075,puf_sandwich_panel,0.15,mineral_wool,0.025,south,0.9,1.2,0.65,5.8,31.695,36.454,0.5357,14.212
Pune,18.5204,73.8567,warm_humid,3.0,3.0,2.6,90.0,gi_sheet,0.002,gi_sheet,0.002,eps,0.1,south,1.2,0.6,0.45,2.6,32.272,38.072,0.494,14.16
Pune,18.5204,73.8567,warm_humid,3.0,3.0,2.6,90.0,gi_sheet,0.002,gi_sheet,0.002,mineral_wool,0.1,south,1.2,0.6,0.35,2.6,32.146,37.586,0.494,14.147
Pune,18.5204,73.8567,warm_humid,3.0,3.0,2.6,135.0,gi_sheet,0.002,concrete,0.2,mineral_wool,0.05,east,0.9,0.9,0.65,5.8,33.228,37.879,0.3452,14.02
Pune,18.5204,73.8567,warm_humid,3.0,3.0,2.6,180.0,gi_sheet,0.002,puf_sandwich_panel,0.075,mineral_wool,0.1,north,0.9,1.5,0.35,3.5,32.333,37.727,0.4762,14.157
Pune,18.5204,73.8567,warm_humid,3.0,3.0,2.6,180.0,gi_sheet,0.002,concrete,0.2,eps,0.025,north,1.5,0.9,0.85,5.8,34.6,40.803,0.2738,14.021
Pune,18.5204,73.8567,warm_humid,3.0,3.0,2.6,0.0,plywood,0.012,rcc_slab,0.25,mineral_wool,0.1,south,0.6,1.2,0.85,3.5,32.27,35.582,0.4107,14.009
Pune,18.5204,73.8567,warm_humid,3.0,3.0,2.6,90.0,concrete,0.2,brick,0.23,mineral_wool,0.025,west,1.2,0.6,0.45,2.6,32.722,36.053,0.2798,13.954
Pune,18.5204,73.8567,warm_humid,3.0,3.0,2.6,135.0,concrete,0.3,brick,0.23,none,0.0,north,1.8,1.5,0.85,3.5,36.077,41.223,0.1071,13.947
Pune,18.5204,73.8567,warm_humid,3.0,3.0,2.6,0.0,puf_sandwich_panel,0.1,puf_sandwich_panel,0.15,mineral_wool,0.025,north,1.2,1.5,0.35,2.6,31.302,35.65,0.5714,14.209
Pune,18.5204,73.8567,warm_humid,3.0,3.0,2.6,135.0,plywood,0.012,puf_sandwich_panel,0.15,mineral_wool,0.1,west,1.2,1.5,0.55,2.6,32.723,38.497,0.4464,14.179
Pune,18.5204,73.8567,warm_humid,3.0,3.0,2.6,45.0,rammed_earth,0.3,puf_sandwich_panel,0.15,eps,0.025,north,1.5,0.6,0.45,3.5,31.529,34.257,0.4524,13.957
Pune,18.5204,73.8567,warm_humid,3.0,3.0,2.6,45.0,rammed_earth,0.45,gi_sheet,0.002,mineral_wool,0.025,north,1.8,1.2,0.75,3.5,32.905,36.411,0.2917,13.947
Pune,18.5204,73.8567,warm_humid,3.0,3.0,2.6,180.0,rammed_earth,0.3,brick,0.23,none,0.0,east,1.8,1.2,0.45,2.6,34.709,39.274,0.1488,13.952
Pune,18.5204,73.8567,warm_humid,3.0,3.0,2.6,135.0,plywood,0.012,concrete,0.15,mineral_wool,0.025,south,0.6,0.6,0.35,2.6,33.866,39.976,0.3274,14.045
Pune,18.5204,73.8567,warm_humid,3.0,3.0,2.6,90.0,rammed_earth,0.45,rcc_slab,0.25,eps,0.1,west,1.8,1.2,0.75,5.8,30.823,33.536,0.5595,13.942
Pune,18.5204,73.8567,warm_humid,3.0,3.0,2.6,0.0,plywood,0.019,puf_sandwich_panel,0.075,mineral_wool,0.025,north,1.2,0.9,0.45,2.6,33.11,40.758,0.4583,14.188
Pune,18.5204,73.8567,warm_humid,3.0,3.0,2.6,90.0,brick,0.23,gi_sheet,0.002,mineral_wool,0.025,south,1.2,1.5,0.35,2.6,33.306,37.056,0.2381,13.965
Pune,18.5204,73.8567,warm_humid,3.0,3.0,2.6,0.0,puf_sandwich_panel,0.075,brick,0.23,none,0.0,east,1.2,1.2,0.45,5.8,34.606,40.36,0.25,14.031
Pune,18.5204,73.8567,warm_humid,3.0,3.0,2.6,135.0,puf_sandwich_panel,0.1,brick,0.23,eps,0.05,north,1.2,1.5,0.35,2.6,32.146,35.438,0.4345,14.03
Pune,18.5204,73.8567,warm_humid,3.0,3.0,2.6,135.0,puf_sandwich_panel,0.05,gi_sheet,0.002,eps,0.1,south,1.8,1.5,0.55,2.6,33.088,40.92,0.4464,14.202
Pune,18.5204,73.8567,warm_humid,3.0,3.0,2.6,135.0,plywood,0.019,brick,0.23,eps,0.025,north,0.9,0.6,0.35,3.5,33.607,38.791,0.3214,14.026
Pune,18.5204,73.8567,warm_humid,3.0,3.0,2.6,45.0,plywood,0.03,concrete,0.2,eps,0.1,south,1.5,1.5,0.75,2.6,33.744,38.848,0.256,14.02
Pune,18.5204,73.8567,warm_humid,3.0,3.0,2.6,135.0,plywood,0.03,rcc_slab,0.1,none,0.0,north,0.9,1.5,0.85,3.5,37.583,51.541,0.3393,14.065
Pune,18.5204,73.8567,warm_humid,3.0,3.0,2.6,45.0,rammed_earth,0.45,gi_sheet,0.002,eps,0.1,east,1.2,0.6,0.45,3.5,30.084,32.392,0.869,13.945
Pune,18.5204,73.8567,warm_humid,3.0,3.0,2.6,90.0,concrete,0.1,brick,0.23,mineral_wool,0.025,west,1.2,1.5,0.65,5.8,33.849,37.928,0.1845,13.973
Pune,18.5204,73.8567,warm_humid,3.0,3.0,2.6,135.0,concrete,0.2,brick,0.115,mineral_wool,0.025,south,1.5,1.5,0.35,2.6,33.518,37.349,0.244,13.959
Pune,18.5204,73.8567,warm_humid,3.0,3.0,2.6,90.0,puf_sandwich_panel,0.05,puf_sandwich_panel,0.1,eps,0.025,north,1.8,1.2,0.65,5.8,33.303,39.762,0.4345,14.223
Pune,18.5204,73.8567,warm_humid,3.0,3.0,2.6,135.0,brick,0.23,concrete,0.15,eps,0.05,south,1.2,1.5,0.55,5.8,32.534,35.843,0.2976,13.958
Pune,18.5204,73.8567,warm_humid,3.0,3.0,2.6,135.0,concrete,0.2,rcc_slab,0.2,eps,0.1,west,1.8,0.9,0.55,2.6,31.653,34.423,0.4107,13.955
Pune,18.5204,73.8567,warm_humid,3.0,3.0,2.6,90.0,gi_sheet,0.002,gi_sheet,0.002,none,0.0,west,1.2,0.9,0.65,2.6,37.063,54.554,0.4524,13.408
Pune,18.5204,73.8567,warm_humid,3.0,3.0,2.6,90.0,concrete,0.3,concrete,0.2,mineral_wool,0.025,west,1.2,0.6,0.45,2.6,32.215,35.476,0.3631,13.945
Pune,18.5204,73.8567,warm_humid,3.0,3.0,2.6,90.0,rammed_earth,0.3,gi_sheet,0.002,eps,0.05,north,0.9,0.6,0.65,3.5,31.535,34.26,0.4345,13.957
Pune,18.5204,73.8567,warm_humid,3.0,3.0,2.6,135.0,puf_sandwich_panel,0.05,concrete,0.2,eps,0.05,west,0.6,1.2,0.55,5.8,31.911,35.045,0.4702,14.028
Pune,18.5204,73.8567,warm_humid,3.0,3.0,2.6,0.0,brick,0.23,puf_sandwich_panel,0.15,eps,0.025,east,1.8,0.9,0.75,5.8,33.113,36.457,0.25,13.965
Pune,18.5204,73.8567,warm_humid,3.0,3.0,2.6,90.0,gi_sheet,0.002,rcc_slab,0.2,eps,0.05,west,0.6,1.5,0.85,2.6,33.05,37.401,0.3452,14.021
Pune,18.5204,73.8567,warm_humid,3.0,3.0,2.6,180.0,plywood,0.019,concrete,0.1,eps,0.1,north,0.6,1.5,0.65,3.5,32.403,36.515,0.4345,14.069
Pune,18.5204,73.8567,warm_humid,3.0,3.0,2.6,135.0,gi_sheet,0.002,gi_sheet,0.002,eps,0.05,east,1.8,1.5,0.65,5.8,34.774,45.585,0.3929,14.166
Pune,18.5204,73.8567,warm_humid,3.0,3.0,2.6,180.0,gi_sheet,0.002,rcc_slab,0.25,eps,0.1,north,1.5,1.5,0.35,2.6,32.589,36.173,0.3631,14.008
Pune,18.5204,73.8567,warm_humid,3.0,3.0,2.6,90.0,brick,0.23,rcc_slab,0.15,eps,0.1,east,1.2,1.2,0.85,3.5,31.896,34.734,0.381,13.957
Pune,18.5204,73.8567,warm_humid,3.0,3.0,2.6,135.0,brick,0.23,concrete,0.1,eps,0.05,west,1.2,1.5,0.55,3.5,32.63,35.803,0.2798,13.96
Pune,18.5204,73.8567,warm_humid,3.0,3.0,2.6,90.0,rammed_earth,0.15,gi_sheet,0.002,none,0.0,west,1.8,1.5,0.35,5.8,36.771,46.246,0.256,13.989
Pune,18.5204,73.8567,warm_humid,3.0,3.0,2.6,135.0,concrete,0.3,concrete,0.1,mineral_wool,0.1,east,1.5,0.6,0.75,3.5,31.016,33.78,0.5417,13.947
Pune,18.5204,73.8567,warm_humid,3.0,3.0,2.6,180.0,rammed_earth,0.3,concrete,0.1,mineral_wool,0.1,north,1.5,1.5,0.75,5.8,32.188,35.186,0.3393,13.954
Pune,18.5204,73.8567,warm_humid,3.0,3.0,2.6,0.0,rammed_earth,0.3,puf_sandwich_panel,0.1,mineral_wool,0.05,south,0.6,1.2,0.75,3.5,31.133,33.678,0.5595,13.957
Pune,18.5204,73.8567,warm_humid,3.0,3.0,2.6,135.0,plywood,0.012,gi_sheet,0.002,none,0.0,south,1.2,1.2,0.45,2.6,37.4,55.258,0.4405,14.149
Pune,18.5204,73.8567,warm_humid,3.0,3.0,2.6,45.0,rammed_earth,0.15,concrete,0.1,mineral_wool,0.1,west,1.8,0.9,0.55,3.5,32.09,35.163,0.381,13.975
Pune,18.5204,73.8567,warm_humid,3.0,3.0,2.6,90.0,concrete,0.1,concrete,0.15,mineral_wool,0.1,west,0.6,0.6,0.45,5.8,31.304,33.776,0.5774,13.975
Pune,18.5204,73.8567,warm_humid,3.0,3.0,2.6,135.0,gi_sheet,0.002,puf_sandwich_panel,0.15,mineral_wool,0.05,north,0.9,0.9,0.85,5.8,33.111,39.517,0.4405,14.164
Pune,18.5204,73.8567,warm_humid,3.0,3.0,2.6,0.0,rammed_earth,0.15,concrete,0.15,eps,0.025,south,0.6,1.5,0.85,5.8,33.611,37.491,0.1905,13.971
Pune,18.5204,73.8567,warm_humid,3.0,3.0,2.6,180.0,brick,0.345,rcc_slab,0.1,mineral_wool,0.025,south,1.8,1.2,0.45,2.6,32.677,36.044,0.2917,13.949
Pune,18.5204,73.8567,warm_humid,3.0,3.0,2.6,0.0,rammed_earth,0.15,brick,0.23,mineral_wool,0.025,south,1.2,1.2,0.65,5.8,33.521,37.302,0.2083,13.968
Pune,18.5204,73.8567,warm_humid,3.0,3.0,2.6,45.0,brick,0.23,rcc_slab,0.1,eps,0.025,south,0.6,0.6,0.55,5.8,32.948,36.426,0.2679,13.959
Pune,18.5204,73.8567,warm_humid,3.0,3.0,2.6,0.0,plywood,0.05,concrete,0.2,eps,0.1,north,0.9,1.2,0.65,2.6,31.905,34.961,0.4762,14.016
Pune,18.5204,73.8567,warm_humid,3.0,3.0,2.6,90.0,rammed_earth,0.45,rcc_slab,0.15,none,0.0,south,0.9,0.9,0.55,5.8,34.745,39.314,0.2083,13.943
Pune,18.5204,73.8567,warm_humid,3.0,3.0,2.6,135.0,concrete,0.15,puf_sandwich_panel,0.15,mineral_wool,0.05,south,1.5,1.5,0.45,2.6,32.581,35.951,0.3155,13.976
Pune,18.5204,73.8567,warm_humid,3.0,3.0,2.6,0.0,concrete,0.3,gi_sheet,0.002,eps,0.025,north,1.8,0.6,0.85,3.5,32.91,36.397,0.2798,13.95
Pune,18.5204,73.8567,warm_humid,3.0,3.0,2.6,180.0,plywood,0.012,brick,0.115,eps,0.025,west,0.6,0.6,0.85,5.8,34.186,41.237,0.3512,14.077
Pune,18.5204,73.8567,warm_humid,3.0,3.0,2.6,0.0,puf_sandwich_panel,0.05,brick,0.115,eps,0.1,east,1.8,0.6,0.85,5.8,32.528,36.394,0.4107,14.081
Pune,18.5204,73.8567,warm_humid,3.0,3.0,2.6,135.0,plywood,0.05,rcc_slab,0.15,eps,0.05,north,0.9,1.2,0.45,2.6,32.828,36.94,0.369,14.032
Pune,18.5204,73.8567,warm_humid,3.0,3.0,2.6,180.0,brick,0.23,concrete,0.1,mineral_wool,0.1,east,1.5,1.5,0.55,2.6,32.382,35.69,0.3095,13.96
Pune,18.5204,73.8567,warm_humid,3.0,3.0,2.6,180.0,gi_sheet,0.002,gi_sheet,0.002,eps,0.05,east,1.5,0.6,0.65,2.6,33.626,41.753,0.4226,14.164
Pune,18.5204,73.8567,warm_humid,3.0,3.0,2.6,90.0,concrete,0.1,concrete,0.2,mineral_wool,0.025,west,0.9,1.2,0.55,3.5,33.604,37.537,0.1964,13.972
Pune,18.5204,73.8567,warm_humid,3.0,3.0,2.6,135.0,concrete,0.3,puf_sandwich_panel,0.05,mineral_wool,0.025,east,1.5,0.9,0.75,3.5,32.587,36.0,0.3095,13.95
Pune,18.5204,73.8567,warm_humid,3.0,3.0,2.6,135.0,gi_sheet,0.002,gi_sheet,0.002,eps,0.025,west,1.5,0.6,0.35,5.8,34.135,43.41,0.4286,14.165
Pune,18.5204,73.8567,warm_humid,3.0,3.0,2.6,0.0,plywood,0.05,rcc_slab,0.2,none,0.0,south,0.6,1.2,0.75,2.6,36.306,45.236,0.2679,14.016
Pune,18.5204,73.8567,warm_humid,3.0,3.0,2.6,45.0,puf_sandwich_panel,0.05,puf_sandwich_panel,0.05,eps,0.025,east,1.2,0.9,0.45,2.6,32.001,37.28,0.5179,14.226
Pune,18.5204,73.8567,warm_humid,3.0,3.0,2.6,0.0,brick,0.115,brick,0.23,mineral_wool,0.025,south,0.6,1.2,0.65,2.6,33.585,37.489,0.1905,13.973
Pune,18.5204,73.8567,warm_humid,3.0,3.0,2.6,180.0,puf_sandwich_panel,0.05,puf_sandwich_panel,0.15,none,0.0,east,1.8,0.6,0.75,3.5,32.507,39.574,0.494,14.224
Pune,18.5204,73.8567,warm_humid,3.0,3.0,2.6,180.0,rammed_earth,0.15,gi_sheet,0.002,eps,0.1,east,1.8,1.2,0.55,3.5,32.832,36.532,0.2738,13.987
Pune,18.5204,73.8567,warm_humid,3.0,3.0,2.6,45.0,gi_sheet,0.002,concrete,0.2,mineral_wool,0.025,west,0.6,1.5,0.85,2.6,34.342,40.744,0.2798,14.021
Pune,18.5204,73.8567,warm_humid,3.0,3.0,2.6,0.0,concrete,0.2,gi_sheet,0.002,mineral_wool,0.1,north,1.8,1.5,0.35,2.6,31.811,34.647,0.3988,13.964
Pune,18.5204,73.8567,warm_humid,3.0,3.0,2.6,180.0,brick,0.23,gi_sheet,0.002,none,0.0,south,1.2,1.5,0.85,5.8,37.003,44.075,0.0893,13.965
Pune,18.5204,73.8567,warm_humid,3.0,3.0,2.6,180.0,puf_sandwich_panel,0.15,brick,0.23,none,0.0,west,1.2,1.5,0.35,2.6,34.423,39.918,0.25,14.029
Pune,18.5204,73.8567,warm_humid,3.0,3.0,2.6,0.0,plywood,0.019,concrete,0.2,eps,0.1,west,0.6,1.5,0.45,3.5,32.117,35.741,0.4464,14.023
Pune,18.5204,73.8567,warm_humid,3.0,3.0,2.6,45.0,brick,0.23,gi_sheet,0.002,mineral_wool,0.1,west,0.6,1.2,0.55,5.8,31.161,33.729,0.5595,13.963
Pune,18.5204,73.8567,warm_humid,3.0,3.0,2.6,180.0,gi_sheet,0.002,rcc_slab,0.2,eps,0.025,north,0.9,1.2,0.45,3.5,34.049,39.817,0.3095,14.021
Pune,18.5204,73.8567,warm_humid,3.0,3.0,2.6,45.0,concrete,0.1,brick,0.115,eps,0.025,north,0.9,0.6,0.65,3.5,33.892,38.264,0.1905,13.981
Pune,18.5204,73.8567,warm_humid,3.0,3.0,2.6,0.0,plywood,0.03,gi_sheet,0.002,mineral_wool,0.05,south,1.2,1.5,0.55,2.6,33.538,41.107,0.4226,14.157
Pune,18.5204,73.8567,warm_humid,3.0,3.0,2.6,0.0,gi_sheet,0.002,puf_sandwich_panel,0.1,mineral_wool,0.025,north,1.8,1.2,0.35,3.5,33.438,42.03,0.4524,14.173
Pune,18.5204,73.8567,warm_humid,3.0,3.0,2.6,45.0,gi_sheet,0.002,concrete,0.1,mineral_wool,0.025,north,0.6,0.6,0.85,3.5,34.193,41.504,0.3452,14.064
Pune,18.5204,73.8567,warm_humid,3.0,3.0,2.6,180.0,concrete,0.1,rcc_slab,0.1,none,0.0,east,1.2,1.2,0.75,5.8,37.423,47.881,0.2381,13.982
Pune,18.5204,73.8567,warm_humid,3.0,3.0,2.6,90.0,rammed_earth,0.3,puf_sandwich_panel,0.05,mineral_wool,0.05,west,0.9,0.6,0.55,2.6,30.848,33.26,0.6607,13.957
Pune,18.5204,73.8567,warm_humid,3.0,3.0,2.6,135.0,brick,0.345,rcc_slab,0.2,mineral_wool,0.05,east,0.6,0.6,0.55,5.8,30.951,33.695,0.5417,13.946
Pune,18.5204,73.8567,warm_humid,3.0,3.0,2.6,135.0,gi_sheet,0.002,brick,0.115,none,0.0,north,0.6,1.5,0.35,3.5,36.734,51.725,0.4048,14.058
Pune,18.5204,73.8567,warm_humid,3.0,3.0,2.6,90.0,rammed_earth,0.45,gi_sheet,0.002,mineral_wool,0.1,north,0.9,0.6,0.85,5.8,30.185,32.535,0.8155,13.945
Pune,18.5204,73.8567,warm_humid,3.0,3.0,2.6,45.0,brick,0.115,concrete,0.15,eps,0.025,south,0.9,0.9,0.55,3.5,33.868,38.153,0.1786,13.977
Pune,18.5204,73.8567,warm_humid,3.0,3.0,2.6,0.0,rammed_earth,0.15,rcc_slab,0.2,mineral_wool,0.05,south,1.2,0.6,0.65,2.6,32.23,35.25,0.3333,13.967
Pune,18.5204,73.8567,warm_humid,3.0,3.0,2.6,135.0,brick,0.345,gi_sheet,0.002,none,0.0,north,0.9,1.5,0.65,5.8,36.436,42.047,0.1012,13.951
Pune,18.5204,73.8567,warm_humid,3.0,3.0,2.6,135.0,rammed_earth,0.45,rcc_slab,0.1,none,0.0,north,1.2,1.2,0.55,3.5,35.414,40.249,0.1488,13.944
Pune,18.5204,73.8567,warm_humid,3.0,3.0,2.6,45.0,puf_sandwich_panel,0.15,brick,0.115,eps,0.1,east,0.6,1.5,0.35,5.8,31.202,34.097,0.6071,14.076
Pune,18.5204,73.8567,warm_humid,3.0,3.0,2.6,45.0,plywood,0.019,puf_sandwich_panel,0.05,mineral_wool,0.025,south,0.6,0.6,0.85,3.5,33.279,41.322,0.4583,14.188
Pune,18.5204,73.8567,warm_humid,3.0,3.0,2.6,45.0,plywood,0.019,concrete,0.15,eps,0.025,north,1.2,1.2,0.85,2.6,34.715,41.389,0.2917,14.043
Pune,18.5204,73.8567,warm_humid,3.0,3.0,2.6,90.0,brick,0.345,rcc_slab,0.1,eps,0.1,west,0.6,0.6,0.55,5.8,30.111,32.377,0.8869,13.948
Pune,18.5204,73.8567,warm_humid,3.0,3.0,2.6,180.0,rammed_earth,0.15,brick,0.115,eps,0.025,north,0.9,0.6,0.45,5.8,33.238,36.937,0.2262,13.975
Pune,18.5204,73.8567,warm_humid,3.0,3.0,2.6,180.0,plywood,0.012,rcc_slab,0.1,mineral_wool,0.1,east,1.2,0.9,0.65,3.5,32.848,37.877,0.375,14.067
Pune,18.5204,73.8567,warm_humid,3.0,3.0,2.6,45.0,brick,0.23,puf_sandwich_panel,0.1,eps,0.1,east,1.8,0.9,0.55,3.5,31.723,34.385,0.4226,13.965
Pune,18.5204,73.8567,warm_humid,3.0,3.0,2.6,135.0,puf_sandwich_panel,0.05,gi_sheet,0.002,eps,0.1,west,1.8,1.2,0.35,3.5,32.073,37.268,0.506,14.202
Pune,18.5204,73.8567,warm_humid,3.0,3.0,2.6,135.0,rammed_earth,0.15,rcc_slab,0.15,none,0.0,north,1.5,0.6,0.35,5.8,36.337,43.452,0.131,13.971
Pune,18.5204,73.8567,warm_humid,3.0,3.0,2.6,180.0,brick,0.23,gi_sheet,0.002,mineral_wool,0.05,west,0.6,0.9,0.85,2.6,32.202,35.141,0.3214,13.963
Pune,18.5204,73.8567,warm_humid,3.0,3.0,2.6,90.0,puf_sandwich_panel,0.1,puf_sandwich_panel,0.075,none,0.0,east,1.5,0.9,0.85,3.5,32.521,38.439,0.4762,14.22
Pune,18.5204,73.8567,warm_humid,3.0,3.0,2.6,0.0,rammed_earth,0.3,concrete,0.2,eps,0.05,south,0.9,1.2,0.55,5.8,31.549,34.411,0.4226,13.951
Pune,18.5204,73.8567,warm_humid,3.0,3.0,2.6,90.0,puf_sandwich_panel,0.05,rcc_slab,0.1,none,0.0,north,1.8,0.9,0.45,5.8,36.871,48.28,0.2976,14.08
Pune,18.5204,73.8567,warm_humid,3.0,3.0,2.6,135.0,rammed_earth,0.3,concrete,0.2,mineral_wool,0.1,west,0.9,1.5,0.45,2.6,30.83,33.341,0.6071,13.95
Pune,18.5204,73.8567,warm_humid,3.0,3.0,2.6,90.0,puf_sandwich_panel,0.15,concrete,0.2,eps,0.05,east,0.9,1.5,0.45,5.8,31.88,34.953,0.4762,14.026
Pune,18.5204,73.8567,warm_humid,3.0,3.0,2.6,135.0,concrete,0.3,rcc_slab,0.15,eps,0.1,east,0.6,0.6,0.85,3.5,30.446,32.946,0.744,13.946
Pune,18.5204,73.8567,warm_humid,3.0,3.0,2.6,180.0,rammed_earth,0.15,brick,0.115,eps,0.025,south,1.8,1.2,0.75,5.8,34.067,38.286,0.1726,13.977
Pune,18.5204,73.8567,warm_humid,3.0,3.0,2.6,180.0,puf_sandwich_panel,0.1,gi_sheet,0.002,mineral_wool,0.025,west,0.6,0.6,0.75,3.5,32.637,38.732,0.4702,14.197
Pune,18.5204,73.8567,warm_humid,3.0,3.0,2.6,45.0,gi_sheet,0.002,rcc_slab,0.2,mineral_wool,0.025,south,1.2,1.2,0.65,5.8,34.546,41.295,0.2738,14.021
Pune,18.5204,73.8567,warm_humid,3.0,3.0,2.6,0.0,puf_sandwich_panel,0.1,brick,0.23,mineral_wool,0.05,west,0.6,1.5,0.65,3.5,32.093,35.599,0.4464,14.028
Pune,18.5204,73.8567,warm_humid,3.0,3.0,2.6,180.0,rammed_earth,0.3,puf_sandwich_panel,0.075,eps,0.025,east,1.8,0.9,0.75,3.5,32.649,36.092,0.2917,13.958
Pune,18.5204,73.8567,warm_humid,3.0,3.0,2.6,90.0,plywood,0.012,brick,0.115,eps,0.05,north,0.6,0.6,0.85,5.8,33.02,38.189,0.3929,14.077
Pune,18.5204,73.8567,warm_humid,3.0,3.0,2.6,135.0,puf_sandwich_panel,0.15,gi_sheet,0.002,mineral_wool,0.1,south,1.2,1.2,0.35,5.8,31.484,36.086,0.5655,14.172
Pune,18.5204,73.8567,warm_humid,3.0,3.0,2.6,90.0,rammed_earth,0.45,rcc_slab,0.15,mineral_wool,0.1,east,1.5,1.5,0.85,5.8,31.582,34.592,0.4345,13.944
Pune,18.5204,73.8567,warm_humid,3.0,3.0,2.6,90.0,rammed_earth,0.15,rcc_slab,0.2,eps,0.025,north,0.6,1.2,0.45,5.8,33.101,36.623,0.25,13.967
Pune,18.5204,73.8567,warm_humid,3.0,3.0,2.6,90.0,brick,0.23,puf_sandwich_panel,0.05,mineral_wool,0.05,south,1.5,1.2,0.35,5.8,31.927,34.896,0.381,13.965
Pune,18.5204,73.8567,warm_humid,3.0,3.0,2.6,45.0,gi_sheet,0.002,rcc_slab,0.25,eps,0.05,west,0.9,0.9,0.35,5.8,32.801,36.939,0.3571,14.008
Pune,18.5204,73.8567,warm_humid,3.0,3.0,2.6,180.0,plywood,0.05,puf_sandwich_panel,0.075,mineral_wool,0.05,north,1.2,0.6,0.35,5.8,31.976,36.696,0.506,14.139
Pune,18.5204,73.8567,warm_humid,3.0,3.0,2.6,90.0,brick,0.23,rcc_slab,0.2,eps,0.025,north,0.9,0.6,0.35,3.5,32.62,35.899,0.2917,13.955
Pune,18.5204,73.8567,warm_humid,3.0,3.0,2.6,180.0,concrete,0.2,puf_sandwich_panel,0.075,mineral_wool,0.025,north,1.5,1.2,0.55,3.5,32.942,36.281,0.2619,13.964
Pune,18.5204,73.8567,warm_humid,3.0,3.0,2.6,45.0,brick,0.23,rcc_slab,0.2,mineral_wool,0.025,north,0.6,1.5,0.65,2.6,33.031,36.516,0.2679,13.955
Pune,18.5204,73.8567,warm_humid,3.0,3.0,2.6,45.0,brick,0.345,concrete,0.2,mineral_wool,0.025,east,0.6,0.6,0.55,2.6,31.975,35.167,0.3869,13.946
Pune,18.5204,73.8567,warm_humid,3.0,3.0,2.6,180.0,puf_sandwich_panel,0.075,concrete,0.2,mineral_wool,0.025,south,1.5,1.2,0.45,2.6,32.764,36.739,0.3631,14.027
Pune,18.5204,73.8567,warm_humid,3.0,3.0,2.6,135.0,gi_sheet,0.002,concrete,0.2,none,0.0,west,0.6,1.5,0.85,5.8,36.877,50.48,0.3631,14.021
Pune,18.5204,73.8567,warm_humid,3.0,3.0,2.6,135.0,rammed_earth,0.45,puf_sandwich_panel,0.15,none,0.0,west,0.9,1.5,0.75,5.8,32.271,35.488,0.3631,13.946
Pune,18.5204,73.8567,warm_humid,3.0,3.0,2.6,180.0,gi_sheet,0.002,rcc_slab,0.2,none,0.0,north,1.5,0.9,0.45,2.6,36.616,49.859,0.369,14.021
Pune,18.5204,73.8567,warm_humid,3.0,3.0,2.6,180.0,gi_sheet,0.002,puf_sandwich_panel,0.1,eps,0.05,west,0.9,0.9,0.45,3.5,32.788,38.986,0.4524,14.173
Pune,18.5204,73.8567,warm_humid,3.0,3.0,2.6,180.0,gi_sheet,0.002,gi_sheet,0.002,mineral_wool,0.1,east,0.9,1.5,0.55,2.6,33.116,40.006,0.4286,14.148
Pune,18.5204,73.8567,warm_humid,3.0,3.0,2.6,90.0,puf_sandwich_panel,0.15,brick,0.115,eps,0.1,south,0.9,1.5,0.75,2.6,32.513,37.298,0.4226,14.076
Pune,18.5204,73.8567,warm_humid,3.0,3.0,2.6,90.0,rammed_earth,0.15,brick,0.23,none,0.0,west,1.2,0.6,0.75,5.8,35.36,41.093,0.1488,13.968
Pune,18.5204,73.8567,warm_humid,3.0,3.0,2.6,90.0,concrete,0.3,brick,0.23,mineral_wool,0.025,east,0.6,1.2,0.65,5.8,32.284,35.569,0.3631,13.945
Pune,18.5204,73.8567,warm_humid,3.0,3.0,2.6,0.0,concrete,0.2,puf_sandwich_panel,0.1,none,0.0,east,1.5,0.9,0.45,2.6,34.715,39.788,0.1607,13.963
Pune,18.5204,73.8567,warm_humid,3.0,3.0,2.6,90.0,concrete,0.1,concrete,0.2,eps,0.025,south,0.9,1.2,0.55,3.5,33.82,38.02,0.1786,13.972
Pune,18.5204,73.8567,warm_humid,3.0,3.0,2.6,0.0,brick,0.115,puf_sandwich_panel,0.075,none,0.0,east,0.6,0.9,0.55,5.8,35.015,41.807,0.2679,13.997
Pune,18.5204,73.8567,warm_humid,3.0,3.0,2.6,180.0,gi_sheet,0.002,rcc_slab,0.1,mineral_wool,0.025,east,1.8,0.9,0.35,2.6,34.37,42.143,0.3512,14.065
Pune,18.5204,73.8567,warm_humid,3.0,3.0,2.6,135.0,brick,0.345,puf_sandwich_panel,0.15,mineral_wool,0.025,west,1.8,0.9,0.45,2.6,31.721,34.594,0.4048,13.952
Pune,18.5204,73.8567,warm_humid,3.0,3.0,2.6,135.0,brick,0.345,rcc_slab,0.1,eps,0.05,north,1.5,1.2,0.75,3.5,32.547,35.822,0.3274,13.949
Pune,18.5204,73.8567,warm_humid,3.0,3.0,2.6,45.0,concrete,0.1,concrete,0.1,mineral_wool,0.05,east,0.6,0.6,0.55,2.6,32.623,35.965,0.3214,13.98
Pune,18.5204,73.8567,warm_humid,3.0,3.0,2.6,0.0,puf_sandwich_panel,0.075,brick,0.23,eps,0.025,west,1.8,1.2,0.45,2.6,33.302,38.254,0.3214,14.031
Pune,18.5204,73.8567,warm_humid,3.0,3.0,2.6,135.0,concrete,0.1,brick,0.23,none,0.0,west,1.8,0.9,0.55,2.6,36.485,44.58,0.1905,13.973
Pune,18.5204,73.8567,warm_humid,3.0,3.0,2.6,90.0,plywood,0.03,brick,0.23,eps,0.025,south,1.5,0.6,0.45,2.6,33.597,38.82,0.3274,14.024
Pune,18.5204,73.8567,warm_humid,3.0,3.0,2.6,0.0,gi_sheet,0.002,rcc_slab,0.1,mineral_wool,0.05,east,0.6,1.2,0.55,3.5,33.329,39.046,0.375,14.062
Pune,18.5204,73.8567,warm_humid,3.0,3.0,2.6,0.0,brick,0.23,brick,0.115,eps,0.025,north,1.5,0.9,0.45,3.5,33.086,36.58,0.256,13.96
Pune,18.5204,73.8567,warm_humid,3.0,3.0,2.6,180.0,concrete,0.1,concrete,0.15,mineral_wool,0.05,east,1.8,1.2,0.75,5.8,34.205,38.748,0.1607,13.977
Pune,18.5204,73.8567,warm_humid,3.0,3.0,2.6,180.0,brick,0.345,brick,0.115,mineral_wool,0.025,south,1.5,1.5,0.65,2.6,32.977,36.463,0.2738,13.95
Pune,18.5204,73.8567,warm_humid,3.0,3.0,2.6,180.0,puf_sandwich_panel,0.1,gi_sheet,0.002,mineral_wool,0.025,north,1.2,1.5,0.35,2.6,32.959,40.002,0.4643,14.198
Pune,18.5204,73.8567,warm_humid,3.0,3.0,2.6,90.0,rammed_earth,0.3,rcc_slab,0.15,eps,0.025,south,1.8,1.2,0.85,2.6,33.949,38.154,0.2262,13.953
Pune,18.5204,73.8567,warm_humid,3.0,3.0,2.6,90.0,gi_sheet,0.002,concrete,0.2,mineral_wool,0.025,west,0.6,0.9,0.75,2.6,33.804,39.335,0.3274,14.021
Pune,18.5204,73.8567,warm_humid,3.0,3.0,2.6,45.0,brick,0.115,puf_sandwich_panel,0.05,mineral_wool,0.025,south,1.2,1.5,0.35,5.8,33.345,37.813,0.2798,13.999
Pune,18.5204,73.8567,warm_humid,3.0,3.0,2.6,45.0,rammed_earth,0.45,brick,0.23,mineral_wool,0.1,south,0.9,0.9,0.35,5.8,29.843,32.157,0.9345,13.942
Pune,18.5204,73.8567,warm_humid,3.0,3.0,2.6,45.0,gi_sheet,0.002,rcc_slab,0.2,mineral_wool,0.05,north,0.6,1.5,0.45,3.5,33.007,37.463,0.3512,14.02
Pune,18.5204,73.8567,warm_humid,3.0,3.0,2.6,0.0,rammed_earth,0.45,brick,0.115,eps,0.025,north,1.5,0.9,0.55,3.5,31.876,35.033,0.3929,13.944
Pune,18.5204,73.8567,warm_humid,3.0,3.0,2.6,180.0,plywood,0.05,puf_sandwich_panel,0.075,eps,0.025,south,0.6,0.6,0.65,2.6,32.459,38.075,0.4583,14.146
Pune,18.5204,73.8567,warm_humid,3.0,3.0,2.6,0.0,brick,0.345,brick,0.23,eps,0.05,west,0.6,0.6,0.35,3.5,30.838,33.53,0.5655,13.946
Pune,18.5204,73.8567,warm_humid,3.0,3.0,2.6,135.0,concrete,0.1,concrete,0.2,mineral_wool,0.025,west,1.5,0.9,0.65,5.8,34.081,38.277,0.1548,13.972
Pune,18.5204,73.8567,warm_humid,3.0,3.0,2.6,180.0,rammed_earth,0.3,rcc_slab,0.15,eps,0.025,north,0.9,1.5,0.65,3.5,32.828,36.213,0.2798,13.952
Pune,18.5204,73.8567,warm_humid,3.0,3.0,2.6,180.0,plywood,0.03,brick,0.23,mineral_wool,0.025,north,0.9,1.2,0.45,2.6,33.626,38.661,0.3155,14.023
Pune,18.5204,73.8567,warm_humid,3.0,3.0,2.6,135.0,gi_sheet,0.002,brick,0.23,eps,0.025,south,1.2,0.9,0.45,5.8,33.975,39.922,0.3095,14.024
Pune,18.5204,73.8567,warm_humid,3.0,3.0,2.6,90.0,brick,0.115,gi_sheet,0.002,mineral_wool,0.1,north,1.5,1.5,0.45,3.5,32.733,36.049,0.3274,13.997
Pune,18.5204,73.8567,warm_humid,3.0,3.0,2.6,135.0,gi_sheet,0.002,puf_sandwich_panel,0.1,eps,0.1,south,1.2,1.2,0.85,3.5,33.22,40.577,0.4286,14.17
Pune,18.5204,73.8567,warm_humid,3.0,3.0,2.6,135.0,plywood,0.03,brick,0.115,eps,0.05,west,1.2,1.5,0.85,2.6,34.169,40.026,0.3095,14.067
Pune,18.5204,73.8567,warm_humid,3.0,3.0,2.6,135.0,rammed_earth,0.15,rcc_slab,0.15,eps,0.025,north,1.5,0.6,0.85,2.6,33.77,37.67,0.1845,13.971
Pune,18.5204,73.8567,warm_humid,3.0,3.0,2.6,180.0,plywood,0.019,puf_sandwich_panel,0.075,eps,0.05,south,1.8,0.9,0.45,5.8,32.686,39.077,0.4702,14.191
Pune,18.5204,73.8567,warm_humid,3.0,3.0,2.6,0.0,concrete,0.3,puf_sandwich_panel,0.1,none,0.0,west,1.8,1.5,0.35,3.5,34.093,38.326,0.1726,13.952
Pune,18.5204,73.8567,warm_humid,3.0,3.0,2.6,180.0,concrete,0.2,rcc_slab,0.1,none,0.0,west,1.2,1.5,0.35,5.8,36.651,43.491,0.0952,13.959
Pune,18.5204,73.8567,warm_humid,3.0,3.0,2.6,180.0,plywood,0.05,concrete,0.2,mineral_wool,0.1,north,1.2,0.9,0.55,5.8,31.954,34.958,0.4702,14.013
Pune,18.5204,73.8567,warm_humid,3.0,3.0,2.6,45.0,puf_sandwich_panel,0.05,rcc_slab,0.1,mineral_wool,0.025,west,0.6,1.5,0.75,3.5,33.328,39.036,0.369,14.078
Pune,18.5204,73.8567,warm_humid,3.0,3.0,2.6,180.0,plywood,0.05,brick,0.23,eps,0.05,east,1.8,0.6,0.85,3.5,33.355,37.979,0.2976,14.018
Pune,18.5204,73.8567,warm_humid,3.0,3.0,2.6,90.0,gi_sheet,0.002,puf_sandwich_panel,0.1,eps,0.05,east,1.5,1.5,0.55,5.8,33.348,40.957,0.4583,14.175
Pune,18.5204,73.8567,warm_humid,3.0,3.0,2.6,90.0,plywood,0.019,puf_sandwich_panel,0.075,mineral_wool,0.1,north,1.2,0.9,0.65,5.8,32.438,37.618,0.4583,14.17
Pune,18.5204,73.8567,warm_humid,3.0,3.0,2.6,135.0,rammed_earth,0.45,gi_sheet,0.002,mineral_wool,0.1,south,1.5,1.5,0.45,5.8,30.944,33.699,0.5476,13.947
Pune,18.5204,73.8567,warm_humid,3.0,3.0,2.6,0.0,concrete,0.1,brick,0.23,none,0.0,north,0.9,1.2,0.75,2.6,36.287,44.078,0.2024,13.973
Pune,18.5204,73.8567,warm_humid,3.0,3.0,2.6,45.0,brick,0.345,brick,0.23,none,0.0,south,0.9,1.2,0.75,2.6,34.601,39.042,0.2083,13.946
Pune,18.5204,73.8567,warm_humid,3.0,3.0,2.6,90.0,plywood,0.012,brick,0.115,none,0.0,west,1.2,1.5,0.75,5.8,36.944,51.297,0.381,14.077
Pune,18.5204,73.8567,warm_humid,3.0,3.0,2.6,180.0,puf_sandwich_panel,0.075,concrete,0.1,mineral_wool,0.1,west,1.2,1.5,0.85,5.8,33.425,37.861,0.3214,14.071
Pune,18.5204,73.8567,warm_humid,3.0,3.0,2.6,90.0,puf_sandwich_panel,0.05,concrete,0.1,mineral_wool,0.05,south,1.2,0.6,0.35,2.6,31.958,36.011,0.4881,14.076
Pune,18.5204,73.8567,warm_humid,3.0,3.0,2.6,0.0,gi_sheet,0.002,brick,0.23,mineral_wool,0.05,north,1.2,1.5,0.35,3.5,33.064,37.816,0.3571,14.023
Pune,18.5204,73.8567,warm_humid,3.0,3.0,2.6,45.0,gi_sheet,0.002,concrete,0.15,mineral_wool,0.1,north,1.8,1.2,0.75,3.5,33.635,38.476,0.2976,14.035
Pune,18.5204,73.8567,warm_humid,3.0,3.0,2.6,90.0,gi_sheet,0.002,concrete,0.1,eps,0.1,south,1.2,1.5,0.65,5.8,33.388,39.497,0.369,14.064
Pune,18.5204,73.8567,warm_humid,3.0,3.0,2.6,90.0,gi_sheet,0.002,rcc_slab,0.25,mineral_wool,0.1,west,1.2,0.9,0.35,2.6,31.82,34.866,0.5,14.006
Pune,18.5204,73.8567,warm_humid,3.0,3.0,2.6,180.0,gi_sheet,0.002,puf_sandwich_panel,0.05,mineral_wool,0.05,south,1.8,0.6,0.85,2.6,33.172,39.996,0.4464,14.168
Pune,18.5204,73.8567,warm_humid,3.0,3.0,2.6,0.0,plywood,0.03,concrete,0.1,none,0.0,west,1.8,0.6,0.85,3.5,37.399,51.742,0.3393,14.065
Pune,18.5204,73.8567,warm_humid,3.0,3.0,2.6,90.0,brick,0.115,concrete,0.2,eps,0.1,south,1.5,1.5,0.75,3.5,33.377,37.322,0.2262,13.974
Pune,18.5204,73.8567,warm_humid,3.0,3.0,2.6,135.0,puf_sandwich_panel,0.1,gi_sheet,0.002,none,0.0,west,0.9,1.2,0.45,3.5,36.954,52.759,0.4048,14.203
Pune,18.5204,73.8567,warm_humid,3.0,3.0,2.6,45.0,puf_sandwich_panel,0.075,concrete,0.1,eps,0.05,west,1.5,0.9,0.35,2.6,32.108,36.402,0.4524,14.078
Pune,18.5204,73.8567,warm_humid,3.0,3.0,2.6,45.0,rammed_earth,0.15,puf_sandwich_panel,0.15,none,0.0,north,0.6,1.5,0.65,3.5,34.384,39.959,0.244,13.986
Pune,18.5204,73.8567,warm_humid,3.0,3.0,2.6,45.0,rammed_earth,0.15,concrete,0.1,eps,0.1,south,1.5,1.2,0.55,5.8,32.388,35.646,0.3274,13.976
Pune,18.5204,73.8567,warm_humid,3.0,3.0,2.6,135.0,puf_sandwich_panel,0.075,puf_sandwich_panel,0.1,eps,0.025,north,0.6,1.5,0.55,3.5,31.629,36.112,0.5357,14.219
Pune,18.5204,73.8567,warm_humid,3.0,3.0,2.6,135.0,puf_sandwich_panel,0.05,puf_sandwich_panel,0.15,eps,0.025,east,0.6,1.2,0.45,3.5,31.447,36.348,0.5714,14.221
Pune,18.5204,73.8567,warm_humid,3.0,3.0,2.6,0.0,gi_sheet,0.002,brick,0.115,mineral_wool,0.05,west,0.9,1.5,0.55,5.8,33.755,40.647,0.3631,14.065
Pune,18.5204,73.8567,warm_humid,3.0,3.0,2.6,180.0,plywood,0.05,brick,0.23,mineral_wool,0.1,west,1.2,0.6,0.45,5.8,31.711,34.522,0.5119,14.015
Pune,18.5204,73.8567,warm_humid,3.0,3.0,2.6,90.0,puf_sandwich_panel,0.1,brick,0.23,mineral_wool,0.025,west,0.6,0.9,0.75,5.8,32.151,35.485,0.4464,14.029
Pune,18.5204,73.8567,warm_humid,3.0,3.0,2.6,0.0,puf_sandwich_panel,0.15,puf_sandwich_panel,0.075,eps,0.05,south,1.5,0.9,0.45,5.8,31.407,35.757,0.5655,14.207
Pune,18.5204,73.8567,warm_humid,3.0,3.0,2.6,135.0,plywood,0.012,puf_sandwich_panel,0.1,eps,0.025,north,1.8,1.5,0.55,3.5,34.403,43.401,0.4107,14.206
Pune,18.5204,73.8567,warm_humid,3.0,3.0,2.6,90.0,rammed_earth,0.45,rcc_slab,0.25,mineral_wool,0.1,west,1.8,1.5,0.85,2.6,31.352,34.291,0.4881,13.943
Pune,18.5204,73.8567,warm_humid,3.0,3.0,2.6,135.0,puf_sandwich_panel,0.1,concrete,0.2,eps,0.1,north,1.8,0.9,0.75,3.5,32.607,35.875,0.3571,14.026
Pune,18.5204,73.8567,warm_humid,3.0,3.0,2.6,0.0,rammed_earth,0.15,concrete,0.2,mineral_wool,0.1,south,0.9,1.5,0.55,3.5,31.739,34.476,0.4286,13.967
Pune,18.5204,73.8567,warm_humid,3.0,3.0,2.6,90.0,brick,0.115,rcc_slab,0.2,eps,0.05,north,1.2,0.9,0.65,5.8,32.899,36.184,0.2619,13.973
Pune,18.5204,73.8567,warm_humid,3.0,3.0,2.6,180.0,concrete,0.2,concrete,0.1,none,0.0,north,0.6,1.5,0.35,3.5,36.564,43.257,0.0952,13.958
Pune,18.5204,73.8567,warm_humid,3.0,3.0,2.6,135.0,puf_sandwich_panel,0.1,puf_sandwich_panel,0.15,mineral_wool,0.05,west,1.8,1.5,0.85,2.6,33.806,40.481,0.3929,14.202
Pune,18.5204,73.8567,warm_humid,3.0,3.0,2.6,45.0,concrete,0.1,puf_sandwich_panel,0.05,eps,0.1,east,0.9,0.9,0.85,3.5,32.266,35.308,0.3988,13.995
Pune,18.5204,73.8567,warm_humid,3.0,3.0,2.6,180.0,brick,0.115,concrete,0.15,none,0.0,west,0.6,0.9,0.85,3.5,36.963,45.128,0.1429,13.977
Pune,18.5204,73.8567,warm_humid,3.0,3.0,2.6,180.0,plywood,0.019,rcc_slab,0.15,mineral_wool,0.05,north,0.9,0.6,0.75,2.6,32.945,37.377,0.369,14.041
Pune,18.5204,73.8567,warm_humid,3.0,3.0,2.6,0.0,rammed_earth,0.45,brick,0.115,eps,0.05,south,1.5,0.9,0.75,3.5,31.435,34.395,0.4524,13.944
Pune,18.5204,73.8567,warm_humid,3.0,3.0,2.6,45.0,concrete,0.1,gi_sheet,0.002,eps,0.025,west,0.9,1.2,0.55,2.6,34.098,39.212,0.2262,13.995
Pune,18.5204,73.8567,warm_humid,3.0,3.0,2.6,135.0,plywood,0.03,brick,0.23,eps,0.025,south,1.5,0.6,0.45,2.6,33.616,38.811,0.3214,14.024
Pune,18.5204,73.8567,warm_humid,3.0,3.0,2.6,90.0,puf_sandwich_panel,0.1,puf_sandwich_panel,0.1,eps,0.1,north,0.6,1.2,0.55,2.6,31.102,34.671,0.5893,14.207
Pune,18.5204,73.8567,warm_humid,3.0,3.0,2.6,0.0,brick,0.115,rcc_slab,0.25,eps,0.025,east,1.5,1.5,0.55,2.6,34.344,38.602,0.1548,13.97
Pune,18.5204,73.8567,warm_humid,3.0,3.0,2.6,90.0,plywood,0.03,gi_sheet,0.002,eps,0.05,west,1.8,0.9,0.65,2.6,33.284,40.305,0.4345,14.163
Pune,18.5204,73.8567,warm_humid,3.0,3.0,2.6,180.0,rammed_earth,0.15,concrete,0.15,mineral_wool,0.1,east,1.5,0.6,0.45,3.5,31.515,34.194,0.506,13.97
Pune,18.5204,73.8567,warm_humid,3.0,3.0,2.6,180.0,rammed_earth,0.15,brick,0.23,none,0.0,west,0.6,1.2,0.45,5.8,35.323,41.029,0.1488,13.968
Pune,18.5204,73.8567,warm_humid,3.0,3.0,2.6,90.0,gi_sheet,0.002,puf_sandwich_panel,0.05,mineral_wool,0.025,east,1.8,1.5,0.65,5.8,34.372,44.107,0.4286,14.175
Pune,18.5204,73.8567,warm_humid,3.0,3.0,2.6,90.0,rammed_earth,0.3,concrete,0.1,mineral_wool,0.1,west,1.5,0.9,0.65,5.8,31.005,33.531,0.5893,13.953
Pune,18.5204,73.8567,warm_humid,3.0,3.0,2.6,180.0,puf_sandwich_panel,0.05,concrete,0.1,eps,0.05,west,1.5,0.6,0.55,3.5,32.378,36.474,0.4167,14.079
Pune,18.5204,73.8567,warm_humid,3.0,3.0,2.6,90.0,brick,0.345,puf_sandwich_panel,0.1,eps,0.025,west,1.8,0.6,0.35,2.6,31.258,33.943,0.4881,13.951
Pune,18.5204,73.8567,warm_humid,3.0,3.0,2.6,45.0,gi_sheet,0.002,rcc_slab,0.15,mineral_wool,0.025,east,1.8,1.5,0.75,5.8,35.569,43.322,0.2976,14.039
Pune,18.5204,73.8567,warm_humid,3.0,3.0,2.6,135.0,brick,0.23,rcc_slab,0.15,mineral_wool,0.05,north,0.6,0.6,0.75,5.8,31.795,34.661,0.3988,13.956
Pune,18.5204,73.8567,warm_humid,3.0,3.0,2.6,90.0,rammed_earth,0.3,brick,0.23,mineral_wool,0.025,north,0.6,1.5,0.35,5.8,32.12,35.222,0.369,13.951
Pune,18.5204,73.8567,warm_humid,3.0,3.0,2.6,0.0,brick,0.23,concrete,0.15,none,0.0,south,1.2,0.9,0.35,5.8,36.041,41.644,0.1012,13.957
Pune,18.5204,73.8567,warm_humid,3.0,3.0,2.6,90.0,rammed_earth,0.15,gi_sheet,0.002,mineral_wool,0.025,south,0.9,1.2,0.35,5.8,33.37,37.523,0.2381,13.986
Pune,18.5204,73.8567,warm_humid,3.0,3.0,2.6,45.0,rammed_earth,0.45,brick,0.115,mineral_wool,0.05,east,0.6,1.2,0.85,2.6,31.108,33.941,0.5238,13.944
Pune,18.5204,73.8567,warm_humid,3.0,3.0,2.6,135.0,concrete,0.15,puf_sandwich_panel,0.15,mineral_wool,0.05,north,0.6,1.2,0.85,2.6,32.269,35.18,0.3274,13.974
Pune,18.5204,73.8567,warm_humid,3.0,3.0,2.6,135.0,rammed_earth,0.45,rcc_slab,0.25,mineral_wool,0.1,west,0.9,0.9,0.75,5.8,30.047,32.439,0.8631,13.941
Pune,18.5204,73.8567,warm_humid,3.0,3.0,2.6,180.0,gi_sheet,0.002,gi_sheet,0.002,mineral_wool,0.025,north,0.9,1.2,0.85,5.8,34.653,44.588,0.4226,14.162
Pune,18.5204,73.8567,warm_humid,3.0,3.0,2.6,180.0,plywood,0.012,brick,0.115,mineral_wool,0.025,east,0.9,0.9,0.65,5.8,34.393,42.061,0.3452,14.076
Pune,18.5204,73.8567,warm_humid,3.0,3.0,2.6,45.0,rammed_earth,0.15,rcc_slab,0.1,mineral_wool,0.025,north,1.8,0.6,0.35,5.8,33.387,37.261,0.2143,13.975
Pune,18.5204,73.8567,warm_humid,3.0,3.0,2.6,90.0,plywood,0.03,brick,0.23,none,0.0,north,1.5,0.9,0.35,5.8,35.686,44.542,0.3036,14.024
Pune,18.5204,73.8567,warm_humid,3.0,3.0,2.6,180.0,brick,0.115,gi_sheet,0.002,mineral_wool,0.1,south,1.8,1.5,0.35,2.6,32.303,35.54,0.4167,13.998
Pune,18.5204,73.8567,warm_humid,3.0,3.0,2.6,135.0,puf_sandwich_panel,0.15,concrete,0.15,none,0.0,north,0.6,1.5,0.85,5.8,36.526,45.196,0.2202,14.047
Pune,18.5204,73.8567,warm_humid,3.0,3.0,2.6,180.0,puf_sandwich_panel,0.1,gi_sheet,0.002,mineral_wool,0.1,north,1.5,0.6,0.35,5.8,31.21,35.122,0.5893,14.178
Pune,18.5204,73.8567,warm_humid,3.0,3.0,2.6,90.0,brick,0.345,puf_sandwich_panel,0.1,mineral_wool,0.05,south,0.9,0.6,0.35,5.8,30.549,32.973,0.7083,13.95
Pune,18.5204,73.8567,warm_humid,3.0,3.0,2.6,180.0,rammed_earth,0.45,brick,0.115,eps,0.05,east,1.5,1.5,0.55,5.8,31.945,35.275,0.3929,13.945
Pune,18.5204,73.8567,warm_humid,3.0,3.0,2.6,0.0,gi_sheet,0.002,rcc_slab,0.1,eps,0.1,south,0.9,1.5,0.65,2.6,32.988,38.151,0.3869,14.064
Pune,18.5204,73.8567,warm_humid,3.0,3.0,2.6,90.0,puf_sandwich_panel,0.075,brick,0.23,mineral_wool,0.1,east,0.9,1.5,0.75,5.8,32.055,35.164,0.4524,14.027
Pune,18.5204,73.8567,warm_humid,3.0,3.0,2.6,45.0,rammed_earth,0.45,brick,0.23,eps,0.1,south,0.9,1.2,0.35,5.8,30.006,32.397,0.8929,13.943
Pune,18.5204,73.8567,warm_humid,3.0,3.0,2.6,135.0,plywood,0.019,puf_sandwich_panel,0.1,eps,0.025,north,1.5,0.6,0.85,3.5,33.676,41.452,0.4286,14.192
Pune,18.5204,73.8567,warm_humid,3.0,3.0,2.6,90.0,puf_sandwich_panel,0.075,rcc_slab,0.2,eps,0.1,south,1.5,0.6,0.75,2.6,31.791,35.036,0.5179,14.027
Pune,18.5204,73.8567,warm_humid,3.0,3.0,2.6,180.0,gi_sheet,0.002,puf_sandwich_panel,0.075,eps,0.05,east,0.9,0.9,0.75,3.5,33.19,40.633,0.4405,14.174
Pune,18.5204,73.8567,warm_humid,3.0,3.0,2.6,45.0,plywood,0.012,gi_sheet,0.002,eps,0.05,east,0.6,1.2,0.75,5.8,33.454,41.081,0.4464,14.19
Pune,18.5204,73.8567,warm_humid,3.0,3.0,2.6,135.0,plywood,0.03,brick,0.23,none,0.0,north,1.5,1.2,0.75,2.6,36.414,45.945,0.2798,14.024
Pune,18.5204,73.8567,warm_humid,3.0,3.0,2.6,135.0,rammed_earth,0.45,puf_sandwich_panel,0.075,mineral_wool,0.025,east,1.2,1.5,0.75,5.8,31.969,35.223,0.3869,13.946
Pune,18.5204,73.8567,warm_humid,3.0,3.0,2.6,180.0,concrete,0.1,puf_sandwich_panel,0.15,mineral_wool,0.025,west,1.8,0.6,0.45,5.8,33.161,37.069,0.2917,13.995
Pune,18.5204,73.8567,warm_humid,3.0,3.0,2.6,90.0,gi_sheet,0.002,puf_sandwich_panel,0.05,mineral_wool,0.1,east,1.5,1.2,0.35,5.8,32.313,38.023,0.4881,14.158
Pune,18.5204,73.8567,warm_humid,3.0,3.0,2.6,0.0,plywood,0.019,brick,0.115,none,0.0,north,0.9,1.5,0.75,5.8,36.771,50.18,0.369,14.073
Pune,18.5204,73.8567,warm_humid,3.0,3.0,2.6,45.0,brick,0.115,puf_sandwich_panel,0.15,eps,0.1,north,0.6,0.9,0.55,2.6,31.412,33.991,0.5714,13.996
Pune,18.5204,73.8567,warm_humid,3.0,3.0,2.6,90.0,puf_sandwich_panel,0.15,concrete,0.1,none,0.0,south,0.9,1.5,0.35,2.6,36.638,47.602,0.3036,14.076
Pune,18.5204,73.8567,warm_humid,3.0,3.0,2.6,0.0,plywood,0.012,rcc_slab,0.2,mineral_wool,0.025,east,1.8,0.9,0.45,5.8,34.289,40.265,0.2798,14.025
Pune,18.5204,73.8567,warm_humid,3.0,3.0,2.6,180.0,puf_sandwich_panel,0.1,brick,0.23,eps,0.025,north,1.8,1.2,0.85,3.5,34.019,38.778,0.25,14.03
Pune,18.5204,73.8567,warm_humid,3.0,3.0,2.6,0.0,gi_sheet,0.002,concrete,0.1,mineral_wool,0.025,east,1.8,1.5,0.75,2.6,35.75,44.633,0.3036,14.065
Pune,18.5204,73.8567,warm_humid,3.0,3.0,2.6,135.0,rammed_earth,0.15,rcc_slab,0.25,eps,0.025,north,1.8,0.9,0.35,5.8,33.28,36.898,0.25,13.965
Pune,18.5204,73.8567,warm_humid,3.0,3.0,2.6,180.0,rammed_earth,0.15,gi_sheet,0.002,eps,0.1,west,1.2,1.2,0.35,5.8,31.863,34.59,0.4464,13.986
Pune,18.5204,73.8567,warm_humid,3.0,3.0,2.6,135.0,concrete,0.3,gi_sheet,0.002,mineral_wool,0.025,east,0.9,0.9,0.75,2.6,32.922,36.485,0.2857,13.95
Pune,18.5204,73.8567,warm_humid,3.0,3.0,2.6,180.0,brick,0.115,puf_sandwich_panel,0.075,eps,0.1,west,0.6,1.5,0.35,2.6,31.641,34.261,0.5119,13.997
Pune,18.5204,73.8567,warm_humid,3.0,3.0,2.6,135.0,rammed_earth,0.3,brick,0.23,none,0.0,north,1.8,0.6,0.65,5.8,34.649,39.04,0.1607,13.951
Pune,18.5204,73.8567,warm_humid,3.0,3.0,2.6,0.0,plywood,0.019,gi_sheet,0.002,mineral_wool,0.025,south,0.9,1.5,0.65,3.5,34.462,44.335,0.4226,14.177
Pune,18.5204,73.8567,warm_humid,3.0,3.0,2.6,135.0,puf_sandwich_panel,0.075,rcc_slab,0.25,mineral_wool,0.025,north,1.5,0.6,0.35,3.5,32.361,35.721,0.3869,14.012
Pune,18.5204,73.8567,warm_humid,3.0,3.0,2.6,135.0,puf_sandwich_panel,0.05,concrete,0.2,mineral_wool,0.025,north,1.8,1.5,0.85,5.8,35.197,40.713,0.1845,14.027
Pune,18.5204,73.8567,warm_humid,3.0,3.0,2.6,135.0,gi_sheet,0.002,gi_sheet,0.002,mineral_wool,0.025,south,1.5,0.9,0.35,3.5,34.232,43.967,0.4286,14.162
Pune,18.5204,73.8567,warm_humid,3.0,3.0,2.6,180.0,concrete,0.2,brick,0.23,eps,0.025,south,0.6,1.2,0.75,3.5,32.958,36.379,0.2738,13.954
Pune,18.5204,73.8567,warm_humid,3.0,3.0,2.6,45.0,rammed_earth,0.15,puf_sandwich_panel,0.075,mineral_wool,0.1,east,0.9,0.6,0.45,3.5,31.127,33.509,0.6369,13.984
Pune,18.5204,73.8567,warm_humid,3.0,3.0,2.6,90.0,puf_sandwich_panel,0.075,rcc_slab,0.1,eps,0.05,west,1.2,1.2,0.75,2.6,32.555,36.883,0.4167,14.078
Pune,18.5204,73.8567,warm_humid,3.0,3.0,2.6,180.0,gi_sheet,0.002,brick,0.115,mineral_wool,0.05,south,1.5,0.9,0.35,2.6,33.173,38.605,0.3869,14.065
Pune,18.5204,73.8567,warm_humid,3.0,3.0,2.6,135.0,puf_sandwich_panel,0.05,rcc_slab,0.1,mineral_wool,0.025,north,1.5,0.6,0.85,5.8,33.591,39.02,0.3512,14.078
